證券代號,證券名稱,外陸資買進股數(不含外資自營商),外陸資賣出股數(不含外資自營商),外陸資買賣超股數(不含外資自營商),外資自營商買進股數,外資自營商賣出股數,外資自營商買賣超股數,投信買進股數,投信賣出股數,投信買賣超股數,自營商買賣超股數,自營商買進股數(自行買賣),自營商賣出股數(自行買賣),自營商買賣超股數(自行買賣),自營商買進股數(避險),自營商賣出股數(避險),自營商買賣超股數(避險),三大法人買賣超股數
00411A,主動統一前沿科技,"12,000","951,000","-939,000",0.0,0.0,0.0,0,0,0,"-530,117",0,0,0,"1,932,722","2,462,839","-530,117","-1,469,117"
00679B,元大美債20年,"3,780,000","2,410,000","1,370,000",0.0,0.0,0.0,0,0,0,"-963,299",0,0,0,"4,774,000","5,737,299","-963,299","406,701"
00687B,國泰20年美債,"3,372,178","116,000","3,256,178",0.0,0.0,0.0,0,"50,000","-50,000","-1,648,537",0,0,0,"4,075,228","5,723,765","-1,648,537","1,557,641"
00687C,國泰20年美債+櫃U,0,0,0,0.0,0.0,0.0,0,0,0,0,0,0,0,"25,000","25,000",0,0
00694B,富邦美債1-3,"82,000",0,"82,000",0.0,0.0,0.0,0,0,0,"-79,523",0,0,0,"182,000","261,523","-79,523","2,477"
00695B,富邦美債7-10,"40,000",0,"40,000",0.0,0.0,0.0,0,0,0,"4,759",0,0,0,"313,189","308,430","4,759","44,759"
00696B,富邦美債20年,"2,082,000","56,000","2,026,000",0.0,0.0,0.0,0,0,0,"-1,848,144",0,0,0,"861,023","2,709,167","-1,848,144","177,856"
00697B,元大美債7-10,"1,000","1,000",0,0.0,0.0,0.0,0,0,0,"-88,858",0,0,0,"177,000","265,858","-88,858","-88,858"
00719B,元大美債1-3,"162,000","21,000","141,000",0.0,0.0,0.0,0,0,0,"-351,448",0,"10,000","-10,000","148,000","489,448","-341,448","-210,448"
00720B,元大投資級公司債,"697,000","91,000","606,000",0.0,0.0,0.0,0,0,0,"1,064,722",0,0,0,"1,357,145","292,423","1,064,722","1,670,722"
00722B,群益投資級電信債,"174,000","1,000","173,000",0.0,0.0,0.0,0,0,0,"-208,572",0,0,0,"2,102,725","2,311,297","-208,572","-35,572"
00723B,群益投資級科技債,0,0,0,0.0,0.0,0.0,0,0,0,"-2,972",0,0,0,"100,028","103,000","-2,972","-2,972"
00724B,群益投資級金融債,"164,000","48,000","116,000",0.0,0.0,0.0,0,0,0,"-25,469",0,0,0,"3,675,501","3,700,970","-25,469","90,531"
00725B,國泰投資級公司債,"485,000","173,000","312,000",0.0,0.0,0.0,0,0,0,"102,546",0,0,0,"394,000","291,454","102,546","414,546"
00726B,國泰新興投等債,"229,000",0,"229,000",0.0,0.0,0.0,0,0,0,"-198,879",0,0,0,"241,000","439,879","-198,879","30,121"
00727B,國泰優選非投等債,0,0,0,0.0,0.0,0.0,0,0,0,"6,000",0,0,0,"107,000","101,000","6,000","6,000"
00734B,台新JPM新興債,"3,000",0,"3,000",0.0,0.0,0.0,0,0,0,0,0,0,0,"100,000","100,000",0,"3,000"
00740B,富邦全球投等債,"31,000","54,000","-23,000",0.0,0.0,0.0,"1,026,000",0,"1,026,000","-1,004,393",0,0,0,"72,000","1,076,393","-1,004,393","-1,393"
00741B,富邦全球非投等債,"13,000","3,000","10,000",0.0,0.0,0.0,0,0,0,"-8,450",0,0,0,"102,550","111,000","-8,450","1,550"
00746B,富邦A級公司債,"5,000",0,"5,000",0.0,0.0,0.0,0,0,0,"-9,431",0,0,0,"475,095","484,526","-9,431","-4,431"
00749B,凱基新興債10+,"1,000","1,000",0,0.0,0.0,0.0,0,0,0,0,0,0,0,"100,000","100,000",0,0
00750B,凱基科技債10+,"2,000",0,"2,000",0.0,0.0,0.0,0,0,0,"-3,000",0,0,0,"100,000","103,000","-3,000","-1,000"
00751B,元大AAA至A公司債,"493,000","99,000","394,000",0.0,0.0,0.0,0,0,0,"-367,948",0,0,0,"441,000","808,948","-367,948","26,052"
00754B,群益AAA-AA公司債,0,"1,000","-1,000",0.0,0.0,0.0,0,0,0,"2,000",0,0,0,"103,073","101,073","2,000","1,000"
00755B,群益投資級公用債,0,0,0,0.0,0.0,0.0,0,0,0,"15,500",0,0,0,"116,500","101,000","15,500","15,500"
00756B,群益投等新興公債,"22,000","10,000","12,000",0.0,0.0,0.0,0,0,0,"-19,536",0,0,0,"101,011","120,547","-19,536","-7,536"
00758B,復華能源債,0,0,0,0.0,0.0,0.0,0,0,0,-313,0,0,0,"102,999","103,312",-313,-313
00759B,復華製藥債,0,0,0,0.0,0.0,0.0,0,0,0,"1,000",0,0,0,"102,000","101,000","1,000","1,000"
00760B,復華新興企業債,0,0,0,0.0,0.0,0.0,0,0,0,"4,527",0,0,0,"105,148","100,621","4,527","4,527"
00761B,國泰A級公司債,"72,000",0,"72,000",0.0,0.0,0.0,0,0,0,"99,371",0,0,0,"220,624","121,253","99,371","171,371"
00764B,群益25年美債,"6,000","1,000","5,000",0.0,0.0,0.0,0,0,0,"36,385",0,0,0,"4,220,501","4,184,116","36,385","41,385"
00768B,復華20年美債,"74,000","2,000","72,000",0.0,0.0,0.0,0,0,0,"-64,913",0,0,0,"373,498","438,411","-64,913","7,087"
00772B,中信高評級公司債,"191,000","50,000","141,000",0.0,0.0,0.0,0,0,0,"249,728",0,0,0,"485,998","236,270","249,728","390,728"
00773B,中信優先金融債,"165,000",0,"165,000",0.0,0.0,0.0,0,0,0,"-175,786",0,0,0,"1,511,000","1,686,786","-175,786","-10,786"
00777B,凱基AAA至A公司債,"10,000","5,000","5,000",0.0,0.0,0.0,0,0,0,"-10,000",0,0,0,"100,000","110,000","-10,000","-5,000"
00778B,凱基金融債20+,"1,000","1,000",0,0.0,0.0,0.0,0,0,0,0,0,0,0,"100,000","100,000",0,0
00779B,凱基美債25+,"5,000",0,"5,000",0.0,0.0,0.0,0,0,0,"-5,000",0,0,0,"300,000","305,000","-5,000",0
00780B,國泰A級金融債,0,0,0,0.0,0.0,0.0,0,0,0,"-2,000",0,0,0,"101,000","103,000","-2,000","-2,000"
00781B,國泰A級科技債,0,0,0,0.0,0.0,0.0,0,0,0,"-14,224",0,0,0,"102,000","116,224","-14,224","-14,224"
00782B,國泰A級公用債,0,"3,000","-3,000",0.0,0.0,0.0,0,0,0,"-4,600",0,0,0,"100,400","105,000","-4,600","-7,600"
00785B,富邦金融投等債,"1,000","1,000",0,0.0,0.0,0.0,0,0,0,0,0,0,0,"50,000","50,000",0,0
00786B,元大10年IG銀行債,0,"16,000","-16,000",0.0,0.0,0.0,0,0,0,"21,988",0,0,0,"23,000","1,012","21,988","5,988"
00787B,元大10年IG醫療債,0,0,0,0.0,0.0,0.0,0,0,0,-740,0,0,0,260,"1,000",-740,-740
00788B,元大10年IG電能債,"11,000",0,"11,000",0.0,0.0,0.0,0,0,0,"20,000",0,0,0,"20,000",0,"20,000","31,000"
00789B,復華公司債A3,"1,000","1,000",0,0.0,0.0,0.0,0,0,0,-95,0,0,0,"106,998","107,093",-95,-95
00791B,復華信用債1-5,"10,000","7,000","3,000",0.0,0.0,0.0,0,0,0,"-4,992",0,0,0,"116,008","121,000","-4,992","-1,992"
00792B,群益A級公司債,0,0,0,0.0,0.0,0.0,0,0,0,"-39,500",0,0,0,"101,604","141,104","-39,500","-39,500"
00793B,群益AAA-A醫療債,"2,000",0,"2,000",0.0,0.0,0.0,0,0,0,"57,979",0,0,0,"108,000","50,021","57,979","59,979"
00795B,中信美國公債20年,"1,416,000","322,000","1,094,000",0.0,0.0,0.0,0,0,0,"-2,190,284",0,0,0,"982,000","3,172,284","-2,190,284","-1,096,284"
00799B,國泰A級醫療債,"10,000",0,"10,000",0.0,0.0,0.0,0,0,0,"-4,173",0,0,0,"114,000","118,173","-4,173","5,827"
00834B,第一金金融債10+,0,0,0,0.0,0.0,0.0,0,0,0,0,0,0,0,"100,000","100,000",0,0
00836B,永豐10年A公司債,"91,000",0,"91,000",0.0,0.0,0.0,0,0,0,"-21,000",0,0,0,"15,000","36,000","-21,000","70,000"
00840B,凱基IG精選15+,0,0,0,0.0,0.0,0.0,0,0,0,0,0,0,0,"100,000","100,000",0,0
00841B,凱基AAA-AA公司債,0,0,0,0.0,0.0,0.0,0,0,0,0,0,0,0,"100,000","100,000",0,0
00842B,台新美元銀行債,"3,000",0,"3,000",0.0,0.0,0.0,0,0,0,"-88,046",0,0,0,"100,000","188,046","-88,046","-85,046"
00844B,台新15年IG金融債,0,0,0,0.0,0.0,0.0,0,0,0,"-1,000",0,0,0,"80,000","81,000","-1,000","-1,000"
00845B,富邦新興投等債,"11,000",0,"11,000",0.0,0.0,0.0,0,0,0,"-1,030",0,0,0,"101,000","102,030","-1,030","9,970"
00846B,富邦歐洲銀行債,0,0,0,0.0,0.0,0.0,0,0,0,871,0,0,0,"101,000","100,129",871,871
00847B,中信美國市政債,"12,000",0,"12,000",0.0,0.0,0.0,0,0,0,"16,022",0,0,0,"316,022","300,000","16,022","28,022"
00848B,中信新興亞洲債,"21,000",0,"21,000",0.0,0.0,0.0,0,0,0,"-19,001",0,0,0,"301,000","320,001","-19,001","1,999"
00849B,中信EM主權債0-5,"4,000",0,"4,000",0.0,0.0,0.0,0,0,0,"-4,482",0,0,0,"301,281","305,763","-4,482",-482
00853B,統一美債10年Aa-A,"21,000","16,000","5,000",0.0,0.0,0.0,0,0,0,"-4,709",0,0,0,"1,069,000","1,073,709","-4,709",291
00856B,永豐1-3年美公債,0,0,0,0.0,0.0,0.0,0,0,0,"1,000",0,0,0,"1,000",0,"1,000","1,000"
00857B,永豐20年美公債,"656,000",0,"656,000",0.0,0.0,0.0,0,0,0,"-222,355",0,0,0,"1,475,324","1,697,679","-222,355","433,645"
00858,永豐美國500大,"23,000","2,000","21,000",0.0,0.0,0.0,0,0,0,"193,112",0,0,0,"202,417","9,305","193,112","214,112"
00859B,群益0-1年美債,"203,000","11,000","192,000",0.0,0.0,0.0,0,0,0,"-405,500",0,0,0,"2,655,500","3,061,000","-405,500","-213,500"
00860B,群益1-5Y投資級債,0,0,0,0.0,0.0,0.0,0,0,0,8,0,0,0,"100,008","100,000",8,8
00862B,中信投資級公司債,"6,000","25,000","-19,000",0.0,0.0,0.0,0,0,0,"74,934",0,0,0,"377,436","302,502","74,934","55,934"
00863B,中信全球電信債,0,0,0,0.0,0.0,0.0,0,0,0,"-8,000",0,0,0,"300,000","308,000","-8,000","-8,000"
00864B,中信美國公債0-1,"272,000","10,000","262,000",0.0,0.0,0.0,0,0,0,"-450,974",0,0,0,"377,024","827,998","-450,974","-188,974"
00867B,台新A-BBB電信債,"3,000",0,"3,000",0.0,0.0,0.0,0,0,0,"-3,105",0,0,0,0,"3,105","-3,105",-105
00870B,元大15年EM主權債,"20,000",0,"20,000",0.0,0.0,0.0,0,0,0,"-24,000",0,0,0,0,"24,000","-24,000","-4,000"
00877,復華中國5G,"350,000","144,000","206,000",0.0,0.0,0.0,0,0,0,"199,497","8,000",0,"8,000","835,612","644,115","191,497","405,497"
00884B,中信低碳新興債,0,0,0,0.0,0.0,0.0,0,0,0,-96,0,0,0,"355,026","355,122",-96,-96
00886,永豐美國科技,0,0,0,0.0,0.0,0.0,0,0,0,"4,410",0,0,0,"27,410","23,000","4,410","4,410"
00887,永豐中國科技50大,"1,170,000","226,000","944,000",0.0,0.0,0.0,0,0,0,"716,525",0,0,0,"967,442","250,917","716,525","1,660,525"
00888,永豐台灣ESG,"240,158","1,727,000","-1,486,842",0.0,0.0,0.0,0,0,0,"252,468",0,0,0,"791,000","538,532","252,468","-1,234,374"
00890B,凱基ESG BBB債15+,"1,000",0,"1,000",0.0,0.0,0.0,0,0,0,0,0,0,0,"100,000","100,000",0,"1,000"
00928,中信上櫃ESG 30,0,"20,000","-20,000",0.0,0.0,0.0,0,0,0,"29,620",0,0,0,"84,000","54,380","29,620","9,620"
00931B,統一美債20年,"1,115,000","1,000","1,114,000",0.0,0.0,0.0,0,0,0,"-802,937",0,0,0,"2,015,063","2,818,000","-802,937","311,063"
00933B,國泰10Y+金融債,"471,000","94,000","377,000",0.0,0.0,0.0,0,0,0,"-1,097,047",0,0,0,"1,048,000","2,145,047","-1,097,047","-720,047"
00937B,群益ESG投等債20+,"3,930,000","467,000","3,463,000",0.0,0.0,0.0,0,0,0,"3,441,810",0,"50,000","-50,000","10,719,500","7,227,690","3,491,810","6,904,810"
00942B,台新美A公司債20+,"303,000",0,"303,000",0.0,0.0,0.0,0,0,0,"229,788",0,0,0,"1,149,020","919,232","229,788","532,788"
00948B,中信優息投資級債,"112,000",0,"112,000",0.0,0.0,0.0,0,0,0,"540,916",0,0,0,"1,642,000","1,101,084","540,916","652,916"
00950B,凱基A級公司債,"540,000",0,"540,000",0.0,0.0,0.0,0,0,0,"-106,540",0,0,0,"412,000","518,540","-106,540","433,460"
00955,中信日本商社,"54,782","451,000","-396,218",0.0,0.0,0.0,0,0,0,"-3,096,708",0,"4,000","-4,000","470,000","3,562,708","-3,092,708","-3,492,926"
00957B,兆豐US優選投等債,"4,000","1,000","3,000",0.0,0.0,0.0,0,0,0,"103,861",0,0,0,"110,000","6,139","103,861","106,861"
00958B,永豐ESG銀行債15+,0,0,0,0.0,0.0,0.0,0,0,0,"485,022",0,0,0,"548,291","63,269","485,022","485,022"
00959B,大華投等美債15Y+,"8,000",0,"8,000",0.0,0.0,0.0,0,0,0,"262,275",0,0,0,"264,275","2,000","262,275","270,275"
00966B,統一ESG投等債15+,0,0,0,0.0,0.0,0.0,0,0,0,"62,390",0,0,0,"268,451","206,061","62,390","62,390"
00967B,元大優息美債,0,"4,000","-4,000",0.0,0.0,0.0,0,0,0,"-45,958",0,0,0,"324,000","369,958","-45,958","-49,958"
00968B,元大優息投等債,"69,000","37,000","32,000",0.0,0.0,0.0,0,0,0,"-49,934",0,0,0,"65,000","114,934","-49,934","-17,934"
00969B,元大零息超長美債,"83,000","84,000","-1,000",0.0,0.0,0.0,0,0,0,"807,073",0,0,0,"1,179,002","371,929","807,073","806,073"
00970B,台新BBB投等債20+,"30,000",0,"30,000",0.0,0.0,0.0,0,0,0,"-543,951",0,0,0,"171,000","714,951","-543,951","-513,951"
00980B,台新特選IG債10+,0,0,0,0.0,0.0,0.0,0,0,0,"45,017",0,0,0,"666,173","621,156","45,017","45,017"
00980D,主動聯博投等入息,"143,000",0,"143,000",0.0,0.0,0.0,0,0,0,"-368,750",0,0,0,"162,000","530,750","-368,750","-225,750"
00980T,平衡凱基美國TOP,0,0,0,0.0,0.0,0.0,0,0,0,"9,855",0,0,0,"213,000","203,145","9,855","9,855"
00981B,第一金優選非投債,"902,000",0,"902,000",0.0,0.0,0.0,0,0,0,"-2,361,991",0,0,0,"480,000","2,841,991","-2,361,991","-1,459,991"
00981D,主動中信非投等債,"622,000",0,"622,000",0.0,0.0,0.0,0,0,0,"-302,714",0,0,0,"144,000","446,714","-302,714","319,286"
00982B,FT投資級債20+,0,0,0,0.0,0.0,0.0,0,0,0,"21,000",0,0,0,"23,000","2,000","21,000","21,000"
00983B,大華優利美公債20,0,0,0,0.0,0.0,0.0,0,0,0,"4,934",0,0,0,"433,000","428,066","4,934","4,934"
00984B,大華優利美A債15,"25,000",0,"25,000",0.0,0.0,0.0,0,0,0,"352,795",0,0,0,"1,046,101","693,306","352,795","377,795"
00985D,主動貝萊德優投等,"323,000","271,000","52,000",0.0,0.0,0.0,0,0,0,"-398,029",0,0,0,"814,000","1,212,029","-398,029","-346,029"
00986B,FT金融債10+,0,0,0,0.0,0.0,0.0,0,0,0,"14,000",0,0,0,"25,000","11,000","14,000","14,000"
00986D,主動復華金融債息,"2,000",0,"2,000",0.0,0.0,0.0,0,0,0,"35,000",0,0,0,"915,000","880,000","35,000","37,000"
00987B,野村10+澳洲公債,0,"8,000","-8,000",0.0,0.0,0.0,0,0,0,"-259,156",0,0,0,"859,000","1,118,156","-259,156","-267,156"
00987D,主動統一美債量化,0,0,0,0.0,0.0,0.0,0,0,0,"43,818",0,0,0,"2,600,000","2,556,182","43,818","43,818"
00988B,玉山嚴選非投債,"339,000",0,"339,000",0.0,0.0,0.0,0,0,0,"350,193",0,0,0,"733,000","382,807","350,193","689,193"
00989B,台新美國非投等債,0,0,0,0.0,0.0,0.0,0,0,0,"-2,130,220",0,0,0,"578,000","2,708,220","-2,130,220","-2,130,220"
00990B,國泰收益非投等債,0,0,0,0.0,0.0,0.0,0,0,0,"-145,000",0,0,0,"1,234,000","1,379,000","-145,000","-145,000"
00998A,主動復華金融股息,"2,000","146,000","-144,000",0.0,0.0,0.0,0,0,0,"-11,116,628",0,0,0,"240,000","11,356,628","-11,116,628","-11,260,628"
1240,茂生農經,0,"1,000","-1,000",0.0,0.0,0.0,0,0,0,0,0,0,0,0,0,0,"-1,000"
1264,德麥,"2,000","17,000","-15,000",0.0,0.0,0.0,0,0,0,16,0,0,0,"6,000","5,984",16,"-14,984"
1268,漢來美食,0,"2,005","-2,005",0.0,0.0,0.0,0,0,0,0,0,0,0,0,0,0,"-2,005"
1294,漢田生技,0,0,0,0.0,0.0,0.0,0,0,0,-2,0,0,0,0,2,-2,-2
1336,台翰,"3,495","82,003","-78,508",0.0,0.0,0.0,0,0,0,-39,0,0,0,"2,000","2,039",-39,"-78,547"
1565,精華,"71,000","17,000","54,000",0.0,0.0,0.0,0,0,0,"-2,095",0,"2,000","-2,000",101,196,-95,"51,905"
1569,濱川,"266,000","154,000","112,000",0.0,0.0,0.0,0,0,0,"-9,000",0,0,0,"10,000","19,000","-9,000","103,000"
1570,力肯,"2,000","3,000","-1,000",0.0,0.0,0.0,0,0,0,-2,0,0,0,0,2,-2,"-1,002"
1580,新麥,"88,000","16,000","72,000",0.0,0.0,0.0,0,0,0,-358,0,0,0,"2,000","2,358",-358,"71,642"
1584,精剛,"7,000","87,982","-80,982",0.0,0.0,0.0,0,0,0,0,0,0,0,0,0,0,"-80,982"
1586,和勤,"8,000","177,052","-169,052",0.0,0.0,0.0,0,0,0,"-1,000",0,"1,000","-1,000",0,0,0,"-170,052"
1591,駿吉-KY,"328,275","451,364","-123,089",0.0,0.0,0.0,0,0,0,652,0,0,0,"2,000","1,348",652,"-122,437"
1593,祺驊,"1,000","1,000",0,0.0,0.0,0.0,0,0,0,0,0,0,0,0,0,0,0
1595,川寶,"17,554","48,000","-30,446",0.0,0.0,0.0,0,0,0,"1,859","2,000",0,"2,000",359,500,-141,"-28,587"
1599,宏佳騰,"1,000","3,000","-2,000",0.0,0.0,0.0,0,0,0,0,0,0,0,0,0,0,"-2,000"
1742,台蠟,"1,000","1,000",0,0.0,0.0,0.0,0,0,0,0,0,0,0,0,0,0,0
1777,生泰,"2,000","3,000","-1,000",0.0,0.0,0.0,0,0,0,-80,0,0,0,0,80,-80,"-1,080"
1780,立弘,"1,000","3,000","-2,000",0.0,0.0,0.0,0,0,0,0,0,0,0,0,0,0,"-2,000"
1781,合世,0,"1,000","-1,000",0.0,0.0,0.0,0,0,0,-2,0,0,0,0,2,-2,"-1,002"
1784,訊聯,"2,000",0,"2,000",0.0,0.0,0.0,0,0,0,406,0,0,0,505,99,406,"2,406"
1785,光洋科,"730,166","911,011","-180,845",0.0,0.0,0.0,0,0,0,"-2,629",0,"2,000","-2,000","86,000","86,629",-629,"-183,474"
1799,易威,0,"17,000","-17,000",0.0,0.0,0.0,0,0,0,0,0,0,0,0,0,0,"-17,000"
1813,寶利徠,0,"1,000","-1,000",0.0,0.0,0.0,0,0,0,0,0,0,0,0,0,0,"-1,000"
1815,富喬,"14,635,051","17,568,914","-2,933,863",0.0,0.0,0.0,"6,843,000","3,232,000","3,611,000","-349,451","27,000","41,000","-14,000","333,555","669,006","-335,451","327,686"
2061,風青,"68,176","94,392","-26,216",0.0,0.0,0.0,0,0,0,"-4,039",0,"4,000","-4,000",0,39,-39,"-30,255"
2063,世鎧,"5,000",0,"5,000",0.0,0.0,0.0,0,0,0,0,0,0,0,0,0,0,"5,000"
2064,晉椿,"155,000","149,000","6,000",0.0,0.0,0.0,0,0,0,0,0,0,0,0,0,0,"6,000"
2065,世豐,"1,000",0,"1,000",0.0,0.0,0.0,0,0,0,-1,0,0,0,0,1,-1,999
2066,世德,"2,000","3,000","-1,000",0.0,0.0,0.0,0,0,0,0,0,0,0,0,0,0,"-1,000"
2070,精湛,"14,000","15,000","-1,000",0.0,0.0,0.0,0,0,0,-639,0,0,0,361,"1,000",-639,"-1,639"
2221,大甲,"2,081,588","1,494,000","587,588",0.0,0.0,0.0,0,0,0,"-11,093","2,000","11,000","-9,000","31,875","33,968","-2,093","576,495"
2230,泰茂,"3,000","15,000","-12,000",0.0,0.0,0.0,0,0,0,136,0,0,0,"1,000",864,136,"-11,864"
2235,謚源,"1,000","1,000",0,0.0,0.0,0.0,0,0,0,0,0,0,0,0,0,0,0
2596,綠意,"14,000","32,000","-18,000",0.0,0.0,0.0,0,0,0,810,0,0,0,"1,000",190,810,"-17,190"
2640,大車隊,"19,000","6,000","13,000",0.0,0.0,0.0,0,0,0,-265,0,0,0,735,"1,000",-265,"12,735"
2641,正德,"134,000","177,000","-43,000",0.0,0.0,0.0,0,0,0,"40,733","48,000",0,"48,000",0,"7,267","-7,267","-2,267"
2718,全心投控,"5,000","2,000","3,000",0.0,0.0,0.0,"1,324",0,"1,324","4,705",0,0,0,"8,000","3,295","4,705","9,029"
2724,藝舍-KY,0,0,0,0.0,0.0,0.0,0,0,0,-382,0,0,0,0,382,-382,-382
2726,雅茗-KY,0,0,0,0.0,0.0,0.0,0,0,0,-840,0,0,0,160,"1,000",-840,-840
2729,瓦城,"2,000","3,000","-1,000",0.0,0.0,0.0,0,0,0,-198,0,0,0,"3,000","3,198",-198,"-1,198"
2732,六角,0,"7,000","-7,000",0.0,0.0,0.0,0,0,0,579,0,0,0,"1,000",421,579,"-6,421"
2734,易飛網,0,"2,000","-2,000",0.0,0.0,0.0,0,0,0,0,0,0,0,0,0,0,"-2,000"
2736,富野,"1,000","1,000",0,0.0,0.0,0.0,0,0,0,0,0,0,0,0,0,0,0
2743,山富,"12,000","5,000","7,000",0.0,0.0,0.0,0,0,0,-50,0,0,0,393,443,-50,"6,950"
2745,五福,"7,000","16,000","-9,000",0.0,0.0,0.0,0,0,0,"-23,548",0,"23,000","-23,000","1,000","1,548",-548,"-32,548"
2754,亞洲藏壽司,"1,000",0,"1,000",0.0,0.0,0.0,0,0,0,0,0,0,0,0,0,0,"1,000"
2755,揚秦,"1,000",0,"1,000",0.0,0.0,0.0,0,0,0,0,0,0,0,0,0,0,"1,000"
2756,聯發國際,"2,000","9,000","-7,000",0.0,0.0,0.0,0,0,0,30,0,0,0,30,0,30,"-6,970"
2916,滿心,"2,000","1,000","1,000",0.0,0.0,0.0,0,0,0,0,0,0,0,0,0,0,"1,000"
2926,誠品生活,0,"2,000","-2,000",0.0,0.0,0.0,0,0,0,0,0,0,0,0,0,0,"-2,000"
2937,集雅社,0,"1,000","-1,000",0.0,0.0,0.0,0,0,0,0,0,0,0,0,0,0,"-1,000"
2947,振宇五金,"1,000",0,"1,000",0.0,0.0,0.0,0,0,0,0,0,0,0,0,0,0,"1,000"
3066,李洲,"247,085","268,000","-20,915",0.0,0.0,0.0,0,0,0,-825,0,0,0,1,826,-825,"-21,740"
3071,協禧,"29,000","37,000","-8,000",0.0,0.0,0.0,0,0,0,-248,0,0,0,"1,000","1,248",-248,"-8,248"
3073,天方能源,0,"5,000","-5,000",0.0,0.0,0.0,0,0,0,0,0,0,0,0,0,0,"-5,000"
3078,僑威,"156,000","111,000","45,000",0.0,0.0,0.0,"14,196",0,"14,196","-52,425","7,000","60,000","-53,000","1,500",925,575,"6,771"
3081,聯亞,"944,653","878,657","65,996",0.0,0.0,0.0,"58,000","114,400","-56,400","20,590","42,200","22,150","20,050","33,704","33,164",540,"30,186"
3083,網龍,"16,000","1,000","15,000",0.0,0.0,0.0,0,0,0,387,0,0,0,"1,000",613,387,"15,387"
3085,新零售,0,0,0,0.0,0.0,0.0,0,0,0,"-1,000",0,"1,000","-1,000",0,0,0,"-1,000"
3086,華義*,"25,000","18,000","7,000",0.0,0.0,0.0,0,0,0,"-24,264",0,0,0,100,"24,364","-24,264","-17,264"
3088,艾訊,"70,091","176,594","-106,503",0.0,0.0,0.0,0,0,0,"-2,668",0,0,0,"2,000","4,668","-2,668","-109,171"
3093,港建*,"67,000","87,000","-20,000",0.0,0.0,0.0,0,0,0,942,0,0,0,"1,436",494,942,"-19,058"
3095,及成,"1,000",0,"1,000",0.0,0.0,0.0,0,0,0,-800,0,0,0,200,"1,000",-800,200
3105,穩懋,"14,082,970","10,912,858","3,170,112",0.0,0.0,0.0,"1,882,000","16,000","1,866,000","-365,244","318,000","625,000","-307,000","276,691","334,935","-58,244","4,670,868"
3114,好德,"15,605","26,000","-10,395",0.0,0.0,0.0,0,0,0,-474,0,0,0,0,474,-474,"-10,869"
3118,進階,0,0,0,0.0,0.0,0.0,0,0,0,-62,0,0,0,0,62,-62,-62
3122,笙泉,"5,000","5,272",-272,0.0,0.0,0.0,0,0,0,0,0,0,0,0,0,0,-272
3128,昇銳,"54,000","150,000","-96,000",0.0,0.0,0.0,0,0,0,-248,0,0,0,"1,372","1,620",-248,"-96,248"
3131,弘塑,"139,137","124,200","14,937",0.0,0.0,0.0,"1,000","1,000",0,"10,290","2,000",451,"1,549","11,293","2,552","8,741","25,227"
3141,晶宏,"1,410,000","2,133,002","-723,002",0.0,0.0,0.0,0,0,0,"-25,162","12,000","38,000","-26,000","25,289","24,451",838,"-748,164"
3147,大綜,"125,258","257,000","-131,742",0.0,0.0,0.0,0,0,0,"6,021",0,137,-137,"9,051","2,893","6,158","-125,721"
3152,璟德,"14,911","20,000","-5,089",0.0,0.0,0.0,0,0,0,"-3,941",0,"4,000","-4,000","1,009",950,59,"-9,030"
3162,精確,"150,295","1,315,000","-1,164,705",0.0,0.0,0.0,0,0,0,"-50,760",0,"35,000","-35,000","4,000","19,760","-15,760","-1,215,465"
3163,波若威,"302,055","481,518","-179,463",0.0,0.0,0.0,0,0,0,"-9,559",0,"4,000","-4,000","102,768","108,327","-5,559","-189,022"
3169,亞信,"26,000","15,000","11,000",0.0,0.0,0.0,0,0,0,"-4,149",0,"1,000","-1,000",0,"3,149","-3,149","6,851"
3171,炎洲流通,"2,000","2,000",0,0.0,0.0,0.0,0,0,0,846,0,0,0,"1,000",154,846,846
3176,基亞,"509,047","151,000","358,047",0.0,0.0,0.0,0,0,0,0,0,0,0,"11,000","11,000",0,"358,047"
3178,公準,"22,000","8,000","14,000",0.0,0.0,0.0,0,0,0,702,0,5,-5,707,0,707,"14,702"
3188,鑫龍騰,"2,000","36,000","-34,000",0.0,0.0,0.0,0,0,0,404,0,0,0,"1,000",596,404,"-33,596"
3191,雲嘉南,0,"1,000","-1,000",0.0,0.0,0.0,0,0,0,0,0,0,0,0,0,0,"-1,000"
3205,佰研,"3,000",0,"3,000",0.0,0.0,0.0,0,0,0,314,0,0,0,314,0,314,"3,314"
3206,志豐,"1,000","1,000",0,0.0,0.0,0.0,0,0,0,0,0,0,0,"1,000","1,000",0,0
3207,耀勝,"53,000","19,000","34,000",0.0,0.0,0.0,0,0,0,-692,0,0,0,"2,050","2,742",-692,"33,308"
3211,順達,"501,942","751,000","-249,058",0.0,0.0,0.0,"308,000",0,"308,000","6,683","8,000","12,800","-4,800","55,525","44,042","11,483","65,625"
3213,茂訊,"17,000","69,000","-52,000",0.0,0.0,0.0,0,0,0,"-2,569",0,0,0,"1,182","3,751","-2,569","-54,569"
3217,優群,"57,330","30,000","27,330",0.0,0.0,0.0,0,0,0,-262,0,0,0,"3,190","3,452",-262,"27,068"
3218,大學光,"14,000","57,000","-43,000",0.0,0.0,0.0,0,0,0,295,0,365,-365,"3,000","2,340",660,"-42,705"
3219,倚強科,"106,080","130,070","-23,990",0.0,0.0,0.0,0,0,0,"-4,221",0,0,0,"2,001","6,222","-4,221","-28,211"
3221,台嘉碩,"477,108","267,000","210,108",0.0,0.0,0.0,0,0,0,"-10,625",0,"8,000","-8,000","4,389","7,014","-2,625","199,483"
3224,三顧,0,"2,000","-2,000",0.0,0.0,0.0,0,0,0,0,0,0,0,0,0,0,"-2,000"
3226,龍鋒,"1,000",0,"1,000",0.0,0.0,0.0,0,0,0,0,0,0,0,0,0,0,"1,000"
3227,原相,"63,941","284,000","-220,059",0.0,0.0,0.0,0,"111,000","-111,000","-6,444","2,000","3,000","-1,000","12,000","17,444","-5,444","-337,503"
3228,金麗科,"74,000","36,570","37,430",0.0,0.0,0.0,0,0,0,"-10,226",0,0,0,"4,000","14,226","-10,226","27,204"
3230,錦明,"27,000","35,000","-8,000",0.0,0.0,0.0,0,0,0,0,0,0,0,0,0,0,"-8,000"
3232,昱捷,"46,000","2,000","44,000",0.0,0.0,0.0,0,0,0,0,0,0,0,0,0,0,"44,000"
3234,光環,"935,549","287,236","648,313",0.0,0.0,0.0,0,0,0,-254,0,0,0,"16,000","16,254",-254,"648,059"
3236,千如,"446,681","316,000","130,681",0.0,0.0,0.0,0,0,0,"4,096",0,0,0,"4,176",80,"4,096","134,777"
3252,海灣,"4,000","1,000","3,000",0.0,0.0,0.0,0,0,0,0,0,0,0,0,0,0,"3,000"
3260,威剛,"697,153","2,149,687","-1,452,534",0.0,0.0,0.0,"7,000","8,000","-1,000","-56,257","33,000","15,020","17,980","125,457","199,694","-74,237","-1,509,791"
3264,欣銓,"1,337,255","1,838,050","-500,795",0.0,0.0,0.0,0,0,0,"-169,227","36,000","169,000","-133,000","15,943","52,170","-36,227","-670,022"
3265,台星科,"126,100","169,000","-42,900",0.0,0.0,0.0,0,0,0,"-1,456",0,0,0,"8,000","9,456","-1,456","-44,356"
3268,海德威,"1,000","15,000","-14,000",0.0,0.0,0.0,0,0,0,-101,0,0,0,0,101,-101,"-14,101"
3272,東碩,"2,000",0,"2,000",0.0,0.0,0.0,0,0,0,0,0,0,0,0,0,0,"2,000"
3276,宇環,"2,000","89,000","-87,000",0.0,0.0,0.0,0,0,0,1,0,0,0,21,20,1,"-86,999"
3284,太普高,"25,000","10,000","15,000",0.0,0.0,0.0,0,0,0,-413,0,0,0,240,653,-413,"14,587"
3285,微端,0,"6,000","-6,000",0.0,0.0,0.0,0,0,0,91,0,0,0,91,0,91,"-5,909"
3287,廣寰科,"3,000","29,000","-26,000",0.0,0.0,0.0,0,0,0,0,0,0,0,0,0,0,"-26,000"
3288,點晶,"1,000","4,000","-3,000",0.0,0.0,0.0,0,0,0,-7,0,0,0,0,7,-7,"-3,007"
3289,宜特,"82,137","108,000","-25,863",0.0,0.0,0.0,0,0,0,"-13,190",0,0,0,"6,000","19,190","-13,190","-39,053"
3290,東浦,"95,000","98,000","-3,000",0.0,0.0,0.0,0,0,0,"-9,448",0,0,0,"76,011","85,459","-9,448","-12,448"
3293,鈊象,"550,068","590,300","-40,232",0.0,0.0,0.0,"41,000","35,000","6,000",273,"19,000","14,000","5,000","27,000","31,727","-4,727","-33,959"
3294,英濟,"49,000","51,134","-2,134",0.0,0.0,0.0,0,0,0,"-8,046",0,0,0,"1,631","9,677","-8,046","-10,180"
3297,杭特,"24,000","17,000","7,000",0.0,0.0,0.0,0,0,0,"7,198",0,0,0,"7,198",0,"7,198","14,198"
3303,岱稜,"41,000","70,000","-29,000",0.0,0.0,0.0,0,0,0,589,0,0,0,"1,000",411,589,"-28,411"
3306,鼎天,"15,000","36,000","-21,000",0.0,0.0,0.0,0,0,0,0,0,0,0,0,0,0,"-21,000"
3310,佳穎,"1,000",0,"1,000",0.0,0.0,0.0,0,0,0,0,0,0,0,0,0,0,"1,000"
3313,斐成,0,"2,000","-2,000",0.0,0.0,0.0,0,0,0,468,0,0,0,"1,000",532,468,"-1,532"
3317,尼克森,"87,000","81,000","6,000",0.0,0.0,0.0,0,0,0,"-4,203",0,0,0,0,"4,203","-4,203","1,797"
3322,建舜電,"48,000","121,000","-73,000",0.0,0.0,0.0,0,0,0,-589,0,0,0,"1,000","1,589",-589,"-73,589"
3323,加百裕,"20,000","71,000","-51,000",0.0,0.0,0.0,0,0,0,"-1,107",0,0,0,0,"1,107","-1,107","-52,107"
3324,雙鴻,"1,646,834","1,435,125","211,709",0.0,0.0,0.0,0,"2,000","-2,000","-168,466","157,582","237,700","-80,118","80,045","168,393","-88,348","41,243"
3325,旭品,0,"11,000","-11,000",0.0,0.0,0.0,0,0,0,-2,0,0,0,0,2,-2,"-11,002"
3332,幸康,0,"4,000","-4,000",0.0,0.0,0.0,0,0,0,0,0,0,0,0,0,0,"-4,000"
3339,泰谷,"117,087","153,102","-36,015",0.0,0.0,0.0,0,0,0,-892,0,0,0,"2,001","2,893",-892,"-36,907"
3349,寶德,"1,000","10,000","-9,000",0.0,0.0,0.0,0,0,0,0,0,0,0,0,0,0,"-9,000"
3354,律勝,"257,000","358,003","-101,003",0.0,0.0,0.0,0,0,0,0,0,0,0,0,0,0,"-101,003"
3357,臺慶科,"293,452","200,000","93,452",0.0,0.0,0.0,0,0,0,"-3,558",0,"2,000","-2,000","5,830","7,388","-1,558","89,894"
3360,尚立,"56,860","23,000","33,860",0.0,0.0,0.0,0,0,0,-574,0,0,0,0,574,-574,"33,286"
3362,先進光,"921,050","1,130,200","-209,150",0.0,0.0,0.0,0,0,0,"-3,178",0,0,0,"20,105","23,283","-3,178","-212,328"
3363,上詮,"625,040","1,071,472","-446,432",0.0,0.0,0.0,0,0,0,-369,"3,000","4,000","-1,000","39,510","38,879",631,"-446,801"
3372,典範,"44,000","93,000","-49,000",0.0,0.0,0.0,0,0,0,"-14,631",0,"15,000","-15,000","6,000","5,631",369,"-63,631"
3373,熱映,0,"4,000","-4,000",0.0,0.0,0.0,0,0,0,0,0,0,0,0,0,0,"-4,000"
3374,精材,"2,609,875","2,720,856","-110,981",0.0,0.0,0.0,"364,000","1,000","363,000","-79,465","105,000","174,581","-69,581","106,854","116,738","-9,884","172,554"
3379,彬台,"13,000","4,000","9,000",0.0,0.0,0.0,0,0,0,0,0,0,0,0,0,0,"9,000"
3388,崇越電,"36,000","121,000","-85,000",0.0,0.0,0.0,0,0,0,"-1,199",0,105,-105,"5,100","6,194","-1,094","-86,199"
3390,旭軟,"9,000","31,000","-22,000",0.0,0.0,0.0,0,0,0,55,0,0,0,55,0,55,"-21,945"
3402,漢科,"54,077","31,000","23,077",0.0,0.0,0.0,0,0,0,"-2,020",0,"2,000","-2,000",0,20,-20,"21,057"
3430,奇鈦科,"86,000","52,000","34,000",0.0,0.0,0.0,0,0,0,817,0,0,0,"2,770","1,953",817,"34,817"
3434,哲固,"76,000","50,000","26,000",0.0,0.0,0.0,0,0,0,621,0,0,0,621,0,621,"26,621"
3438,類比科,"9,000","15,000","-6,000",0.0,0.0,0.0,0,0,0,-199,0,0,0,0,199,-199,"-6,199"
3441,聯一光,"6,779,233","7,398,010","-618,777",0.0,0.0,0.0,0,0,0,104,0,0,0,"126,575","126,471",104,"-618,673"
3444,利機,"11,000","43,000","-32,000",0.0,0.0,0.0,0,0,0,-696,0,0,0,"1,120","1,816",-696,"-32,696"
3455,由田,"289,530","287,000","2,530",0.0,0.0,0.0,0,0,0,"13,634",0,0,0,"18,022","4,388","13,634","16,164"
3466,德晉,"11,000","23,000","-12,000",0.0,0.0,0.0,0,0,0,133,0,0,0,"1,000",867,133,"-11,867"
3467,台灣精材,"50,000",0,"50,000",0.0,0.0,0.0,0,0,0,0,0,0,0,0,0,0,"50,000"
3479,安勤,"108,246","121,000","-12,754",0.0,0.0,0.0,0,0,0,"-1,488",0,15,-15,"1,000","2,473","-1,473","-14,242"
3483,力致,"21,000","81,000","-60,000",0.0,0.0,0.0,0,0,0,"-2,682","2,000",0,"2,000","2,000","6,682","-4,682","-62,682"
3484,崧騰,"66,082","33,000","33,082",0.0,0.0,0.0,0,0,0,327,0,0,0,"2,174","1,847",327,"33,409"
3485,敘豐,"25,526","14,000","11,526",0.0,0.0,0.0,0,0,0,-26,0,0,0,0,26,-26,"11,500"
3489,森寶,"34,000","37,000","-3,000",0.0,0.0,0.0,0,0,0,0,0,0,0,0,0,0,"-3,000"
3490,單井,"687,129","2,117,000","-1,429,871",0.0,0.0,0.0,0,0,0,195,0,0,0,"15,499","15,304",195,"-1,429,676"
3491,昇達科,"159,005","297,969","-138,964",0.0,0.0,0.0,"16,000","1,000","15,000","2,901","3,000",0,"3,000","15,895","15,994",-99,"-121,063"
3492,長盛,"2,000","13,000","-11,000",0.0,0.0,0.0,0,0,0,"6,643",0,0,0,"21,000","14,357","6,643","-4,357"
3498,陽程,"1,319,892","1,134,931","184,961",0.0,0.0,0.0,0,0,0,"-62,000","2,000","2,000",0,"15,198","77,198","-62,000","122,961"
3499,環天科,0,"5,000","-5,000",0.0,0.0,0.0,0,0,0,-272,0,0,0,0,272,-272,"-5,272"
3508,位速,"24,000","63,000","-39,000",0.0,0.0,0.0,0,0,0,0,0,0,0,0,0,0,"-39,000"
3511,矽瑪,"6,000","48,000","-42,000",0.0,0.0,0.0,0,0,0,-246,0,0,0,0,246,-246,"-42,246"
3512,皇龍,0,"1,000","-1,000",0.0,0.0,0.0,0,0,0,-130,0,0,0,0,130,-130,"-1,130"
3520,華盈,"5,000","30,000","-25,000",0.0,0.0,0.0,0,0,0,0,0,0,0,0,0,0,"-25,000"
3521,台鋼建設,"1,000",0,"1,000",0.0,0.0,0.0,0,0,0,0,0,0,0,0,0,0,"1,000"
3522,御嵿,"1,000","56,000","-55,000",0.0,0.0,0.0,0,0,0,-621,0,0,0,0,621,-621,"-55,621"
3526,凡甲,"31,006","123,225","-92,219",0.0,0.0,0.0,"1,600",0,"1,600",-880,0,0,0,"5,000","5,880",-880,"-91,499"
3527,聚積,"6,000","18,000","-12,000",0.0,0.0,0.0,0,0,0,0,0,0,0,0,0,0,"-12,000"
3529,力旺,"297,785","505,673","-207,888",0.0,0.0,0.0,"132,000","3,000","129,000","39,840","47,700","7,000","40,700","13,002","13,862",-860,"-39,048"
3537,堡達,"77,000","48,000","29,000",0.0,0.0,0.0,0,0,0,-809,0,0,0,187,996,-809,"28,191"
3540,曜越,"13,000","228,000","-215,000",0.0,0.0,0.0,0,0,0,-220,0,0,0,"8,000","8,220",-220,"-215,220"
3541,西柏,"1,000","2,000","-1,000",0.0,0.0,0.0,0,0,0,0,0,0,0,0,0,0,"-1,000"
3546,宇峻,"10,975","14,000","-3,025",0.0,0.0,0.0,0,0,0,"-1,001",0,0,0,0,"1,001","-1,001","-4,026"
3548,兆利,"27,000","18,000","9,000",0.0,0.0,0.0,0,0,0,"-3,531",0,0,0,20,"3,551","-3,531","5,469"
3551,世禾,"9,000","37,000","-28,000",0.0,0.0,0.0,0,0,0,"2,017",0,0,0,"4,098","2,081","2,017","-25,983"
3552,同致,"51,261","45,000","6,261",0.0,0.0,0.0,0,0,0,"-9,367","2,000","10,000","-8,000","1,000","2,367","-1,367","-3,106"
3555,博士旺,"10,000","13,000","-3,000",0.0,0.0,0.0,0,0,0,"-16,142",0,0,0,423,"16,565","-16,142","-19,142"
3556,禾瑞亞,"33,520","29,000","4,520",0.0,0.0,0.0,0,0,0,87,0,0,0,"1,087","1,000",87,"4,607"
3558,神準,"21,057","7,000","14,057",0.0,0.0,0.0,0,0,0,406,0,0,0,782,376,406,"14,463"
3564,其陽,"34,000","66,000","-32,000",0.0,0.0,0.0,0,0,0,"-25,025",0,"25,000","-25,000",36,61,-25,"-57,025"
3567,逸昌,0,"4,000","-4,000",0.0,0.0,0.0,0,0,0,-89,0,0,0,0,89,-89,"-4,089"
3570,大塚,0,"2,000","-2,000",0.0,0.0,0.0,0,0,0,0,0,0,0,0,0,0,"-2,000"
3577,泓格,"33,311","22,080","11,231",0.0,0.0,0.0,0,0,0,"-1,883",0,0,0,196,"2,079","-1,883","9,348"
3580,友威科,"377,404","111,000","266,404",0.0,0.0,0.0,0,0,0,"1,736","1,000",0,"1,000","5,141","4,405",736,"268,140"
3581,博磊,"61,000","126,000","-65,000",0.0,0.0,0.0,0,0,0,"-3,418",0,0,0,"2,006","5,424","-3,418","-68,418"
3587,閎康,"48,328","109,000","-60,672",0.0,0.0,0.0,0,0,0,"-6,648","1,000",100,900,"5,000","12,548","-7,548","-67,320"
3594,磐儀,"63,040","83,002","-19,962",0.0,0.0,0.0,0,0,0,"-5,078",0,0,0,0,"5,078","-5,078","-25,040"
3609,三一東林,"118,000","95,000","23,000",0.0,0.0,0.0,0,0,0,-422,0,0,0,0,422,-422,"22,578"
3611,鼎翰,"2,000","8,000","-6,000",0.0,0.0,0.0,0,0,0,-274,0,0,0,0,274,-274,"-6,274"
3615,安可,"77,000","149,000","-72,000",0.0,0.0,0.0,0,0,0,-777,0,0,0,"1,000","1,777",-777,"-72,777"
3623,富晶通,"95,350","66,000","29,350",0.0,0.0,0.0,0,0,0,97,0,0,0,"1,364","1,267",97,"29,447"
3624,光頡,"7,797,033","10,424,745","-2,627,712",0.0,0.0,0.0,0,0,0,"-69,287","5,000","39,437","-34,437","104,231","139,081","-34,850","-2,696,999"
3625,西勝,"3,000","36,000","-33,000",0.0,0.0,0.0,0,0,0,35,0,0,0,35,0,35,"-32,965"
3628,盈正,"31,000","44,000","-13,000",0.0,0.0,0.0,0,0,0,122,0,0,0,177,55,122,"-12,878"
3630,新鉅科,"55,000","58,000","-3,000",0.0,0.0,0.0,0,0,0,"-6,644",0,0,0,0,"6,644","-6,644","-9,644"
3631,晟楠,"10,000","19,000","-9,000",0.0,0.0,0.0,0,0,0,"1,008","1,000",0,"1,000",8,0,8,"-7,992"
3646,艾恩特,0,"1,000","-1,000",0.0,0.0,0.0,0,0,0,0,0,0,0,0,0,0,"-1,000"
3663,鑫科,"225,380","135,000","90,380",0.0,0.0,0.0,0,0,0,-399,0,0,0,"1,623","2,022",-399,"89,981"
3666,光耀,"1,000",0,"1,000",0.0,0.0,0.0,0,0,0,2,0,0,0,2,0,2,"1,002"
3675,德微,"520,067","574,000","-53,933",0.0,0.0,0.0,0,0,0,"-45,071",0,"20,000","-20,000","5,137","30,208","-25,071","-99,004"
3680,家登,"347,402","740,607","-393,205",0.0,0.0,0.0,0,0,0,"-58,086","19,115","20,500","-1,385","44,260","100,961","-56,701","-451,291"
3684,榮昌,"6,000","10,000","-4,000",0.0,0.0,0.0,0,0,0,0,0,0,0,0,0,0,"-4,000"
3685,元創精密,"7,000","119,000","-112,000",0.0,0.0,0.0,0,0,0,0,0,0,0,0,0,0,"-112,000"
3687,歐買尬,"2,000","7,000","-5,000",0.0,0.0,0.0,0,0,0,793,"2,000","1,000","1,000",145,352,-207,"-4,207"
3689,湧德,"75,000","135,000","-60,000",0.0,0.0,0.0,0,0,0,"-6,315","1,000",0,"1,000","3,000","10,315","-7,315","-66,315"
3691,碩禾,"42,000","39,000","3,000",0.0,0.0,0.0,0,0,0,"-7,730",0,"8,000","-8,000",420,150,270,"-4,730"
3693,營邦,"436,000","889,095","-453,095",0.0,0.0,0.0,0,"6,000","-6,000","-40,372",500,"1,050",-550,"26,710","66,532","-39,822","-499,467"
3707,漢磊,"790,318","1,663,000","-872,682",0.0,0.0,0.0,0,0,0,"-6,975",0,"2,000","-2,000","12,847","17,822","-4,975","-879,657"
3709,鑫聯大投控,"90,000","74,220","15,780",0.0,0.0,0.0,0,0,0,"-11,781",0,0,0,"1,000","12,781","-11,781","3,999"
3713,新晶投控,0,0,0,0.0,0.0,0.0,0,0,0,-36,0,0,0,0,36,-36,-36
3718,中光電投控,"2,501,241","1,048,200","1,453,041",0.0,0.0,0.0,0,0,0,"16,795","184,000","164,000","20,000","42,275","45,480","-3,205","1,469,836"
4102,永日,0,"1,000","-1,000",0.0,0.0,0.0,0,0,0,1,0,0,0,1,0,1,-999
4105,東洋,"344,066","78,000","266,066",0.0,0.0,0.0,"12,580",0,"12,580",0,0,0,0,0,0,0,"278,646"
4107,邦特,"1,000","5,000","-4,000",0.0,0.0,0.0,0,0,0,-129,0,0,0,"1,000","1,129",-129,"-4,129"
4109,加捷生醫,"2,000","12,000","-10,000",0.0,0.0,0.0,0,0,0,0,0,0,0,0,0,0,"-10,000"
4111,濟生,"1,000","8,000","-7,000",0.0,0.0,0.0,0,0,0,-20,0,0,0,42,62,-20,"-7,020"
4113,聯上,"15,000","13,000","2,000",0.0,0.0,0.0,0,0,0,0,0,0,0,0,0,0,"2,000"
4114,健喬,"206,000","137,000","69,000",0.0,0.0,0.0,0,0,0,-405,0,0,0,"1,000","1,405",-405,"68,595"
4116,明基醫,"1,000",0,"1,000",0.0,0.0,0.0,0,0,0,0,0,0,0,0,0,0,"1,000"
4120,友華,0,"1,000","-1,000",0.0,0.0,0.0,0,0,0,4,0,0,0,"2,000","1,996",4,-996
4121,優盛,"3,000","2,000","1,000",0.0,0.0,0.0,0,0,0,-173,0,0,0,0,173,-173,827
4123,晟德,"494,842","308,948","185,894",0.0,0.0,0.0,0,0,0,"-63,501","43,000","94,055","-51,055","18,298","30,744","-12,446","122,393"
4126,太醫,"4,000","1,000","3,000",0.0,0.0,0.0,0,0,0,-145,0,0,0,0,145,-145,"2,855"
4127,天良,"41,000","54,000","-13,000",0.0,0.0,0.0,0,0,0,10,0,0,0,10,0,10,"-12,990"
4128,中天,"162,842","184,100","-21,258",0.0,0.0,0.0,0,0,0,"19,728","20,000",0,"20,000",18,290,-272,"-1,530"
4129,聯合,"88,000","91,000","-3,000",0.0,0.0,0.0,0,0,0,0,0,0,0,0,0,0,"-3,000"
4138,曜亞,"1,000",0,"1,000",0.0,0.0,0.0,0,0,0,0,0,0,0,0,0,0,"1,000"
4139,馬光-KY,"1,000","1,000",0,0.0,0.0,0.0,0,0,0,0,0,0,0,0,0,0,0
4147,中裕,"116,000","160,000","-44,000",0.0,0.0,0.0,0,0,0,829,0,280,-280,"1,809",700,"1,109","-43,171"
4153,鈺緯,"1,000","1,000",0,0.0,0.0,0.0,0,0,0,0,0,0,0,0,0,0,0
4157,太景*-KY,"393,000","52,000","341,000",0.0,0.0,0.0,0,0,0,89,0,0,0,89,0,89,"341,089"
4160,訊聯基因,0,"3,000","-3,000",0.0,0.0,0.0,0,0,0,872,0,0,0,"1,000",128,872,"-2,128"
4162,智擎,"91,070","79,000","12,070",0.0,0.0,0.0,0,0,0,"2,576","2,000","4,000","-2,000","4,673",97,"4,576","14,646"
4163,鐿鈦,"6,092","3,000","3,092",0.0,0.0,0.0,0,0,0,377,0,80,-80,466,9,457,"3,469"
4166,友霖,"5,000","7,000","-2,000",0.0,0.0,0.0,0,0,0,0,0,0,0,0,0,0,"-2,000"
4167,松瑞藥,"124,277","47,000","77,277",0.0,0.0,0.0,0,0,0,"1,305",0,0,0,"2,000",695,"1,305","78,582"
4168,醣聯,"13,000","1,000","12,000",0.0,0.0,0.0,0,0,0,104,0,0,0,104,0,104,"12,104"
4171,瑞基,"2,000","12,000","-10,000",0.0,0.0,0.0,0,0,0,-2,0,0,0,0,2,-2,"-10,002"
4173,久裕,0,"1,000","-1,000",0.0,0.0,0.0,0,0,0,0,0,0,0,0,0,0,"-1,000"
4174,浩鼎,"220,181","79,000","141,181",0.0,0.0,0.0,0,0,0,-295,0,0,0,705,"1,000",-295,"140,886"
4175,杏一,0,"2,000","-2,000",0.0,0.0,0.0,0,0,0,0,0,0,0,0,0,0,"-2,000"
4188,安克,"10,000","13,000","-3,000",0.0,0.0,0.0,0,0,0,-174,0,0,0,"1,000","1,174",-174,"-3,174"
4205,中華食,0,0,0,0.0,0.0,0.0,0,0,0,-50,0,0,0,0,50,-50,-50
4207,環泰,0,"39,000","-39,000",0.0,0.0,0.0,0,0,0,0,0,0,0,0,0,0,"-39,000"
4303,信立,"36,000","132,000","-96,000",0.0,0.0,0.0,0,0,0,"-3,106",0,0,0,"3,000","6,106","-3,106","-99,106"
4304,勝昱,50,0,50,0.0,0.0,0.0,0,0,0,0,0,0,0,0,0,0,50
4401,東隆興,"4,000","9,000","-5,000",0.0,0.0,0.0,0,0,0,0,0,0,0,0,0,0,"-5,000"
4402,郡都開發,0,"1,000","-1,000",0.0,0.0,0.0,0,0,0,103,0,0,0,"1,000",897,103,-897
4406,新昕纖,"1,000",0,"1,000",0.0,0.0,0.0,0,0,0,0,0,0,0,0,0,0,"1,000"
4413,飛寶企業,0,"2,000","-2,000",0.0,0.0,0.0,0,0,0,0,0,0,0,0,0,0,"-2,000"
4416,三圓,"479,000","835,000","-356,000",0.0,0.0,0.0,0,0,0,"-31,000",0,"31,000","-31,000",0,0,0,"-387,000"
4417,金洲,"8,000","21,000","-13,000",0.0,0.0,0.0,0,0,0,0,0,0,0,0,0,0,"-13,000"
4420,光明,"2,000","16,000","-14,000",0.0,0.0,0.0,"1,243",0,"1,243",0,0,0,0,0,0,0,"-12,757"
4430,耀億,"1,000",0,"1,000",0.0,0.0,0.0,0,0,0,0,0,0,0,0,0,0,"1,000"
4432,銘旺實,"2,000","7,000","-5,000",0.0,0.0,0.0,0,0,0,0,0,0,0,0,0,0,"-5,000"
4433,興采,"13,000","16,000","-3,000",0.0,0.0,0.0,0,0,0,-12,0,0,0,"1,000","1,012",-12,"-3,012"
4442,竣邦-KY,"26,000","31,000","-5,000",0.0,0.0,0.0,0,0,0,-79,0,0,0,0,79,-79,"-5,079"
4502,健信,"3,000",0,"3,000",0.0,0.0,0.0,0,0,0,0,0,0,0,0,0,0,"3,000"
4503,金雨,"25,000","19,000","6,000",0.0,0.0,0.0,0,0,0,294,0,0,0,300,6,294,"6,294"
4506,崇友,"3,000","22,690","-19,690",0.0,0.0,0.0,0,0,0,-212,0,0,0,0,212,-212,"-19,902"
4510,高鋒,"134,100","94,000","40,100",0.0,0.0,0.0,0,0,0,"-7,557",0,0,0,"1,365","8,922","-7,557","32,543"
4513,福裕,"20,000","78,000","-58,000",0.0,0.0,0.0,0,0,0,388,0,0,0,739,351,388,"-57,612"
4523,永彰,"5,000","2,000","3,000",0.0,0.0,0.0,0,0,0,-346,0,0,0,0,346,-346,"2,654"
4527,方土霖,"1,000","1,000",0,0.0,0.0,0.0,0,0,0,0,0,0,0,0,0,0,0
4528,江興鍛,0,"4,000","-4,000",0.0,0.0,0.0,0,0,0,-46,0,0,0,0,46,-46,"-4,046"
4533,協易機,"126,000","102,000","24,000",0.0,0.0,0.0,0,0,0,-834,0,0,0,"4,000","4,834",-834,"23,166"
4534,慶騰,"50,032","88,000","-37,968",0.0,0.0,0.0,0,0,0,203,0,0,0,"1,350","1,147",203,"-37,765"
4535,至興,"2,000",0,"2,000",0.0,0.0,0.0,0,0,0,-44,0,0,0,0,44,-44,"1,956"
4538,大詠城,"1,000","5,000","-4,000",0.0,0.0,0.0,0,0,0,0,0,0,0,0,0,0,"-4,000"
4541,晟田,"147,000","181,059","-34,059",0.0,0.0,0.0,0,0,0,"-2,501",0,0,0,"3,000","5,501","-2,501","-36,560"
4542,科嶠,"89,000","96,000","-7,000",0.0,0.0,0.0,0,0,0,46,0,0,0,"7,340","7,294",46,"-6,954"
4543,萬在,"10,000","25,000","-15,000",0.0,0.0,0.0,0,0,0,641,0,0,0,"2,000","1,359",641,"-14,359"
4549,桓達,"18,000","5,000","13,000",0.0,0.0,0.0,0,0,0,211,0,0,0,295,84,211,"13,211"
4550,長佳,0,"3,000","-3,000",0.0,0.0,0.0,0,0,0,0,0,0,0,0,0,0,"-3,000"
4554,橙的,"1,000","1,000",0,0.0,0.0,0.0,0,0,0,0,0,0,0,0,0,0,0
4556,旭然,"270,150","328,000","-57,850",0.0,0.0,0.0,0,0,0,"-2,876",0,"3,000","-3,000","3,000","2,876",124,"-60,726"
4558,寶緯,0,"1,000","-1,000",0.0,0.0,0.0,0,0,0,-806,0,0,0,0,806,-806,"-1,806"
4561,健椿,"16,000","7,000","9,000",0.0,0.0,0.0,0,0,0,-600,0,0,0,0,600,-600,"8,400"
4563,百德,"5,000","5,000",0,0.0,0.0,0.0,0,0,0,110,0,0,0,110,0,110,110
4568,科際精密,0,"1,000","-1,000",0.0,0.0,0.0,0,0,0,0,0,0,0,0,0,0,"-1,000"
4577,達航科技,"41,756","91,000","-49,244",0.0,0.0,0.0,0,0,0,"-1,323",0,"1,000","-1,000","5,307","5,630",-323,"-50,567"
4580,捷流閥業,"6,000","17,000","-11,000",0.0,0.0,0.0,0,0,0,"-1,031",0,"1,000","-1,000",0,31,-31,"-12,031"
4702,中美實,0,"2,000","-2,000",0.0,0.0,0.0,0,0,0,-393,0,0,0,0,393,-393,"-2,393"
4706,大恭,"2,000","3,000","-1,000",0.0,0.0,0.0,0,0,0,0,0,0,0,0,0,0,"-1,000"
4707,磐亞,"225,203","415,000","-189,797",0.0,0.0,0.0,0,0,0,"14,295",0,"6,000","-6,000","29,010","8,715","20,295","-175,502"
4711,永純,0,"3,000","-3,000",0.0,0.0,0.0,0,0,0,-819,0,0,0,0,819,-819,"-3,819"
4714,永捷,"472,010","399,000","73,010",0.0,0.0,0.0,0,0,0,-2,0,0,0,"5,000","5,002",-2,"73,008"
4716,大立,"23,120","99,000","-75,880",0.0,0.0,0.0,0,0,0,-553,0,0,0,0,553,-553,"-76,433"
4721,美琪瑪,"71,000","89,052","-18,052",0.0,0.0,0.0,0,0,0,-668,0,0,0,"1,000","1,668",-668,"-18,720"
4726,永昕,"7,000","60,000","-53,000",0.0,0.0,0.0,0,0,0,0,0,0,0,0,0,0,"-53,000"
4728,雙美,0,"6,000","-6,000",0.0,0.0,0.0,0,0,0,3,0,0,0,3,0,3,"-5,997"
4729,熒茂,"7,000","15,000","-8,000",0.0,0.0,0.0,0,0,0,0,0,0,0,0,0,0,"-8,000"
4735,豪展,0,0,0,0.0,0.0,0.0,0,0,0,"-1,000",0,"1,000","-1,000",0,0,0,"-1,000"
4741,泓瀚,"25,000","34,000","-9,000",0.0,0.0,0.0,0,0,0,"4,472","4,000",0,"4,000","1,000",528,472,"-4,528"
4743,合一,"369,090","348,000","21,090",0.0,0.0,0.0,0,0,0,-395,"2,000","2,000",0,"1,090","1,485",-395,"20,695"
4744,皇將,"2,000","9,000","-7,000",0.0,0.0,0.0,0,0,0,0,0,0,0,0,0,0,"-7,000"
4745,合富-KY,"1,000","7,000","-6,000",0.0,0.0,0.0,0,0,0,0,0,0,0,0,0,0,"-6,000"
4747,強生*,0,"4,000","-4,000",0.0,0.0,0.0,0,0,0,-327,0,0,0,0,327,-327,"-4,327"
4749,新應材,"26,275","100,150","-73,875",0.0,0.0,0.0,0,"1,000","-1,000","-1,661",0,0,0,"32,000","33,661","-1,661","-76,536"
4754,國碳科,0,"10,000","-10,000",0.0,0.0,0.0,0,0,0,0,0,0,0,0,0,0,"-10,000"
4760,勤凱,"143,264","100,072","43,192",0.0,0.0,0.0,0,0,0,"-2,168",0,"21,000","-21,000","20,707","1,875","18,832","41,024"
4767,誠泰科技,0,"1,000","-1,000",0.0,0.0,0.0,0,0,0,0,0,0,0,0,0,0,"-1,000"
4768,晶呈科技,"41,000","145,000","-104,000",0.0,0.0,0.0,0,0,0,"-10,874",0,0,0,"6,279","17,153","-10,874","-114,874"
4772,台特化,"49,385","128,000","-78,615",0.0,0.0,0.0,0,0,0,"-1,599",0,598,-598,0,"1,001","-1,001","-80,214"
4903,聯光通,"78,026","268,000","-189,974",0.0,0.0,0.0,0,0,0,0,0,0,0,0,0,0,"-189,974"
4905,台聯電,"17,000","3,000","14,000",0.0,0.0,0.0,0,0,0,"-19,083",0,"19,000","-19,000",0,83,-83,"-5,083"
4907,富宇,"3,000","14,000","-11,000",0.0,0.0,0.0,0,0,0,0,0,0,0,0,0,0,"-11,000"
4908,前鼎,"2,239,077","2,482,245","-243,168",0.0,0.0,0.0,0,0,0,"12,158",0,"11,656","-11,656","56,598","32,784","23,814","-231,010"
4909,新復興,"61,000","105,000","-44,000",0.0,0.0,0.0,0,0,0,"-2,918",0,0,0,"1,000","3,918","-2,918","-46,918"
4923,力士,"102,070","61,066","41,004",0.0,0.0,0.0,0,0,0,"-4,669",0,"5,000","-5,000",654,323,331,"36,335"
4924,欣厚-KY,"5,000","6,000","-1,000",0.0,0.0,0.0,0,0,0,0,0,0,0,0,0,0,"-1,000"
4931,新盛力,"435,767","698,000","-262,233",0.0,0.0,0.0,0,0,0,"-65,827",0,300,-300,"21,590","87,117","-65,527","-328,060"
4933,友輝,"8,000","13,000","-5,000",0.0,0.0,0.0,0,0,0,58,0,0,0,100,42,58,"-4,942"
4939,亞電,"2,236,308","1,872,000","364,308",0.0,0.0,0.0,0,0,0,"-23,646",0,0,0,"24,107","47,753","-23,646","340,662"
4946,辣椒,0,0,0,0.0,0.0,0.0,0,0,0,1,0,0,0,1,0,1,1
4950,金耘國際,"1,000","2,000","-1,000",0.0,0.0,0.0,0,0,0,-133,0,0,0,0,133,-133,"-1,133"
4951,精拓科,"32,048","41,000","-8,952",0.0,0.0,0.0,0,0,0,-167,0,0,0,316,483,-167,"-9,119"
4953,緯致,"63,000","352,009","-289,009",0.0,0.0,0.0,0,0,0,-471,0,0,0,"2,000","2,471",-471,"-289,480"
4966,譜瑞-KY,"80,375","176,134","-95,759",0.0,0.0,0.0,0,0,0,"-8,262","1,000",0,"1,000","9,000","18,262","-9,262","-104,021"
4971,IET-KY,"409,396","383,376","26,020",0.0,0.0,0.0,0,0,0,"3,644","4,000",0,"4,000","8,559","8,915",-356,"29,664"
4972,湯石照明,0,"1,000","-1,000",0.0,0.0,0.0,0,0,0,0,0,0,0,0,0,0,"-1,000"
4973,廣穎,"118,003","121,000","-2,997",0.0,0.0,0.0,0,0,0,"-4,050",0,255,-255,"9,000","12,795","-3,795","-7,047"
4974,亞泰,"7,000","17,000","-10,000",0.0,0.0,0.0,0,0,0,-20,0,0,0,0,20,-20,"-10,020"
4979,華星光,"265,060","119,120","145,940",0.0,0.0,0.0,0,"794,000","-794,000","56,473","3,000","64,000","-61,000","172,900","55,427","117,473","-591,587"
4991,環宇-KY,"1,095,224","1,511,800","-416,576",0.0,0.0,0.0,0,"2,000","-2,000","18,870","19,000",0,"19,000","72,876","73,006",-130,"-399,706"
4995,晶達,"1,000","7,000","-6,000",0.0,0.0,0.0,0,0,0,"-1,000",0,"1,000","-1,000","3,000","3,000",0,"-7,000"
5009,榮剛,"612,000","307,000","305,000",0.0,0.0,0.0,0,0,0,"-167,470","21,000","116,427","-95,427","19,206","91,249","-72,043","137,530"
5011,久陽,"14,000","105,000","-91,000",0.0,0.0,0.0,0,0,0,0,0,0,0,0,0,0,"-91,000"
5013,強新,"3,000","3,000",0,0.0,0.0,0.0,0,0,0,"-11,000",0,"11,000","-11,000",0,0,0,"-11,000"
5014,建錩,"3,000","22,000","-19,000",0.0,0.0,0.0,0,0,0,-170,0,0,0,0,170,-170,"-19,170"
5015,華祺,"1,000",0,"1,000",0.0,0.0,0.0,0,0,0,0,0,0,0,0,0,0,"1,000"
5016,松和,"1,000","3,000","-2,000",0.0,0.0,0.0,0,0,0,0,0,0,0,0,0,0,"-2,000"
5201,凱衛,"14,000","23,000","-9,000",0.0,0.0,0.0,0,0,0,-2,0,0,0,998,"1,000",-2,"-9,002"
5202,力新,"190,000","263,000","-73,000",0.0,0.0,0.0,0,0,0,600,0,0,0,"1,600","1,000",600,"-72,400"
5206,坤悅,"373,000","61,050","311,950",0.0,0.0,0.0,0,0,0,269,0,0,0,"6,000","5,731",269,"312,219"
5209,新鼎,"64,094","10,090","54,004",0.0,0.0,0.0,735,0,735,"-4,000",0,"4,000","-4,000","4,000","4,000",0,"50,739"
5210,寶碩,"3,332","24,000","-20,668",0.0,0.0,0.0,0,0,0,0,0,0,0,0,0,0,"-20,668"
5211,蒙恬,"16,000","2,000","14,000",0.0,0.0,0.0,0,0,0,-300,0,0,0,0,300,-300,"13,700"
5213,亞昕,"15,000","20,000","-5,000",0.0,0.0,0.0,0,0,0,59,0,0,0,"3,000","2,941",59,"-4,941"
5220,萬達光電,"2,000","4,000","-2,000",0.0,0.0,0.0,0,0,0,56,0,0,0,56,0,56,"-1,944"
5223,安力-KY,"3,000","2,000","1,000",0.0,0.0,0.0,0,0,0,-5,0,0,0,0,5,-5,995
5227,立凱-KY,"17,262","54,000","-36,738",0.0,0.0,0.0,0,0,0,-85,0,0,0,"1,000","1,085",-85,"-36,823"
5228,鈺鎧,"59,000","37,000","22,000",0.0,0.0,0.0,0,0,0,-18,0,0,0,0,18,-18,"21,982"
5230,雷笛克光學,"10,000","34,000","-24,000",0.0,0.0,0.0,0,0,0,0,0,0,0,0,0,0,"-24,000"
5245,智晶,"9,000","3,000","6,000",0.0,0.0,0.0,0,0,0,"-31,507",0,"31,000","-31,000",0,507,-507,"-25,507"
5251,天鉞電,"131,000","25,000","106,000",0.0,0.0,0.0,0,0,0,"3,180",0,0,0,"3,180",0,"3,180","109,180"
5263,智崴,"131,000","197,815","-66,815",0.0,0.0,0.0,0,0,0,"4,727","5,000",0,"5,000","5,125","5,398",-273,"-62,088"
5272,笙科,"3,000","20,000","-17,000",0.0,0.0,0.0,0,0,0,-336,0,0,0,"1,000","1,336",-336,"-17,336"
5274,信驊,"85,508","89,114","-3,606",0.0,0.0,0.0,"1,850","8,100","-6,250","-2,164",0,200,-200,343,"2,307","-1,964","-12,020"
5278,尚凡*,"7,000","33,000","-26,000",0.0,0.0,0.0,0,0,0,"-1,439",0,0,0,0,"1,439","-1,439","-27,439"
5287,數字,"5,000","7,433","-2,433",0.0,0.0,0.0,"1,926",0,"1,926",0,0,0,0,0,0,0,-507
5289,宜鼎,"453,662","479,250","-25,588",0.0,0.0,0.0,0,0,0,"-22,438","3,026","1,281","1,745","21,942","46,125","-24,183","-48,026"
5291,邑昇,"89,100","191,000","-101,900",0.0,0.0,0.0,0,0,0,"-6,516",0,"7,000","-7,000","4,337","3,853",484,"-108,416"
5299,杰力,"19,000","20,000","-1,000",0.0,0.0,0.0,0,0,0,-435,0,0,0,0,435,-435,"-1,435"
5301,寶得利,"2,000",0,"2,000",0.0,0.0,0.0,0,0,0,0,0,0,0,0,0,0,"2,000"
5302,太欣,0,"89,000","-89,000",0.0,0.0,0.0,0,0,0,-150,0,0,0,0,150,-150,"-89,150"
5309,系統電,"143,000","188,000","-45,000",0.0,0.0,0.0,0,0,0,"-10,506",0,"5,130","-5,130","5,006","10,382","-5,376","-55,506"
5312,寶島科,0,"1,000","-1,000",0.0,0.0,0.0,0,0,0,0,0,0,0,0,0,0,"-1,000"
5314,世紀*,"237,832","40,182","197,650",0.0,0.0,0.0,0,0,0,"-1,018,000","58,000",0,"58,000",0,"1,076,000","-1,076,000","-820,350"
5315,光聯,"12,000","12,000",0,0.0,0.0,0.0,0,0,0,0,0,0,0,0,0,0,0
5321,美而快,"191,087","228,000","-36,913",0.0,0.0,0.0,0,0,0,"-3,926",0,"4,000","-4,000","7,000","6,926",74,"-40,839"
5324,士開,0,"60,000","-60,000",0.0,0.0,0.0,0,0,0,0,0,0,0,0,0,0,"-60,000"
5328,華容,"1,050,450","785,124","265,326",0.0,0.0,0.0,0,0,0,"-130,109",0,0,0,"21,312","151,421","-130,109","135,217"
5340,建榮,"379,090","686,000","-306,910",0.0,0.0,0.0,0,0,0,"-19,494",0,"15,000","-15,000","11,336","15,830","-4,494","-326,404"
5344,立衛,0,"2,000","-2,000",0.0,0.0,0.0,0,0,0,0,0,0,0,0,0,0,"-2,000"
5345,馥鴻,"2,000",0,"2,000",0.0,0.0,0.0,0,0,0,56,0,0,0,56,0,56,"2,056"
5347,世界,"2,710,488","3,902,205","-1,191,717",0.0,0.0,0.0,"559,000","1,241,000","-682,000","1,466","112,000","12,000","100,000","47,894","146,428","-98,534","-1,872,251"
5351,鈺創,"2,194,388","2,971,085","-776,697",0.0,0.0,0.0,0,0,0,732,"1,000",0,"1,000","73,640","73,908",-268,"-775,965"
5353,台林,"3,000","3,000",0,0.0,0.0,0.0,0,0,0,0,0,0,0,0,0,0,0
5355,佳總,"77,000",0,"77,000",0.0,0.0,0.0,0,0,0,0,0,0,0,0,0,0,"77,000"
5356,協益,"1,000",0,"1,000",0.0,0.0,0.0,0,0,0,0,0,0,0,0,0,0,"1,000"
5364,力麗店,0,"10,000","-10,000",0.0,0.0,0.0,0,0,0,0,0,0,0,0,0,0,"-10,000"
5381,光譜,"46,000","95,000","-49,000",0.0,0.0,0.0,0,0,0,0,0,0,0,0,0,0,"-49,000"
5386,青雲,"574,562","485,109","89,453",0.0,0.0,0.0,0,0,0,"-20,322",0,0,0,"9,514","29,836","-20,322","69,131"
5392,能率,"80,000","246,000","-166,000",0.0,0.0,0.0,0,0,0,"-16,830",0,0,0,"3,000","19,830","-16,830","-182,830"
5398,慕康生醫,"1,000","1,000",0,0.0,0.0,0.0,0,0,0,-5,0,0,0,0,5,-5,-5
5403,中菲,"15,000","3,000","12,000",0.0,0.0,0.0,0,0,0,0,0,0,0,0,0,0,"12,000"
5410,國眾,"13,000","118,000","-105,000",0.0,0.0,0.0,0,0,0,"-1,312",0,0,0,0,"1,312","-1,312","-106,312"
5425,台半,"4,055,043","4,231,000","-175,957",0.0,0.0,0.0,0,0,0,"221,237","218,599","30,000","188,599","215,668","183,030","32,638","45,280"
5426,振發,"54,000","83,000","-29,000",0.0,0.0,0.0,0,0,0,235,0,0,0,"2,222","1,987",235,"-28,765"
5432,新門,"6,000","24,000","-18,000",0.0,0.0,0.0,0,0,0,-562,0,0,0,0,562,-562,"-18,562"
5438,東友,"4,000","4,000",0,0.0,0.0,0.0,0,0,0,0,0,0,0,0,0,0,0
5439,高技,"153,255","471,000","-317,745",0.0,0.0,0.0,0,0,0,"-14,013",200,0,200,"22,000","36,213","-14,213","-331,758"
5443,均豪,"277,457","334,000","-56,543",0.0,0.0,0.0,0,0,0,"-28,932",0,0,0,"11,031","39,963","-28,932","-85,475"
5450,南良,"4,000","3,000","1,000",0.0,0.0,0.0,0,0,0,19,0,0,0,19,0,19,"1,019"
5452,佶優,"64,000","127,502","-63,502",0.0,0.0,0.0,0,0,0,"-17,401",0,0,0,"1,000","18,401","-17,401","-80,903"
5457,宣德,"309,613","206,053","103,560",0.0,0.0,0.0,0,0,0,"-42,111","3,000","45,000","-42,000","5,066","5,177",-111,"61,449"
5460,同協,"4,000",0,"4,000",0.0,0.0,0.0,0,0,0,0,0,0,0,0,0,0,"4,000"
5464,霖宏,"172,084","268,000","-95,916",0.0,0.0,0.0,0,0,0,"-12,205","2,000","14,000","-12,000",286,491,-205,"-108,121"
5465,富驊,"4,000","1,000","3,000",0.0,0.0,0.0,0,0,0,0,0,0,0,0,0,0,"3,000"
5468,凱鈺,"23,000","16,000","7,000",0.0,0.0,0.0,0,0,0,0,0,0,0,0,0,0,"7,000"
5474,聰泰,"13,080","35,000","-21,920",0.0,0.0,0.0,0,0,0,"-3,188",0,0,0,765,"3,953","-3,188","-25,108"
5475,德宏,"1,048,563","1,158,010","-109,447",0.0,0.0,0.0,0,0,0,"-90,459",0,"91,000","-91,000","39,283","38,742",541,"-199,906"
5478,智冠,"15,000","14,387",613,0.0,0.0,0.0,0,0,0,0,0,0,0,0,0,0,613
5481,新華,"26,000","13,000","13,000",0.0,0.0,0.0,0,0,0,-15,0,0,0,"5,002","5,017",-15,"12,985"
5483,中美晶,"6,329,063","4,192,828","2,136,235",0.0,0.0,0.0,"1,000","24,000","-23,000","269,025","332,431","69,690","262,741","156,879","150,595","6,284","2,382,260"
5487,通泰,"3,000","13,000","-10,000",0.0,0.0,0.0,0,0,0,0,0,0,0,0,0,0,"-10,000"
5488,松普,"14,000","97,000","-83,000",0.0,0.0,0.0,0,0,0,-71,0,0,0,"1,300","1,371",-71,"-83,071"
5489,彩富,"9,000","5,000","4,000",0.0,0.0,0.0,0,0,0,-194,0,0,0,0,194,-194,"3,806"
5490,同亨,"22,000","106,000","-84,000",0.0,0.0,0.0,0,0,0,-16,0,0,0,"8,000","8,016",-16,"-84,016"
5493,三聯,"5,000","5,000",0,0.0,0.0,0.0,0,0,0,700,0,0,0,"1,000",300,700,700
5498,凱崴,"129,380","197,000","-67,620",0.0,0.0,0.0,0,0,0,"-56,952",0,"3,000","-3,000","3,002","56,954","-53,952","-124,572"
5508,永信建,"27,000","66,000","-39,000",0.0,0.0,0.0,0,0,0,-472,0,0,0,"1,000","1,472",-472,"-39,472"
5511,德昌,"6,000","57,089","-51,089",0.0,0.0,0.0,0,0,0,0,0,0,0,0,0,0,"-51,089"
5512,力麒,"171,279","354,000","-182,721",0.0,0.0,0.0,0,0,0,"-1,138",0,0,0,171,"1,309","-1,138","-183,859"
5514,三豐,0,"1,000","-1,000",0.0,0.0,0.0,0,0,0,0,0,0,0,0,0,0,"-1,000"
5516,雙喜,0,"3,000","-3,000",0.0,0.0,0.0,0,0,0,0,0,0,0,0,0,0,"-3,000"
5520,力泰,"1,000",0,"1,000",0.0,0.0,0.0,0,0,0,0,0,0,0,0,0,0,"1,000"
5529,鉅陞,"99,000","85,000","14,000",0.0,0.0,0.0,0,0,0,628,0,0,0,"1,628","1,000",628,"14,628"
5530,龍巖,"65,000","23,000","42,000",0.0,0.0,0.0,0,0,0,0,0,0,0,0,0,0,"42,000"
5536,聖暉*,"220,931","228,969","-8,038",0.0,0.0,0.0,"5,000",0,"5,000","-5,107","13,000","11,000","2,000","4,747","11,854","-7,107","-8,145"
5603,陸海,0,"19,000","-19,000",0.0,0.0,0.0,0,0,0,888,0,0,0,"5,000","4,112",888,"-18,112"
5604,中連,"5,000",0,"5,000",0.0,0.0,0.0,0,0,0,0,0,0,0,0,0,0,"5,000"
5609,中菲行,"5,000","48,000","-43,000",0.0,0.0,0.0,0,0,0,0,0,0,0,0,0,0,"-43,000"
5701,劍湖山,0,"25,000","-25,000",0.0,0.0,0.0,0,0,0,0,0,0,0,0,0,0,"-25,000"
5704,老爺知,0,"3,000","-3,000",0.0,0.0,0.0,0,0,0,-304,0,0,0,0,304,-304,"-3,304"
5864,致和證,"156,000","778,006","-622,006",0.0,0.0,0.0,0,0,0,0,0,0,0,0,0,0,"-622,006"
5878,台名,0,0,0,0.0,0.0,0.0,0,0,0,"-2,000",0,0,0,0,"2,000","-2,000","-2,000"
5902,德記,"2,000","3,000","-1,000",0.0,0.0,0.0,0,0,0,0,0,0,0,0,0,0,"-1,000"
5903,全家,"10,000","1,000","9,000",0.0,0.0,0.0,0,0,0,"-10,000",0,"10,000","-10,000",0,0,0,"-1,000"
5904,寶雅*,"4,216,677","3,058,400","1,158,277",0.0,0.0,0.0,0,"17,000","-17,000","40,784","17,084","7,000","10,084","30,700",0,"30,700","1,182,061"
5905,南仁湖,"11,270","50,000","-38,730",0.0,0.0,0.0,0,0,0,-28,0,0,0,"5,000","5,028",-28,"-38,758"
6015,宏遠證,"215,000","863,000","-648,000",0.0,0.0,0.0,0,0,0,0,0,0,0,0,0,0,"-648,000"
6016,康和證,"384,000","2,108,000","-1,724,000",0.0,0.0,0.0,0,0,0,0,0,0,0,0,0,0,"-1,724,000"
6020,大展證,"1,000","1,000",0,0.0,0.0,0.0,0,0,0,0,0,0,0,0,0,0,0
6021,美好證,"89,000","187,000","-98,000",0.0,0.0,0.0,0,0,0,0,0,0,0,0,0,0,"-98,000"
6023,元大期,"99,000","128,403","-29,403",0.0,0.0,0.0,0,0,0,"-40,000",0,"40,000","-40,000",0,0,0,"-69,403"
6026,福邦證,"100,000","480,000","-380,000",0.0,0.0,0.0,"25,209",0,"25,209",0,0,0,0,0,0,0,"-354,791"
6101,寬魚國際,"51,000","66,000","-15,000",0.0,0.0,0.0,0,0,0,0,0,0,0,0,0,0,"-15,000"
6103,合邦,"1,000","1,000",0,0.0,0.0,0.0,0,0,0,0,0,0,0,0,0,0,0
6104,創惟,"56,080","183,000","-126,920",0.0,0.0,0.0,0,0,0,"-1,609",0,"1,000","-1,000","6,363","6,972",-609,"-128,529"
6109,亞元,0,"102,000","-102,000",0.0,0.0,0.0,0,0,0,0,0,0,0,0,0,0,"-102,000"
6111,光聚晶電,"63,202","45,000","18,202",0.0,0.0,0.0,0,0,0,"-2,835",0,0,0,"2,000","4,835","-2,835","15,367"
6113,亞矽,"4,000","13,000","-9,000",0.0,0.0,0.0,0,0,0,"-1,000",0,"1,000","-1,000",0,0,0,"-10,000"
6114,久威,0,"13,000","-13,000",0.0,0.0,0.0,0,0,0,-52,0,0,0,"1,000","1,052",-52,"-13,052"
6118,建達,"1,000","15,000","-14,000",0.0,0.0,0.0,0,0,0,-118,0,0,0,0,118,-118,"-14,118"
6121,新普,"108,000","229,000","-121,000",0.0,0.0,0.0,"23,000","2,000","21,000","-8,603","9,000","17,002","-8,002","14,000","14,601",-601,"-108,603"
6122,擎邦,"58,060","55,000","3,060",0.0,0.0,0.0,"4,320",0,"4,320",-766,0,0,0,199,965,-766,"6,614"
6123,上奇,"11,000","5,000","6,000",0.0,0.0,0.0,0,0,0,486,0,0,0,486,0,486,"6,486"
6124,業強,0,"1,000","-1,000",0.0,0.0,0.0,0,0,0,0,0,0,0,0,0,0,"-1,000"
6125,廣運,"101,000","129,000","-28,000",0.0,0.0,0.0,0,0,0,"-11,869",0,"1,000","-1,000","9,554","20,423","-10,869","-39,869"
6126,信音,"52,000","150,000","-98,000",0.0,0.0,0.0,0,0,0,-76,0,0,0,"1,000","1,076",-76,"-98,076"
6127,九豪,"690,346","735,000","-44,654",0.0,0.0,0.0,0,0,0,"-13,140",0,0,0,"3,632","16,772","-13,140","-57,794"
6129,普誠,"11,000","127,888","-116,888",0.0,0.0,0.0,0,0,0,-22,0,0,0,"5,800","5,822",-22,"-116,910"
6130,上亞科技,"60,000","31,000","29,000",0.0,0.0,0.0,0,0,0,"-8,000",0,"8,000","-8,000",0,0,0,"21,000"
6134,萬旭,"11,040","30,000","-18,960",0.0,0.0,0.0,0,0,0,"-2,041",0,"2,000","-2,000",0,41,-41,"-21,001"
6138,茂達,"84,000","64,000","20,000",0.0,0.0,0.0,0,"1,000","-1,000","-2,505",0,161,-161,"7,016","9,360","-2,344","16,495"
6140,訊達,0,0,0,0.0,0.0,0.0,0,0,0,"94,999",0,0,0,"99,999","5,000","94,999","94,999"
6143,振曜,"137,000","267,000","-130,000",0.0,0.0,0.0,0,0,0,"-1,785",0,0,0,420,"2,205","-1,785","-131,785"
6146,耕興,"103,772","185,421","-81,649",0.0,0.0,0.0,0,0,0,-301,0,0,0,0,301,-301,"-81,950"
6147,頎邦,"30,414,232","10,967,208","19,447,024",0.0,0.0,0.0,"1,997,000",0,"1,997,000","840,760","1,366,998","272,000","1,094,998","642,975","897,213","-254,238","22,284,784"
6148,驊宏資,"589,000","587,000","2,000",0.0,0.0,0.0,0,0,0,"18,142",0,0,0,"20,142","2,000","18,142","20,142"
6150,撼訊,"30,534","27,000","3,534",0.0,0.0,0.0,0,0,0,"-2,193",0,0,0,112,"2,305","-2,193","1,341"
6151,晉倫,"14,000","16,000","-2,000",0.0,0.0,0.0,0,0,0,0,0,0,0,0,0,0,"-2,000"
6154,順發,"1,000","1,000",0,0.0,0.0,0.0,0,0,0,0,0,0,0,0,0,0,0
6156,松上,"68,000","80,000","-12,000",0.0,0.0,0.0,0,0,0,600,0,0,0,600,0,600,"-11,400"
6158,禾昌,"1,000","1,000",0,0.0,0.0,0.0,0,0,0,0,0,0,0,0,0,0,0
6160,欣技,"7,000",0,"7,000",0.0,0.0,0.0,0,0,0,-9,0,0,0,"1,000","1,009",-9,"6,991"
6161,捷波,"21,000","11,000","10,000",0.0,0.0,0.0,0,0,0,"5,000","5,000",0,"5,000",0,0,0,"15,000"
6163,華電網,"381,028","857,000","-475,972",0.0,0.0,0.0,0,0,0,"4,656",0,0,0,"15,000","10,344","4,656","-471,316"
6167,久正,"9,000","43,000","-34,000",0.0,0.0,0.0,0,0,0,0,0,0,0,0,0,0,"-34,000"
6170,統振,"13,000","12,000","1,000",0.0,0.0,0.0,0,0,0,989,0,0,0,"1,000",11,989,"1,989"
6171,大城地產,"1,000","1,000",0,0.0,0.0,0.0,0,0,0,0,0,0,0,0,0,0,0
6173,信昌電,"6,237,338","6,780,802","-543,464",0.0,0.0,0.0,0,0,0,"96,929","257,998","145,033","112,965","50,734","66,770","-16,036","-446,535"
6174,安碁,"263,036","118,000","145,036",0.0,0.0,0.0,0,0,0,"-1,134",0,"2,000","-2,000","1,528",662,866,"143,902"
6175,立敦,"160,000","121,000","39,000",0.0,0.0,0.0,0,0,0,0,0,0,0,0,0,0,"39,000"
6179,亞通,"2,762,422","3,259,212","-496,790",0.0,0.0,0.0,0,0,0,"-137,645",0,"1,000","-1,000","20,392","157,037","-136,645","-634,435"
6180,橘子,"53,000","27,000","26,000",0.0,0.0,0.0,0,0,0,0,0,0,0,0,0,0,"26,000"
6182,合晶,"11,120,630","10,963,220","157,410",0.0,0.0,0.0,0,0,0,"81,119","267,972","190,583","77,389","47,775","44,045","3,730","238,529"
6185,幃翔,"11,000","115,114","-104,114",0.0,0.0,0.0,0,0,0,-890,0,0,0,"26,000","26,890",-890,"-105,004"
6186,新潤,"161,000","388,000","-227,000",0.0,0.0,0.0,0,0,0,72,0,0,0,"17,000","16,928",72,"-226,928"
6187,萬潤,"405,375","518,455","-113,080",0.0,0.0,0.0,0,"19,000","-19,000","-10,866","10,000","13,712","-3,712","21,266","28,420","-7,154","-142,946"
6188,廣明,"92,000","205,000","-113,000",0.0,0.0,0.0,0,0,0,"-2,022","11,000","11,192",-192,"6,000","7,830","-1,830","-115,022"
6190,萬泰科,"172,000","130,000","42,000",0.0,0.0,0.0,0,0,0,"-17,398",0,"3,000","-3,000",0,"14,398","-14,398","24,602"
6194,育富,"6,000","7,000","-1,000",0.0,0.0,0.0,0,0,0,0,0,0,0,0,0,0,"-1,000"
6195,詩肯,0,"1,000","-1,000",0.0,0.0,0.0,0,0,0,114,0,0,0,114,0,114,-886
6199,天品,"741,000","739,750","1,250",0.0,0.0,0.0,0,0,0,249,0,0,0,249,0,249,"1,499"
006201,元大富櫃50,"1,000","14,000","-13,000",0.0,0.0,0.0,"40,000",0,"40,000","3,597",0,0,0,"65,150","61,553","3,597","30,597"
6203,海韻電,"16,000","15,000","1,000",0.0,0.0,0.0,0,0,0,0,0,0,0,"1,000","1,000",0,"1,000"
6204,艾華,"20,000","75,000","-55,000",0.0,0.0,0.0,0,0,0,0,0,0,0,0,0,0,"-55,000"
6207,雷科,"473,292","458,250","15,042",0.0,0.0,0.0,0,0,0,"-30,480",0,0,0,"12,126","42,606","-30,480","-15,438"
6208,日揚,"7,000","46,000","-39,000",0.0,0.0,0.0,0,0,0,"-1,091",0,0,0,"3,000","4,091","-1,091","-40,091"
6210,慶生,0,0,0,0.0,0.0,0.0,0,0,0,-20,0,0,0,0,20,-20,-20
6212,理銘,"1,000",0,"1,000",0.0,0.0,0.0,0,0,0,0,0,0,0,0,0,0,"1,000"
6217,中探針,"639,203","1,149,000","-509,797",0.0,0.0,0.0,0,0,0,"-1,291",0,150,-150,"37,592","38,733","-1,141","-511,088"
6218,豪勉,"875,045","434,172","440,873",0.0,0.0,0.0,0,0,0,"148,733",0,"3,000","-3,000","152,733","1,000","151,733","589,606"
6219,富旺,"2,000","7,000","-5,000",0.0,0.0,0.0,0,0,0,0,0,0,0,0,0,0,"-5,000"
6220,岳豐,"39,000","45,000","-6,000",0.0,0.0,0.0,0,0,0,0,0,0,0,0,0,0,"-6,000"
6221,晉泰,0,0,0,0.0,0.0,0.0,0,0,0,"1,116",0,0,0,"1,116",0,"1,116","1,116"
6222,立軒,"1,000",0,"1,000",0.0,0.0,0.0,0,0,0,-41,0,0,0,"1,000","1,041",-41,959
6223,旺矽,"192,719","286,253","-93,534",0.0,0.0,0.0,"30,420","9,000","21,420","14,360","11,028","4,198","6,830","29,936","22,406","7,530","-57,754"
6227,茂綸,"1,133,566","406,043","727,523",0.0,0.0,0.0,0,0,0,"107,400","1,000",0,"1,000","114,672","8,272","106,400","834,923"
6229,研通,"2,000","4,000","-2,000",0.0,0.0,0.0,0,0,0,-20,0,0,0,0,20,-20,"-2,020"
6231,系微,"38,000","130,000","-92,000",0.0,0.0,0.0,0,0,0,"-5,821",0,0,0,"6,591","12,412","-5,821","-97,821"
6233,旺玖,"16,000","28,000","-12,000",0.0,0.0,0.0,0,0,0,-3,0,0,0,0,3,-3,"-12,003"
6234,高僑,"72,000","64,000","8,000",0.0,0.0,0.0,0,0,0,60,0,0,0,550,490,60,"8,060"
6237,驊訊,"40,000","13,000","27,000",0.0,0.0,0.0,0,0,0,0,0,0,0,0,0,0,"27,000"
6240,松崗,"32,000","17,000","15,000",0.0,0.0,0.0,0,0,0,-230,0,0,0,0,230,-230,"14,770"
6241,鑫永洋,0,"4,000","-4,000",0.0,0.0,0.0,0,0,0,-298,0,0,0,"1,702","2,000",-298,"-4,298"
6244,茂迪,"289,193","530,000","-240,807",0.0,0.0,0.0,0,0,0,"-23,744",0,0,0,"4,000","27,744","-23,744","-264,551"
6245,立端,"478,141","753,000","-274,859",0.0,0.0,0.0,0,0,0,"1,598","19,000","18,000","1,000","25,724","25,126",598,"-273,261"
6248,沛波,"3,000","2,000","1,000",0.0,0.0,0.0,0,0,0,-128,0,0,0,0,128,-128,872
6259,百徽,"39,000","22,000","17,000",0.0,0.0,0.0,0,0,0,3,0,0,0,3,0,3,"17,003"
6261,久元,"181,000","163,048","17,952",0.0,0.0,0.0,0,0,0,"22,545",0,0,0,"26,005","3,460","22,545","40,497"
6263,普萊德,"20,070","5,000","15,070",0.0,0.0,0.0,0,0,0,-493,0,0,0,"6,000","6,493",-493,"14,577"
6264,富裔,0,0,0,0.0,0.0,0.0,0,0,0,-21,0,0,0,0,21,-21,-21
6265,方土昶,"273,500","695,000","-421,500",0.0,0.0,0.0,0,0,0,"-6,047",0,"1,000","-1,000","12,744","17,791","-5,047","-427,547"
6266,泰詠,"2,000","16,000","-14,000",0.0,0.0,0.0,0,0,0,762,0,0,0,762,0,762,"-13,238"
6270,倍微,"40,300","25,000","15,300",0.0,0.0,0.0,0,0,0,-629,0,"1,000","-1,000",395,24,371,"14,671"
6274,台燿,"1,843,029","3,034,886","-1,191,857",0.0,0.0,0.0,"176,000",0,"176,000","-141,199","58,709","155,342","-96,633","43,902","88,468","-44,566","-1,157,056"
6275,元山,"13,000","23,000","-10,000",0.0,0.0,0.0,0,0,0,329,0,0,0,"1,000",671,329,"-9,671"
6276,安鈦克,0,"3,000","-3,000",0.0,0.0,0.0,0,0,0,541,0,0,0,"1,000",459,541,"-2,459"
6279,胡連,"53,000","87,000","-34,000",0.0,0.0,0.0,0,0,0,"7,393","10,000",0,"10,000","3,000","5,607","-2,607","-26,607"
6284,佳邦,"192,598","238,000","-45,402",0.0,0.0,0.0,0,0,0,"-2,353",0,"3,000","-3,000","4,719","4,072",647,"-47,755"
6290,良維,"466,054","680,000","-213,946",0.0,0.0,0.0,0,0,0,"21,361","80,000","28,000","52,000","6,263","36,902","-30,639","-192,585"
6291,沛亨,"196,073","248,000","-51,927",0.0,0.0,0.0,0,0,0,"-26,212",0,"3,000","-3,000","5,755","28,967","-23,212","-78,139"
6292,迅德,"66,290","77,000","-10,710",0.0,0.0,0.0,0,0,0,0,0,0,0,0,0,0,"-10,710"
6294,智基,0,0,0,0.0,0.0,0.0,0,0,0,-548,0,0,0,0,548,-548,-548
6411,晶焱,"11,000","82,000","-71,000",0.0,0.0,0.0,0,0,0,"-3,290",0,"1,480","-1,480","2,000","3,810","-1,810","-74,290"
6417,韋僑,"10,000","20,000","-10,000",0.0,0.0,0.0,0,0,0,-125,0,0,0,0,125,-125,"-10,125"
6418,詠昇,50,"11,000","-10,950",0.0,0.0,0.0,0,0,0,-6,0,0,0,"1,000","1,006",-6,"-10,956"
6419,京晨科,"21,000","53,000","-32,000",0.0,0.0,0.0,0,0,0,268,0,0,0,"2,034","1,766",268,"-31,732"
6423,億而得,"2,000","2,000",0,0.0,0.0,0.0,0,0,0,0,0,0,0,0,0,0,0
6425,易發,"21,000","33,000","-12,000",0.0,0.0,0.0,0,0,0,"1,771","2,000",0,"2,000","1,000","1,229",-229,"-10,229"
6432,今展科,"72,000","65,000","7,000",0.0,0.0,0.0,0,0,0,-341,0,0,0,0,341,-341,"6,659"
6435,大中,"63,212","88,060","-24,848",0.0,0.0,0.0,0,0,0,"-9,616",0,0,0,300,"9,916","-9,616","-34,464"
6441,廣錠,"62,000","33,000","29,000",0.0,0.0,0.0,0,0,0,"-1,220",0,"1,000","-1,000",0,220,-220,"27,780"
6461,益得,"3,000","4,000","-1,000",0.0,0.0,0.0,0,0,0,-194,0,0,0,"1,000","1,194",-194,"-1,194"
6462,神盾,"124,137","126,000","-1,863",0.0,0.0,0.0,0,0,0,"-7,710","1,000",0,"1,000","6,001","14,711","-8,710","-9,573"
6465,威潤,"27,000","15,000","12,000",0.0,0.0,0.0,0,0,0,-552,0,0,0,2,554,-552,"11,448"
6469,大樹,"14,000","182,000","-168,000",0.0,0.0,0.0,0,0,0,-169,"5,000","4,428",572,"30,000","30,741",-741,"-168,169"
6470,宇智,0,"1,000","-1,000",0.0,0.0,0.0,0,0,0,0,0,0,0,0,0,0,"-1,000"
6474,華豫寧,0,"5,000","-5,000",0.0,0.0,0.0,0,0,0,0,0,0,0,0,0,0,"-5,000"
6485,點序,"14,000","58,000","-44,000",0.0,0.0,0.0,0,0,0,203,0,0,0,784,581,203,"-43,797"
6486,互動,"11,000","12,000","-1,000",0.0,0.0,0.0,0,0,0,-257,0,0,0,"1,000","1,257",-257,"-1,257"
6488,環球晶,"3,183,298","3,053,134","130,164",0.0,0.0,0.0,0,"8,000","-8,000","-63,945","6,000","93,220","-87,220","142,317","119,042","23,275","58,219"
6492,生華科,"36,000","26,000","10,000",0.0,0.0,0.0,0,0,0,476,0,0,0,"1,000",524,476,"10,476"
6494,九齊,"2,000","15,000","-13,000",0.0,0.0,0.0,0,0,0,"-2,461",0,"2,000","-2,000",0,461,-461,"-15,461"
6498,久禾光,"21,000","36,000","-15,000",0.0,0.0,0.0,0,0,0,"-2,000",0,0,0,0,"2,000","-2,000","-17,000"
6499,益安,"48,307","35,000","13,307",0.0,0.0,0.0,0,0,0,751,0,0,0,"1,000",249,751,"14,058"
6506,雙邦,"12,000","3,000","9,000",0.0,0.0,0.0,0,0,0,0,0,0,0,0,0,0,"9,000"
6508,惠光,"2,000","5,000","-3,000",0.0,0.0,0.0,0,0,0,0,0,0,0,0,0,0,"-3,000"
6509,聚和,"371,223","143,000","228,223",0.0,0.0,0.0,0,0,0,"-19,180",0,"6,000","-6,000","2,803","15,983","-13,180","209,043"
6510,精測,"424,239","240,831","183,408",0.0,0.0,0.0,"2,000","207,000","-205,000","-2,206","27,041","22,130","4,911","7,896","15,013","-7,117","-23,798"
6516,勤崴國際,"6,000","12,000","-6,000",0.0,0.0,0.0,0,0,0,482,0,0,0,"1,000",518,482,"-5,518"
6517,保勝光學,"27,000","80,000","-53,000",0.0,0.0,0.0,0,0,0,"-2,087",0,"1,590","-1,590","2,062","2,559",-497,"-55,087"
6523,達爾膚,"1,000",0,"1,000",0.0,0.0,0.0,0,0,0,363,0,0,0,"1,000",637,363,"1,363"
6527,明達醫,0,"1,000","-1,000",0.0,0.0,0.0,0,0,0,0,0,0,0,0,0,0,"-1,000"
6530,創威,"376,022","291,000","85,022",0.0,0.0,0.0,0,0,0,-931,0,200,-200,470,"1,201",-731,"84,091"
6532,瑞耘,"39,239","164,000","-124,761",0.0,0.0,0.0,0,0,0,-57,0,0,0,0,57,-57,"-124,818"
6535,順藥,"74,651","32,000","42,651",0.0,0.0,0.0,0,"40,000","-40,000",-33,0,0,0,0,33,-33,"2,618"
6538,倉和,"10,000","12,001","-2,001",0.0,0.0,0.0,0,0,0,719,0,"1,000","-1,000","4,000","2,281","1,719","-1,282"
6546,正基,"22,745","72,000","-49,255",0.0,0.0,0.0,0,0,0,-604,0,0,0,"1,002","1,606",-604,"-49,859"
6547,高端疫苗,"1,117,583","652,000","465,583",0.0,0.0,0.0,0,0,0,"-29,687","5,000","32,000","-27,000","9,192","11,879","-2,687","435,896"
6548,長科*,"697,864","415,000","282,864",0.0,0.0,0.0,0,"14,000","-14,000","-1,254",0,"4,000","-4,000","14,614","11,868","2,746","267,610"
6556,勝品,0,0,0,0.0,0.0,0.0,0,0,0,"1,000",0,0,0,"4,000","3,000","1,000","1,000"
6560,欣普羅,"9,000","6,000","3,000",0.0,0.0,0.0,0,0,0,0,0,0,0,0,0,0,"3,000"
6561,是方,"11,000","40,000","-29,000",0.0,0.0,0.0,0,0,0,"1,059","1,000",57,943,"7,000","6,884",116,"-27,941"
6568,宏觀,"6,060","21,050","-14,990",0.0,0.0,0.0,0,0,0,94,0,0,0,"1,000",906,94,"-14,896"
6569,醫揚,"4,000",0,"4,000",0.0,0.0,0.0,0,0,0,-31,0,0,0,0,31,-31,"3,969"
6570,維田,"37,000","9,000","28,000",0.0,0.0,0.0,0,0,0,-43,0,0,0,0,43,-43,"27,957"
6574,霈方,0,"5,000","-5,000",0.0,0.0,0.0,0,0,0,0,0,0,0,0,0,0,"-5,000"
6576,逸達,"23,000","13,000","10,000",0.0,0.0,0.0,0,0,0,0,0,0,0,0,0,0,"10,000"
6577,勁豐,"1,000","4,000","-3,000",0.0,0.0,0.0,759,0,759,0,0,0,0,0,0,0,"-2,241"
6578,達邦蛋白,"1,000","7,000","-6,000",0.0,0.0,0.0,0,0,0,0,0,0,0,0,0,0,"-6,000"
6584,南俊國際,"76,000","55,286","20,714",0.0,0.0,0.0,0,0,0,"-1,464",0,0,0,"3,378","4,842","-1,464","19,250"
6588,東典光電,"142,555","134,000","8,555",0.0,0.0,0.0,0,0,0,-735,0,"1,030","-1,030","2,561","2,266",295,"7,820"
6590,普鴻,"21,000","5,000","16,000",0.0,0.0,0.0,0,0,0,0,0,0,0,0,0,0,"16,000"
6593,台灣銘板,"3,000","11,000","-8,000",0.0,0.0,0.0,0,0,0,0,0,0,0,0,0,0,"-8,000"
6596,寬宏藝術,"51,000","16,000","35,000",0.0,0.0,0.0,0,0,0,-400,0,0,0,0,400,-400,"34,600"
6603,富強鑫,"135,000","968,000","-833,000",0.0,0.0,0.0,0,0,0,"-19,343",0,0,0,0,"19,343","-19,343","-852,343"
6609,瀧澤科,"53,533","13,000","40,533",0.0,0.0,0.0,0,0,0,0,0,0,0,0,0,0,"40,533"
6612,奈米醫材,"4,000","32,200","-28,200",0.0,0.0,0.0,0,0,0,0,0,0,0,0,0,0,"-28,200"
6613,朋億*,"134,180","105,000","29,180",0.0,0.0,0.0,0,0,0,"-7,551",0,"5,000","-5,000",535,"3,086","-2,551","21,629"
6617,共信-KY,"106,039","185,000","-78,961",0.0,0.0,0.0,0,0,0,481,0,0,0,"3,917","3,436",481,"-78,480"
6620,漢達,"135,000","90,000","45,000",0.0,0.0,0.0,0,0,0,"100,536","30,000",0,"30,000","86,536","16,000","70,536","145,536"
6624,萬年清,"1,000","2,000","-1,000",0.0,0.0,0.0,0,0,0,-995,0,0,0,5,"1,000",-995,"-1,995"
6629,泰金-KY,0,"2,000","-2,000",0.0,0.0,0.0,0,0,0,0,0,0,0,0,0,0,"-2,000"
6640,均華,"38,002","74,003","-36,001",0.0,0.0,0.0,0,"1,000","-1,000","-6,771",0,0,0,"2,406","9,177","-6,771","-43,772"
6642,富致,"14,000","19,000","-5,000",0.0,0.0,0.0,0,0,0,-267,0,0,0,0,267,-267,"-5,267"
6643,M31,"41,494","95,000","-53,506",0.0,0.0,0.0,0,0,0,"-17,933",0,0,0,230,"18,163","-17,933","-71,439"
6649,台生材,"2,000","2,000",0,0.0,0.0,0.0,0,0,0,0,0,0,0,0,0,0,0
6651,全宇昕,"10,000","9,000","1,000",0.0,0.0,0.0,0,0,0,"-1,601",0,"2,018","-2,018",418,1,417,-601
6654,天正國際,"1,042","6,000","-4,958",0.0,0.0,0.0,0,0,0,"1,004","1,004",0,"1,004",0,0,0,"-3,954"
6662,樂斯科,0,"1,000","-1,000",0.0,0.0,0.0,0,0,0,0,0,0,0,0,0,0,"-1,000"
6664,群翊,"45,092","32,399","12,693",0.0,0.0,0.0,0,0,0,"-9,016",0,0,0,"2,100","11,116","-9,016","3,677"
6667,信紘科,"26,009","18,233","7,776",0.0,0.0,0.0,0,0,0,"-20,919",0,"4,000","-4,000",0,"16,919","-16,919","-13,143"
6679,鈺太,"13,005","89,000","-75,995",0.0,0.0,0.0,0,0,0,186,0,0,0,"6,000","5,814",186,"-75,809"
6683,雍智科技,"785,959","329,000","456,959",0.0,0.0,0.0,0,0,0,"-47,109","9,000","26,000","-17,000","40,992","71,101","-30,109","409,850"
6684,安格,"12,000","9,000","3,000",0.0,0.0,0.0,0,0,0,128,0,0,0,"1,000",872,128,"3,128"
6690,安碁資訊,"291,026","364,059","-73,033",0.0,0.0,0.0,0,0,0,"-6,698","4,000",0,"4,000","27,288","37,986","-10,698","-79,731"
6693,廣閎科,"242,732","254,000","-11,268",0.0,0.0,0.0,0,0,0,"-52,678",0,0,0,"2,005","54,683","-52,678","-63,946"
6697,東捷資訊,"5,000","3,000","2,000",0.0,0.0,0.0,0,0,0,-508,0,0,0,588,"1,096",-508,"1,492"
6703,軒郁,0,"3,000","-3,000",0.0,0.0,0.0,"1,500",0,"1,500",0,0,0,0,0,0,0,"-1,500"
6708,天擎,"2,000","4,000","-2,000",0.0,0.0,0.0,0,0,0,0,0,0,0,0,0,0,"-2,000"
6712,長聖,"65,039","25,000","40,039",0.0,0.0,0.0,0,0,0,893,742,0,742,151,0,151,"40,932"
6716,應廣,"124,271","224,000","-99,729",0.0,0.0,0.0,0,0,0,-266,0,0,0,"3,100","3,366",-266,"-99,995"
6720,久昌,"3,000","1,000","2,000",0.0,0.0,0.0,0,0,0,299,0,0,0,299,0,299,"2,299"
6725,矽科宏晟,"21,000","4,000","17,000",0.0,0.0,0.0,0,0,0,"4,768","5,000",0,"5,000",0,232,-232,"21,768"
6727,亞泰金屬,"353,100","288,943","64,157",0.0,0.0,0.0,0,0,0,"-6,554",0,0,0,"11,427","17,981","-6,554","57,603"
6728,上洋,"1,000",0,"1,000",0.0,0.0,0.0,0,0,0,-332,0,0,0,0,332,-332,668
6732,昇佳電子,"3,000","22,000","-19,000",0.0,0.0,0.0,0,0,0,-654,0,0,0,10,664,-654,"-19,654"
6733,博晟生醫,0,0,0,0.0,0.0,0.0,0,0,0,-50,0,0,0,0,50,-50,-50
6735,美達科技,"10,000","11,000","-1,000",0.0,0.0,0.0,0,0,0,-75,0,0,0,25,100,-75,"-1,075"
6739,竹陞科技,"43,046","87,103","-44,057",0.0,0.0,0.0,"17,000",0,"17,000","-2,493","6,073","4,000","2,073","15,000","19,566","-4,566","-29,550"
6741,91APP*-KY,"27,145","21,000","6,145",0.0,0.0,0.0,0,0,0,181,0,0,0,181,0,181,"6,326"
6751,智聯服務,0,"1,000","-1,000",0.0,0.0,0.0,0,0,0,0,0,0,0,0,0,0,"-1,000"
6752,叡揚,"21,000","40,000","-19,000",0.0,0.0,0.0,0,0,0,-441,0,0,0,"8,300","8,741",-441,"-19,441"
6761,穩得,"17,000","47,000","-30,000",0.0,0.0,0.0,0,0,0,"-2,622",0,0,0,"1,050","3,672","-2,622","-32,622"
6763,綠界科技*,"31,000","21,824","9,176",0.0,0.0,0.0,0,0,0,597,0,0,0,"1,000",403,597,"9,773"
6785,昱展新藥,"19,000","5,000","14,000",0.0,0.0,0.0,0,0,0,-98,0,0,0,0,98,-98,"13,902"
6788,華景電,"30,000","57,000","-27,000",0.0,0.0,0.0,0,0,0,"-3,421",0,260,-260,"10,000","13,161","-3,161","-30,421"
6791,虎門科技,"2,000","4,000","-2,000",0.0,0.0,0.0,0,0,0,0,0,0,0,0,0,0,"-2,000"
6803,崑鼎,"6,000","16,000","-10,000",0.0,0.0,0.0,0,0,0,-43,0,0,0,0,43,-43,"-10,043"
6804,明係,"2,000","1,000","1,000",0.0,0.0,0.0,0,0,0,0,0,0,0,0,0,0,"1,000"
6811,宏碁資訊,"423,322","335,090","88,232",0.0,0.0,0.0,0,0,0,"51,482","13,000","2,000","11,000","47,891","7,409","40,482","139,714"
6821,聯寶,"11,000","5,000","6,000",0.0,0.0,0.0,0,0,0,-61,0,0,0,0,61,-61,"5,939"
6823,濾能,"8,000","29,000","-21,000",0.0,0.0,0.0,0,0,0,-24,0,0,0,0,24,-24,"-21,024"
6829,千附精密,"203,050","462,332","-259,282",0.0,0.0,0.0,0,0,0,"-20,681",0,"1,000","-1,000","35,000","54,681","-19,681","-279,963"
6840,東研信超,"63,000","37,000","26,000",0.0,0.0,0.0,0,0,0,"1,099","1,000",0,"1,000",99,0,99,"27,099"
6841,長佳智能,"44,120","6,000","38,120",0.0,0.0,0.0,0,0,0,-109,0,0,0,408,517,-109,"38,011"
6843,進典,"1,000",0,"1,000",0.0,0.0,0.0,0,0,0,0,0,0,0,0,0,0,"1,000"
6846,綠茵,0,"1,000","-1,000",0.0,0.0,0.0,0,0,0,0,0,0,0,0,0,0,"-1,000"
6856,鑫傳,0,"1,000","-1,000",0.0,0.0,0.0,0,0,0,0,0,0,0,0,0,0,"-1,000"
6859,伯特光,"1,040","3,000","-1,960",0.0,0.0,0.0,0,0,0,-69,0,0,0,0,69,-69,"-2,029"
6865,偉康科技,"4,000","8,000","-4,000",0.0,0.0,0.0,0,0,0,-211,0,0,0,"1,000","1,211",-211,"-4,211"
6870,騰雲,"85,000","44,060","40,940",0.0,0.0,0.0,0,0,0,"17,783",0,"3,273","-3,273","25,155","4,099","21,056","58,723"
6872,浩宇生醫,"3,000",0,"3,000",0.0,0.0,0.0,0,0,0,0,0,0,0,0,0,0,"3,000"
6874,倍力,"17,000","15,000","2,000",0.0,0.0,0.0,0,0,0,0,0,0,0,0,0,0,"2,000"
6875,國邑*,"75,000",0,"75,000",0.0,0.0,0.0,0,0,0,0,0,0,0,0,0,0,"75,000"
6877,鏵友益,"15,082","26,000","-10,918",0.0,0.0,0.0,0,0,0,96,0,0,0,"1,000",904,96,"-10,822"
6894,衛司特,"3,000","20,000","-17,000",0.0,0.0,0.0,0,0,0,-701,0,56,-56,"1,153","1,798",-645,"-17,701"
6895,宏碩系統,"7,000","8,000","-1,000",0.0,0.0,0.0,0,0,0,"-1,567",0,0,0,0,"1,567","-1,567","-2,567"
6903,巨漢,"45,280","26,000","19,280",0.0,0.0,0.0,0,0,0,"-42,213",0,40,-40,"2,000","44,173","-42,173","-22,933"
6907,雅特力-KY,"90,000","148,000","-58,000",0.0,0.0,0.0,0,0,0,"-14,436",0,0,0,"3,322","17,758","-14,436","-72,436"
6910,德鴻,"2,000",0,"2,000",0.0,0.0,0.0,0,0,0,0,0,0,0,0,0,0,"2,000"
6913,鴻呈,"78,148","83,000","-4,852",0.0,0.0,0.0,0,0,0,619,"3,000","2,000","1,000","1,095","1,476",-381,"-4,233"
6922,宸曜,"8,791","49,000","-40,209",0.0,0.0,0.0,0,0,0,"-6,698","5,000",314,"4,686",0,"11,384","-11,384","-46,907"
6945,圓祥生技,"272,000","17,000","255,000",0.0,0.0,0.0,0,0,0,"18,185","18,185",0,"18,185",0,0,0,"273,185"
6953,家碩,"11,000","10,000","1,000",0.0,0.0,0.0,0,0,0,"-1,298",0,0,0,43,"1,341","-1,298",-298
6961,旅天下,"1,000","1,000",0,0.0,0.0,0.0,0,0,0,0,0,0,0,0,0,0,0
6967,汎瑋材料,"18,219","7,000","11,219",0.0,0.0,0.0,0,0,0,0,0,0,0,0,0,0,"11,219"
6968,萬達寵物,"1,000","3,000","-2,000",0.0,0.0,0.0,0,0,0,"-5,000",0,"5,000","-5,000",0,0,0,"-7,000"
6971,惠民實業,"2,000",0,"2,000",0.0,0.0,0.0,0,0,0,0,0,0,0,0,0,0,"2,000"
6982,大井泵浦,"5,000","3,000","2,000",0.0,0.0,0.0,0,0,0,-100,0,0,0,0,100,-100,"1,900"
6983,華洋精機,"2,000","3,000","-1,000",0.0,0.0,0.0,0,0,0,99,0,0,0,99,0,99,-901
6986,和迅,0,"1,000","-1,000",0.0,0.0,0.0,0,0,0,"-1,000",0,"1,000","-1,000",0,0,0,"-2,000"
6996,力領科技,"15,000","15,000",0,0.0,0.0,0.0,0,0,0,"-1,162",0,"1,450","-1,450",288,0,288,"-1,162"
6997,博弘,0,"2,000","-2,000",0.0,0.0,0.0,0,0,0,0,0,0,0,0,0,0,"-2,000"
7402,邑錡,"5,000","28,810","-23,810",0.0,0.0,0.0,0,0,0,"-9,324",0,0,0,0,"9,324","-9,324","-33,134"
7547,碩網,"6,000","10,000","-4,000",0.0,0.0,0.0,0,0,0,0,0,0,0,0,0,0,"-4,000"
7556,意德士,"5,000","14,000","-9,000",0.0,0.0,0.0,0,0,0,852,0,0,0,"1,044",192,852,"-8,148"
7584,樂意,"1,000",0,"1,000",0.0,0.0,0.0,0,0,0,-10,0,0,0,0,10,-10,990
7642,昶瑞機電,"2,000","3,000","-1,000",0.0,0.0,0.0,0,0,0,0,0,0,0,0,0,0,"-1,000"
7703,銳澤,"35,061","13,000","22,061",0.0,0.0,0.0,0,0,0,-153,0,0,0,47,200,-153,"21,908"
7704,明遠精密,"1,000",0,"1,000",0.0,0.0,0.0,0,0,0,0,0,0,0,0,0,0,"1,000"
7709,榮田,"12,000","38,000","-26,000",0.0,0.0,0.0,0,0,0,-71,0,0,0,"1,000","1,071",-71,"-26,071"
7712,博盛半導體,"22,000","22,000",0,0.0,0.0,0.0,0,0,0,621,0,0,0,"2,324","1,703",621,621
7713,威力德生醫,0,"2,000","-2,000",0.0,0.0,0.0,0,0,0,0,0,0,0,0,0,0,"-2,000"
7714,創泓科技,"284,937","170,000","114,937",0.0,0.0,0.0,0,0,0,"1,755",0,0,0,"2,775","1,020","1,755","116,692"
7715,裕山,0,"21,000","-21,000",0.0,0.0,0.0,0,0,0,-65,0,0,0,0,65,-65,"-21,065"
7717,萊德光電-KY,"105,990","121,000","-15,010",0.0,0.0,0.0,0,0,0,-733,0,0,0,"2,933","3,666",-733,"-15,743"
7718,友鋮,0,0,0,0.0,0.0,0.0,0,0,0,20,0,0,0,20,0,20,20
7723,築間,"4,000","9,000","-5,000",0.0,0.0,0.0,0,0,0,0,0,0,0,0,0,0,"-5,000"
7728,光焱科技,"22,000","58,000","-36,000",0.0,0.0,0.0,0,0,0,578,0,0,0,"2,155","1,577",578,"-35,422"
7734,印能科技,"78,242","55,409","22,833",0.0,0.0,0.0,0,"9,000","-9,000","3,754","2,000","3,000","-1,000","6,161","1,407","4,754","17,587"
7738,東聯互動,"4,000","5,000","-1,000",0.0,0.0,0.0,0,0,0,0,0,0,0,0,0,0,"-1,000"
7743,金利食安,"7,000",0,"7,000",0.0,0.0,0.0,0,0,0,"2,000","2,000",0,"2,000",0,0,0,"9,000"
7744,崴寶,"14,000","19,000","-5,000",0.0,0.0,0.0,0,0,0,"-2,084",0,0,0,97,"2,181","-2,084","-7,084"
7751,竑騰,"65,000","79,000","-14,000",0.0,0.0,0.0,0,0,0,"-1,331","5,000","5,283",-283,232,"1,280","-1,048","-15,331"
7753,星亞,0,"6,000","-6,000",0.0,0.0,0.0,0,0,0,0,0,0,0,0,0,0,"-6,000"
7767,仁大資訊,"5,000","13,000","-8,000",0.0,0.0,0.0,0,0,0,0,0,0,0,0,0,0,"-8,000"
7770,君曜,"2,000","1,000","1,000",0.0,0.0,0.0,0,0,0,"-2,000",0,"2,000","-2,000",0,0,0,"-1,000"
7772,耀穎,0,"4,000","-4,000",0.0,0.0,0.0,0,0,0,0,0,0,0,0,0,0,"-4,000"
7777,能率亞洲,"80,000","316,000","-236,000",0.0,0.0,0.0,0,0,0,"-7,574",0,286,-286,"1,700","8,988","-7,288","-243,574"
7792,安葆,"87,523","51,206","36,317",0.0,0.0,0.0,0,0,0,"1,425",0,0,0,"3,235","1,810","1,425","37,742"
7794,宏碁智新,"2,000","3,000","-1,000",0.0,0.0,0.0,0,0,0,0,0,0,0,0,0,0,"-1,000"
7805,威聯通,"20,000","12,000","8,000",0.0,0.0,0.0,0,0,0,"-1,919",0,0,0,81,"2,000","-1,919","6,081"
7810,捷創科技,"22,100","54,000","-31,900",0.0,0.0,0.0,0,0,0,"9,900","9,000",0,"9,000","1,000",100,900,"-22,000"
7814,海昌生技,0,"1,000","-1,000",0.0,0.0,0.0,0,0,0,0,0,0,0,0,0,0,"-1,000"
7819,精誠金融,"2,000","1,000","1,000",0.0,0.0,0.0,0,0,0,0,0,0,0,0,0,0,"1,000"
7820,立盈,"4,000","8,000","-4,000",0.0,0.0,0.0,0,0,0,0,0,0,0,0,0,0,"-4,000"
7825,和亞智慧,"38,000","233,000","-195,000",0.0,0.0,0.0,0,0,0,0,0,0,0,0,0,0,"-195,000"
7828,創新服務,"60,010","128,118","-68,108",0.0,0.0,0.0,"1,000",0,"1,000","2,238","2,000",0,"2,000",238,0,238,"-64,870"
7839,達人網,"14,000",0,"14,000",0.0,0.0,0.0,0,0,0,"-12,000",0,"12,000","-12,000",0,0,0,"2,000"
7842,天能綠電,"8,000",0,"8,000",0.0,0.0,0.0,0,0,0,0,0,0,0,0,0,0,"8,000"
8024,佑華,0,"1,000","-1,000",0.0,0.0,0.0,0,0,0,-704,0,0,0,298,"1,002",-704,"-1,704"
8027,鈦昇,"357,320","415,000","-57,680",0.0,0.0,0.0,0,0,0,-31,0,0,0,"16,932","16,963",-31,"-57,711"
8032,光菱,"30,000","3,000","27,000",0.0,0.0,0.0,0,0,0,-177,0,0,0,0,177,-177,"26,823"
8034,榮群,"1,000","20,000","-19,000",0.0,0.0,0.0,0,0,0,0,0,0,0,0,0,0,"-19,000"
8038,長園科,"110,000","36,000","74,000",0.0,0.0,0.0,0,0,0,110,0,0,0,"8,110","8,000",110,"74,110"
8040,九暘,"143,750","118,000","25,750",0.0,0.0,0.0,0,0,0,"-3,138",0,0,0,"1,262","4,400","-3,138","22,612"
8042,金山電,"818,119","1,195,000","-376,881",0.0,0.0,0.0,0,0,0,"38,663","9,000",20,"8,980","60,096","30,413","29,683","-338,218"
8043,蜜望實,"283,071","339,000","-55,929",0.0,0.0,0.0,0,0,0,"-28,836",0,0,0,"18,967","47,803","-28,836","-84,765"
8044,網家,"41,000","164,000","-123,000",0.0,0.0,0.0,0,0,0,"-4,200",0,"4,126","-4,126",0,74,-74,"-127,200"
8047,星雲,0,"1,000","-1,000",0.0,0.0,0.0,0,0,0,0,0,0,0,0,0,0,"-1,000"
8048,德勝,"20,000","27,000","-7,000",0.0,0.0,0.0,0,0,0,"-6,000",0,"6,000","-6,000",0,0,0,"-13,000"
8049,晶采,"6,000","31,000","-25,000",0.0,0.0,0.0,0,0,0,-700,0,0,0,0,700,-700,"-25,700"
8050,廣積,"463,438","350,000","113,438",0.0,0.0,0.0,0,0,0,"-9,292",0,0,0,972,"10,264","-9,292","104,146"
8054,安國,"129,050","158,000","-28,950",0.0,0.0,0.0,0,0,0,357,0,"1,000","-1,000","1,485",128,"1,357","-28,593"
8064,東捷,"1,558,000","2,206,814","-648,814",0.0,0.0,0.0,0,0,0,"-52,059","2,000","3,155","-1,155","74,684","125,588","-50,904","-700,873"
8066,來思達,"5,000","13,000","-8,000",0.0,0.0,0.0,0,0,0,-200,0,0,0,"3,000","3,200",-200,"-8,200"
8068,全達,"10,000","25,000","-15,000",0.0,0.0,0.0,0,0,0,-80,0,0,0,0,80,-80,"-15,080"
8069,元太,"2,269,504","1,950,900","318,604",0.0,0.0,0.0,"250,000","18,500","231,500","101,193","38,000","21,084","16,916","147,431","63,154","84,277","651,297"
8071,能率網通,"12,000","42,000","-30,000",0.0,0.0,0.0,0,0,0,400,0,0,0,"2,000","1,600",400,"-29,600"
8074,鉅橡,"36,100","172,000","-135,900",0.0,0.0,0.0,0,0,0,"-5,051",0,"2,100","-2,100","4,000","6,951","-2,951","-140,951"
8076,伍豐,"21,000","366,133","-345,133",0.0,0.0,0.0,0,0,0,"-10,132",0,0,0,"1,000","11,132","-10,132","-355,265"
8083,瑞穎,"1,000","6,001","-5,001",0.0,0.0,0.0,0,0,0,-330,0,313,-313,0,17,-17,"-5,331"
8084,巨虹,"60,000","45,000","15,000",0.0,0.0,0.0,0,0,0,535,0,0,0,"1,000",465,535,"15,535"
8085,福華,"15,152","21,000","-5,848",0.0,0.0,0.0,0,0,0,534,0,0,0,534,0,534,"-5,314"
8086,宏捷科,"798,000","810,000","-12,000",0.0,0.0,0.0,0,0,0,"-8,197","10,000","14,299","-4,299","8,796","12,694","-3,898","-20,197"
8087,麗升能源,"1,000","3,000","-2,000",0.0,0.0,0.0,0,0,0,0,0,0,0,0,0,0,"-2,000"
8088,品安,"14,000","122,000","-108,000",0.0,0.0,0.0,0,0,0,391,0,0,0,"4,000","3,609",391,"-107,609"
8089,康全電訊,"9,000","2,000","7,000",0.0,0.0,0.0,0,0,0,0,0,0,0,0,0,0,"7,000"
8091,翔名,"48,000","38,000","10,000",0.0,0.0,0.0,0,0,0,-628,0,180,-180,"6,000","6,448",-448,"9,372"
8092,建暐,"1,000","1,000",0,0.0,0.0,0.0,0,0,0,0,0,0,0,0,0,0,0
8093,保銳,"5,000","6,000","-1,000",0.0,0.0,0.0,0,0,0,0,0,0,0,0,0,0,"-1,000"
8096,擎亞,"1,618,361","1,386,000","232,361",0.0,0.0,0.0,0,0,0,"-17,701","3,606","5,000","-1,394","20,696","37,003","-16,307","214,660"
8097,常珵,"6,000","7,000","-1,000",0.0,0.0,0.0,0,0,0,"-1,000",0,0,0,0,"1,000","-1,000","-2,000"
8099,大世科,"15,000","14,000","1,000",0.0,0.0,0.0,0,0,0,0,0,0,0,0,0,0,"1,000"
8102,傑霖科技,"1,000","1,000",0,0.0,0.0,0.0,0,0,0,0,0,0,0,0,0,0,0
8109,博大,"39,977","24,000","15,977",0.0,0.0,0.0,0,0,0,"2,656","2,000",0,"2,000","1,456",800,656,"18,633"
8111,立碁,"1,253,100","1,677,000","-423,900",0.0,0.0,0.0,0,0,0,"-291,970",0,0,0,"9,061","301,031","-291,970","-715,870"
8121,越峰,"13,000","70,000","-57,000",0.0,0.0,0.0,0,0,0,-35,0,0,0,"4,000","4,035",-35,"-57,035"
8147,正淩,"10,000","22,100","-12,100",0.0,0.0,0.0,0,0,0,483,0,0,0,"5,000","4,517",483,"-11,617"
8155,博智,"91,336","236,000","-144,664",0.0,0.0,0.0,0,0,0,"-3,049","2,000",0,"2,000","19,250","24,299","-5,049","-147,713"
8171,天宇,"36,000","13,000","23,000",0.0,0.0,0.0,0,0,0,0,0,0,0,0,0,0,"23,000"
8176,智捷,0,"2,000","-2,000",0.0,0.0,0.0,0,0,0,200,0,0,0,200,0,200,"-1,800"
8182,加高,"214,200","50,000","164,200",0.0,0.0,0.0,0,0,0,"1,450",0,0,0,"2,124",674,"1,450","165,650"
8183,精星,"2,000","16,000","-14,000",0.0,0.0,0.0,0,0,0,166,0,0,0,"3,000","2,834",166,"-13,834"
8227,巨有科技,"492,000","100,550","391,450",0.0,0.0,0.0,0,0,0,"-22,922","2,000",0,"2,000","1,395","26,317","-24,922","368,528"
8234,新漢,"59,000","138,000","-79,000",0.0,0.0,0.0,0,0,0,"-5,498",0,0,0,"6,000","11,498","-5,498","-84,498"
8240,華宏,"69,000","53,000","16,000",0.0,0.0,0.0,0,0,0,"-31,037","9,000","40,000","-31,000","1,005","1,042",-37,"-15,037"
8255,朋程,"63,000","52,000","11,000",0.0,0.0,0.0,0,0,0,770,0,0,0,"9,016","8,246",770,"11,770"
8272,全景軟體,"1,000","1,000",0,0.0,0.0,0.0,0,0,0,0,0,0,0,0,0,0,0
8279,生展,0,"1,000","-1,000",0.0,0.0,0.0,0,0,0,0,0,0,0,0,0,0,"-1,000"
8284,三竹,0,"12,000","-12,000",0.0,0.0,0.0,0,0,0,25,0,0,0,"6,025","6,000",25,"-11,975"
8289,泰藝,"212,259","106,000","106,259",0.0,0.0,0.0,0,0,0,"11,704",0,"4,000","-4,000","17,514","1,810","15,704","117,963"
8299,群聯,"836,571","930,554","-93,983",0.0,0.0,0.0,0,0,0,"-98,576","7,000","91,152","-84,152","69,333","83,757","-14,424","-192,559"
8349,恒耀,"8,000","35,000","-27,000",0.0,0.0,0.0,0,0,0,80,0,0,0,"1,000",920,80,"-26,920"
8354,冠好,"1,000","8,000","-7,000",0.0,0.0,0.0,0,0,0,-5,0,0,0,0,5,-5,"-7,005"
8358,金居,"4,428,236","9,465,200","-5,036,964",0.0,0.0,0.0,"1,000",0,"1,000","-42,478","82,250","125,144","-42,894","775,792","775,376",416,"-5,078,442"
8383,千附,"105,001","365,387","-260,386",0.0,0.0,0.0,0,0,0,-580,0,0,0,"3,000","3,580",-580,"-260,966"
8390,金益鼎,"58,000","64,361","-6,361",0.0,0.0,0.0,0,0,0,"-4,704",0,499,-499,"1,000","5,205","-4,205","-11,065"
8401,白紗科,0,"13,000","-13,000",0.0,0.0,0.0,0,0,0,0,0,0,0,0,0,0,"-13,000"
8403,盛弘,"1,000","7,000","-6,000",0.0,0.0,0.0,0,0,0,0,0,0,0,0,0,0,"-6,000"
8410,森田,"2,000","1,000","1,000",0.0,0.0,0.0,0,0,0,0,0,0,0,0,0,0,"1,000"
8415,大國鋼,"143,803","330,000","-186,197",0.0,0.0,0.0,0,0,0,"59,285",0,0,0,"60,000",715,"59,285","-126,912"
8421,旭源,"10,000","52,000","-42,000",0.0,0.0,0.0,0,0,0,"-27,599","2,000","30,000","-28,000",431,30,401,"-69,599"
8423,保綠-KY,"2,000","1,000","1,000",0.0,0.0,0.0,0,0,0,0,0,0,0,0,0,0,"1,000"
8426,紅木-KY,"1,000",0,"1,000",0.0,0.0,0.0,0,0,0,0,0,0,0,0,0,0,"1,000"
8431,匯鑽科,"674,228","829,618","-155,390",0.0,0.0,0.0,0,0,0,"-2,341",0,0,0,"4,000","6,341","-2,341","-157,731"
8432,東生華,0,0,0,0.0,0.0,0.0,0,0,0,-16,0,0,0,0,16,-16,-16
8433,弘帆,0,"1,000","-1,000",0.0,0.0,0.0,0,0,0,-30,0,0,0,0,30,-30,"-1,030"
8435,鉅邁,0,"2,000","-2,000",0.0,0.0,0.0,0,0,0,-6,0,0,0,0,6,-6,"-2,006"
8436,大江,"38,000","196,626","-158,626",0.0,0.0,0.0,0,0,0,"-6,216",0,"5,000","-5,000","3,000","4,216","-1,216","-164,842"
8437,大地-KY,"1,000","6,000","-5,000",0.0,0.0,0.0,0,0,0,0,0,0,0,0,0,0,"-5,000"
8440,綠電,"4,000","8,000","-4,000",0.0,0.0,0.0,0,0,0,-110,0,0,0,0,110,-110,"-4,110"
8446,華研,"1,000","6,000","-5,000",0.0,0.0,0.0,0,0,0,-108,0,0,0,0,108,-108,"-5,108"
8450,霹靂,"1,000",0,"1,000",0.0,0.0,0.0,0,0,0,0,0,0,0,0,0,0,"1,000"
8472,納維康,"1,000","1,000",0,0.0,0.0,0.0,0,0,0,0,0,0,0,0,0,0,0
8489,三貝德,"5,000","7,000","-2,000",0.0,0.0,0.0,0,0,0,-588,0,0,0,0,588,-588,"-2,588"
8905,裕國,0,"1,000","-1,000",0.0,0.0,0.0,0,0,0,-2,0,0,0,0,2,-2,"-1,002"
8906,花王,0,"5,000","-5,000",0.0,0.0,0.0,0,0,0,9,0,0,0,9,0,9,"-4,991"
8908,欣雄,"2,000","2,000",0,0.0,0.0,0.0,0,0,0,0,0,0,0,0,0,0,0
8916,光隆,"9,000","20,000","-11,000",0.0,0.0,0.0,0,0,0,"-4,001",0,"1,000","-1,000",0,"3,001","-3,001","-15,001"
8924,大田,0,"10,000","-10,000",0.0,0.0,0.0,"3,175",0,"3,175",-139,0,0,0,0,139,-139,"-6,964"
8927,北基,"17,000","18,000","-1,000",0.0,0.0,0.0,0,0,0,0,0,0,0,0,0,0,"-1,000"
8928,鉅明,"1,000","1,000",0,0.0,0.0,0.0,0,0,0,0,0,0,0,0,0,0,0
8929,富堡,0,0,0,0.0,0.0,0.0,0,0,0,71,0,0,0,"2,000","1,929",71,71
8930,青鋼,0,"3,000","-3,000",0.0,0.0,0.0,0,0,0,0,0,0,0,0,0,0,"-3,000"
8931,大汽電,"7,000","13,000","-6,000",0.0,0.0,0.0,0,0,0,54,0,0,0,54,0,54,"-5,946"
8932,智通*,"742,208","1,657,000","-914,792",0.0,0.0,0.0,0,0,0,"-197,865","42,000","110,000","-68,000","12,056","141,921","-129,865","-1,112,657"
8933,愛地雅,0,"15,000","-15,000",0.0,0.0,0.0,0,0,0,0,0,0,0,0,0,0,"-15,000"
8935,邦泰,"2,000","7,000","-5,000",0.0,0.0,0.0,0,0,0,0,0,0,0,0,0,0,"-5,000"
8936,國統,"328,000","94,000","234,000",0.0,0.0,0.0,0,0,0,"51,999","55,000","3,000","52,000",0,1,-1,"285,999"
8937,合騏*,"50,000","229,000","-179,000",0.0,0.0,0.0,0,0,0,48,0,0,0,"4,048","4,000",48,"-178,952"
8938,明安,"21,093","9,000","12,093",0.0,0.0,0.0,"6,117",0,"6,117",-34,0,0,0,0,34,-34,"18,176"
8941,關中,0,"1,000","-1,000",0.0,0.0,0.0,0,0,0,0,0,0,0,0,0,0,"-1,000"
8942,森鉅,"13,000","27,000","-14,000",0.0,0.0,0.0,0,0,0,"-3,754",0,"4,000","-4,000","1,000",754,246,"-17,754"
009806,台新標普500,"1,000","1,000",0,0.0,0.0,0.0,0,0,0,-314,0,0,0,"11,001","11,315",-314,-314
009807,台新標普科技精選,0,0,0,0.0,0.0,0.0,0,0,0,"4,441",0,0,0,"10,000","5,559","4,441","4,441"
009814,富邦標普500,"3,879","3,000",879,0.0,0.0,0.0,0,0,0,"-20,542",0,0,0,"65,000","85,542","-20,542","-19,663"
009815,大華美國MAG7+,"91,000",0,"91,000",0.0,0.0,0.0,0,0,0,"1,633,575",0,0,0,"1,697,501","63,926","1,633,575","1,724,575"
009822,華南永昌未來金融,0,0,0,0.0,0.0,0.0,0,0,0,45,0,0,0,"2,045","2,000",45,45
009823,群益S&P500,"35,000",0,"35,000",0.0,0.0,0.0,0,0,0,"1,400,821",0,0,0,"1,420,000","19,179","1,400,821","1,435,821"
009825,聯邦美國金融創新,0,0,0,0.0,0.0,0.0,0,0,0,"288,980",0,0,0,"289,000",20,"288,980","288,980"
9949,琉園,"1,000",0,"1,000",0.0,0.0,0.0,0,0,0,2,0,0,0,2,0,2,"1,002"
9950,萬國通,"2,000",0,"2,000",0.0,0.0,0.0,0,0,0,300,0,0,0,300,0,300,"2,300"
9951,皇田,0,"6,000","-6,000",0.0,0.0,0.0,0,0,0,774,0,0,0,"1,000",226,774,"-5,226"
9960,邁達康,"3,000",0,"3,000",0.0,0.0,0.0,0,0,0,0,0,0,0,0,0,0,"3,000"
9962,有益,"4,000","9,000","-5,000",0.0,0.0,0.0,0,0,0,-488,0,0,0,0,488,-488,"-5,488"
020025,統一亞洲半導體N,0,0,0,0.0,0.0,0.0,0,0,0,"1,000",0,0,0,"1,000",0,"1,000","1,000"
020033,統一恒生科期N,0,0,0,0.0,0.0,0.0,0,0,0,"-8,000",0,0,0,"21,000","29,000","-8,000","-8,000"
020041,兆豐半導體氣候N,0,0,0,0.0,0.0,0.0,0,0,0,"2,000",0,0,0,"3,000","1,000","2,000","2,000"
72610U,富喬國票5C售02,0,0,0,0.0,0.0,0.0,0,0,0,"714,000",0,0,0,"714,000",0,"714,000","714,000"
72614U,富喬中信5C售02,0,0,0,0.0,0.0,0.0,0,0,0,"21,000",0,0,0,"21,000",0,"21,000","21,000"
72622U,精測群益62售02,0,0,0,0.0,0.0,0.0,0,0,0,"430,000",0,0,0,"430,000",0,"430,000","430,000"
72737U,雙鴻群益5A售04,0,0,0,0.0,0.0,0.0,0,0,0,"4,000",0,0,0,"4,000",0,"4,000","4,000"
72749U,精測群益62售04,0,0,0,0.0,0.0,0.0,0,0,0,"82,000",0,0,0,"87,000","5,000","82,000","82,000"
72772U,穩懋群益63售01,0,0,0,0.0,0.0,0.0,0,0,0,"-1,059,000",0,0,0,"366,000","1,425,000","-1,059,000","-1,059,000"
72814U,精測群益5B售02,0,0,0,0.0,0.0,0.0,0,0,0,"29,000",0,0,0,"94,000","65,000","29,000","29,000"
72827U,元太群益5B售02,0,0,0,0.0,0.0,0.0,0,0,0,"-5,000",0,0,0,0,"5,000","-5,000","-5,000"
72836U,東捷群益5B售01,0,0,0,0.0,0.0,0.0,0,0,0,"2,000",0,0,0,"2,000",0,"2,000","2,000"
72837U,鈊象群益59售04,0,0,0,0.0,0.0,0.0,0,0,0,"4,000",0,0,0,"4,000",0,"4,000","4,000"
72843U,精材群益63售01,0,0,0,0.0,0.0,0.0,0,0,0,"534,000",0,0,0,"534,000",0,"534,000","534,000"
72855U,信驊富邦5C售02,0,0,0,0.0,0.0,0.0,0,0,0,"-102,000",0,0,0,"642,000","744,000","-102,000","-102,000"
72859U,弘塑國票5B售02,0,0,0,0.0,0.0,0.0,0,0,0,"-5,000",0,0,0,"8,000","13,000","-5,000","-5,000"
72861U,華電網凱基5A售01,0,0,0,0.0,0.0,0.0,0,0,0,"-60,000",0,0,0,0,"60,000","-60,000","-60,000"
72863U,蜜望實國票5A售03,0,0,0,0.0,0.0,0.0,0,0,0,"60,000",0,0,0,"60,000",0,"60,000","60,000"
72866U,旺矽凱基5A售06,0,0,0,0.0,0.0,0.0,0,0,0,"-62,000",0,0,0,"49,000","111,000","-62,000","-62,000"
72867U,旺矽富邦61售01,0,0,0,0.0,0.0,0.0,0,0,0,"973,000",0,0,0,"1,068,000","95,000","973,000","973,000"
72868U,富喬群益5C售01,0,0,0,0.0,0.0,0.0,0,0,0,"-61,000",0,0,0,"3,000","64,000","-61,000","-61,000"
72869U,立碁國票5B售03,0,0,0,0.0,0.0,0.0,0,0,0,"70,000",0,0,0,"110,000","40,000","70,000","70,000"
72870U,群聯國票5B售06,0,0,0,0.0,0.0,0.0,0,0,0,"-25,000",0,0,0,0,"25,000","-25,000","-25,000"
72875U,威剛凱基5B售05,0,0,0,0.0,0.0,0.0,0,0,0,"-30,000",0,0,0,0,"30,000","-30,000","-30,000"
72876U,合晶台新5B售05,0,0,0,0.0,0.0,0.0,0,0,0,"-2,000",0,0,0,0,"2,000","-2,000","-2,000"
72878U,群聯台新5B售08,0,0,0,0.0,0.0,0.0,0,0,0,"-20,000",0,0,0,"20,000","40,000","-20,000","-20,000"
72879U,世界凱基5B售02,0,0,0,0.0,0.0,0.0,0,0,0,"-20,000",0,0,0,0,"20,000","-20,000","-20,000"
72880U,良維國票5C售02,0,0,0,0.0,0.0,0.0,0,0,0,"1,000",0,0,0,"1,000",0,"1,000","1,000"
72882U,環球晶台新5B售03,0,0,0,0.0,0.0,0.0,0,0,0,"-110,000",0,0,0,0,"110,000","-110,000","-110,000"
72883U,環球晶國票5B售02,0,0,0,0.0,0.0,0.0,0,0,0,"-8,000",0,0,0,0,"8,000","-8,000","-8,000"
72888U,德微群益5B售02,0,0,0,0.0,0.0,0.0,0,0,0,"-40,000",0,0,0,0,"40,000","-40,000","-40,000"
72894U,世界群益62售01,0,0,0,0.0,0.0,0.0,0,0,0,"-20,000",0,0,0,0,"20,000","-20,000","-20,000"
72896U,精材凱基5B售08,0,0,0,0.0,0.0,0.0,0,0,0,"170,000",0,0,0,"170,000",0,"170,000","170,000"
72898U,雷科國票5B售03,0,0,0,0.0,0.0,0.0,0,0,0,"-300,000",0,0,0,0,"300,000","-300,000","-300,000"
72901U,德微國票5C售05,0,0,0,0.0,0.0,0.0,0,0,0,"27,000",0,0,0,"36,000","9,000","27,000","27,000"
72902U,擎亞國票5B售03,0,0,0,0.0,0.0,0.0,0,0,0,"-17,000",0,0,0,0,"17,000","-17,000","-17,000"
72903U,群聯凱基5B售08,0,0,0,0.0,0.0,0.0,0,0,0,"5,000",0,0,0,"5,000",0,"5,000","5,000"
72907U,群聯富邦61售05,0,0,0,0.0,0.0,0.0,0,0,0,"10,000",0,0,0,"10,000",0,"10,000","10,000"
72908U,威剛群益65售01,0,0,0,0.0,0.0,0.0,0,0,0,"30,000",0,0,0,"50,000","20,000","30,000","30,000"
72909U,威剛凱基65售01,0,0,0,0.0,0.0,0.0,0,0,0,"-201,000",0,0,0,0,"201,000","-201,000","-201,000"
72914U,威剛群益5B售05,0,0,0,0.0,0.0,0.0,0,0,0,"-75,000",0,0,0,0,"75,000","-75,000","-75,000"
72917U,威剛凱基5B售09,0,0,0,0.0,0.0,0.0,0,0,0,"-21,000",0,0,0,"1,000","22,000","-21,000","-21,000"
72919U,順達台新5C售01,0,0,0,0.0,0.0,0.0,0,0,0,"-19,000",0,0,0,"11,000","30,000","-19,000","-19,000"
72921U,富喬台新5C售03,0,0,0,0.0,0.0,0.0,0,0,0,"435,000",0,0,0,"473,000","38,000","435,000","435,000"
72922U,威剛凱基5C售05,0,0,0,0.0,0.0,0.0,0,0,0,"2,000",0,0,0,"8,000","6,000","2,000","2,000"
72925U,台半凱基5C售03,0,0,0,0.0,0.0,0.0,0,0,0,"-206,000",0,0,0,"428,000","634,000","-206,000","-206,000"
72928U,富喬凱基5C售04,0,0,0,0.0,0.0,0.0,0,0,0,"252,000",0,0,0,"445,000","193,000","252,000","252,000"
72931U,群聯群益5C售10,0,0,0,0.0,0.0,0.0,0,0,0,"-5,000",0,0,0,0,"5,000","-5,000","-5,000"
72933U,世界群益66售01,0,0,0,0.0,0.0,0.0,0,0,0,"4,000",0,0,0,"4,000",0,"4,000","4,000"
72934U,精材群益66售01,0,0,0,0.0,0.0,0.0,0,0,0,"5,000",0,0,0,"5,000",0,"5,000","5,000"
72936U,宜鼎凱基5C售10,0,0,0,0.0,0.0,0.0,0,0,0,"-40,000",0,0,0,"10,000","50,000","-40,000","-40,000"
72938U,世界國票62售01,0,0,0,0.0,0.0,0.0,0,0,0,"5,000",0,0,0,"5,000",0,"5,000","5,000"
72939U,威剛國票62售01,0,0,0,0.0,0.0,0.0,0,0,0,"-10,000",0,0,0,0,"10,000","-10,000","-10,000"
72941U,雙鴻永豐61售04,0,0,0,0.0,0.0,0.0,0,0,0,"-105,000",0,0,0,"5,000","110,000","-105,000","-105,000"
72942U,家登群益61售03,0,0,0,0.0,0.0,0.0,0,0,0,"32,000",0,0,0,"32,000",0,"32,000","32,000"
72945U,頎邦台新61售03,0,0,0,0.0,0.0,0.0,0,0,0,"-120,000",0,0,0,0,"120,000","-120,000","-120,000"
72946U,世界群益61售03,0,0,0,0.0,0.0,0.0,0,0,0,"12,000",0,0,0,"12,000",0,"12,000","12,000"
72948U,精材群益63售02,0,0,0,0.0,0.0,0.0,0,0,0,"12,000",0,0,0,"12,000",0,"12,000","12,000"
72949U,威剛元大61售06,0,0,0,0.0,0.0,0.0,0,0,0,"18,000",0,0,0,"19,000","1,000","18,000","18,000"
72950U,精材凱基63售02,0,0,0,0.0,0.0,0.0,0,0,0,"609,000",0,0,0,"622,000","13,000","609,000","609,000"
72952U,精材國票61售05,0,0,0,0.0,0.0,0.0,0,0,0,"62,000",0,0,0,"87,000","25,000","62,000","62,000"
72953U,精材國票65售02,0,0,0,0.0,0.0,0.0,0,0,0,"-107,000",0,0,0,0,"107,000","-107,000","-107,000"
72954U,群聯中信61售02,0,0,0,0.0,0.0,0.0,0,0,0,"-13,000",0,0,0,0,"13,000","-13,000","-13,000"
72955U,宜鼎國票61售03,0,0,0,0.0,0.0,0.0,0,0,0,"-3,000",0,0,0,0,"3,000","-3,000","-3,000"
72956U,群聯國票61售05,0,0,0,0.0,0.0,0.0,0,0,0,"190,000",0,0,0,"190,000",0,"190,000","190,000"
72959U,雙鴻群益63售03,0,0,0,0.0,0.0,0.0,0,0,0,"-19,000",0,0,0,"1,000","20,000","-19,000","-19,000"
72961U,群聯凱基61售10,0,0,0,0.0,0.0,0.0,0,0,0,"15,000",0,0,0,"15,000",0,"15,000","15,000"
72965U,青雲國票61售03,0,0,0,0.0,0.0,0.0,0,0,0,"-169,000",0,0,0,"33,000","202,000","-169,000","-169,000"
72966U,雙鴻凱基61售07,0,0,0,0.0,0.0,0.0,0,0,0,"-540,000",0,0,0,"60,000","600,000","-540,000","-540,000"
72970U,雙鴻國票61售02,0,0,0,0.0,0.0,0.0,0,0,0,"-20,000",0,0,0,0,"20,000","-20,000","-20,000"
72972U,雙鴻群益61售03,0,0,0,0.0,0.0,0.0,0,0,0,"-49,000",0,0,0,"1,000","50,000","-49,000","-49,000"
72973U,M31國票61售02,0,0,0,0.0,0.0,0.0,0,0,0,"10,000",0,0,0,"10,000",0,"10,000","10,000"
72975U,譜瑞國票61售01,0,0,0,0.0,0.0,0.0,0,0,0,"-5,000",0,0,0,0,"5,000","-5,000","-5,000"
72976U,順達凱基61售06,0,0,0,0.0,0.0,0.0,0,0,0,"200,000",0,0,0,"200,000",0,"200,000","200,000"
72977U,雙鴻國泰63售01,0,0,0,0.0,0.0,0.0,0,0,0,"-54,000",0,0,0,"16,000","70,000","-54,000","-54,000"
72985U,中美晶國票63售01,0,0,0,0.0,0.0,0.0,0,0,0,"-20,000",0,0,0,0,"20,000","-20,000","-20,000"
72986U,元太國票61售02,0,0,0,0.0,0.0,0.0,0,0,0,"3,000",0,0,0,"3,000",0,"3,000","3,000"
72988U,頎邦國票64售02,0,0,0,0.0,0.0,0.0,0,0,0,"-460,000",0,0,0,0,"460,000","-460,000","-460,000"
72989U,廣穎國票61售01,0,0,0,0.0,0.0,0.0,0,0,0,"-20,000",0,0,0,0,"20,000","-20,000","-20,000"
72990U,中美晶元大61售09,0,0,0,0.0,0.0,0.0,0,0,0,"-61,000",0,0,0,0,"61,000","-61,000","-61,000"
72992U,中美晶富邦67售02,0,0,0,0.0,0.0,0.0,0,0,0,"6,000",0,0,0,"6,000",0,"6,000","6,000"
72994U,元太凱基61售07,0,0,0,0.0,0.0,0.0,0,0,0,"11,000",0,0,0,"20,000","9,000","11,000","11,000"
72996U,立碁國票64售02,0,0,0,0.0,0.0,0.0,0,0,0,"83,000",0,0,0,"91,000","8,000","83,000","83,000"
73005U,群聯國票62售01,0,0,0,0.0,0.0,0.0,0,0,0,"-15,000",0,0,0,0,"15,000","-15,000","-15,000"
73010U,頎邦國票64售03,0,0,0,0.0,0.0,0.0,0,0,0,"7,000",0,0,0,"7,000",0,"7,000","7,000"
73013U,威剛元大63售02,0,0,0,0.0,0.0,0.0,0,0,0,"30,000",0,0,0,"30,000",0,"30,000","30,000"
73014U,家登凱基63售02,0,0,0,0.0,0.0,0.0,0,0,0,"49,000",0,0,0,"49,000",0,"49,000","49,000"
73018U,群聯國票66售02,0,0,0,0.0,0.0,0.0,0,0,0,"-2,000",0,0,0,0,"2,000","-2,000","-2,000"
73020U,雙鴻元大63售07,0,0,0,0.0,0.0,0.0,0,0,0,"20,000",0,0,0,"20,000",0,"20,000","20,000"
73021U,威剛凱基63售03,0,0,0,0.0,0.0,0.0,0,0,0,"-200,000",0,0,0,0,"200,000","-200,000","-200,000"
73022U,威剛元大63售03,0,0,0,0.0,0.0,0.0,0,0,0,"-3,000",0,0,0,"15,000","18,000","-3,000","-3,000"
73023U,雙鴻凱基63售07,0,0,0,0.0,0.0,0.0,0,0,0,"23,000",0,0,0,"25,000","2,000","23,000","23,000"
73024U,弘塑國票67售01,0,0,0,0.0,0.0,0.0,0,0,0,"1,492,000",0,0,0,"1,497,000","5,000","1,492,000","1,492,000"
73027U,萬潤國票66售02,0,0,0,0.0,0.0,0.0,0,0,0,0,0,0,0,"4,000","4,000",0,0
73033U,富喬台新62售01,0,0,0,0.0,0.0,0.0,0,0,0,"159,000",0,0,0,"261,000","102,000","159,000","159,000"
73036U,富喬國票63售02,0,0,0,0.0,0.0,0.0,0,0,0,"90,000",0,0,0,"160,000","70,000","90,000","90,000"
73037U,富喬國票65售01,0,0,0,0.0,0.0,0.0,0,0,0,0,0,0,0,"1,000","1,000",0,0
73039U,東捷群益64售02,0,0,0,0.0,0.0,0.0,0,0,0,"120,000",0,0,0,"120,000",0,"120,000","120,000"
73040U,穩懋群益64售02,0,0,0,0.0,0.0,0.0,0,0,0,"-294,000",0,0,0,"5,000","299,000","-294,000","-294,000"
73041U,穩懋國泰64售01,0,0,0,0.0,0.0,0.0,0,0,0,"-1,542,000",0,0,0,"54,000","1,596,000","-1,542,000","-1,542,000"
73042U,穩懋凱基63售06,0,0,0,0.0,0.0,0.0,0,0,0,"-15,000",0,0,0,"10,000","25,000","-15,000","-15,000"
73043U,穩懋凱基63售07,0,0,0,0.0,0.0,0.0,0,0,0,"10,000",0,0,0,"210,000","200,000","10,000","10,000"
73045U,蜜望實國票63售02,0,0,0,0.0,0.0,0.0,0,0,0,"-3,000",0,0,0,0,"3,000","-3,000","-3,000"
73046U,中美晶中信62售02,0,0,0,0.0,0.0,0.0,0,0,0,"-10,000",0,0,0,0,"10,000","-10,000","-10,000"
73048U,東捷群益62售02,0,0,0,0.0,0.0,0.0,0,0,0,"61,000",0,0,0,"69,000","8,000","61,000","61,000"
73050U,群聯永豐63售04,0,0,0,0.0,0.0,0.0,0,0,0,"-124,000",0,0,0,0,"124,000","-124,000","-124,000"
73051U,陽程國票66售01,0,0,0,0.0,0.0,0.0,0,0,0,"-85,000",0,0,0,"84,000","169,000","-85,000","-85,000"
73052U,世紀*國票6A售01,0,0,0,0.0,0.0,0.0,0,0,0,"405,000",0,0,0,"405,000",0,"405,000","405,000"
73053U,頎邦台新62售02,0,0,0,0.0,0.0,0.0,0,0,0,"-17,000",0,0,0,0,"17,000","-17,000","-17,000"
73054U,弘塑群益64售01,0,0,0,0.0,0.0,0.0,0,0,0,"1,497,000",0,0,0,"1,497,000",0,"1,497,000","1,497,000"
73056U,沛亨國票68售01,0,0,0,0.0,0.0,0.0,0,0,0,"3,000",0,0,0,"3,000",0,"3,000","3,000"
73057U,宜鼎元大62售02,0,0,0,0.0,0.0,0.0,0,0,0,"56,000",0,0,0,"71,000","15,000","56,000","56,000"
73058U,頎邦群益62售03,0,0,0,0.0,0.0,0.0,0,0,0,"-3,000",0,0,0,0,"3,000","-3,000","-3,000"
73061U,環球晶凱基62售06,0,0,0,0.0,0.0,0.0,0,0,0,"-60,000",0,0,0,0,"60,000","-60,000","-60,000"
73065U,環球晶台新63售01,0,0,0,0.0,0.0,0.0,0,0,0,"-9,000",0,0,0,"11,000","20,000","-9,000","-9,000"
73066U,千附精國票63售01,0,0,0,0.0,0.0,0.0,0,0,0,"-120,000",0,0,0,0,"120,000","-120,000","-120,000"
73067U,晶宏國票63售01,0,0,0,0.0,0.0,0.0,0,0,0,"-31,000",0,0,0,"23,000","54,000","-31,000","-31,000"
73069U,精材群益63售09,0,0,0,0.0,0.0,0.0,0,0,0,"75,000",0,0,0,"76,000","1,000","75,000","75,000"
73070U,精材群益69售01,0,0,0,0.0,0.0,0.0,0,0,0,"-15,000",0,0,0,"5,000","20,000","-15,000","-15,000"
73071U,雙鴻群益63售09,0,0,0,0.0,0.0,0.0,0,0,0,"-30,000",0,0,0,0,"30,000","-30,000","-30,000"
73072U,精材國票64售03,0,0,0,0.0,0.0,0.0,0,0,0,"38,000",0,0,0,"49,000","11,000","38,000","38,000"
73074U,精材台新63售05,0,0,0,0.0,0.0,0.0,0,0,0,"2,000",0,0,0,"3,000","1,000","2,000","2,000"
73075U,環球晶台新63售04,0,0,0,0.0,0.0,0.0,0,0,0,"-5,000",0,0,0,0,"5,000","-5,000","-5,000"
73076U,雙鴻凱基63售17,0,0,0,0.0,0.0,0.0,0,0,0,"-7,000",0,0,0,0,"7,000","-7,000","-7,000"
73078U,擎亞台新63售02,0,0,0,0.0,0.0,0.0,0,0,0,"-5,000",0,0,0,"5,000","10,000","-5,000","-5,000"
73081U,昇達科台新63售02,0,0,0,0.0,0.0,0.0,0,0,0,"-6,000",0,0,0,0,"6,000","-6,000","-6,000"
73083U,信驊凱基63售06,0,0,0,0.0,0.0,0.0,0,0,0,"-13,000",0,0,0,"2,000","15,000","-13,000","-13,000"
73084U,信驊富邦66售02,0,0,0,0.0,0.0,0.0,0,0,0,"-1,000",0,0,0,0,"1,000","-1,000","-1,000"
73086U,信驊永豐64售01,0,0,0,0.0,0.0,0.0,0,0,0,0,0,0,0,"15,000","15,000",0,0
73088U,信驊群益63售03,0,0,0,0.0,0.0,0.0,0,0,0,"-10,000",0,0,0,0,"10,000","-10,000","-10,000"
73089U,信驊群益63售04,0,0,0,0.0,0.0,0.0,0,0,0,"-10,000",0,0,0,0,"10,000","-10,000","-10,000"
73090U,竹陞國票67售01,0,0,0,0.0,0.0,0.0,0,0,0,"-5,000",0,0,0,0,"5,000","-5,000","-5,000"
73092U,信驊國票65售01,0,0,0,0.0,0.0,0.0,0,0,0,"-40,000",0,0,0,0,"40,000","-40,000","-40,000"
73095U,穩懋國票65售01,0,0,0,0.0,0.0,0.0,0,0,0,"-10,000",0,0,0,0,"10,000","-10,000","-10,000"
73096U,穩懋國票69售01,0,0,0,0.0,0.0,0.0,0,0,0,"-5,000",0,0,0,0,"5,000","-5,000","-5,000"
73097U,頎邦台新63售03,0,0,0,0.0,0.0,0.0,0,0,0,"-27,000",0,0,0,"2,000","29,000","-27,000","-27,000"
73099U,弘塑國票65售02,0,0,0,0.0,0.0,0.0,0,0,0,"-5,000",0,0,0,0,"5,000","-5,000","-5,000"
73102U,萊德光國票65售01,0,0,0,0.0,0.0,0.0,0,0,0,"-5,000",0,0,0,0,"5,000","-5,000","-5,000"
73104U,光頡台新63售03,0,0,0,0.0,0.0,0.0,0,0,0,"-507,000",0,0,0,0,"507,000","-507,000","-507,000"
73105U,頎邦群益63售06,0,0,0,0.0,0.0,0.0,0,0,0,"-216,000",0,0,0,0,"216,000","-216,000","-216,000"
73109U,茂綸國票65售02,0,0,0,0.0,0.0,0.0,0,0,0,"-77,000",0,0,0,0,"77,000","-77,000","-77,000"
700024,新應材統一64購02,0,0,0,0.0,0.0,0.0,0,0,0,"4,000",0,0,0,"4,000",0,"4,000","4,000"
700028,雙鴻中信59購01,0,0,0,0.0,0.0,0.0,0,0,0,"37,000",0,0,0,"1,007,000","970,000","37,000","37,000"
700113,雙鴻元大5A購01,0,0,0,0.0,0.0,0.0,0,0,0,"22,000",0,0,0,"22,000",0,"22,000","22,000"
700173,雙鴻元大5A購02,0,0,0,0.0,0.0,0.0,0,0,0,"50,000",0,0,0,"50,000",0,"50,000","50,000"
700186,中光電統一6A購01,0,0,0,0.0,0.0,0.0,0,0,0,"-82,000",0,0,0,0,"82,000","-82,000","-82,000"
700192,朋程統一6A購01,0,0,0,0.0,0.0,0.0,0,0,0,"172,000",0,0,0,"172,000",0,"172,000","172,000"
700195,家登統一5A購01,0,0,0,0.0,0.0,0.0,0,0,0,"-10,000",0,0,0,0,"10,000","-10,000","-10,000"
700201,萬潤統一6A購01,0,0,0,0.0,0.0,0.0,0,0,0,"-2,000",0,0,0,0,"2,000","-2,000","-2,000"
700204,雙鴻統一5A購01,0,0,0,0.0,0.0,0.0,0,0,0,"283,000",0,0,0,"283,000",0,"283,000","283,000"
700205,雙鴻統一61購01,0,0,0,0.0,0.0,0.0,0,0,0,"350,000",0,0,0,"360,000","10,000","350,000","350,000"
700206,雙鴻統一61購02,0,0,0,0.0,0.0,0.0,0,0,0,"180,000",0,0,0,"200,000","20,000","180,000","180,000"
700207,雙鴻統一6A購01,0,0,0,0.0,0.0,0.0,0,0,0,"-313,000",0,0,0,"50,000","363,000","-313,000","-313,000"
700208,騰雲統一6A購01,0,0,0,0.0,0.0,0.0,0,0,0,"-2,000",0,0,0,0,"2,000","-2,000","-2,000"
700258,大綜統一6A購01,0,0,0,0.0,0.0,0.0,0,0,0,"211,000",0,0,0,"211,000",0,"211,000","211,000"
700263,旺矽統一6A購01,0,0,0,0.0,0.0,0.0,0,0,0,"-35,000",0,0,0,0,"35,000","-35,000","-35,000"
700270,創惟統一5A購01,0,0,0,0.0,0.0,0.0,0,0,0,"-10,000",0,0,0,0,"10,000","-10,000","-10,000"
700275,雙鴻統一6A購02,0,0,0,0.0,0.0,0.0,0,0,0,"59,000",0,0,0,"60,000","1,000","59,000","59,000"
700345,立碁統一6A購01,0,0,0,0.0,0.0,0.0,0,0,0,"22,000",0,0,0,"22,000",0,"22,000","22,000"
700353,新鉅科統一6A購02,0,0,0,0.0,0.0,0.0,0,0,0,"13,000",0,0,0,"13,000",0,"13,000","13,000"
700356,擎亞統一6A購01,0,0,0,0.0,0.0,0.0,0,0,0,"1,000",0,0,0,"1,000",0,"1,000","1,000"
700415,建榮統一6A購02,0,0,0,0.0,0.0,0.0,0,0,0,"-35,000",0,0,0,0,"35,000","-35,000","-35,000"
700594,原相元大5A購01,0,0,0,0.0,0.0,0.0,0,0,0,"15,000",0,0,0,"15,000",0,"15,000","15,000"
700670,中光電統一6A購03,0,0,0,0.0,0.0,0.0,0,0,0,"-177,000",0,0,0,0,"177,000","-177,000","-177,000"
700673,信昌電統一6A購01,0,0,0,0.0,0.0,0.0,0,0,0,"17,000",0,0,0,"17,000",0,"17,000","17,000"
700675,高技統一5A購02,0,0,0,0.0,0.0,0.0,0,0,0,"200,000",0,0,0,"200,000",0,"200,000","200,000"
700676,高技統一6A購01,0,0,0,0.0,0.0,0.0,0,0,0,"-10,000",0,0,0,0,"10,000","-10,000","-10,000"
700679,智擎統一6A購01,0,0,0,0.0,0.0,0.0,0,0,0,"-519,000",0,0,0,0,"519,000","-519,000","-519,000"
700682,萬潤統一6A購02,0,0,0,0.0,0.0,0.0,0,0,0,"1,000",0,0,0,"1,000",0,"1,000","1,000"
700684,雍智統一6A購02,0,0,0,0.0,0.0,0.0,0,0,0,"5,000",0,0,0,"5,000",0,"5,000","5,000"
700687,緯軟統一6A購01,0,0,0,0.0,0.0,0.0,0,0,0,"19,000",0,0,0,"52,000","33,000","19,000","19,000"
700708,信立統一6A購01,0,0,0,0.0,0.0,0.0,0,0,0,"-13,000",0,0,0,0,"13,000","-13,000","-13,000"
700710,智通*統一6A購02,0,0,0,0.0,0.0,0.0,0,0,0,"-10,000",0,0,0,0,"10,000","-10,000","-10,000"
700811,光頡統一5C購01,0,0,0,0.0,0.0,0.0,0,0,0,"7,000",0,0,0,"7,000",0,"7,000","7,000"
700899,力旺統一6A購01,0,0,0,0.0,0.0,0.0,0,0,0,"-10,000",0,0,0,0,"10,000","-10,000","-10,000"
700904,波若威統一6A購01,0,0,0,0.0,0.0,0.0,0,0,0,"3,000",0,0,0,"3,000",0,"3,000","3,000"
700938,中美晶兆豐5A購01,0,0,0,0.0,0.0,0.0,0,0,0,"-18,000",0,0,0,0,"18,000","-18,000","-18,000"
701010,雙鴻元富5A購01,0,0,0,0.0,0.0,0.0,0,0,0,0,0,0,0,"29,000","29,000",0,0
701131,元債20元大61購01,0,0,0,0.0,0.0,0.0,0,0,0,"2,111,000",0,0,0,"2,111,000",0,"2,111,000","2,111,000"
701279,雙鴻國票5B購01,0,0,0,0.0,0.0,0.0,0,0,0,"180,000",0,0,0,"240,000","60,000","180,000","180,000"
701430,台燿統一5B購01,0,0,0,0.0,0.0,0.0,0,0,0,0,0,0,0,"46,000","46,000",0,0
701438,威剛統一6B購01,0,0,0,0.0,0.0,0.0,0,0,0,"-10,000",0,0,0,0,"10,000","-10,000","-10,000"
701442,雙鴻統一6B購01,0,0,0,0.0,0.0,0.0,0,0,0,"-272,000",0,0,0,"43,000","315,000","-272,000","-272,000"
701524,雙鴻群益5A購02,0,0,0,0.0,0.0,0.0,0,0,0,0,0,0,0,"64,000","64,000",0,0
701571,擎亞元大5B購02,0,0,0,0.0,0.0,0.0,0,0,0,"-42,000",0,0,0,"100,000","142,000","-42,000","-42,000"
701592,竹陞統一6B購01,0,0,0,0.0,0.0,0.0,0,0,0,"-63,000",0,0,0,0,"63,000","-63,000","-63,000"
701593,竹陞統一6B購02,0,0,0,0.0,0.0,0.0,0,0,0,"70,000",0,0,0,"100,000","30,000","70,000","70,000"
701623,元太統一5B購01,0,0,0,0.0,0.0,0.0,0,0,0,"-15,000",0,0,0,0,"15,000","-15,000","-15,000"
701626,東捷統一5C購01,0,0,0,0.0,0.0,0.0,0,0,0,"-4,000",0,0,0,0,"4,000","-4,000","-4,000"
701667,雙鴻群益5B購02,0,0,0,0.0,0.0,0.0,0,0,0,"44,000",0,0,0,"44,000",0,"44,000","44,000"
701692,台燿統一6B購01,0,0,0,0.0,0.0,0.0,0,0,0,"-2,000",0,0,0,0,"2,000","-2,000","-2,000"
701694,系統電統一6B購01,0,0,0,0.0,0.0,0.0,0,0,0,"-16,000",0,0,0,"4,000","20,000","-16,000","-16,000"
701699,訊聯統一6B購01,0,0,0,0.0,0.0,0.0,0,0,0,"3,000",0,0,0,"3,000",0,"3,000","3,000"
701707,威剛凱基59購02,0,0,0,0.0,0.0,0.0,0,0,0,"6,000",0,0,0,"6,000",0,"6,000","6,000"
701804,巨有統一6B購01,0,0,0,0.0,0.0,0.0,0,0,0,"329,000",0,0,0,"334,000","5,000","329,000","329,000"
701806,濱川統一6B購01,0,0,0,0.0,0.0,0.0,0,0,0,"-20,000",0,0,0,0,"20,000","-20,000","-20,000"
701808,濱川統一6B購03,0,0,0,0.0,0.0,0.0,0,0,0,"-20,000",0,0,0,"10,000","30,000","-20,000","-20,000"
701853,巨有統一6B購02,0,0,0,0.0,0.0,0.0,0,0,0,"18,000",0,0,0,"31,000","13,000","18,000","18,000"
701855,威剛中信5B購01,0,0,0,0.0,0.0,0.0,0,0,0,"8,000",0,0,0,"8,000",0,"8,000","8,000"
702373,光焱永豐5C購01,0,0,0,0.0,0.0,0.0,0,0,0,"50,000",0,0,0,"50,000",0,"50,000","50,000"
702467,順達凱基5B購01,0,0,0,0.0,0.0,0.0,0,0,0,"-118,000",0,0,0,"44,000","162,000","-118,000","-118,000"
702593,富喬國票62購01,0,0,0,0.0,0.0,0.0,0,0,0,"15,000",0,0,0,"32,000","17,000","15,000","15,000"
702627,富喬富邦5C購01,0,0,0,0.0,0.0,0.0,0,0,0,"20,000",0,0,0,"20,000",0,"20,000","20,000"
702641,富喬中信5C購01,0,0,0,0.0,0.0,0.0,0,0,0,"-35,000",0,0,0,"1,596,000","1,631,000","-35,000","-35,000"
702695,穩懋凱基5A購01,0,0,0,0.0,0.0,0.0,0,0,0,"2,000",0,0,0,"2,000",0,"2,000","2,000"
702752,台特化統一6C購01,0,0,0,0.0,0.0,0.0,0,0,0,"-3,000",0,0,0,0,"3,000","-3,000","-3,000"
702804,良維元大59購01,0,0,0,0.0,0.0,0.0,0,0,0,"13,000",0,0,0,"13,000",0,"13,000","13,000"
702829,勤凱統一6C購01,0,0,0,0.0,0.0,0.0,0,0,0,"40,000",0,0,0,"52,000","12,000","40,000","40,000"
702830,擎亞統一6C購01,0,0,0,0.0,0.0,0.0,0,0,0,"-77,000",0,0,0,0,"77,000","-77,000","-77,000"
702837,雙鴻中信59購03,0,0,0,0.0,0.0,0.0,0,0,0,"12,000",0,0,0,"12,000",0,"12,000","12,000"
702878,櫃200群益5B購01,0,0,0,0.0,0.0,0.0,0,0,0,"-1,000",0,0,0,0,"1,000","-1,000","-1,000"
702885,高技元大5A購02,0,0,0,0.0,0.0,0.0,0,0,0,"-15,000",0,0,0,0,"15,000","-15,000","-15,000"
702943,力旺元富59購02,0,0,0,0.0,0.0,0.0,0,0,0,"15,000",0,0,0,"15,000",0,"15,000","15,000"
703004,鑫科永豐5C購01,0,0,0,0.0,0.0,0.0,0,0,0,"-10,000",0,0,0,0,"10,000","-10,000","-10,000"
703045,雙鴻中信5C購02,0,0,0,0.0,0.0,0.0,0,0,0,"-20,000",0,0,0,0,"20,000","-20,000","-20,000"
703093,順達中信5B購01,0,0,0,0.0,0.0,0.0,0,0,0,"19,000",0,0,0,"19,000",0,"19,000","19,000"
703132,聖暉*元大5C購01,0,0,0,0.0,0.0,0.0,0,0,0,"332,000",0,0,0,"380,000","48,000","332,000","332,000"
703296,威剛群益5B購01,0,0,0,0.0,0.0,0.0,0,0,0,"23,000",0,0,0,"23,000",0,"23,000","23,000"
703354,富喬凱基5B購01,0,0,0,0.0,0.0,0.0,0,0,0,"2,000",0,0,0,"2,000",0,"2,000","2,000"
703371,富喬國票5B購01,0,0,0,0.0,0.0,0.0,0,0,0,"-99,000",0,0,0,"159,000","258,000","-99,000","-99,000"
703372,富喬國票61購01,0,0,0,0.0,0.0,0.0,0,0,0,"30,000",0,0,0,"30,000",0,"30,000","30,000"
703380,富喬群益5B購01,0,0,0,0.0,0.0,0.0,0,0,0,"10,000",0,0,0,"579,000","569,000","10,000","10,000"
703389,富喬統一65購01,0,0,0,0.0,0.0,0.0,0,0,0,"-1,388,000",0,0,0,"146,000","1,534,000","-1,388,000","-1,388,000"
703396,信驊元富5A購02,0,0,0,0.0,0.0,0.0,0,0,0,0,0,0,0,"499,000","499,000",0,0
703407,富喬永豐5A購01,0,0,0,0.0,0.0,0.0,0,0,0,"10,000",0,0,0,"10,000",0,"10,000","10,000"
703420,富喬元大61購02,0,0,0,0.0,0.0,0.0,0,0,0,"-10,000",0,0,0,0,"10,000","-10,000","-10,000"
703443,安碁元富61購01,0,0,0,0.0,0.0,0.0,0,0,0,"-64,000",0,0,0,"331,000","395,000","-64,000","-64,000"
703464,台特化統一63購01,0,0,0,0.0,0.0,0.0,0,0,0,"3,000",0,0,0,"3,000",0,"3,000","3,000"
703465,台特化統一71購01,0,0,0,0.0,0.0,0.0,0,0,0,"2,000",0,0,0,"2,000",0,"2,000","2,000"
703466,台燿統一5C購03,0,0,0,0.0,0.0,0.0,0,0,0,0,0,0,0,"10,000","10,000",0,0
703468,宏捷科統一71購01,0,0,0,0.0,0.0,0.0,0,0,0,"285,000",0,0,0,"552,000","267,000","285,000","285,000"
703473,欣銓統一6C購01,0,0,0,0.0,0.0,0.0,0,0,0,"-21,000",0,0,0,0,"21,000","-21,000","-21,000"
703475,茂迪統一65購01,0,0,0,0.0,0.0,0.0,0,0,0,"7,000",0,0,0,"7,000",0,"7,000","7,000"
703483,穩懋統一6C購01,0,0,0,0.0,0.0,0.0,0,0,0,"1,000",0,0,0,"1,000",0,"1,000","1,000"
703581,臺慶科凱基5C購01,0,0,0,0.0,0.0,0.0,0,0,0,"11,000",0,0,0,"55,000","44,000","11,000","11,000"
703619,家登統一6C購01,0,0,0,0.0,0.0,0.0,0,0,0,"-16,000",0,0,0,"80,000","96,000","-16,000","-16,000"
703620,捷創統一61購01,0,0,0,0.0,0.0,0.0,0,0,0,"-20,000",0,0,0,0,"20,000","-20,000","-20,000"
703651,家登元大5C購02,0,0,0,0.0,0.0,0.0,0,0,0,"-3,000",0,0,0,"35,000","38,000","-3,000","-3,000"
703652,湧德元大61購01,0,0,0,0.0,0.0,0.0,0,0,0,"144,000",0,0,0,"166,000","22,000","144,000","144,000"
703660,聖暉*元大5C購02,0,0,0,0.0,0.0,0.0,0,0,0,"218,000",0,0,0,"218,000",0,"218,000","218,000"
703665,家登凱基5C購01,0,0,0,0.0,0.0,0.0,0,0,0,"21,000",0,0,0,"21,000",0,"21,000","21,000"
703771,系統電凱基5C購01,0,0,0,0.0,0.0,0.0,0,0,0,"60,000",0,0,0,"60,000",0,"60,000","60,000"
703785,世界國票61購01,0,0,0,0.0,0.0,0.0,0,0,0,"-44,000",0,0,0,"29,000","73,000","-44,000","-44,000"
703842,世界凱基61購01,0,0,0,0.0,0.0,0.0,0,0,0,"85,000",0,0,0,"85,000",0,"85,000","85,000"
703864,光頡統一61購01,0,0,0,0.0,0.0,0.0,0,0,0,"-1,000",0,0,0,"1,000","2,000","-1,000","-1,000"
703865,光頡統一71購01,0,0,0,0.0,0.0,0.0,0,0,0,"194,000",0,0,0,"244,000","50,000","194,000","194,000"
703866,均豪統一61購02,0,0,0,0.0,0.0,0.0,0,0,0,"-3,000",0,0,0,0,"3,000","-3,000","-3,000"
703869,捷創統一71購01,0,0,0,0.0,0.0,0.0,0,0,0,"-294,000",0,0,0,0,"294,000","-294,000","-294,000"
703877,鉅橡統一71購01,0,0,0,0.0,0.0,0.0,0,0,0,"-5,000",0,0,0,0,"5,000","-5,000","-5,000"
703878,精材統一71購01,0,0,0,0.0,0.0,0.0,0,0,0,"15,000",0,0,0,"15,000",0,"15,000","15,000"
703879,臺慶科統一71購01,0,0,0,0.0,0.0,0.0,0,0,0,"-8,000",0,0,0,"10,000","18,000","-8,000","-8,000"
703882,穩懋統一71購01,0,0,0,0.0,0.0,0.0,0,0,0,"-3,000",0,0,0,0,"3,000","-3,000","-3,000"
703914,聖暉*凱基61購01,0,0,0,0.0,0.0,0.0,0,0,0,"-10,000",0,0,0,0,"10,000","-10,000","-10,000"
703942,聖暉*元大5B購02,0,0,0,0.0,0.0,0.0,0,0,0,"52,000",0,0,0,"87,000","35,000","52,000","52,000"
703954,世界永豐5A購01,0,0,0,0.0,0.0,0.0,0,0,0,"143,000",0,0,0,"293,000","150,000","143,000","143,000"
703962,中美晶統一61購01,0,0,0,0.0,0.0,0.0,0,0,0,"16,000",0,0,0,"16,000",0,"16,000","16,000"
703966,台半統一71購01,0,0,0,0.0,0.0,0.0,0,0,0,"95,000",0,0,0,"121,000","26,000","95,000","95,000"
703967,台半統一71購02,0,0,0,0.0,0.0,0.0,0,0,0,"-139,000",0,0,0,"26,000","165,000","-139,000","-139,000"
703969,弘塑統一61購02,0,0,0,0.0,0.0,0.0,0,0,0,"2,000",0,0,0,"251,000","249,000","2,000","2,000"
703970,弘塑統一61購03,0,0,0,0.0,0.0,0.0,0,0,0,"-111,000",0,0,0,"183,000","294,000","-111,000","-111,000"
703974,長科*統一64購02,0,0,0,0.0,0.0,0.0,0,0,0,"5,000",0,0,0,"10,000","5,000","5,000","5,000"
703975,佶優統一71購01,0,0,0,0.0,0.0,0.0,0,0,0,"202,000",0,0,0,"203,000","1,000","202,000","202,000"
703980,順達統一61購01,0,0,0,0.0,0.0,0.0,0,0,0,"494,000",0,0,0,"589,000","95,000","494,000","494,000"
703984,廣明統一61購01,0,0,0,0.0,0.0,0.0,0,0,0,"-10,000",0,0,0,0,"10,000","-10,000","-10,000"
703985,穩懋統一63購01,0,0,0,0.0,0.0,0.0,0,0,0,"29,000",0,0,0,"30,000","1,000","29,000","29,000"
703991,元債20凱基71購01,0,0,0,0.0,0.0,0.0,0,0,0,"80,000",0,0,0,"81,000","1,000","80,000","80,000"
704011,元太統一61購01,0,0,0,0.0,0.0,0.0,0,0,0,"-6,000",0,0,0,"4,000","10,000","-6,000","-6,000"
704014,台星科統一61購01,0,0,0,0.0,0.0,0.0,0,0,0,"4,000",0,0,0,"4,000",0,"4,000","4,000"
704020,宏捷科統一61購02,0,0,0,0.0,0.0,0.0,0,0,0,"-10,000",0,0,0,0,"10,000","-10,000","-10,000"
704022,金山電統一61購01,0,0,0,0.0,0.0,0.0,0,0,0,"-1,000",0,0,0,0,"1,000","-1,000","-1,000"
704024,佶優統一61購01,0,0,0,0.0,0.0,0.0,0,0,0,"68,000",0,0,0,"68,000",0,"68,000","68,000"
704028,穩懋統一65購01,0,0,0,0.0,0.0,0.0,0,0,0,"3,000",0,0,0,"3,000",0,"3,000","3,000"
704029,穩懋統一71購02,0,0,0,0.0,0.0,0.0,0,0,0,"-32,000",0,0,0,0,"32,000","-32,000","-32,000"
704041,聖暉*元大5C購03,0,0,0,0.0,0.0,0.0,0,0,0,"466,000",0,0,0,"466,000",0,"466,000","466,000"
704080,世禾富邦5C購01,0,0,0,0.0,0.0,0.0,0,0,0,"223,000",0,0,0,"223,000",0,"223,000","223,000"
704085,世界統一61購02,0,0,0,0.0,0.0,0.0,0,0,0,"10,000",0,0,0,"10,000",0,"10,000","10,000"
704086,世界統一64購01,0,0,0,0.0,0.0,0.0,0,0,0,"1,000",0,0,0,"2,000","1,000","1,000","1,000"
704087,世紀*統一71購01,0,0,0,0.0,0.0,0.0,0,0,0,"-70,000",0,0,0,0,"70,000","-70,000","-70,000"
704088,世紀*統一71購02,0,0,0,0.0,0.0,0.0,0,0,0,"-17,000",0,0,0,0,"17,000","-17,000","-17,000"
704089,台半統一61購02,0,0,0,0.0,0.0,0.0,0,0,0,"-195,000",0,0,0,"95,000","290,000","-195,000","-195,000"
704090,台半統一71購03,0,0,0,0.0,0.0,0.0,0,0,0,"-37,000",0,0,0,"14,000","51,000","-37,000","-37,000"
704092,光頡統一64購01,0,0,0,0.0,0.0,0.0,0,0,0,"5,000",0,0,0,"5,000",0,"5,000","5,000"
704093,系統電統一71購01,0,0,0,0.0,0.0,0.0,0,0,0,"-47,000",0,0,0,0,"47,000","-47,000","-47,000"
704094,佳邦統一71購01,0,0,0,0.0,0.0,0.0,0,0,0,"-4,000",0,0,0,0,"4,000","-4,000","-4,000"
704096,金山電統一71購01,0,0,0,0.0,0.0,0.0,0,0,0,"390,000",0,0,0,"403,000","13,000","390,000","390,000"
704101,家登統一61購02,0,0,0,0.0,0.0,0.0,0,0,0,"-53,000",0,0,0,0,"53,000","-53,000","-53,000"
704115,金益鼎國票61購01,0,0,0,0.0,0.0,0.0,0,0,0,"-3,000",0,0,0,0,"3,000","-3,000","-3,000"
704170,世界元大5A購01,0,0,0,0.0,0.0,0.0,0,0,0,"2,000",0,0,0,"2,000",0,"2,000","2,000"
704191,家登元富5C購01,0,0,0,0.0,0.0,0.0,0,0,0,"-10,000",0,0,0,0,"10,000","-10,000","-10,000"
704203,中美晶統一71購01,0,0,0,0.0,0.0,0.0,0,0,0,"-1,000",0,0,0,"106,000","107,000","-1,000","-1,000"
704205,世紀*統一61購01,0,0,0,0.0,0.0,0.0,0,0,0,"-420,000",0,0,0,0,"420,000","-420,000","-420,000"
704206,世紀*統一71購03,0,0,0,0.0,0.0,0.0,0,0,0,"-174,000",0,0,0,0,"174,000","-174,000","-174,000"
704212,旺矽統一61購02,0,0,0,0.0,0.0,0.0,0,0,0,"9,000",0,0,0,"9,000",0,"9,000","9,000"
704215,松瑞藥統一61購01,0,0,0,0.0,0.0,0.0,0,0,0,"-31,000",0,0,0,0,"31,000","-31,000","-31,000"
704218,信昌電統一71購02,0,0,0,0.0,0.0,0.0,0,0,0,"-17,000",0,0,0,"13,000","30,000","-17,000","-17,000"
704219,家登統一61購03,0,0,0,0.0,0.0,0.0,0,0,0,"-50,000",0,0,0,0,"50,000","-50,000","-50,000"
704220,家登統一71購01,0,0,0,0.0,0.0,0.0,0,0,0,"-28,000",0,0,0,0,"28,000","-28,000","-28,000"
704237,世界元大5A購02,0,0,0,0.0,0.0,0.0,0,0,0,"-20,000",0,0,0,0,"20,000","-20,000","-20,000"
704244,富喬元大5A購01,0,0,0,0.0,0.0,0.0,0,0,0,"6,000",0,0,0,"6,000",0,"6,000","6,000"
704256,富喬永豐5B購01,0,0,0,0.0,0.0,0.0,0,0,0,"-13,000",0,0,0,"74,000","87,000","-13,000","-13,000"
704257,富喬永豐5C購01,0,0,0,0.0,0.0,0.0,0,0,0,"209,000",0,0,0,"213,000","4,000","209,000","209,000"
704258,富喬永豐64購01,0,0,0,0.0,0.0,0.0,0,0,0,"98,000",0,0,0,"148,000","50,000","98,000","98,000"
704260,聖暉*永豐61購01,0,0,0,0.0,0.0,0.0,0,0,0,"-79,000",0,0,0,0,"79,000","-79,000","-79,000"
704261,世界兆豐59購02,0,0,0,0.0,0.0,0.0,0,0,0,0,0,0,0,"430,000","430,000",0,0
704262,宜鼎兆豐61購01,0,0,0,0.0,0.0,0.0,0,0,0,"-1,000",0,0,0,0,"1,000","-1,000","-1,000"
704281,台星科統一61購02,0,0,0,0.0,0.0,0.0,0,0,0,"82,000",0,0,0,"102,000","20,000","82,000","82,000"
704282,宜鼎統一71購01,0,0,0,0.0,0.0,0.0,0,0,0,"-30,000",0,0,0,0,"30,000","-30,000","-30,000"
704287,富喬統一61購01,0,0,0,0.0,0.0,0.0,0,0,0,"-1,000",0,0,0,0,"1,000","-1,000","-1,000"
704288,富喬統一61購02,0,0,0,0.0,0.0,0.0,0,0,0,"-120,000",0,0,0,0,"120,000","-120,000","-120,000"
704290,富喬統一61購04,0,0,0,0.0,0.0,0.0,0,0,0,"-68,000",0,0,0,"351,000","419,000","-68,000","-68,000"
704291,富喬統一64購01,0,0,0,0.0,0.0,0.0,0,0,0,"-21,000",0,0,0,"509,000","530,000","-21,000","-21,000"
704292,富喬統一65購02,0,0,0,0.0,0.0,0.0,0,0,0,"-4,000",0,0,0,0,"4,000","-4,000","-4,000"
704295,富喬統一71購02,0,0,0,0.0,0.0,0.0,0,0,0,"900,000",0,0,0,"900,000",0,"900,000","900,000"
704298,聖暉*統一67購01,0,0,0,0.0,0.0,0.0,0,0,0,"-85,000",0,0,0,0,"85,000","-85,000","-85,000"
704321,勤凱元大61購02,0,0,0,0.0,0.0,0.0,0,0,0,"15,000",0,0,0,"35,000","20,000","15,000","15,000"
704322,聖暉*元大61購01,0,0,0,0.0,0.0,0.0,0,0,0,"-31,000",0,0,0,"10,000","41,000","-31,000","-31,000"
704325,精測元大5B購01,0,0,0,0.0,0.0,0.0,0,0,0,"2,000",0,0,0,"2,000",0,"2,000","2,000"
704351,精測統一61購01,0,0,0,0.0,0.0,0.0,0,0,0,"-75,000",0,0,0,0,"75,000","-75,000","-75,000"
704352,精測統一61購02,0,0,0,0.0,0.0,0.0,0,0,0,"-16,000",0,0,0,0,"16,000","-16,000","-16,000"
704353,精測統一71購01,0,0,0,0.0,0.0,0.0,0,0,0,"13,000",0,0,0,"194,000","181,000","13,000","13,000"
704362,雷科永豐59購02,0,0,0,0.0,0.0,0.0,0,0,0,"10,000",0,0,0,"10,000",0,"10,000","10,000"
704370,世界國票5B購01,0,0,0,0.0,0.0,0.0,0,0,0,"149,000",0,0,0,"349,000","200,000","149,000","149,000"
704373,精測國票5A購01,0,0,0,0.0,0.0,0.0,0,0,0,"-111,000",0,0,0,"65,000","176,000","-111,000","-111,000"
704374,精測國票5A購02,0,0,0,0.0,0.0,0.0,0,0,0,"338,000",0,0,0,"432,000","94,000","338,000","338,000"
704377,精測兆豐59購01,0,0,0,0.0,0.0,0.0,0,0,0,"10,000",0,0,0,"10,000",0,"10,000","10,000"
704396,順達元大5A購05,0,0,0,0.0,0.0,0.0,0,0,0,"-26,000",0,0,0,"12,000","38,000","-26,000","-26,000"
704404,精測統一5C購01,0,0,0,0.0,0.0,0.0,0,0,0,"306,000",0,0,0,"316,000","10,000","306,000","306,000"
704406,亞電永豐59購01,0,0,0,0.0,0.0,0.0,0,0,0,"80,000",0,0,0,"80,000",0,"80,000","80,000"
704409,精測永豐5A購02,0,0,0,0.0,0.0,0.0,0,0,0,"50,000",0,0,0,"60,000","10,000","50,000","50,000"
704419,力旺元大5A購01,0,0,0,0.0,0.0,0.0,0,0,0,"5,000",0,0,0,"10,000","5,000","5,000","5,000"
704492,鈊象元大5B購01,0,0,0,0.0,0.0,0.0,0,0,0,"-122,000",0,0,0,0,"122,000","-122,000","-122,000"
704507,亞電永豐5B購01,0,0,0,0.0,0.0,0.0,0,0,0,"-29,000",0,0,0,"11,000","40,000","-29,000","-29,000"
704533,大中統一71購01,0,0,0,0.0,0.0,0.0,0,0,0,"92,000",0,0,0,"92,000",0,"92,000","92,000"
704544,宜鼎統一71購02,0,0,0,0.0,0.0,0.0,0,0,0,"-5,000",0,0,0,"5,000","10,000","-5,000","-5,000"
704546,長科*統一71購01,0,0,0,0.0,0.0,0.0,0,0,0,"-54,000",0,0,0,"21,000","75,000","-54,000","-54,000"
704548,昱展統一61購01,0,0,0,0.0,0.0,0.0,0,0,0,"-10,000",0,0,0,0,"10,000","-10,000","-10,000"
704550,能率亞統一61購02,0,0,0,0.0,0.0,0.0,0,0,0,"-5,000",0,0,0,0,"5,000","-5,000","-5,000"
704591,能率亞統一71購02,0,0,0,0.0,0.0,0.0,0,0,0,"-5,000",0,0,0,0,"5,000","-5,000","-5,000"
704638,廣運永豐61購01,0,0,0,0.0,0.0,0.0,0,0,0,"-5,000",0,0,0,0,"5,000","-5,000","-5,000"
704665,鈊象元大5C購01,0,0,0,0.0,0.0,0.0,0,0,0,"-200,000",0,0,0,0,"200,000","-200,000","-200,000"
704668,穩得元大5B購01,0,0,0,0.0,0.0,0.0,0,0,0,"128,000",0,0,0,"128,000",0,"128,000","128,000"
704685,穩懋永豐5A購02,0,0,0,0.0,0.0,0.0,0,0,0,0,0,0,0,"1,000","1,000",0,0
704702,竹陞元大5A購01,0,0,0,0.0,0.0,0.0,0,0,0,"1,000",0,0,0,"1,000",0,"1,000","1,000"
704707,家登元大5A購01,0,0,0,0.0,0.0,0.0,0,0,0,"148,000",0,0,0,"148,000",0,"148,000","148,000"
704725,家登永豐5B購01,0,0,0,0.0,0.0,0.0,0,0,0,"-10,000",0,0,0,0,"10,000","-10,000","-10,000"
704767,印能永豐5A購01,0,0,0,0.0,0.0,0.0,0,0,0,"11,000",0,0,0,"11,000",0,"11,000","11,000"
704807,宜鼎元大5A購04,0,0,0,0.0,0.0,0.0,0,0,0,"-10,000",0,0,0,0,"10,000","-10,000","-10,000"
704841,台半富邦5B購01,0,0,0,0.0,0.0,0.0,0,0,0,"48,000",0,0,0,"2,719,000","2,671,000","48,000","48,000"
704842,台星科富邦5B購01,0,0,0,0.0,0.0,0.0,0,0,0,"53,000",0,0,0,"53,000",0,"53,000","53,000"
704844,宜特富邦5A購01,0,0,0,0.0,0.0,0.0,0,0,0,"200,000",0,0,0,"200,000",0,"200,000","200,000"
704852,雙鴻富邦5A購01,0,0,0,0.0,0.0,0.0,0,0,0,"852,000",0,0,0,"852,000",0,"852,000","852,000"
704881,譜瑞兆豐62購01,0,0,0,0.0,0.0,0.0,0,0,0,"-2,000",0,0,0,0,"2,000","-2,000","-2,000"
704895,世界統一62購01,0,0,0,0.0,0.0,0.0,0,0,0,"-1,000",0,0,0,"50,000","51,000","-1,000","-1,000"
704897,台燿統一62購01,0,0,0,0.0,0.0,0.0,0,0,0,"65,000",0,0,0,"85,000","20,000","65,000","65,000"
704898,光頡統一5C購02,0,0,0,0.0,0.0,0.0,0,0,0,"10,000",0,0,0,"10,000",0,"10,000","10,000"
704900,茂達統一62購01,0,0,0,0.0,0.0,0.0,0,0,0,"10,000",0,0,0,"10,000",0,"10,000","10,000"
704905,穩懋統一72購01,0,0,0,0.0,0.0,0.0,0,0,0,"5,000",0,0,0,"5,000",0,"5,000","5,000"
704907,鑫聯統一62購01,0,0,0,0.0,0.0,0.0,0,0,0,"60,000",0,0,0,"60,000",0,"60,000","60,000"
704925,系統電元大62購01,0,0,0,0.0,0.0,0.0,0,0,0,"-10,000",0,0,0,0,"10,000","-10,000","-10,000"
704944,印能統一65購01,0,0,0,0.0,0.0,0.0,0,0,0,"-1,000",0,0,0,0,"1,000","-1,000","-1,000"
704948,雙鴻統一5C購01,0,0,0,0.0,0.0,0.0,0,0,0,"-3,000",0,0,0,0,"3,000","-3,000","-3,000"
704952,鑫聯統一72購01,0,0,0,0.0,0.0,0.0,0,0,0,"100,000",0,0,0,"100,000",0,"100,000","100,000"
704954,系微兆豐62購01,0,0,0,0.0,0.0,0.0,0,0,0,"200,000",0,0,0,"200,000",0,"200,000","200,000"
704957,雙鴻永豐5A購02,0,0,0,0.0,0.0,0.0,0,0,0,"1,740,000",0,0,0,"1,740,000",0,"1,740,000","1,740,000"
704958,中探針群益5C購01,0,0,0,0.0,0.0,0.0,0,0,0,"-10,000",0,0,0,0,"10,000","-10,000","-10,000"
704984,雙鴻元富5A購03,0,0,0,0.0,0.0,0.0,0,0,0,"20,000",0,0,0,"20,000",0,"20,000","20,000"
704998,雙鴻元大61購02,0,0,0,0.0,0.0,0.0,0,0,0,"247,000",0,0,0,"247,000",0,"247,000","247,000"
705002,世界富邦5C購02,0,0,0,0.0,0.0,0.0,0,0,0,"617,000",0,0,0,"775,000","158,000","617,000","617,000"
705003,世界統一72購01,0,0,0,0.0,0.0,0.0,0,0,0,"-43,000",0,0,0,"20,000","63,000","-43,000","-43,000"
705005,茂迪統一72購01,0,0,0,0.0,0.0,0.0,0,0,0,"-10,000",0,0,0,0,"10,000","-10,000","-10,000"
705007,智通*統一62購01,0,0,0,0.0,0.0,0.0,0,0,0,"-200,000",0,0,0,"50,000","250,000","-200,000","-200,000"
705008,湧德統一61購03,0,0,0,0.0,0.0,0.0,0,0,0,"-10,000",0,0,0,0,"10,000","-10,000","-10,000"
705010,穩懋統一72購04,0,0,0,0.0,0.0,0.0,0,0,0,"4,000",0,0,0,"4,000",0,"4,000","4,000"
705023,雙鴻凱基5C購01,0,0,0,0.0,0.0,0.0,0,0,0,"-3,000",0,0,0,0,"3,000","-3,000","-3,000"
705034,精材群益5A購03,0,0,0,0.0,0.0,0.0,0,0,0,"10,000",0,0,0,"10,000",0,"10,000","10,000"
705038,宏觀國票5C購01,0,0,0,0.0,0.0,0.0,0,0,0,"-10,000",0,0,0,0,"10,000","-10,000","-10,000"
705063,穩懋元大61購02,0,0,0,0.0,0.0,0.0,0,0,0,"2,000",0,0,0,"2,000",0,"2,000","2,000"
705084,精測群益62購03,0,0,0,0.0,0.0,0.0,0,0,0,"364,000",0,0,0,"861,000","497,000","364,000","364,000"
705089,新應材富邦63購01,0,0,0,0.0,0.0,0.0,0,0,0,"-45,000",0,0,0,0,"45,000","-45,000","-45,000"
705091,正淩統一62購01,0,0,0,0.0,0.0,0.0,0,0,0,"100,000",0,0,0,"100,000",0,"100,000","100,000"
705092,正淩統一65購01,0,0,0,0.0,0.0,0.0,0,0,0,"-26,000",0,0,0,0,"26,000","-26,000","-26,000"
705094,宜特統一62購01,0,0,0,0.0,0.0,0.0,0,0,0,"67,000",0,0,0,"67,000",0,"67,000","67,000"
705096,精測統一62購01,0,0,0,0.0,0.0,0.0,0,0,0,"-834,000",0,0,0,0,"834,000","-834,000","-834,000"
705098,精測統一72購01,0,0,0,0.0,0.0,0.0,0,0,0,"26,000",0,0,0,"36,000","10,000","26,000","26,000"
705099,雙鴻統一62購03,0,0,0,0.0,0.0,0.0,0,0,0,"-635,000",0,0,0,0,"635,000","-635,000","-635,000"
705100,鑫科統一62購01,0,0,0,0.0,0.0,0.0,0,0,0,"5,000",0,0,0,"5,000",0,"5,000","5,000"
705111,系統電永豐61購01,0,0,0,0.0,0.0,0.0,0,0,0,"-7,000",0,0,0,0,"7,000","-7,000","-7,000"
705128,良維統一72購01,0,0,0,0.0,0.0,0.0,0,0,0,"-28,000",0,0,0,"12,000","40,000","-28,000","-28,000"
705130,長科*統一72購01,0,0,0,0.0,0.0,0.0,0,0,0,"132,000",0,0,0,"185,000","53,000","132,000","132,000"
705135,穩懋統一72購05,0,0,0,0.0,0.0,0.0,0,0,0,"5,000",0,0,0,"5,000",0,"5,000","5,000"
705136,鏵友益統一72購01,0,0,0,0.0,0.0,0.0,0,0,0,"-53,000",0,0,0,0,"53,000","-53,000","-53,000"
705138,良維中信5C購01,0,0,0,0.0,0.0,0.0,0,0,0,"23,000",0,0,0,"33,000","10,000","23,000","23,000"
705143,正淩國票5B購01,0,0,0,0.0,0.0,0.0,0,0,0,"58,000",0,0,0,"58,000",0,"58,000","58,000"
705173,宜鼎凱基59購04,0,0,0,0.0,0.0,0.0,0,0,0,"40,000",0,0,0,"60,000","20,000","40,000","40,000"
705175,崴寶凱基59購01,0,0,0,0.0,0.0,0.0,0,0,0,"275,000",0,0,0,"275,000",0,"275,000","275,000"
705179,雙鴻凱基5C購02,0,0,0,0.0,0.0,0.0,0,0,0,"-87,000",0,0,0,"33,000","120,000","-87,000","-87,000"
705188,元太統一62購01,0,0,0,0.0,0.0,0.0,0,0,0,"-250,000",0,0,0,0,"250,000","-250,000","-250,000"
705190,弘塑統一72購01,0,0,0,0.0,0.0,0.0,0,0,0,"-14,000",0,0,0,"13,000","27,000","-14,000","-14,000"
705193,宜鼎統一72購01,0,0,0,0.0,0.0,0.0,0,0,0,"-299,000",0,0,0,"32,000","331,000","-299,000","-299,000"
705196,雙鴻統一72購01,0,0,0,0.0,0.0,0.0,0,0,0,"-390,000",0,0,0,"527,000","917,000","-390,000","-390,000"
705197,鑫聯統一65購01,0,0,0,0.0,0.0,0.0,0,0,0,"20,000",0,0,0,"20,000",0,"20,000","20,000"
705203,匯鑽科國票59購02,0,0,0,0.0,0.0,0.0,0,0,0,"150,000",0,0,0,"250,000","100,000","150,000","150,000"
705212,雙鴻元大5C購01,0,0,0,0.0,0.0,0.0,0,0,0,"61,000",0,0,0,"61,000",0,"61,000","61,000"
705213,雙鴻元大61購04,0,0,0,0.0,0.0,0.0,0,0,0,"7,000",0,0,0,"7,000",0,"7,000","7,000"
705221,雙鴻元富5A購04,0,0,0,0.0,0.0,0.0,0,0,0,0,0,0,0,"3,000","3,000",0,0
705222,雙鴻元富5A購05,0,0,0,0.0,0.0,0.0,0,0,0,"-102,000",0,0,0,0,"102,000","-102,000","-102,000"
705235,力旺凱基5B購01,0,0,0,0.0,0.0,0.0,0,0,0,"38,000",0,0,0,"43,000","5,000","38,000","38,000"
705238,穩懋凱基61購01,0,0,0,0.0,0.0,0.0,0,0,0,"-27,000",0,0,0,"14,000","41,000","-27,000","-27,000"
705242,宸曜永豐59購01,0,0,0,0.0,0.0,0.0,0,0,0,"10,000",0,0,0,"10,000",0,"10,000","10,000"
705254,雙鴻富邦5A購02,0,0,0,0.0,0.0,0.0,0,0,0,"26,000",0,0,0,"1,138,000","1,112,000","26,000","26,000"
705255,雙鴻富邦5A購03,0,0,0,0.0,0.0,0.0,0,0,0,"-50,000",0,0,0,0,"50,000","-50,000","-50,000"
705257,力旺統一65購01,0,0,0,0.0,0.0,0.0,0,0,0,"-10,000",0,0,0,0,"10,000","-10,000","-10,000"
705258,力旺統一72購01,0,0,0,0.0,0.0,0.0,0,0,0,"368,000",0,0,0,"378,000","10,000","368,000","368,000"
705260,凡甲統一72購02,0,0,0,0.0,0.0,0.0,0,0,0,"23,000",0,0,0,"23,000",0,"23,000","23,000"
705261,元太統一62購02,0,0,0,0.0,0.0,0.0,0,0,0,"-1,000",0,0,0,0,"1,000","-1,000","-1,000"
705263,弘塑統一72購02,0,0,0,0.0,0.0,0.0,0,0,0,"-1,000",0,0,0,0,"1,000","-1,000","-1,000"
705265,沛亨統一72購02,0,0,0,0.0,0.0,0.0,0,0,0,"15,000",0,0,0,"20,000","5,000","15,000","15,000"
705269,穩懋統一65購02,0,0,0,0.0,0.0,0.0,0,0,0,"45,000",0,0,0,"45,000",0,"45,000","45,000"
705276,力旺群益5A購01,0,0,0,0.0,0.0,0.0,0,0,0,"7,000",0,0,0,"7,000",0,"7,000","7,000"
705279,良維群益5C購01,0,0,0,0.0,0.0,0.0,0,0,0,0,0,0,0,"5,000","5,000",0,0
705284,力旺元大5A購03,0,0,0,0.0,0.0,0.0,0,0,0,"122,000",0,0,0,"128,000","6,000","122,000","122,000"
705289,鈊象元大5C購02,0,0,0,0.0,0.0,0.0,0,0,0,"133,000",0,0,0,"133,000",0,"133,000","133,000"
705300,鈊象凱基61購01,0,0,0,0.0,0.0,0.0,0,0,0,"-3,000",0,0,0,0,"3,000","-3,000","-3,000"
705307,富喬富邦5B購01,0,0,0,0.0,0.0,0.0,0,0,0,"-90,000",0,0,0,"74,000","164,000","-90,000","-90,000"
705310,博智統一72購02,0,0,0,0.0,0.0,0.0,0,0,0,"-416,000",0,0,0,"11,000","427,000","-416,000","-416,000"
705311,富喬統一62購01,0,0,0,0.0,0.0,0.0,0,0,0,"-10,000",0,0,0,0,"10,000","-10,000","-10,000"
705312,富喬統一62購02,0,0,0,0.0,0.0,0.0,0,0,0,"-59,000",0,0,0,"256,000","315,000","-59,000","-59,000"
705314,精材統一72購01,0,0,0,0.0,0.0,0.0,0,0,0,"3,000",0,0,0,"9,000","6,000","3,000","3,000"
705315,鑫科統一72購02,0,0,0,0.0,0.0,0.0,0,0,0,"13,000",0,0,0,"16,000","3,000","13,000","13,000"
705323,富喬國票59購02,0,0,0,0.0,0.0,0.0,0,0,0,"25,000",0,0,0,"25,000",0,"25,000","25,000"
705324,富喬國票5A購01,0,0,0,0.0,0.0,0.0,0,0,0,"-135,000",0,0,0,"19,000","154,000","-135,000","-135,000"
705325,聚和國票59購01,0,0,0,0.0,0.0,0.0,0,0,0,"230,000",0,0,0,"230,000",0,"230,000","230,000"
705333,鈊象元大5C購03,0,0,0,0.0,0.0,0.0,0,0,0,"104,000",0,0,0,"104,000",0,"104,000","104,000"
705337,穩懋元大61購04,0,0,0,0.0,0.0,0.0,0,0,0,"-9,000",0,0,0,"4,000","13,000","-9,000","-9,000"
705343,弘塑永豐5B購01,0,0,0,0.0,0.0,0.0,0,0,0,"1,000",0,0,0,"1,000",0,"1,000","1,000"
705347,富喬永豐61購01,0,0,0,0.0,0.0,0.0,0,0,0,"-81,000",0,0,0,"273,000","354,000","-81,000","-81,000"
705348,富喬永豐65購01,0,0,0,0.0,0.0,0.0,0,0,0,"-216,000",0,0,0,"167,000","383,000","-216,000","-216,000"
705349,雙鴻永豐5B購01,0,0,0,0.0,0.0,0.0,0,0,0,"3,000",0,0,0,"3,000",0,"3,000","3,000"
705365,雙鴻元大5B購02,0,0,0,0.0,0.0,0.0,0,0,0,"-50,000",0,0,0,"20,000","70,000","-50,000","-50,000"
705366,雙鴻元大5C購02,0,0,0,0.0,0.0,0.0,0,0,0,"92,000",0,0,0,"92,000",0,"92,000","92,000"
705370,穩懋元大61購05,0,0,0,0.0,0.0,0.0,0,0,0,"-87,000",0,0,0,0,"87,000","-87,000","-87,000"
705381,系微統一64購01,0,0,0,0.0,0.0,0.0,0,0,0,"-40,000",0,0,0,0,"40,000","-40,000","-40,000"
705382,亞泰統一72購02,0,0,0,0.0,0.0,0.0,0,0,0,"107,000",0,0,0,"107,000",0,"107,000","107,000"
705383,宜特統一65購01,0,0,0,0.0,0.0,0.0,0,0,0,"2,000",0,0,0,"2,000",0,"2,000","2,000"
705385,前鼎統一72購01,0,0,0,0.0,0.0,0.0,0,0,0,"2,000",0,0,0,"2,000",0,"2,000","2,000"
705386,茂達統一72購01,0,0,0,0.0,0.0,0.0,0,0,0,"-25,000",0,0,0,"55,000","80,000","-25,000","-25,000"
705390,新漢統一64購02,0,0,0,0.0,0.0,0.0,0,0,0,"9,000",0,0,0,"9,000",0,"9,000","9,000"
705391,新漢統一72購01,0,0,0,0.0,0.0,0.0,0,0,0,"10,000",0,0,0,"10,000",0,"10,000","10,000"
705396,廣明統一72購01,0,0,0,0.0,0.0,0.0,0,0,0,"10,000",0,0,0,"10,000",0,"10,000","10,000"
705397,穩得統一72購01,0,0,0,0.0,0.0,0.0,0,0,0,"10,000",0,0,0,"10,000",0,"10,000","10,000"
705399,穩懋統一62購01,0,0,0,0.0,0.0,0.0,0,0,0,"231,000",0,0,0,"233,000","2,000","231,000","231,000"
705400,穩懋統一62購02,0,0,0,0.0,0.0,0.0,0,0,0,"1,000",0,0,0,"1,000",0,"1,000","1,000"
705401,穩懋統一62購03,0,0,0,0.0,0.0,0.0,0,0,0,"38,000",0,0,0,"59,000","21,000","38,000","38,000"
705402,耀勝統一64購01,0,0,0,0.0,0.0,0.0,0,0,0,"-44,000",0,0,0,0,"44,000","-44,000","-44,000"
705410,沛亨永豐5B購01,0,0,0,0.0,0.0,0.0,0,0,0,"460,000",0,0,0,"460,000",0,"460,000","460,000"
705411,良維永豐59購01,0,0,0,0.0,0.0,0.0,0,0,0,"2,000",0,0,0,"2,000",0,"2,000","2,000"
705433,中美晶凱基5C購01,0,0,0,0.0,0.0,0.0,0,0,0,"-9,000",0,0,0,0,"9,000","-9,000","-9,000"
705437,弘塑凱基5C購01,0,0,0,0.0,0.0,0.0,0,0,0,"-6,000",0,0,0,"12,000","18,000","-6,000","-6,000"
705444,良維國票62購01,0,0,0,0.0,0.0,0.0,0,0,0,"2,000",0,0,0,"2,000",0,"2,000","2,000"
705449,鉅橡國票5B購01,0,0,0,0.0,0.0,0.0,0,0,0,"-5,000",0,0,0,0,"5,000","-5,000","-5,000"
705451,穩懋國票5A購03,0,0,0,0.0,0.0,0.0,0,0,0,0,0,0,0,"11,000","11,000",0,0
705455,世界群益5B購02,0,0,0,0.0,0.0,0.0,0,0,0,0,0,0,0,"5,000","5,000",0,0
705475,雙鴻元大5C購03,0,0,0,0.0,0.0,0.0,0,0,0,"-343,000",0,0,0,0,"343,000","-343,000","-343,000"
705476,雙鴻元大61購05,0,0,0,0.0,0.0,0.0,0,0,0,"517,000",0,0,0,"517,000",0,"517,000","517,000"
705479,良維統一61購01,0,0,0,0.0,0.0,0.0,0,0,0,"30,000",0,0,0,"35,000","5,000","30,000","30,000"
705480,良維統一63購01,0,0,0,0.0,0.0,0.0,0,0,0,"169,000",0,0,0,"287,000","118,000","169,000","169,000"
705483,新應材統一62購02,0,0,0,0.0,0.0,0.0,0,0,0,"8,000",0,0,0,"10,000","2,000","8,000","8,000"
705485,萬潤統一73購01,0,0,0,0.0,0.0,0.0,0,0,0,"3,000",0,0,0,"3,000",0,"3,000","3,000"
705486,德微統一63購01,0,0,0,0.0,0.0,0.0,0,0,0,"180,000",0,0,0,"222,000","42,000","180,000","180,000"
705487,穩懋統一66購01,0,0,0,0.0,0.0,0.0,0,0,0,"-2,000",0,0,0,"8,000","10,000","-2,000","-2,000"
705488,穩懋統一73購01,0,0,0,0.0,0.0,0.0,0,0,0,"46,000",0,0,0,"46,000",0,"46,000","46,000"
705489,穩懋統一73購02,0,0,0,0.0,0.0,0.0,0,0,0,"329,000",0,0,0,"479,000","150,000","329,000","329,000"
705491,世界永豐5A購02,0,0,0,0.0,0.0,0.0,0,0,0,"30,000",0,0,0,"30,000",0,"30,000","30,000"
705496,光頡永豐5A購01,0,0,0,0.0,0.0,0.0,0,0,0,"10,000",0,0,0,"10,000",0,"10,000","10,000"
705503,德微永豐5A購01,0,0,0,0.0,0.0,0.0,0,0,0,"37,000",0,0,0,"37,000",0,"37,000","37,000"
705504,雙鴻永豐5C購01,0,0,0,0.0,0.0,0.0,0,0,0,"1,000",0,0,0,"1,000",0,"1,000","1,000"
705505,穩懋永豐5A購03,0,0,0,0.0,0.0,0.0,0,0,0,"80,000",0,0,0,"80,000",0,"80,000","80,000"
705520,宜鼎兆豐63購01,0,0,0,0.0,0.0,0.0,0,0,0,"-12,000",0,0,0,"50,000","62,000","-12,000","-12,000"
705525,良維凱基5B購02,0,0,0,0.0,0.0,0.0,0,0,0,"-4,000",0,0,0,0,"4,000","-4,000","-4,000"
705527,萬潤凱基5B購01,0,0,0,0.0,0.0,0.0,0,0,0,"2,000",0,0,0,"2,000",0,"2,000","2,000"
705534,雙鴻凱基5B購01,0,0,0,0.0,0.0,0.0,0,0,0,"-120,000",0,0,0,0,"120,000","-120,000","-120,000"
705548,雙鴻元大61購06,0,0,0,0.0,0.0,0.0,0,0,0,"5,000",0,0,0,"10,000","5,000","5,000","5,000"
705551,穩懋元大5A購03,0,0,0,0.0,0.0,0.0,0,0,0,"94,000",0,0,0,"94,000",0,"94,000","94,000"
705553,穩懋元大5C購04,0,0,0,0.0,0.0,0.0,0,0,0,"-320,000",0,0,0,0,"320,000","-320,000","-320,000"
705558,神盾永豐5C購01,0,0,0,0.0,0.0,0.0,0,0,0,"10,000",0,0,0,"10,000",0,"10,000","10,000"
705565,穩懋永豐5C購02,"16,000",0,"16,000",0.0,0.0,0.0,0,0,0,"-779,000",0,0,0,"877,000","1,656,000","-779,000","-763,000"
705575,原相凱基5B購01,0,0,0,0.0,0.0,0.0,0,0,0,"1,000",0,0,0,"1,000",0,"1,000","1,000"
705581,良維永豐5B購01,0,0,0,0.0,0.0,0.0,0,0,0,"71,000",0,0,0,"71,000",0,"71,000","71,000"
705604,良維國票67購01,0,0,0,0.0,0.0,0.0,0,0,0,"-16,000",0,0,0,0,"16,000","-16,000","-16,000"
705611,雙鴻國票5C購01,0,0,0,0.0,0.0,0.0,0,0,0,"-60,000",0,0,0,0,"60,000","-60,000","-60,000"
705621,旺矽群益5B購01,0,0,0,0.0,0.0,0.0,0,0,0,"-5,000",0,0,0,0,"5,000","-5,000","-5,000"
705633,順達永豐5B購01,0,0,0,0.0,0.0,0.0,0,0,0,"-61,000",0,0,0,"17,000","78,000","-61,000","-61,000"
705638,宜鼎群益5B購01,0,0,0,0.0,0.0,0.0,0,0,0,"166,000",0,0,0,"206,000","40,000","166,000","166,000"
705671,鈊象富邦5B購01,0,0,0,0.0,0.0,0.0,0,0,0,"10,000",0,0,0,"10,000",0,"10,000","10,000"
705672,聖暉*富邦5B購01,0,0,0,0.0,0.0,0.0,0,0,0,"-257,000",0,0,0,"10,000","267,000","-257,000","-257,000"
705675,雙鴻富邦5C購01,0,0,0,0.0,0.0,0.0,0,0,0,"-156,000",0,0,0,0,"156,000","-156,000","-156,000"
705676,雙鴻富邦5C購02,0,0,0,0.0,0.0,0.0,0,0,0,"-242,000",0,0,0,"2,000","244,000","-242,000","-242,000"
705702,宏捷科國票62購01,0,0,0,0.0,0.0,0.0,0,0,0,"-20,000",0,0,0,"50,000","70,000","-20,000","-20,000"
705712,台燿元大61購03,0,0,0,0.0,0.0,0.0,0,0,0,0,0,0,0,"30,000","30,000",0,0
705726,雙鴻元大61購08,0,0,0,0.0,0.0,0.0,0,0,0,"60,000",0,0,0,"65,000","5,000","60,000","60,000"
705737,印能永豐5C購01,0,0,0,0.0,0.0,0.0,0,0,0,"-127,000",0,0,0,0,"127,000","-127,000","-127,000"
705755,雙鴻凱基5C購03,0,0,0,0.0,0.0,0.0,0,0,0,"1,257,000",0,0,0,"1,257,000",0,"1,257,000","1,257,000"
705758,世界元大5C購01,0,0,0,0.0,0.0,0.0,0,0,0,"25,000",0,0,0,"25,000",0,"25,000","25,000"
705774,雙鴻元大61購09,0,0,0,0.0,0.0,0.0,0,0,0,"107,000",0,0,0,"107,000",0,"107,000","107,000"
705778,鈊象國票5A購01,0,0,0,0.0,0.0,0.0,0,0,0,"599,000",0,0,0,"599,000",0,"599,000","599,000"
705800,大綜統一73購01,0,0,0,0.0,0.0,0.0,0,0,0,"182,000",0,0,0,"182,000",0,"182,000","182,000"
705801,印能統一62購01,0,0,0,0.0,0.0,0.0,0,0,0,"108,000",0,0,0,"108,000",0,"108,000","108,000"
705804,環球晶統一63購01,0,0,0,0.0,0.0,0.0,0,0,0,"-1,000",0,0,0,0,"1,000","-1,000","-1,000"
705806,環球晶統一73購01,0,0,0,0.0,0.0,0.0,0,0,0,"5,000",0,0,0,"5,000",0,"5,000","5,000"
705807,環球晶統一73購02,0,0,0,0.0,0.0,0.0,0,0,0,"-81,000",0,0,0,0,"81,000","-81,000","-81,000"
705819,台星科永豐5C購01,0,0,0,0.0,0.0,0.0,0,0,0,"12,000",0,0,0,"12,000",0,"12,000","12,000"
705824,能率永豐5C購01,0,0,0,0.0,0.0,0.0,0,0,0,"50,000",0,0,0,"50,000",0,"50,000","50,000"
705826,順達永豐61購01,0,0,0,0.0,0.0,0.0,0,0,0,"-85,000",0,0,0,"12,000","97,000","-85,000","-85,000"
705827,良維兆豐5B購01,0,0,0,0.0,0.0,0.0,0,0,0,0,0,0,0,"57,000","57,000",0,0
705841,元太元大5B購01,0,0,0,0.0,0.0,0.0,0,0,0,0,0,0,0,"59,000","59,000",0,0
705853,雙鴻元大61購10,0,0,0,0.0,0.0,0.0,0,0,0,"2,097,000",0,0,0,"2,459,000","362,000","2,097,000","2,097,000"
705855,弘塑統一73購01,0,0,0,0.0,0.0,0.0,0,0,0,"40,000",0,0,0,"40,000",0,"40,000","40,000"
705856,印能統一73購01,0,0,0,0.0,0.0,0.0,0,0,0,"91,000",0,0,0,"127,000","36,000","91,000","91,000"
705857,沛亨統一73購01,0,0,0,0.0,0.0,0.0,0,0,0,"-2,000",0,0,0,0,"2,000","-2,000","-2,000"
705858,良維統一73購01,0,0,0,0.0,0.0,0.0,0,0,0,"92,000",0,0,0,"102,000","10,000","92,000","92,000"
705860,順達統一73購01,0,0,0,0.0,0.0,0.0,0,0,0,"79,000",0,0,0,"188,000","109,000","79,000","79,000"
705861,新應材統一73購01,0,0,0,0.0,0.0,0.0,0,0,0,"-40,000",0,0,0,0,"40,000","-40,000","-40,000"
705863,德微統一73購01,0,0,0,0.0,0.0,0.0,0,0,0,"79,000",0,0,0,"80,000","1,000","79,000","79,000"
705874,鈊象凱基61購02,0,0,0,0.0,0.0,0.0,0,0,0,"84,000",0,0,0,"96,000","12,000","84,000","84,000"
705877,環球晶凱基61購01,0,0,0,0.0,0.0,0.0,0,0,0,"-18,000",0,0,0,0,"18,000","-18,000","-18,000"
705878,弘塑富邦5B購01,0,0,0,0.0,0.0,0.0,0,0,0,"-52,000",0,0,0,0,"52,000","-52,000","-52,000"
705881,雙鴻國泰5A購01,0,0,0,0.0,0.0,0.0,0,0,0,"64,000",0,0,0,"64,000",0,"64,000","64,000"
705894,元太凱基5B購02,0,0,0,0.0,0.0,0.0,0,0,0,"259,000",0,0,0,"259,000",0,"259,000","259,000"
705917,雙鴻群益63購01,0,0,0,0.0,0.0,0.0,0,0,0,"23,000",0,0,0,"105,000","82,000","23,000","23,000"
705923,弘塑永豐5B購02,0,0,0,0.0,0.0,0.0,0,0,0,"85,000",0,0,0,"85,000",0,"85,000","85,000"
705927,新應材永豐63購02,0,0,0,0.0,0.0,0.0,0,0,0,"10,000",0,0,0,"10,000",0,"10,000","10,000"
705940,新應材國票5C購01,0,0,0,0.0,0.0,0.0,0,0,0,"-45,000",0,0,0,"5,000","50,000","-45,000","-45,000"
705941,群翊國票5A購01,0,0,0,0.0,0.0,0.0,0,0,0,"20,000",0,0,0,"20,000",0,"20,000","20,000"
705946,宏捷科統一63購01,0,0,0,0.0,0.0,0.0,0,0,0,"-10,000",0,0,0,0,"10,000","-10,000","-10,000"
705947,系微統一73購01,0,0,0,0.0,0.0,0.0,0,0,0,"-20,000",0,0,0,0,"20,000","-20,000","-20,000"
705948,良維統一63購02,0,0,0,0.0,0.0,0.0,0,0,0,"122,000",0,0,0,"122,000",0,"122,000","122,000"
705950,宜特統一73購01,0,0,0,0.0,0.0,0.0,0,0,0,"5,000",0,0,0,"5,000",0,"5,000","5,000"
705952,前鼎統一73購01,0,0,0,0.0,0.0,0.0,0,0,0,"-47,000",0,0,0,"12,000","59,000","-47,000","-47,000"
705992,均華國泰5A購01,0,0,0,0.0,0.0,0.0,0,0,0,"84,000",0,0,0,"99,000","15,000","84,000","84,000"
706001,雙鴻群益5B購03,0,0,0,0.0,0.0,0.0,0,0,0,"20,000",0,0,0,"20,000",0,"20,000","20,000"
706006,穩得永豐5B購01,0,0,0,0.0,0.0,0.0,0,0,0,"90,000",0,0,0,"90,000",0,"90,000","90,000"
706011,博智凱基5C購01,0,0,0,0.0,0.0,0.0,0,0,0,"10,000",0,0,0,"36,000","26,000","10,000","10,000"
706016,雙鴻國票5A購03,0,0,0,0.0,0.0,0.0,0,0,0,"10,000",0,0,0,"10,000",0,"10,000","10,000"
706018,弘塑永豐63購01,0,0,0,0.0,0.0,0.0,0,0,0,"-17,000",0,0,0,0,"17,000","-17,000","-17,000"
706019,均華永豐5B購01,0,0,0,0.0,0.0,0.0,0,0,0,"-20,000",0,0,0,0,"20,000","-20,000","-20,000"
706027,大中統一73購01,0,0,0,0.0,0.0,0.0,0,0,0,"95,000",0,0,0,"95,000",0,"95,000","95,000"
706031,均華統一63購03,0,0,0,0.0,0.0,0.0,0,0,0,"-2,000",0,0,0,0,"2,000","-2,000","-2,000"
706037,新普統一73購01,0,0,0,0.0,0.0,0.0,0,0,0,"-1,000",0,0,0,0,"1,000","-1,000","-1,000"
706052,均華國泰5A購02,0,0,0,0.0,0.0,0.0,0,0,0,"15,000",0,0,0,"15,000",0,"15,000","15,000"
706053,鈊象國泰5A購01,0,0,0,0.0,0.0,0.0,0,0,0,"2,000",0,0,0,"2,000",0,"2,000","2,000"
706055,台特化元大63購01,0,0,0,0.0,0.0,0.0,0,0,0,"-10,000",0,0,0,0,"10,000","-10,000","-10,000"
706060,弘塑元大63購02,0,0,0,0.0,0.0,0.0,0,0,0,"-2,000",0,0,0,"10,000","12,000","-2,000","-2,000"
706071,雙鴻元大63購01,0,0,0,0.0,0.0,0.0,0,0,0,"1,405,000",0,0,0,"1,415,000","10,000","1,405,000","1,405,000"
706072,弘塑凱基5A購01,0,0,0,0.0,0.0,0.0,0,0,0,"26,000",0,0,0,"26,000",0,"26,000","26,000"
706073,宜鼎凱基5A購04,0,0,0,0.0,0.0,0.0,0,0,0,"16,000",0,0,0,"19,000","3,000","16,000","16,000"
706074,鈊象凱基5C購01,0,0,0,0.0,0.0,0.0,0,0,0,"-60,000",0,0,0,0,"60,000","-60,000","-60,000"
706081,雙鴻中信63購01,0,0,0,0.0,0.0,0.0,0,0,0,"80,000",0,0,0,"95,000","15,000","80,000","80,000"
706086,旺矽永豐5A購02,0,0,0,0.0,0.0,0.0,0,0,0,"1,000",0,0,0,"1,000",0,"1,000","1,000"
706087,旺矽永豐61購02,0,0,0,0.0,0.0,0.0,0,0,0,"-10,000",0,0,0,0,"10,000","-10,000","-10,000"
706088,旺矽永豐64購01,0,0,0,0.0,0.0,0.0,0,0,0,"5,000",0,0,0,"14,000","9,000","5,000","5,000"
706097,弘塑富邦5C購01,0,0,0,0.0,0.0,0.0,0,0,0,"29,000",0,0,0,"175,000","146,000","29,000","29,000"
706098,宜鼎富邦5C購03,0,0,0,0.0,0.0,0.0,0,0,0,"345,000",0,0,0,"531,000","186,000","345,000","345,000"
706115,雙鴻元大63購02,0,0,0,0.0,0.0,0.0,0,0,0,"271,000",0,0,0,"271,000",0,"271,000","271,000"
706118,台星科國票61購01,0,0,0,0.0,0.0,0.0,0,0,0,"57,000",0,0,0,"67,000","10,000","57,000","57,000"
706126,大綜統一63購01,0,0,0,0.0,0.0,0.0,0,0,0,"-12,000",0,0,0,0,"12,000","-12,000","-12,000"
706127,大綜統一66購01,0,0,0,0.0,0.0,0.0,0,0,0,"46,000",0,0,0,"53,000","7,000","46,000","46,000"
706129,巨漢統一63購01,0,0,0,0.0,0.0,0.0,0,0,0,"50,000",0,0,0,"50,000",0,"50,000","50,000"
706134,宜鼎統一63購02,0,0,0,0.0,0.0,0.0,0,0,0,"189,000",0,0,0,"477,000","288,000","189,000","189,000"
706135,宜鼎統一63購03,0,0,0,0.0,0.0,0.0,0,0,0,"510,000",0,0,0,"674,000","164,000","510,000","510,000"
706136,宜鼎統一66購02,0,0,0,0.0,0.0,0.0,0,0,0,"369,000",0,0,0,"692,000","323,000","369,000","369,000"
706137,宜鼎統一73購01,0,0,0,0.0,0.0,0.0,0,0,0,"-529,000",0,0,0,0,"529,000","-529,000","-529,000"
706139,聚和統一73購01,0,0,0,0.0,0.0,0.0,0,0,0,"-79,000",0,0,0,0,"79,000","-79,000","-79,000"
706142,雙鴻統一63購01,0,0,0,0.0,0.0,0.0,0,0,0,"-5,000",0,0,0,0,"5,000","-5,000","-5,000"
706150,旺矽群益63購01,0,0,0,0.0,0.0,0.0,0,0,0,"-98,000",0,0,0,"82,000","180,000","-98,000","-98,000"
706153,德微群益63購01,0,0,0,0.0,0.0,0.0,0,0,0,"50,000",0,0,0,"53,000","3,000","50,000","50,000"
706154,雙鴻群益63購02,0,0,0,0.0,0.0,0.0,0,0,0,"-50,000",0,0,0,"62,000","112,000","-50,000","-50,000"
706162,旺矽凱基63購02,0,0,0,0.0,0.0,0.0,0,0,0,"-10,000",0,0,0,0,"10,000","-10,000","-10,000"
706168,雙鴻凱基63購01,0,0,0,0.0,0.0,0.0,0,0,0,"6,000",0,0,0,"6,000",0,"6,000","6,000"
706170,良維群益5C購02,0,0,0,0.0,0.0,0.0,0,0,0,"-11,000",0,0,0,"89,000","100,000","-11,000","-11,000"
706178,弘塑富邦63購01,0,0,0,0.0,0.0,0.0,0,0,0,"-278,000",0,0,0,"14,000","292,000","-278,000","-278,000"
706179,均華富邦5B購01,0,0,0,0.0,0.0,0.0,0,0,0,"185,000",0,0,0,"186,000","1,000","185,000","185,000"
706181,良維統一63購03,0,0,0,0.0,0.0,0.0,0,0,0,"100,000",0,0,0,"100,000",0,"100,000","100,000"
706204,中美晶國票61購01,0,0,0,0.0,0.0,0.0,0,0,0,"-4,000",0,0,0,0,"4,000","-4,000","-4,000"
706206,均華國票5B購01,0,0,0,0.0,0.0,0.0,0,0,0,"237,000",0,0,0,"419,000","182,000","237,000","237,000"
706207,宜鼎國票65購01,0,0,0,0.0,0.0,0.0,0,0,0,"156,000",0,0,0,"176,000","20,000","156,000","156,000"
706208,旺矽國票5C購01,0,0,0,0.0,0.0,0.0,0,0,0,"-218,000",0,0,0,"67,000","285,000","-218,000","-218,000"
706209,旺矽國票67購01,0,0,0,0.0,0.0,0.0,0,0,0,"-1,316,000",0,0,0,"9,000","1,325,000","-1,316,000","-1,316,000"
706210,德微國票65購01,0,0,0,0.0,0.0,0.0,0,0,0,"8,000",0,0,0,"8,000",0,"8,000","8,000"
706214,宜鼎永豐5B購01,0,0,0,0.0,0.0,0.0,0,0,0,"469,000",0,0,0,"738,000","269,000","469,000","469,000"
706215,旺矽永豐5C購01,0,0,0,0.0,0.0,0.0,0,0,0,"88,000",0,0,0,"162,000","74,000","88,000","88,000"
706216,東捷永豐61購01,0,0,0,0.0,0.0,0.0,0,0,0,0,0,0,0,"10,000","10,000",0,0
706219,精測永豐61購01,0,0,0,0.0,0.0,0.0,0,0,0,"-597,000",0,0,0,"1,000","598,000","-597,000","-597,000"
706223,弘塑元富5C購01,0,0,0,0.0,0.0,0.0,0,0,0,"-61,000",0,0,0,"39,000","100,000","-61,000","-61,000"
706240,元太兆豐63購01,0,0,0,0.0,0.0,0.0,0,0,0,"198,000",0,0,0,"462,000","264,000","198,000","198,000"
706246,台燿凱基61購01,0,0,0,0.0,0.0,0.0,0,0,0,"-3,000",0,0,0,0,"3,000","-3,000","-3,000"
706250,信驊凱基59購05,0,0,0,0.0,0.0,0.0,0,0,0,"7,000",0,0,0,"7,000",0,"7,000","7,000"
706253,信驊凱基5C購01,0,0,0,0.0,0.0,0.0,0,0,0,"5,000",0,0,0,"5,000",0,"5,000","5,000"
706259,M31永豐5B購01,0,0,0,0.0,0.0,0.0,0,0,0,"-42,000",0,0,0,"8,000","50,000","-42,000","-42,000"
706260,M31永豐5C購01,0,0,0,0.0,0.0,0.0,0,0,0,"6,000",0,0,0,"6,000",0,"6,000","6,000"
706261,大中永豐5B購01,0,0,0,0.0,0.0,0.0,0,0,0,"4,000",0,0,0,"4,000",0,"4,000","4,000"
706265,良維永豐5B購02,0,0,0,0.0,0.0,0.0,0,0,0,"-16,000",0,0,0,0,"16,000","-16,000","-16,000"
706274,良維群益5C購03,0,0,0,0.0,0.0,0.0,0,0,0,0,0,0,0,"5,000","5,000",0,0
706281,德微國泰5A購01,0,0,0,0.0,0.0,0.0,0,0,0,"15,000",0,0,0,"15,000",0,"15,000","15,000"
706283,M31富邦5B購01,0,0,0,0.0,0.0,0.0,0,0,0,"-200,000",0,0,0,0,"200,000","-200,000","-200,000"
706284,台特化富邦5C購01,0,0,0,0.0,0.0,0.0,0,0,0,"90,000",0,0,0,"90,000",0,"90,000","90,000"
706285,信驊富邦5C購01,0,0,0,0.0,0.0,0.0,0,0,0,"1,000",0,0,0,"1,000",0,"1,000","1,000"
706287,雙鴻富邦5C購03,0,0,0,0.0,0.0,0.0,0,0,0,"-751,000",0,0,0,0,"751,000","-751,000","-751,000"
706289,天品國票59購01,0,0,0,0.0,0.0,0.0,0,0,0,"-48,000",0,0,0,"12,000","60,000","-48,000","-48,000"
706293,沛亨國票5A購02,0,0,0,0.0,0.0,0.0,0,0,0,"48,000",0,0,0,"153,000","105,000","48,000","48,000"
706294,信驊國票5B購03,0,0,0,0.0,0.0,0.0,0,0,0,"2,000",0,0,0,"2,000",0,"2,000","2,000"
706305,亞泰元大59購01,0,0,0,0.0,0.0,0.0,0,0,0,"10,000",0,0,0,"10,000",0,"10,000","10,000"
706308,信驊元大59購03,0,0,0,0.0,0.0,0.0,0,0,0,"3,000",0,0,0,"3,000",0,"3,000","3,000"
706313,雙鴻元大5C購04,0,0,0,0.0,0.0,0.0,0,0,0,"534,000",0,0,0,"534,000",0,"534,000","534,000"
706317,弘塑兆豐5B購01,0,0,0,0.0,0.0,0.0,0,0,0,"-10,000",0,0,0,0,"10,000","-10,000","-10,000"
706319,印能凱基5B購01,0,0,0,0.0,0.0,0.0,0,0,0,"-24,000",0,0,0,0,"24,000","-24,000","-24,000"
706321,沛亨凱基59購02,0,0,0,0.0,0.0,0.0,0,0,0,"60,000",0,0,0,"60,000",0,"60,000","60,000"
706324,聖暉*凱基5B購02,0,0,0,0.0,0.0,0.0,0,0,0,"27,000",0,0,0,"53,000","26,000","27,000","27,000"
706328,弘塑國票65購01,0,0,0,0.0,0.0,0.0,0,0,0,"15,000",0,0,0,"25,000","10,000","15,000","15,000"
706331,亞泰國票5A購01,0,0,0,0.0,0.0,0.0,0,0,0,"-121,000",0,0,0,0,"121,000","-121,000","-121,000"
706339,雙鴻元大5C購05,0,0,0,0.0,0.0,0.0,0,0,0,"-567,000",0,0,0,0,"567,000","-567,000","-567,000"
706340,穩得元大63購01,0,0,0,0.0,0.0,0.0,0,0,0,"-267,000",0,0,0,0,"267,000","-267,000","-267,000"
706342,雙鴻國泰61購01,0,0,0,0.0,0.0,0.0,0,0,0,"-112,000",0,0,0,0,"112,000","-112,000","-112,000"
706344,德微富邦5C購01,0,0,0,0.0,0.0,0.0,0,0,0,"354,000",0,0,0,"366,000","12,000","354,000","354,000"
706345,世界統一63購01,0,0,0,0.0,0.0,0.0,0,0,0,"135,000",0,0,0,"135,000",0,"135,000","135,000"
706347,印能統一63購01,0,0,0,0.0,0.0,0.0,0,0,0,"99,000",0,0,0,"100,000","1,000","99,000","99,000"
706351,弘塑永豐5C購03,0,0,0,0.0,0.0,0.0,0,0,0,"-508,000",0,0,0,"1,000","509,000","-508,000","-508,000"
706355,雙鴻永豐64購01,0,0,0,0.0,0.0,0.0,0,0,0,"-62,000",0,0,0,"40,000","102,000","-62,000","-62,000"
706371,良維凱基61購01,0,0,0,0.0,0.0,0.0,0,0,0,"184,000",0,0,0,"184,000",0,"184,000","184,000"
706382,中美晶元富59購02,0,0,0,0.0,0.0,0.0,0,0,0,0,0,0,0,"6,000","6,000",0,0
706392,雙鴻群益5B購04,0,0,0,0.0,0.0,0.0,0,0,0,"-47,000",0,0,0,0,"47,000","-47,000","-47,000"
706399,華義國票5A購02,0,0,0,0.0,0.0,0.0,0,0,0,"3,318,000",0,0,0,"3,318,000",0,"3,318,000","3,318,000"
706400,陽程國票59購02,0,0,0,0.0,0.0,0.0,0,0,0,"40,000",0,0,0,"40,000",0,"40,000","40,000"
706411,中美晶凱基5A購01,0,0,0,0.0,0.0,0.0,0,0,0,"-9,000",0,0,0,"1,000","10,000","-9,000","-9,000"
706412,弘塑凱基5B購01,0,0,0,0.0,0.0,0.0,0,0,0,0,0,0,0,"70,000","70,000",0,0
706419,弘塑富邦61購01,0,0,0,0.0,0.0,0.0,0,0,0,"-304,000",0,0,0,"435,000","739,000","-304,000","-304,000"
706421,宏捷科富邦5C購01,0,0,0,0.0,0.0,0.0,0,0,0,"13,000",0,0,0,"14,000","1,000","13,000","13,000"
706423,智通*富邦5B購02,0,0,0,0.0,0.0,0.0,0,0,0,"10,000",0,0,0,"10,000",0,"10,000","10,000"
706425,雙鴻富邦5C購04,0,0,0,0.0,0.0,0.0,0,0,0,"-75,000",0,0,0,0,"75,000","-75,000","-75,000"
706432,茂迪元大63購05,0,0,0,0.0,0.0,0.0,0,0,0,"-50,000",0,0,0,0,"50,000","-50,000","-50,000"
706442,印能群益5B購01,0,0,0,0.0,0.0,0.0,0,0,0,"2,000",0,0,0,"2,000",0,"2,000","2,000"
706450,環球晶中信59購02,0,0,0,0.0,0.0,0.0,0,0,0,"10,000",0,0,0,"10,000",0,"10,000","10,000"
706452,中美晶永豐5C購01,0,0,0,0.0,0.0,0.0,0,0,0,"-1,000",0,0,0,"36,000","37,000","-1,000","-1,000"
706453,弘塑永豐63購02,0,0,0,0.0,0.0,0.0,0,0,0,"84,000",0,0,0,"104,000","20,000","84,000","84,000"
706456,博智永豐5C購01,0,0,0,0.0,0.0,0.0,0,0,0,0,0,0,0,"10,000","10,000",0,0
706472,中美晶凱基61購01,0,0,0,0.0,0.0,0.0,0,0,0,"56,000",0,0,0,"65,000","9,000","56,000","56,000"
706474,沛亨凱基5B購01,0,0,0,0.0,0.0,0.0,0,0,0,"48,000",0,0,0,"58,000","10,000","48,000","48,000"
706476,良維凱基5C購01,0,0,0,0.0,0.0,0.0,0,0,0,"202,000",0,0,0,"202,000",0,"202,000","202,000"
706479,博智凱基61購01,0,0,0,0.0,0.0,0.0,0,0,0,"-15,000",0,0,0,0,"15,000","-15,000","-15,000"
706484,臺慶科凱基5A購01,0,0,0,0.0,0.0,0.0,0,0,0,"58,000",0,0,0,"60,000","2,000","58,000","58,000"
706496,宜特群益63購01,0,0,0,0.0,0.0,0.0,0,0,0,"3,000",0,0,0,"3,000",0,"3,000","3,000"
706503,世界富邦61購01,0,0,0,0.0,0.0,0.0,0,0,0,"1,042,000",0,0,0,"1,161,000","119,000","1,042,000","1,042,000"
706506,中美晶元大59購01,0,0,0,0.0,0.0,0.0,0,0,0,"10,000",0,0,0,"10,000",0,"10,000","10,000"
706507,中美晶元大5C購02,0,0,0,0.0,0.0,0.0,0,0,0,"29,000",0,0,0,"29,000",0,"29,000","29,000"
706512,博智元大59購03,0,0,0,0.0,0.0,0.0,0,0,0,"15,000",0,0,0,"15,000",0,"15,000","15,000"
706519,環球晶元大59購05,0,0,0,0.0,0.0,0.0,0,0,0,"7,000",0,0,0,"7,000",0,"7,000","7,000"
706524,雙鴻中信63購02,0,0,0,0.0,0.0,0.0,0,0,0,"29,000",0,0,0,"29,000",0,"29,000","29,000"
706530,合晶國票59購01,0,0,0,0.0,0.0,0.0,0,0,0,"1,000",0,0,0,"1,000",0,"1,000","1,000"
706535,閎康國票5A購03,0,0,0,0.0,0.0,0.0,0,0,0,"-107,000",0,0,0,"3,000","110,000","-107,000","-107,000"
706539,點序國票59購02,0,0,0,0.0,0.0,0.0,0,0,0,"110,000",0,0,0,"110,000",0,"110,000","110,000"
706544,博智凱基59購07,0,0,0,0.0,0.0,0.0,0,0,0,"159,000",0,0,0,"159,000",0,"159,000","159,000"
706545,閎康凱基61購01,0,0,0,0.0,0.0,0.0,0,0,0,"1,000",0,0,0,"1,000",0,"1,000","1,000"
706548,雙鴻凱基5A購03,0,0,0,0.0,0.0,0.0,0,0,0,"-101,000",0,0,0,0,"101,000","-101,000","-101,000"
706557,聖暉*永豐5B購01,0,0,0,0.0,0.0,0.0,0,0,0,"-68,000",0,0,0,0,"68,000","-68,000","-68,000"
706558,聚和永豐5B購01,0,0,0,0.0,0.0,0.0,0,0,0,"-120,000",0,0,0,0,"120,000","-120,000","-120,000"
706564,良維富邦5C購01,0,0,0,0.0,0.0,0.0,0,0,0,"100,000",0,0,0,"100,000",0,"100,000","100,000"
706566,順達富邦5C購01,0,0,0,0.0,0.0,0.0,0,0,0,"-677,000",0,0,0,"150,000","827,000","-677,000","-677,000"
706567,精測富邦5B購01,0,0,0,0.0,0.0,0.0,0,0,0,"231,000",0,0,0,"410,000","179,000","231,000","231,000"
706569,中美晶群益5B購01,0,0,0,0.0,0.0,0.0,0,0,0,"40,000",0,0,0,"73,000","33,000","40,000","40,000"
706572,良維群益61購01,0,0,0,0.0,0.0,0.0,0,0,0,0,0,0,0,"5,000","5,000",0,0
706573,博智群益63購01,0,0,0,0.0,0.0,0.0,0,0,0,"-85,000",0,0,0,0,"85,000","-85,000","-85,000"
706576,順達群益5C購01,0,0,0,0.0,0.0,0.0,0,0,0,"-28,000",0,0,0,"5,000","33,000","-28,000","-28,000"
706579,精測群益63購01,0,0,0,0.0,0.0,0.0,0,0,0,"377,000",0,0,0,"586,000","209,000","377,000","377,000"
706588,博智元大63購02,0,0,0,0.0,0.0,0.0,0,0,0,"-10,000",0,0,0,0,"10,000","-10,000","-10,000"
706589,閎康元大59購04,0,0,0,0.0,0.0,0.0,0,0,0,"10,000",0,0,0,"10,000",0,"10,000","10,000"
706594,精測元大5C購03,0,0,0,0.0,0.0,0.0,0,0,0,"280,000",0,0,0,"280,000",0,"280,000","280,000"
706596,中美晶凱基5B購01,0,0,0,0.0,0.0,0.0,0,0,0,"5,000",0,0,0,"19,000","14,000","5,000","5,000"
706610,精材凱基59購02,0,0,0,0.0,0.0,0.0,0,0,0,"8,000",0,0,0,"8,000",0,"8,000","8,000"
706612,弘塑國票5C購01,0,0,0,0.0,0.0,0.0,0,0,0,"-3,000",0,0,0,0,"3,000","-3,000","-3,000"
706613,弘塑國票63購01,0,0,0,0.0,0.0,0.0,0,0,0,"-493,000",0,0,0,"6,000","499,000","-493,000","-493,000"
706620,創泓國票59購01,0,0,0,0.0,0.0,0.0,0,0,0,"-3,000",0,0,0,0,"3,000","-3,000","-3,000"
706623,萬泰科國票5A購03,0,0,0,0.0,0.0,0.0,0,0,0,"-20,000",0,0,0,0,"20,000","-20,000","-20,000"
706625,譜瑞國票5A購01,0,0,0,0.0,0.0,0.0,0,0,0,"-40,000",0,0,0,"10,000","50,000","-40,000","-40,000"
706647,弘塑群益5B購02,0,0,0,0.0,0.0,0.0,0,0,0,"24,000",0,0,0,"59,000","35,000","24,000","24,000"
706653,弘塑國泰5A購03,0,0,0,0.0,0.0,0.0,0,0,0,"60,000",0,0,0,"60,000",0,"60,000","60,000"
706659,弘塑富邦61購02,0,0,0,0.0,0.0,0.0,0,0,0,"5,000",0,0,0,"12,000","7,000","5,000","5,000"
706660,均豪富邦61購01,0,0,0,0.0,0.0,0.0,0,0,0,"-37,000",0,0,0,"93,000","130,000","-37,000","-37,000"
706662,沛亨富邦61購01,0,0,0,0.0,0.0,0.0,0,0,0,"-451,000",0,0,0,"412,000","863,000","-451,000","-451,000"
706664,系微永豐5C購02,0,0,0,0.0,0.0,0.0,0,0,0,"95,000",0,0,0,"100,000","5,000","95,000","95,000"
706673,弘塑元富5C購02,0,0,0,0.0,0.0,0.0,0,0,0,"-35,000",0,0,0,0,"35,000","-35,000","-35,000"
706693,家登凱基5C購02,0,0,0,0.0,0.0,0.0,0,0,0,"2,000",0,0,0,"2,000",0,"2,000","2,000"
706695,立碁永豐5A購01,0,0,0,0.0,0.0,0.0,0,0,0,"25,000",0,0,0,"25,000",0,"25,000","25,000"
706699,立碁元富59購01,0,0,0,0.0,0.0,0.0,0,0,0,"170,000",0,0,0,"170,000",0,"170,000","170,000"
706700,立碁元富59購02,0,0,0,0.0,0.0,0.0,0,0,0,"267,000",0,0,0,"267,000",0,"267,000","267,000"
706701,立碁元富59購03,0,0,0,0.0,0.0,0.0,0,0,0,"153,000",0,0,0,"153,000",0,"153,000","153,000"
706705,立碁國票5A購01,0,0,0,0.0,0.0,0.0,0,0,0,"81,000",0,0,0,"81,000",0,"81,000","81,000"
706710,良維統一62購02,0,0,0,0.0,0.0,0.0,0,0,0,"188,000",0,0,0,"188,000",0,"188,000","188,000"
706711,宜特統一62購02,0,0,0,0.0,0.0,0.0,0,0,0,"43,000",0,0,0,"43,000",0,"43,000","43,000"
706714,閎康統一63購01,0,0,0,0.0,0.0,0.0,0,0,0,"-10,000",0,0,0,0,"10,000","-10,000","-10,000"
706727,宜特元大5C購01,0,0,0,0.0,0.0,0.0,0,0,0,"23,000",0,0,0,"23,000",0,"23,000","23,000"
706733,閎康元大63購03,0,0,0,0.0,0.0,0.0,0,0,0,"395,000",0,0,0,"395,000",0,"395,000","395,000"
706734,雷科元大59購01,0,0,0,0.0,0.0,0.0,0,0,0,"9,000",0,0,0,"9,000",0,"9,000","9,000"
706737,中美晶凱基59購02,0,0,0,0.0,0.0,0.0,0,0,0,0,0,0,0,"250,000","250,000",0,0
706749,雙鴻凱基61購01,0,0,0,0.0,0.0,0.0,0,0,0,"-49,000",0,0,0,0,"49,000","-49,000","-49,000"
706751,聖暉*兆豐5B購02,0,0,0,0.0,0.0,0.0,0,0,0,"-60,000",0,0,0,0,"60,000","-60,000","-60,000"
706752,久元國票5A購01,0,"2,000","-2,000",0.0,0.0,0.0,0,0,0,"-448,000",0,0,0,"2,000","450,000","-448,000","-450,000"
706760,順達國票5B購01,0,0,0,0.0,0.0,0.0,0,0,0,"100,000",0,0,0,"100,000",0,"100,000","100,000"
706761,聖暉*國票5A購04,0,0,0,0.0,0.0,0.0,0,0,0,"-20,000",0,0,0,0,"20,000","-20,000","-20,000"
706781,雙鴻元大59購27,0,0,0,0.0,0.0,0.0,0,0,0,"3,000",0,0,0,"3,000",0,"3,000","3,000"
706784,聖暉*國泰5A購01,0,0,0,0.0,0.0,0.0,0,0,0,"58,000",0,0,0,"60,000","2,000","58,000","58,000"
706789,前鼎群益5B購01,0,0,0,0.0,0.0,0.0,0,0,0,"15,000",0,0,0,"15,000",0,"15,000","15,000"
706790,順達群益5B購02,0,0,0,0.0,0.0,0.0,0,0,0,"-136,000",0,0,0,"5,000","141,000","-136,000","-136,000"
706793,元太富邦5B購02,0,0,0,0.0,0.0,0.0,0,0,0,"37,000",0,0,0,"37,000",0,"37,000","37,000"
706796,鈊象富邦5B購02,0,0,0,0.0,0.0,0.0,0,0,0,"13,000",0,0,0,"57,000","44,000","13,000","13,000"
706798,雙鴻富邦5B購01,0,0,0,0.0,0.0,0.0,0,0,0,"-10,000",0,0,0,0,"10,000","-10,000","-10,000"
706801,順達統一63購02,0,0,0,0.0,0.0,0.0,0,0,0,"86,000",0,0,0,"86,000",0,"86,000","86,000"
706803,聖暉*統一65購01,0,0,0,0.0,0.0,0.0,0,0,0,"4,000",0,0,0,"145,000","141,000","4,000","4,000"
706804,雙鴻統一66購01,0,0,0,0.0,0.0,0.0,0,0,0,"-6,000",0,0,0,0,"6,000","-6,000","-6,000"
706816,聖暉*台新59購01,0,0,0,0.0,0.0,0.0,0,0,0,"78,000",0,0,0,"78,000",0,"78,000","78,000"
706840,東捷元大59購02,0,0,0,0.0,0.0,0.0,0,0,0,"69,000",0,0,0,"69,000",0,"69,000","69,000"
706844,鈊象元大63購04,0,0,0,0.0,0.0,0.0,0,0,0,"-10,000",0,0,0,0,"10,000","-10,000","-10,000"
706846,雙鴻元大59購28,0,0,0,0.0,0.0,0.0,0,0,0,"8,000",0,0,0,"8,000",0,"8,000","8,000"
706847,雙鴻元大59購29,0,0,0,0.0,0.0,0.0,0,0,0,"15,000",0,0,0,"15,000",0,"15,000","15,000"
706850,東捷永豐5C購01,0,0,0,0.0,0.0,0.0,0,0,0,"-1,000",0,0,0,"20,000","21,000","-1,000","-1,000"
706852,鈊象永豐5B購01,0,0,0,0.0,0.0,0.0,0,0,0,"127,000",0,0,0,"157,000","30,000","127,000","127,000"
706853,東捷國泰5A購02,0,0,0,0.0,0.0,0.0,0,0,0,"15,000",0,0,0,"74,000","59,000","15,000","15,000"
706855,宜特元富59購01,0,0,0,0.0,0.0,0.0,0,0,0,"11,000",0,0,0,"11,000",0,"11,000","11,000"
706857,匯鑽科元富5A購01,0,0,0,0.0,0.0,0.0,0,0,0,"-170,000",0,0,0,"51,000","221,000","-170,000","-170,000"
706861,德微元富59購04,0,0,0,0.0,0.0,0.0,0,0,0,"40,000",0,0,0,"40,000",0,"40,000","40,000"
706866,東捷群益63購02,0,0,0,0.0,0.0,0.0,0,0,0,"10,000",0,0,0,"10,000",0,"10,000","10,000"
706871,鈊象群益5B購01,0,0,0,0.0,0.0,0.0,0,0,0,"-100,000",0,0,0,0,"100,000","-100,000","-100,000"
706872,聖暉*群益5C購01,0,0,0,0.0,0.0,0.0,0,0,0,"10,000",0,0,0,"10,000",0,"10,000","10,000"
706875,鑫科群益5B購01,0,0,0,0.0,0.0,0.0,0,0,0,"-1,000",0,0,0,0,"1,000","-1,000","-1,000"
706876,久元國票5A購02,0,0,0,0.0,0.0,0.0,0,0,0,"-1,500,000",0,0,0,0,"1,500,000","-1,500,000","-1,500,000"
706892,鈊象元大63購05,0,0,0,0.0,0.0,0.0,0,0,0,"115,000",0,0,0,"221,000","106,000","115,000","115,000"
706895,均豪國泰5B購01,0,0,0,0.0,0.0,0.0,0,0,0,"13,000",0,0,0,"13,000",0,"13,000","13,000"
706903,台燿國票5B購02,0,0,0,0.0,0.0,0.0,0,0,0,"4,000",0,0,0,"4,000",0,"4,000","4,000"
706905,宣德國票5B購01,0,0,0,0.0,0.0,0.0,0,0,0,"-15,000",0,0,0,0,"15,000","-15,000","-15,000"
706906,蜜望實國票59購01,0,0,0,0.0,0.0,0.0,0,0,0,"2,000",0,0,0,"2,000",0,"2,000","2,000"
706908,台燿群益59購07,0,0,0,0.0,0.0,0.0,0,0,0,"4,000",0,0,0,"4,000",0,"4,000","4,000"
706910,元太元富63購01,0,0,0,0.0,0.0,0.0,0,0,0,"5,000",0,0,0,"22,000","17,000","5,000","5,000"
706914,鈊象中信63購01,0,0,0,0.0,0.0,0.0,0,0,0,"-100,000",0,0,0,0,"100,000","-100,000","-100,000"
706915,中光電永豐5B購01,0,0,0,0.0,0.0,0.0,0,0,0,"-93,000",0,0,0,"27,000","120,000","-93,000","-93,000"
706916,元太永豐5B購01,0,0,0,0.0,0.0,0.0,0,0,0,"-87,000",0,0,0,"37,000","124,000","-87,000","-87,000"
706919,雙鴻永豐5C購02,0,0,0,0.0,0.0,0.0,0,0,0,"125,000",0,0,0,"130,000","5,000","125,000","125,000"
706925,匯鑽科永豐61購01,0,0,0,0.0,0.0,0.0,0,0,0,"-16,000",0,0,0,"34,000","50,000","-16,000","-16,000"
706926,精星永豐5B購01,0,0,0,0.0,0.0,0.0,0,0,0,"-10,000",0,0,0,0,"10,000","-10,000","-10,000"
706940,華電網國泰5B購01,0,0,0,0.0,0.0,0.0,0,0,0,"-619,000",0,0,0,"80,000","699,000","-619,000","-619,000"
706948,印能元大64購01,0,0,0,0.0,0.0,0.0,0,0,0,"-54,000",0,0,0,"12,000","66,000","-54,000","-54,000"
706949,良維元大61購01,0,0,0,0.0,0.0,0.0,0,0,0,"-19,000",0,0,0,"7,000","26,000","-19,000","-19,000"
706963,匯鑽科群益5C購01,0,0,0,0.0,0.0,0.0,0,0,0,"-31,000",0,0,0,"150,000","181,000","-31,000","-31,000"
706968,印能凱基64購01,0,0,0,0.0,0.0,0.0,0,0,0,"-671,000",0,0,0,"322,000","993,000","-671,000","-671,000"
706971,雙鴻凱基5A購05,0,0,0,0.0,0.0,0.0,0,0,0,"9,000",0,0,0,"9,000",0,"9,000","9,000"
706975,高僑國票61購01,0,0,0,0.0,0.0,0.0,0,0,0,"1,000",0,0,0,"1,000",0,"1,000","1,000"
706976,新門國票61購01,0,0,0,0.0,0.0,0.0,0,0,0,"1,000",0,0,0,"1,000",0,"1,000","1,000"
706977,耀勝國票61購01,0,0,0,0.0,0.0,0.0,0,0,0,"-20,000",0,0,0,0,"20,000","-20,000","-20,000"
706978,印能國泰5B購01,0,0,0,0.0,0.0,0.0,0,0,0,"67,000",0,0,0,"67,000",0,"67,000","67,000"
706982,印能永豐64購01,0,0,0,0.0,0.0,0.0,0,0,0,"-349,000",0,0,0,"36,000","385,000","-349,000","-349,000"
706987,創泓永豐5C購01,0,0,0,0.0,0.0,0.0,0,0,0,"-17,000",0,0,0,"46,000","63,000","-17,000","-17,000"
707006,台嘉碩元大5A購01,0,0,0,0.0,0.0,0.0,0,0,0,"20,000",0,0,0,"20,000",0,"20,000","20,000"
707007,印能元大5A購02,0,0,0,0.0,0.0,0.0,0,0,0,"200,000",0,0,0,"200,000",0,"200,000","200,000"
707011,印能元大5B購01,0,0,0,0.0,0.0,0.0,0,0,0,"-100,000",0,0,0,"8,000","108,000","-100,000","-100,000"
707012,印能元大5C購02,0,0,0,0.0,0.0,0.0,0,0,0,"234,000",0,0,0,"249,000","15,000","234,000","234,000"
707025,雙鴻元大61購11,0,0,0,0.0,0.0,0.0,0,0,0,"-2,000",0,0,0,0,"2,000","-2,000","-2,000"
707027,台燿凱基5B購04,0,0,0,0.0,0.0,0.0,0,0,0,"4,000",0,0,0,"4,000",0,"4,000","4,000"
707028,印能凱基5A購03,0,0,0,0.0,0.0,0.0,0,0,0,"9,000",0,0,0,"9,000",0,"9,000","9,000"
707030,系微凱基5A購02,0,0,0,0.0,0.0,0.0,0,0,0,"10,000",0,0,0,"10,000",0,"10,000","10,000"
707042,印能國票5B購01,0,0,0,0.0,0.0,0.0,0,0,0,"50,000",0,0,0,"151,000","101,000","50,000","50,000"
707043,沛亨國票5B購01,0,0,0,0.0,0.0,0.0,0,0,0,"-50,000",0,0,0,0,"50,000","-50,000","-50,000"
707045,茂綸國票5B購01,0,0,0,0.0,0.0,0.0,0,0,0,"-110,000",0,0,0,"45,000","155,000","-110,000","-110,000"
707046,博盛國票5B購01,0,0,0,0.0,0.0,0.0,0,0,0,"-209,000",0,0,0,"10,000","219,000","-209,000","-209,000"
707047,衛司特國票5B購01,0,0,0,0.0,0.0,0.0,0,0,0,"-17,000",0,0,0,0,"17,000","-17,000","-17,000"
707051,印能永豐61購01,0,0,0,0.0,0.0,0.0,0,0,0,"-133,000",0,0,0,"10,000","143,000","-133,000","-133,000"
707054,安葆永豐5B購01,0,0,0,0.0,0.0,0.0,0,0,0,"-1,000",0,0,0,0,"1,000","-1,000","-1,000"
707055,宏碩永豐61購01,0,0,0,0.0,0.0,0.0,0,0,0,"90,000",0,0,0,"90,000",0,"90,000","90,000"
707058,晟德永豐5B購01,0,0,0,0.0,0.0,0.0,0,0,0,"50,000",0,0,0,"50,000",0,"50,000","50,000"
707060,智通*永豐5C購01,0,0,0,0.0,0.0,0.0,0,0,0,"-70,000",0,0,0,"6,000","76,000","-70,000","-70,000"
707063,台嘉碩國泰5B購01,0,0,0,0.0,0.0,0.0,0,0,0,"-1,000",0,0,0,"50,000","51,000","-1,000","-1,000"
707066,元太富邦5C購01,0,0,0,0.0,0.0,0.0,0,0,0,"-53,000",0,0,0,"116,000","169,000","-53,000","-53,000"
707071,立碁統一67購01,0,0,0,0.0,0.0,0.0,0,0,0,"-100,000",0,0,0,0,"100,000","-100,000","-100,000"
707072,立碁統一74購01,0,0,0,0.0,0.0,0.0,0,0,0,"200,000",0,0,0,"200,000",0,"200,000","200,000"
707073,印能統一63購02,0,0,0,0.0,0.0,0.0,0,0,0,"-47,000",0,0,0,0,"47,000","-47,000","-47,000"
707074,印能統一74購01,0,0,0,0.0,0.0,0.0,0,0,0,"-2,000",0,0,0,0,"2,000","-2,000","-2,000"
707075,沛亨統一74購01,0,0,0,0.0,0.0,0.0,0,0,0,"311,000",0,0,0,"344,000","33,000","311,000","311,000"
707076,系統電統一67購01,"2,000",0,"2,000",0.0,0.0,0.0,0,0,0,0,0,0,0,0,0,0,"2,000"
707078,能率統一67購01,0,0,0,0.0,0.0,0.0,0,0,0,"-10,000",0,0,0,"20,000","30,000","-10,000","-10,000"
707079,華電網統一64購01,0,0,0,0.0,0.0,0.0,0,0,0,"-584,000",0,0,0,"2,000","586,000","-584,000","-584,000"
707082,順達統一63購03,0,0,0,0.0,0.0,0.0,0,0,0,"-10,000",0,0,0,0,"10,000","-10,000","-10,000"
707083,頎邦統一63購01,0,0,0,0.0,0.0,0.0,0,0,0,"6,000",0,0,0,"11,000","5,000","6,000","6,000"
707087,廣閎科統一74購01,0,0,0,0.0,0.0,0.0,0,0,0,"100,000",0,0,0,"100,000",0,"100,000","100,000"
707090,雙鴻統一66購02,0,0,0,0.0,0.0,0.0,0,0,0,"15,000",0,0,0,"15,000",0,"15,000","15,000"
707098,倚強群益5A購01,0,"1,000","-1,000",0.0,0.0,0.0,0,0,0,"1,000",0,0,0,"1,000",0,"1,000",0
707103,中光電兆豐64購01,0,0,0,0.0,0.0,0.0,0,0,0,"-60,000",0,0,0,0,"60,000","-60,000","-60,000"
707118,廣閎科凱基5A購01,0,0,0,0.0,0.0,0.0,0,0,0,"10,000",0,0,0,"10,000",0,"10,000","10,000"
707124,翔名國票5B購01,0,0,0,0.0,0.0,0.0,0,0,0,"17,000",0,0,0,"17,000",0,"17,000","17,000"
707125,群翊國票5B購01,0,0,0,0.0,0.0,0.0,0,0,0,"386,000",0,0,0,"386,000",0,"386,000","386,000"
707128,元太國泰5B購01,0,0,0,0.0,0.0,0.0,0,0,0,"78,000",0,0,0,"90,000","12,000","78,000","78,000"
707129,宜特富邦5C購01,0,0,0,0.0,0.0,0.0,0,0,0,"93,000",0,0,0,"93,000",0,"93,000","93,000"
707133,正淩統一63購01,0,0,0,0.0,0.0,0.0,0,0,0,"110,000",0,0,0,"110,000",0,"110,000","110,000"
707137,翔名統一74購01,0,0,0,0.0,0.0,0.0,0,0,0,"38,000",0,0,0,"38,000",0,"38,000","38,000"
707141,群翊統一63購01,0,0,0,0.0,0.0,0.0,0,0,0,0,0,0,0,"3,000","3,000",0,0
707146,均豪永豐5A購01,0,0,0,0.0,0.0,0.0,0,0,0,"202,000",0,0,0,"202,000",0,"202,000","202,000"
707147,宏捷科永豐5C購01,0,0,0,0.0,0.0,0.0,0,0,0,"-5,000",0,0,0,0,"5,000","-5,000","-5,000"
707151,茂綸永豐5A購01,0,0,0,0.0,0.0,0.0,0,0,0,"4,000",0,0,0,"4,000",0,"4,000","4,000"
707169,台燿凱基61購02,0,0,0,0.0,0.0,0.0,0,0,0,"-10,000",0,0,0,"57,000","67,000","-10,000","-10,000"
707178,世界群益5C購01,0,0,0,0.0,0.0,0.0,0,0,0,0,0,0,0,"5,000","5,000",0,0
707185,勤凱群益5B購01,0,0,0,0.0,0.0,0.0,0,0,0,"-141,000",0,0,0,"15,000","156,000","-141,000","-141,000"
707188,安葆國票5B購01,0,0,0,0.0,0.0,0.0,0,0,0,"20,000",0,0,0,"20,000",0,"20,000","20,000"
707193,雙鴻國泰67購01,0,0,0,0.0,0.0,0.0,0,0,0,"2,036,000",0,0,0,"2,036,000",0,"2,036,000","2,036,000"
707194,久元統一64購01,0,0,0,0.0,0.0,0.0,0,0,0,"11,000",0,0,0,"11,000",0,"11,000","11,000"
707198,華景電統一65購01,0,0,0,0.0,0.0,0.0,0,0,0,"-40,000",0,0,0,0,"40,000","-40,000","-40,000"
707199,華景電統一68購01,0,0,0,0.0,0.0,0.0,0,0,0,"11,000",0,0,0,"11,000",0,"11,000","11,000"
707205,頎邦統一64購03,0,0,0,0.0,0.0,0.0,0,0,0,"12,000",0,0,0,"12,000",0,"12,000","12,000"
707213,良維元大5B購01,0,0,0,0.0,0.0,0.0,0,0,0,"2,000",0,0,0,"2,000",0,"2,000","2,000"
707215,信紘科元大5A購01,0,0,0,0.0,0.0,0.0,0,0,0,"200,000",0,0,0,"200,000",0,"200,000","200,000"
707221,雙鴻元大64購02,0,0,0,0.0,0.0,0.0,0,0,0,"-150,000",0,0,0,0,"150,000","-150,000","-150,000"
707222,世界永豐61購01,0,0,0,0.0,0.0,0.0,0,0,0,"130,000",0,0,0,"130,000",0,"130,000","130,000"
707225,台燿永豐61購02,0,0,0,0.0,0.0,0.0,0,0,0,"-60,000",0,0,0,0,"60,000","-60,000","-60,000"
707227,華景電永豐5C購01,0,0,0,0.0,0.0,0.0,0,0,0,"150,000",0,0,0,"200,000","50,000","150,000","150,000"
707230,頎邦永豐5C購01,0,0,0,0.0,0.0,0.0,0,0,0,"6,000",0,0,0,"6,000",0,"6,000","6,000"
707235,新盛力凱基5A購01,0,0,0,0.0,0.0,0.0,0,0,0,"10,000",0,0,0,"10,000",0,"10,000","10,000"
707237,頎邦凱基5B購01,0,0,0,0.0,0.0,0.0,0,0,0,"16,000",0,0,0,"16,000",0,"16,000","16,000"
707239,雙鴻凱基5A購06,0,0,0,0.0,0.0,0.0,0,0,0,"8,000",0,0,0,"33,000","25,000","8,000","8,000"
707240,久元元大61購01,0,0,0,0.0,0.0,0.0,0,0,0,"100,000",0,0,0,"100,000",0,"100,000","100,000"
707246,鈊象元大61購01,0,0,0,0.0,0.0,0.0,0,0,0,"188,000",0,0,0,"188,000",0,"188,000","188,000"
707247,新盛力元大5A購01,0,0,0,0.0,0.0,0.0,0,0,0,"43,000",0,0,0,"43,000",0,"43,000","43,000"
707250,台燿國票5B購04,0,0,0,0.0,0.0,0.0,0,0,0,"-10,000",0,0,0,0,"10,000","-10,000","-10,000"
707251,順達國票5B購02,0,0,0,0.0,0.0,0.0,0,0,0,"-212,000",0,0,0,"1,000","213,000","-212,000","-212,000"
707256,宏捷科國泰5B購02,0,0,0,0.0,0.0,0.0,0,0,0,"-20,000",0,0,0,0,"20,000","-20,000","-20,000"
707258,東捷永豐64購01,0,0,0,0.0,0.0,0.0,0,0,0,"170,000",0,0,0,"170,000",0,"170,000","170,000"
707266,東捷統一64購02,0,0,0,0.0,0.0,0.0,0,0,0,"-23,000",0,0,0,"3,000","26,000","-23,000","-23,000"
707273,新盛力統一74購02,0,0,0,0.0,0.0,0.0,0,0,0,"126,000",0,0,0,"161,000","35,000","126,000","126,000"
707275,鉅橡統一66購01,0,0,0,0.0,0.0,0.0,0,0,0,"-5,000",0,0,0,0,"5,000","-5,000","-5,000"
707276,頎邦統一74購01,0,0,0,0.0,0.0,0.0,0,0,0,"51,000",0,0,0,"71,000","20,000","51,000","51,000"
707277,廣閎科統一74購02,0,0,0,0.0,0.0,0.0,0,0,0,"79,000",0,0,0,"79,000",0,"79,000","79,000"
707278,德微統一64購01,0,0,0,0.0,0.0,0.0,0,0,0,"418,000",0,0,0,"446,000","28,000","418,000","418,000"
707279,久元凱基61購01,0,0,0,0.0,0.0,0.0,0,0,0,"-1,000",0,0,0,0,"1,000","-1,000","-1,000"
707281,台星科凱基5A購01,0,0,0,0.0,0.0,0.0,0,0,0,"8,000",0,0,0,"8,000",0,"8,000","8,000"
707282,台燿凱基5A購02,0,0,0,0.0,0.0,0.0,0,0,0,0,0,0,0,"20,000","20,000",0,0
707283,均豪凱基5B購01,0,0,0,0.0,0.0,0.0,0,0,0,"60,000",0,0,0,"60,000",0,"60,000","60,000"
707285,旺矽凱基5A購04,0,0,0,0.0,0.0,0.0,0,0,0,"-60,000",0,0,0,0,"60,000","-60,000","-60,000"
707297,台燿元大5A購08,0,0,0,0.0,0.0,0.0,0,0,0,"-10,000",0,0,0,0,"10,000","-10,000","-10,000"
707302,信驊元大5B購01,0,0,0,0.0,0.0,0.0,0,0,0,"15,000",0,0,0,"15,000",0,"15,000","15,000"
707306,台燿永豐5C購03,0,0,0,0.0,0.0,0.0,0,0,0,"46,000",0,0,0,"107,000","61,000","46,000","46,000"
707307,台燿永豐64購02,0,0,0,0.0,0.0,0.0,0,0,0,"419,000",0,0,0,"452,000","33,000","419,000","419,000"
707308,台燿永豐67購01,0,0,0,0.0,0.0,0.0,0,0,0,"-26,000",0,0,0,"14,000","40,000","-26,000","-26,000"
707310,安葆永豐5C購01,0,0,0,0.0,0.0,0.0,0,0,0,"-5,000",0,0,0,0,"5,000","-5,000","-5,000"
707312,良維永豐5C購01,0,0,0,0.0,0.0,0.0,0,0,0,"12,000",0,0,0,"33,000","21,000","12,000","12,000"
707313,旺矽永豐5A購03,0,0,0,0.0,0.0,0.0,0,0,0,"119,000",0,0,0,"170,000","51,000","119,000","119,000"
707314,旺矽永豐61購03,0,0,0,0.0,0.0,0.0,0,0,0,"-164,000",0,0,0,"5,000","169,000","-164,000","-164,000"
707315,旺矽永豐64購02,0,0,0,0.0,0.0,0.0,0,0,0,"-66,000",0,0,0,"121,000","187,000","-66,000","-66,000"
707317,信驊永豐5A購03,0,0,0,0.0,0.0,0.0,0,0,0,"7,000",0,0,0,"7,000",0,"7,000","7,000"
707321,鉅橡永豐5B購01,0,0,0,0.0,0.0,0.0,0,0,0,"1,000",0,0,0,"1,000",0,"1,000","1,000"
707323,均豪國泰61購01,0,0,0,0.0,0.0,0.0,0,0,0,"-159,000",0,0,0,0,"159,000","-159,000","-159,000"
707326,台燿富邦64購01,0,0,0,0.0,0.0,0.0,0,0,0,"-81,000",0,0,0,0,"81,000","-81,000","-81,000"
707327,旺矽富邦5C購01,0,0,0,0.0,0.0,0.0,0,0,0,0,0,0,0,"20,000","20,000",0,0
707328,旺矽富邦64購01,0,0,0,0.0,0.0,0.0,0,0,0,"-444,000",0,0,0,"540,000","984,000","-444,000","-444,000"
707330,台燿國票5B購05,0,0,0,0.0,0.0,0.0,0,0,0,"34,000",0,0,0,"34,000",0,"34,000","34,000"
707331,台燿統一63購01,0,0,0,0.0,0.0,0.0,0,0,0,"-4,000",0,0,0,0,"4,000","-4,000","-4,000"
707332,台燿統一64購03,0,0,0,0.0,0.0,0.0,0,0,0,"6,000",0,0,0,"6,000",0,"6,000","6,000"
707333,台燿統一64購04,0,0,0,0.0,0.0,0.0,0,0,0,"-19,000",0,0,0,0,"19,000","-19,000","-19,000"
707334,台燿統一66購02,0,0,0,0.0,0.0,0.0,0,0,0,"-421,000",0,0,0,"3,000","424,000","-421,000","-421,000"
707335,台燿統一74購02,0,0,0,0.0,0.0,0.0,0,0,0,"263,000",0,0,0,"490,000","227,000","263,000","263,000"
707336,台燿統一74購03,0,0,0,0.0,0.0,0.0,0,0,0,"-112,000",0,0,0,"5,000","117,000","-112,000","-112,000"
707337,巨漢統一63購02,0,0,0,0.0,0.0,0.0,0,0,0,"-50,000",0,0,0,0,"50,000","-50,000","-50,000"
707339,均豪統一64購01,0,0,0,0.0,0.0,0.0,0,0,0,"-71,000",0,0,0,"241,000","312,000","-71,000","-71,000"
707340,旺矽統一63購06,0,0,0,0.0,0.0,0.0,0,0,0,"2,000",0,0,0,"4,000","2,000","2,000","2,000"
707341,旺矽統一64購01,0,0,0,0.0,0.0,0.0,0,0,0,"101,000",0,0,0,"101,000",0,"101,000","101,000"
707342,東捷統一74購01,0,0,0,0.0,0.0,0.0,0,0,0,"-7,000",0,0,0,0,"7,000","-7,000","-7,000"
707343,前鼎統一64購01,0,0,0,0.0,0.0,0.0,0,0,0,"-15,000",0,0,0,"20,000","35,000","-15,000","-15,000"
707344,翔名統一74購02,0,0,0,0.0,0.0,0.0,0,0,0,"16,000",0,0,0,"16,000",0,"16,000","16,000"
707350,新盛力統一74購03,0,0,0,0.0,0.0,0.0,0,0,0,"302,000",0,0,0,"302,000",0,"302,000","302,000"
707352,頎邦統一74購02,0,0,0,0.0,0.0,0.0,0,0,0,"494,000",0,0,0,"612,000","118,000","494,000","494,000"
707353,頎邦統一74購03,0,0,0,0.0,0.0,0.0,0,0,0,"69,000",0,0,0,"70,000","1,000","69,000","69,000"
707354,廣閎科統一64購02,0,0,0,0.0,0.0,0.0,0,0,0,"593,000",0,0,0,"593,000",0,"593,000","593,000"
707355,廣閎科統一67購01,0,0,0,0.0,0.0,0.0,0,0,0,"-1,000",0,0,0,0,"1,000","-1,000","-1,000"
707356,廣閎科統一74購03,0,0,0,0.0,0.0,0.0,0,0,0,"-34,000",0,0,0,"66,000","100,000","-34,000","-34,000"
707359,元太凱基5A購02,0,0,0,0.0,0.0,0.0,0,0,0,"-13,000",0,0,0,0,"13,000","-13,000","-13,000"
707362,信紘科凱基5A購01,0,0,0,0.0,0.0,0.0,0,0,0,"354,000",0,0,0,"364,000","10,000","354,000","354,000"
707363,威聯通凱基5A購01,0,0,0,0.0,0.0,0.0,0,0,0,"10,000",0,0,0,"10,000",0,"10,000","10,000"
707364,頎邦凱基63購01,0,0,0,0.0,0.0,0.0,0,0,0,"10,000",0,0,0,"10,000",0,"10,000","10,000"
707370,立碁永豐5C購01,0,0,0,0.0,0.0,0.0,0,0,0,"75,000",0,0,0,"175,000","100,000","75,000","75,000"
707371,前鼎永豐61購02,0,0,0,0.0,0.0,0.0,0,0,0,"-78,000",0,0,0,0,"78,000","-78,000","-78,000"
707374,頎邦永豐61購01,0,0,0,0.0,0.0,0.0,0,0,0,"558,000",0,0,0,"655,000","97,000","558,000","558,000"
707376,譜瑞永豐5C購01,0,0,0,0.0,0.0,0.0,0,0,0,"20,000",0,0,0,"20,000",0,"20,000","20,000"
707379,前鼎國票5B購02,0,0,0,0.0,0.0,0.0,0,0,0,"-1,000",0,0,0,0,"1,000","-1,000","-1,000"
707381,頎邦國票5B購04,0,0,0,0.0,0.0,0.0,0,0,0,"-26,000",0,0,0,"1,000","27,000","-26,000","-26,000"
707382,廣閎科國票5B購03,0,0,0,0.0,0.0,0.0,0,0,0,"-170,000",0,0,0,"183,000","353,000","-170,000","-170,000"
707392,頎邦群益5A購02,0,0,0,0.0,0.0,0.0,0,0,0,"1,000",0,0,0,"1,000",0,"1,000","1,000"
707393,頎邦群益5B購02,0,0,0,0.0,0.0,0.0,0,0,0,"-7,000",0,0,0,0,"7,000","-7,000","-7,000"
707394,廣閎科群益5B購01,0,0,0,0.0,0.0,0.0,0,0,0,"13,000",0,0,0,"143,000","130,000","13,000","13,000"
707398,東捷元大5A購02,0,0,0,0.0,0.0,0.0,0,0,0,"5,000",0,0,0,"5,000",0,"5,000","5,000"
707406,久元統一64購02,0,0,0,0.0,0.0,0.0,0,0,0,"10,000",0,0,0,"10,000",0,"10,000","10,000"
707408,安葆統一74購01,0,0,0,0.0,0.0,0.0,0,0,0,"-21,000",0,0,0,"70,000","91,000","-21,000","-21,000"
707409,均豪統一63購02,0,0,0,0.0,0.0,0.0,0,0,0,"218,000",0,0,0,"218,000",0,"218,000","218,000"
707410,均豪統一74購01,0,0,0,0.0,0.0,0.0,0,0,0,"-2,000",0,0,0,0,"2,000","-2,000","-2,000"
707412,東捷統一63購02,0,0,0,0.0,0.0,0.0,0,0,0,"-40,000",0,0,0,0,"40,000","-40,000","-40,000"
707413,東捷統一74購02,0,0,0,0.0,0.0,0.0,0,0,0,"-15,000",0,0,0,0,"15,000","-15,000","-15,000"
707414,前鼎統一74購01,0,0,0,0.0,0.0,0.0,0,0,0,"-1,355,000",0,0,0,"10,000","1,365,000","-1,355,000","-1,355,000"
707419,鈺太統一74購01,0,0,0,0.0,0.0,0.0,0,0,0,0,0,0,0,"1,000","1,000",0,0
707421,頎邦富邦5C購02,0,0,0,0.0,0.0,0.0,0,0,0,"10,000",0,0,0,"10,000",0,"10,000","10,000"
707422,頎邦富邦61購02,0,0,0,0.0,0.0,0.0,0,0,0,"4,000",0,0,0,"4,000",0,"4,000","4,000"
707423,廣閎科富邦5B購01,0,0,0,0.0,0.0,0.0,0,0,0,"105,000",0,0,0,"291,000","186,000","105,000","105,000"
707425,譜瑞兆豐64購01,0,0,0,0.0,0.0,0.0,0,0,0,"-10,000",0,0,0,0,"10,000","-10,000","-10,000"
707426,千附精永豐5B購01,0,0,0,0.0,0.0,0.0,0,0,0,"17,000",0,0,0,"21,000","4,000","17,000","17,000"
707429,沛亨永豐61購01,0,0,0,0.0,0.0,0.0,0,0,0,"-2,000",0,0,0,"58,000","60,000","-2,000","-2,000"
707439,台星科群益61購01,0,0,0,0.0,0.0,0.0,0,0,0,"-15,000",0,0,0,0,"15,000","-15,000","-15,000"
707441,宜特群益5C購01,0,0,0,0.0,0.0,0.0,0,0,0,"1,000",0,0,0,"1,000",0,"1,000","1,000"
707444,新應材群益5A購02,0,0,0,0.0,0.0,0.0,0,0,0,"57,000",0,0,0,"62,000","5,000","57,000","57,000"
707447,巨漢國泰5B購01,0,0,0,0.0,0.0,0.0,0,0,0,"43,000",0,0,0,"43,000",0,"43,000","43,000"
707449,立碁國泰5B購01,0,0,0,0.0,0.0,0.0,0,0,0,"180,000",0,0,0,"180,000",0,"180,000","180,000"
707454,千附精統一74購01,0,0,0,0.0,0.0,0.0,0,0,0,"-402,000",0,0,0,0,"402,000","-402,000","-402,000"
707458,正淩統一74購01,0,0,0,0.0,0.0,0.0,0,0,0,"-200,000",0,0,0,0,"200,000","-200,000","-200,000"
707468,陽程統一74購02,0,0,0,0.0,0.0,0.0,0,0,0,"180,000",0,0,0,"180,000",0,"180,000","180,000"
707470,順達統一74購01,0,0,0,0.0,0.0,0.0,0,0,0,"-39,000",0,0,0,"61,000","100,000","-39,000","-39,000"
707472,聖暉*統一63購01,0,0,0,0.0,0.0,0.0,0,0,0,"-366,000",0,0,0,"219,000","585,000","-366,000","-366,000"
707474,蜜望實統一74購01,0,0,0,0.0,0.0,0.0,0,0,0,"-5,000",0,0,0,0,"5,000","-5,000","-5,000"
707475,天品凱基61購01,0,0,0,0.0,0.0,0.0,0,0,0,"258,000",0,0,0,"264,000","6,000","258,000","258,000"
707482,順達凱基5C購01,0,0,0,0.0,0.0,0.0,0,0,0,"-66,000",0,0,0,0,"66,000","-66,000","-66,000"
707485,群翊凱基61購01,0,0,0,0.0,0.0,0.0,0,0,0,"-25,000",0,0,0,0,"25,000","-25,000","-25,000"
707492,均豪元大5C購01,0,0,0,0.0,0.0,0.0,0,0,0,"7,000",0,0,0,"7,000",0,"7,000","7,000"
707515,榮田國票5A購01,0,0,0,0.0,0.0,0.0,0,0,0,"-14,000",0,0,0,"16,000","30,000","-14,000","-14,000"
707523,雙鴻富邦5C購07,0,0,0,0.0,0.0,0.0,0,0,0,"3,000",0,0,0,"3,000",0,"3,000","3,000"
707524,雙鴻富邦5C購08,0,0,0,0.0,0.0,0.0,0,0,0,"-10,000",0,0,0,0,"10,000","-10,000","-10,000"
707525,譜瑞富邦5C購02,0,0,0,0.0,0.0,0.0,0,0,0,"-49,000",0,0,0,"40,000","89,000","-49,000","-49,000"
707527,元太凱基61購01,0,0,0,0.0,0.0,0.0,0,0,0,"-30,000",0,0,0,0,"30,000","-30,000","-30,000"
707531,前鼎凱基5B購02,0,0,0,0.0,0.0,0.0,0,0,0,"3,000",0,0,0,"3,000",0,"3,000","3,000"
707535,新應材凱基61購02,0,0,0,0.0,0.0,0.0,0,0,0,"-70,000",0,0,0,0,"70,000","-70,000","-70,000"
707538,弘塑國票5B購01,0,0,0,0.0,0.0,0.0,0,0,0,"499,000",0,0,0,"499,000",0,"499,000","499,000"
707539,宜特國票5B購02,0,0,0,0.0,0.0,0.0,0,0,0,"130,000",0,0,0,"130,000",0,"130,000","130,000"
707541,前鼎國票5B購03,0,0,0,0.0,0.0,0.0,0,0,0,"-65,000",0,0,0,"20,000","85,000","-65,000","-65,000"
707545,弘塑永豐5C購04,0,0,0,0.0,0.0,0.0,0,0,0,"3,000",0,0,0,"3,000",0,"3,000","3,000"
707556,前鼎台新5A購01,0,0,0,0.0,0.0,0.0,0,0,0,"19,000",0,0,0,"33,000","14,000","19,000","19,000"
707565,弘塑群益5C購01,0,0,0,0.0,0.0,0.0,0,0,0,"-420,000",0,0,0,0,"420,000","-420,000","-420,000"
707572,弘塑富邦5C購02,0,0,0,0.0,0.0,0.0,0,0,0,"14,000",0,0,0,"14,000",0,"14,000","14,000"
707573,弘塑富邦64購01,0,0,0,0.0,0.0,0.0,0,0,0,"23,000",0,0,0,"30,000","7,000","23,000","23,000"
707577,元太統一64購01,0,0,0,0.0,0.0,0.0,0,0,0,"114,000",0,0,0,"409,000","295,000","114,000","114,000"
707578,元太統一74購01,0,0,0,0.0,0.0,0.0,0,0,0,"1,000",0,0,0,"1,000",0,"1,000","1,000"
707579,弘塑統一62購02,0,0,0,0.0,0.0,0.0,0,0,0,"-149,000",0,0,0,"25,000","174,000","-149,000","-149,000"
707580,弘塑統一64購01,0,0,0,0.0,0.0,0.0,0,0,0,"67,000",0,0,0,"230,000","163,000","67,000","67,000"
707581,弘塑統一64購02,0,0,0,0.0,0.0,0.0,0,0,0,"-11,000",0,0,0,"20,000","31,000","-11,000","-11,000"
707584,兆利統一74購01,0,0,0,0.0,0.0,0.0,0,0,0,"-1,000",0,0,0,0,"1,000","-1,000","-1,000"
707589,前鼎統一63購02,0,0,0,0.0,0.0,0.0,0,0,0,"-5,000",0,0,0,0,"5,000","-5,000","-5,000"
707596,臺慶科統一64購01,0,0,0,0.0,0.0,0.0,0,0,0,"120,000",0,0,0,"182,000","62,000","120,000","120,000"
707598,蜜望實統一64購01,0,0,0,0.0,0.0,0.0,0,0,0,0,0,0,0,"15,000","15,000",0,0
707600,環球晶統一63購03,0,0,0,0.0,0.0,0.0,0,0,0,"5,000",0,0,0,"6,000","1,000","5,000","5,000"
707609,前鼎元大61購01,0,0,0,0.0,0.0,0.0,0,0,0,"-219,000",0,0,0,"66,000","285,000","-219,000","-219,000"
707612,勤凱元大5A購06,0,0,0,0.0,0.0,0.0,0,0,0,"2,000",0,0,0,"2,000",0,"2,000","2,000"
707614,雙鴻元大61購13,0,0,0,0.0,0.0,0.0,0,0,0,"1,049,000",0,0,0,"1,560,000","511,000","1,049,000","1,049,000"
707618,天品永豐5B購01,0,0,0,0.0,0.0,0.0,0,0,0,"10,000",0,0,0,"10,000",0,"10,000","10,000"
707625,環球晶永豐5C購02,0,0,0,0.0,0.0,0.0,0,0,0,"4,000",0,0,0,"4,000",0,"4,000","4,000"
707629,長科*凱基5A購01,0,0,0,0.0,0.0,0.0,0,0,0,"42,000",0,0,0,"42,000",0,"42,000","42,000"
707632,精材凱基5A購03,0,0,0,0.0,0.0,0.0,0,0,0,0,0,0,0,"20,000","20,000",0,0
707635,穩得凱基5A購01,0,0,0,0.0,0.0,0.0,0,0,0,"135,000",0,0,0,"135,000",0,"135,000","135,000"
707648,環球晶台新5A購02,0,0,0,0.0,0.0,0.0,0,0,0,"5,000",0,0,0,"5,000",0,"5,000","5,000"
707650,聖暉*兆豐5C購01,0,0,0,0.0,0.0,0.0,0,0,0,"-138,000",0,0,0,0,"138,000","-138,000","-138,000"
707654,安葆元大5A購01,0,0,0,0.0,0.0,0.0,0,0,0,"40,000",0,0,0,"40,000",0,"40,000","40,000"
707666,新盛力元大5A購02,0,0,0,0.0,0.0,0.0,0,0,0,"3,000",0,0,0,"3,000",0,"3,000","3,000"
707676,加高國票5B購01,0,"5,000","-5,000",0.0,0.0,0.0,0,0,0,"4,000",0,0,0,"55,000","51,000","4,000","-1,000"
707677,艾訊國票5B購01,0,0,0,0.0,0.0,0.0,0,0,0,"8,000",0,0,0,"8,000",0,"8,000","8,000"
707681,漢達國票5B購01,0,0,0,0.0,0.0,0.0,0,0,0,"76,000",0,0,0,"76,000",0,"76,000","76,000"
707683,九豪富邦5C購01,0,0,0,0.0,0.0,0.0,0,0,0,"-67,000",0,0,0,"53,000","120,000","-67,000","-67,000"
707687,九豪統一74購01,0,0,0,0.0,0.0,0.0,0,0,0,"-1,000",0,0,0,"10,000","11,000","-1,000","-1,000"
707689,千附精統一74購02,0,0,0,0.0,0.0,0.0,0,0,0,"90,000",0,0,0,"200,000","110,000","90,000","90,000"
707702,臺慶科統一66購01,0,0,0,0.0,0.0,0.0,0,0,0,"-69,000",0,0,0,0,"69,000","-69,000","-69,000"
707705,環球晶統一74購01,0,0,0,0.0,0.0,0.0,0,0,0,"8,000",0,0,0,"59,000","51,000","8,000","8,000"
707709,美琪瑪台新5A購01,0,0,0,0.0,0.0,0.0,0,0,0,"1,000",0,0,0,"1,000",0,"1,000","1,000"
707710,千附精國票5B購02,0,0,0,0.0,0.0,0.0,0,0,0,"-55,000",0,0,0,"5,000","60,000","-55,000","-55,000"
707711,千附精國票5B購03,0,0,0,0.0,0.0,0.0,0,0,0,"-5,000",0,0,0,0,"5,000","-5,000","-5,000"
707714,邑昇國票5B購01,0,0,0,0.0,0.0,0.0,0,0,0,"-10,000",0,0,0,0,"10,000","-10,000","-10,000"
707715,欣銓國票5B購02,0,0,0,0.0,0.0,0.0,0,0,0,"202,000",0,0,0,"348,000","146,000","202,000","202,000"
707716,信紘科國票5A購01,0,0,0,0.0,0.0,0.0,0,0,0,"200,000",0,0,0,"200,000",0,"200,000","200,000"
707718,家登國票5A購01,0,0,0,0.0,0.0,0.0,0,0,0,"-15,000",0,0,0,0,"15,000","-15,000","-15,000"
707719,能率亞國票5B購01,0,0,0,0.0,0.0,0.0,0,0,0,"-10,000",0,0,0,0,"10,000","-10,000","-10,000"
707721,群聯國票5B購01,0,0,0,0.0,0.0,0.0,0,0,0,"173,000",0,0,0,"261,000","88,000","173,000","173,000"
707722,蜜望實國票5B購01,0,0,0,0.0,0.0,0.0,0,0,0,"533,000",0,0,0,"533,000",0,"533,000","533,000"
707730,欣銓元大63購03,0,0,0,0.0,0.0,0.0,0,0,0,"-3,000",0,0,0,"1,000","4,000","-3,000","-3,000"
707734,群聯元大5A購01,0,0,0,0.0,0.0,0.0,0,0,0,"-21,000",0,0,0,"345,000","366,000","-21,000","-21,000"
707735,群聯元大5A購02,0,0,0,0.0,0.0,0.0,0,0,0,"979,000",0,0,0,"1,083,000","104,000","979,000","979,000"
707740,千附精凱基5A購02,0,0,0,0.0,0.0,0.0,0,0,0,"-15,000",0,0,0,0,"15,000","-15,000","-15,000"
707743,欣銓凱基5A購02,0,0,0,0.0,0.0,0.0,0,0,0,0,0,0,0,"3,000","3,000",0,0
707744,信紘科凱基5A購02,0,0,0,0.0,0.0,0.0,0,0,0,"800,000",0,0,0,"800,000",0,"800,000","800,000"
707747,群聯凱基5A購01,0,0,0,0.0,0.0,0.0,0,0,0,"-116,000",0,0,0,"353,000","469,000","-116,000","-116,000"
707748,群聯凱基5A購02,0,0,0,0.0,0.0,0.0,0,0,0,"-200,000",0,0,0,"107,000","307,000","-200,000","-200,000"
707750,千附精永豐5C購01,0,0,0,0.0,0.0,0.0,0,0,0,"56,000",0,0,0,"56,000",0,"56,000","56,000"
707752,世禾永豐5B購01,0,0,0,0.0,0.0,0.0,0,0,0,"30,000",0,0,0,"30,000",0,"30,000","30,000"
707753,立碁永豐61購01,0,0,0,0.0,0.0,0.0,0,0,0,"1,994,000",0,0,0,"1,999,000","5,000","1,994,000","1,994,000"
707755,欣銓永豐5C購01,0,0,0,0.0,0.0,0.0,0,0,0,"-84,000",0,0,0,"41,000","125,000","-84,000","-84,000"
707757,群聯永豐61購01,0,0,0,0.0,0.0,0.0,0,0,0,"101,000",0,0,0,"723,000","622,000","101,000","101,000"
707758,群聯永豐64購01,0,"10,000","-10,000",0.0,0.0,0.0,0,0,0,"112,000",0,0,0,"1,076,000","964,000","112,000","102,000"
707759,蜜望實永豐61購01,0,0,0,0.0,0.0,0.0,0,0,0,"742,000",0,0,0,"899,000","157,000","742,000","742,000"
707763,群聯群益5B購01,0,0,0,0.0,0.0,0.0,0,0,0,"-147,000",0,0,0,"25,000","172,000","-147,000","-147,000"
707764,群聯群益61購01,0,0,0,0.0,0.0,0.0,0,0,0,"258,000",0,0,0,"265,000","7,000","258,000","258,000"
707765,群聯群益64購01,0,0,0,0.0,0.0,0.0,0,0,0,"-481,000",0,0,0,"247,000","728,000","-481,000","-481,000"
707770,力旺永豐5C購01,0,0,0,0.0,0.0,0.0,0,0,0,"-20,000",0,0,0,0,"20,000","-20,000","-20,000"
707771,台半永豐5C購01,0,0,0,0.0,0.0,0.0,0,0,0,"84,000",0,0,0,"101,000","17,000","84,000","84,000"
707772,巨有永豐5C購01,0,0,0,0.0,0.0,0.0,0,0,0,"-48,000",0,0,0,"14,000","62,000","-48,000","-48,000"
707775,亞通永豐5A購01,0,0,0,0.0,0.0,0.0,0,0,0,"2,000",0,0,0,"2,000",0,"2,000","2,000"
707776,旺矽永豐5B購02,0,0,0,0.0,0.0,0.0,0,0,0,"-8,000",0,0,0,"4,000","12,000","-8,000","-8,000"
707778,信驊永豐5B購04,0,0,0,0.0,0.0,0.0,0,0,0,"-2,000",0,0,0,"24,000","26,000","-2,000","-2,000"
707780,精測永豐61購02,0,0,0,0.0,0.0,0.0,0,0,0,"15,000",0,0,0,"60,000","45,000","15,000","15,000"
707781,臺慶科永豐5B購01,0,0,0,0.0,0.0,0.0,0,0,0,"-69,000",0,0,0,"36,000","105,000","-69,000","-69,000"
707782,聰泰永豐5A購01,0,0,0,0.0,0.0,0.0,0,0,0,"-1,000",0,0,0,0,"1,000","-1,000","-1,000"
707795,信驊凱基5A購04,0,0,0,0.0,0.0,0.0,0,0,0,0,0,0,0,"10,000","10,000",0,0
707796,信驊凱基5B購03,0,0,0,0.0,0.0,0.0,0,0,0,"-12,000",0,0,0,"39,000","51,000","-12,000","-12,000"
707797,信驊凱基5C購02,0,0,0,0.0,0.0,0.0,0,0,0,"65,000",0,0,0,"68,000","3,000","65,000","65,000"
707798,信驊凱基61購04,0,0,0,0.0,0.0,0.0,0,0,0,"163,000",0,0,0,"187,000","24,000","163,000","163,000"
707799,家登凱基5A購01,0,0,0,0.0,0.0,0.0,0,0,0,"191,000",0,0,0,"246,000","55,000","191,000","191,000"
707803,精測凱基5A購02,0,0,0,0.0,0.0,0.0,0,0,0,"-200,000",0,0,0,0,"200,000","-200,000","-200,000"
707804,精測凱基5A購03,0,0,0,0.0,0.0,0.0,0,0,0,0,0,0,0,"80,000","80,000",0,0
707805,力領台新5A購01,0,0,0,0.0,0.0,0.0,0,0,0,"-110,000",0,0,0,0,"110,000","-110,000","-110,000"
707806,世界台新5A購01,0,0,0,0.0,0.0,0.0,0,0,0,"4,000",0,0,0,"4,000",0,"4,000","4,000"
707813,信驊台新5A購02,0,0,0,0.0,0.0,0.0,0,0,0,"-6,000",0,0,0,0,"6,000","-6,000","-6,000"
707821,旺矽元大5B購02,0,0,0,0.0,0.0,0.0,0,0,0,"-114,000",0,0,0,0,"114,000","-114,000","-114,000"
707827,信昌電元大5A購06,0,0,0,0.0,0.0,0.0,0,0,0,"2,000",0,0,0,"2,000",0,"2,000","2,000"
707828,信驊元大5A購02,0,0,0,0.0,0.0,0.0,0,0,0,"-2,000",0,0,0,0,"2,000","-2,000","-2,000"
707829,信驊元大63購01,0,0,0,0.0,0.0,0.0,0,0,0,"28,000",0,0,0,"89,000","61,000","28,000","28,000"
707834,精測元大5B購02,0,0,0,0.0,0.0,0.0,0,0,0,"548,000",0,0,0,"606,000","58,000","548,000","548,000"
707835,精測元大63購04,0,0,0,0.0,0.0,0.0,0,0,0,"-788,000",0,0,0,0,"788,000","-788,000","-788,000"
707838,立碁國泰5B購02,0,0,0,0.0,0.0,0.0,0,0,0,"50,000",0,0,0,"50,000",0,"50,000","50,000"
707839,旺矽國泰5B購01,0,0,0,0.0,0.0,0.0,0,0,0,"38,000",0,0,0,"73,000","35,000","38,000","38,000"
707843,旺矽統一64購02,0,0,0,0.0,0.0,0.0,0,0,0,"-6,000",0,0,0,0,"6,000","-6,000","-6,000"
707844,群聯統一64購01,0,0,0,0.0,0.0,0.0,0,0,0,0,0,0,0,"76,000","76,000",0,0
707845,精測統一64購03,0,0,0,0.0,0.0,0.0,0,0,0,0,0,0,0,"60,000","60,000",0,0
707847,良維富邦62購01,0,0,0,0.0,0.0,0.0,0,0,0,"284,000",0,0,0,"424,000","140,000","284,000","284,000"
707848,旺矽富邦64購02,0,0,0,0.0,0.0,0.0,0,0,0,"-578,000",0,0,0,"402,000","980,000","-578,000","-578,000"
707849,欣銓富邦5A購01,0,0,0,0.0,0.0,0.0,0,0,0,"393,000",0,0,0,"393,000",0,"393,000","393,000"
707850,欣銓富邦64購01,0,0,0,0.0,0.0,0.0,0,0,0,"388,000",0,0,0,"732,000","344,000","388,000","388,000"
707851,信紘科富邦62購01,0,0,0,0.0,0.0,0.0,0,0,0,"149,000",0,0,0,"199,000","50,000","149,000","149,000"
707852,信驊富邦61購01,0,0,0,0.0,0.0,0.0,0,0,0,"-42,000",0,0,0,"20,000","62,000","-42,000","-42,000"
707854,順達富邦62購01,0,0,0,0.0,0.0,0.0,0,0,0,"-77,000",0,0,0,0,"77,000","-77,000","-77,000"
707858,群聯富邦5C購01,0,0,0,0.0,0.0,0.0,0,0,0,"-821,000",0,0,0,"74,000","895,000","-821,000","-821,000"
707859,群聯富邦61購01,0,0,0,0.0,0.0,0.0,0,0,0,"111,000",0,0,0,"974,000","863,000","111,000","111,000"
707860,精測富邦61購01,0,0,0,0.0,0.0,0.0,0,0,0,"1,398,000",0,0,0,"1,448,000","50,000","1,398,000","1,398,000"
707865,家登凱基5A購02,0,0,0,0.0,0.0,0.0,0,0,0,"-539,000",0,0,0,"1,000","540,000","-539,000","-539,000"
707873,M31元大61購01,0,0,0,0.0,0.0,0.0,0,0,0,"150,000",0,0,0,"150,000",0,"150,000","150,000"
707874,M31元大63購01,0,0,0,0.0,0.0,0.0,0,0,0,"-7,000",0,0,0,0,"7,000","-7,000","-7,000"
707878,台嘉碩元大5A購02,0,0,0,0.0,0.0,0.0,0,0,0,"-1,000",0,0,0,0,"1,000","-1,000","-1,000"
707881,立碁元大63購01,0,0,0,0.0,0.0,0.0,0,0,0,"161,000",0,0,0,"601,000","440,000","161,000","161,000"
707884,家登元大61購01,0,0,0,0.0,0.0,0.0,0,0,0,"30,000",0,0,0,"30,000",0,"30,000","30,000"
707895,元太富邦61購01,0,0,0,0.0,0.0,0.0,0,0,0,"-3,000",0,0,0,"3,000","6,000","-3,000","-3,000"
707896,台星科富邦61購01,0,0,0,0.0,0.0,0.0,0,0,0,"-29,000",0,0,0,"499,000","528,000","-29,000","-29,000"
707904,新盛力群益5A購01,0,0,0,0.0,0.0,0.0,0,0,0,"8,000",0,0,0,"8,000",0,"8,000","8,000"
707914,均豪元大5A購04,0,0,0,0.0,0.0,0.0,0,0,0,0,0,0,0,"1,000","1,000",0,0
707917,信紘科元大5A購02,0,0,0,0.0,0.0,0.0,0,0,0,"190,000",0,0,0,"200,000","10,000","190,000","190,000"
707918,家登元大5A購03,0,0,0,0.0,0.0,0.0,0,0,0,"15,000",0,0,0,"15,000",0,"15,000","15,000"
707919,家登元大5A購04,0,0,0,0.0,0.0,0.0,0,0,0,"-6,000",0,0,0,0,"6,000","-6,000","-6,000"
707928,欣銓凱基63購01,0,0,0,0.0,0.0,0.0,0,0,0,"57,000",0,0,0,"74,000","17,000","57,000","57,000"
707931,環球晶凱基5A購01,0,0,0,0.0,0.0,0.0,0,0,0,"11,000",0,0,0,"61,000","50,000","11,000","11,000"
707933,均華富邦61購01,0,0,0,0.0,0.0,0.0,0,0,0,"-63,000",0,0,0,"375,000","438,000","-63,000","-63,000"
707935,欣銓富邦5B購01,0,0,0,0.0,0.0,0.0,0,0,0,"40,000",0,0,0,"40,000",0,"40,000","40,000"
707936,中美晶兆豐64購01,0,0,0,0.0,0.0,0.0,0,0,0,"-5,000",0,0,0,0,"5,000","-5,000","-5,000"
707937,順達兆豐5C購02,0,0,0,0.0,0.0,0.0,0,0,0,"90,000",0,0,0,"90,000",0,"90,000","90,000"
707946,德微群益5A購01,0,0,0,0.0,0.0,0.0,0,0,0,"57,000",0,0,0,"57,000",0,"57,000","57,000"
707947,雙鴻群益5B購06,0,0,0,0.0,0.0,0.0,0,0,0,"57,000",0,0,0,"145,000","88,000","57,000","57,000"
707950,世界凱基5A購02,0,0,0,0.0,0.0,0.0,0,0,0,0,0,0,0,"3,000","3,000",0,0
707957,新盛力凱基5B購01,0,0,0,0.0,0.0,0.0,0,0,0,0,0,0,0,"20,000","20,000",0,0
707960,雙鴻凱基61購02,0,0,0,0.0,0.0,0.0,0,0,0,"-24,000",0,0,0,0,"24,000","-24,000","-24,000"
707961,中美晶富邦5A購01,0,0,0,0.0,0.0,0.0,0,0,0,"-26,000",0,0,0,"57,000","83,000","-26,000","-26,000"
707962,長科*富邦62購01,0,0,0,0.0,0.0,0.0,0,0,0,"-58,000",0,0,0,"232,000","290,000","-58,000","-58,000"
707963,家登富邦61購01,0,0,0,0.0,0.0,0.0,0,0,0,"500,000",0,0,0,"717,000","217,000","500,000","500,000"
707964,富喬富邦61購01,0,0,0,0.0,0.0,0.0,0,0,0,"-123,000",0,0,0,"225,000","348,000","-123,000","-123,000"
707965,聖暉*富邦5C購01,0,0,0,0.0,0.0,0.0,0,0,0,"-20,000",0,0,0,0,"20,000","-20,000","-20,000"
707970,雙鴻富邦5C購09,0,0,0,0.0,0.0,0.0,0,0,0,"-230,000",0,0,0,0,"230,000","-230,000","-230,000"
707971,巨有元大5A購01,0,0,0,0.0,0.0,0.0,0,0,0,"45,000",0,0,0,"57,000","12,000","45,000","45,000"
707972,富喬元大5C購02,0,0,0,0.0,0.0,0.0,0,0,0,"243,000",0,0,0,"243,000",0,"243,000","243,000"
707976,世界兆豐5C購01,0,0,0,0.0,0.0,0.0,0,0,0,"-5,000",0,0,0,0,"5,000","-5,000","-5,000"
707977,富喬國票5A購02,0,0,0,0.0,0.0,0.0,0,0,0,"139,000",0,0,0,"185,000","46,000","139,000","139,000"
707978,富喬國票5B購02,0,0,0,0.0,0.0,0.0,0,0,0,"503,000",0,0,0,"596,000","93,000","503,000","503,000"
707981,新盛力國票5A購02,0,0,0,0.0,0.0,0.0,0,0,0,"327,000",0,0,0,"327,000",0,"327,000","327,000"
707982,雙鴻凱基5A購08,0,0,0,0.0,0.0,0.0,0,0,0,"-243,000",0,0,0,0,"243,000","-243,000","-243,000"
707986,環球晶凱基5A購02,0,0,0,0.0,0.0,0.0,0,0,0,"12,000",0,0,0,"12,000",0,"12,000","12,000"
707987,雙鴻凱基5C購06,0,0,0,0.0,0.0,0.0,0,0,0,"-20,000",0,0,0,0,"20,000","-20,000","-20,000"
707991,群聯國泰5B購01,0,0,0,0.0,0.0,0.0,0,0,0,"28,000",0,0,0,"28,000",0,"28,000","28,000"
707996,立碁永豐5B購02,0,"25,000","-25,000",0.0,0.0,0.0,0,0,0,"-5,000",0,0,0,"25,000","30,000","-5,000","-30,000"
707997,新盛力永豐61購01,0,0,0,0.0,0.0,0.0,0,0,0,"302,000",0,0,0,"399,000","97,000","302,000","302,000"
707998,群聯永豐5C購01,0,0,0,0.0,0.0,0.0,0,0,0,"164,000",0,0,0,"756,000","592,000","164,000","164,000"
708001,雙鴻永豐5C購04,0,0,0,0.0,0.0,0.0,0,0,0,"-44,000",0,0,0,"21,000","65,000","-44,000","-44,000"
708002,雙鴻永豐61購03,0,0,0,0.0,0.0,0.0,0,0,0,"47,000",0,0,0,"47,000",0,"47,000","47,000"
708003,立碁國票5B購02,0,0,0,0.0,0.0,0.0,0,0,0,"20,000",0,0,0,"39,000","19,000","20,000","20,000"
708004,兆利國票5B購01,0,0,0,0.0,0.0,0.0,0,0,0,"55,000",0,0,0,"55,000",0,"55,000","55,000"
708006,良維國票5B購01,0,0,0,0.0,0.0,0.0,0,0,0,"-998,000",0,0,0,0,"998,000","-998,000","-998,000"
708008,群聯國票5B購03,0,0,0,0.0,0.0,0.0,0,0,0,"-508,000",0,0,0,0,"508,000","-508,000","-508,000"
708015,群聯台新5A購01,0,0,0,0.0,0.0,0.0,0,0,0,"3,000",0,0,0,"11,000","8,000","3,000","3,000"
708016,群聯台新5A購02,0,0,0,0.0,0.0,0.0,0,0,0,"25,000",0,0,0,"25,000",0,"25,000","25,000"
708017,群聯台新5A購03,0,0,0,0.0,0.0,0.0,0,0,0,"34,000",0,0,0,"44,000","10,000","34,000","34,000"
708019,良維凱基5B購04,0,0,0,0.0,0.0,0.0,0,0,0,"-262,000",0,0,0,0,"262,000","-262,000","-262,000"
708020,東捷凱基5A購03,0,0,0,0.0,0.0,0.0,0,0,0,"2,000",0,0,0,"2,000",0,"2,000","2,000"
708021,群聯凱基5B購01,0,0,0,0.0,0.0,0.0,0,0,0,"-5,000",0,0,0,"187,000","192,000","-5,000","-5,000"
708025,大綜國票5A購01,0,0,0,0.0,0.0,0.0,0,0,0,"-100,000",0,0,0,0,"100,000","-100,000","-100,000"
708026,太景*國票5B購01,0,0,0,0.0,0.0,0.0,0,0,0,"-100,000",0,0,0,0,"100,000","-100,000","-100,000"
708027,良維國票5B購02,0,0,0,0.0,0.0,0.0,0,0,0,"499,000",0,0,0,"1,497,000","998,000","499,000","499,000"
708031,群聯國票5B購04,0,0,0,0.0,0.0,0.0,0,0,0,"737,000",0,0,0,"737,000",0,"737,000","737,000"
708032,環球晶國票5A購02,0,0,0,0.0,0.0,0.0,0,0,0,"14,000",0,0,0,"19,000","5,000","14,000","14,000"
708033,譜瑞國票5B購01,0,0,0,0.0,0.0,0.0,0,0,0,"119,000",0,0,0,"169,000","50,000","119,000","119,000"
708037,雙鴻永豐5B購03,0,0,0,0.0,0.0,0.0,0,0,0,"-115,000",0,0,0,"3,000","118,000","-115,000","-115,000"
708038,雙鴻永豐63購02,0,0,0,0.0,0.0,0.0,0,0,0,"-39,000",0,0,0,"1,000","40,000","-39,000","-39,000"
708041,良維元大63購01,0,0,0,0.0,0.0,0.0,0,0,0,"-14,000",0,0,0,"81,000","95,000","-14,000","-14,000"
708042,新盛力元大5A購04,0,0,0,0.0,0.0,0.0,0,0,0,"11,000",0,0,0,"11,000",0,"11,000","11,000"
708043,良維富邦61購01,0,0,0,0.0,0.0,0.0,0,0,0,"10,000",0,0,0,"50,000","40,000","10,000","10,000"
708044,新盛力富邦61購02,0,0,0,0.0,0.0,0.0,0,0,0,"177,000",0,0,0,"382,000","205,000","177,000","177,000"
708050,中美晶台新5B購02,0,0,0,0.0,0.0,0.0,0,0,0,"7,000",0,0,0,"8,000","1,000","7,000","7,000"
708054,環球晶台新5A購04,0,0,0,0.0,0.0,0.0,0,0,0,"-3,000",0,0,0,"12,000","15,000","-3,000","-3,000"
708055,群聯元大5A購03,0,0,0,0.0,0.0,0.0,0,0,0,"-81,000",0,0,0,0,"81,000","-81,000","-81,000"
708059,世界凱基5A購03,0,0,0,0.0,0.0,0.0,0,0,0,0,0,0,0,"3,000","3,000",0,0
708061,欣銓凱基5A購03,0,0,0,0.0,0.0,0.0,0,0,0,"4,000",0,0,0,"12,000","8,000","4,000","4,000"
708062,順達凱基5A購04,0,0,0,0.0,0.0,0.0,0,0,0,"-99,000",0,0,0,0,"99,000","-99,000","-99,000"
708063,群聯凱基5B購02,0,0,0,0.0,0.0,0.0,0,0,0,"-235,000",0,0,0,0,"235,000","-235,000","-235,000"
708064,群聯兆豐64購01,0,0,0,0.0,0.0,0.0,0,0,0,"25,000",0,0,0,"40,000","15,000","25,000","25,000"
708065,中美晶群益5C購01,0,0,0,0.0,0.0,0.0,0,0,0,"109,000",0,0,0,"119,000","10,000","109,000","109,000"
708066,群聯群益5B購02,0,0,0,0.0,0.0,0.0,0,0,0,"2,000",0,0,0,"15,000","13,000","2,000","2,000"
708067,群聯群益5C購01,0,0,0,0.0,0.0,0.0,0,0,0,"89,000",0,0,0,"130,000","41,000","89,000","89,000"
708070,雙鴻群益5B購07,0,0,0,0.0,0.0,0.0,0,0,0,"201,000",0,0,0,"201,000",0,"201,000","201,000"
708071,凡甲國票5B購01,0,0,0,0.0,0.0,0.0,0,0,0,"-9,000",0,0,0,0,"9,000","-9,000","-9,000"
708073,中美晶國票5B購01,0,0,0,0.0,0.0,0.0,0,0,0,"132,000",0,0,0,"169,000","37,000","132,000","132,000"
708076,群聯國票5B購05,0,0,0,0.0,0.0,0.0,0,0,0,"22,000",0,0,0,"123,000","101,000","22,000","22,000"
708077,精材國票5B購01,0,0,0,0.0,0.0,0.0,0,0,0,"11,000",0,0,0,"11,000",0,"11,000","11,000"
708083,家登富邦5C購02,0,0,0,0.0,0.0,0.0,0,0,0,"740,000",0,0,0,"749,000","9,000","740,000","740,000"
708084,群聯富邦5C購02,0,0,0,0.0,0.0,0.0,0,0,0,"-57,000",0,0,0,"41,000","98,000","-57,000","-57,000"
708085,群聯富邦61購02,0,0,0,0.0,0.0,0.0,0,0,0,"-789,000",0,0,0,"15,000","804,000","-789,000","-789,000"
708087,譜瑞富邦61購01,0,0,0,0.0,0.0,0.0,0,0,0,"-42,000",0,0,0,"64,000","106,000","-42,000","-42,000"
708088,群聯永豐5C購02,0,0,0,0.0,0.0,0.0,0,0,0,"701,000",0,0,0,"701,000",0,"701,000","701,000"
708089,群聯永豐64購02,0,0,0,0.0,0.0,0.0,0,0,0,"-23,000",0,0,0,"291,000","314,000","-23,000","-23,000"
708090,精材永豐5B購02,0,0,0,0.0,0.0,0.0,0,0,0,"15,000",0,0,0,"15,000",0,"15,000","15,000"
708091,中美晶凱基61購02,0,0,0,0.0,0.0,0.0,0,0,0,"277,000",0,0,0,"318,000","41,000","277,000","277,000"
708093,群聯凱基61購01,0,0,0,0.0,0.0,0.0,0,0,0,"269,000",0,0,0,"630,000","361,000","269,000","269,000"
708101,佳邦國票5C購01,0,0,0,0.0,0.0,0.0,0,0,0,"-10,000",0,0,0,"5,000","15,000","-10,000","-10,000"
708105,家登國票5B購01,0,0,0,0.0,0.0,0.0,0,0,0,"2,000",0,0,0,"2,000",0,"2,000","2,000"
708109,磐儀國票5C購01,0,0,0,0.0,0.0,0.0,0,0,0,"-30,000",0,0,0,0,"30,000","-30,000","-30,000"
708114,家登台新62購01,0,0,0,0.0,0.0,0.0,0,0,0,"-8,000",0,0,0,0,"8,000","-8,000","-8,000"
708115,勤凱台新5B購01,0,0,0,0.0,0.0,0.0,0,0,0,"-742,000",0,0,0,"2,000","744,000","-742,000","-742,000"
708116,群聯台新5B購01,0,0,0,0.0,0.0,0.0,0,0,0,"1,346,000",0,0,0,"1,346,000",0,"1,346,000","1,346,000"
708117,群聯台新5B購02,0,0,0,0.0,0.0,0.0,0,0,0,"912,000",0,"29,000","-29,000","1,092,000","151,000","941,000","912,000"
708118,世界群益5B購05,0,0,0,0.0,0.0,0.0,0,0,0,"168,000",0,0,0,"173,000","5,000","168,000","168,000"
708119,欣銓群益5B購01,0,0,0,0.0,0.0,0.0,0,0,0,"185,000",0,0,0,"236,000","51,000","185,000","185,000"
708125,群聯永豐65購01,0,0,0,0.0,0.0,0.0,0,0,0,"36,000",0,0,0,"200,000","164,000","36,000","36,000"
708128,東捷國泰61購01,0,0,0,0.0,0.0,0.0,0,0,0,"-20,000",0,0,0,"41,000","61,000","-20,000","-20,000"
708129,欣銓國泰5C購01,0,0,0,0.0,0.0,0.0,0,0,0,"6,000",0,0,0,"7,000","1,000","6,000","6,000"
708131,中美晶富邦61購01,0,0,0,0.0,0.0,0.0,0,0,0,"207,000",0,0,0,"371,000","164,000","207,000","207,000"
708138,群聯元大5B購01,0,0,0,0.0,0.0,0.0,0,0,0,"134,000",0,0,0,"244,000","110,000","134,000","134,000"
708139,群聯元大5B購02,0,0,0,0.0,0.0,0.0,0,0,0,"-262,000",0,0,0,"138,000","400,000","-262,000","-262,000"
708140,群聯元大64購01,0,0,0,0.0,0.0,0.0,0,0,0,"163,000",0,0,0,"257,000","94,000","163,000","163,000"
708144,雙鴻元大61購14,0,0,0,0.0,0.0,0.0,0,0,0,"100,000",0,0,0,"100,000",0,"100,000","100,000"
708148,欣銓凱基61購01,0,0,0,0.0,0.0,0.0,0,0,0,"372,000",0,0,0,"374,000","2,000","372,000","372,000"
708152,群聯凱基63購01,0,0,0,0.0,0.0,0.0,0,0,0,"584,000",0,0,0,"590,000","6,000","584,000","584,000"
708160,系微富邦63購01,0,0,0,0.0,0.0,0.0,0,0,0,"28,000",0,0,0,"30,000","2,000","28,000","28,000"
708162,原相富邦5B購01,0,0,0,0.0,0.0,0.0,0,0,0,"-5,000",0,0,0,0,"5,000","-5,000","-5,000"
708164,群聯富邦62購01,0,0,0,0.0,0.0,0.0,0,0,0,"-170,000",0,0,0,"302,000","472,000","-170,000","-170,000"
708165,群聯富邦62購02,0,0,0,0.0,0.0,0.0,0,0,0,"-671,000",0,0,0,"4,000","675,000","-671,000","-671,000"
708167,東捷永豐64購02,0,0,0,0.0,0.0,0.0,0,0,0,"16,000",0,0,0,"116,000","100,000","16,000","16,000"
708168,東捷永豐67購01,0,0,0,0.0,0.0,0.0,0,0,0,"-38,000",0,0,0,0,"38,000","-38,000","-38,000"
708176,東捷國票5C購01,0,0,0,0.0,0.0,0.0,0,0,0,"298,000",0,0,0,"468,000","170,000","298,000","298,000"
708179,群聯國票66購01,0,0,0,0.0,0.0,0.0,0,0,0,"32,000",0,0,0,"150,000","118,000","32,000","32,000"
708181,東捷群益5B購03,0,0,0,0.0,0.0,0.0,0,0,0,"-202,000",0,0,0,"884,000","1,086,000","-202,000","-202,000"
708183,群聯群益61購03,0,0,0,0.0,0.0,0.0,0,0,0,"-27,000",0,0,0,"153,000","180,000","-27,000","-27,000"
708184,久元元大64購01,0,0,0,0.0,0.0,0.0,0,0,0,"3,000",0,0,0,"3,000",0,"3,000","3,000"
708186,東捷元大5B購01,0,0,0,0.0,0.0,0.0,0,0,0,"13,000",0,0,0,"38,000","25,000","13,000","13,000"
708187,東捷元大5B購02,0,0,0,0.0,0.0,0.0,0,0,0,"60,000",0,0,0,"60,000",0,"60,000","60,000"
708188,東捷元大5B購03,0,0,0,0.0,0.0,0.0,0,0,0,"-69,000",0,0,0,0,"69,000","-69,000","-69,000"
708189,東捷元大5B購04,0,0,0,0.0,0.0,0.0,0,0,0,"1,610,000",0,0,0,"1,657,000","47,000","1,610,000","1,610,000"
708190,家登元大5B購02,0,0,0,0.0,0.0,0.0,0,0,0,"-96,000",0,0,0,0,"96,000","-96,000","-96,000"
708193,群翊元大5B購01,0,0,0,0.0,0.0,0.0,0,0,0,"700,000",0,0,0,"700,000",0,"700,000","700,000"
708194,群聯元大5B購03,0,0,0,0.0,0.0,0.0,0,0,0,"-18,000",0,0,0,0,"18,000","-18,000","-18,000"
708195,群聯元大64購02,0,0,0,0.0,0.0,0.0,0,0,0,"366,000",0,0,0,"496,000","130,000","366,000","366,000"
708207,順達凱基63購01,0,0,0,0.0,0.0,0.0,0,0,0,"10,000",0,0,0,"10,000",0,"10,000","10,000"
708209,群聯凱基64購01,0,0,0,0.0,0.0,0.0,0,0,0,"-502,000",0,0,0,"166,000","668,000","-502,000","-502,000"
708210,環球晶凱基5B購03,0,0,0,0.0,0.0,0.0,0,0,0,"25,000",0,0,0,"57,000","32,000","25,000","25,000"
708211,穩得凱基5B購01,0,0,0,0.0,0.0,0.0,0,0,0,"3,000",0,0,0,"3,000",0,"3,000","3,000"
708212,鑫聯凱基5C購01,0,0,0,0.0,0.0,0.0,0,0,0,"5,000",0,0,0,"5,000",0,"5,000","5,000"
708228,凡甲富邦61購01,0,0,0,0.0,0.0,0.0,0,0,0,"-5,000",0,0,0,0,"5,000","-5,000","-5,000"
708229,中光電富邦62購01,0,0,0,0.0,0.0,0.0,0,0,0,"-302,000",0,0,0,"286,000","588,000","-302,000","-302,000"
708231,捷創富邦62購01,0,0,0,0.0,0.0,0.0,0,0,0,"258,000",0,0,0,"258,000",0,"258,000","258,000"
708232,世界永豐5C購01,0,0,0,0.0,0.0,0.0,0,0,0,"130,000",0,0,0,"130,000",0,"130,000","130,000"
708235,群聯永豐65購02,0,0,0,0.0,0.0,0.0,0,0,0,"-59,000",0,0,0,"60,000","119,000","-59,000","-59,000"
708236,鉅橡永豐5C購01,0,0,0,0.0,0.0,0.0,0,0,0,"80,000",0,0,0,"80,000",0,"80,000","80,000"
708237,環球晶兆豐61購01,0,0,0,0.0,0.0,0.0,0,0,0,0,0,0,0,"2,000","2,000",0,0
708238,艾訊國票63購01,0,0,0,0.0,0.0,0.0,0,0,0,"52,000",0,0,0,"52,000",0,"52,000","52,000"
708240,晶宏國票5C購01,0,0,0,0.0,0.0,0.0,0,0,0,"-20,000",0,0,0,"10,000","30,000","-20,000","-20,000"
708242,聰泰國票5C購01,0,0,0,0.0,0.0,0.0,0,0,0,"-50,000",0,0,0,0,"50,000","-50,000","-50,000"
708243,寶雅國票5C購01,0,0,0,0.0,0.0,0.0,0,0,0,"10,000",0,0,0,"10,000",0,"10,000","10,000"
708246,世界群益5B購06,0,0,0,0.0,0.0,0.0,0,0,0,"33,000",0,0,0,"38,000","5,000","33,000","33,000"
708249,陽程群益5B購01,0,0,0,0.0,0.0,0.0,0,0,0,"-1,000",0,0,0,0,"1,000","-1,000","-1,000"
708250,群聯群益5B購03,0,0,0,0.0,0.0,0.0,0,0,0,"-960,000",0,0,0,"40,000","1,000,000","-960,000","-960,000"
708255,家登元大5B購03,0,0,0,0.0,0.0,0.0,0,0,0,"-59,000",0,0,0,"9,000","68,000","-59,000","-59,000"
708256,群聯元大5B購04,0,0,0,0.0,0.0,0.0,0,0,0,"24,000",0,0,0,"24,000",0,"24,000","24,000"
708257,群聯元大5B購05,0,0,0,0.0,0.0,0.0,0,0,0,"497,000",0,0,0,"510,000","13,000","497,000","497,000"
708258,群聯元大64購03,0,0,0,0.0,0.0,0.0,0,0,0,"50,000",0,0,0,"100,000","50,000","50,000","50,000"
708263,環球晶元大5B購03,0,0,0,0.0,0.0,0.0,0,0,0,"-10,000",0,0,0,0,"10,000","-10,000","-10,000"
708266,威剛元大5B購04,0,0,0,0.0,0.0,0.0,0,0,0,"18,000",0,0,0,"19,000","1,000","18,000","18,000"
708267,威剛元大5B購05,0,0,0,0.0,0.0,0.0,0,0,0,"2,000",0,0,0,"12,000","10,000","2,000","2,000"
708268,威剛元大64購01,0,0,0,0.0,0.0,0.0,0,0,0,"414,000",0,0,0,"432,000","18,000","414,000","414,000"
708269,陽程元大61購03,0,0,0,0.0,0.0,0.0,0,0,0,"3,000",0,0,0,"3,000",0,"3,000","3,000"
708270,群聯元大5B購06,0,0,0,0.0,0.0,0.0,0,0,0,"-23,000",0,0,0,"8,000","31,000","-23,000","-23,000"
708273,安葆國泰5C購02,0,0,0,0.0,0.0,0.0,0,0,0,"7,000",0,0,0,"100,000","93,000","7,000","7,000"
708274,勤凱國泰5C購01,0,0,0,0.0,0.0,0.0,0,0,0,"-2,000",0,0,0,0,"2,000","-2,000","-2,000"
708277,均豪凱基65購01,0,0,0,0.0,0.0,0.0,0,0,0,"10,000",0,0,0,"10,000",0,"10,000","10,000"
708279,威剛凱基5B購03,0,0,0,0.0,0.0,0.0,0,0,0,"-321,000",0,0,0,0,"321,000","-321,000","-321,000"
708280,群聯凱基64購02,0,0,0,0.0,0.0,0.0,0,0,0,"62,000",0,0,0,"68,000","6,000","62,000","62,000"
708282,寶雅凱基5B購01,0,0,0,0.0,0.0,0.0,0,0,0,"-68,000",0,0,0,"2,000","70,000","-68,000","-68,000"
708286,群聯兆豐65購01,0,0,0,0.0,0.0,0.0,0,0,0,"-30,000",0,0,0,0,"30,000","-30,000","-30,000"
708294,港建*國票5B購01,0,0,0,0.0,0.0,0.0,0,0,0,"-300,000",0,0,0,0,"300,000","-300,000","-300,000"
708302,欣銓永豐61購01,0,0,0,0.0,0.0,0.0,0,0,0,"38,000",0,0,0,"38,000",0,"38,000","38,000"
708303,威剛永豐5B購01,0,0,0,0.0,0.0,0.0,0,0,0,"-1,000",0,0,0,0,"1,000","-1,000","-1,000"
708307,威剛永豐68購01,0,0,0,0.0,0.0,0.0,0,0,0,"12,000",0,0,0,"12,000",0,"12,000","12,000"
708309,廣穎永豐65購01,0,0,0,0.0,0.0,0.0,0,0,0,"-10,000",0,0,0,"42,000","52,000","-10,000","-10,000"
708312,正淩群益63購01,0,0,0,0.0,0.0,0.0,0,0,0,"40,000",0,0,0,"40,000",0,"40,000","40,000"
708313,均豪群益5B購01,0,0,0,0.0,0.0,0.0,0,0,0,"2,000",0,0,0,"2,000",0,"2,000","2,000"
708315,岳豐群益65購01,0,0,0,0.0,0.0,0.0,0,0,0,"-108,000",0,0,0,0,"108,000","-108,000","-108,000"
708316,威剛群益5B購02,0,0,0,0.0,0.0,0.0,0,0,0,"210,000",0,0,0,"210,000",0,"210,000","210,000"
708322,寶雅群益61購01,0,0,0,0.0,0.0,0.0,0,0,0,"-31,000",0,0,0,"2,000","33,000","-31,000","-31,000"
708323,凡甲凱基5B購02,0,0,0,0.0,0.0,0.0,0,0,0,"35,000",0,0,0,"35,000",0,"35,000","35,000"
708326,方土昶凱基5C購01,0,0,0,0.0,0.0,0.0,0,0,0,"10,000",0,0,0,"10,000",0,"10,000","10,000"
708328,合晶凱基5B購01,0,0,0,0.0,0.0,0.0,0,0,0,"6,000",0,0,0,"6,000",0,"6,000","6,000"
708331,威剛凱基5B購04,0,0,0,0.0,0.0,0.0,0,0,0,"-296,000",0,0,0,"380,000","676,000","-296,000","-296,000"
708335,群聯凱基61購02,0,0,0,0.0,0.0,0.0,0,0,0,"170,000",0,0,0,"200,000","30,000","170,000","170,000"
708337,環球晶凱基5C購02,0,0,0,0.0,0.0,0.0,0,0,0,"138,000",0,0,0,"176,000","38,000","138,000","138,000"
708341,安葆台新5B購02,0,0,0,0.0,0.0,0.0,0,0,0,"-19,000",0,0,0,0,"19,000","-19,000","-19,000"
708342,艾訊台新5B購01,0,0,0,0.0,0.0,0.0,0,0,0,"15,000",0,0,0,"15,000",0,"15,000","15,000"
708349,順達台新5B購01,0,0,0,0.0,0.0,0.0,0,0,0,"-6,000",0,0,0,0,"6,000","-6,000","-6,000"
708350,順達台新5B購02,0,0,0,0.0,0.0,0.0,0,0,0,"-85,000",0,0,0,0,"85,000","-85,000","-85,000"
708352,萬泰科台新5B購03,0,0,0,0.0,0.0,0.0,0,0,0,"2,000",0,0,0,"2,000",0,"2,000","2,000"
708354,群聯台新5B購04,0,0,0,0.0,0.0,0.0,0,0,0,"110,000",0,0,0,"110,000",0,"110,000","110,000"
708356,臺慶科台新5B購01,0,0,0,0.0,0.0,0.0,0,0,0,"-2,000",0,0,0,0,"2,000","-2,000","-2,000"
708362,環球晶群益5B購02,0,0,0,0.0,0.0,0.0,0,0,0,"-61,000",0,0,0,"30,000","91,000","-61,000","-61,000"
708363,環球晶群益5B購03,0,0,0,0.0,0.0,0.0,0,0,0,"-32,000",0,0,0,"10,000","42,000","-32,000","-32,000"
708366,凡甲元大65購01,0,0,0,0.0,0.0,0.0,0,0,0,"-3,000",0,0,0,0,"3,000","-3,000","-3,000"
708370,台星科元大5B購02,0,0,0,0.0,0.0,0.0,0,0,0,"375,000",0,0,0,"375,000",0,"375,000","375,000"
708372,沛亨元大5B購01,0,0,0,0.0,0.0,0.0,0,0,0,"398,000",0,0,0,"398,000",0,"398,000","398,000"
708373,欣銓元大5B購01,0,0,0,0.0,0.0,0.0,0,0,0,"142,000",0,0,0,"142,000",0,"142,000","142,000"
708374,欣銓元大64購01,0,0,0,0.0,0.0,0.0,0,0,0,0,0,0,0,"147,000","147,000",0,0
708377,威剛元大5B購07,0,0,0,0.0,0.0,0.0,0,0,0,"174,000",0,0,0,"329,000","155,000","174,000","174,000"
708381,陽程元大61購04,0,0,0,0.0,0.0,0.0,0,0,0,"-3,000",0,0,0,0,"3,000","-3,000","-3,000"
708382,群聯元大5B購07,0,0,0,0.0,0.0,0.0,0,0,0,"1,000",0,0,0,"1,000",0,"1,000","1,000"
708387,均豪國泰62購01,0,0,0,0.0,0.0,0.0,0,0,0,"-21,000",0,0,0,0,"21,000","-21,000","-21,000"
708401,中美晶凱基61購03,0,0,0,0.0,0.0,0.0,0,0,0,"-396,000",0,0,0,"21,000","417,000","-396,000","-396,000"
708406,欣銓凱基5B購01,0,0,0,0.0,0.0,0.0,0,0,0,"-60,000",0,0,0,0,"60,000","-60,000","-60,000"
708407,信立凱基5B購02,0,0,0,0.0,0.0,0.0,0,0,0,"-45,000",0,0,0,0,"45,000","-45,000","-45,000"
708408,威剛凱基5C購01,0,0,0,0.0,0.0,0.0,0,0,0,"-220,000",0,0,0,0,"220,000","-220,000","-220,000"
708409,智通*凱基5B購01,0,0,0,0.0,0.0,0.0,0,0,0,"-5,000",0,0,0,"54,000","59,000","-5,000","-5,000"
708410,群聯凱基64購03,0,0,0,0.0,0.0,0.0,0,0,0,"-2,000",0,0,0,0,"2,000","-2,000","-2,000"
708412,環球晶兆豐61購02,0,0,0,0.0,0.0,0.0,0,0,0,"20,000",0,0,0,"20,000",0,"20,000","20,000"
708413,FH中5G元大5B購01,0,0,0,0.0,0.0,0.0,0,0,0,"-1,000",0,0,0,"4,000","5,000","-1,000","-1,000"
708418,順達元大64購04,0,0,0,0.0,0.0,0.0,0,0,0,"107,000",0,0,0,"403,000","296,000","107,000","107,000"
708419,新盛力元大64購01,0,0,0,0.0,0.0,0.0,0,0,0,"-5,000",0,0,0,0,"5,000","-5,000","-5,000"
708422,鈺太元大65購01,0,0,0,0.0,0.0,0.0,0,0,0,"85,000",0,0,0,"100,000","15,000","85,000","85,000"
708425,世界國票5C購03,0,0,0,0.0,0.0,0.0,0,0,0,"-10,000",0,0,0,0,"10,000","-10,000","-10,000"
708426,台半國票5C購01,0,0,0,0.0,0.0,0.0,0,0,0,"33,000",0,0,0,"36,000","3,000","33,000","33,000"
708429,雷科國票5B購01,0,0,0,0.0,0.0,0.0,0,0,0,"5,000",0,0,0,"5,000",0,"5,000","5,000"
708433,家登富邦61購02,0,0,0,0.0,0.0,0.0,0,0,0,"620,000",0,0,0,"675,000","55,000","620,000","620,000"
708434,家登富邦62購01,0,0,0,0.0,0.0,0.0,0,0,0,"101,000",0,0,0,"166,000","65,000","101,000","101,000"
708435,鈊象富邦61購02,0,0,0,0.0,0.0,0.0,0,0,0,"424,000",0,0,0,"434,000","10,000","424,000","424,000"
708438,環球晶富邦5C購03,0,0,0,0.0,0.0,0.0,0,0,0,"7,000",0,0,0,"76,000","69,000","7,000","7,000"
708440,立碁群益5C購01,0,0,0,0.0,0.0,0.0,0,0,0,"276,000",0,0,0,"536,000","260,000","276,000","276,000"
708442,艾訊群益5B購02,0,0,0,0.0,0.0,0.0,0,0,0,"1,000",0,0,0,"1,000",0,"1,000","1,000"
708443,家登群益61購02,0,0,0,0.0,0.0,0.0,0,0,0,"145,000",0,0,0,"150,000","5,000","145,000","145,000"
708445,群聯群益5B購04,0,0,0,0.0,0.0,0.0,0,0,0,"-20,000",0,0,0,0,"20,000","-20,000","-20,000"
708446,環球晶群益5C購02,0,0,0,0.0,0.0,0.0,0,0,0,"-59,000",0,0,0,"44,000","103,000","-59,000","-59,000"
708448,世界凱基65購01,0,0,0,0.0,0.0,0.0,0,0,0,"-4,000",0,0,0,0,"4,000","-4,000","-4,000"
708449,台半凱基5C購01,0,0,0,0.0,0.0,0.0,0,0,0,"4,000",0,0,0,"44,000","40,000","4,000","4,000"
708450,合晶凱基5B購02,0,0,0,0.0,0.0,0.0,0,0,0,"-39,000",0,0,0,"11,000","50,000","-39,000","-39,000"
708451,合晶凱基61購01,0,0,0,0.0,0.0,0.0,0,0,0,"-40,000",0,0,0,0,"40,000","-40,000","-40,000"
708452,欣銓凱基64購01,0,0,0,0.0,0.0,0.0,0,0,0,"501,000",0,0,0,"571,000","70,000","501,000","501,000"
708453,金山電凱基5B購02,0,0,0,0.0,0.0,0.0,0,0,0,"183,000",0,0,0,"183,000",0,"183,000","183,000"
708455,胡連凱基5B購01,0,0,0,0.0,0.0,0.0,0,0,0,0,0,0,0,"1,000","1,000",0,0
708457,新盛力凱基5B購02,0,0,0,0.0,0.0,0.0,0,0,0,"10,000",0,0,0,"10,000",0,"10,000","10,000"
708458,群聯凱基5B購03,0,0,0,0.0,0.0,0.0,0,0,0,"-2,000",0,0,0,0,"2,000","-2,000","-2,000"
708460,營邦凱基5B購01,0,0,0,0.0,0.0,0.0,0,0,0,"-362,000",0,0,0,"200,000","562,000","-362,000","-362,000"
708461,營邦凱基5B購02,0,0,0,0.0,0.0,0.0,0,0,0,"100,000",0,0,0,"100,000",0,"100,000","100,000"
708462,營邦凱基5B購03,0,0,0,0.0,0.0,0.0,0,0,0,"-105,000",0,0,0,"60,000","165,000","-105,000","-105,000"
708463,環球晶凱基5B購04,0,0,0,0.0,0.0,0.0,0,0,0,"245,000",0,0,0,"318,000","73,000","245,000","245,000"
708464,環球晶凱基5B購05,0,0,0,0.0,0.0,0.0,0,0,0,"-444,000",0,0,0,"21,000","465,000","-444,000","-444,000"
708470,環球晶台新5B購01,0,0,0,0.0,0.0,0.0,0,0,0,"-11,000",0,0,0,"119,000","130,000","-11,000","-11,000"
708471,環球晶台新5B購02,0,0,0,0.0,0.0,0.0,0,0,0,"-49,000",0,0,0,"3,000","52,000","-49,000","-49,000"
708472,環球晶台新62購01,0,0,0,0.0,0.0,0.0,0,0,0,"328,000",0,0,0,"328,000",0,"328,000","328,000"
708473,環球晶台新62購02,0,0,0,0.0,0.0,0.0,0,0,0,"-86,000",0,0,0,"187,000","273,000","-86,000","-86,000"
708474,久元元大5B購02,0,0,0,0.0,0.0,0.0,0,0,0,"160,000",0,0,0,"160,000",0,"160,000","160,000"
708480,世界元大64購04,0,0,0,0.0,0.0,0.0,0,0,0,"82,000",0,0,0,"82,000",0,"82,000","82,000"
708490,群聯元大5B購08,0,0,0,0.0,0.0,0.0,0,0,0,"-190,000",0,0,0,"10,000","200,000","-190,000","-190,000"
708492,營邦元大5B購01,0,0,0,0.0,0.0,0.0,0,0,0,"79,000",0,0,0,"371,000","292,000","79,000","79,000"
708493,營邦元大5B購02,0,0,0,0.0,0.0,0.0,0,0,0,"-98,000",0,0,0,"156,000","254,000","-98,000","-98,000"
708495,環球晶元大5B購07,0,0,0,0.0,0.0,0.0,0,0,0,"-122,000",0,0,0,"131,000","253,000","-122,000","-122,000"
708497,環球晶元大5B購09,0,0,0,0.0,0.0,0.0,0,0,0,"20,000",0,0,0,"20,000",0,"20,000","20,000"
708500,譜瑞元大61購02,0,0,0,0.0,0.0,0.0,0,0,0,"229,000",0,0,0,"229,000",0,"229,000","229,000"
708501,威剛兆豐65購01,0,0,0,0.0,0.0,0.0,0,0,0,"64,000",0,0,0,"164,000","100,000","64,000","64,000"
708502,金山電國泰61購01,0,0,0,0.0,0.0,0.0,0,0,0,"9,000",0,0,0,"9,000",0,"9,000","9,000"
708504,群聯國泰63購01,0,0,0,0.0,0.0,0.0,0,0,0,"313,000",0,0,0,"333,000","20,000","313,000","313,000"
708505,群聯國泰63購02,0,0,0,0.0,0.0,0.0,0,0,0,"-164,000",0,0,0,0,"164,000","-164,000","-164,000"
708507,環球晶國泰61購01,0,0,0,0.0,0.0,0.0,0,0,0,"-21,000",0,0,0,"78,000","99,000","-21,000","-21,000"
708508,環球晶國泰61購02,0,0,0,0.0,0.0,0.0,0,0,0,"-85,000",0,0,0,"422,000","507,000","-85,000","-85,000"
708513,合晶國票5C購01,0,0,0,0.0,0.0,0.0,0,0,0,"-8,000",0,0,0,"20,000","28,000","-8,000","-8,000"
708514,金山電國票5C購02,0,0,0,0.0,0.0,0.0,0,0,0,"617,000",0,0,0,"789,000","172,000","617,000","617,000"
708515,環球晶國票5B購01,0,0,0,0.0,0.0,0.0,0,0,0,"-12,000",0,0,0,0,"12,000","-12,000","-12,000"
708516,環球晶國票5C購01,0,0,0,0.0,0.0,0.0,0,0,0,"3,000",0,0,0,"50,000","47,000","3,000","3,000"
708517,世界富邦5B購02,0,0,0,0.0,0.0,0.0,0,0,0,"-1,000",0,0,0,0,"1,000","-1,000","-1,000"
708519,營邦富邦61購01,0,0,0,0.0,0.0,0.0,0,0,0,"-515,000",0,0,0,"61,000","576,000","-515,000","-515,000"
708520,環球晶富邦5B購02,0,0,0,0.0,0.0,0.0,0,0,0,"39,000",0,0,0,"141,000","102,000","39,000","39,000"
708521,環球晶富邦61購01,0,0,0,0.0,0.0,0.0,0,0,0,"-398,000",0,0,0,"450,000","848,000","-398,000","-398,000"
708522,中美晶群益5C購02,0,0,0,0.0,0.0,0.0,0,0,0,"2,000",0,0,0,"12,000","10,000","2,000","2,000"
708523,世界群益5B購08,0,0,0,0.0,0.0,0.0,0,0,0,"-310,000",0,0,0,"20,000","330,000","-310,000","-310,000"
708524,朋程群益5B購01,0,"4,000","-4,000",0.0,0.0,0.0,0,0,0,"4,000",0,0,0,"4,000",0,"4,000",0
708525,金山電群益5B購01,0,0,0,0.0,0.0,0.0,0,0,0,"-6,000",0,0,0,0,"6,000","-6,000","-6,000"
708528,臺慶科群益5B購01,0,0,0,0.0,0.0,0.0,0,0,0,"-3,000",0,0,0,0,"3,000","-3,000","-3,000"
708529,德微群益5B購01,0,0,0,0.0,0.0,0.0,0,0,0,"24,000",0,0,0,"24,000",0,"24,000","24,000"
708530,營邦群益5B購01,0,0,0,0.0,0.0,0.0,0,0,0,"12,000",0,0,0,"12,000",0,"12,000","12,000"
708532,環球晶群益5B購04,0,0,0,0.0,0.0,0.0,0,0,0,"19,000",0,0,0,"36,000","17,000","19,000","19,000"
708542,譜瑞凱基61購01,0,0,0,0.0,0.0,0.0,0,0,0,"8,000",0,0,0,"9,000","1,000","8,000","8,000"
708543,群聯永豐65購03,0,0,0,0.0,0.0,0.0,0,0,0,"-18,000",0,0,0,"44,000","62,000","-18,000","-18,000"
708544,精材永豐63購01,0,0,0,0.0,0.0,0.0,0,0,0,"-30,000",0,0,0,0,"30,000","-30,000","-30,000"
708547,群聯群益67購01,0,0,0,0.0,0.0,0.0,0,0,0,"-41,000",0,0,0,"488,000","529,000","-41,000","-41,000"
708549,廣穎群益61購01,0,0,0,0.0,0.0,0.0,0,0,0,"-197,000",0,0,0,0,"197,000","-197,000","-197,000"
708550,世界元大63購03,0,0,0,0.0,0.0,0.0,0,0,0,"21,000",0,0,0,"21,000",0,"21,000","21,000"
708551,新盛力元大61購02,0,0,0,0.0,0.0,0.0,0,0,0,"4,000",0,0,0,"9,000","5,000","4,000","4,000"
708552,群聯元大5C購01,0,0,0,0.0,0.0,0.0,0,0,0,"233,000",0,0,0,"233,000",0,"233,000","233,000"
708553,譜瑞元大5B購01,0,0,0,0.0,0.0,0.0,0,0,0,"60,000",0,0,0,"60,000",0,"60,000","60,000"
708555,中美晶國泰61購01,0,0,0,0.0,0.0,0.0,0,0,0,"21,000",0,0,0,"119,000","98,000","21,000","21,000"
708556,台半國泰5C購01,0,0,0,0.0,0.0,0.0,0,0,0,"3,000",0,0,0,"102,000","99,000","3,000","3,000"
708557,欣銓國泰5C購02,0,0,0,0.0,0.0,0.0,0,0,0,"357,000",0,0,0,"368,000","11,000","357,000","357,000"
708558,立碁富邦5B購01,0,0,0,0.0,0.0,0.0,0,0,0,"31,000",0,0,0,"31,000",0,"31,000","31,000"
708559,欣銓富邦5B購02,0,0,0,0.0,0.0,0.0,0,0,0,"48,000",0,0,0,"48,000",0,"48,000","48,000"
708561,順達富邦5C購02,0,0,0,0.0,0.0,0.0,0,0,0,"-461,000",0,0,0,0,"461,000","-461,000","-461,000"
708562,群聯富邦62購04,0,0,0,0.0,0.0,0.0,0,0,0,"-10,000",0,0,0,0,"10,000","-10,000","-10,000"
708563,中美晶國票5C購01,0,0,0,0.0,0.0,0.0,0,0,0,"-5,000",0,0,0,"10,000","15,000","-5,000","-5,000"
708568,宸曜國票5B購01,0,0,0,0.0,0.0,0.0,0,0,0,"-1,000",0,0,0,0,"1,000","-1,000","-1,000"
708570,新漢國票5B購01,0,0,0,0.0,0.0,0.0,0,0,0,"100,000",0,0,0,"100,000",0,"100,000","100,000"
708579,群聯凱基5B購04,0,0,0,0.0,0.0,0.0,0,0,0,"10,000",0,0,0,"10,000",0,"10,000","10,000"
708580,群聯凱基5C購01,0,0,0,0.0,0.0,0.0,0,0,0,"20,000",0,0,0,"20,000",0,"20,000","20,000"
708588,群聯富邦62購05,0,0,0,0.0,0.0,0.0,0,0,0,"-1,367,000",0,0,0,"385,000","1,752,000","-1,367,000","-1,367,000"
708589,宏捷科兆豐65購01,0,0,0,0.0,0.0,0.0,0,0,0,"-169,000",0,0,0,0,"169,000","-169,000","-169,000"
708590,群聯兆豐65購02,0,0,0,0.0,0.0,0.0,0,0,0,"3,000",0,0,0,"4,000","1,000","3,000","3,000"
708591,精材兆豐61購01,0,0,0,0.0,0.0,0.0,0,0,0,"-10,000",0,0,0,0,"10,000","-10,000","-10,000"
708593,世禾元大5B購02,0,0,0,0.0,0.0,0.0,0,0,0,"19,000",0,0,0,"19,000",0,"19,000","19,000"
708594,欣銓元大5B購02,0,0,0,0.0,0.0,0.0,0,0,0,"-177,000",0,0,0,0,"177,000","-177,000","-177,000"
708598,群聯元大5B購11,0,0,0,0.0,0.0,0.0,0,0,0,"90,000",0,0,0,"100,000","10,000","90,000","90,000"
708599,群聯元大5B購12,0,0,0,0.0,0.0,0.0,0,0,0,"200,000",0,0,0,"200,000",0,"200,000","200,000"
708604,群聯元大63購03,0,0,0,0.0,0.0,0.0,0,0,0,"-85,000",0,0,0,0,"85,000","-85,000","-85,000"
708605,精材元大61購07,0,0,0,0.0,0.0,0.0,0,0,0,"-10,000",0,0,0,0,"10,000","-10,000","-10,000"
708607,中美晶永豐65購01,0,0,0,0.0,0.0,0.0,0,0,0,"-358,000",0,0,0,"150,000","508,000","-358,000","-358,000"
708608,台半永豐63購01,0,0,0,0.0,0.0,0.0,0,0,0,"-21,000",0,0,0,0,"21,000","-21,000","-21,000"
708610,新盛力永豐63購01,0,0,0,0.0,0.0,0.0,0,0,0,"990,000",0,0,0,"995,000","5,000","990,000","990,000"
708611,群聯永豐5C購03,0,0,0,0.0,0.0,0.0,0,0,0,"-76,000",0,0,0,"490,000","566,000","-76,000","-76,000"
708614,德微永豐63購01,0,0,0,0.0,0.0,0.0,0,0,0,"58,000",0,0,0,"58,000",0,"58,000","58,000"
708616,方土昶群益5B購02,0,0,0,0.0,0.0,0.0,0,0,0,"20,000",0,0,0,"120,000","100,000","20,000","20,000"
708617,台半群益5B購01,0,0,0,0.0,0.0,0.0,0,0,0,"-8,000",0,0,0,"26,000","34,000","-8,000","-8,000"
708618,家登群益5B購03,0,0,0,0.0,0.0,0.0,0,0,0,"-226,000",0,0,0,"4,000","230,000","-226,000","-226,000"
708619,閎康群益61購01,0,0,0,0.0,0.0,0.0,0,0,0,"97,000",0,0,0,"97,000",0,"97,000","97,000"
708620,陽程群益5B購02,0,0,0,0.0,0.0,0.0,0,0,0,"201,000",0,0,0,"201,000",0,"201,000","201,000"
708622,新盛力群益5B購03,0,0,0,0.0,0.0,0.0,0,0,0,"22,000",0,0,0,"77,000","55,000","22,000","22,000"
708627,廣穎群益5B購02,0,0,0,0.0,0.0,0.0,0,0,0,"60,000",0,0,0,"200,000","140,000","60,000","60,000"
708628,譜瑞群益5B購02,0,0,0,0.0,0.0,0.0,0,0,0,"25,000",0,0,0,"25,000",0,"25,000","25,000"
708632,順達凱基5B購03,0,0,0,0.0,0.0,0.0,0,0,0,"25,000",0,0,0,"25,000",0,"25,000","25,000"
708633,新盛力凱基61購01,0,0,0,0.0,0.0,0.0,0,0,0,"-4,000",0,0,0,"46,000","50,000","-4,000","-4,000"
708636,中美晶元大63購02,0,0,0,0.0,0.0,0.0,0,0,0,"31,000",0,0,0,"43,000","12,000","31,000","31,000"
708640,順達元大5B購04,0,0,0,0.0,0.0,0.0,0,0,0,"96,000",0,0,0,"560,000","464,000","96,000","96,000"
708643,譜瑞元大5B購04,0,0,0,0.0,0.0,0.0,0,0,0,"15,000",0,0,0,"15,000",0,"15,000","15,000"
708646,譜瑞元大5B購07,0,0,0,0.0,0.0,0.0,0,0,0,"10,000",0,0,0,"10,000",0,"10,000","10,000"
708648,沛亨永豐5C購01,0,0,0,0.0,0.0,0.0,0,0,0,0,0,0,0,"200,000","200,000",0,0
708651,中美晶富邦5B購01,0,0,0,0.0,0.0,0.0,0,0,0,"-872,000",0,0,0,"3,000","875,000","-872,000","-872,000"
708655,新盛力富邦62購01,0,0,0,0.0,0.0,0.0,0,0,0,"635,000",0,0,0,"656,000","21,000","635,000","635,000"
708670,陽程元大63購02,0,0,0,0.0,0.0,0.0,0,0,0,"-137,000",0,0,0,"42,000","179,000","-137,000","-137,000"
708671,新盛力元大5B購03,0,0,0,0.0,0.0,0.0,0,0,0,"-61,000",0,0,0,"113,000","174,000","-61,000","-61,000"
708674,威剛永豐67購01,0,0,0,0.0,0.0,0.0,0,0,0,"-10,000",0,0,0,0,"10,000","-10,000","-10,000"
708682,威剛凱基5B購07,0,0,0,0.0,0.0,0.0,0,0,0,"1,897,000",0,0,0,"1,897,000",0,"1,897,000","1,897,000"
708684,陽程凱基5B購01,0,0,0,0.0,0.0,0.0,0,0,0,"-442,000",0,0,0,"48,000","490,000","-442,000","-442,000"
708685,新盛力凱基5B購03,0,0,0,0.0,0.0,0.0,0,0,0,"59,000",0,0,0,"329,000","270,000","59,000","59,000"
708686,新盛力凱基61購02,0,0,0,0.0,0.0,0.0,0,0,0,"30,000",0,0,0,"67,000","37,000","30,000","30,000"
708698,順達台新5B購03,0,0,0,0.0,0.0,0.0,0,0,0,"274,000",0,0,0,"274,000",0,"274,000","274,000"
708699,臺慶科台新5B購02,0,0,0,0.0,0.0,0.0,0,0,0,"-11,000",0,0,0,"23,000","34,000","-11,000","-11,000"
708704,台半富邦62購01,0,0,0,0.0,0.0,0.0,0,0,0,"-229,000",0,0,0,"32,000","261,000","-229,000","-229,000"
708706,新盛力富邦61購04,0,0,0,0.0,0.0,0.0,0,0,0,"479,000",0,0,0,"807,000","328,000","479,000","479,000"
708707,德微富邦63購01,0,0,0,0.0,0.0,0.0,0,0,0,"389,000",0,0,0,"405,000","16,000","389,000","389,000"
708711,光頡國票5B購01,0,0,0,0.0,0.0,0.0,0,0,0,"5,000",0,0,0,"5,000",0,"5,000","5,000"
708712,光頡國票5B購02,0,0,0,0.0,0.0,0.0,0,0,0,"7,000",0,0,0,"7,000",0,"7,000","7,000"
708713,朋程國票5B購01,0,0,0,0.0,0.0,0.0,0,0,0,"2,000",0,0,0,"2,000",0,"2,000","2,000"
708715,新盛力國票5B購02,0,0,0,0.0,0.0,0.0,0,0,0,"-187,000",0,0,0,"153,000","340,000","-187,000","-187,000"
708716,中美晶台新5B購04,0,0,0,0.0,0.0,0.0,0,0,0,"-3,000",0,0,0,"1,000","4,000","-3,000","-3,000"
708717,台半台新5B購01,0,0,0,0.0,0.0,0.0,0,0,0,"41,000",0,0,0,"41,000",0,"41,000","41,000"
708718,台半台新5B購02,0,0,0,0.0,0.0,0.0,0,0,0,"38,000",0,0,0,"38,000",0,"38,000","38,000"
708719,台半台新5B購03,0,0,0,0.0,0.0,0.0,0,0,0,"144,000",0,0,0,"144,000",0,"144,000","144,000"
708720,光頡凱基5B購01,0,0,0,0.0,0.0,0.0,0,0,0,"10,000",0,0,0,"10,000",0,"10,000","10,000"
708721,陽程凱基61購01,0,0,0,0.0,0.0,0.0,0,0,0,"32,000",0,0,0,"32,000",0,"32,000","32,000"
708722,陽程凱基63購02,0,0,0,0.0,0.0,0.0,0,0,0,0,0,0,0,"31,000","31,000",0,0
708729,博盛元大5B購02,0,0,0,0.0,0.0,0.0,0,0,0,"59,000",0,0,0,"59,000",0,"59,000","59,000"
708731,陽程元大5B購01,0,0,0,0.0,0.0,0.0,0,0,0,"-610,000",0,0,0,0,"610,000","-610,000","-610,000"
708733,陽程元大65購02,0,0,0,0.0,0.0,0.0,0,0,0,"-153,000",0,0,0,"482,000","635,000","-153,000","-153,000"
708734,勤凱元大5B購01,0,0,0,0.0,0.0,0.0,0,0,0,"-243,000",0,0,0,0,"243,000","-243,000","-243,000"
708739,德微元大5B購02,0,0,0,0.0,0.0,0.0,0,0,0,"3,000",0,0,0,"3,000",0,"3,000","3,000"
708740,擎亞元大5B購03,0,0,0,0.0,0.0,0.0,0,0,0,"20,000",0,0,0,"20,000",0,"20,000","20,000"
708743,光頡永豐61購01,0,0,0,0.0,0.0,0.0,0,0,0,"289,000",0,0,0,"547,000","258,000","289,000","289,000"
708745,陽程永豐5B購02,0,0,0,0.0,0.0,0.0,0,0,0,"76,000",0,0,0,"128,000","52,000","76,000","76,000"
708746,精材永豐61購02,0,0,0,0.0,0.0,0.0,0,0,0,"1,000",0,0,0,"1,000",0,"1,000","1,000"
708748,擎亞永豐5C購01,0,0,0,0.0,0.0,0.0,0,0,0,"-50,000",0,0,0,0,"50,000","-50,000","-50,000"
708749,擎亞永豐61購01,0,0,0,0.0,0.0,0.0,0,0,0,"62,000",0,0,0,"62,000",0,"62,000","62,000"
708750,雙鴻永豐65購01,0,0,0,0.0,0.0,0.0,0,0,0,"-171,000",0,0,0,"6,000","177,000","-171,000","-171,000"
708751,精材富邦5B購02,0,0,0,0.0,0.0,0.0,0,0,0,"-3,000",0,0,0,0,"3,000","-3,000","-3,000"
708752,博盛國泰5C購01,0,0,0,0.0,0.0,0.0,0,0,0,"23,000",0,0,0,"23,000",0,"23,000","23,000"
708755,中美晶群益5B購03,0,0,0,0.0,0.0,0.0,0,0,0,"-34,000",0,0,0,"240,000","274,000","-34,000","-34,000"
708758,陽程群益5B購03,0,0,0,0.0,0.0,0.0,0,0,0,"20,000",0,0,0,"20,000",0,"20,000","20,000"
708763,世界國票5C購04,0,0,0,0.0,0.0,0.0,0,0,0,"35,000",0,0,0,"35,000",0,"35,000","35,000"
708764,立端國票5C購01,0,0,0,0.0,0.0,0.0,0,0,0,"-4,000",0,0,0,"549,000","553,000","-4,000","-4,000"
708766,沛亨國票5C購01,0,0,0,0.0,0.0,0.0,0,0,0,"144,000",0,0,0,"144,000",0,"144,000","144,000"
708767,威剛國票5C購03,0,0,0,0.0,0.0,0.0,0,0,0,"124,000",0,0,0,"124,000",0,"124,000","124,000"
708769,家碩國票5C購01,0,0,0,0.0,0.0,0.0,0,0,0,"125,000",0,0,0,"125,000",0,"125,000","125,000"
708773,陽程國票5B購01,0,0,0,0.0,0.0,0.0,0,0,0,"46,000",0,0,0,"91,000","45,000","46,000","46,000"
708779,廣閎科國票5C購01,0,0,0,0.0,0.0,0.0,0,0,0,"90,000",0,0,0,"90,000",0,"90,000","90,000"
708780,擎亞國票5B購01,0,0,0,0.0,0.0,0.0,0,0,0,"591,000",0,0,0,"591,000",0,"591,000","591,000"
708782,世界凱基64購01,0,0,0,0.0,0.0,0.0,0,0,0,"141,000",0,0,0,"141,000",0,"141,000","141,000"
708784,光頡凱基5B購02,0,0,0,0.0,0.0,0.0,0,0,0,"4,000",0,0,0,"4,000",0,"4,000","4,000"
708786,沛亨凱基5B購02,0,0,0,0.0,0.0,0.0,0,0,0,"-139,000",0,0,0,0,"139,000","-139,000","-139,000"
708789,精材凱基5B購06,0,0,0,0.0,0.0,0.0,0,0,0,"-3,000",0,0,0,0,"3,000","-3,000","-3,000"
708793,德微凱基5B購01,0,0,0,0.0,0.0,0.0,0,0,0,"-3,000",0,0,0,0,"3,000","-3,000","-3,000"
708794,世界中信5B購02,0,0,0,0.0,0.0,0.0,0,0,0,"-200,000",0,0,0,0,"200,000","-200,000","-200,000"
708797,神準永豐5C購01,0,0,0,0.0,0.0,0.0,0,0,0,0,0,0,0,"1,000","1,000",0,0
708798,精材永豐65購01,0,0,0,0.0,0.0,0.0,0,0,0,"15,000",0,0,0,"25,000","10,000","15,000","15,000"
708799,台半元大5B購01,0,0,0,0.0,0.0,0.0,0,0,0,"-28,000",0,0,0,"52,000","80,000","-28,000","-28,000"
708800,光頡元大5B購01,0,0,0,0.0,0.0,0.0,0,0,0,"-28,000",0,0,0,"34,000","62,000","-28,000","-28,000"
708801,光頡元大5B購03,0,0,0,0.0,0.0,0.0,0,0,0,"8,000",0,0,0,"10,000","2,000","8,000","8,000"
708806,精材元大5B購14,0,0,0,0.0,0.0,0.0,0,0,0,"-10,000",0,0,0,0,"10,000","-10,000","-10,000"
708807,精材元大5B購15,0,0,0,0.0,0.0,0.0,0,0,0,"31,000",0,0,0,"50,000","19,000","31,000","31,000"
708808,精材元大5B購16,0,0,0,0.0,0.0,0.0,0,0,0,"-13,000",0,0,0,"9,000","22,000","-13,000","-13,000"
708809,精材元大5B購17,0,0,0,0.0,0.0,0.0,0,0,0,"14,000",0,0,0,"31,000","17,000","14,000","14,000"
708812,世界台新5B購04,0,0,0,0.0,0.0,0.0,0,0,0,"132,000",0,0,0,"152,000","20,000","132,000","132,000"
708821,精材台新5C購01,0,0,0,0.0,0.0,0.0,0,0,0,"51,000",0,0,0,"51,000",0,"51,000","51,000"
708822,臺慶科台新5B購03,0,0,0,0.0,0.0,0.0,0,0,0,"23,000",0,0,0,"23,000",0,"23,000","23,000"
708823,臺慶科台新5B購04,0,0,0,0.0,0.0,0.0,0,0,0,"-6,000",0,0,0,"23,000","29,000","-6,000","-6,000"
708824,伍豐國票5C購01,0,0,0,0.0,0.0,0.0,0,0,0,"155,000",0,0,0,"155,000",0,"155,000","155,000"
708825,光頡國票5B購03,0,0,0,0.0,0.0,0.0,0,0,0,"149,000",0,0,0,"153,000","4,000","149,000","149,000"
708831,茂綸群益5C購01,0,0,0,0.0,0.0,0.0,0,0,0,"-104,000",0,0,0,"506,000","610,000","-104,000","-104,000"
708833,精材群益5B購07,0,0,0,0.0,0.0,0.0,0,0,0,"352,000",0,0,0,"357,000","5,000","352,000","352,000"
708840,中美晶元大5B購04,0,0,0,0.0,0.0,0.0,0,0,0,"-11,000",0,0,0,"34,000","45,000","-11,000","-11,000"
708841,台半元大5B購02,0,0,0,0.0,0.0,0.0,0,0,0,"2,000",0,0,0,"2,000",0,"2,000","2,000"
708842,光頡元大5B購04,0,0,0,0.0,0.0,0.0,0,0,0,"38,000",0,0,0,"39,000","1,000","38,000","38,000"
708843,威剛元大5B購10,0,0,0,0.0,0.0,0.0,0,0,0,"53,000",0,0,0,"53,000",0,"53,000","53,000"
708846,順達元大5B購05,0,0,0,0.0,0.0,0.0,0,0,0,"-125,000",0,0,0,"307,000","432,000","-125,000","-125,000"
708847,新盛力元大5B購04,0,0,0,0.0,0.0,0.0,0,0,0,"48,000",0,0,0,"48,000",0,"48,000","48,000"
708850,擎亞元大5B購06,0,0,0,0.0,0.0,0.0,0,0,0,"-10,000",0,0,0,0,"10,000","-10,000","-10,000"
708852,台半凱基5B購01,0,0,0,0.0,0.0,0.0,0,0,0,"-10,000",0,0,0,"10,000","20,000","-10,000","-10,000"
708853,立碁凱基5C購02,0,0,0,0.0,0.0,0.0,0,0,0,"-10,000",0,0,0,0,"10,000","-10,000","-10,000"
708854,光頡凱基5B購03,0,0,0,0.0,0.0,0.0,0,0,0,"-1,000",0,0,0,"45,000","46,000","-1,000","-1,000"
708856,茂綸凱基5C購01,0,0,0,0.0,0.0,0.0,0,0,0,"-197,000",0,0,0,"30,000","227,000","-197,000","-197,000"
708858,德微凱基5B購02,0,0,0,0.0,0.0,0.0,0,0,0,"-60,000",0,0,0,0,"60,000","-60,000","-60,000"
708866,新盛力台新5B購03,0,0,0,0.0,0.0,0.0,0,0,0,"-29,000",0,0,0,0,"29,000","-29,000","-29,000"
708868,新盛力台新62購02,0,0,0,0.0,0.0,0.0,0,0,0,"4,000",0,0,0,"9,000","5,000","4,000","4,000"
708869,中美晶中信5B購01,0,0,0,0.0,0.0,0.0,0,0,0,"10,000",0,0,0,"80,000","70,000","10,000","10,000"
708870,光頡中信5B購01,0,0,0,0.0,0.0,0.0,0,0,0,"766,000",0,0,0,"1,014,000","248,000","766,000","766,000"
708872,台半永豐61購01,0,0,0,0.0,0.0,0.0,0,0,0,"16,000",0,0,0,"115,000","99,000","16,000","16,000"
708873,光頡永豐64購01,0,0,0,0.0,0.0,0.0,0,0,0,0,0,0,0,"12,000","12,000",0,0
708874,雅特力永豐5B購01,0,0,0,0.0,0.0,0.0,0,0,0,"-10,000",0,0,0,0,"10,000","-10,000","-10,000"
708875,千如國票5C購01,0,0,0,0.0,0.0,0.0,0,0,0,"-71,000",0,0,0,"149,000","220,000","-71,000","-71,000"
708876,台半國票5C購02,0,0,0,0.0,0.0,0.0,0,0,0,"-18,000",0,0,0,"59,000","77,000","-18,000","-18,000"
708878,光頡國票5C購01,0,0,0,0.0,0.0,0.0,0,0,0,"69,000",0,0,0,"296,000","227,000","69,000","69,000"
708880,亞通國票5B購01,0,0,0,0.0,0.0,0.0,0,0,0,"-3,000",0,0,0,"2,000","5,000","-3,000","-3,000"
708886,雅特力國票5C購01,0,0,0,0.0,0.0,0.0,0,0,0,"5,000",0,0,0,"5,000",0,"5,000","5,000"
708888,雷科國票5B購02,0,0,0,0.0,0.0,0.0,0,0,0,"331,000",0,0,0,"650,000","319,000","331,000","331,000"
708889,德微國票5C購01,0,0,0,0.0,0.0,0.0,0,0,0,"-3,000",0,0,0,0,"3,000","-3,000","-3,000"
708890,擎亞國票5B購02,0,0,0,0.0,0.0,0.0,0,0,0,"100,000",0,0,0,"100,000",0,"100,000","100,000"
708892,世界群益62購02,0,0,0,0.0,0.0,0.0,0,0,0,"29,000",0,0,0,"29,000",0,"29,000","29,000"
708893,立碁群益5B購01,0,0,0,0.0,0.0,0.0,0,0,0,"9,000",0,0,0,"9,000",0,"9,000","9,000"
708894,光頡群益5B購02,0,0,0,0.0,0.0,0.0,0,0,0,"-49,000",0,0,0,"174,000","223,000","-49,000","-49,000"
708896,擎亞群益5C購01,0,0,0,0.0,0.0,0.0,0,0,0,"601,000",0,0,0,"601,000",0,"601,000","601,000"
708897,雷科國泰61購01,0,0,0,0.0,0.0,0.0,0,0,0,"-15,000",0,0,0,0,"15,000","-15,000","-15,000"
708902,大中統一63購01,0,0,0,0.0,0.0,0.0,0,0,0,"-5,000",0,0,0,0,"5,000","-5,000","-5,000"
708903,大中統一65購01,0,0,0,0.0,0.0,0.0,0,0,0,"270,000",0,0,0,"295,000","25,000","270,000","270,000"
708904,世界統一64購02,0,0,0,0.0,0.0,0.0,0,0,0,"93,000",0,0,0,"93,000",0,"93,000","93,000"
708912,光頡統一63購01,0,0,0,0.0,0.0,0.0,0,0,0,"50,000",0,0,0,"50,000",0,"50,000","50,000"
708913,光頡統一65購01,0,0,0,0.0,0.0,0.0,0,0,0,"136,000",0,0,0,"963,000","827,000","136,000","136,000"
708914,光頡統一65購02,0,0,0,0.0,0.0,0.0,0,0,0,"1,000",0,0,0,"101,000","100,000","1,000","1,000"
708917,邑錡統一65購01,0,0,0,0.0,0.0,0.0,0,0,0,"100,000",0,0,0,"101,000","1,000","100,000","100,000"
708918,亞通統一65購01,0,0,0,0.0,0.0,0.0,0,0,0,"-20,000",0,0,0,0,"20,000","-20,000","-20,000"
708919,欣銓統一63購01,0,0,0,0.0,0.0,0.0,0,0,0,"230,000",0,0,0,"230,000",0,"230,000","230,000"
708921,欣銓統一67購01,0,0,0,0.0,0.0,0.0,0,0,0,"-91,000",0,0,0,"136,000","227,000","-91,000","-91,000"
708923,威剛統一64購02,0,0,0,0.0,0.0,0.0,0,0,0,"1,225,000",0,0,0,"1,225,000",0,"1,225,000","1,225,000"
708926,威剛統一65購03,0,0,0,0.0,0.0,0.0,0,0,0,"75,000",0,0,0,"75,000",0,"75,000","75,000"
708927,威剛統一69購01,0,0,0,0.0,0.0,0.0,0,0,0,"-17,000",0,0,0,"8,000","25,000","-17,000","-17,000"
708928,茂達統一64購01,0,0,0,0.0,0.0,0.0,0,0,0,"5,000",0,0,0,"5,000",0,"5,000","5,000"
708929,茂綸統一63購01,0,0,0,0.0,0.0,0.0,0,0,0,"-1,000",0,0,0,0,"1,000","-1,000","-1,000"
708934,順達統一65購02,0,0,0,0.0,0.0,0.0,0,0,0,"94,000",0,0,0,"94,000",0,"94,000","94,000"
708935,新盛力統一69購01,0,0,0,0.0,0.0,0.0,0,0,0,"264,000",0,0,0,"445,000","181,000","264,000","264,000"
708936,聖暉*統一63購02,0,0,0,0.0,0.0,0.0,0,0,0,"1,000",0,0,0,"1,000",0,"1,000","1,000"
708937,臺慶科統一63購01,0,0,0,0.0,0.0,0.0,0,0,0,"192,000",0,0,0,"239,000","47,000","192,000","192,000"
708938,臺慶科統一65購01,0,0,0,0.0,0.0,0.0,0,0,0,"-10,000",0,0,0,0,"10,000","-10,000","-10,000"
708939,擎亞統一67購01,0,0,0,0.0,0.0,0.0,0,0,0,"-30,000",0,0,0,0,"30,000","-30,000","-30,000"
708940,中美晶凱基5B購04,0,0,0,0.0,0.0,0.0,0,0,0,"181,000",0,0,0,"194,000","13,000","181,000","181,000"
708941,世界凱基63購01,0,0,0,0.0,0.0,0.0,0,0,0,"10,000",0,0,0,"10,000",0,"10,000","10,000"
708942,台半凱基61購01,0,0,0,0.0,0.0,0.0,0,0,0,"60,000",0,0,0,"60,000",0,"60,000","60,000"
708945,威剛凱基5B購08,0,0,0,0.0,0.0,0.0,0,0,0,"-131,000",0,0,0,"70,000","201,000","-131,000","-131,000"
708946,德微凱基5C購01,0,0,0,0.0,0.0,0.0,0,0,0,"45,000",0,0,0,"45,000",0,"45,000","45,000"
708947,擎亞凱基5B購04,0,0,0,0.0,0.0,0.0,0,0,0,"1,202,000",0,0,0,"1,222,000","20,000","1,202,000","1,202,000"
708948,順達台新61購01,0,0,0,0.0,0.0,0.0,0,0,0,"-20,000",0,0,0,"1,000","21,000","-20,000","-20,000"
708949,鈊象台新5B購04,0,0,0,0.0,0.0,0.0,0,0,0,"30,000",0,0,0,"30,000",0,"30,000","30,000"
708956,順達元大5B購06,0,0,0,0.0,0.0,0.0,0,0,0,"-240,000",0,0,0,"218,000","458,000","-240,000","-240,000"
708959,雷科元大5B購03,0,0,0,0.0,0.0,0.0,0,0,0,"153,000",0,0,0,"153,000",0,"153,000","153,000"
708960,雷科元大5B購04,0,0,0,0.0,0.0,0.0,0,0,0,"40,000",0,0,0,"40,000",0,"40,000","40,000"
708963,台半永豐5C購02,0,0,0,0.0,0.0,0.0,0,0,0,"-4,000",0,0,0,0,"4,000","-4,000","-4,000"
708969,朋程群益5B購02,0,0,0,0.0,0.0,0.0,0,0,0,"3,000",0,0,0,"3,000",0,"3,000","3,000"
708973,德微群益5B購03,0,0,0,0.0,0.0,0.0,0,0,0,"99,000",0,0,0,"99,000",0,"99,000","99,000"
708974,雙鴻群益5B購08,0,0,0,0.0,0.0,0.0,0,0,0,"34,000",0,0,0,"34,000",0,"34,000","34,000"
708977,台半統一63購01,0,0,0,0.0,0.0,0.0,0,0,0,0,0,0,0,"25,000","25,000",0,0
708978,台半統一65購01,0,0,0,0.0,0.0,0.0,0,0,0,"-10,000",0,0,0,0,"10,000","-10,000","-10,000"
708979,台半統一69購01,0,0,0,0.0,0.0,0.0,0,0,0,"10,000",0,0,0,"10,000",0,"10,000","10,000"
708982,沛亨統一69購01,0,0,0,0.0,0.0,0.0,0,0,0,"366,000",0,0,0,"366,000",0,"366,000","366,000"
708989,茂綸統一65購01,0,0,0,0.0,0.0,0.0,0,0,0,"-146,000",0,0,0,"5,000","151,000","-146,000","-146,000"
708992,德微統一63購02,0,0,0,0.0,0.0,0.0,0,0,0,"19,000",0,0,0,"20,000","1,000","19,000","19,000"
708993,德微統一75購01,0,0,0,0.0,0.0,0.0,0,0,0,"10,000",0,0,0,"10,000",0,"10,000","10,000"
708995,擎亞統一65購01,0,0,0,0.0,0.0,0.0,0,0,0,"-200,000",0,0,0,0,"200,000","-200,000","-200,000"
708997,鑫科統一69購01,0,0,0,0.0,0.0,0.0,0,0,0,"22,000",0,0,0,"22,000",0,"22,000","22,000"
709000,欣銓國票5C購02,0,0,0,0.0,0.0,0.0,0,0,0,"59,000",0,0,0,"77,000","18,000","59,000","59,000"
709003,雷科國票5B購04,0,0,0,0.0,0.0,0.0,0,0,0,"25,000",0,0,0,"96,000","71,000","25,000","25,000"
709004,漢達國票5C購01,0,0,0,0.0,0.0,0.0,0,0,0,"9,000",0,0,0,"10,000","1,000","9,000","9,000"
709006,大中台新5B購01,0,0,0,0.0,0.0,0.0,0,0,0,"55,000",0,0,0,"60,000","5,000","55,000","55,000"
709009,佳邦台新5B購01,0,0,0,0.0,0.0,0.0,0,0,0,"15,000",0,0,0,"15,000",0,"15,000","15,000"
709012,安葆凱基5C購02,0,0,0,0.0,0.0,0.0,0,0,0,"-131,000",0,0,0,"1,000","132,000","-131,000","-131,000"
709019,臺慶科凱基63購01,0,0,0,0.0,0.0,0.0,0,0,0,"450,000",0,0,0,"643,000","193,000","450,000","450,000"
709020,德微凱基5B購03,0,0,0,0.0,0.0,0.0,0,0,0,"-100,000",0,0,0,0,"100,000","-100,000","-100,000"
709021,擎亞凱基5B購05,0,0,0,0.0,0.0,0.0,0,0,0,"450,000",0,0,0,"450,000",0,"450,000","450,000"
709023,中美晶群益5B購04,0,0,0,0.0,0.0,0.0,0,0,0,0,0,0,0,"10,000","10,000",0,0
709028,威剛群益5B購03,0,0,0,0.0,0.0,0.0,0,0,0,"10,000",0,0,0,"10,000",0,"10,000","10,000"
709029,茂達群益5B購01,0,0,0,0.0,0.0,0.0,0,0,0,"17,000",0,0,0,"17,000",0,"17,000","17,000"
709030,智通*群益5B購01,0,0,0,0.0,0.0,0.0,0,0,0,"-10,000",0,0,0,0,"10,000","-10,000","-10,000"
709032,新盛力群益61購01,0,0,0,0.0,0.0,0.0,0,0,0,"10,000",0,0,0,"15,000","5,000","10,000","10,000"
709034,台半元大5B購04,0,0,0,0.0,0.0,0.0,0,0,0,"6,000",0,0,0,"86,000","80,000","6,000","6,000"
709037,威剛元大5B購14,0,0,0,0.0,0.0,0.0,0,0,0,"5,000",0,0,0,"9,000","4,000","5,000","5,000"
709039,順達元大5B購07,0,0,0,0.0,0.0,0.0,0,0,0,"30,000",0,0,0,"49,000","19,000","30,000","30,000"
709041,德微元大5B購03,0,0,0,0.0,0.0,0.0,0,0,0,"100,000",0,0,0,"100,000",0,"100,000","100,000"
709042,擎亞元大5B購08,0,0,0,0.0,0.0,0.0,0,0,0,"-8,000",0,0,0,0,"8,000","-8,000","-8,000"
709043,寶雅元大5B購01,0,0,0,0.0,0.0,0.0,0,0,0,"15,000",0,0,0,"15,000",0,"15,000","15,000"
709047,擎亞國泰62購01,0,0,0,0.0,0.0,0.0,0,0,0,"-179,000",0,0,0,0,"179,000","-179,000","-179,000"
709049,台半富邦62購02,0,0,0,0.0,0.0,0.0,0,0,0,"50,000",0,0,0,"186,000","136,000","50,000","50,000"
709051,新盛力富邦61購05,0,0,0,0.0,0.0,0.0,0,0,0,"20,000",0,0,0,"30,000","10,000","20,000","20,000"
709052,擎亞富邦5C購01,0,0,0,0.0,0.0,0.0,0,0,0,"-5,000",0,0,0,"95,000","100,000","-5,000","-5,000"
709055,正淩統一69購01,0,0,0,0.0,0.0,0.0,0,0,0,"50,000",0,0,0,"50,000",0,"50,000","50,000"
709058,朋程統一63購01,0,0,0,0.0,0.0,0.0,0,0,0,"-2,000",0,0,0,0,"2,000","-2,000","-2,000"
709065,德微統一5B購01,0,0,0,0.0,0.0,0.0,0,0,0,"-100,000",0,0,0,0,"100,000","-100,000","-100,000"
709066,德微統一65購01,0,0,0,0.0,0.0,0.0,0,0,0,"1,000",0,0,0,"1,000",0,"1,000","1,000"
709067,德微統一65購02,0,0,0,0.0,0.0,0.0,0,0,0,0,0,0,0,"30,000","30,000",0,0
709068,擎亞統一63購02,0,0,0,0.0,0.0,0.0,0,0,0,"20,000",0,0,0,"20,000",0,"20,000","20,000"
709070,鑫科統一64購01,0,0,0,0.0,0.0,0.0,0,0,0,"10,000",0,0,0,"10,000",0,"10,000","10,000"
709071,立敦永豐61購01,0,0,0,0.0,0.0,0.0,0,0,0,"4,000",0,0,0,"80,000","76,000","4,000","4,000"
709073,威剛永豐5B購02,0,0,0,0.0,0.0,0.0,0,0,0,"-60,000",0,0,0,0,"60,000","-60,000","-60,000"
709079,台半國票61購01,0,0,0,0.0,0.0,0.0,0,0,0,"706,000",0,0,0,"710,000","4,000","706,000","706,000"
709083,晶宏國票5C購02,0,0,0,0.0,0.0,0.0,0,0,0,"-65,000",0,0,0,"30,000","95,000","-65,000","-65,000"
709086,德微國票5C購03,0,0,0,0.0,0.0,0.0,0,0,0,"61,000",0,0,0,"61,000",0,"61,000","61,000"
709090,台特化元大5B購02,0,0,0,0.0,0.0,0.0,0,0,0,"20,000",0,0,0,"20,000",0,"20,000","20,000"
709093,鈊象元大5B購02,0,0,0,0.0,0.0,0.0,0,0,0,"102,000",0,0,0,"102,000",0,"102,000","102,000"
709094,群聯元大5B購15,0,0,0,0.0,0.0,0.0,0,0,0,"-46,000",0,0,0,"30,000","76,000","-46,000","-46,000"
709100,晶宏國票5C購03,0,0,0,0.0,0.0,0.0,0,0,0,"-724,000",0,0,0,"217,000","941,000","-724,000","-724,000"
709103,雷科國票5C購01,0,0,0,0.0,0.0,0.0,0,0,0,"122,000",0,0,0,"262,000","140,000","122,000","122,000"
709106,優群國票5B購01,0,0,0,0.0,0.0,0.0,0,0,0,"3,000",0,0,0,"3,000",0,"3,000","3,000"
709107,擎亞國票5C購01,0,0,0,0.0,0.0,0.0,0,0,0,0,0,0,0,"200,000","200,000",0,0
709109,中美晶凱基63購01,0,0,0,0.0,0.0,0.0,0,0,0,"40,000",0,0,0,"66,000","26,000","40,000","40,000"
709115,群聯凱基5B購05,0,0,0,0.0,0.0,0.0,0,0,0,"300,000",0,0,0,"300,000",0,"300,000","300,000"
709117,群聯凱基5B購07,0,0,0,0.0,0.0,0.0,0,0,0,"-10,000",0,0,0,0,"10,000","-10,000","-10,000"
709118,雙鴻凱基5B購02,0,0,0,0.0,0.0,0.0,0,0,0,"-41,000",0,0,0,0,"41,000","-41,000","-41,000"
709119,中光電台新5B購01,0,0,0,0.0,0.0,0.0,0,0,0,"-290,000",0,0,0,0,"290,000","-290,000","-290,000"
709120,中美晶台新61購01,0,0,0,0.0,0.0,0.0,0,0,0,"12,000",0,0,0,"12,000",0,"12,000","12,000"
709126,順達台新5B購04,0,0,0,0.0,0.0,0.0,0,0,0,"1,000",0,0,0,"1,000",0,"1,000","1,000"
709127,群聯台新5B購09,0,0,0,0.0,0.0,0.0,0,0,0,"436,000",0,0,0,"436,000",0,"436,000","436,000"
709130,雷科台新5B購01,0,0,0,0.0,0.0,0.0,0,0,0,"39,000",0,0,0,"39,000",0,"39,000","39,000"
709131,雷科台新5B購02,0,0,0,0.0,0.0,0.0,0,0,0,"418,000",0,0,0,"418,000",0,"418,000","418,000"
709134,鑫科台新5B購01,0,0,0,0.0,0.0,0.0,0,0,0,"10,000",0,0,0,"10,000",0,"10,000","10,000"
709136,博智富邦61購02,0,0,0,0.0,0.0,0.0,0,0,0,"-15,000",0,0,0,0,"15,000","-15,000","-15,000"
709138,群聯富邦61購04,0,0,0,0.0,0.0,0.0,0,0,0,"-86,000",0,0,0,"146,000","232,000","-86,000","-86,000"
709147,中美晶統一66購01,0,0,0,0.0,0.0,0.0,0,0,0,"-247,000",0,0,0,"465,000","712,000","-247,000","-247,000"
709150,沛亨統一64購01,0,0,0,0.0,0.0,0.0,0,0,0,"300,000",0,0,0,"300,000",0,"300,000","300,000"
709153,佳邦統一65購01,0,0,0,0.0,0.0,0.0,0,0,0,"-12,000",0,0,0,0,"12,000","-12,000","-12,000"
709154,朋程統一65購01,0,0,0,0.0,0.0,0.0,0,0,0,"47,000",0,0,0,"147,000","100,000","47,000","47,000"
709158,茂綸統一65購02,0,0,0,0.0,0.0,0.0,0,0,0,"-246,000",0,0,0,0,"246,000","-246,000","-246,000"
709159,茂綸統一65購03,0,0,0,0.0,0.0,0.0,0,0,0,"-166,000",0,0,0,"40,000","206,000","-166,000","-166,000"
709160,神準統一66購01,0,0,0,0.0,0.0,0.0,0,0,0,"27,000",0,0,0,"27,000",0,"27,000","27,000"
709161,博智統一63購02,0,0,0,0.0,0.0,0.0,0,0,0,"-10,000",0,0,0,0,"10,000","-10,000","-10,000"
709166,群聯統一63購01,0,0,0,0.0,0.0,0.0,0,0,0,"-40,000",0,0,0,0,"40,000","-40,000","-40,000"
709168,群聯統一65購01,0,0,0,0.0,0.0,0.0,0,0,0,"38,000",0,0,0,"38,000",0,"38,000","38,000"
709171,群聯統一69購02,0,0,0,0.0,0.0,0.0,0,0,0,"-123,000",0,0,0,"7,000","130,000","-123,000","-123,000"
709173,群聯統一75購01,0,0,0,0.0,0.0,0.0,0,0,0,"-40,000",0,0,0,0,"40,000","-40,000","-40,000"
709174,聖暉*統一65購03,0,0,0,0.0,0.0,0.0,0,0,0,"-30,000",0,0,0,0,"30,000","-30,000","-30,000"
709182,擎亞統一65購04,0,0,0,0.0,0.0,0.0,0,0,0,"-50,000",0,0,0,0,"50,000","-50,000","-50,000"
709190,華容群益5B購01,0,0,0,0.0,0.0,0.0,0,0,0,"120,000",0,0,0,"120,000",0,"120,000","120,000"
709191,新盛力群益61購02,0,0,0,0.0,0.0,0.0,0,0,0,"-190,000",0,0,0,"15,000","205,000","-190,000","-190,000"
709196,寶雅群益5B購01,0,0,0,0.0,0.0,0.0,0,0,0,"104,000",0,0,0,"104,000",0,"104,000","104,000"
709200,富喬永豐61購02,0,0,0,0.0,0.0,0.0,0,0,0,"-68,000",0,0,0,"40,000","108,000","-68,000","-68,000"
709201,富喬永豐66購01,0,0,0,0.0,0.0,0.0,0,0,0,"-38,000",0,0,0,"6,000","44,000","-38,000","-38,000"
709202,富喬永豐68購01,0,0,0,0.0,0.0,0.0,0,0,0,"-261,000",0,0,0,"43,000","304,000","-261,000","-261,000"
709203,順達永豐64購01,0,0,0,0.0,0.0,0.0,0,0,0,"-77,000",0,0,0,0,"77,000","-77,000","-77,000"
709207,擎亞永豐63購01,0,0,0,0.0,0.0,0.0,0,0,0,"93,000",0,0,0,"113,000","20,000","93,000","93,000"
709208,沛亨凱基5B購03,0,0,0,0.0,0.0,0.0,0,0,0,"-328,000",0,0,0,"301,000","629,000","-328,000","-328,000"
709211,富喬凱基61購02,0,0,0,0.0,0.0,0.0,0,0,0,"18,000",0,0,0,"18,000",0,"18,000","18,000"
709212,富喬凱基61購03,0,0,0,0.0,0.0,0.0,0,0,0,"-32,000",0,0,0,0,"32,000","-32,000","-32,000"
709213,勤凱凱基5B購02,0,0,0,0.0,0.0,0.0,0,0,0,"-1,000",0,0,0,"1,000","2,000","-1,000","-1,000"
709218,擎亞凱基61購01,0,0,0,0.0,0.0,0.0,0,0,0,"-40,000",0,0,0,0,"40,000","-40,000","-40,000"
709222,立碁台新62購01,0,0,0,0.0,0.0,0.0,0,0,0,"2,000",0,0,0,"2,000",0,"2,000","2,000"
709225,佳邦台新5B購03,0,0,0,0.0,0.0,0.0,0,0,0,"21,000",0,0,0,"21,000",0,"21,000","21,000"
709229,擎亞台新5B購01,0,0,0,0.0,0.0,0.0,0,0,0,"253,000",0,0,0,"300,000","47,000","253,000","253,000"
709233,雙鴻台新5B購03,0,0,0,0.0,0.0,0.0,0,0,0,"-156,000",0,0,0,0,"156,000","-156,000","-156,000"
709235,良維國泰5C購02,0,0,0,0.0,0.0,0.0,0,0,0,"-38,000",0,0,0,"7,000","45,000","-38,000","-38,000"
709237,順達國泰5C購01,0,0,0,0.0,0.0,0.0,0,0,0,"-1,000",0,0,0,0,"1,000","-1,000","-1,000"
709240,威剛富邦5B購02,0,0,0,0.0,0.0,0.0,0,0,0,"-5,000",0,0,0,"5,000","10,000","-5,000","-5,000"
709241,富喬富邦5B購02,0,0,0,0.0,0.0,0.0,0,0,0,"1,103,000",0,0,0,"1,549,000","446,000","1,103,000","1,103,000"
709243,均豪元大5B購04,0,0,0,0.0,0.0,0.0,0,0,0,"-47,000",0,0,0,0,"47,000","-47,000","-47,000"
709244,欣銓元大5B購03,0,0,0,0.0,0.0,0.0,0,0,0,"145,000",0,0,0,"155,000","10,000","145,000","145,000"
709245,威剛元大5B購15,0,0,0,0.0,0.0,0.0,0,0,0,"-1,000",0,0,0,"2,000","3,000","-1,000","-1,000"
709246,原相元大5B購03,0,0,0,0.0,0.0,0.0,0,0,0,"-20,000",0,0,0,0,"20,000","-20,000","-20,000"
709248,富喬元大5B購03,0,0,0,0.0,0.0,0.0,0,0,0,"8,000",0,0,0,"15,000","7,000","8,000","8,000"
709249,富喬元大5B購04,0,0,0,0.0,0.0,0.0,0,0,0,"-75,000",0,0,0,"153,000","228,000","-75,000","-75,000"
709250,富喬元大5B購05,0,0,0,0.0,0.0,0.0,0,0,0,"16,000",0,0,0,"136,000","120,000","16,000","16,000"
709252,新盛力元大5B購06,0,0,0,0.0,0.0,0.0,0,0,0,"10,000",0,0,0,"10,000",0,"10,000","10,000"
709253,新盛力元大5B購07,0,0,0,0.0,0.0,0.0,0,0,0,"20,000",0,0,0,"20,000",0,"20,000","20,000"
709254,群聯元大5B購17,0,0,0,0.0,0.0,0.0,0,0,0,"-4,000",0,0,0,"2,000","6,000","-4,000","-4,000"
709255,群聯元大5B購18,0,0,0,0.0,0.0,0.0,0,0,0,"656,000",0,0,0,"660,000","4,000","656,000","656,000"
709258,中美晶群益5B購05,0,0,0,0.0,0.0,0.0,0,0,0,"1,000",0,0,0,"1,000",0,"1,000","1,000"
709259,均豪群益5B購05,0,0,0,0.0,0.0,0.0,0,0,0,"-159,000",0,0,0,0,"159,000","-159,000","-159,000"
709260,富喬群益5B購02,0,0,0,0.0,0.0,0.0,0,0,0,"54,000",0,0,0,"54,000",0,"54,000","54,000"
709262,新盛力群益63購01,0,0,0,0.0,0.0,0.0,0,0,0,"-29,000",0,0,0,"166,000","195,000","-29,000","-29,000"
709266,雙鴻群益5B購09,0,0,0,0.0,0.0,0.0,0,0,0,"15,000",0,0,0,"15,000",0,"15,000","15,000"
709267,方土昶永豐5C購01,0,0,0,0.0,0.0,0.0,0,0,0,"-108,000",0,0,0,"32,000","140,000","-108,000","-108,000"
709268,茂達永豐63購01,0,0,0,0.0,0.0,0.0,0,0,0,"53,000",0,0,0,"53,000",0,"53,000","53,000"
709269,精確永豐5B購01,0,0,0,0.0,0.0,0.0,0,0,0,"-5,000",0,0,0,0,"5,000","-5,000","-5,000"
709271,中美晶凱基5B購05,0,0,0,0.0,0.0,0.0,0,0,0,"-1,000",0,0,0,"101,000","102,000","-1,000","-1,000"
709273,立碁凱基5B購02,0,0,0,0.0,0.0,0.0,0,0,0,"-135,000",0,0,0,0,"135,000","-135,000","-135,000"
709275,沛亨凱基5C購01,0,0,0,0.0,0.0,0.0,0,0,0,"-4,000",0,0,0,"25,000","29,000","-4,000","-4,000"
709277,華容凱基5B購01,0,0,0,0.0,0.0,0.0,0,0,0,"5,000",0,0,0,"30,000","25,000","5,000","5,000"
709280,精材凱基5B購09,0,0,0,0.0,0.0,0.0,0,0,0,"25,000",0,0,0,"25,000",0,"25,000","25,000"
709282,立碁台新5B購01,0,0,0,0.0,0.0,0.0,0,0,0,"19,000",0,0,0,"84,000","65,000","19,000","19,000"
709287,南俊台新5B購01,0,0,0,0.0,0.0,0.0,0,0,0,"-81,000",0,0,0,0,"81,000","-81,000","-81,000"
709288,南俊台新5B購02,0,0,0,0.0,0.0,0.0,0,0,0,"200,000",0,0,0,"200,000",0,"200,000","200,000"
709289,順達台新5B購06,0,0,0,0.0,0.0,0.0,0,0,0,"118,000",0,0,0,"118,000",0,"118,000","118,000"
709291,臺慶科台新5B購06,0,0,0,0.0,0.0,0.0,0,0,0,"18,000",0,0,0,"84,000","66,000","18,000","18,000"
709292,臺慶科台新5B購07,0,0,0,0.0,0.0,0.0,0,0,0,"67,000",0,0,0,"67,000",0,"67,000","67,000"
709293,群聯兆豐65購03,0,0,0,0.0,0.0,0.0,0,0,0,"508,000",0,0,0,"511,000","3,000","508,000","508,000"
709296,世界元大5B購04,0,0,0,0.0,0.0,0.0,0,0,0,"35,000",0,0,0,"35,000",0,"35,000","35,000"
709297,台半元大5B購05,0,0,0,0.0,0.0,0.0,0,0,0,"401,000",0,0,0,"481,000","80,000","401,000","401,000"
709300,群聯元大61購07,0,0,0,0.0,0.0,0.0,0,0,0,"-1,000",0,0,0,0,"1,000","-1,000","-1,000"
709307,中美晶群益5B購06,0,0,0,0.0,0.0,0.0,0,0,0,"-57,000",0,0,0,"55,000","112,000","-57,000","-57,000"
709308,世界群益5C購02,0,0,0,0.0,0.0,0.0,0,0,0,"-1,000",0,0,0,0,"1,000","-1,000","-1,000"
709311,富喬群益5B購03,0,0,0,0.0,0.0,0.0,0,0,0,"-205,000",0,0,0,"51,000","256,000","-205,000","-205,000"
709312,群聯群益5B購09,0,0,0,0.0,0.0,0.0,0,0,0,"-30,000",0,0,0,0,"30,000","-30,000","-30,000"
709313,精材群益5B購09,0,0,0,0.0,0.0,0.0,0,0,0,"9,000",0,0,0,"9,000",0,"9,000","9,000"
709314,雙鴻群益5B購10,0,0,0,0.0,0.0,0.0,0,0,0,"-138,000",0,0,0,0,"138,000","-138,000","-138,000"
709316,長科*永豐61購01,0,0,0,0.0,0.0,0.0,0,0,0,"88,000",0,0,0,"88,000",0,"88,000","88,000"
709317,順達永豐64購02,0,0,0,0.0,0.0,0.0,0,0,0,"1,000",0,0,0,"1,000",0,"1,000","1,000"
709321,沛亨元大5B購03,0,0,0,0.0,0.0,0.0,0,0,0,"5,000",0,0,0,"5,000",0,"5,000","5,000"
709322,沛亨元大5B購04,0,0,0,0.0,0.0,0.0,0,0,0,"174,000",0,0,0,"174,000",0,"174,000","174,000"
709328,富喬元大61購03,0,0,0,0.0,0.0,0.0,0,0,0,"148,000",0,0,0,"779,000","631,000","148,000","148,000"
709332,順達富邦61購01,0,0,0,0.0,0.0,0.0,0,0,0,"-1,000",0,0,0,0,"1,000","-1,000","-1,000"
709341,長科*群益5B購01,0,0,0,0.0,0.0,0.0,0,0,0,"15,000",0,0,0,"15,000",0,"15,000","15,000"
709345,精材群益5B購10,0,0,0,0.0,0.0,0.0,0,0,0,"3,000",0,0,0,"3,000",0,"3,000","3,000"
709346,台半凱基5B購03,0,0,0,0.0,0.0,0.0,0,0,0,"2,186,000",0,0,0,"2,196,000","10,000","2,186,000","2,186,000"
709347,沛亨凱基5B購04,0,0,0,0.0,0.0,0.0,0,0,0,"30,000",0,0,0,"52,000","22,000","30,000","30,000"
709354,台半台新5B購04,0,0,0,0.0,0.0,0.0,0,0,0,"-88,000",0,0,0,"43,000","131,000","-88,000","-88,000"
709362,台半凱基5B購04,0,0,0,0.0,0.0,0.0,0,0,0,"2,000",0,0,0,"2,000",0,"2,000","2,000"
709367,萊德光凱基5B購01,0,0,0,0.0,0.0,0.0,0,0,0,"-560,000",0,0,0,0,"560,000","-560,000","-560,000"
709368,萊德光凱基5B購02,0,0,0,0.0,0.0,0.0,0,0,0,"119,000",0,0,0,"370,000","251,000","119,000","119,000"
709369,順達凱基5B購05,0,0,0,0.0,0.0,0.0,0,0,0,"-215,000",0,0,0,0,"215,000","-215,000","-215,000"
709375,雙鴻凱基5B購03,0,0,0,0.0,0.0,0.0,0,0,0,"-27,000",0,0,0,0,"27,000","-27,000","-27,000"
709377,華容台新5B購01,0,0,0,0.0,0.0,0.0,0,0,0,"-4,000",0,0,0,0,"4,000","-4,000","-4,000"
709382,廣穎台新5B購02,0,0,0,0.0,0.0,0.0,0,0,0,"-194,000",0,0,0,0,"194,000","-194,000","-194,000"
709384,點序台新62購01,0,0,0,0.0,0.0,0.0,0,0,0,"10,000",0,0,0,"10,000",0,"10,000","10,000"
709386,長科*元大5B購01,0,0,0,0.0,0.0,0.0,0,0,0,"-14,000",0,0,0,0,"14,000","-14,000","-14,000"
709388,順達元大62購01,0,0,0,0.0,0.0,0.0,0,0,0,"-54,000",0,0,0,0,"54,000","-54,000","-54,000"
709389,群聯元大5B購19,0,0,0,0.0,0.0,0.0,0,0,0,"309,000",0,0,0,"309,000",0,"309,000","309,000"
709393,精材富邦5B購03,0,0,0,0.0,0.0,0.0,0,0,0,"10,000",0,0,0,"10,000",0,"10,000","10,000"
709399,勤凱國泰5C購02,0,0,0,0.0,0.0,0.0,0,0,0,"6,000",0,0,0,"6,000",0,"6,000","6,000"
709400,台半永豐63購02,0,0,0,0.0,0.0,0.0,0,0,0,"36,000",0,0,0,"92,000","56,000","36,000","36,000"
709403,萊德光永豐5C購01,0,0,0,0.0,0.0,0.0,0,0,0,"5,000",0,0,0,"5,000",0,"5,000","5,000"
709408,中美晶元大5C購03,0,0,0,0.0,0.0,0.0,0,0,0,"419,000",0,0,0,"419,000",0,"419,000","419,000"
709413,富喬元大5C購03,0,0,0,0.0,0.0,0.0,0,0,0,"-281,000",0,0,0,0,"281,000","-281,000","-281,000"
709416,群聯元大5C購03,0,0,0,0.0,0.0,0.0,0,0,0,"-148,000",0,0,0,0,"148,000","-148,000","-148,000"
709418,中美晶永豐64購01,0,0,0,0.0,0.0,0.0,0,0,0,"118,000",0,0,0,"118,000",0,"118,000","118,000"
709419,長科*永豐61購02,0,0,0,0.0,0.0,0.0,0,0,0,"-63,000",0,0,0,0,"63,000","-63,000","-63,000"
709450,雙鴻國泰61購02,0,0,0,0.0,0.0,0.0,0,0,0,"75,000",0,0,0,"75,000",0,"75,000","75,000"
709452,台半富邦64購01,0,0,0,0.0,0.0,0.0,0,0,0,"347,000",0,0,0,"385,000","38,000","347,000","347,000"
709453,台半富邦66購01,0,0,0,0.0,0.0,0.0,0,0,0,"150,000",0,0,0,"150,000",0,"150,000","150,000"
709456,長科*富邦63購01,0,0,0,0.0,0.0,0.0,0,0,0,"72,000",0,0,0,"83,000","11,000","72,000","72,000"
709458,富喬富邦66購01,0,0,0,0.0,0.0,0.0,0,0,0,"-38,000",0,0,0,"3,000","41,000","-38,000","-38,000"
709459,智通*富邦64購01,0,0,0,0.0,0.0,0.0,0,0,0,"-3,000",0,0,0,"6,000","9,000","-3,000","-3,000"
709463,群聯富邦64購01,0,0,0,0.0,0.0,0.0,0,0,0,"79,000",0,0,0,"79,000",0,"79,000","79,000"
709464,雙鴻富邦64購01,0,0,0,0.0,0.0,0.0,0,0,0,"-40,000",0,0,0,0,"40,000","-40,000","-40,000"
709465,台半國票61購02,0,0,0,0.0,0.0,0.0,0,0,0,"1,000",0,0,0,"5,000","4,000","1,000","1,000"
709466,台半國票61購03,0,0,0,0.0,0.0,0.0,0,0,0,"-100,000",0,0,0,0,"100,000","-100,000","-100,000"
709469,萊德光國票61購01,0,0,0,0.0,0.0,0.0,0,0,0,"563,000",0,0,0,"715,000","152,000","563,000","563,000"
709471,中美晶群益62購02,0,0,0,0.0,0.0,0.0,0,0,0,"7,000",0,0,0,"28,000","21,000","7,000","7,000"
709473,威剛群益62購01,0,0,0,0.0,0.0,0.0,0,0,0,"90,000",0,0,0,"90,000",0,"90,000","90,000"
709474,茂綸群益62購01,0,0,0,0.0,0.0,0.0,0,0,0,"-164,000",0,0,0,"39,000","203,000","-164,000","-164,000"
709475,振曜群益5C購01,0,0,0,0.0,0.0,0.0,0,0,0,"-12,000",0,0,0,0,"12,000","-12,000","-12,000"
709478,鈊象國泰61購01,0,0,0,0.0,0.0,0.0,0,0,0,"99,000",0,0,0,"99,000",0,"99,000","99,000"
709482,達航永豐61購01,0,0,0,0.0,0.0,0.0,0,0,0,0,0,0,0,"100,000","100,000",0,0
709487,漢科富邦66購01,0,0,0,0.0,0.0,0.0,0,0,0,"-48,000",0,0,0,0,"48,000","-48,000","-48,000"
709491,中美晶凱基5C購02,0,0,0,0.0,0.0,0.0,0,0,0,"-631,000",0,0,0,"15,000","646,000","-631,000","-631,000"
709496,富喬凱基5C購01,0,0,0,0.0,0.0,0.0,0,0,0,"106,000",0,0,0,"106,000",0,"106,000","106,000"
709498,群聯凱基5C購02,0,0,0,0.0,0.0,0.0,0,0,0,"100,000",0,0,0,"100,000",0,"100,000","100,000"
709499,廣穎凱基61購01,0,0,0,0.0,0.0,0.0,0,0,0,"-6,000",0,0,0,0,"6,000","-6,000","-6,000"
709500,中美晶台新63購01,0,0,0,0.0,0.0,0.0,0,0,0,"40,000",0,0,0,"40,000",0,"40,000","40,000"
709502,宏觀台新5C購01,0,0,0,0.0,0.0,0.0,0,0,0,"-1,000",0,0,0,0,"1,000","-1,000","-1,000"
709511,長科*元大5C購01,0,0,0,0.0,0.0,0.0,0,0,0,"228,000",0,0,0,"229,000","1,000","228,000","228,000"
709512,富喬元大61購04,0,0,0,0.0,0.0,0.0,0,0,0,"69,000",0,0,0,"414,000","345,000","69,000","69,000"
709515,順達元大64購05,0,0,0,0.0,0.0,0.0,0,0,0,"49,000",0,0,0,"183,000","134,000","49,000","49,000"
709518,中美晶富邦62購01,0,0,0,0.0,0.0,0.0,0,0,0,"16,000",0,0,0,"362,000","346,000","16,000","16,000"
709522,立端凱基61購01,0,0,0,0.0,0.0,0.0,0,0,0,"134,000",0,0,0,"134,000",0,"134,000","134,000"
709526,長科*凱基5C購01,0,0,0,0.0,0.0,0.0,0,0,0,"-10,000",0,0,0,0,"10,000","-10,000","-10,000"
709529,群聯凱基5C購03,0,0,0,0.0,0.0,0.0,0,0,0,"115,000",0,0,0,"115,000",0,"115,000","115,000"
709530,大綜台新5C購01,0,0,0,0.0,0.0,0.0,0,0,0,"-2,000",0,0,0,"4,000","6,000","-2,000","-2,000"
709532,萊德光台新5C購01,0,0,0,0.0,0.0,0.0,0,0,0,"-131,000",0,0,0,"430,000","561,000","-131,000","-131,000"
709537,雙鴻永豐64購02,0,0,0,0.0,0.0,0.0,0,0,0,"-49,000",0,0,0,"69,000","118,000","-49,000","-49,000"
709539,中美晶元大5C購04,0,0,0,0.0,0.0,0.0,0,0,0,"385,000",0,0,0,"385,000",0,"385,000","385,000"
709540,世界元大5C購03,0,0,0,0.0,0.0,0.0,0,0,0,"75,000",0,0,0,"75,000",0,"75,000","75,000"
709541,世界元大64購05,0,0,0,0.0,0.0,0.0,0,0,0,"371,000",0,0,0,"371,000",0,"371,000","371,000"
709542,台半元大5C購03,0,0,0,0.0,0.0,0.0,0,0,0,"173,000",0,0,0,"173,000",0,"173,000","173,000"
709544,台半元大66購02,0,0,0,0.0,0.0,0.0,0,0,0,"334,000",0,0,0,"338,000","4,000","334,000","334,000"
709547,長科*元大5C購02,0,0,0,0.0,0.0,0.0,0,0,0,"300,000",0,0,0,"300,000",0,"300,000","300,000"
709548,長科*元大5C購03,0,0,0,0.0,0.0,0.0,0,0,0,"170,000",0,0,0,"170,000",0,"170,000","170,000"
709549,長科*元大66購01,0,0,0,0.0,0.0,0.0,0,0,0,"22,000",0,0,0,"22,000",0,"22,000","22,000"
709550,富喬元大61購05,0,0,0,0.0,0.0,0.0,0,0,0,"5,000",0,0,0,"20,000","15,000","5,000","5,000"
709552,順達元大64購06,0,0,0,0.0,0.0,0.0,0,0,0,"-25,000",0,0,0,0,"25,000","-25,000","-25,000"
709555,方土昶群益5C購01,0,0,0,0.0,0.0,0.0,0,0,0,"-6,000",0,0,0,0,"6,000","-6,000","-6,000"
709557,台半群益5C購02,0,0,0,0.0,0.0,0.0,0,0,0,"100,000",0,0,0,"100,000",0,"100,000","100,000"
709558,台半群益61購01,0,0,0,0.0,0.0,0.0,0,0,0,"78,000",0,0,0,"78,000",0,"78,000","78,000"
709561,南俊群益5C購01,0,0,0,0.0,0.0,0.0,0,0,0,"-1,363,000",0,0,0,"21,000","1,384,000","-1,363,000","-1,363,000"
709562,富喬群益5C購02,0,0,0,0.0,0.0,0.0,0,0,0,"-46,000",0,0,0,"11,000","57,000","-46,000","-46,000"
709566,雙鴻群益5C購02,0,0,0,0.0,0.0,0.0,0,0,0,"587,000",0,0,0,"597,000","10,000","587,000","587,000"
709568,威剛凱基61購01,0,0,0,0.0,0.0,0.0,0,0,0,"13,572,000",0,0,0,"13,982,000","410,000","13,572,000","13,572,000"
709574,良維富邦61購02,0,0,0,0.0,0.0,0.0,0,0,0,"-100,000",0,0,0,0,"100,000","-100,000","-100,000"
709580,世界元大5C購04,0,0,0,0.0,0.0,0.0,0,0,0,"120,000",0,0,0,"120,000",0,"120,000","120,000"
709581,世界元大64購06,0,0,0,0.0,0.0,0.0,0,0,0,"-2,000",0,0,0,"8,000","10,000","-2,000","-2,000"
709582,台半元大5C購05,0,0,0,0.0,0.0,0.0,0,0,0,"4,000",0,0,0,"4,000",0,"4,000","4,000"
709583,台半元大66購03,0,0,0,0.0,0.0,0.0,0,0,0,"348,000",0,0,0,"413,000","65,000","348,000","348,000"
709585,威剛元大5C購01,0,0,0,0.0,0.0,0.0,0,0,0,"-15,000",0,0,0,"20,000","35,000","-15,000","-15,000"
709586,富喬元大64購01,0,0,0,0.0,0.0,0.0,0,0,0,"98,000",0,0,0,"159,000","61,000","98,000","98,000"
709587,順達元大5C購05,0,0,0,0.0,0.0,0.0,0,0,0,"-120,000",0,0,0,0,"120,000","-120,000","-120,000"
709589,群聯元大64購04,0,0,0,0.0,0.0,0.0,0,0,0,"239,000",0,0,0,"340,000","101,000","239,000","239,000"
709591,威剛群益5C購03,0,0,0,0.0,0.0,0.0,0,0,0,"100,000",0,0,0,"100,000",0,"100,000","100,000"
709595,富喬國票5C購03,0,0,0,0.0,0.0,0.0,0,0,0,"-29,000",0,0,0,"52,000","81,000","-29,000","-29,000"
709597,精確國票61購01,0,0,0,0.0,0.0,0.0,0,0,0,"20,000",0,0,0,"20,000",0,"20,000","20,000"
709598,磐亞國票61購01,0,0,0,0.0,0.0,0.0,0,0,0,"-20,000",0,0,0,0,"20,000","-20,000","-20,000"
709599,雙鴻國票61購01,0,0,0,0.0,0.0,0.0,0,0,0,"-74,000",0,0,0,0,"74,000","-74,000","-74,000"
709600,中美晶元大5C購06,0,0,0,0.0,0.0,0.0,0,0,0,"1,000",0,0,0,"33,000","32,000","1,000","1,000"
709601,世界元大5C購05,0,0,0,0.0,0.0,0.0,0,0,0,"56,000",0,0,0,"56,000",0,"56,000","56,000"
709602,世界元大64購07,0,0,0,0.0,0.0,0.0,0,0,0,"181,000",0,0,0,"181,000",0,"181,000","181,000"
709603,世界元大66購02,0,0,0,0.0,0.0,0.0,0,0,0,"249,000",0,0,0,"249,000",0,"249,000","249,000"
709605,威剛元大5C購02,0,0,0,0.0,0.0,0.0,0,0,0,"-100,000",0,0,0,0,"100,000","-100,000","-100,000"
709607,群聯元大5C購04,0,0,0,0.0,0.0,0.0,0,0,0,"496,000",0,0,0,"496,000",0,"496,000","496,000"
709609,群聯元大61購12,0,0,0,0.0,0.0,0.0,0,0,0,"-20,000",0,0,0,0,"20,000","-20,000","-20,000"
709613,大綜永豐61購01,0,0,0,0.0,0.0,0.0,0,0,0,"-16,000",0,0,0,"14,000","30,000","-16,000","-16,000"
709618,雙鴻凱基61購04,0,0,0,0.0,0.0,0.0,0,0,0,0,0,0,0,"10,000","10,000",0,0
709619,大綜台新5C購02,0,0,0,0.0,0.0,0.0,0,0,0,"13,000",0,0,0,"13,000",0,"13,000","13,000"
709622,順達台新5C購02,0,0,0,0.0,0.0,0.0,0,0,0,"200,000",0,0,0,"300,000","100,000","200,000","200,000"
709623,精材台新62購01,0,0,0,0.0,0.0,0.0,0,0,0,"-4,000",0,0,0,0,"4,000","-4,000","-4,000"
709628,雙鴻群益62購01,0,0,0,0.0,0.0,0.0,0,0,0,"270,000",0,0,0,"270,000",0,"270,000","270,000"
709629,方土昶永豐63購01,0,0,0,0.0,0.0,0.0,0,0,0,"-11,000",0,0,0,0,"11,000","-11,000","-11,000"
709636,大綜國票5C購01,0,0,0,0.0,0.0,0.0,0,0,0,"10,000",0,0,0,"10,000",0,"10,000","10,000"
709644,大綜凱基5C購01,0,0,0,0.0,0.0,0.0,0,0,0,"-409,000",0,0,0,"165,000","574,000","-409,000","-409,000"
709648,威剛凱基5C購03,0,0,0,0.0,0.0,0.0,0,0,0,"155,000",0,0,0,"235,000","80,000","155,000","155,000"
709649,茂訊凱基5C購01,0,0,0,0.0,0.0,0.0,0,0,0,"-10,000",0,0,0,0,"10,000","-10,000","-10,000"
709652,雅特力凱基5C購02,0,0,0,0.0,0.0,0.0,0,0,0,"236,000",0,0,0,"445,000","209,000","236,000","236,000"
709653,群聯凱基5C購04,0,0,0,0.0,0.0,0.0,0,0,0,"15,000",0,0,0,"15,000",0,"15,000","15,000"
709654,精確凱基5C購01,0,0,0,0.0,0.0,0.0,0,0,0,"-262,000",0,0,0,"239,000","501,000","-262,000","-262,000"
709655,大綜台新5C購03,0,0,0,0.0,0.0,0.0,0,0,0,"30,000",0,0,0,"50,000","20,000","30,000","30,000"
709658,富喬台新5C購01,0,0,0,0.0,0.0,0.0,0,0,0,"9,000",0,0,0,"46,000","37,000","9,000","9,000"
709659,富喬台新5C購02,0,0,0,0.0,0.0,0.0,0,0,0,"55,000",0,0,0,"60,000","5,000","55,000","55,000"
709664,大綜元大5C購01,0,0,0,0.0,0.0,0.0,0,0,0,"-34,000",0,0,0,"21,000","55,000","-34,000","-34,000"
709665,中美晶元大5C購07,0,0,0,0.0,0.0,0.0,0,0,0,"-11,000",0,0,0,"16,000","27,000","-11,000","-11,000"
709666,台半元大5C購06,0,0,0,0.0,0.0,0.0,0,0,0,"-10,000",0,0,0,0,"10,000","-10,000","-10,000"
709668,威剛元大61購03,0,0,0,0.0,0.0,0.0,0,0,0,"141,000",0,0,0,"141,000",0,"141,000","141,000"
709669,家登元大5C購04,0,0,0,0.0,0.0,0.0,0,0,0,"-11,000",0,0,0,"4,000","15,000","-11,000","-11,000"
709670,群聯元大5C購06,0,0,0,0.0,0.0,0.0,0,0,0,"-100,000",0,0,0,0,"100,000","-100,000","-100,000"
709671,群聯元大5C購07,0,0,0,0.0,0.0,0.0,0,0,0,"51,000",0,0,0,"51,000",0,"51,000","51,000"
709672,群聯元大5C購08,0,0,0,0.0,0.0,0.0,0,0,0,"10,000",0,0,0,"10,000",0,"10,000","10,000"
709680,富喬群益5C購03,0,0,0,0.0,0.0,0.0,0,0,0,"-106,000",0,0,0,"60,000","166,000","-106,000","-106,000"
709681,華容群益5C購01,0,0,0,0.0,0.0,0.0,0,0,0,"-2,000",0,0,0,0,"2,000","-2,000","-2,000"
709684,立端永豐64購01,0,0,0,0.0,0.0,0.0,0,0,0,"-677,000",0,0,0,"95,000","772,000","-677,000","-677,000"
709686,建榮永豐61購01,0,0,0,0.0,0.0,0.0,0,0,0,"-30,000",0,0,0,0,"30,000","-30,000","-30,000"
709688,雅特力永豐61購01,0,0,0,0.0,0.0,0.0,0,0,0,"33,000",0,0,0,"314,000","281,000","33,000","33,000"
709691,聰泰永豐61購01,0,0,0,0.0,0.0,0.0,0,0,0,"60,000",0,0,0,"60,000",0,"60,000","60,000"
709695,光焱國票61購01,0,0,0,0.0,0.0,0.0,0,0,0,"6,000",0,0,0,"7,000","1,000","6,000","6,000"
709696,安勤國票61購01,0,0,0,0.0,0.0,0.0,0,0,0,"-10,000",0,0,0,"50,000","60,000","-10,000","-10,000"
709698,邑昇國票61購01,0,0,0,0.0,0.0,0.0,0,0,0,"-30,000",0,0,0,0,"30,000","-30,000","-30,000"
709700,建榮國票5C購01,0,0,0,0.0,0.0,0.0,0,0,0,"-17,000",0,0,0,0,"17,000","-17,000","-17,000"
709705,雅特力國票61購01,0,0,0,0.0,0.0,0.0,0,0,0,"-77,000",0,0,0,0,"77,000","-77,000","-77,000"
709706,雅特力國票61購02,0,0,0,0.0,0.0,0.0,0,0,0,"-254,000",0,0,0,0,"254,000","-254,000","-254,000"
709714,光焱台新5C購01,0,0,0,0.0,0.0,0.0,0,0,0,"44,000",0,0,0,"44,000",0,"44,000","44,000"
709717,雅特力台新5C購01,0,0,0,0.0,0.0,0.0,0,0,0,"186,000",0,0,0,"227,000","41,000","186,000","186,000"
709718,雅特力台新5C購02,0,0,0,0.0,0.0,0.0,0,0,0,"733,000",0,0,0,"868,000","135,000","733,000","733,000"
709723,中美晶元大5C購08,0,0,0,0.0,0.0,0.0,0,0,0,"136,000",0,0,0,"146,000","10,000","136,000","136,000"
709724,中美晶元大5C購09,0,0,0,0.0,0.0,0.0,0,0,0,"437,000",0,0,0,"479,000","42,000","437,000","437,000"
709730,富喬元大64購02,0,0,0,0.0,0.0,0.0,0,0,0,"678,000",0,0,0,"893,000","215,000","678,000","678,000"
709731,順達元大5C購06,0,0,0,0.0,0.0,0.0,0,0,0,"-385,000",0,0,0,"174,000","559,000","-385,000","-385,000"
709732,鈊象元大5C購05,0,0,0,0.0,0.0,0.0,0,0,0,"365,000",0,0,0,"365,000",0,"365,000","365,000"
709736,群聯元大66購06,0,0,0,0.0,0.0,0.0,0,0,0,"49,000",0,0,0,"109,000","60,000","49,000","49,000"
709739,精材元大66購04,0,0,0,0.0,0.0,0.0,0,0,0,"-6,000",0,0,0,"12,000","18,000","-6,000","-6,000"
709740,順達凱基5C購03,0,0,0,0.0,0.0,0.0,0,0,0,"400,000",0,0,0,"400,000",0,"400,000","400,000"
709745,宜鼎元大5C購05,0,0,0,0.0,0.0,0.0,0,0,0,"-155,000",0,0,0,0,"155,000","-155,000","-155,000"
709746,宜鼎元大61購04,0,0,0,0.0,0.0,0.0,0,0,0,"-10,000",0,0,0,0,"10,000","-10,000","-10,000"
709747,廣閎科元大5C購01,0,0,0,0.0,0.0,0.0,0,0,0,"113,000",0,0,0,"113,000",0,"113,000","113,000"
709748,宜鼎群益5C購01,0,0,0,0.0,0.0,0.0,0,0,0,"-40,000",0,0,0,"200,000","240,000","-40,000","-40,000"
709749,宜鼎群益5C購02,0,0,0,0.0,0.0,0.0,0,0,0,"-1,000",0,0,0,0,"1,000","-1,000","-1,000"
709753,宜鼎國票61購01,0,0,0,0.0,0.0,0.0,0,0,0,"-10,000",0,0,0,0,"10,000","-10,000","-10,000"
709755,凱崴國票61購01,0,0,0,0.0,0.0,0.0,0,0,0,"-13,000",0,0,0,"50,000","63,000","-13,000","-13,000"
709759,萊德光國票61購03,0,0,0,0.0,0.0,0.0,0,0,0,"-228,000",0,0,0,"123,000","351,000","-228,000","-228,000"
709762,宜鼎國泰61購03,0,0,0,0.0,0.0,0.0,0,0,0,"-22,000",0,0,0,0,"22,000","-22,000","-22,000"
709768,朋程富邦62購01,0,0,0,0.0,0.0,0.0,0,0,0,"202,000",0,0,0,"202,000",0,"202,000","202,000"
709771,家登富邦62購03,0,0,0,0.0,0.0,0.0,0,0,0,"91,000",0,0,0,"91,000",0,"91,000","91,000"
709774,雙鴻富邦63購01,0,0,0,0.0,0.0,0.0,0,0,0,"-10,000",0,0,0,0,"10,000","-10,000","-10,000"
709776,威剛凱基5C購04,0,0,0,0.0,0.0,0.0,0,0,0,"-65,000",0,0,0,0,"65,000","-65,000","-65,000"
709777,家登凱基5C購03,0,0,0,0.0,0.0,0.0,0,0,0,"14,000",0,0,0,"19,000","5,000","14,000","14,000"
709779,富喬凱基5C購03,0,0,0,0.0,0.0,0.0,0,0,0,"-10,000",0,0,0,0,"10,000","-10,000","-10,000"
709781,群聯凱基61購05,0,0,0,0.0,0.0,0.0,0,0,0,"-376,000",0,0,0,"100,000","476,000","-376,000","-376,000"
709782,廣閎科凱基61購01,0,0,0,0.0,0.0,0.0,0,0,0,"387,000",0,0,0,"437,000","50,000","387,000","387,000"
709783,宜鼎台新5C購01,0,0,0,0.0,0.0,0.0,0,0,0,"-120,000",0,0,0,0,"120,000","-120,000","-120,000"
709788,宜鼎永豐65購01,0,0,0,0.0,0.0,0.0,0,0,0,"-10,000",0,0,0,"100,000","110,000","-10,000","-10,000"
709791,群聯國泰61購02,0,0,0,0.0,0.0,0.0,0,0,0,"27,000",0,0,0,"27,000",0,"27,000","27,000"
709792,漢達國泰61購01,0,0,0,0.0,0.0,0.0,0,0,0,"18,000",0,0,0,"18,000",0,"18,000","18,000"
709794,宜鼎凱基5C購03,0,0,0,0.0,0.0,0.0,0,0,0,"465,000",0,0,0,"499,000","34,000","465,000","465,000"
709795,宜鼎凱基5C購04,0,0,0,0.0,0.0,0.0,0,0,0,"45,000",0,0,0,"45,000",0,"45,000","45,000"
709796,宜鼎凱基5C購05,0,0,0,0.0,0.0,0.0,0,0,0,"-100,000",0,0,0,"200,000","300,000","-100,000","-100,000"
709804,宜鼎台新5C購04,0,0,0,0.0,0.0,0.0,0,0,0,"8,000",0,0,0,"8,000",0,"8,000","8,000"
709806,東浦台新5C購01,0,0,0,0.0,0.0,0.0,0,0,0,"-70,000",0,0,0,0,"70,000","-70,000","-70,000"
709807,家登台新5C購01,0,0,0,0.0,0.0,0.0,0,0,0,"-1,000",0,0,0,"5,000","6,000","-1,000","-1,000"
709811,富喬中信5C購03,0,0,0,0.0,0.0,0.0,0,0,0,"-10,000",0,0,0,0,"10,000","-10,000","-10,000"
709813,華容永豐61購01,0,0,0,0.0,0.0,0.0,0,0,0,"4,000",0,0,0,"6,000","2,000","4,000","4,000"
709817,宜鼎元大5C購07,0,0,0,0.0,0.0,0.0,0,0,0,"48,000",0,0,0,"153,000","105,000","48,000","48,000"
709819,威剛元大5C購03,0,0,0,0.0,0.0,0.0,0,0,0,"389,000",0,0,0,"439,000","50,000","389,000","389,000"
709822,群聯元大5C購14,0,0,0,0.0,0.0,0.0,0,0,0,"120,000",0,0,0,"120,000",0,"120,000","120,000"
709825,雙鴻元大61購15,0,0,0,0.0,0.0,0.0,0,0,0,"911,000",0,0,0,"1,067,000","156,000","911,000","911,000"
709826,力領國票61購01,0,0,0,0.0,0.0,0.0,0,0,0,0,0,0,0,"1,000","1,000",0,0
709828,立端國票61購01,0,0,0,0.0,0.0,0.0,0,0,0,"37,000",0,0,0,"37,000",0,"37,000","37,000"
709829,邑錡國票5C購01,0,0,0,0.0,0.0,0.0,0,0,0,"5,000",0,0,0,"5,000",0,"5,000","5,000"
709833,杰力國票61購01,0,0,0,0.0,0.0,0.0,0,0,0,"1,000",0,0,0,"1,000",0,"1,000","1,000"
709835,長聖國票61購01,0,0,0,0.0,0.0,0.0,0,0,0,"11,000",0,0,0,"11,000",0,"11,000","11,000"
709855,湧德富邦62購01,0,0,0,0.0,0.0,0.0,0,0,0,"-11,000",0,0,0,"37,000","48,000","-11,000","-11,000"
709858,廣閎科富邦5C購01,0,0,0,0.0,0.0,0.0,0,0,0,"71,000",0,0,0,"156,000","85,000","71,000","71,000"
709860,台嘉碩國票5C購01,0,0,0,0.0,0.0,0.0,0,0,0,"-2,000",0,0,0,0,"2,000","-2,000","-2,000"
709861,台嘉碩國票5C購02,0,0,0,0.0,0.0,0.0,0,0,0,"-6,000",0,0,0,0,"6,000","-6,000","-6,000"
709868,緯軟國票61購01,0,0,0,0.0,0.0,0.0,0,0,0,"-18,000",0,0,0,"3,000","21,000","-18,000","-18,000"
709875,中美晶元大5C購10,0,0,0,0.0,0.0,0.0,0,0,0,"153,000",0,0,0,"166,000","13,000","153,000","153,000"
709877,良維元大5C購04,0,0,0,0.0,0.0,0.0,0,0,0,"496,000",0,0,0,"496,000",0,"496,000","496,000"
709888,創惟凱基61購01,0,0,0,0.0,0.0,0.0,0,0,0,"-10,000",0,0,0,0,"10,000","-10,000","-10,000"
709890,華容凱基61購01,0,0,0,0.0,0.0,0.0,0,0,0,"127,000",0,0,0,"235,000","108,000","127,000","127,000"
709891,群聯凱基5C購06,0,0,0,0.0,0.0,0.0,0,0,0,"7,000",0,0,0,"7,000",0,"7,000","7,000"
709893,廣閎科凱基5C購01,0,0,0,0.0,0.0,0.0,0,0,0,"188,000",0,0,0,"188,000",0,"188,000","188,000"
709894,雙鴻凱基5C購09,0,0,0,0.0,0.0,0.0,0,0,0,"-363,000",0,0,0,0,"363,000","-363,000","-363,000"
709895,騰雲凱基61購01,0,0,0,0.0,0.0,0.0,0,0,0,"-167,000",0,0,0,"9,000","176,000","-167,000","-167,000"
709896,中美晶統一66購02,0,0,0,0.0,0.0,0.0,0,0,0,"-30,000",0,0,0,"86,000","116,000","-30,000","-30,000"
709903,宜鼎統一64購02,0,0,0,0.0,0.0,0.0,0,0,0,"-50,000",0,0,0,0,"50,000","-50,000","-50,000"
709905,宜鼎統一64購04,0,0,0,0.0,0.0,0.0,0,0,0,"-1,311,000",0,0,0,0,"1,311,000","-1,311,000","-1,311,000"
709906,宜鼎統一66購03,0,0,0,0.0,0.0,0.0,0,0,0,"11,000",0,0,0,"61,000","50,000","11,000","11,000"
709908,威剛統一6A購01,0,0,0,0.0,0.0,0.0,0,0,0,"-10,000",0,0,0,0,"10,000","-10,000","-10,000"
709910,建榮統一6A購03,0,0,0,0.0,0.0,0.0,0,0,0,"2,000",0,0,0,"2,000",0,"2,000","2,000"
709911,家登統一66購01,0,0,0,0.0,0.0,0.0,0,0,0,"184,000",0,0,0,"184,000",0,"184,000","184,000"
709914,富喬統一64購02,0,0,0,0.0,0.0,0.0,0,0,0,"108,000",0,0,0,"234,000","126,000","108,000","108,000"
709915,富喬統一64購03,0,0,0,0.0,0.0,0.0,0,0,0,"217,000",0,0,0,"417,000","200,000","217,000","217,000"
709916,富喬統一66購01,0,0,0,0.0,0.0,0.0,0,0,0,"-267,000",0,0,0,"20,000","287,000","-267,000","-267,000"
709925,廣運統一66購01,0,0,0,0.0,0.0,0.0,0,0,0,"4,000",0,0,0,"4,000",0,"4,000","4,000"
709929,雙鴻統一65購02,0,0,0,0.0,0.0,0.0,0,0,0,"-65,000",0,0,0,0,"65,000","-65,000","-65,000"
709930,宏觀國泰61購01,0,0,0,0.0,0.0,0.0,0,0,0,"10,000",0,0,0,"10,000",0,"10,000","10,000"
709934,威剛台新5C購02,0,0,0,0.0,0.0,0.0,0,0,0,"400,000",0,0,0,"400,000",0,"400,000","400,000"
709935,威剛台新5C購03,"1,000",0,"1,000",0.0,0.0,0.0,0,0,0,"6,000",0,0,0,"7,000","1,000","6,000","7,000"
709937,威剛台新62購01,0,0,0,0.0,0.0,0.0,0,0,0,"-268,000",0,0,0,0,"268,000","-268,000","-268,000"
709942,華容台新5C購03,0,0,0,0.0,0.0,0.0,0,0,0,"399,000",0,0,0,"400,000","1,000","399,000","399,000"
709945,胡連永豐61購01,0,0,0,0.0,0.0,0.0,0,0,0,"6,000",0,0,0,"6,000",0,"6,000","6,000"
709952,寶雅國票61購01,0,0,0,0.0,0.0,0.0,0,0,0,"-127,000",0,0,0,"73,000","200,000","-127,000","-127,000"
709953,台半群益62購02,0,0,0,0.0,0.0,0.0,0,0,0,"20,000",0,0,0,"52,000","32,000","20,000","20,000"
709954,中美晶凱基5C購03,0,0,0,0.0,0.0,0.0,0,0,0,"-12,000",0,0,0,0,"12,000","-12,000","-12,000"
709958,博智凱基5C購04,0,0,0,0.0,0.0,0.0,0,0,0,"-42,000",0,0,0,"8,000","50,000","-42,000","-42,000"
709966,家登統一6A購01,0,0,0,0.0,0.0,0.0,0,0,0,"2,000",0,0,0,"2,000",0,"2,000","2,000"
709967,富喬統一66購02,0,0,0,0.0,0.0,0.0,0,0,0,"2,000",0,0,0,"66,000","64,000","2,000","2,000"
709971,群聯國泰61購03,0,0,0,0.0,0.0,0.0,0,0,0,"-71,000",0,0,0,0,"71,000","-71,000","-71,000"
709972,富喬台新5C購04,0,0,0,0.0,0.0,0.0,0,0,0,"-3,000",0,0,0,0,"3,000","-3,000","-3,000"
709974,立碁富邦5C購01,0,0,0,0.0,0.0,0.0,0,0,0,"1,025,000",0,0,0,"1,048,000","23,000","1,025,000","1,025,000"
709976,世界元大5C購06,0,0,0,0.0,0.0,0.0,0,0,0,"282,000",0,0,0,"282,000",0,"282,000","282,000"
709977,宜鼎元大5C購09,0,0,0,0.0,0.0,0.0,0,0,0,"672,000",0,0,0,"672,000",0,"672,000","672,000"
709978,順達元大5C購08,0,0,0,0.0,0.0,0.0,0,0,0,"-420,000",0,0,0,"326,000","746,000","-420,000","-420,000"
709980,雙鴻元大5C購06,0,0,0,0.0,0.0,0.0,0,0,0,"-557,000",0,0,0,"11,000","568,000","-557,000","-557,000"
709981,家登永豐5C購02,0,0,0,0.0,0.0,0.0,0,0,0,"20,000",0,0,0,"20,000",0,"20,000","20,000"
709983,宜鼎元大5C購10,0,0,0,0.0,0.0,0.0,0,0,0,"89,000",0,0,0,"585,000","496,000","89,000","89,000"
709987,伯特光國票61購01,0,0,0,0.0,0.0,0.0,0,0,0,"200,000",0,0,0,"200,000",0,"200,000","200,000"
709993,茂綸國票61購01,0,0,0,0.0,0.0,0.0,0,0,0,"-127,000",0,0,0,"5,000","132,000","-127,000","-127,000"
709998,中美晶群益5C購03,0,0,0,0.0,0.0,0.0,0,0,0,"-33,000",0,0,0,"48,000","81,000","-33,000","-33,000"
709999,順達群益5C購02,0,0,0,0.0,0.0,0.0,0,0,0,"7,000",0,0,0,"17,000","10,000","7,000","7,000"
710002,宜鼎國泰61購05,0,0,0,0.0,0.0,0.0,0,0,0,"-22,000",0,0,0,0,"22,000","-22,000","-22,000"
710006,中美晶凱基5C購04,0,0,0,0.0,0.0,0.0,0,0,0,"72,000",0,0,0,"72,000",0,"72,000","72,000"
710007,台半凱基61購03,0,0,0,0.0,0.0,0.0,0,0,0,"-3,000",0,0,0,0,"3,000","-3,000","-3,000"
710008,宜鼎凱基5C購06,0,0,0,0.0,0.0,0.0,0,0,0,"-5,000",0,0,0,0,"5,000","-5,000","-5,000"
710014,中美晶統一64購02,0,0,0,0.0,0.0,0.0,0,0,0,"-973,000",0,0,0,"96,000","1,069,000","-973,000","-973,000"
710017,宣德統一66購01,0,0,0,0.0,0.0,0.0,0,0,0,"-100,000",0,0,0,0,"100,000","-100,000","-100,000"
710018,建榮統一63購01,0,0,0,0.0,0.0,0.0,0,0,0,"54,000",0,0,0,"108,000","54,000","54,000","54,000"
710019,凱崴統一63購01,0,0,0,0.0,0.0,0.0,0,0,0,"-50,000",0,0,0,0,"50,000","-50,000","-50,000"
710022,富喬統一63購01,0,0,0,0.0,0.0,0.0,0,0,0,"1,000",0,0,0,"1,000",0,"1,000","1,000"
710023,富喬統一65購03,0,0,0,0.0,0.0,0.0,0,0,0,"13,000",0,0,0,"22,000","9,000","13,000","13,000"
710024,富喬統一6C購02,0,0,0,0.0,0.0,0.0,0,0,0,"-883,000",0,0,0,"1,000","884,000","-883,000","-883,000"
710026,精材統一63購01,0,0,0,0.0,0.0,0.0,0,0,0,"35,000",0,0,0,"40,000","5,000","35,000","35,000"
710027,雙鴻統一63購02,0,0,0,0.0,0.0,0.0,0,0,0,"-52,000",0,0,0,0,"52,000","-52,000","-52,000"
710028,穩得統一68購01,0,0,0,0.0,0.0,0.0,0,0,0,"70,000",0,0,0,"70,000",0,"70,000","70,000"
710031,富喬富邦63購01,0,0,0,0.0,0.0,0.0,0,0,0,"-23,000",0,0,0,"145,000","168,000","-23,000","-23,000"
710035,台半台新5C購01,0,0,0,0.0,0.0,0.0,0,0,0,"-26,000",0,0,0,0,"26,000","-26,000","-26,000"
710037,廣閎科台新5C購02,0,0,0,0.0,0.0,0.0,0,0,0,"70,000",0,0,0,"70,000",0,"70,000","70,000"
710039,朋億*永豐61購01,0,0,0,0.0,0.0,0.0,0,0,0,"-34,000",0,0,0,"54,000","88,000","-34,000","-34,000"
710047,中美晶國票61購02,0,0,0,0.0,0.0,0.0,0,0,0,"9,000",0,0,0,"9,000",0,"9,000","9,000"
710049,宏碁資國票61購01,0,0,0,0.0,0.0,0.0,0,0,0,"-74,000",0,0,0,"78,000","152,000","-74,000","-74,000"
710053,博士旺國票5C購02,0,0,0,0.0,0.0,0.0,0,0,0,"18,000",0,0,0,"30,000","12,000","18,000","18,000"
710057,廣閎科國票61購03,0,0,0,0.0,0.0,0.0,0,0,0,"50,000",0,0,0,"50,000",0,"50,000","50,000"
710059,營邦國票5C購01,0,0,0,0.0,0.0,0.0,0,0,0,"19,000",0,0,0,"19,000",0,"19,000","19,000"
710060,營邦國票5C購02,0,0,0,0.0,0.0,0.0,0,0,0,"9,000",0,0,0,"9,000",0,"9,000","9,000"
710063,威剛凱基5C購06,0,0,0,0.0,0.0,0.0,0,0,0,"10,000",0,0,0,"10,000",0,"10,000","10,000"
710065,精材凱基5C購04,0,0,0,0.0,0.0,0.0,0,0,0,"6,000",0,0,0,"6,000",0,"6,000","6,000"
710067,廣閎科凱基5C購02,0,0,0,0.0,0.0,0.0,0,0,0,"100,000",0,0,0,"100,000",0,"100,000","100,000"
710069,營邦凱基5C購02,0,0,0,0.0,0.0,0.0,0,0,0,"123,000",0,0,0,"153,000","30,000","123,000","123,000"
710070,營邦凱基5C購03,0,0,0,0.0,0.0,0.0,0,0,0,"94,000",0,0,0,"94,000",0,"94,000","94,000"
710071,中美晶群益5C購04,0,0,0,0.0,0.0,0.0,0,0,0,"-300,000",0,0,0,0,"300,000","-300,000","-300,000"
710073,營邦群益5C購01,0,0,0,0.0,0.0,0.0,0,0,0,"-1,000",0,0,0,0,"1,000","-1,000","-1,000"
710074,營邦群益5C購02,0,0,0,0.0,0.0,0.0,0,0,0,"-138,000",0,0,0,"2,000","140,000","-138,000","-138,000"
710075,世界元大5C購07,0,0,0,0.0,0.0,0.0,0,0,0,"52,000",0,0,0,"52,000",0,"52,000","52,000"
710076,世界元大63購04,0,0,0,0.0,0.0,0.0,0,0,0,"242,000",0,0,0,"242,000",0,"242,000","242,000"
710079,廣閎科元大5C購03,0,0,0,0.0,0.0,0.0,0,0,0,"785,000",0,0,0,"785,000",0,"785,000","785,000"
710080,營邦元大5C購01,0,0,0,0.0,0.0,0.0,0,0,0,"172,000",0,0,0,"198,000","26,000","172,000","172,000"
710081,凱崴國泰61購01,0,0,0,0.0,0.0,0.0,0,0,0,"-5,000",0,0,0,0,"5,000","-5,000","-5,000"
710082,廣閎科國泰61購01,0,0,0,0.0,0.0,0.0,0,0,0,"92,000",0,0,0,"92,000",0,"92,000","92,000"
710083,營邦國泰61購01,0,0,0,0.0,0.0,0.0,0,0,0,"9,000",0,0,0,"39,000","30,000","9,000","9,000"
710085,營邦富邦63購01,0,0,0,0.0,0.0,0.0,0,0,0,"301,000",0,0,0,"1,289,000","988,000","301,000","301,000"
710086,中美晶統一66購03,0,0,0,0.0,0.0,0.0,0,0,0,"526,000",0,0,0,"526,000",0,"526,000","526,000"
710091,威剛統一65購05,0,0,0,0.0,0.0,0.0,0,0,0,"-1,000",0,0,0,0,"1,000","-1,000","-1,000"
710097,營邦統一66購01,0,0,0,0.0,0.0,0.0,0,0,0,"991,000",0,0,0,"1,303,000","312,000","991,000","991,000"
710098,營邦統一66購02,0,0,0,0.0,0.0,0.0,0,0,0,"7,000",0,0,0,"7,000",0,"7,000","7,000"
710099,營邦統一66購03,0,0,0,0.0,0.0,0.0,0,0,0,"19,000",0,0,0,"19,000",0,"19,000","19,000"
710100,營邦統一6C購01,0,0,0,0.0,0.0,0.0,0,0,0,"-185,000",0,0,0,"364,000","549,000","-185,000","-185,000"
710101,中美晶台新5C購02,0,0,0,0.0,0.0,0.0,0,0,0,"2,000",0,0,0,"2,000",0,"2,000","2,000"
710102,中美晶台新5C購03,0,0,0,0.0,0.0,0.0,0,0,0,"1,000",0,0,0,"13,000","12,000","1,000","1,000"
710109,廣閎科台新5C購03,0,0,0,0.0,0.0,0.0,0,0,0,"20,000",0,0,0,"20,000",0,"20,000","20,000"
710110,銳澤台新5C購01,0,0,0,0.0,0.0,0.0,0,0,0,"65,000",0,0,0,"65,000",0,"65,000","65,000"
710111,騰雲台新5C購01,0,0,0,0.0,0.0,0.0,0,0,0,"-36,000",0,0,0,"6,000","42,000","-36,000","-36,000"
710112,中美晶凱基61購05,0,0,0,0.0,0.0,0.0,0,0,0,"28,000",0,0,0,"28,000",0,"28,000","28,000"
710116,威剛凱基5C購07,0,0,0,0.0,0.0,0.0,0,0,0,"10,000",0,0,0,"10,000",0,"10,000","10,000"
710121,威剛元大5C購04,0,0,0,0.0,0.0,0.0,0,0,0,"-150,000",0,0,0,0,"150,000","-150,000","-150,000"
710122,安碁台新5C購01,0,0,0,0.0,0.0,0.0,0,0,0,"-509,000",0,0,0,"23,000","532,000","-509,000","-509,000"
710124,中美晶國票61購03,0,0,0,0.0,0.0,0.0,0,0,0,"-10,000",0,0,0,0,"10,000","-10,000","-10,000"
710132,中美晶永豐5C購02,0,0,0,0.0,0.0,0.0,0,0,0,"-51,000",0,0,0,"14,000","65,000","-51,000","-51,000"
710135,亞通永豐64購01,0,0,0,0.0,0.0,0.0,0,0,0,"-65,000",0,0,0,"2,000","67,000","-65,000","-65,000"
710136,宣德永豐61購01,0,0,0,0.0,0.0,0.0,0,0,0,"-10,000",0,0,0,0,"10,000","-10,000","-10,000"
710138,中美晶富邦5C購01,0,0,0,0.0,0.0,0.0,0,0,0,"-446,000",0,0,0,"329,000","775,000","-446,000","-446,000"
710143,富喬凱基5C購05,0,0,0,0.0,0.0,0.0,0,0,0,"4,000",0,0,0,"54,000","50,000","4,000","4,000"
710146,中美晶台新5C購04,0,0,0,0.0,0.0,0.0,0,0,0,"193,000",0,0,0,"511,000","318,000","193,000","193,000"
710148,均豪台新5C購01,0,0,0,0.0,0.0,0.0,0,0,0,"-1,000",0,0,0,"12,000","13,000","-1,000","-1,000"
710149,均豪台新5C購02,0,0,0,0.0,0.0,0.0,0,0,0,"11,000",0,0,0,"11,000",0,"11,000","11,000"
710151,宜鼎台新5C購06,0,0,0,0.0,0.0,0.0,0,0,0,"12,000",0,0,0,"12,000",0,"12,000","12,000"
710152,凱崴台新5C購02,0,0,0,0.0,0.0,0.0,0,0,0,"-55,000",0,0,0,0,"55,000","-55,000","-55,000"
710153,廣閎科台新5C購04,0,0,0,0.0,0.0,0.0,0,0,0,"404,000",0,0,0,"406,000","2,000","404,000","404,000"
710155,宜鼎元大5C購13,0,0,0,0.0,0.0,0.0,0,0,0,"229,000",0,0,0,"496,000","267,000","229,000","229,000"
710158,台半國泰61購01,0,0,0,0.0,0.0,0.0,0,0,0,"12,000",0,0,0,"98,000","86,000","12,000","12,000"
710163,朋程富邦62購02,0,0,0,0.0,0.0,0.0,0,0,0,"-10,000",0,0,0,0,"10,000","-10,000","-10,000"
710166,營邦富邦62購02,0,0,0,0.0,0.0,0.0,0,0,0,"4,000",0,0,0,"4,000",0,"4,000","4,000"
710168,宜鼎永豐63購01,0,0,0,0.0,0.0,0.0,0,0,0,"-190,000",0,0,0,0,"190,000","-190,000","-190,000"
710169,精確永豐61購01,0,0,0,0.0,0.0,0.0,0,0,0,"38,000",0,0,0,"68,000","30,000","38,000","38,000"
710170,雙鴻永豐66購01,0,0,0,0.0,0.0,0.0,0,0,0,"-80,000",0,0,0,0,"80,000","-80,000","-80,000"
710175,台半凱基5C購04,0,0,0,0.0,0.0,0.0,0,0,0,"-180,000",0,0,0,0,"180,000","-180,000","-180,000"
710181,廣閎科凱基5C購04,0,0,0,0.0,0.0,0.0,0,0,0,"60,000",0,0,0,"60,000",0,"60,000","60,000"
710182,大中台新5C購01,0,0,0,0.0,0.0,0.0,0,0,0,"146,000",0,0,0,"146,000",0,"146,000","146,000"
710187,廣閎科台新61購01,0,0,0,0.0,0.0,0.0,0,0,0,"290,000",0,0,0,"290,000",0,"290,000","290,000"
710188,中美晶元大5C購11,0,0,0,0.0,0.0,0.0,0,0,0,"1,000",0,0,0,"1,000",0,"1,000","1,000"
710190,宜鼎元大5C購14,0,0,0,0.0,0.0,0.0,0,0,0,"117,000",0,0,0,"117,000",0,"117,000","117,000"
710192,群聯中信64購01,0,0,0,0.0,0.0,0.0,0,0,0,"149,000",0,0,0,"150,000","1,000","149,000","149,000"
710193,雙鴻中信66購01,0,0,0,0.0,0.0,0.0,0,0,0,"-1,000",0,0,0,0,"1,000","-1,000","-1,000"
710194,雙鴻中信66購02,0,0,0,0.0,0.0,0.0,0,0,0,"-16,000",0,0,0,"1,000","17,000","-16,000","-16,000"
710198,信紘科永豐64購01,0,0,0,0.0,0.0,0.0,0,0,0,"33,000",0,0,0,"38,000","5,000","33,000","33,000"
710200,富喬永豐5C購02,0,0,0,0.0,0.0,0.0,0,0,0,"-39,000",0,0,0,"19,000","58,000","-39,000","-39,000"
710201,鈊象永豐61購01,0,0,0,0.0,0.0,0.0,0,0,0,"29,000",0,0,0,"29,000",0,"29,000","29,000"
710218,能率亞國泰61購01,0,0,0,0.0,0.0,0.0,0,0,0,"-20,000",0,0,0,0,"20,000","-20,000","-20,000"
710219,能率國泰61購01,0,"2,000","-2,000",0.0,0.0,0.0,0,0,0,"2,000",0,0,0,"2,000",0,"2,000",0
710223,智通*富邦62購02,0,0,0,0.0,0.0,0.0,0,0,0,"36,000",0,0,0,"86,000","50,000","36,000","36,000"
710231,富喬群益5C購04,0,0,0,0.0,0.0,0.0,0,0,0,"30,000",0,0,0,"30,000",0,"30,000","30,000"
710235,雙鴻群益62購02,0,0,0,0.0,0.0,0.0,0,0,0,"-30,000",0,0,0,0,"30,000","-30,000","-30,000"
710236,威剛中信66購01,0,0,0,0.0,0.0,0.0,0,0,0,0,0,0,0,"15,000","15,000",0,0
710237,富喬中信66購01,0,0,0,0.0,0.0,0.0,0,0,0,"-10,000",0,0,0,0,"10,000","-10,000","-10,000"
710242,宜鼎永豐61購02,0,0,0,0.0,0.0,0.0,0,0,0,"15,000",0,0,0,"15,000",0,"15,000","15,000"
710247,台半元大63購03,0,0,0,0.0,0.0,0.0,0,0,0,"446,000",0,0,0,"496,000","50,000","446,000","446,000"
710251,欣銓元大5C購02,0,0,0,0.0,0.0,0.0,0,0,0,"215,000",0,0,0,"215,000",0,"215,000","215,000"
710252,欣銓元大5C購03,0,0,0,0.0,0.0,0.0,0,0,0,"119,000",0,0,0,"187,000","68,000","119,000","119,000"
710253,家登元大5C購05,0,0,0,0.0,0.0,0.0,0,0,0,"-62,000",0,0,0,0,"62,000","-62,000","-62,000"
710254,家登元大66購01,0,0,0,0.0,0.0,0.0,0,0,0,"136,000",0,0,0,"136,000",0,"136,000","136,000"
710256,台半國票61購04,0,0,0,0.0,0.0,0.0,0,0,0,"-3,000",0,0,0,0,"3,000","-3,000","-3,000"
710257,台半國票61購05,0,0,0,0.0,0.0,0.0,0,0,0,"-10,000",0,0,0,0,"10,000","-10,000","-10,000"
710258,青雲國票5C購01,0,0,0,0.0,0.0,0.0,0,0,0,"-70,000",0,0,0,"43,000","113,000","-70,000","-70,000"
710262,漢達台新5C購01,0,0,0,0.0,0.0,0.0,0,0,0,"10,000",0,0,0,"10,000",0,"10,000","10,000"
710263,臺慶科台新5C購03,0,0,0,0.0,0.0,0.0,0,0,0,"200,000",0,0,0,"200,000",0,"200,000","200,000"
710267,富喬凱基63購01,0,0,0,0.0,0.0,0.0,0,0,0,"60,000",0,0,0,"63,000","3,000","60,000","60,000"
710269,漢達凱基5C購01,0,0,0,0.0,0.0,0.0,0,0,0,"1,000",0,0,0,"1,000",0,"1,000","1,000"
710270,精材凱基63購01,0,0,0,0.0,0.0,0.0,0,0,0,"-109,000",0,0,0,"8,000","117,000","-109,000","-109,000"
710272,穩得國泰61購01,0,0,0,0.0,0.0,0.0,0,0,0,"22,000",0,0,0,"22,000",0,"22,000","22,000"
710276,FH中5G群益5C購01,0,0,0,0.0,0.0,0.0,0,0,0,"10,000",0,0,0,"10,000",0,"10,000","10,000"
710287,精材群益61購01,0,0,0,0.0,0.0,0.0,0,0,0,"18,000",0,0,0,"18,000",0,"18,000","18,000"
710290,博盛元大5C購01,0,0,0,0.0,0.0,0.0,0,0,0,"350,000",0,0,0,"350,000",0,"350,000","350,000"
710294,天品國票5C購01,0,0,0,0.0,0.0,0.0,0,0,0,"78,000",0,0,0,"78,000",0,"78,000","78,000"
710296,立碁國票61購01,0,0,0,0.0,0.0,0.0,0,0,0,"147,000",0,0,0,"147,000",0,"147,000","147,000"
710297,亞通國票5C購01,0,0,0,0.0,0.0,0.0,0,0,0,"369,000",0,0,0,"716,000","347,000","369,000","369,000"
710301,晶宏國票61購01,0,0,0,0.0,0.0,0.0,0,0,0,"-395,000",0,0,0,"70,000","465,000","-395,000","-395,000"
710303,寶雅國票61購02,0,0,0,0.0,0.0,0.0,0,0,0,"-110,000",0,0,0,"4,000","114,000","-110,000","-110,000"
710305,中光電凱基5C購01,0,0,0,0.0,0.0,0.0,0,0,0,"1,000",0,0,0,"1,000",0,"1,000","1,000"
710310,青雲凱基5C購01,0,0,0,0.0,0.0,0.0,0,0,0,"-194,000",0,0,0,"99,000","293,000","-194,000","-194,000"
710320,原相國泰61購01,0,0,0,0.0,0.0,0.0,0,0,0,"33,000",0,0,0,"33,000",0,"33,000","33,000"
710322,世界富邦5C購04,0,0,0,0.0,0.0,0.0,0,0,0,"37,000",0,0,0,"37,000",0,"37,000","37,000"
710332,中光電台新5C購02,0,0,0,0.0,0.0,0.0,0,0,0,"-180,000",0,0,0,"20,000","200,000","-180,000","-180,000"
710334,精材台新61購01,0,0,0,0.0,0.0,0.0,0,0,0,"20,000",0,0,0,"20,000",0,"20,000","20,000"
710335,精材台新61購02,0,0,0,0.0,0.0,0.0,0,0,0,"15,000",0,0,0,"15,000",0,"15,000","15,000"
710336,亞通凱基5C購01,0,0,0,0.0,0.0,0.0,0,0,0,"-41,000",0,0,0,"1,000","42,000","-41,000","-41,000"
710339,宜鼎元大5C購15,0,0,0,0.0,0.0,0.0,0,0,0,"38,000",0,0,0,"499,000","461,000","38,000","38,000"
710340,富喬元大65購01,0,0,0,0.0,0.0,0.0,0,0,0,"-19,000",0,0,0,"1,155,000","1,174,000","-19,000","-19,000"
710341,漢達元大5C購01,0,0,0,0.0,0.0,0.0,0,0,0,"7,000",0,0,0,"17,000","10,000","7,000","7,000"
710342,精材元大5C購05,0,0,0,0.0,0.0,0.0,0,0,0,"6,000",0,0,0,"19,000","13,000","6,000","6,000"
710347,威剛永豐64購02,0,0,0,0.0,0.0,0.0,0,0,0,"-1,000",0,0,0,0,"1,000","-1,000","-1,000"
710349,富喬永豐5C購03,0,0,0,0.0,0.0,0.0,0,0,0,"-227,000",0,0,0,0,"227,000","-227,000","-227,000"
710350,漢達永豐5C購01,0,0,0,0.0,0.0,0.0,0,0,0,"-165,000",0,0,0,"51,000","216,000","-165,000","-165,000"
710351,雙鴻永豐63購03,0,0,0,0.0,0.0,0.0,0,0,0,"-77,000",0,0,0,"180,000","257,000","-77,000","-77,000"
710352,寶雅永豐5C購01,0,0,0,0.0,0.0,0.0,0,0,0,"27,000",0,0,0,"27,000",0,"27,000","27,000"
710354,精材中信64購01,0,0,0,0.0,0.0,0.0,0,0,0,"72,000",0,0,0,"75,000","3,000","72,000","72,000"
710356,元山國票61購01,0,0,0,0.0,0.0,0.0,0,0,0,0,0,0,0,"1,000","1,000",0,0
710358,安葆國票61購01,0,0,0,0.0,0.0,0.0,0,0,0,"-63,000",0,0,0,0,"63,000","-63,000","-63,000"
710364,智擎國票61購01,0,0,0,0.0,0.0,0.0,0,0,0,"1,000",0,0,0,"1,000",0,"1,000","1,000"
710366,漢達國票65購01,0,0,0,0.0,0.0,0.0,0,0,0,"38,000",0,0,0,"60,000","22,000","38,000","38,000"
710369,富喬國泰61購01,0,0,0,0.0,0.0,0.0,0,0,0,"-50,000",0,0,0,0,"50,000","-50,000","-50,000"
710373,群聯凱基5C購10,0,0,0,0.0,0.0,0.0,0,0,0,"151,000",0,0,0,"300,000","149,000","151,000","151,000"
710375,精材凱基5C購05,0,0,0,0.0,0.0,0.0,0,0,0,"77,000",0,0,0,"202,000","125,000","77,000","77,000"
710376,世界台新5C購03,0,0,0,0.0,0.0,0.0,0,0,0,"-10,000",0,0,0,0,"10,000","-10,000","-10,000"
710378,巨有台新5C購02,0,0,0,0.0,0.0,0.0,0,0,0,"48,000",0,0,0,"48,000",0,"48,000","48,000"
710382,青雲台新5C購01,0,0,0,0.0,0.0,0.0,0,0,0,"30,000",0,0,0,"30,000",0,"30,000","30,000"
710385,宜鼎元大5C購16,0,0,0,0.0,0.0,0.0,0,0,0,"252,000",0,0,0,"519,000","267,000","252,000","252,000"
710386,富喬元大65購02,0,0,0,0.0,0.0,0.0,0,0,0,"-155,000",0,0,0,"23,000","178,000","-155,000","-155,000"
710387,精材元大5C購06,0,0,0,0.0,0.0,0.0,0,0,0,"12,000",0,0,0,"14,000","2,000","12,000","12,000"
710388,精材元大5C購07,0,0,0,0.0,0.0,0.0,0,0,0,"91,000",0,0,0,"102,000","11,000","91,000","91,000"
710389,精材元大61購08,0,0,0,0.0,0.0,0.0,0,0,0,"53,000",0,0,0,"53,000",0,"53,000","53,000"
710390,精材元大61購09,0,0,0,0.0,0.0,0.0,0,0,0,"15,000",0,0,0,"30,000","15,000","15,000","15,000"
710391,精材元大63購04,0,0,0,0.0,0.0,0.0,0,0,0,"25,000",0,0,0,"25,000",0,"25,000","25,000"
710397,巨有永豐5C購02,0,0,0,0.0,0.0,0.0,0,0,0,"89,000",0,0,0,"99,000","10,000","89,000","89,000"
710399,均豪永豐5C購03,0,0,0,0.0,0.0,0.0,0,0,0,"-11,000",0,0,0,0,"11,000","-11,000","-11,000"
710400,均豪永豐5C購04,0,0,0,0.0,0.0,0.0,0,0,0,"7,000",0,0,0,"7,000",0,"7,000","7,000"
710401,宏觀永豐5C購02,0,0,0,0.0,0.0,0.0,0,0,0,"103,000",0,0,0,"103,000",0,"103,000","103,000"
710406,湧德永豐5C購01,0,0,0,0.0,0.0,0.0,0,0,0,"-19,000",0,0,0,0,"19,000","-19,000","-19,000"
710407,湧德永豐5C購02,0,0,0,0.0,0.0,0.0,0,0,0,"26,000",0,0,0,"26,000",0,"26,000","26,000"
710412,精材永豐63購02,0,0,0,0.0,0.0,0.0,0,0,0,"24,000",0,0,0,"24,000",0,"24,000","24,000"
710414,雙鴻永豐5C購05,0,0,0,0.0,0.0,0.0,0,0,0,"159,000",0,0,0,"159,000",0,"159,000","159,000"
710416,巨有國票5C購01,0,0,0,0.0,0.0,0.0,0,0,0,"161,000",0,0,0,"161,000",0,"161,000","161,000"
710420,青雲國票5C購02,0,0,0,0.0,0.0,0.0,0,0,0,"28,000",0,0,0,"71,000","43,000","28,000","28,000"
710424,巨有群益5C購01,0,0,0,0.0,0.0,0.0,0,0,0,"15,000",0,0,0,"25,000","10,000","15,000","15,000"
710426,智通*群益63購01,0,0,0,0.0,0.0,0.0,0,0,0,"61,000",0,0,0,"108,000","47,000","61,000","61,000"
710427,東浦國泰61購01,0,0,0,0.0,0.0,0.0,0,0,0,"50,000",0,0,0,"50,000",0,"50,000","50,000"
710429,精材國泰61購01,0,0,0,0.0,0.0,0.0,0,0,0,"-81,000",0,0,0,"23,000","104,000","-81,000","-81,000"
710431,精材富邦5C購01,0,0,0,0.0,0.0,0.0,0,0,0,"5,000",0,0,0,"25,000","20,000","5,000","5,000"
710433,系微凱基5C購01,0,0,0,0.0,0.0,0.0,0,0,0,"-100,000",0,0,0,0,"100,000","-100,000","-100,000"
710434,宜鼎凱基5C購09,0,0,0,0.0,0.0,0.0,0,0,0,"1,000",0,0,0,"1,000",0,"1,000","1,000"
710435,能率凱基62購01,0,0,0,0.0,0.0,0.0,0,0,0,"-13,000",0,0,0,0,"13,000","-13,000","-13,000"
710441,中美晶元大5C購12,0,0,0,0.0,0.0,0.0,0,0,0,"95,000",0,0,0,"95,000",0,"95,000","95,000"
710442,世界元大66購03,0,0,0,0.0,0.0,0.0,0,0,0,"21,000",0,0,0,"21,000",0,"21,000","21,000"
710443,宜鼎元大5C購17,0,0,0,0.0,0.0,0.0,0,0,0,"47,000",0,0,0,"247,000","200,000","47,000","47,000"
710445,富喬元大5C購04,0,0,0,0.0,0.0,0.0,0,0,0,"-13,000",0,0,0,"13,000","26,000","-13,000","-13,000"
710446,智通*元大5C購01,0,0,0,0.0,0.0,0.0,0,0,0,"116,000",0,0,0,"116,000",0,"116,000","116,000"
710447,智通*元大5C購02,0,0,0,0.0,0.0,0.0,0,0,0,"274,000",0,0,0,"274,000",0,"274,000","274,000"
710448,智通*元大63購01,0,0,0,0.0,0.0,0.0,0,0,0,"213,000",0,0,0,"213,000",0,"213,000","213,000"
710450,璟德國票64購01,0,0,0,0.0,0.0,0.0,0,0,0,"44,000",0,0,0,"44,000",0,"44,000","44,000"
710453,宜鼎國票62購01,0,0,0,0.0,0.0,0.0,0,0,0,"10,000",0,0,0,"10,000",0,"10,000","10,000"
710454,竹陞國票64購01,0,0,0,0.0,0.0,0.0,0,0,0,"-15,000",0,0,0,"28,000","43,000","-15,000","-15,000"
710456,富強鑫國票62購01,0,0,0,0.0,0.0,0.0,0,0,0,"110,000",0,0,0,"150,000","40,000","110,000","110,000"
710457,千附國票64購01,0,0,0,0.0,0.0,0.0,0,0,0,"1,000",0,0,0,"1,000",0,"1,000","1,000"
710465,營邦永豐5C購01,0,0,0,0.0,0.0,0.0,0,0,0,"155,000",0,0,0,"155,000",0,"155,000","155,000"
710466,營邦永豐5C購02,0,0,0,0.0,0.0,0.0,0,0,0,"20,000",0,0,0,"20,000",0,"20,000","20,000"
710472,原相富邦5C購01,0,0,0,0.0,0.0,0.0,0,0,0,"6,000",0,0,0,"6,000",0,"6,000","6,000"
710475,營邦富邦63購03,0,0,0,0.0,0.0,0.0,0,0,0,"23,000",0,0,0,"23,000",0,"23,000","23,000"
710476,巨有群益5C購02,0,0,0,0.0,0.0,0.0,0,0,0,"24,000",0,0,0,"27,000","3,000","24,000","24,000"
710478,世界元大66購04,0,0,0,0.0,0.0,0.0,0,0,0,"166,000",0,0,0,"166,000",0,"166,000","166,000"
710479,世界元大67購01,0,0,0,0.0,0.0,0.0,0,0,0,"-10,000",0,0,0,0,"10,000","-10,000","-10,000"
710480,巨有元大61購01,0,0,0,0.0,0.0,0.0,0,0,0,"815,000",0,0,0,"830,000","15,000","815,000","815,000"
710481,宜鼎元大61購05,0,0,0,0.0,0.0,0.0,0,0,0,"-20,000",0,0,0,0,"20,000","-20,000","-20,000"
710482,富喬元大61購06,0,0,0,0.0,0.0,0.0,0,0,0,"-341,000",0,0,0,"47,000","388,000","-341,000","-341,000"
710483,富喬元大62購01,0,0,0,0.0,0.0,0.0,0,0,0,"-27,000",0,0,0,"243,000","270,000","-27,000","-27,000"
710484,富喬元大62購02,0,0,0,0.0,0.0,0.0,0,0,0,"879,000",0,0,0,"1,120,000","241,000","879,000","879,000"
710485,臺慶科元大61購01,0,0,0,0.0,0.0,0.0,0,0,0,"405,000",0,0,0,"496,000","91,000","405,000","405,000"
710486,千附精台新61購01,0,0,0,0.0,0.0,0.0,0,0,0,"-499,000",0,0,0,0,"499,000","-499,000","-499,000"
710488,竹陞台新61購01,0,0,0,0.0,0.0,0.0,0,0,0,"-11,000",0,0,0,0,"11,000","-11,000","-11,000"
710489,譜瑞台新61購01,0,0,0,0.0,0.0,0.0,0,0,0,"2,000",0,0,0,"2,000",0,"2,000","2,000"
710490,譜瑞台新61購02,0,0,0,0.0,0.0,0.0,0,0,0,"2,000",0,0,0,"2,000",0,"2,000","2,000"
710491,千附精凱基61購01,0,0,0,0.0,0.0,0.0,0,0,0,"20,000",0,0,0,"60,000","40,000","20,000","20,000"
710492,千附精凱基61購02,0,0,0,0.0,0.0,0.0,0,0,0,"85,000",0,0,0,"200,000","115,000","85,000","85,000"
710500,竹陞凱基61購01,0,0,0,0.0,0.0,0.0,0,0,0,"-719,000",0,0,0,"579,000","1,298,000","-719,000","-719,000"
710501,原相凱基61購01,0,0,0,0.0,0.0,0.0,0,0,0,"10,000",0,0,0,"10,000",0,"10,000","10,000"
710502,譜瑞凱基61購02,0,0,0,0.0,0.0,0.0,0,0,0,"-9,000",0,0,0,0,"9,000","-9,000","-9,000"
710506,千附精群益61購01,0,0,0,0.0,0.0,0.0,0,0,0,"-6,000",0,0,0,"150,000","156,000","-6,000","-6,000"
710508,91APP*國票62購01,0,0,0,0.0,0.0,0.0,0,0,0,"440,000",0,0,0,"440,000",0,"440,000","440,000"
710511,竹陞國票62購01,0,0,0,0.0,0.0,0.0,0,0,0,"-23,000",0,0,0,"10,000","33,000","-23,000","-23,000"
710512,宜鼎國票62購02,0,0,0,0.0,0.0,0.0,0,0,0,"10,000",0,0,0,"10,000",0,"10,000","10,000"
710516,建榮國票61購01,0,0,0,0.0,0.0,0.0,0,0,0,"-1,000",0,0,0,"2,000","3,000","-1,000","-1,000"
710520,博士旺國票61購01,0,0,0,0.0,0.0,0.0,0,0,0,"499,000",0,0,0,"499,000",0,"499,000","499,000"
710526,大江永豐61購01,0,0,0,0.0,0.0,0.0,0,0,0,"19,000",0,0,0,"19,000",0,"19,000","19,000"
710528,元太永豐61購03,0,0,0,0.0,0.0,0.0,0,0,0,"-56,000",0,0,0,0,"56,000","-56,000","-56,000"
710530,威剛永豐61購04,0,0,0,0.0,0.0,0.0,0,0,0,"-200,000",0,0,0,0,"200,000","-200,000","-200,000"
710532,鈊象永豐65購01,0,0,0,0.0,0.0,0.0,0,0,0,"10,000",0,0,0,"10,000",0,"10,000","10,000"
710533,勤凱永豐65購01,0,0,0,0.0,0.0,0.0,0,0,0,"-10,000",0,0,0,0,"10,000","-10,000","-10,000"
710539,譜瑞永豐64購01,0,0,0,0.0,0.0,0.0,0,0,0,"60,000",0,0,0,"60,000",0,"60,000","60,000"
710540,譜瑞永豐64購02,0,0,0,0.0,0.0,0.0,0,0,0,"54,000",0,0,0,"54,000",0,"54,000","54,000"
710541,譜瑞永豐67購01,0,0,0,0.0,0.0,0.0,0,0,0,"-12,000",0,0,0,0,"12,000","-12,000","-12,000"
710543,久元國泰62購02,0,0,0,0.0,0.0,0.0,0,0,0,"-999,000",0,0,0,0,"999,000","-999,000","-999,000"
710545,巨有國泰62購01,0,0,0,0.0,0.0,0.0,0,0,0,"399,000",0,0,0,"448,000","49,000","399,000","399,000"
710546,竹陞國泰62購01,0,0,0,0.0,0.0,0.0,0,0,0,"-36,000",0,0,0,"33,000","69,000","-36,000","-36,000"
710547,青雲國泰62購01,0,0,0,0.0,0.0,0.0,0,0,0,"285,000",0,0,0,"404,000","119,000","285,000","285,000"
710548,青雲國泰62購02,0,0,0,0.0,0.0,0.0,0,0,0,"1,832,000",0,0,0,"1,887,000","55,000","1,832,000","1,832,000"
710549,智通*國泰62購01,0,0,0,0.0,0.0,0.0,0,0,0,"-15,000",0,0,0,"50,000","65,000","-15,000","-15,000"
710552,譜瑞富邦63購01,0,0,0,0.0,0.0,0.0,0,0,0,"273,000",0,0,0,"273,000",0,"273,000","273,000"
710553,譜瑞富邦64購01,0,0,0,0.0,0.0,0.0,0,0,0,"609,000",0,0,0,"609,000",0,"609,000","609,000"
710557,竹陞永豐64購01,0,0,0,0.0,0.0,0.0,0,0,0,"3,000",0,0,0,"3,000",0,"3,000","3,000"
710558,竹陞永豐65購01,0,0,0,0.0,0.0,0.0,0,0,0,"107,000",0,0,0,"140,000","33,000","107,000","107,000"
710559,均豪永豐64購01,0,0,0,0.0,0.0,0.0,0,0,0,"191,000",0,0,0,"191,000",0,"191,000","191,000"
710561,宜鼎永豐61購03,0,0,0,0.0,0.0,0.0,0,0,0,"24,000",0,0,0,"117,000","93,000","24,000","24,000"
710562,宜鼎永豐64購02,0,0,0,0.0,0.0,0.0,0,0,0,"97,000",0,0,0,"97,000",0,"97,000","97,000"
710565,茂達永豐61購02,0,0,0,0.0,0.0,0.0,0,0,0,"18,000",0,0,0,"78,000","60,000","18,000","18,000"
710566,家登永豐61購02,0,0,0,0.0,0.0,0.0,0,0,0,"-100,000",0,0,0,0,"100,000","-100,000","-100,000"
710567,富喬永豐61購03,0,0,0,0.0,0.0,0.0,0,0,0,"-51,000",0,0,0,"70,000","121,000","-51,000","-51,000"
710568,富喬永豐66購02,0,0,0,0.0,0.0,0.0,0,0,0,"17,000",0,0,0,"65,000","48,000","17,000","17,000"
710573,雙鴻永豐61購05,0,0,0,0.0,0.0,0.0,0,0,0,"-26,000",0,0,0,"44,000","70,000","-26,000","-26,000"
710574,雙鴻永豐66購02,0,0,0,0.0,0.0,0.0,0,0,0,"-22,000",0,0,0,0,"22,000","-22,000","-22,000"
710575,雙鴻永豐67購01,0,0,0,0.0,0.0,0.0,0,0,0,"10,000",0,0,0,"10,000",0,"10,000","10,000"
710578,中光電元大61購03,0,0,0,0.0,0.0,0.0,0,0,0,"-50,000",0,0,0,"30,000","80,000","-50,000","-50,000"
710580,世界元大66購05,0,0,0,0.0,0.0,0.0,0,0,0,"20,000",0,0,0,"20,000",0,"20,000","20,000"
710581,均豪元大61購01,0,0,0,0.0,0.0,0.0,0,0,0,"-531,000",0,0,0,"83,000","614,000","-531,000","-531,000"
710582,宏捷科元大67購01,0,0,0,0.0,0.0,0.0,0,0,0,"242,000",0,0,0,"242,000",0,"242,000","242,000"
710584,欣銓元大61購01,0,0,0,0.0,0.0,0.0,0,0,0,"307,000",0,0,0,"369,000","62,000","307,000","307,000"
710586,富喬元大64購03,0,0,0,0.0,0.0,0.0,0,0,0,"-278,000",0,0,0,"258,000","536,000","-278,000","-278,000"
710587,富喬元大65購03,0,0,0,0.0,0.0,0.0,0,0,0,"432,000",0,0,0,"597,000","165,000","432,000","432,000"
710590,中美晶群益64購01,0,0,0,0.0,0.0,0.0,0,0,0,"-144,000",0,0,0,"6,000","150,000","-144,000","-144,000"
710591,竹陞群益61購01,0,0,0,0.0,0.0,0.0,0,0,0,"81,000",0,0,0,"237,000","156,000","81,000","81,000"
710592,均豪群益61購01,0,0,0,0.0,0.0,0.0,0,0,0,"-48,000",0,0,0,"100,000","148,000","-48,000","-48,000"
710594,宜特群益61購01,0,0,0,0.0,0.0,0.0,0,0,0,"2,000",0,0,0,"44,000","42,000","2,000","2,000"
710595,青雲群益62購01,0,0,0,0.0,0.0,0.0,0,0,0,"56,000",0,0,0,"56,000",0,"56,000","56,000"
710597,中美晶國泰63購01,0,0,0,0.0,0.0,0.0,0,0,0,"-152,000",0,0,0,0,"152,000","-152,000","-152,000"
710598,家登國泰62購01,0,0,0,0.0,0.0,0.0,0,0,0,"23,000",0,0,0,"23,000",0,"23,000","23,000"
710599,凡甲富邦63購02,0,0,0,0.0,0.0,0.0,0,0,0,"30,000",0,0,0,"30,000",0,"30,000","30,000"
710604,湧德富邦63購01,0,0,0,0.0,0.0,0.0,0,0,0,"34,000",0,0,0,"44,000","10,000","34,000","34,000"
710605,中光電凱基61購02,0,0,0,0.0,0.0,0.0,0,0,0,"-470,000",0,0,0,0,"470,000","-470,000","-470,000"
710606,巨有凱基61購01,0,0,0,0.0,0.0,0.0,0,0,0,"-4,000",0,0,0,"13,000","17,000","-4,000","-4,000"
710607,宜鼎凱基61購01,0,0,0,0.0,0.0,0.0,0,0,0,0,0,0,0,"100,000","100,000",0,0
710608,富喬凱基61購04,0,0,0,0.0,0.0,0.0,0,0,0,"150,000",0,0,0,"150,000",0,"150,000","150,000"
710613,宜鼎台新61購03,0,0,0,0.0,0.0,0.0,0,0,0,"162,000",0,0,0,"212,000","50,000","162,000","162,000"
710619,九暘元大61購01,0,0,0,0.0,0.0,0.0,0,0,0,"148,000",0,0,0,"148,000",0,"148,000","148,000"
710623,竹陞元大61購01,0,0,0,0.0,0.0,0.0,0,0,0,"325,000",0,0,0,"325,000",0,"325,000","325,000"
710624,宜鼎元大61購06,0,0,0,0.0,0.0,0.0,0,0,0,"-152,000",0,0,0,"319,000","471,000","-152,000","-152,000"
710630,富喬元大61購08,0,0,0,0.0,0.0,0.0,0,0,0,"-141,000",0,0,0,"273,000","414,000","-141,000","-141,000"
710631,富喬元大64購04,0,0,0,0.0,0.0,0.0,0,0,0,"1,364,000",0,0,0,"1,848,000","484,000","1,364,000","1,364,000"
710632,碩禾元大61購03,0,0,0,0.0,0.0,0.0,0,0,0,"1,200,000",0,0,0,"1,200,000",0,"1,200,000","1,200,000"
710633,臺慶科元大64購01,0,0,0,0.0,0.0,0.0,0,0,0,"459,000",0,0,0,"459,000",0,"459,000","459,000"
710634,臺慶科元大67購01,0,0,0,0.0,0.0,0.0,0,0,0,"212,000",0,0,0,"212,000",0,"212,000","212,000"
710635,寶雅元大61購01,0,0,0,0.0,0.0,0.0,0,0,0,"18,000",0,0,0,"18,000",0,"18,000","18,000"
710636,川寶國票65購01,0,0,0,0.0,0.0,0.0,0,0,0,"3,000",0,0,0,"3,000",0,"3,000","3,000"
710637,中美晶國票61購04,0,0,0,0.0,0.0,0.0,0,0,0,"-50,000",0,0,0,0,"50,000","-50,000","-50,000"
710638,中裕國票65購01,0,0,0,0.0,0.0,0.0,0,0,0,"-120,000",0,0,0,0,"120,000","-120,000","-120,000"
710646,晟田國票61購01,0,0,0,0.0,0.0,0.0,0,0,0,"3,000",0,0,0,"3,000",0,"3,000","3,000"
710648,富強鑫國票65購01,0,0,0,0.0,0.0,0.0,0,0,0,"-30,000",0,0,0,0,"30,000","-30,000","-30,000"
710649,瑞耘國票65購01,0,0,0,0.0,0.0,0.0,0,0,0,"20,000",0,0,0,"20,000",0,"20,000","20,000"
710650,精拓科國票65購01,0,0,0,0.0,0.0,0.0,0,0,0,"5,000",0,0,0,"5,000",0,"5,000","5,000"
710651,廣積國票65購01,0,0,0,0.0,0.0,0.0,0,0,0,"30,000",0,0,0,"30,000",0,"30,000","30,000"
710652,璟德國票65購01,0,0,0,0.0,0.0,0.0,0,0,0,"50,000",0,0,0,"50,000",0,"50,000","50,000"
710664,晶宏群益61購01,0,0,0,0.0,0.0,0.0,0,0,0,"-329,000",0,0,0,"296,000","625,000","-329,000","-329,000"
710667,川寶凱基61購01,0,0,0,0.0,0.0,0.0,0,0,0,"42,000",0,0,0,"52,000","10,000","42,000","42,000"
710668,中美晶凱基61購06,0,0,0,0.0,0.0,0.0,0,0,0,"-6,000",0,0,0,"4,000","10,000","-6,000","-6,000"
710670,世界凱基66購01,0,0,0,0.0,0.0,0.0,0,0,0,"110,000",0,0,0,"110,000",0,"110,000","110,000"
710676,邑錡凱基61購01,0,0,0,0.0,0.0,0.0,0,0,0,"20,000",0,0,0,"30,000","10,000","20,000","20,000"
710677,奇鈦科凱基61購01,0,0,0,0.0,0.0,0.0,0,0,0,"2,000",0,0,0,"2,000",0,"2,000","2,000"
710683,崇越電凱基61購01,0,0,0,0.0,0.0,0.0,0,0,0,"4,000",0,0,0,"4,000",0,"4,000","4,000"
710685,晶宏凱基61購01,0,0,0,0.0,0.0,0.0,0,0,0,"-174,000",0,0,0,"38,000","212,000","-174,000","-174,000"
710687,陽程凱基61購02,0,0,0,0.0,0.0,0.0,0,0,0,"81,000",0,0,0,"118,000","37,000","81,000","81,000"
710688,碩禾凱基61購01,0,0,0,0.0,0.0,0.0,0,0,0,"-50,000",0,0,0,0,"50,000","-50,000","-50,000"
710691,中美晶台新61購03,0,0,0,0.0,0.0,0.0,0,0,0,"155,000",0,0,0,"319,000","164,000","155,000","155,000"
710693,世界台新61購01,0,0,0,0.0,0.0,0.0,0,0,0,"-500,000",0,0,0,0,"500,000","-500,000","-500,000"
710699,欣銓台新61購01,0,0,0,0.0,0.0,0.0,0,0,0,"36,000",0,0,0,"36,000",0,"36,000","36,000"
710700,欣銓台新61購02,0,0,0,0.0,0.0,0.0,0,0,0,"1,000",0,0,0,"1,000",0,"1,000","1,000"
710705,九暘永豐61購01,0,0,0,0.0,0.0,0.0,0,0,0,"50,000",0,0,0,"50,000",0,"50,000","50,000"
710715,奇鈦科永豐61購01,0,0,0,0.0,0.0,0.0,0,0,0,0,0,0,0,"100,000","100,000",0,0
710716,奇鈦科永豐61購02,0,0,0,0.0,0.0,0.0,0,0,0,"-30,000",0,0,0,0,"30,000","-30,000","-30,000"
710726,堡達永豐64購01,0,0,0,0.0,0.0,0.0,0,0,0,"2,000",0,0,0,"2,000",0,"2,000","2,000"
710727,晶宏永豐61購01,0,0,0,0.0,0.0,0.0,0,0,0,"13,000",0,0,0,"23,000","10,000","13,000","13,000"
710728,華洋永豐61購01,0,0,0,0.0,0.0,0.0,0,0,0,"-250,000",0,0,0,0,"250,000","-250,000","-250,000"
710729,越峰永豐61購01,0,0,0,0.0,0.0,0.0,0,0,0,"-101,000",0,0,0,0,"101,000","-101,000","-101,000"
710730,陽程永豐61購01,0,0,0,0.0,0.0,0.0,0,0,0,"-15,000",0,0,0,0,"15,000","-15,000","-15,000"
710736,立碁富邦61購01,0,0,0,0.0,0.0,0.0,0,0,0,"6,000",0,0,0,"6,000",0,"6,000","6,000"
710743,青雲國票61購01,0,0,0,0.0,0.0,0.0,0,0,0,"-5,000",0,0,0,0,"5,000","-5,000","-5,000"
710744,盈正國票65購01,0,0,0,0.0,0.0,0.0,0,0,0,"198,000",0,0,0,"600,000","402,000","198,000","198,000"
710748,翔名國票65購01,0,0,0,0.0,0.0,0.0,0,0,0,"20,000",0,0,0,"20,000",0,"20,000","20,000"
710751,頎邦國票65購01,0,0,0,0.0,0.0,0.0,0,0,0,"703,000",0,0,0,"810,000","107,000","703,000","703,000"
710754,耀穎國票65購01,"3,000",0,"3,000",0.0,0.0,0.0,0,0,0,"3,000",0,0,0,"67,000","64,000","3,000","6,000"
710763,頎邦元大61購01,0,0,0,0.0,0.0,0.0,0,0,0,"-22,000",0,0,0,0,"22,000","-22,000","-22,000"
710766,竹陞凱基61購02,"100,000",0,"100,000",0.0,0.0,0.0,0,0,0,"-4,352,000",0,0,0,"130,000","4,482,000","-4,352,000","-4,252,000"
710768,欣銓凱基61購02,0,0,0,0.0,0.0,0.0,0,0,0,"-4,000",0,0,0,0,"4,000","-4,000","-4,000"
710770,富喬凱基61購05,0,0,0,0.0,0.0,0.0,0,0,0,"109,000",0,0,0,"109,000",0,"109,000","109,000"
710778,宜鼎永豐66購01,0,0,0,0.0,0.0,0.0,0,0,0,"344,000",0,0,0,"344,000",0,"344,000","344,000"
710783,閎康永豐61購02,0,0,0,0.0,0.0,0.0,0,0,0,"24,000",0,0,0,"24,000",0,"24,000","24,000"
710784,新漢永豐61購01,0,0,0,0.0,0.0,0.0,0,0,0,"64,000",0,0,0,"64,000",0,"64,000","64,000"
710785,頎邦永豐61購02,0,0,0,0.0,0.0,0.0,0,0,0,"-245,000",0,0,0,"154,000","399,000","-245,000","-245,000"
710786,頎邦永豐64購01,0,0,0,0.0,0.0,0.0,0,0,0,"100,000",0,0,0,"100,000",0,"100,000","100,000"
710788,寶雅永豐61購01,0,0,0,0.0,0.0,0.0,0,0,0,"-2,000",0,0,0,0,"2,000","-2,000","-2,000"
710790,巨有台新61購01,0,0,0,0.0,0.0,0.0,0,0,0,"60,000",0,0,0,"60,000",0,"60,000","60,000"
710791,立碁台新61購01,0,0,0,0.0,0.0,0.0,0,0,0,"51,000",0,0,0,"66,000","15,000","51,000","51,000"
710792,竹陞台新61購02,0,0,0,0.0,0.0,0.0,0,0,0,"-160,000",0,0,0,0,"160,000","-160,000","-160,000"
710794,晟田台新61購01,0,0,0,0.0,0.0,0.0,0,0,0,"12,000",0,0,0,"22,000","10,000","12,000","12,000"
710797,群聯台新61購02,0,0,0,0.0,0.0,0.0,0,0,0,"15,000",0,0,0,"15,000",0,"15,000","15,000"
710798,中美晶富邦61購02,0,0,0,0.0,0.0,0.0,0,0,0,0,0,0,0,"1,000","1,000",0,0
710799,欣銓富邦61購01,0,0,0,0.0,0.0,0.0,0,0,0,"-15,000",0,0,0,"5,000","20,000","-15,000","-15,000"
710801,頎邦富邦63購01,0,0,0,0.0,0.0,0.0,0,0,0,"-972,000",0,0,0,"5,000","977,000","-972,000","-972,000"
710802,頎邦富邦64購01,0,0,0,0.0,0.0,0.0,0,0,0,"-152,000",0,0,0,0,"152,000","-152,000","-152,000"
710805,中美晶群益61購01,0,0,0,0.0,0.0,0.0,0,0,0,"-41,000",0,0,0,"25,000","66,000","-41,000","-41,000"
710806,世界群益61購02,0,0,0,0.0,0.0,0.0,0,0,0,"90,000",0,0,0,"100,000","10,000","90,000","90,000"
710807,台特化群益61購01,0,0,0,0.0,0.0,0.0,0,0,0,"120,000",0,0,0,"120,000",0,"120,000","120,000"
710808,均豪群益61購02,0,0,0,0.0,0.0,0.0,0,0,0,"-1,000",0,0,0,"29,000","30,000","-1,000","-1,000"
710809,良維群益61購03,0,0,0,0.0,0.0,0.0,0,0,0,"104,000",0,0,0,"237,000","133,000","104,000","104,000"
710813,能率群益61購01,0,0,0,0.0,0.0,0.0,0,0,0,"1,000",0,0,0,"1,000",0,"1,000","1,000"
710815,鈊象群益64購01,0,0,0,0.0,0.0,0.0,0,0,0,"-124,000",0,0,0,0,"124,000","-124,000","-124,000"
710816,群聯群益67購02,0,0,0,0.0,0.0,0.0,0,0,0,"-164,000",0,0,0,"5,000","169,000","-164,000","-164,000"
710817,頎邦群益61購01,0,0,0,0.0,0.0,0.0,0,0,0,"753,000",0,0,0,"753,000",0,"753,000","753,000"
710818,頎邦群益61購02,0,0,0,0.0,0.0,0.0,0,0,0,"60,000",0,0,0,"70,000","10,000","60,000","60,000"
710819,雙鴻群益61購01,0,0,0,0.0,0.0,0.0,0,0,0,"-51,000",0,0,0,"9,000","60,000","-51,000","-51,000"
710822,良維凱基61購02,0,0,0,0.0,0.0,0.0,0,0,0,"-119,000",0,0,0,"90,000","209,000","-119,000","-119,000"
710826,頎邦凱基61購01,0,0,0,0.0,0.0,0.0,0,0,0,"-327,000",0,0,0,"968,000","1,295,000","-327,000","-327,000"
710828,竹陞台新61購03,0,0,0,0.0,0.0,0.0,0,0,0,"-1,157,000",0,0,0,"369,000","1,526,000","-1,157,000","-1,157,000"
710831,朋程台新63購01,0,0,0,0.0,0.0,0.0,0,0,0,"1,000",0,0,0,"1,000",0,"1,000","1,000"
710837,頎邦台新61購01,0,0,0,0.0,0.0,0.0,0,0,0,"-39,000",0,0,0,"427,000","466,000","-39,000","-39,000"
710838,頎邦台新61購02,0,0,0,0.0,0.0,0.0,0,0,0,"2,729,000",0,0,0,"3,714,000","985,000","2,729,000","2,729,000"
710847,榮剛永豐61購01,0,0,0,0.0,0.0,0.0,0,0,0,"-198,000",0,0,0,0,"198,000","-198,000","-198,000"
710849,九暘國票65購01,0,0,0,0.0,0.0,0.0,0,0,0,"3,000",0,0,0,"3,000",0,"3,000","3,000"
710850,大中國票61購01,0,0,0,0.0,0.0,0.0,0,0,0,"-10,000",0,0,0,0,"10,000","-10,000","-10,000"
710852,友威科國票65購01,0,0,0,0.0,0.0,0.0,0,0,0,"-158,000",0,0,0,"25,000","183,000","-158,000","-158,000"
710854,竹陞國票66購01,0,0,0,0.0,0.0,0.0,0,0,0,"-2,000",0,0,0,0,"2,000","-2,000","-2,000"
710864,振曜國票65購01,0,0,0,0.0,0.0,0.0,0,0,0,"-60,000",0,0,0,0,"60,000","-60,000","-60,000"
710869,普萊德國票65購01,0,0,0,0.0,0.0,0.0,0,0,0,"18,000",0,0,0,"18,000",0,"18,000","18,000"
710870,晶宏國票65購01,0,0,0,0.0,0.0,0.0,0,0,0,"-58,000",0,0,0,"71,000","129,000","-58,000","-58,000"
710875,鐿鈦國票65購01,0,0,0,0.0,0.0,0.0,0,0,0,"20,000",0,0,0,"20,000",0,"20,000","20,000"
710879,精材國泰62購01,0,0,0,0.0,0.0,0.0,0,0,0,"19,000",0,0,0,"19,000",0,"19,000","19,000"
710886,建榮群益62購01,0,0,0,0.0,0.0,0.0,0,0,0,"10,000",0,0,0,"10,000",0,"10,000","10,000"
710887,群聯群益67購03,0,0,0,0.0,0.0,0.0,0,0,0,"-162,000",0,0,0,"50,000","212,000","-162,000","-162,000"
710888,精材群益64購01,0,0,0,0.0,0.0,0.0,0,0,0,"-4,000",0,0,0,"6,000","10,000","-4,000","-4,000"
710892,雙鴻群益61購02,0,0,0,0.0,0.0,0.0,0,0,0,"-3,000",0,0,0,0,"3,000","-3,000","-3,000"
710893,中美晶元大64購01,0,0,0,0.0,0.0,0.0,0,0,0,"69,000",0,0,0,"209,000","140,000","69,000","69,000"
710894,中美晶元大66購04,0,0,0,0.0,0.0,0.0,0,0,0,"-62,000",0,0,0,"124,000","186,000","-62,000","-62,000"
710896,均豪元大61購02,0,0,0,0.0,0.0,0.0,0,0,0,"-25,000",0,0,0,"242,000","267,000","-25,000","-25,000"
710897,宜特元大65購01,0,0,0,0.0,0.0,0.0,0,0,0,"338,000",0,0,0,"338,000",0,"338,000","338,000"
710898,宜特元大67購02,0,0,0,0.0,0.0,0.0,0,0,0,"313,000",0,0,0,"313,000",0,"313,000","313,000"
710899,欣銓元大61購02,0,0,0,0.0,0.0,0.0,0,0,0,"162,000",0,0,0,"162,000",0,"162,000","162,000"
710900,家登元大61購02,0,0,0,0.0,0.0,0.0,0,0,0,"-50,000",0,0,0,"10,000","60,000","-50,000","-50,000"
710902,臺慶科元大64購02,0,0,0,0.0,0.0,0.0,0,0,0,"294,000",0,0,0,"294,000",0,"294,000","294,000"
710903,鑫科元大61購01,0,0,0,0.0,0.0,0.0,0,0,0,"-37,000",0,0,0,0,"37,000","-37,000","-37,000"
710905,安碁國票61購01,0,0,0,0.0,0.0,0.0,0,0,0,"-210,000",0,0,0,"7,000","217,000","-210,000","-210,000"
710908,倉和國票65購01,0,0,0,0.0,0.0,0.0,0,0,0,"-30,000",0,0,0,0,"30,000","-30,000","-30,000"
710909,晟田國票61購02,0,0,0,0.0,0.0,0.0,0,0,0,"1,000",0,0,0,"1,000",0,"1,000","1,000"
710910,創泓國票61購01,0,0,0,0.0,0.0,0.0,0,0,0,"-5,000",0,0,0,"20,000","25,000","-5,000","-5,000"
710915,寶雅國票61購03,0,0,0,0.0,0.0,0.0,0,0,0,"-700,000",0,0,0,0,"700,000","-700,000","-700,000"
710921,宜鼎凱基61購02,0,0,0,0.0,0.0,0.0,0,0,0,"10,000",0,0,0,"10,000",0,"10,000","10,000"
710922,欣銓凱基61購03,0,0,0,0.0,0.0,0.0,0,0,0,"-2,000",0,0,0,0,"2,000","-2,000","-2,000"
710923,威剛凱基61購03,0,0,0,0.0,0.0,0.0,0,0,0,"-200,000",0,0,0,0,"200,000","-200,000","-200,000"
710927,雙鴻凱基61購05,0,0,0,0.0,0.0,0.0,0,0,0,"34,000",0,0,0,"60,000","26,000","34,000","34,000"
710929,中光電群益61購03,0,0,0,0.0,0.0,0.0,0,0,0,"20,000",0,0,0,"50,000","30,000","20,000","20,000"
710932,家登群益61購04,0,0,0,0.0,0.0,0.0,0,0,0,"12,000",0,0,0,"12,000",0,"12,000","12,000"
710935,精材群益64購02,0,0,0,0.0,0.0,0.0,0,0,0,"27,000",0,0,0,"30,000","3,000","27,000","27,000"
710936,中美晶國泰64購01,0,0,0,0.0,0.0,0.0,0,0,0,"-68,000",0,0,0,"50,000","118,000","-68,000","-68,000"
710938,威剛富邦64購01,0,0,0,0.0,0.0,0.0,0,0,0,"-15,000",0,0,0,0,"15,000","-15,000","-15,000"
710946,長聖永豐61購01,0,0,0,0.0,0.0,0.0,0,0,0,"36,000",0,0,0,"40,000","4,000","36,000","36,000"
710950,倉和永豐61購01,0,0,0,0.0,0.0,0.0,0,0,0,"5,000",0,0,0,"5,000",0,"5,000","5,000"
710956,智通*永豐64購01,0,0,0,0.0,0.0,0.0,0,0,0,"109,000",0,0,0,"109,000",0,"109,000","109,000"
710958,精剛永豐61購01,0,0,0,0.0,0.0,0.0,0,0,0,"-3,000",0,0,0,0,"3,000","-3,000","-3,000"
710961,中美晶元大64購02,0,0,0,0.0,0.0,0.0,0,0,0,"65,000",0,0,0,"387,000","322,000","65,000","65,000"
710962,中美晶元大66購05,0,0,0,0.0,0.0,0.0,0,0,0,"-85,000",0,0,0,"150,000","235,000","-85,000","-85,000"
710964,宜鼎元大61購07,0,0,0,0.0,0.0,0.0,0,0,0,"5,000",0,0,0,"5,000",0,"5,000","5,000"
710965,晟田元大61購02,0,0,0,0.0,0.0,0.0,0,0,0,"18,000",0,0,0,"18,000",0,"18,000","18,000"
710972,譜瑞元大65購03,0,0,0,0.0,0.0,0.0,0,0,0,"485,000",0,0,0,"495,000","10,000","485,000","485,000"
710979,宸曜台新61購01,0,0,0,0.0,0.0,0.0,0,0,0,"-100,000",0,0,0,0,"100,000","-100,000","-100,000"
710982,精材台新61購03,0,0,0,0.0,0.0,0.0,0,0,0,"44,000",0,0,0,"44,000",0,"44,000","44,000"
710984,均豪凱基61購01,0,0,0,0.0,0.0,0.0,0,0,0,"-2,000",0,0,0,"38,000","40,000","-2,000","-2,000"
710985,家登凱基61購02,0,0,0,0.0,0.0,0.0,0,0,0,"57,000",0,0,0,"57,000",0,"57,000","57,000"
710987,華景電凱基64購01,0,0,0,0.0,0.0,0.0,0,0,0,"5,000",0,0,0,"5,000",0,"5,000","5,000"
710989,頎邦凱基61購02,0,0,0,0.0,0.0,0.0,0,0,0,"-291,000",0,0,0,"43,000","334,000","-291,000","-291,000"
710990,精材凱基61購07,0,0,0,0.0,0.0,0.0,0,0,0,"6,000",0,0,0,"6,000",0,"6,000","6,000"
710991,營邦凱基61購01,0,0,0,0.0,0.0,0.0,0,0,0,"43,000",0,0,0,"94,000","51,000","43,000","43,000"
710996,大江國票65購01,0,0,0,0.0,0.0,0.0,0,0,0,"38,000",0,0,0,"38,000",0,"38,000","38,000"
710997,大學光國票61購01,0,0,0,0.0,0.0,0.0,0,0,0,"1,000",0,0,0,"1,000",0,"1,000","1,000"
711000,長聖國票65購01,0,0,0,0.0,0.0,0.0,0,0,0,"10,000",0,0,0,"10,000",0,"10,000","10,000"
711002,廣積國票66購01,0,0,0,0.0,0.0,0.0,0,0,0,"70,000",0,0,0,"70,000",0,"70,000","70,000"
711003,陽程群益61購02,0,0,0,0.0,0.0,0.0,0,0,0,"11,000",0,0,0,"20,000","9,000","11,000","11,000"
711009,巨有元大61購02,0,0,0,0.0,0.0,0.0,0,0,0,"91,000",0,0,0,"91,000",0,"91,000","91,000"
711012,宜鼎元大61購08,0,0,0,0.0,0.0,0.0,0,0,0,"357,000",0,0,0,"924,000","567,000","357,000","357,000"
711013,宜鼎元大61購09,0,0,0,0.0,0.0,0.0,0,0,0,"-276,000",0,0,0,"124,000","400,000","-276,000","-276,000"
711014,昇佳電元大61購01,0,0,0,0.0,0.0,0.0,0,0,0,"40,000",0,0,0,"40,000",0,"40,000","40,000"
711015,朋程元大61購01,0,0,0,0.0,0.0,0.0,0,0,0,"-496,000",0,0,0,0,"496,000","-496,000","-496,000"
711020,家登元大61購03,0,0,0,0.0,0.0,0.0,0,0,0,"84,000",0,0,0,"84,000",0,"84,000","84,000"
711023,譜瑞元大61購04,0,0,0,0.0,0.0,0.0,0,0,0,"2,000",0,0,0,"2,000",0,"2,000","2,000"
711024,中美晶統一65購01,0,0,0,0.0,0.0,0.0,0,0,0,"-164,000",0,0,0,0,"164,000","-164,000","-164,000"
711025,均豪統一65購01,0,0,0,0.0,0.0,0.0,0,0,0,"109,000",0,0,0,"109,000",0,"109,000","109,000"
711026,朋程統一65購03,0,0,0,0.0,0.0,0.0,0,0,0,"-60,000",0,0,0,0,"60,000","-60,000","-60,000"
711027,茂訊統一67購01,0,0,0,0.0,0.0,0.0,0,0,0,"21,000",0,0,0,"21,000",0,"21,000","21,000"
711029,精材統一67購01,0,0,0,0.0,0.0,0.0,0,0,0,"10,000",0,0,0,"50,000","40,000","10,000","10,000"
711030,營邦統一67購01,0,0,0,0.0,0.0,0.0,0,0,0,"175,000",0,0,0,"195,000","20,000","175,000","175,000"
711036,宜鼎永豐63購02,0,0,0,0.0,0.0,0.0,0,0,0,"155,000",0,0,0,"231,000","76,000","155,000","155,000"
711039,群聯永豐64購07,0,0,0,0.0,0.0,0.0,0,0,0,"54,000",0,0,0,"54,000",0,"54,000","54,000"
711043,宜鼎中信61購03,0,0,0,0.0,0.0,0.0,0,0,0,"-20,000",0,0,0,0,"20,000","-20,000","-20,000"
711046,台特化凱基61購01,0,0,0,0.0,0.0,0.0,0,0,0,"77,000",0,0,0,"77,000",0,"77,000","77,000"
711047,巨有凱基61購02,0,0,0,0.0,0.0,0.0,0,0,0,"19,000",0,0,0,"19,000",0,"19,000","19,000"
711049,宜鼎凱基61購03,0,0,0,0.0,0.0,0.0,0,0,0,"-402,000",0,0,0,"136,000","538,000","-402,000","-402,000"
711056,精材凱基61購08,0,0,0,0.0,0.0,0.0,0,0,0,"13,000",0,0,0,"13,000",0,"13,000","13,000"
711063,群聯群益61購06,0,0,0,0.0,0.0,0.0,0,0,0,"57,000",0,0,0,"57,000",0,"57,000","57,000"
711064,精材群益61購02,0,0,0,0.0,0.0,0.0,0,0,0,"12,000",0,0,0,"17,000","5,000","12,000","12,000"
711065,大樹國票65購01,0,0,0,0.0,0.0,0.0,0,0,0,"-1,000",0,0,0,0,"1,000","-1,000","-1,000"
711066,公準國票65購01,0,0,0,0.0,0.0,0.0,0,0,0,"-185,000",0,0,0,0,"185,000","-185,000","-185,000"
711067,加百裕國票61購01,0,0,0,0.0,0.0,0.0,0,0,0,"-1,000",0,0,0,0,"1,000","-1,000","-1,000"
711072,高僑國票65購01,0,0,0,0.0,0.0,0.0,0,0,0,"2,000",0,0,0,"2,000",0,"2,000","2,000"
711073,智崴國票65購01,0,0,0,0.0,0.0,0.0,0,0,0,"-100,000",0,0,0,0,"100,000","-100,000","-100,000"
711076,撼訊國票65購01,0,0,0,0.0,0.0,0.0,0,0,0,"102,000",0,0,0,"102,000",0,"102,000","102,000"
711079,宜鼎元大61購10,0,0,0,0.0,0.0,0.0,0,0,0,"-69,000",0,0,0,"153,000","222,000","-69,000","-69,000"
711080,智通*元大61購02,0,0,0,0.0,0.0,0.0,0,0,0,"10,000",0,0,0,"10,000",0,"10,000","10,000"
711087,精材國泰62購02,0,0,0,0.0,0.0,0.0,0,0,0,"17,000",0,0,0,"22,000","5,000","17,000","17,000"
711088,中美晶富邦61購03,0,0,0,0.0,0.0,0.0,0,0,0,"1,000",0,0,0,"11,000","10,000","1,000","1,000"
711089,立碁富邦64購01,0,0,0,0.0,0.0,0.0,0,0,0,"104,000",0,0,0,"104,000",0,"104,000","104,000"
711092,精材富邦61購01,0,0,0,0.0,0.0,0.0,0,0,0,"2,000",0,0,0,"3,000","1,000","2,000","2,000"
711093,精材中信61購02,0,0,0,0.0,0.0,0.0,0,0,0,"87,000",0,0,0,"87,000",0,"87,000","87,000"
711096,立端永豐61購01,0,0,0,0.0,0.0,0.0,0,0,0,"36,000",0,0,0,"61,000","25,000","36,000","36,000"
711097,松瑞藥永豐61購01,0,0,0,0.0,0.0,0.0,0,0,0,"29,000",0,0,0,"29,000",0,"29,000","29,000"
711098,磐儀永豐61購02,0,0,0,0.0,0.0,0.0,0,0,0,"75,000",0,0,0,"75,000",0,"75,000","75,000"
711103,世界統一67購01,0,0,0,0.0,0.0,0.0,0,0,0,"41,000",0,0,0,"46,000","5,000","41,000","41,000"
711107,巨有統一6C購01,0,0,0,0.0,0.0,0.0,0,0,0,"-45,000",0,0,0,"5,000","50,000","-45,000","-45,000"
711110,青雲統一69購01,0,0,0,0.0,0.0,0.0,0,0,0,"159,000",0,0,0,"159,000",0,"159,000","159,000"
711111,青雲統一6C購01,0,0,0,0.0,0.0,0.0,0,0,0,"71,000",0,0,0,"74,000","3,000","71,000","71,000"
711113,健喬統一69購01,0,0,0,0.0,0.0,0.0,0,0,0,"4,000",0,0,0,"4,000",0,"4,000","4,000"
711116,陽程統一6C購01,0,0,0,0.0,0.0,0.0,0,0,0,"141,000",0,0,0,"884,000","743,000","141,000","141,000"
711118,頎邦統一65購01,0,0,0,0.0,0.0,0.0,0,0,0,"534,000",0,0,0,"832,000","298,000","534,000","534,000"
711119,頎邦統一67購02,0,0,0,0.0,0.0,0.0,0,0,0,"-435,000",0,0,0,"538,000","973,000","-435,000","-435,000"
711121,頎邦統一6C購01,0,0,0,0.0,0.0,0.0,0,0,0,"-78,000",0,0,0,"76,000","154,000","-78,000","-78,000"
711122,精材統一65購02,0,0,0,0.0,0.0,0.0,0,0,0,"333,000",0,0,0,"430,000","97,000","333,000","333,000"
711123,精材統一67購02,0,0,0,0.0,0.0,0.0,0,0,0,"137,000",0,0,0,"137,000",0,"137,000","137,000"
711124,中美晶凱基64購01,0,0,0,0.0,0.0,0.0,0,0,0,"33,000",0,0,0,"33,000",0,"33,000","33,000"
711125,家登凱基67購01,0,0,0,0.0,0.0,0.0,0,0,0,"20,000",0,0,0,"20,000",0,"20,000","20,000"
711126,陽程凱基61購03,0,0,0,0.0,0.0,0.0,0,0,0,"-30,000",0,0,0,0,"30,000","-30,000","-30,000"
711130,頎邦凱基61購03,0,0,0,0.0,0.0,0.0,0,0,0,"50,000",0,0,0,"50,000",0,"50,000","50,000"
711131,精材凱基61購09,0,0,0,0.0,0.0,0.0,0,0,0,"435,000",0,0,0,"549,000","114,000","435,000","435,000"
711132,臺慶科凱基61購03,0,0,0,0.0,0.0,0.0,0,0,0,"-23,000",0,0,0,0,"23,000","-23,000","-23,000"
711133,宜鼎台新62購01,0,0,0,0.0,0.0,0.0,0,0,0,"160,000",0,0,0,"160,000",0,"160,000","160,000"
711135,茂達台新61購02,0,0,0,0.0,0.0,0.0,0,0,0,"-5,000",0,0,0,0,"5,000","-5,000","-5,000"
711137,群聯台新67購04,0,0,0,0.0,0.0,0.0,0,0,0,"72,000",0,0,0,"96,000","24,000","72,000","72,000"
711138,頎邦台新61購04,0,0,0,0.0,0.0,0.0,0,0,0,"-862,000",0,0,0,"542,000","1,404,000","-862,000","-862,000"
711139,頎邦台新61購05,0,0,0,0.0,0.0,0.0,0,0,0,"323,000",0,0,0,"594,000","271,000","323,000","323,000"
711141,精材台新61購05,0,0,0,0.0,0.0,0.0,0,0,0,"20,000",0,0,0,"20,000",0,"20,000","20,000"
711142,精材台新62購02,0,0,0,0.0,0.0,0.0,0,0,0,"73,000",0,0,0,"73,000",0,"73,000","73,000"
711145,巨漢國票61購01,0,0,0,0.0,0.0,0.0,0,0,0,"166,000",0,0,0,"166,000",0,"166,000","166,000"
711147,奇鈦科國票65購01,0,0,0,0.0,0.0,0.0,0,0,0,"-141,000",0,0,0,"141,000","282,000","-141,000","-141,000"
711150,順達國票65購01,0,0,0,0.0,0.0,0.0,0,0,0,"-190,000",0,0,0,"20,000","210,000","-190,000","-190,000"
711151,精材國票61購04,0,0,0,0.0,0.0,0.0,0,0,0,"19,000",0,0,0,"20,000","1,000","19,000","19,000"
711152,精材國票65購01,0,0,0,0.0,0.0,0.0,0,0,0,"30,000",0,0,0,"30,000",0,"30,000","30,000"
711153,營邦國票61購01,0,0,0,0.0,0.0,0.0,0,0,0,"110,000",0,0,0,"146,000","36,000","110,000","110,000"
711156,台特化群益61購02,0,0,0,0.0,0.0,0.0,0,0,0,"281,000",0,0,0,"281,000",0,"281,000","281,000"
711158,青雲群益61購02,0,0,0,0.0,0.0,0.0,0,0,0,"7,000",0,0,0,"12,000","5,000","7,000","7,000"
711159,威剛群益61購06,0,0,0,0.0,0.0,0.0,0,0,0,"101,000",0,0,0,"101,000",0,"101,000","101,000"
711160,鈊象群益61購02,0,0,0,0.0,0.0,0.0,0,0,0,"26,000",0,0,0,"29,000","3,000","26,000","26,000"
711162,群聯群益61購07,0,0,0,0.0,0.0,0.0,0,0,0,"-557,000",0,0,0,"107,000","664,000","-557,000","-557,000"
711163,精材群益63購03,0,0,0,0.0,0.0,0.0,0,0,0,"15,000",0,0,0,"20,000","5,000","15,000","15,000"
711165,中光電元大61購07,0,0,0,0.0,0.0,0.0,0,0,0,"20,000",0,0,0,"20,000",0,"20,000","20,000"
711166,中美晶元大61購04,0,0,0,0.0,0.0,0.0,0,0,0,"-130,000",0,0,0,"654,000","784,000","-130,000","-130,000"
711167,宜鼎元大63購02,0,0,0,0.0,0.0,0.0,0,0,0,"-2,000",0,0,0,"160,000","162,000","-2,000","-2,000"
711171,順達元大61購01,0,0,0,0.0,0.0,0.0,0,0,0,"38,000",0,0,0,"91,000","53,000","38,000","38,000"
711172,群聯元大61購15,0,0,0,0.0,0.0,0.0,0,0,0,"21,000",0,0,0,"23,000","2,000","21,000","21,000"
711174,精材元大61購10,0,0,0,0.0,0.0,0.0,0,0,0,"24,000",0,0,0,"26,000","2,000","24,000","24,000"
711175,精材元大61購11,0,0,0,0.0,0.0,0.0,0,0,0,"9,000",0,0,0,"9,000",0,"9,000","9,000"
711176,精材元大63購05,0,0,0,0.0,0.0,0.0,0,0,0,"-74,000",0,0,0,"102,000","176,000","-74,000","-74,000"
711177,營邦元大61購01,0,0,0,0.0,0.0,0.0,0,0,0,"-10,000",0,0,0,"292,000","302,000","-10,000","-10,000"
711182,大中統一65購03,0,0,0,0.0,0.0,0.0,0,0,0,"5,000",0,0,0,"5,000",0,"5,000","5,000"
711183,中光電統一65購01,0,0,0,0.0,0.0,0.0,0,0,0,"-100,000",0,0,0,0,"100,000","-100,000","-100,000"
711186,中美晶統一67購01,0,0,0,0.0,0.0,0.0,0,0,0,"-12,000",0,0,0,0,"12,000","-12,000","-12,000"
711188,台嘉碩統一65購01,0,0,0,0.0,0.0,0.0,0,0,0,"1,000",0,0,0,"1,000",0,"1,000","1,000"
711192,亞通統一67購01,0,0,0,0.0,0.0,0.0,0,0,0,"-10,000",0,0,0,"1,000","11,000","-10,000","-10,000"
711193,宜鼎統一67購01,0,0,0,0.0,0.0,0.0,0,0,0,"311,000",0,0,0,"311,000",0,"311,000","311,000"
711198,神準統一67購01,0,0,0,0.0,0.0,0.0,0,0,0,"33,000",0,0,0,"33,000",0,"33,000","33,000"
711206,頎邦統一65購02,0,0,0,0.0,0.0,0.0,0,0,0,"-55,000",0,0,0,0,"55,000","-55,000","-55,000"
711207,頎邦統一67購04,0,0,0,0.0,0.0,0.0,0,0,0,"38,000",0,0,0,"98,000","60,000","38,000","38,000"
711209,碩禾統一67購01,0,0,0,0.0,0.0,0.0,0,0,0,"90,000",0,0,0,"100,000","10,000","90,000","90,000"
711211,精材統一6C購02,0,0,0,0.0,0.0,0.0,0,0,0,"316,000",0,0,0,"470,000","154,000","316,000","316,000"
711212,大樹永豐61購01,0,0,0,0.0,0.0,0.0,0,0,0,"-10,000",0,0,0,0,"10,000","-10,000","-10,000"
711214,宜鼎永豐67購01,0,0,0,0.0,0.0,0.0,0,0,0,"-10,000",0,0,0,0,"10,000","-10,000","-10,000"
711215,智通*永豐65購01,0,0,0,0.0,0.0,0.0,0,0,0,"103,000",0,0,0,"103,000",0,"103,000","103,000"
711217,頎邦永豐65購01,0,0,0,0.0,0.0,0.0,0,0,0,"76,000",0,0,0,"106,000","30,000","76,000","76,000"
711218,精材永豐61購03,0,0,0,0.0,0.0,0.0,0,0,0,"-6,000",0,0,0,0,"6,000","-6,000","-6,000"
711220,精材永豐64購02,0,0,0,0.0,0.0,0.0,0,0,0,"3,000",0,0,0,"3,000",0,"3,000","3,000"
711221,營邦永豐64購01,0,0,0,0.0,0.0,0.0,0,0,0,"76,000",0,0,0,"76,000",0,"76,000","76,000"
711222,廣積國泰62購01,0,0,0,0.0,0.0,0.0,0,0,0,"25,000",0,0,0,"30,000","5,000","25,000","25,000"
711223,營邦國泰62購01,0,0,0,0.0,0.0,0.0,0,0,0,"-12,000",0,0,0,"14,000","26,000","-12,000","-12,000"
711225,元太富邦63購01,0,0,0,0.0,0.0,0.0,0,0,0,"-291,000",0,0,0,0,"291,000","-291,000","-291,000"
711228,宜特富邦63購01,0,0,0,0.0,0.0,0.0,0,0,0,"246,000",0,0,0,"246,000",0,"246,000","246,000"
711230,順達富邦63購01,0,0,0,0.0,0.0,0.0,0,0,0,"-8,000",0,0,0,0,"8,000","-8,000","-8,000"
711233,宜鼎台新63購01,0,0,0,0.0,0.0,0.0,0,0,0,"-6,000",0,0,0,0,"6,000","-6,000","-6,000"
711234,宜鼎台新64購01,0,0,0,0.0,0.0,0.0,0,0,0,"-17,000",0,0,0,"12,000","29,000","-17,000","-17,000"
711236,陽程群益63購01,0,0,0,0.0,0.0,0.0,0,0,0,"-3,000",0,0,0,"405,000","408,000","-3,000","-3,000"
711237,順達群益61購02,0,0,0,0.0,0.0,0.0,0,0,0,"-10,000",0,0,0,0,"10,000","-10,000","-10,000"
711240,中美晶凱基61購07,0,0,0,0.0,0.0,0.0,0,0,0,"-3,000",0,0,0,0,"3,000","-3,000","-3,000"
711241,宜鼎凱基64購01,0,0,0,0.0,0.0,0.0,0,0,0,"39,000",0,0,0,"39,000",0,"39,000","39,000"
711243,威剛凱基61購04,0,0,0,0.0,0.0,0.0,0,0,0,"20,000",0,0,0,"20,000",0,"20,000","20,000"
711244,智通*凱基61購02,0,0,0,0.0,0.0,0.0,0,0,0,"10,000",0,0,0,"10,000",0,"10,000","10,000"
711247,營邦凱基61購02,0,0,0,0.0,0.0,0.0,0,0,0,"25,000",0,0,0,"25,000",0,"25,000","25,000"
711248,雙鴻凱基61購06,0,0,0,0.0,0.0,0.0,0,0,0,"13,000",0,0,0,"13,000",0,"13,000","13,000"
711251,中美晶國票65購02,0,0,0,0.0,0.0,0.0,0,0,0,"4,000",0,0,0,"48,000","44,000","4,000","4,000"
711252,巨有國票61購01,0,0,0,0.0,0.0,0.0,0,0,0,"45,000",0,0,0,"59,000","14,000","45,000","45,000"
711255,晶呈國票65購01,0,0,0,0.0,0.0,0.0,0,0,0,"-1,000",0,0,0,0,"1,000","-1,000","-1,000"
711261,宜鼎元大63購03,0,0,0,0.0,0.0,0.0,0,0,0,"-387,000",0,0,0,"28,000","415,000","-387,000","-387,000"
711262,朋程元大61購02,0,0,0,0.0,0.0,0.0,0,0,0,"-459,000",0,0,0,0,"459,000","-459,000","-459,000"
711264,家登元大61購05,0,0,0,0.0,0.0,0.0,0,0,0,"-72,000",0,0,0,0,"72,000","-72,000","-72,000"
711265,凱崴元大61購01,0,0,0,0.0,0.0,0.0,0,0,0,"32,000",0,0,0,"32,000",0,"32,000","32,000"
711266,群聯元大61購16,0,0,0,0.0,0.0,0.0,0,0,0,"-328,000",0,0,0,0,"328,000","-328,000","-328,000"
711267,臺慶科元大61購04,0,0,0,0.0,0.0,0.0,0,0,0,"224,000",0,0,0,"224,000",0,"224,000","224,000"
711268,營邦元大61購02,0,0,0,0.0,0.0,0.0,0,0,0,"219,000",0,0,0,"319,000","100,000","219,000","219,000"
711272,富喬富邦61購02,0,0,0,0.0,0.0,0.0,0,0,0,"-13,000",0,0,0,"45,000","58,000","-13,000","-13,000"
711280,中光電統一65購02,0,0,0,0.0,0.0,0.0,0,0,0,"-50,000",0,0,0,0,"50,000","-50,000","-50,000"
711282,青雲統一67購01,0,0,0,0.0,0.0,0.0,0,0,0,"239,000",0,0,0,"277,000","38,000","239,000","239,000"
711284,神準統一67購02,0,0,0,0.0,0.0,0.0,0,0,0,"-20,000",0,0,0,0,"20,000","-20,000","-20,000"
711286,順達統一65購04,0,0,0,0.0,0.0,0.0,0,0,0,"495,000",0,0,0,"764,000","269,000","495,000","495,000"
711287,M31台新61購01,0,0,0,0.0,0.0,0.0,0,0,0,"1,000",0,0,0,"1,000",0,"1,000","1,000"
711288,M31台新62購01,0,0,0,0.0,0.0,0.0,0,0,0,"202,000",0,0,0,"202,000",0,"202,000","202,000"
711289,M31台新64購01,0,0,0,0.0,0.0,0.0,0,0,0,"178,000",0,0,0,"178,000",0,"178,000","178,000"
711292,頎邦台新61購06,0,"100,000","-100,000",0.0,0.0,0.0,0,0,0,"15,169,000",0,0,0,"15,370,000","201,000","15,169,000","15,069,000"
711294,M31凱基61購02,0,0,0,0.0,0.0,0.0,0,0,0,"66,000",0,0,0,"66,000",0,"66,000","66,000"
711295,M31凱基61購03,0,0,0,0.0,0.0,0.0,0,0,0,"54,000",0,0,0,"54,000",0,"54,000","54,000"
711296,千附精凱基61購03,0,0,0,0.0,0.0,0.0,0,0,0,"100,000",0,0,0,"100,000",0,"100,000","100,000"
711298,中美晶凱基61購08,0,0,0,0.0,0.0,0.0,0,0,0,"57,000",0,0,0,"57,000",0,"57,000","57,000"
711300,博智凱基63購01,0,0,0,0.0,0.0,0.0,0,0,0,"-60,000",0,0,0,0,"60,000","-60,000","-60,000"
711301,晶呈凱基61購01,0,0,0,0.0,0.0,0.0,0,0,0,"-20,000",0,0,0,0,"20,000","-20,000","-20,000"
711304,臺慶科凱基64購01,0,0,0,0.0,0.0,0.0,0,0,0,"58,000",0,0,0,"81,000","23,000","58,000","58,000"
711306,千附精元大61購01,0,0,0,0.0,0.0,0.0,0,0,0,"-90,000",0,0,0,0,"90,000","-90,000","-90,000"
711308,宏捷科元大66購01,0,0,0,0.0,0.0,0.0,0,0,0,"-20,000",0,0,0,"188,000","208,000","-20,000","-20,000"
711309,宜鼎元大63購04,0,0,0,0.0,0.0,0.0,0,0,0,"-117,000",0,0,0,"166,000","283,000","-117,000","-117,000"
711310,原相元大61購03,0,0,0,0.0,0.0,0.0,0,0,0,"4,000",0,0,0,"4,000",0,"4,000","4,000"
711311,順達元大63購01,0,0,0,0.0,0.0,0.0,0,0,0,"-10,000",0,0,0,"2,000","12,000","-10,000","-10,000"
711312,群聯元大61購17,0,0,0,0.0,0.0,0.0,0,0,0,"-404,000",0,0,0,0,"404,000","-404,000","-404,000"
711313,臺慶科元大61購05,0,0,0,0.0,0.0,0.0,0,0,0,"153,000",0,0,0,"153,000",0,"153,000","153,000"
711321,倉和國票67購01,0,0,0,0.0,0.0,0.0,0,0,0,"1,000",0,0,0,"1,000",0,"1,000","1,000"
711323,頎邦國票64購01,0,0,0,0.0,0.0,0.0,0,0,0,"-59,000",0,0,0,"29,000","88,000","-59,000","-59,000"
711325,M31群益61購01,0,0,0,0.0,0.0,0.0,0,0,0,"61,000",0,0,0,"61,000",0,"61,000","61,000"
711328,博智群益61購02,0,0,0,0.0,0.0,0.0,0,0,0,"15,000",0,0,0,"20,000","5,000","15,000","15,000"
711330,群聯群益63購01,0,0,0,0.0,0.0,0.0,0,0,0,"-31,000",0,0,0,"3,000","34,000","-31,000","-31,000"
711331,M31富邦63購01,0,0,0,0.0,0.0,0.0,0,0,0,"111,000",0,0,0,"111,000",0,"111,000","111,000"
711332,九暘統一65購01,0,0,0,0.0,0.0,0.0,0,0,0,"91,000",0,0,0,"181,000","90,000","91,000","91,000"
711334,M31永豐63購01,0,0,0,0.0,0.0,0.0,0,0,0,"159,000",0,0,0,"159,000",0,"159,000","159,000"
711338,晶呈永豐61購01,0,0,0,0.0,0.0,0.0,0,0,0,"-50,000",0,0,0,0,"50,000","-50,000","-50,000"
711340,千附精台新61購03,0,0,0,0.0,0.0,0.0,0,0,0,"-10,000",0,0,0,0,"10,000","-10,000","-10,000"
711342,創泓台新61購01,0,0,0,0.0,0.0,0.0,0,0,0,"-26,000",0,0,0,"13,000","39,000","-26,000","-26,000"
711345,原相凱基61購03,0,0,0,0.0,0.0,0.0,0,0,0,"-12,000",0,0,0,0,"12,000","-12,000","-12,000"
711346,智通*凱基61購03,0,0,0,0.0,0.0,0.0,0,0,0,"-10,000",0,0,0,0,"10,000","-10,000","-10,000"
711347,群聯凱基63購02,0,0,0,0.0,0.0,0.0,0,0,0,"19,000",0,0,0,"70,000","51,000","19,000","19,000"
711348,頎邦凱基64購02,0,0,0,0.0,0.0,0.0,0,0,0,"7,000",0,0,0,"7,000",0,"7,000","7,000"
711349,雙鴻凱基63購02,0,0,0,0.0,0.0,0.0,0,0,0,"14,000",0,0,0,"14,000",0,"14,000","14,000"
711351,中美晶元大61購05,0,0,0,0.0,0.0,0.0,0,0,0,"499,000",0,0,0,"499,000",0,"499,000","499,000"
711352,創泓元大61購01,0,0,0,0.0,0.0,0.0,0,0,0,"-129,000",0,0,0,"5,000","134,000","-129,000","-129,000"
711353,智通*元大61購04,0,0,0,0.0,0.0,0.0,0,0,0,"-150,000",0,0,0,0,"150,000","-150,000","-150,000"
711357,加高群益61購01,0,0,0,0.0,0.0,0.0,0,0,0,"-10,000",0,0,0,0,"10,000","-10,000","-10,000"
711358,巨有群益61購01,0,0,0,0.0,0.0,0.0,0,0,0,"-14,000",0,0,0,"1,000","15,000","-14,000","-14,000"
711359,均豪群益66購01,0,0,0,0.0,0.0,0.0,0,0,0,"-35,000",0,0,0,"69,000","104,000","-35,000","-35,000"
711361,群聯群益61購08,0,0,0,0.0,0.0,0.0,0,0,0,"49,000",0,0,0,"70,000","21,000","49,000","49,000"
711362,元太永豐61購05,0,0,0,0.0,0.0,0.0,0,0,0,"-30,000",0,0,0,0,"30,000","-30,000","-30,000"
711364,良維永豐61購02,0,0,0,0.0,0.0,0.0,0,0,0,"54,000",0,0,0,"54,000",0,"54,000","54,000"
711367,凱崴永豐61購01,0,0,0,0.0,0.0,0.0,0,0,0,"440,000",0,0,0,"450,000","10,000","440,000","440,000"
711368,博智永豐61購02,0,0,0,0.0,0.0,0.0,0,0,0,"-36,000",0,0,0,0,"36,000","-36,000","-36,000"
711371,順達永豐64購03,0,0,0,0.0,0.0,0.0,0,0,0,"-27,000",0,0,0,0,"27,000","-27,000","-27,000"
711372,群聯永豐64購09,0,0,0,0.0,0.0,0.0,0,0,0,"-35,000",0,0,0,0,"35,000","-35,000","-35,000"
711374,聖暉*永豐64購01,0,0,0,0.0,0.0,0.0,0,0,0,"53,000",0,0,0,"53,000",0,"53,000","53,000"
711381,智擎國票65購01,0,0,0,0.0,0.0,0.0,0,0,0,"-20,000",0,0,0,0,"20,000","-20,000","-20,000"
711385,世界國泰62購03,0,0,0,0.0,0.0,0.0,0,0,0,"356,000",0,0,0,"356,000",0,"356,000","356,000"
711386,宜鼎國泰62購03,0,0,0,0.0,0.0,0.0,0,0,0,"-44,000",0,0,0,0,"44,000","-44,000","-44,000"
711387,青雲國泰62購04,0,0,0,0.0,0.0,0.0,0,0,0,"-95,000",0,0,0,"75,000","170,000","-95,000","-95,000"
711392,宜鼎富邦61購03,0,0,0,0.0,0.0,0.0,0,0,0,"-24,000",0,0,0,"231,000","255,000","-24,000","-24,000"
711393,群聯富邦63購02,0,0,0,0.0,0.0,0.0,0,0,0,"136,000",0,0,0,"166,000","30,000","136,000","136,000"
711396,M31統一6C購01,0,0,0,0.0,0.0,0.0,0,0,0,"18,000",0,0,0,"23,000","5,000","18,000","18,000"
711402,中美晶統一66購04,0,0,0,0.0,0.0,0.0,0,0,0,"10,000",0,0,0,"10,000",0,"10,000","10,000"
711403,世紀*統一67購01,0,0,0,0.0,0.0,0.0,0,0,0,"-1,000",0,0,0,0,"1,000","-1,000","-1,000"
711411,天品國票61購01,0,0,0,0.0,0.0,0.0,0,0,0,"-684,000",0,0,0,"18,000","702,000","-684,000","-684,000"
711414,青雲國票61購02,0,0,0,0.0,0.0,0.0,0,0,0,"-4,000",0,0,0,0,"4,000","-4,000","-4,000"
711415,耕興國票65購01,0,0,0,0.0,0.0,0.0,0,0,0,"7,000",0,0,0,"7,000",0,"7,000","7,000"
711416,晟田國票62購01,0,0,0,0.0,0.0,0.0,0,0,0,"-7,000",0,0,0,0,"7,000","-7,000","-7,000"
711417,博士旺國票61購02,0,0,0,0.0,0.0,0.0,0,0,0,"998,000",0,0,0,"998,000",0,"998,000","998,000"
711419,碩禾國票64購01,0,0,0,0.0,0.0,0.0,0,0,0,"-10,000",0,0,0,0,"10,000","-10,000","-10,000"
711422,晟田台新61購02,0,0,0,0.0,0.0,0.0,0,0,0,0,0,0,0,"50,000","50,000",0,0
711428,世界凱基64購02,0,0,0,0.0,0.0,0.0,0,0,0,"48,000",0,0,0,"48,000",0,"48,000","48,000"
711430,均豪凱基66購01,0,0,0,0.0,0.0,0.0,0,0,0,"-3,000",0,0,0,"12,000","15,000","-3,000","-3,000"
711431,千附元大61購02,0,0,0,0.0,0.0,0.0,0,0,0,"5,000",0,0,0,"5,000",0,"5,000","5,000"
711433,中美晶元大61購06,0,0,0,0.0,0.0,0.0,0,0,0,"237,000",0,0,0,"237,000",0,"237,000","237,000"
711434,中美晶元大61購07,0,0,0,0.0,0.0,0.0,0,0,0,"7,000",0,0,0,"496,000","489,000","7,000","7,000"
711435,中美晶元大61購08,0,0,0,0.0,0.0,0.0,0,0,0,"20,000",0,0,0,"20,000",0,"20,000","20,000"
711437,中美晶元大65購04,0,0,0,0.0,0.0,0.0,0,0,0,"496,000",0,0,0,"496,000",0,"496,000","496,000"
711438,世界元大63購05,0,0,0,0.0,0.0,0.0,0,0,0,"-23,000",0,0,0,0,"23,000","-23,000","-23,000"
711439,家登元大63購01,0,0,0,0.0,0.0,0.0,0,0,0,"-89,000",0,0,0,"1,000","90,000","-89,000","-89,000"
711442,翔名元大61購03,0,0,0,0.0,0.0,0.0,0,0,0,"-203,000",0,0,0,0,"203,000","-203,000","-203,000"
711444,漢科元大61購01,0,0,0,0.0,0.0,0.0,0,0,0,"242,000",0,0,0,"242,000",0,"242,000","242,000"
711449,中美晶永豐61購04,0,0,0,0.0,0.0,0.0,0,0,0,"-150,000",0,0,0,0,"150,000","-150,000","-150,000"
711453,均豪永豐64購02,0,0,0,0.0,0.0,0.0,0,0,0,"7,000",0,0,0,"7,000",0,"7,000","7,000"
711454,宏捷科永豐64購01,0,0,0,0.0,0.0,0.0,0,0,0,"-10,000",0,0,0,"24,000","34,000","-10,000","-10,000"
711457,湧德永豐61購01,0,0,0,0.0,0.0,0.0,0,0,0,"-2,000",0,0,0,"27,000","29,000","-2,000","-2,000"
711458,陽程永豐61購02,0,0,0,0.0,0.0,0.0,0,0,0,"-3,000",0,0,0,0,"3,000","-3,000","-3,000"
711464,廣穎國泰62購01,0,0,0,0.0,0.0,0.0,0,0,0,"-72,000",0,0,0,0,"72,000","-72,000","-72,000"
711477,雙鴻統一6C購01,0,0,0,0.0,0.0,0.0,0,0,0,"-10,000",0,0,0,0,"10,000","-10,000","-10,000"
711481,宜鼎富邦61購04,0,0,0,0.0,0.0,0.0,0,0,0,"101,000",0,0,0,"121,000","20,000","101,000","101,000"
711482,宜鼎群益61購04,0,0,0,0.0,0.0,0.0,0,0,0,"-197,000",0,0,0,"253,000","450,000","-197,000","-197,000"
711484,世界台新61購02,0,0,0,0.0,0.0,0.0,0,0,0,"201,000",0,0,0,"201,000",0,"201,000","201,000"
711487,良維台新61購02,0,0,0,0.0,0.0,0.0,0,0,0,"57,000",0,0,0,"57,000",0,"57,000","57,000"
711488,亞電台新61購01,0,0,0,0.0,0.0,0.0,0,0,0,"-116,000",0,0,0,"90,000","206,000","-116,000","-116,000"
711489,長科*台新61購01,0,0,0,0.0,0.0,0.0,0,0,0,"155,000",0,0,0,"166,000","11,000","155,000","155,000"
711490,千附精群益61購03,0,0,0,0.0,0.0,0.0,0,0,0,0,0,0,0,"50,000","50,000",0,0
711492,亞電群益61購02,0,0,0,0.0,0.0,0.0,0,0,0,"10,000",0,0,0,"10,000",0,"10,000","10,000"
711493,亞電群益61購03,0,0,0,0.0,0.0,0.0,0,0,0,"-7,000",0,0,0,"3,000","10,000","-7,000","-7,000"
711495,世界凱基61購02,0,0,0,0.0,0.0,0.0,0,0,0,"55,000",0,0,0,"55,000",0,"55,000","55,000"
711496,巨漢凱基61購01,0,0,0,0.0,0.0,0.0,0,0,0,"164,000",0,0,0,"164,000",0,"164,000","164,000"
711497,系統電凱基61購02,0,0,0,0.0,0.0,0.0,0,0,0,"3,000",0,0,0,"3,000",0,"3,000","3,000"
711498,宜鼎凱基61購05,0,0,0,0.0,0.0,0.0,0,0,0,"54,000",0,0,0,"179,000","125,000","54,000","54,000"
711500,長科*凱基61購01,0,0,0,0.0,0.0,0.0,0,0,0,"-130,000",0,0,0,0,"130,000","-130,000","-130,000"
711501,威剛凱基61購05,0,0,0,0.0,0.0,0.0,0,0,0,"2,000",0,0,0,"83,000","81,000","2,000","2,000"
711502,家登凱基63購01,0,0,0,0.0,0.0,0.0,0,0,0,"68,000",0,0,0,"105,000","37,000","68,000","68,000"
711503,富喬凱基61購06,0,0,0,0.0,0.0,0.0,0,0,0,"5,000",0,0,0,"5,000",0,"5,000","5,000"
711505,順達凱基61購05,0,0,0,0.0,0.0,0.0,0,0,0,"26,000",0,0,0,"26,000",0,"26,000","26,000"
711506,群聯凱基61購11,0,0,0,0.0,0.0,0.0,0,0,0,"185,000",0,0,0,"195,000","10,000","185,000","185,000"
711507,頎邦凱基61購04,0,0,0,0.0,0.0,0.0,0,0,0,"27,000",0,0,0,"47,000","20,000","27,000","27,000"
711511,亞電元大61購01,0,0,0,0.0,0.0,0.0,0,0,0,"-101,000",0,0,0,"15,000","116,000","-101,000","-101,000"
711512,群聯元大61購18,0,0,0,0.0,0.0,0.0,0,0,0,"-100,000",0,0,0,0,"100,000","-100,000","-100,000"
711513,千附精統一65購01,0,0,0,0.0,0.0,0.0,0,0,0,"-60,000",0,0,0,0,"60,000","-60,000","-60,000"
711515,亞電統一69購01,0,0,0,0.0,0.0,0.0,0,0,0,"-528,000",0,0,0,"117,000","645,000","-528,000","-528,000"
711516,宜鼎統一64購05,0,0,0,0.0,0.0,0.0,0,0,0,"-325,000",0,0,0,0,"325,000","-325,000","-325,000"
711517,倉和統一65購01,0,0,0,0.0,0.0,0.0,0,0,0,"20,000",0,0,0,"20,000",0,"20,000","20,000"
711519,亞電永豐64購01,0,0,0,0.0,0.0,0.0,0,0,0,"-5,000",0,0,0,0,"5,000","-5,000","-5,000"
711521,長科*永豐64購01,0,0,0,0.0,0.0,0.0,0,0,0,"5,000",0,0,0,"5,000",0,"5,000","5,000"
711523,雙鴻永豐64購03,0,0,0,0.0,0.0,0.0,0,0,0,"-71,000",0,0,0,0,"71,000","-71,000","-71,000"
711525,良維國泰62購01,0,0,0,0.0,0.0,0.0,0,0,0,"22,000",0,0,0,"22,000",0,"22,000","22,000"
711527,朋程國泰63購01,0,0,0,0.0,0.0,0.0,0,0,0,"14,000",0,0,0,"14,000",0,"14,000","14,000"
711529,千附精富邦61購01,0,0,0,0.0,0.0,0.0,0,0,0,"157,000",0,0,0,"157,000",0,"157,000","157,000"
711531,宜特富邦63購02,0,0,0,0.0,0.0,0.0,0,0,0,"53,000",0,0,0,"53,000",0,"53,000","53,000"
711532,宜鼎富邦61購05,0,0,0,0.0,0.0,0.0,0,0,0,"72,000",0,0,0,"380,000","308,000","72,000","72,000"
711533,朋程富邦63購04,0,0,0,0.0,0.0,0.0,0,0,0,"204,000",0,0,0,"284,000","80,000","204,000","204,000"
711534,欣銓富邦61購02,0,0,0,0.0,0.0,0.0,0,0,0,"-115,000",0,0,0,"5,000","120,000","-115,000","-115,000"
711535,長科*富邦62購02,0,0,0,0.0,0.0,0.0,0,0,0,"66,000",0,0,0,"66,000",0,"66,000","66,000"
711536,富喬富邦61購03,0,0,0,0.0,0.0,0.0,0,0,0,"201,000",0,0,0,"204,000","3,000","201,000","201,000"
711539,群聯富邦63購03,0,0,0,0.0,0.0,0.0,0,0,0,"-168,000",0,0,0,"15,000","183,000","-168,000","-168,000"
711542,譜瑞富邦63購02,0,0,0,0.0,0.0,0.0,0,0,0,"-5,000",0,0,0,0,"5,000","-5,000","-5,000"
711546,亞電國票61購01,0,0,0,0.0,0.0,0.0,0,0,0,"5,000",0,0,0,"5,000",0,"5,000","5,000"
711548,榮田國票61購01,0,0,0,0.0,0.0,0.0,0,0,0,"-39,000",0,0,0,"1,000","40,000","-39,000","-39,000"
711550,群聯群益61購09,0,0,0,0.0,0.0,0.0,0,0,0,"155,000",0,0,0,"388,000","233,000","155,000","155,000"
711551,千附精國票64購01,0,0,0,0.0,0.0,0.0,0,0,0,"-5,000",0,0,0,0,"5,000","-5,000","-5,000"
711552,立碁國票65購01,0,0,0,0.0,0.0,0.0,0,0,0,"-9,000",0,0,0,"1,000","10,000","-9,000","-9,000"
711553,亞電國票63購01,0,0,0,0.0,0.0,0.0,0,0,0,"20,000",0,0,0,"20,000",0,"20,000","20,000"
711554,亞電國票64購01,0,0,0,0.0,0.0,0.0,0,0,0,"1,000",0,0,0,"4,000","3,000","1,000","1,000"
711556,朋程國票61購01,0,0,0,0.0,0.0,0.0,0,0,0,"7,000",0,0,0,"7,000",0,"7,000","7,000"
711558,頎邦國票66購01,0,0,0,0.0,0.0,0.0,0,0,0,"90,000",0,0,0,"345,000","255,000","90,000","90,000"
711562,亞電台新61購02,0,0,0,0.0,0.0,0.0,0,0,0,"24,000",0,0,0,"27,000","3,000","24,000","24,000"
711563,亞電台新61購03,0,0,0,0.0,0.0,0.0,0,0,0,"20,000",0,0,0,"20,000",0,"20,000","20,000"
711564,青雲台新61購01,0,0,0,0.0,0.0,0.0,0,0,0,"-16,000",0,0,0,"1,000","17,000","-16,000","-16,000"
711566,千附精凱基61購04,0,0,0,0.0,0.0,0.0,0,0,0,"-15,000",0,0,0,0,"15,000","-15,000","-15,000"
711567,世界凱基61購03,0,0,0,0.0,0.0,0.0,0,0,0,0,0,0,0,"4,000","4,000",0,0
711568,亞電凱基61購01,0,0,0,0.0,0.0,0.0,0,0,0,"7,000",0,0,0,"7,000",0,"7,000","7,000"
711570,陽程凱基63購03,0,0,0,0.0,0.0,0.0,0,0,0,"-17,000",0,0,0,0,"17,000","-17,000","-17,000"
711571,群聯凱基66購02,0,0,0,0.0,0.0,0.0,0,0,0,"19,000",0,0,0,"32,000","13,000","19,000","19,000"
711573,群聯永豐67購03,0,0,0,0.0,0.0,0.0,0,0,0,"-2,000",0,0,0,"3,000","5,000","-2,000","-2,000"
711575,元太元大66購04,0,0,0,0.0,0.0,0.0,0,0,0,"325,000",0,0,0,"325,000",0,"325,000","325,000"
711576,均豪元大61購03,0,0,0,0.0,0.0,0.0,0,0,0,"-55,000",0,0,0,0,"55,000","-55,000","-55,000"
711577,青雲元大61購02,0,0,0,0.0,0.0,0.0,0,0,0,"8,000",0,0,0,"10,000","2,000","8,000","8,000"
711580,群聯元大61購19,0,0,0,0.0,0.0,0.0,0,0,0,"89,000",0,0,0,"255,000","166,000","89,000","89,000"
711581,群聯元大63購05,0,0,0,0.0,0.0,0.0,0,0,0,"266,000",0,0,0,"266,000",0,"266,000","266,000"
711586,千附精國泰62購02,0,0,0,0.0,0.0,0.0,0,0,0,"21,000",0,0,0,"21,000",0,"21,000","21,000"
711587,元太國泰62購01,0,0,0,0.0,0.0,0.0,0,0,0,"111,000",0,0,0,"111,000",0,"111,000","111,000"
711591,群聯國泰62購06,0,0,0,0.0,0.0,0.0,0,0,0,"425,000",0,0,0,"435,000","10,000","425,000","425,000"
711594,長科*統一6C購01,0,0,0,0.0,0.0,0.0,0,0,0,"1,000",0,0,0,"24,000","23,000","1,000","1,000"
711595,群聯統一66購02,0,0,0,0.0,0.0,0.0,0,0,0,"77,000",0,0,0,"171,000","94,000","77,000","77,000"
711596,M31富邦63購02,0,0,0,0.0,0.0,0.0,0,0,0,"388,000",0,0,0,"438,000","50,000","388,000","388,000"
711597,久元富邦62購02,0,0,0,0.0,0.0,0.0,0,0,0,"-10,000",0,0,0,0,"10,000","-10,000","-10,000"
711599,宏捷科富邦63購01,0,0,0,0.0,0.0,0.0,0,0,0,"93,000",0,0,0,"140,000","47,000","93,000","93,000"
711601,茂達富邦63購03,0,0,0,0.0,0.0,0.0,0,0,0,0,0,0,0,"75,000","75,000",0,0
711602,頎邦富邦62購01,0,0,0,0.0,0.0,0.0,0,0,0,"925,000",0,0,0,"926,000","1,000","925,000","925,000"
711603,頎邦富邦63購02,0,0,0,0.0,0.0,0.0,0,0,0,"1,421,000",0,0,0,"1,885,000","464,000","1,421,000","1,421,000"
711606,由田凱基61購01,0,0,0,0.0,0.0,0.0,0,0,0,"-12,000",0,0,0,"11,000","23,000","-12,000","-12,000"
711607,宜鼎凱基65購01,0,0,0,0.0,0.0,0.0,0,0,0,"-249,000",0,0,0,"142,000","391,000","-249,000","-249,000"
711609,青雲凱基61購02,0,0,0,0.0,0.0,0.0,0,0,0,"271,000",0,0,0,"311,000","40,000","271,000","271,000"
711610,家登凱基61購03,0,0,0,0.0,0.0,0.0,0,0,0,"105,000",0,0,0,"115,000","10,000","105,000","105,000"
711611,博智凱基63購02,0,0,0,0.0,0.0,0.0,0,0,0,"-201,000",0,0,0,0,"201,000","-201,000","-201,000"
711612,雙鴻凱基61購08,0,0,0,0.0,0.0,0.0,0,0,0,"72,000",0,0,0,"72,000",0,"72,000","72,000"
711613,世界台新61購03,0,0,0,0.0,0.0,0.0,0,0,0,"195,000",0,0,0,"212,000","17,000","195,000","195,000"
711614,台嘉碩台新61購04,0,0,0,0.0,0.0,0.0,0,0,0,"1,000",0,0,0,"2,000","1,000","1,000","1,000"
711617,M31元大61購02,0,0,0,0.0,0.0,0.0,0,0,0,"54,000",0,0,0,"54,000",0,"54,000","54,000"
711618,千附精元大61購03,0,0,0,0.0,0.0,0.0,0,0,0,"-15,000",0,0,0,"5,000","20,000","-15,000","-15,000"
711619,元太元大66購05,0,0,0,0.0,0.0,0.0,0,0,0,"349,000",0,0,0,"354,000","5,000","349,000","349,000"
711620,世禾元大61購01,0,0,0,0.0,0.0,0.0,0,0,0,"-85,000",0,0,0,0,"85,000","-85,000","-85,000"
711621,世界元大61購02,0,0,0,0.0,0.0,0.0,0,0,0,"68,000",0,0,0,"68,000",0,"68,000","68,000"
711622,世界元大63購06,0,0,0,0.0,0.0,0.0,0,0,0,"402,000",0,0,0,"402,000",0,"402,000","402,000"
711624,欣銓元大67購02,0,0,0,0.0,0.0,0.0,0,0,0,"47,000",0,0,0,"47,000",0,"47,000","47,000"
711626,家登元大61購06,0,0,0,0.0,0.0,0.0,0,0,0,"81,000",0,0,0,"81,000",0,"81,000","81,000"
711627,家登元大65購01,0,0,0,0.0,0.0,0.0,0,0,0,"76,000",0,0,0,"76,000",0,"76,000","76,000"
711629,臺慶科元大61購06,0,0,0,0.0,0.0,0.0,0,0,0,"153,000",0,0,0,"153,000",0,"153,000","153,000"
711630,世界群益61購05,0,0,0,0.0,0.0,0.0,0,0,0,"5,000",0,0,0,"10,000","5,000","5,000","5,000"
711631,由田群益61購01,0,0,0,0.0,0.0,0.0,0,0,0,"-186,000",0,0,0,"67,000","253,000","-186,000","-186,000"
711633,群聯群益65購01,0,0,0,0.0,0.0,0.0,0,0,0,"-164,000",0,0,0,"29,000","193,000","-164,000","-164,000"
711634,頎邦群益61購03,0,0,0,0.0,0.0,0.0,0,0,0,"-195,000",0,0,0,"263,000","458,000","-195,000","-195,000"
711635,世界國票61購05,0,0,0,0.0,0.0,0.0,0,0,0,"175,000",0,0,0,"175,000",0,"175,000","175,000"
711636,由田國票61購01,0,0,0,0.0,0.0,0.0,0,0,0,"-59,000",0,0,0,"4,000","63,000","-59,000","-59,000"
711640,茂訊國票65購02,0,0,0,0.0,0.0,0.0,0,0,0,"-93,000",0,0,0,0,"93,000","-93,000","-93,000"
711641,茂綸國票65購01,0,0,0,0.0,0.0,0.0,0,0,0,"33,000",0,0,0,"35,000","2,000","33,000","33,000"
711644,鈊象國票63購01,0,0,0,0.0,0.0,0.0,0,0,0,"181,000",0,0,0,"181,000",0,"181,000","181,000"
711645,精確國票65購01,0,0,0,0.0,0.0,0.0,0,0,0,"83,000",0,0,0,"83,000",0,"83,000","83,000"
711647,家登富邦63購02,0,0,0,0.0,0.0,0.0,0,0,0,"176,000",0,0,0,"262,000","86,000","176,000","176,000"
711648,創惟富邦61購01,0,0,0,0.0,0.0,0.0,0,0,0,"60,000",0,0,0,"60,000",0,"60,000","60,000"
711650,威剛國泰62購02,0,0,0,0.0,0.0,0.0,0,0,0,"1,000",0,0,0,"4,000","3,000","1,000","1,000"
711652,順達國泰62購01,0,0,0,0.0,0.0,0.0,0,0,0,"28,000",0,0,0,"28,000",0,"28,000","28,000"
711653,勤凱國泰62購01,0,0,0,0.0,0.0,0.0,0,0,0,"-58,000",0,0,0,"44,000","102,000","-58,000","-58,000"
711654,由田統一67購01,0,0,0,0.0,0.0,0.0,0,0,0,"-14,000",0,0,0,"6,000","20,000","-14,000","-14,000"
711655,由田統一6C購01,0,0,0,0.0,0.0,0.0,0,0,0,"-38,000",0,0,0,0,"38,000","-38,000","-38,000"
711656,立碁統一67購02,0,0,0,0.0,0.0,0.0,0,0,0,"297,000",0,0,0,"302,000","5,000","297,000","297,000"
711658,聖暉*統一69購01,0,0,0,0.0,0.0,0.0,0,0,0,"-101,000",0,0,0,"40,000","141,000","-101,000","-101,000"
711661,天品永豐64購01,0,0,0,0.0,0.0,0.0,0,0,0,"166,000",0,0,0,"166,000",0,"166,000","166,000"
711663,巨有永豐64購01,0,0,0,0.0,0.0,0.0,0,0,0,"-10,000",0,0,0,"5,000","15,000","-10,000","-10,000"
711668,朋程永豐61購01,0,0,0,0.0,0.0,0.0,0,0,0,"-8,000",0,0,0,0,"8,000","-8,000","-8,000"
711670,原相永豐61購04,0,0,0,0.0,0.0,0.0,0,0,0,"8,000",0,0,0,"8,000",0,"8,000","8,000"
711675,順達永豐61購03,0,0,0,0.0,0.0,0.0,0,0,0,"30,000",0,0,0,"30,000",0,"30,000","30,000"
711676,順達永豐67購02,0,0,0,0.0,0.0,0.0,0,0,0,"84,000",0,0,0,"84,000",0,"84,000","84,000"
711679,系微台新61購01,0,0,0,0.0,0.0,0.0,0,0,0,"47,000",0,0,0,"50,000","3,000","47,000","47,000"
711683,群聯台新61購05,0,0,0,0.0,0.0,0.0,0,0,0,0,0,0,0,"10,000","10,000",0,0
711691,鈊象凱基61購04,0,0,0,0.0,0.0,0.0,0,0,0,"48,000",0,0,0,"48,000",0,"48,000","48,000"
711692,中光電元大64購01,0,0,0,0.0,0.0,0.0,0,0,0,"-200,000",0,0,0,0,"200,000","-200,000","-200,000"
711693,世界元大61購03,0,0,0,0.0,0.0,0.0,0,0,0,"43,000",0,0,0,"43,000",0,"43,000","43,000"
711696,欣銓元大67購03,0,0,0,0.0,0.0,0.0,0,0,0,"432,000",0,0,0,"432,000",0,"432,000","432,000"
711697,泓格元大61購01,0,0,0,0.0,0.0,0.0,0,0,0,"58,000",0,0,0,"58,000",0,"58,000","58,000"
711698,家登元大61購07,0,0,0,0.0,0.0,0.0,0,0,0,"142,000",0,0,0,"142,000",0,"142,000","142,000"
711700,家登元大65購02,0,0,0,0.0,0.0,0.0,0,0,0,"115,000",0,0,0,"115,000",0,"115,000","115,000"
711703,群聯元大64購09,0,0,0,0.0,0.0,0.0,0,0,0,"-64,000",0,0,0,0,"64,000","-64,000","-64,000"
711708,宜特國票63購01,0,0,0,0.0,0.0,0.0,0,0,0,"4,000",0,0,0,"4,000",0,"4,000","4,000"
711710,世界群益61購06,0,0,0,0.0,0.0,0.0,0,0,0,"2,000",0,0,0,"32,000","30,000","2,000","2,000"
711711,欣銓群益61購02,0,0,0,0.0,0.0,0.0,0,0,0,"-61,000",0,0,0,"47,000","108,000","-61,000","-61,000"
711712,威剛群益63購01,0,0,0,0.0,0.0,0.0,0,0,0,"-905,000",0,0,0,0,"905,000","-905,000","-905,000"
711713,高技群益61購01,0,0,0,0.0,0.0,0.0,0,0,0,"1,000",0,0,0,"1,000",0,"1,000","1,000"
711714,鈊象群益61購03,0,0,0,0.0,0.0,0.0,0,0,0,"-3,000",0,0,0,0,"3,000","-3,000","-3,000"
711715,群聯群益65購02,0,0,0,0.0,0.0,0.0,0,0,0,"26,000",0,0,0,"46,000","20,000","26,000","26,000"
711716,頎邦群益61購04,0,0,0,0.0,0.0,0.0,0,0,0,"-241,000",0,0,0,"86,000","327,000","-241,000","-241,000"
711718,營邦群益61購01,0,0,0,0.0,0.0,0.0,0,0,0,"-417,000",0,0,0,"265,000","682,000","-417,000","-417,000"
711720,宜鼎中信61購04,0,0,0,0.0,0.0,0.0,0,0,0,"38,000",0,0,0,"48,000","10,000","38,000","38,000"
711721,威剛中信61購02,0,0,0,0.0,0.0,0.0,0,0,0,"8,000",0,0,0,"8,000",0,"8,000","8,000"
711725,由田永豐61購01,0,0,0,0.0,0.0,0.0,0,0,0,"-683,000",0,0,0,"69,000","752,000","-683,000","-683,000"
711727,原相永豐61購05,0,0,0,0.0,0.0,0.0,0,0,0,"7,000",0,0,0,"7,000",0,"7,000","7,000"
711729,順達永豐61購05,0,0,0,0.0,0.0,0.0,0,0,0,"56,000",0,0,0,"56,000",0,"56,000","56,000"
711730,群翊永豐61購02,0,0,0,0.0,0.0,0.0,0,0,0,"-5,000",0,0,0,0,"5,000","-5,000","-5,000"
711732,精華永豐61購01,0,0,0,0.0,0.0,0.0,0,0,0,"-118,000",0,0,0,0,"118,000","-118,000","-118,000"
711733,臺慶科永豐61購01,0,0,0,0.0,0.0,0.0,0,0,0,"-48,000",0,0,0,"14,000","62,000","-48,000","-48,000"
711735,原相國泰62購01,0,0,0,0.0,0.0,0.0,0,0,0,"100,000",0,0,0,"100,000",0,"100,000","100,000"
711737,由田統一65購01,0,0,0,0.0,0.0,0.0,0,0,0,"-114,000",0,0,0,"50,000","164,000","-114,000","-114,000"
711738,宏捷科統一65購01,0,0,0,0.0,0.0,0.0,0,0,0,"-267,000",0,0,0,0,"267,000","-267,000","-267,000"
711739,長科*統一65購01,0,0,0,0.0,0.0,0.0,0,0,0,"-74,000",0,0,0,"141,000","215,000","-74,000","-74,000"
711740,茂訊統一65購01,0,0,0,0.0,0.0,0.0,0,0,0,"22,000",0,0,0,"22,000",0,"22,000","22,000"
711742,高技統一69購01,0,0,0,0.0,0.0,0.0,0,0,0,"24,000",0,0,0,"24,000",0,"24,000","24,000"
711747,敘豐台新61購01,0,0,0,0.0,0.0,0.0,0,0,0,"-45,000",0,0,0,0,"45,000","-45,000","-45,000"
711748,博士旺台新61購02,0,0,0,0.0,0.0,0.0,0,0,0,"430,000",0,0,0,"430,000",0,"430,000","430,000"
711750,群聯台新63購01,0,0,0,0.0,0.0,0.0,0,0,0,"30,000",0,0,0,"30,000",0,"30,000","30,000"
711751,群聯台新64購01,0,0,0,0.0,0.0,0.0,0,0,0,"3,000",0,0,0,"15,000","12,000","3,000","3,000"
711754,中光電凱基61購07,0,0,0,0.0,0.0,0.0,0,0,0,"-5,000",0,0,0,0,"5,000","-5,000","-5,000"
711757,家登凱基61購04,0,0,0,0.0,0.0,0.0,0,0,0,"10,000",0,0,0,"10,000",0,"10,000","10,000"
711758,高技凱基61購01,0,0,0,0.0,0.0,0.0,0,0,0,"59,000",0,0,0,"59,000",0,"59,000","59,000"
711759,博智凱基61購02,0,0,0,0.0,0.0,0.0,0,0,0,"1,000",0,0,0,"1,000",0,"1,000","1,000"
711760,群聯凱基61購12,0,0,0,0.0,0.0,0.0,0,0,0,"-127,000",0,0,0,"57,000","184,000","-127,000","-127,000"
711769,富喬國票63購01,0,0,0,0.0,0.0,0.0,0,0,0,"19,000",0,0,0,"19,000",0,"19,000","19,000"
711776,神準群益61購01,0,0,0,0.0,0.0,0.0,0,0,0,"-30,000",0,0,0,0,"30,000","-30,000","-30,000"
711777,博士旺群益61購01,0,0,0,0.0,0.0,0.0,0,0,0,"690,000",0,0,0,"870,000","180,000","690,000","690,000"
711779,蜜望實群益61購01,0,0,0,0.0,0.0,0.0,0,0,0,"-1,000",0,0,0,0,"1,000","-1,000","-1,000"
711782,元太元大65購04,0,0,0,0.0,0.0,0.0,0,0,0,"290,000",0,0,0,"290,000",0,"290,000","290,000"
711783,立碁元大61購01,0,0,0,0.0,0.0,0.0,0,0,0,"81,000",0,0,0,"121,000","40,000","81,000","81,000"
711784,艾訊元大61購02,0,0,0,0.0,0.0,0.0,0,0,0,"242,000",0,0,0,"242,000",0,"242,000","242,000"
711787,群聯元大64購10,0,0,0,0.0,0.0,0.0,0,0,0,"305,000",0,0,0,"335,000","30,000","305,000","305,000"
711789,蜜望實元大61購01,0,0,0,0.0,0.0,0.0,0,0,0,"212,000",0,0,0,"214,000","2,000","212,000","212,000"
711793,立碁永豐61購02,0,0,0,0.0,0.0,0.0,0,0,0,"-4,000",0,0,0,0,"4,000","-4,000","-4,000"
711794,全宇昕永豐61購02,0,0,0,0.0,0.0,0.0,0,0,0,"21,000",0,0,0,"21,000",0,"21,000","21,000"
711796,宏碁資永豐61購01,0,0,0,0.0,0.0,0.0,0,0,0,"-3,958,000",0,0,0,"172,000","4,130,000","-3,958,000","-3,958,000"
711797,宜鼎永豐61購04,0,0,0,0.0,0.0,0.0,0,0,0,"29,000",0,0,0,"29,000",0,"29,000","29,000"
711800,高技永豐61購01,0,0,0,0.0,0.0,0.0,0,0,0,0,0,0,0,"30,000","30,000",0,0
711805,凱崴永豐61購02,0,0,0,0.0,0.0,0.0,0,0,0,"523,000",0,0,0,"525,000","2,000","523,000","523,000"
711811,蜜望實永豐61購02,0,0,0,0.0,0.0,0.0,0,0,0,"59,000",0,0,0,"73,000","14,000","59,000","59,000"
711812,蜜望實永豐61購03,0,0,0,0.0,0.0,0.0,0,0,0,"7,000",0,0,0,"7,000",0,"7,000","7,000"
711816,頎邦國泰63購02,0,0,0,0.0,0.0,0.0,0,0,0,"25,000",0,0,0,"44,000","19,000","25,000","25,000"
711818,安勤富邦63購01,0,0,0,0.0,0.0,0.0,0,0,0,"146,000",0,0,0,"146,000",0,"146,000","146,000"
711819,宜鼎富邦67購01,0,0,0,0.0,0.0,0.0,0,0,0,"225,000",0,0,0,"235,000","10,000","225,000","225,000"
711827,蜜望實統一6B購01,0,0,0,0.0,0.0,0.0,0,0,0,"-52,000",0,0,0,0,"52,000","-52,000","-52,000"
711828,蜜望實統一6C購01,0,0,0,0.0,0.0,0.0,0,0,0,"-20,000",0,0,0,0,"20,000","-20,000","-20,000"
711832,天品國票61購02,0,0,0,0.0,0.0,0.0,0,0,0,"96,000",0,0,0,"251,000","155,000","96,000","96,000"
711833,天品國票63購01,0,0,0,0.0,0.0,0.0,0,0,0,"-1,092,000",0,0,0,"69,000","1,161,000","-1,092,000","-1,092,000"
711835,宏碁資國票65購01,0,0,0,0.0,0.0,0.0,0,0,0,"-441,000",0,0,0,"2,000","443,000","-441,000","-441,000"
711836,倚強國票61購01,0,0,0,0.0,0.0,0.0,0,0,0,"-30,000",0,0,0,0,"30,000","-30,000","-30,000"
711839,穩得國票61購01,0,0,0,0.0,0.0,0.0,0,0,0,"-11,000",0,0,0,0,"11,000","-11,000","-11,000"
711841,大世科永豐61購01,0,0,0,0.0,0.0,0.0,0,0,0,"-25,000",0,0,0,0,"25,000","-25,000","-25,000"
711844,安勤永豐61購01,0,0,0,0.0,0.0,0.0,0,0,0,"43,000",0,0,0,"103,000","60,000","43,000","43,000"
711845,岱稜永豐61購01,0,0,0,0.0,0.0,0.0,0,0,0,"40,000",0,0,0,"40,000",0,"40,000","40,000"
711849,頎邦永豐63購01,0,0,0,0.0,0.0,0.0,0,0,0,"-121,000",0,0,0,"2,000","123,000","-121,000","-121,000"
711852,中美晶元大63購04,0,0,0,0.0,0.0,0.0,0,0,0,"785,000",0,0,0,"785,000",0,"785,000","785,000"
711853,中美晶元大67購01,0,0,0,0.0,0.0,0.0,0,0,0,"496,000",0,0,0,"496,000",0,"496,000","496,000"
711854,安勤元大61購01,0,0,0,0.0,0.0,0.0,0,0,0,"499,000",0,0,0,"499,000",0,"499,000","499,000"
711856,欣銓元大65購01,0,0,0,0.0,0.0,0.0,0,0,0,"-50,000",0,0,0,"17,000","67,000","-50,000","-50,000"
711857,泓格元大67購01,0,0,0,0.0,0.0,0.0,0,0,0,"242,000",0,0,0,"242,000",0,"242,000","242,000"
711859,順達元大63購02,0,0,0,0.0,0.0,0.0,0,0,0,"-78,000",0,0,0,"56,000","134,000","-78,000","-78,000"
711860,群聯元大64購11,0,0,0,0.0,0.0,0.0,0,0,0,"45,000",0,0,0,"84,000","39,000","45,000","45,000"
711861,廣積元大61購01,0,0,0,0.0,0.0,0.0,0,0,0,"-300,000",0,0,0,0,"300,000","-300,000","-300,000"
711862,雙鴻元大61購17,0,0,0,0.0,0.0,0.0,0,0,0,"-13,000",0,0,0,0,"13,000","-13,000","-13,000"
711863,雙鴻元大61購18,0,0,0,0.0,0.0,0.0,0,0,0,"610,000",0,0,0,"908,000","298,000","610,000","610,000"
711864,雙鴻元大63購04,0,0,0,0.0,0.0,0.0,0,0,0,"-244,000",0,0,0,"77,000","321,000","-244,000","-244,000"
711867,群聯台新61購09,0,0,0,0.0,0.0,0.0,0,0,0,"10,000",0,0,0,"10,000",0,"10,000","10,000"
711868,頎邦台新61購07,0,0,0,0.0,0.0,0.0,0,0,0,"99,000",0,0,0,"159,000","60,000","99,000","99,000"
711869,蜜望實台新61購01,0,0,0,0.0,0.0,0.0,0,0,0,"56,000",0,0,0,"56,000",0,"56,000","56,000"
711871,中美晶凱基61購11,0,0,0,0.0,0.0,0.0,0,0,0,"332,000",0,0,0,"487,000","155,000","332,000","332,000"
711872,中美晶凱基63購02,0,0,0,0.0,0.0,0.0,0,0,0,"1,000",0,0,0,"38,000","37,000","1,000","1,000"
711873,元太凱基66購01,0,0,0,0.0,0.0,0.0,0,0,0,"50,000",0,0,0,"50,000",0,"50,000","50,000"
711874,立碁凱基61購01,0,0,0,0.0,0.0,0.0,0,0,0,"11,000",0,0,0,"11,000",0,"11,000","11,000"
711875,宜鼎凱基61購06,0,0,0,0.0,0.0,0.0,0,0,0,"378,000",0,0,0,"378,000",0,"378,000","378,000"
711876,宜鼎凱基63購01,0,0,0,0.0,0.0,0.0,0,0,0,"186,000",0,0,0,"213,000","27,000","186,000","186,000"
711878,頎邦凱基61購06,0,0,0,0.0,0.0,0.0,0,0,0,"3,592,000",0,0,0,"3,598,000","6,000","3,592,000","3,592,000"
711879,蜜望實凱基61購01,0,0,0,0.0,0.0,0.0,0,0,0,"359,000",0,0,0,"359,000",0,"359,000","359,000"
711880,營邦凱基61購04,0,0,0,0.0,0.0,0.0,0,0,0,"-114,000",0,0,0,"104,000","218,000","-114,000","-114,000"
711881,雙鴻凱基63購04,0,0,0,0.0,0.0,0.0,0,0,0,"999,000",0,0,0,"999,000",0,"999,000","999,000"
711882,中光電國泰63購01,0,0,0,0.0,0.0,0.0,0,0,0,"3,000",0,0,0,"3,000",0,"3,000","3,000"
711883,立碁國泰63購01,0,0,0,0.0,0.0,0.0,0,0,0,"55,000",0,0,0,"55,000",0,"55,000","55,000"
711887,智通*國泰63購01,0,0,0,0.0,0.0,0.0,0,0,0,"49,000",0,0,0,"50,000","1,000","49,000","49,000"
711888,廣積國泰63購01,0,0,0,0.0,0.0,0.0,0,0,0,"-22,000",0,0,0,0,"22,000","-22,000","-22,000"
711889,中美晶富邦63購02,0,0,0,0.0,0.0,0.0,0,0,0,"-106,000",0,0,0,"2,000","108,000","-106,000","-106,000"
711890,中美晶富邦67購01,0,0,0,0.0,0.0,0.0,0,0,0,"161,000",0,0,0,"202,000","41,000","161,000","161,000"
711891,中美晶富邦77購01,0,0,0,0.0,0.0,0.0,0,0,0,"-20,000",0,0,0,"12,000","32,000","-20,000","-20,000"
711892,世界富邦61購04,0,0,0,0.0,0.0,0.0,0,0,0,"90,000",0,0,0,"90,000",0,"90,000","90,000"
711893,世界富邦67購01,0,0,0,0.0,0.0,0.0,0,0,0,"45,000",0,0,0,"45,000",0,"45,000","45,000"
711894,高技富邦63購01,0,0,0,0.0,0.0,0.0,0,0,0,"310,000",0,0,0,"310,000",0,"310,000","310,000"
711897,蜜望實統一67購01,0,0,0,0.0,0.0,0.0,0,0,0,"-52,000",0,0,0,0,"52,000","-52,000","-52,000"
711900,元太群益61購01,0,0,0,0.0,0.0,0.0,0,0,0,"-111,000",0,0,0,"80,000","191,000","-111,000","-111,000"
711901,高技群益61購02,0,0,0,0.0,0.0,0.0,0,0,0,"115,000",0,0,0,"262,000","147,000","115,000","115,000"
711904,雙鴻群益61購05,0,0,0,0.0,0.0,0.0,0,0,0,"5,000",0,0,0,"13,000","8,000","5,000","5,000"
711905,中光電凱基61購08,0,0,0,0.0,0.0,0.0,0,0,0,"-20,000",0,0,0,0,"20,000","-20,000","-20,000"
711906,中美晶凱基61購12,0,0,0,0.0,0.0,0.0,0,0,0,"-55,000",0,0,0,"20,000","75,000","-55,000","-55,000"
711907,立碁凱基61購02,0,0,0,0.0,0.0,0.0,0,0,0,"79,000",0,0,0,"79,000",0,"79,000","79,000"
711909,欣銓凱基65購01,0,0,0,0.0,0.0,0.0,0,0,0,"190,000",0,0,0,"195,000","5,000","190,000","190,000"
711912,振發凱基61購01,0,0,0,0.0,0.0,0.0,0,0,0,0,0,0,0,"10,000","10,000",0,0
711913,智通*凱基61購05,0,0,0,0.0,0.0,0.0,0,0,0,"10,000",0,0,0,"10,000",0,"10,000","10,000"
711914,順達凱基63購02,0,0,0,0.0,0.0,0.0,0,0,0,"8,000",0,0,0,"41,000","33,000","8,000","8,000"
711916,M31台新67購01,0,0,0,0.0,0.0,0.0,0,0,0,"55,000",0,0,0,"71,000","16,000","55,000","55,000"
711917,世界台新61購04,0,0,0,0.0,0.0,0.0,0,0,0,"41,000",0,0,0,"54,000","13,000","41,000","41,000"
711918,群聯台新67購05,0,0,0,0.0,0.0,0.0,0,0,0,"7,000",0,0,0,"12,000","5,000","7,000","7,000"
711920,M31元大61購03,0,0,0,0.0,0.0,0.0,0,0,0,"109,000",0,0,0,"127,000","18,000","109,000","109,000"
711921,中美晶元大61購10,0,0,0,0.0,0.0,0.0,0,0,0,"-2,000",0,0,0,0,"2,000","-2,000","-2,000"
711922,中美晶元大67購02,0,0,0,0.0,0.0,0.0,0,0,0,"496,000",0,0,0,"496,000",0,"496,000","496,000"
711923,立碁元大61購02,0,0,0,0.0,0.0,0.0,0,0,0,"53,000",0,0,0,"91,000","38,000","53,000","53,000"
711924,宜鼎元大61購11,0,0,0,0.0,0.0,0.0,0,0,0,"83,000",0,0,0,"185,000","102,000","83,000","83,000"
711925,泓格元大61購03,0,0,0,0.0,0.0,0.0,0,0,0,"-423,000",0,0,0,"73,000","496,000","-423,000","-423,000"
711927,鈊象元大61購02,0,0,0,0.0,0.0,0.0,0,0,0,"32,000",0,0,0,"45,000","13,000","32,000","32,000"
711928,群聯元大61購21,0,0,0,0.0,0.0,0.0,0,0,0,"-346,000",0,0,0,"47,000","393,000","-346,000","-346,000"
711929,群聯元大63購06,0,0,0,0.0,0.0,0.0,0,0,0,"131,000",0,0,0,"210,000","79,000","131,000","131,000"
711930,中美晶永豐64購04,0,0,0,0.0,0.0,0.0,0,0,0,"-71,000",0,0,0,"29,000","100,000","-71,000","-71,000"
711932,宜鼎永豐61購05,0,0,0,0.0,0.0,0.0,0,0,0,"79,000",0,0,0,"164,000","85,000","79,000","79,000"
711933,宜鼎永豐63購03,0,0,0,0.0,0.0,0.0,0,0,0,"214,000",0,0,0,"222,000","8,000","214,000","214,000"
711934,鈊象永豐61購02,0,0,0,0.0,0.0,0.0,0,0,0,"41,000",0,0,0,"41,000",0,"41,000","41,000"
711935,廣積永豐61購02,0,0,0,0.0,0.0,0.0,0,0,0,"13,000",0,0,0,"13,000",0,"13,000","13,000"
711937,立碁國票64購01,0,0,0,0.0,0.0,0.0,0,0,0,"32,000",0,0,0,"32,000",0,"32,000","32,000"
711941,頎邦國票63購01,0,0,0,0.0,0.0,0.0,0,0,0,"1,098,000",0,0,0,"1,107,000","9,000","1,098,000","1,098,000"
711942,廣積國票67購01,0,0,0,0.0,0.0,0.0,0,0,0,"19,000",0,0,0,"19,000",0,"19,000","19,000"
711944,晟田國泰63購01,0,0,0,0.0,0.0,0.0,0,0,0,"45,000",0,0,0,"45,000",0,"45,000","45,000"
711945,立碁富邦61購03,0,0,0,0.0,0.0,0.0,0,0,0,"61,000",0,0,0,"61,000",0,"61,000","61,000"
711947,頎邦統一6A購01,0,0,0,0.0,0.0,0.0,0,0,0,"314,000",0,0,0,"318,000","4,000","314,000","314,000"
711949,正德國票62購01,0,0,0,0.0,0.0,0.0,0,0,0,"1,191,000",0,0,0,"1,191,000",0,"1,191,000","1,191,000"
711950,威剛國票62購03,0,0,0,0.0,0.0,0.0,0,0,0,"47,000",0,0,0,"50,000","3,000","47,000","47,000"
711953,群聯國票62購02,0,0,0,0.0,0.0,0.0,0,0,0,"-28,000",0,0,0,0,"28,000","-28,000","-28,000"
711955,宜鼎永豐63購04,0,0,0,0.0,0.0,0.0,0,0,0,"129,000",0,0,0,"129,000",0,"129,000","129,000"
711957,富喬永豐63購01,0,0,0,0.0,0.0,0.0,0,0,0,"-16,000",0,0,0,0,"16,000","-16,000","-16,000"
711959,宜鼎國泰63購01,0,0,0,0.0,0.0,0.0,0,0,0,"73,000",0,0,0,"73,000",0,"73,000","73,000"
711960,群聯國泰65購01,0,0,0,0.0,0.0,0.0,0,0,0,"-25,000",0,0,0,"1,000","26,000","-25,000","-25,000"
711961,群聯富邦63購04,0,0,0,0.0,0.0,0.0,0,0,0,"-5,000",0,0,0,0,"5,000","-5,000","-5,000"
711962,群聯富邦63購05,0,0,0,0.0,0.0,0.0,0,0,0,"362,000",0,0,0,"408,000","46,000","362,000","362,000"
711963,群聯富邦63購06,0,0,0,0.0,0.0,0.0,0,0,0,0,0,0,0,"20,000","20,000",0,0
711966,雙鴻富邦63購04,0,0,0,0.0,0.0,0.0,0,0,0,"-10,000",0,0,0,0,"10,000","-10,000","-10,000"
711971,威剛凱基63購02,0,0,0,0.0,0.0,0.0,0,0,0,"-96,000",0,0,0,"5,000","101,000","-96,000","-96,000"
711972,高技凱基62購01,0,0,0,0.0,0.0,0.0,0,0,0,"20,000",0,0,0,"55,000","35,000","20,000","20,000"
711975,頎邦凱基63購02,0,0,0,0.0,0.0,0.0,0,0,0,"1,000",0,0,0,"2,000","1,000","1,000","1,000"
711978,雙鴻凱基62購01,0,0,0,0.0,0.0,0.0,0,0,0,"-23,000",0,0,0,0,"23,000","-23,000","-23,000"
711979,M31元大62購01,0,0,0,0.0,0.0,0.0,0,0,0,"77,000",0,0,0,"77,000",0,"77,000","77,000"
711980,M31元大65購01,0,0,0,0.0,0.0,0.0,0,0,0,"409,000",0,0,0,"411,000","2,000","409,000","409,000"
711982,良維元大62購01,0,0,0,0.0,0.0,0.0,0,0,0,"2,000",0,0,0,"2,000",0,"2,000","2,000"
711983,威剛元大62購03,0,0,0,0.0,0.0,0.0,0,0,0,"-4,000",0,0,0,0,"4,000","-4,000","-4,000"
711986,鈊象元大62購05,0,0,0,0.0,0.0,0.0,0,0,0,"201,000",0,0,0,"201,000",0,"201,000","201,000"
711987,鈊象元大62購06,0,0,0,0.0,0.0,0.0,0,0,0,"114,000",0,0,0,"114,000",0,"114,000","114,000"
711988,群聯元大62購04,0,0,0,0.0,0.0,0.0,0,0,0,"-52,000",0,0,0,"45,000","97,000","-52,000","-52,000"
711989,中光電永豐63購01,0,0,0,0.0,0.0,0.0,0,0,0,"-55,000",0,0,0,0,"55,000","-55,000","-55,000"
711990,家登永豐63購01,0,0,0,0.0,0.0,0.0,0,0,0,"-13,000",0,0,0,0,"13,000","-13,000","-13,000"
711991,富喬永豐65購02,0,0,0,0.0,0.0,0.0,0,0,0,"-102,000",0,0,0,0,"102,000","-102,000","-102,000"
711992,富喬永豐68購02,0,0,0,0.0,0.0,0.0,0,0,0,"-18,000",0,0,0,0,"18,000","-18,000","-18,000"
711994,新應材群益62購01,0,0,0,0.0,0.0,0.0,0,0,0,"53,000",0,0,0,"58,000","5,000","53,000","53,000"
711995,中美晶台新62購01,0,0,0,0.0,0.0,0.0,0,0,0,"46,000",0,0,0,"444,000","398,000","46,000","46,000"
711997,欣銓台新62購01,0,0,0,0.0,0.0,0.0,0,0,0,"11,000",0,0,0,"13,000","2,000","11,000","11,000"
712000,臺慶科台新62購01,0,0,0,0.0,0.0,0.0,0,0,0,"-9,000",0,0,0,"23,000","32,000","-9,000","-9,000"
712003,巨漢凱基63購01,0,0,0,0.0,0.0,0.0,0,0,0,"136,000",0,0,0,"140,000","4,000","136,000","136,000"
712006,順達凱基63購03,0,0,0,0.0,0.0,0.0,0,0,0,"25,000",0,0,0,"25,000",0,"25,000","25,000"
712009,群聯凱基64購05,0,0,0,0.0,0.0,0.0,0,0,0,"-12,000",0,0,0,"24,000","36,000","-12,000","-12,000"
712010,元太國票64購01,0,0,0,0.0,0.0,0.0,0,0,0,"7,000",0,0,0,"15,000","8,000","7,000","7,000"
712012,光焱國票66購01,0,0,0,0.0,0.0,0.0,0,0,0,"-87,000",0,0,0,"65,000","152,000","-87,000","-87,000"
712013,光焱國票68購01,0,0,0,0.0,0.0,0.0,0,0,0,"-80,000",0,0,0,0,"80,000","-80,000","-80,000"
712014,沛亨國票66購01,0,0,0,0.0,0.0,0.0,0,0,0,"127,000",0,0,0,"132,000","5,000","127,000","127,000"
712016,順達國票65購02,0,0,0,0.0,0.0,0.0,0,0,0,"-20,000",0,0,0,0,"20,000","-20,000","-20,000"
712019,中美晶元大64購03,0,0,0,0.0,0.0,0.0,0,0,0,"22,000",0,0,0,"26,000","4,000","22,000","22,000"
712020,均華元大64購01,0,0,0,0.0,0.0,0.0,0,0,0,"5,000",0,0,0,"5,000",0,"5,000","5,000"
712021,均豪元大64購03,0,0,0,0.0,0.0,0.0,0,0,0,"135,000",0,0,0,"140,000","5,000","135,000","135,000"
712024,良維元大64購01,0,0,0,0.0,0.0,0.0,0,0,0,"14,000",0,0,0,"14,000",0,"14,000","14,000"
712025,宜鼎元大64購01,0,0,0,0.0,0.0,0.0,0,0,0,"59,000",0,0,0,"243,000","184,000","59,000","59,000"
712027,鈊象元大63購06,0,0,0,0.0,0.0,0.0,0,0,0,"114,000",0,0,0,"119,000","5,000","114,000","114,000"
712028,鈊象元大63購07,0,0,0,0.0,0.0,0.0,0,0,0,"-31,000",0,0,0,"19,000","50,000","-31,000","-31,000"
712030,新應材元大63購01,0,0,0,0.0,0.0,0.0,0,0,0,"4,000",0,0,0,"24,000","20,000","4,000","4,000"
712031,新應材元大63購02,0,0,0,0.0,0.0,0.0,0,0,0,"25,000",0,0,0,"25,000",0,"25,000","25,000"
712034,群聯元大63購07,0,0,0,0.0,0.0,0.0,0,0,0,"-95,000",0,0,0,"14,000","109,000","-95,000","-95,000"
712035,群聯元大63購08,0,0,0,0.0,0.0,0.0,0,0,0,"79,000",0,0,0,"88,000","9,000","79,000","79,000"
712036,群聯元大64購12,0,0,0,0.0,0.0,0.0,0,0,0,"44,000",0,0,0,"90,000","46,000","44,000","44,000"
712038,聖暉*國泰63購01,0,0,0,0.0,0.0,0.0,0,0,0,"2,000",0,0,0,"48,000","46,000","2,000","2,000"
712039,M31富邦65購01,0,0,0,0.0,0.0,0.0,0,0,0,"181,000",0,0,0,"181,000",0,"181,000","181,000"
712042,艾訊國票67購01,0,0,0,0.0,0.0,0.0,0,0,0,"-20,000",0,0,0,0,"20,000","-20,000","-20,000"
712043,宏捷科國票69購01,0,0,0,0.0,0.0,0.0,0,0,0,"5,000",0,0,0,"16,000","11,000","5,000","5,000"
712046,竑騰群益62購01,0,0,0,0.0,0.0,0.0,0,0,0,"3,000",0,0,0,"8,000","5,000","3,000","3,000"
712047,順達群益62購01,0,0,0,0.0,0.0,0.0,0,0,0,"-13,000",0,0,0,"11,000","24,000","-13,000","-13,000"
712048,新應材群益62購02,0,0,0,0.0,0.0,0.0,0,0,0,"35,000",0,0,0,"37,000","2,000","35,000","35,000"
712052,中光電元大64購02,0,0,0,0.0,0.0,0.0,0,0,0,"-5,000",0,0,0,0,"5,000","-5,000","-5,000"
712053,宜鼎元大63購05,0,0,0,0.0,0.0,0.0,0,0,0,"-170,000",0,0,0,"86,000","256,000","-170,000","-170,000"
712054,宜鼎元大64購02,0,0,0,0.0,0.0,0.0,0,0,0,"315,000",0,0,0,"319,000","4,000","315,000","315,000"
712055,威剛元大63購01,0,0,0,0.0,0.0,0.0,0,0,0,"-3,000",0,0,0,0,"3,000","-3,000","-3,000"
712057,倉和元大63購01,0,0,0,0.0,0.0,0.0,0,0,0,"2,000",0,0,0,"2,000",0,"2,000","2,000"
712058,高技元大63購01,0,0,0,0.0,0.0,0.0,0,0,0,"38,000",0,0,0,"38,000",0,"38,000","38,000"
712060,智通*元大63購03,0,0,0,0.0,0.0,0.0,0,0,0,"38,000",0,0,0,"38,000",0,"38,000","38,000"
712061,智通*元大64購01,0,0,0,0.0,0.0,0.0,0,0,0,"56,000",0,0,0,"56,000",0,"56,000","56,000"
712062,群聯元大63購09,0,0,0,0.0,0.0,0.0,0,0,0,"2,000",0,0,0,"2,000",0,"2,000","2,000"
712063,蜜望實元大63購01,0,0,0,0.0,0.0,0.0,0,0,0,"171,000",0,0,0,"182,000","11,000","171,000","171,000"
712064,廣穎元大63購01,0,0,0,0.0,0.0,0.0,0,0,0,"-98,000",0,0,0,0,"98,000","-98,000","-98,000"
712067,雙鴻元大64購03,0,0,0,0.0,0.0,0.0,0,0,0,"-162,000",0,0,0,0,"162,000","-162,000","-162,000"
712068,均華國泰63購01,0,0,0,0.0,0.0,0.0,0,0,0,"-10,000",0,0,0,0,"10,000","-10,000","-10,000"
712070,順達國泰63購01,0,0,0,0.0,0.0,0.0,0,0,0,"15,000",0,0,0,"15,000",0,"15,000","15,000"
712071,順達國泰63購02,0,0,0,0.0,0.0,0.0,0,0,0,"6,000",0,0,0,"62,000","56,000","6,000","6,000"
712073,新應材國泰63購01,0,0,0,0.0,0.0,0.0,0,0,0,"20,000",0,0,0,"20,000",0,"20,000","20,000"
712074,營邦國泰63購01,0,0,0,0.0,0.0,0.0,0,0,0,"-10,000",0,0,0,0,"10,000","-10,000","-10,000"
712076,竑騰永豐63購01,0,0,0,0.0,0.0,0.0,0,0,0,"-42,000",0,0,0,0,"42,000","-42,000","-42,000"
712078,順達永豐63購01,0,0,0,0.0,0.0,0.0,0,0,0,"50,000",0,0,0,"65,000","15,000","50,000","50,000"
712080,新應材永豐68購02,0,0,0,0.0,0.0,0.0,0,0,0,"52,000",0,0,0,"52,000",0,"52,000","52,000"
712083,均華凱基64購01,0,0,0,0.0,0.0,0.0,0,0,0,"130,000",0,0,0,"130,000",0,"130,000","130,000"
712084,沛亨凱基63購01,0,0,0,0.0,0.0,0.0,0,0,0,"50,000",0,0,0,"50,000",0,"50,000","50,000"
712085,宜鼎凱基68購01,0,0,0,0.0,0.0,0.0,0,0,0,"175,000",0,0,0,"358,000","183,000","175,000","175,000"
712086,新應材凱基63購01,0,0,0,0.0,0.0,0.0,0,0,0,"24,000",0,0,0,"24,000",0,"24,000","24,000"
712087,新應材凱基63購02,0,0,0,0.0,0.0,0.0,0,0,0,"5,000",0,0,0,"5,000",0,"5,000","5,000"
712088,新應材凱基63購03,0,0,0,0.0,0.0,0.0,0,0,0,"19,000",0,0,0,"19,000",0,"19,000","19,000"
712090,群聯凱基63購05,0,0,0,0.0,0.0,0.0,0,0,0,"-8,000",0,0,0,0,"8,000","-8,000","-8,000"
712091,臺慶科凱基63購02,0,0,0,0.0,0.0,0.0,0,0,0,"-56,000",0,0,0,"130,000","186,000","-56,000","-56,000"
712093,譜瑞凱基63購01,0,0,0,0.0,0.0,0.0,0,0,0,"137,000",0,0,0,"137,000",0,"137,000","137,000"
712094,世界台新65購01,0,0,0,0.0,0.0,0.0,0,0,0,"-10,000",0,0,0,0,"10,000","-10,000","-10,000"
712095,巨漢台新62購01,0,0,0,0.0,0.0,0.0,0,0,0,"2,398,000",0,0,0,"2,398,000",0,"2,398,000","2,398,000"
712098,宜鼎台新62購03,0,0,0,0.0,0.0,0.0,0,0,0,"-13,000",0,0,0,0,"13,000","-13,000","-13,000"
712102,博磊台新62購01,0,0,0,0.0,0.0,0.0,0,0,0,"-105,000",0,0,0,0,"105,000","-105,000","-105,000"
712103,群聯台新68購01,0,0,0,0.0,0.0,0.0,0,0,0,"18,000",0,0,0,"18,000",0,"18,000","18,000"
712104,聚和台新62購01,0,0,0,0.0,0.0,0.0,0,0,0,"-9,000",0,0,0,0,"9,000","-9,000","-9,000"
712107,營邦台新65購01,0,0,0,0.0,0.0,0.0,0,0,0,"3,000",0,0,0,"3,000",0,"3,000","3,000"
712109,宜鼎富邦62購01,0,0,0,0.0,0.0,0.0,0,0,0,"43,000",0,0,0,"330,000","287,000","43,000","43,000"
712112,順達富邦63購02,0,0,0,0.0,0.0,0.0,0,0,0,"90,000",0,0,0,"110,000","20,000","90,000","90,000"
712118,群聯統一6A購01,0,0,0,0.0,0.0,0.0,0,0,0,"-22,000",0,0,0,"3,000","25,000","-22,000","-22,000"
712121,系微國票65購02,0,0,0,0.0,0.0,0.0,0,0,0,"-13,000",0,0,0,0,"13,000","-13,000","-13,000"
712122,松上國票65購01,0,0,0,0.0,0.0,0.0,0,0,0,"87,000",0,0,0,"87,000",0,"87,000","87,000"
712123,前鼎國票65購01,0,0,0,0.0,0.0,0.0,0,0,0,"-6,000",0,0,0,0,"6,000","-6,000","-6,000"
712126,順達國票67購01,0,0,0,0.0,0.0,0.0,0,0,0,"19,000",0,0,0,"19,000",0,"19,000","19,000"
712129,宜鼎台新62購04,0,0,0,0.0,0.0,0.0,0,0,0,"12,000",0,0,0,"12,000",0,"12,000","12,000"
712133,中美晶元大64購04,0,0,0,0.0,0.0,0.0,0,0,0,"40,000",0,0,0,"174,000","134,000","40,000","40,000"
712134,台特化元大64購01,0,0,0,0.0,0.0,0.0,0,0,0,"116,000",0,0,0,"116,000",0,"116,000","116,000"
712136,廣積元大63購04,0,0,0,0.0,0.0,0.0,0,0,0,"6,000",0,0,0,"6,000",0,"6,000","6,000"
712138,中美晶中信62購01,0,0,0,0.0,0.0,0.0,0,0,0,"-13,000",0,0,0,"11,000","24,000","-13,000","-13,000"
712139,富喬中信64購01,0,0,0,0.0,0.0,0.0,0,0,0,"-138,000",0,0,0,0,"138,000","-138,000","-138,000"
712142,宜鼎永豐63購05,0,0,0,0.0,0.0,0.0,0,0,0,"-10,000",0,0,0,0,"10,000","-10,000","-10,000"
712143,宜鼎永豐64購03,0,0,0,0.0,0.0,0.0,0,0,0,"41,000",0,0,0,"138,000","97,000","41,000","41,000"
712144,宜鼎永豐65購02,0,0,0,0.0,0.0,0.0,0,0,0,"-24,000",0,0,0,"90,000","114,000","-24,000","-24,000"
712148,頎邦永豐63購02,0,0,0,0.0,0.0,0.0,0,0,0,"70,000",0,0,0,"71,000","1,000","70,000","70,000"
712149,雙鴻永豐63購04,0,0,0,0.0,0.0,0.0,0,0,0,"-21,000",0,0,0,0,"21,000","-21,000","-21,000"
712150,雙鴻永豐64購04,0,0,0,0.0,0.0,0.0,0,0,0,"-91,000",0,0,0,0,"91,000","-91,000","-91,000"
712152,世界群益62購03,0,0,0,0.0,0.0,0.0,0,0,0,"42,000",0,0,0,"103,000","61,000","42,000","42,000"
712153,均華群益68購01,0,0,0,0.0,0.0,0.0,0,0,0,"158,000",0,0,0,"407,000","249,000","158,000","158,000"
712154,宜特群益62購01,0,0,0,0.0,0.0,0.0,0,0,0,"137,000",0,0,0,"137,000",0,"137,000","137,000"
712155,家登群益62購01,0,0,0,0.0,0.0,0.0,0,0,0,"30,000",0,0,0,"30,000",0,"30,000","30,000"
712157,群聯群益64購02,0,0,0,0.0,0.0,0.0,0,0,0,"-116,000",0,0,0,"60,000","176,000","-116,000","-116,000"
712158,頎邦群益62購01,0,0,0,0.0,0.0,0.0,0,0,0,"34,000",0,0,0,"39,000","5,000","34,000","34,000"
712159,雙鴻群益64購01,0,0,0,0.0,0.0,0.0,0,0,0,"-7,000",0,0,0,0,"7,000","-7,000","-7,000"
712160,中美晶凱基63購05,0,0,0,0.0,0.0,0.0,0,0,0,"37,000",0,0,0,"37,000",0,"37,000","37,000"
712161,宏捷科凱基67購01,0,0,0,0.0,0.0,0.0,0,0,0,"387,000",0,0,0,"407,000","20,000","387,000","387,000"
712163,宜鼎凱基63購02,0,0,0,0.0,0.0,0.0,0,0,0,"119,000",0,0,0,"142,000","23,000","119,000","119,000"
712164,威剛凱基64購02,0,0,0,0.0,0.0,0.0,0,0,0,"10,000",0,0,0,"10,000",0,"10,000","10,000"
712166,智通*凱基63購01,0,0,0,0.0,0.0,0.0,0,0,0,0,0,0,0,"10,000","10,000",0,0
712167,群聯凱基63購06,0,0,0,0.0,0.0,0.0,0,0,0,"-42,000",0,0,0,0,"42,000","-42,000","-42,000"
712168,蜜望實凱基63購01,0,0,0,0.0,0.0,0.0,0,0,0,"40,000",0,0,0,"40,000",0,"40,000","40,000"
712169,營邦凱基63購01,0,0,0,0.0,0.0,0.0,0,0,0,"67,000",0,0,0,"97,000","30,000","67,000","67,000"
712170,雙鴻凱基63購06,0,0,0,0.0,0.0,0.0,0,0,0,"50,000",0,0,0,"60,000","10,000","50,000","50,000"
712172,博智富邦63購02,0,0,0,0.0,0.0,0.0,0,0,0,"159,000",0,0,0,"162,000","3,000","159,000","159,000"
712174,中美晶國泰63購03,0,0,0,0.0,0.0,0.0,0,0,0,"-50,000",0,0,0,0,"50,000","-50,000","-50,000"
712178,元太統一6A購01,0,0,0,0.0,0.0,0.0,0,0,0,"-25,000",0,0,0,0,"25,000","-25,000","-25,000"
712180,中光電元大64購04,0,0,0,0.0,0.0,0.0,0,0,0,"-232,000",0,0,0,0,"232,000","-232,000","-232,000"
712181,弘塑元大63購03,0,0,0,0.0,0.0,0.0,0,0,0,"133,000",0,0,0,"317,000","184,000","133,000","133,000"
712182,弘塑元大64購02,0,0,0,0.0,0.0,0.0,0,0,0,"181,000",0,0,0,"677,000","496,000","181,000","181,000"
712183,艾訊元大63購01,0,0,0,0.0,0.0,0.0,0,0,0,"-1,000",0,0,0,"2,000","3,000","-1,000","-1,000"
712184,威剛元大63購04,0,0,0,0.0,0.0,0.0,0,0,0,"-25,000",0,0,0,0,"25,000","-25,000","-25,000"
712185,威剛元大64購03,0,0,0,0.0,0.0,0.0,0,0,0,"-3,000",0,0,0,0,"3,000","-3,000","-3,000"
712187,萬潤元大63購01,0,0,0,0.0,0.0,0.0,0,0,0,"667,000",0,0,0,"737,000","70,000","667,000","667,000"
712189,中美晶台新65購03,0,0,0,0.0,0.0,0.0,0,0,0,"-1,000",0,0,0,"12,000","13,000","-1,000","-1,000"
712194,家登台新62購03,0,0,0,0.0,0.0,0.0,0,0,0,"17,000",0,0,0,"17,000",0,"17,000","17,000"
712195,家登台新65購01,0,0,0,0.0,0.0,0.0,0,0,0,"1,000",0,0,0,"1,000",0,"1,000","1,000"
712196,萬潤台新62購01,0,0,0,0.0,0.0,0.0,0,0,0,0,0,0,0,"10,000","10,000",0,0
712197,萬潤台新62購02,0,0,0,0.0,0.0,0.0,0,0,0,"48,000",0,0,0,"66,000","18,000","48,000","48,000"
712198,萬潤台新62購03,0,"50,000","-50,000",0.0,0.0,0.0,0,0,0,"296,000",0,0,0,"395,000","99,000","296,000","246,000"
712199,萬潤台新65購01,0,0,0,0.0,0.0,0.0,0,0,0,"-123,000",0,0,0,"317,000","440,000","-123,000","-123,000"
712200,萬潤台新68購01,0,0,0,0.0,0.0,0.0,0,0,0,"315,000",0,0,0,"1,128,000","813,000","315,000","315,000"
712204,宜特凱基63購01,0,0,0,0.0,0.0,0.0,0,0,0,"29,000",0,0,0,"29,000",0,"29,000","29,000"
712205,高技凱基63購01,0,0,0,0.0,0.0,0.0,0,0,0,"16,000",0,0,0,"16,000",0,"16,000","16,000"
712209,廣積凱基63購01,0,0,0,0.0,0.0,0.0,0,0,0,0,0,0,0,"30,000","30,000",0,0
712211,富喬中信64購02,0,0,0,0.0,0.0,0.0,0,0,0,"-5,000",0,0,0,"5,000","10,000","-5,000","-5,000"
712212,中美晶永豐64購05,0,0,0,0.0,0.0,0.0,0,0,0,"8,000",0,0,0,"26,000","18,000","8,000","8,000"
712214,朋億*永豐63購01,0,0,0,0.0,0.0,0.0,0,0,0,"-1,000",0,0,0,0,"1,000","-1,000","-1,000"
712215,金山電永豐65購01,0,0,0,0.0,0.0,0.0,0,0,0,"-64,000",0,0,0,"66,000","130,000","-64,000","-64,000"
712216,家登永豐63購02,0,0,0,0.0,0.0,0.0,0,0,0,"30,000",0,0,0,"30,000",0,"30,000","30,000"
712218,萬潤永豐65購01,0,0,0,0.0,0.0,0.0,0,0,0,"578,000",0,0,0,"899,000","321,000","578,000","578,000"
712219,萬潤永豐66購01,0,0,0,0.0,0.0,0.0,0,0,0,"68,000",0,0,0,"68,000",0,"68,000","68,000"
712220,萬潤永豐68購01,0,0,0,0.0,0.0,0.0,0,0,0,"485,000",0,0,0,"671,000","186,000","485,000","485,000"
712222,營邦永豐63購01,0,0,0,0.0,0.0,0.0,0,0,0,"9,000",0,0,0,"9,000",0,"9,000","9,000"
712224,互動國票66購01,0,0,0,0.0,0.0,0.0,0,0,0,"10,000",0,0,0,"10,000",0,"10,000","10,000"
712225,朋億*國票66購01,0,0,0,0.0,0.0,0.0,0,0,0,"-1,000",0,0,0,0,"1,000","-1,000","-1,000"
712226,金山電國票65購01,0,0,0,0.0,0.0,0.0,0,0,0,"-17,000",0,0,0,0,"17,000","-17,000","-17,000"
712227,金山電國票67購01,0,0,0,0.0,0.0,0.0,0,0,0,"14,000",0,0,0,"51,000","37,000","14,000","14,000"
712230,凱崴國票65購01,0,0,0,0.0,0.0,0.0,0,0,0,"-10,000",0,0,0,0,"10,000","-10,000","-10,000"
712234,萬潤國票66購01,0,0,0,0.0,0.0,0.0,0,0,0,"315,000",0,0,0,"536,000","221,000","315,000","315,000"
712235,萬潤國票68購01,0,0,0,0.0,0.0,0.0,0,0,0,"427,000",0,0,0,"442,000","15,000","427,000","427,000"
712236,中美晶富邦62購02,0,0,0,0.0,0.0,0.0,0,0,0,"-309,000",0,0,0,"262,000","571,000","-309,000","-309,000"
712237,弘塑富邦63購02,0,0,0,0.0,0.0,0.0,0,0,0,"-16,000",0,0,0,"81,000","97,000","-16,000","-16,000"
712239,中美晶群益62購03,0,0,0,0.0,0.0,0.0,0,0,0,"-28,000",0,0,0,0,"28,000","-28,000","-28,000"
712241,弘塑群益62購01,0,0,0,0.0,0.0,0.0,0,0,0,"200,000",0,0,0,"200,000",0,"200,000","200,000"
712243,宏捷科群益64購01,0,0,0,0.0,0.0,0.0,0,0,0,"44,000",0,0,0,"176,000","132,000","44,000","44,000"
712244,系統電群益62購01,0,0,0,0.0,0.0,0.0,0,0,0,"10,000",0,0,0,"10,000",0,"10,000","10,000"
712245,宜鼎群益62購01,0,0,0,0.0,0.0,0.0,0,0,0,"88,000",0,0,0,"202,000","114,000","88,000","88,000"
712246,金山電群益62購01,0,0,0,0.0,0.0,0.0,0,0,0,"120,000",0,0,0,"226,000","106,000","120,000","120,000"
712247,前鼎群益68購01,0,0,0,0.0,0.0,0.0,0,0,0,"-15,000",0,0,0,0,"15,000","-15,000","-15,000"
712249,原相群益62購01,0,0,0,0.0,0.0,0.0,0,0,0,"-1,000",0,0,0,"29,000","30,000","-1,000","-1,000"
712250,智通*群益62購01,0,0,0,0.0,0.0,0.0,0,0,0,"-31,000",0,0,0,"72,000","103,000","-31,000","-31,000"
712252,萬潤群益68購01,0,0,0,0.0,0.0,0.0,0,0,0,"647,000",0,0,0,"667,000","20,000","647,000","647,000"
712253,群聯群益68購01,0,0,0,0.0,0.0,0.0,0,0,0,"102,000",0,0,0,"102,000",0,"102,000","102,000"
712254,頎邦群益62購02,0,0,0,0.0,0.0,0.0,0,0,0,"100,000",0,0,0,"156,000","56,000","100,000","100,000"
712255,雙鴻群益62購03,0,0,0,0.0,0.0,0.0,0,0,0,"10,000",0,0,0,"10,000",0,"10,000","10,000"
712257,世禾統一68購01,0,0,0,0.0,0.0,0.0,0,0,0,"48,000",0,0,0,"48,000",0,"48,000","48,000"
712258,沛亨統一68購02,0,0,0,0.0,0.0,0.0,0,0,0,"83,000",0,0,0,"83,000",0,"83,000","83,000"
712259,金山電統一67購01,0,0,0,0.0,0.0,0.0,0,0,0,"216,000",0,0,0,"270,000","54,000","216,000","216,000"
712260,金山電統一6B購01,0,0,0,0.0,0.0,0.0,0,0,0,"-1,629,000",0,0,0,"155,000","1,784,000","-1,629,000","-1,629,000"
712261,金山電統一6C購01,0,0,0,0.0,0.0,0.0,0,0,0,"-1,376,000",0,0,0,0,"1,376,000","-1,376,000","-1,376,000"
712262,能率亞統一68購01,0,0,0,0.0,0.0,0.0,0,0,0,"21,000",0,0,0,"21,000",0,"21,000","21,000"
712265,萬潤統一65購01,0,0,0,0.0,0.0,0.0,0,0,0,"355,000",0,0,0,"494,000","139,000","355,000","355,000"
712266,萬潤統一6A購03,0,0,0,0.0,0.0,0.0,0,0,0,"-53,000",0,0,0,"363,000","416,000","-53,000","-53,000"
712267,萬潤統一6B購01,0,0,0,0.0,0.0,0.0,0,0,0,"706,000",0,0,0,"1,242,000","536,000","706,000","706,000"
712268,萬潤統一6C購01,0,0,0,0.0,0.0,0.0,0,0,0,"-153,000",0,0,0,"11,000","164,000","-153,000","-153,000"
712269,弘塑國泰63購01,0,0,0,0.0,0.0,0.0,0,0,0,"-63,000",0,0,0,0,"63,000","-63,000","-63,000"
712270,弘塑國泰63購02,0,0,0,0.0,0.0,0.0,0,0,0,"-38,000",0,0,0,"20,000","58,000","-38,000","-38,000"
712271,泓格國泰63購02,0,0,0,0.0,0.0,0.0,0,0,0,"2,000",0,0,0,"166,000","164,000","2,000","2,000"
712272,金山電國泰63購01,0,0,0,0.0,0.0,0.0,0,0,0,"15,000",0,0,0,"23,000","8,000","15,000","15,000"
712273,金山電國泰64購01,0,0,0,0.0,0.0,0.0,0,0,0,"-96,000",0,0,0,0,"96,000","-96,000","-96,000"
712274,萬潤國泰63購01,0,0,0,0.0,0.0,0.0,0,0,0,"117,000",0,0,0,"689,000","572,000","117,000","117,000"
712275,弘塑台新62購01,0,0,0,0.0,0.0,0.0,0,0,0,"-39,000",0,0,0,0,"39,000","-39,000","-39,000"
712278,弘塑台新68購01,0,0,0,0.0,0.0,0.0,0,0,0,"-20,000",0,0,0,0,"20,000","-20,000","-20,000"
712279,弘塑台新68購02,0,0,0,0.0,0.0,0.0,0,0,0,"61,000",0,0,0,"86,000","25,000","61,000","61,000"
712280,沛亨台新62購01,0,0,0,0.0,0.0,0.0,0,0,0,"102,000",0,0,0,"102,000",0,"102,000","102,000"
712284,竑騰台新62購02,0,0,0,0.0,0.0,0.0,0,0,0,"-387,000",0,0,0,"3,000","390,000","-387,000","-387,000"
712293,中光電元大64購05,0,0,0,0.0,0.0,0.0,0,0,0,"-150,000",0,0,0,0,"150,000","-150,000","-150,000"
712294,世界元大63購08,0,0,0,0.0,0.0,0.0,0,0,0,"11,000",0,0,0,"11,000",0,"11,000","11,000"
712295,世界元大63購09,0,0,0,0.0,0.0,0.0,0,0,0,"35,000",0,0,0,"35,000",0,"35,000","35,000"
712296,世界元大64購09,0,0,0,0.0,0.0,0.0,0,0,0,"-164,000",0,0,0,0,"164,000","-164,000","-164,000"
712297,弘塑元大64購03,0,0,0,0.0,0.0,0.0,0,0,0,"-330,000",0,0,0,"166,000","496,000","-330,000","-330,000"
712298,良維元大64購02,0,0,0,0.0,0.0,0.0,0,0,0,"86,000",0,0,0,"86,000",0,"86,000","86,000"
712299,宜鼎元大64購03,0,0,0,0.0,0.0,0.0,0,0,0,"-23,000",0,0,0,"242,000","265,000","-23,000","-23,000"
712300,陽程元大64購02,0,0,0,0.0,0.0,0.0,0,0,0,"-12,000",0,0,0,0,"12,000","-12,000","-12,000"
712301,鈊象元大63購08,0,0,0,0.0,0.0,0.0,0,0,0,"292,000",0,0,0,"292,000",0,"292,000","292,000"
712303,中美晶凱基63購06,0,0,0,0.0,0.0,0.0,0,0,0,"390,000",0,0,0,"559,000","169,000","390,000","390,000"
712304,弘塑凱基63購01,0,0,0,0.0,0.0,0.0,0,0,0,"-70,000",0,0,0,0,"70,000","-70,000","-70,000"
712305,弘塑凱基64購01,0,0,0,0.0,0.0,0.0,0,0,0,"-89,000",0,0,0,0,"89,000","-89,000","-89,000"
712306,金山電凱基63購01,0,0,0,0.0,0.0,0.0,0,0,0,"185,000",0,0,0,"235,000","50,000","185,000","185,000"
712307,金山電凱基63購02,0,0,0,0.0,0.0,0.0,0,0,0,"141,000",0,0,0,"252,000","111,000","141,000","141,000"
712309,群聯凱基66購03,0,0,0,0.0,0.0,0.0,0,0,0,"-65,000",0,0,0,0,"65,000","-65,000","-65,000"
712310,頎邦凱基64購03,0,0,0,0.0,0.0,0.0,0,0,0,"-2,000",0,0,0,"29,000","31,000","-2,000","-2,000"
712311,雙鴻凱基63購08,0,0,0,0.0,0.0,0.0,0,0,0,"-14,000",0,0,0,0,"14,000","-14,000","-14,000"
712312,均華國泰64購01,0,0,0,0.0,0.0,0.0,0,0,0,"23,000",0,0,0,"23,000",0,"23,000","23,000"
712313,新應材國泰64購01,0,0,0,0.0,0.0,0.0,0,0,0,"14,000",0,0,0,"14,000",0,"14,000","14,000"
712314,弘塑統一67購01,0,0,0,0.0,0.0,0.0,0,0,0,"312,000",0,0,0,"312,000",0,"312,000","312,000"
712315,由田統一68購01,0,0,0,0.0,0.0,0.0,0,0,0,"-46,000",0,0,0,"111,000","157,000","-46,000","-46,000"
712316,金山電統一66購01,0,0,0,0.0,0.0,0.0,0,0,0,"142,000",0,0,0,"232,000","90,000","142,000","142,000"
712317,金山電統一68購01,0,0,0,0.0,0.0,0.0,0,0,0,"68,000",0,0,0,"185,000","117,000","68,000","68,000"
712318,前鼎統一6C購01,0,0,0,0.0,0.0,0.0,0,0,0,"-1,669,000",0,0,0,0,"1,669,000","-1,669,000","-1,669,000"
712320,富喬中信64購03,0,0,0,0.0,0.0,0.0,0,0,0,"-8,000",0,0,0,0,"8,000","-8,000","-8,000"
712321,元太永豐63購01,0,0,0,0.0,0.0,0.0,0,0,0,"24,000",0,0,0,"24,000",0,"24,000","24,000"
712323,宏碁資永豐63購01,0,0,0,0.0,0.0,0.0,0,0,0,"-1,000",0,0,0,"2,000","3,000","-1,000","-1,000"
712324,建榮永豐64購01,0,0,0,0.0,0.0,0.0,0,0,0,"61,000",0,0,0,"61,000",0,"61,000","61,000"
712325,胡連永豐63購01,0,0,0,0.0,0.0,0.0,0,0,0,"54,000",0,0,0,"54,000",0,"54,000","54,000"
712326,茂綸永豐64購01,0,0,0,0.0,0.0,0.0,0,0,0,"-62,000",0,0,0,"4,000","66,000","-62,000","-62,000"
712327,茂綸永豐65購01,0,0,0,0.0,0.0,0.0,0,0,0,"-106,000",0,0,0,"9,000","115,000","-106,000","-106,000"
712328,竑騰永豐64購01,0,0,0,0.0,0.0,0.0,0,0,0,"84,000",0,0,0,"84,000",0,"84,000","84,000"
712329,富喬永豐64購02,0,0,0,0.0,0.0,0.0,0,0,0,"2,000",0,0,0,"22,000","20,000","2,000","2,000"
712331,聖暉*永豐63購01,0,0,0,0.0,0.0,0.0,0,0,0,"25,000",0,0,0,"47,000","22,000","25,000","25,000"
712333,世界國票67購01,0,0,0,0.0,0.0,0.0,0,0,0,"141,000",0,0,0,"141,000",0,"141,000","141,000"
712335,全宇昕國票65購02,0,0,0,0.0,0.0,0.0,0,0,0,"2,000",0,0,0,"2,000",0,"2,000","2,000"
712336,均華國票63購01,0,0,0,0.0,0.0,0.0,0,0,0,"51,000",0,0,0,"51,000",0,"51,000","51,000"
712338,前鼎國票67購01,0,0,0,0.0,0.0,0.0,0,0,0,"-167,000",0,0,0,"10,000","177,000","-167,000","-167,000"
712345,世界群益67購01,0,0,0,0.0,0.0,0.0,0,0,0,"4,000",0,0,0,"20,000","16,000","4,000","4,000"
712346,台特化群益67購01,0,0,0,0.0,0.0,0.0,0,0,0,"114,000",0,0,0,"126,000","12,000","114,000","114,000"
712347,由田群益62購01,0,0,0,0.0,0.0,0.0,0,0,0,"-12,000",0,0,0,"43,000","55,000","-12,000","-12,000"
712348,宏捷科群益62購01,0,0,0,0.0,0.0,0.0,0,0,0,"-306,000",0,0,0,"122,000","428,000","-306,000","-306,000"
712349,沛亨群益62購01,0,0,0,0.0,0.0,0.0,0,0,0,"259,000",0,0,0,"340,000","81,000","259,000","259,000"
712350,茂達群益62購01,0,0,0,0.0,0.0,0.0,0,0,0,"10,000",0,0,0,"20,000","10,000","10,000","10,000"
712353,世界凱基63購05,0,0,0,0.0,0.0,0.0,0,0,0,"46,000",0,0,0,"48,000","2,000","46,000","46,000"
712354,台特化凱基67購01,0,0,0,0.0,0.0,0.0,0,0,0,"58,000",0,0,0,"58,000",0,"58,000","58,000"
712355,宜鼎凱基63購03,0,0,0,0.0,0.0,0.0,0,0,0,"-9,000",0,0,0,0,"9,000","-9,000","-9,000"
712356,前鼎凱基67購01,0,0,0,0.0,0.0,0.0,0,0,0,"207,000",0,0,0,"342,000","135,000","207,000","207,000"
712358,青雲元大63購01,0,0,0,0.0,0.0,0.0,0,0,0,"7,000",0,0,0,"10,000","3,000","7,000","7,000"
712360,前鼎永豐68購01,0,0,0,0.0,0.0,0.0,0,0,0,"-227,000",0,0,0,"45,000","272,000","-227,000","-227,000"
712361,博智永豐63購01,0,0,0,0.0,0.0,0.0,0,0,0,"20,000",0,0,0,"20,000",0,"20,000","20,000"
712365,前鼎國票68購01,0,0,0,0.0,0.0,0.0,0,0,0,"-187,000",0,0,0,"12,000","199,000","-187,000","-187,000"
712366,竑騰國票63購01,0,0,0,0.0,0.0,0.0,0,0,0,"223,000",0,0,0,"234,000","11,000","223,000","223,000"
712370,欣銓群益63購01,0,0,0,0.0,0.0,0.0,0,0,0,"174,000",0,0,0,"182,000","8,000","174,000","174,000"
712371,金山電群益63購01,0,0,0,0.0,0.0,0.0,0,0,0,"196,000",0,0,0,"196,000",0,"196,000","196,000"
712372,青雲群益63購01,0,0,0,0.0,0.0,0.0,0,0,0,"10,000",0,0,0,"10,000",0,"10,000","10,000"
712373,威剛群益64購01,0,0,0,0.0,0.0,0.0,0,0,0,"-113,000",0,0,0,0,"113,000","-113,000","-113,000"
712374,家登群益63購04,0,0,0,0.0,0.0,0.0,0,0,0,"29,000",0,0,0,"29,000",0,"29,000","29,000"
712376,雙鴻群益64購02,0,0,0,0.0,0.0,0.0,0,0,0,"-4,026,000",0,0,0,0,"4,026,000","-4,026,000","-4,026,000"
712377,群聯國泰67購01,0,0,0,0.0,0.0,0.0,0,0,0,"19,000",0,0,0,"21,000","2,000","19,000","19,000"
712378,世界富邦65購01,0,0,0,0.0,0.0,0.0,0,0,0,"10,000",0,0,0,"10,000",0,"10,000","10,000"
712380,新應材富邦64購02,0,0,0,0.0,0.0,0.0,0,0,0,"-150,000",0,0,0,0,"150,000","-150,000","-150,000"
712381,沛亨統一65購03,0,0,0,0.0,0.0,0.0,0,0,0,"148,000",0,0,0,"193,000","45,000","148,000","148,000"
712382,長科*統一68購01,0,0,0,0.0,0.0,0.0,0,0,0,0,0,0,0,"23,000","23,000",0,0
712383,前鼎統一66購01,0,0,0,0.0,0.0,0.0,0,0,0,"2,000",0,0,0,"2,000",0,"2,000","2,000"
712384,前鼎統一68購01,0,0,0,0.0,0.0,0.0,0,0,0,"-94,000",0,0,0,0,"94,000","-94,000","-94,000"
712385,富喬統一65購04,0,0,0,0.0,0.0,0.0,0,0,0,"-70,000",0,0,0,0,"70,000","-70,000","-70,000"
712386,頎邦統一66購02,0,0,0,0.0,0.0,0.0,0,0,0,"-460,000",0,0,0,"731,000","1,191,000","-460,000","-460,000"
712388,博磊國票65購01,0,0,0,0.0,0.0,0.0,0,0,0,"-210,000",0,0,0,0,"210,000","-210,000","-210,000"
712390,青雲台新63購01,0,0,0,0.0,0.0,0.0,0,0,0,"-51,000",0,0,0,0,"51,000","-51,000","-51,000"
712391,宸曜台新62購01,0,0,0,0.0,0.0,0.0,0,0,0,"5,000",0,0,0,"7,000","2,000","5,000","5,000"
712397,M31凱基63購01,0,0,0,0.0,0.0,0.0,0,0,0,"281,000",0,0,0,"281,000",0,"281,000","281,000"
712398,中美晶凱基64購02,0,0,0,0.0,0.0,0.0,0,0,0,"51,000",0,0,0,"129,000","78,000","51,000","51,000"
712401,青雲凱基63購01,0,0,0,0.0,0.0,0.0,0,0,0,"38,000",0,0,0,"38,000",0,"38,000","38,000"
712405,群聯凱基63購07,0,0,0,0.0,0.0,0.0,0,0,0,"-12,000",0,0,0,0,"12,000","-12,000","-12,000"
712406,群聯凱基63購08,0,0,0,0.0,0.0,0.0,0,0,0,"34,000",0,0,0,"36,000","2,000","34,000","34,000"
712407,群聯凱基63購09,0,0,0,0.0,0.0,0.0,0,0,0,"-26,000",0,0,0,0,"26,000","-26,000","-26,000"
712409,雙鴻凱基63購09,0,0,0,0.0,0.0,0.0,0,0,0,"-72,000",0,0,0,"6,000","78,000","-72,000","-72,000"
712411,世界群益66購02,0,0,0,0.0,0.0,0.0,0,0,0,"29,000",0,0,0,"34,000","5,000","29,000","29,000"
712415,弘塑群益63購01,0,0,0,0.0,0.0,0.0,0,0,0,"-32,000",0,0,0,0,"32,000","-32,000","-32,000"
712419,群聯群益64購04,0,0,0,0.0,0.0,0.0,0,0,0,"-1,000",0,0,0,0,"1,000","-1,000","-1,000"
712420,廣穎群益62購01,0,0,0,0.0,0.0,0.0,0,0,0,"-96,000",0,0,0,0,"96,000","-96,000","-96,000"
712421,雙鴻群益65購01,0,0,0,0.0,0.0,0.0,0,0,0,"159,000",0,0,0,"159,000",0,"159,000","159,000"
712422,閎康元大63購04,0,0,0,0.0,0.0,0.0,0,0,0,"-267,000",0,0,0,0,"267,000","-267,000","-267,000"
712425,營邦元大64購02,0,0,0,0.0,0.0,0.0,0,0,0,"162,000",0,0,0,"380,000","218,000","162,000","162,000"
712426,宜鼎中信62購01,0,0,0,0.0,0.0,0.0,0,0,0,"-20,000",0,0,0,"40,000","60,000","-20,000","-20,000"
712429,雙鴻中信63購03,0,0,0,0.0,0.0,0.0,0,0,0,"-165,000",0,0,0,0,"165,000","-165,000","-165,000"
712430,均華永豐63購01,0,0,0,0.0,0.0,0.0,0,0,0,"7,000",0,0,0,"7,000",0,"7,000","7,000"
712433,茂訊永豐63購01,0,0,0,0.0,0.0,0.0,0,0,0,"29,000",0,0,0,"29,000",0,"29,000","29,000"
712436,群聯永豐68購01,0,0,0,0.0,0.0,0.0,0,0,0,"-2,000",0,0,0,0,"2,000","-2,000","-2,000"
712437,雙鴻永豐64購05,0,0,0,0.0,0.0,0.0,0,0,0,"72,000",0,0,0,"204,000","132,000","72,000","72,000"
712438,群聯國泰63購03,0,0,0,0.0,0.0,0.0,0,0,0,"36,000",0,0,0,"41,000","5,000","36,000","36,000"
712440,聖暉*國泰63購02,0,0,0,0.0,0.0,0.0,0,0,0,"109,000",0,0,0,"109,000",0,"109,000","109,000"
712443,宏捷科富邦64購01,0,0,0,0.0,0.0,0.0,0,0,0,"-19,000",0,0,0,"20,000","39,000","-19,000","-19,000"
712444,宏捷科富邦65購01,0,0,0,0.0,0.0,0.0,0,0,0,"-80,000",0,0,0,0,"80,000","-80,000","-80,000"
712445,宜鼎富邦68購01,0,0,0,0.0,0.0,0.0,0,0,0,"-105,000",0,0,0,"47,000","152,000","-105,000","-105,000"
712446,頎邦富邦64購03,0,0,0,0.0,0.0,0.0,0,0,0,"1,055,000",0,0,0,"1,095,000","40,000","1,055,000","1,055,000"
712447,頎邦富邦65購01,0,0,0,0.0,0.0,0.0,0,0,0,"99,000",0,0,0,"588,000","489,000","99,000","99,000"
712448,譜瑞富邦64購02,0,0,0,0.0,0.0,0.0,0,0,0,"48,000",0,0,0,"48,000",0,"48,000","48,000"
712451,雙鴻統一64購02,0,0,0,0.0,0.0,0.0,0,0,0,"-47,000",0,0,0,0,"47,000","-47,000","-47,000"
712452,台特化台新65購01,0,0,0,0.0,0.0,0.0,0,0,0,"125,000",0,0,0,"127,000","2,000","125,000","125,000"
712453,宜鼎台新64購02,0,0,0,0.0,0.0,0.0,0,0,0,"12,000",0,0,0,"12,000",0,"12,000","12,000"
712454,富喬台新65購01,0,0,0,0.0,0.0,0.0,0,0,0,"-7,000",0,0,0,0,"7,000","-7,000","-7,000"
712455,順達台新64購01,0,0,0,0.0,0.0,0.0,0,0,0,"81,000",0,0,0,"85,000","4,000","81,000","81,000"
712457,頎邦台新68購01,0,0,0,0.0,0.0,0.0,0,0,0,"38,000",0,0,0,"53,000","15,000","38,000","38,000"
712458,營邦台新65購02,0,0,0,0.0,0.0,0.0,0,0,0,"6,000",0,0,0,"6,000",0,"6,000","6,000"
712460,雙鴻台新62購02,0,0,0,0.0,0.0,0.0,0,0,0,"-53,000",0,0,0,0,"53,000","-53,000","-53,000"
712461,世界凱基66購02,0,0,0,0.0,0.0,0.0,0,0,0,"243,000",0,0,0,"243,000",0,"243,000","243,000"
712463,弘塑凱基63購02,0,0,0,0.0,0.0,0.0,0,0,0,"-50,000",0,0,0,0,"50,000","-50,000","-50,000"
712464,弘塑凱基63購03,0,0,0,0.0,0.0,0.0,0,0,0,"-80,000",0,0,0,0,"80,000","-80,000","-80,000"
712466,倚強凱基63購01,0,0,0,0.0,0.0,0.0,0,0,0,"-10,000",0,0,0,0,"10,000","-10,000","-10,000"
712467,富喬凱基63購03,0,0,0,0.0,0.0,0.0,0,0,0,"-23,000",0,0,0,"10,000","33,000","-23,000","-23,000"
712469,順達凱基63購04,0,0,0,0.0,0.0,0.0,0,0,0,"39,000",0,0,0,"39,000",0,"39,000","39,000"
712476,宜鼎永豐66購02,0,0,0,0.0,0.0,0.0,0,0,0,"6,000",0,0,0,"26,000","20,000","6,000","6,000"
712477,順達永豐63購02,0,0,0,0.0,0.0,0.0,0,0,0,"69,000",0,0,0,"87,000","18,000","69,000","69,000"
712478,順達永豐63購03,0,0,0,0.0,0.0,0.0,0,0,0,"-88,000",0,0,0,"22,000","110,000","-88,000","-88,000"
712480,群聯永豐65購08,0,0,0,0.0,0.0,0.0,0,0,0,"-30,000",0,0,0,0,"30,000","-30,000","-30,000"
712481,群聯永豐68購02,0,0,0,0.0,0.0,0.0,0,0,0,"176,000",0,0,0,"348,000","172,000","176,000","176,000"
712482,廣閎科永豐63購01,0,0,0,0.0,0.0,0.0,0,0,0,"88,000",0,0,0,"88,000",0,"88,000","88,000"
712484,廣閎科永豐65購01,0,0,0,0.0,0.0,0.0,0,0,0,"113,000",0,0,0,"113,000",0,"113,000","113,000"
712485,廣閎科永豐68購01,0,0,0,0.0,0.0,0.0,0,0,0,"43,000",0,0,0,"43,000",0,"43,000","43,000"
712486,廣穎永豐65購02,0,0,0,0.0,0.0,0.0,0,0,0,"-44,000",0,0,0,0,"44,000","-44,000","-44,000"
712488,宜鼎元大63購06,0,0,0,0.0,0.0,0.0,0,0,0,"395,000",0,0,0,"395,000",0,"395,000","395,000"
712489,宜鼎元大64購04,0,0,0,0.0,0.0,0.0,0,0,0,"-130,000",0,0,0,"366,000","496,000","-130,000","-130,000"
712490,富喬元大63購03,0,0,0,0.0,0.0,0.0,0,0,0,"412,000",0,0,0,"412,000",0,"412,000","412,000"
712491,富喬元大63購04,0,0,0,0.0,0.0,0.0,0,0,0,"-725,000",0,0,0,"6,000","731,000","-725,000","-725,000"
712493,富喬元大63購06,0,0,0,0.0,0.0,0.0,0,0,0,"-210,000",0,0,0,0,"210,000","-210,000","-210,000"
712494,富喬元大64購06,0,0,0,0.0,0.0,0.0,0,0,0,"709,000",0,0,0,"753,000","44,000","709,000","709,000"
712495,群聯元大63購10,0,0,0,0.0,0.0,0.0,0,0,0,"46,000",0,0,0,"92,000","46,000","46,000","46,000"
712497,廣積元大63購05,0,0,0,0.0,0.0,0.0,0,0,0,"24,000",0,0,0,"24,000",0,"24,000","24,000"
712500,營邦元大63購01,0,0,0,0.0,0.0,0.0,0,0,0,"58,000",0,0,0,"58,000",0,"58,000","58,000"
712501,營邦元大63購03,0,0,0,0.0,0.0,0.0,0,0,0,"39,000",0,0,0,"180,000","141,000","39,000","39,000"
712502,營邦元大64購04,0,0,0,0.0,0.0,0.0,0,0,0,"94,000",0,0,0,"109,000","15,000","94,000","94,000"
712503,雙鴻元大64購04,0,0,0,0.0,0.0,0.0,0,0,0,"-53,000",0,0,0,0,"53,000","-53,000","-53,000"
712504,千如國票66購01,0,0,0,0.0,0.0,0.0,0,0,0,"121,000",0,0,0,"121,000",0,"121,000","121,000"
712505,富喬國票64購01,0,0,0,0.0,0.0,0.0,0,0,0,"1,000",0,0,0,"1,000",0,"1,000","1,000"
712506,富喬國票66購01,0,0,0,0.0,0.0,0.0,0,0,0,"7,000",0,0,0,"7,000",0,"7,000","7,000"
712507,鴻呈國票66購01,0,0,0,0.0,0.0,0.0,0,0,0,"-50,000",0,0,0,0,"50,000","-50,000","-50,000"
712510,宜鼎國泰63購02,0,0,0,0.0,0.0,0.0,0,0,0,"23,000",0,0,0,"23,000",0,"23,000","23,000"
712513,千附精富邦62購01,0,0,0,0.0,0.0,0.0,0,0,0,"-20,000",0,0,0,0,"20,000","-20,000","-20,000"
712514,中美晶富邦65購01,0,0,0,0.0,0.0,0.0,0,0,0,"86,000",0,0,0,"279,000","193,000","86,000","86,000"
712515,順達富邦63購03,0,0,0,0.0,0.0,0.0,0,0,0,"-8,000",0,0,0,"49,000","57,000","-8,000","-8,000"
712516,廣閎科富邦62購01,0,0,0,0.0,0.0,0.0,0,0,0,"59,000",0,0,0,"59,000",0,"59,000","59,000"
712517,營邦富邦65購01,0,0,0,0.0,0.0,0.0,0,0,0,"-178,000",0,0,0,"94,000","272,000","-178,000","-178,000"
712518,中美晶群益63購02,0,0,0,0.0,0.0,0.0,0,0,0,"-32,000",0,0,0,"87,000","119,000","-32,000","-32,000"
712521,順達群益63購01,0,0,0,0.0,0.0,0.0,0,0,0,"38,000",0,0,0,"75,000","37,000","38,000","38,000"
712522,群聯群益63購03,0,0,0,0.0,0.0,0.0,0,0,0,"-112,000",0,0,0,"68,000","180,000","-112,000","-112,000"
712525,雙鴻群益63購04,0,0,0,0.0,0.0,0.0,0,0,0,"-32,000",0,0,0,0,"32,000","-32,000","-32,000"
712527,弘塑統一66購01,0,0,0,0.0,0.0,0.0,0,0,0,"418,000",0,0,0,"418,000",0,"418,000","418,000"
712528,均華統一69購01,0,0,0,0.0,0.0,0.0,0,0,0,"561,000",0,0,0,"808,000","247,000","561,000","561,000"
712529,高技統一66購01,0,0,0,0.0,0.0,0.0,0,0,0,"158,000",0,0,0,"158,000",0,"158,000","158,000"
712531,順達統一6B購01,0,0,0,0.0,0.0,0.0,0,0,0,"104,000",0,0,0,"278,000","174,000","104,000","104,000"
712532,世界群益62購04,0,0,0,0.0,0.0,0.0,0,0,0,"108,000",0,0,0,"114,000","6,000","108,000","108,000"
712533,台半群益63購01,0,0,0,0.0,0.0,0.0,0,0,0,0,0,0,0,"20,000","20,000",0,0
712534,台特化群益62購02,0,0,0,0.0,0.0,0.0,0,0,0,"83,000",0,0,0,"83,000",0,"83,000","83,000"
712535,東捷群益64購01,0,0,0,0.0,0.0,0.0,0,0,0,"66,000",0,0,0,"78,000","12,000","66,000","66,000"
712536,鉅橡群益63購01,0,0,0,0.0,0.0,0.0,0,0,0,"6,000",0,0,0,"6,000",0,"6,000","6,000"
712538,廣閎科群益64購01,0,0,0,0.0,0.0,0.0,0,0,0,"103,000",0,0,0,"103,000",0,"103,000","103,000"
712539,穩懋群益63購02,0,0,0,0.0,0.0,0.0,0,0,0,"2,587,000",0,0,0,"3,467,000","880,000","2,587,000","2,587,000"
712540,穩懋群益64購01,0,0,0,0.0,0.0,0.0,0,0,0,"-29,000",0,0,0,"40,000","69,000","-29,000","-29,000"
712541,中美晶元大64購05,0,0,0,0.0,0.0,0.0,0,0,0,"-475,000",0,0,0,"2,000","477,000","-475,000","-475,000"
712544,朋億*元大63購01,0,0,0,0.0,0.0,0.0,0,0,0,"-65,000",0,0,0,0,"65,000","-65,000","-65,000"
712545,東捷元大63購01,0,0,0,0.0,0.0,0.0,0,0,0,"-191,000",0,0,0,"2,000","193,000","-191,000","-191,000"
712546,青雲元大63購02,0,0,0,0.0,0.0,0.0,0,0,0,"51,000",0,0,0,"216,000","165,000","51,000","51,000"
712548,順達元大63購03,0,0,0,0.0,0.0,0.0,0,0,0,"611,000",0,0,0,"722,000","111,000","611,000","611,000"
712549,順達元大63購04,0,0,0,0.0,0.0,0.0,0,0,0,"117,000",0,0,0,"184,000","67,000","117,000","117,000"
712550,順達元大64購07,0,0,0,0.0,0.0,0.0,0,0,0,"-30,000",0,0,0,"136,000","166,000","-30,000","-30,000"
712552,廣閎科元大64購01,0,0,0,0.0,0.0,0.0,0,0,0,"603,000",0,0,0,"608,000","5,000","603,000","603,000"
712555,雙鴻元大63購08,0,0,0,0.0,0.0,0.0,0,0,0,"-154,000",0,0,0,0,"154,000","-154,000","-154,000"
712556,雙鴻元大63購09,0,0,0,0.0,0.0,0.0,0,0,0,"3,897,000",0,0,0,"3,979,000","82,000","3,897,000","3,897,000"
712557,雙鴻元大63購10,0,0,0,0.0,0.0,0.0,0,0,0,"711,000",0,0,0,"1,029,000","318,000","711,000","711,000"
712558,雙鴻元大64購05,0,0,0,0.0,0.0,0.0,0,0,0,"-154,000",0,0,0,0,"154,000","-154,000","-154,000"
712559,寶雅元大63購01,0,0,0,0.0,0.0,0.0,0,0,0,"-105,000",0,0,0,"2,000","107,000","-105,000","-105,000"
712560,東捷統一66購02,0,0,0,0.0,0.0,0.0,0,0,0,"29,000",0,0,0,"271,000","242,000","29,000","29,000"
712561,東捷統一6B購01,0,0,0,0.0,0.0,0.0,0,0,0,"-6,000",0,0,0,"15,000","21,000","-6,000","-6,000"
712562,穩懋統一66購02,0,0,0,0.0,0.0,0.0,0,0,0,"23,000",0,0,0,"53,000","30,000","23,000","23,000"
712563,穩懋統一67購01,0,0,0,0.0,0.0,0.0,0,0,0,"55,000",0,0,0,"141,000","86,000","55,000","55,000"
712565,穩懋統一6C購02,0,0,0,0.0,0.0,0.0,0,0,0,"-15,000",0,0,0,"81,000","96,000","-15,000","-15,000"
712566,穩懋統一6C購03,0,0,0,0.0,0.0,0.0,0,0,0,"3,000",0,0,0,"3,000",0,"3,000","3,000"
712567,東捷富邦63購01,0,0,0,0.0,0.0,0.0,0,0,0,"-37,000",0,0,0,"21,000","58,000","-37,000","-37,000"
712568,東捷國泰63購01,0,0,0,0.0,0.0,0.0,0,0,0,"12,000",0,0,0,"34,000","22,000","12,000","12,000"
712570,營邦國泰63購02,0,0,0,0.0,0.0,0.0,0,0,0,"3,000",0,0,0,"3,000",0,"3,000","3,000"
712571,鴻呈國泰63購01,0,0,0,0.0,0.0,0.0,0,0,0,"-37,000",0,0,0,0,"37,000","-37,000","-37,000"
712572,穩懋國泰63購01,0,0,0,0.0,0.0,0.0,0,0,0,"-104,000",0,0,0,0,"104,000","-104,000","-104,000"
712573,穩懋國泰63購03,0,0,0,0.0,0.0,0.0,0,0,0,"-59,000",0,0,0,0,"59,000","-59,000","-59,000"
712574,穩懋國泰63購04,0,0,0,0.0,0.0,0.0,0,0,0,"640,000",0,0,0,"738,000","98,000","640,000","640,000"
712575,穩懋國泰63購05,0,0,0,0.0,0.0,0.0,0,0,0,"35,000",0,0,0,"61,000","26,000","35,000","35,000"
712576,台半凱基63購01,0,0,0,0.0,0.0,0.0,0,0,0,"-1,000",0,0,0,0,"1,000","-1,000","-1,000"
712577,宜鼎凱基64購02,0,0,0,0.0,0.0,0.0,0,0,0,"-58,000",0,0,0,"12,000","70,000","-58,000","-58,000"
712578,威剛凱基63購06,0,0,0,0.0,0.0,0.0,0,0,0,"1,000",0,0,0,"1,000",0,"1,000","1,000"
712582,漢達凱基63購01,0,0,0,0.0,0.0,0.0,0,0,0,"-26,000",0,0,0,"5,000","31,000","-26,000","-26,000"
712585,雙鴻凱基64購02,0,0,0,0.0,0.0,0.0,0,0,0,"-111,000",0,0,0,0,"111,000","-111,000","-111,000"
712586,穩懋凱基63購01,0,0,0,0.0,0.0,0.0,0,0,0,"-80,000",0,0,0,"74,000","154,000","-80,000","-80,000"
712587,穩懋凱基63購02,0,0,0,0.0,0.0,0.0,0,0,0,"-35,000",0,0,0,"32,000","67,000","-35,000","-35,000"
712588,穩懋凱基63購03,0,0,0,0.0,0.0,0.0,0,0,0,"-20,000",0,0,0,0,"20,000","-20,000","-20,000"
712589,穩懋凱基63購04,0,0,0,0.0,0.0,0.0,0,0,0,"-15,000",0,0,0,"3,000","18,000","-15,000","-15,000"
712590,穩懋凱基63購05,0,0,0,0.0,0.0,0.0,0,0,0,"30,000",0,0,0,"38,000","8,000","30,000","30,000"
712591,均華台新63購01,0,0,0,0.0,0.0,0.0,0,0,0,"12,000",0,0,0,"12,000",0,"12,000","12,000"
712592,宜鼎台新64購03,0,0,0,0.0,0.0,0.0,0,0,0,"-12,000",0,0,0,0,"12,000","-12,000","-12,000"
712593,東捷台新62購01,0,0,0,0.0,0.0,0.0,0,0,0,"-36,000",0,0,0,"21,000","57,000","-36,000","-36,000"
712594,順達台新64購02,0,0,0,0.0,0.0,0.0,0,0,0,"-4,000",0,0,0,"2,000","6,000","-4,000","-4,000"
712596,穩懋台新62購01,0,0,0,0.0,0.0,0.0,0,0,0,"-289,000",0,0,0,"149,000","438,000","-289,000","-289,000"
712597,穩懋台新63購01,0,0,0,0.0,0.0,0.0,0,0,0,"67,000",0,0,0,"171,000","104,000","67,000","67,000"
712598,穩懋台新65購01,0,0,0,0.0,0.0,0.0,0,0,0,"-37,000",0,0,0,"5,000","42,000","-37,000","-37,000"
712599,穩懋台新65購02,0,0,0,0.0,0.0,0.0,0,0,0,"-11,000",0,0,0,"12,000","23,000","-11,000","-11,000"
712600,穩懋台新68購01,0,0,0,0.0,0.0,0.0,0,0,0,"37,000",0,0,0,"38,000","1,000","37,000","37,000"
712602,穩懋中信68購01,0,0,0,0.0,0.0,0.0,0,0,0,"-26,000",0,0,0,"1,000","27,000","-26,000","-26,000"
712605,台星科永豐64購01,0,0,0,0.0,0.0,0.0,0,0,0,"10,000",0,0,0,"10,000",0,"10,000","10,000"
712606,由田永豐64購01,0,0,0,0.0,0.0,0.0,0,0,0,"-5,000",0,0,0,"7,000","12,000","-5,000","-5,000"
712608,東捷永豐63購01,0,0,0,0.0,0.0,0.0,0,0,0,"94,000",0,0,0,"126,000","32,000","94,000","94,000"
712609,東捷永豐63購02,0,0,0,0.0,0.0,0.0,0,0,0,"67,000",0,0,0,"89,000","22,000","67,000","67,000"
712610,東捷永豐63購03,0,0,0,0.0,0.0,0.0,0,0,0,"-14,000",0,0,0,"10,000","24,000","-14,000","-14,000"
712611,東捷永豐65購01,0,0,0,0.0,0.0,0.0,0,0,0,"20,000",0,0,0,"70,000","50,000","20,000","20,000"
712612,東捷永豐65購02,0,0,0,0.0,0.0,0.0,0,0,0,"65,000",0,0,0,"65,000",0,"65,000","65,000"
712613,東捷永豐68購01,0,0,0,0.0,0.0,0.0,0,0,0,"58,000",0,0,0,"121,000","63,000","58,000","58,000"
712614,欣銓永豐66購01,0,0,0,0.0,0.0,0.0,0,0,0,"-15,000",0,0,0,0,"15,000","-15,000","-15,000"
712615,欣銓永豐68購01,0,0,0,0.0,0.0,0.0,0,0,0,"-317,000",0,0,0,0,"317,000","-317,000","-317,000"
712617,博盛永豐63購01,0,0,0,0.0,0.0,0.0,0,0,0,"29,000",0,0,0,"29,000",0,"29,000","29,000"
712622,穩懋永豐64購01,0,0,0,0.0,0.0,0.0,0,0,0,"47,000",0,0,0,"63,000","16,000","47,000","47,000"
712623,穩懋永豐64購02,0,0,0,0.0,0.0,0.0,0,0,0,"38,000",0,0,0,"38,000",0,"38,000","38,000"
712625,穩懋永豐68購01,0,0,0,0.0,0.0,0.0,0,0,0,"3,000",0,0,0,"20,000","17,000","3,000","3,000"
712627,東捷國票63購01,0,0,0,0.0,0.0,0.0,0,0,0,"16,000",0,0,0,"46,000","30,000","16,000","16,000"
712629,元太群益63購01,0,0,0,0.0,0.0,0.0,0,0,0,"298,000",0,0,0,"759,000","461,000","298,000","298,000"
712631,世界群益63購01,0,0,0,0.0,0.0,0.0,0,0,0,"12,000",0,0,0,"52,000","40,000","12,000","12,000"
712632,巨有群益63購01,0,0,0,0.0,0.0,0.0,0,0,0,"19,000",0,0,0,"19,000",0,"19,000","19,000"
712633,威剛群益62購04,0,0,0,0.0,0.0,0.0,0,0,0,"-11,000",0,0,0,0,"11,000","-11,000","-11,000"
712634,胡連群益63購01,0,0,0,0.0,0.0,0.0,0,0,0,"29,000",0,0,0,"29,000",0,"29,000","29,000"
712636,順達群益63購02,0,0,0,0.0,0.0,0.0,0,0,0,"-33,000",0,0,0,0,"33,000","-33,000","-33,000"
712637,群聯群益62購01,0,0,0,0.0,0.0,0.0,0,0,0,"1,000",0,0,0,"1,000",0,"1,000","1,000"
712638,漢達群益63購01,0,0,0,0.0,0.0,0.0,0,0,0,"-14,000",0,0,0,"6,000","20,000","-14,000","-14,000"
712641,穩懋群益64購03,0,0,0,0.0,0.0,0.0,0,0,0,"-46,000",0,0,0,"140,000","186,000","-46,000","-46,000"
712642,雙鴻中信64購02,0,0,0,0.0,0.0,0.0,0,0,0,"-112,000",0,0,0,"1,000","113,000","-112,000","-112,000"
712644,新應材永豐65購01,0,0,0,0.0,0.0,0.0,0,0,0,"-10,000",0,0,0,0,"10,000","-10,000","-10,000"
712645,群聯永豐63購02,0,0,0,0.0,0.0,0.0,0,0,0,"-60,000",0,0,0,0,"60,000","-60,000","-60,000"
712647,台半國泰63購01,0,0,0,0.0,0.0,0.0,0,0,0,"10,000",0,0,0,"10,000",0,"10,000","10,000"
712650,元太元大63購06,0,0,0,0.0,0.0,0.0,0,0,0,"180,000",0,0,0,"180,000",0,"180,000","180,000"
712651,元太元大64購02,0,0,0,0.0,0.0,0.0,0,0,0,"971,000",0,0,0,"971,000",0,"971,000","971,000"
712653,陽程元大63購03,0,0,0,0.0,0.0,0.0,0,0,0,"13,000",0,0,0,"27,000","14,000","13,000","13,000"
712654,陽程元大64購03,0,0,0,0.0,0.0,0.0,0,0,0,"156,000",0,0,0,"276,000","120,000","156,000","156,000"
712658,良維富邦63購01,0,0,0,0.0,0.0,0.0,0,0,0,"-217,000",0,0,0,"241,000","458,000","-217,000","-217,000"
712659,穩懋富邦63購01,0,0,0,0.0,0.0,0.0,0,0,0,"623,000",0,0,0,"692,000","69,000","623,000","623,000"
712660,穩懋富邦64購01,0,0,0,0.0,0.0,0.0,0,0,0,"262,000",0,0,0,"263,000","1,000","262,000","262,000"
712661,台半統一68購01,0,0,0,0.0,0.0,0.0,0,0,0,"-58,000",0,0,0,"21,000","79,000","-58,000","-58,000"
712662,東捷統一68購01,0,0,0,0.0,0.0,0.0,0,0,0,"59,000",0,0,0,"265,000","206,000","59,000","59,000"
712664,穩懋統一68購02,0,0,0,0.0,0.0,0.0,0,0,0,"-13,000",0,0,0,"71,000","84,000","-13,000","-13,000"
712666,中美晶凱基68購01,0,0,0,0.0,0.0,0.0,0,0,0,"-66,000",0,0,0,0,"66,000","-66,000","-66,000"
712667,世界凱基63購06,0,0,0,0.0,0.0,0.0,0,0,0,"55,000",0,0,0,"55,000",0,"55,000","55,000"
712668,弘塑凱基63購04,0,0,0,0.0,0.0,0.0,0,0,0,"597,000",0,0,0,"646,000","49,000","597,000","597,000"
712669,均華凱基64購02,0,0,0,0.0,0.0,0.0,0,0,0,"39,000",0,0,0,"64,000","25,000","39,000","39,000"
712670,宜鼎凱基66購01,0,0,0,0.0,0.0,0.0,0,0,0,"-41,000",0,0,0,"98,000","139,000","-41,000","-41,000"
712671,東捷凱基63購02,0,0,0,0.0,0.0,0.0,0,0,0,"7,000",0,0,0,"138,000","131,000","7,000","7,000"
712674,頎邦凱基63購03,0,0,0,0.0,0.0,0.0,0,0,0,"552,000",0,0,0,"570,000","18,000","552,000","552,000"
712675,雙鴻凱基63購10,0,0,0,0.0,0.0,0.0,0,0,0,"-16,000",0,0,0,0,"16,000","-16,000","-16,000"
712676,寶雅凱基63購01,0,0,0,0.0,0.0,0.0,0,0,0,"-1,000",0,0,0,0,"1,000","-1,000","-1,000"
712678,長科*台新65購01,0,0,0,0.0,0.0,0.0,0,0,0,"39,000",0,0,0,"74,000","35,000","39,000","39,000"
712681,順達台新62購01,0,0,0,0.0,0.0,0.0,0,0,0,"-17,000",0,0,0,"3,000","20,000","-17,000","-17,000"
712683,元太元大63購07,0,0,0,0.0,0.0,0.0,0,0,0,"114,000",0,0,0,"114,000",0,"114,000","114,000"
712684,元太元大63購08,0,0,0,0.0,0.0,0.0,0,0,0,"219,000",0,0,0,"219,000",0,"219,000","219,000"
712685,元太元大64購03,0,0,0,0.0,0.0,0.0,0,0,0,"489,000",0,0,0,"489,000",0,"489,000","489,000"
712686,均華元大64購03,0,0,0,0.0,0.0,0.0,0,0,0,"151,000",0,0,0,"260,000","109,000","151,000","151,000"
712687,宜鼎元大64購05,0,0,0,0.0,0.0,0.0,0,0,0,"-60,000",0,0,0,"361,000","421,000","-60,000","-60,000"
712688,威剛元大64購05,0,0,0,0.0,0.0,0.0,0,0,0,"159,000",0,0,0,"184,000","25,000","159,000","159,000"
712689,順達元大64購09,0,0,0,0.0,0.0,0.0,0,0,0,"-79,000",0,0,0,"3,000","82,000","-79,000","-79,000"
712690,鈊象元大63購09,0,0,0,0.0,0.0,0.0,0,0,0,"124,000",0,0,0,"124,000",0,"124,000","124,000"
712691,鈊象元大64購05,0,0,0,0.0,0.0,0.0,0,0,0,"210,000",0,0,0,"274,000","64,000","210,000","210,000"
712693,蜜望實元大63購02,0,0,0,0.0,0.0,0.0,0,0,0,"52,000",0,0,0,"54,000","2,000","52,000","52,000"
712694,寶雅元大63購02,0,0,0,0.0,0.0,0.0,0,0,0,"-114,000",0,0,0,0,"114,000","-114,000","-114,000"
712695,元太台新65購01,0,0,0,0.0,0.0,0.0,0,0,0,"3,000",0,0,0,"3,000",0,"3,000","3,000"
712696,沛亨台新65購01,0,0,0,0.0,0.0,0.0,0,0,0,"-2,000",0,0,0,0,"2,000","-2,000","-2,000"
712701,蜜望實台新65購01,0,0,0,0.0,0.0,0.0,0,0,0,"5,000",0,0,0,"12,000","7,000","5,000","5,000"
712702,中美晶凱基64購04,0,0,0,0.0,0.0,0.0,0,0,0,"336,000",0,0,0,"609,000","273,000","336,000","336,000"
712704,泓格凱基63購01,0,0,0,0.0,0.0,0.0,0,0,0,"-25,000",0,0,0,0,"25,000","-25,000","-25,000"
712705,威剛凱基63購07,0,0,0,0.0,0.0,0.0,0,0,0,"37,000",0,0,0,"37,000",0,"37,000","37,000"
712706,建榮凱基63購01,0,0,0,0.0,0.0,0.0,0,0,0,"120,000",0,0,0,"130,000","10,000","120,000","120,000"
712707,順達凱基66購01,0,0,0,0.0,0.0,0.0,0,0,0,"-181,000",0,0,0,"38,000","219,000","-181,000","-181,000"
712708,鈊象凱基64購04,0,0,0,0.0,0.0,0.0,0,0,0,"71,000",0,0,0,"71,000",0,"71,000","71,000"
712711,廣閎科凱基63購01,0,0,0,0.0,0.0,0.0,0,0,0,"-63,000",0,0,0,"118,000","181,000","-63,000","-63,000"
712712,穩懋凱基63購08,0,0,0,0.0,0.0,0.0,0,0,0,"200,000",0,0,0,"283,000","83,000","200,000","200,000"
712713,中美晶群益62購04,0,0,0,0.0,0.0,0.0,0,0,0,0,0,0,0,"10,000","10,000",0,0
712716,宜鼎群益63購02,0,0,0,0.0,0.0,0.0,0,0,0,0,0,0,0,"15,000","15,000",0,0
712719,群聯群益62購02,0,0,0,0.0,0.0,0.0,0,0,0,"-172,000",0,0,0,"205,000","377,000","-172,000","-172,000"
712721,元太永豐63購02,0,0,0,0.0,0.0,0.0,0,0,0,"-19,000",0,0,0,"1,000","20,000","-19,000","-19,000"
712723,沛亨永豐64購02,0,0,0,0.0,0.0,0.0,0,0,0,"56,000",0,0,0,"56,000",0,"56,000","56,000"
712725,頎邦永豐65購02,0,0,0,0.0,0.0,0.0,0,0,0,"18,000",0,0,0,"80,000","62,000","18,000","18,000"
712726,榮剛永豐63購01,0,0,0,0.0,0.0,0.0,0,0,0,"-152,000",0,0,0,0,"152,000","-152,000","-152,000"
712728,雙鴻永豐6B購01,0,0,0,0.0,0.0,0.0,0,0,0,"85,000",0,0,0,"332,000","247,000","85,000","85,000"
712729,雙鴻永豐6C購01,0,0,0,0.0,0.0,0.0,0,0,0,"87,000",0,0,0,"355,000","268,000","87,000","87,000"
712730,穩懋永豐65購01,0,0,0,0.0,0.0,0.0,0,0,0,"-2,000",0,0,0,"3,000","5,000","-2,000","-2,000"
712732,蜜望實國票63購01,0,0,0,0.0,0.0,0.0,0,0,0,"-7,000",0,0,0,0,"7,000","-7,000","-7,000"
712734,均華國泰63購02,0,0,0,0.0,0.0,0.0,0,0,0,"81,000",0,0,0,"81,000",0,"81,000","81,000"
712735,順達國泰63購03,0,0,0,0.0,0.0,0.0,0,0,0,"38,000",0,0,0,"38,000",0,"38,000","38,000"
712736,順達富邦64購01,0,0,0,0.0,0.0,0.0,0,0,0,"-58,000",0,0,0,"4,000","62,000","-58,000","-58,000"
712737,巨有統一6B購03,0,0,0,0.0,0.0,0.0,0,0,0,"270,000",0,0,0,"270,000",0,"270,000","270,000"
712743,鈺太國票63購01,0,0,0,0.0,0.0,0.0,0,0,0,"3,000",0,0,0,"4,000","1,000","3,000","3,000"
712744,鈺太國票64購01,0,0,0,0.0,0.0,0.0,0,0,0,"3,000",0,0,0,"3,000",0,"3,000","3,000"
712745,中美晶群益62購05,0,0,0,0.0,0.0,0.0,0,0,0,"-41,000",0,0,0,"46,000","87,000","-41,000","-41,000"
712748,均華群益64購01,0,0,0,0.0,0.0,0.0,0,0,0,"124,000",0,0,0,"124,000",0,"124,000","124,000"
712750,鈊象群益62購01,0,0,0,0.0,0.0,0.0,0,0,0,"28,000",0,0,0,"28,000",0,"28,000","28,000"
712752,營邦群益63購01,0,0,0,0.0,0.0,0.0,0,0,0,"21,000",0,0,0,"21,000",0,"21,000","21,000"
712753,穩懋群益68購01,0,0,0,0.0,0.0,0.0,0,0,0,"-49,000",0,0,0,"50,000","99,000","-49,000","-49,000"
712754,元太凱基63購01,0,0,0,0.0,0.0,0.0,0,0,0,"-7,000",0,0,0,0,"7,000","-7,000","-7,000"
712755,弘塑凱基63購05,0,0,0,0.0,0.0,0.0,0,0,0,"-77,000",0,0,0,"1,000","78,000","-77,000","-77,000"
712756,均華凱基68購01,0,0,0,0.0,0.0,0.0,0,0,0,"38,000",0,0,0,"38,000",0,"38,000","38,000"
712758,宜鼎凱基63購05,0,0,0,0.0,0.0,0.0,0,0,0,"26,000",0,0,0,"26,000",0,"26,000","26,000"
712759,倉和凱基63購02,0,0,0,0.0,0.0,0.0,0,0,0,"-39,000",0,0,0,"11,000","50,000","-39,000","-39,000"
712760,頎邦凱基66購01,0,0,0,0.0,0.0,0.0,0,0,0,"-455,000",0,0,0,"68,000","523,000","-455,000","-455,000"
712762,弘塑台新63購01,0,0,0,0.0,0.0,0.0,0,0,0,"283,000",0,0,0,"283,000",0,"283,000","283,000"
712763,東捷台新62購02,0,0,0,0.0,0.0,0.0,0,0,0,"-33,000",0,0,0,"33,000","66,000","-33,000","-33,000"
712764,倉和台新62購02,0,0,0,0.0,0.0,0.0,0,0,0,"109,000",0,0,0,"109,000",0,"109,000","109,000"
712765,家碩台新62購01,0,0,0,0.0,0.0,0.0,0,0,0,"50,000",0,0,0,"50,000",0,"50,000","50,000"
712766,家碩台新62購02,0,0,0,0.0,0.0,0.0,0,0,0,"10,000",0,0,0,"10,000",0,"10,000","10,000"
712767,順達台新64購03,0,0,0,0.0,0.0,0.0,0,0,0,"2,000",0,0,0,"2,000",0,"2,000","2,000"
712768,勤凱台新62購01,0,0,0,0.0,0.0,0.0,0,0,0,"-6,000",0,0,0,"51,000","57,000","-6,000","-6,000"
712769,營邦台新63購01,0,0,0,0.0,0.0,0.0,0,0,0,"8,000",0,0,0,"8,000",0,"8,000","8,000"
712772,元太元大64購04,0,0,0,0.0,0.0,0.0,0,0,0,"-175,000",0,0,0,"38,000","213,000","-175,000","-175,000"
712773,弘塑元大63購04,0,0,0,0.0,0.0,0.0,0,0,0,"496,000",0,0,0,"496,000",0,"496,000","496,000"
712774,弘塑元大63購05,0,0,0,0.0,0.0,0.0,0,0,0,"-621,000",0,0,0,0,"621,000","-621,000","-621,000"
712775,弘塑元大64購04,0,0,0,0.0,0.0,0.0,0,0,0,"496,000",0,0,0,"496,000",0,"496,000","496,000"
712777,威剛元大64購06,0,0,0,0.0,0.0,0.0,0,0,0,"-148,000",0,0,0,"142,000","290,000","-148,000","-148,000"
712778,順達元大63購05,0,0,0,0.0,0.0,0.0,0,0,0,"-243,000",0,0,0,"352,000","595,000","-243,000","-243,000"
712779,順達元大63購06,0,0,0,0.0,0.0,0.0,0,0,0,"-231,000",0,0,0,"212,000","443,000","-231,000","-231,000"
712780,順達元大63購07,0,0,0,0.0,0.0,0.0,0,0,0,"-94,000",0,0,0,"69,000","163,000","-94,000","-94,000"
712781,順達元大64購10,0,0,0,0.0,0.0,0.0,0,0,0,"109,000",0,0,0,"109,000",0,"109,000","109,000"
712782,順達元大64購11,0,0,0,0.0,0.0,0.0,0,0,0,"198,000",0,0,0,"200,000","2,000","198,000","198,000"
712783,群聯元大63購14,0,0,0,0.0,0.0,0.0,0,0,0,"15,000",0,0,0,"15,000",0,"15,000","15,000"
712784,群聯元大63購15,0,0,0,0.0,0.0,0.0,0,0,0,"15,000",0,0,0,"15,000",0,"15,000","15,000"
712787,寶雅元大63購03,0,0,0,0.0,0.0,0.0,0,0,0,"15,000",0,0,0,"15,000",0,"15,000","15,000"
712790,宜鼎統一6B購02,0,0,0,0.0,0.0,0.0,0,0,0,"50,000",0,0,0,"71,000","21,000","50,000","50,000"
712792,陽程統一6C購02,0,0,0,0.0,0.0,0.0,0,0,0,"-95,000",0,0,0,"515,000","610,000","-95,000","-95,000"
712794,穩懋統一68購03,0,0,0,0.0,0.0,0.0,0,0,0,"-33,000",0,0,0,"92,000","125,000","-33,000","-33,000"
712795,家登中信63購01,0,0,0,0.0,0.0,0.0,0,0,0,"38,000",0,0,0,"70,000","32,000","38,000","38,000"
712797,安葆永豐63購02,0,0,0,0.0,0.0,0.0,0,0,0,"67,000",0,0,0,"67,000",0,"67,000","67,000"
712798,宏捷科永豐63購01,0,0,0,0.0,0.0,0.0,0,0,0,"-44,000",0,0,0,"377,000","421,000","-44,000","-44,000"
712800,倚強永豐64購02,0,0,0,0.0,0.0,0.0,0,0,0,"-30,000",0,0,0,0,"30,000","-30,000","-30,000"
712802,家登永豐63購03,0,0,0,0.0,0.0,0.0,0,0,0,"55,000",0,0,0,"55,000",0,"55,000","55,000"
712804,順達永豐63購04,0,0,0,0.0,0.0,0.0,0,0,0,"88,000",0,0,0,"123,000","35,000","88,000","88,000"
712809,弘塑富邦64購02,0,0,0,0.0,0.0,0.0,0,0,0,"-644,000",0,0,0,"158,000","802,000","-644,000","-644,000"
712810,頎邦富邦65購02,0,0,0,0.0,0.0,0.0,0,0,0,"717,000",0,0,0,"1,397,000","680,000","717,000","717,000"
712811,雙鴻富邦65購01,0,0,0,0.0,0.0,0.0,0,0,0,"-20,000",0,0,0,0,"20,000","-20,000","-20,000"
712812,元太台新65購02,0,0,0,0.0,0.0,0.0,0,0,0,"28,000",0,0,0,"43,000","15,000","28,000","28,000"
712813,均華台新62購04,0,0,0,0.0,0.0,0.0,0,0,0,"162,000",0,0,0,"162,000",0,"162,000","162,000"
712814,竑騰台新62購03,0,0,0,0.0,0.0,0.0,0,0,0,"15,000",0,0,0,"43,000","28,000","15,000","15,000"
712816,博盛台新62購01,0,0,0,0.0,0.0,0.0,0,0,0,"15,000",0,0,0,"15,000",0,"15,000","15,000"
712818,晶呈台新62購01,0,0,0,0.0,0.0,0.0,0,0,0,"198,000",0,0,0,"287,000","89,000","198,000","198,000"
712819,晶呈台新62購02,0,0,0,0.0,0.0,0.0,0,0,0,"100,000",0,0,0,"100,000",0,"100,000","100,000"
712822,均華群益64購02,0,0,0,0.0,0.0,0.0,0,0,0,"152,000",0,0,0,"152,000",0,"152,000","152,000"
712823,群聯群益62購04,0,0,0,0.0,0.0,0.0,0,0,0,"13,000",0,0,0,"13,000",0,"13,000","13,000"
712826,倉和元大62購01,0,0,0,0.0,0.0,0.0,0,0,0,"15,000",0,0,0,"15,000",0,"15,000","15,000"
712827,倉和元大62購02,0,0,0,0.0,0.0,0.0,0,0,0,"6,000",0,0,0,"6,000",0,"6,000","6,000"
712828,陽程元大62購01,0,0,0,0.0,0.0,0.0,0,0,0,"148,000",0,0,0,"153,000","5,000","148,000","148,000"
712829,陽程元大62購02,0,0,0,0.0,0.0,0.0,0,0,0,"58,000",0,0,0,"408,000","350,000","58,000","58,000"
712830,陽程元大62購03,0,0,0,0.0,0.0,0.0,0,0,0,"-444,000",0,0,0,"25,000","469,000","-444,000","-444,000"
712831,陽程元大63購04,0,0,0,0.0,0.0,0.0,0,0,0,"-154,000",0,0,0,0,"154,000","-154,000","-154,000"
712832,陽程元大65購03,0,0,0,0.0,0.0,0.0,0,0,0,"135,000",0,0,0,"188,000","53,000","135,000","135,000"
712833,群聯元大65購01,0,0,0,0.0,0.0,0.0,0,0,0,"106,000",0,0,0,"130,000","24,000","106,000","106,000"
712834,廣閎科元大62購01,0,0,0,0.0,0.0,0.0,0,0,0,"212,000",0,0,0,"242,000","30,000","212,000","212,000"
712835,營邦元大62購02,0,0,0,0.0,0.0,0.0,0,0,0,"670,000",0,0,0,"680,000","10,000","670,000","670,000"
712838,台特化凱基65購01,0,0,0,0.0,0.0,0.0,0,0,0,"57,000",0,0,0,"57,000",0,"57,000","57,000"
712841,茂迪凱基63購01,0,0,0,0.0,0.0,0.0,0,0,0,"2,000",0,0,0,"2,000",0,"2,000","2,000"
712842,博智凱基63購05,0,0,0,0.0,0.0,0.0,0,0,0,"-6,000",0,0,0,0,"6,000","-6,000","-6,000"
712843,順達凱基63購07,0,0,0,0.0,0.0,0.0,0,0,0,"-22,000",0,0,0,"18,000","40,000","-22,000","-22,000"
712846,寶雅*凱基63購02,0,0,0,0.0,0.0,0.0,0,0,0,"-28,000",0,0,0,"72,000","100,000","-28,000","-28,000"
712847,千附精永豐63購01,0,0,0,0.0,0.0,0.0,0,0,0,"-10,000",0,0,0,0,"10,000","-10,000","-10,000"
712850,群聯永豐63購06,0,0,0,0.0,0.0,0.0,0,0,0,"-35,000",0,0,0,0,"35,000","-35,000","-35,000"
712852,頎邦國泰63購04,0,0,0,0.0,0.0,0.0,0,0,0,"89,000",0,0,0,"89,000",0,"89,000","89,000"
712854,大中國票63購01,0,0,0,0.0,0.0,0.0,0,0,0,"18,000",0,0,0,"18,000",0,"18,000","18,000"
712858,陽程國票65購01,0,0,0,0.0,0.0,0.0,0,0,0,"31,000",0,0,0,"34,000","3,000","31,000","31,000"
712859,陽程國票68購01,0,0,0,0.0,0.0,0.0,0,0,0,"12,000",0,0,0,"12,000",0,"12,000","12,000"
712864,欣銓台新65購01,0,0,0,0.0,0.0,0.0,0,0,0,"19,000",0,0,0,"37,000","18,000","19,000","19,000"
712866,臺慶科台新65購01,0,0,0,0.0,0.0,0.0,0,0,0,"-9,000",0,0,0,0,"9,000","-9,000","-9,000"
712869,均華凱基63購01,0,0,0,0.0,0.0,0.0,0,0,0,"-30,000",0,0,0,"25,000","55,000","-30,000","-30,000"
712870,群聯凱基64購07,0,0,0,0.0,0.0,0.0,0,0,0,"-7,000",0,0,0,"6,000","13,000","-7,000","-7,000"
712871,頎邦凱基63購04,0,0,0,0.0,0.0,0.0,0,0,0,"1,959,000",0,0,0,"2,019,000","60,000","1,959,000","1,959,000"
712872,廣閎科凱基63購02,0,0,0,0.0,0.0,0.0,0,0,0,"6,000",0,0,0,"224,000","218,000","6,000","6,000"
712873,雙鴻凱基67購01,0,0,0,0.0,0.0,0.0,0,0,0,"-17,000",0,0,0,0,"17,000","-17,000","-17,000"
712874,中美晶群益62購06,0,0,0,0.0,0.0,0.0,0,0,0,0,0,0,0,"15,000","15,000",0,0
712877,由田群益63購01,0,0,0,0.0,0.0,0.0,0,0,0,"1,000",0,0,0,"15,000","14,000","1,000","1,000"
712878,威剛群益62購06,0,0,0,0.0,0.0,0.0,0,0,0,"90,000",0,0,0,"90,000",0,"90,000","90,000"
712881,鈊象群益62購02,0,0,0,0.0,0.0,0.0,0,0,0,"24,000",0,0,0,"33,000","9,000","24,000","24,000"
712882,新應材群益62購03,0,0,0,0.0,0.0,0.0,0,0,0,"247,000",0,0,0,"247,000",0,"247,000","247,000"
712883,群聯群益62購05,0,0,0,0.0,0.0,0.0,0,0,0,0,0,0,0,"5,000","5,000",0,0
712884,雙鴻群益62購05,0,0,0,0.0,0.0,0.0,0,0,0,"91,000",0,0,0,"91,000",0,"91,000","91,000"
712886,中美晶永豐63購01,0,0,0,0.0,0.0,0.0,0,0,0,"26,000",0,0,0,"26,000",0,"26,000","26,000"
712887,方土昶永豐64購01,0,0,0,0.0,0.0,0.0,0,0,0,"61,000",0,0,0,"61,000",0,"61,000","61,000"
712888,由田永豐63購01,0,0,0,0.0,0.0,0.0,0,0,0,"-35,000",0,0,0,0,"35,000","-35,000","-35,000"
712889,群聯永豐63購07,0,0,0,0.0,0.0,0.0,0,0,0,"127,000",0,0,0,"183,000","56,000","127,000","127,000"
712890,廣運永豐63購01,0,0,0,0.0,0.0,0.0,0,0,0,"5,000",0,0,0,"5,000",0,"5,000","5,000"
712891,穩懋永豐63購01,0,0,0,0.0,0.0,0.0,0,0,0,"-22,000",0,0,0,"2,000","24,000","-22,000","-22,000"
712894,台半國票66購01,0,0,0,0.0,0.0,0.0,0,0,0,"-2,000",0,0,0,0,"2,000","-2,000","-2,000"
712895,由田國票65購01,0,0,0,0.0,0.0,0.0,0,0,0,"33,000",0,0,0,"33,000",0,"33,000","33,000"
712897,邑錡國票64購01,0,0,0,0.0,0.0,0.0,0,0,0,"18,000",0,0,0,"22,000","4,000","18,000","18,000"
712902,寶雅國票66購01,0,0,0,0.0,0.0,0.0,0,0,0,"-5,000",0,0,0,0,"5,000","-5,000","-5,000"
712903,中美晶元大62購01,0,0,0,0.0,0.0,0.0,0,0,0,"-50,000",0,0,0,"8,000","58,000","-50,000","-50,000"
712905,均華元大68購01,0,0,0,0.0,0.0,0.0,0,0,0,"242,000",0,0,0,"242,000",0,"242,000","242,000"
712906,宜鼎元大65購02,0,0,0,0.0,0.0,0.0,0,0,0,"-200,000",0,0,0,"57,000","257,000","-200,000","-200,000"
712907,建榮元大62購01,0,0,0,0.0,0.0,0.0,0,0,0,"9,000",0,0,0,"9,000",0,"9,000","9,000"
712909,寶雅元大62購01,0,0,0,0.0,0.0,0.0,0,0,0,"-56,000",0,0,0,"24,000","80,000","-56,000","-56,000"
712911,均華統一6A購01,0,0,0,0.0,0.0,0.0,0,0,0,"73,000",0,0,0,"120,000","47,000","73,000","73,000"
712914,晶呈統一6C購01,0,0,0,0.0,0.0,0.0,0,0,0,"341,000",0,0,0,"351,000","10,000","341,000","341,000"
712915,晶呈統一6C購02,0,0,0,0.0,0.0,0.0,0,0,0,"25,000",0,0,0,"25,000",0,"25,000","25,000"
712916,穩懋富邦65購01,0,0,0,0.0,0.0,0.0,0,0,0,"-512,000",0,0,0,"472,000","984,000","-512,000","-512,000"
712917,寶雅富邦64購01,0,0,0,0.0,0.0,0.0,0,0,0,"29,000",0,0,0,"136,000","107,000","29,000","29,000"
712918,寶雅富邦65購01,0,0,0,0.0,0.0,0.0,0,0,0,"92,000",0,0,0,"112,000","20,000","92,000","92,000"
712920,均華元大68購02,0,0,0,0.0,0.0,0.0,0,0,0,"33,000",0,0,0,"36,000","3,000","33,000","33,000"
712921,宜鼎元大65購03,0,0,0,0.0,0.0,0.0,0,0,0,"242,000",0,0,0,"242,000",0,"242,000","242,000"
712923,群聯元大68購03,0,0,0,0.0,0.0,0.0,0,0,0,"65,000",0,0,0,"65,000",0,"65,000","65,000"
712924,臺慶科元大62購01,0,0,0,0.0,0.0,0.0,0,0,0,"120,000",0,0,0,"280,000","160,000","120,000","120,000"
712925,川寶國票65購02,0,0,0,0.0,0.0,0.0,0,0,0,"-1,000",0,0,0,0,"1,000","-1,000","-1,000"
712927,宜特國票67購01,0,0,0,0.0,0.0,0.0,0,0,0,"19,000",0,0,0,"19,000",0,"19,000","19,000"
712928,倉和國票69購01,0,0,0,0.0,0.0,0.0,0,0,0,"-1,000",0,0,0,0,"1,000","-1,000","-1,000"
712934,群聯中信62購03,0,0,0,0.0,0.0,0.0,0,0,0,"-115,000",0,0,0,"125,000","240,000","-115,000","-115,000"
712935,雙鴻中信62購01,0,0,0,0.0,0.0,0.0,0,0,0,"85,000",0,0,0,"92,000","7,000","85,000","85,000"
712938,雙鴻永豐63購05,0,0,0,0.0,0.0,0.0,0,0,0,"-46,000",0,0,0,"93,000","139,000","-46,000","-46,000"
712939,穩懋永豐63購02,0,0,0,0.0,0.0,0.0,0,0,0,"-38,000",0,0,0,"23,000","61,000","-38,000","-38,000"
712944,瑞耘台新62購01,0,0,0,0.0,0.0,0.0,0,0,0,"12,000",0,0,0,"12,000",0,"12,000","12,000"
712945,中美晶凱基64購05,0,0,0,0.0,0.0,0.0,0,0,0,"-6,000",0,0,0,0,"6,000","-6,000","-6,000"
712948,弘塑凱基68購01,0,0,0,0.0,0.0,0.0,0,0,0,"24,000",0,0,0,"271,000","247,000","24,000","24,000"
712949,均華凱基68購02,0,0,0,0.0,0.0,0.0,0,0,0,"-1,000",0,0,0,"83,000","84,000","-1,000","-1,000"
712950,宜鼎凱基63購06,0,0,0,0.0,0.0,0.0,0,0,0,"-81,000",0,0,0,0,"81,000","-81,000","-81,000"
712956,群聯凱基66購05,0,0,0,0.0,0.0,0.0,0,0,0,"-64,000",0,0,0,0,"64,000","-64,000","-64,000"
712957,寶雅*凱基63購03,0,0,0,0.0,0.0,0.0,0,0,0,"80,000",0,0,0,"80,000",0,"80,000","80,000"
712958,均華群益62購01,0,0,0,0.0,0.0,0.0,0,0,0,"-41,000",0,0,0,"9,000","50,000","-41,000","-41,000"
712959,群聯群益62購06,0,0,0,0.0,0.0,0.0,0,0,0,"-26,000",0,0,0,"10,000","36,000","-26,000","-26,000"
712961,元太國泰63購01,0,0,0,0.0,0.0,0.0,0,0,0,"111,000",0,0,0,"111,000",0,"111,000","111,000"
712963,台特化富邦62購01,0,0,0,0.0,0.0,0.0,0,0,0,"188,000",0,0,0,"188,000",0,"188,000","188,000"
712968,安葆凱基63購01,0,0,0,0.0,0.0,0.0,0,0,0,"-21,000",0,0,0,"10,000","31,000","-21,000","-21,000"
712973,群聯凱基63購12,0,0,0,0.0,0.0,0.0,0,0,0,"-10,000",0,0,0,0,"10,000","-10,000","-10,000"
712975,臺慶科凱基63購04,0,0,0,0.0,0.0,0.0,0,0,0,"-26,000",0,0,0,"163,000","189,000","-26,000","-26,000"
712976,營邦凱基63購03,0,0,0,0.0,0.0,0.0,0,0,0,"10,000",0,0,0,"20,000","10,000","10,000","10,000"
712977,雙鴻凱基63購11,0,0,0,0.0,0.0,0.0,0,0,0,"-20,000",0,0,0,0,"20,000","-20,000","-20,000"
712978,穩懋凱基65購01,0,0,0,0.0,0.0,0.0,0,0,0,"25,000",0,0,0,"47,000","22,000","25,000","25,000"
712982,世紀*國票65購01,0,0,0,0.0,0.0,0.0,0,0,0,"-10,000",0,0,0,0,"10,000","-10,000","-10,000"
712985,松瑞藥國票66購01,0,0,0,0.0,0.0,0.0,0,0,0,"-34,000",0,0,0,0,"34,000","-34,000","-34,000"
712986,宸曜國票63購01,0,0,0,0.0,0.0,0.0,0,0,0,"257,000",0,0,0,"259,000","2,000","257,000","257,000"
712987,博智國票64購01,0,0,0,0.0,0.0,0.0,0,0,0,"-10,000",0,0,0,0,"10,000","-10,000","-10,000"
712993,威剛元大65購12,0,0,0,0.0,0.0,0.0,0,0,0,"1,165,000",0,0,0,"1,165,000",0,"1,165,000","1,165,000"
712995,順達元大68購01,0,0,0,0.0,0.0,0.0,0,0,0,"-184,000",0,0,0,"4,000","188,000","-184,000","-184,000"
712996,群聯元大68購04,0,0,0,0.0,0.0,0.0,0,0,0,"-11,000",0,0,0,0,"11,000","-11,000","-11,000"
712997,中美晶群益62購07,0,0,0,0.0,0.0,0.0,0,0,0,"48,000",0,0,0,"95,000","47,000","48,000","48,000"
712998,弘塑群益62購03,0,0,0,0.0,0.0,0.0,0,0,0,"-15,000",0,0,0,"25,000","40,000","-15,000","-15,000"
712999,弘塑群益68購01,0,0,0,0.0,0.0,0.0,0,0,0,"-19,000",0,0,0,"33,000","52,000","-19,000","-19,000"
713000,良維群益64購01,0,0,0,0.0,0.0,0.0,0,0,0,"175,000",0,0,0,"181,000","6,000","175,000","175,000"
713001,宜特群益62購03,0,0,0,0.0,0.0,0.0,0,0,0,"53,000",0,0,0,"53,000",0,"53,000","53,000"
713002,宜鼎群益62購02,0,0,0,0.0,0.0,0.0,0,0,0,"-118,000",0,0,0,"45,000","163,000","-118,000","-118,000"
713003,威剛群益62購07,0,0,0,0.0,0.0,0.0,0,0,0,"6,000",0,0,0,"6,000",0,"6,000","6,000"
713004,茂綸群益63購01,0,0,0,0.0,0.0,0.0,0,0,0,"-445,000",0,0,0,0,"445,000","-445,000","-445,000"
713008,高技群益62購01,0,0,0,0.0,0.0,0.0,0,0,0,"20,000",0,0,0,"20,000",0,"20,000","20,000"
713010,博智群益62購03,0,0,0,0.0,0.0,0.0,0,0,0,"10,000",0,0,0,"10,000",0,"10,000","10,000"
713012,順達群益62購02,0,0,0,0.0,0.0,0.0,0,0,0,"15,000",0,0,0,"56,000","41,000","15,000","15,000"
713013,鈊象群益62購03,0,0,0,0.0,0.0,0.0,0,0,0,"33,000",0,0,0,"33,000",0,"33,000","33,000"
713014,新應材群益62購04,0,0,0,0.0,0.0,0.0,0,0,0,"35,000",0,0,0,"35,000",0,"35,000","35,000"
713015,群聯群益62購07,0,0,0,0.0,0.0,0.0,0,0,0,"32,000",0,0,0,"37,000","5,000","32,000","32,000"
713016,榮剛群益68購01,0,0,0,0.0,0.0,0.0,0,0,0,"-64,000",0,0,0,0,"64,000","-64,000","-64,000"
713018,臺慶科群益65購01,0,0,0,0.0,0.0,0.0,0,0,0,"31,000",0,0,0,"31,000",0,"31,000","31,000"
713019,雙鴻群益62購07,0,0,0,0.0,0.0,0.0,0,0,0,"-10,000",0,0,0,0,"10,000","-10,000","-10,000"
713020,穩懋群益63購03,0,0,0,0.0,0.0,0.0,0,0,0,"183,000",0,0,0,"1,037,000","854,000","183,000","183,000"
713021,穩懋群益64購04,0,0,0,0.0,0.0,0.0,0,0,0,"102,000",0,0,0,"145,000","43,000","102,000","102,000"
713023,良維中信62購01,0,0,0,0.0,0.0,0.0,0,0,0,"155,000",0,0,0,"155,000",0,"155,000","155,000"
713025,宜鼎永豐62購01,0,0,0,0.0,0.0,0.0,0,0,0,"-53,000",0,0,0,"36,000","89,000","-53,000","-53,000"
713026,宜鼎永豐63購06,0,0,0,0.0,0.0,0.0,0,0,0,"10,000",0,0,0,"100,000","90,000","10,000","10,000"
713027,朋程永豐63購01,0,0,0,0.0,0.0,0.0,0,0,0,0,0,0,0,"10,000","10,000",0,0
713030,立敦台新65購01,0,0,0,0.0,0.0,0.0,0,0,0,"-30,000",0,0,0,0,"30,000","-30,000","-30,000"
713031,宜鼎台新62購05,0,0,0,0.0,0.0,0.0,0,0,0,"-15,000",0,0,0,0,"15,000","-15,000","-15,000"
713033,群聯群益62購08,0,0,0,0.0,0.0,0.0,0,0,0,"45,000",0,0,0,"55,000","10,000","45,000","45,000"
713037,台星科元大62購03,0,0,0,0.0,0.0,0.0,0,0,0,"574,000",0,0,0,"738,000","164,000","574,000","574,000"
713038,安葆元大62購01,0,0,0,0.0,0.0,0.0,0,0,0,"-138,000",0,0,0,0,"138,000","-138,000","-138,000"
713039,安葆元大62購02,0,0,0,0.0,0.0,0.0,0,0,0,"-145,000",0,0,0,"28,000","173,000","-145,000","-145,000"
713040,竑騰元大62購01,0,0,0,0.0,0.0,0.0,0,0,0,"242,000",0,0,0,"242,000",0,"242,000","242,000"
713042,雙鴻元大62購03,0,0,0,0.0,0.0,0.0,0,0,0,"8,000",0,0,0,"8,000",0,"8,000","8,000"
713043,雙鴻元大62購04,0,0,0,0.0,0.0,0.0,0,0,0,"1,188,000",0,0,0,"1,188,000",0,"1,188,000","1,188,000"
713044,中美晶凱基63購07,0,0,0,0.0,0.0,0.0,0,0,0,"-28,000",0,0,0,"18,000","46,000","-28,000","-28,000"
713045,弘塑凱基63購06,0,0,0,0.0,0.0,0.0,0,0,0,"-28,000",0,0,0,"45,000","73,000","-28,000","-28,000"
713046,宜特凱基63購02,0,0,0,0.0,0.0,0.0,0,0,0,"45,000",0,0,0,"62,000","17,000","45,000","45,000"
713047,宜鼎凱基63購07,0,0,0,0.0,0.0,0.0,0,0,0,"201,000",0,0,0,"272,000","71,000","201,000","201,000"
713051,順達凱基63購08,0,0,0,0.0,0.0,0.0,0,0,0,"34,000",0,0,0,"34,000",0,"34,000","34,000"
713053,新應材凱基63購08,0,0,0,0.0,0.0,0.0,0,0,0,"-20,000",0,0,0,0,"20,000","-20,000","-20,000"
713056,榮剛凱基68購01,0,0,0,0.0,0.0,0.0,0,0,0,"-38,000",0,0,0,0,"38,000","-38,000","-38,000"
713060,信立國票63購01,0,0,0,0.0,0.0,0.0,0,0,0,"55,000",0,0,0,"60,000","5,000","55,000","55,000"
713064,世界永豐63購01,0,0,0,0.0,0.0,0.0,0,0,0,"18,000",0,0,0,"18,000",0,"18,000","18,000"
713065,世界永豐64購02,0,0,0,0.0,0.0,0.0,0,0,0,"34,000",0,0,0,"34,000",0,"34,000","34,000"
713066,安葆永豐64購01,0,0,0,0.0,0.0,0.0,0,0,0,"9,000",0,0,0,"9,000",0,"9,000","9,000"
713068,威剛永豐63購02,0,0,0,0.0,0.0,0.0,0,0,0,"-5,000",0,0,0,0,"5,000","-5,000","-5,000"
713069,穩懋永豐63購03,0,0,0,0.0,0.0,0.0,0,0,0,"-20,000",0,0,0,0,"20,000","-20,000","-20,000"
713070,元太富邦64購02,0,0,0,0.0,0.0,0.0,0,0,0,"80,000",0,0,0,"330,000","250,000","80,000","80,000"
713071,宜特富邦64購01,0,0,0,0.0,0.0,0.0,0,0,0,"198,000",0,0,0,"199,000","1,000","198,000","198,000"
713072,威剛富邦68購01,0,0,0,0.0,0.0,0.0,0,0,0,"-2,000",0,0,0,0,"2,000","-2,000","-2,000"
713073,高技富邦64購01,0,0,0,0.0,0.0,0.0,0,0,0,"11,000",0,0,0,"11,000",0,"11,000","11,000"
713075,智通*富邦64購03,0,0,0,0.0,0.0,0.0,0,0,0,"84,000",0,0,0,"84,000",0,"84,000","84,000"
713076,雙鴻富邦64購02,0,0,0,0.0,0.0,0.0,0,0,0,"-84,000",0,0,0,0,"84,000","-84,000","-84,000"
713077,寶雅*富邦64購02,0,0,0,0.0,0.0,0.0,0,0,0,"110,000",0,0,0,"114,000","4,000","110,000","110,000"
713078,建榮統一6B購01,0,0,0,0.0,0.0,0.0,0,0,0,"-280,000",0,0,0,"20,000","300,000","-280,000","-280,000"
713079,巨有台新62購01,0,0,0,0.0,0.0,0.0,0,0,0,"1,000",0,0,0,"1,000",0,"1,000","1,000"
713080,巨有台新62購02,0,0,0,0.0,0.0,0.0,0,0,0,"35,000",0,0,0,"37,000","2,000","35,000","35,000"
713081,竑騰台新62購04,0,0,0,0.0,0.0,0.0,0,0,0,"16,000",0,0,0,"16,000",0,"16,000","16,000"
713082,高技台新62購01,0,0,0,0.0,0.0,0.0,0,0,0,"16,000",0,0,0,"16,000",0,"16,000","16,000"
713085,榮剛台新65購01,0,0,0,0.0,0.0,0.0,0,0,0,"-27,000",0,0,0,0,"27,000","-27,000","-27,000"
713086,穩懋台新62購02,0,0,0,0.0,0.0,0.0,0,0,0,"7,000",0,0,0,"7,000",0,"7,000","7,000"
713087,穩懋台新62購03,0,0,0,0.0,0.0,0.0,0,0,0,"-64,000",0,0,0,"85,000","149,000","-64,000","-64,000"
713089,元太凱基63購03,0,0,0,0.0,0.0,0.0,0,0,0,"12,000",0,0,0,"12,000",0,"12,000","12,000"
713090,台星科凱基63購01,0,0,0,0.0,0.0,0.0,0,0,0,"37,000",0,0,0,"107,000","70,000","37,000","37,000"
713095,威剛凱基63購11,0,0,0,0.0,0.0,0.0,0,0,0,"10,000",0,0,0,"16,000","6,000","10,000","10,000"
713096,竑騰凱基63購01,0,0,0,0.0,0.0,0.0,0,0,0,"-30,000",0,0,0,"40,000","70,000","-30,000","-30,000"
713098,群聯凱基63購16,0,0,0,0.0,0.0,0.0,0,0,0,"-6,000",0,0,0,"6,000","12,000","-6,000","-6,000"
713099,聖暉*凱基63購01,0,0,0,0.0,0.0,0.0,0,0,0,"-19,000",0,0,0,"42,000","61,000","-19,000","-19,000"
713101,雙鴻凱基68購01,0,0,0,0.0,0.0,0.0,0,0,0,"-6,000",0,0,0,0,"6,000","-6,000","-6,000"
713102,高技國泰63購01,0,0,0,0.0,0.0,0.0,0,0,0,"32,000",0,0,0,"32,000",0,"32,000","32,000"
713103,群翊國泰63購01,0,0,0,0.0,0.0,0.0,0,0,0,"6,000",0,0,0,"6,000",0,"6,000","6,000"
713104,大綜國票63購01,0,0,0,0.0,0.0,0.0,0,0,0,"158,000",0,0,0,"247,000","89,000","158,000","158,000"
713105,大綜國票64購01,0,0,0,0.0,0.0,0.0,0,0,0,"3,000",0,0,0,"3,000",0,"3,000","3,000"
713106,宏捷科國票66購01,0,0,0,0.0,0.0,0.0,0,0,0,"9,000",0,0,0,"9,000",0,"9,000","9,000"
713109,聖暉*富邦62購02,0,0,0,0.0,0.0,0.0,0,0,0,"3,000",0,0,0,"98,000","95,000","3,000","3,000"
713111,宜鼎中信62購02,0,0,0,0.0,0.0,0.0,0,0,0,"90,000",0,0,0,"100,000","10,000","90,000","90,000"
713113,大綜永豐63購01,0,0,0,0.0,0.0,0.0,0,0,0,"-55,000",0,0,0,0,"55,000","-55,000","-55,000"
713116,竑騰永豐63購02,0,0,0,0.0,0.0,0.0,0,0,0,"-13,000",0,0,0,"1,000","14,000","-13,000","-13,000"
713117,頎邦永豐64購02,0,0,0,0.0,0.0,0.0,0,0,0,"-123,000",0,0,0,"14,000","137,000","-123,000","-123,000"
713119,廣運永豐64購01,0,0,0,0.0,0.0,0.0,0,0,0,"1,000",0,0,0,"1,000",0,"1,000","1,000"
713120,中美晶群益62購08,0,0,0,0.0,0.0,0.0,0,0,0,"-24,000",0,0,0,"68,000","92,000","-24,000","-24,000"
713121,元太群益62購03,0,0,0,0.0,0.0,0.0,0,0,0,"2,000",0,0,0,"52,000","50,000","2,000","2,000"
713122,台半群益62購04,0,0,0,0.0,0.0,0.0,0,0,0,"433,000",0,0,0,"680,000","247,000","433,000","433,000"
713123,系統電群益64購01,0,0,0,0.0,0.0,0.0,0,0,0,"-20,000",0,0,0,0,"20,000","-20,000","-20,000"
713124,宜鼎群益64購01,0,0,0,0.0,0.0,0.0,0,0,0,"101,000",0,0,0,"106,000","5,000","101,000","101,000"
713125,欣銓群益62購01,0,0,0,0.0,0.0,0.0,0,0,0,"-17,000",0,0,0,"14,000","31,000","-17,000","-17,000"
713126,青雲群益64購01,0,0,0,0.0,0.0,0.0,0,0,0,"-27,000",0,0,0,"1,000","28,000","-27,000","-27,000"
713127,威剛群益62購08,0,0,0,0.0,0.0,0.0,0,0,0,"35,000",0,0,0,"35,000",0,"35,000","35,000"
713129,順達群益62購03,0,0,0,0.0,0.0,0.0,0,0,0,"21,000",0,0,0,"58,000","37,000","21,000","21,000"
713130,鈊象群益62購04,0,0,0,0.0,0.0,0.0,0,0,0,"44,000",0,0,0,"44,000",0,"44,000","44,000"
713132,群翊群益62購01,0,0,0,0.0,0.0,0.0,0,0,0,"469,000",0,0,0,"469,000",0,"469,000","469,000"
713133,群聯群益62購09,0,0,0,0.0,0.0,0.0,0,0,0,0,0,0,0,"10,000","10,000",0,0
713135,頎邦群益63購01,0,0,0,0.0,0.0,0.0,0,0,0,"89,000",0,0,0,"199,000","110,000","89,000","89,000"
713136,臺慶科群益62購01,0,0,0,0.0,0.0,0.0,0,0,0,"-21,000",0,0,0,"5,000","26,000","-21,000","-21,000"
713137,廣閎科群益62購01,0,0,0,0.0,0.0,0.0,0,0,0,"80,000",0,0,0,"80,000",0,"80,000","80,000"
713138,大綜元大62購01,0,0,0,0.0,0.0,0.0,0,0,0,"303,000",0,0,0,"303,000",0,"303,000","303,000"
713139,中美晶元大62購02,0,0,0,0.0,0.0,0.0,0,0,0,"243,000",0,0,0,"284,000","41,000","243,000","243,000"
713140,弘塑元大62購02,0,0,0,0.0,0.0,0.0,0,0,0,"-137,000",0,0,0,"26,000","163,000","-137,000","-137,000"
713141,均華元大62購01,0,0,0,0.0,0.0,0.0,0,0,0,"103,000",0,0,0,"103,000",0,"103,000","103,000"
713142,沛亨元大62購01,0,0,0,0.0,0.0,0.0,0,0,0,"88,000",0,0,0,"203,000","115,000","88,000","88,000"
713143,宜鼎元大62購03,0,0,0,0.0,0.0,0.0,0,0,0,"-766,000",0,0,0,0,"766,000","-766,000","-766,000"
713144,威剛元大65購13,0,0,0,0.0,0.0,0.0,0,0,0,"6,000",0,0,0,"6,000",0,"6,000","6,000"
713145,高技元大62購01,0,0,0,0.0,0.0,0.0,0,0,0,"4,000",0,0,0,"4,000",0,"4,000","4,000"
713146,群聯元大62購05,0,0,0,0.0,0.0,0.0,0,0,0,"-85,000",0,0,0,0,"85,000","-85,000","-85,000"
713148,中美晶凱基62購01,0,0,0,0.0,0.0,0.0,0,0,0,"15,000",0,0,0,"41,000","26,000","15,000","15,000"
713149,台半凱基66購01,0,0,0,0.0,0.0,0.0,0,0,0,"-155,000",0,0,0,"83,000","238,000","-155,000","-155,000"
713150,弘塑凱基65購01,0,0,0,0.0,0.0,0.0,0,0,0,"-50,000",0,0,0,"3,000","53,000","-50,000","-50,000"
713151,均華凱基62購01,0,0,0,0.0,0.0,0.0,0,0,0,"25,000",0,0,0,"32,000","7,000","25,000","25,000"
713153,宜鼎凱基64購03,0,0,0,0.0,0.0,0.0,0,0,0,"10,000",0,0,0,"10,000",0,"10,000","10,000"
713155,高技凱基65購01,0,0,0,0.0,0.0,0.0,0,0,0,"51,000",0,0,0,"51,000",0,"51,000","51,000"
713157,新應材凱基62購01,0,0,0,0.0,0.0,0.0,0,0,0,"-20,000",0,0,0,0,"20,000","-20,000","-20,000"
713159,頎邦凱基68購01,0,0,0,0.0,0.0,0.0,0,0,0,"-126,000",0,0,0,"8,000","134,000","-126,000","-126,000"
713160,廣閎科凱基62購01,0,0,0,0.0,0.0,0.0,0,0,0,"13,000",0,0,0,"268,000","255,000","13,000","13,000"
713166,環球晶凱基62購01,0,0,0,0.0,0.0,0.0,0,0,0,"-115,000",0,0,0,"48,000","163,000","-115,000","-115,000"
713169,環球晶凱基62購04,0,0,0,0.0,0.0,0.0,0,0,0,"-4,000",0,0,0,0,"4,000","-4,000","-4,000"
713170,環球晶凱基62購05,0,0,0,0.0,0.0,0.0,0,0,0,"11,000",0,0,0,"11,000",0,"11,000","11,000"
713171,環球晶凱基64購01,0,0,0,0.0,0.0,0.0,0,0,0,"-25,000",0,0,0,"5,000","30,000","-25,000","-25,000"
713172,環球晶凱基64購02,0,0,0,0.0,0.0,0.0,0,0,0,"428,000",0,0,0,"646,000","218,000","428,000","428,000"
713177,順達台新62購02,0,0,0,0.0,0.0,0.0,0,0,0,"-4,000",0,0,0,0,"4,000","-4,000","-4,000"
713178,環球晶台新62購03,0,0,0,0.0,0.0,0.0,0,0,0,"11,000",0,0,0,"22,000","11,000","11,000","11,000"
713179,環球晶台新62購04,0,0,0,0.0,0.0,0.0,0,0,0,"229,000",0,0,0,"302,000","73,000","229,000","229,000"
713182,環球晶台新68購01,0,0,0,0.0,0.0,0.0,0,0,0,"-40,000",0,0,0,0,"40,000","-40,000","-40,000"
713184,元太群益62購04,0,0,0,0.0,0.0,0.0,0,0,0,"-1,000",0,0,0,"29,000","30,000","-1,000","-1,000"
713185,宜鼎群益62購03,0,0,0,0.0,0.0,0.0,0,0,0,"-251,000",0,0,0,"15,000","266,000","-251,000","-251,000"
713186,環球晶群益62購02,0,0,0,0.0,0.0,0.0,0,0,0,0,0,0,0,"5,000","5,000",0,0
713187,環球晶群益62購03,0,0,0,0.0,0.0,0.0,0,0,0,"15,000",0,0,0,"20,000","5,000","15,000","15,000"
713189,環球晶群益63購01,0,0,0,0.0,0.0,0.0,0,0,0,"20,000",0,0,0,"20,000",0,"20,000","20,000"
713190,環球晶統一66購01,0,0,0,0.0,0.0,0.0,0,0,0,"-7,000",0,0,0,"3,000","10,000","-7,000","-7,000"
713192,環球晶統一6A購02,0,0,0,0.0,0.0,0.0,0,0,0,"-10,000",0,0,0,0,"10,000","-10,000","-10,000"
713194,環球晶統一78購01,0,0,0,0.0,0.0,0.0,0,0,0,"28,000",0,0,0,"30,000","2,000","28,000","28,000"
713197,環球晶國泰63購01,0,0,0,0.0,0.0,0.0,0,0,0,"-81,000",0,0,0,"56,000","137,000","-81,000","-81,000"
713198,環球晶國泰64購01,0,0,0,0.0,0.0,0.0,0,0,0,"-52,000",0,0,0,0,"52,000","-52,000","-52,000"
713199,環球晶國泰67購01,0,0,0,0.0,0.0,0.0,0,0,0,"-130,000",0,0,0,0,"130,000","-130,000","-130,000"
713200,良維富邦64購01,0,0,0,0.0,0.0,0.0,0,0,0,"81,000",0,0,0,"81,000",0,"81,000","81,000"
713201,群翊富邦65購01,0,0,0,0.0,0.0,0.0,0,0,0,"-78,000",0,0,0,0,"78,000","-78,000","-78,000"
713202,環球晶富邦62購01,0,0,0,0.0,0.0,0.0,0,0,0,"69,000",0,0,0,"196,000","127,000","69,000","69,000"
713203,環球晶富邦62購02,0,0,0,0.0,0.0,0.0,0,0,0,"-4,000",0,0,0,"148,000","152,000","-4,000","-4,000"
713204,環球晶富邦65購01,0,0,0,0.0,0.0,0.0,0,0,0,"-80,000",0,0,0,0,"80,000","-80,000","-80,000"
713205,環球晶中信62購01,0,0,0,0.0,0.0,0.0,0,0,0,"51,000",0,0,0,"93,000","42,000","51,000","51,000"
713208,環球晶永豐63購01,0,0,0,0.0,0.0,0.0,0,0,0,"7,000",0,0,0,"16,000","9,000","7,000","7,000"
713209,環球晶永豐63購02,0,0,0,0.0,0.0,0.0,0,0,0,"-54,000",0,0,0,"6,000","60,000","-54,000","-54,000"
713210,環球晶永豐63購03,0,0,0,0.0,0.0,0.0,0,0,0,"-42,000",0,0,0,0,"42,000","-42,000","-42,000"
713211,環球晶永豐63購04,0,0,0,0.0,0.0,0.0,0,0,0,"-117,000",0,0,0,0,"117,000","-117,000","-117,000"
713212,環球晶永豐63購05,0,0,0,0.0,0.0,0.0,0,0,0,"-1,555,000",0,0,0,"60,000","1,615,000","-1,555,000","-1,555,000"
713214,環球晶永豐65購01,0,0,0,0.0,0.0,0.0,0,0,0,"-44,000",0,0,0,"55,000","99,000","-44,000","-44,000"
713215,環球晶永豐65購02,0,0,0,0.0,0.0,0.0,0,0,0,"14,000",0,0,0,"66,000","52,000","14,000","14,000"
713217,環球晶永豐68購01,0,0,0,0.0,0.0,0.0,0,0,0,"40,000",0,0,0,"60,000","20,000","40,000","40,000"
713218,環球晶永豐68購02,0,0,0,0.0,0.0,0.0,0,0,0,"-25,000",0,0,0,"54,000","79,000","-25,000","-25,000"
713219,環球晶永豐72購01,0,0,0,0.0,0.0,0.0,0,0,0,"-32,000",0,0,0,0,"32,000","-32,000","-32,000"
713221,雙鴻永豐64購06,0,0,0,0.0,0.0,0.0,0,0,0,"-161,000",0,0,0,0,"161,000","-161,000","-161,000"
713222,中美晶國票63購02,0,0,0,0.0,0.0,0.0,0,0,0,"-13,000",0,0,0,"30,000","43,000","-13,000","-13,000"
713223,均華國票65購01,0,0,0,0.0,0.0,0.0,0,0,0,"20,000",0,0,0,"20,000",0,"20,000","20,000"
713224,沛亨國票68購02,0,0,0,0.0,0.0,0.0,0,0,0,"24,000",0,0,0,"24,000",0,"24,000","24,000"
713231,中美晶元大62購03,0,0,0,0.0,0.0,0.0,0,0,0,"-20,000",0,0,0,0,"20,000","-20,000","-20,000"
713232,均華元大62購02,0,0,0,0.0,0.0,0.0,0,0,0,"168,000",0,0,0,"168,000",0,"168,000","168,000"
713233,均華元大66購01,0,0,0,0.0,0.0,0.0,0,0,0,"368,000",0,0,0,"368,000",0,"368,000","368,000"
713234,均華元大67購01,0,0,0,0.0,0.0,0.0,0,0,0,"247,000",0,0,0,"247,000",0,"247,000","247,000"
713236,群聯元大62購07,0,0,0,0.0,0.0,0.0,0,0,0,"-1,000",0,0,0,0,"1,000","-1,000","-1,000"
713237,群聯元大62購08,0,0,0,0.0,0.0,0.0,0,0,0,"-47,000",0,0,0,"101,000","148,000","-47,000","-47,000"
713239,營邦元大65購01,0,0,0,0.0,0.0,0.0,0,0,0,"101,000",0,0,0,"101,000",0,"101,000","101,000"
713240,環球晶元大62購01,0,0,0,0.0,0.0,0.0,0,0,0,"-81,000",0,0,0,"59,000","140,000","-81,000","-81,000"
713241,環球晶元大62購02,0,0,0,0.0,0.0,0.0,0,0,0,"-59,000",0,0,0,0,"59,000","-59,000","-59,000"
713242,環球晶元大62購03,0,0,0,0.0,0.0,0.0,0,0,0,"-1,000",0,0,0,0,"1,000","-1,000","-1,000"
713243,環球晶元大65購03,0,0,0,0.0,0.0,0.0,0,0,0,"-141,000",0,0,0,"10,000","151,000","-141,000","-141,000"
713244,環球晶元大68購09,0,0,0,0.0,0.0,0.0,0,0,0,"64,000",0,0,0,"64,000",0,"64,000","64,000"
713245,元太凱基63購04,0,0,0,0.0,0.0,0.0,0,0,0,"33,000",0,0,0,"82,000","49,000","33,000","33,000"
713246,威剛凱基65購03,0,0,0,0.0,0.0,0.0,0,0,0,"2,005,000",0,0,0,"2,005,000",0,"2,005,000","2,005,000"
713247,群聯凱基63購17,0,0,0,0.0,0.0,0.0,0,0,0,"217,000",0,0,0,"251,000","34,000","217,000","217,000"
713248,營邦凱基63購04,0,0,0,0.0,0.0,0.0,0,0,0,"-19,000",0,0,0,"2,000","21,000","-19,000","-19,000"
713249,雙鴻凱基64購03,0,0,0,0.0,0.0,0.0,0,0,0,"-133,000",0,0,0,0,"133,000","-133,000","-133,000"
713251,璟德台新65購01,0,0,0,0.0,0.0,0.0,0,0,0,"76,000",0,0,0,"76,000",0,"76,000","76,000"
713252,優群台新65購01,0,0,0,0.0,0.0,0.0,0,0,0,"-1,000",0,0,0,"14,000","15,000","-1,000","-1,000"
713255,中美晶群益63購04,0,0,0,0.0,0.0,0.0,0,0,0,"4,000",0,0,0,"44,000","40,000","4,000","4,000"
713256,弘塑群益63購04,0,0,0,0.0,0.0,0.0,0,0,0,"-11,000",0,0,0,"10,000","21,000","-11,000","-11,000"
713257,宜鼎群益63購03,0,0,0,0.0,0.0,0.0,0,0,0,"32,000",0,0,0,"47,000","15,000","32,000","32,000"
713259,順達群益63購03,0,0,0,0.0,0.0,0.0,0,0,0,"54,000",0,0,0,"82,000","28,000","54,000","54,000"
713260,鈊象群益63購02,0,0,0,0.0,0.0,0.0,0,0,0,"28,000",0,0,0,"28,000",0,"28,000","28,000"
713262,群聯群益63購04,0,0,0,0.0,0.0,0.0,0,0,0,0,0,0,0,"5,000","5,000",0,0
713263,雙鴻群益63購05,0,0,0,0.0,0.0,0.0,0,0,0,"-10,000",0,0,0,0,"10,000","-10,000","-10,000"
713264,宜鼎中信68購01,0,0,0,0.0,0.0,0.0,0,0,0,"-30,000",0,0,0,0,"30,000","-30,000","-30,000"
713265,群聯中信63購02,0,0,0,0.0,0.0,0.0,0,0,0,"30,000",0,0,0,"182,000","152,000","30,000","30,000"
713266,穩懋中信63購01,0,0,0,0.0,0.0,0.0,0,0,0,"71,000",0,0,0,"71,000",0,"71,000","71,000"
713267,穩懋中信68購02,0,0,0,0.0,0.0,0.0,0,0,0,"17,000",0,0,0,"17,000",0,"17,000","17,000"
713268,智通*永豐63購02,0,0,0,0.0,0.0,0.0,0,0,0,"229,000",0,0,0,"229,000",0,"229,000","229,000"
713269,雙鴻永豐65購03,0,0,0,0.0,0.0,0.0,0,0,0,"-52,000",0,0,0,"59,000","111,000","-52,000","-52,000"
713271,譜瑞永豐63購01,0,0,0,0.0,0.0,0.0,0,0,0,"-5,000",0,0,0,0,"5,000","-5,000","-5,000"
713272,中美晶元大63購05,0,0,0,0.0,0.0,0.0,0,0,0,"254,000",0,0,0,"286,000","32,000","254,000","254,000"
713273,中美晶元大63購06,0,0,0,0.0,0.0,0.0,0,0,0,"522,000",0,0,0,"522,000",0,"522,000","522,000"
713274,中美晶元大63購07,0,0,0,0.0,0.0,0.0,0,0,0,"566,000",0,0,0,"566,000",0,"566,000","566,000"
713275,宜鼎元大65購04,0,0,0,0.0,0.0,0.0,0,0,0,"437,000",0,0,0,"496,000","59,000","437,000","437,000"
713276,宜鼎元大66購01,0,0,0,0.0,0.0,0.0,0,0,0,"-261,000",0,0,0,"176,000","437,000","-261,000","-261,000"
713279,高技元大63購03,0,0,0,0.0,0.0,0.0,0,0,0,"108,000",0,0,0,"108,000",0,"108,000","108,000"
713280,高技元大63購04,0,0,0,0.0,0.0,0.0,0,0,0,"121,000",0,0,0,"121,000",0,"121,000","121,000"
713281,順達元大65購01,0,0,0,0.0,0.0,0.0,0,0,0,"-156,000",0,0,0,"2,000","158,000","-156,000","-156,000"
713282,鈊象元大63購10,0,0,0,0.0,0.0,0.0,0,0,0,"127,000",0,0,0,"127,000",0,"127,000","127,000"
713283,群聯元大63購17,0,0,0,0.0,0.0,0.0,0,0,0,"495,000",0,0,0,"1,283,000","788,000","495,000","495,000"
713284,群聯元大63購18,0,0,0,0.0,0.0,0.0,0,0,0,"100,000",0,0,0,"100,000",0,"100,000","100,000"
713285,營邦元大65購02,0,0,0,0.0,0.0,0.0,0,0,0,"214,000",0,0,0,"425,000","211,000","214,000","214,000"
713286,營邦元大66購01,0,0,0,0.0,0.0,0.0,0,0,0,"253,000",0,0,0,"536,000","283,000","253,000","253,000"
713287,弘塑國票63購02,0,0,0,0.0,0.0,0.0,0,0,0,"116,000",0,0,0,"116,000",0,"116,000","116,000"
713290,鈊象國票66購01,0,0,0,0.0,0.0,0.0,0,0,0,"35,000",0,0,0,"35,000",0,"35,000","35,000"
713293,聖暉*國票68購01,0,0,0,0.0,0.0,0.0,0,0,0,"145,000",0,0,0,"145,000",0,"145,000","145,000"
713294,頎邦國票64購04,0,0,0,0.0,0.0,0.0,0,0,0,"58,000",0,0,0,"63,000","5,000","58,000","58,000"
713295,營邦國票63購01,0,0,0,0.0,0.0,0.0,0,0,0,"5,000",0,0,0,"5,000",0,"5,000","5,000"
713296,營邦國票64購01,0,0,0,0.0,0.0,0.0,0,0,0,"67,000",0,0,0,"172,000","105,000","67,000","67,000"
713298,晶呈富邦64購01,0,0,0,0.0,0.0,0.0,0,0,0,"147,000",0,0,0,"309,000","162,000","147,000","147,000"
713299,廣閎科富邦63購01,0,0,0,0.0,0.0,0.0,0,0,0,"94,000",0,0,0,"394,000","300,000","94,000","94,000"
713300,穩懋富邦63購02,0,0,0,0.0,0.0,0.0,0,0,0,"48,000",0,0,0,"346,000","298,000","48,000","48,000"
713302,晶呈國泰63購01,0,0,0,0.0,0.0,0.0,0,0,0,"140,000",0,0,0,"140,000",0,"140,000","140,000"
713303,晶呈國泰63購02,0,0,0,0.0,0.0,0.0,0,0,0,"141,000",0,0,0,"141,000",0,"141,000","141,000"
713304,磐亞國泰63購01,0,0,0,0.0,0.0,0.0,0,0,0,"-1,000,000",0,0,0,0,"1,000,000","-1,000,000","-1,000,000"
713305,穩懋國泰64購02,0,0,0,0.0,0.0,0.0,0,0,0,"56,000",0,0,0,"56,000",0,"56,000","56,000"
713306,穩懋國泰65購01,0,0,0,0.0,0.0,0.0,0,0,0,"174,000",0,0,0,"175,000","1,000","174,000","174,000"
713308,千附精凱基65購01,0,0,0,0.0,0.0,0.0,0,0,0,"-100,000",0,0,0,0,"100,000","-100,000","-100,000"
713309,中美晶凱基63購08,0,0,0,0.0,0.0,0.0,0,0,0,"-15,000",0,0,0,"6,000","21,000","-15,000","-15,000"
713310,台半凱基65購01,0,0,0,0.0,0.0,0.0,0,0,0,"377,000",0,0,0,"436,000","59,000","377,000","377,000"
713311,弘塑凱基63購07,0,0,0,0.0,0.0,0.0,0,0,0,"-35,000",0,0,0,0,"35,000","-35,000","-35,000"
713312,良維凱基63購02,0,0,0,0.0,0.0,0.0,0,0,0,"-5,000",0,0,0,0,"5,000","-5,000","-5,000"
713313,高技凱基63購02,0,0,0,0.0,0.0,0.0,0,0,0,"159,000",0,0,0,"197,000","38,000","159,000","159,000"
713314,順達凱基63購09,0,0,0,0.0,0.0,0.0,0,0,0,"-6,000",0,0,0,"36,000","42,000","-6,000","-6,000"
713316,新應材凱基65購01,0,0,0,0.0,0.0,0.0,0,0,0,"-16,000",0,0,0,0,"16,000","-16,000","-16,000"
713317,群翊凱基63購01,0,0,0,0.0,0.0,0.0,0,0,0,"66,000",0,0,0,"66,000",0,"66,000","66,000"
713318,頎邦凱基63購05,0,0,0,0.0,0.0,0.0,0,0,0,"-45,000",0,0,0,"60,000","105,000","-45,000","-45,000"
713319,頎邦凱基63購06,0,0,0,0.0,0.0,0.0,0,0,0,"33,000",0,0,0,"55,000","22,000","33,000","33,000"
713320,精材凱基63購03,0,0,0,0.0,0.0,0.0,0,0,0,"17,000",0,0,0,"17,000",0,"17,000","17,000"
713324,環球晶凱基63購01,0,0,0,0.0,0.0,0.0,0,0,0,"41,000",0,0,0,"81,000","40,000","41,000","41,000"
713329,順達台新63購01,0,0,0,0.0,0.0,0.0,0,0,0,"-16,000",0,0,0,0,"16,000","-16,000","-16,000"
713330,頎邦台新65購01,0,0,0,0.0,0.0,0.0,0,0,0,"68,000",0,0,0,"133,000","65,000","68,000","68,000"
713331,精材台新63購01,0,0,0,0.0,0.0,0.0,0,0,0,"140,000",0,0,0,"140,000",0,"140,000","140,000"
713332,精材台新63購02,0,0,0,0.0,0.0,0.0,0,0,0,"134,000",0,0,0,"134,000",0,"134,000","134,000"
713333,雙鴻台新65購03,0,0,0,0.0,0.0,0.0,0,0,0,"-28,000",0,0,0,0,"28,000","-28,000","-28,000"
713336,元太元大63購09,0,0,0,0.0,0.0,0.0,0,0,0,"6,000",0,0,0,"6,000",0,"6,000","6,000"
713337,元太元大65購05,0,0,0,0.0,0.0,0.0,0,0,0,"19,000",0,0,0,"19,000",0,"19,000","19,000"
713340,鈊象元大63購11,0,0,0,0.0,0.0,0.0,0,0,0,"76,000",0,0,0,"76,000",0,"76,000","76,000"
713341,群聯元大63購19,0,0,0,0.0,0.0,0.0,0,0,0,"90,000",0,0,0,"101,000","11,000","90,000","90,000"
713342,精材元大65購01,0,0,0,0.0,0.0,0.0,0,0,0,"-2,000",0,0,0,"4,000","6,000","-2,000","-2,000"
713343,環球晶元大63購01,0,0,0,0.0,0.0,0.0,0,0,0,"349,000",0,0,0,"367,000","18,000","349,000","349,000"
713344,環球晶元大63購02,0,0,0,0.0,0.0,0.0,0,0,0,"73,000",0,0,0,"73,000",0,"73,000","73,000"
713345,環球晶元大63購03,0,0,0,0.0,0.0,0.0,0,0,0,"-221,000",0,0,0,0,"221,000","-221,000","-221,000"
713346,環球晶元大65購04,0,0,0,0.0,0.0,0.0,0,0,0,"-682,000",0,0,0,0,"682,000","-682,000","-682,000"
713347,環球晶元大68購10,0,0,0,0.0,0.0,0.0,0,0,0,"433,000",0,0,0,"455,000","22,000","433,000","433,000"
713350,雙鴻元大63購13,0,0,0,0.0,0.0,0.0,0,0,0,"3,000",0,0,0,"3,000",0,"3,000","3,000"
713351,雙鴻元大65購01,0,0,0,0.0,0.0,0.0,0,0,0,"135,000",0,0,0,"165,000","30,000","135,000","135,000"
713352,譜瑞元大63購05,0,0,0,0.0,0.0,0.0,0,0,0,"1,000",0,0,0,"1,000",0,"1,000","1,000"
713353,弘塑中信65購01,0,0,0,0.0,0.0,0.0,0,0,0,"-139,000",0,0,0,0,"139,000","-139,000","-139,000"
713354,博智中信65購01,0,0,0,0.0,0.0,0.0,0,0,0,"-30,000",0,0,0,0,"30,000","-30,000","-30,000"
713355,精材中信68購01,0,0,0,0.0,0.0,0.0,0,0,0,"149,000",0,0,0,"149,000",0,"149,000","149,000"
713358,弘塑永豐63購03,0,0,0,0.0,0.0,0.0,0,0,0,"-17,000",0,0,0,"108,000","125,000","-17,000","-17,000"
713359,弘塑永豐68購01,0,0,0,0.0,0.0,0.0,0,0,0,"-13,000",0,0,0,0,"13,000","-13,000","-13,000"
713369,新應材永豐66購01,0,0,0,0.0,0.0,0.0,0,0,0,"-2,000",0,0,0,"42,000","44,000","-2,000","-2,000"
713370,頎邦永豐63購03,0,0,0,0.0,0.0,0.0,0,0,0,"61,000",0,0,0,"61,000",0,"61,000","61,000"
713371,頎邦永豐63購04,0,0,0,0.0,0.0,0.0,0,0,0,"130,000",0,0,0,"130,000",0,"130,000","130,000"
713376,穩懋永豐63購04,0,0,0,0.0,0.0,0.0,0,0,0,"-62,000",0,0,0,0,"62,000","-62,000","-62,000"
713377,中美晶群益63購05,0,0,0,0.0,0.0,0.0,0,0,0,"-53,000",0,0,0,"45,000","98,000","-53,000","-53,000"
713378,世界群益63購02,0,0,0,0.0,0.0,0.0,0,0,0,0,0,0,0,"25,000","25,000",0,0
713379,台半群益63購02,0,0,0,0.0,0.0,0.0,0,0,0,"49,000",0,0,0,"49,000",0,"49,000","49,000"
713380,弘塑群益63購05,0,0,0,0.0,0.0,0.0,0,0,0,"-95,000",0,0,0,"51,000","146,000","-95,000","-95,000"
713381,均華群益66購01,0,0,0,0.0,0.0,0.0,0,0,0,"10,000",0,0,0,"10,000",0,"10,000","10,000"
713384,博盛群益63購01,0,0,0,0.0,0.0,0.0,0,0,0,"10,000",0,0,0,"10,000",0,"10,000","10,000"
713385,鈊象群益63購03,0,0,0,0.0,0.0,0.0,0,0,0,"65,000",0,0,0,"65,000",0,"65,000","65,000"
713387,群聯群益63購05,0,0,0,0.0,0.0,0.0,0,0,0,"-70,000",0,0,0,"83,000","153,000","-70,000","-70,000"
713389,精材群益63購04,0,0,0,0.0,0.0,0.0,0,0,0,"77,000",0,0,0,"82,000","5,000","77,000","77,000"
713392,穩懋群益65購01,0,0,0,0.0,0.0,0.0,0,0,0,"72,000",0,0,0,"89,000","17,000","72,000","72,000"
713395,台半國票68購01,0,0,0,0.0,0.0,0.0,0,0,0,"-2,000",0,0,0,0,"2,000","-2,000","-2,000"
713396,沛亨國票63購01,0,0,0,0.0,0.0,0.0,0,0,0,"51,000",0,0,0,"51,000",0,"51,000","51,000"
713398,宜特國票65購01,0,0,0,0.0,0.0,0.0,0,0,0,"4,000",0,0,0,"4,000",0,"4,000","4,000"
713406,精材國票65購03,0,0,0,0.0,0.0,0.0,0,0,0,"-1,000",0,0,0,0,"1,000","-1,000","-1,000"
713407,環球晶國票63購02,0,0,0,0.0,0.0,0.0,0,0,0,"7,000",0,0,0,"32,000","25,000","7,000","7,000"
713409,頎邦國泰63購05,0,0,0,0.0,0.0,0.0,0,0,0,"127,000",0,0,0,"133,000","6,000","127,000","127,000"
713411,雙鴻國泰63購04,0,0,0,0.0,0.0,0.0,0,0,0,"-10,000",0,0,0,0,"10,000","-10,000","-10,000"
713412,均華統一67購01,0,0,0,0.0,0.0,0.0,0,0,0,"234,000",0,0,0,"234,000",0,"234,000","234,000"
713413,東捷統一68購02,0,0,0,0.0,0.0,0.0,0,0,0,"-22,000",0,0,0,0,"22,000","-22,000","-22,000"
713415,精材統一67購03,0,0,0,0.0,0.0,0.0,0,0,0,"-10,000",0,0,0,0,"10,000","-10,000","-10,000"
713416,精材統一6C購03,0,0,0,0.0,0.0,0.0,0,0,0,"-22,000",0,0,0,"126,000","148,000","-22,000","-22,000"
713417,雙鴻統一65購03,0,0,0,0.0,0.0,0.0,0,0,0,"-183,000",0,0,0,0,"183,000","-183,000","-183,000"
713418,穩懋統一65購03,0,0,0,0.0,0.0,0.0,0,0,0,"-64,000",0,0,0,"24,000","88,000","-64,000","-64,000"
713419,弘塑富邦63購03,0,0,0,0.0,0.0,0.0,0,0,0,"-411,000",0,0,0,"83,000","494,000","-411,000","-411,000"
713420,群聯富邦65購01,0,0,0,0.0,0.0,0.0,0,0,0,"-37,000",0,0,0,"64,000","101,000","-37,000","-37,000"
713423,精材富邦68購01,0,0,0,0.0,0.0,0.0,0,0,0,"53,000",0,0,0,"59,000","6,000","53,000","53,000"
713424,廣閎科富邦63購02,0,0,0,0.0,0.0,0.0,0,0,0,"181,000",0,0,0,"373,000","192,000","181,000","181,000"
713425,茂綸國票68購01,0,0,0,0.0,0.0,0.0,0,0,0,"-502,000",0,0,0,0,"502,000","-502,000","-502,000"
713432,群聯凱基68購02,0,0,0,0.0,0.0,0.0,0,0,0,"20,000",0,0,0,"26,000","6,000","20,000","20,000"
713434,穩懋凱基63購09,0,0,0,0.0,0.0,0.0,0,0,0,"22,000",0,0,0,"42,000","20,000","22,000","22,000"
713435,譜瑞凱基63購02,0,0,0,0.0,0.0,0.0,0,0,0,"10,000",0,0,0,"10,000",0,"10,000","10,000"
713437,譜瑞凱基63購04,0,0,0,0.0,0.0,0.0,0,0,0,"70,000",0,0,0,"70,000",0,"70,000","70,000"
713438,譜瑞凱基65購01,0,0,0,0.0,0.0,0.0,0,0,0,"12,000",0,0,0,"12,000",0,"12,000","12,000"
713439,譜瑞凱基65購02,0,0,0,0.0,0.0,0.0,0,0,0,"186,000",0,0,0,"186,000",0,"186,000","186,000"
713440,久元台新63購01,0,0,0,0.0,0.0,0.0,0,0,0,"-12,000",0,0,0,"14,000","26,000","-12,000","-12,000"
713441,均華台新63購02,0,0,0,0.0,0.0,0.0,0,0,0,"15,000",0,0,0,"15,000",0,"15,000","15,000"
713442,宜鼎台新63購02,0,0,0,0.0,0.0,0.0,0,0,0,"171,000",0,0,0,"171,000",0,"171,000","171,000"
713445,茂綸台新63購01,0,0,0,0.0,0.0,0.0,0,0,0,"-238,000",0,0,0,"5,000","243,000","-238,000","-238,000"
713449,群聯台新63購04,0,0,0,0.0,0.0,0.0,0,0,0,"57,000",0,0,0,"59,000","2,000","57,000","57,000"
713451,頎邦台新63購01,0,0,0,0.0,0.0,0.0,0,0,0,"41,000",0,0,0,"285,000","244,000","41,000","41,000"
713452,鴻呈台新63購01,0,0,0,0.0,0.0,0.0,0,0,0,"-4,000",0,0,0,"1,000","5,000","-4,000","-4,000"
713453,穩懋台新63購02,0,0,0,0.0,0.0,0.0,0,0,0,"37,000",0,0,0,"237,000","200,000","37,000","37,000"
713454,穩懋台新65購03,0,0,0,0.0,0.0,0.0,0,0,0,"1,000",0,0,0,"22,000","21,000","1,000","1,000"
713459,穩懋中信68購03,0,0,0,0.0,0.0,0.0,0,0,0,"-9,000",0,0,0,0,"9,000","-9,000","-9,000"
713461,均華永豐63購04,0,0,0,0.0,0.0,0.0,0,0,0,"86,000",0,0,0,"86,000",0,"86,000","86,000"
713462,沛亨永豐63購01,0,0,0,0.0,0.0,0.0,0,0,0,"-129,000",0,0,0,"69,000","198,000","-129,000","-129,000"
713464,宜鼎永豐63購07,0,0,0,0.0,0.0,0.0,0,0,0,"-8,000",0,0,0,"80,000","88,000","-8,000","-8,000"
713465,順達永豐63購05,0,0,0,0.0,0.0,0.0,0,0,0,"-33,000",0,0,0,0,"33,000","-33,000","-33,000"
713468,環球晶永豐63購07,0,0,0,0.0,0.0,0.0,0,0,0,"-26,000",0,0,0,0,"26,000","-26,000","-26,000"
713469,環球晶永豐63購08,0,0,0,0.0,0.0,0.0,0,0,0,"71,000",0,0,0,"82,000","11,000","71,000","71,000"
713471,台特化群益63購01,0,0,0,0.0,0.0,0.0,0,0,0,"80,000",0,0,0,"80,000",0,"80,000","80,000"
713472,弘塑群益63購06,0,0,0,0.0,0.0,0.0,0,0,0,"-146,000",0,0,0,0,"146,000","-146,000","-146,000"
713475,高技群益63購01,0,0,0,0.0,0.0,0.0,0,0,0,"108,000",0,0,0,"144,000","36,000","108,000","108,000"
713477,順達群益63購04,0,0,0,0.0,0.0,0.0,0,0,0,"51,000",0,0,0,"51,000",0,"51,000","51,000"
713478,頎邦群益63購02,0,0,0,0.0,0.0,0.0,0,0,0,"-192,000",0,0,0,"35,000","227,000","-192,000","-192,000"
713479,精材群益63購05,0,0,0,0.0,0.0,0.0,0,0,0,"46,000",0,0,0,"51,000","5,000","46,000","46,000"
713480,精材群益65購01,0,0,0,0.0,0.0,0.0,0,0,0,"-431,000",0,0,0,"5,000","436,000","-431,000","-431,000"
713481,環球晶群益63購02,0,0,0,0.0,0.0,0.0,0,0,0,"-3,000",0,0,0,"10,000","13,000","-3,000","-3,000"
713482,穩懋群益63購04,0,0,0,0.0,0.0,0.0,0,0,0,"-97,000",0,0,0,"75,000","172,000","-97,000","-97,000"
713486,世界富邦63購01,0,0,0,0.0,0.0,0.0,0,0,0,"343,000",0,0,0,"373,000","30,000","343,000","343,000"
713487,均華富邦63購02,0,0,0,0.0,0.0,0.0,0,0,0,"51,000",0,0,0,"213,000","162,000","51,000","51,000"
713488,沛亨富邦63購01,0,0,0,0.0,0.0,0.0,0,0,0,"409,000",0,0,0,"483,000","74,000","409,000","409,000"
713490,穩懋富邦63購03,0,0,0,0.0,0.0,0.0,0,0,0,"-109,000",0,0,0,"621,000","730,000","-109,000","-109,000"
713491,台半統一68購02,0,0,0,0.0,0.0,0.0,0,0,0,"1,066,000",0,0,0,"1,066,000",0,"1,066,000","1,066,000"
713494,穩懋統一68購04,0,0,0,0.0,0.0,0.0,0,0,0,"-472,000",0,0,0,"38,000","510,000","-472,000","-472,000"
713495,台半元大63購04,0,0,0,0.0,0.0,0.0,0,0,0,"55,000",0,0,0,"65,000","10,000","55,000","55,000"
713496,台半元大63購05,0,0,0,0.0,0.0,0.0,0,0,0,"37,000",0,0,0,"37,000",0,"37,000","37,000"
713497,台半元大63購06,0,0,0,0.0,0.0,0.0,0,0,0,"202,000",0,0,0,"203,000","1,000","202,000","202,000"
713498,台半元大68購02,0,0,0,0.0,0.0,0.0,0,0,0,"-172,000",0,0,0,"110,000","282,000","-172,000","-172,000"
713499,弘塑元大66購01,0,0,0,0.0,0.0,0.0,0,0,0,"-322,000",0,0,0,"13,000","335,000","-322,000","-322,000"
713500,弘塑元大68購02,0,0,0,0.0,0.0,0.0,0,0,0,"-1,000",0,0,0,"29,000","30,000","-1,000","-1,000"
713501,弘塑元大68購03,0,0,0,0.0,0.0,0.0,0,0,0,"-45,000",0,0,0,"23,000","68,000","-45,000","-45,000"
713502,均華元大63購01,0,0,0,0.0,0.0,0.0,0,0,0,"200,000",0,0,0,"200,000",0,"200,000","200,000"
713503,宜鼎元大63購07,0,0,0,0.0,0.0,0.0,0,0,0,"289,000",0,0,0,"785,000","496,000","289,000","289,000"
713504,威剛元大63購07,0,0,0,0.0,0.0,0.0,0,0,0,"-50,000",0,0,0,0,"50,000","-50,000","-50,000"
713509,新應材元大68購01,0,0,0,0.0,0.0,0.0,0,0,0,"-279,000",0,0,0,0,"279,000","-279,000","-279,000"
713510,群聯元大63購20,0,0,0,0.0,0.0,0.0,0,0,0,"-17,000",0,0,0,"91,000","108,000","-17,000","-17,000"
713511,精材元大65購02,0,0,0,0.0,0.0,0.0,0,0,0,"3,000",0,0,0,"3,000",0,"3,000","3,000"
713512,蜜望實元大63購03,0,0,0,0.0,0.0,0.0,0,0,0,"153,000",0,0,0,"153,000",0,"153,000","153,000"
713514,環球晶元大63購05,0,0,0,0.0,0.0,0.0,0,0,0,"355,000",0,0,0,"413,000","58,000","355,000","355,000"
713515,環球晶元大65購05,0,0,0,0.0,0.0,0.0,0,0,0,"-435,000",0,0,0,0,"435,000","-435,000","-435,000"
713516,環球晶元大68購11,0,0,0,0.0,0.0,0.0,0,0,0,"410,000",0,0,0,"420,000","10,000","410,000","410,000"
713517,雙鴻元大63購14,0,0,0,0.0,0.0,0.0,0,0,0,"-3,000",0,0,0,0,"3,000","-3,000","-3,000"
713518,雙鴻元大63購15,0,0,0,0.0,0.0,0.0,0,0,0,"31,000",0,0,0,"34,000","3,000","31,000","31,000"
713519,雙鴻元大63購16,0,0,0,0.0,0.0,0.0,0,0,0,"7,000",0,0,0,"10,000","3,000","7,000","7,000"
713520,雙鴻元大63購17,0,0,0,0.0,0.0,0.0,0,0,0,"66,000",0,0,0,"100,000","34,000","66,000","66,000"
713523,力致台新63購01,0,0,0,0.0,0.0,0.0,0,0,0,"2,000",0,0,0,"2,000",0,"2,000","2,000"
713527,廣閎科台新63購01,0,0,0,0.0,0.0,0.0,0,0,0,"-30,000",0,0,0,0,"30,000","-30,000","-30,000"
713528,環球晶台新63購02,0,0,0,0.0,0.0,0.0,0,0,0,"-112,000",0,0,0,"30,000","142,000","-112,000","-112,000"
713529,環球晶台新63購03,0,0,0,0.0,0.0,0.0,0,0,0,"207,000",0,0,0,"259,000","52,000","207,000","207,000"
713533,台特化凱基67購02,0,0,0,0.0,0.0,0.0,0,0,0,"178,000",0,0,0,"178,000",0,"178,000","178,000"
713534,弘塑凱基69購01,0,0,0,0.0,0.0,0.0,0,0,0,"-27,000",0,0,0,"16,000","43,000","-27,000","-27,000"
713536,茂綸凱基64購01,0,0,0,0.0,0.0,0.0,0,0,0,"-853,000",0,0,0,"156,000","1,009,000","-853,000","-853,000"
713537,高技凱基63購03,0,0,0,0.0,0.0,0.0,0,0,0,"112,000",0,0,0,"122,000","10,000","112,000","112,000"
713539,順達凱基64購03,0,0,0,0.0,0.0,0.0,0,0,0,"83,000",0,0,0,"83,000",0,"83,000","83,000"
713540,新應材凱基66購01,0,0,0,0.0,0.0,0.0,0,0,0,"9,000",0,0,0,"25,000","16,000","9,000","9,000"
713541,頎邦凱基65購01,0,0,0,0.0,0.0,0.0,0,0,0,"-12,000",0,0,0,"2,000","14,000","-12,000","-12,000"
713542,精材凱基63購07,0,0,0,0.0,0.0,0.0,0,0,0,"-242,000",0,0,0,"20,000","262,000","-242,000","-242,000"
713543,精材凱基66購01,0,0,0,0.0,0.0,0.0,0,0,0,0,0,0,0,"3,000","3,000",0,0
713545,環球晶凱基69購01,0,0,0,0.0,0.0,0.0,0,0,0,"-37,000",0,0,0,"3,000","40,000","-37,000","-37,000"
713546,雙鴻凱基63購13,0,0,0,0.0,0.0,0.0,0,0,0,"-49,000",0,0,0,0,"49,000","-49,000","-49,000"
713547,台半群益66購01,0,0,0,0.0,0.0,0.0,0,0,0,0,0,0,0,"20,000","20,000",0,0
713548,宏捷科群益63購01,0,0,0,0.0,0.0,0.0,0,0,0,"-35,000",0,0,0,"17,000","52,000","-35,000","-35,000"
713549,沛亨群益63購01,0,0,0,0.0,0.0,0.0,0,0,0,"23,000",0,0,0,"28,000","5,000","23,000","23,000"
713551,欣銓群益63購02,0,0,0,0.0,0.0,0.0,0,0,0,"6,000",0,0,0,"11,000","5,000","6,000","6,000"
713553,高技群益63購02,0,0,0,0.0,0.0,0.0,0,0,0,"93,000",0,0,0,"93,000",0,"93,000","93,000"
713556,群聯群益63購07,0,0,0,0.0,0.0,0.0,0,0,0,0,0,0,0,"5,000","5,000",0,0
713557,聖暉*群益63購01,0,0,0,0.0,0.0,0.0,0,0,0,"2,351,000",0,0,0,"2,551,000","200,000","2,351,000","2,351,000"
713558,精材群益63購06,0,0,0,0.0,0.0,0.0,0,0,0,"12,000",0,0,0,"22,000","10,000","12,000","12,000"
713561,青雲國票64購01,0,0,0,0.0,0.0,0.0,0,0,0,"-10,000",0,0,0,0,"10,000","-10,000","-10,000"
713562,青雲國票65購01,0,0,0,0.0,0.0,0.0,0,0,0,"-1,000",0,0,0,0,"1,000","-1,000","-1,000"
713566,精材國票64購01,0,0,0,0.0,0.0,0.0,0,0,0,"-30,000",0,0,0,0,"30,000","-30,000","-30,000"
713568,頎邦中信69購01,0,0,0,0.0,0.0,0.0,0,0,0,"91,000",0,0,0,"92,000","1,000","91,000","91,000"
713569,精材中信69購01,0,0,0,0.0,0.0,0.0,0,0,0,"5,000",0,0,0,"5,000",0,"5,000","5,000"
713571,安葆永豐64購02,0,0,0,0.0,0.0,0.0,0,0,0,"40,000",0,0,0,"133,000","93,000","40,000","40,000"
713572,宜鼎永豐65購03,0,0,0,0.0,0.0,0.0,0,0,0,"2,000",0,0,0,"2,000",0,"2,000","2,000"
713573,宜鼎永豐68購01,0,0,0,0.0,0.0,0.0,0,0,0,"-8,000",0,0,0,"102,000","110,000","-8,000","-8,000"
713574,博盛永豐64購01,0,0,0,0.0,0.0,0.0,0,0,0,"60,000",0,0,0,"60,000",0,"60,000","60,000"
713576,廣閎科永豐64購01,0,0,0,0.0,0.0,0.0,0,0,0,"-18,000",0,0,0,0,"18,000","-18,000","-18,000"
713577,雙鴻永豐64購07,0,0,0,0.0,0.0,0.0,0,0,0,"66,000",0,0,0,"66,000",0,"66,000","66,000"
713578,雙鴻永豐65購05,0,0,0,0.0,0.0,0.0,0,0,0,"56,000",0,0,0,"89,000","33,000","56,000","56,000"
713579,雙鴻永豐68購01,0,0,0,0.0,0.0,0.0,0,0,0,"286,000",0,0,0,"378,000","92,000","286,000","286,000"
713581,中美晶元大63購08,0,0,0,0.0,0.0,0.0,0,0,0,"-52,000",0,0,0,0,"52,000","-52,000","-52,000"
713582,弘塑元大67購02,0,0,0,0.0,0.0,0.0,0,0,0,"24,000",0,0,0,"56,000","32,000","24,000","24,000"
713583,弘塑元大68購04,0,0,0,0.0,0.0,0.0,0,0,0,"258,000",0,0,0,"273,000","15,000","258,000","258,000"
713584,宜鼎元大63購08,0,0,0,0.0,0.0,0.0,0,0,0,"87,000",0,0,0,"322,000","235,000","87,000","87,000"
713585,宜鼎元大63購09,0,0,0,0.0,0.0,0.0,0,0,0,"-564,000",0,0,0,"400,000","964,000","-564,000","-564,000"
713588,高技元大63購06,0,0,0,0.0,0.0,0.0,0,0,0,"430,000",0,0,0,"430,000",0,"430,000","430,000"
713590,精材元大63購06,0,0,0,0.0,0.0,0.0,0,0,0,"3,000",0,0,0,"3,000",0,"3,000","3,000"
713591,精材元大63購07,0,0,0,0.0,0.0,0.0,0,0,0,"53,000",0,0,0,"53,000",0,"53,000","53,000"
713592,精材元大63購08,0,0,0,0.0,0.0,0.0,0,0,0,"4,000",0,0,0,"4,000",0,"4,000","4,000"
713593,精材元大63購09,0,0,0,0.0,0.0,0.0,0,0,0,"5,000",0,0,0,"5,000",0,"5,000","5,000"
713594,蜜望實元大63購04,0,0,0,0.0,0.0,0.0,0,0,0,"153,000",0,0,0,"153,000",0,"153,000","153,000"
713595,營邦元大68購01,0,0,0,0.0,0.0,0.0,0,0,0,"118,000",0,0,0,"118,000",0,"118,000","118,000"
713596,環球晶元大63購06,0,0,0,0.0,0.0,0.0,0,0,0,"424,000",0,0,0,"511,000","87,000","424,000","424,000"
713597,環球晶元大64購02,0,0,0,0.0,0.0,0.0,0,0,0,"-441,000",0,0,0,0,"441,000","-441,000","-441,000"
713598,環球晶元大66購05,0,0,0,0.0,0.0,0.0,0,0,0,"-395,000",0,0,0,0,"395,000","-395,000","-395,000"
713600,鴻呈元大63購02,0,0,0,0.0,0.0,0.0,0,0,0,"374,000",0,0,0,"530,000","156,000","374,000","374,000"
713601,雙鴻元大63購18,0,0,0,0.0,0.0,0.0,0,0,0,"652,000",0,0,0,"656,000","4,000","652,000","652,000"
713602,雙鴻元大64購06,0,0,0,0.0,0.0,0.0,0,0,0,"-4,000",0,0,0,0,"4,000","-4,000","-4,000"
713603,雙鴻元大65購02,0,0,0,0.0,0.0,0.0,0,0,0,"-4,000",0,0,0,0,"4,000","-4,000","-4,000"
713605,中美晶富邦63購03,0,0,0,0.0,0.0,0.0,0,0,0,"-368,000",0,0,0,"154,000","522,000","-368,000","-368,000"
713606,元太富邦65購01,0,0,0,0.0,0.0,0.0,0,0,0,"-27,000",0,0,0,"236,000","263,000","-27,000","-27,000"
713609,晶呈富邦65購01,0,0,0,0.0,0.0,0.0,0,0,0,"136,000",0,0,0,"298,000","162,000","136,000","136,000"
713611,順達富邦64購02,0,0,0,0.0,0.0,0.0,0,0,0,"-269,000",0,0,0,0,"269,000","-269,000","-269,000"
713612,頎邦富邦66購01,0,0,0,0.0,0.0,0.0,0,0,0,"97,000",0,0,0,"103,000","6,000","97,000","97,000"
713613,精材富邦65購02,0,0,0,0.0,0.0,0.0,0,0,0,"35,000",0,0,0,"66,000","31,000","35,000","35,000"
713614,精材富邦79購01,0,0,0,0.0,0.0,0.0,0,0,0,"-32,000",0,0,0,"3,000","35,000","-32,000","-32,000"
713615,營邦富邦66購01,"2,000",0,"2,000",0.0,0.0,0.0,0,0,0,"63,000",0,0,0,"65,000","2,000","63,000","65,000"
713616,雙鴻富邦65購02,0,0,0,0.0,0.0,0.0,0,0,0,"-4,000",0,0,0,0,"4,000","-4,000","-4,000"
713617,雙鴻富邦66購01,0,0,0,0.0,0.0,0.0,0,0,0,"-3,000",0,0,0,0,"3,000","-3,000","-3,000"
713618,雙鴻富邦66購02,0,0,0,0.0,0.0,0.0,0,0,0,"-4,000",0,0,0,0,"4,000","-4,000","-4,000"
713622,均華群益65購01,0,0,0,0.0,0.0,0.0,0,0,0,"91,000",0,0,0,"153,000","62,000","91,000","91,000"
713623,亞通群益63購01,0,0,0,0.0,0.0,0.0,0,0,0,"494,000",0,0,0,"2,016,000","1,522,000","494,000","494,000"
713624,宜鼎群益65購01,0,0,0,0.0,0.0,0.0,0,0,0,0,0,0,0,"15,000","15,000",0,0
713625,威剛群益63購07,0,0,0,0.0,0.0,0.0,0,0,0,"-25,000",0,0,0,0,"25,000","-25,000","-25,000"
713626,順達群益63購05,0,0,0,0.0,0.0,0.0,0,0,0,"-123,000",0,0,0,"188,000","311,000","-123,000","-123,000"
713628,群聯群益63購08,0,0,0,0.0,0.0,0.0,0,0,0,"18,000",0,0,0,"26,000","8,000","18,000","18,000"
713629,頎邦群益63購03,0,0,0,0.0,0.0,0.0,0,0,0,"85,000",0,0,0,"315,000","230,000","85,000","85,000"
713630,精材群益63購07,0,0,0,0.0,0.0,0.0,0,0,0,"53,000",0,0,0,"63,000","10,000","53,000","53,000"
713631,精材群益63購08,0,0,0,0.0,0.0,0.0,0,0,0,"-559,000",0,0,0,"61,000","620,000","-559,000","-559,000"
713632,擎亞群益63購01,0,0,0,0.0,0.0,0.0,0,0,0,"-100,000",0,0,0,0,"100,000","-100,000","-100,000"
713633,環球晶群益63購03,0,0,0,0.0,0.0,0.0,0,0,0,"3,000",0,0,0,"38,000","35,000","3,000","3,000"
713634,雙鴻群益63購08,0,0,0,0.0,0.0,0.0,0,0,0,"78,000",0,0,0,"100,000","22,000","78,000","78,000"
713635,元太國票64購02,0,0,0,0.0,0.0,0.0,0,0,0,"-9,000",0,0,0,0,"9,000","-9,000","-9,000"
713640,宜鼎國票64購01,0,0,0,0.0,0.0,0.0,0,0,0,"-10,000",0,0,0,0,"10,000","-10,000","-10,000"
713641,欣銓國票64購01,0,0,0,0.0,0.0,0.0,0,0,0,"139,000",0,0,0,"139,000",0,"139,000","139,000"
713644,創泓國票64購01,0,0,0,0.0,0.0,0.0,0,0,0,"-24,000",0,0,0,"6,000","30,000","-24,000","-24,000"
713646,萊德光國票64購01,0,0,0,0.0,0.0,0.0,0,0,0,"164,000",0,0,0,"426,000","262,000","164,000","164,000"
713647,雅特力國票64購01,0,0,0,0.0,0.0,0.0,0,0,0,"-20,000",0,0,0,0,"20,000","-20,000","-20,000"
713650,頎邦國票64購05,0,0,0,0.0,0.0,0.0,0,0,0,"8,000",0,0,0,"11,000","3,000","8,000","8,000"
713652,蜜望實國票64購01,0,0,0,0.0,0.0,0.0,0,0,0,"12,000",0,0,0,"20,000","8,000","12,000","12,000"
713653,擎亞國票64購01,0,0,0,0.0,0.0,0.0,0,0,0,"-472,000",0,0,0,0,"472,000","-472,000","-472,000"
713654,擎亞國票65購01,0,0,0,0.0,0.0,0.0,0,0,0,"-29,000",0,0,0,0,"29,000","-29,000","-29,000"
713656,環球晶國票64購02,0,0,0,0.0,0.0,0.0,0,0,0,"-32,000",0,0,0,"23,000","55,000","-32,000","-32,000"
713657,環球晶國票65購01,0,0,0,0.0,0.0,0.0,0,0,0,"-178,000",0,0,0,0,"178,000","-178,000","-178,000"
713658,環球晶國票66購01,0,0,0,0.0,0.0,0.0,0,0,0,"-32,000",0,0,0,0,"32,000","-32,000","-32,000"
713661,安葆台新63購01,0,0,0,0.0,0.0,0.0,0,0,0,"-30,000",0,0,0,0,"30,000","-30,000","-30,000"
713663,萊德光台新63購01,0,0,0,0.0,0.0,0.0,0,0,0,"366,000",0,0,0,"603,000","237,000","366,000","366,000"
713664,雅特力台新63購01,0,0,0,0.0,0.0,0.0,0,0,0,"30,000",0,0,0,"30,000",0,"30,000","30,000"
713665,精材台新63購04,0,0,0,0.0,0.0,0.0,0,0,0,"-12,000",0,0,0,"50,000","62,000","-12,000","-12,000"
713666,擎亞台新63購01,0,0,0,0.0,0.0,0.0,0,0,0,"-55,000",0,0,0,0,"55,000","-55,000","-55,000"
713670,元太元大66購06,0,0,0,0.0,0.0,0.0,0,0,0,"167,000",0,0,0,"167,000",0,"167,000","167,000"
713671,元太元大67購04,0,0,0,0.0,0.0,0.0,0,0,0,"1,000",0,0,0,"1,000",0,"1,000","1,000"
713672,均華元大63購02,0,0,0,0.0,0.0,0.0,0,0,0,"-105,000",0,0,0,"258,000","363,000","-105,000","-105,000"
713673,均華元大63購03,0,0,0,0.0,0.0,0.0,0,0,0,"466,000",0,0,0,"466,000",0,"466,000","466,000"
713675,宜鼎元大63購10,0,0,0,0.0,0.0,0.0,0,0,0,"-179,000",0,0,0,"292,000","471,000","-179,000","-179,000"
713676,宜鼎元大63購11,0,0,0,0.0,0.0,0.0,0,0,0,"21,000",0,0,0,"525,000","504,000","21,000","21,000"
713677,青雲元大63購03,0,0,0,0.0,0.0,0.0,0,0,0,"48,000",0,0,0,"48,000",0,"48,000","48,000"
713678,威剛元大63購11,0,0,0,0.0,0.0,0.0,0,0,0,"-5,000",0,0,0,0,"5,000","-5,000","-5,000"
713679,高技元大63購07,0,0,0,0.0,0.0,0.0,0,0,0,"1,251,000",0,0,0,"1,261,000","10,000","1,251,000","1,251,000"
713680,智通*元大67購01,0,0,0,0.0,0.0,0.0,0,0,0,"-10,000",0,0,0,0,"10,000","-10,000","-10,000"
713681,雅特力元大63購01,0,0,0,0.0,0.0,0.0,0,0,0,"-21,000",0,0,0,"58,000","79,000","-21,000","-21,000"
713682,群聯元大63購21,0,0,0,0.0,0.0,0.0,0,0,0,"317,000",0,0,0,"325,000","8,000","317,000","317,000"
713683,精材元大63購10,0,0,0,0.0,0.0,0.0,0,0,0,"103,000",0,0,0,"103,000",0,"103,000","103,000"
713684,精材元大63購11,0,0,0,0.0,0.0,0.0,0,0,0,"6,000",0,0,0,"6,000",0,"6,000","6,000"
713685,精材元大63購12,0,0,0,0.0,0.0,0.0,0,0,0,"3,000",0,0,0,"4,000","1,000","3,000","3,000"
713686,精材元大64購02,0,0,0,0.0,0.0,0.0,0,0,0,"4,000",0,0,0,"4,000",0,"4,000","4,000"
713687,精材元大65購03,0,0,0,0.0,0.0,0.0,0,0,0,"-214,000",0,0,0,0,"214,000","-214,000","-214,000"
713688,蜜望實元大63購05,0,0,0,0.0,0.0,0.0,0,0,0,"239,000",0,0,0,"533,000","294,000","239,000","239,000"
713689,擎亞元大63購01,0,0,0,0.0,0.0,0.0,0,0,0,"-52,000",0,0,0,0,"52,000","-52,000","-52,000"
713690,環球晶元大63購07,0,0,0,0.0,0.0,0.0,0,0,0,"236,000",0,0,0,"261,000","25,000","236,000","236,000"
713691,環球晶元大63購08,0,0,0,0.0,0.0,0.0,0,0,0,"919,000",0,0,0,"919,000",0,"919,000","919,000"
713692,環球晶元大67購04,0,0,0,0.0,0.0,0.0,0,0,0,"255,000",0,0,0,"297,000","42,000","255,000","255,000"
713693,雙鴻元大63購19,0,0,0,0.0,0.0,0.0,0,0,0,"-5,000",0,0,0,0,"5,000","-5,000","-5,000"
713694,雙鴻元大63購20,0,0,0,0.0,0.0,0.0,0,0,0,"-9,000",0,0,0,0,"9,000","-9,000","-9,000"
713696,中美晶凱基68購02,0,0,0,0.0,0.0,0.0,0,0,0,"151,000",0,0,0,"162,000","11,000","151,000","151,000"
713697,欣銓凱基68購01,0,0,0,0.0,0.0,0.0,0,0,0,"-23,000",0,0,0,"70,000","93,000","-23,000","-23,000"
713698,青雲凱基64購01,0,0,0,0.0,0.0,0.0,0,0,0,"-26,000",0,0,0,"39,000","65,000","-26,000","-26,000"
713699,家登凱基64購01,0,0,0,0.0,0.0,0.0,0,0,0,"242,000",0,0,0,"252,000","10,000","242,000","242,000"
713700,雅特力凱基63購01,0,0,0,0.0,0.0,0.0,0,0,0,"-161,000",0,0,0,"142,000","303,000","-161,000","-161,000"
713701,雅特力凱基63購02,0,0,0,0.0,0.0,0.0,0,0,0,"-124,000",0,0,0,0,"124,000","-124,000","-124,000"
713702,雅特力凱基63購03,0,0,0,0.0,0.0,0.0,0,0,0,"578,000",0,0,0,"578,000",0,"578,000","578,000"
713705,群聯凱基69購01,0,0,0,0.0,0.0,0.0,0,0,0,"266,000",0,0,0,"514,000","248,000","266,000","266,000"
713706,聖暉*凱基63購02,0,0,0,0.0,0.0,0.0,0,0,0,"-45,000",0,0,0,0,"45,000","-45,000","-45,000"
713710,擎亞凱基63購02,0,0,0,0.0,0.0,0.0,0,0,0,"-1,504,000",0,0,0,"50,000","1,554,000","-1,504,000","-1,504,000"
713712,營邦凱基68購01,0,0,0,0.0,0.0,0.0,0,0,0,"-211,000",0,0,0,"40,000","251,000","-211,000","-211,000"
713715,環球晶中信69購01,0,0,0,0.0,0.0,0.0,0,0,0,"-225,000",0,0,0,"9,000","234,000","-225,000","-225,000"
713717,宜鼎永豐67購02,0,0,0,0.0,0.0,0.0,0,0,0,"217,000",0,0,0,"217,000",0,"217,000","217,000"
713718,宜鼎永豐69購01,0,0,0,0.0,0.0,0.0,0,0,0,"164,000",0,0,0,"173,000","9,000","164,000","164,000"
713721,雅特力永豐64購01,0,0,0,0.0,0.0,0.0,0,0,0,"-13,000",0,0,0,"14,000","27,000","-13,000","-13,000"
713722,雅特力永豐66購01,0,0,0,0.0,0.0,0.0,0,0,0,"-3,000",0,0,0,"17,000","20,000","-3,000","-3,000"
713723,精材永豐64購03,0,0,0,0.0,0.0,0.0,0,0,0,"-30,000",0,0,0,0,"30,000","-30,000","-30,000"
713724,精材永豐64購04,0,0,0,0.0,0.0,0.0,0,0,0,"1,000",0,0,0,"1,000",0,"1,000","1,000"
713728,擎亞永豐64購02,0,0,0,0.0,0.0,0.0,0,0,0,"-211,000",0,0,0,0,"211,000","-211,000","-211,000"
713729,擎亞永豐65購01,0,0,0,0.0,0.0,0.0,0,0,0,"-27,000",0,0,0,"70,000","97,000","-27,000","-27,000"
713730,擎亞永豐66購01,0,0,0,0.0,0.0,0.0,0,0,0,"-13,000",0,0,0,"56,000","69,000","-13,000","-13,000"
713732,環球晶永豐69購01,0,0,0,0.0,0.0,0.0,0,0,0,"1,000",0,0,0,"1,000",0,"1,000","1,000"
713733,雙鴻永豐66購03,0,0,0,0.0,0.0,0.0,0,0,0,"-14,000",0,0,0,0,"14,000","-14,000","-14,000"
713734,精材國泰64購01,0,0,0,0.0,0.0,0.0,0,0,0,"140,000",0,0,0,"144,000","4,000","140,000","140,000"
713735,蜜望實國泰64購01,0,0,0,0.0,0.0,0.0,0,0,0,"15,000",0,0,0,"23,000","8,000","15,000","15,000"
713736,良維富邦64購02,0,0,0,0.0,0.0,0.0,0,0,0,"5,000",0,0,0,"5,000",0,"5,000","5,000"
713737,宜鼎富邦63購03,0,0,0,0.0,0.0,0.0,0,0,0,"41,000",0,0,0,"247,000","206,000","41,000","41,000"
713738,精材富邦63購01,"5,000",0,"5,000",0.0,0.0,0.0,0,0,0,"-191,000",0,0,0,"415,000","606,000","-191,000","-186,000"
713739,擎亞富邦64購01,0,0,0,0.0,0.0,0.0,0,0,0,"231,000",0,0,0,"383,000","152,000","231,000","231,000"
713740,環球晶富邦63購01,0,0,0,0.0,0.0,0.0,0,0,0,"-255,000",0,0,0,"15,000","270,000","-255,000","-255,000"
713742,精材統一67購04,0,0,0,0.0,0.0,0.0,0,0,0,"112,000",0,0,0,"122,000","10,000","112,000","112,000"
713746,雙鴻統一71購01,0,0,0,0.0,0.0,0.0,0,0,0,"-546,000",0,0,0,0,"546,000","-546,000","-546,000"
713748,台半台新63購01,0,0,0,0.0,0.0,0.0,0,0,0,"51,000",0,0,0,"68,000","17,000","51,000","51,000"
713749,台半台新63購02,0,0,0,0.0,0.0,0.0,0,0,0,"47,000",0,0,0,"55,000","8,000","47,000","47,000"
713750,弘塑台新63購02,0,0,0,0.0,0.0,0.0,0,0,0,"-33,000",0,0,0,0,"33,000","-33,000","-33,000"
713751,弘塑台新64購01,0,0,0,0.0,0.0,0.0,0,0,0,"-40,000",0,0,0,0,"40,000","-40,000","-40,000"
713752,弘塑台新65購01,0,0,0,0.0,0.0,0.0,0,0,0,"-23,000",0,0,0,0,"23,000","-23,000","-23,000"
713753,正淩台新66購01,0,0,0,0.0,0.0,0.0,0,0,0,"1,000",0,0,0,"15,000","14,000","1,000","1,000"
713755,東捷台新63購01,0,0,0,0.0,0.0,0.0,0,0,0,"-14,000",0,0,0,0,"14,000","-14,000","-14,000"
713758,漢達台新63購01,0,0,0,0.0,0.0,0.0,0,0,0,"16,000",0,0,0,"23,000","7,000","16,000","16,000"
713759,漢達台新63購02,0,0,0,0.0,0.0,0.0,0,0,0,"18,000",0,0,0,"30,000","12,000","18,000","18,000"
713760,雙鴻台新63購04,0,0,0,0.0,0.0,0.0,0,0,0,"470,000",0,0,0,"470,000",0,"470,000","470,000"
713761,元太凱基67購01,0,0,0,0.0,0.0,0.0,0,0,0,"27,000",0,0,0,"32,000","5,000","27,000","27,000"
713762,弘塑凱基68購02,0,0,0,0.0,0.0,0.0,0,0,0,"-285,000",0,0,0,"79,000","364,000","-285,000","-285,000"
713764,宜鼎凱基63購09,0,0,0,0.0,0.0,0.0,0,0,0,"-217,000",0,0,0,"251,000","468,000","-217,000","-217,000"
713765,威剛凱基63購13,0,0,0,0.0,0.0,0.0,0,0,0,"-10,000",0,0,0,"10,000","20,000","-10,000","-10,000"
713766,家登凱基63購03,0,0,0,0.0,0.0,0.0,0,0,0,"-138,000",0,0,0,"122,000","260,000","-138,000","-138,000"
713769,順達凱基63購10,0,0,0,0.0,0.0,0.0,0,0,0,"-66,000",0,0,0,"1,000","67,000","-66,000","-66,000"
713770,新應材凱基66購02,0,0,0,0.0,0.0,0.0,0,0,0,"130,000",0,0,0,"152,000","22,000","130,000","130,000"
713771,頎邦凱基63購07,0,0,0,0.0,0.0,0.0,0,0,0,"-271,000",0,0,0,"70,000","341,000","-271,000","-271,000"
713772,雙鴻凱基63購15,0,0,0,0.0,0.0,0.0,0,0,0,"-20,000",0,0,0,0,"20,000","-20,000","-20,000"
713773,雙鴻凱基63購16,0,0,0,0.0,0.0,0.0,0,0,0,"-20,000",0,0,0,0,"20,000","-20,000","-20,000"
713774,雙鴻凱基63購18,0,0,0,0.0,0.0,0.0,0,0,0,"-22,000",0,0,0,0,"22,000","-22,000","-22,000"
713776,雙鴻凱基64購04,0,0,0,0.0,0.0,0.0,0,0,0,"-20,000",0,0,0,0,"20,000","-20,000","-20,000"
713779,雙鴻凱基65購03,0,0,0,0.0,0.0,0.0,0,0,0,"-4,000",0,0,0,0,"4,000","-4,000","-4,000"
713780,雙鴻凱基65購04,0,0,0,0.0,0.0,0.0,0,0,0,"-18,000",0,0,0,0,"18,000","-18,000","-18,000"
713781,中美晶群益68購01,0,0,0,0.0,0.0,0.0,0,0,0,"-30,000",0,0,0,0,"30,000","-30,000","-30,000"
713782,宏捷科群益63購02,0,0,0,0.0,0.0,0.0,0,0,0,"55,000",0,0,0,"85,000","30,000","55,000","55,000"
713786,晶宏群益64購01,0,0,0,0.0,0.0,0.0,0,0,0,"-11,000",0,0,0,0,"11,000","-11,000","-11,000"
713787,群聯群益63購09,0,0,0,0.0,0.0,0.0,0,0,0,0,0,0,0,"5,000","5,000",0,0
713788,廣閎科群益63購02,0,0,0,0.0,0.0,0.0,0,0,0,"-138,000",0,0,0,"92,000","230,000","-138,000","-138,000"
713789,雙鴻群益63購10,0,0,0,0.0,0.0,0.0,0,0,0,"30,000",0,0,0,"30,000",0,"30,000","30,000"
713790,雙鴻群益69購01,0,0,0,0.0,0.0,0.0,0,0,0,"-6,000",0,0,0,0,"6,000","-6,000","-6,000"
713791,中美晶元大63購09,0,0,0,0.0,0.0,0.0,0,0,0,"461,000",0,0,0,"461,000",0,"461,000","461,000"
713792,宜鼎元大63購12,0,0,0,0.0,0.0,0.0,0,0,0,"-159,000",0,0,0,"245,000","404,000","-159,000","-159,000"
713793,青雲元大63購04,0,0,0,0.0,0.0,0.0,0,0,0,"-200,000",0,0,0,0,"200,000","-200,000","-200,000"
713796,高技元大63購08,0,0,0,0.0,0.0,0.0,0,0,0,"403,000",0,0,0,"403,000",0,"403,000","403,000"
713797,群聯元大63購23,0,0,0,0.0,0.0,0.0,0,0,0,"276,000",0,0,0,"276,000",0,"276,000","276,000"
713798,營邦元大63購04,0,0,0,0.0,0.0,0.0,0,0,0,"377,000",0,0,0,"453,000","76,000","377,000","377,000"
713799,雙鴻元大63購21,0,0,0,0.0,0.0,0.0,0,0,0,"-5,000",0,0,0,0,"5,000","-5,000","-5,000"
713801,雙鴻元大63購28,0,0,0,0.0,0.0,0.0,0,0,0,"-11,000",0,0,0,0,"11,000","-11,000","-11,000"
713802,雙鴻元大63購29,0,0,0,0.0,0.0,0.0,0,0,0,"-6,000",0,0,0,0,"6,000","-6,000","-6,000"
713803,雙鴻元大64購07,0,0,0,0.0,0.0,0.0,0,0,0,"-6,000",0,0,0,0,"6,000","-6,000","-6,000"
713804,雙鴻元大64購08,0,0,0,0.0,0.0,0.0,0,0,0,"-6,000",0,0,0,0,"6,000","-6,000","-6,000"
713805,雙鴻元大64購09,0,0,0,0.0,0.0,0.0,0,0,0,"-7,000",0,0,0,0,"7,000","-7,000","-7,000"
713806,雙鴻元大65購03,0,0,0,0.0,0.0,0.0,0,0,0,"-11,000",0,0,0,0,"11,000","-11,000","-11,000"
713807,雙鴻元大65購04,0,0,0,0.0,0.0,0.0,0,0,0,"-50,000",0,0,0,0,"50,000","-50,000","-50,000"
713811,晶宏國票68購01,0,0,0,0.0,0.0,0.0,0,0,0,"66,000",0,0,0,"66,000",0,"66,000","66,000"
713815,廣閎科國票65購01,0,0,0,0.0,0.0,0.0,0,0,0,"-52,000",0,0,0,0,"52,000","-52,000","-52,000"
713816,磐亞國票65購01,0,0,0,0.0,0.0,0.0,0,0,0,"821,000",0,0,0,"821,000",0,"821,000","821,000"
713818,晶宏統一71購01,0,0,0,0.0,0.0,0.0,0,0,0,"-5,000",0,0,0,0,"5,000","-5,000","-5,000"
713821,擎亞統一69購02,0,0,0,0.0,0.0,0.0,0,0,0,"30,000",0,0,0,"30,000",0,"30,000","30,000"
713823,雙鴻統一71購02,0,0,0,0.0,0.0,0.0,0,0,0,"-998,000",0,0,0,0,"998,000","-998,000","-998,000"
713825,廣閎科永豐63購03,0,0,0,0.0,0.0,0.0,0,0,0,"16,000",0,0,0,"25,000","9,000","16,000","16,000"
713828,雙鴻富邦65購03,0,0,0,0.0,0.0,0.0,0,0,0,"-14,000",0,0,0,"2,000","16,000","-14,000","-14,000"
713835,力致台新63購03,0,0,0,0.0,0.0,0.0,0,0,0,"10,000",0,0,0,"135,000","125,000","10,000","10,000"
713838,宜鼎台新65購02,0,0,0,0.0,0.0,0.0,0,0,0,"-21,000",0,0,0,0,"21,000","-21,000","-21,000"
713839,華洋台新63購01,0,0,0,0.0,0.0,0.0,0,0,0,"15,000",0,0,0,"15,000",0,"15,000","15,000"
713843,騰雲台新63購01,0,0,0,0.0,0.0,0.0,0,0,0,"-829,000",0,0,0,0,"829,000","-829,000","-829,000"
713849,均豪國票64購01,0,0,0,0.0,0.0,0.0,0,0,0,"-90,000",0,0,0,"10,000","100,000","-90,000","-90,000"
713851,亞通國票64購01,0,0,0,0.0,0.0,0.0,0,0,0,"-186,000",0,0,0,"24,000","210,000","-186,000","-186,000"
713856,華宏國票67購01,0,0,0,0.0,0.0,0.0,0,0,0,"1,000",0,0,0,"1,000",0,"1,000","1,000"
713859,榮剛國票67購01,0,0,0,0.0,0.0,0.0,0,0,0,"37,000",0,0,0,"50,000","13,000","37,000","37,000"
713861,營邦國票64購03,0,0,0,0.0,0.0,0.0,0,0,0,"11,000",0,0,0,"31,000","20,000","11,000","11,000"
713862,營邦國票66購01,0,0,0,0.0,0.0,0.0,0,0,0,"12,000",0,0,0,"12,000",0,"12,000","12,000"
713863,大綜凱基63購01,0,0,0,0.0,0.0,0.0,0,0,0,"-581,000",0,0,0,"107,000","688,000","-581,000","-581,000"
713864,宏捷科凱基63購02,0,0,0,0.0,0.0,0.0,0,0,0,"-14,000",0,0,0,"68,000","82,000","-14,000","-14,000"
713865,宏捷科凱基64購01,0,0,0,0.0,0.0,0.0,0,0,0,"63,000",0,0,0,"77,000","14,000","63,000","63,000"
713866,沛亨凱基63購02,0,0,0,0.0,0.0,0.0,0,0,0,"1,000",0,0,0,"1,000",0,"1,000","1,000"
713868,青雲凱基63購02,0,0,0,0.0,0.0,0.0,0,0,0,"-392,000",0,0,0,0,"392,000","-392,000","-392,000"
713869,晶宏凱基64購01,0,0,0,0.0,0.0,0.0,0,0,0,"-111,000",0,0,0,0,"111,000","-111,000","-111,000"
713871,群聯凱基63購18,0,0,0,0.0,0.0,0.0,0,0,0,"-69,000",0,0,0,0,"69,000","-69,000","-69,000"
713872,群聯凱基63購19,0,0,0,0.0,0.0,0.0,0,0,0,"-5,000",0,0,0,0,"5,000","-5,000","-5,000"
713873,聖暉*凱基65購01,0,0,0,0.0,0.0,0.0,0,0,0,"88,000",0,0,0,"88,000",0,"88,000","88,000"
713875,廣閎科凱基63購03,0,0,0,0.0,0.0,0.0,0,0,0,"68,000",0,0,0,"79,000","11,000","68,000","68,000"
713876,營邦凱基63購05,0,0,0,0.0,0.0,0.0,0,0,0,"61,000",0,0,0,"280,000","219,000","61,000","61,000"
713877,威剛群益63購08,0,0,0,0.0,0.0,0.0,0,0,0,"20,000",0,0,0,"20,000",0,"20,000","20,000"
713880,元太永豐64購01,0,0,0,0.0,0.0,0.0,0,0,0,"17,000",0,0,0,"17,000",0,"17,000","17,000"
713884,晶宏永豐63購01,0,0,0,0.0,0.0,0.0,0,0,0,"60,000",0,0,0,"60,000",0,"60,000","60,000"
713885,千附精富邦63購01,0,0,0,0.0,0.0,0.0,0,0,0,"98,000",0,0,0,"98,000",0,"98,000","98,000"
713886,弘塑國泰64購01,0,0,0,0.0,0.0,0.0,0,0,0,"23,000",0,0,0,"23,000",0,"23,000","23,000"
713888,晶宏統一69購01,0,0,0,0.0,0.0,0.0,0,0,0,"-23,000",0,0,0,0,"23,000","-23,000","-23,000"
713889,擎亞統一71購01,0,0,0,0.0,0.0,0.0,0,0,0,"499,000",0,0,0,"499,000",0,"499,000","499,000"
713891,宏捷科元大63購01,0,0,0,0.0,0.0,0.0,0,0,0,"200,000",0,0,0,"200,000",0,"200,000","200,000"
713892,宏捷科元大67購02,0,0,0,0.0,0.0,0.0,0,0,0,"102,000",0,0,0,"102,000",0,"102,000","102,000"
713893,良維元大63購03,0,0,0,0.0,0.0,0.0,0,0,0,"67,000",0,0,0,"69,000","2,000","67,000","67,000"
713894,良維元大67購01,0,0,0,0.0,0.0,0.0,0,0,0,"-45,000",0,0,0,"5,000","50,000","-45,000","-45,000"
713895,宜鼎元大63購13,0,0,0,0.0,0.0,0.0,0,0,0,"32,000",0,0,0,"632,000","600,000","32,000","32,000"
713898,晶宏元大63購01,0,0,0,0.0,0.0,0.0,0,0,0,"103,000",0,0,0,"111,000","8,000","103,000","103,000"
713899,雅特力元大63購02,0,0,0,0.0,0.0,0.0,0,0,0,"22,000",0,0,0,"51,000","29,000","22,000","22,000"
713900,順達元大63購08,0,0,0,0.0,0.0,0.0,0,0,0,"135,000",0,0,0,"1,004,000","869,000","135,000","135,000"
713901,群翊元大63購01,0,0,0,0.0,0.0,0.0,0,0,0,"11,000",0,0,0,"11,000",0,"11,000","11,000"
713902,群聯元大63購24,0,0,0,0.0,0.0,0.0,0,0,0,"-19,000",0,0,0,"635,000","654,000","-19,000","-19,000"
713904,擎亞元大63購03,0,0,0,0.0,0.0,0.0,0,0,0,"-77,000",0,0,0,"200,000","277,000","-77,000","-77,000"
713906,印能台新63購01,0,0,0,0.0,0.0,0.0,0,0,0,"-120,000",0,0,0,0,"120,000","-120,000","-120,000"
713907,印能台新63購02,0,0,0,0.0,0.0,0.0,0,0,0,"-32,000",0,0,0,"101,000","133,000","-32,000","-32,000"
713908,沛亨台新63購01,0,0,0,0.0,0.0,0.0,0,0,0,"99,000",0,0,0,"100,000","1,000","99,000","99,000"
713909,晶宏台新63購01,0,0,0,0.0,0.0,0.0,0,0,0,"-4,000",0,0,0,0,"4,000","-4,000","-4,000"
713911,鈊象台新63購01,0,0,0,0.0,0.0,0.0,0,0,0,"10,000",0,0,0,"10,000",0,"10,000","10,000"
713912,群聯台新63購05,0,0,0,0.0,0.0,0.0,0,0,0,"-25,000",0,0,0,0,"25,000","-25,000","-25,000"
713913,群聯台新63購06,0,0,0,0.0,0.0,0.0,0,0,0,"-26,000",0,0,0,0,"26,000","-26,000","-26,000"
713915,印能凱基63購01,0,0,0,0.0,0.0,0.0,0,0,0,"-58,000",0,0,0,"70,000","128,000","-58,000","-58,000"
713916,印能凱基63購02,0,0,0,0.0,0.0,0.0,0,0,0,"-679,000",0,0,0,"29,000","708,000","-679,000","-679,000"
713917,印能凱基64購02,0,0,0,0.0,0.0,0.0,0,0,0,"-219,000",0,0,0,"72,000","291,000","-219,000","-219,000"
713918,印能凱基65購01,0,0,0,0.0,0.0,0.0,0,0,0,"-160,000",0,0,0,0,"160,000","-160,000","-160,000"
713919,印能凱基65購02,0,0,0,0.0,0.0,0.0,0,0,0,"-173,000",0,0,0,"79,000","252,000","-173,000","-173,000"
713922,亞通凱基63購01,0,0,0,0.0,0.0,0.0,0,0,0,"5,000",0,0,0,"5,000",0,"5,000","5,000"
713923,宜鼎凱基63購10,0,0,0,0.0,0.0,0.0,0,0,0,"-244,000",0,0,0,"12,000","256,000","-244,000","-244,000"
713924,威剛凱基67購01,0,0,0,0.0,0.0,0.0,0,0,0,0,0,0,0,"6,000","6,000",0,0
713925,建榮凱基63購02,0,0,0,0.0,0.0,0.0,0,0,0,"43,000",0,0,0,"53,000","10,000","43,000","43,000"
713926,晶宏凱基64購02,0,0,0,0.0,0.0,0.0,0,0,0,"-80,000",0,0,0,0,"80,000","-80,000","-80,000"
713929,新應材凱基68購01,0,0,0,0.0,0.0,0.0,0,0,0,"16,000",0,0,0,"36,000","20,000","16,000","16,000"
713932,沛亨國票66購02,0,0,0,0.0,0.0,0.0,0,0,0,"-1,000",0,0,0,0,"1,000","-1,000","-1,000"
713934,晶宏國票66購01,0,0,0,0.0,0.0,0.0,0,0,0,"-400,000",0,0,0,0,"400,000","-400,000","-400,000"
713936,印能群益63購01,0,0,0,0.0,0.0,0.0,0,0,0,"-15,000",0,0,0,0,"15,000","-15,000","-15,000"
713937,印能群益65購01,0,0,0,0.0,0.0,0.0,0,0,0,"-50,000",0,0,0,0,"50,000","-50,000","-50,000"
713938,沛亨群益64購01,0,0,0,0.0,0.0,0.0,0,0,0,"-15,000",0,0,0,"5,000","20,000","-15,000","-15,000"
713939,鈊象群益63購04,0,0,0,0.0,0.0,0.0,0,0,0,"11,000",0,0,0,"12,000","1,000","11,000","11,000"
713940,群聯群益63購10,0,0,0,0.0,0.0,0.0,0,0,0,0,0,0,0,"5,000","5,000",0,0
713941,營邦群益63購02,0,0,0,0.0,0.0,0.0,0,0,0,"51,000",0,0,0,"51,000",0,"51,000","51,000"
713942,營邦群益65購01,0,0,0,0.0,0.0,0.0,0,0,0,"17,000",0,0,0,"17,000",0,"17,000","17,000"
713943,印能中信67購01,0,0,0,0.0,0.0,0.0,0,0,0,"-51,000",0,0,0,"4,000","55,000","-51,000","-51,000"
713944,印能統一67購01,0,0,0,0.0,0.0,0.0,0,0,0,"-276,000",0,0,0,"4,000","280,000","-276,000","-276,000"
713948,印能國泰65購01,0,0,0,0.0,0.0,0.0,0,0,0,"-115,000",0,0,0,0,"115,000","-115,000","-115,000"
713949,宜特國泰64購01,0,0,0,0.0,0.0,0.0,0,0,0,"14,000",0,0,0,"14,000",0,"14,000","14,000"
713950,晶宏國泰64購01,0,0,0,0.0,0.0,0.0,0,0,0,"49,000",0,0,0,"96,000","47,000","49,000","49,000"
713951,營邦國泰64購01,0,0,0,0.0,0.0,0.0,0,0,0,"56,000",0,0,0,"56,000",0,"56,000","56,000"
713952,均豪富邦63購01,0,0,0,0.0,0.0,0.0,0,0,0,"-153,000",0,0,0,0,"153,000","-153,000","-153,000"
713953,營邦富邦66購02,0,0,0,0.0,0.0,0.0,0,0,0,"-159,000",0,0,0,"155,000","314,000","-159,000","-159,000"
713954,九暘永豐64購01,0,0,0,0.0,0.0,0.0,0,0,0,"-50,000",0,0,0,"1,000","51,000","-50,000","-50,000"
713956,印能永豐63購01,0,0,0,0.0,0.0,0.0,0,0,0,"-158,000",0,0,0,0,"158,000","-158,000","-158,000"
713957,印能永豐64購02,0,0,0,0.0,0.0,0.0,0,0,0,"-122,000",0,0,0,"100,000","222,000","-122,000","-122,000"
713958,印能永豐65購01,0,0,0,0.0,0.0,0.0,0,0,0,"-60,000",0,0,0,0,"60,000","-60,000","-60,000"
713959,晶宏永豐64購01,0,0,0,0.0,0.0,0.0,0,0,0,"-166,000",0,0,0,0,"166,000","-166,000","-166,000"
713960,群翊永豐63購01,0,0,0,0.0,0.0,0.0,0,0,0,"8,000",0,0,0,"8,000",0,"8,000","8,000"
713961,頎邦永豐64購03,0,0,0,0.0,0.0,0.0,0,0,0,"222,000",0,0,0,"222,000",0,"222,000","222,000"
713962,頎邦永豐66購01,0,0,0,0.0,0.0,0.0,0,0,0,"308,000",0,0,0,"356,000","48,000","308,000","308,000"
713963,中美晶元大63購10,0,0,0,0.0,0.0,0.0,0,0,0,"-158,000",0,0,0,"105,000","263,000","-158,000","-158,000"
713964,印能元大67購01,0,0,0,0.0,0.0,0.0,0,0,0,"-15,000",0,0,0,"7,000","22,000","-15,000","-15,000"
713965,印能元大68購01,0,0,0,0.0,0.0,0.0,0,0,0,"-161,000",0,0,0,0,"161,000","-161,000","-161,000"
713966,沛亨元大63購01,0,0,0,0.0,0.0,0.0,0,0,0,"87,000",0,0,0,"87,000",0,"87,000","87,000"
713967,沛亨元大63購02,0,0,0,0.0,0.0,0.0,0,0,0,"-289,000",0,0,0,"195,000","484,000","-289,000","-289,000"
713969,良維元大63購04,0,0,0,0.0,0.0,0.0,0,0,0,"-192,000",0,0,0,"166,000","358,000","-192,000","-192,000"
713970,良維元大67購02,0,0,0,0.0,0.0,0.0,0,0,0,"3,000",0,0,0,"3,000",0,"3,000","3,000"
713971,宜鼎元大63購14,0,0,0,0.0,0.0,0.0,0,0,0,"-597,000",0,0,0,"12,000","609,000","-597,000","-597,000"
713972,威剛元大63購13,0,0,0,0.0,0.0,0.0,0,0,0,"-3,000",0,0,0,0,"3,000","-3,000","-3,000"
713973,晶宏元大63購02,0,0,0,0.0,0.0,0.0,0,0,0,"-15,000",0,0,0,"50,000","65,000","-15,000","-15,000"
713975,順達元大63購09,0,0,0,0.0,0.0,0.0,0,0,0,"258,000",0,0,0,"963,000","705,000","258,000","258,000"
713976,順達元大63購10,0,0,0,0.0,0.0,0.0,0,0,0,"-493,000",0,0,0,0,"493,000","-493,000","-493,000"
713979,群聯元大63購25,0,0,0,0.0,0.0,0.0,0,0,0,"-7,000",0,0,0,"668,000","675,000","-7,000","-7,000"
713980,聖暉*元大63購01,0,0,0,0.0,0.0,0.0,0,0,0,"1,071,000",0,0,0,"1,071,000",0,"1,071,000","1,071,000"
713981,漢達元大63購01,0,0,0,0.0,0.0,0.0,0,0,0,"-30,000",0,0,0,0,"30,000","-30,000","-30,000"
713982,廣閎科元大63購01,0,0,0,0.0,0.0,0.0,0,0,0,"24,000",0,0,0,"25,000","1,000","24,000","24,000"
713983,廣閎科元大69購01,0,0,0,0.0,0.0,0.0,0,0,0,"762,000",0,0,0,"762,000",0,"762,000","762,000"
713984,擎亞元大63購04,0,0,0,0.0,0.0,0.0,0,0,0,"-462,000",0,0,0,"34,000","496,000","-462,000","-462,000"
713986,擎亞元大68購01,0,0,0,0.0,0.0,0.0,0,0,0,"-119,000",0,0,0,"22,000","141,000","-119,000","-119,000"
713989,東捷台新63購03,0,0,0,0.0,0.0,0.0,0,0,0,"-30,000",0,0,0,0,"30,000","-30,000","-30,000"
713993,德微台新63購01,0,0,0,0.0,0.0,0.0,0,0,0,"77,000",0,0,0,"77,000",0,"77,000","77,000"
713994,德微台新64購01,0,0,0,0.0,0.0,0.0,0,0,0,"93,000",0,0,0,"93,000",0,"93,000","93,000"
713995,德微台新65購01,0,0,0,0.0,0.0,0.0,0,0,0,"87,000",0,0,0,"87,000",0,"87,000","87,000"
713996,立敦群益63購01,0,0,0,0.0,0.0,0.0,0,0,0,"-50,000",0,0,0,0,"50,000","-50,000","-50,000"
713997,良維群益63購02,0,0,0,0.0,0.0,0.0,0,0,0,0,0,0,0,"5,000","5,000",0,0
713998,良維群益65購01,0,0,0,0.0,0.0,0.0,0,0,0,"-36,000",0,0,0,"5,000","41,000","-36,000","-36,000"
713999,東捷群益65購01,0,0,0,0.0,0.0,0.0,0,0,0,"40,000",0,0,0,"50,000","10,000","40,000","40,000"
714001,群聯群益63購11,0,0,0,0.0,0.0,0.0,0,0,0,0,0,0,0,"5,000","5,000",0,0
714002,漢達群益64購01,0,0,0,0.0,0.0,0.0,0,0,0,"-10,000",0,0,0,0,"10,000","-10,000","-10,000"
714003,漢達群益65購01,0,0,0,0.0,0.0,0.0,0,0,0,"36,000",0,0,0,"36,000",0,"36,000","36,000"
714004,沛亨凱基63購03,0,0,0,0.0,0.0,0.0,0,0,0,"-4,000",0,0,0,"1,000","5,000","-4,000","-4,000"
714005,良維凱基63購04,0,0,0,0.0,0.0,0.0,0,0,0,"-20,000",0,0,0,0,"20,000","-20,000","-20,000"
714007,萊德光凱基63購01,0,0,0,0.0,0.0,0.0,0,0,0,0,0,0,0,"7,000","7,000",0,0
714008,順達凱基65購01,0,0,0,0.0,0.0,0.0,0,0,0,"19,000",0,0,0,"43,000","24,000","19,000","19,000"
714010,群聯凱基64購10,0,0,0,0.0,0.0,0.0,0,0,0,"61,000",0,0,0,"122,000","61,000","61,000","61,000"
714011,聖暉*凱基63購03,0,0,0,0.0,0.0,0.0,0,0,0,"-318,000",0,0,0,0,"318,000","-318,000","-318,000"
714014,德微凱基63購01,0,0,0,0.0,0.0,0.0,0,0,0,"-1,000",0,0,0,0,"1,000","-1,000","-1,000"
714015,德微凱基63購02,0,0,0,0.0,0.0,0.0,0,0,0,"99,000",0,0,0,"103,000","4,000","99,000","99,000"
714016,德微凱基65購01,0,0,0,0.0,0.0,0.0,0,0,0,"22,000",0,0,0,"33,000","11,000","22,000","22,000"
714017,營邦凱基63購06,0,0,0,0.0,0.0,0.0,0,0,0,"6,000",0,0,0,"29,000","23,000","6,000","6,000"
714018,台半元大63購07,0,0,0,0.0,0.0,0.0,0,0,0,"79,000",0,0,0,"154,000","75,000","79,000","79,000"
714019,台半元大63購08,0,0,0,0.0,0.0,0.0,0,0,0,"628,000",0,0,0,"628,000",0,"628,000","628,000"
714020,台半元大63購09,0,0,0,0.0,0.0,0.0,0,0,0,"591,000",0,0,0,"726,000","135,000","591,000","591,000"
714021,沛亨元大63購03,0,0,0,0.0,0.0,0.0,0,0,0,"157,000",0,0,0,"157,000",0,"157,000","157,000"
714022,宜鼎元大69購01,0,0,0,0.0,0.0,0.0,0,0,0,"275,000",0,0,0,"307,000","32,000","275,000","275,000"
714023,威剛元大63購14,0,0,0,0.0,0.0,0.0,0,0,0,"2,000",0,0,0,"2,000",0,"2,000","2,000"
714024,晶宏元大63購03,0,0,0,0.0,0.0,0.0,0,0,0,"-139,000",0,0,0,"51,000","190,000","-139,000","-139,000"
714025,群聯元大63購26,0,0,0,0.0,0.0,0.0,0,0,0,"395,000",0,0,0,"395,000",0,"395,000","395,000"
714026,廣閎科元大63購02,0,0,0,0.0,0.0,0.0,0,0,0,"33,000",0,0,0,"37,000","4,000","33,000","33,000"
714027,廣閎科元大69購02,0,0,0,0.0,0.0,0.0,0,0,0,"-5,000",0,0,0,0,"5,000","-5,000","-5,000"
714028,德微元大63購01,0,0,0,0.0,0.0,0.0,0,0,0,"69,000",0,0,0,"69,000",0,"69,000","69,000"
714029,德微元大69購01,0,0,0,0.0,0.0,0.0,0,0,0,"93,000",0,0,0,"113,000","20,000","93,000","93,000"
714030,晶宏中信63購01,0,0,0,0.0,0.0,0.0,0,0,0,"-21,000",0,0,0,0,"21,000","-21,000","-21,000"
714031,台半國票65購01,0,0,0,0.0,0.0,0.0,0,0,0,"-2,000",0,0,0,0,"2,000","-2,000","-2,000"
714038,漢達國票69購01,0,0,0,0.0,0.0,0.0,0,0,0,"-5,000",0,0,0,"18,000","23,000","-5,000","-5,000"
714041,寶雅*國票66購02,0,0,0,0.0,0.0,0.0,0,0,0,"-11,000",0,0,0,0,"11,000","-11,000","-11,000"
714042,沛亨永豐63購02,0,0,0,0.0,0.0,0.0,0,0,0,"-46,000",0,0,0,0,"46,000","-46,000","-46,000"
714048,德微永豐64購01,0,0,0,0.0,0.0,0.0,0,0,0,"353,000",0,0,0,"353,000",0,"353,000","353,000"
714049,德微永豐65購01,0,0,0,0.0,0.0,0.0,0,0,0,"131,000",0,0,0,"131,000",0,"131,000","131,000"
714050,寶雅*永豐64購01,0,0,0,0.0,0.0,0.0,0,0,0,"74,000",0,0,0,"74,000",0,"74,000","74,000"
714051,印能統一66購01,0,0,0,0.0,0.0,0.0,0,0,0,"-86,000",0,0,0,0,"86,000","-86,000","-86,000"
714052,東捷國泰64購01,0,0,0,0.0,0.0,0.0,0,0,0,"10,000",0,0,0,"10,000",0,"10,000","10,000"
714053,元太富邦65購02,0,0,0,0.0,0.0,0.0,0,0,0,"111,000",0,0,0,"117,000","6,000","111,000","111,000"
714054,宜鼎富邦64購01,0,0,0,0.0,0.0,0.0,0,0,0,"-7,000",0,0,0,"14,000","21,000","-7,000","-7,000"
714055,高技富邦65購01,0,0,0,0.0,0.0,0.0,0,0,0,"95,000",0,0,0,"95,000",0,"95,000","95,000"
714056,晶呈富邦65購02,0,0,0,0.0,0.0,0.0,0,0,0,"464,000",0,0,0,"474,000","10,000","464,000","464,000"
714058,群聯富邦65購03,0,0,0,0.0,0.0,0.0,0,0,0,"-152,000",0,0,0,0,"152,000","-152,000","-152,000"
714059,群聯富邦65購04,0,0,0,0.0,0.0,0.0,0,0,0,"-99,000",0,0,0,"20,000","119,000","-99,000","-99,000"
714060,群聯富邦65購05,0,0,0,0.0,0.0,0.0,0,0,0,"30,000",0,0,0,"61,000","31,000","30,000","30,000"
714061,聖暉*富邦63購01,0,0,0,0.0,0.0,0.0,0,0,0,"91,000",0,0,0,"241,000","150,000","91,000","91,000"
714062,譜瑞富邦65購01,0,0,0,0.0,0.0,0.0,0,0,0,"214,000",0,0,0,"214,000",0,"214,000","214,000"
714063,M31台新63購01,0,0,0,0.0,0.0,0.0,0,0,0,"48,000",0,0,0,"48,000",0,"48,000","48,000"
714064,M31台新66購01,0,0,0,0.0,0.0,0.0,0,0,0,"66,000",0,0,0,"66,000",0,"66,000","66,000"
714065,光頡台新63購01,0,0,0,0.0,0.0,0.0,0,0,0,"31,000",0,0,0,"31,000",0,"31,000","31,000"
714066,光頡台新66購01,0,0,0,0.0,0.0,0.0,0,0,0,"64,000",0,0,0,"70,000","6,000","64,000","64,000"
714070,昇達科台新63購01,0,0,0,0.0,0.0,0.0,0,0,0,"-27,000",0,0,0,0,"27,000","-27,000","-27,000"
714071,昇達科台新66購01,0,0,0,0.0,0.0,0.0,0,0,0,"50,000",0,0,0,"50,000",0,"50,000","50,000"
714072,信驊台新63購01,0,0,0,0.0,0.0,0.0,0,0,0,0,0,0,0,"8,000","8,000",0,0
714073,信驊台新63購02,0,0,0,0.0,0.0,0.0,0,0,0,"8,000",0,0,0,"8,000",0,"8,000","8,000"
714074,信驊台新63購03,0,0,0,0.0,0.0,0.0,0,0,0,"12,000",0,0,0,"96,000","84,000","12,000","12,000"
714075,信驊台新66購01,0,0,0,0.0,0.0,0.0,0,0,0,"4,000",0,0,0,"4,000",0,"4,000","4,000"
714076,信驊台新66購02,0,0,0,0.0,0.0,0.0,0,0,0,"5,000",0,0,0,"5,000",0,"5,000","5,000"
714080,M31凱基63購02,0,0,0,0.0,0.0,0.0,0,0,0,"25,000",0,0,0,"95,000","70,000","25,000","25,000"
714081,M31凱基63購03,0,0,0,0.0,0.0,0.0,0,0,0,"39,000",0,0,0,"39,000",0,"39,000","39,000"
714082,M31凱基63購04,0,0,0,0.0,0.0,0.0,0,0,0,"68,000",0,0,0,"68,000",0,"68,000","68,000"
714083,光頡凱基63購01,0,0,0,0.0,0.0,0.0,0,0,0,"72,000",0,0,0,"422,000","350,000","72,000","72,000"
714084,光頡凱基63購02,0,0,0,0.0,0.0,0.0,0,0,0,0,0,0,0,"50,000","50,000",0,0
714087,竹陞凱基63購02,0,0,0,0.0,0.0,0.0,0,0,0,"33,000",0,0,0,"33,000",0,"33,000","33,000"
714091,宜鼎凱基63購11,0,0,0,0.0,0.0,0.0,0,0,0,"-134,000",0,0,0,"43,000","177,000","-134,000","-134,000"
714092,昇達科凱基63購01,0,0,0,0.0,0.0,0.0,0,0,0,"90,000",0,0,0,"188,000","98,000","90,000","90,000"
714093,昇達科凱基63購02,0,0,0,0.0,0.0,0.0,0,0,0,"-37,000",0,0,0,"44,000","81,000","-37,000","-37,000"
714094,昇達科凱基63購03,0,0,0,0.0,0.0,0.0,0,0,0,"-81,000",0,0,0,0,"81,000","-81,000","-81,000"
714095,昇達科凱基63購04,0,0,0,0.0,0.0,0.0,0,0,0,"-133,000",0,0,0,"7,000","140,000","-133,000","-133,000"
714096,信驊凱基63購01,0,0,0,0.0,0.0,0.0,0,0,0,"-59,000",0,0,0,"104,000","163,000","-59,000","-59,000"
714097,信驊凱基63購02,0,0,0,0.0,0.0,0.0,0,0,0,"63,000",0,0,0,"89,000","26,000","63,000","63,000"
714098,信驊凱基63購03,0,0,0,0.0,0.0,0.0,0,0,0,"100,000",0,0,0,"140,000","40,000","100,000","100,000"
714099,信驊凱基63購04,0,0,0,0.0,0.0,0.0,0,0,0,"98,000",0,0,0,"103,000","5,000","98,000","98,000"
714100,信驊凱基63購05,0,0,0,0.0,0.0,0.0,0,0,0,"30,000",0,0,0,"40,000","10,000","30,000","30,000"
714103,群聯凱基67購01,0,0,0,0.0,0.0,0.0,0,0,0,"20,000",0,0,0,"112,000","92,000","20,000","20,000"
714107,頎邦凱基64購04,0,0,0,0.0,0.0,0.0,0,0,0,"40,000",0,0,0,"72,000","32,000","40,000","40,000"
714108,穩懋凱基66購01,0,0,0,0.0,0.0,0.0,0,0,0,"4,000",0,0,0,"36,000","32,000","4,000","4,000"
714110,光頡統一68購01,0,0,0,0.0,0.0,0.0,0,0,0,"52,000",0,0,0,"62,000","10,000","52,000","52,000"
714111,光頡統一6C購01,0,0,0,0.0,0.0,0.0,0,0,0,"-3,118,000",0,0,0,"1,042,000","4,160,000","-3,118,000","-3,118,000"
714112,光頡統一79購01,0,0,0,0.0,0.0,0.0,0,0,0,"-1,471,000",0,0,0,"450,000","1,921,000","-1,471,000","-1,471,000"
714113,均華統一67購02,0,0,0,0.0,0.0,0.0,0,0,0,"5,000",0,0,0,"5,000",0,"5,000","5,000"
714115,良維統一65購01,0,0,0,0.0,0.0,0.0,0,0,0,"203,000",0,0,0,"203,000",0,"203,000","203,000"
714117,昇達科統一67購01,0,0,0,0.0,0.0,0.0,0,0,0,"59,000",0,0,0,"121,000","62,000","59,000","59,000"
714124,穩懋統一67購02,0,0,0,0.0,0.0,0.0,0,0,0,"3,000",0,0,0,"8,000","5,000","3,000","3,000"
714128,良維國泰64購01,0,0,0,0.0,0.0,0.0,0,0,0,"13,000",0,0,0,"13,000",0,"13,000","13,000"
714129,昇達科國泰64購01,0,0,0,0.0,0.0,0.0,0,0,0,"216,000",0,0,0,"216,000",0,"216,000","216,000"
714130,昇達科國泰65購01,0,0,0,0.0,0.0,0.0,0,0,0,"-52,000",0,0,0,0,"52,000","-52,000","-52,000"
714131,信紘科國泰64購01,0,0,0,0.0,0.0,0.0,0,0,0,"50,000",0,0,0,"104,000","54,000","50,000","50,000"
714132,鈊象國泰64購01,0,0,0,0.0,0.0,0.0,0,0,0,"22,000",0,0,0,"42,000","20,000","22,000","22,000"
714136,穩懋國泰65購02,0,0,0,0.0,0.0,0.0,0,0,0,"-8,000",0,0,0,"27,000","35,000","-8,000","-8,000"
714137,M31富邦65購02,0,0,0,0.0,0.0,0.0,0,0,0,"3,000",0,0,0,"13,000","10,000","3,000","3,000"
714138,弘塑富邦65購01,0,0,0,0.0,0.0,0.0,0,0,0,"-146,000",0,0,0,"77,000","223,000","-146,000","-146,000"
714139,均華富邦65購01,0,0,0,0.0,0.0,0.0,0,0,0,"91,000",0,0,0,"91,000",0,"91,000","91,000"
714141,穩懋富邦65購02,0,0,0,0.0,0.0,0.0,0,0,0,"252,000",0,0,0,"447,000","195,000","252,000","252,000"
714143,光頡中信63購01,0,0,0,0.0,0.0,0.0,0,0,0,"9,000",0,0,0,"830,000","821,000","9,000","9,000"
714146,昇達科中信69購01,0,0,0,0.0,0.0,0.0,0,0,0,"28,000",0,0,0,"28,000",0,"28,000","28,000"
714147,信驊中信63購01,0,0,0,0.0,0.0,0.0,0,0,0,"39,000",0,0,0,"88,000","49,000","39,000","39,000"
714149,穩懋中信65購01,0,0,0,0.0,0.0,0.0,0,0,0,"-8,000",0,0,0,"14,000","22,000","-8,000","-8,000"
714150,M31永豐64購01,0,0,0,0.0,0.0,0.0,0,0,0,"96,000",0,0,0,"146,000","50,000","96,000","96,000"
714151,M31永豐65購01,0,0,0,0.0,0.0,0.0,0,0,0,"22,000",0,0,0,"22,000",0,"22,000","22,000"
714152,元太永豐63購03,0,0,0,0.0,0.0,0.0,0,0,0,"91,000",0,0,0,"91,000",0,"91,000","91,000"
714153,光焱永豐63購01,0,0,0,0.0,0.0,0.0,0,0,0,"-10,000",0,0,0,0,"10,000","-10,000","-10,000"
714154,光頡永豐63購01,0,0,0,0.0,0.0,0.0,0,0,0,"-20,000",0,0,0,0,"20,000","-20,000","-20,000"
714156,光頡永豐69購01,0,0,0,0.0,0.0,0.0,0,0,0,"-10,000",0,0,0,0,"10,000","-10,000","-10,000"
714159,昇達科永豐63購01,0,0,0,0.0,0.0,0.0,0,0,0,"-124,000",0,0,0,0,"124,000","-124,000","-124,000"
714160,昇達科永豐63購02,0,0,0,0.0,0.0,0.0,0,0,0,"-88,000",0,0,0,0,"88,000","-88,000","-88,000"
714164,昇達科永豐69購01,0,0,0,0.0,0.0,0.0,0,0,0,"-4,000",0,0,0,0,"4,000","-4,000","-4,000"
714165,昇達科永豐69購02,0,0,0,0.0,0.0,0.0,0,0,0,"12,000",0,0,0,"12,000",0,"12,000","12,000"
714166,信紘科永豐63購01,0,0,0,0.0,0.0,0.0,0,0,0,"7,000",0,0,0,"7,000",0,"7,000","7,000"
714167,信驊永豐63購02,0,0,0,0.0,0.0,0.0,0,0,0,"-158,000",0,0,0,0,"158,000","-158,000","-158,000"
714168,信驊永豐64購02,0,0,0,0.0,0.0,0.0,0,0,0,"89,000",0,0,0,"99,000","10,000","89,000","89,000"
714170,萊德光永豐63購01,0,0,0,0.0,0.0,0.0,0,0,0,"29,000",0,0,0,"34,000","5,000","29,000","29,000"
714171,聖暉*永豐63購02,0,0,0,0.0,0.0,0.0,0,0,0,"-11,000",0,0,0,"54,000","65,000","-11,000","-11,000"
714174,雷科永豐66購01,0,0,0,0.0,0.0,0.0,0,0,0,"-17,000",0,0,0,"15,000","32,000","-17,000","-17,000"
714175,雷科永豐69購01,0,0,0,0.0,0.0,0.0,0,0,0,"-1,000",0,0,0,0,"1,000","-1,000","-1,000"
714176,穩懋永豐63購05,0,0,0,0.0,0.0,0.0,0,0,0,"-111,000",0,0,0,0,"111,000","-111,000","-111,000"
714177,光頡元大63購01,0,0,0,0.0,0.0,0.0,0,0,0,"111,000",0,0,0,"116,000","5,000","111,000","111,000"
714178,光頡元大63購02,0,0,0,0.0,0.0,0.0,0,0,0,"40,000",0,0,0,"65,000","25,000","40,000","40,000"
714179,印能元大63購01,0,0,0,0.0,0.0,0.0,0,0,0,"121,000",0,0,0,"121,000",0,"121,000","121,000"
714180,印能元大63購02,0,0,0,0.0,0.0,0.0,0,0,0,"-485,000",0,0,0,"8,000","493,000","-485,000","-485,000"
714182,昇達科元大63購01,0,0,0,0.0,0.0,0.0,0,0,0,0,0,0,0,"10,000","10,000",0,0
714183,信驊元大63購02,0,0,0,0.0,0.0,0.0,0,0,0,"99,000",0,0,0,"104,000","5,000","99,000","99,000"
714184,信驊元大64購01,0,0,0,0.0,0.0,0.0,0,0,0,"107,000",0,0,0,"107,000",0,"107,000","107,000"
714185,信驊元大67購01,0,0,0,0.0,0.0,0.0,0,0,0,"119,000",0,0,0,"119,000",0,"119,000","119,000"
714186,信驊元大69購01,0,0,0,0.0,0.0,0.0,0,0,0,"8,000",0,0,0,"10,000","2,000","8,000","8,000"
714187,高技元大63購09,0,0,0,0.0,0.0,0.0,0,0,0,"12,000",0,0,0,"12,000",0,"12,000","12,000"
714191,新應材元大63購07,0,0,0,0.0,0.0,0.0,0,0,0,"-255,000",0,0,0,0,"255,000","-255,000","-255,000"
714194,群聯元大63購27,0,0,0,0.0,0.0,0.0,0,0,0,"351,000",0,0,0,"439,000","88,000","351,000","351,000"
714196,漢達元大63購02,0,0,0,0.0,0.0,0.0,0,0,0,"-80,000",0,0,0,0,"80,000","-80,000","-80,000"
714198,漢達元大69購01,0,0,0,0.0,0.0,0.0,0,0,0,"-230,000",0,0,0,0,"230,000","-230,000","-230,000"
714199,廣閎科元大63購03,0,0,0,0.0,0.0,0.0,0,0,0,"83,000",0,0,0,"83,000",0,"83,000","83,000"
714200,營邦元大63購05,0,0,0,0.0,0.0,0.0,0,0,0,"648,000",0,0,0,"648,000",0,"648,000","648,000"
714202,FH中5G群益63購01,0,0,0,0.0,0.0,0.0,0,0,0,"200,000",0,0,0,"300,000","100,000","200,000","200,000"
714203,M31群益63購01,0,0,0,0.0,0.0,0.0,0,0,0,"156,000",0,0,0,"292,000","136,000","156,000","156,000"
714205,中美晶群益63購06,0,0,0,0.0,0.0,0.0,0,0,0,"-84,000",0,0,0,"52,000","136,000","-84,000","-84,000"
714206,世界群益65購01,0,0,0,0.0,0.0,0.0,0,0,0,"45,000",0,0,0,"92,000","47,000","45,000","45,000"
714208,均豪群益63購01,0,0,0,0.0,0.0,0.0,0,0,0,"73,000",0,0,0,"78,000","5,000","73,000","73,000"
714209,宜鼎群益63購04,0,0,0,0.0,0.0,0.0,0,0,0,0,0,0,0,"10,000","10,000",0,0
714210,宜鼎群益63購05,0,0,0,0.0,0.0,0.0,0,0,0,"-291,000",0,0,0,"10,000","301,000","-291,000","-291,000"
714212,信驊群益63購01,0,0,0,0.0,0.0,0.0,0,0,0,"-40,000",0,0,0,"87,000","127,000","-40,000","-40,000"
714213,信驊群益63購02,0,0,0,0.0,0.0,0.0,0,0,0,"-50,000",0,0,0,"19,000","69,000","-50,000","-50,000"
714216,順達群益63購06,0,0,0,0.0,0.0,0.0,0,0,0,0,0,0,0,"5,000","5,000",0,0
714218,勤凱群益63購01,0,0,0,0.0,0.0,0.0,0,0,0,"23,000",0,0,0,"23,000",0,"23,000","23,000"
714220,群聯群益63購12,0,0,0,0.0,0.0,0.0,0,0,0,0,0,0,0,"108,000","108,000",0,0
714221,群聯群益63購13,0,0,0,0.0,0.0,0.0,0,0,0,"28,000",0,0,0,"33,000","5,000","28,000","28,000"
714224,穩懋群益63購05,0,0,0,0.0,0.0,0.0,0,0,0,"-106,000",0,0,0,"808,000","914,000","-106,000","-106,000"
714226,光頡國票65購01,0,0,0,0.0,0.0,0.0,0,0,0,"5,000",0,0,0,"7,000","2,000","5,000","5,000"
714228,昇達科國票65購01,0,0,0,0.0,0.0,0.0,0,0,0,"-3,000",0,0,0,0,"3,000","-3,000","-3,000"
714229,金山電國票6A購01,0,0,0,0.0,0.0,0.0,0,0,0,"-15,000",0,0,0,0,"15,000","-15,000","-15,000"
714231,信紘科國票65購01,0,0,0,0.0,0.0,0.0,0,0,0,"-2,000",0,0,0,0,"2,000","-2,000","-2,000"
714232,信驊國票64購01,0,0,0,0.0,0.0,0.0,0,0,0,"-5,000",0,0,0,0,"5,000","-5,000","-5,000"
714236,漢達國票6B購01,0,0,0,0.0,0.0,0.0,0,0,0,"-166,000",0,0,0,0,"166,000","-166,000","-166,000"
714238,穩懋國票66購01,0,0,0,0.0,0.0,0.0,0,0,0,"-48,000",0,0,0,0,"48,000","-48,000","-48,000"
714242,弘塑元大63購06,0,0,0,0.0,0.0,0.0,0,0,0,"-247,000",0,0,0,"3,000","250,000","-247,000","-247,000"
714243,弘塑元大63購07,0,0,0,0.0,0.0,0.0,0,0,0,"-347,000",0,0,0,0,"347,000","-347,000","-347,000"
714246,竹陞元大69購01,0,0,0,0.0,0.0,0.0,0,0,0,"24,000",0,0,0,"25,000","1,000","24,000","24,000"
714254,南俊元大63購01,0,0,0,0.0,0.0,0.0,0,0,0,"-1,000",0,0,0,0,"1,000","-1,000","-1,000"
714257,群聯元大63購28,0,0,0,0.0,0.0,0.0,0,0,0,"-133,000",0,0,0,0,"133,000","-133,000","-133,000"
714258,聖暉*元大63購02,0,0,0,0.0,0.0,0.0,0,0,0,"29,000",0,0,0,"29,000",0,"29,000","29,000"
714259,聖暉*元大63購03,0,0,0,0.0,0.0,0.0,0,0,0,"22,000",0,0,0,"22,000",0,"22,000","22,000"
714260,營邦元大63購06,0,0,0,0.0,0.0,0.0,0,0,0,"-19,000",0,0,0,"102,000","121,000","-19,000","-19,000"
714261,FH中5G凱基64購01,0,0,0,0.0,0.0,0.0,0,0,0,"-4,000",0,0,0,0,"4,000","-4,000","-4,000"
714262,世界凱基65購02,0,0,0,0.0,0.0,0.0,0,0,0,"56,000",0,0,0,"63,000","7,000","56,000","56,000"
714263,弘塑凱基66購01,0,0,0,0.0,0.0,0.0,0,0,0,"-193,000",0,0,0,"41,000","234,000","-193,000","-193,000"
714264,印能凱基63購03,0,0,0,0.0,0.0,0.0,0,0,0,"-133,000",0,0,0,"40,000","173,000","-133,000","-133,000"
714269,博士旺凱基63購01,0,0,0,0.0,0.0,0.0,0,0,0,"-11,000",0,0,0,0,"11,000","-11,000","-11,000"
714272,新普凱基63購01,0,0,0,0.0,0.0,0.0,0,0,0,"5,000",0,0,0,"5,000",0,"5,000","5,000"
714273,新應材凱基63購10,0,0,0,0.0,0.0,0.0,0,0,0,"7,000",0,0,0,"7,000",0,"7,000","7,000"
714274,群聯凱基63購20,0,0,0,0.0,0.0,0.0,0,0,0,"-8,000",0,0,0,"57,000","65,000","-8,000","-8,000"
714275,營邦凱基66購01,0,0,0,0.0,0.0,0.0,0,0,0,"-51,000",0,0,0,"2,000","53,000","-51,000","-51,000"
714276,世界台新63購01,0,0,0,0.0,0.0,0.0,0,0,0,0,0,0,0,"4,000","4,000",0,0
714279,南俊台新63購01,0,0,0,0.0,0.0,0.0,0,0,0,"-4,000",0,0,0,0,"4,000","-4,000","-4,000"
714281,頎邦台新63購02,0,0,0,0.0,0.0,0.0,0,0,0,"-402,000",0,0,0,"49,000","451,000","-402,000","-402,000"
714282,頎邦台新66購01,0,0,0,0.0,0.0,0.0,0,0,0,"-14,000",0,0,0,"41,000","55,000","-14,000","-14,000"
714285,新應材國票64購02,0,0,0,0.0,0.0,0.0,0,0,0,"-30,000",0,0,0,0,"30,000","-30,000","-30,000"
714288,M31群益63購02,0,0,0,0.0,0.0,0.0,0,0,0,"33,000",0,0,0,"33,000",0,"33,000","33,000"
714289,巨有群益63購02,0,0,0,0.0,0.0,0.0,0,0,0,"28,000",0,0,0,"53,000","25,000","28,000","28,000"
714297,良維群益63購03,0,0,0,0.0,0.0,0.0,0,0,0,"-10,000",0,0,0,"5,000","15,000","-10,000","-10,000"
714298,宜鼎群益63購06,0,0,0,0.0,0.0,0.0,0,0,0,"-49,000",0,0,0,"15,000","64,000","-49,000","-49,000"
714299,東捷群益65購02,0,0,0,0.0,0.0,0.0,0,0,0,"-100,000",0,0,0,0,"100,000","-100,000","-100,000"
714301,南俊群益63購02,0,0,0,0.0,0.0,0.0,0,0,0,"-10,000",0,0,0,0,"10,000","-10,000","-10,000"
714302,威剛群益63購09,0,0,0,0.0,0.0,0.0,0,0,0,"10,000",0,0,0,"26,000","16,000","10,000","10,000"
714306,群聯群益63購14,0,0,0,0.0,0.0,0.0,0,0,0,"-51,000",0,0,0,"5,000","56,000","-51,000","-51,000"
714307,頎邦群益63購04,0,0,0,0.0,0.0,0.0,0,0,0,"-134,000",0,0,0,"10,000","144,000","-134,000","-134,000"
714308,頎邦群益63購05,0,0,0,0.0,0.0,0.0,0,0,0,"-89,000",0,0,0,"63,000","152,000","-89,000","-89,000"
714310,光頡統一68購02,0,0,0,0.0,0.0,0.0,0,0,0,"-34,000",0,0,0,"11,000","45,000","-34,000","-34,000"
714314,昇達科統一6C購03,0,0,0,0.0,0.0,0.0,0,0,0,"-43,000",0,0,0,"10,000","53,000","-43,000","-43,000"
714315,昇達科統一6C購04,0,0,0,0.0,0.0,0.0,0,0,0,"-105,000",0,0,0,"29,000","134,000","-105,000","-105,000"
714316,東捷統一6B購02,0,0,0,0.0,0.0,0.0,0,0,0,"816,000",0,0,0,"816,000",0,"816,000","816,000"
714321,雷科統一6C購01,0,0,0,0.0,0.0,0.0,0,0,0,"1,497,000",0,0,0,"1,497,000",0,"1,497,000","1,497,000"
714326,印能富邦65購01,0,0,0,0.0,0.0,0.0,0,0,0,"-75,000",0,0,0,"5,000","80,000","-75,000","-75,000"
714327,東捷富邦65購01,0,0,0,0.0,0.0,0.0,0,0,0,"-6,000",0,0,0,0,"6,000","-6,000","-6,000"
714328,M31永豐63購02,0,0,0,0.0,0.0,0.0,0,0,0,"49,000",0,0,0,"49,000",0,"49,000","49,000"
714329,久元永豐63購02,0,0,0,0.0,0.0,0.0,0,0,0,"-40,000",0,0,0,0,"40,000","-40,000","-40,000"
714331,均豪永豐63購01,0,0,0,0.0,0.0,0.0,0,0,0,"-52,000",0,0,0,0,"52,000","-52,000","-52,000"
714333,亞通永豐63購01,0,0,0,0.0,0.0,0.0,0,0,0,"2,000",0,0,0,"2,000",0,"2,000","2,000"
714337,弘塑凱基63購08,0,0,0,0.0,0.0,0.0,0,0,0,"-148,000",0,0,0,0,"148,000","-148,000","-148,000"
714338,光頡凱基65購01,0,0,0,0.0,0.0,0.0,0,0,0,"-3,000",0,0,0,0,"3,000","-3,000","-3,000"
714341,宏捷科凱基63購03,0,0,0,0.0,0.0,0.0,0,0,0,"-30,000",0,0,0,0,"30,000","-30,000","-30,000"
714343,系微凱基63購01,0,0,0,0.0,0.0,0.0,0,0,0,"-33,000",0,0,0,0,"33,000","-33,000","-33,000"
714345,宜鼎凱基63購12,0,0,0,0.0,0.0,0.0,0,0,0,"-31,000",0,0,0,"47,000","78,000","-31,000","-31,000"
714350,南俊凱基63購02,0,0,0,0.0,0.0,0.0,0,0,0,"-87,000",0,0,0,0,"87,000","-87,000","-87,000"
714353,聖暉*凱基65購02,0,0,0,0.0,0.0,0.0,0,0,0,"-17,000",0,0,0,0,"17,000","-17,000","-17,000"
714354,頎邦凱基65購02,0,0,0,0.0,0.0,0.0,0,0,0,"6,000",0,0,0,"12,000","6,000","6,000","6,000"
714355,環球晶凱基63購02,0,0,0,0.0,0.0,0.0,0,0,0,"-10,000",0,0,0,0,"10,000","-10,000","-10,000"
714356,環球晶凱基63購03,0,0,0,0.0,0.0,0.0,0,0,0,"-38,000",0,0,0,0,"38,000","-38,000","-38,000"
714358,巨有台新65購01,0,0,0,0.0,0.0,0.0,0,0,0,"2,000",0,0,0,"2,000",0,"2,000","2,000"
714359,光頡台新63購02,0,0,0,0.0,0.0,0.0,0,0,0,"-10,000",0,0,0,0,"10,000","-10,000","-10,000"
714360,印能台新63購03,0,0,0,0.0,0.0,0.0,0,0,0,"-2,000",0,0,0,0,"2,000","-2,000","-2,000"
714367,家登台新66購01,0,0,0,0.0,0.0,0.0,0,0,0,"-103,000",0,0,0,0,"103,000","-103,000","-103,000"
714369,創新服台新63購01,0,0,0,0.0,0.0,0.0,0,0,0,"11,000",0,0,0,"12,000","1,000","11,000","11,000"
714370,創新服台新63購02,0,0,0,0.0,0.0,0.0,0,0,0,"-3,000",0,0,0,0,"3,000","-3,000","-3,000"
714373,環球晶台新64購01,0,0,0,0.0,0.0,0.0,0,0,0,"-114,000",0,0,0,0,"114,000","-114,000","-114,000"
714374,環球晶台新64購02,0,0,0,0.0,0.0,0.0,0,0,0,"-26,000",0,0,0,0,"26,000","-26,000","-26,000"
714378,弘塑元大63購09,0,0,0,0.0,0.0,0.0,0,0,0,"-16,000",0,0,0,0,"16,000","-16,000","-16,000"
714379,弘塑元大63購10,0,0,0,0.0,0.0,0.0,0,0,0,"-3,000",0,0,0,0,"3,000","-3,000","-3,000"
714380,弘塑元大66購02,0,0,0,0.0,0.0,0.0,0,0,0,"-68,000",0,0,0,0,"68,000","-68,000","-68,000"
714381,光頡元大63購03,0,0,0,0.0,0.0,0.0,0,0,0,"-5,000",0,0,0,"1,000","6,000","-5,000","-5,000"
714382,光頡元大63購04,0,0,0,0.0,0.0,0.0,0,0,0,"-43,000",0,0,0,0,"43,000","-43,000","-43,000"
714383,竹陞元大63購03,0,0,0,0.0,0.0,0.0,0,0,0,"-25,000",0,0,0,0,"25,000","-25,000","-25,000"
714386,亞通元大63購01,0,0,0,0.0,0.0,0.0,0,0,0,"-24,000",0,0,0,0,"24,000","-24,000","-24,000"
714387,亞通元大63購02,0,0,0,0.0,0.0,0.0,0,0,0,"-400,000",0,0,0,"50,000","450,000","-400,000","-400,000"
714388,宜鼎元大63購15,0,0,0,0.0,0.0,0.0,0,0,0,0,0,0,0,"4,000","4,000",0,0
714389,昇達科元大63購02,0,0,0,0.0,0.0,0.0,0,0,0,"-254,000",0,0,0,0,"254,000","-254,000","-254,000"
714390,昇達科元大63購03,0,0,0,0.0,0.0,0.0,0,0,0,"-98,000",0,0,0,0,"98,000","-98,000","-98,000"
714391,東捷元大63購03,0,0,0,0.0,0.0,0.0,0,0,0,"-28,000",0,0,0,0,"28,000","-28,000","-28,000"
714393,東捷元大69購02,0,0,0,0.0,0.0,0.0,0,0,0,"-22,000",0,0,0,0,"22,000","-22,000","-22,000"
714394,萊德光元大63購01,0,0,0,0.0,0.0,0.0,0,0,0,"-10,000",0,0,0,0,"10,000","-10,000","-10,000"
714398,群聯元大69購01,0,0,0,0.0,0.0,0.0,0,0,0,"-99,000",0,0,0,0,"99,000","-99,000","-99,000"
714399,聖暉*元大63購04,0,0,0,0.0,0.0,0.0,0,0,0,"-13,000",0,0,0,0,"13,000","-13,000","-13,000"
714404,光頡國票64購01,0,0,0,0.0,0.0,0.0,0,0,0,"-5,000",0,0,0,0,"5,000","-5,000","-5,000"
714405,光頡國票66購01,0,0,0,0.0,0.0,0.0,0,0,0,"51,000",0,0,0,"53,000","2,000","51,000","51,000"
714409,頎邦國票69購01,0,0,0,0.0,0.0,0.0,0,0,0,"-81,000",0,0,0,0,"81,000","-81,000","-81,000"
714411,群聯中信67購02,0,0,0,0.0,0.0,0.0,0,0,0,"-6,000",0,0,0,"50,000","56,000","-6,000","-6,000"
714415,安葆永豐65購01,0,0,0,0.0,0.0,0.0,0,0,0,"-5,000",0,0,0,0,"5,000","-5,000","-5,000"
714419,泰藝永豐63購01,0,0,0,0.0,0.0,0.0,0,0,0,"-311,000",0,0,0,0,"311,000","-311,000","-311,000"
714421,創新服永豐63購01,0,0,0,0.0,0.0,0.0,0,0,0,"-54,000",0,0,0,0,"54,000","-54,000","-54,000"
714423,創新服永豐65購01,0,0,0,0.0,0.0,0.0,0,0,0,"-65,000",0,0,0,0,"65,000","-65,000","-65,000"
714424,創新服永豐66購01,0,0,0,0.0,0.0,0.0,0,0,0,"-71,000",0,0,0,0,"71,000","-71,000","-71,000"
714426,博盛永豐64購02,0,0,0,0.0,0.0,0.0,0,0,0,"12,000",0,0,0,"12,000",0,"12,000","12,000"
714428,華電網永豐63購01,0,0,0,0.0,0.0,0.0,0,0,0,"-10,000",0,0,0,0,"10,000","-10,000","-10,000"
714432,中美晶富邦69購01,0,0,0,0.0,0.0,0.0,0,0,0,"-10,000",0,0,0,0,"10,000","-10,000","-10,000"
714436,蜜望實富邦66購01,0,0,0,0.0,0.0,0.0,0,0,0,"-4,000",0,0,0,0,"4,000","-4,000","-4,000"
714441,頎邦國泰64購01,0,0,0,0.0,0.0,0.0,0,0,0,"-10,000",0,0,0,0,"10,000","-10,000","-10,000"
714444,昇達科統一74購01,0,0,0,0.0,0.0,0.0,0,0,0,"50,000",0,0,0,"50,000",0,"50,000","50,000"
714450,世界群益63購03,0,0,0,0.0,0.0,0.0,0,0,0,0,0,0,0,"4,000","4,000",0,0
714451,巨有群益63購03,0,0,0,0.0,0.0,0.0,0,0,0,"1,000",0,0,0,"2,000","1,000","1,000","1,000"
714453,亞通群益63購02,0,0,0,0.0,0.0,0.0,0,0,0,"-158,000",0,0,0,"60,000","218,000","-158,000","-158,000"
714458,威剛群益63購10,0,0,0,0.0,0.0,0.0,0,0,0,"-5,000",0,0,0,"6,000","11,000","-5,000","-5,000"
714460,萊德光群益63購01,0,0,0,0.0,0.0,0.0,0,0,0,"14,000",0,0,0,"25,000","11,000","14,000","14,000"
714464,群聯群益65購03,0,0,0,0.0,0.0,0.0,0,0,0,0,0,0,0,"5,000","5,000",0,0
714465,營邦群益69購01,0,0,0,0.0,0.0,0.0,0,0,0,"-30,000",0,0,0,0,"30,000","-30,000","-30,000"
714469,光頡元大63購07,0,0,0,0.0,0.0,0.0,0,0,0,"-49,000",0,0,0,0,"49,000","-49,000","-49,000"
714478,東捷元大68購01,0,0,0,0.0,0.0,0.0,0,0,0,"-20,000",0,0,0,0,"20,000","-20,000","-20,000"
714483,信昌電元大63購03,0,0,0,0.0,0.0,0.0,0,0,0,"-23,000",0,0,0,0,"23,000","-23,000","-23,000"
714499,擎亞國票64購02,0,0,0,0.0,0.0,0.0,0,0,0,"-3,000",0,0,0,0,"3,000","-3,000","-3,000"
714500,穩懋國票65購02,0,0,0,0.0,0.0,0.0,0,0,0,"-10,000",0,0,0,0,"10,000","-10,000","-10,000"
714504,亞通凱基63購02,0,0,0,0.0,0.0,0.0,0,0,0,"-67,000",0,0,0,0,"67,000","-67,000","-67,000"
714509,信昌電凱基63購04,0,0,0,0.0,0.0,0.0,0,0,0,"-155,000",0,0,0,0,"155,000","-155,000","-155,000"
714510,創新服凱基63購01,0,0,0,0.0,0.0,0.0,0,0,0,"-1,000",0,0,0,"100,000","101,000","-1,000","-1,000"
714515,巨有群益63購04,0,0,0,0.0,0.0,0.0,0,0,0,"-27,000",0,0,0,0,"27,000","-27,000","-27,000"
714516,光頡群益63購02,0,0,0,0.0,0.0,0.0,0,0,0,"-4,000",0,0,0,0,"4,000","-4,000","-4,000"
714523,環球晶群益63購05,0,0,0,0.0,0.0,0.0,0,0,0,"-2,000",0,0,0,0,"2,000","-2,000","-2,000"
714525,伍豐永豐63購01,0,0,0,0.0,0.0,0.0,0,0,0,"-1,000",0,0,0,0,"1,000","-1,000","-1,000"
714530,信昌電永豐63購01,0,0,0,0.0,0.0,0.0,0,0,0,"-290,000",0,0,0,0,"290,000","-290,000","-290,000"
714531,信昌電永豐63購02,0,0,0,0.0,0.0,0.0,0,0,0,"-1,009,000",0,0,0,0,"1,009,000","-1,009,000","-1,009,000"
714538,穩懋永豐63購06,0,0,0,0.0,0.0,0.0,0,0,0,"-464,000",0,0,0,0,"464,000","-464,000","-464,000"
714540,騰雲永豐63購01,0,0,0,0.0,0.0,0.0,0,0,0,"-51,000",0,0,0,0,"51,000","-51,000","-51,000"
714547,巨有國泰64購01,0,0,0,0.0,0.0,0.0,0,0,0,"-2,000",0,0,0,0,"2,000","-2,000","-2,000"
714548,光頡國泰64購02,0,0,0,0.0,0.0,0.0,0,0,0,"-3,000",0,0,0,0,"3,000","-3,000","-3,000"
714552,信昌電國泰64購01,0,0,0,0.0,0.0,0.0,0,0,0,"-28,000",0,0,0,0,"28,000","-28,000","-28,000"
714554,萊德光國泰64購01,0,0,0,0.0,0.0,0.0,0,0,0,"-52,000",0,0,0,0,"52,000","-52,000","-52,000"
714558,巨有統一79購01,0,0,0,0.0,0.0,0.0,0,0,0,"-22,000",0,0,0,0,"22,000","-22,000","-22,000"
714562,信昌電統一68購02,0,0,0,0.0,0.0,0.0,0,0,0,"-82,000",0,0,0,0,"82,000","-82,000","-82,000"
714563,信昌電統一69購01,0,0,0,0.0,0.0,0.0,0,0,0,"-3,000",0,0,0,"229,000","232,000","-3,000","-3,000"
714565,穩懋統一69購01,0,0,0,0.0,0.0,0.0,0,0,0,"-10,000",0,0,0,0,"10,000","-10,000","-10,000"
714569,竹陞台新64購01,0,0,0,0.0,0.0,0.0,0,0,0,"-3,000",0,0,0,0,"3,000","-3,000","-3,000"
714578,穩懋台新63購04,0,0,0,0.0,0.0,0.0,0,0,0,"-2,000",0,0,0,0,"2,000","-2,000","-2,000"
714579,穩懋台新63購05,0,0,0,0.0,0.0,0.0,0,0,0,"-210,000",0,0,0,0,"210,000","-210,000","-210,000"
728003,金麗科統一5C購01,0,0,0,0.0,0.0,0.0,0,0,0,"-125,000",0,0,0,0,"125,000","-125,000","-125,000"
728520,金麗科統一5C購02,0,0,0,0.0,0.0,0.0,0,0,0,"165,000",0,0,0,"165,000",0,"165,000","165,000"
728920,元債20元富61購01,0,0,0,0.0,0.0,0.0,0,0,0,"65,000",0,0,0,"65,000",0,"65,000","65,000"
729808,騰雲統一5A購01,0,0,0,0.0,0.0,0.0,0,0,0,"10,000",0,0,0,"10,000",0,"10,000","10,000"
731584,群聯統一5B購01,0,0,0,0.0,0.0,0.0,0,0,0,"7,000",0,0,0,"7,000",0,"7,000","7,000"
731945,千附精統一59購02,0,0,0,0.0,0.0,0.0,0,0,0,"1,000",0,0,0,"1,000",0,"1,000","1,000"
732069,金山電統一59購01,0,0,0,0.0,0.0,0.0,0,0,0,"2,000",0,0,0,"2,000",0,"2,000","2,000"
733461,先進光統一65購01,0,0,0,0.0,0.0,0.0,0,0,0,"-10,000",0,0,0,0,"10,000","-10,000","-10,000"
733653,創惟統一5B購01,0,0,0,0.0,0.0,0.0,0,0,0,"-10,000",0,0,0,0,"10,000","-10,000","-10,000"
733695,高端統一5B購01,0,0,0,0.0,0.0,0.0,0,0,0,"-3,000",0,0,0,0,"3,000","-3,000","-3,000"
733696,高端統一65購01,0,0,0,0.0,0.0,0.0,0,0,0,"115,000",0,0,0,"823,000","708,000","115,000","115,000"
733958,新應材統一5C購01,0,0,0,0.0,0.0,0.0,0,0,0,"-20,000",0,0,0,0,"20,000","-20,000","-20,000"
734209,華星光統一66購01,0,0,0,0.0,0.0,0.0,0,0,0,"-133,000",0,0,0,0,"133,000","-133,000","-133,000"
734519,建榮統一5C購01,0,0,0,0.0,0.0,0.0,0,0,0,"1,000",0,0,0,"1,000",0,"1,000","1,000"
735028,新應材元富63購01,0,0,0,0.0,0.0,0.0,0,0,0,"-100,000",0,0,0,0,"100,000","-100,000","-100,000"
735304,華景電統一5A購01,0,0,0,0.0,0.0,0.0,0,0,0,"100,000",0,0,0,"100,000",0,"100,000","100,000"
735660,彩富統一63購01,0,0,0,0.0,0.0,0.0,0,0,0,"177,000",0,0,0,"200,000","23,000","177,000","177,000"
736156,均華統一5C購02,0,0,0,0.0,0.0,0.0,0,0,0,"20,000",0,0,0,"20,000",0,"20,000","20,000"
736244,金居統一61購01,0,0,0,0.0,0.0,0.0,0,0,0,"-3,000",0,0,0,0,"3,000","-3,000","-3,000"
736351,安國統一66購01,0,0,0,0.0,0.0,0.0,0,0,0,"60,000",0,0,0,"70,000","10,000","60,000","60,000"
736430,宏捷科統一59購01,0,0,0,0.0,0.0,0.0,0,0,0,"50,000",0,0,0,"50,000",0,"50,000","50,000"
736474,中美晶統一5A購01,0,0,0,0.0,0.0,0.0,0,0,0,"100,000",0,0,0,"100,000",0,"100,000","100,000"
736479,漢磊統一61購01,0,0,0,0.0,0.0,0.0,0,0,0,"77,000",0,0,0,"92,000","15,000","77,000","77,000"
736934,金居統一5B購01,0,0,0,0.0,0.0,0.0,0,0,0,0,0,0,0,"7,000","7,000",0,0
737198,智通*國票5B購01,0,0,0,0.0,0.0,0.0,0,0,0,"3,000",0,0,0,"103,000","100,000","3,000","3,000"
737321,立碁統一5C購01,0,0,0,0.0,0.0,0.0,0,0,0,"1,000",0,0,0,"1,000",0,"1,000","1,000"
737930,晶呈統一5C購01,0,0,0,0.0,0.0,0.0,0,0,0,"1,000",0,0,0,"1,000",0,"1,000","1,000"
737933,譜瑞統一5B購01,0,0,0,0.0,0.0,0.0,0,0,0,"-10,000",0,0,0,0,"10,000","-10,000","-10,000"
738156,譜瑞統一5C購01,0,0,0,0.0,0.0,0.0,0,0,0,"190,000",0,0,0,"190,000",0,"190,000","190,000"
738281,M31統一5B購01,0,0,0,0.0,0.0,0.0,0,0,0,"5,000",0,0,0,"5,000",0,"5,000","5,000"
738291,環球晶統一64購01,0,0,0,0.0,0.0,0.0,0,0,0,"-20,000",0,0,0,0,"20,000","-20,000","-20,000"
738726,宏捷科國票5B購01,0,0,0,0.0,0.0,0.0,0,0,0,"-50,000",0,0,0,0,"50,000","-50,000","-50,000"
738760,群翊統一5C購01,0,0,0,0.0,0.0,0.0,0,0,0,"38,000",0,0,0,"38,000",0,"38,000","38,000"
738947,精測統一65購01,0,0,0,0.0,0.0,0.0,0,0,0,"-10,000",0,0,0,0,"10,000","-10,000","-10,000"
739376,均豪統一5B購01,0,0,0,0.0,0.0,0.0,0,0,0,"-2,000",0,0,0,0,"2,000","-2,000","-2,000"
739452,茂達統一59購01,0,0,0,0.0,0.0,0.0,0,0,0,"155,000",0,0,0,"155,000",0,"155,000","155,000"
739459,環球晶統一59購02,0,0,0,0.0,0.0,0.0,0,0,0,"3,000",0,0,0,"3,000",0,"3,000","3,000"
739460,環球晶統一64購02,0,0,0,0.0,0.0,0.0,0,0,0,"-12,000",0,0,0,0,"12,000","-12,000","-12,000"
739598,中美晶國票59購02,0,0,0,0.0,0.0,0.0,0,0,0,0,0,0,0,"166,000","166,000",0,0
共5247筆,,,,,,,,,,,,,,,,,,
*三大法人買賣超股數合計=外資及陸資淨買股數(不含自營商)+投信淨買股數+自營商淨買股數合計,,,,,,,,,,,,,,,,,,
說明：,,,,,,,,,,,,,,,,,,
外資及陸資表示依「華僑及外國人投資證券管理辦法」及「大陸地區投資人來臺從事證券投資及期貨交易管理辦法」辦理登記等投資人。,,,,,,,,,,,,,,,,,,
因外資自營商買賣金額已計入自營商買賣金額，故不納入三大法人買賣金額之合計數計算。,,,,,,,,,,,,,,,,,,
投信表示本國投資信託基金。,,,,,,,,,,,,,,,,,,
自營商表示證券自營商專戶。,,,,,,,,,,,,,,,,,,
本資訊以當日原始成交情形統計，不以證券商申報錯帳、更正帳號等調整後資料統計。,,,,,,,,,,,,,,,,,,
ETF證券代號第六碼為K、C者，表示該ETF以外幣交易，其一交易單位(張)應為100受益權或其整倍數，請詳其公開說明書。,,,,,,,,,,,,,,,,,,
