證券代號,證券名稱,外陸資買進股數(不含外資自營商),外陸資賣出股數(不含外資自營商),外陸資買賣超股數(不含外資自營商),外資自營商買進股數,外資自營商賣出股數,外資自營商買賣超股數,投信買進股數,投信賣出股數,投信買賣超股數,自營商買賣超股數,自營商買進股數(自行買賣),自營商賣出股數(自行買賣),自營商買賣超股數(自行買賣),自營商買進股數(避險),自營商賣出股數(避險),自營商買賣超股數(避險),三大法人買賣超股數
00679B,元大美債20年,"2,251,000","861,000","1,390,000",0.0,0.0,0.0,0,0,0,"3,626,372",0,0,0,"3,754,005","127,633","3,626,372","5,016,372"
00687B,國泰20年美債,"2,370,000","7,000","2,363,000",0.0,0.0,0.0,0,0,0,"2,911,003",0,0,0,"4,879,000","1,967,997","2,911,003","5,274,003"
00687C,國泰20年美債+櫃U,0,0,0,0.0,0.0,0.0,0,0,0,0,0,0,0,"25,000","25,000",0,0
00694B,富邦美債1-3,"57,000",0,"57,000",0.0,0.0,0.0,0,0,0,"-33,867",0,0,0,"65,497","99,364","-33,867","23,133"
00695B,富邦美債7-10,0,0,0,0.0,0.0,0.0,0,0,0,898,0,0,0,"185,000","184,102",898,898
00696B,富邦美債20年,"353,000","133,000","220,000",0.0,0.0,0.0,0,0,0,"-163,004",0,0,0,"483,000","646,004","-163,004","56,996"
00697B,元大美債7-10,0,0,0,0.0,0.0,0.0,0,0,0,"-47,599",0,0,0,"24,231","71,830","-47,599","-47,599"
00719B,元大美債1-3,"865,033","31,000","834,033",0.0,0.0,0.0,0,0,0,"-235,629",0,0,0,"57,000","292,629","-235,629","598,404"
00720B,元大投資級公司債,"910,000","467,000","443,000",0.0,0.0,0.0,0,0,0,"491,684",0,0,0,"1,494,000","1,002,316","491,684","934,684"
00722B,群益投資級電信債,0,"681,000","-681,000",0.0,0.0,0.0,0,0,0,"100,602",0,0,0,"3,169,000","3,068,398","100,602","-580,398"
00723B,群益投資級科技債,0,0,0,0.0,0.0,0.0,0,0,0,"-6,468",0,0,0,"179,340","185,808","-6,468","-6,468"
00724B,群益投資級金融債,"154,000","123,000","31,000",0.0,0.0,0.0,0,0,0,"-300,930",0,0,0,"2,098,096","2,399,026","-300,930","-269,930"
00725B,國泰投資級公司債,"808,000","6,000","802,000",0.0,0.0,0.0,0,0,0,"-803,305",0,0,0,"348,000","1,151,305","-803,305","-1,305"
00726B,國泰新興投等債,"1,000",0,"1,000",0.0,0.0,0.0,0,0,0,"-53,986",0,0,0,"102,549","156,535","-53,986","-52,986"
00727B,國泰優選非投等債,"1,000",0,"1,000",0.0,0.0,0.0,0,0,0,"62,078",0,0,0,"166,378","104,300","62,078","63,078"
00734B,台新JPM新興債,0,0,0,0.0,0.0,0.0,0,0,0,"-1,275",0,0,0,0,"1,275","-1,275","-1,275"
00740B,富邦全球投等債,"45,000","28,000","17,000",0.0,0.0,0.0,"350,000",0,"350,000","-450,015",0,0,0,"398,208","848,223","-450,015","-83,015"
00741B,富邦全球非投等債,"13,000","102,000","-89,000",0.0,0.0,0.0,"355,000",0,"355,000","-227,574",0,0,0,"130,426","358,000","-227,574","38,426"
00746B,富邦A級公司債,"12,000",0,"12,000",0.0,0.0,0.0,0,0,0,"85,059",0,0,0,"312,059","227,000","85,059","97,059"
00749B,凱基新興債10+,0,0,0,0.0,0.0,0.0,0,0,0,0,0,0,0,"100,000","100,000",0,0
00750B,凱基科技債10+,"1,000",0,"1,000",0.0,0.0,0.0,0,0,0,0,0,0,0,"100,000","100,000",0,"1,000"
00751B,元大AAA至A公司債,"889,270","621,000","268,270",0.0,0.0,0.0,0,0,0,"-214,000",0,0,0,"691,000","905,000","-214,000","54,270"
00754B,群益AAA-AA公司債,"17,000","1,000","16,000",0.0,0.0,0.0,0,0,0,"-30,000",0,0,0,"100,352","130,352","-30,000","-14,000"
00755B,群益投資級公用債,"41,000",0,"41,000",0.0,0.0,0.0,0,0,0,"-48,980",0,0,0,"100,020","149,000","-48,980","-7,980"
00756B,群益投等新興公債,0,"10,000","-10,000",0.0,0.0,0.0,0,0,0,"-37,526",0,0,0,"110,551","148,077","-37,526","-47,526"
00758B,復華能源債,0,0,0,0.0,0.0,0.0,0,0,0,"-2,000",0,0,0,"100,800","102,800","-2,000","-2,000"
00759B,復華製藥債,0,0,0,0.0,0.0,0.0,0,0,0,0,0,0,0,"100,000","100,000",0,0
00760B,復華新興企業債,0,0,0,0.0,0.0,0.0,0,0,0,-446,0,0,0,"100,454","100,900",-446,-446
00761B,國泰A級公司債,"115,000","196,000","-81,000",0.0,0.0,0.0,0,0,0,"73,451",0,0,0,"299,000","225,549","73,451","-7,549"
00764B,群益25年美債,"241,000","5,000","236,000",0.0,0.0,0.0,0,0,0,"-23,451",0,0,0,"4,056,997","4,080,448","-23,451","212,549"
00768B,復華20年美債,"93,000","22,000","71,000",0.0,0.0,0.0,0,0,0,"-106,060",0,0,0,"209,558","315,618","-106,060","-35,060"
00772B,中信高評級公司債,"27,000","325,000","-298,000",0.0,0.0,0.0,0,0,0,"275,095",0,0,0,"615,252","340,157","275,095","-22,905"
00773B,中信優先金融債,"25,000",0,"25,000",0.0,0.0,0.0,0,0,0,"-5,297",0,0,0,"744,000","749,297","-5,297","19,703"
00777B,凱基AAA至A公司債,0,"2,000","-2,000",0.0,0.0,0.0,0,0,0,0,0,0,0,"100,000","100,000",0,"-2,000"
00778B,凱基金融債20+,0,0,0,0.0,0.0,0.0,0,0,0,0,0,0,0,"100,000","100,000",0,0
00779B,凱基美債25+,"7,000",0,"7,000",0.0,0.0,0.0,0,0,0,0,0,0,0,"300,000","300,000",0,"7,000"
00780B,國泰A級金融債,"19,000","10,000","9,000",0.0,0.0,0.0,0,0,0,1,0,0,0,"158,001","158,000",1,"9,001"
00781B,國泰A級科技債,0,0,0,0.0,0.0,0.0,0,0,0,"-35,424",0,0,0,"100,000","135,424","-35,424","-35,424"
00782B,國泰A級公用債,0,0,0,0.0,0.0,0.0,0,0,0,"-49,364",0,0,0,"100,000","149,364","-49,364","-49,364"
00785B,富邦金融投等債,0,"50,000","-50,000",0.0,0.0,0.0,0,0,0,"48,827",0,0,0,"100,001","51,174","48,827","-1,173"
00786B,元大10年IG銀行債,0,0,0,0.0,0.0,0.0,0,0,0,"23,893",0,0,0,"74,000","50,107","23,893","23,893"
00787B,元大10年IG醫療債,0,0,0,0.0,0.0,0.0,0,0,0,"-1,031",0,0,0,"9,000","10,031","-1,031","-1,031"
00788B,元大10年IG電能債,0,0,0,0.0,0.0,0.0,0,0,0,-50,0,0,0,0,50,-50,-50
00789B,復華公司債A3,"10,000",0,"10,000",0.0,0.0,0.0,0,0,0,"-10,020",0,0,0,"111,800","121,820","-10,020",-20
00791B,復華信用債1-5,0,"2,000","-2,000",0.0,0.0,0.0,0,0,0,"1,002",0,0,0,"102,800","101,798","1,002",-998
00792B,群益A級公司債,"140,000",0,"140,000",0.0,0.0,0.0,0,0,0,"-145,039",0,0,0,"220,001","365,040","-145,039","-5,039"
00793B,群益AAA-A醫療債,0,0,0,0.0,0.0,0.0,0,0,0,"3,864",0,0,0,"9,408","5,544","3,864","3,864"
00795B,中信美國公債20年,"1,086,000","81,000","1,005,000",0.0,0.0,0.0,0,0,0,"143,087",0,0,0,"1,651,913","1,508,826","143,087","1,148,087"
00799B,國泰A級醫療債,"1,000",0,"1,000",0.0,0.0,0.0,0,0,0,"5,405",0,0,0,"114,000","108,595","5,405","6,405"
00834B,第一金金融債10+,0,0,0,0.0,0.0,0.0,0,0,0,"6,000",0,0,0,"107,000","101,000","6,000","6,000"
00836B,永豐10年A公司債,"20,000",0,"20,000",0.0,0.0,0.0,0,0,0,"-20,034",0,0,0,"1,000","21,034","-20,034",-34
00840B,凱基IG精選15+,0,0,0,0.0,0.0,0.0,0,0,0,"-1,000",0,0,0,"100,000","101,000","-1,000","-1,000"
00841B,凱基AAA-AA公司債,0,0,0,0.0,0.0,0.0,0,0,0,0,0,0,0,"100,000","100,000",0,0
00842B,台新美元銀行債,0,0,0,0.0,0.0,0.0,0,0,0,"-97,541",0,0,0,0,"97,541","-97,541","-97,541"
00845B,富邦新興投等債,0,"50,000","-50,000",0.0,0.0,0.0,0,0,0,"50,000",0,0,0,"150,000","100,000","50,000",0
00846B,富邦歐洲銀行債,0,0,0,0.0,0.0,0.0,0,0,0,"1,000",0,0,0,"101,000","100,000","1,000","1,000"
00847B,中信美國市政債,0,0,0,0.0,0.0,0.0,0,0,0,"2,000",0,0,0,"402,000","400,000","2,000","2,000"
00848B,中信新興亞洲債,0,"6,000","-6,000",0.0,0.0,0.0,0,0,0,"5,912",0,0,0,"406,000","400,088","5,912",-88
00849B,中信EM主權債0-5,0,"1,000","-1,000",0.0,0.0,0.0,0,0,0,480,0,0,0,"400,803","400,323",480,-520
00853B,統一美債10年Aa-A,"4,000","2,000","2,000",0.0,0.0,0.0,0,0,0,864,0,0,0,"1,005,046","1,004,182",864,"2,864"
00856B,永豐1-3年美公債,0,0,0,0.0,0.0,0.0,0,0,0,"1,000",0,0,0,"3,000","2,000","1,000","1,000"
00857B,永豐20年美公債,"244,000","4,000","240,000",0.0,0.0,0.0,0,0,0,"-158,882",0,0,0,"110,168","269,050","-158,882","81,118"
00858,永豐美國500大,100,"203,000","-202,900",0.0,0.0,0.0,0,0,0,"-283,324",0,0,0,0,"283,324","-283,324","-486,224"
00859B,群益0-1年美債,"202,000","80,000","122,000",0.0,0.0,0.0,0,0,0,"-54,589",0,0,0,"2,616,660","2,671,249","-54,589","67,411"
00860B,群益1-5Y投資級債,0,0,0,0.0,0.0,0.0,0,0,0,"2,008",0,0,0,"102,100","100,092","2,008","2,008"
00862B,中信投資級公司債,"6,000","21,000","-15,000",0.0,0.0,0.0,0,0,0,"-4,839",0,0,0,"457,295","462,134","-4,839","-19,839"
00863B,中信全球電信債,0,"5,000","-5,000",0.0,0.0,0.0,0,0,0,"-3,031",0,0,0,"406,000","409,031","-3,031","-8,031"
00864B,中信美國公債0-1,"379,000","62,000","317,000",0.0,0.0,0.0,0,0,0,"-119,138","75,000",0,"75,000","534,200","728,338","-194,138","197,862"
00867B,台新A-BBB電信債,0,"3,000","-3,000",0.0,0.0,0.0,0,0,0,0,0,0,0,0,0,0,"-3,000"
00870B,元大15年EM主權債,0,0,0,0.0,0.0,0.0,0,0,0,"-6,050",0,0,0,0,"6,050","-6,050","-6,050"
00877,復華中國5G,"484,000","302,000","182,000",0.0,0.0,0.0,0,0,0,"-232,197","31,000",0,"31,000","1,060,117","1,323,314","-263,197","-50,197"
00884B,中信低碳新興債,0,0,0,0.0,0.0,0.0,0,0,0,-38,0,0,0,"463,384","463,422",-38,-38
00886,永豐美國科技,0,0,0,0.0,0.0,0.0,0,0,0,-29,0,0,0,0,29,-29,-29
00887,永豐中國科技50大,"1,072,000","824,000","248,000",0.0,0.0,0.0,0,0,0,"278,446",0,0,0,"1,141,624","863,178","278,446","526,446"
00888,永豐台灣ESG,"5,012,046","8,553,000","-3,540,954",0.0,0.0,0.0,0,0,0,"-74,327,897",0,0,0,"365,525","74,693,422","-74,327,897","-77,868,851"
00890B,凱基ESG BBB債15+,0,0,0,0.0,0.0,0.0,0,0,0,0,0,0,0,"100,000","100,000",0,0
00928,中信上櫃ESG 30,"156,167","164,000","-7,833",0.0,0.0,0.0,0,0,0,"-295,289",0,0,0,"549,093","844,382","-295,289","-303,122"
00931B,統一美債20年,"307,000",0,"307,000",0.0,0.0,0.0,0,0,0,"444,658",0,0,0,"673,000","228,342","444,658","751,658"
00933B,國泰10Y+金融債,"10,000","3,142,000","-3,132,000",0.0,0.0,0.0,0,0,0,"1,031,248",0,0,0,"2,281,000","1,249,752","1,031,248","-2,100,752"
00937B,群益ESG投等債20+,"4,787,870","4,204,000","583,870",0.0,0.0,0.0,0,0,0,"-19,063,883",0,0,0,"859,000","19,922,883","-19,063,883","-18,480,013"
00942B,台新美A公司債20+,"2,000",0,"2,000",0.0,0.0,0.0,0,0,0,"40,556",0,0,0,"200,000","159,444","40,556","42,556"
00948B,中信優息投資級債,"1,573,000","44,000","1,529,000",0.0,0.0,0.0,0,0,0,"-1,383,115",0,0,0,"796,000","2,179,115","-1,383,115","145,885"
00950B,凱基A級公司債,"339,000","359,000","-20,000",0.0,0.0,0.0,0,0,0,"1,609,457",0,0,0,"1,955,000","345,543","1,609,457","1,589,457"
00955,中信日本商社,"189,005","535,100","-346,095",0.0,0.0,0.0,0,0,0,"2,149,983",0,0,0,"3,065,000","915,017","2,149,983","1,803,888"
00957B,兆豐US優選投等債,0,0,0,0.0,0.0,0.0,0,0,0,"404,450",0,0,0,"986,000","581,550","404,450","404,450"
00958B,永豐ESG銀行債15+,0,"7,000","-7,000",0.0,0.0,0.0,0,0,0,"-4,531",0,0,0,"349,000","353,531","-4,531","-11,531"
00959B,大華投等美債15Y+,100,"149,000","-148,900",0.0,0.0,0.0,0,0,0,"-5,182",0,0,0,"907,000","912,182","-5,182","-154,082"
00966B,統一ESG投等債15+,0,0,0,0.0,0.0,0.0,0,0,0,"-104,845",0,0,0,"1,206,000","1,310,845","-104,845","-104,845"
00967B,元大優息美債,0,0,0,0.0,0.0,0.0,0,0,0,"-4,304",0,0,0,"3,282","7,586","-4,304","-4,304"
00968B,元大優息投等債,"307,000","7,000","300,000",0.0,0.0,0.0,0,0,0,"-547,842",0,0,0,"413,000","960,842","-547,842","-247,842"
00969B,元大零息超長美債,0,"174,000","-174,000",0.0,0.0,0.0,0,0,0,"86,500",0,0,0,"166,000","79,500","86,500","-87,500"
00970B,台新BBB投等債20+,"6,000",0,"6,000",0.0,0.0,0.0,0,0,0,"-160,735",0,0,0,"243,000","403,735","-160,735","-154,735"
00980B,台新特選IG債10+,0,0,0,0.0,0.0,0.0,0,0,0,"-47,381",0,0,0,"100,025","147,406","-47,381","-47,381"
00980D,主動聯博投等入息,"2,000","2,000",0,0.0,0.0,0.0,0,0,0,"-119,825",0,0,0,"57,000","176,825","-119,825","-119,825"
00980T,平衡凱基美國TOP,0,"1,000","-1,000",0.0,0.0,0.0,0,0,0,"9,194",0,0,0,"14,633","5,439","9,194","8,194"
00981B,第一金優選非投債,"2,093,000","28,000","2,065,000",0.0,0.0,0.0,0,0,0,"-1,925,834",0,0,0,"774,000","2,699,834","-1,925,834","139,166"
00981D,主動中信非投等債,"1,385,000","39,000","1,346,000",0.0,0.0,0.0,0,0,0,"1,347,712",0,0,0,"1,573,000","225,288","1,347,712","2,693,712"
00982B,FT投資級債20+,0,0,0,0.0,0.0,0.0,0,0,0,-497,0,0,0,0,497,-497,-497
00983B,大華優利美公債20,0,"4,000","-4,000",0.0,0.0,0.0,0,0,0,"175,268",0,0,0,"327,000","151,732","175,268","171,268"
00984B,大華優利美A債15,0,"73,000","-73,000",0.0,0.0,0.0,0,0,0,"-44,919",0,0,0,"2,000","46,919","-44,919","-117,919"
00985D,主動貝萊德優投等,"1,000","1,000",0,0.0,0.0,0.0,0,0,0,"-155,000",0,0,0,"423,000","578,000","-155,000","-155,000"
00986B,FT金融債10+,20,0,20,0.0,0.0,0.0,0,0,0,-20,0,0,0,0,20,-20,0
00986D,主動復華金融債息,0,"28,000","-28,000",0.0,0.0,0.0,0,0,0,"-4,529",0,0,0,"131,271","135,800","-4,529","-32,529"
00987B,野村10+澳洲公債,0,"17,000","-17,000",0.0,0.0,0.0,0,0,0,"57,553",0,0,0,"1,819,000","1,761,447","57,553","40,553"
00988B,玉山嚴選非投債,0,0,0,0.0,0.0,0.0,0,0,0,"2,837,859",0,0,0,"3,339,000","501,141","2,837,859","2,837,859"
00989B,台新美國非投等債,"301,000","161,000","140,000",0.0,0.0,0.0,0,0,0,"15,208,900",0,0,0,"15,211,000","2,100","15,208,900","15,348,900"
00990B,國泰收益非投等債,0,0,0,0.0,0.0,0.0,0,0,0,"667,947",0,0,0,"847,000","179,053","667,947","667,947"
00998A,主動復華金融股息,"46,000","267,000","-221,000",0.0,0.0,0.0,0,0,0,"162,200",0,0,0,"175,000","12,800","162,200","-58,800"
1259,安心,"4,000","3,000","1,000",0.0,0.0,0.0,0,0,0,"1,000",0,0,0,"1,000",0,"1,000","2,000"
1264,德麥,"4,000",0,"4,000",0.0,0.0,0.0,0,0,0,"-7,000",0,"7,000","-7,000",0,0,0,"-3,000"
1268,漢來美食,"11,000",0,"11,000",0.0,0.0,0.0,0,0,0,0,0,0,0,0,0,0,"11,000"
1294,漢田生技,"2,000","5,000","-3,000",0.0,0.0,0.0,0,0,0,0,0,0,0,0,0,0,"-3,000"
1295,生合,"9,000","28,000","-19,000",0.0,0.0,0.0,0,0,0,0,0,0,0,0,0,0,"-19,000"
1336,台翰,"51,000","23,000","28,000",0.0,0.0,0.0,0,0,0,0,0,0,0,"22,000","22,000",0,"28,000"
1565,精華,"22,000","12,000","10,000",0.0,0.0,0.0,0,0,0,-119,0,0,0,0,119,-119,"9,881"
1569,濱川,"128,000","76,000","52,000",0.0,0.0,0.0,0,0,0,"-13,686",0,0,0,"1,000","14,686","-13,686","38,314"
1570,力肯,"18,000","5,000","13,000",0.0,0.0,0.0,0,0,0,0,0,0,0,0,0,0,"13,000"
1580,新麥,"6,000","25,000","-19,000",0.0,0.0,0.0,0,0,0,-138,0,0,0,"1,000","1,138",-138,"-19,138"
1584,精剛,"150,477","159,000","-8,523",0.0,0.0,0.0,0,0,0,-331,0,0,0,"2,000","2,331",-331,"-8,854"
1586,和勤,"275,677","49,107","226,570",0.0,0.0,0.0,0,0,0,0,0,0,0,0,0,0,"226,570"
1593,祺驊,0,"1,000","-1,000",0.0,0.0,0.0,0,0,0,0,0,0,0,0,0,0,"-1,000"
1595,川寶,"144,000","85,000","59,000",0.0,0.0,0.0,0,0,0,-6,0,0,0,"4,000","4,006",-6,"58,994"
1599,宏佳騰,"2,000","18,000","-16,000",0.0,0.0,0.0,0,0,0,-721,0,0,0,279,"1,000",-721,"-16,721"
1742,台蠟,0,"1,000","-1,000",0.0,0.0,0.0,0,0,0,0,0,0,0,0,0,0,"-1,000"
1777,生泰,"1,000","8,000","-7,000",0.0,0.0,0.0,0,0,0,0,0,0,0,0,0,0,"-7,000"
1780,立弘,"22,000","22,000",0,0.0,0.0,0.0,0,0,0,0,0,0,0,0,0,0,0
1781,合世,"9,000","1,000","8,000",0.0,0.0,0.0,0,0,0,169,0,0,0,169,0,169,"8,169"
1784,訊聯,"51,923","35,830","16,093",0.0,0.0,0.0,0,0,0,"-3,227",0,0,0,21,"3,248","-3,227","12,866"
1785,光洋科,"1,574,002","1,720,000","-145,998",0.0,0.0,0.0,60,"178,000","-177,940","2,772","2,000",0,"2,000","33,154","32,382",772,"-321,166"
1788,杏昌,"2,000","1,000","1,000",0.0,0.0,0.0,0,0,0,0,0,0,0,0,0,0,"1,000"
1796,金穎生技,0,0,0,0.0,0.0,0.0,0,0,0,-16,0,0,0,0,16,-16,-16
1799,易威,"95,000","29,000","66,000",0.0,0.0,0.0,0,0,0,820,0,0,0,879,59,820,"66,820"
1815,富喬,"2,431,823","2,792,000","-360,177",0.0,0.0,0.0,0,"190,000","-190,000","-272,120",0,0,0,"122,192","394,312","-272,120","-822,297"
2061,風青,"335,689","409,175","-73,486",0.0,0.0,0.0,0,0,0,-256,0,102,-102,"1,000","1,154",-154,"-73,742"
2063,世鎧,"2,000",0,"2,000",0.0,0.0,0.0,0,0,0,0,0,0,0,0,0,0,"2,000"
2064,晉椿,"4,000","5,000","-1,000",0.0,0.0,0.0,0,0,0,"1,000","1,000",0,"1,000",0,0,0,0
2065,世豐,"11,000","2,000","9,000",0.0,0.0,0.0,0,0,0,420,0,0,0,420,0,420,"9,420"
2066,世德,"8,000","2,000","6,000",0.0,0.0,0.0,0,0,0,0,0,0,0,0,0,0,"6,000"
2070,精湛,"30,000","42,000","-12,000",0.0,0.0,0.0,0,0,0,115,0,0,0,"1,000",885,115,"-11,885"
2221,大甲,"55,000","130,000","-75,000",0.0,0.0,0.0,0,0,0,"6,845",0,0,0,"8,000","1,155","6,845","-68,155"
2230,泰茂,"41,000","50,000","-9,000",0.0,0.0,0.0,0,0,0,-234,0,0,0,193,427,-234,"-9,234"
2596,綠意,"1,000","2,000","-1,000",0.0,0.0,0.0,0,0,0,-5,0,0,0,0,5,-5,"-1,005"
2640,大車隊,"7,000","4,000","3,000",0.0,0.0,0.0,0,0,0,-18,0,0,0,0,18,-18,"2,982"
2641,正德,"552,559","89,000","463,559",0.0,0.0,0.0,0,0,0,"-2,008",0,0,0,0,"2,008","-2,008","461,551"
2643,捷迅,"17,000","1,000","16,000",0.0,0.0,0.0,0,0,0,0,0,0,0,0,0,0,"16,000"
2718,全心投控,"11,000","11,000",0,0.0,0.0,0.0,0,0,0,"5,950","1,000",0,"1,000","5,000",50,"4,950","5,950"
2719,燦星旅,"1,000","5,000","-4,000",0.0,0.0,0.0,0,0,0,0,0,0,0,0,0,0,"-4,000"
2729,瓦城,"29,000","4,000","25,000",0.0,0.0,0.0,0,0,0,0,0,0,0,0,0,0,"25,000"
2732,六角,"1,000","2,000","-1,000",0.0,0.0,0.0,0,0,0,0,0,0,0,0,0,0,"-1,000"
2734,易飛網,"7,000","2,000","5,000",0.0,0.0,0.0,0,0,0,31,0,0,0,31,0,31,"5,031"
2736,富野,"2,000","7,000","-5,000",0.0,0.0,0.0,0,0,0,59,0,0,0,59,0,59,"-4,941"
2743,山富,"31,035","19,000","12,035",0.0,0.0,0.0,0,0,0,-959,0,0,0,41,"1,000",-959,"11,076"
2745,五福,"2,000","8,000","-6,000",0.0,0.0,0.0,0,0,0,"-36,849",0,"35,000","-35,000",110,"1,959","-1,849","-42,849"
2752,豆府,0,"1,000","-1,000",0.0,0.0,0.0,0,0,0,0,0,0,0,0,0,0,"-1,000"
2754,亞洲藏壽司,0,"1,000","-1,000",0.0,0.0,0.0,0,0,0,0,0,0,0,0,0,0,"-1,000"
2755,揚秦,"1,099","11,000","-9,901",0.0,0.0,0.0,0,0,0,0,0,0,0,0,0,0,"-9,901"
2916,滿心,"42,000","5,000","37,000",0.0,0.0,0.0,0,0,0,0,0,0,0,0,0,0,"37,000"
2926,誠品生活,"1,000","1,000",0,0.0,0.0,0.0,0,0,0,0,0,0,0,0,0,0,0
2947,振宇五金,0,0,0,0.0,0.0,0.0,0,0,0,0,0,0,0,"4,000","4,000",0,0
3066,李洲,"112,010","219,000","-106,990",0.0,0.0,0.0,0,0,0,"-2,000",0,"2,000","-2,000",0,0,0,"-108,990"
3071,協禧,"71,000","70,000","1,000",0.0,0.0,0.0,0,0,0,247,0,0,0,"1,000",753,247,"1,247"
3073,天方能源,"17,000","7,000","10,000",0.0,0.0,0.0,0,0,0,0,0,0,0,0,0,0,"10,000"
3078,僑威,"210,000","113,000","97,000",0.0,0.0,0.0,0,0,0,"10,081","10,000",0,"10,000","1,000",919,81,"107,081"
3081,聯亞,"2,256,858","4,534,962","-2,278,104",0.0,0.0,0.0,"1,037,500",0,"1,037,500","15,039","276,027","244,000","32,027","169,136","186,124","-16,988","-1,225,565"
3083,網龍,"32,000","4,000","28,000",0.0,0.0,0.0,0,0,0,0,0,0,0,0,0,0,"28,000"
3086,華義*,"101,000","46,000","55,000",0.0,0.0,0.0,0,0,0,"-5,750",0,0,0,0,"5,750","-5,750","49,250"
3088,艾訊,"1,345,730","1,440,275","-94,545",0.0,0.0,0.0,0,0,0,"-50,055",0,"17,000","-17,000","28,668","61,723","-33,055","-144,600"
3093,港建*,"76,000","241,000","-165,000",0.0,0.0,0.0,0,0,0,-163,0,0,0,135,298,-163,"-165,163"
3095,及成,"1,000","1,000",0,0.0,0.0,0.0,0,0,0,0,0,0,0,0,0,0,0
3105,穩懋,"5,976,054","7,202,807","-1,226,753",0.0,0.0,0.0,"93,625",0,"93,625","-83,023","398,560","477,002","-78,442","161,585","166,166","-4,581","-1,216,151"
3114,好德,"87,000","161,000","-74,000",0.0,0.0,0.0,0,0,0,-368,0,0,0,"1,000","1,368",-368,"-74,368"
3115,富榮綱,0,"4,000","-4,000",0.0,0.0,0.0,0,0,0,1,1,0,1,0,0,0,"-3,999"
3118,進階,"1,000",0,"1,000",0.0,0.0,0.0,0,0,0,0,0,0,0,0,0,0,"1,000"
3122,笙泉,"25,000","28,000","-3,000",0.0,0.0,0.0,0,0,0,"-2,000",0,"2,000","-2,000",0,0,0,"-5,000"
3128,昇銳,"35,000","31,000","4,000",0.0,0.0,0.0,0,0,0,0,0,0,0,0,0,0,"4,000"
3131,弘塑,"394,660","319,037","75,623",0.0,0.0,0.0,0,"154,000","-154,000","-2,508","3,000","3,140",-140,"21,112","23,480","-2,368","-80,885"
3141,晶宏,"257,099","203,000","54,099",0.0,0.0,0.0,0,0,0,"-1,497",0,94,-94,"1,081","2,484","-1,403","52,602"
3147,大綜,"154,276","335,000","-180,724",0.0,0.0,0.0,0,0,0,"-14,403",0,0,0,"2,002","16,405","-14,403","-195,127"
3152,璟德,"46,604","48,000","-1,396",0.0,0.0,0.0,0,0,0,"-3,737",0,0,0,937,"4,674","-3,737","-5,133"
3162,精確,"288,226","257,000","31,226",0.0,0.0,0.0,0,0,0,"-15,538",0,"2,000","-2,000","5,000","18,538","-13,538","15,688"
3163,波若威,"2,648,612","3,229,054","-580,442",0.0,0.0,0.0,0,0,0,"23,305","77,000","51,000","26,000","123,738","126,433","-2,695","-557,137"
3169,亞信,"17,000","25,000","-8,000",0.0,0.0,0.0,0,0,0,"-6,881",0,0,0,374,"7,255","-6,881","-14,881"
3171,炎洲流通,"6,000","1,000","5,000",0.0,0.0,0.0,0,0,0,903,0,"1,000","-1,000","8,000","6,097","1,903","5,903"
3176,基亞,"42,000","39,000","3,000",0.0,0.0,0.0,0,0,0,0,0,0,0,0,0,0,"3,000"
3178,公準,"14,000","26,000","-12,000",0.0,0.0,0.0,0,0,0,"-2,120",0,"2,000","-2,000",0,120,-120,"-14,120"
3188,鑫龍騰,"44,000","8,000","36,000",0.0,0.0,0.0,0,0,0,-104,0,0,0,0,104,-104,"35,896"
3191,雲嘉南,"6,000","15,000","-9,000",0.0,0.0,0.0,0,0,0,"2,913","3,000",87,"2,913",0,0,0,"-6,087"
3205,佰研,"9,000","10,000","-1,000",0.0,0.0,0.0,0,0,0,1,0,0,0,1,0,1,-999
3206,志豐,"10,000","3,000","7,000",0.0,0.0,0.0,0,0,0,0,0,0,0,"2,000","2,000",0,"7,000"
3207,耀勝,"52,000","131,000","-79,000",0.0,0.0,0.0,0,0,0,"-3,697",0,0,0,1,"3,698","-3,697","-82,697"
3211,順達,"505,000","1,300,305","-795,305",0.0,0.0,0.0,"159,000","31,000","128,000","-50,832","35,000","53,285","-18,285","40,420","72,967","-32,547","-718,137"
3213,茂訊,"119,050","121,000","-1,950",0.0,0.0,0.0,0,0,0,"-7,400",0,"1,410","-1,410","2,946","8,936","-5,990","-9,350"
3217,優群,"114,046","125,000","-10,954",0.0,0.0,0.0,0,0,0,"-2,696",0,0,0,"2,225","4,921","-2,696","-13,650"
3218,大學光,"86,346","37,000","49,346",0.0,0.0,0.0,0,0,0,"-5,006",0,0,0,"12,895","17,901","-5,006","44,340"
3219,倚強科,"29,000","52,000","-23,000",0.0,0.0,0.0,0,0,0,"-5,010",0,10,-10,0,"5,000","-5,000","-28,010"
3221,台嘉碩,"1,560,447","1,026,000","534,447",0.0,0.0,0.0,0,0,0,-184,0,0,0,"16,198","16,382",-184,"534,263"
3224,三顧,"41,000","4,000","37,000",0.0,0.0,0.0,0,0,0,-664,0,0,0,336,"1,000",-664,"36,336"
3227,原相,"646,000","429,000","217,000",0.0,0.0,0.0,0,0,0,"-49,011",0,"6,000","-6,000","6,129","49,140","-43,011","167,989"
3228,金麗科,"34,000","48,000","-14,000",0.0,0.0,0.0,0,0,0,"-11,036","1,000",0,"1,000","1,263","13,299","-12,036","-25,036"
3230,錦明,"268,000","738,000","-470,000",0.0,0.0,0.0,0,0,0,380,0,0,0,"11,000","10,620",380,"-469,620"
3232,昱捷,"12,020","7,000","5,020",0.0,0.0,0.0,0,0,0,0,0,0,0,"5,000","5,000",0,"5,020"
3234,光環,"537,605","523,003","14,602",0.0,0.0,0.0,0,0,0,-581,0,0,0,"14,000","14,581",-581,"14,021"
3236,千如,"1,125,641","818,000","307,641",0.0,0.0,0.0,0,0,0,"-20,438",0,0,0,"3,437","23,875","-20,438","287,203"
3252,海灣,0,"1,000","-1,000",0.0,0.0,0.0,0,0,0,"1,000","1,000",0,"1,000",0,0,0,0
3259,鑫創,0,0,0,0.0,0.0,0.0,0,0,0,790,0,0,0,"1,149",359,790,790
3260,威剛,"3,183,202","3,073,655","109,547",0.0,0.0,0.0,0,0,0,"143,117","111,000","67,000","44,000","133,194","34,077","99,117","252,664"
3264,欣銓,"5,167,520","4,784,000","383,520",0.0,0.0,0.0,"153,023","1,599,000","-1,445,977","-189,740","12,000","155,000","-143,000","69,978","116,718","-46,740","-1,252,197"
3265,台星科,"183,242","258,226","-74,984",0.0,0.0,0.0,0,0,0,"3,292",0,40,-40,"17,379","14,047","3,332","-71,692"
3268,海德威,"56,000","22,000","34,000",0.0,0.0,0.0,0,0,0,141,0,0,0,141,0,141,"34,141"
3272,東碩,"5,000","2,000","3,000",0.0,0.0,0.0,0,0,0,30,0,0,0,"1,000",970,30,"3,030"
3276,宇環,"93,041","136,000","-42,959",0.0,0.0,0.0,0,0,0,-17,0,0,0,0,17,-17,"-42,976"
3284,太普高,"196,100","98,000","98,100",0.0,0.0,0.0,0,0,0,-26,0,0,0,"5,001","5,027",-26,"98,074"
3285,微端,"7,000","5,000","2,000",0.0,0.0,0.0,0,0,0,51,0,0,0,51,0,51,"2,051"
3287,廣寰科,"25,000","10,000","15,000",0.0,0.0,0.0,0,0,0,-40,0,0,0,0,40,-40,"14,960"
3288,點晶,0,"2,000","-2,000",0.0,0.0,0.0,0,0,0,0,0,0,0,0,0,0,"-2,000"
3289,宜特,"448,180","187,000","261,180",0.0,0.0,0.0,0,0,0,"12,311",0,0,0,"30,628","18,317","12,311","273,491"
3290,東浦,"169,073","267,000","-97,927",0.0,0.0,0.0,0,0,0,"-11,968",0,0,0,"11,000","22,968","-11,968","-109,895"
3293,鈊象,"354,343","305,273","49,070",0.0,0.0,0.0,0,0,0,-890,"2,000",0,"2,000","3,860","6,750","-2,890","48,180"
3294,英濟,"122,185","178,000","-55,815",0.0,0.0,0.0,0,0,0,"-14,254",0,0,0,"4,000","18,254","-14,254","-70,069"
3297,杭特,"55,020","17,000","38,020",0.0,0.0,0.0,0,0,0,176,0,0,0,"2,000","1,824",176,"38,196"
3303,岱稜,"37,000","143,000","-106,000",0.0,0.0,0.0,0,0,0,-946,0,0,0,0,946,-946,"-106,946"
3306,鼎天,"52,000","17,000","35,000",0.0,0.0,0.0,0,0,0,-33,0,0,0,0,33,-33,"34,967"
3310,佳穎,0,"1,000","-1,000",0.0,0.0,0.0,0,0,0,0,0,0,0,0,0,0,"-1,000"
3313,斐成,"7,000","3,000","4,000",0.0,0.0,0.0,0,0,0,"1,896","2,000",0,"2,000",0,104,-104,"5,896"
3317,尼克森,"351,191","443,510","-92,319",0.0,0.0,0.0,0,0,0,"-14,193",0,0,0,"7,000","21,193","-14,193","-106,512"
3322,建舜電,"42,002","188,000","-145,998",0.0,0.0,0.0,0,0,0,-70,0,0,0,0,70,-70,"-146,068"
3323,加百裕,"97,000","116,000","-19,000",0.0,0.0,0.0,0,0,0,"-4,270",0,0,0,0,"4,270","-4,270","-23,270"
3324,雙鴻,"2,175,625","1,330,287","845,338",0.0,0.0,0.0,0,0,0,"1,859","32,600","39,000","-6,400","143,474","135,215","8,259","847,197"
3325,旭品,"32,000","30,000","2,000",0.0,0.0,0.0,0,0,0,0,0,0,0,0,0,0,"2,000"
3332,幸康,0,"1,000","-1,000",0.0,0.0,0.0,0,0,0,0,0,0,0,0,0,0,"-1,000"
3339,泰谷,"118,000","158,000","-40,000",0.0,0.0,0.0,0,0,0,-249,0,0,0,"7,000","7,249",-249,"-40,249"
3349,寶德,"1,000","21,000","-20,000",0.0,0.0,0.0,0,0,0,0,0,0,0,0,0,0,"-20,000"
3354,律勝,"46,000","48,000","-2,000",0.0,0.0,0.0,0,0,0,0,0,0,0,0,0,0,"-2,000"
3357,臺慶科,"660,821","682,319","-21,498",0.0,0.0,0.0,"5,000",0,"5,000","7,038","6,000","3,681","2,319","23,729","19,010","4,719","-9,460"
3360,尚立,"438,000","419,000","19,000",0.0,0.0,0.0,0,0,0,528,0,0,0,"3,000","2,472",528,"19,528"
3362,先進光,"274,384","503,000","-228,616",0.0,0.0,0.0,0,0,0,"-8,213",0,0,0,"21,271","29,484","-8,213","-236,829"
3363,上詮,"2,720,101","2,446,944","273,157",0.0,0.0,0.0,0,0,0,"3,846","6,000","4,000","2,000","70,909","69,063","1,846","277,003"
3372,典範,"426,000","97,435","328,565",0.0,0.0,0.0,0,0,0,"-3,954",0,"4,000","-4,000","7,000","6,954",46,"324,611"
3373,熱映,"110,000","108,000","2,000",0.0,0.0,0.0,0,0,0,"-18,322",0,"18,000","-18,000",0,322,-322,"-16,322"
3374,精材,"5,592,139","5,918,383","-326,244",0.0,0.0,0.0,"1,000",0,"1,000","334,417","800,000","451,707","348,293","261,679","275,555","-13,876","9,173"
3379,彬台,"21,000","13,000","8,000",0.0,0.0,0.0,0,0,0,968,0,0,0,"1,000",32,968,"8,968"
3388,崇越電,"202,000","161,000","41,000",0.0,0.0,0.0,0,0,0,"-17,855",0,"18,315","-18,315","4,500","4,040",460,"23,145"
3390,旭軟,"30,390","81,016","-50,626",0.0,0.0,0.0,0,0,0,-97,0,0,0,0,97,-97,"-50,723"
3402,漢科,"115,419","472,000","-356,581",0.0,0.0,0.0,0,0,0,"1,492",0,0,0,"14,000","12,508","1,492","-355,089"
3430,奇鈦科,"54,000","88,000","-34,000",0.0,0.0,0.0,0,0,0,-687,0,0,0,"1,000","1,687",-687,"-34,687"
3434,哲固,"28,000","9,000","19,000",0.0,0.0,0.0,0,0,0,28,0,0,0,28,0,28,"19,028"
3438,類比科,"22,001","90,000","-67,999",0.0,0.0,0.0,0,0,0,-229,0,0,0,"4,156","4,385",-229,"-68,228"
3441,聯一光,"606,745","1,380,480","-773,735",0.0,0.0,0.0,0,0,0,325,0,0,0,"12,000","11,675",325,"-773,410"
3444,利機,"21,000","44,000","-23,000",0.0,0.0,0.0,0,0,0,-469,0,0,0,"3,000","3,469",-469,"-23,469"
3455,由田,"514,160","397,000","117,160",0.0,0.0,0.0,0,0,0,-64,0,0,0,"16,329","16,393",-64,"117,096"
3465,進泰電子,"13,000","12,000","1,000",0.0,0.0,0.0,0,0,0,0,0,0,0,0,0,0,"1,000"
3466,德晉,"24,000","16,000","8,000",0.0,0.0,0.0,0,0,0,136,0,0,0,"11,000","10,864",136,"8,136"
3467,台灣精材,"15,000","9,000","6,000",0.0,0.0,0.0,0,0,0,-556,0,0,0,444,"1,000",-556,"5,444"
3479,安勤,"589,251","988,300","-399,049",0.0,0.0,0.0,0,0,0,"-4,994",0,"8,000","-8,000","22,578","19,572","3,006","-404,043"
3483,力致,"55,680","90,441","-34,761",0.0,0.0,0.0,0,0,0,"-1,463",0,0,0,887,"2,350","-1,463","-36,224"
3484,崧騰,"83,051","54,000","29,051",0.0,0.0,0.0,0,0,0,240,"1,000",0,"1,000",253,"1,013",-760,"29,291"
3485,敘豐,"25,771","26,000",-229,0.0,0.0,0.0,0,0,0,-496,0,487,-487,0,9,-9,-725
3489,森寶,"27,200","32,000","-4,800",0.0,0.0,0.0,0,0,0,0,0,0,0,0,0,0,"-4,800"
3490,單井,"27,000","104,000","-77,000",0.0,0.0,0.0,0,0,0,407,0,0,0,"2,000","1,593",407,"-76,593"
3491,昇達科,"400,000","564,628","-164,628",0.0,0.0,0.0,0,0,0,98,"2,000","1,124",876,"37,488","38,266",-778,"-164,530"
3492,長盛,"2,000","2,000",0,0.0,0.0,0.0,0,0,0,0,0,0,0,0,0,0,0
3498,陽程,"274,287","338,449","-64,162",0.0,0.0,0.0,0,0,0,"-15,049",0,0,0,"6,000","21,049","-15,049","-79,211"
3499,環天科,"1,000","1,000",0,0.0,0.0,0.0,0,0,0,60,0,0,0,63,3,60,60
3508,位速,"19,000","18,000","1,000",0.0,0.0,0.0,0,0,0,1,1,0,1,0,0,0,"1,001"
3511,矽瑪,"45,000","101,000","-56,000",0.0,0.0,0.0,0,0,0,0,0,0,0,0,0,0,"-56,000"
3512,皇龍,"6,000","10,000","-4,000",0.0,0.0,0.0,0,0,0,0,0,0,0,"4,000","4,000",0,"-4,000"
3516,亞帝歐,"8,000","8,000",0,0.0,0.0,0.0,0,0,0,-873,0,0,0,127,"1,000",-873,-873
3520,華盈,"214,109","151,157","62,952",0.0,0.0,0.0,0,0,0,0,0,0,0,0,0,0,"62,952"
3521,台鋼建設,0,0,0,0.0,0.0,0.0,0,0,0,-142,0,0,0,0,142,-142,-142
3522,御嵿,"12,000","11,000","1,000",0.0,0.0,0.0,0,0,0,-59,0,0,0,0,59,-59,941
3523,迎輝,"16,000","13,000","3,000",0.0,0.0,0.0,0,0,0,0,0,0,0,0,0,0,"3,000"
3526,凡甲,"60,100","102,000","-41,900",0.0,0.0,0.0,0,0,0,"-6,638",0,"4,000","-4,000",773,"3,411","-2,638","-48,538"
3527,聚積,"36,000","33,000","3,000",0.0,0.0,0.0,0,0,0,-151,0,0,0,0,151,-151,"2,849"
3529,力旺,"406,653","391,811","14,842",0.0,0.0,0.0,"16,005","65,000","-48,995","-2,617","4,100","2,000","2,100","11,265","15,982","-4,717","-36,770"
3537,堡達,"133,000","206,228","-73,228",0.0,0.0,0.0,0,0,0,488,0,0,0,"6,000","5,512",488,"-72,740"
3540,曜越,"160,000","211,000","-51,000",0.0,0.0,0.0,0,0,0,"-140,360",0,"140,000","-140,000",0,360,-360,"-191,360"
3541,西柏,"1,000","1,000",0,0.0,0.0,0.0,0,0,0,0,0,0,0,0,0,0,0
3546,宇峻,"150,490","48,000","102,490",0.0,0.0,0.0,0,0,0,"5,800",0,0,0,"6,000",200,"5,800","108,290"
3548,兆利,"48,000","45,000","3,000",0.0,0.0,0.0,0,0,0,-681,0,0,0,"1,000","1,681",-681,"2,319"
3551,世禾,"55,000","246,000","-191,000",0.0,0.0,0.0,0,0,0,"-21,948",0,990,-990,"1,000","21,958","-20,958","-212,948"
3552,同致,"102,001","36,000","66,001",0.0,0.0,0.0,0,0,0,-702,0,0,0,298,"1,000",-702,"65,299"
3555,博士旺,"66,003","131,000","-64,997",0.0,0.0,0.0,0,0,0,"23,031",0,0,0,"27,000","3,969","23,031","-41,966"
3556,禾瑞亞,"135,753","103,000","32,753",0.0,0.0,0.0,0,0,0,703,0,0,0,"1,000",297,703,"33,456"
3558,神準,"55,000","26,000","29,000",0.0,0.0,0.0,0,0,0,-941,0,0,0,"3,013","3,954",-941,"28,059"
3564,其陽,"125,000","96,000","29,000",0.0,0.0,0.0,0,0,0,-102,0,0,0,"1,000","1,102",-102,"28,898"
3567,逸昌,"5,000","12,000","-7,000",0.0,0.0,0.0,0,0,0,0,0,0,0,0,0,0,"-7,000"
3570,大塚,"4,040","2,000","2,040",0.0,0.0,0.0,0,0,0,0,0,0,0,0,0,0,"2,040"
3577,泓格,"2,109,360","1,510,255","599,105",0.0,0.0,0.0,0,0,0,"14,521","9,000","24,250","-15,250","57,438","27,667","29,771","613,626"
3580,友威科,"70,601","140,000","-69,399",0.0,0.0,0.0,0,0,0,"-1,041",0,0,0,"1,447","2,488","-1,041","-70,440"
3581,博磊,"101,213","84,000","17,213",0.0,0.0,0.0,0,0,0,-106,0,0,0,100,206,-106,"17,107"
3587,閎康,"197,646","389,896","-192,250",0.0,0.0,0.0,0,0,0,"2,973","4,000","8,246","-4,246","26,622","19,403","7,219","-189,277"
3594,磐儀,"727,153","740,000","-12,847",0.0,0.0,0.0,0,0,0,"19,107",0,0,0,"25,094","5,987","19,107","6,260"
3597,映興,"2,000","4,000","-2,000",0.0,0.0,0.0,0,0,0,0,0,0,0,0,0,0,"-2,000"
3609,三一東林,"2,000","9,000","-7,000",0.0,0.0,0.0,0,0,0,0,0,0,0,0,0,0,"-7,000"
3611,鼎翰,"38,000","3,070","34,930",0.0,0.0,0.0,0,0,0,"-48,000",0,"48,000","-48,000",0,0,0,"-13,070"
3615,安可,"267,155","202,000","65,155",0.0,0.0,0.0,0,0,0,71,0,0,0,"8,000","7,929",71,"65,226"
3623,富晶通,"7,000","7,000",0,0.0,0.0,0.0,0,0,0,0,0,0,0,0,0,0,0
3624,光頡,"64,020","123,100","-59,080",0.0,0.0,0.0,0,"71,000","-71,000","-25,537","3,453",0,"3,453","6,000","34,990","-28,990","-155,617"
3625,西勝,"150,000","41,000","109,000",0.0,0.0,0.0,0,0,0,-456,0,0,0,0,456,-456,"108,544"
3628,盈正,"11,000","65,000","-54,000",0.0,0.0,0.0,0,0,0,-508,0,0,0,165,673,-508,"-54,508"
3630,新鉅科,"72,512","86,000","-13,488",0.0,0.0,0.0,0,0,0,"-3,551",0,0,0,0,"3,551","-3,551","-17,039"
3631,晟楠,0,"2,000","-2,000",0.0,0.0,0.0,0,0,0,0,0,0,0,0,0,0,"-2,000"
3646,艾恩特,0,"3,000","-3,000",0.0,0.0,0.0,0,0,0,0,0,0,0,0,0,0,"-3,000"
3663,鑫科,"101,000","185,025","-84,025",0.0,0.0,0.0,0,0,0,"-7,760",0,0,0,"2,000","9,760","-7,760","-91,785"
3672,康聯訊,"12,000","5,000","7,000",0.0,0.0,0.0,0,0,0,-927,0,0,0,73,"1,000",-927,"6,073"
3675,德微,"81,000","69,000","12,000",0.0,0.0,0.0,0,0,0,"-32,194",381,"25,160","-24,779",0,"7,415","-7,415","-20,194"
3680,家登,"298,455","518,130","-219,675",0.0,0.0,0.0,0,0,0,"-17,161","34,000","23,870","10,130","41,279","68,570","-27,291","-236,836"
3684,榮昌,"1,000","1,000",0,0.0,0.0,0.0,0,0,0,-89,0,0,0,0,89,-89,-89
3685,元創精密,"650,000","310,000","340,000",0.0,0.0,0.0,0,0,0,-155,0,0,0,"1,266","1,421",-155,"339,845"
3687,歐買尬,"20,000","26,000","-6,000",0.0,0.0,0.0,0,0,0,0,0,0,0,0,0,0,"-6,000"
3689,湧德,"113,205","217,000","-103,795",0.0,0.0,0.0,0,0,0,"-4,034",0,0,0,"8,000","12,034","-4,034","-107,829"
3691,碩禾,"237,006","140,000","97,006",0.0,0.0,0.0,0,0,0,"5,474","14,000","9,000","5,000","2,000","1,526",474,"102,480"
3693,營邦,"302,472","320,100","-17,628",0.0,0.0,0.0,0,"5,000","-5,000","24,098",0,0,0,"51,425","27,327","24,098","1,470"
3707,漢磊,"1,663,140","2,163,000","-499,860",0.0,0.0,0.0,0,0,0,"21,029","32,000",0,"32,000","49,637","60,608","-10,971","-478,831"
3709,鑫聯大投控,"158,658","277,540","-118,882",0.0,0.0,0.0,0,0,0,"-9,742","20,000","16,000","4,000",0,"13,742","-13,742","-128,624"
3710,連展投控,"1,000","32,000","-31,000",0.0,0.0,0.0,0,0,0,0,0,0,0,0,0,0,"-31,000"
3713,新晶投控,0,"1,000","-1,000",0.0,0.0,0.0,0,0,0,"1,139","1,000",0,"1,000",139,0,139,139
4102,永日,"12,000","10,000","2,000",0.0,0.0,0.0,0,0,0,0,0,0,0,0,0,0,"2,000"
4105,東洋,"430,056","159,742","270,314",0.0,0.0,0.0,0,0,0,"-14,000",0,"14,000","-14,000",0,0,0,"256,314"
4107,邦特,"25,000","1,000","24,000",0.0,0.0,0.0,0,0,0,-72,0,0,0,0,72,-72,"23,928"
4109,加捷生醫,"20,000","7,000","13,000",0.0,0.0,0.0,0,0,0,0,0,0,0,0,0,0,"13,000"
4111,濟生,0,"1,000","-1,000",0.0,0.0,0.0,0,0,0,0,0,0,0,0,0,0,"-1,000"
4113,聯上,"31,000","4,000","27,000",0.0,0.0,0.0,0,0,0,0,0,0,0,0,0,0,"27,000"
4114,健喬,"536,959","542,000","-5,041",0.0,0.0,0.0,0,0,0,-860,0,0,0,"4,000","4,860",-860,"-5,901"
4116,明基醫,"3,000","1,000","2,000",0.0,0.0,0.0,0,0,0,0,0,0,0,0,0,0,"2,000"
4120,友華,"2,000","14,000","-12,000",0.0,0.0,0.0,0,0,0,1,0,0,0,1,0,1,"-11,999"
4121,優盛,"2,000","17,000","-15,000",0.0,0.0,0.0,0,0,0,-585,0,0,0,0,585,-585,"-15,585"
4123,晟德,"271,000","314,000","-43,000",0.0,0.0,0.0,0,0,0,"7,763","10,000","2,136","7,864",0,101,-101,"-35,237"
4126,太醫,"6,000","18,000","-12,000",0.0,0.0,0.0,0,0,0,0,0,0,0,0,0,0,"-12,000"
4127,天良,"150,002","87,000","63,002",0.0,0.0,0.0,0,0,0,"-2,459",0,"2,000","-2,000",6,465,-459,"60,543"
4128,中天,"104,000","387,000","-283,000",0.0,0.0,0.0,0,0,0,"2,319","8,000","6,000","2,000","1,000",681,319,"-280,681"
4129,聯合,"36,000","11,000","25,000",0.0,0.0,0.0,0,0,0,"-5,312",0,"5,000","-5,000",0,312,-312,"19,688"
4138,曜亞,"1,000","1,000",0,0.0,0.0,0.0,0,0,0,0,0,0,0,0,0,0,0
4147,中裕,"230,000","289,154","-59,154",0.0,0.0,0.0,0,0,0,57,"3,000","2,898",102,0,45,-45,"-59,097"
4153,鈺緯,"4,000","1,000","3,000",0.0,0.0,0.0,0,0,0,0,0,0,0,0,0,0,"3,000"
4157,太景*-KY,"67,000","120,000","-53,000",0.0,0.0,0.0,0,0,0,680,0,0,0,"8,000","7,320",680,"-52,320"
4160,訊聯基因,"3,010","3,000",10,0.0,0.0,0.0,0,0,0,0,0,0,0,0,0,0,10
4161,聿新科,"2,000",0,"2,000",0.0,0.0,0.0,0,0,0,0,0,0,0,0,0,0,"2,000"
4162,智擎,"226,000","171,000","55,000",0.0,0.0,0.0,0,0,0,"-2,058",0,0,0,"1,000","3,058","-2,058","52,942"
4163,鐿鈦,"15,050","4,000","11,050",0.0,0.0,0.0,0,0,0,59,0,0,0,59,0,59,"11,109"
4166,友霖,"221,000","106,000","115,000",0.0,0.0,0.0,0,0,0,0,0,0,0,0,0,0,"115,000"
4167,松瑞藥,"206,301","169,223","37,078",0.0,0.0,0.0,0,0,0,"-2,743",0,0,0,"6,000","8,743","-2,743","34,335"
4168,醣聯,"5,000","15,000","-10,000",0.0,0.0,0.0,0,0,0,-395,0,0,0,0,395,-395,"-10,395"
4171,瑞基,"95,000","52,000","43,000",0.0,0.0,0.0,0,0,0,-3,0,0,0,0,3,-3,"42,997"
4173,久裕,"16,000",0,"16,000",0.0,0.0,0.0,0,0,0,-30,0,0,0,0,30,-30,"15,970"
4174,浩鼎,"56,000","47,000","9,000",0.0,0.0,0.0,0,0,0,0,0,0,0,0,0,0,"9,000"
4175,杏一,"1,000","3,000","-2,000",0.0,0.0,0.0,0,0,0,0,0,0,0,0,0,0,"-2,000"
4188,安克,0,"5,000","-5,000",0.0,0.0,0.0,0,0,0,610,0,0,0,"1,000",390,610,"-4,390"
4205,中華食,"1,000","10,000","-9,000",0.0,0.0,0.0,0,0,0,0,0,0,0,0,0,0,"-9,000"
4207,環泰,"8,001","3,031","4,970",0.0,0.0,0.0,0,0,0,0,0,0,0,0,0,0,"4,970"
4303,信立,"70,080","63,000","7,080",0.0,0.0,0.0,0,0,0,"-1,804",0,0,0,"1,664","3,468","-1,804","5,276"
4304,勝昱,0,"1,000","-1,000",0.0,0.0,0.0,0,0,0,0,0,0,0,0,0,0,"-1,000"
4401,東隆興,"3,000",0,"3,000",0.0,0.0,0.0,0,0,0,0,0,0,0,0,0,0,"3,000"
4402,郡都開發,0,"2,000","-2,000",0.0,0.0,0.0,0,0,0,7,0,0,0,7,0,7,"-1,993"
4416,三圓,"48,000","183,000","-135,000",0.0,0.0,0.0,0,0,0,0,0,0,0,0,0,0,"-135,000"
4417,金洲,"11,000","5,000","6,000",0.0,0.0,0.0,0,0,0,0,0,0,0,0,0,0,"6,000"
4420,光明,"1,000","1,000",0,0.0,0.0,0.0,0,0,0,0,0,0,0,"1,000","1,000",0,0
4430,耀億,0,"3,000","-3,000",0.0,0.0,0.0,0,0,0,0,0,0,0,0,0,0,"-3,000"
4432,銘旺實,"4,000","2,000","2,000",0.0,0.0,0.0,0,0,0,0,0,0,0,0,0,0,"2,000"
4433,興采,0,"1,000","-1,000",0.0,0.0,0.0,0,0,0,0,0,0,0,0,0,0,"-1,000"
4442,竣邦-KY,"231,000","37,000","194,000",0.0,0.0,0.0,0,0,0,"-4,000",0,"4,000","-4,000",0,0,0,"190,000"
4502,健信,"1,000",0,"1,000",0.0,0.0,0.0,0,0,0,0,0,0,0,0,0,0,"1,000"
4503,金雨,"31,200","50,000","-18,800",0.0,0.0,0.0,0,0,0,214,0,0,0,"1,000",786,214,"-18,586"
4506,崇友,"20,000","12,487","7,513",0.0,0.0,0.0,0,0,0,0,0,0,0,0,0,0,"7,513"
4510,高鋒,"167,000","78,000","89,000",0.0,0.0,0.0,0,0,0,"-11,871",0,0,0,"13,000","24,871","-11,871","77,129"
4513,福裕,"244,090","379,000","-134,910",0.0,0.0,0.0,0,0,0,-945,0,0,0,"1,000","1,945",-945,"-135,855"
4523,永彰,"45,000","21,000","24,000",0.0,0.0,0.0,0,0,0,778,0,0,0,"1,000",222,778,"24,778"
4527,方土霖,"1,000","2,000","-1,000",0.0,0.0,0.0,0,0,0,0,0,0,0,0,0,0,"-1,000"
4528,江興鍛,"1,000","1,000",0,0.0,0.0,0.0,0,0,0,-45,0,0,0,0,45,-45,-45
4533,協易機,"131,000","80,000","51,000",0.0,0.0,0.0,0,0,0,"-9,337",0,0,0,0,"9,337","-9,337","41,663"
4534,慶騰,"1,421,330","732,344","688,986",0.0,0.0,0.0,0,0,0,-396,0,0,0,"2,263","2,659",-396,"688,590"
4535,至興,0,"1,000","-1,000",0.0,0.0,0.0,0,0,0,0,0,0,0,0,0,0,"-1,000"
4538,大詠城,"3,000",0,"3,000",0.0,0.0,0.0,0,0,0,0,0,0,0,0,0,0,"3,000"
4541,晟田,"5,429,500","5,383,390","46,110",0.0,0.0,0.0,0,0,0,"13,843","8,000",0,"8,000","27,243","21,400","5,843","59,953"
4542,科嶠,"3,000","14,000","-11,000",0.0,0.0,0.0,0,0,0,"-5,035",0,0,0,0,"5,035","-5,035","-16,035"
4543,萬在,"20,000","25,030","-5,030",0.0,0.0,0.0,0,0,0,0,0,0,0,0,0,0,"-5,030"
4549,桓達,"38,000","7,000","31,000",0.0,0.0,0.0,0,0,0,0,0,0,0,0,0,0,"31,000"
4554,橙的,"1,000","5,000","-4,000",0.0,0.0,0.0,0,0,0,0,0,0,0,0,0,0,"-4,000"
4556,旭然,"4,000","5,000","-1,000",0.0,0.0,0.0,0,0,0,"-14,000",0,0,0,0,"14,000","-14,000","-15,000"
4558,寶緯,"8,000",0,"8,000",0.0,0.0,0.0,0,0,0,0,0,0,0,0,0,0,"8,000"
4561,健椿,"12,000","42,000","-30,000",0.0,0.0,0.0,0,0,0,0,0,0,0,0,0,0,"-30,000"
4563,百德,"28,000","11,000","17,000",0.0,0.0,0.0,0,0,0,"-2,309",0,0,0,0,"2,309","-2,309","14,691"
4568,科際精密,"1,000","1,000",0,0.0,0.0,0.0,0,0,0,0,0,0,0,0,0,0,0
4577,達航科技,"75,015","116,000","-40,985",0.0,0.0,0.0,0,0,0,"-4,881",0,0,0,"2,229","7,110","-4,881","-45,866"
4580,捷流閥業,0,"3,000","-3,000",0.0,0.0,0.0,0,0,0,0,0,0,0,0,0,0,"-3,000"
4702,中美實,0,"16,000","-16,000",0.0,0.0,0.0,0,0,0,305,0,0,0,"1,000",695,305,"-15,695"
4706,大恭,"1,000","1,000",0,0.0,0.0,0.0,0,0,0,0,0,0,0,0,0,0,0
4707,磐亞,"2,246,648","1,361,000","885,648",0.0,0.0,0.0,0,0,0,"23,297",0,0,0,"85,226","61,929","23,297","908,945"
4711,永純,"7,000","16,000","-9,000",0.0,0.0,0.0,0,0,0,"-2,000",0,"2,000","-2,000",0,0,0,"-11,000"
4714,永捷,"118,000","393,000","-275,000",0.0,0.0,0.0,0,0,0,-121,0,0,0,"10,000","10,121",-121,"-275,121"
4716,大立,"159,179","468,000","-308,821",0.0,0.0,0.0,0,0,0,-1,0,0,0,0,1,-1,"-308,822"
4721,美琪瑪,"50,056","109,000","-58,944",0.0,0.0,0.0,0,0,0,"-14,013",0,0,0,"2,029","16,042","-14,013","-72,957"
4726,永昕,"21,000",0,"21,000",0.0,0.0,0.0,0,0,0,-84,0,0,0,0,84,-84,"20,916"
4728,雙美,0,"3,000","-3,000",0.0,0.0,0.0,0,0,0,0,0,0,0,0,0,0,"-3,000"
4729,熒茂,"16,000","126,000","-110,000",0.0,0.0,0.0,0,0,0,-278,0,0,0,"13,000","13,278",-278,"-110,278"
4741,泓瀚,"37,000","78,000","-41,000",0.0,0.0,0.0,0,0,0,"7,069","9,000","2,000","7,000","1,000",931,69,"-33,931"
4743,合一,"233,020","1,913,300","-1,680,280",0.0,0.0,0.0,0,0,0,"-2,352","8,000","10,000","-2,000","67,000","67,352",-352,"-1,682,632"
4744,皇將,"6,000","72,000","-66,000",0.0,0.0,0.0,0,0,0,0,0,0,0,0,0,0,"-66,000"
4745,合富-KY,"8,000","2,000","6,000",0.0,0.0,0.0,0,0,0,-176,0,0,0,0,176,-176,"5,824"
4749,新應材,"196,141","169,000","27,141",0.0,0.0,0.0,0,0,0,"-22,083","18,690","12,000","6,690","71,100","99,873","-28,773","5,058"
4754,國碳科,"1,000","2,000","-1,000",0.0,0.0,0.0,0,0,0,0,0,0,0,0,0,0,"-1,000"
4760,勤凱,"118,248","132,000","-13,752",0.0,0.0,0.0,0,0,0,"3,199","2,000",0,"2,000","7,889","6,690","1,199","-10,553"
4767,誠泰科技,"1,000","2,000","-1,000",0.0,0.0,0.0,0,0,0,0,0,0,0,0,0,0,"-1,000"
4768,晶呈科技,"222,000","333,000","-111,000",0.0,0.0,0.0,0,0,0,"2,775",0,0,0,"7,383","4,608","2,775","-108,225"
4772,台特化,"123,000","176,020","-53,020",0.0,0.0,0.0,0,0,0,"-23,348",0,0,0,"4,001","27,349","-23,348","-76,368"
4903,聯光通,"991,000","1,588,000","-597,000",0.0,0.0,0.0,0,0,0,0,0,0,0,0,0,0,"-597,000"
4905,台聯電,"1,000","2,000","-1,000",0.0,0.0,0.0,0,0,0,0,0,0,0,0,0,0,"-1,000"
4907,富宇,"11,000","7,000","4,000",0.0,0.0,0.0,0,0,0,0,0,0,0,0,0,0,"4,000"
4908,前鼎,"619,701","1,027,000","-407,299",0.0,0.0,0.0,0,0,0,"38,267","32,000","26,000","6,000","50,788","18,521","32,267","-369,032"
4909,新復興,"109,000","82,000","27,000",0.0,0.0,0.0,0,0,0,"-3,950",0,0,0,"1,000","4,950","-3,950","23,050"
4911,德英,"3,000","14,000","-11,000",0.0,0.0,0.0,0,0,0,0,0,0,0,0,0,0,"-11,000"
4923,力士,"57,000","72,000","-15,000",0.0,0.0,0.0,0,0,0,-300,0,0,0,"1,000","1,300",-300,"-15,300"
4924,欣厚-KY,"2,000","1,000","1,000",0.0,0.0,0.0,0,0,0,0,0,0,0,0,0,0,"1,000"
4931,新盛力,"520,000","448,000","72,000",0.0,0.0,0.0,0,0,0,"-39,811",0,0,0,"25,345","65,156","-39,811","32,189"
4933,友輝,"12,050","22,000","-9,950",0.0,0.0,0.0,0,0,0,667,0,0,0,667,0,667,"-9,283"
4939,亞電,"6,703,318","7,970,928","-1,267,610",0.0,0.0,0.0,0,0,0,"-135,926","1,300","7,000","-5,700","63,000","193,226","-130,226","-1,403,536"
4946,辣椒,"12,000","6,000","6,000",0.0,0.0,0.0,0,0,0,0,0,0,0,0,0,0,"6,000"
4951,精拓科,"90,000","163,000","-73,000",0.0,0.0,0.0,0,0,0,175,0,0,0,"1,328","1,153",175,"-72,825"
4953,緯軟,"131,449","118,087","13,362",0.0,0.0,0.0,0,0,0,412,0,0,0,"1,412","1,000",412,"13,774"
4966,譜瑞-KY,"257,427","211,780","45,647",0.0,0.0,0.0,0,"7,000","-7,000","4,844","8,000","2,404","5,596","20,403","21,155",-752,"43,491"
4971,IET-KY,"541,025","636,523","-95,498",0.0,0.0,0.0,0,0,0,"8,220","4,000",0,"4,000","20,800","16,580","4,220","-87,278"
4972,湯石照明,"1,000","2,000","-1,000",0.0,0.0,0.0,0,0,0,-173,0,0,0,0,173,-173,"-1,173"
4973,廣穎,"414,100","413,000","1,100",0.0,0.0,0.0,0,0,0,"1,578",0,0,0,"4,020","2,442","1,578","2,678"
4974,亞泰,"35,344","25,000","10,344",0.0,0.0,0.0,0,0,0,-33,0,0,0,393,426,-33,"10,311"
4979,華星光,"6,904,250","6,150,150","754,100",0.0,0.0,0.0,"2,356,000",0,"2,356,000","4,721","2,000","2,000",0,"265,541","260,820","4,721","3,114,821"
4991,環宇-KY,"3,408,824","4,673,750","-1,264,926",0.0,0.0,0.0,0,0,0,"-21,178","50,000","42,000","8,000","138,193","167,371","-29,178","-1,286,104"
4995,晶達,"81,000","137,000","-56,000",0.0,0.0,0.0,0,0,0,"1,000","1,000",0,"1,000",0,0,0,"-55,000"
5009,榮剛,"355,000","768,000","-413,000",0.0,0.0,0.0,0,0,0,"-320,685","2,000","217,000","-215,000",728,"106,413","-105,685","-733,685"
5011,久陽,"45,000","97,000","-52,000",0.0,0.0,0.0,0,0,0,0,0,0,0,0,0,0,"-52,000"
5013,強新,"5,000","1,000","4,000",0.0,0.0,0.0,0,0,0,0,0,0,0,"10,000","10,000",0,"4,000"
5014,建錩,"96,000","5,000","91,000",0.0,0.0,0.0,0,0,0,0,0,0,0,0,0,0,"91,000"
5015,華祺,"7,000","2,000","5,000",0.0,0.0,0.0,0,0,0,0,0,0,0,0,0,0,"5,000"
5016,松和,"5,000","1,000","4,000",0.0,0.0,0.0,0,0,0,0,0,0,0,0,0,0,"4,000"
5201,凱衛,"19,000","4,000","15,000",0.0,0.0,0.0,0,0,0,0,0,0,0,0,0,0,"15,000"
5202,力新,"67,000","31,000","36,000",0.0,0.0,0.0,0,0,0,-833,0,0,0,0,833,-833,"35,167"
5206,坤悅,"1,000","11,000","-10,000",0.0,0.0,0.0,0,0,0,903,0,0,0,"1,000",97,903,"-9,097"
5209,新鼎,"7,000","9,000","-2,000",0.0,0.0,0.0,0,0,0,"-5,000",0,"5,000","-5,000",0,0,0,"-7,000"
5210,寶碩,"46,000","98,000","-52,000",0.0,0.0,0.0,0,0,0,0,0,0,0,0,0,0,"-52,000"
5211,蒙恬,0,"6,000","-6,000",0.0,0.0,0.0,0,0,0,-97,0,0,0,0,97,-97,"-6,097"
5212,凌網,0,"4,000","-4,000",0.0,0.0,0.0,0,0,0,0,0,0,0,0,0,0,"-4,000"
5213,亞昕,"59,000","31,000","28,000",0.0,0.0,0.0,0,0,0,58,0,0,0,"2,000","1,942",58,"28,058"
5220,萬達光電,"6,000",0,"6,000",0.0,0.0,0.0,0,0,0,0,0,0,0,0,0,0,"6,000"
5223,安力-KY,"9,000","2,000","7,000",0.0,0.0,0.0,0,0,0,0,0,0,0,0,0,0,"7,000"
5227,立凱-KY,"705,000","81,000","624,000",0.0,0.0,0.0,0,0,0,"-37,288",0,"37,000","-37,000",0,288,-288,"586,712"
5228,鈺鎧,"110,000","73,000","37,000",0.0,0.0,0.0,0,0,0,209,0,0,0,"3,000","2,791",209,"37,209"
5230,雷笛克光學,"23,000","68,007","-45,007",0.0,0.0,0.0,0,0,0,-20,0,0,0,0,20,-20,"-45,027"
5245,智晶,"7,000","18,000","-11,000",0.0,0.0,0.0,0,0,0,0,0,0,0,0,0,0,"-11,000"
5251,天鉞電,"25,020","17,000","8,020",0.0,0.0,0.0,0,0,0,-477,0,0,0,"3,000","3,477",-477,"7,543"
5263,智崴,"26,000","51,000","-25,000",0.0,0.0,0.0,0,0,0,-554,0,0,0,22,576,-554,"-25,554"
5272,笙科,"21,000","29,000","-8,000",0.0,0.0,0.0,0,0,0,-373,0,0,0,0,373,-373,"-8,373"
5274,信驊,"121,802","244,277","-122,475",0.0,0.0,0.0,"68,013","15,000","53,013","-2,448",0,"1,050","-1,050","4,620","6,018","-1,398","-71,910"
5278,尚凡*,"48,000","10,000","38,000",0.0,0.0,0.0,0,0,0,"-1,981",0,0,0,19,"2,000","-1,981","36,019"
5287,數字,"22,146","24,624","-2,478",0.0,0.0,0.0,0,0,0,0,0,0,0,0,0,0,"-2,478"
5289,宜鼎,"474,380","1,071,010","-596,630",0.0,0.0,0.0,0,0,0,"17,138","8,000",0,"8,000","77,829","68,691","9,138","-579,492"
5291,邑昇,"72,090","153,000","-80,910",0.0,0.0,0.0,0,0,0,"-1,062",0,0,0,"1,490","2,552","-1,062","-81,972"
5299,杰力,"72,114","118,075","-45,961",0.0,0.0,0.0,0,0,0,"1,821",0,0,0,"2,925","1,104","1,821","-44,140"
5302,太欣,"205,000","144,000","61,000",0.0,0.0,0.0,0,0,0,253,0,0,0,"1,000",747,253,"61,253"
5309,系統電,"231,180","450,000","-218,820",0.0,0.0,0.0,0,0,0,"-42,537","2,000",0,"2,000","10,000","54,537","-44,537","-261,357"
5310,天剛,0,"1,000","-1,000",0.0,0.0,0.0,0,0,0,0,0,0,0,0,0,0,"-1,000"
5312,寶島科,"122,050","65,000","57,050",0.0,0.0,0.0,0,0,0,0,0,0,0,0,0,0,"57,050"
5314,世紀*,"480,180","618,000","-137,820",0.0,0.0,0.0,0,0,0,"-36,702",0,0,0,"6,746","43,448","-36,702","-174,522"
5315,光聯,"161,000","73,000","88,000",0.0,0.0,0.0,0,0,0,0,0,0,0,0,0,0,"88,000"
5321,美而快,"335,000","262,000","73,000",0.0,0.0,0.0,0,0,0,33,0,0,0,"1,033","1,000",33,"73,033"
5324,士開,"16,000","23,000","-7,000",0.0,0.0,0.0,0,0,0,-1,0,0,0,0,1,-1,"-7,001"
5328,華容,"4,053,504","4,936,253","-882,749",0.0,0.0,0.0,0,0,0,"-61,773",0,0,0,"9,460","71,233","-61,773","-944,522"
5340,建榮,"169,206","254,002","-84,796",0.0,0.0,0.0,0,0,0,"-9,284",0,0,0,"3,000","12,284","-9,284","-94,080"
5345,馥鴻,"3,000","17,000","-14,000",0.0,0.0,0.0,0,0,0,31,0,0,0,"1,031","1,000",31,"-13,969"
5347,世界,"7,007,265","9,318,705","-2,311,440",0.0,0.0,0.0,"596,694","811,000","-214,306","-50,746","14,000","46,000","-32,000","375,095","393,841","-18,746","-2,576,492"
5351,鈺創,"3,475,000","5,711,000","-2,236,000",0.0,0.0,0.0,0,0,0,772,"1,000",0,"1,000","37,271","37,499",-228,"-2,235,228"
5353,台林,"16,000","3,000","13,000",0.0,0.0,0.0,0,0,0,"1,235",0,0,0,"8,235","7,000","1,235","14,235"
5356,協益,"1,000","10,000","-9,000",0.0,0.0,0.0,0,0,0,188,0,0,0,"1,000",812,188,"-8,812"
5364,力麗店,0,0,0,0.0,0.0,0.0,0,0,0,195,0,0,0,195,0,195,195
5371,中光電,"6,375,246","5,882,000","493,246",0.0,0.0,0.0,0,0,0,"-137,403","76,000","293,820","-217,820","203,056","122,639","80,417","355,843"
5381,光譜,"126,000","150,000","-24,000",0.0,0.0,0.0,0,0,0,0,0,0,0,0,0,0,"-24,000"
5386,青雲,"294,545","453,000","-158,455",0.0,0.0,0.0,0,0,0,"-2,736",0,"1,161","-1,161","19,875","21,450","-1,575","-161,191"
5392,能率,"206,000","210,000","-4,000",0.0,0.0,0.0,0,0,0,"-7,700",0,0,0,443,"8,143","-7,700","-11,700"
5398,慕康生醫,"2,000",0,"2,000",0.0,0.0,0.0,0,0,0,0,0,0,0,0,0,0,"2,000"
5403,中菲,"36,190","10,044","26,146",0.0,0.0,0.0,0,0,0,0,0,0,0,0,0,0,"26,146"
5410,國眾,"28,000","127,000","-99,000",0.0,0.0,0.0,0,0,0,701,0,0,0,"5,000","4,299",701,"-98,299"
5425,台半,"1,398,931","1,357,000","41,931",0.0,0.0,0.0,0,0,0,"25,761","49,105","36,000","13,105","122,044","109,388","12,656","67,692"
5426,振發,"203,020","198,000","5,020",0.0,0.0,0.0,0,0,0,-567,0,0,0,0,567,-567,"4,453"
5432,新門,"22,118","21,000","1,118",0.0,0.0,0.0,0,0,0,-51,0,0,0,0,51,-51,"1,067"
5438,東友,"2,000","17,000","-15,000",0.0,0.0,0.0,0,0,0,0,0,0,0,0,0,0,"-15,000"
5439,高技,"448,000","597,999","-149,999",0.0,0.0,0.0,0,"196,000","-196,000","-78,067","4,000","71,000","-67,000","26,009","37,076","-11,067","-424,066"
5443,均豪,"317,249","661,100","-343,851",0.0,0.0,0.0,0,0,0,"-35,626",0,0,0,"12,452","48,078","-35,626","-379,477"
5450,南良,"23,060","83,000","-59,940",0.0,0.0,0.0,0,0,0,-405,0,0,0,0,405,-405,"-60,345"
5452,佶優,"121,289","154,000","-32,711",0.0,0.0,0.0,0,0,0,-215,0,0,0,"4,000","4,215",-215,"-32,926"
5455,昇益,"1,000",0,"1,000",0.0,0.0,0.0,0,0,0,17,0,0,0,17,0,17,"1,017"
5457,宣德,"78,000","211,000","-133,000",0.0,0.0,0.0,0,0,0,"-1,246",0,0,0,"2,000","3,246","-1,246","-134,246"
5460,同協,"26,000","6,000","20,000",0.0,0.0,0.0,0,0,0,-261,0,0,0,0,261,-261,"19,739"
5464,霖宏,"71,301","72,000",-699,0.0,0.0,0.0,0,0,0,627,0,0,0,"1,000",373,627,-72
5465,富驊,"17,000","4,000","13,000",0.0,0.0,0.0,0,0,0,0,0,0,0,0,0,0,"13,000"
5468,凱鈺,"35,000","21,000","14,000",0.0,0.0,0.0,0,0,0,-90,0,0,0,0,90,-90,"13,910"
5474,聰泰,"61,000","44,000","17,000",0.0,0.0,0.0,0,0,0,"-2,349",0,0,0,"4,192","6,541","-2,349","14,651"
5475,德宏,"1,209,199","557,000","652,199",0.0,0.0,0.0,0,0,0,-171,0,0,0,"24,823","24,994",-171,"652,028"
5478,智冠,"15,040","16,000",-960,0.0,0.0,0.0,0,0,0,"-1,262",0,0,0,0,"1,262","-1,262","-2,222"
5481,新華,"10,000","42,000","-32,000",0.0,0.0,0.0,0,0,0,0,0,0,0,0,0,0,"-32,000"
5483,中美晶,"8,555,774","9,944,432","-1,388,658",0.0,0.0,0.0,"2,086,425","20,000","2,066,425","-52,240","501,000","488,353","12,647","254,385","319,272","-64,887","625,527"
5487,通泰,"14,000","21,000","-7,000",0.0,0.0,0.0,0,0,0,0,0,0,0,0,0,0,"-7,000"
5488,松普,"540,000","436,000","104,000",0.0,0.0,0.0,0,0,0,-291,0,0,0,"5,000","5,291",-291,"103,709"
5489,彩富,"47,000","33,000","14,000",0.0,0.0,0.0,0,0,0,"-3,000",0,0,0,0,"3,000","-3,000","11,000"
5490,同亨,"270,222","438,070","-167,848",0.0,0.0,0.0,0,0,0,"2,945","3,000",0,"3,000","2,000","2,055",-55,"-164,903"
5493,三聯,"26,000","18,000","8,000",0.0,0.0,0.0,0,0,0,670,0,0,0,670,0,670,"8,670"
5498,凱崴,"544,500","484,100","60,400",0.0,0.0,0.0,0,0,0,"-26,605",0,0,0,"2,588","29,193","-26,605","33,795"
5508,永信建,"161,000","284,000","-123,000",0.0,0.0,0.0,0,0,0,"-4,095",0,0,0,"1,000","5,095","-4,095","-127,095"
5511,德昌,"94,000","102,000","-8,000",0.0,0.0,0.0,0,0,0,0,0,0,0,0,0,0,"-8,000"
5512,力麒,"162,057","159,000","3,057",0.0,0.0,0.0,0,0,0,"2,271",0,0,0,"2,271",0,"2,271","5,328"
5514,三豐,"156,000","147,000","9,000",0.0,0.0,0.0,0,0,0,0,0,0,0,0,0,0,"9,000"
5516,雙喜,"2,000",0,"2,000",0.0,0.0,0.0,0,0,0,0,0,0,0,0,0,0,"2,000"
5523,豐謙,"1,000","14,000","-13,000",0.0,0.0,0.0,0,0,0,0,0,0,0,0,0,0,"-13,000"
5529,鉅陞,"1,000","1,000",0,0.0,0.0,0.0,0,0,0,0,0,0,0,0,0,0,0
5530,龍巖,"275,050","100,000","175,050",0.0,0.0,0.0,0,0,0,0,0,0,0,0,0,0,"175,050"
5536,聖暉*,"467,087","416,626","50,461",0.0,0.0,0.0,"1,012","65,000","-63,988","1,765","1,000",20,980,"27,589","26,804",785,"-11,762"
5548,安倉,"3,000","1,000","2,000",0.0,0.0,0.0,0,0,0,0,0,0,0,0,0,0,"2,000"
5603,陸海,"3,000","2,000","1,000",0.0,0.0,0.0,0,0,0,-31,0,0,0,0,31,-31,969
5604,中連,"8,000",0,"8,000",0.0,0.0,0.0,0,0,0,0,0,0,0,0,0,0,"8,000"
5609,中菲行,"61,671","8,000","53,671",0.0,0.0,0.0,0,0,0,0,0,0,0,0,0,0,"53,671"
5701,劍湖山,"22,000","9,000","13,000",0.0,0.0,0.0,0,0,0,0,0,0,0,0,0,0,"13,000"
5704,老爺知,"9,000",0,"9,000",0.0,0.0,0.0,0,0,0,0,0,0,0,0,0,0,"9,000"
5864,致和證,"330,140","706,000","-375,860",0.0,0.0,0.0,0,0,0,0,0,0,0,0,0,0,"-375,860"
5902,德記,0,"1,000","-1,000",0.0,0.0,0.0,0,0,0,0,0,0,0,0,0,0,"-1,000"
5903,全家,"11,000","4,000","7,000",0.0,0.0,0.0,0,0,0,0,0,0,0,0,0,0,"7,000"
5904,寶雅,"89,778","188,140","-98,362",0.0,0.0,0.0,0,0,0,"3,763",0,"1,600","-1,600","11,335","5,972","5,363","-94,599"
5905,南仁湖,"18,250","40,000","-21,750",0.0,0.0,0.0,0,0,0,120,0,0,0,"3,000","2,880",120,"-21,630"
6015,宏遠證,"491,000","734,000","-243,000",0.0,0.0,0.0,0,0,0,0,0,0,0,0,0,0,"-243,000"
6016,康和證,"948,000","2,846,170","-1,898,170",0.0,0.0,0.0,0,0,0,0,0,0,0,0,0,0,"-1,898,170"
6020,大展證,"1,000","7,000","-6,000",0.0,0.0,0.0,0,0,0,0,0,0,0,0,0,0,"-6,000"
6021,美好證,"22,000","42,000","-20,000",0.0,0.0,0.0,0,0,0,0,0,0,0,0,0,0,"-20,000"
6023,元大期,"128,450","211,028","-82,578",0.0,0.0,0.0,0,0,0,0,0,0,0,0,0,0,"-82,578"
6026,福邦證,"151,000","306,001","-155,001",0.0,0.0,0.0,0,0,0,0,0,0,0,0,0,0,"-155,001"
6101,寬魚國際,"91,000","168,000","-77,000",0.0,0.0,0.0,0,0,0,"-1,000",0,0,0,"1,000","2,000","-1,000","-78,000"
6104,創惟,"228,000","149,000","79,000",0.0,0.0,0.0,0,0,0,"-2,733",0,0,0,"2,379","5,112","-2,733","76,267"
6109,亞元,"16,000","43,000","-27,000",0.0,0.0,0.0,0,0,0,0,0,0,0,0,0,0,"-27,000"
6111,光聚晶電,"62,501","24,000","38,501",0.0,0.0,0.0,0,0,0,"-1,045",0,0,0,0,"1,045","-1,045","37,456"
6113,亞矽,"32,000","31,000","1,000",0.0,0.0,0.0,0,0,0,-162,0,0,0,0,162,-162,838
6114,久威,"1,000","1,000",0,0.0,0.0,0.0,0,0,0,0,0,0,0,0,0,0,0
6118,建達,"37,000","77,000","-40,000",0.0,0.0,0.0,0,0,0,0,0,0,0,0,0,0,"-40,000"
6121,新普,"338,569","204,197","134,372",0.0,0.0,0.0,0,0,0,529,470,"2,000","-1,530","2,844",785,"2,059","134,901"
6122,擎邦,"20,000","137,000","-117,000",0.0,0.0,0.0,0,0,0,-350,0,0,0,"3,000","3,350",-350,"-117,350"
6123,上奇,"3,000","3,000",0,0.0,0.0,0.0,0,0,0,-39,0,0,0,0,39,-39,-39
6124,業強,"5,020","3,000","2,020",0.0,0.0,0.0,0,0,0,0,0,0,0,0,0,0,"2,020"
6125,廣運,"115,024","247,000","-131,976",0.0,0.0,0.0,0,0,0,"-9,091",0,0,0,"7,090","16,181","-9,091","-141,067"
6126,信音,"53,000","212,000","-159,000",0.0,0.0,0.0,0,0,0,"-1,626",0,0,0,0,"1,626","-1,626","-160,626"
6127,九豪,"974,914","575,000","399,914",0.0,0.0,0.0,0,0,0,"-20,161",0,0,0,"12,142","32,303","-20,161","379,753"
6129,普誠,"53,000","238,000","-185,000",0.0,0.0,0.0,0,0,0,-461,0,0,0,"2,000","2,461",-461,"-185,461"
6130,上亞科技,"27,000","23,000","4,000",0.0,0.0,0.0,0,0,0,0,0,0,0,0,0,0,"4,000"
6134,萬旭,"76,400","82,000","-5,600",0.0,0.0,0.0,0,0,0,"3,752",0,0,0,"4,248",496,"3,752","-1,848"
6138,茂達,"350,601","825,000","-474,399",0.0,0.0,0.0,0,0,0,"4,769",0,124,-124,"15,657","10,764","4,893","-469,630"
6140,訊達,"9,000","5,000","4,000",0.0,0.0,0.0,0,0,0,-26,0,0,0,0,26,-26,"3,974"
6143,振曜,"125,000","178,250","-53,250",0.0,0.0,0.0,0,0,0,"-1,313",0,0,0,"1,000","2,313","-1,313","-54,563"
6146,耕興,"30,141","69,000","-38,859",0.0,0.0,0.0,0,0,0,"-5,561",0,"5,000","-5,000",0,561,-561,"-44,420"
6147,頎邦,"1,226,410","63,457","1,162,953",0.0,0.0,0.0,"4,241",0,"4,241","-89,273","140,000",0,"140,000","4,000","233,273","-229,273","1,077,921"
6148,驊宏資,"44,000","63,002","-19,002",0.0,0.0,0.0,0,0,0,-113,0,0,0,"2,000","2,113",-113,"-19,115"
6150,撼訊,"61,000","58,000","3,000",0.0,0.0,0.0,0,0,0,"-4,854",0,0,0,"10,377","15,231","-4,854","-1,854"
6151,晉倫,"21,000","21,002",-2,0.0,0.0,0.0,0,0,0,-79,0,0,0,0,79,-79,-81
6154,順發,0,"1,000","-1,000",0.0,0.0,0.0,0,0,0,0,0,0,0,0,0,0,"-1,000"
6156,松上,"561,000","313,000","248,000",0.0,0.0,0.0,0,0,0,"-9,974",0,0,0,2,"9,976","-9,974","238,026"
6158,禾昌,0,"1,000","-1,000",0.0,0.0,0.0,0,0,0,0,0,0,0,0,0,0,"-1,000"
6160,欣技,"1,000","13,000","-12,000",0.0,0.0,0.0,0,0,0,0,0,0,0,0,0,0,"-12,000"
6161,捷波,"29,000","30,000","-1,000",0.0,0.0,0.0,0,0,0,"-2,720",0,"3,000","-3,000",379,99,280,"-3,720"
6163,華電網,"288,000","2,353,000","-2,065,000",0.0,0.0,0.0,0,0,0,"-197,734",0,0,0,"11,000","208,734","-197,734","-2,262,734"
6167,久正,"166,000","67,000","99,000",0.0,0.0,0.0,0,0,0,0,0,0,0,"5,000","5,000",0,"99,000"
6169,昱泉,0,"5,000","-5,000",0.0,0.0,0.0,0,0,0,-15,0,0,0,0,15,-15,"-5,015"
6170,統振,"115,000","44,000","71,000",0.0,0.0,0.0,0,0,0,490,0,0,0,"2,000","1,510",490,"71,490"
6173,信昌電,"320,000","165,000","155,000",0.0,0.0,0.0,0,0,0,"23,636","70,533","28,000","42,533","33,095","51,992","-18,897","178,636"
6174,安碁,"882,090","909,000","-26,910",0.0,0.0,0.0,0,0,0,"-4,218",0,"4,209","-4,209",0,9,-9,"-31,128"
6175,立敦,"527,157","424,000","103,157",0.0,0.0,0.0,0,0,0,"-43,601",0,0,0,"9,458","53,059","-43,601","59,556"
6179,亞通,"129,000","215,298","-86,298",0.0,0.0,0.0,0,0,0,"-2,479",0,0,0,0,"2,479","-2,479","-88,777"
6180,橘子,"155,000","154,000","1,000",0.0,0.0,0.0,0,0,0,-528,0,0,0,"3,000","3,528",-528,472
6182,合晶,"4,761,475","2,070,566","2,690,909",0.0,0.0,0.0,0,"172,000","-172,000","-253,289","194,000","513,000","-319,000","122,000","56,289","65,711","2,265,620"
6185,幃翔,"61,000","65,000","-4,000",0.0,0.0,0.0,0,0,0,0,0,0,0,0,0,0,"-4,000"
6186,新潤,"103,150","102,000","1,150",0.0,0.0,0.0,0,0,0,-999,0,0,0,0,999,-999,151
6187,萬潤,"510,133","893,363","-383,230",0.0,0.0,0.0,"34,000","474,000","-440,000","-1,625","2,000",0,"2,000","135,749","139,374","-3,625","-824,855"
6188,廣明,"187,000","199,000","-12,000",0.0,0.0,0.0,0,0,0,"-19,249","7,000","21,860","-14,860","1,000","5,389","-4,389","-31,249"
6190,萬泰科,"259,000","545,000","-286,000",0.0,0.0,0.0,0,0,0,"-7,011",0,0,0,"2,221","9,232","-7,011","-293,011"
6194,育富,0,"3,000","-3,000",0.0,0.0,0.0,0,0,0,0,0,0,0,0,0,0,"-3,000"
6195,詩肯,"4,000",0,"4,000",0.0,0.0,0.0,0,0,0,0,0,0,0,0,0,0,"4,000"
6199,天品,"83,344","106,000","-22,656",0.0,0.0,0.0,0,0,0,"-18,820",0,"1,000","-1,000",0,"17,820","-17,820","-41,476"
006201,元大富櫃50,"2,000","16,000","-14,000",0.0,0.0,0.0,0,"45,000","-45,000","-91,337",0,0,0,"46,150","137,487","-91,337","-150,337"
6203,海韻電,"27,000","19,000","8,000",0.0,0.0,0.0,0,0,0,-26,0,0,0,259,285,-26,"7,974"
6204,艾華,"52,000","52,000",0,0.0,0.0,0.0,0,0,0,0,0,0,0,0,0,0,0
6207,雷科,"1,478,587","1,195,000","283,587",0.0,0.0,0.0,0,0,0,"-37,472",0,0,0,"47,032","84,504","-37,472","246,115"
6208,日揚,"82,000","105,000","-23,000",0.0,0.0,0.0,0,0,0,485,0,0,0,485,0,485,"-22,515"
6212,理銘,0,"1,000","-1,000",0.0,0.0,0.0,0,0,0,0,0,0,0,0,0,0,"-1,000"
6217,中探針,"284,418","171,000","113,418",0.0,0.0,0.0,0,0,0,"-61,297",0,0,0,700,"61,997","-61,297","52,121"
6218,豪勉,"161,250","66,021","95,229",0.0,0.0,0.0,0,0,0,"-5,288",0,0,0,0,"5,288","-5,288","89,941"
6219,富旺,"18,000","120,000","-102,000",0.0,0.0,0.0,0,0,0,-5,0,0,0,0,5,-5,"-102,005"
6220,岳豐,"126,000","69,000","57,000",0.0,0.0,0.0,0,0,0,-572,0,0,0,0,572,-572,"56,428"
6221,晉泰,"7,000","2,000","5,000",0.0,0.0,0.0,0,0,0,0,0,0,0,0,0,0,"5,000"
6222,立軒,"1,000",0,"1,000",0.0,0.0,0.0,0,0,0,0,0,0,0,0,0,0,"1,000"
6223,旺矽,"291,380","251,218","40,162",0.0,0.0,0.0,"36,005","14,000","22,005","-1,695","31,814","30,695","1,119","22,616","25,430","-2,814","60,472"
6227,茂綸,"87,000","68,333","18,667",0.0,0.0,0.0,0,0,0,"34,237","30,000",0,"30,000","17,607","13,370","4,237","52,904"
6229,研通,"12,000","15,000","-3,000",0.0,0.0,0.0,0,0,0,0,0,0,0,0,0,0,"-3,000"
6231,系微,"98,250","114,611","-16,361",0.0,0.0,0.0,0,0,0,-593,0,0,0,"6,001","6,594",-593,"-16,954"
6233,旺玖,"117,000","49,000","68,000",0.0,0.0,0.0,0,0,0,-371,0,0,0,0,371,-371,"67,629"
6234,高僑,"427,000","338,000","89,000",0.0,0.0,0.0,0,0,0,-45,0,0,0,"1,135","1,180",-45,"88,955"
6237,驊訊,"70,000","141,000","-71,000",0.0,0.0,0.0,0,0,0,-969,0,0,0,"2,002","2,971",-969,"-71,969"
6240,松崗,"3,000",0,"3,000",0.0,0.0,0.0,0,0,0,"5,486",0,0,0,"5,486",0,"5,486","8,486"
6241,鑫永洋,"63,000","61,080","1,920",0.0,0.0,0.0,0,0,0,0,0,0,0,0,0,0,"1,920"
6244,茂迪,"367,000","798,000","-431,000",0.0,0.0,0.0,0,0,0,"-38,215",0,0,0,"1,000","39,215","-38,215","-469,215"
6245,立端,"452,335","343,000","109,335",0.0,0.0,0.0,0,0,0,"-23,934","6,000","28,000","-22,000","7,671","9,605","-1,934","85,401"
6246,臺龍,"32,000","6,000","26,000",0.0,0.0,0.0,0,0,0,0,0,0,0,0,0,0,"26,000"
6248,沛波,"8,000",0,"8,000",0.0,0.0,0.0,0,0,0,0,0,0,0,0,0,0,"8,000"
6259,百徽,"310,000","359,475","-49,475",0.0,0.0,0.0,0,0,0,-723,0,0,0,"5,000","5,723",-723,"-50,198"
6261,久元,"205,200","161,000","44,200",0.0,0.0,0.0,0,0,0,"-9,423",0,0,0,"6,120","15,543","-9,423","34,777"
6263,普萊德,"50,000","66,000","-16,000",0.0,0.0,0.0,0,0,0,0,0,0,0,0,0,0,"-16,000"
6265,方土昶,"621,552","424,000","197,552",0.0,0.0,0.0,0,0,0,695,0,0,0,"10,456","9,761",695,"198,247"
6266,泰詠,"23,000","27,000","-4,000",0.0,0.0,0.0,0,0,0,0,0,0,0,0,0,0,"-4,000"
6270,倍微,"71,000","81,000","-10,000",0.0,0.0,0.0,0,0,0,0,0,0,0,0,0,0,"-10,000"
6274,台燿,"2,724,032","1,722,136","1,001,896",0.0,0.0,0.0,"73,000","410,000","-337,000","105,260","165,131","95,000","70,131","197,883","162,754","35,129","770,156"
6275,元山,"37,000","50,019","-13,019",0.0,0.0,0.0,0,0,0,436,0,0,0,"2,000","1,564",436,"-12,583"
6276,安鈦克,"1,000","6,000","-5,000",0.0,0.0,0.0,0,0,0,93,0,0,0,95,2,93,"-4,907"
6279,胡連,"56,000","73,100","-17,100",0.0,0.0,0.0,0,0,0,"3,090",0,0,0,"6,108","3,018","3,090","-14,010"
6284,佳邦,"366,170","441,867","-75,697",0.0,0.0,0.0,0,0,0,"-18,971","1,000",0,"1,000","4,500","24,471","-19,971","-94,668"
6290,良維,"186,040","435,415","-249,375",0.0,0.0,0.0,0,0,0,"-12,027","18,000","8,000","10,000","30,079","52,106","-22,027","-261,402"
6291,沛亨,"232,160","376,120","-143,960",0.0,0.0,0.0,0,0,0,"20,510","15,260",0,"15,260","17,214","11,964","5,250","-123,450"
6292,迅德,"21,000","33,000","-12,000",0.0,0.0,0.0,0,0,0,86,0,0,0,"1,009",923,86,"-11,914"
6294,智基,0,"1,000","-1,000",0.0,0.0,0.0,0,0,0,-34,0,0,0,0,34,-34,"-1,034"
6411,晶焱,"166,528","298,874","-132,346",0.0,0.0,0.0,0,0,0,"-3,123",0,0,0,"1,000","4,123","-3,123","-135,469"
6417,韋僑,"68,000","28,000","40,000",0.0,0.0,0.0,0,0,0,"1,008",0,0,0,"8,008","7,000","1,008","41,008"
6418,詠昇,"27,000","20,000","7,000",0.0,0.0,0.0,0,0,0,0,0,0,0,0,0,0,"7,000"
6419,京晨科,"8,189","21,000","-12,811",0.0,0.0,0.0,0,0,0,-351,0,0,0,0,351,-351,"-13,162"
6423,億而得,"19,000","7,000","12,000",0.0,0.0,0.0,0,0,0,0,0,0,0,0,0,0,"12,000"
6425,易發,"83,000","85,000","-2,000",0.0,0.0,0.0,0,0,0,-612,0,0,0,0,612,-612,"-2,612"
6432,今展科,"116,000","209,286","-93,286",0.0,0.0,0.0,0,0,0,-111,0,0,0,0,111,-111,"-93,397"
6435,大中,"206,454","244,000","-37,546",0.0,0.0,0.0,0,0,0,"-12,511","1,000","11,010","-10,010","9,675","12,176","-2,501","-50,057"
6441,廣錠,"11,000","13,000","-2,000",0.0,0.0,0.0,0,0,0,0,0,0,0,0,0,0,"-2,000"
6461,益得,"123,000","98,000","25,000",0.0,0.0,0.0,0,0,0,"1,011",0,0,0,"7,182","6,171","1,011","26,011"
6462,神盾,"304,000","481,000","-177,000",0.0,0.0,0.0,0,0,0,"5,086",0,0,0,"13,759","8,673","5,086","-171,914"
6465,威潤,"88,000","64,147","23,853",0.0,0.0,0.0,0,0,0,"-9,618",0,"10,000","-10,000",382,0,382,"14,235"
6469,大樹,"423,000","141,000","282,000",0.0,0.0,0.0,0,0,0,-638,0,0,0,"1,074","1,712",-638,"281,362"
6470,宇智,0,"4,000","-4,000",0.0,0.0,0.0,0,0,0,0,0,0,0,0,0,0,"-4,000"
6474,華豫寧,0,"5,000","-5,000",0.0,0.0,0.0,0,0,0,0,0,0,0,0,0,0,"-5,000"
6485,點序,"96,000","77,000","19,000",0.0,0.0,0.0,0,0,0,-62,0,0,0,102,164,-62,"18,938"
6486,互動,"34,000","39,000","-5,000",0.0,0.0,0.0,0,0,0,17,0,0,0,17,0,17,"-4,983"
6488,環球晶,"6,506,480","3,312,255","3,194,225",0.0,0.0,0.0,"91,546","889,000","-797,454","119,931","229,400","247,540","-18,140","456,485","318,414","138,071","2,516,702"
6492,生華科,"74,000","99,000","-25,000",0.0,0.0,0.0,0,0,0,214,0,0,0,"1,000",786,214,"-24,786"
6494,九齊,"22,000","28,000","-6,000",0.0,0.0,0.0,0,0,0,0,0,0,0,0,0,0,"-6,000"
6498,久禾光,"13,000","35,000","-22,000",0.0,0.0,0.0,0,0,0,0,0,0,0,0,0,0,"-22,000"
6499,益安,"64,000","52,000","12,000",0.0,0.0,0.0,0,0,0,-263,0,0,0,0,263,-263,"11,737"
6506,雙邦,"7,000","11,000","-4,000",0.0,0.0,0.0,0,0,0,-81,0,0,0,0,81,-81,"-4,081"
6508,惠光,"55,020","37,000","18,020",0.0,0.0,0.0,0,0,0,"3,646","2,000",0,"2,000","1,646",0,"1,646","21,666"
6509,聚和,"132,650","469,104","-336,454",0.0,0.0,0.0,0,0,0,"-94,098",0,0,0,"2,459","96,557","-94,098","-430,552"
6510,精測,"148,133","135,312","12,821",0.0,0.0,0.0,"3,002","73,000","-69,998","7,643","19,034","8,100","10,934","7,598","10,889","-3,291","-49,534"
6516,勤崴國際,"3,000","2,000","1,000",0.0,0.0,0.0,0,0,0,0,0,0,0,0,0,0,"1,000"
6517,保勝光學,"108,845","230,000","-121,155",0.0,0.0,0.0,0,0,0,-628,0,0,0,"2,000","2,628",-628,"-121,783"
6523,達爾膚,"6,000","3,000","3,000",0.0,0.0,0.0,0,0,0,0,0,0,0,0,0,0,"3,000"
6527,明達醫,"1,000",0,"1,000",0.0,0.0,0.0,0,0,0,0,0,0,0,0,0,0,"1,000"
6530,創威,"269,397","505,000","-235,603",0.0,0.0,0.0,0,0,0,-534,0,0,0,"3,000","3,534",-534,"-236,137"
6532,瑞耘,"40,000","38,005","1,995",0.0,0.0,0.0,0,0,0,306,0,0,0,"1,143",837,306,"2,301"
6535,順藥,"65,000","41,000","24,000",0.0,0.0,0.0,0,"30,000","-30,000",8,0,0,0,650,642,8,"-5,992"
6538,倉和,"405,554","575,000","-169,446",0.0,0.0,0.0,0,0,0,"-181,840","5,000","203,000","-198,000","23,170","7,010","16,160","-351,286"
6546,正基,"52,000","48,000","4,000",0.0,0.0,0.0,0,0,0,"-3,455",0,0,0,0,"3,455","-3,455",545
6547,高端疫苗,"522,012","307,000","215,012",0.0,0.0,0.0,0,0,0,"9,635","8,000","6,000","2,000","9,000","1,365","7,635","224,647"
6548,長科*,"997,258","903,000","94,258",0.0,0.0,0.0,0,0,0,"3,751","19,000",0,"19,000","7,765","23,014","-15,249","98,009"
6560,欣普羅,"13,000","5,000","8,000",0.0,0.0,0.0,0,0,0,0,0,0,0,0,0,0,"8,000"
6561,是方,"6,000","6,000",0,0.0,0.0,0.0,0,0,0,"1,851",0,0,0,"3,000","1,149","1,851","1,851"
6568,宏觀,"30,000","34,000","-4,000",0.0,0.0,0.0,0,0,0,"-1,259",0,0,0,0,"1,259","-1,259","-5,259"
6569,醫揚,"24,000","15,000","9,000",0.0,0.0,0.0,0,0,0,-45,0,0,0,0,45,-45,"8,955"
6570,維田,"75,009","81,000","-5,991",0.0,0.0,0.0,0,0,0,"-1,000",0,"1,000","-1,000",0,0,0,"-6,991"
6574,霈方,"9,390","10,000",-610,0.0,0.0,0.0,0,0,0,930,0,0,0,"1,000",70,930,320
6576,逸達,"8,000","16,000","-8,000",0.0,0.0,0.0,0,0,0,0,0,0,0,0,0,0,"-8,000"
6577,勁豐,"205,000","107,000","98,000",0.0,0.0,0.0,0,0,0,"16,282",0,0,0,"37,282","21,000","16,282","114,282"
6578,達邦蛋白,"1,000",0,"1,000",0.0,0.0,0.0,0,0,0,0,0,0,0,0,0,0,"1,000"
6584,南俊國際,"87,063","142,467","-55,404",0.0,0.0,0.0,0,0,0,-539,0,0,0,"10,278","10,817",-539,"-55,943"
6588,東典光電,"428,000","320,000","108,000",0.0,0.0,0.0,0,0,0,"2,199",0,0,0,"9,306","7,107","2,199","110,199"
6593,台灣銘板,"8,000","2,000","6,000",0.0,0.0,0.0,0,0,0,0,0,0,0,0,0,0,"6,000"
6596,寬宏藝術,"22,000","35,164","-13,164",0.0,0.0,0.0,0,0,0,-431,0,0,0,0,431,-431,"-13,595"
6597,立誠,0,"1,000","-1,000",0.0,0.0,0.0,0,0,0,0,0,0,0,0,0,0,"-1,000"
6603,富強鑫,"103,090","123,000","-19,910",0.0,0.0,0.0,0,0,0,-960,0,0,0,354,"1,314",-960,"-20,870"
6609,瀧澤科,"48,000","81,000","-33,000",0.0,0.0,0.0,0,0,0,149,0,0,0,"2,000","1,851",149,"-32,851"
6612,奈米醫材,"1,000","1,000",0,0.0,0.0,0.0,0,0,0,0,0,0,0,0,0,0,0
6613,朋億*,"119,032","118,001","1,031",0.0,0.0,0.0,0,0,0,"-9,979",0,0,0,"7,000","16,979","-9,979","-8,948"
6617,共信-KY,"277,000","153,000","124,000",0.0,0.0,0.0,0,0,0,-320,0,0,0,"1,000","1,320",-320,"123,680"
6620,漢達,"65,000","55,000","10,000",0.0,0.0,0.0,0,0,0,"2,309",0,0,0,"4,634","2,325","2,309","12,309"
6624,萬年清,"1,000",0,"1,000",0.0,0.0,0.0,0,0,0,0,0,0,0,0,0,0,"1,000"
6637,醫影,"1,000","2,000","-1,000",0.0,0.0,0.0,0,0,0,0,0,0,0,0,0,0,"-1,000"
6640,均華,"25,002","48,012","-23,010",0.0,0.0,0.0,"20,000",0,"20,000","-3,496",0,0,0,"4,955","8,451","-3,496","-6,506"
6642,富致,"67,000","117,000","-50,000",0.0,0.0,0.0,0,0,0,0,0,0,0,0,0,0,"-50,000"
6643,M31,"220,000","201,000","19,000",0.0,0.0,0.0,0,0,0,"10,162",0,0,0,"23,872","13,710","10,162","29,162"
6649,台生材,"22,000","18,000","4,000",0.0,0.0,0.0,0,0,0,0,0,0,0,0,0,0,"4,000"
6651,全宇昕,"37,000","46,000","-9,000",0.0,0.0,0.0,0,0,0,270,0,0,0,295,25,270,"-8,730"
6654,天正國際,"17,000","10,000","7,000",0.0,0.0,0.0,0,0,0,"-2,094",0,"2,000","-2,000",0,94,-94,"4,906"
6664,群翊,"56,000","102,000","-46,000",0.0,0.0,0.0,0,0,0,"-9,036",0,0,0,"6,011","15,047","-9,036","-55,036"
6667,信紘科,"64,000","70,000","-6,000",0.0,0.0,0.0,0,0,0,"-3,605",0,0,0,"6,092","9,697","-3,605","-9,605"
6679,鈺太,"122,000","94,095","27,905",0.0,0.0,0.0,0,0,0,"-14,144",0,0,0,"1,114","15,258","-14,144","13,761"
6680,鑫創電子,0,"4,000","-4,000",0.0,0.0,0.0,0,0,0,0,0,0,0,0,0,0,"-4,000"
6683,雍智科技,"62,000","54,500","7,500",0.0,0.0,0.0,0,0,0,"-33,330","5,000","37,000","-32,000","3,000","4,330","-1,330","-25,830"
6684,安格,"54,000","61,000","-7,000",0.0,0.0,0.0,0,0,0,822,0,0,0,"1,071",249,822,"-6,178"
6690,安碁資訊,"1,040","10,000","-8,960",0.0,0.0,0.0,0,0,0,0,0,0,0,0,0,0,"-8,960"
6692,進能服,"1,000",0,"1,000",0.0,0.0,0.0,0,0,0,0,0,0,0,0,0,0,"1,000"
6693,廣閎科,"130,004","187,863","-57,859",0.0,0.0,0.0,0,0,0,"5,174",0,10,-10,"11,435","6,251","5,184","-52,685"
6703,軒郁,"14,003","7,157","6,846",0.0,0.0,0.0,0,0,0,0,0,0,0,0,0,0,"6,846"
6708,天擎,0,"1,000","-1,000",0.0,0.0,0.0,0,0,0,0,0,0,0,0,0,0,"-1,000"
6712,長聖,"76,213","77,000",-787,0.0,0.0,0.0,0,0,0,392,"1,000",434,566,0,174,-174,-395
6716,應廣,"33,704","65,000","-31,296",0.0,0.0,0.0,0,0,0,0,0,0,0,0,0,0,"-31,296"
6720,久昌,"4,048","2,000","2,048",0.0,0.0,0.0,0,0,0,"2,000",0,0,0,"2,000",0,"2,000","4,048"
6725,矽科宏晟,"11,000","41,000","-30,000",0.0,0.0,0.0,0,0,0,"-8,019",0,0,0,71,"8,090","-8,019","-38,019"
6727,亞泰金屬,"46,000","10,042","35,958",0.0,0.0,0.0,0,0,0,-500,0,0,0,0,500,-500,"35,458"
6728,上洋,"1,000",0,"1,000",0.0,0.0,0.0,0,0,0,0,0,0,0,0,0,0,"1,000"
6730,常廣,"3,000","7,000","-4,000",0.0,0.0,0.0,0,0,0,0,0,0,0,0,0,0,"-4,000"
6732,昇佳電子,"156,471","124,000","32,471",0.0,0.0,0.0,0,0,0,"-11,615",0,0,0,"7,236","18,851","-11,615","20,856"
6733,博晟生醫,"23,000","24,000","-1,000",0.0,0.0,0.0,0,0,0,0,0,0,0,0,0,0,"-1,000"
6735,美達科技,"25,000","43,000","-18,000",0.0,0.0,0.0,0,0,0,526,"1,000",0,"1,000",0,474,-474,"-17,474"
6739,竹陞科技,"58,265","75,463","-17,198",0.0,0.0,0.0,"2,000",0,"2,000","-12,781",0,0,0,"5,918","18,699","-12,781","-27,979"
6741,91APP*-KY,"150,000","142,000","8,000",0.0,0.0,0.0,0,0,0,-295,0,0,0,"1,000","1,295",-295,"7,705"
6751,智聯服務,"2,000","1,000","1,000",0.0,0.0,0.0,0,0,0,0,0,0,0,0,0,0,"1,000"
6761,穩得,"31,000","61,000","-30,000",0.0,0.0,0.0,0,0,0,"-7,353",0,0,0,"1,000","8,353","-7,353","-37,353"
6763,綠界科技*,"97,295","35,616","61,679",0.0,0.0,0.0,0,0,0,-786,0,0,0,214,"1,000",-786,"60,893"
6767,台微醫,"4,000",0,"4,000",0.0,0.0,0.0,0,0,0,0,0,0,0,0,0,0,"4,000"
6785,昱展新藥,"3,000","7,000","-4,000",0.0,0.0,0.0,0,0,0,"-1,237",0,0,0,0,"1,237","-1,237","-5,237"
6788,華景電,"92,121","121,000","-28,879",0.0,0.0,0.0,0,0,0,"6,471",0,0,0,"16,663","10,192","6,471","-22,408"
6791,虎門科技,"10,000","8,000","2,000",0.0,0.0,0.0,0,0,0,0,0,0,0,0,0,0,"2,000"
6803,崑鼎,"51,352","7,000","44,352",0.0,0.0,0.0,0,0,0,0,0,0,0,0,0,0,"44,352"
6804,明係,"5,000","1,000","4,000",0.0,0.0,0.0,0,0,0,0,0,0,0,0,0,0,"4,000"
6811,宏碁資訊,"59,358","91,000","-31,642",0.0,0.0,0.0,0,0,0,442,0,0,0,445,3,442,"-31,200"
6821,聯寶,"45,000","79,000","-34,000",0.0,0.0,0.0,0,0,0,0,0,0,0,0,0,0,"-34,000"
6823,濾能,"34,000","28,000","6,000",0.0,0.0,0.0,0,0,0,0,0,0,0,0,0,0,"6,000"
6829,千附精密,"196,200","327,000","-130,800",0.0,0.0,0.0,0,0,0,"-14,625",0,0,0,"1,060","15,685","-14,625","-145,425"
6840,東研信超,"5,000","9,000","-4,000",0.0,0.0,0.0,0,0,0,901,0,0,0,"1,000",99,901,"-3,099"
6841,長佳智能,"42,000","95,000","-53,000",0.0,0.0,0.0,0,0,0,"-1,088",0,0,0,"2,000","3,088","-1,088","-54,088"
6843,進典,"1,000","7,000","-6,000",0.0,0.0,0.0,0,0,0,0,0,0,0,0,0,0,"-6,000"
6844,諾貝兒,0,"1,000","-1,000",0.0,0.0,0.0,0,0,0,0,0,0,0,0,0,0,"-1,000"
6855,數泓科,0,"1,000","-1,000",0.0,0.0,0.0,0,0,0,0,0,0,0,0,0,0,"-1,000"
6859,伯特光,"8,000","15,000","-7,000",0.0,0.0,0.0,0,0,0,762,0,0,0,"2,000","1,238",762,"-6,238"
6870,騰雲,"10,000","30,000","-20,000",0.0,0.0,0.0,0,0,0,19,0,0,0,"1,599","1,580",19,"-19,981"
6872,浩宇生醫,0,0,0,0.0,0.0,0.0,0,0,0,-297,0,0,0,0,297,-297,-297
6874,倍力,0,"1,000","-1,000",0.0,0.0,0.0,0,0,0,0,0,0,0,0,0,0,"-1,000"
6875,國邑*,"4,000","18,000","-14,000",0.0,0.0,0.0,0,0,0,0,0,0,0,0,0,0,"-14,000"
6877,鏵友益,"6,000","9,000","-3,000",0.0,0.0,0.0,0,0,0,101,0,0,0,"1,003",902,101,"-2,899"
6881,潤德,"2,000",0,"2,000",0.0,0.0,0.0,0,0,0,0,0,0,0,0,0,0,"2,000"
6894,衛司特,"6,000","6,000",0,0.0,0.0,0.0,0,0,0,4,0,14,-14,100,82,18,4
6895,宏碩系統,"21,000","10,000","11,000",0.0,0.0,0.0,0,0,0,-139,0,0,0,0,139,-139,"10,861"
6899,創為精密,"4,000","5,000","-1,000",0.0,0.0,0.0,0,0,0,0,0,0,0,"6,000","6,000",0,"-1,000"
6903,巨漢,"354,000","385,000","-31,000",0.0,0.0,0.0,0,0,0,"6,492","26,000","28,000","-2,000","20,659","12,167","8,492","-24,508"
6907,雅特力-KY,"15,000","62,739","-47,739",0.0,0.0,0.0,0,0,0,"-8,680",0,0,0,0,"8,680","-8,680","-56,419"
6910,德鴻,"7,000",0,"7,000",0.0,0.0,0.0,0,0,0,0,0,0,0,0,0,0,"7,000"
6913,鴻呈,"37,000","86,000","-49,000",0.0,0.0,0.0,0,0,0,"12,386","12,000",0,"12,000","2,000","1,614",386,"-36,614"
6922,宸曜,"44,014","43,078",936,0.0,0.0,0.0,0,0,0,707,"2,000","1,000","1,000","1,023","1,316",-293,"1,643"
6925,意藍,"4,000","12,000","-8,000",0.0,0.0,0.0,0,0,0,0,0,0,0,0,0,0,"-8,000"
6945,圓祥生技,"18,000","24,000","-6,000",0.0,0.0,0.0,0,0,0,0,0,0,0,0,0,0,"-6,000"
6953,家碩,"9,080","7,050","2,030",0.0,0.0,0.0,0,0,0,148,0,0,0,411,263,148,"2,178"
6961,旅天下,0,"1,000","-1,000",0.0,0.0,0.0,0,0,0,0,0,0,0,0,0,0,"-1,000"
6967,汎瑋材料,"50,000","97,000","-47,000",0.0,0.0,0.0,0,0,0,488,0,0,0,"1,000",512,488,"-46,512"
6968,萬達寵物,"12,000","4,000","8,000",0.0,0.0,0.0,0,0,0,0,0,0,0,0,0,0,"8,000"
6971,惠民實業,"4,000","7,000","-3,000",0.0,0.0,0.0,0,0,0,0,0,0,0,0,0,0,"-3,000"
6982,大井泵浦,"1,000","7,000","-6,000",0.0,0.0,0.0,0,0,0,-76,0,0,0,0,76,-76,"-6,076"
6983,華洋精機,"1,000","5,000","-4,000",0.0,0.0,0.0,0,0,0,4,0,0,0,4,0,4,"-3,996"
6986,和迅,"29,000","8,000","21,000",0.0,0.0,0.0,0,0,0,"-10,000",0,"10,000","-10,000",0,0,0,"11,000"
6996,力領科技,"20,000","13,095","6,905",0.0,0.0,0.0,0,0,0,80,0,0,0,80,0,80,"6,985"
6997,博弘,"5,000",0,"5,000",0.0,0.0,0.0,0,0,0,0,0,0,0,0,0,0,"5,000"
7402,邑錡,"356,000","652,797","-296,797",0.0,0.0,0.0,0,0,0,"-10,746",0,0,0,"5,000","15,746","-10,746","-307,543"
7547,碩網,"3,000","3,000",0,0.0,0.0,0.0,0,0,0,0,0,0,0,0,0,0,0
7556,意德士,"17,000","15,000","2,000",0.0,0.0,0.0,0,0,0,-90,0,0,0,"1,000","1,090",-90,"1,910"
7642,昶瑞機電,"5,000","10,000","-5,000",0.0,0.0,0.0,0,0,0,0,0,0,0,0,0,0,"-5,000"
7703,銳澤,"13,000","58,000","-45,000",0.0,0.0,0.0,0,0,0,611,0,0,0,"3,000","2,389",611,"-44,389"
7704,明遠精密,"12,000","10,000","2,000",0.0,0.0,0.0,0,0,0,-265,0,0,0,"7,017","7,282",-265,"1,735"
7709,榮田,"21,000","37,000","-16,000",0.0,0.0,0.0,0,0,0,"-3,213",0,0,0,"1,000","4,213","-3,213","-19,213"
7712,博盛半導體,"91,070","115,400","-24,330",0.0,0.0,0.0,0,0,0,"-1,796",0,0,0,"1,241","3,037","-1,796","-26,126"
7714,創泓科技,"1,000","4,000","-3,000",0.0,0.0,0.0,0,0,0,-364,"2,000","2,012",-12,"1,000","1,352",-352,"-3,364"
7715,裕山,"10,000","9,000","1,000",0.0,0.0,0.0,0,0,0,-19,0,0,0,0,19,-19,981
7717,萊德光電-KY,"70,000","96,000","-26,000",0.0,0.0,0.0,0,0,0,"-3,316","1,000","3,148","-2,148",117,"1,285","-1,168","-29,316"
7718,友鋮,0,0,0,0.0,0.0,0.0,0,0,0,-896,0,0,0,104,"1,000",-896,-896
7723,築間,"2,000","4,000","-2,000",0.0,0.0,0.0,0,0,0,0,0,0,0,0,0,0,"-2,000"
7728,光焱科技,"4,000","8,000","-4,000",0.0,0.0,0.0,0,0,0,905,0,0,0,"1,000",95,905,"-3,095"
7734,印能科技,"166,000","178,019","-12,019",0.0,0.0,0.0,"51,500",0,"51,500",772,"6,030","10,000","-3,970","13,029","8,287","4,742","40,253"
7738,東聯互動,"5,150","5,000",150,0.0,0.0,0.0,0,0,0,0,0,0,0,0,0,0,150
7744,崴寶,"18,000","14,275","3,725",0.0,0.0,0.0,0,0,0,-483,0,0,0,0,483,-483,"3,242"
7747,昕奇雲端,"1,000",0,"1,000",0.0,0.0,0.0,0,0,0,0,0,0,0,0,0,0,"1,000"
7751,竑騰,"36,236","38,000","-1,764",0.0,0.0,0.0,0,"11,000","-11,000",-955,"3,000","3,508",-508,8,455,-447,"-13,719"
7753,星亞,"2,000","4,000","-2,000",0.0,0.0,0.0,0,0,0,0,0,0,0,0,0,0,"-2,000"
7757,金色三麥,"1,000","1,000",0,0.0,0.0,0.0,0,0,0,0,0,0,0,0,0,0,0
7767,仁大資訊,"1,000","4,000","-3,000",0.0,0.0,0.0,0,0,0,"-3,000",0,"3,000","-3,000",0,0,0,"-6,000"
7770,君曜,0,0,0,0.0,0.0,0.0,0,0,0,"-1,000",0,"1,000","-1,000",0,0,0,"-1,000"
7772,耀穎,"21,000","12,000","9,000",0.0,0.0,0.0,0,0,0,"-1,014",0,0,0,287,"1,301","-1,014","7,986"
7777,能率亞洲,"285,620","419,000","-133,380",0.0,0.0,0.0,0,0,0,"-15,360",0,0,0,"2,857","18,217","-15,360","-148,740"
7792,安葆,"34,189","32,000","2,189",0.0,0.0,0.0,0,0,0,-210,0,0,0,0,210,-210,"1,979"
7794,宏碁智新,"1,000","3,000","-2,000",0.0,0.0,0.0,0,0,0,-16,0,16,-16,0,0,0,"-2,016"
7805,威聯通,"12,000","9,000","3,000",0.0,0.0,0.0,0,0,0,"-3,431",0,0,0,0,"3,431","-3,431",-431
7810,捷創科技,"9,000","14,000","-5,000",0.0,0.0,0.0,0,0,0,659,"1,000",0,"1,000",7,348,-341,"-4,341"
7811,民盛,0,"1,000","-1,000",0.0,0.0,0.0,0,0,0,0,0,0,0,0,0,0,"-1,000"
7814,海昌生技,"20,000","9,000","11,000",0.0,0.0,0.0,0,0,0,-298,0,298,-298,0,0,0,"10,702"
7819,精誠金融,"1,080","3,000","-1,920",0.0,0.0,0.0,0,0,0,0,0,0,0,0,0,0,"-1,920"
7820,立盈,"1,000","3,000","-2,000",0.0,0.0,0.0,0,0,0,0,0,0,0,0,0,0,"-2,000"
7828,創新服務,"45,009","79,769","-34,760",0.0,0.0,0.0,0,0,0,0,0,0,0,0,0,0,"-34,760"
7839,達人網,"10,000",0,"10,000",0.0,0.0,0.0,0,0,0,0,0,0,0,0,0,0,"10,000"
7842,天能綠電,"1,000","1,000",0,0.0,0.0,0.0,0,0,0,-30,0,30,-30,0,0,0,-30
8024,佑華,"5,000","14,000","-9,000",0.0,0.0,0.0,0,0,0,82,0,0,0,83,1,82,"-8,918"
8027,鈦昇,"55,000","19,000","36,000",0.0,0.0,0.0,0,0,0,"-9,625",375,0,375,0,"10,000","-10,000","26,375"
8032,光菱,"8,000","7,000","1,000",0.0,0.0,0.0,0,0,0,-506,0,0,0,0,506,-506,494
8034,榮群,"38,000","31,000","7,000",0.0,0.0,0.0,0,0,0,-90,0,0,0,0,90,-90,"6,910"
8038,長園科,"12,000","40,050","-28,050",0.0,0.0,0.0,0,0,0,180,0,0,0,"1,000",820,180,"-27,870"
8040,九暘,"192,000","87,000","105,000",0.0,0.0,0.0,0,0,0,-259,0,0,0,"4,147","4,406",-259,"104,741"
8042,金山電,"1,470,172","895,711","574,461",0.0,0.0,0.0,0,0,0,"-15,311",0,0,0,"16,000","31,311","-15,311","559,150"
8043,蜜望實,"930,591","843,200","87,391",0.0,0.0,0.0,0,0,0,"-7,382",0,0,0,"23,884","31,266","-7,382","80,009"
8044,網家,"21,000","128,000","-107,000",0.0,0.0,0.0,0,0,0,-228,0,0,0,0,228,-228,"-107,228"
8047,星雲,"1,000","2,000","-1,000",0.0,0.0,0.0,0,0,0,0,0,0,0,0,0,0,"-1,000"
8048,德勝,"24,000","119,000","-95,000",0.0,0.0,0.0,0,0,0,"-1,218",0,0,0,0,"1,218","-1,218","-96,218"
8049,晶采,"102,000","19,000","83,000",0.0,0.0,0.0,0,0,0,9,0,0,0,9,0,9,"83,009"
8050,廣積,"1,039,569","1,889,000","-849,431",0.0,0.0,0.0,0,0,0,"-65,698",0,"51,000","-51,000","78,000","92,698","-14,698","-915,129"
8054,安國,"761,110","456,150","304,960",0.0,0.0,0.0,0,0,0,"-2,808","3,000",0,"3,000","3,120","8,928","-5,808","302,152"
8059,凱碩,"16,032","32,000","-15,968",0.0,0.0,0.0,0,0,0,-153,0,0,0,0,153,-153,"-16,121"
8064,東捷,"1,012,386","792,351","220,035",0.0,0.0,0.0,0,0,0,902,"8,000","7,895",105,"21,937","21,140",797,"220,937"
8068,全達,"38,001","116,000","-77,999",0.0,0.0,0.0,0,0,0,-148,0,0,0,0,148,-148,"-78,147"
8069,元太,"3,726,560","2,672,153","1,054,407",0.0,0.0,0.0,"377,022",0,"377,022","4,964","120,000","113,000","7,000","118,414","120,450","-2,036","1,436,393"
8071,能率網通,"358,000","310,000","48,000",0.0,0.0,0.0,0,0,0,-178,0,0,0,"3,000","3,178",-178,"47,822"
8074,鉅橡,"174,082","172,000","2,082",0.0,0.0,0.0,0,0,0,"-9,245",0,4,-4,111,"9,352","-9,241","-7,163"
8076,伍豐,"123,051","207,361","-84,310",0.0,0.0,0.0,0,0,0,"-2,748","5,000","5,000",0,511,"3,259","-2,748","-87,058"
8083,瑞穎,"10,000","14,000","-4,000",0.0,0.0,0.0,0,0,0,-262,0,0,0,0,262,-262,"-4,262"
8084,巨虹,"70,000","69,000","1,000",0.0,0.0,0.0,0,0,0,0,0,0,0,0,0,0,"1,000"
8085,福華,"78,000","10,000","68,000",0.0,0.0,0.0,0,0,0,-382,0,0,0,0,382,-382,"67,618"
8086,宏捷科,"781,020","1,242,756","-461,736",0.0,0.0,0.0,0,0,0,"38,434","56,000","2,000","54,000","33,923","49,489","-15,566","-423,302"
8087,麗升能源,"4,000","1,000","3,000",0.0,0.0,0.0,0,0,0,-162,0,0,0,0,162,-162,"2,838"
8088,品安,"101,000","176,000","-75,000",0.0,0.0,0.0,0,0,0,367,0,0,0,"4,000","3,633",367,"-74,633"
8089,康全電訊,"21,000","37,000","-16,000",0.0,0.0,0.0,0,0,0,0,0,0,0,0,0,0,"-16,000"
8091,翔名,"195,831","156,283","39,548",0.0,0.0,0.0,0,0,0,"-11,654",0,"1,190","-1,190",316,"10,780","-10,464","27,894"
8092,建暐,"2,000",0,"2,000",0.0,0.0,0.0,0,0,0,-1,0,0,0,0,1,-1,"1,999"
8096,擎亞,"205,000","29,015","175,985",0.0,0.0,0.0,0,0,0,"-84,956","25,000",650,"24,350","19,000","128,306","-109,306","91,029"
8097,常珵,"1,000","16,000","-15,000",0.0,0.0,0.0,0,0,0,"-16,170",0,0,0,830,"17,000","-16,170","-31,170"
8099,大世科,"26,000","7,000","19,000",0.0,0.0,0.0,0,0,0,270,0,0,0,322,52,270,"19,270"
8102,傑霖科技,"1,000","3,000","-2,000",0.0,0.0,0.0,0,0,0,0,0,0,0,0,0,0,"-2,000"
8107,大億金茂,"3,000","2,000","1,000",0.0,0.0,0.0,0,0,0,-270,0,0,0,0,270,-270,730
8109,博大,"53,185","51,000","2,185",0.0,0.0,0.0,0,0,0,"-5,403",0,"4,736","-4,736",0,667,-667,"-3,218"
8111,立碁,"3,654,531","4,848,240","-1,193,709",0.0,0.0,0.0,0,0,0,"178,954",0,0,0,"241,627","62,673","178,954","-1,014,755"
8121,越峰,"325,893","326,000",-107,0.0,0.0,0.0,0,0,0,"-1,169",0,0,0,"9,000","10,169","-1,169","-1,276"
8147,正淩,"44,000","92,680","-48,680",0.0,0.0,0.0,0,0,0,"-1,099",0,312,-312,"4,036","4,823",-787,"-49,779"
8155,博智,"139,400","312,000","-172,600",0.0,0.0,0.0,0,"44,000","-44,000","-14,389","9,000",0,"9,000","4,994","28,383","-23,389","-230,989"
8171,天宇,"2,000","17,000","-15,000",0.0,0.0,0.0,0,0,0,829,0,0,0,"1,000",171,829,"-14,171"
8176,智捷,"9,000","11,000","-2,000",0.0,0.0,0.0,0,0,0,-1,0,0,0,0,1,-1,"-2,001"
8182,加高,"428,000","620,000","-192,000",0.0,0.0,0.0,0,0,0,"-4,268",0,0,0,"3,015","7,283","-4,268","-196,268"
8183,精星,"95,000","101,000","-6,000",0.0,0.0,0.0,0,0,0,"2,479",0,0,0,"5,331","2,852","2,479","-3,521"
8227,巨有科技,"91,062","96,000","-4,938",0.0,0.0,0.0,0,0,0,"-7,108",0,210,-210,"6,037","12,935","-6,898","-12,046"
8234,新漢,"352,000","238,400","113,600",0.0,0.0,0.0,0,0,0,"-1,767",0,0,0,"1,766","3,533","-1,767","111,833"
8240,華宏,"145,030","105,000","40,030",0.0,0.0,0.0,0,0,0,"-1,868",0,0,0,11,"1,879","-1,868","38,162"
8255,朋程,"137,012","218,000","-80,988",0.0,0.0,0.0,0,0,0,"-8,918","16,000","1,571","14,429","10,825","34,172","-23,347","-89,906"
8277,商丞,"85,000","25,000","60,000",0.0,0.0,0.0,0,0,0,2,2,0,2,0,0,0,"60,002"
8284,三竹,"2,000","3,000","-1,000",0.0,0.0,0.0,0,0,0,"4,000",0,0,0,"4,000",0,"4,000","3,000"
8289,泰藝,"279,000","278,000","1,000",0.0,0.0,0.0,0,0,0,-809,0,0,0,"2,843","3,652",-809,191
8291,尚茂,"1,000","2,000","-1,000",0.0,0.0,0.0,0,0,0,0,0,0,0,0,0,0,"-1,000"
8299,群聯,"1,610,679","2,453,674","-842,995",0.0,0.0,0.0,"7,388",0,"7,388","-32,972","72,600","99,643","-27,043","207,214","213,143","-5,929","-868,579"
8349,恒耀,"15,000","21,000","-6,000",0.0,0.0,0.0,0,0,0,0,0,0,0,0,0,0,"-6,000"
8354,冠好,"3,000","6,000","-3,000",0.0,0.0,0.0,0,0,0,-107,0,0,0,0,107,-107,"-3,107"
8358,金居,"2,634,684","2,759,058","-124,374",0.0,0.0,0.0,"10,000","300,000","-290,000","-348,699","57,000","315,000","-258,000","182,681","273,380","-90,699","-763,073"
8383,千附,"509,966","309,000","200,966",0.0,0.0,0.0,0,0,0,"13,448","4,000","2,000","2,000","22,846","11,398","11,448","214,414"
8390,金益鼎,"127,000","126,000","1,000",0.0,0.0,0.0,0,0,0,"-6,140","1,000",984,16,"1,000","7,156","-6,156","-5,140"
8401,白紗科,"2,000","1,000","1,000",0.0,0.0,0.0,0,0,0,223,0,0,0,"1,000",777,223,"1,223"
8403,盛弘,"4,000","29,000","-25,000",0.0,0.0,0.0,0,0,0,0,0,0,0,0,0,0,"-25,000"
8410,森田,"12,000","2,000","10,000",0.0,0.0,0.0,0,0,0,"-9,000",0,0,0,"3,000","12,000","-9,000","1,000"
8415,大國鋼,"469,478","65,000","404,478",0.0,0.0,0.0,0,0,0,0,0,0,0,"7,000","7,000",0,"404,478"
8416,實威,0,"1,000","-1,000",0.0,0.0,0.0,0,0,0,0,0,0,0,0,0,0,"-1,000"
8421,旭源,"27,000","102,000","-75,000",0.0,0.0,0.0,0,0,0,-516,0,0,0,0,516,-516,"-75,516"
8424,惠普,"1,000",0,"1,000",0.0,0.0,0.0,0,0,0,0,0,0,0,0,0,0,"1,000"
8426,紅木-KY,"17,000","5,000","12,000",0.0,0.0,0.0,0,0,0,0,0,0,0,"6,000","6,000",0,"12,000"
8431,匯鑽科,"95,136","180,000","-84,864",0.0,0.0,0.0,0,0,0,"-13,240",0,0,0,357,"13,597","-13,240","-98,104"
8432,東生華,"1,000","4,000","-3,000",0.0,0.0,0.0,0,0,0,0,0,0,0,0,0,0,"-3,000"
8433,弘帆,"1,000",0,"1,000",0.0,0.0,0.0,0,0,0,0,0,0,0,0,0,0,"1,000"
8436,大江,"247,000","60,000","187,000",0.0,0.0,0.0,0,0,0,"47,744","40,000",0,"40,000","7,744",0,"7,744","234,744"
8437,大地-KY,0,"2,000","-2,000",0.0,0.0,0.0,0,0,0,0,0,0,0,0,0,0,"-2,000"
8440,綠電,"75,000","4,000","71,000",0.0,0.0,0.0,0,0,0,-18,0,0,0,0,18,-18,"70,982"
8446,華研,"11,000","3,000","8,000",0.0,0.0,0.0,0,0,0,0,0,0,0,0,0,0,"8,000"
8450,霹靂,"1,000",0,"1,000",0.0,0.0,0.0,0,0,0,0,0,0,0,0,0,0,"1,000"
8455,大拓-KY,"1,000",0,"1,000",0.0,0.0,0.0,0,0,0,0,0,0,0,0,0,0,"1,000"
8472,夠麻吉,0,"1,000","-1,000",0.0,0.0,0.0,0,0,0,0,0,0,0,0,0,0,"-1,000"
8489,三貝德,"1,000","16,000","-15,000",0.0,0.0,0.0,0,0,0,0,0,0,0,0,0,0,"-15,000"
8905,裕國,0,0,0,0.0,0.0,0.0,0,0,0,-68,0,0,0,0,68,-68,-68
8906,花王,"1,000",0,"1,000",0.0,0.0,0.0,0,0,0,0,0,0,0,0,0,0,"1,000"
8908,欣雄,"7,000","1,000","6,000",0.0,0.0,0.0,0,0,0,-21,0,0,0,0,21,-21,"5,979"
8916,光隆,"398,000","51,000","347,000",0.0,0.0,0.0,0,0,0,"-5,093",0,0,0,"28,000","33,093","-5,093","341,907"
8917,欣泰,"1,000","4,000","-3,000",0.0,0.0,0.0,0,0,0,0,0,0,0,"4,000","4,000",0,"-3,000"
8924,大田,"24,000","31,000","-7,000",0.0,0.0,0.0,0,0,0,-144,0,0,0,0,144,-144,"-7,144"
8927,北基,"110,000","47,000","63,000",0.0,0.0,0.0,0,0,0,0,0,0,0,0,0,0,"63,000"
8929,富堡,0,"1,000","-1,000",0.0,0.0,0.0,0,0,0,0,0,0,0,0,0,0,"-1,000"
8930,青鋼,"1,000","8,000","-7,000",0.0,0.0,0.0,0,0,0,0,0,0,0,0,0,0,"-7,000"
8931,大汽電,"1,000","2,000","-1,000",0.0,0.0,0.0,0,0,0,0,0,0,0,0,0,0,"-1,000"
8932,智通*,"419,769","1,053,000","-633,231",0.0,0.0,0.0,0,0,0,"-137,648",0,0,0,"15,640","153,288","-137,648","-770,879"
8933,愛地雅,"2,000","44,000","-42,000",0.0,0.0,0.0,0,0,0,-438,0,438,-438,0,0,0,"-42,438"
8935,邦泰,"29,000","75,000","-46,000",0.0,0.0,0.0,0,0,0,0,0,0,0,0,0,0,"-46,000"
8936,國統,"145,000","101,000","44,000",0.0,0.0,0.0,0,0,0,0,0,0,0,0,0,0,"44,000"
8937,合騏*,"36,000","29,000","7,000",0.0,0.0,0.0,0,0,0,"-1,991",0,"1,000","-1,000",9,"1,000",-991,"5,009"
8938,明安,"34,000","64,000","-30,000",0.0,0.0,0.0,0,0,0,-428,0,428,-428,0,0,0,"-30,428"
8942,森鉅,"14,000","27,000","-13,000",0.0,0.0,0.0,0,0,0,-474,0,0,0,0,474,-474,"-13,474"
009806,台新標普500,0,0,0,0.0,0.0,0.0,0,0,0,"12,853",0,0,0,"166,103","153,250","12,853","12,853"
009807,台新標普科技精選,0,0,0,0.0,0.0,0.0,0,0,0,-801,0,0,0,"50,571","51,372",-801,-801
009814,富邦標普500,"12,100","26,000","-13,900",0.0,0.0,0.0,"1,000,000",0,"1,000,000","-847,425",0,0,0,"341,000","1,188,425","-847,425","138,675"
009815,大華美國MAG7+,"45,200","937,000","-891,800",0.0,0.0,0.0,0,0,0,"1,627,197",0,0,0,"2,459,000","831,803","1,627,197","735,397"
009822,華南永昌未來金融,0,0,0,0.0,0.0,0.0,0,0,0,"1,112,276",0,0,0,"1,163,276","51,000","1,112,276","1,112,276"
009823,群益S&P500,"2,100","1,000","1,100",0.0,0.0,0.0,0,0,0,"-283,809",0,0,0,"843,000","1,126,809","-283,809","-282,709"
009825,聯邦美國金融創新,0,0,0,0.0,0.0,0.0,0,0,0,"52,365",0,0,0,"102,000","49,635","52,365","52,365"
9949,琉園,"13,000","18,000","-5,000",0.0,0.0,0.0,0,0,0,-190,0,0,0,0,190,-190,"-5,190"
9950,萬國通,"7,000",0,"7,000",0.0,0.0,0.0,0,0,0,0,0,0,0,0,0,0,"7,000"
9951,皇田,"11,000","2,000","9,000",0.0,0.0,0.0,0,0,0,"34,000","34,000",0,"34,000",0,0,0,"43,000"
9962,有益,0,0,0,0.0,0.0,0.0,0,0,0,464,0,0,0,464,0,464,464
020001,富邦存股雙十N,0,0,0,0.0,0.0,0.0,0,0,0,"4,000",0,0,0,"4,000",0,"4,000","4,000"
020025,統一亞洲半導體N,0,0,0,0.0,0.0,0.0,0,0,0,"-5,000",0,0,0,0,"5,000","-5,000","-5,000"
020041,兆豐半導體氣候N,0,0,0,0.0,0.0,0.0,0,0,0,"-32,000",0,0,0,"1,000","33,000","-32,000","-32,000"
72348U,良維群益59售01,0,0,0,0.0,0.0,0.0,0,0,0,"8,000",0,0,0,"8,000",0,"8,000","8,000"
72523U,新應材群益5B售01,0,0,0,0.0,0.0,0.0,0,0,0,"-115,000",0,0,0,0,"115,000","-115,000","-115,000"
72587U,華電網國票5A售01,0,0,0,0.0,0.0,0.0,0,0,0,"8,000",0,0,0,"8,000",0,"8,000","8,000"
72609U,富喬國票58售02,0,0,0,0.0,0.0,0.0,0,0,0,"-10,000",0,0,0,0,"10,000","-10,000","-10,000"
72610U,富喬國票5C售02,0,0,0,0.0,0.0,0.0,0,0,0,"1,000",0,0,0,"1,000",0,"1,000","1,000"
72629U,櫃200群益5B售02,0,0,0,0.0,0.0,0.0,0,0,0,"270,000",0,0,0,"270,000",0,"270,000","270,000"
72638U,譜瑞群益5C售01,0,0,0,0.0,0.0,0.0,0,0,0,"1,000",0,0,0,"1,000",0,"1,000","1,000"
72667U,富喬凱基59售01,0,0,0,0.0,0.0,0.0,0,0,0,"-19,000",0,0,0,"1,000","20,000","-19,000","-19,000"
72692U,信驊群益61售02,0,0,0,0.0,0.0,0.0,0,0,0,"-1,190,000",0,0,0,0,"1,190,000","-1,190,000","-1,190,000"
72693U,穩懋群益59售02,0,0,0,0.0,0.0,0.0,0,0,0,"-1,000",0,0,0,0,"1,000","-1,000","-1,000"
72697U,穩懋凱基59售04,0,0,0,0.0,0.0,0.0,0,0,0,"10,000",0,0,0,"10,000",0,"10,000","10,000"
72704U,點序群益61售01,0,0,0,0.0,0.0,0.0,0,0,0,"-20,000",0,0,0,0,"20,000","-20,000","-20,000"
72707U,精測國票58售02,0,0,0,0.0,0.0,0.0,0,0,0,"2,000",0,0,0,"2,000",0,"2,000","2,000"
72733U,中探針群益62售01,0,0,0,0.0,0.0,0.0,0,0,0,"723,000",0,0,0,"723,000",0,"723,000","723,000"
72735U,世界群益5A售01,0,0,0,0.0,0.0,0.0,0,0,0,"40,000",0,0,0,"40,000",0,"40,000","40,000"
72737U,雙鴻群益5A售04,0,0,0,0.0,0.0,0.0,0,0,0,"-28,000",0,0,0,"47,000","75,000","-28,000","-28,000"
72740U,精測國票59售01,0,0,0,0.0,0.0,0.0,0,0,0,"-18,000",0,0,0,"2,000","20,000","-18,000","-18,000"
72742U,精測國票59售03,0,0,0,0.0,0.0,0.0,0,0,0,"-4,000",0,0,0,0,"4,000","-4,000","-4,000"
72743U,精測國票59售04,0,0,0,0.0,0.0,0.0,0,0,0,"21,000",0,0,0,"21,000",0,"21,000","21,000"
72747U,閎康群益5A售02,0,0,0,0.0,0.0,0.0,0,0,0,"-13,000",0,0,0,0,"13,000","-13,000","-13,000"
72748U,精測群益5A售02,0,0,0,0.0,0.0,0.0,0,0,0,"-13,000",0,0,0,0,"13,000","-13,000","-13,000"
72749U,精測群益62售04,0,0,0,0.0,0.0,0.0,0,0,0,"1,000",0,0,0,"11,000","10,000","1,000","1,000"
72754U,博智群益62售02,0,0,0,0.0,0.0,0.0,0,0,0,"320,000",0,0,0,"320,000",0,"320,000","320,000"
72760U,力旺元富58售03,0,0,0,0.0,0.0,0.0,0,0,0,"-30,000",0,0,0,0,"30,000","-30,000","-30,000"
72763U,譜瑞國票59售02,0,0,0,0.0,0.0,0.0,0,0,0,"25,000",0,0,0,"25,000",0,"25,000","25,000"
72769U,穩懋元富58售03,0,0,0,0.0,0.0,0.0,0,0,0,"-90,000",0,0,0,0,"90,000","-90,000","-90,000"
72772U,穩懋群益63售01,0,0,0,0.0,0.0,0.0,0,0,0,"99,000",0,0,0,"152,000","53,000","99,000","99,000"
72778U,穩懋凱基59售12,0,0,0,0.0,0.0,0.0,0,0,0,"-9,000",0,0,0,"493,000","502,000","-9,000","-9,000"
72781U,系統電國票5A售01,0,0,0,0.0,0.0,0.0,0,0,0,"10,000",0,0,0,"10,000",0,"10,000","10,000"
72792U,台特化凱基59售04,0,0,0,0.0,0.0,0.0,0,0,0,"-9,000",0,0,0,"11,000","20,000","-9,000","-9,000"
72794U,雙鴻凱基5A售02,0,0,0,0.0,0.0,0.0,0,0,0,"-29,000",0,0,0,"101,000","130,000","-29,000","-29,000"
72795U,神盾群益61售01,0,0,0,0.0,0.0,0.0,0,0,0,"-80,000",0,0,0,0,"80,000","-80,000","-80,000"
72799U,雙鴻國票5A售01,0,0,0,0.0,0.0,0.0,0,0,0,"-126,000",0,0,0,"1,483,000","1,609,000","-126,000","-126,000"
72800U,信驊永豐5B售01,0,0,0,0.0,0.0,0.0,0,0,0,"-80,000",0,0,0,0,"80,000","-80,000","-80,000"
72806U,雙鴻凱基59售12,0,0,0,0.0,0.0,0.0,0,0,0,"-280,000",0,0,0,"70,000","350,000","-280,000","-280,000"
72807U,新應材國泰5A售01,0,0,0,0.0,0.0,0.0,0,0,0,"6,000",0,0,0,"6,000",0,"6,000","6,000"
72812U,茂迪國票5A售03,0,0,0,0.0,0.0,0.0,0,0,0,"-20,000",0,0,0,0,"20,000","-20,000","-20,000"
72813U,宜鼎群益5B售03,0,0,0,0.0,0.0,0.0,0,0,0,"-10,000",0,0,0,"12,000","22,000","-10,000","-10,000"
72814U,精測群益5B售02,0,0,0,0.0,0.0,0.0,0,0,0,"-48,000",0,0,0,"4,000","52,000","-48,000","-48,000"
72815U,精測元富59售09,0,0,0,0.0,0.0,0.0,0,0,0,"-10,000",0,0,0,0,"10,000","-10,000","-10,000"
72817U,雙鴻台新59售03,0,0,0,0.0,0.0,0.0,0,0,0,"3,000",0,0,0,"8,000","5,000","3,000","3,000"
72819U,鑫科國票59售02,0,0,0,0.0,0.0,0.0,0,0,0,"-27,000",0,0,0,"3,000","30,000","-27,000","-27,000"
72829U,宏捷科群益5C售01,0,0,0,0.0,0.0,0.0,0,0,0,"-3,000",0,0,0,"7,000","10,000","-3,000","-3,000"
72835U,東捷群益59售03,0,0,0,0.0,0.0,0.0,0,0,0,"-50,000",0,0,0,0,"50,000","-50,000","-50,000"
72836U,東捷群益5B售01,0,0,0,0.0,0.0,0.0,0,0,0,"529,000",0,0,0,"554,000","25,000","529,000","529,000"
72839U,台燿元大59售25,0,0,0,0.0,0.0,0.0,0,0,0,"-22,000",0,0,0,"30,000","52,000","-22,000","-22,000"
72843U,精材群益63售01,0,0,0,0.0,0.0,0.0,0,0,0,"646,000",0,0,0,"731,000","85,000","646,000","646,000"
72845U,雙鴻凱基5A售04,0,0,0,0.0,0.0,0.0,0,0,0,"-200,000",0,0,0,0,"200,000","-200,000","-200,000"
72847U,印能國票5A售04,0,0,0,0.0,0.0,0.0,0,0,0,"-319,000",0,0,0,0,"319,000","-319,000","-319,000"
72848U,雙鴻群益5A售06,0,0,0,0.0,0.0,0.0,0,0,0,"10,000",0,0,0,"10,000",0,"10,000","10,000"
72850U,印能國票5A售05,0,0,0,0.0,0.0,0.0,0,0,0,"-50,000",0,0,0,0,"50,000","-50,000","-50,000"
72852U,旺矽元大5A售03,0,0,0,0.0,0.0,0.0,0,0,0,"-178,000",0,0,0,"33,000","211,000","-178,000","-178,000"
72853U,信驊元大5A售01,0,0,0,0.0,0.0,0.0,0,0,0,"66,000",0,0,0,"101,000","35,000","66,000","66,000"
72854U,信驊永豐61售01,0,0,0,0.0,0.0,0.0,0,0,0,"362,000",0,0,0,"588,000","226,000","362,000","362,000"
72855U,信驊富邦5C售02,0,0,0,0.0,0.0,0.0,0,0,0,"357,000",0,0,0,"624,000","267,000","357,000","357,000"
72856U,頎邦凱基5A售03,0,0,0,0.0,0.0,0.0,0,0,0,"10,000",0,0,0,"10,000",0,"10,000","10,000"
72857U,雙鴻元大5A售06,0,0,0,0.0,0.0,0.0,0,0,0,"-18,000",0,0,0,"2,000","20,000","-18,000","-18,000"
72858U,巨漢國票5A售02,0,0,0,0.0,0.0,0.0,0,0,0,"30,000",0,0,0,"45,000","15,000","30,000","30,000"
72859U,弘塑國票5B售02,0,0,0,0.0,0.0,0.0,0,0,0,"-205,000",0,0,0,"59,000","264,000","-205,000","-205,000"
72860U,弘塑元大5A售03,0,0,0,0.0,0.0,0.0,0,0,0,"-20,000",0,0,0,0,"20,000","-20,000","-20,000"
72861U,華電網凱基5A售01,0,0,0,0.0,0.0,0.0,0,0,0,"2,000",0,0,0,"2,000",0,"2,000","2,000"
72862U,群聯國票5B售02,0,0,0,0.0,0.0,0.0,0,0,0,"102,000",0,0,0,"102,000",0,"102,000","102,000"
72863U,蜜望實國票5A售03,0,0,0,0.0,0.0,0.0,0,0,0,"-1,000",0,0,0,0,"1,000","-1,000","-1,000"
72864U,群聯凱基5A售03,0,0,0,0.0,0.0,0.0,0,0,0,"1,000",0,0,0,"1,000",0,"1,000","1,000"
72865U,信驊永豐5B售03,0,0,0,0.0,0.0,0.0,0,0,0,"-33,000",0,0,0,"7,000","40,000","-33,000","-33,000"
72867U,旺矽富邦61售01,0,0,0,0.0,0.0,0.0,0,0,0,"16,000",0,0,0,"16,000",0,"16,000","16,000"
72868U,富喬群益5C售01,0,0,0,0.0,0.0,0.0,0,0,0,"20,000",0,0,0,"20,000",0,"20,000","20,000"
72869U,立碁國票5B售03,0,0,0,0.0,0.0,0.0,0,0,0,"-62,000",0,0,0,"10,000","72,000","-62,000","-62,000"
72870U,群聯國票5B售06,0,0,0,0.0,0.0,0.0,0,0,0,"-1,000",0,0,0,0,"1,000","-1,000","-1,000"
72871U,群聯群益61售02,0,0,0,0.0,0.0,0.0,0,0,0,"2,000",0,0,0,"2,000",0,"2,000","2,000"
72872U,聖暉*台新5B售01,0,0,0,0.0,0.0,0.0,0,0,0,"20,000",0,0,0,"20,000",0,"20,000","20,000"
72874U,威剛群益5C售02,0,0,0,0.0,0.0,0.0,0,0,0,"-190,000",0,0,0,"270,000","460,000","-190,000","-190,000"
72875U,威剛凱基5B售05,0,0,0,0.0,0.0,0.0,0,0,0,"-38,000",0,0,0,"50,000","88,000","-38,000","-38,000"
72877U,群聯台新5B售07,0,0,0,0.0,0.0,0.0,0,0,0,0,0,0,0,"1,000","1,000",0,0
72878U,群聯台新5B售08,0,0,0,0.0,0.0,0.0,0,0,0,"155,000",0,0,0,"160,000","5,000","155,000","155,000"
72882U,環球晶台新5B售03,0,0,0,0.0,0.0,0.0,0,0,0,"-33,000",0,0,0,0,"33,000","-33,000","-33,000"
72883U,環球晶國票5B售02,0,0,0,0.0,0.0,0.0,0,0,0,"60,000",0,0,0,"61,000","1,000","60,000","60,000"
72885U,中美晶群益5B售02,0,0,0,0.0,0.0,0.0,0,0,0,"149,000",0,0,0,"159,000","10,000","149,000","149,000"
72886U,群聯群益5B售06,0,0,0,0.0,0.0,0.0,0,0,0,"10,000",0,0,0,"10,000",0,"10,000","10,000"
72887U,精材群益5B售05,0,0,0,0.0,0.0,0.0,0,0,0,"248,000",0,0,0,"248,000",0,"248,000","248,000"
72889U,新盛力群益5B售04,0,0,0,0.0,0.0,0.0,0,0,0,"20,000",0,0,0,"20,000",0,"20,000","20,000"
72890U,廣穎群益5B售03,0,0,0,0.0,0.0,0.0,0,0,0,"-110,000",0,0,0,0,"110,000","-110,000","-110,000"
72893U,威剛中信64售01,0,0,0,0.0,0.0,0.0,0,0,0,"-10,000",0,0,0,0,"10,000","-10,000","-10,000"
72894U,世界群益62售01,0,0,0,0.0,0.0,0.0,0,0,0,"-10,000",0,0,0,0,"10,000","-10,000","-10,000"
72896U,精材凱基5B售08,0,0,0,0.0,0.0,0.0,0,0,0,"363,000",0,0,0,"363,000",0,"363,000","363,000"
72897U,精材群益5B售08,0,0,0,0.0,0.0,0.0,0,0,0,"-321,000",0,0,0,0,"321,000","-321,000","-321,000"
72898U,雷科國票5B售03,"3,000","104,000","-101,000",0.0,0.0,0.0,0,0,0,"-315,000",0,0,0,"133,000","448,000","-315,000","-416,000"
72899U,立敦台新5B售04,0,0,0,0.0,0.0,0.0,0,0,0,"-122,000",0,0,0,0,"122,000","-122,000","-122,000"
72900U,德微國票5C售04,0,0,0,0.0,0.0,0.0,0,0,0,"-1,000",0,0,0,0,"1,000","-1,000","-1,000"
72902U,擎亞國票5B售03,0,0,0,0.0,0.0,0.0,0,0,0,"55,000",0,0,0,"75,000","20,000","55,000","55,000"
72903U,群聯凱基5B售08,0,0,0,0.0,0.0,0.0,0,0,0,"-11,000",0,0,0,"16,000","27,000","-11,000","-11,000"
72904U,欣銓台新5B售05,0,0,0,0.0,0.0,0.0,0,0,0,"-156,000",0,0,0,"2,000","158,000","-156,000","-156,000"
72905U,臺慶科台新5B售05,0,0,0,0.0,0.0,0.0,0,0,0,"-20,000",0,0,0,0,"20,000","-20,000","-20,000"
72907U,群聯富邦61售05,0,0,0,0.0,0.0,0.0,0,0,0,"27,000",0,0,0,"31,000","4,000","27,000","27,000"
72908U,威剛群益65售01,0,0,0,0.0,0.0,0.0,0,0,0,"-18,000",0,0,0,"4,000","22,000","-18,000","-18,000"
72909U,威剛凱基65售01,0,0,0,0.0,0.0,0.0,0,0,0,"-12,000",0,0,0,0,"12,000","-12,000","-12,000"
72910U,精材台新5B售06,0,0,0,0.0,0.0,0.0,0,0,0,"-5,000",0,0,0,"5,000","10,000","-5,000","-5,000"
72911U,威剛元大5B售16,0,0,0,0.0,0.0,0.0,0,0,0,"-40,000",0,0,0,0,"40,000","-40,000","-40,000"
72912U,良維群益61售02,0,0,0,0.0,0.0,0.0,0,0,0,"11,000",0,0,0,"22,000","11,000","11,000","11,000"
72913U,威剛群益5B售04,0,0,0,0.0,0.0,0.0,0,0,0,"-67,000",0,0,0,"5,000","72,000","-67,000","-67,000"
72916U,中美晶凱基5B售06,0,0,0,0.0,0.0,0.0,0,0,0,"-278,000",0,0,0,"1,220,000","1,498,000","-278,000","-278,000"
72917U,威剛凱基5B售09,0,0,0,0.0,0.0,0.0,0,0,0,"-36,000",0,0,0,"239,000","275,000","-36,000","-36,000"
72919U,順達台新5C售01,0,0,0,0.0,0.0,0.0,0,0,0,"53,000",0,0,0,"53,000",0,"53,000","53,000"
72920U,佳邦群益5C售01,0,0,0,0.0,0.0,0.0,0,0,0,"-20,000",0,0,0,0,"20,000","-20,000","-20,000"
72921U,富喬台新5C售03,0,0,0,0.0,0.0,0.0,0,0,0,"-38,000",0,0,0,0,"38,000","-38,000","-38,000"
72922U,威剛凱基5C售05,0,0,0,0.0,0.0,0.0,0,0,0,"-5,000",0,0,0,0,"5,000","-5,000","-5,000"
72923U,宜鼎台新5C售05,0,0,0,0.0,0.0,0.0,0,0,0,"27,000",0,0,0,"32,000","5,000","27,000","27,000"
72924U,台半群益5C售03,0,0,0,0.0,0.0,0.0,0,0,0,"-80,000",0,0,0,"40,000","120,000","-80,000","-80,000"
72925U,台半凱基5C售03,0,0,0,0.0,0.0,0.0,0,0,0,"16,000",0,0,0,"32,000","16,000","16,000","16,000"
72926U,臺慶科凱基5C售03,0,0,0,0.0,0.0,0.0,0,0,0,"1,000",0,0,0,"1,000",0,"1,000","1,000"
72927U,聖暉*台新5C售05,0,0,0,0.0,0.0,0.0,0,0,0,"-1,000",0,0,0,0,"1,000","-1,000","-1,000"
72928U,富喬凱基5C售04,0,0,0,0.0,0.0,0.0,0,0,0,"-84,000",0,0,0,"14,000","98,000","-84,000","-84,000"
72931U,群聯群益5C售10,0,0,0,0.0,0.0,0.0,0,0,0,"-7,000",0,0,0,0,"7,000","-7,000","-7,000"
72932U,威剛國泰61售02,0,0,0,0.0,0.0,0.0,0,0,0,"-10,000",0,0,0,0,"10,000","-10,000","-10,000"
72933U,世界群益66售01,0,0,0,0.0,0.0,0.0,0,0,0,"-6,000",0,0,0,0,"6,000","-6,000","-6,000"
72934U,精材群益66售01,0,0,0,0.0,0.0,0.0,0,0,0,"11,000",0,0,0,"39,000","28,000","11,000","11,000"
72935U,世界台新5C售02,0,0,0,0.0,0.0,0.0,0,0,0,"-116,000",0,0,0,"10,000","126,000","-116,000","-116,000"
72936U,宜鼎凱基5C售10,0,0,0,0.0,0.0,0.0,0,0,0,"-191,000",0,0,0,"28,000","219,000","-191,000","-191,000"
72937U,元太國票62售01,0,0,0,0.0,0.0,0.0,0,0,0,"-4,000",0,0,0,"5,000","9,000","-4,000","-4,000"
72938U,世界國票62售01,0,0,0,0.0,0.0,0.0,0,0,0,"-5,000",0,0,0,"1,000","6,000","-5,000","-5,000"
72939U,威剛國票62售01,0,0,0,0.0,0.0,0.0,0,0,0,"-14,000",0,0,0,0,"14,000","-14,000","-14,000"
72941U,雙鴻永豐61售04,0,0,0,0.0,0.0,0.0,0,0,0,"-45,000",0,0,0,"15,000","60,000","-45,000","-45,000"
72942U,家登群益61售03,0,0,0,0.0,0.0,0.0,0,0,0,"-88,000",0,0,0,"11,000","99,000","-88,000","-88,000"
72944U,中光電台新61售03,0,0,0,0.0,0.0,0.0,0,0,0,"24,000",0,0,0,"58,000","34,000","24,000","24,000"
72948U,精材群益63售02,0,0,0,0.0,0.0,0.0,0,0,0,"-8,000",0,0,0,"2,000","10,000","-8,000","-8,000"
72949U,威剛元大61售06,0,0,0,0.0,0.0,0.0,0,0,0,"-40,000",0,0,0,0,"40,000","-40,000","-40,000"
72950U,精材凱基63售02,0,0,0,0.0,0.0,0.0,0,0,0,"-68,000",0,0,0,"2,000","70,000","-68,000","-68,000"
72952U,精材國票61售05,0,0,0,0.0,0.0,0.0,0,0,0,"-267,000",0,0,0,"103,000","370,000","-267,000","-267,000"
72953U,精材國票65售02,0,0,0,0.0,0.0,0.0,0,0,0,"110,000",0,0,0,"110,000",0,"110,000","110,000"
72954U,群聯中信61售02,0,0,0,0.0,0.0,0.0,0,0,0,"79,000",0,0,0,"79,000",0,"79,000","79,000"
72955U,宜鼎國票61售03,0,0,0,0.0,0.0,0.0,0,0,0,"-1,000",0,0,0,0,"1,000","-1,000","-1,000"
72957U,良維群益63售01,0,0,0,0.0,0.0,0.0,0,0,0,"-50,000",0,0,0,0,"50,000","-50,000","-50,000"
72958U,群聯群益63售02,0,0,0,0.0,0.0,0.0,0,0,0,"1,000",0,0,0,"1,000",0,"1,000","1,000"
72959U,雙鴻群益63售03,0,0,0,0.0,0.0,0.0,0,0,0,"-1,000",0,0,0,0,"1,000","-1,000","-1,000"
72961U,群聯凱基61售10,0,0,0,0.0,0.0,0.0,0,0,0,"-35,000",0,0,0,0,"35,000","-35,000","-35,000"
72962U,宜鼎群益67售01,0,0,0,0.0,0.0,0.0,0,0,0,"-3,000",0,0,0,0,"3,000","-3,000","-3,000"
72963U,中美晶國票61售06,0,0,0,0.0,0.0,0.0,0,0,0,"-158,000",0,0,0,"238,000","396,000","-158,000","-158,000"
72964U,中美晶國票64售02,0,0,0,0.0,0.0,0.0,0,0,0,"-21,000",0,0,0,0,"21,000","-21,000","-21,000"
72965U,青雲國票61售03,0,0,0,0.0,0.0,0.0,0,0,0,"-10,000",0,0,0,0,"10,000","-10,000","-10,000"
72967U,順達國票61售03,0,0,0,0.0,0.0,0.0,0,0,0,"1,000",0,0,0,"1,000",0,"1,000","1,000"
72968U,群聯國票64售01,0,0,0,0.0,0.0,0.0,0,0,0,"-7,000",0,0,0,0,"7,000","-7,000","-7,000"
72976U,順達凱基61售06,0,0,0,0.0,0.0,0.0,0,0,0,"-1,000",0,0,0,0,"1,000","-1,000","-1,000"
72978U,威剛凱基61售06,0,0,0,0.0,0.0,0.0,0,0,0,"-8,000",0,0,0,0,"8,000","-8,000","-8,000"
700023,新應材統一5B購02,0,0,0,0.0,0.0,0.0,0,0,0,"-4,000",0,0,0,0,"4,000","-4,000","-4,000"
700024,新應材統一64購02,0,0,0,0.0,0.0,0.0,0,0,0,"-20,000",0,0,0,0,"20,000","-20,000","-20,000"
700025,雙鴻統一5B購01,0,0,0,0.0,0.0,0.0,0,0,0,"-6,000",0,0,0,"4,000","10,000","-6,000","-6,000"
700047,宏捷科凱基59購01,0,0,0,0.0,0.0,0.0,0,0,0,"197,000",0,0,0,"197,000",0,"197,000","197,000"
700065,系統電統一5A購01,0,0,0,0.0,0.0,0.0,0,0,0,"-10,000",0,0,0,0,"10,000","-10,000","-10,000"
700113,雙鴻元大5A購01,0,0,0,0.0,0.0,0.0,0,0,0,"-18,000",0,0,0,"5,000","23,000","-18,000","-18,000"
700126,威剛國票61購01,0,0,0,0.0,0.0,0.0,0,0,0,"1,000",0,0,0,"1,000",0,"1,000","1,000"
700173,雙鴻元大5A購02,0,0,0,0.0,0.0,0.0,0,0,0,"10,000",0,0,0,"10,000",0,"10,000","10,000"
700186,中光電統一6A購01,0,0,0,0.0,0.0,0.0,0,0,0,"-135,000",0,0,0,0,"135,000","-135,000","-135,000"
700187,中美晶統一58購02,0,0,0,0.0,0.0,0.0,0,0,0,"-9,000",0,0,0,0,"9,000","-9,000","-9,000"
700188,中美晶統一5A購02,0,0,0,0.0,0.0,0.0,0,0,0,0,0,0,0,"10,000","10,000",0,0
700192,朋程統一6A購01,0,0,0,0.0,0.0,0.0,0,0,0,"4,000",0,0,0,"54,000","50,000","4,000","4,000"
700193,東洋統一61購01,0,0,0,0.0,0.0,0.0,0,0,0,"-25,000",0,0,0,0,"25,000","-25,000","-25,000"
700198,智冠統一5C購01,0,0,0,0.0,0.0,0.0,0,0,0,"60,000",0,0,0,"60,000",0,"60,000","60,000"
700199,華景電統一61購01,0,0,0,0.0,0.0,0.0,0,0,0,"-8,000",0,0,0,0,"8,000","-8,000","-8,000"
700204,雙鴻統一5A購01,0,0,0,0.0,0.0,0.0,0,0,0,"-20,000",0,0,0,0,"20,000","-20,000","-20,000"
700207,雙鴻統一6A購01,0,0,0,0.0,0.0,0.0,0,0,0,"-3,000",0,0,0,"30,000","33,000","-3,000","-3,000"
700208,騰雲統一6A購01,0,0,0,0.0,0.0,0.0,0,0,0,"-10,000",0,0,0,0,"10,000","-10,000","-10,000"
700258,大綜統一6A購01,0,0,0,0.0,0.0,0.0,0,0,0,"34,000",0,0,0,"66,000","32,000","34,000","34,000"
700261,宜鼎統一6A購01,0,0,0,0.0,0.0,0.0,0,0,0,"16,000",0,0,0,"16,000",0,"16,000","16,000"
700262,尚凡*統一6A購01,0,0,0,0.0,0.0,0.0,0,0,0,"20,000",0,0,0,"20,000",0,"20,000","20,000"
700264,長聖統一6A購01,0,0,0,0.0,0.0,0.0,0,0,0,"3,000",0,0,0,"3,000",0,"3,000","3,000"
700343,中光電統一6A購02,0,0,0,0.0,0.0,0.0,0,0,0,"-1,000",0,0,0,0,"1,000","-1,000","-1,000"
700344,尼克森統一5A購01,0,0,0,0.0,0.0,0.0,0,0,0,"-5,000",0,0,0,0,"5,000","-5,000","-5,000"
700345,立碁統一6A購01,0,0,0,0.0,0.0,0.0,0,0,0,"-308,000",0,0,0,"1,000","309,000","-308,000","-308,000"
700350,茂達統一61購01,0,0,0,0.0,0.0,0.0,0,0,0,"6,000",0,0,0,"6,000",0,"6,000","6,000"
700354,聖暉*統一6A購01,0,0,0,0.0,0.0,0.0,0,0,0,"6,000",0,0,0,"6,000",0,"6,000","6,000"
700355,撼訊統一6A購01,0,0,0,0.0,0.0,0.0,0,0,0,"100,000",0,0,0,"100,000",0,"100,000","100,000"
700357,聰泰統一6A購01,0,0,0,0.0,0.0,0.0,0,0,0,"-100,000",0,0,0,0,"100,000","-100,000","-100,000"
700358,寶島科統一64購01,0,0,0,0.0,0.0,0.0,0,0,0,"34,000",0,0,0,"94,000","60,000","34,000","34,000"
700410,中光電統一5C購01,0,0,0,0.0,0.0,0.0,0,0,0,"-12,000",0,0,0,0,"12,000","-12,000","-12,000"
700415,建榮統一6A購02,0,0,0,0.0,0.0,0.0,0,0,0,"200,000",0,0,0,"200,000",0,"200,000","200,000"
700416,高技統一5A購01,0,0,0,0.0,0.0,0.0,0,0,0,"-5,000",0,0,0,0,"5,000","-5,000","-5,000"
700417,聰泰統一6A購02,0,0,0,0.0,0.0,0.0,0,0,0,"273,000",0,0,0,"283,000","10,000","273,000","273,000"
700582,弘塑國票59購01,0,0,0,0.0,0.0,0.0,0,0,0,"1,000",0,0,0,"1,000",0,"1,000","1,000"
700638,原相元大5A購02,0,0,0,0.0,0.0,0.0,0,0,0,"30,000",0,0,0,"30,000",0,"30,000","30,000"
700670,中光電統一6A購03,0,0,0,0.0,0.0,0.0,0,0,0,"-10,000",0,0,0,0,"10,000","-10,000","-10,000"
700675,高技統一5A購02,0,0,0,0.0,0.0,0.0,0,0,0,"-20,000",0,0,0,0,"20,000","-20,000","-20,000"
700676,高技統一6A購01,0,0,0,0.0,0.0,0.0,0,0,0,"-18,000",0,0,0,0,"18,000","-18,000","-18,000"
700679,智擎統一6A購01,0,0,0,0.0,0.0,0.0,0,0,0,"61,000",0,0,0,"71,000","10,000","61,000","61,000"
700681,鈊象統一6A購01,0,0,0,0.0,0.0,0.0,0,0,0,"19,000",0,0,0,"19,000",0,"19,000","19,000"
700684,雍智統一6A購02,0,0,0,0.0,0.0,0.0,0,0,0,"-10,000",0,0,0,0,"10,000","-10,000","-10,000"
700687,緯軟統一6A購01,0,0,0,0.0,0.0,0.0,0,0,0,"-77,000",0,0,0,0,"77,000","-77,000","-77,000"
700688,營邦統一6A購01,0,0,0,0.0,0.0,0.0,0,0,0,"287,000",0,0,0,"351,000","64,000","287,000","287,000"
700709,神盾統一5C購02,0,0,0,0.0,0.0,0.0,0,0,0,"6,000",0,0,0,"6,000",0,"6,000","6,000"
700710,智通*統一6A購02,0,0,0,0.0,0.0,0.0,0,0,0,"1,000",0,0,0,"1,000",0,"1,000","1,000"
700712,聖暉*統一6A購02,0,0,0,0.0,0.0,0.0,0,0,0,"42,000",0,0,0,"45,000","3,000","42,000","42,000"
700756,威剛統一5C購03,0,0,0,0.0,0.0,0.0,0,0,0,"17,000",0,0,0,"22,000","5,000","17,000","17,000"
700830,中美晶元大5A購01,0,0,0,0.0,0.0,0.0,0,0,0,"4,000",0,0,0,"4,000",0,"4,000","4,000"
700843,世界統一5C購01,0,0,0,0.0,0.0,0.0,0,0,0,"-6,000",0,0,0,0,"6,000","-6,000","-6,000"
700845,臺慶科統一5C購01,0,0,0,0.0,0.0,0.0,0,0,0,"-20,000",0,0,0,0,"20,000","-20,000","-20,000"
700898,力旺統一5A購01,0,0,0,0.0,0.0,0.0,0,0,0,"-167,000",0,0,0,"12,000","179,000","-167,000","-167,000"
700899,力旺統一6A購01,0,0,0,0.0,0.0,0.0,0,0,0,"-414,000",0,0,0,"10,000","424,000","-414,000","-414,000"
700902,光頡統一5A購01,0,0,0,0.0,0.0,0.0,0,0,0,"7,000",0,0,0,"7,000",0,"7,000","7,000"
700904,波若威統一6A購01,0,0,0,0.0,0.0,0.0,0,0,0,"-7,000",0,0,0,"3,000","10,000","-7,000","-7,000"
700920,波若威永豐5A購01,0,0,0,0.0,0.0,0.0,0,0,0,"5,000",0,0,0,"5,000",0,"5,000","5,000"
700983,威剛兆豐5A購01,0,0,0,0.0,0.0,0.0,0,0,0,0,0,0,0,"1,000","1,000",0,0
701097,營邦元大5A購01,0,0,0,0.0,0.0,0.0,0,0,0,"2,000",0,0,0,"2,000",0,"2,000","2,000"
701150,雙鴻國票59購01,0,0,0,0.0,0.0,0.0,0,0,0,0,0,0,0,"40,000","40,000",0,0
701193,威剛元大58購02,0,0,0,0.0,0.0,0.0,0,0,0,"37,000",0,0,0,"37,000",0,"37,000","37,000"
701279,雙鴻國票5B購01,0,0,0,0.0,0.0,0.0,0,0,0,"-305,000",0,0,0,"231,000","536,000","-305,000","-305,000"
701288,訊聯元大5B購01,0,0,0,0.0,0.0,0.0,0,0,0,"-1,000",0,0,0,0,"1,000","-1,000","-1,000"
701388,中光電凱基5A購01,0,0,0,0.0,0.0,0.0,0,0,0,"65,000",0,0,0,"65,000",0,"65,000","65,000"
701422,中光電兆豐5B購01,0,0,0,0.0,0.0,0.0,0,0,0,"1,000",0,0,0,"1,000",0,"1,000","1,000"
701431,台燿統一5B購02,0,0,0,0.0,0.0,0.0,0,0,0,"7,000",0,0,0,"8,000","1,000","7,000","7,000"
701434,良維統一6B購01,0,0,0,0.0,0.0,0.0,0,0,0,"33,000",0,0,0,"33,000",0,"33,000","33,000"
701437,威剛統一5B購01,0,0,0,0.0,0.0,0.0,0,0,0,"-1,000",0,0,0,0,"1,000","-1,000","-1,000"
701438,威剛統一6B購01,0,0,0,0.0,0.0,0.0,0,0,0,"-52,000",0,0,0,"16,000","68,000","-52,000","-52,000"
701440,華星光統一5B購04,0,0,0,0.0,0.0,0.0,0,0,0,"-14,000",0,0,0,0,"14,000","-14,000","-14,000"
701460,神盾凱基5B購01,0,0,0,0.0,0.0,0.0,0,0,0,"-1,000",0,0,0,0,"1,000","-1,000","-1,000"
701571,擎亞元大5B購02,0,0,0,0.0,0.0,0.0,0,0,0,"2,000",0,0,0,"2,000",0,"2,000","2,000"
701592,竹陞統一6B購01,0,0,0,0.0,0.0,0.0,0,0,0,"-160,000",0,0,0,0,"160,000","-160,000","-160,000"
701593,竹陞統一6B購02,0,0,0,0.0,0.0,0.0,0,0,0,"-50,000",0,0,0,"16,000","66,000","-50,000","-50,000"
701595,雙鴻統一59購03,0,0,0,0.0,0.0,0.0,0,0,0,"10,000",0,0,0,"10,000",0,"10,000","10,000"
701623,元太統一5B購01,0,0,0,0.0,0.0,0.0,0,0,0,"-10,000",0,0,0,0,"10,000","-10,000","-10,000"
701624,竹陞統一5C購03,0,0,0,0.0,0.0,0.0,0,0,0,"-119,000",0,0,0,0,"119,000","-119,000","-119,000"
701625,竹陞統一6B購03,0,0,0,0.0,0.0,0.0,0,0,0,"84,000",0,0,0,"125,000","41,000","84,000","84,000"
701741,建榮凱基58購01,0,0,0,0.0,0.0,0.0,0,0,0,"10,000",0,0,0,"10,000",0,"10,000","10,000"
701762,信昌電國票5B購01,0,0,0,0.0,0.0,0.0,0,0,0,"6,000",0,0,0,"6,000",0,"6,000","6,000"
701804,巨有統一6B購01,0,0,0,0.0,0.0,0.0,0,0,0,"-22,000",0,0,0,"7,000","29,000","-22,000","-22,000"
701806,濱川統一6B購01,0,0,0,0.0,0.0,0.0,0,0,0,"140,000",0,0,0,"140,000",0,"140,000","140,000"
701853,巨有統一6B購02,0,0,0,0.0,0.0,0.0,0,0,0,"22,000",0,0,0,"22,000",0,"22,000","22,000"
701971,臺慶科凱基59購01,0,0,0,0.0,0.0,0.0,0,0,0,"-113,000",0,0,0,"23,000","136,000","-113,000","-113,000"
702028,昇達科中信5A購01,0,0,0,0.0,0.0,0.0,0,0,0,"3,000",0,0,0,"3,000",0,"3,000","3,000"
702157,華星光元大58購05,0,0,0,0.0,0.0,0.0,0,0,0,"15,000",0,0,0,"15,000",0,"15,000","15,000"
702161,精測中信5A購01,0,0,0,0.0,0.0,0.0,0,0,0,"-10,000",0,0,0,"31,000","41,000","-10,000","-10,000"
702185,精測元富59購05,0,0,0,0.0,0.0,0.0,0,0,0,"-47,000",0,0,0,0,"47,000","-47,000","-47,000"
702241,力旺國票58購01,0,0,0,0.0,0.0,0.0,0,0,0,"-10,000",0,0,0,"42,000","52,000","-10,000","-10,000"
702281,精測元大5C購01,0,0,0,0.0,0.0,0.0,0,0,0,"2,000",0,0,0,"2,000",0,"2,000","2,000"
702352,華電網國票5C購01,0,0,0,0.0,0.0,0.0,0,0,0,"-270,000",0,0,0,0,"270,000","-270,000","-270,000"
702365,穩懋元大58購01,0,0,0,0.0,0.0,0.0,0,0,0,"2,000",0,0,0,"2,000",0,"2,000","2,000"
702451,新應材富邦5C購01,0,0,0,0.0,0.0,0.0,0,0,0,0,0,0,0,"100,000","100,000",0,0
702592,富喬國票5C購01,0,0,0,0.0,0.0,0.0,0,0,0,"-106,000",0,0,0,"23,000","129,000","-106,000","-106,000"
702593,富喬國票62購01,0,0,0,0.0,0.0,0.0,0,0,0,"-23,000",0,0,0,0,"23,000","-23,000","-23,000"
702611,高技元大5C購01,0,0,0,0.0,0.0,0.0,0,0,0,"-10,000",0,0,0,0,"10,000","-10,000","-10,000"
702649,富喬永豐59購01,0,0,0,0.0,0.0,0.0,0,0,0,"-4,000",0,0,0,0,"4,000","-4,000","-4,000"
702695,穩懋凱基5A購01,0,0,0,0.0,0.0,0.0,0,0,0,"10,000",0,0,0,"10,000",0,"10,000","10,000"
702717,台燿元大59購02,0,0,0,0.0,0.0,0.0,0,0,0,"1,000",0,0,0,"1,000",0,"1,000","1,000"
702746,精測凱基58購02,0,0,0,0.0,0.0,0.0,0,0,0,"-40,000",0,0,0,0,"40,000","-40,000","-40,000"
702752,台特化統一6C購01,0,0,0,0.0,0.0,0.0,0,0,0,"34,000",0,0,0,"34,000",0,"34,000","34,000"
702753,精測統一66購01,0,0,0,0.0,0.0,0.0,0,0,0,"-10,000",0,0,0,0,"10,000","-10,000","-10,000"
702777,精測永豐59購01,0,0,0,0.0,0.0,0.0,0,0,0,"-59,000",0,0,0,0,"59,000","-59,000","-59,000"
702802,台特化元大59購01,0,0,0,0.0,0.0,0.0,0,0,0,"-86,000",0,0,0,0,"86,000","-86,000","-86,000"
702804,良維元大59購01,0,0,0,0.0,0.0,0.0,0,0,0,"2,000",0,0,0,"5,000","3,000","2,000","2,000"
702813,台星科國票58購01,0,0,0,0.0,0.0,0.0,0,0,0,"1,000",0,0,0,"1,000",0,"1,000","1,000"
702833,高技元富5C購02,0,0,0,0.0,0.0,0.0,0,0,0,"3,000",0,0,0,"7,000","4,000","3,000","3,000"
702837,雙鴻中信59購03,0,0,0,0.0,0.0,0.0,0,0,0,"68,000",0,0,0,"163,000","95,000","68,000","68,000"
702878,櫃200群益5B購01,0,0,0,0.0,0.0,0.0,0,0,0,"-10,000",0,0,0,0,"10,000","-10,000","-10,000"
702919,高技元大5B購02,0,0,0,0.0,0.0,0.0,0,0,0,"17,000",0,0,0,"17,000",0,"17,000","17,000"
702949,順達永豐58購01,0,0,0,0.0,0.0,0.0,0,0,0,"4,000",0,0,0,"4,000",0,"4,000","4,000"
702990,華景電元富5C購01,0,0,0,0.0,0.0,0.0,0,0,0,"-1,000",0,0,0,0,"1,000","-1,000","-1,000"
703030,金益鼎凱基5A購01,0,0,0,0.0,0.0,0.0,0,0,0,"-12,000",0,0,0,0,"12,000","-12,000","-12,000"
703036,元太群益5B購01,0,0,0,0.0,0.0,0.0,0,0,0,0,0,0,0,"5,000","5,000",0,0
703045,雙鴻中信5C購02,0,0,0,0.0,0.0,0.0,0,0,0,"51,000",0,0,0,"52,000","1,000","51,000","51,000"
703047,順達永豐58購02,0,0,0,0.0,0.0,0.0,0,0,0,"10,000",0,0,0,"10,000",0,"10,000","10,000"
703075,台特化元大5A購01,0,0,0,0.0,0.0,0.0,0,0,0,"15,000",0,0,0,"15,000",0,"15,000","15,000"
703093,順達中信5B購01,0,0,0,0.0,0.0,0.0,0,0,0,"-10,000",0,0,0,0,"10,000","-10,000","-10,000"
703132,聖暉*元大5C購01,0,0,0,0.0,0.0,0.0,0,0,0,"-1,000",0,0,0,0,"1,000","-1,000","-1,000"
703136,博智統一5C購01,0,0,0,0.0,0.0,0.0,0,0,0,"29,000",0,0,0,"29,000",0,"29,000","29,000"
703137,璟德統一5C購01,0,0,0,0.0,0.0,0.0,0,0,0,"-13,000",0,0,0,0,"13,000","-13,000","-13,000"
703156,湧德群益58購02,0,0,0,0.0,0.0,0.0,0,0,0,0,0,0,0,"20,000","20,000",0,0
703207,台燿群益57購02,0,0,0,0.0,0.0,0.0,0,0,0,"3,000",0,0,0,"3,000",0,"3,000","3,000"
703231,聖暉*凱基58購01,0,0,0,0.0,0.0,0.0,0,0,0,"-3,000",0,0,0,0,"3,000","-3,000","-3,000"
703249,湧德群益58購03,0,0,0,0.0,0.0,0.0,0,0,0,0,0,0,0,"4,000","4,000",0,0
703292,鑫科國票59購01,0,0,0,0.0,0.0,0.0,0,0,0,"-3,000",0,0,0,0,"3,000","-3,000","-3,000"
703296,威剛群益5B購01,0,0,0,0.0,0.0,0.0,0,0,0,"-24,000",0,0,0,"16,000","40,000","-24,000","-24,000"
703320,鈊象中信61購01,0,0,0,0.0,0.0,0.0,0,0,0,"-23,000",0,0,0,"400,000","423,000","-23,000","-23,000"
703321,伍豐永豐59購01,0,0,0,0.0,0.0,0.0,0,0,0,"10,000",0,0,0,"10,000",0,"10,000","10,000"
703327,順達永豐59購01,0,0,0,0.0,0.0,0.0,0,0,0,"20,000",0,0,0,"20,000",0,"20,000","20,000"
703332,雙鴻永豐59購02,0,0,0,0.0,0.0,0.0,0,0,0,"1,000",0,0,0,"1,000",0,"1,000","1,000"
703343,台星科凱基59購01,0,0,0,0.0,0.0,0.0,0,0,0,"-1,000",0,0,0,0,"1,000","-1,000","-1,000"
703349,信驊凱基58購01,0,0,0,0.0,0.0,0.0,0,0,0,0,0,0,0,"21,000","21,000",0,0
703366,威剛國票58購01,0,0,0,0.0,0.0,0.0,0,0,0,0,0,0,0,"5,000","5,000",0,0
703368,威剛國票59購02,0,0,0,0.0,0.0,0.0,0,0,0,"-44,000",0,0,0,0,"44,000","-44,000","-44,000"
703371,富喬國票5B購01,0,0,0,0.0,0.0,0.0,0,0,0,"-60,000",0,0,0,0,"60,000","-60,000","-60,000"
703389,富喬統一65購01,0,0,0,0.0,0.0,0.0,0,0,0,"-80,000",0,0,0,0,"80,000","-80,000","-80,000"
703404,信驊永豐58購02,0,0,0,0.0,0.0,0.0,0,0,0,0,0,0,0,"100,000","100,000",0,0
703419,富喬元大5C購01,0,0,0,0.0,0.0,0.0,0,0,0,"19,000",0,0,0,"20,000","1,000","19,000","19,000"
703420,富喬元大61購02,0,0,0,0.0,0.0,0.0,0,0,0,"-160,000",0,0,0,0,"160,000","-160,000","-160,000"
703436,台特化兆豐59購01,0,0,0,0.0,0.0,0.0,0,0,0,"-50,000",0,0,0,0,"50,000","-50,000","-50,000"
703441,晟田國票59購01,0,0,0,0.0,0.0,0.0,0,0,0,"3,000",0,0,0,"3,000",0,"3,000","3,000"
703454,欣銓永豐59購02,0,0,0,0.0,0.0,0.0,0,0,0,"-23,000",0,0,0,0,"23,000","-23,000","-23,000"
703465,台特化統一71購01,0,0,0,0.0,0.0,0.0,0,0,0,"-50,000",0,0,0,0,"50,000","-50,000","-50,000"
703468,宏捷科統一71購01,0,0,0,0.0,0.0,0.0,0,0,0,"-128,000",0,0,0,"20,000","148,000","-128,000","-128,000"
703470,欣銓統一5C購01,0,0,0,0.0,0.0,0.0,0,0,0,"-1,000",0,0,0,0,"1,000","-1,000","-1,000"
703473,欣銓統一6C購01,0,0,0,0.0,0.0,0.0,0,0,0,"-20,000",0,0,0,0,"20,000","-20,000","-20,000"
703480,穩懋統一5C購01,0,0,0,0.0,0.0,0.0,0,0,0,"-3,000",0,0,0,0,"3,000","-3,000","-3,000"
703514,新應材國泰58購02,0,0,0,0.0,0.0,0.0,0,0,0,"10,000",0,0,0,"10,000",0,"10,000","10,000"
703522,矽科富邦59購01,0,0,0,0.0,0.0,0.0,0,0,0,"-2,000",0,0,0,0,"2,000","-2,000","-2,000"
703528,系統電元大5A購01,0,0,0,0.0,0.0,0.0,0,0,0,"100,000",0,0,0,"100,000",0,"100,000","100,000"
703548,聖暉*元大59購02,0,0,0,0.0,0.0,0.0,0,0,0,"-4,000",0,0,0,0,"4,000","-4,000","-4,000"
703581,臺慶科凱基5C購01,0,0,0,0.0,0.0,0.0,0,0,0,"-40,000",0,0,0,"20,000","60,000","-40,000","-40,000"
703599,世禾國票59購01,0,0,0,0.0,0.0,0.0,0,0,0,"166,000",0,0,0,"250,000","84,000","166,000","166,000"
703602,亞電國票58購01,0,0,0,0.0,0.0,0.0,0,0,0,"-1,000",0,0,0,0,"1,000","-1,000","-1,000"
703605,矽科國票58購01,0,0,0,0.0,0.0,0.0,0,0,0,"1,150,000",0,0,0,"1,150,000",0,"1,150,000","1,150,000"
703606,青雲國票58購01,0,0,0,0.0,0.0,0.0,0,0,0,"20,000",0,0,0,"20,000",0,"20,000","20,000"
703611,崴寶國票58購01,0,0,0,0.0,0.0,0.0,0,0,0,"-180,000",0,0,0,0,"180,000","-180,000","-180,000"
703616,矽科統一6C購01,0,0,0,0.0,0.0,0.0,0,0,0,"-5,000",0,0,0,0,"5,000","-5,000","-5,000"
703618,長科*統一64購01,0,0,0,0.0,0.0,0.0,0,0,0,"-1,000",0,0,0,0,"1,000","-1,000","-1,000"
703619,家登統一6C購01,0,0,0,0.0,0.0,0.0,0,0,0,"-36,000",0,0,0,"9,000","45,000","-36,000","-36,000"
703622,台星科凱基59購02,0,0,0,0.0,0.0,0.0,0,0,0,"-1,000",0,0,0,0,"1,000","-1,000","-1,000"
703628,博智凱基59購02,0,0,0,0.0,0.0,0.0,0,0,0,"12,000",0,0,0,"12,000",0,"12,000","12,000"
703630,聖暉*凱基59購01,0,0,0,0.0,0.0,0.0,0,0,0,"10,000",0,0,0,"10,000",0,"10,000","10,000"
703632,穩懋凱基5C購01,0,0,0,0.0,0.0,0.0,0,0,0,"-17,000",0,0,0,0,"17,000","-17,000","-17,000"
703639,台特化國票5A購01,0,0,0,0.0,0.0,0.0,0,0,0,"-101,000",0,0,0,0,"101,000","-101,000","-101,000"
703648,宜鼎元大5A購02,0,0,0,0.0,0.0,0.0,0,0,0,"2,000",0,0,0,"2,000",0,"2,000","2,000"
703652,湧德元大61購01,0,0,0,0.0,0.0,0.0,0,0,0,"-84,000",0,0,0,0,"84,000","-84,000","-84,000"
703660,聖暉*元大5C購02,0,0,0,0.0,0.0,0.0,0,0,0,"-2,000",0,0,0,0,"2,000","-2,000","-2,000"
703664,家登凱基59購03,0,0,0,0.0,0.0,0.0,0,0,0,"-30,000",0,0,0,0,"30,000","-30,000","-30,000"
703684,聖暉*元大5A購02,0,0,0,0.0,0.0,0.0,0,0,0,0,0,0,0,"3,000","3,000",0,0
703688,金益鼎國票58購01,0,0,0,0.0,0.0,0.0,0,0,0,"10,000",0,0,0,"10,000",0,"10,000","10,000"
703747,弘塑永豐59購02,0,0,0,0.0,0.0,0.0,0,0,0,"-10,000",0,0,0,0,"10,000","-10,000","-10,000"
703754,原相永豐59購01,0,0,0,0.0,0.0,0.0,0,0,0,"30,000",0,0,0,"30,000",0,"30,000","30,000"
703759,崴寶永豐59購01,0,0,0,0.0,0.0,0.0,0,0,0,"-50,000",0,0,0,0,"50,000","-50,000","-50,000"
703767,譜瑞永豐59購01,0,0,0,0.0,0.0,0.0,0,0,0,0,0,0,0,"410,000","410,000",0,0
703776,精材凱基58購01,0,0,0,0.0,0.0,0.0,0,0,0,0,0,0,0,"47,000","47,000",0,0
703785,世界國票61購01,0,0,0,0.0,0.0,0.0,0,0,0,"6,000",0,0,0,"10,000","4,000","6,000","6,000"
703837,系統電元大5B購02,0,0,0,0.0,0.0,0.0,0,0,0,"-146,000",0,0,0,"58,000","204,000","-146,000","-146,000"
703851,穩懋凱基59購02,0,0,0,0.0,0.0,0.0,0,0,0,"-2,000",0,0,0,0,"2,000","-2,000","-2,000"
703858,廣運富邦59購01,0,0,0,0.0,0.0,0.0,0,0,0,"-50,000",0,0,0,0,"50,000","-50,000","-50,000"
703862,巨漢統一61購01,0,0,0,0.0,0.0,0.0,0,0,0,"10,000",0,0,0,"10,000",0,"10,000","10,000"
703869,捷創統一71購01,0,0,0,0.0,0.0,0.0,0,0,0,"-30,000",0,0,0,0,"30,000","-30,000","-30,000"
703873,崴寶統一71購01,0,0,0,0.0,0.0,0.0,0,0,0,"-25,000",0,0,0,0,"25,000","-25,000","-25,000"
703874,鉅橡統一61購01,0,0,0,0.0,0.0,0.0,0,0,0,"21,000",0,0,0,"21,000",0,"21,000","21,000"
703875,鉅橡統一61購02,0,0,0,0.0,0.0,0.0,0,0,0,"200,000",0,0,0,"200,000",0,"200,000","200,000"
703878,精材統一71購01,0,0,0,0.0,0.0,0.0,0,0,0,"-1,000",0,0,0,0,"1,000","-1,000","-1,000"
703879,臺慶科統一71購01,0,0,0,0.0,0.0,0.0,0,0,0,"-141,000",0,0,0,0,"141,000","-141,000","-141,000"
703893,晟德國票58購01,0,0,0,0.0,0.0,0.0,0,0,0,"4,000",0,0,0,"4,000",0,"4,000","4,000"
703904,松瑞藥永豐58購01,0,0,0,0.0,0.0,0.0,0,0,0,"70,000",0,0,0,"70,000",0,"70,000","70,000"
703917,耀勝凱基5A購01,0,0,0,0.0,0.0,0.0,0,0,0,"6,000",0,0,0,"6,000",0,"6,000","6,000"
703918,宇峻國票58購01,0,0,0,0.0,0.0,0.0,0,0,0,"-499,000",0,0,0,0,"499,000","-499,000","-499,000"
703921,神準國票59購01,0,0,0,0.0,0.0,0.0,0,0,0,"-11,000",0,0,0,0,"11,000","-11,000","-11,000"
703927,東捷國泰58購02,0,0,0,0.0,0.0,0.0,0,0,0,"1,000",0,0,0,"1,000",0,"1,000","1,000"
703959,精材永豐58購01,0,0,0,0.0,0.0,0.0,0,0,0,0,0,0,0,"2,000","2,000",0,0
703962,中美晶統一61購01,0,0,0,0.0,0.0,0.0,0,0,0,"-10,000",0,0,0,0,"10,000","-10,000","-10,000"
703964,世禾統一65購01,0,0,0,0.0,0.0,0.0,0,0,0,"184,000",0,0,0,"184,000",0,"184,000","184,000"
703965,世界統一5B購01,0,0,0,0.0,0.0,0.0,0,0,0,"-1,000",0,0,0,0,"1,000","-1,000","-1,000"
703966,台半統一71購01,0,0,0,0.0,0.0,0.0,0,0,0,"-70,000",0,0,0,"18,000","88,000","-70,000","-70,000"
703967,台半統一71購02,0,0,0,0.0,0.0,0.0,0,0,0,"-50,000",0,0,0,0,"50,000","-50,000","-50,000"
703968,台星科統一71購01,0,0,0,0.0,0.0,0.0,0,0,0,"-25,000",0,0,0,"160,000","185,000","-25,000","-25,000"
703975,佶優統一71購01,0,0,0,0.0,0.0,0.0,0,0,0,"-102,000",0,0,0,0,"102,000","-102,000","-102,000"
703980,順達統一61購01,0,0,0,0.0,0.0,0.0,0,0,0,"17,000",0,0,0,"17,000",0,"17,000","17,000"
703984,廣明統一61購01,0,0,0,0.0,0.0,0.0,0,0,0,"-10,000",0,0,0,0,"10,000","-10,000","-10,000"
704000,穩懋凱基59購03,0,0,0,0.0,0.0,0.0,0,0,0,"-20,000",0,0,0,0,"20,000","-20,000","-20,000"
704001,宇峻國泰58購01,0,0,0,0.0,0.0,0.0,0,0,0,"-10,000",0,0,0,0,"10,000","-10,000","-10,000"
704011,元太統一61購01,0,0,0,0.0,0.0,0.0,0,0,0,"-10,000",0,0,0,0,"10,000","-10,000","-10,000"
704012,世禾統一71購01,0,0,0,0.0,0.0,0.0,0,0,0,"1,000",0,0,0,"1,000",0,"1,000","1,000"
704013,台半統一61購01,0,0,0,0.0,0.0,0.0,0,0,0,"9,000",0,0,0,"9,000",0,"9,000","9,000"
704016,巨漢統一61購02,0,0,0,0.0,0.0,0.0,0,0,0,"-273,000",0,0,0,0,"273,000","-273,000","-273,000"
704021,矽科統一61購01,0,0,0,0.0,0.0,0.0,0,0,0,"268,000",0,0,0,"268,000",0,"268,000","268,000"
704023,金益鼎統一61購01,0,0,0,0.0,0.0,0.0,0,0,0,"-6,000",0,0,0,0,"6,000","-6,000","-6,000"
704029,穩懋統一71購02,0,0,0,0.0,0.0,0.0,0,0,0,"-1,000",0,0,0,0,"1,000","-1,000","-1,000"
704046,台星科群益5A購01,0,0,0,0.0,0.0,0.0,0,0,0,"-131,000",0,0,0,"29,000","160,000","-131,000","-131,000"
704051,信驊群益61購01,0,0,0,0.0,0.0,0.0,0,0,0,"7,000",0,0,0,"7,000",0,"7,000","7,000"
704062,巨漢永豐59購01,0,0,0,0.0,0.0,0.0,0,0,0,"-50,000",0,0,0,0,"50,000","-50,000","-50,000"
704080,世禾富邦5C購01,0,0,0,0.0,0.0,0.0,0,0,0,"350,000",0,0,0,"350,000",0,"350,000","350,000"
704081,家登富邦59購02,0,0,0,0.0,0.0,0.0,0,0,0,"10,000",0,0,0,"20,000","10,000","10,000","10,000"
704090,台半統一71購03,0,0,0,0.0,0.0,0.0,0,0,0,"21,000",0,0,0,"21,000",0,"21,000","21,000"
704091,巨漢統一71購02,0,0,0,0.0,0.0,0.0,0,0,0,"-71,000",0,0,0,0,"71,000","-71,000","-71,000"
704094,佳邦統一71購01,0,0,0,0.0,0.0,0.0,0,0,0,"-35,000",0,0,0,0,"35,000","-35,000","-35,000"
704096,金山電統一71購01,0,0,0,0.0,0.0,0.0,0,0,0,"-58,000",0,0,0,"2,000","60,000","-58,000","-58,000"
704105,精材統一5B購01,0,0,0,0.0,0.0,0.0,0,0,0,"3,000",0,0,0,"3,000",0,"3,000","3,000"
704106,精材統一64購01,0,0,0,0.0,0.0,0.0,0,0,0,"-5,000",0,0,0,0,"5,000","-5,000","-5,000"
704108,璟德統一71購01,0,0,0,0.0,0.0,0.0,0,0,0,"-90,000",0,0,0,0,"90,000","-90,000","-90,000"
704116,茂迪國票58購01,0,0,0,0.0,0.0,0.0,0,0,0,0,0,0,0,"10,000","10,000",0,0
704121,擎邦國票58購01,0,0,0,0.0,0.0,0.0,0,0,0,"50,000",0,0,0,"50,000",0,"50,000","50,000"
704130,華容群益58購02,0,0,0,0.0,0.0,0.0,0,0,0,"12,000",0,0,0,"12,000",0,"12,000","12,000"
704134,鑫科群益5A購01,0,0,0,0.0,0.0,0.0,0,0,0,"-11,000",0,0,0,0,"11,000","-11,000","-11,000"
704146,穩懋元大5B購03,0,0,0,0.0,0.0,0.0,0,0,0,"22,000",0,0,0,"27,000","5,000","22,000","22,000"
704161,合晶兆豐59購01,0,0,0,0.0,0.0,0.0,0,0,0,0,0,0,0,"10,000","10,000",0,0
704170,世界元大5A購01,0,0,0,0.0,0.0,0.0,0,0,0,"-7,000",0,0,0,0,"7,000","-7,000","-7,000"
704181,亞電群益58購02,0,0,0,0.0,0.0,0.0,0,0,0,"10,000",0,0,0,"10,000",0,"10,000","10,000"
704202,鑫科永豐61購01,0,0,0,0.0,0.0,0.0,0,0,0,"-2,000",0,0,0,0,"2,000","-2,000","-2,000"
704203,中美晶統一71購01,0,0,0,0.0,0.0,0.0,0,0,0,"-9,000",0,0,0,0,"9,000","-9,000","-9,000"
704204,元太統一61購02,0,0,0,0.0,0.0,0.0,0,0,0,"-581,000",0,0,0,"24,000","605,000","-581,000","-581,000"
704205,世紀*統一61購01,0,0,0,0.0,0.0,0.0,0,0,0,"-10,000",0,0,0,0,"10,000","-10,000","-10,000"
704211,宜鼎統一63購01,0,0,0,0.0,0.0,0.0,0,0,0,"-18,000",0,0,0,0,"18,000","-18,000","-18,000"
704214,旺矽統一71購01,0,0,0,0.0,0.0,0.0,0,0,0,"-3,000",0,0,0,0,"3,000","-3,000","-3,000"
704215,松瑞藥統一61購01,0,0,0,0.0,0.0,0.0,0,0,0,0,0,0,0,"51,000","51,000",0,0
704220,家登統一71購01,0,0,0,0.0,0.0,0.0,0,0,0,"-27,000",0,0,0,0,"27,000","-27,000","-27,000"
704221,高鋒統一61購01,0,0,0,0.0,0.0,0.0,0,0,0,"6,000",0,0,0,"6,000",0,"6,000","6,000"
704237,世界元大5A購02,0,0,0,0.0,0.0,0.0,0,0,0,"1,000",0,0,0,"1,000",0,"1,000","1,000"
704244,富喬元大5A購01,0,0,0,0.0,0.0,0.0,0,0,0,"-1,000",0,0,0,"100,000","101,000","-1,000","-1,000"
704256,富喬永豐5B購01,0,0,0,0.0,0.0,0.0,0,0,0,"60,000",0,0,0,"60,000",0,"60,000","60,000"
704257,富喬永豐5C購01,0,0,0,0.0,0.0,0.0,0,0,0,"96,000",0,0,0,"96,000",0,"96,000","96,000"
704258,富喬永豐64購01,0,0,0,0.0,0.0,0.0,0,0,0,"44,000",0,0,0,"55,000","11,000","44,000","44,000"
704261,世界兆豐59購02,0,0,0,0.0,0.0,0.0,0,0,0,"-8,000",0,0,0,0,"8,000","-8,000","-8,000"
704280,世界統一71購02,0,0,0,0.0,0.0,0.0,0,0,0,"65,000",0,0,0,"75,000","10,000","65,000","65,000"
704287,富喬統一61購01,0,0,0,0.0,0.0,0.0,0,0,0,"-10,000",0,0,0,0,"10,000","-10,000","-10,000"
704289,富喬統一61購03,0,0,0,0.0,0.0,0.0,0,0,0,"-10,000",0,0,0,0,"10,000","-10,000","-10,000"
704290,富喬統一61購04,0,0,0,0.0,0.0,0.0,0,0,0,"-10,000",0,0,0,0,"10,000","-10,000","-10,000"
704294,富喬統一71購01,0,0,0,0.0,0.0,0.0,0,0,0,"61,000",0,0,0,"78,000","17,000","61,000","61,000"
704295,富喬統一71購02,0,0,0,0.0,0.0,0.0,0,0,0,"56,000",0,0,0,"61,000","5,000","56,000","56,000"
704312,世界元大58購01,0,0,0,0.0,0.0,0.0,0,0,0,"-2,000",0,0,0,0,"2,000","-2,000","-2,000"
704328,高鋒國泰58購01,0,0,0,0.0,0.0,0.0,0,0,0,"80,000",0,0,0,"80,000",0,"80,000","80,000"
704339,精測群益59購02,0,0,0,0.0,0.0,0.0,0,0,0,"-20,000",0,0,0,0,"20,000","-20,000","-20,000"
704340,點序群益59購02,0,0,0,0.0,0.0,0.0,0,0,0,"100,000",0,0,0,"100,000",0,"100,000","100,000"
704346,精測富邦59購01,0,0,0,0.0,0.0,0.0,0,0,0,"214,000",0,0,0,"498,000","284,000","214,000","214,000"
704351,精測統一61購01,0,0,0,0.0,0.0,0.0,0,0,0,"-20,000",0,0,0,0,"20,000","-20,000","-20,000"
704352,精測統一61購02,0,0,0,0.0,0.0,0.0,0,0,0,"-15,000",0,0,0,0,"15,000","-15,000","-15,000"
704353,精測統一71購01,0,0,0,0.0,0.0,0.0,0,0,0,"274,000",0,0,0,"313,000","39,000","274,000","274,000"
704362,雷科永豐59購02,0,0,0,0.0,0.0,0.0,0,0,0,"5,000",0,0,0,"5,000",0,"5,000","5,000"
704365,精測永豐5A購01,0,0,0,0.0,0.0,0.0,0,0,0,"10,000",0,0,0,"10,000",0,"10,000","10,000"
704370,世界國票5B購01,0,0,0,0.0,0.0,0.0,0,0,0,"-313,000",0,0,0,"4,000","317,000","-313,000","-313,000"
704373,精測國票5A購01,0,0,0,0.0,0.0,0.0,0,0,0,"2,000",0,0,0,"2,000",0,"2,000","2,000"
704374,精測國票5A購02,0,0,0,0.0,0.0,0.0,0,0,0,"-14,000",0,0,0,0,"14,000","-14,000","-14,000"
704387,家登國泰58購02,0,0,0,0.0,0.0,0.0,0,0,0,"15,000",0,0,0,"50,000","35,000","15,000","15,000"
704396,順達元大5A購05,0,0,0,0.0,0.0,0.0,0,0,0,"-26,000",0,0,0,0,"26,000","-26,000","-26,000"
704401,信昌電富邦5C購01,0,0,0,0.0,0.0,0.0,0,0,0,"3,000",0,0,0,"3,000",0,"3,000","3,000"
704404,精測統一5C購01,0,0,0,0.0,0.0,0.0,0,0,0,"-10,000",0,0,0,0,"10,000","-10,000","-10,000"
704406,亞電永豐59購01,0,0,0,0.0,0.0,0.0,0,0,0,"19,000",0,0,0,"20,000","1,000","19,000","19,000"
704409,精測永豐5A購02,0,0,0,0.0,0.0,0.0,0,0,0,"-40,000",0,0,0,0,"40,000","-40,000","-40,000"
704418,精測群益59購03,0,0,0,0.0,0.0,0.0,0,0,0,"-10,000",0,0,0,0,"10,000","-10,000","-10,000"
704434,宏捷科凱基58購02,0,0,0,0.0,0.0,0.0,0,0,0,"-1,000",0,0,0,"50,000","51,000","-1,000","-1,000"
704443,能率亞國票58購02,0,0,0,0.0,0.0,0.0,0,0,0,"-1,275,000",0,0,0,0,"1,275,000","-1,275,000","-1,275,000"
704469,凡甲國票58購01,0,0,0,0.0,0.0,0.0,0,0,0,"-10,000",0,0,0,0,"10,000","-10,000","-10,000"
704473,系統電國票58購02,0,0,0,0.0,0.0,0.0,0,0,0,"229,000",0,0,0,"229,000",0,"229,000","229,000"
704475,亞電國票58購02,0,0,0,0.0,0.0,0.0,0,0,0,"67,000",0,0,0,"71,000","4,000","67,000","67,000"
704481,中探針元大61購01,0,0,0,0.0,0.0,0.0,0,0,0,"-5,000",0,0,0,0,"5,000","-5,000","-5,000"
704507,亞電永豐5B購01,0,0,0,0.0,0.0,0.0,0,0,0,"147,000",0,0,0,"179,000","32,000","147,000","147,000"
704526,能率群益59購01,0,0,0,0.0,0.0,0.0,0,0,0,"10,000",0,0,0,"10,000",0,"10,000","10,000"
704534,台半統一5C購04,0,0,0,0.0,0.0,0.0,0,0,0,"5,000",0,0,0,"5,000",0,"5,000","5,000"
704536,尼克森統一5B購01,0,0,0,0.0,0.0,0.0,0,0,0,"-5,000",0,0,0,0,"5,000","-5,000","-5,000"
704539,竹陞統一64購01,0,0,0,0.0,0.0,0.0,0,0,0,"-50,000",0,0,0,0,"50,000","-50,000","-50,000"
704543,宜鼎統一66購01,0,0,0,0.0,0.0,0.0,0,0,0,"-5,000",0,0,0,0,"5,000","-5,000","-5,000"
704544,宜鼎統一71購02,0,0,0,0.0,0.0,0.0,0,0,0,"50,000",0,0,0,"50,000",0,"50,000","50,000"
704546,長科*統一71購01,0,0,0,0.0,0.0,0.0,0,0,0,"-20,000",0,0,0,0,"20,000","-20,000","-20,000"
704547,佶優統一61購02,0,0,0,0.0,0.0,0.0,0,0,0,"6,000",0,0,0,"6,000",0,"6,000","6,000"
704549,茂迪統一5B購01,0,0,0,0.0,0.0,0.0,0,0,0,"-22,000",0,0,0,0,"22,000","-22,000","-22,000"
704550,能率亞統一61購02,0,0,0,0.0,0.0,0.0,0,0,0,"-10,000",0,0,0,0,"10,000","-10,000","-10,000"
704552,順達統一63購01,0,0,0,0.0,0.0,0.0,0,0,0,"4,000",0,0,0,"4,000",0,"4,000","4,000"
704590,能率亞統一63購01,0,0,0,0.0,0.0,0.0,0,0,0,"340,000",0,0,0,"340,000",0,"340,000","340,000"
704591,能率亞統一71購02,0,0,0,0.0,0.0,0.0,0,0,0,"-1,000",0,0,0,0,"1,000","-1,000","-1,000"
704592,能率統一71購01,0,0,0,0.0,0.0,0.0,0,0,0,"23,000",0,0,0,"23,000",0,"23,000","23,000"
704618,宜鼎群益59購01,0,0,0,0.0,0.0,0.0,0,0,0,"-8,000",0,0,0,"2,000","10,000","-8,000","-8,000"
704620,博智群益5B購01,0,0,0,0.0,0.0,0.0,0,0,0,0,0,0,0,"10,000","10,000",0,0
704629,智通*統一61購01,0,0,0,0.0,0.0,0.0,0,0,0,"50,000",0,0,0,"60,000","10,000","50,000","50,000"
704638,廣運永豐61購01,0,0,0,0.0,0.0,0.0,0,0,0,"4,000",0,0,0,"4,000",0,"4,000","4,000"
704665,鈊象元大5C購01,0,0,0,0.0,0.0,0.0,0,0,0,"-436,000",0,0,0,"84,000","520,000","-436,000","-436,000"
704668,穩得元大5B購01,0,0,0,0.0,0.0,0.0,0,0,0,"245,000",0,0,0,"245,000",0,"245,000","245,000"
704675,擎亞群益57購02,0,0,0,0.0,0.0,0.0,0,0,0,"30,000",0,0,0,"30,000",0,"30,000","30,000"
704678,中光電永豐59購01,0,0,0,0.0,0.0,0.0,0,0,0,"-713,000",0,0,0,"47,000","760,000","-713,000","-713,000"
704685,穩懋永豐5A購02,0,0,0,0.0,0.0,0.0,0,0,0,"25,000",0,0,0,"45,000","20,000","25,000","25,000"
704687,M31凱基5A購01,0,0,0,0.0,0.0,0.0,0,0,0,"-17,000",0,0,0,"5,000","22,000","-17,000","-17,000"
704690,竹陞凱基59購01,0,0,0,0.0,0.0,0.0,0,0,0,"140,000",0,0,0,"140,000",0,"140,000","140,000"
704733,鑫聯永豐5A購01,0,0,0,0.0,0.0,0.0,0,0,0,"-27,000",0,0,0,0,"27,000","-27,000","-27,000"
704743,竹陞國票59購01,0,0,0,0.0,0.0,0.0,0,0,0,"-39,000",0,0,0,"21,000","60,000","-39,000","-39,000"
704768,沛亨永豐59購02,0,0,0,0.0,0.0,0.0,0,0,0,"-10,000",0,0,0,0,"10,000","-10,000","-10,000"
704775,博智群益62購01,0,0,0,0.0,0.0,0.0,0,0,0,"5,000",0,0,0,"10,000","5,000","5,000","5,000"
704781,點序群益62購01,0,0,0,0.0,0.0,0.0,0,0,0,"-50,000",0,0,0,0,"50,000","-50,000","-50,000"
704787,信驊凱基61購01,0,0,0,0.0,0.0,0.0,0,0,0,"-10,000",0,0,0,0,"10,000","-10,000","-10,000"
704791,擎亞凱基58購04,0,0,0,0.0,0.0,0.0,0,0,0,"435,000",0,0,0,"435,000",0,"435,000","435,000"
704800,世界元大58購07,0,0,0,0.0,0.0,0.0,0,0,0,"45,000",0,0,0,"45,000",0,"45,000","45,000"
704804,弘塑元大59購03,0,0,0,0.0,0.0,0.0,0,0,0,"-25,000",0,0,0,"3,000","28,000","-25,000","-25,000"
704805,均華元大58購02,0,0,0,0.0,0.0,0.0,0,0,0,0,0,0,0,"2,000","2,000",0,0
704807,宜鼎元大5A購04,0,0,0,0.0,0.0,0.0,0,0,0,"10,000",0,0,0,"10,000",0,"10,000","10,000"
704808,信驊元大58購01,0,0,0,0.0,0.0,0.0,0,0,0,"100,000",0,0,0,"100,000",0,"100,000","100,000"
704815,擎亞元大58購03,0,0,0,0.0,0.0,0.0,0,0,0,"100,000",0,0,0,"100,000",0,"100,000","100,000"
704831,信驊國票5C購01,0,0,0,0.0,0.0,0.0,0,0,0,"-19,000",0,0,0,0,"19,000","-19,000","-19,000"
704837,磐儀國票59購01,0,0,0,0.0,0.0,0.0,0,0,0,"-69,000",0,0,0,"17,000","86,000","-69,000","-69,000"
704838,擎亞國票58購03,0,0,0,0.0,0.0,0.0,0,0,0,"10,000",0,0,0,"10,000",0,"10,000","10,000"
704839,擎亞國票5A購01,0,0,0,0.0,0.0,0.0,0,0,0,"-10,000",0,0,0,0,"10,000","-10,000","-10,000"
704842,台星科富邦5B購01,0,0,0,0.0,0.0,0.0,0,0,0,"285,000",0,0,0,"626,000","341,000","285,000","285,000"
704845,信驊富邦5B購01,0,0,0,0.0,0.0,0.0,0,0,0,"-8,000",0,0,0,0,"8,000","-8,000","-8,000"
704846,智通*富邦5A購01,0,0,0,0.0,0.0,0.0,0,0,0,"-209,000",0,0,0,"67,000","276,000","-209,000","-209,000"
704852,雙鴻富邦5A購01,0,0,0,0.0,0.0,0.0,0,0,0,"-1,001,000",0,0,0,"584,000","1,585,000","-1,001,000","-1,001,000"
704880,榮剛富邦5A購01,0,0,0,0.0,0.0,0.0,0,0,0,"18,000",0,0,0,"20,000","2,000","18,000","18,000"
704881,譜瑞兆豐62購01,0,0,0,0.0,0.0,0.0,0,0,0,"25,000",0,0,0,"25,000",0,"25,000","25,000"
704882,朋億*國票59購01,0,0,0,0.0,0.0,0.0,0,0,0,"-24,000",0,0,0,0,"24,000","-24,000","-24,000"
704883,能率國票59購01,0,0,0,0.0,0.0,0.0,0,0,0,"-105,000",0,0,0,"40,000","145,000","-105,000","-105,000"
704885,雙鴻國票59購02,0,0,0,0.0,0.0,0.0,0,0,0,"5,000",0,0,0,"5,000",0,"5,000","5,000"
704896,台星科統一62購01,0,0,0,0.0,0.0,0.0,0,0,0,"-262,000",0,0,0,0,"262,000","-262,000","-262,000"
704900,茂達統一62購01,0,0,0,0.0,0.0,0.0,0,0,0,"-116,000",0,0,0,"66,000","182,000","-116,000","-116,000"
704903,智通*統一68購01,0,0,0,0.0,0.0,0.0,0,0,0,"60,000",0,0,0,"70,000","10,000","60,000","60,000"
704906,穩懋統一72購02,0,0,0,0.0,0.0,0.0,0,0,0,"25,000",0,0,0,"108,000","83,000","25,000","25,000"
704907,鑫聯統一62購01,0,0,0,0.0,0.0,0.0,0,0,0,"-10,000",0,0,0,0,"10,000","-10,000","-10,000"
704915,穩懋凱基5B購02,0,0,0,0.0,0.0,0.0,0,0,0,"-39,000",0,0,0,"10,000","49,000","-39,000","-39,000"
704916,中光電元大58購07,0,0,0,0.0,0.0,0.0,0,0,0,"7,000",0,0,0,"7,000",0,"7,000","7,000"
704921,印能元大58購02,0,0,0,0.0,0.0,0.0,0,0,0,"3,000",0,0,0,"3,000",0,"3,000","3,000"
704926,宜鼎元大58購05,0,0,0,0.0,0.0,0.0,0,0,0,"5,000",0,0,0,"5,000",0,"5,000","5,000"
704937,茂迪富邦61購01,0,0,0,0.0,0.0,0.0,0,0,0,"-33,000",0,0,0,"2,000","35,000","-33,000","-33,000"
704944,印能統一65購01,0,0,0,0.0,0.0,0.0,0,0,0,"1,000",0,0,0,"1,000",0,"1,000","1,000"
704948,雙鴻統一5C購01,0,0,0,0.0,0.0,0.0,0,0,0,"2,000",0,0,0,"2,000",0,"2,000","2,000"
704949,雙鴻統一65購01,0,0,0,0.0,0.0,0.0,0,0,0,"1,000",0,0,0,"1,000",0,"1,000","1,000"
704952,鑫聯統一72購01,0,0,0,0.0,0.0,0.0,0,0,0,"15,000",0,0,0,"15,000",0,"15,000","15,000"
704954,系微兆豐62購01,0,0,0,0.0,0.0,0.0,0,0,0,"-32,000",0,0,0,"18,000","50,000","-32,000","-32,000"
704980,茂迪元富58購01,0,0,0,0.0,0.0,0.0,0,0,0,"-10,000",0,0,0,0,"10,000","-10,000","-10,000"
704983,雙鴻元富5A購02,0,0,0,0.0,0.0,0.0,0,0,0,"-7,000",0,0,0,"1,000","8,000","-7,000","-7,000"
705002,世界富邦5C購02,0,0,0,0.0,0.0,0.0,0,0,0,"-50,000",0,0,0,0,"50,000","-50,000","-50,000"
705003,世界統一72購01,0,0,0,0.0,0.0,0.0,0,0,0,"-59,000",0,0,0,"120,000","179,000","-59,000","-59,000"
705009,穩懋統一72購03,0,0,0,0.0,0.0,0.0,0,0,0,"44,000",0,0,0,"87,000","43,000","44,000","44,000"
705010,穩懋統一72購04,0,0,0,0.0,0.0,0.0,0,0,0,"669,000",0,0,0,"981,000","312,000","669,000","669,000"
705015,穩懋永豐59購04,0,0,0,0.0,0.0,0.0,0,0,0,"-1,000",0,0,0,"13,000","14,000","-1,000","-1,000"
705023,雙鴻凱基5C購01,0,0,0,0.0,0.0,0.0,0,0,0,"114,000",0,0,0,"452,000","338,000","114,000","114,000"
705029,金山電群益5A購01,0,0,0,0.0,0.0,0.0,0,0,0,"38,000",0,0,0,"38,000",0,"38,000","38,000"
705042,博大國票59購01,0,0,0,0.0,0.0,0.0,0,0,0,"-211,000",0,0,0,"39,000","250,000","-211,000","-211,000"
705046,世界國票59購02,0,0,0,0.0,0.0,0.0,0,0,0,"10,000",0,0,0,"10,000",0,"10,000","10,000"
705048,系微國票59購01,0,0,0,0.0,0.0,0.0,0,0,0,"197,000",0,0,0,"287,000","90,000","197,000","197,000"
705050,茂迪國票59購02,0,0,0,0.0,0.0,0.0,0,0,0,"-499,000",0,0,0,0,"499,000","-499,000","-499,000"
705052,精測國票59購05,0,0,0,0.0,0.0,0.0,0,0,0,"67,000",0,0,0,"67,000",0,"67,000","67,000"
705053,精測國票59購06,0,0,0,0.0,0.0,0.0,0,0,0,"-1,494,000",0,0,0,"4,000","1,498,000","-1,494,000","-1,494,000"
705055,宜鼎元大58購06,0,0,0,0.0,0.0,0.0,0,0,0,"2,000",0,0,0,"2,000",0,"2,000","2,000"
705063,穩懋元大61購02,0,0,0,0.0,0.0,0.0,0,0,0,"1,000",0,0,0,"1,000",0,"1,000","1,000"
705072,新應材凱基5A購01,0,0,0,0.0,0.0,0.0,0,0,0,"-3,000",0,0,0,"30,000","33,000","-3,000","-3,000"
705077,穩懋凱基59購07,0,0,0,0.0,0.0,0.0,0,0,0,"-20,000",0,0,0,0,"20,000","-20,000","-20,000"
705081,閎康群益5A購01,0,0,0,0.0,0.0,0.0,0,0,0,"-100,000",0,0,0,0,"100,000","-100,000","-100,000"
705084,精測群益62購03,0,0,0,0.0,0.0,0.0,0,0,0,"271,000",0,0,0,"383,000","112,000","271,000","271,000"
705088,新應材富邦59購01,0,0,0,0.0,0.0,0.0,0,0,0,"-65,000",0,0,0,"90,000","155,000","-65,000","-65,000"
705089,新應材富邦63購01,0,0,0,0.0,0.0,0.0,0,0,0,"-10,000",0,0,0,0,"10,000","-10,000","-10,000"
705094,宜特統一62購01,0,0,0,0.0,0.0,0.0,0,0,0,"-21,000",0,0,0,"50,000","71,000","-21,000","-21,000"
705096,精測統一62購01,0,0,0,0.0,0.0,0.0,0,0,0,"-20,000",0,0,0,0,"20,000","-20,000","-20,000"
705097,精測統一64購02,0,0,0,0.0,0.0,0.0,0,0,0,"300,000",0,0,0,"300,000",0,"300,000","300,000"
705100,鑫科統一62購01,0,0,0,0.0,0.0,0.0,0,0,0,"-8,000",0,0,0,0,"8,000","-8,000","-8,000"
705108,精測元富5B購01,0,0,0,0.0,0.0,0.0,0,0,0,"-10,000",0,0,0,0,"10,000","-10,000","-10,000"
705111,系統電永豐61購01,0,0,0,0.0,0.0,0.0,0,0,0,"-117,000",0,0,0,0,"117,000","-117,000","-117,000"
705121,閎康凱基59購01,0,0,0,0.0,0.0,0.0,0,0,0,"-15,000",0,0,0,0,"15,000","-15,000","-15,000"
705126,大中統一62購01,0,0,0,0.0,0.0,0.0,0,0,0,"-25,000",0,0,0,0,"25,000","-25,000","-25,000"
705128,良維統一72購01,0,0,0,0.0,0.0,0.0,0,0,0,"4,000",0,0,0,"4,000",0,"4,000","4,000"
705129,宜特統一72購01,0,0,0,0.0,0.0,0.0,0,0,0,"11,000",0,0,0,"30,000","19,000","11,000","11,000"
705132,茂迪統一72購02,0,0,0,0.0,0.0,0.0,0,0,0,"-1,000",0,0,0,0,"1,000","-1,000","-1,000"
705135,穩懋統一72購05,0,0,0,0.0,0.0,0.0,0,0,0,"-51,000",0,0,0,"39,000","90,000","-51,000","-51,000"
705144,岳豐國票59購01,0,0,0,0.0,0.0,0.0,0,0,0,"-10,000",0,0,0,0,"10,000","-10,000","-10,000"
705145,長佳智國票59購01,0,0,0,0.0,0.0,0.0,0,0,0,"90,000",0,0,0,"90,000",0,"90,000","90,000"
705147,崴寶國票59購01,0,0,0,0.0,0.0,0.0,0,0,0,"-160,000",0,0,0,0,"160,000","-160,000","-160,000"
705149,德勝國票59購01,0,0,0,0.0,0.0,0.0,0,0,0,"25,000",0,0,0,"25,000",0,"25,000","25,000"
705153,宜鼎元大58購07,0,0,0,0.0,0.0,0.0,0,0,0,"16,000",0,0,0,"16,000",0,"16,000","16,000"
705175,崴寶凱基59購01,0,0,0,0.0,0.0,0.0,0,0,0,"-120,000",0,0,0,0,"120,000","-120,000","-120,000"
705179,雙鴻凱基5C購02,0,0,0,0.0,0.0,0.0,0,0,0,"100,000",0,0,0,"100,000",0,"100,000","100,000"
705181,家登國泰59購01,0,0,0,0.0,0.0,0.0,0,0,0,"-23,000",0,0,0,0,"23,000","-23,000","-23,000"
705188,元太統一62購01,0,0,0,0.0,0.0,0.0,0,0,0,"-212,000",0,0,0,"49,000","261,000","-212,000","-212,000"
705192,沛亨統一72購01,0,0,0,0.0,0.0,0.0,0,0,0,"-100,000",0,0,0,"4,000","104,000","-100,000","-100,000"
705193,宜鼎統一72購01,0,0,0,0.0,0.0,0.0,0,0,0,"-1,000",0,0,0,"1,000","2,000","-1,000","-1,000"
705194,崴寶統一64購01,0,0,0,0.0,0.0,0.0,0,0,0,"-2,000",0,0,0,0,"2,000","-2,000","-2,000"
705195,崴寶統一72購01,0,0,0,0.0,0.0,0.0,0,0,0,"108,000",0,0,0,"108,000",0,"108,000","108,000"
705196,雙鴻統一72購01,0,0,0,0.0,0.0,0.0,0,0,0,"25,000",0,0,0,"63,000","38,000","25,000","25,000"
705197,鑫聯統一65購01,0,0,0,0.0,0.0,0.0,0,0,0,"21,000",0,0,0,"21,000",0,"21,000","21,000"
705205,鑫聯國票59購03,0,0,0,0.0,0.0,0.0,0,0,0,"7,000",0,0,0,"7,000",0,"7,000","7,000"
705206,九豪元大58購01,0,0,0,0.0,0.0,0.0,0,0,0,"-11,000",0,0,0,0,"11,000","-11,000","-11,000"
705211,雙鴻元大58購18,0,0,0,0.0,0.0,0.0,0,0,0,"150,000",0,0,0,"150,000",0,"150,000","150,000"
705214,神盾永豐5B購01,0,0,0,0.0,0.0,0.0,0,0,0,"-23,000",0,0,0,"8,000","31,000","-23,000","-23,000"
705222,雙鴻元富5A購05,0,0,0,0.0,0.0,0.0,0,0,0,"2,000",0,0,0,"2,000",0,"2,000","2,000"
705225,穩懋元富5A購03,0,0,0,0.0,0.0,0.0,0,0,0,"-2,000",0,0,0,0,"2,000","-2,000","-2,000"
705233,力旺凱基58購02,0,0,0,0.0,0.0,0.0,0,0,0,"13,000",0,0,0,"33,000","20,000","13,000","13,000"
705239,鑫聯凱基58購03,0,0,0,0.0,0.0,0.0,0,0,0,"139,000",0,0,0,"139,000",0,"139,000","139,000"
705242,宸曜永豐59購01,0,0,0,0.0,0.0,0.0,0,0,0,"-120,000",0,0,0,0,"120,000","-120,000","-120,000"
705245,力旺元富58購02,0,0,0,0.0,0.0,0.0,0,0,0,"-1,000",0,0,0,"1,000","2,000","-1,000","-1,000"
705250,凡甲國泰59購02,0,0,0,0.0,0.0,0.0,0,0,0,"-2,000",0,0,0,0,"2,000","-2,000","-2,000"
705254,雙鴻富邦5A購02,0,0,0,0.0,0.0,0.0,0,0,0,0,0,0,0,"1,400,000","1,400,000",0,0
705257,力旺統一65購01,0,0,0,0.0,0.0,0.0,0,0,0,"50,000",0,0,0,"50,000",0,"50,000","50,000"
705258,力旺統一72購01,0,0,0,0.0,0.0,0.0,0,0,0,"-3,000",0,0,0,"10,000","13,000","-3,000","-3,000"
705261,元太統一62購02,0,0,0,0.0,0.0,0.0,0,0,0,"-234,000",0,0,0,0,"234,000","-234,000","-234,000"
705262,元太統一72購01,0,0,0,0.0,0.0,0.0,0,0,0,"-20,000",0,0,0,0,"20,000","-20,000","-20,000"
705263,弘塑統一72購02,0,0,0,0.0,0.0,0.0,0,0,0,"-5,000",0,0,0,0,"5,000","-5,000","-5,000"
705264,正淩統一72購02,0,0,0,0.0,0.0,0.0,0,0,0,"-100,000",0,0,0,0,"100,000","-100,000","-100,000"
705265,沛亨統一72購02,0,0,0,0.0,0.0,0.0,0,0,0,"-1,000",0,0,0,0,"1,000","-1,000","-1,000"
705266,博智統一72購01,0,0,0,0.0,0.0,0.0,0,0,0,"-185,000",0,0,0,"115,000","300,000","-185,000","-185,000"
705267,閎康統一72購02,0,0,0,0.0,0.0,0.0,0,0,0,"-32,000",0,0,0,0,"32,000","-32,000","-32,000"
705269,穩懋統一65購02,0,0,0,0.0,0.0,0.0,0,0,0,"-32,000",0,0,0,"81,000","113,000","-32,000","-32,000"
705272,世紀*國票59購02,0,0,0,0.0,0.0,0.0,0,0,0,"1,637,000",0,0,0,"1,637,000",0,"1,637,000","1,637,000"
705273,穩懋國票59購02,0,0,0,0.0,0.0,0.0,0,0,0,"-22,000",0,0,0,"5,000","27,000","-22,000","-22,000"
705276,力旺群益5A購01,0,0,0,0.0,0.0,0.0,0,0,0,"-5,000",0,0,0,"15,000","20,000","-5,000","-5,000"
705284,力旺元大5A購03,0,0,0,0.0,0.0,0.0,0,0,0,"-7,000",0,0,0,"30,000","37,000","-7,000","-7,000"
705286,長科*元大58購02,0,0,0,0.0,0.0,0.0,0,0,0,"19,000",0,0,0,"20,000","1,000","19,000","19,000"
705300,鈊象凱基61購01,0,0,0,0.0,0.0,0.0,0,0,0,"-1,000",0,0,0,0,"1,000","-1,000","-1,000"
705303,台星科富邦5A購01,0,0,0,0.0,0.0,0.0,0,0,0,"-10,000",0,0,0,0,"10,000","-10,000","-10,000"
705307,富喬富邦5B購01,0,0,0,0.0,0.0,0.0,0,0,0,"-10,000",0,0,0,0,"10,000","-10,000","-10,000"
705310,博智統一72購02,0,0,0,0.0,0.0,0.0,0,0,0,"-6,000",0,0,0,"5,000","11,000","-6,000","-6,000"
705311,富喬統一62購01,0,0,0,0.0,0.0,0.0,0,0,0,"-53,000",0,0,0,0,"53,000","-53,000","-53,000"
705312,富喬統一62購02,0,0,0,0.0,0.0,0.0,0,0,0,"-100,000",0,0,0,0,"100,000","-100,000","-100,000"
705313,精材統一65購01,0,0,0,0.0,0.0,0.0,0,0,0,"46,000",0,0,0,"46,000",0,"46,000","46,000"
705314,精材統一72購01,0,0,0,0.0,0.0,0.0,0,0,0,"-30,000",0,0,0,0,"30,000","-30,000","-30,000"
705325,聚和國票59購01,0,0,0,0.0,0.0,0.0,0,0,0,"100,000",0,0,0,"100,000",0,"100,000","100,000"
705328,富喬元大58購02,0,0,0,0.0,0.0,0.0,0,0,0,"10,000",0,0,0,"10,000",0,"10,000","10,000"
705333,鈊象元大5C購03,0,0,0,0.0,0.0,0.0,0,0,0,"-10,000",0,0,0,0,"10,000","-10,000","-10,000"
705337,穩懋元大61購04,0,0,0,0.0,0.0,0.0,0,0,0,"21,000",0,0,0,"124,000","103,000","21,000","21,000"
705344,富喬永豐58購04,0,0,0,0.0,0.0,0.0,0,0,0,"57,000",0,0,0,"57,000",0,"57,000","57,000"
705346,富喬永豐5A購02,0,0,0,0.0,0.0,0.0,0,0,0,"200,000",0,0,0,"200,000",0,"200,000","200,000"
705347,富喬永豐61購01,0,0,0,0.0,0.0,0.0,0,0,0,"-6,000",0,0,0,0,"6,000","-6,000","-6,000"
705348,富喬永豐65購01,0,0,0,0.0,0.0,0.0,0,0,0,"-66,000",0,0,0,0,"66,000","-66,000","-66,000"
705349,雙鴻永豐5B購01,0,0,0,0.0,0.0,0.0,0,0,0,"10,000",0,0,0,"20,000","10,000","10,000","10,000"
705358,良維兆豐5A購01,0,0,0,0.0,0.0,0.0,0,0,0,"106,000",0,0,0,"106,000",0,"106,000","106,000"
705365,雙鴻元大5B購02,0,0,0,0.0,0.0,0.0,0,0,0,"12,000",0,0,0,"22,000","10,000","12,000","12,000"
705368,穩懋元大58購09,0,0,0,0.0,0.0,0.0,0,0,0,"-20,000",0,0,0,0,"20,000","-20,000","-20,000"
705369,穩懋元大58購10,0,0,0,0.0,0.0,0.0,0,0,0,"11,000",0,0,0,"36,000","25,000","11,000","11,000"
705378,宏捷科統一61購04,0,0,0,0.0,0.0,0.0,0,0,0,"-575,000",0,0,0,"212,000","787,000","-575,000","-575,000"
705386,茂達統一72購01,0,0,0,0.0,0.0,0.0,0,0,0,"-65,000",0,0,0,0,"65,000","-65,000","-65,000"
705387,原相統一64購01,0,0,0,0.0,0.0,0.0,0,0,0,"95,000",0,0,0,"105,000","10,000","95,000","95,000"
705389,富強鑫統一72購01,0,0,0,0.0,0.0,0.0,0,0,0,"-1,000",0,0,0,0,"1,000","-1,000","-1,000"
705392,萬潤統一62購01,0,0,0,0.0,0.0,0.0,0,0,0,"-112,000",0,0,0,0,"112,000","-112,000","-112,000"
705395,聚和統一64購01,0,0,0,0.0,0.0,0.0,0,0,0,"-44,000",0,0,0,"6,000","50,000","-44,000","-44,000"
705399,穩懋統一62購01,0,0,0,0.0,0.0,0.0,0,0,0,0,0,0,0,"10,000","10,000",0,0
705400,穩懋統一62購02,0,0,0,0.0,0.0,0.0,0,0,0,"-37,000",0,0,0,"3,000","40,000","-37,000","-37,000"
705404,鑫科統一72購03,0,0,0,0.0,0.0,0.0,0,0,0,"-10,000",0,0,0,0,"10,000","-10,000","-10,000"
705405,正基國票59購01,0,0,0,0.0,0.0,0.0,0,0,0,"-368,000",0,0,0,"220,000","588,000","-368,000","-368,000"
705410,沛亨永豐5B購01,0,0,0,0.0,0.0,0.0,0,0,0,"-22,000",0,0,0,0,"22,000","-22,000","-22,000"
705421,穩懋元富58購02,0,0,0,0.0,0.0,0.0,0,0,0,"45,000",0,0,0,"46,000","1,000","45,000","45,000"
705438,沛亨凱基5A購01,0,0,0,0.0,0.0,0.0,0,0,0,"-5,000",0,0,0,0,"5,000","-5,000","-5,000"
705444,良維國票62購01,0,0,0,0.0,0.0,0.0,0,0,0,"15,000",0,0,0,"15,000",0,"15,000","15,000"
705446,信驊國票62購01,0,0,0,0.0,0.0,0.0,0,0,0,"-7,000",0,0,0,0,"7,000","-7,000","-7,000"
705447,博智國票5A購01,0,0,0,0.0,0.0,0.0,0,0,0,"9,000",0,0,0,"9,000",0,"9,000","9,000"
705451,穩懋國票5A購03,0,0,0,0.0,0.0,0.0,0,0,0,"-46,000",0,0,0,0,"46,000","-46,000","-46,000"
705475,雙鴻元大5C購03,0,0,0,0.0,0.0,0.0,0,0,0,"383,000",0,0,0,"477,000","94,000","383,000","383,000"
705478,台特化統一73購01,0,0,0,0.0,0.0,0.0,0,0,0,"-5,000",0,0,0,0,"5,000","-5,000","-5,000"
705480,良維統一63購01,0,0,0,0.0,0.0,0.0,0,0,0,"145,000",0,0,0,"234,000","89,000","145,000","145,000"
705485,萬潤統一73購01,0,0,0,0.0,0.0,0.0,0,0,0,"-271,000",0,0,0,"32,000","303,000","-271,000","-271,000"
705487,穩懋統一66購01,0,0,0,0.0,0.0,0.0,0,0,0,"-144,000",0,0,0,0,"144,000","-144,000","-144,000"
705488,穩懋統一73購01,0,0,0,0.0,0.0,0.0,0,0,0,"-22,000",0,0,0,"35,000","57,000","-22,000","-22,000"
705489,穩懋統一73購02,0,0,0,0.0,0.0,0.0,0,0,0,"-137,000",0,0,0,"38,000","175,000","-137,000","-137,000"
705492,世界永豐5B購02,0,0,0,0.0,0.0,0.0,0,0,0,"-279,000",0,0,0,"3,000","282,000","-279,000","-279,000"
705497,宜鼎永豐5A購02,0,0,0,0.0,0.0,0.0,0,0,0,"-17,000",0,0,0,"3,000","20,000","-17,000","-17,000"
705505,穩懋永豐5A購03,0,0,0,0.0,0.0,0.0,0,0,0,"-490,000",0,0,0,0,"490,000","-490,000","-490,000"
705506,台星科元富59購01,0,0,0,0.0,0.0,0.0,0,0,0,"-10,000",0,0,0,0,"10,000","-10,000","-10,000"
705509,信驊元富5A購04,0,0,0,0.0,0.0,0.0,0,0,0,"-2,000",0,0,0,0,"2,000","-2,000","-2,000"
705515,穩懋元富59購02,0,0,0,0.0,0.0,0.0,0,0,0,"-440,000",0,0,0,"40,000","480,000","-440,000","-440,000"
705519,均華兆豐63購01,0,0,0,0.0,0.0,0.0,0,0,0,"-10,000",0,0,0,0,"10,000","-10,000","-10,000"
705521,順達兆豐5B購01,0,0,0,0.0,0.0,0.0,0,0,0,"-6,000",0,0,0,0,"6,000","-6,000","-6,000"
705523,中探針凱基59購03,0,0,0,0.0,0.0,0.0,0,0,0,"-4,000",0,0,0,"2,000","6,000","-4,000","-4,000"
705534,雙鴻凱基5B購01,0,0,0,0.0,0.0,0.0,0,0,0,"40,000",0,0,0,"40,000",0,"40,000","40,000"
705535,穩懋凱基59購09,0,0,0,0.0,0.0,0.0,0,0,0,"-55,000",0,0,0,0,"55,000","-55,000","-55,000"
705536,穩懋凱基59購10,0,0,0,0.0,0.0,0.0,0,0,0,"400,000",0,0,0,"400,000",0,"400,000","400,000"
705548,雙鴻元大61購06,0,0,0,0.0,0.0,0.0,0,0,0,"1,000",0,0,0,"1,000",0,"1,000","1,000"
705554,宜鼎富邦5C購02,0,0,0,0.0,0.0,0.0,0,0,0,"1,000",0,0,0,"1,000",0,"1,000","1,000"
705560,萬潤永豐5C購01,0,0,0,0.0,0.0,0.0,0,0,0,"-122,000",0,0,0,"3,000","125,000","-122,000","-122,000"
705564,雙鴻永豐5A購03,0,0,0,0.0,0.0,0.0,0,0,0,"-51,000",0,0,0,0,"51,000","-51,000","-51,000"
705565,穩懋永豐5C購02,0,0,0,0.0,0.0,0.0,0,0,0,"-170,000",0,0,0,"39,000","209,000","-170,000","-170,000"
705568,沛亨國泰5A購01,0,0,0,0.0,0.0,0.0,0,0,0,"1,000",0,0,0,"21,000","20,000","1,000","1,000"
705570,世界凱基5C購01,0,0,0,0.0,0.0,0.0,0,0,0,"-10,000",0,0,0,0,"10,000","-10,000","-10,000"
705571,弘塑凱基59購03,0,0,0,0.0,0.0,0.0,0,0,0,"-5,000",0,0,0,0,"5,000","-5,000","-5,000"
705577,鉅橡凱基5B購01,0,0,0,0.0,0.0,0.0,0,0,0,"-10,000",0,0,0,0,"10,000","-10,000","-10,000"
705600,凡甲國泰5A購01,0,0,0,0.0,0.0,0.0,0,0,0,"-20,000",0,0,0,0,"20,000","-20,000","-20,000"
705604,良維國票67購01,0,0,0,0.0,0.0,0.0,0,0,0,"11,000",0,0,0,"11,000",0,"11,000","11,000"
705610,精材國票5C購01,0,0,0,0.0,0.0,0.0,0,0,0,"129,000",0,0,0,"129,000",0,"129,000","129,000"
705628,雙鴻群益59購02,0,0,0,0.0,0.0,0.0,0,0,0,"63,000",0,0,0,"63,000",0,"63,000","63,000"
705633,順達永豐5B購01,0,0,0,0.0,0.0,0.0,0,0,0,"-47,000",0,0,0,"10,000","57,000","-47,000","-47,000"
705640,旺矽群益59購03,0,0,0,0.0,0.0,0.0,0,0,0,"-3,000",0,0,0,0,"3,000","-3,000","-3,000"
705649,印能凱基59購01,0,0,0,0.0,0.0,0.0,0,0,0,"33,000",0,0,0,"33,000",0,"33,000","33,000"
705650,印能凱基59購02,0,0,0,0.0,0.0,0.0,0,0,0,"10,000",0,0,0,"10,000",0,"10,000","10,000"
705652,宜鼎凱基5A購03,0,0,0,0.0,0.0,0.0,0,0,0,"40,000",0,0,0,"61,000","21,000","40,000","40,000"
705653,前鼎凱基5A購01,0,0,0,0.0,0.0,0.0,0,0,0,"-14,000",0,0,0,"10,000","24,000","-14,000","-14,000"
705665,環球晶元大61購01,0,0,0,0.0,0.0,0.0,0,0,0,"-5,000",0,0,0,0,"5,000","-5,000","-5,000"
705672,聖暉*富邦5B購01,0,0,0,0.0,0.0,0.0,0,0,0,"118,000",0,0,0,"118,000",0,"118,000","118,000"
705675,雙鴻富邦5C購01,0,0,0,0.0,0.0,0.0,0,0,0,"-66,000",0,0,0,"156,000","222,000","-66,000","-66,000"
705676,雙鴻富邦5C購02,0,0,0,0.0,0.0,0.0,0,0,0,"-1,000",0,0,0,0,"1,000","-1,000","-1,000"
705684,茂迪國票5A購01,0,0,0,0.0,0.0,0.0,0,0,0,"8,000",0,0,0,"8,000",0,"8,000","8,000"
705692,臺慶科國票5A購02,0,0,0,0.0,0.0,0.0,0,0,0,"-10,000",0,0,0,0,"10,000","-10,000","-10,000"
705693,雙鴻台新59購01,0,0,0,0.0,0.0,0.0,0,0,0,"1,000",0,0,0,"1,000",0,"1,000","1,000"
705695,前鼎凱基59購02,0,0,0,0.0,0.0,0.0,0,0,0,"-32,000",0,0,0,0,"32,000","-32,000","-32,000"
705696,國金10凱基59購01,0,0,0,0.0,0.0,0.0,0,0,0,"-1,000",0,0,0,0,"1,000","-1,000","-1,000"
705699,聚和凱基5A購01,0,0,0,0.0,0.0,0.0,0,0,0,"60,000",0,0,0,"100,000","40,000","60,000","60,000"
705700,寶雅凱基5A購01,0,0,0,0.0,0.0,0.0,0,0,0,"-16,000",0,0,0,"1,000","17,000","-16,000","-16,000"
705705,新復興國票5B購01,0,0,0,0.0,0.0,0.0,0,0,0,"-20,000",0,0,0,0,"20,000","-20,000","-20,000"
705718,宜鼎元大5C購04,0,0,0,0.0,0.0,0.0,0,0,0,"6,000",0,0,0,"6,000",0,"6,000","6,000"
705726,雙鴻元大61購08,0,0,0,0.0,0.0,0.0,0,0,0,"-46,000",0,0,0,0,"46,000","-46,000","-46,000"
705730,印能群益59購01,0,0,0,0.0,0.0,0.0,0,0,0,"-57,000",0,0,0,"11,000","68,000","-57,000","-57,000"
705737,印能永豐5C購01,0,0,0,0.0,0.0,0.0,0,0,0,"20,000",0,0,0,"20,000",0,"20,000","20,000"
705739,系統電永豐64購01,0,0,0,0.0,0.0,0.0,0,0,0,"6,000",0,0,0,"6,000",0,"6,000","6,000"
705755,雙鴻凱基5C購03,0,0,0,0.0,0.0,0.0,0,0,0,"-144,000",0,0,0,"76,000","220,000","-144,000","-144,000"
705759,台特化元大5C購02,0,0,0,0.0,0.0,0.0,0,0,0,"250,000",0,0,0,"250,000",0,"250,000","250,000"
705774,雙鴻元大61購09,0,0,0,0.0,0.0,0.0,0,0,0,"1,000",0,0,0,"1,000",0,"1,000","1,000"
705783,良維中信61購01,0,0,0,0.0,0.0,0.0,0,0,0,"11,000",0,0,0,"50,000","39,000","11,000","11,000"
705784,環球晶中信59購01,0,0,0,0.0,0.0,0.0,0,0,0,"20,000",0,0,0,"20,000",0,"20,000","20,000"
705794,聚和元富59購02,0,0,0,0.0,0.0,0.0,0,0,0,"1,001,000",0,0,0,"1,001,000",0,"1,001,000","1,001,000"
705796,廣運元富59購02,0,0,0,0.0,0.0,0.0,0,0,0,"2,000",0,0,0,"2,000",0,"2,000","2,000"
705797,雙鴻元富59購02,0,0,0,0.0,0.0,0.0,0,0,0,"-150,000",0,0,0,0,"150,000","-150,000","-150,000"
705801,印能統一62購01,0,0,0,0.0,0.0,0.0,0,0,0,"30,000",0,0,0,"45,000","15,000","30,000","30,000"
705804,環球晶統一63購01,0,0,0,0.0,0.0,0.0,0,0,0,"-3,000",0,0,0,0,"3,000","-3,000","-3,000"
705805,環球晶統一63購02,0,0,0,0.0,0.0,0.0,0,0,0,"-36,000",0,0,0,"7,000","43,000","-36,000","-36,000"
705806,環球晶統一73購01,0,0,0,0.0,0.0,0.0,0,0,0,"-10,000",0,0,0,0,"10,000","-10,000","-10,000"
705809,元太國票5A購02,0,0,0,0.0,0.0,0.0,0,0,0,"-20,000",0,0,0,"30,000","50,000","-20,000","-20,000"
705811,長佳智國票5A購01,0,0,0,0.0,0.0,0.0,0,0,0,"281,000",0,0,0,"281,000",0,"281,000","281,000"
705814,精星國票5A購01,0,0,0,0.0,0.0,0.0,0,0,0,0,0,0,0,"336,000","336,000",0,0
705816,寶雅國票5A購01,0,0,0,0.0,0.0,0.0,0,0,0,"-15,000",0,0,0,"5,000","20,000","-15,000","-15,000"
705818,凡甲永豐5B購01,0,0,0,0.0,0.0,0.0,0,0,0,"53,000",0,0,0,"98,000","45,000","53,000","53,000"
705819,台星科永豐5C購01,0,0,0,0.0,0.0,0.0,0,0,0,"-125,000",0,0,0,0,"125,000","-125,000","-125,000"
705820,宜特永豐5C購01,0,0,0,0.0,0.0,0.0,0,0,0,"-52,000",0,0,0,"30,000","82,000","-52,000","-52,000"
705823,前鼎永豐5C購01,0,0,0,0.0,0.0,0.0,0,0,0,"-119,000",0,0,0,0,"119,000","-119,000","-119,000"
705825,順達永豐59購02,0,0,0,0.0,0.0,0.0,0,0,0,"2,000",0,0,0,"12,000","10,000","2,000","2,000"
705826,順達永豐61購01,0,0,0,0.0,0.0,0.0,0,0,0,"200,000",0,0,0,"200,000",0,"200,000","200,000"
705829,天品元富59購01,0,0,0,0.0,0.0,0.0,0,0,0,"150,000",0,0,0,"155,000","5,000","150,000","150,000"
705838,信驊元富59購06,0,0,0,0.0,0.0,0.0,0,0,0,"9,000",0,0,0,"9,000",0,"9,000","9,000"
705845,信驊元大5C購01,0,0,0,0.0,0.0,0.0,0,0,0,"-60,000",0,0,0,0,"60,000","-60,000","-60,000"
705851,雙鴻元大59購08,0,0,0,0.0,0.0,0.0,0,0,0,"-92,000",0,0,0,"496,000","588,000","-92,000","-92,000"
705853,雙鴻元大61購10,0,0,0,0.0,0.0,0.0,0,0,0,"2,188,000",0,0,0,"2,609,000","421,000","2,188,000","2,188,000"
705854,台特化統一63購03,0,0,0,0.0,0.0,0.0,0,0,0,"-20,000",0,0,0,0,"20,000","-20,000","-20,000"
705856,印能統一73購01,0,0,0,0.0,0.0,0.0,0,0,0,"-1,000",0,0,0,0,"1,000","-1,000","-1,000"
705857,沛亨統一73購01,0,0,0,0.0,0.0,0.0,0,0,0,"-12,000",0,0,0,"13,000","25,000","-12,000","-12,000"
705860,順達統一73購01,0,0,0,0.0,0.0,0.0,0,0,0,"-22,000",0,0,0,"50,000","72,000","-22,000","-22,000"
705861,新應材統一73購01,0,0,0,0.0,0.0,0.0,0,0,0,"30,000",0,0,0,"50,000","20,000","30,000","30,000"
705864,環球晶統一62購01,0,0,0,0.0,0.0,0.0,0,0,0,"-27,000",0,0,0,0,"27,000","-27,000","-27,000"
705871,信驊凱基61購02,0,0,0,0.0,0.0,0.0,0,0,0,"21,000",0,0,0,"21,000",0,"21,000","21,000"
705876,榮剛凱基5A購01,0,0,0,0.0,0.0,0.0,0,0,0,"20,000",0,0,0,"20,000",0,"20,000","20,000"
705891,雙鴻群益59購05,0,0,0,0.0,0.0,0.0,0,0,0,"52,000",0,0,0,"52,000",0,"52,000","52,000"
705900,新普凱基59購01,0,0,0,0.0,0.0,0.0,0,0,0,"46,000",0,0,0,"46,000",0,"46,000","46,000"
705905,雙鴻凱基59購10,0,0,0,0.0,0.0,0.0,0,0,0,"-260,000",0,0,0,0,"260,000","-260,000","-260,000"
705906,雙鴻凱基59購11,0,0,0,0.0,0.0,0.0,0,0,0,"-165,000",0,0,0,0,"165,000","-165,000","-165,000"
705917,雙鴻群益63購01,0,0,0,0.0,0.0,0.0,0,0,0,"-29,000",0,0,0,"1,000","30,000","-29,000","-29,000"
705926,新應材永豐5C購04,0,0,0,0.0,0.0,0.0,0,0,0,"-10,000",0,0,0,0,"10,000","-10,000","-10,000"
705928,雙鴻永豐63購01,0,0,0,0.0,0.0,0.0,0,0,0,"30,000",0,0,0,"30,000",0,"30,000","30,000"
705931,台半國票5A購01,0,0,0,0.0,0.0,0.0,0,0,0,"-10,000",0,0,0,0,"10,000","-10,000","-10,000"
705938,新應材國票5A購02,0,0,0,0.0,0.0,0.0,0,0,0,"-6,000",0,0,0,0,"6,000","-6,000","-6,000"
705939,新應材國票5B購01,0,0,0,0.0,0.0,0.0,0,0,0,"32,000",0,0,0,"32,000",0,"32,000","32,000"
705940,新應材國票5C購01,0,0,0,0.0,0.0,0.0,0,0,0,"40,000",0,0,0,"60,000","20,000","40,000","40,000"
705941,群翊國票5A購01,0,0,0,0.0,0.0,0.0,0,0,0,"-20,000",0,0,0,0,"20,000","-20,000","-20,000"
705944,新應材富邦5C購02,0,0,0,0.0,0.0,0.0,0,0,0,"5,000",0,0,0,"65,000","60,000","5,000","5,000"
705945,均豪統一73購01,0,0,0,0.0,0.0,0.0,0,0,0,"19,000",0,0,0,"19,000",0,"19,000","19,000"
705946,宏捷科統一63購01,0,0,0,0.0,0.0,0.0,0,0,0,"-10,000",0,0,0,0,"10,000","-10,000","-10,000"
705948,良維統一63購02,0,0,0,0.0,0.0,0.0,0,0,0,"114,000",0,0,0,"114,000",0,"114,000","114,000"
705950,宜特統一73購01,0,0,0,0.0,0.0,0.0,0,0,0,"-526,000",0,0,0,0,"526,000","-526,000","-526,000"
705951,信紘科統一63購01,0,0,0,0.0,0.0,0.0,0,0,0,"100,000",0,0,0,"100,000",0,"100,000","100,000"
705960,宜鼎元大59購04,0,0,0,0.0,0.0,0.0,0,0,0,"-250,000",0,0,0,"10,000","260,000","-250,000","-250,000"
705969,新應材元大61購03,0,0,0,0.0,0.0,0.0,0,0,0,"-130,000",0,0,0,0,"130,000","-130,000","-130,000"
705972,雙鴻凱基59購13,0,0,0,0.0,0.0,0.0,0,0,0,"-59,000",0,0,0,"79,000","138,000","-59,000","-59,000"
705985,鈊象元大59購01,0,0,0,0.0,0.0,0.0,0,0,0,"454,000",0,0,0,"554,000","100,000","454,000","454,000"
705986,世紀*國票5A購01,0,0,0,0.0,0.0,0.0,0,0,0,"70,000",0,0,0,"70,000",0,"70,000","70,000"
705989,雙鴻國票5A購02,0,0,0,0.0,0.0,0.0,0,0,0,"67,000",0,0,0,"67,000",0,"67,000","67,000"
705992,均華國泰5A購01,0,0,0,0.0,0.0,0.0,0,0,0,"-15,000",0,0,0,0,"15,000","-15,000","-15,000"
706003,世界中信59購01,0,0,0,0.0,0.0,0.0,0,0,0,"-95,000",0,0,0,"14,000","109,000","-95,000","-95,000"
706008,均華凱基59購01,0,0,0,0.0,0.0,0.0,0,0,0,"24,000",0,0,0,"34,000","10,000","24,000","24,000"
706011,博智凱基5C購01,0,0,0,0.0,0.0,0.0,0,0,0,"50,000",0,0,0,"60,000","10,000","50,000","50,000"
706015,緯軟國票5B購01,0,0,0,0.0,0.0,0.0,0,0,0,"-5,000",0,0,0,0,"5,000","-5,000","-5,000"
706019,均華永豐5B購01,0,0,0,0.0,0.0,0.0,0,0,0,"-20,000",0,0,0,"11,000","31,000","-20,000","-20,000"
706020,旺矽永豐61購01,0,0,0,0.0,0.0,0.0,0,0,0,"-5,000",0,0,0,0,"5,000","-5,000","-5,000"
706028,台特化統一66購01,0,0,0,0.0,0.0,0.0,0,0,0,"-10,000",0,0,0,0,"10,000","-10,000","-10,000"
706030,均華統一62購01,0,0,0,0.0,0.0,0.0,0,0,0,"-2,234,000",0,0,0,"6,000","2,240,000","-2,234,000","-2,234,000"
706033,均豪統一63購01,0,0,0,0.0,0.0,0.0,0,0,0,"-8,000",0,0,0,0,"8,000","-8,000","-8,000"
706034,宜鼎統一62購01,0,0,0,0.0,0.0,0.0,0,0,0,"5,000",0,0,0,"5,000",0,"5,000","5,000"
706036,新普統一63購01,0,0,0,0.0,0.0,0.0,0,0,0,"-94,000",0,0,0,"10,000","104,000","-94,000","-94,000"
706037,新普統一73購01,0,0,0,0.0,0.0,0.0,0,0,0,"-72,000",0,0,0,0,"72,000","-72,000","-72,000"
706050,蜜望實富邦5B購01,0,0,0,0.0,0.0,0.0,0,0,0,"1,000",0,0,0,"1,000",0,"1,000","1,000"
706052,均華國泰5A購02,0,0,0,0.0,0.0,0.0,0,0,0,"50,000",0,0,0,"50,000",0,"50,000","50,000"
706054,台特化元大5B購01,0,0,0,0.0,0.0,0.0,0,0,0,"-3,000",0,0,0,0,"3,000","-3,000","-3,000"
706055,台特化元大63購01,0,0,0,0.0,0.0,0.0,0,0,0,"998,000",0,0,0,"998,000",0,"998,000","998,000"
706058,巨漢元大59購02,0,0,0,0.0,0.0,0.0,0,0,0,"11,000",0,0,0,"30,000","19,000","11,000","11,000"
706064,宜鼎元大59購08,0,0,0,0.0,0.0,0.0,0,0,0,"-87,000",0,0,0,0,"87,000","-87,000","-87,000"
706066,智通*元大59購02,0,0,0,0.0,0.0,0.0,0,0,0,"30,000",0,0,0,"30,000",0,"30,000","30,000"
706067,智通*元大59購03,0,0,0,0.0,0.0,0.0,0,0,0,"21,000",0,0,0,"21,000",0,"21,000","21,000"
706069,雙鴻元大59購11,0,0,0,0.0,0.0,0.0,0,0,0,0,0,0,0,"496,000","496,000",0,0
706070,雙鴻元大59購12,0,0,0,0.0,0.0,0.0,0,0,0,"258,000",0,0,0,"354,000","96,000","258,000","258,000"
706072,弘塑凱基5A購01,0,0,0,0.0,0.0,0.0,0,0,0,"-13,000",0,0,0,0,"13,000","-13,000","-13,000"
706073,宜鼎凱基5A購04,0,0,0,0.0,0.0,0.0,0,0,0,"362,000",0,0,0,"438,000","76,000","362,000","362,000"
706076,雙鴻凱基59購14,0,0,0,0.0,0.0,0.0,0,0,0,"108,000",0,0,0,"108,000",0,"108,000","108,000"
706077,鑫科凱基59購01,0,0,0,0.0,0.0,0.0,0,0,0,"15,000",0,0,0,"15,000",0,"15,000","15,000"
706078,元太中信59購01,0,0,0,0.0,0.0,0.0,0,0,0,"3,000",0,0,0,"13,000","10,000","3,000","3,000"
706083,印能元富59購03,0,0,0,0.0,0.0,0.0,0,0,0,"4,000",0,0,0,"4,000",0,"4,000","4,000"
706092,力致國泰5A購01,0,0,0,0.0,0.0,0.0,0,0,0,"-10,000",0,0,0,0,"10,000","-10,000","-10,000"
706094,均豪國泰5A購01,0,0,0,0.0,0.0,0.0,0,0,0,"33,000",0,0,0,"33,000",0,"33,000","33,000"
706097,弘塑富邦5C購01,0,0,0,0.0,0.0,0.0,0,0,0,"-1,000",0,0,0,0,"1,000","-1,000","-1,000"
706098,宜鼎富邦5C購03,0,0,0,0.0,0.0,0.0,0,0,0,"50,000",0,0,0,"50,000",0,"50,000","50,000"
706108,宜鼎元大59購09,0,0,0,0.0,0.0,0.0,0,0,0,"-20,000",0,0,0,0,"20,000","-20,000","-20,000"
706114,雙鴻元大59購14,0,0,0,0.0,0.0,0.0,0,0,0,"-456,000",0,0,0,"40,000","496,000","-456,000","-456,000"
706115,雙鴻元大63購02,0,0,0,0.0,0.0,0.0,0,0,0,"7,000",0,0,0,"7,000",0,"7,000","7,000"
706120,良維國票5A購01,0,0,0,0.0,0.0,0.0,0,0,0,"-15,000",0,0,0,0,"15,000","-15,000","-15,000"
706121,宜鼎國票5A購03,0,0,0,0.0,0.0,0.0,0,0,0,"-1,790,000",0,0,0,"664,000","2,454,000","-1,790,000","-1,790,000"
706127,大綜統一66購01,0,0,0,0.0,0.0,0.0,0,0,0,"-11,000",0,0,0,"2,000","13,000","-11,000","-11,000"
706129,巨漢統一63購01,0,0,0,0.0,0.0,0.0,0,0,0,"2,000",0,0,0,"4,000","2,000","2,000","2,000"
706132,正基統一63購02,0,0,0,0.0,0.0,0.0,0,0,0,"3,000",0,0,0,"3,000",0,"3,000","3,000"
706134,宜鼎統一63購02,0,0,0,0.0,0.0,0.0,0,0,0,"68,000",0,0,0,"363,000","295,000","68,000","68,000"
706135,宜鼎統一63購03,0,0,0,0.0,0.0,0.0,0,0,0,"-24,000",0,0,0,"182,000","206,000","-24,000","-24,000"
706136,宜鼎統一66購02,0,0,0,0.0,0.0,0.0,0,0,0,"-126,000",0,0,0,"37,000","163,000","-126,000","-126,000"
706137,宜鼎統一73購01,0,0,0,0.0,0.0,0.0,0,0,0,"13,000",0,0,0,"20,000","7,000","13,000","13,000"
706139,聚和統一73購01,0,0,0,0.0,0.0,0.0,0,0,0,"20,000",0,0,0,"20,000",0,"20,000","20,000"
706145,元太群益59購03,0,0,0,0.0,0.0,0.0,0,0,0,"-226,000",0,0,0,"5,000","231,000","-226,000","-226,000"
706148,宜鼎群益59購05,0,0,0,0.0,0.0,0.0,0,0,0,"-26,000",0,0,0,"4,000","30,000","-26,000","-26,000"
706149,宜鼎群益59購06,0,0,0,0.0,0.0,0.0,0,0,0,"6,000",0,0,0,"206,000","200,000","6,000","6,000"
706153,德微群益63購01,0,0,0,0.0,0.0,0.0,0,0,0,"6,000",0,0,0,"6,000",0,"6,000","6,000"
706154,雙鴻群益63購02,0,0,0,0.0,0.0,0.0,0,0,0,"398,000",0,0,0,"400,000","2,000","398,000","398,000"
706158,良維凱基59購04,0,0,0,0.0,0.0,0.0,0,0,0,"20,000",0,0,0,"20,000",0,"20,000","20,000"
706161,旺矽凱基63購01,0,0,0,0.0,0.0,0.0,0,0,0,"30,000",0,0,0,"30,000",0,"30,000","30,000"
706171,旺矽群益59購08,0,0,0,0.0,0.0,0.0,0,0,0,"30,000",0,0,0,"30,000",0,"30,000","30,000"
706173,精測群益5B購01,0,0,0,0.0,0.0,0.0,0,0,0,"-22,000",0,0,0,0,"22,000","-22,000","-22,000"
706176,宜鼎國泰61購01,0,0,0,0.0,0.0,0.0,0,0,0,"-49,000",0,0,0,0,"49,000","-49,000","-49,000"
706180,均華統一63購04,0,0,0,0.0,0.0,0.0,0,0,0,"-3,000",0,0,0,0,"3,000","-3,000","-3,000"
706182,旺矽統一63購05,0,0,0,0.0,0.0,0.0,0,0,0,"15,000",0,0,0,"20,000","5,000","15,000","15,000"
706184,台特化元大63購03,0,0,0,0.0,0.0,0.0,0,0,0,"-40,000",0,0,0,0,"40,000","-40,000","-40,000"
706185,均華元大5C購01,0,0,0,0.0,0.0,0.0,0,0,0,"1,000",0,0,0,"1,000",0,"1,000","1,000"
706186,宏捷科元大5C購02,0,0,0,0.0,0.0,0.0,0,0,0,"-193,000",0,0,0,"1,000","194,000","-193,000","-193,000"
706195,陽程元大59購01,0,0,0,0.0,0.0,0.0,0,0,0,"28,000",0,0,0,"28,000",0,"28,000","28,000"
706202,鑫科元大59購01,0,0,0,0.0,0.0,0.0,0,0,0,"10,000",0,0,0,"10,000",0,"10,000","10,000"
706203,鑫聯元大63購01,0,0,0,0.0,0.0,0.0,0,0,0,"-401,000",0,0,0,0,"401,000","-401,000","-401,000"
706207,宜鼎國票65購01,0,0,0,0.0,0.0,0.0,0,0,0,"-329,000",0,0,0,"255,000","584,000","-329,000","-329,000"
706208,旺矽國票5C購01,0,0,0,0.0,0.0,0.0,0,0,0,"-68,000",0,0,0,0,"68,000","-68,000","-68,000"
706209,旺矽國票67購01,0,0,0,0.0,0.0,0.0,0,0,0,"78,000",0,0,0,"100,000","22,000","78,000","78,000"
706214,宜鼎永豐5B購01,0,0,0,0.0,0.0,0.0,0,0,0,"-655,000",0,0,0,"50,000","705,000","-655,000","-655,000"
706219,精測永豐61購01,0,0,0,0.0,0.0,0.0,0,0,0,"-6,000",0,0,0,"4,000","10,000","-6,000","-6,000"
706225,宏捷科元富5C購02,0,0,0,0.0,0.0,0.0,0,0,0,"-15,000",0,0,0,"12,000","27,000","-15,000","-15,000"
706227,旺矽元富59購05,0,0,0,0.0,0.0,0.0,0,0,0,0,0,0,0,"10,000","10,000",0,0
706235,雙鴻元富59購05,0,0,0,0.0,0.0,0.0,0,0,0,"-34,000",0,0,0,"40,000","74,000","-34,000","-34,000"
706238,鑫科元富59購01,0,0,0,0.0,0.0,0.0,0,0,0,"-10,000",0,0,0,0,"10,000","-10,000","-10,000"
706242,M31凱基59購01,0,0,0,0.0,0.0,0.0,0,0,0,"-550,000",0,0,0,"450,000","1,000,000","-550,000","-550,000"
706243,M31凱基59購02,0,0,0,0.0,0.0,0.0,0,0,0,0,0,0,0,"100,000","100,000",0,0
706244,M31凱基59購03,0,0,0,0.0,0.0,0.0,0,0,0,"-988,000",0,0,0,"70,000","1,058,000","-988,000","-988,000"
706245,M31凱基5B購01,0,0,0,0.0,0.0,0.0,0,0,0,"14,000",0,0,0,"65,000","51,000","14,000","14,000"
706248,弘塑凱基5A購02,0,0,0,0.0,0.0,0.0,0,0,0,"-7,000",0,0,0,0,"7,000","-7,000","-7,000"
706249,宏捷科凱基5C購01,0,0,0,0.0,0.0,0.0,0,0,0,"-174,000",0,0,0,"73,000","247,000","-174,000","-174,000"
706250,信驊凱基59購05,0,0,0,0.0,0.0,0.0,0,0,0,"20,000",0,0,0,"20,000",0,"20,000","20,000"
706252,信驊凱基5B購02,0,0,0,0.0,0.0,0.0,0,0,0,"3,000",0,0,0,"3,000",0,"3,000","3,000"
706253,信驊凱基5C購01,0,0,0,0.0,0.0,0.0,0,0,0,"-5,000",0,0,0,0,"5,000","-5,000","-5,000"
706258,信驊中信59購01,0,0,0,0.0,0.0,0.0,0,0,0,"-42,000",0,0,0,"126,000","168,000","-42,000","-42,000"
706259,M31永豐5B購01,0,0,0,0.0,0.0,0.0,0,0,0,"-121,000",0,0,0,"5,000","126,000","-121,000","-121,000"
706260,M31永豐5C購01,0,0,0,0.0,0.0,0.0,0,0,0,"-20,000",0,0,0,"32,000","52,000","-20,000","-20,000"
706267,M31元富59購01,0,0,0,0.0,0.0,0.0,0,0,0,"90,000",0,0,0,"90,000",0,"90,000","90,000"
706271,M31群益59購01,0,0,0,0.0,0.0,0.0,0,0,0,"-497,000",0,0,0,0,"497,000","-497,000","-497,000"
706274,良維群益5C購03,0,0,0,0.0,0.0,0.0,0,0,0,"10,000",0,0,0,"10,000",0,"10,000","10,000"
706275,信驊群益5B購05,0,0,0,0.0,0.0,0.0,0,0,0,"233,000",0,0,0,"248,000","15,000","233,000","233,000"
706278,雙鴻群益59購10,0,0,0,0.0,0.0,0.0,0,0,0,"51,000",0,0,0,"63,000","12,000","51,000","51,000"
706282,M31統一63購03,0,0,0,0.0,0.0,0.0,0,0,0,"-16,000",0,0,0,0,"16,000","-16,000","-16,000"
706283,M31富邦5B購01,0,0,0,0.0,0.0,0.0,0,0,0,"-237,000",0,0,0,0,"237,000","-237,000","-237,000"
706284,台特化富邦5C購01,0,0,0,0.0,0.0,0.0,0,0,0,"-110,000",0,0,0,0,"110,000","-110,000","-110,000"
706285,信驊富邦5C購01,0,0,0,0.0,0.0,0.0,0,0,0,"38,000",0,0,0,"48,000","10,000","38,000","38,000"
706287,雙鴻富邦5C購03,0,0,0,0.0,0.0,0.0,0,0,0,"-521,000",0,0,0,"26,000","547,000","-521,000","-521,000"
706289,天品國票59購01,0,0,0,0.0,0.0,0.0,0,0,0,"-304,000",0,0,0,"4,000","308,000","-304,000","-304,000"
706294,信驊國票5B購03,0,0,0,0.0,0.0,0.0,0,0,0,"10,000",0,0,0,"10,000",0,"10,000","10,000"
706299,M31元大59購02,0,0,0,0.0,0.0,0.0,0,0,0,0,0,0,0,"200,000","200,000",0,0
706300,M31元大59購03,0,0,0,0.0,0.0,0.0,0,0,0,"-47,000",0,0,0,"103,000","150,000","-47,000","-47,000"
706301,巨漢元大59購03,0,0,0,0.0,0.0,0.0,0,0,0,"-33,000",0,0,0,"4,000","37,000","-33,000","-33,000"
706305,亞泰元大59購01,0,0,0,0.0,0.0,0.0,0,0,0,"7,000",0,0,0,"7,000",0,"7,000","7,000"
706308,信驊元大59購03,0,0,0,0.0,0.0,0.0,0,0,0,"30,000",0,0,0,"40,000","10,000","30,000","30,000"
706310,湧德元大59購02,0,0,0,0.0,0.0,0.0,0,0,0,"-60,000",0,0,0,0,"60,000","-60,000","-60,000"
706319,印能凱基5B購01,0,0,0,0.0,0.0,0.0,0,0,0,"-4,000",0,0,0,0,"4,000","-4,000","-4,000"
706325,環球晶凱基5C購01,0,0,0,0.0,0.0,0.0,0,0,0,"1,000",0,0,0,"1,000",0,"1,000","1,000"
706326,雙鴻凱基59購15,0,0,0,0.0,0.0,0.0,0,0,0,"66,000",0,0,0,"66,000",0,"66,000","66,000"
706328,弘塑國票65購01,0,0,0,0.0,0.0,0.0,0,0,0,"-7,000",0,0,0,0,"7,000","-7,000","-7,000"
706331,亞泰國票5A購01,0,0,0,0.0,0.0,0.0,0,0,0,"35,000",0,0,0,"35,000",0,"35,000","35,000"
706337,雙鴻元大59購20,0,0,0,0.0,0.0,0.0,0,0,0,"15,000",0,0,0,"50,000","35,000","15,000","15,000"
706339,雙鴻元大5C購05,0,0,0,0.0,0.0,0.0,0,0,0,"504,000",0,0,0,"504,000",0,"504,000","504,000"
706341,鑫聯元大63購02,0,0,0,0.0,0.0,0.0,0,0,0,"-3,000",0,0,0,"2,000","5,000","-3,000","-3,000"
706342,雙鴻國泰61購01,0,0,0,0.0,0.0,0.0,0,0,0,"-9,000",0,0,0,"1,000","10,000","-9,000","-9,000"
706347,印能統一63購01,0,0,0,0.0,0.0,0.0,0,0,0,"2,000",0,0,0,"2,000",0,"2,000","2,000"
706348,亞泰統一62購02,0,0,0,0.0,0.0,0.0,0,0,0,"6,000",0,0,0,"6,000",0,"6,000","6,000"
706349,博智統一63購01,0,0,0,0.0,0.0,0.0,0,0,0,"359,000",0,0,0,"359,000",0,"359,000","359,000"
706350,鈺太統一63購01,0,0,0,0.0,0.0,0.0,0,0,0,"-65,000",0,0,0,0,"65,000","-65,000","-65,000"
706351,弘塑永豐5C購03,0,0,0,0.0,0.0,0.0,0,0,0,"-10,000",0,0,0,0,"10,000","-10,000","-10,000"
706354,雙鴻永豐61購02,0,0,0,0.0,0.0,0.0,0,0,0,"43,000",0,0,0,"53,000","10,000","43,000","43,000"
706355,雙鴻永豐64購01,0,0,0,0.0,0.0,0.0,0,0,0,"-24,000",0,0,0,0,"24,000","-24,000","-24,000"
706368,天品凱基59購01,0,0,0,0.0,0.0,0.0,0,0,0,"50,000",0,0,0,"50,000",0,"50,000","50,000"
706370,弘塑凱基59購06,0,0,0,0.0,0.0,0.0,0,0,0,"-7,000",0,0,0,0,"7,000","-7,000","-7,000"
706371,良維凱基61購01,0,0,0,0.0,0.0,0.0,0,0,0,"20,000",0,0,0,"20,000",0,"20,000","20,000"
706383,均豪元富59購01,0,0,0,0.0,0.0,0.0,0,0,0,"38,000",0,0,0,"38,000",0,"38,000","38,000"
706387,廣運元富59購03,0,0,0,0.0,0.0,0.0,0,0,0,"-10,000",0,0,0,0,"10,000","-10,000","-10,000"
706390,湧德群益5B購01,0,0,0,0.0,0.0,0.0,0,0,0,"2,000",0,0,0,"2,000",0,"2,000","2,000"
706392,雙鴻群益5B購04,0,0,0,0.0,0.0,0.0,0,0,0,"-136,000",0,0,0,0,"136,000","-136,000","-136,000"
706393,雙鴻群益5B購05,0,0,0,0.0,0.0,0.0,0,0,0,"31,000",0,0,0,"52,000","21,000","31,000","31,000"
706394,宏觀國泰5A購02,0,0,0,0.0,0.0,0.0,0,0,0,"-20,000",0,0,0,0,"20,000","-20,000","-20,000"
706398,原相國票59購01,0,0,0,0.0,0.0,0.0,0,0,0,"10,000",0,0,0,"10,000",0,"10,000","10,000"
706399,華義國票5A購02,0,0,0,0.0,0.0,0.0,0,0,0,"4,000",0,0,0,"4,000",0,"4,000","4,000"
706402,聚和國票5A購02,0,0,0,0.0,0.0,0.0,0,0,0,"120,000",0,0,0,"120,000",0,"120,000","120,000"
706405,均豪元大59購02,0,0,0,0.0,0.0,0.0,0,0,0,"-7,000",0,0,0,0,"7,000","-7,000","-7,000"
706411,中美晶凱基5A購01,0,0,0,0.0,0.0,0.0,0,0,0,"-1,000",0,0,0,0,"1,000","-1,000","-1,000"
706417,雙鴻凱基59購16,0,0,0,0.0,0.0,0.0,0,0,0,"-60,000",0,0,0,0,"60,000","-60,000","-60,000"
706419,弘塑富邦61購01,0,0,0,0.0,0.0,0.0,0,0,0,"-80,000",0,0,0,"45,000","125,000","-80,000","-80,000"
706420,宏捷科富邦5B購01,0,0,0,0.0,0.0,0.0,0,0,0,"18,000",0,0,0,"287,000","269,000","18,000","18,000"
706421,宏捷科富邦5C購01,0,0,0,0.0,0.0,0.0,0,0,0,"196,000",0,0,0,"304,000","108,000","196,000","196,000"
706424,環球晶富邦5A購01,0,0,0,0.0,0.0,0.0,0,0,0,"-1,000",0,0,0,0,"1,000","-1,000","-1,000"
706425,雙鴻富邦5C購04,0,0,0,0.0,0.0,0.0,0,0,0,"-48,000",0,0,0,0,"48,000","-48,000","-48,000"
706426,弘塑元大59購06,0,0,0,0.0,0.0,0.0,0,0,0,"1,000",0,0,0,"2,000","1,000","1,000","1,000"
706428,印能元大59購07,0,0,0,0.0,0.0,0.0,0,0,0,"-18,000",0,0,0,"2,000","20,000","-18,000","-18,000"
706431,茂迪元大59購08,0,0,0,0.0,0.0,0.0,0,0,0,"-100,000",0,0,0,0,"100,000","-100,000","-100,000"
706432,茂迪元大63購05,0,0,0,0.0,0.0,0.0,0,0,0,"-16,000",0,0,0,0,"16,000","-16,000","-16,000"
706438,雙鴻元大59購24,0,0,0,0.0,0.0,0.0,0,0,0,"-471,000",0,0,0,"25,000","496,000","-471,000","-471,000"
706441,弘塑群益5A購03,0,0,0,0.0,0.0,0.0,0,0,0,"-10,000",0,0,0,0,"10,000","-10,000","-10,000"
706442,印能群益5B購01,0,0,0,0.0,0.0,0.0,0,0,0,"40,000",0,0,0,"60,000","20,000","40,000","40,000"
706453,弘塑永豐63購02,0,0,0,0.0,0.0,0.0,0,0,0,0,0,0,0,"1,000","1,000",0,0
706455,系微永豐5C購01,0,0,0,0.0,0.0,0.0,0,0,0,"-150,000",0,0,0,0,"150,000","-150,000","-150,000"
706456,博智永豐5C購01,0,0,0,0.0,0.0,0.0,0,0,0,"-25,000",0,0,0,0,"25,000","-25,000","-25,000"
706457,華宏永豐5A購01,0,0,0,0.0,0.0,0.0,0,0,0,"13,000",0,0,0,"22,000","9,000","13,000","13,000"
706468,華宏元富5B購01,0,0,0,0.0,0.0,0.0,0,0,0,"1,000",0,0,0,"1,000",0,"1,000","1,000"
706475,系微凱基59購02,0,0,0,0.0,0.0,0.0,0,0,0,"-50,000",0,0,0,0,"50,000","-50,000","-50,000"
706476,良維凱基5C購01,0,0,0,0.0,0.0,0.0,0,0,0,"40,000",0,0,0,"40,000",0,"40,000","40,000"
706477,宜特凱基59購03,0,0,0,0.0,0.0,0.0,0,0,0,"16,000",0,0,0,"16,000",0,"16,000","16,000"
706479,博智凱基61購01,0,0,0,0.0,0.0,0.0,0,0,0,"-402,000",0,0,0,0,"402,000","-402,000","-402,000"
706480,湧德凱基5B購01,0,0,0,0.0,0.0,0.0,0,0,0,"34,000",0,0,0,"34,000",0,"34,000","34,000"
706481,閎康凱基5A購01,0,0,0,0.0,0.0,0.0,0,0,0,"-1,000",0,0,0,0,"1,000","-1,000","-1,000"
706484,臺慶科凱基5A購01,0,0,0,0.0,0.0,0.0,0,0,0,"-15,000",0,0,0,0,"15,000","-15,000","-15,000"
706492,廣明兆豐63購01,0,0,0,0.0,0.0,0.0,0,0,0,"10,000",0,0,0,"10,000",0,"10,000","10,000"
706496,宜特群益63購01,0,0,0,0.0,0.0,0.0,0,0,0,"10,000",0,0,0,"40,000","30,000","10,000","10,000"
706498,閎康群益63購02,0,0,0,0.0,0.0,0.0,0,0,0,"10,000",0,0,0,"10,000",0,"10,000","10,000"
706503,世界富邦61購01,0,0,0,0.0,0.0,0.0,0,0,0,"-6,000",0,0,0,0,"6,000","-6,000","-6,000"
706510,宜特元大59購01,0,0,0,0.0,0.0,0.0,0,0,0,"184,000",0,0,0,"184,000",0,"184,000","184,000"
706515,湧德元大59購04,0,0,0,0.0,0.0,0.0,0,0,0,"-5,000",0,0,0,0,"5,000","-5,000","-5,000"
706516,湧德元大59購05,0,0,0,0.0,0.0,0.0,0,0,0,"-50,000",0,0,0,0,"50,000","-50,000","-50,000"
706523,博智中信59購01,0,0,0,0.0,0.0,0.0,0,0,0,"200,000",0,0,0,"200,000",0,"200,000","200,000"
706528,勤凱永豐5C購02,0,0,0,0.0,0.0,0.0,0,0,0,"-4,000",0,0,0,0,"4,000","-4,000","-4,000"
706534,前鼎國票61購02,0,0,0,0.0,0.0,0.0,0,0,0,"-2,000",0,0,0,0,"2,000","-2,000","-2,000"
706535,閎康國票5A購03,0,0,0,0.0,0.0,0.0,0,0,0,"-2,000",0,0,0,0,"2,000","-2,000","-2,000"
706536,順達國票5A購02,0,0,0,0.0,0.0,0.0,0,0,0,"-30,000",0,0,0,0,"30,000","-30,000","-30,000"
706537,鈺太國票59購02,0,0,0,0.0,0.0,0.0,0,0,0,"-65,000",0,0,0,"60,000","125,000","-65,000","-65,000"
706544,博智凱基59購07,0,0,0,0.0,0.0,0.0,0,0,0,"-1,000",0,0,0,"56,000","57,000","-1,000","-1,000"
706545,閎康凱基61購01,0,0,0,0.0,0.0,0.0,0,0,0,"18,000",0,0,0,"60,000","42,000","18,000","18,000"
706547,精測凱基59購03,0,0,0,0.0,0.0,0.0,0,0,0,"-215,000",0,0,0,"99,000","314,000","-215,000","-215,000"
706558,聚和永豐5B購01,0,0,0,0.0,0.0,0.0,0,0,0,"3,000",0,0,0,"4,000","1,000","3,000","3,000"
706559,博智元富59購01,0,0,0,0.0,0.0,0.0,0,0,0,"-300,000",0,0,0,0,"300,000","-300,000","-300,000"
706564,良維富邦5C購01,0,0,0,0.0,0.0,0.0,0,0,0,"162,000",0,0,0,"162,000",0,"162,000","162,000"
706565,博智富邦61購01,0,0,0,0.0,0.0,0.0,0,0,0,"-184,000",0,0,0,"31,000","215,000","-184,000","-184,000"
706566,順達富邦5C購01,0,0,0,0.0,0.0,0.0,0,0,0,"-57,000",0,0,0,"2,000","59,000","-57,000","-57,000"
706567,精測富邦5B購01,0,0,0,0.0,0.0,0.0,0,0,0,"-229,000",0,0,0,0,"229,000","-229,000","-229,000"
706571,宏觀群益59購04,0,0,0,0.0,0.0,0.0,0,0,0,"80,000",0,0,0,"80,000",0,"80,000","80,000"
706573,博智群益63購01,0,0,0,0.0,0.0,0.0,0,0,0,"-66,000",0,0,0,"182,000","248,000","-66,000","-66,000"
706574,閎康群益5B購02,0,0,0,0.0,0.0,0.0,0,0,0,"-160,000",0,0,0,0,"160,000","-160,000","-160,000"
706575,閎康群益5B購03,0,0,0,0.0,0.0,0.0,0,0,0,"-96,000",0,0,0,"10,000","106,000","-96,000","-96,000"
706576,順達群益5C購01,0,0,0,0.0,0.0,0.0,0,0,0,"-10,000",0,0,0,0,"10,000","-10,000","-10,000"
706579,精測群益63購01,0,0,0,0.0,0.0,0.0,0,0,0,"-85,000",0,0,0,"38,000","123,000","-85,000","-85,000"
706580,雙鴻群益59購11,0,0,0,0.0,0.0,0.0,0,0,0,"75,000",0,0,0,"75,000",0,"75,000","75,000"
706593,精測元大59購03,0,0,0,0.0,0.0,0.0,0,0,0,"100,000",0,0,0,"100,000",0,"100,000","100,000"
706595,雙鴻台新59購04,0,0,0,0.0,0.0,0.0,0,0,0,"-55,000",0,0,0,0,"55,000","-55,000","-55,000"
706597,元太凱基59購02,0,0,0,0.0,0.0,0.0,0,0,0,"1,053,000",0,0,0,"1,053,000",0,"1,053,000","1,053,000"
706599,弘塑凱基59購07,0,0,0,0.0,0.0,0.0,0,0,0,"2,000",0,0,0,"2,000",0,"2,000","2,000"
706612,弘塑國票5C購01,0,0,0,0.0,0.0,0.0,0,0,0,"1,106,000",0,0,0,"1,106,000",0,"1,106,000","1,106,000"
706613,弘塑國票63購01,0,0,0,0.0,0.0,0.0,0,0,0,"-10,000",0,0,0,0,"10,000","-10,000","-10,000"
706618,神盾國票5A購01,0,0,0,0.0,0.0,0.0,0,0,0,"-332,000",0,0,0,"32,000","364,000","-332,000","-332,000"
706619,常珵國票59購01,0,0,0,0.0,0.0,0.0,0,0,0,"393,000",0,0,0,"593,000","200,000","393,000","393,000"
706621,華電網國票59購02,0,0,0,0.0,0.0,0.0,0,0,0,"-50,000",0,0,0,0,"50,000","-50,000","-50,000"
706624,穩得國票5A購01,0,0,0,0.0,0.0,0.0,0,0,0,"5,000",0,0,0,"10,000","5,000","5,000","5,000"
706625,譜瑞國票5A購01,0,0,0,0.0,0.0,0.0,0,0,0,"1,000",0,0,0,"144,000","143,000","1,000","1,000"
706636,弘塑元大59購13,0,0,0,0.0,0.0,0.0,0,0,0,"-20,000",0,0,0,0,"20,000","-20,000","-20,000"
706638,弘塑元大59購15,0,0,0,0.0,0.0,0.0,0,0,0,"-13,000",0,0,0,0,"13,000","-13,000","-13,000"
706639,系微元大59購03,0,0,0,0.0,0.0,0.0,0,0,0,"120,000",0,0,0,"120,000",0,"120,000","120,000"
706642,系微元大59購06,0,0,0,0.0,0.0,0.0,0,0,0,0,0,0,0,"20,000","20,000",0,0
706647,弘塑群益5B購02,0,0,0,0.0,0.0,0.0,0,0,0,"23,000",0,0,0,"45,000","22,000","23,000","23,000"
706652,華電網中信59購01,0,0,0,0.0,0.0,0.0,0,0,0,"-7,000",0,0,0,0,"7,000","-7,000","-7,000"
706655,系微國泰5A購01,0,0,0,0.0,0.0,0.0,0,0,0,"-50,000",0,0,0,0,"50,000","-50,000","-50,000"
706659,弘塑富邦61購02,0,0,0,0.0,0.0,0.0,0,0,0,"-49,000",0,0,0,0,"49,000","-49,000","-49,000"
706660,均豪富邦61購01,0,0,0,0.0,0.0,0.0,0,0,0,"67,000",0,0,0,"67,000",0,"67,000","67,000"
706663,華電網富邦5C購01,0,0,0,0.0,0.0,0.0,0,0,0,"-1,300,000",0,0,0,0,"1,300,000","-1,300,000","-1,300,000"
706664,系微永豐5C購02,0,0,0,0.0,0.0,0.0,0,0,0,"-150,000",0,0,0,"337,000","487,000","-150,000","-150,000"
706665,長佳智永豐59購01,0,0,0,0.0,0.0,0.0,0,0,0,"51,000",0,0,0,"51,000",0,"51,000","51,000"
706672,友輝元富59購03,0,0,0,0.0,0.0,0.0,0,0,0,"14,000",0,0,0,"14,000",0,"14,000","14,000"
706673,弘塑元富5C購02,0,0,0,0.0,0.0,0.0,0,0,0,"-48,000",0,0,0,"2,000","50,000","-48,000","-48,000"
706678,雙鴻兆豐5B購03,0,0,0,0.0,0.0,0.0,0,0,0,"-10,000",0,0,0,0,"10,000","-10,000","-10,000"
706687,台特化凱基63購01,0,0,0,0.0,0.0,0.0,0,0,0,"-3,000",0,0,0,0,"3,000","-3,000","-3,000"
706689,邑錡凱基59購01,0,0,0,0.0,0.0,0.0,0,0,0,"50,000",0,0,0,"50,000",0,"50,000","50,000"
706691,美琪瑪凱基5A購01,0,0,0,0.0,0.0,0.0,0,0,0,"6,000",0,0,0,"6,000",0,"6,000","6,000"
706694,雙鴻凱基59購17,0,0,0,0.0,0.0,0.0,0,0,0,"106,000",0,0,0,"106,000",0,"106,000","106,000"
706695,立碁永豐5A購01,0,0,0,0.0,0.0,0.0,0,0,0,"-1,000",0,0,0,0,"1,000","-1,000","-1,000"
706696,立碁永豐5B購01,0,0,0,0.0,0.0,0.0,0,0,0,"-1,000",0,0,0,"5,000","6,000","-1,000","-1,000"
706699,立碁元富59購01,0,0,0,0.0,0.0,0.0,0,0,0,"-597,000",0,0,0,"223,000","820,000","-597,000","-597,000"
706700,立碁元富59購02,0,0,0,0.0,0.0,0.0,0,0,0,"-75,000",0,0,0,0,"75,000","-75,000","-75,000"
706705,立碁國票5A購01,0,0,0,0.0,0.0,0.0,0,0,0,"-563,000",0,0,0,0,"563,000","-563,000","-563,000"
706707,邑錡國票59購01,0,0,0,0.0,0.0,0.0,0,0,0,"450,000",0,0,0,"450,000",0,"450,000","450,000"
706708,閎康國票61購01,0,0,0,0.0,0.0,0.0,0,0,0,"-230,000",0,0,0,"10,000","240,000","-230,000","-230,000"
706709,台燿統一61購03,0,0,0,0.0,0.0,0.0,0,0,0,"10,000",0,0,0,"10,000",0,"10,000","10,000"
706710,良維統一62購02,0,0,0,0.0,0.0,0.0,0,0,0,"114,000",0,0,0,"124,000","10,000","114,000","114,000"
706711,宜特統一62購02,0,0,0,0.0,0.0,0.0,0,0,0,"-182,000",0,0,0,"120,000","302,000","-182,000","-182,000"
706713,前鼎統一63購01,0,0,0,0.0,0.0,0.0,0,0,0,"-85,000",0,0,0,0,"85,000","-85,000","-85,000"
706714,閎康統一63購01,0,0,0,0.0,0.0,0.0,0,0,0,"-156,000",0,0,0,0,"156,000","-156,000","-156,000"
706717,世紀*元大59購01,0,0,0,0.0,0.0,0.0,0,0,0,"-1,000",0,0,0,0,"1,000","-1,000","-1,000"
706721,立碁元大59購01,0,0,0,0.0,0.0,0.0,0,0,0,"-143,000",0,0,0,0,"143,000","-143,000","-143,000"
706727,宜特元大5C購01,0,0,0,0.0,0.0,0.0,0,0,0,"-5,000",0,0,0,0,"5,000","-5,000","-5,000"
706729,閎康元大59購05,0,0,0,0.0,0.0,0.0,0,0,0,"-1,000",0,0,0,0,"1,000","-1,000","-1,000"
706732,閎康元大5A購01,0,0,0,0.0,0.0,0.0,0,0,0,"1,000",0,0,0,"1,000",0,"1,000","1,000"
706734,雷科元大59購01,0,0,0,0.0,0.0,0.0,0,0,0,"10,000",0,0,0,"10,000",0,"10,000","10,000"
706735,雙鴻元大59購26,0,0,0,0.0,0.0,0.0,0,0,0,"-569,000",0,0,0,0,"569,000","-569,000","-569,000"
706738,世紀*凱基59購03,0,0,0,0.0,0.0,0.0,0,0,0,"2,000",0,0,0,"2,000",0,"2,000","2,000"
706740,立碁凱基59購01,0,0,0,0.0,0.0,0.0,0,0,0,"-3,000",0,0,0,"29,000","32,000","-3,000","-3,000"
706741,均豪凱基59購03,0,0,0,0.0,0.0,0.0,0,0,0,"23,000",0,0,0,"23,000",0,"23,000","23,000"
706743,前鼎凱基61購01,0,0,0,0.0,0.0,0.0,0,0,0,"-44,000",0,0,0,0,"44,000","-44,000","-44,000"
706744,順達凱基59購03,0,0,0,0.0,0.0,0.0,0,0,0,"31,000",0,0,0,"73,000","42,000","31,000","31,000"
706745,聖暉*凱基5A購01,0,0,0,0.0,0.0,0.0,0,0,0,"33,000",0,0,0,"33,000",0,"33,000","33,000"
706749,雙鴻凱基61購01,0,0,0,0.0,0.0,0.0,0,0,0,"35,000",0,0,0,"60,000","25,000","35,000","35,000"
706755,矽科國票5A購01,0,0,0,0.0,0.0,0.0,0,0,0,"3,000",0,0,0,"3,000",0,"3,000","3,000"
706757,常珵國票59購02,0,0,0,0.0,0.0,0.0,0,0,0,"105,000",0,0,0,"215,000","110,000","105,000","105,000"
706760,順達國票5B購01,0,0,0,0.0,0.0,0.0,0,0,0,"-5,000",0,0,0,0,"5,000","-5,000","-5,000"
706761,聖暉*國票5A購04,0,0,0,0.0,0.0,0.0,0,0,0,"-41,000",0,0,0,0,"41,000","-41,000","-41,000"
706765,巨漢元大59購04,0,0,0,0.0,0.0,0.0,0,0,0,"-117,000",0,0,0,0,"117,000","-117,000","-117,000"
706766,立碁元大59購02,0,0,0,0.0,0.0,0.0,0,0,0,"625,000",0,0,0,"625,000",0,"625,000","625,000"
706767,宏捷科元大59購03,0,0,0,0.0,0.0,0.0,0,0,0,"-52,000",0,0,0,"143,000","195,000","-52,000","-52,000"
706775,順達元大59購04,0,0,0,0.0,0.0,0.0,0,0,0,"4,000",0,0,0,"4,000",0,"4,000","4,000"
706776,順達元大59購05,0,0,0,0.0,0.0,0.0,0,0,0,"-32,000",0,0,0,"2,000","34,000","-32,000","-32,000"
706781,雙鴻元大59購27,0,0,0,0.0,0.0,0.0,0,0,0,"-30,000",0,0,0,0,"30,000","-30,000","-30,000"
706788,宜特群益59購02,0,0,0,0.0,0.0,0.0,0,0,0,"-489,000",0,0,0,"1,000","490,000","-489,000","-489,000"
706789,前鼎群益5B購01,0,0,0,0.0,0.0,0.0,0,0,0,"20,000",0,0,0,"30,000","10,000","20,000","20,000"
706790,順達群益5B購02,0,0,0,0.0,0.0,0.0,0,0,0,"60,000",0,0,0,"60,000",0,"60,000","60,000"
706795,前鼎富邦5B購01,0,0,0,0.0,0.0,0.0,0,0,0,"-4,000",0,0,0,0,"4,000","-4,000","-4,000"
706796,鈊象富邦5B購02,0,0,0,0.0,0.0,0.0,0,0,0,"-23,000",0,0,0,0,"23,000","-23,000","-23,000"
706798,雙鴻富邦5B購01,0,0,0,0.0,0.0,0.0,0,0,0,"-273,000",0,0,0,"110,000","383,000","-273,000","-273,000"
706799,立碁統一63購01,0,0,0,0.0,0.0,0.0,0,0,0,"48,000",0,0,0,"48,000",0,"48,000","48,000"
706801,順達統一63購02,0,0,0,0.0,0.0,0.0,0,0,0,"-2,000",0,0,0,0,"2,000","-2,000","-2,000"
706802,順達統一66購01,0,0,0,0.0,0.0,0.0,0,0,0,"-25,000",0,0,0,0,"25,000","-25,000","-25,000"
706804,雙鴻統一66購01,0,0,0,0.0,0.0,0.0,0,0,0,"40,000",0,0,0,"40,000",0,"40,000","40,000"
706805,順達中信59購01,0,0,0,0.0,0.0,0.0,0,0,0,"-1,000",0,0,0,0,"1,000","-1,000","-1,000"
706812,前鼎元富59購02,0,0,0,0.0,0.0,0.0,0,0,0,"-22,000",0,0,0,"4,000","26,000","-22,000","-22,000"
706813,勤凱元富59購02,0,0,0,0.0,0.0,0.0,0,0,0,"20,000",0,0,0,"20,000",0,"20,000","20,000"
706819,台特化凱基59購06,0,0,0,0.0,0.0,0.0,0,0,0,"3,000",0,0,0,"3,000",0,"3,000","3,000"
706820,台燿凱基59購07,0,0,0,0.0,0.0,0.0,0,0,0,"5,000",0,0,0,"5,000",0,"5,000","5,000"
706821,巨漢凱基59購03,0,0,0,0.0,0.0,0.0,0,0,0,"6,000",0,0,0,"6,000",0,"6,000","6,000"
706825,前鼎凱基5B購01,0,0,0,0.0,0.0,0.0,0,0,0,"-77,000",0,0,0,0,"77,000","-77,000","-77,000"
706838,良維元大59購22,0,0,0,0.0,0.0,0.0,0,0,0,"-5,000",0,0,0,0,"5,000","-5,000","-5,000"
706839,宜特元大59購04,0,0,0,0.0,0.0,0.0,0,0,0,"-6,000",0,0,0,0,"6,000","-6,000","-6,000"
706843,鈊象元大5C購04,0,0,0,0.0,0.0,0.0,0,0,0,"-20,000",0,0,0,0,"20,000","-20,000","-20,000"
706844,鈊象元大63購04,0,0,0,0.0,0.0,0.0,0,0,0,"-106,000",0,0,0,0,"106,000","-106,000","-106,000"
706846,雙鴻元大59購28,0,0,0,0.0,0.0,0.0,0,0,0,"125,000",0,0,0,"197,000","72,000","125,000","125,000"
706847,雙鴻元大59購29,0,0,0,0.0,0.0,0.0,0,0,0,"-587,000",0,0,0,0,"587,000","-587,000","-587,000"
706850,東捷永豐5C購01,0,0,0,0.0,0.0,0.0,0,0,0,"18,000",0,0,0,"18,000",0,"18,000","18,000"
706851,前鼎永豐5B購02,0,0,0,0.0,0.0,0.0,0,0,0,"-153,000",0,0,0,0,"153,000","-153,000","-153,000"
706852,鈊象永豐5B購01,0,0,0,0.0,0.0,0.0,0,0,0,"100,000",0,0,0,"100,000",0,"100,000","100,000"
706859,漢科元富5A購01,0,0,0,0.0,0.0,0.0,0,0,0,"-10,000",0,0,0,0,"10,000","-10,000","-10,000"
706860,廣運元富5C購01,0,0,0,0.0,0.0,0.0,0,0,0,"-20,000",0,0,0,"10,000","30,000","-20,000","-20,000"
706866,東捷群益63購02,0,0,0,0.0,0.0,0.0,0,0,0,0,0,0,0,"10,000","10,000",0,0
706871,鈊象群益5B購01,0,0,0,0.0,0.0,0.0,0,0,0,"-40,000",0,0,0,"10,000","50,000","-40,000","-40,000"
706872,聖暉*群益5C購01,0,0,0,0.0,0.0,0.0,0,0,0,0,0,0,0,"10,000","10,000",0,0
706874,雙鴻群益59購14,0,0,0,0.0,0.0,0.0,0,0,0,"1,000",0,0,0,"2,000","1,000","1,000","1,000"
706875,鑫科群益5B購01,0,0,0,0.0,0.0,0.0,0,0,0,"-60,000",0,0,0,0,"60,000","-60,000","-60,000"
706876,久元國票5A購02,0,0,0,0.0,0.0,0.0,0,0,0,"100,000",0,0,0,"100,000",0,"100,000","100,000"
706878,神盾國票62購01,0,0,0,0.0,0.0,0.0,0,0,0,"-38,000",0,0,0,"10,000","48,000","-38,000","-38,000"
706889,順達元大59購07,0,0,0,0.0,0.0,0.0,0,0,0,"-9,000",0,0,0,0,"9,000","-9,000","-9,000"
706890,順達元大59購08,0,0,0,0.0,0.0,0.0,0,0,0,0,0,0,0,"10,000","10,000",0,0
706891,順達元大59購09,0,0,0,0.0,0.0,0.0,0,0,0,0,0,0,0,"3,000","3,000",0,0
706892,鈊象元大63購05,0,0,0,0.0,0.0,0.0,0,0,0,"-421,000",0,0,0,"5,000","426,000","-421,000","-421,000"
706901,聖暉*凱基5B購03,0,0,0,0.0,0.0,0.0,0,0,0,"-5,000",0,0,0,"50,000","55,000","-5,000","-5,000"
706902,雙鴻凱基59購18,0,0,0,0.0,0.0,0.0,0,0,0,"57,000",0,0,0,"246,000","189,000","57,000","57,000"
706903,台燿國票5B購02,0,0,0,0.0,0.0,0.0,0,0,0,"-5,000",0,0,0,0,"5,000","-5,000","-5,000"
706905,宣德國票5B購01,0,0,0,0.0,0.0,0.0,0,0,0,"-200,000",0,0,0,"96,000","296,000","-200,000","-200,000"
706915,中光電永豐5B購01,0,0,0,0.0,0.0,0.0,0,0,0,0,0,0,0,"5,000","5,000",0,0
706917,宜特永豐59購03,0,0,0,0.0,0.0,0.0,0,0,0,"-25,000",0,0,0,0,"25,000","-25,000","-25,000"
706919,雙鴻永豐5C購02,0,0,0,0.0,0.0,0.0,0,0,0,"2,000",0,0,0,"2,000",0,"2,000","2,000"
706922,宜特永豐5C購02,0,0,0,0.0,0.0,0.0,0,0,0,"-11,000",0,0,0,"16,000","27,000","-11,000","-11,000"
706935,千附精國票5B購01,0,0,0,0.0,0.0,0.0,0,0,0,"10,000",0,0,0,"10,000",0,"10,000","10,000"
706940,華電網國泰5B購01,0,0,0,0.0,0.0,0.0,0,0,0,"800,000",0,0,0,"800,000",0,"800,000","800,000"
706942,久元富邦5C購01,0,0,0,0.0,0.0,0.0,0,0,0,"-2,000",0,0,0,0,"2,000","-2,000","-2,000"
706947,印能元大5A購01,0,0,0,0.0,0.0,0.0,0,0,0,"-108,000",0,0,0,0,"108,000","-108,000","-108,000"
706948,印能元大64購01,0,0,0,0.0,0.0,0.0,0,0,0,"-48,000",0,0,0,"2,000","50,000","-48,000","-48,000"
706949,良維元大61購01,0,0,0,0.0,0.0,0.0,0,0,0,"2,000",0,0,0,"2,000",0,"2,000","2,000"
706950,東捷元大61購01,0,0,0,0.0,0.0,0.0,0,0,0,"-9,000",0,0,0,0,"9,000","-9,000","-9,000"
706953,鈊象元大64購02,0,0,0,0.0,0.0,0.0,0,0,0,"-30,000",0,0,0,"20,000","50,000","-30,000","-30,000"
706955,匯鑽科元大5A購02,0,0,0,0.0,0.0,0.0,0,0,0,"2,150,000",0,0,0,"2,150,000",0,"2,150,000","2,150,000"
706957,雙鴻元大5A購05,0,0,0,0.0,0.0,0.0,0,0,0,"1,135,000",0,0,0,"1,166,000","31,000","1,135,000","1,135,000"
706958,世紀*群益5A購01,0,0,0,0.0,0.0,0.0,0,0,0,"-20,000",0,0,0,0,"20,000","-20,000","-20,000"
706960,印能群益5A購01,0,0,0,0.0,0.0,0.0,0,0,0,"-10,000",0,0,0,0,"10,000","-10,000","-10,000"
706966,千附精凱基5B購01,0,0,0,0.0,0.0,0.0,0,0,0,"-10,000",0,0,0,0,"10,000","-10,000","-10,000"
706968,印能凱基64購01,0,0,0,0.0,0.0,0.0,0,0,0,"52,000",0,0,0,"72,000","20,000","52,000","52,000"
706971,雙鴻凱基5A購05,0,0,0,0.0,0.0,0.0,0,0,0,"4,000",0,0,0,"84,000","80,000","4,000","4,000"
706972,印能國票5A購03,0,0,0,0.0,0.0,0.0,0,0,0,"-83,000",0,0,0,"15,000","98,000","-83,000","-83,000"
706977,耀勝國票61購01,0,0,0,0.0,0.0,0.0,0,0,0,"-10,000",0,0,0,0,"10,000","-10,000","-10,000"
706978,印能國泰5B購01,0,0,0,0.0,0.0,0.0,0,0,0,"14,000",0,0,0,"14,000",0,"14,000","14,000"
706980,神盾統一64購01,0,0,0,0.0,0.0,0.0,0,0,0,"-236,000",0,0,0,"76,000","312,000","-236,000","-236,000"
706982,印能永豐64購01,0,0,0,0.0,0.0,0.0,0,0,0,"5,000",0,0,0,"10,000","5,000","5,000","5,000"
706985,原相永豐5B購02,0,0,0,0.0,0.0,0.0,0,0,0,"-15,000",0,0,0,0,"15,000","-15,000","-15,000"
706986,神盾永豐5C購02,0,0,0,0.0,0.0,0.0,0,0,0,"-94,000",0,0,0,"88,000","182,000","-94,000","-94,000"
706990,天品元大5A購01,0,0,0,0.0,0.0,0.0,0,0,0,"268,000",0,0,0,"268,000",0,"268,000","268,000"
706991,世紀*元大5A購01,0,0,0,0.0,0.0,0.0,0,0,0,"-10,000",0,0,0,0,"10,000","-10,000","-10,000"
706998,印能群益5A購02,0,0,0,0.0,0.0,0.0,0,0,0,"35,000",0,0,0,"55,000","20,000","35,000","35,000"
707000,高僑群益5B購01,0,0,0,0.0,0.0,0.0,0,0,0,"-23,000",0,0,0,0,"23,000","-23,000","-23,000"
707004,雙鴻群益5A購05,0,0,0,0.0,0.0,0.0,0,0,0,"-91,000",0,0,0,0,"91,000","-91,000","-91,000"
707006,台嘉碩元大5A購01,0,0,0,0.0,0.0,0.0,0,0,0,"-10,000",0,0,0,0,"10,000","-10,000","-10,000"
707009,印能元大5A購05,0,0,0,0.0,0.0,0.0,0,0,0,"-18,000",0,0,0,"34,000","52,000","-18,000","-18,000"
707010,印能元大5A購06,0,0,0,0.0,0.0,0.0,0,0,0,"-20,000",0,0,0,"4,000","24,000","-20,000","-20,000"
707011,印能元大5B購01,0,0,0,0.0,0.0,0.0,0,0,0,"-137,000",0,0,0,"4,000","141,000","-137,000","-137,000"
707012,印能元大5C購02,0,0,0,0.0,0.0,0.0,0,0,0,"40,000",0,0,0,"40,000",0,"40,000","40,000"
707023,華電網元大5A購01,0,0,0,0.0,0.0,0.0,0,0,0,"10,000",0,0,0,"10,000",0,"10,000","10,000"
707028,印能凱基5A購03,0,0,0,0.0,0.0,0.0,0,0,0,"2,000",0,0,0,"36,000","34,000","2,000","2,000"
707030,系微凱基5A購02,0,0,0,0.0,0.0,0.0,0,0,0,"30,000",0,0,0,"130,000","100,000","30,000","30,000"
707033,前鼎凱基5A購03,0,0,0,0.0,0.0,0.0,0,0,0,"-31,000",0,0,0,0,"31,000","-31,000","-31,000"
707035,陽程凱基5A購01,0,0,0,0.0,0.0,0.0,0,0,0,"-20,000",0,0,0,0,"20,000","-20,000","-20,000"
707036,陽程凱基5A購02,0,0,0,0.0,0.0,0.0,0,0,0,"-140,000",0,0,0,0,"140,000","-140,000","-140,000"
707041,台嘉碩國票5A購01,0,0,0,0.0,0.0,0.0,0,0,0,"66,000",0,0,0,"74,000","8,000","66,000","66,000"
707042,印能國票5B購01,0,0,0,0.0,0.0,0.0,0,0,0,"-64,000",0,0,0,"263,000","327,000","-64,000","-64,000"
707046,博盛國票5B購01,0,0,0,0.0,0.0,0.0,0,0,0,"-30,000",0,0,0,0,"30,000","-30,000","-30,000"
707048,雙鴻中信64購01,0,0,0,0.0,0.0,0.0,0,0,0,"61,000",0,0,0,"110,000","49,000","61,000","61,000"
707050,印能永豐5A購02,0,0,0,0.0,0.0,0.0,0,0,0,"31,000",0,0,0,"33,000","2,000","31,000","31,000"
707051,印能永豐61購01,0,0,0,0.0,0.0,0.0,0,0,0,"-22,000",0,0,0,"33,000","55,000","-22,000","-22,000"
707052,同致永豐5C購01,0,0,0,0.0,0.0,0.0,0,0,0,"1,000",0,0,0,"1,000",0,"1,000","1,000"
707053,同致永豐61購01,0,0,0,0.0,0.0,0.0,0,0,0,"-20,000",0,0,0,0,"20,000","-20,000","-20,000"
707056,宜特永豐5B購01,0,0,0,0.0,0.0,0.0,0,0,0,"63,000",0,0,0,"68,000","5,000","63,000","63,000"
707063,台嘉碩國泰5B購01,0,0,0,0.0,0.0,0.0,0,0,0,"33,000",0,0,0,"45,000","12,000","33,000","33,000"
707067,雙鴻富邦5C購05,0,0,0,0.0,0.0,0.0,0,0,0,"314,000",0,0,0,"479,000","165,000","314,000","314,000"
707068,雙鴻富邦5C購06,0,0,0,0.0,0.0,0.0,0,0,0,"-97,000",0,0,0,"52,000","149,000","-97,000","-97,000"
707071,立碁統一67購01,0,0,0,0.0,0.0,0.0,0,0,0,"-7,000",0,0,0,0,"7,000","-7,000","-7,000"
707072,立碁統一74購01,0,0,0,0.0,0.0,0.0,0,0,0,"-1,000",0,0,0,0,"1,000","-1,000","-1,000"
707073,印能統一63購02,0,0,0,0.0,0.0,0.0,0,0,0,"-200,000",0,0,0,0,"200,000","-200,000","-200,000"
707074,印能統一74購01,0,0,0,0.0,0.0,0.0,0,0,0,"-33,000",0,0,0,0,"33,000","-33,000","-33,000"
707075,沛亨統一74購01,0,0,0,0.0,0.0,0.0,0,0,0,"-147,000",0,0,0,"2,000","149,000","-147,000","-147,000"
707076,系統電統一67購01,0,0,0,0.0,0.0,0.0,0,0,0,"-7,000",0,0,0,0,"7,000","-7,000","-7,000"
707079,華電網統一64購01,0,0,0,0.0,0.0,0.0,0,0,0,"-150,000",0,0,0,0,"150,000","-150,000","-150,000"
707080,華電網統一74購01,0,0,0,0.0,0.0,0.0,0,0,0,"-114,000",0,0,0,0,"114,000","-114,000","-114,000"
707082,順達統一63購03,0,0,0,0.0,0.0,0.0,0,0,0,"-7,000",0,0,0,0,"7,000","-7,000","-7,000"
707086,廣閎科統一64購01,0,0,0,0.0,0.0,0.0,0,0,0,"10,000",0,0,0,"10,000",0,"10,000","10,000"
707089,雙鴻統一62購05,0,0,0,0.0,0.0,0.0,0,0,0,"-3,000",0,0,0,0,"3,000","-3,000","-3,000"
707090,雙鴻統一66購02,0,0,0,0.0,0.0,0.0,0,0,0,"10,000",0,0,0,"10,000",0,"10,000","10,000"
707096,岳豐群益5A購01,0,0,0,0.0,0.0,0.0,0,0,0,"-2,000",0,0,0,0,"2,000","-2,000","-2,000"
707102,寶雅群益5A購01,0,0,0,0.0,0.0,0.0,0,0,0,"-14,000",0,0,0,0,"14,000","-14,000","-14,000"
707119,雙鴻凱基5C購05,0,0,0,0.0,0.0,0.0,0,0,0,"-78,000",0,0,0,"6,000","84,000","-78,000","-78,000"
707123,耕興國票5B購01,0,0,0,0.0,0.0,0.0,0,0,0,"4,000",0,0,0,"4,000",0,"4,000","4,000"
707127,磐亞國票5B購01,0,0,0,0.0,0.0,0.0,0,0,0,"5,000",0,0,0,"5,000",0,"5,000","5,000"
707129,宜特富邦5C購01,0,0,0,0.0,0.0,0.0,0,0,0,"-137,000",0,0,0,"97,000","234,000","-137,000","-137,000"
707131,精材富邦5A購01,0,0,0,0.0,0.0,0.0,0,0,0,"-1,000",0,0,0,0,"1,000","-1,000","-1,000"
707132,聚和富邦5A購01,0,0,0,0.0,0.0,0.0,0,0,0,"6,000",0,0,0,"6,000",0,"6,000","6,000"
707133,正淩統一63購01,0,0,0,0.0,0.0,0.0,0,0,0,"46,000",0,0,0,"46,000",0,"46,000","46,000"
707134,同致統一64購01,0,0,0,0.0,0.0,0.0,0,0,0,"-25,000",0,0,0,0,"25,000","-25,000","-25,000"
707138,陽程統一64購02,0,0,0,0.0,0.0,0.0,0,0,0,"-5,000",0,0,0,0,"5,000","-5,000","-5,000"
707140,萬泰科統一74購01,0,0,0,0.0,0.0,0.0,0,0,0,"-2,000",0,0,0,0,"2,000","-2,000","-2,000"
707142,群翊統一74購01,0,0,0,0.0,0.0,0.0,0,0,0,"-10,000",0,0,0,0,"10,000","-10,000","-10,000"
707143,頎邦統一64購02,0,0,0,0.0,0.0,0.0,0,0,0,"-1,000",0,0,0,0,"1,000","-1,000","-1,000"
707147,宏捷科永豐5C購01,0,0,0,0.0,0.0,0.0,0,0,0,"111,000",0,0,0,"111,000",0,"111,000","111,000"
707151,茂綸永豐5A購01,0,0,0,0.0,0.0,0.0,0,0,0,"-10,000",0,0,0,"190,000","200,000","-10,000","-10,000"
707153,陽程永豐5C購01,0,0,0,0.0,0.0,0.0,0,0,0,"-2,000",0,0,0,"6,000","8,000","-2,000","-2,000"
707156,璟德永豐5A購01,0,0,0,0.0,0.0,0.0,0,0,0,"28,000",0,0,0,"28,000",0,"28,000","28,000"
707158,雙鴻永豐5C購03,0,0,0,0.0,0.0,0.0,0,0,0,"-153,000",0,0,0,"122,000","275,000","-153,000","-153,000"
707172,翔名凱基5A購01,0,0,0,0.0,0.0,0.0,0,0,0,"100,000",0,0,0,"100,000",0,"100,000","100,000"
707173,華景電凱基5A購01,0,0,0,0.0,0.0,0.0,0,0,0,"-108,000",0,0,0,"2,000","110,000","-108,000","-108,000"
707178,世界群益5C購01,0,0,0,0.0,0.0,0.0,0,0,0,"-55,000",0,0,0,0,"55,000","-55,000","-55,000"
707189,華景電國票5B購01,0,0,0,0.0,0.0,0.0,0,0,0,"90,000",0,0,0,"110,000","20,000","90,000","90,000"
707192,鈺太國泰5B購01,0,0,0,0.0,0.0,0.0,0,0,0,"-8,000",0,0,0,0,"8,000","-8,000","-8,000"
707193,雙鴻國泰67購01,0,0,0,0.0,0.0,0.0,0,0,0,"-5,000",0,0,0,"5,000","10,000","-5,000","-5,000"
707194,久元統一64購01,0,0,0,0.0,0.0,0.0,0,0,0,"-183,000",0,0,0,0,"183,000","-183,000","-183,000"
707195,湧德統一74購01,0,0,0,0.0,0.0,0.0,0,0,0,"-20,000",0,0,0,0,"20,000","-20,000","-20,000"
707196,華景電統一64購01,0,0,0,0.0,0.0,0.0,0,0,0,"-469,000",0,0,0,0,"469,000","-469,000","-469,000"
707198,華景電統一65購01,0,0,0,0.0,0.0,0.0,0,0,0,"1,000",0,0,0,"1,000",0,"1,000","1,000"
707200,華景電統一74購01,0,0,0,0.0,0.0,0.0,0,0,0,"80,000",0,0,0,"80,000",0,"80,000","80,000"
707209,台燿元大64購04,0,0,0,0.0,0.0,0.0,0,0,0,"40,000",0,0,0,"44,000","4,000","40,000","40,000"
707215,信紘科元大5A購01,0,0,0,0.0,0.0,0.0,0,0,0,"35,000",0,0,0,"35,000",0,"35,000","35,000"
707217,華景電元大5A購02,0,0,0,0.0,0.0,0.0,0,0,0,"-295,000",0,0,0,0,"295,000","-295,000","-295,000"
707218,順達元大5A購07,0,0,0,0.0,0.0,0.0,0,0,0,"-54,000",0,0,0,"25,000","79,000","-54,000","-54,000"
707220,群翊元大5A購01,0,0,0,0.0,0.0,0.0,0,0,0,"-7,000",0,0,0,0,"7,000","-7,000","-7,000"
707221,雙鴻元大64購02,0,0,0,0.0,0.0,0.0,0,0,0,"-1,000",0,0,0,"120,000","121,000","-1,000","-1,000"
707222,世界永豐61購01,0,0,0,0.0,0.0,0.0,0,0,0,"-37,000",0,0,0,"5,000","42,000","-37,000","-37,000"
707224,台燿永豐5A購03,0,0,0,0.0,0.0,0.0,0,0,0,"-14,000",0,0,0,0,"14,000","-14,000","-14,000"
707227,華景電永豐5C購01,0,0,0,0.0,0.0,0.0,0,0,0,"-56,000",0,0,0,"30,000","86,000","-56,000","-56,000"
707228,華景電永豐61購01,0,0,0,0.0,0.0,0.0,0,0,0,"-54,000",0,0,0,0,"54,000","-54,000","-54,000"
707233,陽程凱基5A購03,0,0,0,0.0,0.0,0.0,0,0,0,"-12,000",0,0,0,0,"12,000","-12,000","-12,000"
707238,廣閎科凱基5A購02,0,0,0,0.0,0.0,0.0,0,0,0,"10,000",0,0,0,"10,000",0,"10,000","10,000"
707245,順達元大64購02,0,0,0,0.0,0.0,0.0,0,0,0,"-3,000",0,0,0,0,"3,000","-3,000","-3,000"
707246,鈊象元大61購01,0,0,0,0.0,0.0,0.0,0,0,0,"-175,000",0,0,0,"52,000","227,000","-175,000","-175,000"
707248,萬泰科元大5A購01,0,0,0,0.0,0.0,0.0,0,0,0,"-1,000",0,0,0,0,"1,000","-1,000","-1,000"
707250,台燿國票5B購04,0,0,0,0.0,0.0,0.0,0,0,0,"-3,000",0,0,0,"9,000","12,000","-3,000","-3,000"
707251,順達國票5B購02,0,0,0,0.0,0.0,0.0,0,0,0,"9,000",0,0,0,"9,000",0,"9,000","9,000"
707255,宏捷科國泰5B購01,0,0,0,0.0,0.0,0.0,0,0,0,"5,000",0,0,0,"29,000","24,000","5,000","5,000"
707256,宏捷科國泰5B購02,0,0,0,0.0,0.0,0.0,0,0,0,"-22,000",0,0,0,0,"22,000","-22,000","-22,000"
707258,東捷永豐64購01,0,0,0,0.0,0.0,0.0,0,0,0,"-46,000",0,0,0,"18,000","64,000","-46,000","-46,000"
707260,勤凱永豐5C購03,0,0,0,0.0,0.0,0.0,0,0,0,"1,000",0,0,0,"1,000",0,"1,000","1,000"
707266,東捷統一64購02,0,0,0,0.0,0.0,0.0,0,0,0,"5,000",0,0,0,"5,000",0,"5,000","5,000"
707268,華景電統一63購01,0,0,0,0.0,0.0,0.0,0,0,0,"-376,000",0,0,0,0,"376,000","-376,000","-376,000"
707273,新盛力統一74購02,0,0,0,0.0,0.0,0.0,0,0,0,"39,000",0,0,0,"90,000","51,000","39,000","39,000"
707278,德微統一64購01,0,0,0,0.0,0.0,0.0,0,0,0,"8,000",0,0,0,"10,000","2,000","8,000","8,000"
707279,久元凱基61購01,0,0,0,0.0,0.0,0.0,0,0,0,"-1,000",0,0,0,0,"1,000","-1,000","-1,000"
707284,宏觀凱基64購01,0,0,0,0.0,0.0,0.0,0,0,0,"30,000",0,0,0,"30,000",0,"30,000","30,000"
707285,旺矽凱基5A購04,0,0,0,0.0,0.0,0.0,0,0,0,"235,000",0,0,0,"235,000",0,"235,000","235,000"
707290,均豪兆豐5C購01,0,0,0,0.0,0.0,0.0,0,0,0,"248,000",0,0,0,"249,000","1,000","248,000","248,000"
707292,台星科元大5A購01,0,0,0,0.0,0.0,0.0,0,0,0,"-252,000",0,0,0,0,"252,000","-252,000","-252,000"
707302,信驊元大5B購01,0,0,0,0.0,0.0,0.0,0,0,0,0,0,0,0,"13,000","13,000",0,0
707303,華景電元大5A購03,0,0,0,0.0,0.0,0.0,0,0,0,"20,000",0,0,0,"20,000",0,"20,000","20,000"
707304,陽程元大63購01,0,0,0,0.0,0.0,0.0,0,0,0,"-65,000",0,0,0,"4,000","69,000","-65,000","-65,000"
707311,均豪永豐5C購01,0,0,0,0.0,0.0,0.0,0,0,0,"8,000",0,0,0,"18,000","10,000","8,000","8,000"
707312,良維永豐5C購01,0,0,0,0.0,0.0,0.0,0,0,0,"11,000",0,0,0,"43,000","32,000","11,000","11,000"
707313,旺矽永豐5A購03,0,0,0,0.0,0.0,0.0,0,0,0,"404,000",0,0,0,"404,000",0,"404,000","404,000"
707316,長科*永豐5A購01,0,0,0,0.0,0.0,0.0,0,0,0,"-8,000",0,0,0,0,"8,000","-8,000","-8,000"
707317,信驊永豐5A購03,0,0,0,0.0,0.0,0.0,0,0,0,"67,000",0,0,0,"67,000",0,"67,000","67,000"
707318,前鼎永豐61購01,0,0,0,0.0,0.0,0.0,0,0,0,"-73,000",0,0,0,0,"73,000","-73,000","-73,000"
707320,翔名永豐5B購02,0,0,0,0.0,0.0,0.0,0,0,0,"16,000",0,0,0,"16,000",0,"16,000","16,000"
707326,台燿富邦64購01,0,0,0,0.0,0.0,0.0,0,0,0,"-5,000",0,0,0,0,"5,000","-5,000","-5,000"
707330,台燿國票5B購05,0,0,0,0.0,0.0,0.0,0,0,0,"-16,000",0,0,0,"24,000","40,000","-16,000","-16,000"
707331,台燿統一63購01,0,0,0,0.0,0.0,0.0,0,0,0,"13,000",0,0,0,"14,000","1,000","13,000","13,000"
707332,台燿統一64購03,0,0,0,0.0,0.0,0.0,0,0,0,"-1,000",0,0,0,0,"1,000","-1,000","-1,000"
707334,台燿統一66購02,0,0,0,0.0,0.0,0.0,0,0,0,"-9,000",0,0,0,"1,000","10,000","-9,000","-9,000"
707335,台燿統一74購02,0,0,0,0.0,0.0,0.0,0,0,0,"168,000",0,0,0,"200,000","32,000","168,000","168,000"
707337,巨漢統一63購02,0,0,0,0.0,0.0,0.0,0,0,0,"-145,000",0,0,0,0,"145,000","-145,000","-145,000"
707340,旺矽統一63購06,0,0,0,0.0,0.0,0.0,0,0,0,"-9,000",0,0,0,0,"9,000","-9,000","-9,000"
707341,旺矽統一64購01,0,0,0,0.0,0.0,0.0,0,0,0,"-6,000",0,0,0,0,"6,000","-6,000","-6,000"
707343,前鼎統一64購01,0,0,0,0.0,0.0,0.0,0,0,0,"-384,000",0,0,0,"28,000","412,000","-384,000","-384,000"
707347,勤凱統一74購02,0,0,0,0.0,0.0,0.0,0,0,0,"-5,000",0,0,0,0,"5,000","-5,000","-5,000"
707348,新盛力統一63購01,0,0,0,0.0,0.0,0.0,0,0,0,"13,000",0,0,0,"13,000",0,"13,000","13,000"
707349,新盛力統一64購02,0,0,0,0.0,0.0,0.0,0,0,0,"18,000",0,0,0,"18,000",0,"18,000","18,000"
707353,頎邦統一74購03,0,0,0,0.0,0.0,0.0,0,0,0,"-1,000",0,0,0,0,"1,000","-1,000","-1,000"
707354,廣閎科統一64購02,0,0,0,0.0,0.0,0.0,0,0,0,"-20,000",0,0,0,0,"20,000","-20,000","-20,000"
707355,廣閎科統一67購01,0,0,0,0.0,0.0,0.0,0,0,0,"-18,000",0,0,0,"3,000","21,000","-18,000","-18,000"
707356,廣閎科統一74購03,0,0,0,0.0,0.0,0.0,0,0,0,"70,000",0,0,0,"100,000","30,000","70,000","70,000"
707359,元太凱基5A購02,0,0,0,0.0,0.0,0.0,0,0,0,"-1,000",0,0,0,0,"1,000","-1,000","-1,000"
707361,宜特凱基61購01,0,0,0,0.0,0.0,0.0,0,0,0,"-12,000",0,0,0,0,"12,000","-12,000","-12,000"
707362,信紘科凱基5A購01,0,0,0,0.0,0.0,0.0,0,0,0,0,0,0,0,"150,000","150,000",0,0
707368,鴻呈凱基5A購01,0,0,0,0.0,0.0,0.0,0,0,0,0,0,0,0,"10,000","10,000",0,0
707371,前鼎永豐61購02,0,0,0,0.0,0.0,0.0,0,0,0,"150,000",0,0,0,"150,000",0,"150,000","150,000"
707376,譜瑞永豐5C購01,0,0,0,0.0,0.0,0.0,0,0,0,"-1,000",0,0,0,0,"1,000","-1,000","-1,000"
707377,天品國票5A購01,0,0,0,0.0,0.0,0.0,0,0,0,"45,000",0,0,0,"45,000",0,"45,000","45,000"
707378,泓格國票5A購01,0,0,0,0.0,0.0,0.0,0,0,0,"1,000",0,0,0,"1,000",0,"1,000","1,000"
707382,廣閎科國票5B購03,0,0,0,0.0,0.0,0.0,0,0,0,0,0,0,0,"10,000","10,000",0,0
707387,前鼎群益5A購01,0,0,0,0.0,0.0,0.0,0,0,0,"-2,000",0,0,0,0,"2,000","-2,000","-2,000"
707394,廣閎科群益5B購01,"5,000",0,"5,000",0.0,0.0,0.0,0,0,0,"-61,000",0,0,0,"44,000","105,000","-61,000","-56,000"
707395,譜瑞群益5B購01,0,0,0,0.0,0.0,0.0,0,0,0,"-1,000",0,0,0,"50,000","51,000","-1,000","-1,000"
707397,天品元大61購01,0,0,0,0.0,0.0,0.0,0,0,0,"571,000",0,0,0,"818,000","247,000","571,000","571,000"
707398,東捷元大5A購02,0,0,0,0.0,0.0,0.0,0,0,0,"-1,000",0,0,0,0,"1,000","-1,000","-1,000"
707403,廣閎科元大5A購02,0,0,0,0.0,0.0,0.0,0,0,0,"-13,000",0,0,0,"20,000","33,000","-13,000","-13,000"
707405,群翊國泰5B購02,0,0,0,0.0,0.0,0.0,0,0,0,"1,000",0,0,0,"1,000",0,"1,000","1,000"
707406,久元統一64購02,0,0,0,0.0,0.0,0.0,0,0,0,"-1,000",0,0,0,"198,000","199,000","-1,000","-1,000"
707409,均豪統一63購02,0,0,0,0.0,0.0,0.0,0,0,0,"24,000",0,0,0,"24,000",0,"24,000","24,000"
707411,宜特統一74購01,0,0,0,0.0,0.0,0.0,0,0,0,"-20,000",0,0,0,0,"20,000","-20,000","-20,000"
707412,東捷統一63購02,0,0,0,0.0,0.0,0.0,0,0,0,"5,000",0,0,0,"5,000",0,"5,000","5,000"
707414,前鼎統一74購01,0,0,0,0.0,0.0,0.0,0,0,0,"-23,000",0,0,0,"2,000","25,000","-23,000","-23,000"
707416,順達統一64購02,0,0,0,0.0,0.0,0.0,0,0,0,"-100,000",0,0,0,0,"100,000","-100,000","-100,000"
707422,頎邦富邦61購02,0,0,0,0.0,0.0,0.0,0,0,0,"-15,000",0,0,0,0,"15,000","-15,000","-15,000"
707426,千附精永豐5B購01,0,0,0,0.0,0.0,0.0,0,0,0,"10,000",0,0,0,"10,000",0,"10,000","10,000"
707429,沛亨永豐61購01,0,0,0,0.0,0.0,0.0,0,0,0,"-640,000",0,0,0,0,"640,000","-640,000","-640,000"
707431,朋億*永豐5B購01,0,0,0,0.0,0.0,0.0,0,0,0,"10,000",0,0,0,"10,000",0,"10,000","10,000"
707447,巨漢國泰5B購01,0,0,0,0.0,0.0,0.0,0,0,0,"-4,000",0,0,0,0,"4,000","-4,000","-4,000"
707449,立碁國泰5B購01,0,0,0,0.0,0.0,0.0,0,0,0,"26,000",0,0,0,"39,000","13,000","26,000","26,000"
707453,千附統一64購01,0,0,0,0.0,0.0,0.0,0,0,0,"63,000",0,0,0,"63,000",0,"63,000","63,000"
707454,千附精統一74購01,0,0,0,0.0,0.0,0.0,0,0,0,"-108,000",0,0,0,0,"108,000","-108,000","-108,000"
707455,台星科統一74購01,0,0,0,0.0,0.0,0.0,0,0,0,"-20,000",0,0,0,0,"20,000","-20,000","-20,000"
707458,正淩統一74購01,0,0,0,0.0,0.0,0.0,0,0,0,"-410,000",0,0,0,0,"410,000","-410,000","-410,000"
707459,立敦統一74購01,0,0,0,0.0,0.0,0.0,0,0,0,"-22,000",0,0,0,"10,000","32,000","-22,000","-22,000"
707460,兆利統一64購02,0,0,0,0.0,0.0,0.0,0,0,0,"-10,000",0,0,0,0,"10,000","-10,000","-10,000"
707465,湧德統一64購01,0,0,0,0.0,0.0,0.0,0,0,0,"46,000",0,0,0,"46,000",0,"46,000","46,000"
707467,陽程統一66購01,0,0,0,0.0,0.0,0.0,0,0,0,"101,000",0,0,0,"206,000","105,000","101,000","101,000"
707468,陽程統一74購02,0,0,0,0.0,0.0,0.0,0,0,0,"19,000",0,0,0,"40,000","21,000","19,000","19,000"
707469,陽程統一74購03,0,0,0,0.0,0.0,0.0,0,0,0,"120,000",0,0,0,"141,000","21,000","120,000","120,000"
707470,順達統一74購01,0,0,0,0.0,0.0,0.0,0,0,0,"-1,000",0,0,0,0,"1,000","-1,000","-1,000"
707471,新應材統一67購01,0,0,0,0.0,0.0,0.0,0,0,0,"-168,000",0,0,0,"75,000","243,000","-168,000","-168,000"
707474,蜜望實統一74購01,0,0,0,0.0,0.0,0.0,0,0,0,"-48,000",0,0,0,"10,000","58,000","-48,000","-48,000"
707479,宜特凱基5A購01,0,0,0,0.0,0.0,0.0,0,0,0,"-30,000",0,0,0,0,"30,000","-30,000","-30,000"
707482,順達凱基5C購01,0,0,0,0.0,0.0,0.0,0,0,0,"-10,000",0,0,0,0,"10,000","-10,000","-10,000"
707487,巨漢元大5A購01,0,0,0,0.0,0.0,0.0,0,0,0,"-188,000",0,0,0,0,"188,000","-188,000","-188,000"
707488,巨漢元大5A購02,0,0,0,0.0,0.0,0.0,0,0,0,"-166,000",0,0,0,"34,000","200,000","-166,000","-166,000"
707489,巨漢元大5A購03,0,0,0,0.0,0.0,0.0,0,0,0,"-314,000",0,0,0,0,"314,000","-314,000","-314,000"
707494,沛亨元大5A購01,0,0,0,0.0,0.0,0.0,0,0,0,"-3,000",0,0,0,0,"3,000","-3,000","-3,000"
707496,沛亨元大5A購03,0,0,0,0.0,0.0,0.0,0,0,0,"-328,000",0,0,0,0,"328,000","-328,000","-328,000"
707504,新應材元大5A購04,0,0,0,0.0,0.0,0.0,0,0,0,"-171,000",0,0,0,"5,000","176,000","-171,000","-171,000"
707505,新應材元大5A購05,0,0,0,0.0,0.0,0.0,0,0,0,"-10,000",0,0,0,0,"10,000","-10,000","-10,000"
707508,群翊元大5A購06,0,0,0,0.0,0.0,0.0,0,0,0,"15,000",0,0,0,"16,000","1,000","15,000","15,000"
707509,巨漢國票5A購01,0,0,0,0.0,0.0,0.0,0,0,0,"2,000",0,0,0,"3,000","1,000","2,000","2,000"
707510,巨漢國票5B購01,0,0,0,0.0,0.0,0.0,0,0,0,"-5,000",0,0,0,0,"5,000","-5,000","-5,000"
707512,東捷國票5A購02,0,0,0,0.0,0.0,0.0,0,0,0,0,0,0,0,"10,000","10,000",0,0
707515,榮田國票5A購01,0,0,0,0.0,0.0,0.0,0,0,0,"51,000",0,0,0,"59,000","8,000","51,000","51,000"
707517,宏捷科富邦5C購02,0,0,0,0.0,0.0,0.0,0,0,0,"128,000",0,0,0,"282,000","154,000","128,000","128,000"
707521,新應材富邦61購02,0,0,0,0.0,0.0,0.0,0,0,0,"-20,000",0,0,0,0,"20,000","-20,000","-20,000"
707523,雙鴻富邦5C購07,0,0,0,0.0,0.0,0.0,0,0,0,"-47,000",0,0,0,"10,000","57,000","-47,000","-47,000"
707524,雙鴻富邦5C購08,0,0,0,0.0,0.0,0.0,0,0,0,"-36,000",0,0,0,0,"36,000","-36,000","-36,000"
707526,千附精凱基5A購01,0,0,0,0.0,0.0,0.0,0,0,0,"-54,000",0,0,0,"160,000","214,000","-54,000","-54,000"
707527,元太凱基61購01,0,0,0,0.0,0.0,0.0,0,0,0,"-596,000",0,0,0,"72,000","668,000","-596,000","-596,000"
707530,宜特凱基5A購02,0,0,0,0.0,0.0,0.0,0,0,0,"-130,000",0,0,0,0,"130,000","-130,000","-130,000"
707531,前鼎凱基5B購02,0,0,0,0.0,0.0,0.0,0,0,0,"27,000",0,0,0,"196,000","169,000","27,000","27,000"
707533,華景電凱基5A購03,0,0,0,0.0,0.0,0.0,0,0,0,"15,000",0,0,0,"15,000",0,"15,000","15,000"
707534,陽程凱基63購01,0,0,0,0.0,0.0,0.0,0,0,0,"118,000",0,0,0,"133,000","15,000","118,000","118,000"
707536,萬泰科凱基5B購01,0,0,0,0.0,0.0,0.0,0,0,0,"10,000",0,0,0,"10,000",0,"10,000","10,000"
707538,弘塑國票5B購01,0,0,0,0.0,0.0,0.0,0,0,0,"7,000",0,0,0,"10,000","3,000","7,000","7,000"
707541,前鼎國票5B購03,0,0,0,0.0,0.0,0.0,0,0,0,"-32,000",0,0,0,"3,000","35,000","-32,000","-32,000"
707542,陽程國票5A購01,0,0,0,0.0,0.0,0.0,0,0,0,"-58,000",0,0,0,"19,000","77,000","-58,000","-58,000"
707553,弘塑台新5A購01,0,0,0,0.0,0.0,0.0,0,0,0,"-4,000",0,0,0,"1,000","5,000","-4,000","-4,000"
707554,弘塑台新5A購02,0,0,0,0.0,0.0,0.0,0,0,0,"287,000",0,0,0,"302,000","15,000","287,000","287,000"
707556,前鼎台新5A購01,0,0,0,0.0,0.0,0.0,0,0,0,"-438,000",0,0,0,"2,000","440,000","-438,000","-438,000"
707559,新應材台新5A購02,0,0,0,0.0,0.0,0.0,0,0,0,"19,000",0,0,0,"40,000","21,000","19,000","19,000"
707566,萬泰科群益5A購02,0,0,0,0.0,0.0,0.0,0,0,0,"13,000",0,0,0,"13,000",0,"13,000","13,000"
707568,弘塑國泰61購01,0,0,0,0.0,0.0,0.0,0,0,0,"990,000",0,0,0,"998,000","8,000","990,000","990,000"
707569,弘塑國泰61購02,0,0,0,0.0,0.0,0.0,0,0,0,"-114,000",0,0,0,"10,000","124,000","-114,000","-114,000"
707572,弘塑富邦5C購02,0,0,0,0.0,0.0,0.0,0,0,0,"-55,000",0,0,0,"16,000","71,000","-55,000","-55,000"
707573,弘塑富邦64購01,0,0,0,0.0,0.0,0.0,0,0,0,"42,000",0,0,0,"60,000","18,000","42,000","42,000"
707574,前鼎富邦5C購01,0,0,0,0.0,0.0,0.0,0,0,0,"-155,000",0,0,0,"311,000","466,000","-155,000","-155,000"
707577,元太統一64購01,0,0,0,0.0,0.0,0.0,0,0,0,0,0,0,0,"99,000","99,000",0,0
707578,元太統一74購01,0,0,0,0.0,0.0,0.0,0,0,0,"-1,000",0,0,0,"47,000","48,000","-1,000","-1,000"
707579,弘塑統一62購02,0,0,0,0.0,0.0,0.0,0,0,0,"-331,000",0,0,0,"101,000","432,000","-331,000","-331,000"
707580,弘塑統一64購01,0,0,0,0.0,0.0,0.0,0,0,0,"-35,000",0,0,0,"11,000","46,000","-35,000","-35,000"
707582,弘塑統一64購03,0,0,0,0.0,0.0,0.0,0,0,0,"8,000",0,0,0,"8,000",0,"8,000","8,000"
707589,前鼎統一63購02,0,0,0,0.0,0.0,0.0,0,0,0,"-97,000",0,0,0,"123,000","220,000","-97,000","-97,000"
707592,陽程統一64購03,0,0,0,0.0,0.0,0.0,0,0,0,"64,000",0,0,0,"169,000","105,000","64,000","64,000"
707596,臺慶科統一64購01,0,0,0,0.0,0.0,0.0,0,0,0,"-274,000",0,0,0,0,"274,000","-274,000","-274,000"
707599,蜜望實統一74購02,0,0,0,0.0,0.0,0.0,0,0,0,"20,000",0,0,0,"20,000",0,"20,000","20,000"
707600,環球晶統一63購03,0,0,0,0.0,0.0,0.0,0,0,0,"3,000",0,0,0,"9,000","6,000","3,000","3,000"
707604,宜特元大5A購02,0,"1,000","-1,000",0.0,0.0,0.0,0,0,0,"-298,000",0,0,0,"1,000","299,000","-298,000","-299,000"
707605,宜特元大5C購02,0,0,0,0.0,0.0,0.0,0,0,0,"-499,000",0,0,0,0,"499,000","-499,000","-499,000"
707607,前鼎元大5B購01,0,0,0,0.0,0.0,0.0,0,0,0,"-69,000",0,0,0,0,"69,000","-69,000","-69,000"
707613,雙鴻元大5A購07,0,0,0,0.0,0.0,0.0,0,0,0,"140,000",0,0,0,"261,000","121,000","140,000","140,000"
707614,雙鴻元大61購13,0,0,0,0.0,0.0,0.0,0,0,0,"2,599,000",0,0,0,"2,619,000","20,000","2,599,000","2,599,000"
707616,鑫聯元大5A購02,0,0,0,0.0,0.0,0.0,0,0,0,"2,000",0,0,0,"2,000",0,"2,000","2,000"
707618,天品永豐5B購01,0,0,0,0.0,0.0,0.0,0,0,0,"77,000",0,0,0,"106,000","29,000","77,000","77,000"
707622,鈊象永豐5C購01,0,0,0,0.0,0.0,0.0,0,0,0,"26,000",0,0,0,"26,000",0,"26,000","26,000"
707624,蜜望實永豐5C購01,0,0,0,0.0,0.0,0.0,0,0,0,"-9,000",0,0,0,"8,000","17,000","-9,000","-9,000"
707628,宏捷科凱基5B購01,0,0,0,0.0,0.0,0.0,0,0,0,"-9,000",0,0,0,"107,000","116,000","-9,000","-9,000"
707632,精材凱基5A購03,0,0,0,0.0,0.0,0.0,0,0,0,"1,000",0,0,0,"1,000",0,"1,000","1,000"
707633,蜜望實凱基5A購01,0,0,0,0.0,0.0,0.0,0,0,0,"-10,000",0,0,0,0,"10,000","-10,000","-10,000"
707641,宜特台新5B購01,0,"140,000","-140,000",0.0,0.0,0.0,0,0,0,"140,000",0,0,0,"140,000",0,"140,000",0
707642,宜特台新61購01,0,0,0,0.0,0.0,0.0,0,0,0,"90,000",0,0,0,"90,000",0,"90,000","90,000"
707648,環球晶台新5A購02,0,0,0,0.0,0.0,0.0,0,0,0,"2,000",0,0,0,"2,000",0,"2,000","2,000"
707651,九豪元大5A購02,0,0,0,0.0,0.0,0.0,0,0,0,"6,000",0,0,0,"10,000","4,000","6,000","6,000"
707654,安葆元大5A購01,0,0,0,0.0,0.0,0.0,0,0,0,"10,000",0,0,0,"10,000",0,"10,000","10,000"
707656,宜特元大5A購03,0,0,0,0.0,0.0,0.0,0,0,0,"-5,000",0,0,0,0,"5,000","-5,000","-5,000"
707657,宜特元大5B購01,0,0,0,0.0,0.0,0.0,0,0,0,"-5,000",0,0,0,0,"5,000","-5,000","-5,000"
707658,宜特元大5C購03,0,0,0,0.0,0.0,0.0,0,0,0,"-399,000",0,0,0,0,"399,000","-399,000","-399,000"
707659,宜特元大61購01,0,0,0,0.0,0.0,0.0,0,0,0,"-761,000",0,0,0,0,"761,000","-761,000","-761,000"
707660,宜特元大63購02,0,0,0,0.0,0.0,0.0,0,0,0,"-149,000",0,0,0,0,"149,000","-149,000","-149,000"
707661,朋億*元大5A購01,0,0,0,0.0,0.0,0.0,0,0,0,"-1,000",0,0,0,0,"1,000","-1,000","-1,000"
707666,新盛力元大5A購02,0,0,0,0.0,0.0,0.0,0,0,0,"15,000",0,0,0,"15,000",0,"15,000","15,000"
707670,九豪群益5A購03,0,0,0,0.0,0.0,0.0,0,0,0,"5,000",0,0,0,"5,000",0,"5,000","5,000"
707674,優群群益5A購01,0,0,0,0.0,0.0,0.0,0,0,0,"200,000",0,0,0,"271,000","71,000","200,000","200,000"
707676,加高國票5B購01,0,0,0,0.0,0.0,0.0,0,0,0,"-329,000",0,0,0,"110,000","439,000","-329,000","-329,000"
707677,艾訊國票5B購01,0,0,0,0.0,0.0,0.0,0,0,0,"52,000",0,0,0,"52,000",0,"52,000","52,000"
707680,博磊國票5B購01,0,0,0,0.0,0.0,0.0,0,0,0,"117,000",0,0,0,"128,000","11,000","117,000","117,000"
707681,漢達國票5B購01,0,0,0,0.0,0.0,0.0,0,0,0,"-30,000",0,0,0,0,"30,000","-30,000","-30,000"
707683,九豪富邦5C購01,0,0,0,0.0,0.0,0.0,0,0,0,"-48,000",0,0,0,"1,000","49,000","-48,000","-48,000"
707684,宜特富邦61購01,0,0,0,0.0,0.0,0.0,0,0,0,"100,000",0,0,0,"100,000",0,"100,000","100,000"
707685,九豪統一64購01,0,0,0,0.0,0.0,0.0,0,0,0,"-75,000",0,0,0,0,"75,000","-75,000","-75,000"
707686,九豪統一64購02,0,0,0,0.0,0.0,0.0,0,0,0,"21,000",0,0,0,"21,000",0,"21,000","21,000"
707689,千附精統一74購02,"10,000",0,"10,000",0.0,0.0,0.0,0,0,0,"-33,000",0,0,0,0,"33,000","-33,000","-23,000"
707696,宜特統一65購02,0,0,0,0.0,0.0,0.0,0,0,0,"-10,000",0,0,0,0,"10,000","-10,000","-10,000"
707701,萬泰科統一74購03,0,0,0,0.0,0.0,0.0,0,0,0,"-5,000",0,0,0,0,"5,000","-5,000","-5,000"
707703,優群統一66購01,0,0,0,0.0,0.0,0.0,0,0,0,"-29,000",0,0,0,0,"29,000","-29,000","-29,000"
707705,環球晶統一74購01,0,0,0,0.0,0.0,0.0,0,0,0,"-10,000",0,0,0,0,"10,000","-10,000","-10,000"
707709,美琪瑪台新5A購01,0,0,0,0.0,0.0,0.0,0,0,0,"50,000",0,0,0,"50,000",0,"50,000","50,000"
707710,千附精國票5B購02,0,0,0,0.0,0.0,0.0,0,0,0,"-3,000",0,0,0,0,"3,000","-3,000","-3,000"
707711,千附精國票5B購03,0,0,0,0.0,0.0,0.0,0,0,0,"24,000",0,0,0,"25,000","1,000","24,000","24,000"
707712,方土昶國票5B購01,0,0,0,0.0,0.0,0.0,0,0,0,0,0,0,0,"10,000","10,000",0,0
707713,立碁國票5B購01,0,0,0,0.0,0.0,0.0,0,0,0,"-1,000",0,0,0,0,"1,000","-1,000","-1,000"
707714,邑昇國票5B購01,0,0,0,0.0,0.0,0.0,0,0,0,"50,000",0,0,0,"50,000",0,"50,000","50,000"
707715,欣銓國票5B購02,0,0,0,0.0,0.0,0.0,0,0,0,"-1,000",0,0,0,0,"1,000","-1,000","-1,000"
707718,家登國票5A購01,0,0,0,0.0,0.0,0.0,0,0,0,"210,000",0,0,0,"230,000","20,000","210,000","210,000"
707721,群聯國票5B購01,0,0,0,0.0,0.0,0.0,0,0,0,"-62,000",0,0,0,"406,000","468,000","-62,000","-62,000"
707722,蜜望實國票5B購01,0,0,0,0.0,0.0,0.0,0,0,0,"-10,000",0,0,0,0,"10,000","-10,000","-10,000"
707727,千附精元大5A購05,0,0,0,0.0,0.0,0.0,0,0,0,"2,000",0,0,0,"2,000",0,"2,000","2,000"
707730,欣銓元大63購03,0,0,0,0.0,0.0,0.0,0,0,0,"-30,000",0,0,0,"10,000","40,000","-30,000","-30,000"
707735,群聯元大5A購02,0,0,0,0.0,0.0,0.0,0,0,0,"-26,000",0,0,0,0,"26,000","-26,000","-26,000"
707738,蜜望實元大5A購04,0,0,0,0.0,0.0,0.0,0,0,0,"5,000",0,0,0,"5,000",0,"5,000","5,000"
707741,方土昶凱基5A購01,0,0,0,0.0,0.0,0.0,0,0,0,"-10,000",0,0,0,0,"10,000","-10,000","-10,000"
707742,欣銓凱基5A購01,0,0,0,0.0,0.0,0.0,0,0,0,"18,000",0,0,0,"18,000",0,"18,000","18,000"
707750,千附精永豐5C購01,0,0,0,0.0,0.0,0.0,0,0,0,"190,000",0,0,0,"200,000","10,000","190,000","190,000"
707752,世禾永豐5B購01,0,0,0,0.0,0.0,0.0,0,0,0,"210,000",0,0,0,"210,000",0,"210,000","210,000"
707753,立碁永豐61購01,0,0,0,0.0,0.0,0.0,0,0,0,"-146,000",0,0,0,"10,000","156,000","-146,000","-146,000"
707754,欣銓永豐5A購01,0,0,0,0.0,0.0,0.0,0,0,0,"-35,000",0,0,0,"20,000","55,000","-35,000","-35,000"
707755,欣銓永豐5C購01,0,0,0,0.0,0.0,0.0,0,0,0,0,0,0,0,"10,000","10,000",0,0
707757,群聯永豐61購01,0,0,0,0.0,0.0,0.0,0,0,0,"-685,000",0,0,0,"74,000","759,000","-685,000","-685,000"
707758,群聯永豐64購01,0,0,0,0.0,0.0,0.0,0,0,0,"-250,000",0,0,0,"159,000","409,000","-250,000","-250,000"
707759,蜜望實永豐61購01,0,0,0,0.0,0.0,0.0,0,0,0,"-7,000",0,0,0,"30,000","37,000","-7,000","-7,000"
707763,群聯群益5B購01,0,0,0,0.0,0.0,0.0,0,0,0,"-132,000",0,0,0,0,"132,000","-132,000","-132,000"
707764,群聯群益61購01,0,0,0,0.0,0.0,0.0,0,0,0,"-645,000",0,0,0,"153,000","798,000","-645,000","-645,000"
707765,群聯群益64購01,0,0,0,0.0,0.0,0.0,0,0,0,"293,000",0,0,0,"301,000","8,000","293,000","293,000"
707777,信昌電永豐5C購01,0,0,0,0.0,0.0,0.0,0,0,0,"1,000",0,0,0,"1,000",0,"1,000","1,000"
707778,信驊永豐5B購04,0,0,0,0.0,0.0,0.0,0,0,0,0,0,0,0,"1,000","1,000",0,0
707780,精測永豐61購02,0,0,0,0.0,0.0,0.0,0,0,0,"-455,000",0,0,0,0,"455,000","-455,000","-455,000"
707781,臺慶科永豐5B購01,0,0,0,0.0,0.0,0.0,0,0,0,"-20,000",0,0,0,0,"20,000","-20,000","-20,000"
707782,聰泰永豐5A購01,0,0,0,0.0,0.0,0.0,0,0,0,"-188,000",0,0,0,0,"188,000","-188,000","-188,000"
707783,力旺凱基5A購03,0,0,0,0.0,0.0,0.0,0,0,0,"-110,000",0,0,0,"100,000","210,000","-110,000","-110,000"
707788,立碁凱基5B購01,0,0,0,0.0,0.0,0.0,0,0,0,"-29,000",0,0,0,"2,000","31,000","-29,000","-29,000"
707790,旺矽凱基5A購05,0,0,0,0.0,0.0,0.0,0,0,0,"22,000",0,0,0,"22,000",0,"22,000","22,000"
707791,旺矽凱基5B購02,0,0,0,0.0,0.0,0.0,0,0,0,"-10,000",0,0,0,0,"10,000","-10,000","-10,000"
707792,旺矽凱基5C購02,0,0,0,0.0,0.0,0.0,0,0,0,"-10,000",0,0,0,0,"10,000","-10,000","-10,000"
707795,信驊凱基5A購04,0,0,0,0.0,0.0,0.0,0,0,0,"7,000",0,0,0,"47,000","40,000","7,000","7,000"
707796,信驊凱基5B購03,0,0,0,0.0,0.0,0.0,0,0,0,"-2,000",0,0,0,0,"2,000","-2,000","-2,000"
707797,信驊凱基5C購02,0,0,0,0.0,0.0,0.0,0,0,0,"178,000",0,0,0,"178,000",0,"178,000","178,000"
707798,信驊凱基61購04,0,0,0,0.0,0.0,0.0,0,0,0,"-6,000",0,0,0,"4,000","10,000","-6,000","-6,000"
707801,群翊凱基5A購02,0,0,0,0.0,0.0,0.0,0,0,0,"40,000",0,0,0,"40,000",0,"40,000","40,000"
707803,精測凱基5A購02,0,0,0,0.0,0.0,0.0,0,0,0,"-460,000",0,0,0,0,"460,000","-460,000","-460,000"
707804,精測凱基5A購03,0,0,0,0.0,0.0,0.0,0,0,0,"40,000",0,0,0,"40,000",0,"40,000","40,000"
707808,宏捷科台新5A購02,0,0,0,0.0,0.0,0.0,0,0,0,"150,000",0,0,0,"150,000",0,"150,000","150,000"
707809,宏捷科台新61購01,0,0,0,0.0,0.0,0.0,0,0,0,"-31,000",0,0,0,"20,000","51,000","-31,000","-31,000"
707813,信驊台新5A購02,0,0,0,0.0,0.0,0.0,0,0,0,"24,000",0,0,0,"43,000","19,000","24,000","24,000"
707820,旺矽元大5A購04,0,0,0,0.0,0.0,0.0,0,0,0,"50,000",0,0,0,"50,000",0,"50,000","50,000"
707828,信驊元大5A購02,0,0,0,0.0,0.0,0.0,0,0,0,"4,000",0,0,0,"4,000",0,"4,000","4,000"
707833,群翊元大61購01,0,0,0,0.0,0.0,0.0,0,0,0,"84,000",0,0,0,"84,000",0,"84,000","84,000"
707834,精測元大5B購02,0,0,0,0.0,0.0,0.0,0,0,0,0,0,0,0,"156,000","156,000",0,0
707837,中光電國泰5B購01,0,0,0,0.0,0.0,0.0,0,0,0,0,0,0,0,"20,000","20,000",0,0
707838,立碁國泰5B購02,0,0,0,0.0,0.0,0.0,0,0,0,"-20,000",0,0,0,0,"20,000","-20,000","-20,000"
707839,旺矽國泰5B購01,0,0,0,0.0,0.0,0.0,0,0,0,"-422,000",0,0,0,"168,000","590,000","-422,000","-422,000"
707842,新盛力國泰5B購01,0,0,0,0.0,0.0,0.0,0,0,0,"-10,000",0,0,0,0,"10,000","-10,000","-10,000"
707843,旺矽統一64購02,0,0,0,0.0,0.0,0.0,0,0,0,"-141,000",0,0,0,"10,000","151,000","-141,000","-141,000"
707844,群聯統一64購01,0,0,0,0.0,0.0,0.0,0,0,0,"-71,000",0,0,0,"30,000","101,000","-71,000","-71,000"
707845,精測統一64購03,0,0,0,0.0,0.0,0.0,0,0,0,"-160,000",0,0,0,"50,000","210,000","-160,000","-160,000"
707846,力旺富邦5C購01,0,0,0,0.0,0.0,0.0,0,0,0,"-541,000",0,0,0,"20,000","561,000","-541,000","-541,000"
707847,良維富邦62購01,0,0,0,0.0,0.0,0.0,0,0,0,"133,000",0,0,0,"133,000",0,"133,000","133,000"
707848,旺矽富邦64購02,0,0,0,0.0,0.0,0.0,0,0,0,"-2,000",0,0,0,0,"2,000","-2,000","-2,000"
707849,欣銓富邦5A購01,0,0,0,0.0,0.0,0.0,0,0,0,"10,000",0,0,0,"10,000",0,"10,000","10,000"
707850,欣銓富邦64購01,0,0,0,0.0,0.0,0.0,0,0,0,"-12,000",0,0,0,0,"12,000","-12,000","-12,000"
707851,信紘科富邦62購01,0,0,0,0.0,0.0,0.0,0,0,0,"-234,000",0,0,0,0,"234,000","-234,000","-234,000"
707852,信驊富邦61購01,0,0,0,0.0,0.0,0.0,0,0,0,"83,000",0,0,0,"86,000","3,000","83,000","83,000"
707853,華電網富邦62購01,0,0,0,0.0,0.0,0.0,0,0,0,"-25,000",0,0,0,0,"25,000","-25,000","-25,000"
707857,群翊富邦5B購01,0,0,0,0.0,0.0,0.0,0,0,0,"30,000",0,0,0,"30,000",0,"30,000","30,000"
707858,群聯富邦5C購01,0,0,0,0.0,0.0,0.0,0,0,0,"-38,000",0,0,0,0,"38,000","-38,000","-38,000"
707859,群聯富邦61購01,0,0,0,0.0,0.0,0.0,0,0,0,"-767,000",0,0,0,"954,000","1,721,000","-767,000","-767,000"
707860,精測富邦61購01,0,0,0,0.0,0.0,0.0,0,0,0,"-106,000",0,0,0,0,"106,000","-106,000","-106,000"
707862,M31凱基5A購03,0,0,0,0.0,0.0,0.0,0,0,0,"1,000",0,0,0,"1,000",0,"1,000","1,000"
707864,良維凱基5B購03,0,0,0,0.0,0.0,0.0,0,0,0,"6,000",0,0,0,"6,000",0,"6,000","6,000"
707875,久元元大5A購02,0,0,0,0.0,0.0,0.0,0,0,0,"30,000",0,0,0,"30,000",0,"30,000","30,000"
707876,千附元大5A購01,0,0,0,0.0,0.0,0.0,0,0,0,"-95,000",0,0,0,0,"95,000","-95,000","-95,000"
707878,台嘉碩元大5A購02,0,0,0,0.0,0.0,0.0,0,0,0,"27,000",0,0,0,"147,000","120,000","27,000","27,000"
707881,立碁元大63購01,0,0,0,0.0,0.0,0.0,0,0,0,"400,000",0,0,0,"633,000","233,000","400,000","400,000"
707882,宏觀元大5C購01,0,0,0,0.0,0.0,0.0,0,0,0,"156,000",0,0,0,"156,000",0,"156,000","156,000"
707884,家登元大61購01,0,0,0,0.0,0.0,0.0,0,0,0,"10,000",0,0,0,"10,000",0,"10,000","10,000"
707891,欣銓群益5A購01,0,0,0,0.0,0.0,0.0,0,0,0,"-70,000",0,0,0,"5,000","75,000","-70,000","-70,000"
707894,M31富邦5C購01,0,0,0,0.0,0.0,0.0,0,0,0,"-162,000",0,0,0,0,"162,000","-162,000","-162,000"
707895,元太富邦61購01,0,0,0,0.0,0.0,0.0,0,0,0,"-344,000",0,0,0,0,"344,000","-344,000","-344,000"
707896,台星科富邦61購01,0,0,0,0.0,0.0,0.0,0,0,0,"111,000",0,0,0,"278,000","167,000","111,000","111,000"
707898,宏捷科富邦5C購03,0,0,0,0.0,0.0,0.0,0,0,0,"-125,000",0,0,0,"294,000","419,000","-125,000","-125,000"
707899,宏捷科富邦61購02,0,0,0,0.0,0.0,0.0,0,0,0,"-40,000",0,0,0,0,"40,000","-40,000","-40,000"
707900,華景電富邦61購01,0,0,0,0.0,0.0,0.0,0,0,0,"-11,000",0,0,0,0,"11,000","-11,000","-11,000"
707901,鈊象富邦61購01,0,0,0,0.0,0.0,0.0,0,0,0,"-48,000",0,0,0,0,"48,000","-48,000","-48,000"
707902,萬泰科富邦62購01,0,0,0,0.0,0.0,0.0,0,0,0,"11,000",0,0,0,"11,000",0,"11,000","11,000"
707903,欣銓群益5A購02,0,0,0,0.0,0.0,0.0,0,0,0,"-208,000",0,0,0,0,"208,000","-208,000","-208,000"
707914,均豪元大5A購04,0,0,0,0.0,0.0,0.0,0,0,0,0,0,0,0,"256,000","256,000",0,0
707917,信紘科元大5A購02,0,0,0,0.0,0.0,0.0,0,0,0,"-150,000",0,0,0,0,"150,000","-150,000","-150,000"
707920,華景電元大5A購06,0,0,0,0.0,0.0,0.0,0,0,0,"-601,000",0,0,0,0,"601,000","-601,000","-601,000"
707921,華景電元大63購01,0,0,0,0.0,0.0,0.0,0,0,0,"-1,000",0,0,0,0,"1,000","-1,000","-1,000"
707924,久元凱基5A購01,0,0,0,0.0,0.0,0.0,0,0,0,"4,000",0,0,0,"4,000",0,"4,000","4,000"
707929,家登凱基5A購03,0,0,0,0.0,0.0,0.0,0,0,0,"-38,000",0,0,0,0,"38,000","-38,000","-38,000"
707930,鈺太凱基61購01,0,0,0,0.0,0.0,0.0,0,0,0,"-10,000",0,0,0,0,"10,000","-10,000","-10,000"
707933,均華富邦61購01,0,0,0,0.0,0.0,0.0,0,0,0,"3,000",0,0,0,"3,000",0,"3,000","3,000"
707935,欣銓富邦5B購01,0,0,0,0.0,0.0,0.0,0,0,0,"-23,000",0,0,0,"20,000","43,000","-23,000","-23,000"
707942,創惟群益5B購01,0,0,0,0.0,0.0,0.0,0,0,0,"35,000",0,0,0,"35,000",0,"35,000","35,000"
707944,富喬群益5A購04,0,0,0,0.0,0.0,0.0,0,0,0,"170,000",0,0,0,"170,000",0,"170,000","170,000"
707947,雙鴻群益5B購06,0,0,0,0.0,0.0,0.0,0,0,0,"-8,000",0,0,0,0,"8,000","-8,000","-8,000"
707949,千附凱基5A購01,0,0,0,0.0,0.0,0.0,0,0,0,"2,000",0,0,0,"2,000",0,"2,000","2,000"
707952,艾訊凱基5B購01,0,0,0,0.0,0.0,0.0,0,0,0,"19,000",0,0,0,"20,000","1,000","19,000","19,000"
707954,沛亨凱基5A購02,0,0,0,0.0,0.0,0.0,0,0,0,"-1,000",0,0,0,"200,000","201,000","-1,000","-1,000"
707956,勤凱凱基5A購02,0,0,0,0.0,0.0,0.0,0,0,0,"10,000",0,0,0,"10,000",0,"10,000","10,000"
707963,家登富邦61購01,0,0,0,0.0,0.0,0.0,0,0,0,"-5,000",0,0,0,0,"5,000","-5,000","-5,000"
707964,富喬富邦61購01,0,0,0,0.0,0.0,0.0,0,0,0,"-160,000",0,0,0,0,"160,000","-160,000","-160,000"
707965,聖暉*富邦5C購01,0,0,0,0.0,0.0,0.0,0,0,0,"30,000",0,0,0,"30,000",0,"30,000","30,000"
707970,雙鴻富邦5C購09,0,0,0,0.0,0.0,0.0,0,0,0,"-238,000",0,0,0,0,"238,000","-238,000","-238,000"
707972,富喬元大5C購02,0,0,0,0.0,0.0,0.0,0,0,0,"-703,000",0,0,0,"110,000","813,000","-703,000","-703,000"
707981,新盛力國票5A購02,0,0,0,0.0,0.0,0.0,0,0,0,"145,000",0,0,0,"150,000","5,000","145,000","145,000"
707982,雙鴻凱基5A購08,0,0,0,0.0,0.0,0.0,0,0,0,"-90,000",0,0,0,0,"90,000","-90,000","-90,000"
707983,良維凱基5A購04,0,0,0,0.0,0.0,0.0,0,0,0,"5,000",0,0,0,"5,000",0,"5,000","5,000"
707984,聖暉*凱基5C購01,0,0,0,0.0,0.0,0.0,0,0,0,0,0,0,0,"10,000","10,000",0,0
707988,譜瑞群益5A購01,0,0,0,0.0,0.0,0.0,0,0,0,0,0,0,0,"460,000","460,000",0,0
707993,立碁元大5A購04,0,0,0,0.0,0.0,0.0,0,0,0,"40,000",0,0,0,"40,000",0,"40,000","40,000"
707995,德微元大5A購02,0,0,0,0.0,0.0,0.0,0,0,0,"-3,000",0,0,0,0,"3,000","-3,000","-3,000"
707996,立碁永豐5B購02,0,0,0,0.0,0.0,0.0,0,0,0,"-8,000",0,0,0,0,"8,000","-8,000","-8,000"
707997,新盛力永豐61購01,0,0,0,0.0,0.0,0.0,0,0,0,"-98,000",0,0,0,"50,000","148,000","-98,000","-98,000"
707998,群聯永豐5C購01,0,0,0,0.0,0.0,0.0,0,0,0,"-1,022,000",0,0,0,"209,000","1,231,000","-1,022,000","-1,022,000"
707999,聖暉*永豐5C購02,0,0,0,0.0,0.0,0.0,0,0,0,"-12,000",0,0,0,0,"12,000","-12,000","-12,000"
708001,雙鴻永豐5C購04,0,0,0,0.0,0.0,0.0,0,0,0,"-3,000",0,0,0,"7,000","10,000","-3,000","-3,000"
708003,立碁國票5B購02,0,0,0,0.0,0.0,0.0,0,0,0,"-5,000",0,0,0,0,"5,000","-5,000","-5,000"
708004,兆利國票5B購01,0,0,0,0.0,0.0,0.0,0,0,0,"7,000",0,0,0,"7,000",0,"7,000","7,000"
708008,群聯國票5B購03,0,0,0,0.0,0.0,0.0,0,0,0,"28,000",0,0,0,"311,000","283,000","28,000","28,000"
708011,矽科台新5A購01,0,0,0,0.0,0.0,0.0,0,0,0,"20,000",0,0,0,"20,000",0,"20,000","20,000"
708014,崴寶台新5A購01,0,0,0,0.0,0.0,0.0,0,0,0,"-414,000",0,0,0,0,"414,000","-414,000","-414,000"
708016,群聯台新5A購02,0,0,0,0.0,0.0,0.0,0,0,0,"-107,000",0,0,0,0,"107,000","-107,000","-107,000"
708017,群聯台新5A購03,0,0,0,0.0,0.0,0.0,0,0,0,"-8,000",0,0,0,"17,000","25,000","-8,000","-8,000"
708020,東捷凱基5A購03,0,0,0,0.0,0.0,0.0,0,0,0,"-57,000",0,0,0,0,"57,000","-57,000","-57,000"
708025,大綜國票5A購01,0,0,0,0.0,0.0,0.0,0,0,0,"9,000",0,0,0,"11,000","2,000","9,000","9,000"
708027,良維國票5B購02,0,0,0,0.0,0.0,0.0,0,0,0,"-200,000",0,0,0,0,"200,000","-200,000","-200,000"
708028,朋程國票5A購01,0,0,0,0.0,0.0,0.0,0,0,0,"-5,000",0,0,0,0,"5,000","-5,000","-5,000"
708029,崴寶國票5B購01,0,0,0,0.0,0.0,0.0,0,0,0,"-200,000",0,0,0,0,"200,000","-200,000","-200,000"
708031,群聯國票5B購04,0,0,0,0.0,0.0,0.0,0,0,0,"-413,000",0,0,0,"142,000","555,000","-413,000","-413,000"
708032,環球晶國票5A購02,0,0,0,0.0,0.0,0.0,0,0,0,"-22,000",0,0,0,0,"22,000","-22,000","-22,000"
708033,譜瑞國票5B購01,0,0,0,0.0,0.0,0.0,0,0,0,"-53,000",0,0,0,"80,000","133,000","-53,000","-53,000"
708036,精材永豐5C購02,0,0,0,0.0,0.0,0.0,0,0,0,"4,000",0,0,0,"4,000",0,"4,000","4,000"
708038,雙鴻永豐63購02,0,0,0,0.0,0.0,0.0,0,0,0,"-10,000",0,0,0,"20,000","30,000","-10,000","-10,000"
708039,力致國泰5C購01,0,0,0,0.0,0.0,0.0,0,0,0,"1,000",0,0,0,"1,000",0,"1,000","1,000"
708040,良維元大5A購04,0,0,0,0.0,0.0,0.0,0,0,0,"104,000",0,0,0,"106,000","2,000","104,000","104,000"
708041,良維元大63購01,0,0,0,0.0,0.0,0.0,0,0,0,"-40,000",0,0,0,"75,000","115,000","-40,000","-40,000"
708042,新盛力元大5A購04,0,0,0,0.0,0.0,0.0,0,0,0,"4,000",0,0,0,"4,000",0,"4,000","4,000"
708043,良維富邦61購01,0,0,0,0.0,0.0,0.0,0,0,0,"-751,000",0,0,0,0,"751,000","-751,000","-751,000"
708044,新盛力富邦61購02,0,0,0,0.0,0.0,0.0,0,0,0,"4,000",0,0,0,"6,000","2,000","4,000","4,000"
708048,臺慶科群益5A購01,0,0,0,0.0,0.0,0.0,0,0,0,"10,000",0,0,0,"10,000",0,"10,000","10,000"
708055,群聯元大5A購03,0,0,0,0.0,0.0,0.0,0,0,0,"-16,000",0,0,0,"10,000","26,000","-16,000","-16,000"
708057,環球晶元大5A購03,0,0,0,0.0,0.0,0.0,0,0,0,"4,000",0,0,0,"4,000",0,"4,000","4,000"
708063,群聯凱基5B購02,0,0,0,0.0,0.0,0.0,0,0,0,"179,000",0,0,0,"448,000","269,000","179,000","179,000"
708064,群聯兆豐64購01,0,0,0,0.0,0.0,0.0,0,0,0,"-153,000",0,0,0,"567,000","720,000","-153,000","-153,000"
708066,群聯群益5B購02,0,0,0,0.0,0.0,0.0,0,0,0,"-242,000",0,0,0,"183,000","425,000","-242,000","-242,000"
708067,群聯群益5C購01,0,0,0,0.0,0.0,0.0,0,0,0,"-311,000",0,0,0,"15,000","326,000","-311,000","-311,000"
708070,雙鴻群益5B購07,0,0,0,0.0,0.0,0.0,0,0,0,"728,000",0,0,0,"1,497,000","769,000","728,000","728,000"
708073,中美晶國票5B購01,0,0,0,0.0,0.0,0.0,0,0,0,"25,000",0,0,0,"30,000","5,000","25,000","25,000"
708076,群聯國票5B購05,0,0,0,0.0,0.0,0.0,0,0,0,"137,000",0,0,0,"350,000","213,000","137,000","137,000"
708077,精材國票5B購01,0,0,0,0.0,0.0,0.0,0,0,0,0,0,0,0,"34,000","34,000",0,0
708079,鴻呈國泰5C購01,0,0,0,0.0,0.0,0.0,0,0,0,"-20,000",0,0,0,0,"20,000","-20,000","-20,000"
708080,譜瑞國泰5B購01,0,0,0,0.0,0.0,0.0,0,0,0,0,0,0,0,"7,000","7,000",0,0
708084,群聯富邦5C購02,0,0,0,0.0,0.0,0.0,0,0,0,"132,000",0,0,0,"212,000","80,000","132,000","132,000"
708085,群聯富邦61購02,0,0,0,0.0,0.0,0.0,0,0,0,"-865,000",0,0,0,"596,000","1,461,000","-865,000","-865,000"
708086,譜瑞富邦5C購03,0,0,0,0.0,0.0,0.0,0,0,0,"30,000",0,0,0,"1,068,000","1,038,000","30,000","30,000"
708087,譜瑞富邦61購01,0,0,0,0.0,0.0,0.0,0,0,0,"-54,000",0,0,0,"880,000","934,000","-54,000","-54,000"
708088,群聯永豐5C購02,0,0,0,0.0,0.0,0.0,0,0,0,"16,000",0,0,0,"141,000","125,000","16,000","16,000"
708089,群聯永豐64購02,0,0,0,0.0,0.0,0.0,0,0,0,"-328,000",0,0,0,"44,000","372,000","-328,000","-328,000"
708092,矽科凱基5B購01,0,0,0,0.0,0.0,0.0,0,0,0,"8,000",0,0,0,"10,000","2,000","8,000","8,000"
708093,群聯凱基61購01,0,0,0,0.0,0.0,0.0,0,0,0,"-23,000",0,0,0,"34,000","57,000","-23,000","-23,000"
708095,環球晶凱基5B購02,0,0,0,0.0,0.0,0.0,0,0,0,"-113,000",0,0,0,0,"113,000","-113,000","-113,000"
708096,譜瑞凱基5B購01,0,0,0,0.0,0.0,0.0,0,0,0,0,0,0,0,"20,000","20,000",0,0
708101,佳邦國票5C購01,0,0,0,0.0,0.0,0.0,0,0,0,"240,000",0,0,0,"350,000","110,000","240,000","240,000"
708105,家登國票5B購01,0,0,0,0.0,0.0,0.0,0,0,0,"-280,000",0,0,0,0,"280,000","-280,000","-280,000"
708107,群聯國票61購01,0,0,0,0.0,0.0,0.0,0,0,0,"-70,000",0,0,0,0,"70,000","-70,000","-70,000"
708109,磐儀國票5C購01,0,0,0,0.0,0.0,0.0,0,0,0,"55,000",0,0,0,"90,000","35,000","55,000","55,000"
708112,家登台新5B購01,0,0,0,0.0,0.0,0.0,0,0,0,"-2,000",0,0,0,0,"2,000","-2,000","-2,000"
708115,勤凱台新5B購01,0,0,0,0.0,0.0,0.0,0,0,0,"-5,000",0,0,0,0,"5,000","-5,000","-5,000"
708116,群聯台新5B購01,0,0,0,0.0,0.0,0.0,0,0,0,"-507,000",0,0,0,"22,000","529,000","-507,000","-507,000"
708117,群聯台新5B購02,0,0,0,0.0,0.0,0.0,0,0,0,"-2,968,000",0,0,0,"78,000","3,046,000","-2,968,000","-2,968,000"
708118,世界群益5B購05,0,0,0,0.0,0.0,0.0,0,0,0,"35,000",0,0,0,"35,000",0,"35,000","35,000"
708119,欣銓群益5B購01,0,0,0,0.0,0.0,0.0,0,0,0,"2,000",0,0,0,"15,000","13,000","2,000","2,000"
708120,家登群益5B購01,0,0,0,0.0,0.0,0.0,0,0,0,"-4,000",0,0,0,0,"4,000","-4,000","-4,000"
708121,家登群益61購01,0,0,0,0.0,0.0,0.0,0,0,0,"-1,000",0,0,0,0,"1,000","-1,000","-1,000"
708122,世界永豐65購01,0,0,0,0.0,0.0,0.0,0,0,0,"-2,000",0,0,0,0,"2,000","-2,000","-2,000"
708125,群聯永豐65購01,0,0,0,0.0,0.0,0.0,0,0,0,"18,000",0,0,0,"53,000","35,000","18,000","18,000"
708126,群聯中信62購01,0,0,0,0.0,0.0,0.0,0,0,0,"-177,000",0,0,0,"21,000","198,000","-177,000","-177,000"
708128,東捷國泰61購01,0,0,0,0.0,0.0,0.0,0,0,0,"36,000",0,0,0,"57,000","21,000","36,000","36,000"
708129,欣銓國泰5C購01,0,0,0,0.0,0.0,0.0,0,0,0,"47,000",0,0,0,"49,000","2,000","47,000","47,000"
708130,群聯國泰61購01,0,0,0,0.0,0.0,0.0,0,0,0,"499,000",0,0,0,"499,000",0,"499,000","499,000"
708131,中美晶富邦61購01,0,0,0,0.0,0.0,0.0,0,0,0,"13,000",0,0,0,"13,000",0,"13,000","13,000"
708135,世界元大5B購02,0,0,0,0.0,0.0,0.0,0,0,0,"2,000",0,0,0,"2,000",0,"2,000","2,000"
708136,世界元大5B購03,0,0,0,0.0,0.0,0.0,0,0,0,"-8,000",0,0,0,0,"8,000","-8,000","-8,000"
708140,群聯元大64購01,0,0,0,0.0,0.0,0.0,0,0,0,"-9,000",0,0,0,0,"9,000","-9,000","-9,000"
708145,大學光凱基5B購01,0,0,0,0.0,0.0,0.0,0,0,0,"250,000",0,0,0,"250,000",0,"250,000","250,000"
708146,世界凱基5B購01,0,0,0,0.0,0.0,0.0,0,0,0,"-5,000",0,0,0,0,"5,000","-5,000","-5,000"
708148,欣銓凱基61購01,0,0,0,0.0,0.0,0.0,0,0,0,"45,000",0,0,0,"55,000","10,000","45,000","45,000"
708152,群聯凱基63購01,0,0,0,0.0,0.0,0.0,0,0,0,"-31,000",0,0,0,0,"31,000","-31,000","-31,000"
708158,華景電國泰5C購01,0,0,0,0.0,0.0,0.0,0,0,0,"-82,000",0,0,0,"10,000","92,000","-82,000","-82,000"
708159,世界富邦5B購01,0,0,0,0.0,0.0,0.0,0,0,0,"-48,000",0,0,0,"55,000","103,000","-48,000","-48,000"
708162,原相富邦5B購01,0,0,0,0.0,0.0,0.0,0,0,0,"2,049,000",0,0,0,"2,049,000",0,"2,049,000","2,049,000"
708164,群聯富邦62購01,0,0,0,0.0,0.0,0.0,0,0,0,"-829,000",0,0,0,"207,000","1,036,000","-829,000","-829,000"
708165,群聯富邦62購02,0,0,0,0.0,0.0,0.0,0,0,0,"-489,000",0,0,0,"282,000","771,000","-489,000","-489,000"
708167,東捷永豐64購02,0,0,0,0.0,0.0,0.0,0,0,0,"-290,000",0,0,0,"211,000","501,000","-290,000","-290,000"
708168,東捷永豐67購01,0,0,0,0.0,0.0,0.0,0,0,0,"59,000",0,0,0,"60,000","1,000","59,000","59,000"
708171,家登中信5B購01,0,0,0,0.0,0.0,0.0,0,0,0,"3,000",0,0,0,"3,000",0,"3,000","3,000"
708172,譜瑞中信5B購01,0,0,0,0.0,0.0,0.0,0,0,0,"1,000",0,0,0,"4,000","3,000","1,000","1,000"
708174,凡甲國票5C購01,0,0,0,0.0,0.0,0.0,0,0,0,"200,000",0,0,0,"200,000",0,"200,000","200,000"
708176,東捷國票5C購01,0,0,0,0.0,0.0,0.0,0,0,0,"24,000",0,0,0,"210,000","186,000","24,000","24,000"
708177,華景電國票5C購01,0,0,0,0.0,0.0,0.0,0,0,0,"-10,000",0,0,0,0,"10,000","-10,000","-10,000"
708179,群聯國票66購01,0,0,0,0.0,0.0,0.0,0,0,0,"-358,000",0,0,0,"165,000","523,000","-358,000","-358,000"
708181,東捷群益5B購03,0,0,0,0.0,0.0,0.0,0,0,0,"-382,000",0,0,0,"57,000","439,000","-382,000","-382,000"
708183,群聯群益61購03,0,0,0,0.0,0.0,0.0,0,0,0,"11,000",0,0,0,"26,000","15,000","11,000","11,000"
708184,久元元大64購01,0,0,0,0.0,0.0,0.0,0,0,0,"-20,000",0,0,0,0,"20,000","-20,000","-20,000"
708186,東捷元大5B購01,0,0,0,0.0,0.0,0.0,0,0,0,"-10,000",0,0,0,0,"10,000","-10,000","-10,000"
708190,家登元大5B購02,0,0,0,0.0,0.0,0.0,0,0,0,"11,000",0,0,0,"11,000",0,"11,000","11,000"
708194,群聯元大5B購03,0,0,0,0.0,0.0,0.0,0,0,0,"-2,000",0,0,0,"1,000","3,000","-2,000","-2,000"
708195,群聯元大64購02,0,0,0,0.0,0.0,0.0,0,0,0,"-10,000",0,0,0,0,"10,000","-10,000","-10,000"
708206,華景電凱基5B購01,0,0,0,0.0,0.0,0.0,0,0,0,"100,000",0,0,0,"100,000",0,"100,000","100,000"
708209,群聯凱基64購01,0,0,0,0.0,0.0,0.0,0,0,0,"-1,122,000",0,0,0,"123,000","1,245,000","-1,122,000","-1,122,000"
708210,環球晶凱基5B購03,0,0,0,0.0,0.0,0.0,0,0,0,"3,000",0,0,0,"3,000",0,"3,000","3,000"
708213,台特化台新5B購01,0,0,0,0.0,0.0,0.0,0,0,0,"-7,000",0,0,0,0,"7,000","-7,000","-7,000"
708214,台特化台新5B購02,0,0,0,0.0,0.0,0.0,0,0,0,"-13,000",0,0,0,0,"13,000","-13,000","-13,000"
708217,欣銓台新5B購02,0,0,0,0.0,0.0,0.0,0,0,0,"138,000",0,0,0,"170,000","32,000","138,000","138,000"
708219,華景電台新5B購01,0,0,0,0.0,0.0,0.0,0,0,0,"-116,000",0,0,0,0,"116,000","-116,000","-116,000"
708220,鈊象台新5B購01,0,0,0,0.0,0.0,0.0,0,0,0,"-24,000",0,0,0,0,"24,000","-24,000","-24,000"
708229,中光電富邦62購01,0,0,0,0.0,0.0,0.0,0,0,0,"20,000",0,0,0,"20,000",0,"20,000","20,000"
708231,捷創富邦62購01,0,0,0,0.0,0.0,0.0,0,0,0,"35,000",0,0,0,"55,000","20,000","35,000","35,000"
708234,家碩永豐5B購01,0,0,0,0.0,0.0,0.0,0,0,0,"1,000",0,0,0,"1,000",0,"1,000","1,000"
708235,群聯永豐65購02,0,0,0,0.0,0.0,0.0,0,0,0,"-186,000",0,0,0,0,"186,000","-186,000","-186,000"
708237,環球晶兆豐61購01,0,0,0,0.0,0.0,0.0,0,0,0,"-10,000",0,0,0,0,"10,000","-10,000","-10,000"
708238,艾訊國票63購01,0,0,0,0.0,0.0,0.0,0,0,0,"-22,000",0,0,0,"60,000","82,000","-22,000","-22,000"
708240,晶宏國票5C購01,0,0,0,0.0,0.0,0.0,0,0,0,"-17,000",0,0,0,0,"17,000","-17,000","-17,000"
708241,翔名國票5C購01,0,0,0,0.0,0.0,0.0,0,0,0,"11,000",0,0,0,"24,000","13,000","11,000","11,000"
708243,寶雅國票5C購01,0,0,0,0.0,0.0,0.0,0,0,0,"60,000",0,0,0,"60,000",0,"60,000","60,000"
708245,方土昶群益5B購01,0,0,0,0.0,0.0,0.0,0,0,0,"60,000",0,0,0,"60,000",0,"60,000","60,000"
708249,陽程群益5B購01,0,0,0,0.0,0.0,0.0,0,0,0,"90,000",0,0,0,"105,000","15,000","90,000","90,000"
708250,群聯群益5B購03,0,0,0,0.0,0.0,0.0,0,0,0,"268,000",0,0,0,"1,197,000","929,000","268,000","268,000"
708252,凡甲元大5B購01,0,0,0,0.0,0.0,0.0,0,0,0,"184,000",0,0,0,"255,000","71,000","184,000","184,000"
708253,均豪元大5B購02,0,0,0,0.0,0.0,0.0,0,0,0,"-134,000",0,0,0,0,"134,000","-134,000","-134,000"
708256,群聯元大5B購04,0,0,0,0.0,0.0,0.0,0,0,0,"-1,000",0,0,0,0,"1,000","-1,000","-1,000"
708257,群聯元大5B購05,0,0,0,0.0,0.0,0.0,0,0,0,"3,000",0,0,0,"3,000",0,"3,000","3,000"
708262,璟德元大5B購01,0,0,0,0.0,0.0,0.0,0,0,0,"71,000",0,0,0,"71,000",0,"71,000","71,000"
708266,威剛元大5B購04,0,0,0,0.0,0.0,0.0,0,0,0,"17,000",0,0,0,"17,000",0,"17,000","17,000"
708267,威剛元大5B購05,0,0,0,0.0,0.0,0.0,0,0,0,"-25,000",0,0,0,"10,000","35,000","-25,000","-25,000"
708268,威剛元大64購01,0,0,0,0.0,0.0,0.0,0,0,0,"261,000",0,0,0,"283,000","22,000","261,000","261,000"
708269,陽程元大61購03,0,0,0,0.0,0.0,0.0,0,0,0,"430,000",0,0,0,"430,000",0,"430,000","430,000"
708275,雷科國泰5C購01,0,0,0,0.0,0.0,0.0,0,0,0,"8,000",0,0,0,"8,000",0,"8,000","8,000"
708279,威剛凱基5B購03,0,0,0,0.0,0.0,0.0,0,0,0,"-21,000",0,0,0,"9,000","30,000","-21,000","-21,000"
708282,寶雅凱基5B購01,0,0,0,0.0,0.0,0.0,0,0,0,"-131,000",0,0,0,0,"131,000","-131,000","-131,000"
708285,系微兆豐65購01,0,0,0,0.0,0.0,0.0,0,0,0,"2,000",0,0,0,"32,000","30,000","2,000","2,000"
708289,方土昶國票5C購01,0,0,0,0.0,0.0,0.0,0,0,0,"-115,000",0,0,0,"40,000","155,000","-115,000","-115,000"
708292,威剛國票5C購01,0,0,0,0.0,0.0,0.0,0,0,0,"-1,000",0,0,0,0,"1,000","-1,000","-1,000"
708294,港建*國票5B購01,0,0,0,0.0,0.0,0.0,0,0,0,"4,000",0,0,0,"4,000",0,"4,000","4,000"
708295,華宏國票5C購01,0,0,0,0.0,0.0,0.0,0,0,0,"-36,000",0,0,0,"24,000","60,000","-36,000","-36,000"
708300,合晶永豐5B購01,0,0,0,0.0,0.0,0.0,0,0,0,"25,000",0,0,0,"25,000",0,"25,000","25,000"
708302,欣銓永豐61購01,0,0,0,0.0,0.0,0.0,0,0,0,"64,000",0,0,0,"70,000","6,000","64,000","64,000"
708304,威剛永豐5C購02,0,0,0,0.0,0.0,0.0,0,0,0,"-304,000",0,0,0,"4,000","308,000","-304,000","-304,000"
708305,威剛永豐61購01,0,0,0,0.0,0.0,0.0,0,0,0,"-101,000",0,0,0,0,"101,000","-101,000","-101,000"
708306,威剛永豐65購01,0,0,0,0.0,0.0,0.0,0,0,0,"-32,000",0,0,0,"33,000","65,000","-32,000","-32,000"
708307,威剛永豐68購01,0,0,0,0.0,0.0,0.0,0,0,0,"-53,000",0,0,0,"50,000","103,000","-53,000","-53,000"
708308,鉅橡永豐61購01,0,0,0,0.0,0.0,0.0,0,0,0,"-40,000",0,0,0,0,"40,000","-40,000","-40,000"
708312,正淩群益63購01,0,0,0,0.0,0.0,0.0,0,0,0,"-83,000",0,0,0,0,"83,000","-83,000","-83,000"
708316,威剛群益5B購02,0,0,0,0.0,0.0,0.0,0,0,0,"-521,000",0,0,0,"8,000","529,000","-521,000","-521,000"
708322,寶雅群益61購01,"1,000",0,"1,000",0.0,0.0,0.0,0,0,0,"-51,000",0,0,0,0,"51,000","-51,000","-50,000"
708329,艾訊凱基5B購02,0,0,0,0.0,0.0,0.0,0,0,0,"59,000",0,0,0,"120,000","61,000","59,000","59,000"
708330,良維凱基5B購05,0,0,0,0.0,0.0,0.0,0,0,0,"5,000",0,0,0,"5,000",0,"5,000","5,000"
708331,威剛凱基5B購04,0,0,0,0.0,0.0,0.0,0,0,0,"-65,000",0,0,0,"38,000","103,000","-65,000","-65,000"
708332,家登凱基5B購03,0,0,0,0.0,0.0,0.0,0,0,0,"10,000",0,0,0,"30,000","20,000","10,000","10,000"
708334,港建*凱基5B購01,0,0,0,0.0,0.0,0.0,0,0,0,"-40,000",0,0,0,0,"40,000","-40,000","-40,000"
708335,群聯凱基61購02,0,0,0,0.0,0.0,0.0,0,0,0,"-464,000",0,0,0,0,"464,000","-464,000","-464,000"
708337,環球晶凱基5C購02,0,0,0,0.0,0.0,0.0,0,0,0,"1,000",0,0,0,"1,000",0,"1,000","1,000"
708343,艾訊台新5B購02,0,0,0,0.0,0.0,0.0,0,0,0,"341,000",0,0,0,"346,000","5,000","341,000","341,000"
708344,良維台新5B購01,0,0,0,0.0,0.0,0.0,0,0,0,"-14,000",0,0,0,"6,000","20,000","-14,000","-14,000"
708349,順達台新5B購01,0,0,0,0.0,0.0,0.0,0,0,0,"-73,000",0,0,0,"7,000","80,000","-73,000","-73,000"
708350,順達台新5B購02,0,0,0,0.0,0.0,0.0,0,0,0,"12,000",0,0,0,"12,000",0,"12,000","12,000"
708351,鈊象台新5B購02,0,0,0,0.0,0.0,0.0,0,0,0,"-100,000",0,0,0,0,"100,000","-100,000","-100,000"
708353,群聯台新5B購03,0,"25,000","-25,000",0.0,0.0,0.0,0,0,0,"35,000",0,0,0,"35,000",0,"35,000","10,000"
708358,台星科兆豐61購01,0,0,0,0.0,0.0,0.0,0,0,0,"-1,000",0,0,0,0,"1,000","-1,000","-1,000"
708367,久元元大5B購01,0,0,0,0.0,0.0,0.0,0,0,0,"4,000",0,0,0,"4,000",0,"4,000","4,000"
708370,台星科元大5B購02,0,0,0,0.0,0.0,0.0,0,0,0,"-8,000",0,0,0,"10,000","18,000","-8,000","-8,000"
708372,沛亨元大5B購01,0,0,0,0.0,0.0,0.0,0,0,0,"-100,000",0,0,0,0,"100,000","-100,000","-100,000"
708373,欣銓元大5B購01,0,0,0,0.0,0.0,0.0,0,0,0,"60,000",0,0,0,"60,000",0,"60,000","60,000"
708377,威剛元大5B購07,0,0,0,0.0,0.0,0.0,0,0,0,"425,000",0,0,0,"519,000","94,000","425,000","425,000"
708378,原相元大5B購01,0,0,0,0.0,0.0,0.0,0,0,0,"-203,000",0,0,0,"20,000","223,000","-203,000","-203,000"
708380,家登元大64購01,0,0,0,0.0,0.0,0.0,0,0,0,"63,000",0,0,0,"65,000","2,000","63,000","63,000"
708384,凡甲國泰5C購01,0,0,0,0.0,0.0,0.0,0,0,0,"-2,000",0,0,0,0,"2,000","-2,000","-2,000"
708386,合晶國泰62購01,0,0,0,0.0,0.0,0.0,0,0,0,"10,000",0,0,0,"10,000",0,"10,000","10,000"
708387,均豪國泰62購01,0,0,0,0.0,0.0,0.0,0,0,0,"10,000",0,0,0,"10,000",0,"10,000","10,000"
708390,家登國泰5C購02,0,0,0,0.0,0.0,0.0,0,0,0,"50,000",0,0,0,"50,000",0,"50,000","50,000"
708391,力領台新5B購01,"4,000",0,"4,000",0.0,0.0,0.0,0,0,0,"-4,000",0,0,0,0,"4,000","-4,000",0
708396,群聯台新5B購05,0,0,0,0.0,0.0,0.0,0,0,0,"50,000",0,0,0,"108,000","58,000","50,000","50,000"
708397,群聯台新5B購06,0,0,0,0.0,0.0,0.0,0,0,0,"15,000",0,0,0,"65,000","50,000","15,000","15,000"
708403,世界凱基5C購03,0,0,0,0.0,0.0,0.0,0,0,0,"-52,000",0,0,0,"3,000","55,000","-52,000","-52,000"
708406,欣銓凱基5B購01,0,0,0,0.0,0.0,0.0,0,0,0,"30,000",0,0,0,"30,000",0,"30,000","30,000"
708410,群聯凱基64購03,0,0,0,0.0,0.0,0.0,0,0,0,"-26,000",0,0,0,0,"26,000","-26,000","-26,000"
708412,環球晶兆豐61購02,0,0,0,0.0,0.0,0.0,0,0,0,"-10,000",0,0,0,0,"10,000","-10,000","-10,000"
708415,世界元大64購03,0,0,0,0.0,0.0,0.0,0,0,0,"2,000",0,0,0,"2,000",0,"2,000","2,000"
708416,世界元大65購01,0,0,0,0.0,0.0,0.0,0,0,0,"-44,000",0,0,0,"6,000","50,000","-44,000","-44,000"
708418,順達元大64購04,0,0,0,0.0,0.0,0.0,0,0,0,"51,000",0,0,0,"184,000","133,000","51,000","51,000"
708420,萬泰科元大5B購02,0,0,0,0.0,0.0,0.0,0,0,0,"-10,000",0,0,0,0,"10,000","-10,000","-10,000"
708422,鈺太元大65購01,0,0,0,0.0,0.0,0.0,0,0,0,"71,000",0,0,0,"403,000","332,000","71,000","71,000"
708425,世界國票5C購03,0,0,0,0.0,0.0,0.0,0,0,0,"-40,000",0,0,0,0,"40,000","-40,000","-40,000"
708428,群聯國票61購02,0,0,0,0.0,0.0,0.0,0,0,0,"9,000",0,0,0,"10,000","1,000","9,000","9,000"
708429,雷科國票5B購01,0,0,0,0.0,0.0,0.0,0,0,0,"26,000",0,0,0,"26,000",0,"26,000","26,000"
708433,家登富邦61購02,0,0,0,0.0,0.0,0.0,0,0,0,"14,000",0,0,0,"14,000",0,"14,000","14,000"
708436,新盛力富邦61購03,0,0,0,0.0,0.0,0.0,0,0,0,"15,000",0,0,0,"74,000","59,000","15,000","15,000"
708437,群聯富邦62購03,0,0,0,0.0,0.0,0.0,0,0,0,"5,000",0,0,0,"5,000",0,"5,000","5,000"
708439,世界群益5B購07,0,0,0,0.0,0.0,0.0,0,0,0,"251,000",0,0,0,"251,000",0,"251,000","251,000"
708440,立碁群益5C購01,0,0,0,0.0,0.0,0.0,0,0,0,"-4,000",0,0,0,0,"4,000","-4,000","-4,000"
708442,艾訊群益5B購02,0,0,0,0.0,0.0,0.0,0,0,0,"18,000",0,0,0,"30,000","12,000","18,000","18,000"
708443,家登群益61購02,0,0,0,0.0,0.0,0.0,0,0,0,"70,000",0,0,0,"70,000",0,"70,000","70,000"
708445,群聯群益5B購04,0,0,0,0.0,0.0,0.0,0,0,0,"119,000",0,0,0,"150,000","31,000","119,000","119,000"
708449,台半凱基5C購01,0,0,0,0.0,0.0,0.0,0,0,0,"-19,000",0,0,0,0,"19,000","-19,000","-19,000"
708452,欣銓凱基64購01,0,0,0,0.0,0.0,0.0,0,0,0,"-10,000",0,0,0,0,"10,000","-10,000","-10,000"
708454,威剛凱基5B購06,0,0,0,0.0,0.0,0.0,0,0,0,"-689,000",0,0,0,"10,000","699,000","-689,000","-689,000"
708458,群聯凱基5B購03,0,0,0,0.0,0.0,0.0,0,0,0,"100,000",0,0,0,"100,000",0,"100,000","100,000"
708460,營邦凱基5B購01,0,0,0,0.0,0.0,0.0,0,0,0,"50,000",0,0,0,"100,000","50,000","50,000","50,000"
708461,營邦凱基5B購02,0,0,0,0.0,0.0,0.0,0,0,0,"-42,000",0,0,0,"1,000","43,000","-42,000","-42,000"
708463,環球晶凱基5B購04,0,0,0,0.0,0.0,0.0,0,0,0,"33,000",0,0,0,"33,000",0,"33,000","33,000"
708468,華景電台新5B購02,0,0,0,0.0,0.0,0.0,0,0,0,"-125,000",0,0,0,0,"125,000","-125,000","-125,000"
708469,華景電台新5B購03,0,0,0,0.0,0.0,0.0,0,0,0,"4,000",0,0,0,"8,000","4,000","4,000","4,000"
708471,環球晶台新5B購02,0,0,0,0.0,0.0,0.0,0,0,0,"-10,000",0,0,0,0,"10,000","-10,000","-10,000"
708472,環球晶台新62購01,0,0,0,0.0,0.0,0.0,0,0,0,"-7,000",0,0,0,"3,000","10,000","-7,000","-7,000"
708473,環球晶台新62購02,0,0,0,0.0,0.0,0.0,0,0,0,"-10,000",0,0,0,0,"10,000","-10,000","-10,000"
708479,世禾元大5B購01,0,0,0,0.0,0.0,0.0,0,0,0,"-215,000",0,0,0,0,"215,000","-215,000","-215,000"
708486,合晶元大65購01,0,0,0,0.0,0.0,0.0,0,0,0,"-10,000",0,0,0,0,"10,000","-10,000","-10,000"
708489,金山電元大5B購04,0,0,0,0.0,0.0,0.0,0,0,0,0,0,0,0,"1,000","1,000",0,0
708495,環球晶元大5B購07,0,0,0,0.0,0.0,0.0,0,0,0,"-63,000",0,0,0,"3,000","66,000","-63,000","-63,000"
708496,環球晶元大5B購08,0,0,0,0.0,0.0,0.0,0,0,0,"9,000",0,0,0,"9,000",0,"9,000","9,000"
708501,威剛兆豐65購01,0,0,0,0.0,0.0,0.0,0,0,0,"-395,000",0,0,0,"20,000","415,000","-395,000","-395,000"
708503,群聯國泰62購01,0,0,0,0.0,0.0,0.0,0,0,0,"-150,000",0,0,0,"300,000","450,000","-150,000","-150,000"
708504,群聯國泰63購01,0,0,0,0.0,0.0,0.0,0,0,0,"-248,000",0,0,0,"23,000","271,000","-248,000","-248,000"
708505,群聯國泰63購02,0,0,0,0.0,0.0,0.0,0,0,0,"19,000",0,0,0,"20,000","1,000","19,000","19,000"
708514,金山電國票5C購02,0,0,0,0.0,0.0,0.0,0,0,0,"20,000",0,0,0,"82,000","62,000","20,000","20,000"
708516,環球晶國票5C購01,0,0,0,0.0,0.0,0.0,0,0,0,"-86,000",0,0,0,"97,000","183,000","-86,000","-86,000"
708517,世界富邦5B購02,0,0,0,0.0,0.0,0.0,0,0,0,"-206,000",0,0,0,"2,000","208,000","-206,000","-206,000"
708519,營邦富邦61購01,0,0,0,0.0,0.0,0.0,0,0,0,"-521,000",0,0,0,"16,000","537,000","-521,000","-521,000"
708521,環球晶富邦61購01,0,0,0,0.0,0.0,0.0,0,0,0,"-10,000",0,0,0,0,"10,000","-10,000","-10,000"
708522,中美晶群益5C購02,0,0,0,0.0,0.0,0.0,0,0,0,"448,000",0,0,0,"448,000",0,"448,000","448,000"
708523,世界群益5B購08,0,0,0,0.0,0.0,0.0,0,0,0,"-142,000",0,0,0,"30,000","172,000","-142,000","-142,000"
708524,朋程群益5B購01,0,0,0,0.0,0.0,0.0,0,0,0,"-10,000",0,0,0,0,"10,000","-10,000","-10,000"
708525,金山電群益5B購01,0,0,0,0.0,0.0,0.0,0,0,0,"-29,000",0,0,0,0,"29,000","-29,000","-29,000"
708526,新盛力群益5B購02,0,0,0,0.0,0.0,0.0,0,0,0,0,0,0,0,"10,000","10,000",0,0
708529,德微群益5B購01,0,0,0,0.0,0.0,0.0,0,0,0,"21,000",0,0,0,"21,000",0,"21,000","21,000"
708530,營邦群益5B購01,0,0,0,0.0,0.0,0.0,0,0,0,"125,000",0,0,0,"249,000","124,000","125,000","125,000"
708531,營邦群益5B購02,0,0,0,0.0,0.0,0.0,0,0,0,"182,000",0,0,0,"1,013,000","831,000","182,000","182,000"
708532,環球晶群益5B購04,0,0,0,0.0,0.0,0.0,0,0,0,"16,000",0,0,0,"50,000","34,000","16,000","16,000"
708533,譜瑞群益5C購02,0,0,0,0.0,0.0,0.0,0,0,0,"90,000",0,0,0,"100,000","10,000","90,000","90,000"
708535,世禾凱基5B購02,0,0,0,0.0,0.0,0.0,0,0,0,"-80,000",0,0,0,0,"80,000","-80,000","-80,000"
708537,朋程凱基5B購01,0,0,0,0.0,0.0,0.0,0,0,0,"-40,000",0,0,0,0,"40,000","-40,000","-40,000"
708538,倚強凱基5B購01,0,0,0,0.0,0.0,0.0,0,0,0,"-5,000",0,0,0,0,"5,000","-5,000","-5,000"
708540,精材凱基5B購04,0,0,0,0.0,0.0,0.0,0,0,0,"-11,000",0,0,0,0,"11,000","-11,000","-11,000"
708542,譜瑞凱基61購01,0,0,0,0.0,0.0,0.0,0,0,0,"53,000",0,0,0,"53,000",0,"53,000","53,000"
708543,群聯永豐65購03,0,0,0,0.0,0.0,0.0,0,0,0,"-254,000",0,0,0,0,"254,000","-254,000","-254,000"
708546,譜瑞兆豐65購01,0,0,0,0.0,0.0,0.0,0,0,0,"2,000",0,0,0,"30,000","28,000","2,000","2,000"
708547,群聯群益67購01,"2,000",0,"2,000",0.0,0.0,0.0,0,0,0,"103,000",0,0,0,"289,000","186,000","103,000","105,000"
708549,廣穎群益61購01,0,0,0,0.0,0.0,0.0,0,0,0,"-42,000",0,0,0,0,"42,000","-42,000","-42,000"
708551,新盛力元大61購02,0,0,0,0.0,0.0,0.0,0,0,0,"3,000",0,0,0,"3,000",0,"3,000","3,000"
708553,譜瑞元大5B購01,0,0,0,0.0,0.0,0.0,0,0,0,"-148,000",0,0,0,"9,000","157,000","-148,000","-148,000"
708554,譜瑞元大5B購02,0,0,0,0.0,0.0,0.0,0,0,0,"13,000",0,0,0,"13,000",0,"13,000","13,000"
708557,欣銓國泰5C購02,0,0,0,0.0,0.0,0.0,0,0,0,"20,000",0,0,0,"89,000","69,000","20,000","20,000"
708558,立碁富邦5B購01,0,0,0,0.0,0.0,0.0,0,0,0,"-26,000",0,0,0,0,"26,000","-26,000","-26,000"
708559,欣銓富邦5B購02,0,0,0,0.0,0.0,0.0,0,0,0,"-34,000",0,0,0,"36,000","70,000","-34,000","-34,000"
708560,威剛富邦5B購01,0,0,0,0.0,0.0,0.0,0,0,0,"-65,000",0,0,0,0,"65,000","-65,000","-65,000"
708562,群聯富邦62購04,0,0,0,0.0,0.0,0.0,0,0,0,"279,000",0,0,0,"303,000","24,000","279,000","279,000"
708563,中美晶國票5C購01,0,0,0,0.0,0.0,0.0,0,0,0,"-21,000",0,0,0,"26,000","47,000","-21,000","-21,000"
708565,尼克森國票5B購01,0,0,0,0.0,0.0,0.0,0,0,0,0,0,0,0,"10,000","10,000",0,0
708568,宸曜國票5B購01,0,0,0,0.0,0.0,0.0,0,0,0,"-42,000",0,0,0,"35,000","77,000","-42,000","-42,000"
708570,新漢國票5B購01,0,0,0,0.0,0.0,0.0,0,0,0,"-42,000",0,0,0,0,"42,000","-42,000","-42,000"
708571,群聯國票5C購01,0,0,0,0.0,0.0,0.0,0,0,0,"360,000",0,0,0,"550,000","190,000","360,000","360,000"
708573,家登凱基5B購05,0,0,0,0.0,0.0,0.0,0,0,0,"-998,000",0,0,0,0,"998,000","-998,000","-998,000"
708578,閎康凱基5B購04,0,0,0,0.0,0.0,0.0,0,0,0,"-310,000",0,0,0,0,"310,000","-310,000","-310,000"
708580,群聯凱基5C購01,0,0,0,0.0,0.0,0.0,0,0,0,"134,000",0,0,0,"139,000","5,000","134,000","134,000"
708581,群聯凱基61購03,0,0,0,0.0,0.0,0.0,0,0,0,"-13,000",0,0,0,"8,000","21,000","-13,000","-13,000"
708583,精材凱基5B購05,0,0,0,0.0,0.0,0.0,0,0,0,0,0,0,0,"10,000","10,000",0,0
708584,廣穎凱基5B購02,0,0,0,0.0,0.0,0.0,0,0,0,"-100,000",0,0,0,0,"100,000","-100,000","-100,000"
708585,譜瑞凱基5B購02,0,0,0,0.0,0.0,0.0,0,0,0,0,0,0,0,"20,000","20,000",0,0
708587,閎康富邦62購01,0,0,0,0.0,0.0,0.0,0,0,0,"3,000",0,0,0,"16,000","13,000","3,000","3,000"
708588,群聯富邦62購05,0,0,0,0.0,0.0,0.0,0,0,0,"-2,573,000",0,0,0,"121,000","2,694,000","-2,573,000","-2,573,000"
708589,宏捷科兆豐65購01,0,0,0,0.0,0.0,0.0,0,0,0,"-161,000",0,0,0,"165,000","326,000","-161,000","-161,000"
708590,群聯兆豐65購02,0,0,0,0.0,0.0,0.0,0,0,0,"-206,000",0,0,0,"126,000","332,000","-206,000","-206,000"
708591,精材兆豐61購01,0,0,0,0.0,0.0,0.0,0,0,0,"-6,000",0,0,0,"1,000","7,000","-6,000","-6,000"
708592,元太元大5B購02,0,0,0,0.0,0.0,0.0,0,0,0,"-230,000",0,0,0,"20,000","250,000","-230,000","-230,000"
708593,世禾元大5B購02,0,0,0,0.0,0.0,0.0,0,0,0,"200,000",0,0,0,"200,000",0,"200,000","200,000"
708594,欣銓元大5B購02,0,0,0,0.0,0.0,0.0,0,0,0,"-20,000",0,0,0,0,"20,000","-20,000","-20,000"
708597,群聯元大5B購10,0,0,0,0.0,0.0,0.0,0,0,0,"20,000",0,0,0,"20,000",0,"20,000","20,000"
708598,群聯元大5B購11,0,0,0,0.0,0.0,0.0,0,0,0,"-92,000",0,0,0,0,"92,000","-92,000","-92,000"
708599,群聯元大5B購12,0,0,0,0.0,0.0,0.0,0,0,0,"-1,012,000",0,0,0,"30,000","1,042,000","-1,012,000","-1,012,000"
708600,群聯元大5B購13,0,0,0,0.0,0.0,0.0,0,0,0,"-3,000",0,0,0,"496,000","499,000","-3,000","-3,000"
708601,群聯元大5B購14,0,0,0,0.0,0.0,0.0,0,0,0,"-496,000",0,0,0,0,"496,000","-496,000","-496,000"
708603,群聯元大61購06,0,0,0,0.0,0.0,0.0,0,0,0,"-295,000",0,0,0,0,"295,000","-295,000","-295,000"
708604,群聯元大63購03,0,0,0,0.0,0.0,0.0,0,0,0,"-1,437,000",0,0,0,"10,000","1,447,000","-1,437,000","-1,437,000"
708605,精材元大61購07,0,0,0,0.0,0.0,0.0,0,0,0,"-10,000",0,0,0,0,"10,000","-10,000","-10,000"
708606,譜瑞元大5B購03,0,0,0,0.0,0.0,0.0,0,0,0,"11,000",0,0,0,"11,000",0,"11,000","11,000"
708610,新盛力永豐63購01,0,0,0,0.0,0.0,0.0,0,0,0,"5,000",0,0,0,"6,000","1,000","5,000","5,000"
708611,群聯永豐5C購03,0,0,0,0.0,0.0,0.0,0,0,0,"2,000",0,0,0,"2,000",0,"2,000","2,000"
708613,精材永豐64購01,0,0,0,0.0,0.0,0.0,0,0,0,"20,000",0,0,0,"20,000",0,"20,000","20,000"
708615,元太群益5B購03,0,0,0,0.0,0.0,0.0,0,0,0,"-232,000",0,0,0,"5,000","237,000","-232,000","-232,000"
708618,家登群益5B購03,0,0,0,0.0,0.0,0.0,0,0,0,"469,000",0,0,0,"499,000","30,000","469,000","469,000"
708619,閎康群益61購01,0,0,0,0.0,0.0,0.0,0,0,0,"-4,000",0,0,0,"1,000","5,000","-4,000","-4,000"
708620,陽程群益5B購02,0,0,0,0.0,0.0,0.0,0,0,0,"-45,000",0,0,0,"60,000","105,000","-45,000","-45,000"
708621,順達群益5B購03,0,0,0,0.0,0.0,0.0,0,0,0,"-2,000",0,0,0,0,"2,000","-2,000","-2,000"
708627,廣穎群益5B購02,0,0,0,0.0,0.0,0.0,0,0,0,"-267,000",0,0,0,0,"267,000","-267,000","-267,000"
708628,譜瑞群益5B購02,0,0,0,0.0,0.0,0.0,0,0,0,"-40,000",0,0,0,0,"40,000","-40,000","-40,000"
708629,元太凱基5B購04,0,0,0,0.0,0.0,0.0,0,0,0,"-326,000",0,0,0,"108,000","434,000","-326,000","-326,000"
708630,元太凱基5B購05,0,0,0,0.0,0.0,0.0,0,0,0,"-82,000",0,0,0,"14,000","96,000","-82,000","-82,000"
708632,順達凱基5B購03,0,0,0,0.0,0.0,0.0,0,0,0,"-150,000",0,0,0,0,"150,000","-150,000","-150,000"
708634,譜瑞凱基5B購03,0,0,0,0.0,0.0,0.0,0,0,0,"-2,000",0,0,0,0,"2,000","-2,000","-2,000"
708635,譜瑞凱基5B購04,0,0,0,0.0,0.0,0.0,0,0,0,"15,000",0,0,0,"15,000",0,"15,000","15,000"
708636,中美晶元大63購02,0,0,0,0.0,0.0,0.0,0,0,0,"-15,000",0,0,0,0,"15,000","-15,000","-15,000"
708637,沛亨元大5B購02,0,0,0,0.0,0.0,0.0,0,0,0,"1,000",0,0,0,"1,000",0,"1,000","1,000"
708638,威剛元大5B購08,0,0,0,0.0,0.0,0.0,0,0,0,"-71,000",0,0,0,0,"71,000","-71,000","-71,000"
708640,順達元大5B購04,0,0,0,0.0,0.0,0.0,0,0,0,"10,000",0,0,0,"10,000",0,"10,000","10,000"
708641,精材元大5B購12,0,0,0,0.0,0.0,0.0,0,0,0,"-21,000",0,0,0,"26,000","47,000","-21,000","-21,000"
708642,優群元大5B購01,0,0,0,0.0,0.0,0.0,0,0,0,"-247,000",0,0,0,0,"247,000","-247,000","-247,000"
708644,譜瑞元大5B購05,0,0,0,0.0,0.0,0.0,0,0,0,"7,000",0,0,0,"8,000","1,000","7,000","7,000"
708645,譜瑞元大5B購06,0,0,0,0.0,0.0,0.0,0,0,0,"-121,000",0,0,0,0,"121,000","-121,000","-121,000"
708646,譜瑞元大5B購07,0,0,0,0.0,0.0,0.0,0,0,0,0,0,0,0,"25,000","25,000",0,0
708648,沛亨永豐5C購01,0,0,0,0.0,0.0,0.0,0,0,0,"-100,000",0,0,0,0,"100,000","-100,000","-100,000"
708650,廣穎永豐61購01,0,0,0,0.0,0.0,0.0,0,0,0,"-20,000",0,0,0,0,"20,000","-20,000","-20,000"
708651,中美晶富邦5B購01,0,0,0,0.0,0.0,0.0,0,0,0,"24,000",0,0,0,"34,000","10,000","24,000","24,000"
708652,元太富邦62購01,0,0,0,0.0,0.0,0.0,0,0,0,"-812,000",0,0,0,"40,000","852,000","-812,000","-812,000"
708653,元太富邦62購02,0,0,0,0.0,0.0,0.0,0,0,0,"-223,000",0,0,0,0,"223,000","-223,000","-223,000"
708655,新盛力富邦62購01,0,0,0,0.0,0.0,0.0,0,0,0,"-571,000",0,0,0,"103,000","674,000","-571,000","-571,000"
708656,元太群益5B購04,0,0,0,0.0,0.0,0.0,0,0,0,0,0,0,0,"5,000","5,000",0,0
708657,閎康群益5B購04,0,0,0,0.0,0.0,0.0,0,0,0,"-40,000",0,0,0,0,"40,000","-40,000","-40,000"
708658,廣穎群益61購02,0,0,0,0.0,0.0,0.0,0,0,0,"-226,000",0,0,0,"2,000","228,000","-226,000","-226,000"
708660,臺慶科群益5B購02,0,0,0,0.0,0.0,0.0,0,0,0,"10,000",0,0,0,"10,000",0,"10,000","10,000"
708661,元太元大5B購03,0,0,0,0.0,0.0,0.0,0,0,0,"-120,000",0,0,0,"400,000","520,000","-120,000","-120,000"
708662,元太元大5B購04,0,0,0,0.0,0.0,0.0,0,0,0,"-169,000",0,0,0,0,"169,000","-169,000","-169,000"
708663,元太元大5B購05,0,0,0,0.0,0.0,0.0,0,0,0,"-412,000",0,0,0,0,"412,000","-412,000","-412,000"
708664,元太元大5B購06,0,0,0,0.0,0.0,0.0,0,0,0,"-200,000",0,0,0,0,"200,000","-200,000","-200,000"
708665,元太元大5B購07,0,0,0,0.0,0.0,0.0,0,0,0,"-120,000",0,0,0,0,"120,000","-120,000","-120,000"
708668,元太元大5B購10,0,0,0,0.0,0.0,0.0,0,0,0,"-481,000",0,0,0,0,"481,000","-481,000","-481,000"
708670,陽程元大63購02,0,0,0,0.0,0.0,0.0,0,0,0,"-1,610,000",0,0,0,"297,000","1,907,000","-1,610,000","-1,610,000"
708671,新盛力元大5B購03,0,0,0,0.0,0.0,0.0,0,0,0,"-149,000",0,0,0,0,"149,000","-149,000","-149,000"
708672,元太永豐5C購01,0,0,0,0.0,0.0,0.0,0,0,0,"-67,000",0,0,0,0,"67,000","-67,000","-67,000"
708673,元太永豐61購01,0,0,0,0.0,0.0,0.0,0,0,0,"-42,000",0,0,0,0,"42,000","-42,000","-42,000"
708674,威剛永豐67購01,0,0,0,0.0,0.0,0.0,0,0,0,"-46,000",0,0,0,"3,000","49,000","-46,000","-46,000"
708677,新漢永豐5C購01,0,0,0,0.0,0.0,0.0,0,0,0,"-10,000",0,0,0,0,"10,000","-10,000","-10,000"
708682,威剛凱基5B購07,0,0,0,0.0,0.0,0.0,0,0,0,0,0,0,0,"10,000","10,000",0,0
708684,陽程凱基5B購01,0,0,0,0.0,0.0,0.0,0,0,0,"13,000",0,0,0,"23,000","10,000","13,000","13,000"
708685,新盛力凱基5B購03,0,0,0,0.0,0.0,0.0,0,0,0,"29,000",0,0,0,"30,000","1,000","29,000","29,000"
708692,元太台新5B購01,0,0,0,0.0,0.0,0.0,0,0,0,"-39,000",0,0,0,"2,000","41,000","-39,000","-39,000"
708693,方土昶台新5B購01,0,0,0,0.0,0.0,0.0,0,0,0,"35,000",0,0,0,"60,000","25,000","35,000","35,000"
708697,閎康台新5B購03,0,0,0,0.0,0.0,0.0,0,0,0,"20,000",0,0,0,"20,000",0,"20,000","20,000"
708698,順達台新5B購03,0,0,0,0.0,0.0,0.0,0,0,0,"-15,000",0,0,0,0,"15,000","-15,000","-15,000"
708699,臺慶科台新5B購02,0,0,0,0.0,0.0,0.0,0,0,0,"-8,000",0,0,0,0,"8,000","-8,000","-8,000"
708701,元太國泰5C購01,0,0,0,0.0,0.0,0.0,0,0,0,"-9,000",0,0,0,0,"9,000","-9,000","-9,000"
708702,元太國泰5C購02,0,0,0,0.0,0.0,0.0,0,0,0,"-47,000",0,0,0,0,"47,000","-47,000","-47,000"
708703,元太國泰5C購03,0,0,0,0.0,0.0,0.0,0,0,0,"-27,000",0,0,0,"38,000","65,000","-27,000","-27,000"
708704,台半富邦62購01,0,0,0,0.0,0.0,0.0,0,0,0,"-183,000",0,0,0,"67,000","250,000","-183,000","-183,000"
708705,華景電富邦5B購01,0,0,0,0.0,0.0,0.0,0,0,0,"301,000",0,0,0,"301,000",0,"301,000","301,000"
708706,新盛力富邦61購04,0,0,0,0.0,0.0,0.0,0,0,0,"131,000",0,0,0,"257,000","126,000","131,000","131,000"
708708,雙鴻富邦61購01,0,0,0,0.0,0.0,0.0,0,0,0,"-18,000",0,0,0,"2,000","20,000","-18,000","-18,000"
708709,元太國票5C購01,0,0,0,0.0,0.0,0.0,0,0,0,"-146,000",0,0,0,0,"146,000","-146,000","-146,000"
708711,光頡國票5B購01,0,0,0,0.0,0.0,0.0,0,0,0,"-15,000",0,0,0,0,"15,000","-15,000","-15,000"
708712,光頡國票5B購02,0,0,0,0.0,0.0,0.0,0,0,0,"-60,000",0,0,0,"10,000","70,000","-60,000","-60,000"
708715,新盛力國票5B購02,0,0,0,0.0,0.0,0.0,0,0,0,"64,000",0,0,0,"64,000",0,"64,000","64,000"
708716,中美晶台新5B購04,0,0,0,0.0,0.0,0.0,0,0,0,"184,000",0,0,0,"184,000",0,"184,000","184,000"
708718,台半台新5B購02,0,0,0,0.0,0.0,0.0,0,0,0,"-97,000",0,0,0,"3,000","100,000","-97,000","-97,000"
708721,陽程凱基61購01,0,0,0,0.0,0.0,0.0,0,0,0,"23,000",0,0,0,"23,000",0,"23,000","23,000"
708726,擎亞凱基5B購03,0,0,0,0.0,0.0,0.0,0,0,0,"-7,000",0,0,0,"6,000","13,000","-7,000","-7,000"
708728,威剛元大5B購09,0,0,0,0.0,0.0,0.0,0,0,0,"-77,000",0,0,0,0,"77,000","-77,000","-77,000"
708730,閎康元大5B購02,0,0,0,0.0,0.0,0.0,0,0,0,"-99,000",0,0,0,0,"99,000","-99,000","-99,000"
708731,陽程元大5B購01,0,0,0,0.0,0.0,0.0,0,0,0,"789,000",0,0,0,"816,000","27,000","789,000","789,000"
708733,陽程元大65購02,0,0,0,0.0,0.0,0.0,0,0,0,"1,000",0,0,0,"1,000",0,"1,000","1,000"
708735,勤凱元大5B購02,0,0,0,0.0,0.0,0.0,0,0,0,"-2,000",0,0,0,0,"2,000","-2,000","-2,000"
708737,群翊元大5B購02,0,0,0,0.0,0.0,0.0,0,0,0,"-50,000",0,0,0,0,"50,000","-50,000","-50,000"
708742,尼克森永豐5C購01,0,0,0,0.0,0.0,0.0,0,0,0,"394,000",0,0,0,"394,000",0,"394,000","394,000"
708743,光頡永豐61購01,0,0,0,0.0,0.0,0.0,0,0,0,"-10,000",0,0,0,0,"10,000","-10,000","-10,000"
708744,翔名永豐5C購01,0,0,0,0.0,0.0,0.0,0,0,0,"16,000",0,0,0,"16,000",0,"16,000","16,000"
708747,臺慶科永豐65購01,0,0,0,0.0,0.0,0.0,0,0,0,"-13,000",0,0,0,0,"13,000","-13,000","-13,000"
708750,雙鴻永豐65購01,0,0,0,0.0,0.0,0.0,0,0,0,"-13,000",0,0,0,"52,000","65,000","-13,000","-13,000"
708753,擎亞國泰61購01,0,0,0,0.0,0.0,0.0,0,0,0,"-340,000",0,0,0,0,"340,000","-340,000","-340,000"
708754,凡甲群益5B購02,0,0,0,0.0,0.0,0.0,0,0,0,"-3,000",0,0,0,0,"3,000","-3,000","-3,000"
708755,中美晶群益5B購03,0,0,0,0.0,0.0,0.0,0,0,0,"-33,000",0,0,0,"47,000","80,000","-33,000","-33,000"
708757,威剛群益61購02,0,0,0,0.0,0.0,0.0,0,0,0,"-40,000",0,0,0,0,"40,000","-40,000","-40,000"
708759,聖暉*群益5B購02,0,0,0,0.0,0.0,0.0,0,0,0,"10,000",0,0,0,"10,000",0,"10,000","10,000"
708762,大中國票5B購01,0,0,0,0.0,0.0,0.0,0,0,0,"-8,000",0,0,0,"2,000","10,000","-8,000","-8,000"
708764,立端國票5C購01,0,0,0,0.0,0.0,0.0,0,0,0,"57,000",0,0,0,"60,000","3,000","57,000","57,000"
708765,均豪國票5B購01,0,0,0,0.0,0.0,0.0,0,0,0,"15,000",0,0,0,"15,000",0,"15,000","15,000"
708766,沛亨國票5C購01,0,0,0,0.0,0.0,0.0,0,0,0,"-9,000",0,0,0,0,"9,000","-9,000","-9,000"
708768,原相國票5B購02,0,0,0,0.0,0.0,0.0,0,0,0,"-110,000",0,0,0,0,"110,000","-110,000","-110,000"
708772,博盛國票5C購02,0,"1,000","-1,000",0.0,0.0,0.0,0,0,0,"4,000",0,0,0,"4,000",0,"4,000","3,000"
708773,陽程國票5B購01,0,0,0,0.0,0.0,0.0,0,0,0,"19,000",0,0,0,"23,000","4,000","19,000","19,000"
708774,新鉅科國票5C購01,0,0,0,0.0,0.0,0.0,0,0,0,"15,000",0,0,0,"15,000",0,"15,000","15,000"
708777,精材國票5C購02,0,0,0,0.0,0.0,0.0,0,0,0,"-554,000",0,0,0,"35,000","589,000","-554,000","-554,000"
708778,臺慶科國票5C購02,0,0,0,0.0,0.0,0.0,0,0,0,"18,000",0,0,0,"38,000","20,000","18,000","18,000"
708779,廣閎科國票5C購01,0,0,0,0.0,0.0,0.0,0,0,0,"-20,000",0,0,0,0,"20,000","-20,000","-20,000"
708780,擎亞國票5B購01,0,0,0,0.0,0.0,0.0,0,0,0,"-5,000",0,0,0,"15,000","20,000","-5,000","-5,000"
708781,FH中5G凱基5B購01,0,0,0,0.0,0.0,0.0,0,0,0,"93,000",0,0,0,"93,000",0,"93,000","93,000"
708784,光頡凱基5B購02,0,0,0,0.0,0.0,0.0,0,0,0,"3,000",0,0,0,"3,000",0,"3,000","3,000"
708785,均豪凱基5B購02,0,0,0,0.0,0.0,0.0,0,0,0,"-60,000",0,0,0,0,"60,000","-60,000","-60,000"
708786,沛亨凱基5B購02,0,0,0,0.0,0.0,0.0,0,0,0,"-56,000",0,0,0,"4,000","60,000","-56,000","-56,000"
708789,精材凱基5B購06,0,0,0,0.0,0.0,0.0,0,0,0,"-75,000",0,0,0,"7,000","82,000","-75,000","-75,000"
708791,精材凱基5C購02,0,0,0,0.0,0.0,0.0,0,0,0,"-36,000",0,0,0,"7,000","43,000","-36,000","-36,000"
708792,精材凱基61購04,0,0,0,0.0,0.0,0.0,0,0,0,"11,000",0,0,0,"11,000",0,"11,000","11,000"
708793,德微凱基5B購01,0,0,0,0.0,0.0,0.0,0,0,0,"-4,000",0,0,0,0,"4,000","-4,000","-4,000"
708794,世界中信5B購02,0,0,0,0.0,0.0,0.0,0,0,0,"-936,000",0,0,0,"39,000","975,000","-936,000","-936,000"
708796,茂綸永豐61購01,0,0,0,0.0,0.0,0.0,0,0,0,"-64,000",0,0,0,"10,000","74,000","-64,000","-64,000"
708797,神準永豐5C購01,0,0,0,0.0,0.0,0.0,0,0,0,"-117,000",0,0,0,0,"117,000","-117,000","-117,000"
708798,精材永豐65購01,0,0,0,0.0,0.0,0.0,0,0,0,"-6,000",0,0,0,0,"6,000","-6,000","-6,000"
708799,台半元大5B購01,0,0,0,0.0,0.0,0.0,0,0,0,"-3,000",0,0,0,"24,000","27,000","-3,000","-3,000"
708800,光頡元大5B購01,0,0,0,0.0,0.0,0.0,0,0,0,"3,000",0,0,0,"3,000",0,"3,000","3,000"
708805,精材元大5B購13,0,0,0,0.0,0.0,0.0,0,0,0,"-159,000",0,0,0,"2,000","161,000","-159,000","-159,000"
708806,精材元大5B購14,0,0,0,0.0,0.0,0.0,0,0,0,"-7,000",0,0,0,"9,000","16,000","-7,000","-7,000"
708807,精材元大5B購15,0,0,0,0.0,0.0,0.0,0,0,0,"-12,000",0,0,0,"40,000","52,000","-12,000","-12,000"
708808,精材元大5B購16,0,0,0,0.0,0.0,0.0,0,0,0,"-15,000",0,0,0,0,"15,000","-15,000","-15,000"
708809,精材元大5B購17,0,0,0,0.0,0.0,0.0,0,0,0,"85,000",0,0,0,"85,000",0,"85,000","85,000"
708810,精材元大63購03,0,0,0,0.0,0.0,0.0,0,0,0,"-13,000",0,0,0,"1,000","14,000","-13,000","-13,000"
708812,世界台新5B購04,0,0,0,0.0,0.0,0.0,0,0,0,"10,000",0,0,0,"10,000",0,"10,000","10,000"
708815,欣銓台新5B購04,0,0,0,0.0,0.0,0.0,0,0,0,"33,000",0,0,0,"33,000",0,"33,000","33,000"
708816,倚強台新5B購01,0,0,0,0.0,0.0,0.0,0,0,0,"-6,000",0,0,0,0,"6,000","-6,000","-6,000"
708821,精材台新5C購01,0,0,0,0.0,0.0,0.0,0,0,0,"23,000",0,0,0,"23,000",0,"23,000","23,000"
708823,臺慶科台新5B購04,0,0,0,0.0,0.0,0.0,0,0,0,"13,000",0,0,0,"47,000","34,000","13,000","13,000"
708824,伍豐國票5C購01,0,0,0,0.0,0.0,0.0,0,0,0,"-20,000",0,0,0,0,"20,000","-20,000","-20,000"
708825,光頡國票5B購03,0,0,0,0.0,0.0,0.0,0,0,0,"131,000",0,0,0,"131,000",0,"131,000","131,000"
708826,翔名國票5C購02,0,0,0,0.0,0.0,0.0,0,0,0,"5,000",0,0,0,"5,000",0,"5,000","5,000"
708827,聖暉*兆豐61購01,0,0,0,0.0,0.0,0.0,0,0,0,"-56,000",0,0,0,0,"56,000","-56,000","-56,000"
708828,立敦群益5B購01,0,0,0,0.0,0.0,0.0,0,0,0,"-1,000",0,0,0,0,"1,000","-1,000","-1,000"
708832,翔名群益5B購01,0,0,0,0.0,0.0,0.0,0,0,0,"-57,000",0,0,0,0,"57,000","-57,000","-57,000"
708833,精材群益5B購07,0,0,0,0.0,0.0,0.0,0,0,0,"72,000",0,0,0,"72,000",0,"72,000","72,000"
708834,千如國泰5C購01,0,0,0,0.0,0.0,0.0,0,0,0,"-1,000",0,0,0,0,"1,000","-1,000","-1,000"
708837,精材國泰5C購02,0,0,0,0.0,0.0,0.0,0,0,0,0,0,0,0,"1,000","1,000",0,0
708839,萬泰科富邦63購01,0,0,0,0.0,0.0,0.0,0,0,0,"25,000",0,0,0,"25,000",0,"25,000","25,000"
708843,威剛元大5B購10,0,0,0,0.0,0.0,0.0,0,0,0,"-441,000",0,0,0,"2,000","443,000","-441,000","-441,000"
708844,威剛元大5B購11,0,0,0,0.0,0.0,0.0,0,0,0,"-241,000",0,0,0,"1,000","242,000","-241,000","-241,000"
708847,新盛力元大5B購04,0,0,0,0.0,0.0,0.0,0,0,0,"100,000",0,0,0,"100,000",0,"100,000","100,000"
708853,立碁凱基5C購02,0,0,0,0.0,0.0,0.0,0,0,0,"-29,000",0,0,0,"10,000","39,000","-29,000","-29,000"
708865,新盛力台新5B購02,0,0,0,0.0,0.0,0.0,0,0,0,"-27,000",0,0,0,0,"27,000","-27,000","-27,000"
708866,新盛力台新5B購03,0,0,0,0.0,0.0,0.0,0,0,0,"-49,000",0,0,0,0,"49,000","-49,000","-49,000"
708869,中美晶中信5B購01,0,0,0,0.0,0.0,0.0,0,0,0,"-83,000",0,0,0,"60,000","143,000","-83,000","-83,000"
708870,光頡中信5B購01,0,0,0,0.0,0.0,0.0,0,0,0,"11,000",0,0,0,"110,000","99,000","11,000","11,000"
708871,威剛中信65購01,0,0,0,0.0,0.0,0.0,0,0,0,"-205,000",0,0,0,0,"205,000","-205,000","-205,000"
708872,台半永豐61購01,0,0,0,0.0,0.0,0.0,0,0,0,"-29,000",0,0,0,0,"29,000","-29,000","-29,000"
708873,光頡永豐64購01,0,0,0,0.0,0.0,0.0,0,0,0,"-10,000",0,0,0,0,"10,000","-10,000","-10,000"
708875,千如國票5C購01,0,0,0,0.0,0.0,0.0,0,0,0,"-270,000",0,0,0,"38,000","308,000","-270,000","-270,000"
708877,台星科國票5C購02,0,0,0,0.0,0.0,0.0,0,0,0,"-9,000",0,0,0,0,"9,000","-9,000","-9,000"
708882,能率國票5C購01,0,0,0,0.0,0.0,0.0,0,0,0,"-6,000",0,0,0,0,"6,000","-6,000","-6,000"
708884,智通*國票5B購02,0,0,0,0.0,0.0,0.0,0,0,0,"10,000",0,0,0,"30,000","20,000","10,000","10,000"
708886,雅特力國票5C購01,0,0,0,0.0,0.0,0.0,0,0,0,"125,000",0,0,0,"125,000",0,"125,000","125,000"
708887,萬泰科國票5C購01,0,0,0,0.0,0.0,0.0,0,0,0,"-100,000",0,0,0,0,"100,000","-100,000","-100,000"
708889,德微國票5C購01,0,0,0,0.0,0.0,0.0,0,0,0,0,0,0,0,"10,000","10,000",0,0
708890,擎亞國票5B購02,0,0,0,0.0,0.0,0.0,0,0,0,"-30,000",0,0,0,0,"30,000","-30,000","-30,000"
708892,世界群益62購02,0,0,0,0.0,0.0,0.0,0,0,0,"-1,000",0,0,0,0,"1,000","-1,000","-1,000"
708894,光頡群益5B購02,0,0,0,0.0,0.0,0.0,0,0,0,"-4,000",0,0,0,0,"4,000","-4,000","-4,000"
708896,擎亞群益5C購01,0,0,0,0.0,0.0,0.0,0,0,0,"100,000",0,0,0,"100,000",0,"100,000","100,000"
708897,雷科國泰61購01,0,0,0,0.0,0.0,0.0,0,0,0,"5,000",0,0,0,"5,000",0,"5,000","5,000"
708898,寶雅富邦61購01,0,"1,000","-1,000",0.0,0.0,0.0,0,0,0,"-90,000",0,0,0,"398,000","488,000","-90,000","-91,000"
708900,久元統一65購01,0,0,0,0.0,0.0,0.0,0,0,0,"10,000",0,0,0,"10,000",0,"10,000","10,000"
708902,大中統一63購01,0,0,0,0.0,0.0,0.0,0,0,0,"10,000",0,0,0,"10,000",0,"10,000","10,000"
708903,大中統一65購01,0,0,0,0.0,0.0,0.0,0,0,0,"112,000",0,0,0,"119,000","7,000","112,000","112,000"
708904,世界統一64購02,0,0,0,0.0,0.0,0.0,0,0,0,"91,000",0,0,0,"222,000","131,000","91,000","91,000"
708905,世界統一65購01,0,0,0,0.0,0.0,0.0,0,0,0,"-24,000",0,0,0,0,"24,000","-24,000","-24,000"
708906,世界統一65購02,0,0,0,0.0,0.0,0.0,0,0,0,"205,000",0,0,0,"206,000","1,000","205,000","205,000"
708907,尼克森統一63購01,0,0,0,0.0,0.0,0.0,0,0,0,"-1,000",0,0,0,0,"1,000","-1,000","-1,000"
708909,立敦統一65購01,0,0,0,0.0,0.0,0.0,0,0,0,"-4,000",0,0,0,0,"4,000","-4,000","-4,000"
708911,立敦統一66購01,0,0,0,0.0,0.0,0.0,0,0,0,"-1,000",0,0,0,0,"1,000","-1,000","-1,000"
708913,光頡統一65購01,0,0,0,0.0,0.0,0.0,0,0,0,"7,000",0,0,0,"7,000",0,"7,000","7,000"
708916,艾訊統一65購01,"1,000","250,000","-249,000",0.0,0.0,0.0,0,0,0,"909,000",0,0,0,"2,022,000","1,113,000","909,000","660,000"
708917,邑錡統一65購01,0,0,0,0.0,0.0,0.0,0,0,0,"-225,000",0,0,0,"50,000","275,000","-225,000","-225,000"
708919,欣銓統一63購01,0,0,0,0.0,0.0,0.0,0,0,0,"-1,015,000",0,0,0,"5,000","1,020,000","-1,015,000","-1,015,000"
708920,欣銓統一65購02,0,0,0,0.0,0.0,0.0,0,0,0,"14,000",0,0,0,"36,000","22,000","14,000","14,000"
708921,欣銓統一67購01,0,0,0,0.0,0.0,0.0,0,0,0,"-26,000",0,0,0,"171,000","197,000","-26,000","-26,000"
708925,威剛統一65購02,0,0,0,0.0,0.0,0.0,0,0,0,"-26,000",0,0,0,"26,000","52,000","-26,000","-26,000"
708927,威剛統一69購01,0,0,0,0.0,0.0,0.0,0,0,0,"-420,000",0,0,0,"19,000","439,000","-420,000","-420,000"
708928,茂達統一64購01,0,0,0,0.0,0.0,0.0,0,0,0,"14,000",0,0,0,"31,000","17,000","14,000","14,000"
708929,茂綸統一63購01,0,0,0,0.0,0.0,0.0,0,0,0,"5,000",0,0,0,"5,000",0,"5,000","5,000"
708930,翔名統一63購01,0,0,0,0.0,0.0,0.0,0,0,0,"-24,000",0,0,0,0,"24,000","-24,000","-24,000"
708933,閎康統一65購02,0,0,0,0.0,0.0,0.0,0,0,0,0,0,0,0,"106,000","106,000",0,0
708935,新盛力統一69購01,0,0,0,0.0,0.0,0.0,0,0,0,"127,000",0,0,0,"130,000","3,000","127,000","127,000"
708937,臺慶科統一63購01,0,0,0,0.0,0.0,0.0,0,0,0,"-149,000",0,0,0,0,"149,000","-149,000","-149,000"
708938,臺慶科統一65購01,0,0,0,0.0,0.0,0.0,0,0,0,"-322,000",0,0,0,0,"322,000","-322,000","-322,000"
708939,擎亞統一67購01,0,0,0,0.0,0.0,0.0,0,0,0,"19,000",0,0,0,"19,000",0,"19,000","19,000"
708943,台星科凱基5C購01,0,0,0,0.0,0.0,0.0,0,0,0,"-2,000",0,0,0,0,"2,000","-2,000","-2,000"
708945,威剛凱基5B購08,0,0,0,0.0,0.0,0.0,0,0,0,"-32,000",0,0,0,"34,000","66,000","-32,000","-32,000"
708946,德微凱基5C購01,0,0,0,0.0,0.0,0.0,0,0,0,"2,000",0,0,0,"2,000",0,"2,000","2,000"
708947,擎亞凱基5B購04,0,0,0,0.0,0.0,0.0,0,0,0,"-20,000",0,0,0,0,"20,000","-20,000","-20,000"
708949,鈊象台新5B購04,0,0,0,0.0,0.0,0.0,0,0,0,"-17,000",0,0,0,"10,000","27,000","-17,000","-17,000"
708950,優群台新5B購02,0,0,0,0.0,0.0,0.0,0,0,0,"-10,000",0,0,0,0,"10,000","-10,000","-10,000"
708954,威剛元大5B購12,0,0,0,0.0,0.0,0.0,0,0,0,"-141,000",0,0,0,0,"141,000","-141,000","-141,000"
708956,順達元大5B購06,0,0,0,0.0,0.0,0.0,0,0,0,"38,000",0,0,0,"90,000","52,000","38,000","38,000"
708966,久元群益5B購01,0,0,0,0.0,0.0,0.0,0,0,0,"-148,000",0,0,0,"2,000","150,000","-148,000","-148,000"
708967,均豪群益5B購03,0,0,0,0.0,0.0,0.0,0,0,0,"-130,000",0,0,0,"30,000","160,000","-130,000","-130,000"
708974,雙鴻群益5B購08,0,0,0,0.0,0.0,0.0,0,0,0,"27,000",0,0,0,"37,000","10,000","27,000","27,000"
708977,台半統一63購01,0,0,0,0.0,0.0,0.0,0,0,0,"26,000",0,0,0,"26,000",0,"26,000","26,000"
708978,台半統一65購01,0,0,0,0.0,0.0,0.0,0,0,0,"-5,000",0,0,0,0,"5,000","-5,000","-5,000"
708980,台星科統一65購01,0,0,0,0.0,0.0,0.0,0,0,0,"-106,000",0,0,0,0,"106,000","-106,000","-106,000"
708981,立敦統一65購03,0,0,0,0.0,0.0,0.0,0,0,0,"-34,000",0,0,0,0,"34,000","-34,000","-34,000"
708982,沛亨統一69購01,0,0,0,0.0,0.0,0.0,0,0,0,"-250,000",0,0,0,0,"250,000","-250,000","-250,000"
708984,欣銓統一65購03,0,0,0,0.0,0.0,0.0,0,0,0,"83,000",0,0,0,"83,000",0,"83,000","83,000"
708987,威剛統一65購04,0,0,0,0.0,0.0,0.0,0,0,0,"170,000",0,0,0,"230,000","60,000","170,000","170,000"
708988,茂達統一65購01,0,0,0,0.0,0.0,0.0,0,0,0,"127,000",0,0,0,"204,000","77,000","127,000","127,000"
708989,茂綸統一65購01,0,0,0,0.0,0.0,0.0,0,0,0,"-106,000",0,0,0,0,"106,000","-106,000","-106,000"
708990,閎康統一63購02,0,0,0,0.0,0.0,0.0,0,0,0,"-100,000",0,0,0,0,"100,000","-100,000","-100,000"
708991,聖暉*統一65購02,0,0,0,0.0,0.0,0.0,0,0,0,"14,000",0,0,0,"24,000","10,000","14,000","14,000"
708995,擎亞統一65購01,0,0,0,0.0,0.0,0.0,0,0,0,"10,000",0,0,0,"10,000",0,"10,000","10,000"
708996,擎亞統一66購01,0,0,0,0.0,0.0,0.0,0,0,0,"-1,000",0,0,0,0,"1,000","-1,000","-1,000"
709001,泓格國票5B購01,0,0,0,0.0,0.0,0.0,0,0,0,"17,000",0,0,0,"158,000","141,000","17,000","17,000"
709002,泓格國票5C購01,0,0,0,0.0,0.0,0.0,0,0,0,"-7,000",0,0,0,"721,000","728,000","-7,000","-7,000"
709003,雷科國票5B購04,0,0,0,0.0,0.0,0.0,0,0,0,"-8,000",0,0,0,0,"8,000","-8,000","-8,000"
709004,漢達國票5C購01,0,0,0,0.0,0.0,0.0,0,0,0,"-838,000",0,0,0,0,"838,000","-838,000","-838,000"
709006,大中台新5B購01,0,0,0,0.0,0.0,0.0,0,0,0,"7,000",0,0,0,"92,000","85,000","7,000","7,000"
709009,佳邦台新5B購01,0,0,0,0.0,0.0,0.0,0,0,0,"-10,000",0,0,0,0,"10,000","-10,000","-10,000"
709011,立敦凱基5B購01,0,0,0,0.0,0.0,0.0,0,0,0,"-20,000",0,0,0,0,"20,000","-20,000","-20,000"
709012,安葆凱基5C購02,0,0,0,0.0,0.0,0.0,0,0,0,"-5,000",0,0,0,"215,000","220,000","-5,000","-5,000"
709015,威剛凱基5C購02,0,0,0,0.0,0.0,0.0,0,0,0,"-20,000",0,0,0,0,"20,000","-20,000","-20,000"
709019,臺慶科凱基63購01,0,0,0,0.0,0.0,0.0,0,0,0,"-7,000",0,0,0,0,"7,000","-7,000","-7,000"
709022,雙鴻凱基61購03,0,0,0,0.0,0.0,0.0,0,0,0,"-65,000",0,0,0,0,"65,000","-65,000","-65,000"
709024,世界群益61購01,0,0,0,0.0,0.0,0.0,0,0,0,"110,000",0,0,0,"150,000","40,000","110,000","110,000"
709026,台半群益5B購03,0,0,0,0.0,0.0,0.0,0,0,0,"-390,000",0,0,0,0,"390,000","-390,000","-390,000"
709028,威剛群益5B購03,0,0,0,0.0,0.0,0.0,0,0,0,"-8,000",0,0,0,"20,000","28,000","-8,000","-8,000"
709030,智通*群益5B購01,0,0,0,0.0,0.0,0.0,0,0,0,"15,000",0,0,0,"15,000",0,"15,000","15,000"
709032,新盛力群益61購01,0,0,0,0.0,0.0,0.0,0,0,0,"-897,000",0,0,0,0,"897,000","-897,000","-897,000"
709033,擎亞群益65購01,0,0,0,0.0,0.0,0.0,0,0,0,"10,000",0,0,0,"10,000",0,"10,000","10,000"
709034,台半元大5B購04,0,0,0,0.0,0.0,0.0,0,0,0,"-119,000",0,0,0,"27,000","146,000","-119,000","-119,000"
709036,金益鼎元大5B購01,0,0,0,0.0,0.0,0.0,0,0,0,"-88,000",0,0,0,"30,000","118,000","-88,000","-88,000"
709037,威剛元大5B購14,0,0,0,0.0,0.0,0.0,0,0,0,"-203,000",0,0,0,"7,000","210,000","-203,000","-203,000"
709038,原相元大5B購02,0,0,0,0.0,0.0,0.0,0,0,0,"-50,000",0,0,0,0,"50,000","-50,000","-50,000"
709039,順達元大5B購07,0,0,0,0.0,0.0,0.0,0,0,0,"-3,000",0,0,0,"20,000","23,000","-3,000","-3,000"
709043,寶雅元大5B購01,0,0,0,0.0,0.0,0.0,0,0,0,"-27,000",0,0,0,"3,000","30,000","-27,000","-27,000"
709044,威剛國泰5C購01,0,0,0,0.0,0.0,0.0,0,0,0,"-41,000",0,0,0,"5,000","46,000","-41,000","-41,000"
709045,威剛國泰5C購02,0,0,0,0.0,0.0,0.0,0,0,0,"-1,121,000",0,0,0,0,"1,121,000","-1,121,000","-1,121,000"
709046,威剛國泰5C購03,0,0,0,0.0,0.0,0.0,0,0,0,"-33,000",0,0,0,0,"33,000","-33,000","-33,000"
709047,擎亞國泰62購01,0,0,0,0.0,0.0,0.0,0,0,0,"20,000",0,0,0,"20,000",0,"20,000","20,000"
709049,台半富邦62購02,0,0,0,0.0,0.0,0.0,0,0,0,"26,000",0,0,0,"26,000",0,"26,000","26,000"
709059,欣銓統一5B購01,0,0,0,0.0,0.0,0.0,0,0,0,"-22,000",0,0,0,"16,000","38,000","-22,000","-22,000"
709061,茂達統一65購02,0,0,0,0.0,0.0,0.0,0,0,0,"205,000",0,0,0,"205,000",0,"205,000","205,000"
709062,凌陽創統一63購01,0,0,0,0.0,0.0,0.0,0,0,0,"-55,000",0,0,0,0,"55,000","-55,000","-55,000"
709066,德微統一65購01,"2,000",0,"2,000",0.0,0.0,0.0,0,0,0,0,0,0,0,0,0,0,"2,000"
709068,擎亞統一63購02,0,0,0,0.0,0.0,0.0,0,0,0,"-1,000",0,0,0,0,"1,000","-1,000","-1,000"
709070,鑫科統一64購01,0,0,0,0.0,0.0,0.0,0,0,0,"30,000",0,0,0,"30,000",0,"30,000","30,000"
709071,立敦永豐61購01,0,0,0,0.0,0.0,0.0,0,0,0,"1,000",0,0,0,"1,000",0,"1,000","1,000"
709072,佳邦永豐63購01,0,0,0,0.0,0.0,0.0,0,0,0,0,0,0,0,"1,000","1,000",0,0
709073,威剛永豐5B購02,0,0,0,0.0,0.0,0.0,0,0,0,"-170,000",0,0,0,0,"170,000","-170,000","-170,000"
709074,威剛永豐61購02,0,0,0,0.0,0.0,0.0,0,0,0,"-87,000",0,0,0,0,"87,000","-87,000","-87,000"
709075,原相永豐5C購01,0,0,0,0.0,0.0,0.0,0,0,0,"-88,000",0,0,0,"10,000","98,000","-88,000","-88,000"
709080,佳邦國票5C購02,0,0,0,0.0,0.0,0.0,0,0,0,"-1,000",0,0,0,0,"1,000","-1,000","-1,000"
709081,茂達國票5C購01,0,0,0,0.0,0.0,0.0,0,0,0,"-136,000",0,0,0,"34,000","170,000","-136,000","-136,000"
709083,晶宏國票5C購02,0,0,0,0.0,0.0,0.0,0,0,0,"-1,000",0,0,0,0,"1,000","-1,000","-1,000"
709085,雷科國票5B購05,0,0,0,0.0,0.0,0.0,0,0,0,"1,000",0,0,0,"1,000",0,"1,000","1,000"
709086,德微國票5C購03,0,0,0,0.0,0.0,0.0,0,0,0,"7,000",0,0,0,"41,000","34,000","7,000","7,000"
709089,世紀*元大5B購01,0,0,0,0.0,0.0,0.0,0,0,0,"-10,000",0,0,0,0,"10,000","-10,000","-10,000"
709090,台特化元大5B購02,0,0,0,0.0,0.0,0.0,0,0,0,"127,000",0,0,0,"127,000",0,"127,000","127,000"
709091,博智元大5B購02,0,0,0,0.0,0.0,0.0,0,0,0,"-252,000",0,0,0,"498,000","750,000","-252,000","-252,000"
709093,鈊象元大5B購02,0,0,0,0.0,0.0,0.0,0,0,0,"-121,000",0,0,0,"15,000","136,000","-121,000","-121,000"
709094,群聯元大5B購15,0,0,0,0.0,0.0,0.0,0,0,0,"-105,000",0,0,0,"23,000","128,000","-105,000","-105,000"
709095,群聯元大5B購16,0,0,0,0.0,0.0,0.0,0,0,0,"-167,000",0,0,0,0,"167,000","-167,000","-167,000"
709097,雙鴻元大5B購03,0,0,0,0.0,0.0,0.0,0,0,0,"63,000",0,0,0,"163,000","100,000","63,000","63,000"
709098,尼克森國票5B購02,0,0,0,0.0,0.0,0.0,0,0,0,"5,000",0,0,0,"8,000","3,000","5,000","5,000"
709101,華容國票5C購02,0,0,0,0.0,0.0,0.0,0,0,0,"72,000",0,0,0,"72,000",0,"72,000","72,000"
709102,群聯國票61購03,0,0,0,0.0,0.0,0.0,0,0,0,"9,000",0,0,0,"11,000","2,000","9,000","9,000"
709103,雷科國票5C購01,0,0,0,0.0,0.0,0.0,0,0,0,"-85,000",0,0,0,"80,000","165,000","-85,000","-85,000"
709104,臺慶科國票5C購03,0,0,0,0.0,0.0,0.0,0,0,0,"52,000",0,0,0,"52,000",0,"52,000","52,000"
709105,廣穎國票5C購02,0,0,0,0.0,0.0,0.0,0,0,0,"-8,000",0,0,0,0,"8,000","-8,000","-8,000"
709107,擎亞國票5C購01,0,0,0,0.0,0.0,0.0,0,0,0,"-50,000",0,0,0,0,"50,000","-50,000","-50,000"
709109,中美晶凱基63購01,0,0,0,0.0,0.0,0.0,0,0,0,"-10,000",0,0,0,0,"10,000","-10,000","-10,000"
709111,凌陽創凱基5B購01,0,0,0,0.0,0.0,0.0,0,0,0,"-10,000",0,0,0,0,"10,000","-10,000","-10,000"
709112,博智凱基5B購01,0,0,0,0.0,0.0,0.0,0,0,0,"-200,000",0,0,0,0,"200,000","-200,000","-200,000"
709115,群聯凱基5B購05,0,0,0,0.0,0.0,0.0,0,0,0,"-9,000",0,0,0,"1,000","10,000","-9,000","-9,000"
709117,群聯凱基5B購07,0,0,0,0.0,0.0,0.0,0,0,0,"-170,000",0,0,0,0,"170,000","-170,000","-170,000"
709119,中光電台新5B購01,0,0,0,0.0,0.0,0.0,0,0,0,0,0,0,0,"10,000","10,000",0,0
709122,博盛台新5B購01,0,0,0,0.0,0.0,0.0,0,0,0,"3,000",0,0,0,"3,000",0,"3,000","3,000"
709126,順達台新5B購04,0,0,0,0.0,0.0,0.0,0,0,0,"-2,000",0,0,0,0,"2,000","-2,000","-2,000"
709127,群聯台新5B購09,0,0,0,0.0,0.0,0.0,0,0,0,"34,000",0,0,0,"68,000","34,000","34,000","34,000"
709128,群聯台新5B購10,0,0,0,0.0,0.0,0.0,0,0,0,"-50,000",0,0,0,0,"50,000","-50,000","-50,000"
709130,雷科台新5B購01,0,0,0,0.0,0.0,0.0,0,0,0,"-27,000",0,0,0,0,"27,000","-27,000","-27,000"
709131,雷科台新5B購02,0,0,0,0.0,0.0,0.0,0,0,0,"-62,000",0,0,0,"34,000","96,000","-62,000","-62,000"
709132,廣穎台新5B購01,0,0,0,0.0,0.0,0.0,0,0,0,"4,000",0,0,0,"4,000",0,"4,000","4,000"
709133,聯合台新5B購01,0,0,0,0.0,0.0,0.0,0,0,0,"-10,000",0,0,0,0,"10,000","-10,000","-10,000"
709134,鑫科台新5B購01,0,0,0,0.0,0.0,0.0,0,0,0,"-3,000",0,0,0,0,"3,000","-3,000","-3,000"
709136,博智富邦61購02,0,0,0,0.0,0.0,0.0,0,0,0,"-30,000",0,0,0,"5,000","35,000","-30,000","-30,000"
709137,群聯富邦61購03,0,0,0,0.0,0.0,0.0,0,0,0,"-20,000",0,0,0,0,"20,000","-20,000","-20,000"
709138,群聯富邦61購04,0,0,0,0.0,0.0,0.0,0,0,0,"-10,000",0,0,0,"150,000","160,000","-10,000","-10,000"
709139,安勤永豐5C購01,0,0,0,0.0,0.0,0.0,0,0,0,"-507,000",0,0,0,"169,000","676,000","-507,000","-507,000"
709145,群聯永豐65購04,0,0,0,0.0,0.0,0.0,0,0,0,"60,000",0,0,0,"60,000",0,"60,000","60,000"
709146,漢科永豐5C購01,0,0,0,0.0,0.0,0.0,0,0,0,"19,000",0,0,0,"19,000",0,"19,000","19,000"
709147,中美晶統一66購01,0,0,0,0.0,0.0,0.0,0,0,0,"-192,000",0,0,0,"389,000","581,000","-192,000","-192,000"
709151,沛亨統一65購02,0,0,0,0.0,0.0,0.0,0,0,0,"190,000",0,0,0,"200,000","10,000","190,000","190,000"
709152,佳邦統一63購01,0,0,0,0.0,0.0,0.0,0,0,0,"-21,000",0,0,0,0,"21,000","-21,000","-21,000"
709153,佳邦統一65購01,0,0,0,0.0,0.0,0.0,0,0,0,"40,000",0,0,0,"50,000","10,000","40,000","40,000"
709154,朋程統一65購01,0,0,0,0.0,0.0,0.0,0,0,0,"-86,000",0,0,0,0,"86,000","-86,000","-86,000"
709156,茂達統一65購03,0,0,0,0.0,0.0,0.0,0,0,0,"-24,000",0,0,0,0,"24,000","-24,000","-24,000"
709157,茂達統一69購01,0,0,0,0.0,0.0,0.0,0,0,0,"-38,000",0,0,0,0,"38,000","-38,000","-38,000"
709158,茂綸統一65購02,0,0,0,0.0,0.0,0.0,0,0,0,"125,000",0,0,0,"146,000","21,000","125,000","125,000"
709159,茂綸統一65購03,0,0,0,0.0,0.0,0.0,0,0,0,"122,000",0,0,0,"122,000",0,"122,000","122,000"
709160,神準統一66購01,0,0,0,0.0,0.0,0.0,0,0,0,"-28,000",0,0,0,"2,000","30,000","-28,000","-28,000"
709164,萬泰科統一75購01,0,0,0,0.0,0.0,0.0,0,0,0,"-10,000",0,0,0,0,"10,000","-10,000","-10,000"
709166,群聯統一63購01,0,0,0,0.0,0.0,0.0,0,0,0,"-360,000",0,0,0,0,"360,000","-360,000","-360,000"
709167,群聯統一63購02,0,0,0,0.0,0.0,0.0,0,0,0,"-110,000",0,0,0,0,"110,000","-110,000","-110,000"
709168,群聯統一65購01,0,0,0,0.0,0.0,0.0,0,0,0,"-21,000",0,0,0,0,"21,000","-21,000","-21,000"
709170,群聯統一69購01,0,0,0,0.0,0.0,0.0,0,0,0,"47,000",0,0,0,"47,000",0,"47,000","47,000"
709171,群聯統一69購02,0,0,0,0.0,0.0,0.0,0,0,0,"-100,000",0,0,0,0,"100,000","-100,000","-100,000"
709173,群聯統一75購01,0,0,0,0.0,0.0,0.0,0,0,0,"-453,000",0,0,0,"41,000","494,000","-453,000","-453,000"
709174,聖暉*統一65購03,0,0,0,0.0,0.0,0.0,0,0,0,"-38,000",0,0,0,"20,000","58,000","-38,000","-38,000"
709178,臺慶科統一69購01,0,0,0,0.0,0.0,0.0,0,0,0,"-54,000",0,0,0,0,"54,000","-54,000","-54,000"
709179,廣穎統一65購01,0,0,0,0.0,0.0,0.0,0,0,0,"74,000",0,0,0,"74,000",0,"74,000","74,000"
709180,廣穎統一69購01,0,0,0,0.0,0.0,0.0,0,0,0,"-6,000",0,0,0,"5,000","11,000","-6,000","-6,000"
709188,博智群益5B購02,0,0,0,0.0,0.0,0.0,0,0,0,"-40,000",0,0,0,0,"40,000","-40,000","-40,000"
709192,群聯群益5B購07,0,0,0,0.0,0.0,0.0,0,0,0,"-253,000",0,0,0,"15,000","268,000","-253,000","-253,000"
709196,寶雅群益5B購01,0,0,0,0.0,0.0,0.0,0,0,0,"22,000",0,0,0,"30,000","8,000","22,000","22,000"
709197,鑫科群益5B購02,0,0,0,0.0,0.0,0.0,0,0,0,"-20,000",0,0,0,0,"20,000","-20,000","-20,000"
709204,順達永豐67購01,0,0,0,0.0,0.0,0.0,0,0,0,"97,000",0,0,0,"100,000","3,000","97,000","97,000"
709205,鈊象永豐63購01,0,0,0,0.0,0.0,0.0,0,0,0,"20,000",0,0,0,"20,000",0,"20,000","20,000"
709206,新盛力永豐5C購02,0,0,0,0.0,0.0,0.0,0,0,0,"-85,000",0,0,0,"67,000","152,000","-85,000","-85,000"
709208,沛亨凱基5B購03,0,0,0,0.0,0.0,0.0,0,0,0,"980,000",0,0,0,"1,080,000","100,000","980,000","980,000"
709209,佳邦凱基5B購01,0,0,0,0.0,0.0,0.0,0,0,0,"-35,000",0,0,0,0,"35,000","-35,000","-35,000"
709217,臺慶科凱基5B購03,0,0,0,0.0,0.0,0.0,0,0,0,"-2,000",0,0,0,0,"2,000","-2,000","-2,000"
709225,佳邦台新5B購03,0,0,0,0.0,0.0,0.0,0,0,0,"-125,000",0,0,0,0,"125,000","-125,000","-125,000"
709226,順達台新5B購05,0,0,0,0.0,0.0,0.0,0,0,0,"-10,000",0,0,0,0,"10,000","-10,000","-10,000"
709228,勤凱台新5B購03,0,0,0,0.0,0.0,0.0,0,0,0,"10,000",0,0,0,"10,000",0,"10,000","10,000"
709231,雙鴻台新5B購01,0,0,0,0.0,0.0,0.0,0,0,0,"29,000",0,0,0,"29,000",0,"29,000","29,000"
709232,雙鴻台新5B購02,0,0,0,0.0,0.0,0.0,0,0,0,"3,000",0,0,0,"10,000","7,000","3,000","3,000"
709237,順達國泰5C購01,0,0,0,0.0,0.0,0.0,0,0,0,"-2,000",0,0,0,0,"2,000","-2,000","-2,000"
709238,群聯國泰5C購01,0,0,0,0.0,0.0,0.0,0,0,0,"-27,000",0,0,0,0,"27,000","-27,000","-27,000"
709240,威剛富邦5B購02,0,0,0,0.0,0.0,0.0,0,0,0,"-6,000",0,0,0,0,"6,000","-6,000","-6,000"
709242,群聯富邦62購06,0,0,0,0.0,0.0,0.0,0,0,0,"-6,000",0,0,0,"146,000","152,000","-6,000","-6,000"
709245,威剛元大5B購15,0,0,0,0.0,0.0,0.0,0,0,0,"-259,000",0,0,0,"2,000","261,000","-259,000","-259,000"
709246,原相元大5B購03,0,0,0,0.0,0.0,0.0,0,0,0,"-156,000",0,0,0,"2,000","158,000","-156,000","-156,000"
709248,富喬元大5B購03,0,0,0,0.0,0.0,0.0,0,0,0,"11,000",0,0,0,"11,000",0,"11,000","11,000"
709249,富喬元大5B購04,0,0,0,0.0,0.0,0.0,0,0,0,"101,000",0,0,0,"101,000",0,"101,000","101,000"
709254,群聯元大5B購17,0,0,0,0.0,0.0,0.0,0,0,0,"-18,000",0,0,0,"23,000","41,000","-18,000","-18,000"
709260,富喬群益5B購02,0,0,0,0.0,0.0,0.0,0,0,0,"-90,000",0,0,0,"30,000","120,000","-90,000","-90,000"
709262,新盛力群益63購01,0,0,0,0.0,0.0,0.0,0,0,0,"-89,000",0,0,0,"47,000","136,000","-89,000","-89,000"
709264,群聯群益5B購08,0,0,0,0.0,0.0,0.0,0,0,0,"-79,000",0,0,0,"213,000","292,000","-79,000","-79,000"
709266,雙鴻群益5B購09,0,0,0,0.0,0.0,0.0,0,0,0,"-10,000",0,0,0,"5,000","15,000","-10,000","-10,000"
709267,方土昶永豐5C購01,0,0,0,0.0,0.0,0.0,0,0,0,"-38,000",0,0,0,"32,000","70,000","-38,000","-38,000"
709268,茂達永豐63購01,0,0,0,0.0,0.0,0.0,0,0,0,"-205,000",0,0,0,"5,000","210,000","-205,000","-205,000"
709270,優群永豐5C購01,0,0,0,0.0,0.0,0.0,0,0,0,"-45,000",0,0,0,0,"45,000","-45,000","-45,000"
709271,中美晶凱基5B購05,0,0,0,0.0,0.0,0.0,0,0,0,"36,000",0,0,0,"36,000",0,"36,000","36,000"
709273,立碁凱基5B購02,0,0,0,0.0,0.0,0.0,0,0,0,"10,000",0,0,0,"10,000",0,"10,000","10,000"
709275,沛亨凱基5C購01,0,0,0,0.0,0.0,0.0,0,0,0,"-95,000",0,0,0,0,"95,000","-95,000","-95,000"
709280,精材凱基5B購09,0,0,0,0.0,0.0,0.0,0,0,0,"4,000",0,0,0,"5,000","1,000","4,000","4,000"
709283,立碁台新5B購02,0,0,0,0.0,0.0,0.0,0,0,0,"-35,000",0,0,0,"6,000","41,000","-35,000","-35,000"
709284,艾訊台新5B購03,0,0,0,0.0,0.0,0.0,0,0,0,"-154,000",0,0,0,"471,000","625,000","-154,000","-154,000"
709285,艾訊台新5B購04,0,0,0,0.0,0.0,0.0,0,0,0,"8,000",0,0,0,"41,000","33,000","8,000","8,000"
709287,南俊台新5B購01,0,0,0,0.0,0.0,0.0,0,0,0,"-509,000",0,0,0,0,"509,000","-509,000","-509,000"
709289,順達台新5B購06,0,0,0,0.0,0.0,0.0,0,0,0,"-20,000",0,0,0,0,"20,000","-20,000","-20,000"
709291,臺慶科台新5B購06,0,0,0,0.0,0.0,0.0,0,0,0,"-45,000",0,0,0,"44,000","89,000","-45,000","-45,000"
709292,臺慶科台新5B購07,0,0,0,0.0,0.0,0.0,0,0,0,"-80,000",0,0,0,"27,000","107,000","-80,000","-80,000"
709293,群聯兆豐65購03,0,0,0,0.0,0.0,0.0,0,0,0,"-3,000",0,0,0,0,"3,000","-3,000","-3,000"
709296,世界元大5B購04,0,0,0,0.0,0.0,0.0,0,0,0,"-134,000",0,0,0,"24,000","158,000","-134,000","-134,000"
709300,群聯元大61購07,0,0,0,0.0,0.0,0.0,0,0,0,"1,847,000",0,0,0,"2,346,000","499,000","1,847,000","1,847,000"
709301,聖暉*元大5B購05,0,0,0,0.0,0.0,0.0,0,0,0,"30,000",0,0,0,"30,000",0,"30,000","30,000"
709307,中美晶群益5B購06,0,0,0,0.0,0.0,0.0,0,0,0,"89,000",0,0,0,"89,000",0,"89,000","89,000"
709309,南俊群益5B購01,0,0,0,0.0,0.0,0.0,0,0,0,"-15,000",0,0,0,"45,000","60,000","-15,000","-15,000"
709310,茂達群益5B購02,0,0,0,0.0,0.0,0.0,0,0,0,"-193,000",0,0,0,0,"193,000","-193,000","-193,000"
709311,富喬群益5B購03,0,0,0,0.0,0.0,0.0,0,0,0,"-10,000",0,0,0,0,"10,000","-10,000","-10,000"
709312,群聯群益5B購09,0,0,0,0.0,0.0,0.0,0,0,0,"-445,000",0,0,0,"162,000","607,000","-445,000","-445,000"
709313,精材群益5B購09,0,0,0,0.0,0.0,0.0,0,0,0,"842,000",0,0,0,"867,000","25,000","842,000","842,000"
709320,群聯永豐65購05,0,0,0,0.0,0.0,0.0,0,0,0,"-52,000",0,0,0,"98,000","150,000","-52,000","-52,000"
709326,朋程元大5B購01,0,0,0,0.0,0.0,0.0,0,0,0,"29,000",0,0,0,"29,000",0,"29,000","29,000"
709329,群聯元大61購08,0,0,0,0.0,0.0,0.0,0,0,0,"-10,000",0,0,0,0,"10,000","-10,000","-10,000"
709332,順達富邦61購01,0,0,0,0.0,0.0,0.0,0,0,0,"161,000",0,0,0,"162,000","1,000","161,000","161,000"
709333,大中群益5B購01,0,0,0,0.0,0.0,0.0,0,0,0,"10,000",0,0,0,"10,000",0,"10,000","10,000"
709334,大中群益5B購02,0,0,0,0.0,0.0,0.0,0,0,0,"7,000",0,0,0,"7,000",0,"7,000","7,000"
709336,宏捷科群益5B購02,0,0,0,0.0,0.0,0.0,0,0,0,"-16,000",0,0,0,0,"16,000","-16,000","-16,000"
709337,良維群益5B購04,0,0,0,0.0,0.0,0.0,0,0,0,"-20,000",0,0,0,0,"20,000","-20,000","-20,000"
709341,長科*群益5B購01,0,0,0,0.0,0.0,0.0,0,0,0,"25,000",0,0,0,"25,000",0,"25,000","25,000"
709342,順達群益5B購04,0,0,0,0.0,0.0,0.0,0,0,0,"-15,000",0,0,0,0,"15,000","-15,000","-15,000"
709344,漢科群益5B購01,0,0,0,0.0,0.0,0.0,0,0,0,"90,000",0,0,0,"96,000","6,000","90,000","90,000"
709345,精材群益5B購10,0,0,0,0.0,0.0,0.0,0,0,0,"-250,000",0,0,0,0,"250,000","-250,000","-250,000"
709346,台半凱基5B購03,0,0,0,0.0,0.0,0.0,0,0,0,"20,000",0,0,0,"20,000",0,"20,000","20,000"
709349,順達凱基5B購04,0,0,0,0.0,0.0,0.0,0,0,0,"-273,000",0,0,0,"54,000","327,000","-273,000","-273,000"
709351,聖暉*凱基5B購05,0,0,0,0.0,0.0,0.0,0,0,0,"187,000",0,0,0,"187,000",0,"187,000","187,000"
709354,台半台新5B購04,0,0,0,0.0,0.0,0.0,0,0,0,0,0,0,0,"18,000","18,000",0,0
709355,台半台新5B購05,0,0,0,0.0,0.0,0.0,0,0,0,"-51,000",0,0,0,0,"51,000","-51,000","-51,000"
709364,宏捷科凱基5B購02,0,0,0,0.0,0.0,0.0,0,0,0,"-49,000",0,0,0,"1,000","50,000","-49,000","-49,000"
709366,富喬凱基62購01,0,0,0,0.0,0.0,0.0,0,0,0,"-100,000",0,0,0,0,"100,000","-100,000","-100,000"
709367,萊德光凱基5B購01,0,0,0,0.0,0.0,0.0,0,0,0,"-23,000",0,0,0,0,"23,000","-23,000","-23,000"
709368,萊德光凱基5B購02,0,0,0,0.0,0.0,0.0,0,0,0,"-392,000",0,0,0,"153,000","545,000","-392,000","-392,000"
709375,雙鴻凱基5B購03,0,0,0,0.0,0.0,0.0,0,0,0,"-20,000",0,0,0,0,"20,000","-20,000","-20,000"
709382,廣穎台新5B購02,0,0,0,0.0,0.0,0.0,0,0,0,"3,000",0,0,0,"3,000",0,"3,000","3,000"
709388,順達元大62購01,0,0,0,0.0,0.0,0.0,0,0,0,"1,028,000",0,0,0,"1,028,000",0,"1,028,000","1,028,000"
709389,群聯元大5B購19,0,0,0,0.0,0.0,0.0,0,0,0,"1,294,000",0,0,0,"1,323,000","29,000","1,294,000","1,294,000"
709390,群聯元大63購04,0,0,0,0.0,0.0,0.0,0,0,0,"38,000",0,0,0,"648,000","610,000","38,000","38,000"
709392,佳邦富邦5B購01,0,0,0,0.0,0.0,0.0,0,0,0,"-25,000",0,0,0,0,"25,000","-25,000","-25,000"
709393,精材富邦5B購03,0,0,0,0.0,0.0,0.0,0,0,0,"-5,000",0,0,0,0,"5,000","-5,000","-5,000"
709395,聖暉*群益5B購03,0,0,0,0.0,0.0,0.0,0,0,0,"-10,000",0,0,0,0,"10,000","-10,000","-10,000"
709396,優群群益62購01,0,0,0,0.0,0.0,0.0,0,0,0,"-30,000",0,0,0,0,"30,000","-30,000","-30,000"
709398,威聯通國泰5C購01,0,0,0,0.0,0.0,0.0,0,0,0,"499,000",0,0,0,"499,000",0,"499,000","499,000"
709399,勤凱國泰5C購02,0,0,0,0.0,0.0,0.0,0,0,0,"-70,000",0,0,0,0,"70,000","-70,000","-70,000"
709400,台半永豐63購02,0,0,0,0.0,0.0,0.0,0,0,0,"-5,000",0,0,0,0,"5,000","-5,000","-5,000"
709403,萊德光永豐5C購01,0,0,0,0.0,0.0,0.0,0,0,0,"-100,000",0,0,0,0,"100,000","-100,000","-100,000"
709408,中美晶元大5C購03,0,0,0,0.0,0.0,0.0,0,0,0,"322,000",0,0,0,"613,000","291,000","322,000","322,000"
709409,世界元大5C購02,0,0,0,0.0,0.0,0.0,0,0,0,"1,000",0,0,0,"1,000",0,"1,000","1,000"
709410,台半元大5C購02,0,0,0,0.0,0.0,0.0,0,0,0,"-1,000",0,0,0,0,"1,000","-1,000","-1,000"
709411,良維元大5C購02,0,0,0,0.0,0.0,0.0,0,0,0,"2,000",0,0,0,"2,000",0,"2,000","2,000"
709416,群聯元大5C購03,0,0,0,0.0,0.0,0.0,0,0,0,"-34,000",0,0,0,"127,000","161,000","-34,000","-34,000"
709418,中美晶永豐64購01,0,0,0,0.0,0.0,0.0,0,0,0,"-152,000",0,0,0,"5,000","157,000","-152,000","-152,000"
709419,長科*永豐61購02,0,0,0,0.0,0.0,0.0,0,0,0,"-80,000",0,0,0,0,"80,000","-80,000","-80,000"
709422,臺慶科永豐66購01,0,0,0,0.0,0.0,0.0,0,0,0,"-80,000",0,0,0,0,"80,000","-80,000","-80,000"
709423,廣穎永豐61購02,0,0,0,0.0,0.0,0.0,0,0,0,"-88,000",0,0,0,"5,000","93,000","-88,000","-88,000"
709429,威剛凱基64購01,0,0,0,0.0,0.0,0.0,0,0,0,"-5,000",0,0,0,0,"5,000","-5,000","-5,000"
709434,群聯凱基66購01,0,0,0,0.0,0.0,0.0,0,0,0,"200,000",0,0,0,"200,000",0,"200,000","200,000"
709436,巨漢台新5C購01,0,0,0,0.0,0.0,0.0,0,0,0,"-64,000",0,0,0,"6,000","70,000","-64,000","-64,000"
709437,巨漢台新5C購02,0,0,0,0.0,0.0,0.0,0,0,0,"-3,000",0,0,0,0,"3,000","-3,000","-3,000"
709442,鑫聯台新5C購01,0,0,0,0.0,0.0,0.0,0,0,0,"2,000",0,0,0,"2,000",0,"2,000","2,000"
709443,台半群益5C購01,0,0,0,0.0,0.0,0.0,0,0,0,"276,000",0,0,0,"276,000",0,"276,000","276,000"
709445,立敦群益5C購01,0,0,0,0.0,0.0,0.0,0,0,0,"-75,000",0,0,0,"65,000","140,000","-75,000","-75,000"
709446,勤凱群益5C購01,0,0,0,0.0,0.0,0.0,0,0,0,"415,000",0,0,0,"415,000",0,"415,000","415,000"
709448,雙鴻群益5C購01,0,0,0,0.0,0.0,0.0,0,0,0,"-79,000",0,0,0,"62,000","141,000","-79,000","-79,000"
709450,雙鴻國泰61購02,0,0,0,0.0,0.0,0.0,0,0,0,"-38,000",0,0,0,"152,000","190,000","-38,000","-38,000"
709452,台半富邦64購01,0,0,0,0.0,0.0,0.0,0,0,0,"-829,000",0,0,0,"153,000","982,000","-829,000","-829,000"
709453,台半富邦66購01,0,0,0,0.0,0.0,0.0,0,0,0,"-490,000",0,0,0,"116,000","606,000","-490,000","-490,000"
709454,宏捷科富邦66購01,0,0,0,0.0,0.0,0.0,0,0,0,"113,000",0,0,0,"113,000",0,"113,000","113,000"
709455,宏捷科富邦66購02,0,0,0,0.0,0.0,0.0,0,0,0,"-418,000",0,0,0,"717,000","1,135,000","-418,000","-418,000"
709456,長科*富邦63購01,0,0,0,0.0,0.0,0.0,0,0,0,"-34,000",0,0,0,"1,000","35,000","-34,000","-34,000"
709457,威剛富邦62購01,0,0,0,0.0,0.0,0.0,0,0,0,"-41,000",0,0,0,0,"41,000","-41,000","-41,000"
709459,智通*富邦64購01,0,0,0,0.0,0.0,0.0,0,0,0,"-47,000",0,0,0,0,"47,000","-47,000","-47,000"
709460,智通*富邦66購01,0,0,0,0.0,0.0,0.0,0,0,0,"-71,000",0,0,0,"180,000","251,000","-71,000","-71,000"
709461,閎康富邦66購01,0,0,0,0.0,0.0,0.0,0,0,0,"-10,000",0,0,0,0,"10,000","-10,000","-10,000"
709462,鈊象富邦66購01,0,0,0,0.0,0.0,0.0,0,0,0,"12,000",0,0,0,"12,000",0,"12,000","12,000"
709463,群聯富邦64購01,0,0,0,0.0,0.0,0.0,0,0,0,"-8,000",0,0,0,"150,000","158,000","-8,000","-8,000"
709464,雙鴻富邦64購01,0,0,0,0.0,0.0,0.0,0,0,0,"28,000",0,0,0,"29,000","1,000","28,000","28,000"
709466,台半國票61購03,0,0,0,0.0,0.0,0.0,0,0,0,"-213,000",0,0,0,0,"213,000","-213,000","-213,000"
709468,佳邦國票61購02,0,0,0,0.0,0.0,0.0,0,0,0,"-25,000",0,0,0,0,"25,000","-25,000","-25,000"
709469,萊德光國票61購01,0,0,0,0.0,0.0,0.0,0,0,0,"-300,000",0,0,0,0,"300,000","-300,000","-300,000"
709471,中美晶群益62購02,0,0,0,0.0,0.0,0.0,0,0,0,"367,000",0,0,0,"367,000",0,"367,000","367,000"
709473,威剛群益62購01,0,0,0,0.0,0.0,0.0,0,0,0,"60,000",0,0,0,"60,000",0,"60,000","60,000"
709474,茂綸群益62購01,0,0,0,0.0,0.0,0.0,0,0,0,"32,000",0,0,0,"32,000",0,"32,000","32,000"
709475,振曜群益5C購01,0,0,0,0.0,0.0,0.0,0,0,0,"-9,000",0,0,0,0,"9,000","-9,000","-9,000"
709477,群聯群益5C購02,0,0,0,0.0,0.0,0.0,0,0,0,"-300,000",0,0,0,0,"300,000","-300,000","-300,000"
709478,鈊象國泰61購01,0,0,0,0.0,0.0,0.0,0,0,0,"-18,000",0,0,0,0,"18,000","-18,000","-18,000"
709481,欣銓永豐64購01,0,0,0,0.0,0.0,0.0,0,0,0,"22,000",0,0,0,"22,000",0,"22,000","22,000"
709482,達航永豐61購01,0,0,0,0.0,0.0,0.0,0,0,0,"55,000",0,0,0,"60,000","5,000","55,000","55,000"
709484,立敦富邦66購01,0,0,0,0.0,0.0,0.0,0,0,0,"-46,000",0,0,0,"25,000","71,000","-46,000","-46,000"
709486,順達富邦61購02,0,0,0,0.0,0.0,0.0,0,0,0,"-16,000",0,0,0,0,"16,000","-16,000","-16,000"
709487,漢科富邦66購01,0,0,0,0.0,0.0,0.0,0,0,0,"-65,000",0,0,0,"539,000","604,000","-65,000","-65,000"
709488,廣明富邦66購01,0,0,0,0.0,0.0,0.0,0,0,0,"-20,000",0,0,0,0,"20,000","-20,000","-20,000"
709491,中美晶凱基5C購02,0,0,0,0.0,0.0,0.0,0,0,0,"25,000",0,0,0,"25,000",0,"25,000","25,000"
709492,立敦凱基5C購01,0,0,0,0.0,0.0,0.0,0,0,0,"157,000",0,0,0,"162,000","5,000","157,000","157,000"
709493,良維凱基64購01,0,0,0,0.0,0.0,0.0,0,0,0,"-50,000",0,0,0,0,"50,000","-50,000","-50,000"
709494,朋程凱基61購01,0,0,0,0.0,0.0,0.0,0,0,0,"-50,000",0,0,0,0,"50,000","-50,000","-50,000"
709495,能率亞凱基5C購01,0,0,0,0.0,0.0,0.0,0,0,0,"5,000",0,0,0,"5,000",0,"5,000","5,000"
709497,華容凱基5C購02,0,0,0,0.0,0.0,0.0,0,0,0,"39,000",0,0,0,"39,000",0,"39,000","39,000"
709498,群聯凱基5C購02,0,0,0,0.0,0.0,0.0,0,0,0,"-272,000",0,0,0,0,"272,000","-272,000","-272,000"
709499,廣穎凱基61購01,0,0,0,0.0,0.0,0.0,0,0,0,"-3,000",0,0,0,0,"3,000","-3,000","-3,000"
709501,立敦台新5C購01,0,0,0,0.0,0.0,0.0,0,0,0,"-2,000",0,0,0,0,"2,000","-2,000","-2,000"
709503,南俊台新5C購01,0,0,0,0.0,0.0,0.0,0,0,0,"-44,000",0,0,0,0,"44,000","-44,000","-44,000"
709504,聖暉*台新5C購01,0,0,0,0.0,0.0,0.0,0,0,0,"15,000",0,0,0,"15,000",0,"15,000","15,000"
709507,璟德台新5C購01,0,0,0,0.0,0.0,0.0,0,0,0,"17,000",0,0,0,"42,000","25,000","17,000","17,000"
709510,朋程元大5C購01,0,0,0,0.0,0.0,0.0,0,0,0,"6,000",0,0,0,"6,000",0,"6,000","6,000"
709511,長科*元大5C購01,0,0,0,0.0,0.0,0.0,0,0,0,"-57,000",0,0,0,"12,000","69,000","-57,000","-57,000"
709516,群聯元大61購09,0,0,0,0.0,0.0,0.0,0,0,0,"-143,000",0,0,0,"1,000","144,000","-143,000","-143,000"
709518,中美晶富邦62購01,0,0,0,0.0,0.0,0.0,0,0,0,"9,000",0,0,0,"9,000",0,"9,000","9,000"
709519,世界凱基5C購04,0,0,0,0.0,0.0,0.0,0,0,0,"1,653,000",0,0,0,"1,904,000","251,000","1,653,000","1,653,000"
709520,世紀*凱基5C購01,0,0,0,0.0,0.0,0.0,0,0,0,"6,000",0,0,0,"6,000",0,"6,000","6,000"
709521,台半凱基61購02,0,0,0,0.0,0.0,0.0,0,0,0,"100,000",0,0,0,"100,000",0,"100,000","100,000"
709522,立端凱基61購01,0,0,0,0.0,0.0,0.0,0,0,0,"8,000",0,0,0,"49,000","41,000","8,000","8,000"
709526,長科*凱基5C購01,0,0,0,0.0,0.0,0.0,0,0,0,"-18,000",0,0,0,"20,000","38,000","-18,000","-18,000"
709527,宸曜凱基5C購01,0,0,0,0.0,0.0,0.0,0,0,0,"-10,000",0,0,0,0,"10,000","-10,000","-10,000"
709528,順達凱基64購02,0,0,0,0.0,0.0,0.0,0,0,0,"-5,000",0,0,0,0,"5,000","-5,000","-5,000"
709529,群聯凱基5C購03,0,0,0,0.0,0.0,0.0,0,0,0,"-50,000",0,0,0,0,"50,000","-50,000","-50,000"
709530,大綜台新5C購01,0,0,0,0.0,0.0,0.0,0,0,0,"41,000",0,0,0,"43,000","2,000","41,000","41,000"
709532,萊德光台新5C購01,0,0,0,0.0,0.0,0.0,0,0,0,"-668,000",0,0,0,"90,000","758,000","-668,000","-668,000"
709534,台半永豐61購02,0,0,0,0.0,0.0,0.0,0,0,0,"199,000",0,0,0,"199,000",0,"199,000","199,000"
709537,雙鴻永豐64購02,0,0,0,0.0,0.0,0.0,0,0,0,"-19,000",0,0,0,"73,000","92,000","-19,000","-19,000"
709542,台半元大5C購03,0,0,0,0.0,0.0,0.0,0,0,0,"56,000",0,0,0,"56,000",0,"56,000","56,000"
709543,台半元大5C購04,0,0,0,0.0,0.0,0.0,0,0,0,"5,000",0,0,0,"5,000",0,"5,000","5,000"
709544,台半元大66購02,0,0,0,0.0,0.0,0.0,0,0,0,"60,000",0,0,0,"60,000",0,"60,000","60,000"
709545,良維元大5C購03,0,0,0,0.0,0.0,0.0,0,0,0,"320,000",0,0,0,"350,000","30,000","320,000","320,000"
709546,欣銓元大5C購01,0,0,0,0.0,0.0,0.0,0,0,0,"149,000",0,0,0,"149,000",0,"149,000","149,000"
709548,長科*元大5C購03,0,0,0,0.0,0.0,0.0,0,0,0,"230,000",0,0,0,"230,000",0,"230,000","230,000"
709552,順達元大64購06,0,0,0,0.0,0.0,0.0,0,0,0,"335,000",0,0,0,"340,000","5,000","335,000","335,000"
709555,方土昶群益5C購01,0,0,0,0.0,0.0,0.0,0,0,0,"5,000",0,0,0,"75,000","70,000","5,000","5,000"
709557,台半群益5C購02,0,0,0,0.0,0.0,0.0,0,0,0,"-19,000",0,0,0,0,"19,000","-19,000","-19,000"
709560,長科*群益61購01,0,0,0,0.0,0.0,0.0,0,0,0,"-10,000",0,0,0,0,"10,000","-10,000","-10,000"
709561,南俊群益5C購01,0,0,0,0.0,0.0,0.0,0,0,0,"-45,000",0,0,0,"5,000","50,000","-45,000","-45,000"
709564,臺慶科群益5C購01,0,0,0,0.0,0.0,0.0,0,0,0,"50,000",0,0,0,"50,000",0,"50,000","50,000"
709567,方土昶凱基5C購02,0,0,0,0.0,0.0,0.0,0,0,0,"-2,000",0,0,0,"10,000","12,000","-2,000","-2,000"
709568,威剛凱基61購01,0,0,0,0.0,0.0,0.0,0,0,0,"-20,000",0,0,0,0,"20,000","-20,000","-20,000"
709573,能率台新5C購01,0,0,0,0.0,0.0,0.0,0,0,0,"40,000",0,0,0,"40,000",0,"40,000","40,000"
709575,群聯富邦63購01,0,0,0,0.0,0.0,0.0,0,0,0,"-462,000",0,0,0,0,"462,000","-462,000","-462,000"
709579,中美晶元大5C購05,0,0,0,0.0,0.0,0.0,0,0,0,"-28,000",0,0,0,0,"28,000","-28,000","-28,000"
709580,世界元大5C購04,0,0,0,0.0,0.0,0.0,0,0,0,"-122,000",0,0,0,0,"122,000","-122,000","-122,000"
709581,世界元大64購06,0,0,0,0.0,0.0,0.0,0,0,0,"-5,000",0,0,0,0,"5,000","-5,000","-5,000"
709583,台半元大66購03,0,0,0,0.0,0.0,0.0,0,0,0,"-3,000",0,0,0,"54,000","57,000","-3,000","-3,000"
709585,威剛元大5C購01,0,0,0,0.0,0.0,0.0,0,0,0,"-30,000",0,0,0,0,"30,000","-30,000","-30,000"
709587,順達元大5C購05,0,0,0,0.0,0.0,0.0,0,0,0,"292,000",0,0,0,"527,000","235,000","292,000","292,000"
709588,群聯元大61購11,0,0,0,0.0,0.0,0.0,0,0,0,"-470,000",0,0,0,"25,000","495,000","-470,000","-470,000"
709589,群聯元大64購04,0,0,0,0.0,0.0,0.0,0,0,0,"-642,000",0,0,0,0,"642,000","-642,000","-642,000"
709591,威剛群益5C購03,0,0,0,0.0,0.0,0.0,0,0,0,"-20,000",0,0,0,"30,000","50,000","-20,000","-20,000"
709592,群聯群益5C購04,0,0,0,0.0,0.0,0.0,0,0,0,"-562,000",0,0,0,"296,000","858,000","-562,000","-562,000"
709601,世界元大5C購05,0,0,0,0.0,0.0,0.0,0,0,0,"-166,000",0,0,0,"348,000","514,000","-166,000","-166,000"
709602,世界元大64購07,0,0,0,0.0,0.0,0.0,0,0,0,"-196,000",0,0,0,0,"196,000","-196,000","-196,000"
709603,世界元大66購02,0,0,0,0.0,0.0,0.0,0,0,0,"-380,000",0,0,0,"33,000","413,000","-380,000","-380,000"
709605,威剛元大5C購02,0,0,0,0.0,0.0,0.0,0,0,0,"-137,000",0,0,0,"4,000","141,000","-137,000","-137,000"
709607,群聯元大5C購04,0,0,0,0.0,0.0,0.0,0,0,0,"457,000",0,0,0,"487,000","30,000","457,000","457,000"
709608,群聯元大5C購05,0,0,0,0.0,0.0,0.0,0,0,0,"208,000",0,0,0,"208,000",0,"208,000","208,000"
709609,群聯元大61購12,0,0,0,0.0,0.0,0.0,0,0,0,"495,000",0,0,0,"495,000",0,"495,000","495,000"
709610,群聯元大64購05,0,0,0,0.0,0.0,0.0,0,0,0,"-496,000",0,0,0,0,"496,000","-496,000","-496,000"
709611,磐亞元大5C購01,0,0,0,0.0,0.0,0.0,0,0,0,"25,000",0,0,0,"25,000",0,"25,000","25,000"
709614,磐亞永豐61購01,0,0,0,0.0,0.0,0.0,0,0,0,"1,000",0,0,0,"1,000",0,"1,000","1,000"
709616,華電網凱基5C購01,0,0,0,0.0,0.0,0.0,0,0,0,"-20,000",0,0,0,0,"20,000","-20,000","-20,000"
709617,磐亞凱基5C購01,0,0,0,0.0,0.0,0.0,0,0,0,"35,000",0,0,0,"35,000",0,"35,000","35,000"
709619,大綜台新5C購02,0,0,0,0.0,0.0,0.0,0,0,0,"20,000",0,0,0,"30,000","10,000","20,000","20,000"
709623,精材台新62購01,0,0,0,0.0,0.0,0.0,0,0,0,"29,000",0,0,0,"33,000","4,000","29,000","29,000"
709626,威剛群益5C購04,0,0,0,0.0,0.0,0.0,0,0,0,"8,000",0,0,0,"8,000",0,"8,000","8,000"
709634,群聯永豐5C購08,0,0,0,0.0,0.0,0.0,0,0,0,"-66,000",0,0,0,"64,000","130,000","-66,000","-66,000"
709635,雙鴻群益5C購03,0,0,0,0.0,0.0,0.0,0,0,0,"-18,000",0,0,0,"71,000","89,000","-18,000","-18,000"
709636,大綜國票5C購01,0,0,0,0.0,0.0,0.0,0,0,0,"-29,000",0,0,0,"1,000","30,000","-29,000","-29,000"
709644,大綜凱基5C購01,0,0,0,0.0,0.0,0.0,0,0,0,"14,000",0,0,0,"74,000","60,000","14,000","14,000"
709647,朋億*凱基5C購01,0,0,0,0.0,0.0,0.0,0,0,0,"-20,000",0,0,0,0,"20,000","-20,000","-20,000"
709648,威剛凱基5C購03,0,0,0,0.0,0.0,0.0,0,0,0,"220,000",0,0,0,"260,000","40,000","220,000","220,000"
709649,茂訊凱基5C購01,0,0,0,0.0,0.0,0.0,0,0,0,"13,000",0,0,0,"13,000",0,"13,000","13,000"
709652,雅特力凱基5C購02,0,0,0,0.0,0.0,0.0,0,0,0,"-84,000",0,0,0,"1,000","85,000","-84,000","-84,000"
709653,群聯凱基5C購04,0,0,0,0.0,0.0,0.0,0,0,0,"-20,000",0,0,0,0,"20,000","-20,000","-20,000"
709654,精確凱基5C購01,0,0,0,0.0,0.0,0.0,0,0,0,"-10,000",0,0,0,0,"10,000","-10,000","-10,000"
709655,大綜台新5C購03,0,0,0,0.0,0.0,0.0,0,0,0,"551,000",0,0,0,"581,000","30,000","551,000","551,000"
709656,大綜台新5C購04,0,0,0,0.0,0.0,0.0,0,0,0,"366,000",0,0,0,"437,000","71,000","366,000","366,000"
709657,方土昶台新5C購01,0,0,0,0.0,0.0,0.0,0,0,0,"-10,000",0,0,0,0,"10,000","-10,000","-10,000"
709664,大綜元大5C購01,0,0,0,0.0,0.0,0.0,0,0,0,"10,000",0,0,0,"10,000",0,"10,000","10,000"
709665,中美晶元大5C購07,0,0,0,0.0,0.0,0.0,0,0,0,"-18,000",0,0,0,0,"18,000","-18,000","-18,000"
709668,威剛元大61購03,0,0,0,0.0,0.0,0.0,0,0,0,"-4,000",0,0,0,"131,000","135,000","-4,000","-4,000"
709670,群聯元大5C購06,0,0,0,0.0,0.0,0.0,0,0,0,"-59,000",0,0,0,0,"59,000","-59,000","-59,000"
709671,群聯元大5C購07,0,0,0,0.0,0.0,0.0,0,0,0,"-119,000",0,0,0,0,"119,000","-119,000","-119,000"
709673,群聯元大66購05,0,0,0,0.0,0.0,0.0,0,0,0,"-150,000",0,0,0,"291,000","441,000","-150,000","-150,000"
709674,聖暉*元大5C購05,0,0,0,0.0,0.0,0.0,0,0,0,"96,000",0,0,0,"96,000",0,"96,000","96,000"
709675,聖暉*元大5C購06,0,0,0,0.0,0.0,0.0,0,0,0,"-718,000",0,0,0,0,"718,000","-718,000","-718,000"
709677,正德群益5C購01,0,0,0,0.0,0.0,0.0,0,0,0,"-52,000",0,0,0,0,"52,000","-52,000","-52,000"
709679,家登群益5C購01,0,0,0,0.0,0.0,0.0,0,0,0,"200,000",0,0,0,"200,000",0,"200,000","200,000"
709682,群聯群益5C購06,0,0,0,0.0,0.0,0.0,0,0,0,"-17,000",0,0,0,0,"17,000","-17,000","-17,000"
709683,聖暉*群益5C購02,0,0,0,0.0,0.0,0.0,0,0,0,"-1,085,000",0,0,0,"10,000","1,095,000","-1,085,000","-1,085,000"
709684,立端永豐64購01,0,0,0,0.0,0.0,0.0,0,0,0,"-21,000",0,0,0,"119,000","140,000","-21,000","-21,000"
709686,建榮永豐61購01,0,0,0,0.0,0.0,0.0,0,0,0,"-1,000",0,0,0,0,"1,000","-1,000","-1,000"
709687,茂訊永豐5C購01,0,0,0,0.0,0.0,0.0,0,0,0,"19,000",0,0,0,"19,000",0,"19,000","19,000"
709691,聰泰永豐61購01,0,0,0,0.0,0.0,0.0,0,0,0,"7,000",0,0,0,"11,000","4,000","7,000","7,000"
709692,立敦國票5C購01,0,0,0,0.0,0.0,0.0,0,0,0,"30,000",0,0,0,"30,000",0,"30,000","30,000"
709693,立敦國票5C購02,0,0,0,0.0,0.0,0.0,0,0,0,"3,000",0,0,0,"3,000",0,"3,000","3,000"
709696,安勤國票61購01,0,0,0,0.0,0.0,0.0,0,0,0,"-516,000",0,0,0,"129,000","645,000","-516,000","-516,000"
709701,博士旺國票5C購01,0,0,0,0.0,0.0,0.0,0,0,0,0,0,0,0,"1,000","1,000",0,0
709705,雅特力國票61購01,0,0,0,0.0,0.0,0.0,0,0,0,"-48,000",0,0,0,"12,000","60,000","-48,000","-48,000"
709706,雅特力國票61購02,0,0,0,0.0,0.0,0.0,0,0,0,"-13,000",0,0,0,"27,000","40,000","-13,000","-13,000"
709709,臺慶科國票61購02,0,0,0,0.0,0.0,0.0,0,0,0,"-195,000",0,0,0,"15,000","210,000","-195,000","-195,000"
709710,廣閎科國票61購01,0,0,0,0.0,0.0,0.0,0,0,0,"1,000",0,0,0,"1,000",0,"1,000","1,000"
709712,威剛國泰61購01,0,0,0,0.0,0.0,0.0,0,0,0,"-1,712,000",0,0,0,0,"1,712,000","-1,712,000","-1,712,000"
709713,湧德國泰61購01,0,0,0,0.0,0.0,0.0,0,0,0,"-21,000",0,0,0,0,"21,000","-21,000","-21,000"
709715,兆利台新5C購01,0,0,0,0.0,0.0,0.0,0,0,0,"-2,000",0,0,0,0,"2,000","-2,000","-2,000"
709718,雅特力台新5C購02,0,0,0,0.0,0.0,0.0,0,0,0,"-1,000",0,0,0,0,"1,000","-1,000","-1,000"
709720,雙鴻台新5C購02,0,0,0,0.0,0.0,0.0,0,0,0,"-28,000",0,0,0,"138,000","166,000","-28,000","-28,000"
709729,威剛元大61購04,0,0,0,0.0,0.0,0.0,0,0,0,"-92,000",0,0,0,0,"92,000","-92,000","-92,000"
709730,富喬元大64購02,0,0,0,0.0,0.0,0.0,0,0,0,"-3,000",0,0,0,0,"3,000","-3,000","-3,000"
709731,順達元大5C購06,0,0,0,0.0,0.0,0.0,0,0,0,"409,000",0,0,0,"609,000","200,000","409,000","409,000"
709732,鈊象元大5C購05,0,0,0,0.0,0.0,0.0,0,0,0,"-137,000",0,0,0,0,"137,000","-137,000","-137,000"
709734,群聯元大5C購10,0,0,0,0.0,0.0,0.0,0,0,0,"672,000",0,0,0,"672,000",0,"672,000","672,000"
709735,群聯元大5C購11,0,0,0,0.0,0.0,0.0,0,0,0,"-16,000",0,0,0,"35,000","51,000","-16,000","-16,000"
709736,群聯元大66購06,0,0,0,0.0,0.0,0.0,0,0,0,"-668,000",0,0,0,0,"668,000","-668,000","-668,000"
709738,精材元大64購01,0,0,0,0.0,0.0,0.0,0,0,0,"9,000",0,0,0,"9,000",0,"9,000","9,000"
709739,精材元大66購04,0,0,0,0.0,0.0,0.0,0,0,0,"-87,000",0,0,0,"13,000","100,000","-87,000","-87,000"
709740,順達凱基5C購03,0,0,0,0.0,0.0,0.0,0,0,0,"-40,000",0,0,0,0,"40,000","-40,000","-40,000"
709742,聖暉*凱基5C購02,0,0,0,0.0,0.0,0.0,0,0,0,"-392,000",0,0,0,"200,000","592,000","-392,000","-392,000"
709743,精材凱基61購05,0,0,0,0.0,0.0,0.0,0,0,0,"140,000",0,0,0,"140,000",0,"140,000","140,000"
709745,宜鼎元大5C購05,0,0,0,0.0,0.0,0.0,0,0,0,"497,000",0,0,0,"666,000","169,000","497,000","497,000"
709746,宜鼎元大61購04,0,0,0,0.0,0.0,0.0,0,0,0,"295,000",0,0,0,"618,000","323,000","295,000","295,000"
709748,宜鼎群益5C購01,0,0,0,0.0,0.0,0.0,0,0,0,"3,000",0,0,0,"53,000","50,000","3,000","3,000"
709749,宜鼎群益5C購02,0,0,0,0.0,0.0,0.0,0,0,0,"-349,000",0,0,0,"50,000","399,000","-349,000","-349,000"
709750,宜鼎群益5C購03,0,0,0,0.0,0.0,0.0,0,0,0,"172,000",0,0,0,"245,000","73,000","172,000","172,000"
709751,方土昶國票61購01,0,0,0,0.0,0.0,0.0,0,0,0,"4,000",0,0,0,"4,000",0,"4,000","4,000"
709752,加高國票61購01,0,0,0,0.0,0.0,0.0,0,0,0,"66,000",0,0,0,"66,000",0,"66,000","66,000"
709753,宜鼎國票61購01,0,0,0,0.0,0.0,0.0,0,0,0,"-1,000",0,0,0,"19,000","20,000","-1,000","-1,000"
709755,凱崴國票61購01,0,0,0,0.0,0.0,0.0,0,0,0,"654,000",0,0,0,"714,000","60,000","654,000","654,000"
709756,港建*國票61購01,0,0,0,0.0,0.0,0.0,0,0,0,"-20,000",0,0,0,0,"20,000","-20,000","-20,000"
709759,萊德光國票61購03,0,0,0,0.0,0.0,0.0,0,0,0,"-1,309,000",0,0,0,0,"1,309,000","-1,309,000","-1,309,000"
709760,宜特國泰61購01,0,0,0,0.0,0.0,0.0,0,0,0,"-9,000",0,0,0,0,"9,000","-9,000","-9,000"
709762,宜鼎國泰61購03,0,0,0,0.0,0.0,0.0,0,0,0,"-128,000",0,0,0,"116,000","244,000","-128,000","-128,000"
709763,宜鼎國泰61購04,0,0,0,0.0,0.0,0.0,0,0,0,"-20,000",0,0,0,0,"20,000","-20,000","-20,000"
709766,宜特富邦62購01,0,0,0,0.0,0.0,0.0,0,0,0,"-37,000",0,0,0,0,"37,000","-37,000","-37,000"
709767,宜鼎富邦5C購04,0,0,0,0.0,0.0,0.0,0,0,0,"-309,000",0,0,0,"55,000","364,000","-309,000","-309,000"
709768,朋程富邦62購01,0,0,0,0.0,0.0,0.0,0,0,0,"-81,000",0,0,0,0,"81,000","-81,000","-81,000"
709769,朋程富邦63購01,0,0,0,0.0,0.0,0.0,0,0,0,"-89,000",0,0,0,0,"89,000","-89,000","-89,000"
709772,鈊象富邦62購01,0,0,0,0.0,0.0,0.0,0,0,0,"1,000",0,0,0,"3,000","2,000","1,000","1,000"
709773,鈊象富邦63購01,0,0,0,0.0,0.0,0.0,0,0,0,"100,000",0,0,0,"100,000",0,"100,000","100,000"
709774,雙鴻富邦63購01,0,0,0,0.0,0.0,0.0,0,0,0,"-2,000",0,0,0,0,"2,000","-2,000","-2,000"
709776,威剛凱基5C購04,0,0,0,0.0,0.0,0.0,0,0,0,"-174,000",0,0,0,"12,000","186,000","-174,000","-174,000"
709779,富喬凱基5C購03,0,0,0,0.0,0.0,0.0,0,0,0,"-10,000",0,0,0,0,"10,000","-10,000","-10,000"
709781,群聯凱基61購05,0,0,0,0.0,0.0,0.0,0,0,0,"35,000",0,0,0,"50,000","15,000","35,000","35,000"
709783,宜鼎台新5C購01,0,0,0,0.0,0.0,0.0,0,0,0,"-502,000",0,0,0,"74,000","576,000","-502,000","-502,000"
709784,宜鼎台新5C購02,0,0,0,0.0,0.0,0.0,0,0,0,"62,000",0,0,0,"211,000","149,000","62,000","62,000"
709785,宜鼎台新5C購03,0,0,0,0.0,0.0,0.0,0,0,0,"-177,000",0,0,0,"24,000","201,000","-177,000","-177,000"
709787,宜鼎永豐64購01,0,0,0,0.0,0.0,0.0,0,0,0,"-180,000",0,0,0,0,"180,000","-180,000","-180,000"
709788,宜鼎永豐65購01,0,0,0,0.0,0.0,0.0,0,0,0,"-298,000",0,0,0,"26,000","324,000","-298,000","-298,000"
709789,宇峻國泰61購01,0,0,0,0.0,0.0,0.0,0,0,0,"15,000",0,0,0,"32,000","17,000","15,000","15,000"
709790,華景電國泰61購01,0,0,0,0.0,0.0,0.0,0,0,0,"-212,000",0,0,0,0,"212,000","-212,000","-212,000"
709791,群聯國泰61購02,0,0,0,0.0,0.0,0.0,0,0,0,"-8,000",0,0,0,"20,000","28,000","-8,000","-8,000"
709792,漢達國泰61購01,0,0,0,0.0,0.0,0.0,0,0,0,"-109,000",0,0,0,"21,000","130,000","-109,000","-109,000"
709793,世界凱基5C購05,0,0,0,0.0,0.0,0.0,0,0,0,"-50,000",0,0,0,0,"50,000","-50,000","-50,000"
709796,宜鼎凱基5C購05,0,0,0,0.0,0.0,0.0,0,0,0,"70,000",0,0,0,"70,000",0,"70,000","70,000"
709798,凱崴凱基61購01,0,0,0,0.0,0.0,0.0,0,0,0,"532,000",0,0,0,"532,000",0,"532,000","532,000"
709801,璟德凱基5C購01,0,0,0,0.0,0.0,0.0,0,0,0,"-97,000",0,0,0,0,"97,000","-97,000","-97,000"
709802,立敦台新5C購02,0,0,0,0.0,0.0,0.0,0,0,0,"10,000",0,0,0,"10,000",0,"10,000","10,000"
709803,宏捷科台新5C購01,0,0,0,0.0,0.0,0.0,0,0,0,"151,000",0,0,0,"167,000","16,000","151,000","151,000"
709804,宜鼎台新5C購04,0,0,0,0.0,0.0,0.0,0,0,0,"237,000",0,0,0,"1,237,000","1,000,000","237,000","237,000"
709805,宜鼎台新61購01,0,0,0,0.0,0.0,0.0,0,0,0,"-209,000",0,0,0,"45,000","254,000","-209,000","-209,000"
709806,東浦台新5C購01,0,0,0,0.0,0.0,0.0,0,0,0,"-143,000",0,0,0,"102,000","245,000","-143,000","-143,000"
709813,華容永豐61購01,0,0,0,0.0,0.0,0.0,0,0,0,"3,000",0,0,0,"3,000",0,"3,000","3,000"
709816,宜鼎元大5C購06,0,0,0,0.0,0.0,0.0,0,0,0,"-701,000",0,0,0,"52,000","753,000","-701,000","-701,000"
709817,宜鼎元大5C購07,0,0,0,0.0,0.0,0.0,0,0,0,"-492,000",0,0,0,"173,000","665,000","-492,000","-492,000"
709818,宜鼎元大5C購08,0,0,0,0.0,0.0,0.0,0,0,0,"-179,000",0,0,0,0,"179,000","-179,000","-179,000"
709819,威剛元大5C購03,0,0,0,0.0,0.0,0.0,0,0,0,"-203,000",0,0,0,0,"203,000","-203,000","-203,000"
709820,群聯元大5C購12,0,0,0,0.0,0.0,0.0,0,0,0,"-122,000",0,0,0,0,"122,000","-122,000","-122,000"
709821,群聯元大5C購13,0,0,0,0.0,0.0,0.0,0,0,0,"-3,000",0,0,0,0,"3,000","-3,000","-3,000"
709822,群聯元大5C購14,0,0,0,0.0,0.0,0.0,0,0,0,"166,000",0,0,0,"166,000",0,"166,000","166,000"
709823,群聯元大61購13,0,0,0,0.0,0.0,0.0,0,0,0,"-107,000",0,0,0,0,"107,000","-107,000","-107,000"
709824,廣閎科元大5C購02,0,0,0,0.0,0.0,0.0,0,0,0,"-672,000",0,0,0,0,"672,000","-672,000","-672,000"
709825,雙鴻元大61購15,0,0,0,0.0,0.0,0.0,0,0,0,"-489,000",0,0,0,"10,000","499,000","-489,000","-489,000"
709827,加高國票61購02,0,0,0,0.0,0.0,0.0,0,0,0,"-4,000",0,0,0,0,"4,000","-4,000","-4,000"
709828,立端國票61購01,0,0,0,0.0,0.0,0.0,0,0,0,"-27,000",0,0,0,"7,000","34,000","-27,000","-27,000"
709831,宜鼎國票61購02,0,0,0,0.0,0.0,0.0,0,0,0,"-95,000",0,0,0,"19,000","114,000","-95,000","-95,000"
709833,杰力國票61購01,0,0,0,0.0,0.0,0.0,0,0,0,"167,000",0,0,0,"167,000",0,"167,000","167,000"
709835,長聖國票61購01,0,0,0,0.0,0.0,0.0,0,0,0,"11,000",0,0,0,"12,000","1,000","11,000","11,000"
709837,韋僑國票61購01,0,0,0,0.0,0.0,0.0,0,0,0,"-23,000",0,0,0,"20,000","43,000","-23,000","-23,000"
709838,宸曜國票5C購01,0,0,0,0.0,0.0,0.0,0,0,0,"-13,000",0,0,0,0,"13,000","-13,000","-13,000"
709840,凱崴國票61購02,0,0,0,0.0,0.0,0.0,0,0,0,"524,000",0,0,0,"545,000","21,000","524,000","524,000"
709843,華容國票61購02,0,0,0,0.0,0.0,0.0,0,0,0,"2,000",0,0,0,"8,000","6,000","2,000","2,000"
709846,華電網國票5C購03,0,0,0,0.0,0.0,0.0,0,0,0,"360,000",0,0,0,"360,000",0,"360,000","360,000"
709847,廣閎科國票61購02,0,0,0,0.0,0.0,0.0,0,0,0,"-30,000",0,0,0,0,"30,000","-30,000","-30,000"
709852,群聯群益5C購07,0,0,0,0.0,0.0,0.0,0,0,0,"-267,000",0,0,0,"140,000","407,000","-267,000","-267,000"
709854,智通*富邦62購01,0,0,0,0.0,0.0,0.0,0,0,0,"156,000",0,0,0,"156,000",0,"156,000","156,000"
709855,湧德富邦62購01,0,0,0,0.0,0.0,0.0,0,0,0,"-26,000",0,0,0,"54,000","80,000","-26,000","-26,000"
709856,閎康富邦62購02,0,0,0,0.0,0.0,0.0,0,0,0,"-21,000",0,0,0,0,"21,000","-21,000","-21,000"
709857,聖暉*富邦5C購02,0,0,0,0.0,0.0,0.0,0,0,0,"12,000",0,0,0,"153,000","141,000","12,000","12,000"
709859,方土昶國票61購02,0,0,0,0.0,0.0,0.0,0,0,0,"-300,000",0,0,0,0,"300,000","-300,000","-300,000"
709860,台嘉碩國票5C購01,0,0,0,0.0,0.0,0.0,0,0,0,"-2,000",0,0,0,0,"2,000","-2,000","-2,000"
709861,台嘉碩國票5C購02,0,0,0,0.0,0.0,0.0,0,0,0,"16,000",0,0,0,"18,000","2,000","16,000","16,000"
709867,順達國票61購02,0,0,0,0.0,0.0,0.0,0,0,0,"-10,000",0,0,0,0,"10,000","-10,000","-10,000"
709868,緯軟國票61購01,0,0,0,0.0,0.0,0.0,0,0,0,"60,000",0,0,0,"60,000",0,"60,000","60,000"
709870,廣閎科群益5C購01,0,0,0,0.0,0.0,0.0,0,0,0,"68,000",0,0,0,"68,000",0,"68,000","68,000"
709873,世紀*永豐5C購01,0,0,0,0.0,0.0,0.0,0,0,0,"10,000",0,0,0,"10,000",0,"10,000","10,000"
709874,博智永豐5C購03,0,0,0,0.0,0.0,0.0,0,0,0,"60,000",0,0,0,"60,000",0,"60,000","60,000"
709875,中美晶元大5C購10,0,0,0,0.0,0.0,0.0,0,0,0,"-1,000",0,0,0,"6,000","7,000","-1,000","-1,000"
709878,博智元大5C購03,0,0,0,0.0,0.0,0.0,0,0,0,"-50,000",0,0,0,"136,000","186,000","-50,000","-50,000"
709879,華容元大5C購01,0,0,0,0.0,0.0,0.0,0,0,0,"54,000",0,0,0,"54,000",0,"54,000","54,000"
709880,順達元大5C購07,0,0,0,0.0,0.0,0.0,0,0,0,"-36,000",0,0,0,0,"36,000","-36,000","-36,000"
709881,精材元大5C購04,0,0,0,0.0,0.0,0.0,0,0,0,"5,000",0,0,0,"5,000",0,"5,000","5,000"
709885,泓格凱基5C購01,0,0,0,0.0,0.0,0.0,0,0,0,"45,000",0,0,0,"256,000","211,000","45,000","45,000"
709889,湧德凱基61購01,0,0,0,0.0,0.0,0.0,0,0,0,"-10,000",0,0,0,0,"10,000","-10,000","-10,000"
709890,華容凱基61購01,0,0,0,0.0,0.0,0.0,0,0,0,"493,000",0,0,0,"494,000","1,000","493,000","493,000"
709891,群聯凱基5C購06,0,0,0,0.0,0.0,0.0,0,0,0,"-98,000",0,0,0,0,"98,000","-98,000","-98,000"
709893,廣閎科凱基5C購01,0,0,0,0.0,0.0,0.0,0,0,0,"-50,000",0,0,0,0,"50,000","-50,000","-50,000"
709896,中美晶統一66購02,0,0,0,0.0,0.0,0.0,0,0,0,"-286,000",0,0,0,"52,000","338,000","-286,000","-286,000"
709902,宜鼎統一64購01,0,0,0,0.0,0.0,0.0,0,0,0,"-78,000",0,0,0,"101,000","179,000","-78,000","-78,000"
709903,宜鼎統一64購02,0,0,0,0.0,0.0,0.0,0,0,0,"81,000",0,0,0,"169,000","88,000","81,000","81,000"
709906,宜鼎統一66購03,0,0,0,0.0,0.0,0.0,0,0,0,"-548,000",0,0,0,"762,000","1,310,000","-548,000","-548,000"
709907,宜鼎統一66購04,0,0,0,0.0,0.0,0.0,0,0,0,"-151,000",0,0,0,0,"151,000","-151,000","-151,000"
709909,建榮統一66購01,0,0,0,0.0,0.0,0.0,0,0,0,"-25,000",0,0,0,0,"25,000","-25,000","-25,000"
709916,富喬統一66購01,0,0,0,0.0,0.0,0.0,0,0,0,"138,000",0,0,0,"138,000",0,"138,000","138,000"
709918,精材統一66購01,0,0,0,0.0,0.0,0.0,0,0,0,"-274,000",0,0,0,"158,000","432,000","-274,000","-274,000"
709919,精材統一6C購01,0,0,0,0.0,0.0,0.0,0,0,0,"69,000",0,0,0,"299,000","230,000","69,000","69,000"
709927,優群統一66購02,0,0,0,0.0,0.0,0.0,0,0,0,"15,000",0,0,0,"15,000",0,"15,000","15,000"
709931,金益鼎國泰61購01,0,0,0,0.0,0.0,0.0,0,0,0,"-30,000",0,0,0,"20,000","50,000","-30,000","-30,000"
709932,立敦台新5C購03,0,0,0,0.0,0.0,0.0,0,0,0,"29,000",0,0,0,"30,000","1,000","29,000","29,000"
709933,威剛台新5C購01,0,0,0,0.0,0.0,0.0,0,0,0,0,0,0,0,"251,000","251,000",0,0
709934,威剛台新5C購02,0,0,0,0.0,0.0,0.0,0,0,0,"-45,000",0,0,0,0,"45,000","-45,000","-45,000"
709935,威剛台新5C購03,0,0,0,0.0,0.0,0.0,0,0,0,"-58,000",0,0,0,0,"58,000","-58,000","-58,000"
709936,威剛台新61購01,0,0,0,0.0,0.0,0.0,0,0,0,"-124,000",0,0,0,"67,000","191,000","-124,000","-124,000"
709937,威剛台新62購01,0,0,0,0.0,0.0,0.0,0,0,0,"-81,000",0,0,0,0,"81,000","-81,000","-81,000"
709939,威剛台新66購01,0,0,0,0.0,0.0,0.0,0,0,0,"88,000",0,0,0,"108,000","20,000","88,000","88,000"
709941,凱崴台新5C購01,0,0,0,0.0,0.0,0.0,0,0,0,"172,000",0,0,0,"177,000","5,000","172,000","172,000"
709942,華容台新5C購03,0,0,0,0.0,0.0,0.0,0,0,0,"-159,000",0,0,0,"6,000","165,000","-159,000","-159,000"
709943,威剛富邦5C購01,0,0,0,0.0,0.0,0.0,0,0,0,"-355,000",0,0,0,0,"355,000","-355,000","-355,000"
709945,胡連永豐61購01,0,0,0,0.0,0.0,0.0,0,0,0,"-345,000",0,0,0,0,"345,000","-345,000","-345,000"
709946,艾訊國票61購01,0,0,0,0.0,0.0,0.0,0,0,0,"-26,000",0,0,0,0,"26,000","-26,000","-26,000"
709948,朋億*國票61購01,0,0,0,0.0,0.0,0.0,0,0,0,"5,000",0,0,0,"5,000",0,"5,000","5,000"
709952,寶雅國票61購01,0,0,0,0.0,0.0,0.0,0,0,0,"7,000",0,0,0,"7,000",0,"7,000","7,000"
709956,良維凱基5C購04,0,0,0,0.0,0.0,0.0,0,0,0,"-55,000",0,0,0,0,"55,000","-55,000","-55,000"
709959,群ESG凱基61購01,0,0,0,0.0,0.0,0.0,0,0,0,"30,000",0,0,0,"30,000",0,"30,000","30,000"
709970,群聯統一63購03,0,0,0,0.0,0.0,0.0,0,0,0,"100,000",0,0,0,"100,000",0,"100,000","100,000"
709971,群聯國泰61購03,0,0,0,0.0,0.0,0.0,0,0,0,"-33,000",0,0,0,0,"33,000","-33,000","-33,000"
709977,宜鼎元大5C購09,0,0,0,0.0,0.0,0.0,0,0,0,"-81,000",0,0,0,"68,000","149,000","-81,000","-81,000"
709978,順達元大5C購08,0,0,0,0.0,0.0,0.0,0,0,0,"-58,000",0,0,0,0,"58,000","-58,000","-58,000"
709979,臺慶科元大5C購03,0,0,0,0.0,0.0,0.0,0,0,0,"-518,000",0,0,0,0,"518,000","-518,000","-518,000"
709980,雙鴻元大5C購06,0,0,0,0.0,0.0,0.0,0,0,0,"-476,000",0,0,0,"10,000","486,000","-476,000","-476,000"
709982,漢達永豐61購01,0,0,0,0.0,0.0,0.0,0,0,0,"1,000",0,0,0,"7,000","6,000","1,000","1,000"
709983,宜鼎元大5C購10,0,0,0,0.0,0.0,0.0,0,0,0,"864,000",0,0,0,"864,000",0,"864,000","864,000"
709984,千附國票61購01,0,0,0,0.0,0.0,0.0,0,0,0,"-1,000",0,0,0,0,"1,000","-1,000","-1,000"
709985,世禾國票61購01,0,0,0,0.0,0.0,0.0,0,0,0,"169,000",0,0,0,"169,000",0,"169,000","169,000"
709989,昇佳電國票61購01,0,0,0,0.0,0.0,0.0,0,0,0,"114,000",0,0,0,"146,000","32,000","114,000","114,000"
709994,新普國票61購01,0,0,0,0.0,0.0,0.0,0,0,0,"4,000",0,0,0,"4,000",0,"4,000","4,000"
709998,中美晶群益5C購03,0,0,0,0.0,0.0,0.0,0,0,0,"-214,000",0,0,0,"30,000","244,000","-214,000","-214,000"
709999,順達群益5C購02,0,0,0,0.0,0.0,0.0,0,0,0,"1,655,000",0,0,0,"1,655,000",0,"1,655,000","1,655,000"
710000,精材群益5C購02,0,0,0,0.0,0.0,0.0,0,0,0,"1,000",0,0,0,"1,000",0,"1,000","1,000"
710001,加高國泰61購01,0,0,0,0.0,0.0,0.0,0,0,0,"-7,000",0,0,0,0,"7,000","-7,000","-7,000"
710002,宜鼎國泰61購05,0,0,0,0.0,0.0,0.0,0,0,0,"-204,000",0,0,0,"7,000","211,000","-204,000","-204,000"
710003,宜鼎國泰61購06,0,0,0,0.0,0.0,0.0,0,0,0,"-22,000",0,0,0,"12,000","34,000","-22,000","-22,000"
710007,台半凱基61購03,0,0,0,0.0,0.0,0.0,0,0,0,"-139,000",0,0,0,"1,000","140,000","-139,000","-139,000"
710008,宜鼎凱基5C購06,0,0,0,0.0,0.0,0.0,0,0,0,"-49,000",0,0,0,"100,000","149,000","-49,000","-49,000"
710012,雙鴻凱基5C購10,0,0,0,0.0,0.0,0.0,0,0,0,"20,000",0,0,0,"20,000",0,"20,000","20,000"
710014,中美晶統一64購02,0,0,0,0.0,0.0,0.0,0,0,0,"48,000",0,0,0,"59,000","11,000","48,000","48,000"
710018,建榮統一63購01,0,0,0,0.0,0.0,0.0,0,0,0,"-1,000",0,0,0,0,"1,000","-1,000","-1,000"
710019,凱崴統一63購01,0,0,0,0.0,0.0,0.0,0,0,0,"-5,000",0,0,0,0,"5,000","-5,000","-5,000"
710020,凱崴統一65購01,0,0,0,0.0,0.0,0.0,0,0,0,"108,000",0,0,0,"108,000",0,"108,000","108,000"
710025,聖暉*統一6A購03,0,0,0,0.0,0.0,0.0,0,0,0,"-106,000",0,0,0,0,"106,000","-106,000","-106,000"
710027,雙鴻統一63購02,0,0,0,0.0,0.0,0.0,0,0,0,"-100,000",0,0,0,0,"100,000","-100,000","-100,000"
710030,宜鼎富邦63購02,0,0,0,0.0,0.0,0.0,0,0,0,"-119,000",0,0,0,"241,000","360,000","-119,000","-119,000"
710032,群聯富邦62購07,0,0,0,0.0,0.0,0.0,0,0,0,"-17,000",0,0,0,"150,000","167,000","-17,000","-17,000"
710033,群聯富邦62購08,0,0,0,0.0,0.0,0.0,0,0,0,"-16,000",0,0,0,0,"16,000","-16,000","-16,000"
710040,華景電永豐63購01,0,0,0,0.0,0.0,0.0,0,0,0,"-20,000",0,0,0,0,"20,000","-20,000","-20,000"
710041,群聯永豐5C購10,0,0,0,0.0,0.0,0.0,0,0,0,"45,000",0,0,0,"45,000",0,"45,000","45,000"
710042,群聯永豐5C購11,0,0,0,0.0,0.0,0.0,0,0,0,"-39,000",0,0,0,0,"39,000","-39,000","-39,000"
710046,千附國票61購02,0,0,0,0.0,0.0,0.0,0,0,0,"22,000",0,0,0,"63,000","41,000","22,000","22,000"
710047,中美晶國票61購02,0,0,0,0.0,0.0,0.0,0,0,0,"-50,000",0,0,0,0,"50,000","-50,000","-50,000"
710048,加高國票61購03,0,0,0,0.0,0.0,0.0,0,0,0,"46,000",0,0,0,"50,000","4,000","46,000","46,000"
710049,宏碁資國票61購01,0,0,0,0.0,0.0,0.0,0,0,0,"3,000",0,0,0,"33,000","30,000","3,000","3,000"
710058,廣運國票61購01,0,0,0,0.0,0.0,0.0,0,0,0,"10,000",0,0,0,"10,000",0,"10,000","10,000"
710060,營邦國票5C購02,0,0,0,0.0,0.0,0.0,0,0,0,"-32,000",0,0,0,0,"32,000","-32,000","-32,000"
710066,臺慶科凱基5C購05,0,0,0,0.0,0.0,0.0,0,0,0,"49,000",0,0,0,"99,000","50,000","49,000","49,000"
710067,廣閎科凱基5C購02,0,0,0,0.0,0.0,0.0,0,0,0,"-29,000",0,0,0,"100,000","129,000","-29,000","-29,000"
710068,營邦凱基5C購01,0,0,0,0.0,0.0,0.0,0,0,0,"-670,000",0,0,0,"300,000","970,000","-670,000","-670,000"
710069,營邦凱基5C購02,0,0,0,0.0,0.0,0.0,0,0,0,"38,000",0,0,0,"434,000","396,000","38,000","38,000"
710070,營邦凱基5C購03,0,0,0,0.0,0.0,0.0,0,0,0,"-844,000",0,0,0,"21,000","865,000","-844,000","-844,000"
710071,中美晶群益5C購04,0,0,0,0.0,0.0,0.0,0,0,0,"117,000",0,0,0,"150,000","33,000","117,000","117,000"
710073,營邦群益5C購01,0,0,0,0.0,0.0,0.0,0,0,0,"-1,075,000",0,0,0,"49,000","1,124,000","-1,075,000","-1,075,000"
710074,營邦群益5C購02,0,0,0,0.0,0.0,0.0,0,0,0,"-110,000",0,0,0,"50,000","160,000","-110,000","-110,000"
710077,宜鼎元大5C購11,0,0,0,0.0,0.0,0.0,0,0,0,"-730,000",0,0,0,"53,000","783,000","-730,000","-730,000"
710078,威剛元大61購05,0,0,0,0.0,0.0,0.0,0,0,0,"-660,000",0,0,0,"100,000","760,000","-660,000","-660,000"
710079,廣閎科元大5C購03,0,0,0,0.0,0.0,0.0,0,0,0,"-139,000",0,0,0,0,"139,000","-139,000","-139,000"
710080,營邦元大5C購01,0,0,0,0.0,0.0,0.0,0,0,0,"41,000",0,0,0,"248,000","207,000","41,000","41,000"
710083,營邦國泰61購01,0,0,0,0.0,0.0,0.0,0,0,0,"-9,000",0,0,0,"6,000","15,000","-9,000","-9,000"
710084,營邦富邦62購01,0,0,0,0.0,0.0,0.0,0,0,0,"-768,000",0,0,0,0,"768,000","-768,000","-768,000"
710086,中美晶統一66購03,0,0,0,0.0,0.0,0.0,0,0,0,"211,000",0,0,0,"288,000","77,000","211,000","211,000"
710088,朋程統一65購02,0,0,0,0.0,0.0,0.0,0,0,0,"-22,000",0,0,0,0,"22,000","-22,000","-22,000"
710091,威剛統一65購05,0,0,0,0.0,0.0,0.0,0,0,0,"-650,000",0,0,0,0,"650,000","-650,000","-650,000"
710095,聖暉*統一66購01,0,0,0,0.0,0.0,0.0,0,0,0,"100,000",0,0,0,"200,000","100,000","100,000","100,000"
710097,營邦統一66購01,0,0,0,0.0,0.0,0.0,0,0,0,"290,000",0,0,0,"308,000","18,000","290,000","290,000"
710098,營邦統一66購02,0,0,0,0.0,0.0,0.0,0,0,0,"93,000",0,0,0,"98,000","5,000","93,000","93,000"
710099,營邦統一66購03,0,0,0,0.0,0.0,0.0,0,0,0,"-100,000",0,0,0,0,"100,000","-100,000","-100,000"
710100,營邦統一6C購01,0,0,0,0.0,0.0,0.0,0,0,0,"149,000",0,0,0,"149,000",0,"149,000","149,000"
710101,中美晶台新5C購02,0,0,0,0.0,0.0,0.0,0,0,0,"39,000",0,0,0,"39,000",0,"39,000","39,000"
710102,中美晶台新5C購03,0,0,0,0.0,0.0,0.0,0,0,0,"-35,000",0,0,0,"1,000","36,000","-35,000","-35,000"
710103,東浦台新5C購02,0,0,0,0.0,0.0,0.0,0,0,0,"-10,000",0,0,0,0,"10,000","-10,000","-10,000"
710104,東浦台新5C購03,0,0,0,0.0,0.0,0.0,0,0,0,"50,000",0,0,0,"50,000",0,"50,000","50,000"
710106,聖暉*台新5C購02,0,0,0,0.0,0.0,0.0,0,0,0,"-12,000",0,0,0,0,"12,000","-12,000","-12,000"
710107,聖暉*台新5C購03,0,0,0,0.0,0.0,0.0,0,0,0,"1,000",0,0,0,"13,000","12,000","1,000","1,000"
710108,聖暉*台新5C購04,0,0,0,0.0,0.0,0.0,0,0,0,"15,000",0,0,0,"15,000",0,"15,000","15,000"
710110,銳澤台新5C購01,0,0,0,0.0,0.0,0.0,0,0,0,"10,000",0,0,0,"10,000",0,"10,000","10,000"
710111,騰雲台新5C購01,0,0,0,0.0,0.0,0.0,0,0,0,"-3,000",0,0,0,"7,000","10,000","-3,000","-3,000"
710112,中美晶凱基61購05,0,0,0,0.0,0.0,0.0,0,0,0,"-1,000",0,0,0,0,"1,000","-1,000","-1,000"
710116,威剛凱基5C購07,0,0,0,0.0,0.0,0.0,0,0,0,"-9,000",0,0,0,"1,000","10,000","-9,000","-9,000"
710118,宜鼎元大5C購12,0,0,0,0.0,0.0,0.0,0,0,0,"-129,000",0,0,0,"20,000","149,000","-129,000","-129,000"
710119,朋億*元大5C購01,0,0,0,0.0,0.0,0.0,0,0,0,"-67,000",0,0,0,0,"67,000","-67,000","-67,000"
710121,威剛元大5C購04,0,0,0,0.0,0.0,0.0,0,0,0,"-275,000",0,0,0,0,"275,000","-275,000","-275,000"
710123,臺慶科台新5C購01,0,0,0,0.0,0.0,0.0,0,0,0,"-26,000",0,0,0,0,"26,000","-26,000","-26,000"
710124,中美晶國票61購03,0,0,0,0.0,0.0,0.0,0,0,0,"60,000",0,0,0,"60,000",0,"60,000","60,000"
710128,宣德國票61購01,0,0,0,0.0,0.0,0.0,0,0,0,"-6,000",0,0,0,0,"6,000","-6,000","-6,000"
710134,世界永豐66購01,0,0,0,0.0,0.0,0.0,0,0,0,"20,000",0,0,0,"20,000",0,"20,000","20,000"
710138,中美晶富邦5C購01,0,0,0,0.0,0.0,0.0,0,0,0,"-106,000",0,0,0,"81,000","187,000","-106,000","-106,000"
710140,聖暉*富邦5C購03,0,0,0,0.0,0.0,0.0,0,0,0,"-706,000",0,0,0,0,"706,000","-706,000","-706,000"
710141,中美晶中信5C購01,0,0,0,0.0,0.0,0.0,0,0,0,"188,000",0,0,0,"523,000","335,000","188,000","188,000"
710145,廣閎科凱基5C購03,0,0,0,0.0,0.0,0.0,0,0,0,"-6,000",0,0,0,"34,000","40,000","-6,000","-6,000"
710146,中美晶台新5C購04,0,0,0,0.0,0.0,0.0,0,0,0,"-554,000",0,0,0,"297,000","851,000","-554,000","-554,000"
710149,均豪台新5C購02,0,0,0,0.0,0.0,0.0,0,0,0,"27,000",0,0,0,"27,000",0,"27,000","27,000"
710150,均豪台新5C購03,0,0,0,0.0,0.0,0.0,0,0,0,"4,000",0,0,0,"4,000",0,"4,000","4,000"
710151,宜鼎台新5C購06,0,0,0,0.0,0.0,0.0,0,0,0,"-68,000",0,0,0,"15,000","83,000","-68,000","-68,000"
710153,廣閎科台新5C購04,0,0,0,0.0,0.0,0.0,0,0,0,"-668,000",0,0,0,0,"668,000","-668,000","-668,000"
710154,台半元大5C購07,0,0,0,0.0,0.0,0.0,0,0,0,"54,000",0,0,0,"54,000",0,"54,000","54,000"
710155,宜鼎元大5C購13,0,0,0,0.0,0.0,0.0,0,0,0,"12,000",0,0,0,"169,000","157,000","12,000","12,000"
710156,威剛元大5C購05,0,0,0,0.0,0.0,0.0,0,0,0,"-328,000",0,0,0,"2,000","330,000","-328,000","-328,000"
710157,臺慶科元大5C購04,0,0,0,0.0,0.0,0.0,0,0,0,"-794,000",0,0,0,0,"794,000","-794,000","-794,000"
710161,台半富邦62購04,0,0,0,0.0,0.0,0.0,0,0,0,"-419,000",0,0,0,0,"419,000","-419,000","-419,000"
710162,台半富邦63購02,0,0,0,0.0,0.0,0.0,0,0,0,"-197,000",0,0,0,"9,000","206,000","-197,000","-197,000"
710165,鈊象富邦62購02,0,0,0,0.0,0.0,0.0,0,0,0,"-100,000",0,0,0,0,"100,000","-100,000","-100,000"
710166,營邦富邦62購02,0,0,0,0.0,0.0,0.0,0,0,0,"-23,000",0,0,0,"40,000","63,000","-23,000","-23,000"
710168,宜鼎永豐63購01,0,0,0,0.0,0.0,0.0,0,0,0,"32,000",0,0,0,"85,000","53,000","32,000","32,000"
710174,臺慶科群益5C購02,0,0,0,0.0,0.0,0.0,0,0,0,"-50,000",0,0,0,0,"50,000","-50,000","-50,000"
710175,台半凱基5C購04,0,0,0,0.0,0.0,0.0,0,0,0,"-19,000",0,0,0,"1,000","20,000","-19,000","-19,000"
710176,尼克森凱基5C購01,0,0,0,0.0,0.0,0.0,0,0,0,"-10,000",0,0,0,0,"10,000","-10,000","-10,000"
710178,朋程凱基5C購02,0,0,0,0.0,0.0,0.0,0,0,0,"439,000",0,0,0,"450,000","11,000","439,000","439,000"
710179,茂達凱基5C購01,0,0,0,0.0,0.0,0.0,0,0,0,"-20,000",0,0,0,0,"20,000","-20,000","-20,000"
710180,臺慶科凱基5C購06,0,0,0,0.0,0.0,0.0,0,0,0,"-5,000",0,0,0,0,"5,000","-5,000","-5,000"
710181,廣閎科凱基5C購04,0,0,0,0.0,0.0,0.0,0,0,0,"-377,000",0,0,0,"104,000","481,000","-377,000","-377,000"
710182,大中台新5C購01,0,0,0,0.0,0.0,0.0,0,0,0,"189,000",0,0,0,"189,000",0,"189,000","189,000"
710184,宜鼎台新61購02,0,0,0,0.0,0.0,0.0,0,0,0,"-12,000",0,0,0,"27,000","39,000","-12,000","-12,000"
710187,廣閎科台新61購01,0,0,0,0.0,0.0,0.0,0,0,0,"-5,000",0,0,0,0,"5,000","-5,000","-5,000"
710188,中美晶元大5C購11,0,0,0,0.0,0.0,0.0,0,0,0,"-10,000",0,0,0,0,"10,000","-10,000","-10,000"
710190,宜鼎元大5C購14,0,0,0,0.0,0.0,0.0,0,0,0,"-911,000",0,0,0,0,"911,000","-911,000","-911,000"
710191,威剛元大5C購06,0,0,0,0.0,0.0,0.0,0,0,0,"-158,000",0,0,0,0,"158,000","-158,000","-158,000"
710192,群聯中信64購01,0,0,0,0.0,0.0,0.0,0,0,0,"-39,000",0,0,0,0,"39,000","-39,000","-39,000"
710194,雙鴻中信66購02,0,0,0,0.0,0.0,0.0,0,0,0,"85,000",0,0,0,"85,000",0,"85,000","85,000"
710196,台半永豐64購01,0,0,0,0.0,0.0,0.0,0,0,0,"-40,000",0,0,0,0,"40,000","-40,000","-40,000"
710197,尼克森永豐64購01,0,0,0,0.0,0.0,0.0,0,0,0,"-40,000",0,0,0,0,"40,000","-40,000","-40,000"
710201,鈊象永豐61購01,0,0,0,0.0,0.0,0.0,0,0,0,"-60,000",0,0,0,0,"60,000","-60,000","-60,000"
710202,鴻呈永豐61購01,0,0,0,0.0,0.0,0.0,0,0,0,"-20,000",0,0,0,0,"20,000","-20,000","-20,000"
710204,世紀*國票61購01,0,0,0,0.0,0.0,0.0,0,0,0,"3,000",0,0,0,"29,000","26,000","3,000","3,000"
710208,茂達國票61購01,0,0,0,0.0,0.0,0.0,0,0,0,"-3,000",0,0,0,0,"3,000","-3,000","-3,000"
710215,臺慶科國票61購04,0,0,0,0.0,0.0,0.0,0,0,0,"-20,000",0,0,0,0,"20,000","-20,000","-20,000"
710217,聰泰國票61購01,0,0,0,0.0,0.0,0.0,0,0,0,"10,000",0,0,0,"10,000",0,"10,000","10,000"
710218,能率亞國泰61購01,0,0,0,0.0,0.0,0.0,0,0,0,0,0,0,0,"10,000","10,000",0,0
710220,廣閎科國泰61購02,0,0,0,0.0,0.0,0.0,0,0,0,"-1,017,000",0,0,0,"25,000","1,042,000","-1,017,000","-1,017,000"
710222,立碁富邦5C購02,0,0,0,0.0,0.0,0.0,0,0,0,"1,000",0,0,0,"1,000",0,"1,000","1,000"
710223,智通*富邦62購02,0,0,0,0.0,0.0,0.0,0,0,0,"49,000",0,0,0,"216,000","167,000","49,000","49,000"
710224,宜鼎群益5C購05,0,0,0,0.0,0.0,0.0,0,0,0,"-52,000",0,0,0,0,"52,000","-52,000","-52,000"
710231,富喬群益5C購04,0,0,0,0.0,0.0,0.0,0,0,0,"-1,059,000",0,0,0,0,"1,059,000","-1,059,000","-1,059,000"
710234,群聯群益61購05,0,0,0,0.0,0.0,0.0,0,0,0,0,0,0,0,"30,000","30,000",0,0
710235,雙鴻群益62購02,0,0,0,0.0,0.0,0.0,0,0,0,"-258,000",0,0,0,"129,000","387,000","-258,000","-258,000"
710239,中光電永豐61購01,0,0,0,0.0,0.0,0.0,0,0,0,"-247,000",0,0,0,"5,000","252,000","-247,000","-247,000"
710242,宜鼎永豐61購02,0,0,0,0.0,0.0,0.0,0,0,0,"-18,000",0,0,0,0,"18,000","-18,000","-18,000"
710244,達航永豐63購01,0,0,0,0.0,0.0,0.0,0,0,0,"38,000",0,0,0,"38,000",0,"38,000","38,000"
710246,台半元大5C購09,0,0,0,0.0,0.0,0.0,0,0,0,"-40,000",0,0,0,"34,000","74,000","-40,000","-40,000"
710247,台半元大63購03,0,0,0,0.0,0.0,0.0,0,0,0,"36,000",0,0,0,"36,000",0,"36,000","36,000"
710248,宏捷科元大5C購04,0,0,0,0.0,0.0,0.0,0,0,0,"29,000",0,0,0,"239,000","210,000","29,000","29,000"
710249,佳邦元大5C購01,0,0,0,0.0,0.0,0.0,0,0,0,"-1,000",0,0,0,0,"1,000","-1,000","-1,000"
710251,欣銓元大5C購02,0,0,0,0.0,0.0,0.0,0,0,0,"127,000",0,0,0,"127,000",0,"127,000","127,000"
710253,家登元大5C購05,0,0,0,0.0,0.0,0.0,0,0,0,"6,000",0,0,0,"6,000",0,"6,000","6,000"
710255,臺慶科元大5C購05,0,0,0,0.0,0.0,0.0,0,0,0,"-52,000",0,0,0,0,"52,000","-52,000","-52,000"
710256,台半國票61購04,0,0,0,0.0,0.0,0.0,0,0,0,"30,000",0,0,0,"30,000",0,"30,000","30,000"
710257,台半國票61購05,0,0,0,0.0,0.0,0.0,0,0,0,"-21,000",0,0,0,0,"21,000","-21,000","-21,000"
710258,青雲國票5C購01,0,0,0,0.0,0.0,0.0,0,0,0,"-225,000",0,0,0,"30,000","255,000","-225,000","-225,000"
710263,臺慶科台新5C購03,0,0,0,0.0,0.0,0.0,0,0,0,"-140,000",0,0,0,0,"140,000","-140,000","-140,000"
710269,漢達凱基5C購01,0,0,0,0.0,0.0,0.0,0,0,0,"-150,000",0,0,0,0,"150,000","-150,000","-150,000"
710270,精材凱基63購01,0,0,0,0.0,0.0,0.0,0,0,0,"84,000",0,0,0,"84,000",0,"84,000","84,000"
710271,世界國泰61購01,0,0,0,0.0,0.0,0.0,0,0,0,"40,000",0,0,0,"40,000",0,"40,000","40,000"
710272,穩得國泰61購01,0,0,0,0.0,0.0,0.0,0,0,0,"24,000",0,0,0,"24,000",0,"24,000","24,000"
710273,中光電富邦62購02,0,0,0,0.0,0.0,0.0,0,0,0,"21,000",0,0,0,"21,000",0,"21,000","21,000"
710276,FH中5G群益5C購01,0,0,0,0.0,0.0,0.0,0,0,0,"-400,000",0,0,0,0,"400,000","-400,000","-400,000"
710277,大中群益5C購01,0,0,0,0.0,0.0,0.0,0,0,0,"150,000",0,0,0,"180,000","30,000","150,000","150,000"
710279,中光電群益5C購02,0,0,0,0.0,0.0,0.0,0,0,0,"-75,000",0,0,0,"45,000","120,000","-75,000","-75,000"
710283,宏捷科群益5C購03,0,0,0,0.0,0.0,0.0,0,0,0,"-381,000",0,0,0,"29,000","410,000","-381,000","-381,000"
710286,榮剛群益61購01,0,0,0,0.0,0.0,0.0,0,0,0,"201,000",0,0,0,"201,000",0,"201,000","201,000"
710287,精材群益61購01,0,0,0,0.0,0.0,0.0,0,0,0,"8,000",0,0,0,"18,000","10,000","8,000","8,000"
710288,世界元大5C購08,0,0,0,0.0,0.0,0.0,0,0,0,"30,000",0,0,0,"30,000",0,"30,000","30,000"
710289,朋程元大5C購03,0,0,0,0.0,0.0,0.0,0,0,0,"245,000",0,0,0,"245,000",0,"245,000","245,000"
710291,世界台新5C購01,0,0,0,0.0,0.0,0.0,0,0,0,"-6,000",0,0,0,0,"6,000","-6,000","-6,000"
710294,天品國票5C購01,0,0,0,0.0,0.0,0.0,0,0,0,"-52,000",0,0,0,0,"52,000","-52,000","-52,000"
710296,立碁國票61購01,0,0,0,0.0,0.0,0.0,0,0,0,"-50,000",0,0,0,0,"50,000","-50,000","-50,000"
710297,亞通國票5C購01,0,0,0,0.0,0.0,0.0,0,0,0,"-203,000",0,0,0,0,"203,000","-203,000","-203,000"
710303,寶雅國票61購02,"1,000",0,"1,000",0.0,0.0,0.0,0,0,0,"-1,000",0,0,0,0,"1,000","-1,000",0
710304,大中凱基5C購01,0,0,0,0.0,0.0,0.0,0,0,0,"-36,000",0,0,0,0,"36,000","-36,000","-36,000"
710309,欣銓凱基5C購01,0,0,0,0.0,0.0,0.0,0,0,0,"27,000",0,0,0,"27,000",0,"27,000","27,000"
710310,青雲凱基5C購01,0,0,0,0.0,0.0,0.0,0,0,0,"45,000",0,0,0,"45,000",0,"45,000","45,000"
710311,威剛凱基61購02,0,0,0,0.0,0.0,0.0,0,0,0,"1,000",0,0,0,"1,000",0,"1,000","1,000"
710316,聖暉*群益5C購03,0,0,0,0.0,0.0,0.0,0,0,0,"-137,000",0,0,0,"106,000","243,000","-137,000","-137,000"
710317,台嘉碩國泰61購01,0,0,0,0.0,0.0,0.0,0,0,0,"-1,000",0,0,0,0,"1,000","-1,000","-1,000"
710318,宜鼎國泰62購01,0,0,0,0.0,0.0,0.0,0,0,0,"22,000",0,0,0,"44,000","22,000","22,000","22,000"
710320,原相國泰61購01,0,0,0,0.0,0.0,0.0,0,0,0,"-38,000",0,0,0,"4,000","42,000","-38,000","-38,000"
710323,宜鼎富邦5C購05,0,0,0,0.0,0.0,0.0,0,0,0,"-49,000",0,0,0,"10,000","59,000","-49,000","-49,000"
710328,群聯永豐64購06,0,0,0,0.0,0.0,0.0,0,0,0,"64,000",0,0,0,"64,000",0,"64,000","64,000"
710329,群聯永豐66購01,0,0,0,0.0,0.0,0.0,0,0,0,"-20,000",0,0,0,0,"20,000","-20,000","-20,000"
710331,中光電台新5C購01,0,0,0,0.0,0.0,0.0,0,0,0,"-109,000",0,0,0,0,"109,000","-109,000","-109,000"
710332,中光電台新5C購02,0,0,0,0.0,0.0,0.0,0,0,0,"-196,000",0,0,0,"78,000","274,000","-196,000","-196,000"
710334,精材台新61購01,0,0,0,0.0,0.0,0.0,0,0,0,"137,000",0,0,0,"142,000","5,000","137,000","137,000"
710335,精材台新61購02,0,0,0,0.0,0.0,0.0,0,0,0,"22,000",0,0,0,"22,000",0,"22,000","22,000"
710338,聖暉*凱基5C購03,0,0,0,0.0,0.0,0.0,0,0,0,"-10,000",0,0,0,0,"10,000","-10,000","-10,000"
710339,宜鼎元大5C購15,0,0,0,0.0,0.0,0.0,0,0,0,"-746,000",0,0,0,"157,000","903,000","-746,000","-746,000"
710340,富喬元大65購01,0,0,0,0.0,0.0,0.0,0,0,0,"-20,000",0,0,0,0,"20,000","-20,000","-20,000"
710342,精材元大5C購05,0,0,0,0.0,0.0,0.0,0,0,0,"-178,000",0,0,0,"61,000","239,000","-178,000","-178,000"
710343,臺慶科元大5C購06,0,0,0,0.0,0.0,0.0,0,0,0,"79,000",0,0,0,"79,000",0,"79,000","79,000"
710349,富喬永豐5C購03,0,0,0,0.0,0.0,0.0,0,0,0,"-10,000",0,0,0,0,"10,000","-10,000","-10,000"
710351,雙鴻永豐63購03,0,0,0,0.0,0.0,0.0,0,0,0,"-55,000",0,0,0,0,"55,000","-55,000","-55,000"
710352,寶雅永豐5C購01,0,"1,000","-1,000",0.0,0.0,0.0,0,0,0,"-30,000",0,0,0,"1,000","31,000","-30,000","-31,000"
710354,精材中信64購01,0,0,0,0.0,0.0,0.0,0,0,0,"-62,000",0,0,0,0,"62,000","-62,000","-62,000"
710359,亞信國票61購01,0,0,0,0.0,0.0,0.0,0,0,0,"-9,000",0,0,0,0,"9,000","-9,000","-9,000"
710364,智擎國票61購01,0,0,0,0.0,0.0,0.0,0,0,0,"105,000",0,0,0,"125,000","20,000","105,000","105,000"
710366,漢達國票65購01,0,0,0,0.0,0.0,0.0,0,0,0,"-309,000",0,0,0,0,"309,000","-309,000","-309,000"
710372,宜鼎凱基5C購08,0,0,0,0.0,0.0,0.0,0,0,0,"-25,000",0,0,0,0,"25,000","-25,000","-25,000"
710373,群聯凱基5C購10,0,0,0,0.0,0.0,0.0,0,0,0,"-20,000",0,0,0,0,"20,000","-20,000","-20,000"
710375,精材凱基5C購05,0,0,0,0.0,0.0,0.0,0,0,0,"177,000",0,0,0,"182,000","5,000","177,000","177,000"
710376,世界台新5C購03,0,0,0,0.0,0.0,0.0,0,0,0,"45,000",0,0,0,"45,000",0,"45,000","45,000"
710380,東浦台新5C購05,0,0,0,0.0,0.0,0.0,0,0,0,"-100,000",0,0,0,0,"100,000","-100,000","-100,000"
710382,青雲台新5C購01,0,0,0,0.0,0.0,0.0,0,0,0,"-510,000",0,0,0,0,"510,000","-510,000","-510,000"
710385,宜鼎元大5C購16,0,0,0,0.0,0.0,0.0,0,0,0,"-330,000",0,0,0,"921,000","1,251,000","-330,000","-330,000"
710386,富喬元大65購02,0,0,0,0.0,0.0,0.0,0,0,0,"-30,000",0,0,0,0,"30,000","-30,000","-30,000"
710387,精材元大5C購06,0,0,0,0.0,0.0,0.0,0,0,0,"6,000",0,0,0,"21,000","15,000","6,000","6,000"
710390,精材元大61購09,0,0,0,0.0,0.0,0.0,0,0,0,"-10,000",0,0,0,"15,000","25,000","-10,000","-10,000"
710391,精材元大63購04,0,0,0,0.0,0.0,0.0,0,0,0,"-75,000",0,0,0,"55,000","130,000","-75,000","-75,000"
710392,世界中信63購01,0,0,0,0.0,0.0,0.0,0,0,0,"15,000",0,0,0,"35,000","20,000","15,000","15,000"
710395,世禾永豐5C購01,0,0,0,0.0,0.0,0.0,0,0,0,"-37,000",0,0,0,0,"37,000","-37,000","-37,000"
710398,安勤永豐63購01,0,0,0,0.0,0.0,0.0,0,0,0,"5,000",0,0,0,"76,000","71,000","5,000","5,000"
710399,均豪永豐5C購03,0,0,0,0.0,0.0,0.0,0,0,0,"53,000",0,0,0,"53,000",0,"53,000","53,000"
710400,均豪永豐5C購04,0,0,0,0.0,0.0,0.0,0,0,0,"8,000",0,0,0,"8,000",0,"8,000","8,000"
710403,晶焱永豐5C購01,0,0,0,0.0,0.0,0.0,0,0,0,"-24,000",0,0,0,0,"24,000","-24,000","-24,000"
710406,湧德永豐5C購01,0,0,0,0.0,0.0,0.0,0,0,0,"-7,000",0,0,0,0,"7,000","-7,000","-7,000"
710408,聖暉*永豐5C購03,0,0,0,0.0,0.0,0.0,0,0,0,"-10,000",0,0,0,0,"10,000","-10,000","-10,000"
710409,聖暉*永豐5C購04,0,0,0,0.0,0.0,0.0,0,0,0,"86,000",0,0,0,"86,000",0,"86,000","86,000"
710411,精材永豐5C購04,0,0,0,0.0,0.0,0.0,0,0,0,"-16,000",0,0,0,"4,000","20,000","-16,000","-16,000"
710412,精材永豐63購02,0,0,0,0.0,0.0,0.0,0,0,0,"-945,000",0,0,0,"23,000","968,000","-945,000","-945,000"
710414,雙鴻永豐5C購05,0,0,0,0.0,0.0,0.0,0,0,0,"-57,000",0,0,0,0,"57,000","-57,000","-57,000"
710418,宇峻國票61購01,0,0,0,0.0,0.0,0.0,0,0,0,"-3,000",0,0,0,"100,000","103,000","-3,000","-3,000"
710419,安勤國票61購02,0,0,0,0.0,0.0,0.0,0,0,0,"-3,000",0,0,0,"6,000","9,000","-3,000","-3,000"
710420,青雲國票5C購02,0,0,0,0.0,0.0,0.0,0,0,0,"-275,000",0,0,0,0,"275,000","-275,000","-275,000"
710422,精材國票61購03,0,0,0,0.0,0.0,0.0,0,0,0,"-16,000",0,0,0,0,"16,000","-16,000","-16,000"
710423,鑫科國票5C購01,0,0,0,0.0,0.0,0.0,0,0,0,"-20,000",0,0,0,0,"20,000","-20,000","-20,000"
710424,巨有群益5C購01,0,0,0,0.0,0.0,0.0,0,0,0,"-30,000",0,0,0,0,"30,000","-30,000","-30,000"
710425,智通*群益5C購01,0,0,0,0.0,0.0,0.0,0,0,0,"-2,000",0,0,0,"8,000","10,000","-2,000","-2,000"
710426,智通*群益63購01,0,0,0,0.0,0.0,0.0,0,0,0,"604,000",0,0,0,"669,000","65,000","604,000","604,000"
710428,杰力國泰61購01,0,0,0,0.0,0.0,0.0,0,0,0,"-100,000",0,0,0,0,"100,000","-100,000","-100,000"
710430,威剛富邦5C購02,0,0,0,0.0,0.0,0.0,0,0,0,"-181,000",0,0,0,0,"181,000","-181,000","-181,000"
710431,精材富邦5C購01,0,0,0,0.0,0.0,0.0,0,0,0,"22,000",0,0,0,"357,000","335,000","22,000","22,000"
710432,安勤凱基62購01,0,0,0,0.0,0.0,0.0,0,0,0,"50,000",0,0,0,"497,000","447,000","50,000","50,000"
710434,宜鼎凱基5C購09,0,0,0,0.0,0.0,0.0,0,0,0,"-255,000",0,0,0,"62,000","317,000","-255,000","-255,000"
710436,富喬凱基63購02,0,0,0,0.0,0.0,0.0,0,0,0,"-10,000",0,0,0,0,"10,000","-10,000","-10,000"
710438,群聯凱基5C購11,0,0,0,0.0,0.0,0.0,0,0,0,"55,000",0,0,0,"80,000","25,000","55,000","55,000"
710439,群聯凱基5C購12,0,0,0,0.0,0.0,0.0,0,0,0,"67,000",0,0,0,"67,000",0,"67,000","67,000"
710441,中美晶元大5C購12,0,0,0,0.0,0.0,0.0,0,0,0,"12,000",0,0,0,"24,000","12,000","12,000","12,000"
710442,世界元大66購03,0,0,0,0.0,0.0,0.0,0,0,0,"-367,000",0,0,0,0,"367,000","-367,000","-367,000"
710443,宜鼎元大5C購17,0,0,0,0.0,0.0,0.0,0,0,0,"57,000",0,0,0,"494,000","437,000","57,000","57,000"
710446,智通*元大5C購01,0,0,0,0.0,0.0,0.0,0,0,0,"-314,000",0,0,0,"362,000","676,000","-314,000","-314,000"
710447,智通*元大5C購02,0,0,0,0.0,0.0,0.0,0,0,0,"160,000",0,0,0,"160,000",0,"160,000","160,000"
710448,智通*元大63購01,0,0,0,0.0,0.0,0.0,0,0,0,"-565,000",0,0,0,0,"565,000","-565,000","-565,000"
710451,磐儀國票64購01,0,0,0,0.0,0.0,0.0,0,0,0,"196,000",0,0,0,"233,000","37,000","196,000","196,000"
710454,竹陞國票64購01,0,0,0,0.0,0.0,0.0,0,0,0,"-9,000",0,0,0,0,"9,000","-9,000","-9,000"
710457,千附國票64購01,0,0,0,0.0,0.0,0.0,0,0,0,"-56,000",0,0,0,"34,000","90,000","-56,000","-56,000"
710458,智通*國票61購01,0,0,0,0.0,0.0,0.0,0,0,0,"1,000",0,0,0,"19,000","18,000","1,000","1,000"
710459,智通*國票61購02,0,0,0,0.0,0.0,0.0,0,0,0,"19,000",0,0,0,"19,000",0,"19,000","19,000"
710463,中光電永豐5C購01,0,0,0,0.0,0.0,0.0,0,0,0,"-154,000",0,0,0,0,"154,000","-154,000","-154,000"
710465,營邦永豐5C購01,0,0,0,0.0,0.0,0.0,0,0,0,"-44,000",0,0,0,0,"44,000","-44,000","-44,000"
710466,營邦永豐5C購02,0,0,0,0.0,0.0,0.0,0,0,0,"-80,000",0,0,0,0,"80,000","-80,000","-80,000"
710469,聖暉*台新5C購07,0,0,0,0.0,0.0,0.0,0,0,0,"-58,000",0,0,0,0,"58,000","-58,000","-58,000"
710471,久元富邦63購01,0,0,0,0.0,0.0,0.0,0,0,0,"-82,000",0,0,0,0,"82,000","-82,000","-82,000"
710472,原相富邦5C購01,0,0,0,0.0,0.0,0.0,0,0,0,"14,000",0,0,0,"14,000",0,"14,000","14,000"
710473,達航富邦62購01,0,0,0,0.0,0.0,0.0,0,0,0,"-80,000",0,0,0,0,"80,000","-80,000","-80,000"
710474,營邦富邦63購02,0,0,0,0.0,0.0,0.0,0,0,0,"-1,000",0,0,0,"11,000","12,000","-1,000","-1,000"
710475,營邦富邦63購03,0,0,0,0.0,0.0,0.0,0,0,0,"1,000",0,0,0,"1,000",0,"1,000","1,000"
710478,世界元大66購04,0,0,0,0.0,0.0,0.0,0,0,0,"-500,000",0,0,0,0,"500,000","-500,000","-500,000"
710481,宜鼎元大61購05,0,0,0,0.0,0.0,0.0,0,0,0,"1,169,000",0,0,0,"1,318,000","149,000","1,169,000","1,169,000"
710485,臺慶科元大61購01,0,0,0,0.0,0.0,0.0,0,0,0,"-695,000",0,0,0,0,"695,000","-695,000","-695,000"
710486,千附精台新61購01,0,0,0,0.0,0.0,0.0,0,0,0,"27,000",0,0,0,"27,000",0,"27,000","27,000"
710487,元太台新61購01,0,0,0,0.0,0.0,0.0,0,0,0,"-118,000",0,0,0,0,"118,000","-118,000","-118,000"
710488,竹陞台新61購01,0,0,0,0.0,0.0,0.0,0,0,0,"27,000",0,0,0,"27,000",0,"27,000","27,000"
710489,譜瑞台新61購01,0,0,0,0.0,0.0,0.0,0,0,0,"-1,000",0,0,0,0,"1,000","-1,000","-1,000"
710490,譜瑞台新61購02,0,0,0,0.0,0.0,0.0,0,0,0,"-78,000",0,0,0,0,"78,000","-78,000","-78,000"
710491,千附精凱基61購01,0,0,0,0.0,0.0,0.0,0,0,0,"97,000",0,0,0,"120,000","23,000","97,000","97,000"
710492,千附精凱基61購02,0,0,0,0.0,0.0,0.0,0,0,0,"100,000",0,0,0,"111,000","11,000","100,000","100,000"
710493,中光電凱基61購01,0,0,0,0.0,0.0,0.0,0,0,0,"-53,000",0,0,0,"27,000","80,000","-53,000","-53,000"
710494,元太凱基61購02,0,0,0,0.0,0.0,0.0,0,0,0,"-76,000",0,0,0,0,"76,000","-76,000","-76,000"
710495,元太凱基61購03,0,0,0,0.0,0.0,0.0,0,0,0,"-225,000",0,0,0,0,"225,000","-225,000","-225,000"
710496,元太凱基61購04,0,0,0,0.0,0.0,0.0,0,0,0,"-210,000",0,0,0,0,"210,000","-210,000","-210,000"
710497,元太凱基61購05,0,0,0,0.0,0.0,0.0,0,0,0,"-272,000",0,0,0,0,"272,000","-272,000","-272,000"
710498,元太凱基61購06,0,0,0,0.0,0.0,0.0,0,0,0,"-40,000",0,0,0,0,"40,000","-40,000","-40,000"
710499,世紀*凱基61購01,0,0,0,0.0,0.0,0.0,0,0,0,"-78,000",0,0,0,"2,000","80,000","-78,000","-78,000"
710500,竹陞凱基61購01,0,0,0,0.0,0.0,0.0,0,0,0,"5,000",0,0,0,"5,000",0,"5,000","5,000"
710501,原相凱基61購01,0,0,0,0.0,0.0,0.0,0,0,0,"-155,000",0,0,0,0,"155,000","-155,000","-155,000"
710502,譜瑞凱基61購02,0,0,0,0.0,0.0,0.0,0,0,0,"-55,000",0,0,0,"11,000","66,000","-55,000","-55,000"
710503,譜瑞凱基61購03,0,0,0,0.0,0.0,0.0,0,0,0,"118,000",0,0,0,"129,000","11,000","118,000","118,000"
710504,譜瑞凱基61購04,0,0,0,0.0,0.0,0.0,0,0,0,"40,000",0,0,0,"120,000","80,000","40,000","40,000"
710505,譜瑞凱基61購05,0,0,0,0.0,0.0,0.0,0,0,0,"-68,000",0,0,0,0,"68,000","-68,000","-68,000"
710506,千附精群益61購01,0,0,0,0.0,0.0,0.0,0,0,0,"-224,000",0,0,0,"6,000","230,000","-224,000","-224,000"
710507,譜瑞群益61購01,0,0,0,0.0,0.0,0.0,0,0,0,"-244,000",0,0,0,0,"244,000","-244,000","-244,000"
710508,91APP*國票62購01,0,0,0,0.0,0.0,0.0,0,0,0,"10,000",0,0,0,"10,000",0,"10,000","10,000"
710510,世紀*國票62購01,0,0,0,0.0,0.0,0.0,0,0,0,"10,000",0,0,0,"10,000",0,"10,000","10,000"
710511,竹陞國票62購01,0,0,0,0.0,0.0,0.0,0,0,0,"108,000",0,0,0,"108,000",0,"108,000","108,000"
710512,宜鼎國票62購02,0,0,0,0.0,0.0,0.0,0,0,0,"-27,000",0,0,0,0,"27,000","-27,000","-27,000"
710513,長佳智國票62購01,0,0,0,0.0,0.0,0.0,0,0,0,"-810,000",0,0,0,0,"810,000","-810,000","-810,000"
710515,威剛國票62購02,0,0,0,0.0,0.0,0.0,0,0,0,"-104,000",0,0,0,0,"104,000","-104,000","-104,000"
710522,雙鴻國票62購01,0,0,0,0.0,0.0,0.0,0,0,0,"-19,000",0,0,0,0,"19,000","-19,000","-19,000"
710526,大江永豐61購01,0,0,0,0.0,0.0,0.0,0,0,0,"-457,000",0,0,0,0,"457,000","-457,000","-457,000"
710527,元太永豐61購02,0,0,0,0.0,0.0,0.0,0,0,0,"-139,000",0,0,0,0,"139,000","-139,000","-139,000"
710528,元太永豐61購03,0,0,0,0.0,0.0,0.0,0,0,0,"-201,000",0,0,0,0,"201,000","-201,000","-201,000"
710529,邑錡永豐64購01,0,0,0,0.0,0.0,0.0,0,0,0,"-1,000",0,0,0,0,"1,000","-1,000","-1,000"
710530,威剛永豐61購04,0,0,0,0.0,0.0,0.0,0,0,0,"-49,000",0,0,0,0,"49,000","-49,000","-49,000"
710532,鈊象永豐65購01,0,0,0,0.0,0.0,0.0,0,0,0,"100,000",0,0,0,"100,000",0,"100,000","100,000"
710534,新普永豐61購01,0,0,0,0.0,0.0,0.0,0,0,0,"-8,000",0,0,0,0,"8,000","-8,000","-8,000"
710535,譜瑞永豐61購01,0,0,0,0.0,0.0,0.0,0,0,0,"-200,000",0,0,0,0,"200,000","-200,000","-200,000"
710536,譜瑞永豐61購02,0,0,0,0.0,0.0,0.0,0,0,0,"-100,000",0,0,0,0,"100,000","-100,000","-100,000"
710538,譜瑞永豐61購04,0,0,0,0.0,0.0,0.0,0,0,0,"-196,000",0,0,0,0,"196,000","-196,000","-196,000"
710539,譜瑞永豐64購01,0,0,0,0.0,0.0,0.0,0,0,0,"-59,000",0,0,0,0,"59,000","-59,000","-59,000"
710540,譜瑞永豐64購02,0,0,0,0.0,0.0,0.0,0,0,0,"-100,000",0,0,0,0,"100,000","-100,000","-100,000"
710541,譜瑞永豐67購01,0,0,0,0.0,0.0,0.0,0,0,0,"-54,000",0,0,0,0,"54,000","-54,000","-54,000"
710544,中光電國泰62購01,0,0,0,0.0,0.0,0.0,0,0,0,"-3,000",0,0,0,0,"3,000","-3,000","-3,000"
710545,巨有國泰62購01,0,0,0,0.0,0.0,0.0,0,0,0,"-21,000",0,0,0,0,"21,000","-21,000","-21,000"
710546,竹陞國泰62購01,0,0,0,0.0,0.0,0.0,0,0,0,"58,000",0,0,0,"58,000",0,"58,000","58,000"
710548,青雲國泰62購02,0,0,0,0.0,0.0,0.0,0,0,0,"3,000",0,0,0,"3,000",0,"3,000","3,000"
710550,元太富邦64購01,0,0,0,0.0,0.0,0.0,0,0,0,"-4,000",0,0,0,0,"4,000","-4,000","-4,000"
710551,安勤富邦62購01,0,0,0,0.0,0.0,0.0,0,0,0,"569,000",0,0,0,"694,000","125,000","569,000","569,000"
710552,譜瑞富邦63購01,0,0,0,0.0,0.0,0.0,0,0,0,"-13,000",0,0,0,"10,000","23,000","-13,000","-13,000"
710553,譜瑞富邦64購01,0,0,0,0.0,0.0,0.0,0,0,0,"-234,000",0,0,0,0,"234,000","-234,000","-234,000"
710554,宜鼎中信61購02,0,0,0,0.0,0.0,0.0,0,0,0,"-172,000",0,0,0,"104,000","276,000","-172,000","-172,000"
710555,中光電永豐61購02,0,0,0,0.0,0.0,0.0,0,0,0,"-55,000",0,0,0,0,"55,000","-55,000","-55,000"
710557,竹陞永豐64購01,0,0,0,0.0,0.0,0.0,0,0,0,"5,000",0,0,0,"5,000",0,"5,000","5,000"
710558,竹陞永豐65購01,0,0,0,0.0,0.0,0.0,0,0,0,"20,000",0,0,0,"20,000",0,"20,000","20,000"
710559,均豪永豐64購01,0,0,0,0.0,0.0,0.0,0,0,0,"46,000",0,0,0,"46,000",0,"46,000","46,000"
710560,宏捷科永豐61購01,0,0,0,0.0,0.0,0.0,0,0,0,"-158,000",0,0,0,"100,000","258,000","-158,000","-158,000"
710561,宜鼎永豐61購03,0,0,0,0.0,0.0,0.0,0,0,0,"-55,000",0,0,0,"15,000","70,000","-55,000","-55,000"
710562,宜鼎永豐64購02,0,0,0,0.0,0.0,0.0,0,0,0,"-77,000",0,0,0,"18,000","95,000","-77,000","-77,000"
710563,威剛永豐61購06,0,0,0,0.0,0.0,0.0,0,0,0,"-40,000",0,0,0,0,"40,000","-40,000","-40,000"
710564,威剛永豐61購07,0,0,0,0.0,0.0,0.0,0,0,0,"-61,000",0,0,0,0,"61,000","-61,000","-61,000"
710573,雙鴻永豐61購05,0,0,0,0.0,0.0,0.0,0,0,0,"-96,000",0,0,0,0,"96,000","-96,000","-96,000"
710575,雙鴻永豐67購01,0,0,0,0.0,0.0,0.0,0,0,0,"-539,000",0,0,0,"75,000","614,000","-539,000","-539,000"
710576,中光電元大61購01,0,0,0,0.0,0.0,0.0,0,0,0,"-649,000",0,0,0,0,"649,000","-649,000","-649,000"
710577,中光電元大61購02,0,0,0,0.0,0.0,0.0,0,0,0,"-258,000",0,0,0,"13,000","271,000","-258,000","-258,000"
710578,中光電元大61購03,0,0,0,0.0,0.0,0.0,0,0,0,"-604,000",0,0,0,"68,000","672,000","-604,000","-604,000"
710582,宏捷科元大67購01,0,0,0,0.0,0.0,0.0,0,0,0,"-281,000",0,0,0,"184,000","465,000","-281,000","-281,000"
710584,欣銓元大61購01,0,0,0,0.0,0.0,0.0,0,0,0,"110,000",0,0,0,"112,000","2,000","110,000","110,000"
710585,原相元大61購01,0,0,0,0.0,0.0,0.0,0,0,0,"-346,000",0,0,0,0,"346,000","-346,000","-346,000"
710588,群聯元大64購06,0,0,0,0.0,0.0,0.0,0,0,0,"-139,000",0,0,0,"50,000","189,000","-139,000","-139,000"
710589,臺慶科元大61購02,0,0,0,0.0,0.0,0.0,0,0,0,"-71,000",0,0,0,"52,000","123,000","-71,000","-71,000"
710590,中美晶群益64購01,0,0,0,0.0,0.0,0.0,0,0,0,"-5,000",0,0,0,"5,000","10,000","-5,000","-5,000"
710591,竹陞群益61購01,0,0,0,0.0,0.0,0.0,0,0,0,"39,000",0,0,0,"40,000","1,000","39,000","39,000"
710593,佳邦群益61購01,0,0,0,0.0,0.0,0.0,0,0,0,"-10,000",0,0,0,0,"10,000","-10,000","-10,000"
710594,宜特群益61購01,0,0,0,0.0,0.0,0.0,0,0,0,"-130,000",0,0,0,"78,000","208,000","-130,000","-130,000"
710595,青雲群益62購01,0,0,0,0.0,0.0,0.0,0,0,0,"-35,000",0,0,0,"8,000","43,000","-35,000","-35,000"
710598,家登國泰62購01,0,0,0,0.0,0.0,0.0,0,0,0,"-113,000",0,0,0,0,"113,000","-113,000","-113,000"
710600,中光電富邦63購01,0,0,0,0.0,0.0,0.0,0,0,0,"740,000",0,0,0,"826,000","86,000","740,000","740,000"
710601,宏觀富邦63購01,0,0,0,0.0,0.0,0.0,0,0,0,"-10,000",0,0,0,0,"10,000","-10,000","-10,000"
710602,茂達富邦63購01,0,0,0,0.0,0.0,0.0,0,0,0,"-18,000",0,0,0,0,"18,000","-18,000","-18,000"
710604,湧德富邦63購01,0,0,0,0.0,0.0,0.0,0,0,0,"-138,000",0,0,0,0,"138,000","-138,000","-138,000"
710605,中光電凱基61購02,0,0,0,0.0,0.0,0.0,0,0,0,0,0,0,0,"30,000","30,000",0,0
710606,巨有凱基61購01,0,0,0,0.0,0.0,0.0,0,0,0,"-20,000",0,0,0,0,"20,000","-20,000","-20,000"
710607,宜鼎凱基61購01,0,0,0,0.0,0.0,0.0,0,0,0,"-499,000",0,0,0,"90,000","589,000","-499,000","-499,000"
710609,臺慶科凱基61購02,0,0,0,0.0,0.0,0.0,0,0,0,"105,000",0,0,0,"105,000",0,"105,000","105,000"
710610,雙鴻凱基64購01,0,0,0,0.0,0.0,0.0,0,0,0,"-148,000",0,0,0,"416,000","564,000","-148,000","-148,000"
710613,宜鼎台新61購03,0,0,0,0.0,0.0,0.0,0,0,0,"-376,000",0,0,0,"188,000","564,000","-376,000","-376,000"
710618,群聯台新61購01,0,0,0,0.0,0.0,0.0,0,0,0,"52,000",0,0,0,"71,000","19,000","52,000","52,000"
710620,中光電元大61購04,0,0,0,0.0,0.0,0.0,0,0,0,"-535,000",0,0,0,0,"535,000","-535,000","-535,000"
710621,台嘉碩元大61購01,0,0,0,0.0,0.0,0.0,0,0,0,"15,000",0,0,0,"15,000",0,"15,000","15,000"
710622,安可元大61購01,0,0,0,0.0,0.0,0.0,0,0,0,"8,000",0,0,0,"8,000",0,"8,000","8,000"
710623,竹陞元大61購01,0,0,0,0.0,0.0,0.0,0,0,0,"400,000",0,0,0,"400,000",0,"400,000","400,000"
710624,宜鼎元大61購06,0,0,0,0.0,0.0,0.0,0,0,0,"194,000",0,0,0,"337,000","143,000","194,000","194,000"
710628,晟田元大61購01,0,0,0,0.0,0.0,0.0,0,0,0,"-122,000",0,0,0,"28,000","150,000","-122,000","-122,000"
710629,堡達元大61購01,0,0,0,0.0,0.0,0.0,0,0,0,"-23,000",0,0,0,0,"23,000","-23,000","-23,000"
710632,碩禾元大61購03,0,0,0,0.0,0.0,0.0,0,0,0,"-20,000",0,0,0,0,"20,000","-20,000","-20,000"
710633,臺慶科元大64購01,0,0,0,0.0,0.0,0.0,0,0,0,"-123,000",0,0,0,0,"123,000","-123,000","-123,000"
710634,臺慶科元大67購01,0,0,0,0.0,0.0,0.0,0,0,0,"52,000",0,0,0,"52,000",0,"52,000","52,000"
710635,寶雅元大61購01,0,0,0,0.0,0.0,0.0,0,0,0,"-21,000",0,0,0,"13,000","34,000","-21,000","-21,000"
710636,川寶國票65購01,0,0,0,0.0,0.0,0.0,0,0,0,"-7,000",0,0,0,0,"7,000","-7,000","-7,000"
710640,安可國票61購01,0,0,0,0.0,0.0,0.0,0,0,0,"-1,000",0,0,0,0,"1,000","-1,000","-1,000"
710641,金雨國票65購01,0,0,0,0.0,0.0,0.0,0,0,0,"-3,000",0,0,0,0,"3,000","-3,000","-3,000"
710643,威潤國票65購01,0,0,0,0.0,0.0,0.0,0,0,0,"-270,000",0,0,0,0,"270,000","-270,000","-270,000"
710644,茂達國票65購01,0,0,0,0.0,0.0,0.0,0,0,0,"-19,000",0,0,0,0,"19,000","-19,000","-19,000"
710646,晟田國票61購01,0,0,0,0.0,0.0,0.0,0,0,0,"-78,000",0,0,0,"28,000","106,000","-78,000","-78,000"
710650,精拓科國票65購01,0,0,0,0.0,0.0,0.0,0,0,0,"-14,000",0,0,0,0,"14,000","-14,000","-14,000"
710651,廣積國票65購01,0,0,0,0.0,0.0,0.0,0,0,0,"13,000",0,0,0,"71,000","58,000","13,000","13,000"
710654,中美晶群益63購01,0,0,0,0.0,0.0,0.0,0,0,0,"-549,000",0,0,0,"50,000","599,000","-549,000","-549,000"
710658,巨漢群益61購01,0,0,0,0.0,0.0,0.0,0,0,0,"-3,000",0,0,0,"5,000","8,000","-3,000","-3,000"
710659,宜鼎群益61購01,0,0,0,0.0,0.0,0.0,0,0,0,"188,000",0,0,0,"291,000","103,000","188,000","188,000"
710665,陽程群益61購01,0,0,0,0.0,0.0,0.0,0,0,0,"10,000",0,0,0,"10,000",0,"10,000","10,000"
710667,川寶凱基61購01,0,0,0,0.0,0.0,0.0,0,0,0,"-140,000",0,0,0,0,"140,000","-140,000","-140,000"
710668,中美晶凱基61購06,0,0,0,0.0,0.0,0.0,0,0,0,"6,000",0,0,0,"6,000",0,"6,000","6,000"
710669,日揚凱基61購01,0,0,0,0.0,0.0,0.0,0,0,0,"2,000",0,0,0,"2,000",0,"2,000","2,000"
710677,奇鈦科凱基61購01,0,0,0,0.0,0.0,0.0,0,0,0,"-10,000",0,0,0,0,"10,000","-10,000","-10,000"
710680,茂達凱基61購01,0,0,0,0.0,0.0,0.0,0,0,0,"-20,000",0,0,0,0,"20,000","-20,000","-20,000"
710682,高僑凱基61購01,0,0,0,0.0,0.0,0.0,0,0,0,"-10,000",0,0,0,"40,000","50,000","-10,000","-10,000"
710687,陽程凱基61購02,0,0,0,0.0,0.0,0.0,0,0,0,"-13,000",0,0,0,"25,000","38,000","-13,000","-13,000"
710688,碩禾凱基61購01,0,0,0,0.0,0.0,0.0,0,0,0,"-8,000",0,0,0,"15,000","23,000","-8,000","-8,000"
710691,中美晶台新61購03,0,0,0,0.0,0.0,0.0,0,0,0,"-66,000",0,0,0,"23,000","89,000","-66,000","-66,000"
710692,中美晶台新63購02,0,0,0,0.0,0.0,0.0,0,0,0,"1,000",0,0,0,"1,000",0,"1,000","1,000"
710693,世界台新61購01,0,0,0,0.0,0.0,0.0,0,0,0,"-2,000",0,0,0,"27,000","29,000","-2,000","-2,000"
710694,台嘉碩台新61購01,0,0,0,0.0,0.0,0.0,0,0,0,"-260,000",0,0,0,0,"260,000","-260,000","-260,000"
710695,台嘉碩台新61購02,0,0,0,0.0,0.0,0.0,0,0,0,"20,000",0,0,0,"50,000","30,000","20,000","20,000"
710696,巨漢台新61購01,0,0,0,0.0,0.0,0.0,0,0,0,"-462,000",0,0,0,0,"462,000","-462,000","-462,000"
710697,巨漢台新61購02,0,0,0,0.0,0.0,0.0,0,0,0,"-3,000",0,0,0,0,"3,000","-3,000","-3,000"
710698,全宇昕台新61購01,0,0,0,0.0,0.0,0.0,0,0,0,"-50,000",0,0,0,0,"50,000","-50,000","-50,000"
710704,威剛中信61購01,0,0,0,0.0,0.0,0.0,0,0,0,"-48,000",0,0,0,0,"48,000","-48,000","-48,000"
710710,巨漢永豐61購01,0,0,0,0.0,0.0,0.0,0,0,0,"-998,000",0,0,0,0,"998,000","-998,000","-998,000"
710715,奇鈦科永豐61購01,0,0,0,0.0,0.0,0.0,0,0,0,"-47,000",0,0,0,"4,000","51,000","-47,000","-47,000"
710716,奇鈦科永豐61購02,0,0,0,0.0,0.0,0.0,0,0,0,"36,000",0,0,0,"63,000","27,000","36,000","36,000"
710718,杰力永豐61購01,0,0,0,0.0,0.0,0.0,0,0,0,"-11,000",0,0,0,0,"11,000","-11,000","-11,000"
710723,崇越電永豐61購01,0,0,0,0.0,0.0,0.0,0,0,0,"-5,000",0,0,0,0,"5,000","-5,000","-5,000"
710728,華洋永豐61購01,0,0,0,0.0,0.0,0.0,0,0,0,"-21,000",0,0,0,0,"21,000","-21,000","-21,000"
710729,越峰永豐61購01,0,0,0,0.0,0.0,0.0,0,0,0,"-50,000",0,0,0,0,"50,000","-50,000","-50,000"
710732,精星永豐61購01,0,0,0,0.0,0.0,0.0,0,0,0,"-10,000",0,0,0,0,"10,000","-10,000","-10,000"
710735,威剛國泰62購01,0,0,0,0.0,0.0,0.0,0,0,0,"-16,000",0,0,0,0,"16,000","-16,000","-16,000"
710736,立碁富邦61購01,0,0,0,0.0,0.0,0.0,0,0,0,"422,000",0,0,0,"451,000","29,000","422,000","422,000"
710737,均豪富邦61購02,0,0,0,0.0,0.0,0.0,0,0,0,"98,000",0,0,0,"98,000",0,"98,000","98,000"
710738,中光電國票61購02,0,0,0,0.0,0.0,0.0,0,0,0,"-38,000",0,0,0,"2,000","40,000","-38,000","-38,000"
710739,中美晶國票65購01,0,0,0,0.0,0.0,0.0,0,0,0,"6,000",0,0,0,"6,000",0,"6,000","6,000"
710741,松上國票61購01,0,0,0,0.0,0.0,0.0,0,0,0,"-13,000",0,0,0,0,"13,000","-13,000","-13,000"
710743,青雲國票61購01,0,0,0,0.0,0.0,0.0,0,0,0,"-337,000",0,0,0,0,"337,000","-337,000","-337,000"
710744,盈正國票65購01,0,0,0,0.0,0.0,0.0,0,0,0,"-2,000",0,0,0,0,"2,000","-2,000","-2,000"
710751,頎邦國票65購01,0,0,0,0.0,0.0,0.0,0,0,0,"-200,000",0,0,0,0,"200,000","-200,000","-200,000"
710753,擎邦國票61購01,0,0,0,0.0,0.0,0.0,0,0,0,"-11,000",0,0,0,0,"11,000","-11,000","-11,000"
710754,耀穎國票65購01,0,0,0,0.0,0.0,0.0,0,0,0,"10,000",0,0,0,"10,000",0,"10,000","10,000"
710755,大中元大61購01,0,0,0,0.0,0.0,0.0,0,0,0,"15,000",0,0,0,"15,000",0,"15,000","15,000"
710762,聖暉*元大61購02,0,0,0,0.0,0.0,0.0,0,0,0,"50,000",0,0,0,"50,000",0,"50,000","50,000"
710765,大中凱基61購01,0,0,0,0.0,0.0,0.0,0,0,0,"-2,000",0,0,0,0,"2,000","-2,000","-2,000"
710766,竹陞凱基61購02,0,0,0,0.0,0.0,0.0,0,0,0,"114,000",0,0,0,"114,000",0,"114,000","114,000"
710768,欣銓凱基61購02,0,0,0,0.0,0.0,0.0,0,0,0,0,0,0,0,"50,000","50,000",0,0
710770,富喬凱基61購05,0,0,0,0.0,0.0,0.0,0,0,0,"50,000",0,0,0,"50,000",0,"50,000","50,000"
710772,璟德凱基64購01,0,0,0,0.0,0.0,0.0,0,0,0,"-2,000",0,0,0,0,"2,000","-2,000","-2,000"
710773,中美晶永豐61購01,0,0,0,0.0,0.0,0.0,0,0,0,"-43,000",0,0,0,"17,000","60,000","-43,000","-43,000"
710774,中美晶永豐61購02,0,0,0,0.0,0.0,0.0,0,0,0,"100,000",0,0,0,"160,000","60,000","100,000","100,000"
710775,元太永豐61購04,0,0,0,0.0,0.0,0.0,0,0,0,"-108,000",0,0,0,0,"108,000","-108,000","-108,000"
710776,台嘉碩永豐61購02,0,0,0,0.0,0.0,0.0,0,0,0,"5,000",0,0,0,"5,000",0,"5,000","5,000"
710777,竹陞永豐63購01,0,0,0,0.0,0.0,0.0,0,0,0,"8,000",0,0,0,"8,000",0,"8,000","8,000"
710778,宜鼎永豐66購01,0,0,0,0.0,0.0,0.0,0,0,0,"-72,000",0,0,0,"28,000","100,000","-72,000","-72,000"
710788,寶雅永豐61購01,0,0,0,0.0,0.0,0.0,0,0,0,"-30,000",0,0,0,0,"30,000","-30,000","-30,000"
710789,大中台新61購02,0,0,0,0.0,0.0,0.0,0,0,0,"80,000",0,0,0,"80,000",0,"80,000","80,000"
710791,立碁台新61購01,0,0,0,0.0,0.0,0.0,0,0,0,"-238,000",0,0,0,"50,000","288,000","-238,000","-238,000"
710792,竹陞台新61購02,0,0,0,0.0,0.0,0.0,0,0,0,"-76,000",0,0,0,"79,000","155,000","-76,000","-76,000"
710793,宜鼎台新61購04,0,0,0,0.0,0.0,0.0,0,0,0,"177,000",0,0,0,"177,000",0,"177,000","177,000"
710794,晟田台新61購01,0,0,0,0.0,0.0,0.0,0,0,0,"22,000",0,0,0,"130,000","108,000","22,000","22,000"
710796,新漢台新64購01,0,0,0,0.0,0.0,0.0,0,0,0,"-7,000",0,0,0,0,"7,000","-7,000","-7,000"
710797,群聯台新61購02,0,0,0,0.0,0.0,0.0,0,0,0,0,0,0,0,"20,000","20,000",0,0
710798,中美晶富邦61購02,0,0,0,0.0,0.0,0.0,0,0,0,"-1,000",0,0,0,"38,000","39,000","-1,000","-1,000"
710799,欣銓富邦61購01,0,0,0,0.0,0.0,0.0,0,0,0,"-129,000",0,0,0,"71,000","200,000","-129,000","-129,000"
710800,陽程富邦61購01,0,0,0,0.0,0.0,0.0,0,0,0,"107,000",0,0,0,"188,000","81,000","107,000","107,000"
710801,頎邦富邦63購01,0,0,0,0.0,0.0,0.0,0,0,0,"-55,000",0,0,0,0,"55,000","-55,000","-55,000"
710805,中美晶群益61購01,0,0,0,0.0,0.0,0.0,0,0,0,"-11,000",0,0,0,0,"11,000","-11,000","-11,000"
710806,世界群益61購02,0,0,0,0.0,0.0,0.0,0,0,0,"10,000",0,0,0,"19,000","9,000","10,000","10,000"
710808,均豪群益61購02,0,0,0,0.0,0.0,0.0,0,0,0,"-85,000",0,0,0,"98,000","183,000","-85,000","-85,000"
710809,良維群益61購03,0,0,0,0.0,0.0,0.0,0,0,0,"3,000",0,0,0,"350,000","347,000","3,000","3,000"
710814,翔名群益61購01,0,0,0,0.0,0.0,0.0,0,0,0,"6,000",0,0,0,"6,000",0,"6,000","6,000"
710816,群聯群益67購02,0,0,0,0.0,0.0,0.0,0,0,0,"-27,000",0,0,0,"187,000","214,000","-27,000","-27,000"
710817,頎邦群益61購01,0,0,0,0.0,0.0,0.0,0,0,0,"-1,000",0,0,0,0,"1,000","-1,000","-1,000"
710818,頎邦群益61購02,0,0,0,0.0,0.0,0.0,0,0,0,"-1,000",0,0,0,0,"1,000","-1,000","-1,000"
710819,雙鴻群益61購01,0,0,0,0.0,0.0,0.0,0,0,0,"-4,000",0,0,0,"128,000","132,000","-4,000","-4,000"
710822,良維凱基61購02,0,0,0,0.0,0.0,0.0,0,0,0,"-1,000",0,0,0,"5,000","6,000","-1,000","-1,000"
710823,昇佳電凱基61購01,0,0,0,0.0,0.0,0.0,0,0,0,"2,000",0,0,0,"2,000",0,"2,000","2,000"
710824,家登凱基61購01,0,0,0,0.0,0.0,0.0,0,0,0,"40,000",0,0,0,"40,000",0,"40,000","40,000"
710825,翔名凱基61購01,0,0,0,0.0,0.0,0.0,0,0,0,"-10,000",0,0,0,0,"10,000","-10,000","-10,000"
710827,精材凱基61購06,0,0,0,0.0,0.0,0.0,0,0,0,"146,000",0,0,0,"190,000","44,000","146,000","146,000"
710828,竹陞台新61購03,0,0,0,0.0,0.0,0.0,0,0,0,"-4,000",0,0,0,"16,000","20,000","-4,000","-4,000"
710830,朋程台新62購01,0,0,0,0.0,0.0,0.0,0,0,0,"-29,000",0,0,0,0,"29,000","-29,000","-29,000"
710832,朋程台新64購01,0,0,0,0.0,0.0,0.0,0,0,0,"-18,000",0,0,0,0,"18,000","-18,000","-18,000"
710834,群聯台新61購03,0,0,0,0.0,0.0,0.0,0,0,0,"-35,000",0,0,0,0,"35,000","-35,000","-35,000"
710837,頎邦台新61購01,0,0,0,0.0,0.0,0.0,0,0,0,"-675,000",0,0,0,0,"675,000","-675,000","-675,000"
710842,中美晶永豐65購02,0,0,0,0.0,0.0,0.0,0,0,0,"29,000",0,0,0,"29,000",0,"29,000","29,000"
710847,榮剛永豐61購01,0,0,0,0.0,0.0,0.0,0,0,0,"-8,000",0,0,0,0,"8,000","-8,000","-8,000"
710849,九暘國票65購01,0,0,0,0.0,0.0,0.0,0,0,0,"-3,000",0,0,0,0,"3,000","-3,000","-3,000"
710850,大中國票61購01,0,0,0,0.0,0.0,0.0,0,0,0,"10,000",0,0,0,"10,000",0,"10,000","10,000"
710852,友威科國票65購01,0,0,0,0.0,0.0,0.0,0,0,0,"-60,000",0,0,0,"124,000","184,000","-60,000","-60,000"
710855,邑錡國票61購01,0,0,0,0.0,0.0,0.0,0,0,0,"-2,000",0,0,0,0,"2,000","-2,000","-2,000"
710856,邑錡國票63購01,0,0,0,0.0,0.0,0.0,0,0,0,"-10,000",0,0,0,0,"10,000","-10,000","-10,000"
710866,健喬國票65購01,0,0,0,0.0,0.0,0.0,0,0,0,"-150,000",0,0,0,0,"150,000","-150,000","-150,000"
710869,普萊德國票65購01,0,0,0,0.0,0.0,0.0,0,0,0,"-3,000",0,0,0,0,"3,000","-3,000","-3,000"
710876,竹陞國泰63購01,0,0,0,0.0,0.0,0.0,0,0,0,"70,000",0,0,0,"70,000",0,"70,000","70,000"
710877,青雲國泰62購03,0,0,0,0.0,0.0,0.0,0,0,0,"-2,000",0,0,0,0,"2,000","-2,000","-2,000"
710878,茂達國泰62購01,0,0,0,0.0,0.0,0.0,0,0,0,"-27,000",0,0,0,"54,000","81,000","-27,000","-27,000"
710879,精材國泰62購01,0,0,0,0.0,0.0,0.0,0,0,0,"41,000",0,0,0,"41,000",0,"41,000","41,000"
710880,大中富邦61購01,0,0,0,0.0,0.0,0.0,0,0,0,"-6,000",0,0,0,0,"6,000","-6,000","-6,000"
710881,宜鼎富邦61購02,0,0,0,0.0,0.0,0.0,0,0,0,"316,000",0,0,0,"383,000","67,000","316,000","316,000"
710882,中光電群益61購02,0,0,0,0.0,0.0,0.0,0,0,0,"38,000",0,0,0,"48,000","10,000","38,000","38,000"
710883,宜鼎群益61購02,0,0,0,0.0,0.0,0.0,0,0,0,"-229,000",0,0,0,"152,000","381,000","-229,000","-229,000"
710884,宜鼎群益61購03,0,0,0,0.0,0.0,0.0,0,0,0,"-156,000",0,0,0,0,"156,000","-156,000","-156,000"
710887,群聯群益67購03,0,0,0,0.0,0.0,0.0,0,0,0,"-114,000",0,0,0,"20,000","134,000","-114,000","-114,000"
710892,雙鴻群益61購02,0,0,0,0.0,0.0,0.0,0,0,0,"73,000",0,0,0,"216,000","143,000","73,000","73,000"
710893,中美晶元大64購01,0,0,0,0.0,0.0,0.0,0,0,0,"10,000",0,0,0,"36,000","26,000","10,000","10,000"
710894,中美晶元大66購04,0,0,0,0.0,0.0,0.0,0,0,0,"-25,000",0,0,0,"14,000","39,000","-25,000","-25,000"
710895,台嘉碩元大61購02,0,0,0,0.0,0.0,0.0,0,0,0,"-1,000",0,0,0,0,"1,000","-1,000","-1,000"
710896,均豪元大61購02,0,0,0,0.0,0.0,0.0,0,0,0,"51,000",0,0,0,"51,000",0,"51,000","51,000"
710897,宜特元大65購01,0,0,0,0.0,0.0,0.0,0,0,0,"-332,000",0,0,0,"139,000","471,000","-332,000","-332,000"
710898,宜特元大67購02,0,0,0,0.0,0.0,0.0,0,0,0,"-5,000",0,0,0,"170,000","175,000","-5,000","-5,000"
710899,欣銓元大61購02,0,0,0,0.0,0.0,0.0,0,0,0,"200,000",0,0,0,"200,000",0,"200,000","200,000"
710900,家登元大61購02,0,0,0,0.0,0.0,0.0,0,0,0,"-1,678,000",0,0,0,0,"1,678,000","-1,678,000","-1,678,000"
710902,臺慶科元大64購02,0,0,0,0.0,0.0,0.0,0,0,0,"-356,000",0,0,0,0,"356,000","-356,000","-356,000"
710908,倉和國票65購01,0,0,0,0.0,0.0,0.0,0,0,0,"-167,000",0,0,0,"21,000","188,000","-167,000","-167,000"
710909,晟田國票61購02,0,0,0,0.0,0.0,0.0,0,0,0,"-11,000",0,0,0,"14,000","25,000","-11,000","-11,000"
710910,創泓國票61購01,0,0,0,0.0,0.0,0.0,0,0,0,"55,000",0,0,0,"58,000","3,000","55,000","55,000"
710914,類比科國票61購01,0,0,0,0.0,0.0,0.0,0,0,0,"-5,000",0,0,0,0,"5,000","-5,000","-5,000"
710917,大中凱基61購02,0,0,0,0.0,0.0,0.0,0,0,0,"-6,000",0,0,0,0,"6,000","-6,000","-6,000"
710919,台嘉碩凱基61購03,"30,000",0,"30,000",0.0,0.0,0.0,0,0,0,"-30,000",0,0,0,0,"30,000","-30,000",0
710921,宜鼎凱基61購02,0,0,0,0.0,0.0,0.0,0,0,0,"-96,000",0,0,0,0,"96,000","-96,000","-96,000"
710922,欣銓凱基61購03,0,0,0,0.0,0.0,0.0,0,0,0,"-50,000",0,0,0,0,"50,000","-50,000","-50,000"
710924,茂達凱基61購03,0,0,0,0.0,0.0,0.0,0,0,0,"-80,000",0,0,0,0,"80,000","-80,000","-80,000"
710926,群聯凱基61購07,0,0,0,0.0,0.0,0.0,0,0,0,"-89,000",0,0,0,"322,000","411,000","-89,000","-89,000"
710927,雙鴻凱基61購05,0,0,0,0.0,0.0,0.0,0,0,0,"-7,000",0,0,0,0,"7,000","-7,000","-7,000"
710935,精材群益64購02,0,0,0,0.0,0.0,0.0,0,0,0,"-5,000",0,0,0,0,"5,000","-5,000","-5,000"
710936,中美晶國泰64購01,0,0,0,0.0,0.0,0.0,0,0,0,"70,000",0,0,0,"70,000",0,"70,000","70,000"
710937,中光電富邦64購01,0,0,0,0.0,0.0,0.0,0,0,0,"150,000",0,0,0,"150,000",0,"150,000","150,000"
710938,威剛富邦64購01,0,0,0,0.0,0.0,0.0,0,0,0,"-569,000",0,0,0,0,"569,000","-569,000","-569,000"
710939,茂達富邦63購02,0,0,0,0.0,0.0,0.0,0,0,0,"-4,000",0,0,0,0,"4,000","-4,000","-4,000"
710940,華電網富邦63購01,0,0,0,0.0,0.0,0.0,0,0,0,"-4,000",0,0,0,0,"4,000","-4,000","-4,000"
710942,群聯中信67購01,0,0,0,0.0,0.0,0.0,0,0,0,"-253,000",0,0,0,"246,000","499,000","-253,000","-253,000"
710943,中光電永豐61購03,0,0,0,0.0,0.0,0.0,0,0,0,"-109,000",0,0,0,0,"109,000","-109,000","-109,000"
710944,艾訊永豐61購01,0,0,0,0.0,0.0,0.0,0,0,0,"-73,000",0,0,0,"85,000","158,000","-73,000","-73,000"
710946,長聖永豐61購01,0,0,0,0.0,0.0,0.0,0,0,0,"45,000",0,0,0,"46,000","1,000","45,000","45,000"
710947,威剛永豐61購08,0,0,0,0.0,0.0,0.0,0,0,0,"-43,000",0,0,0,0,"43,000","-43,000","-43,000"
710948,威剛永豐64購03,0,0,0,0.0,0.0,0.0,0,0,0,"-122,000",0,0,0,0,"122,000","-122,000","-122,000"
710950,倉和永豐61購01,0,0,0,0.0,0.0,0.0,0,0,0,"-50,000",0,0,0,"61,000","111,000","-50,000","-50,000"
710951,倉和永豐64購01,0,0,0,0.0,0.0,0.0,0,0,0,"-33,000",0,0,0,"41,000","74,000","-33,000","-33,000"
710952,宸曜永豐61購01,0,0,0,0.0,0.0,0.0,0,0,0,"-143,000",0,0,0,0,"143,000","-143,000","-143,000"
710953,宸曜永豐67購01,0,0,0,0.0,0.0,0.0,0,0,0,"-2,000",0,0,0,0,"2,000","-2,000","-2,000"
710959,磐儀永豐61購01,0,0,0,0.0,0.0,0.0,0,0,0,"1,000",0,0,0,"40,000","39,000","1,000","1,000"
710960,中光電元大61購05,0,0,0,0.0,0.0,0.0,0,0,0,"8,000",0,0,0,"8,000",0,"8,000","8,000"
710961,中美晶元大64購02,0,0,0,0.0,0.0,0.0,0,0,0,"5,000",0,0,0,"32,000","27,000","5,000","5,000"
710962,中美晶元大66購05,0,0,0,0.0,0.0,0.0,0,0,0,"148,000",0,0,0,"293,000","145,000","148,000","148,000"
710964,宜鼎元大61購07,0,0,0,0.0,0.0,0.0,0,0,0,"-112,000",0,0,0,"108,000","220,000","-112,000","-112,000"
710965,晟田元大61購02,0,0,0,0.0,0.0,0.0,0,0,0,"275,000",0,0,0,"290,000","15,000","275,000","275,000"
710966,創惟元大61購01,0,0,0,0.0,0.0,0.0,0,0,0,"-31,000",0,0,0,0,"31,000","-31,000","-31,000"
710968,翔名元大61購01,0,0,0,0.0,0.0,0.0,0,0,0,"-75,000",0,0,0,0,"75,000","-75,000","-75,000"
710969,群聯元大64購07,0,0,0,0.0,0.0,0.0,0,0,0,"-201,000",0,0,0,"62,000","263,000","-201,000","-201,000"
710971,譜瑞元大61購03,0,0,0,0.0,0.0,0.0,0,0,0,"-283,000",0,0,0,"30,000","313,000","-283,000","-283,000"
710972,譜瑞元大65購03,0,0,0,0.0,0.0,0.0,0,0,0,"-360,000",0,0,0,0,"360,000","-360,000","-360,000"
710975,大中台新61購03,0,0,0,0.0,0.0,0.0,0,0,0,"-1,000",0,0,0,0,"1,000","-1,000","-1,000"
710977,中光電台新61購04,0,0,0,0.0,0.0,0.0,0,0,0,0,0,0,0,"20,000","20,000",0,0
710979,宸曜台新61購01,0,0,0,0.0,0.0,0.0,0,0,0,"-10,000",0,0,0,0,"10,000","-10,000","-10,000"
710982,精材台新61購03,0,0,0,0.0,0.0,0.0,0,0,0,"24,000",0,0,0,"31,000","7,000","24,000","24,000"
710985,家登凱基61購02,0,0,0,0.0,0.0,0.0,0,0,0,"-335,000",0,0,0,0,"335,000","-335,000","-335,000"
710986,振曜凱基61購01,0,0,0,0.0,0.0,0.0,0,0,0,"8,000",0,0,0,"8,000",0,"8,000","8,000"
710987,華景電凱基64購01,0,0,0,0.0,0.0,0.0,0,0,0,"-64,000",0,0,0,0,"64,000","-64,000","-64,000"
710988,新普凱基61購01,0,0,0,0.0,0.0,0.0,0,0,0,"-8,000",0,0,0,0,"8,000","-8,000","-8,000"
710991,營邦凱基61購01,0,0,0,0.0,0.0,0.0,0,0,0,"-153,000",0,0,0,0,"153,000","-153,000","-153,000"
710992,譜瑞凱基61購06,0,0,0,0.0,0.0,0.0,0,0,0,"-102,000",0,0,0,"35,000","137,000","-102,000","-102,000"
710993,寶雅凱基61購01,0,0,0,0.0,0.0,0.0,0,0,0,"5,000",0,0,0,"5,000",0,"5,000","5,000"
710995,群聯台新61購04,0,0,0,0.0,0.0,0.0,0,0,0,"-51,000",0,0,0,0,"51,000","-51,000","-51,000"
710996,大江國票65購01,0,0,0,0.0,0.0,0.0,0,0,0,"-33,000",0,0,0,"48,000","81,000","-33,000","-33,000"
710997,大學光國票61購01,0,0,0,0.0,0.0,0.0,0,0,0,"-100,000",0,0,0,0,"100,000","-100,000","-100,000"
711002,廣積國票66購01,0,0,0,0.0,0.0,0.0,0,0,0,"68,000",0,0,0,"76,000","8,000","68,000","68,000"
711003,陽程群益61購02,0,0,0,0.0,0.0,0.0,0,0,0,"79,000",0,0,0,"79,000",0,"79,000","79,000"
711005,宜鼎國泰62購02,0,0,0,0.0,0.0,0.0,0,0,0,"116,000",0,0,0,"151,000","35,000","116,000","116,000"
711010,立敦元大61購01,0,0,0,0.0,0.0,0.0,0,0,0,"102,000",0,0,0,"102,000",0,"102,000","102,000"
711011,立敦元大67購01,0,0,0,0.0,0.0,0.0,0,0,0,"-24,000",0,0,0,0,"24,000","-24,000","-24,000"
711012,宜鼎元大61購08,0,0,0,0.0,0.0,0.0,0,0,0,"3,015,000",0,0,0,"3,283,000","268,000","3,015,000","3,015,000"
711013,宜鼎元大61購09,0,0,0,0.0,0.0,0.0,0,0,0,"569,000",0,0,0,"740,000","171,000","569,000","569,000"
711014,昇佳電元大61購01,0,0,0,0.0,0.0,0.0,0,0,0,"649,000",0,0,0,"649,000",0,"649,000","649,000"
711016,青雲元大61購01,0,0,0,0.0,0.0,0.0,0,0,0,"-15,000",0,0,0,0,"15,000","-15,000","-15,000"
711020,家登元大61購03,0,0,0,0.0,0.0,0.0,0,0,0,"-114,000",0,0,0,0,"114,000","-114,000","-114,000"
711021,智通*元大61購01,0,0,0,0.0,0.0,0.0,0,0,0,"150,000",0,0,0,"150,000",0,"150,000","150,000"
711022,群聯元大64購08,0,0,0,0.0,0.0,0.0,0,0,0,"396,000",0,0,0,"535,000","139,000","396,000","396,000"
711023,譜瑞元大61購04,0,0,0,0.0,0.0,0.0,0,0,0,"-4,000",0,0,0,0,"4,000","-4,000","-4,000"
711024,中美晶統一65購01,0,0,0,0.0,0.0,0.0,0,0,0,"160,000",0,0,0,"191,000","31,000","160,000","160,000"
711029,精材統一67購01,0,0,0,0.0,0.0,0.0,0,0,0,"-52,000",0,0,0,"33,000","85,000","-52,000","-52,000"
711030,營邦統一67購01,0,0,0,0.0,0.0,0.0,0,0,0,"-63,000",0,0,0,0,"63,000","-63,000","-63,000"
711031,中光電永豐61購04,0,0,0,0.0,0.0,0.0,0,0,0,"-12,000",0,0,0,"20,000","32,000","-12,000","-12,000"
711032,中光電永豐61購05,0,0,0,0.0,0.0,0.0,0,0,0,"-110,000",0,0,0,"2,000","112,000","-110,000","-110,000"
711036,宜鼎永豐63購02,0,0,0,0.0,0.0,0.0,0,0,0,"18,000",0,0,0,"18,000",0,"18,000","18,000"
711039,群聯永豐64購07,0,0,0,0.0,0.0,0.0,0,0,0,"-41,000",0,0,0,0,"41,000","-41,000","-41,000"
711040,群聯永豐64購08,0,0,0,0.0,0.0,0.0,0,0,0,"-51,000",0,0,0,"88,000","139,000","-51,000","-51,000"
711041,群聯永豐67購01,0,0,0,0.0,0.0,0.0,0,0,0,"30,000",0,0,0,"80,000","50,000","30,000","30,000"
711042,廣積永豐61購01,0,0,0,0.0,0.0,0.0,0,0,0,"-75,000",0,0,0,"288,000","363,000","-75,000","-75,000"
711043,宜鼎中信61購03,0,0,0,0.0,0.0,0.0,0,0,0,"45,000",0,0,0,"45,000",0,"45,000","45,000"
711044,群聯中信61購01,0,0,0,0.0,0.0,0.0,0,0,0,"-50,000",0,0,0,0,"50,000","-50,000","-50,000"
711047,巨有凱基61購02,0,0,0,0.0,0.0,0.0,0,0,0,"-12,000",0,0,0,0,"12,000","-12,000","-12,000"
711049,宜鼎凱基61購03,0,0,0,0.0,0.0,0.0,0,0,0,"-33,000",0,0,0,"88,000","121,000","-33,000","-33,000"
711050,茂達凱基61購04,0,0,0,0.0,0.0,0.0,0,0,0,"-192,000",0,0,0,0,"192,000","-192,000","-192,000"
711051,原相凱基61購02,0,0,0,0.0,0.0,0.0,0,0,0,"-102,000",0,0,0,0,"102,000","-102,000","-102,000"
711052,智通*凱基61購01,0,0,0,0.0,0.0,0.0,0,0,0,"5,000",0,0,0,"21,000","16,000","5,000","5,000"
711053,順達凱基61購02,0,0,0,0.0,0.0,0.0,0,0,0,"10,000",0,0,0,"10,000",0,"10,000","10,000"
711054,鈊象凱基61購03,0,0,0,0.0,0.0,0.0,0,0,0,"-35,000",0,0,0,0,"35,000","-35,000","-35,000"
711055,群聯凱基64購04,0,0,0,0.0,0.0,0.0,0,0,0,"-59,000",0,0,0,"23,000","82,000","-59,000","-59,000"
711056,精材凱基61購08,0,0,0,0.0,0.0,0.0,0,0,0,"52,000",0,0,0,"84,000","32,000","52,000","52,000"
711057,廣積凱基65購01,0,0,0,0.0,0.0,0.0,0,0,0,"12,000",0,0,0,"13,000","1,000","12,000","12,000"
711060,艾訊群益61購01,0,0,0,0.0,0.0,0.0,0,0,0,"20,000",0,0,0,"236,000","216,000","20,000","20,000"
711061,家登群益61購05,0,0,0,0.0,0.0,0.0,0,0,0,"-3,000",0,0,0,0,"3,000","-3,000","-3,000"
711062,順達群益61購01,0,0,0,0.0,0.0,0.0,0,0,0,"-71,000",0,0,0,0,"71,000","-71,000","-71,000"
711063,群聯群益61購06,0,0,0,0.0,0.0,0.0,0,0,0,"-10,000",0,0,0,0,"10,000","-10,000","-10,000"
711064,精材群益61購02,0,0,0,0.0,0.0,0.0,0,0,0,"-17,000",0,0,0,"5,000","22,000","-17,000","-17,000"
711065,大樹國票65購01,0,0,0,0.0,0.0,0.0,0,0,0,"20,000",0,0,0,"40,000","20,000","20,000","20,000"
711070,艾訊國票61購02,0,0,0,0.0,0.0,0.0,0,0,0,"13,000",0,0,0,"14,000","1,000","13,000","13,000"
711071,宜鼎國票65購02,0,0,0,0.0,0.0,0.0,0,0,0,"-26,000",0,0,0,"3,000","29,000","-26,000","-26,000"
711073,智崴國票65購01,0,0,0,0.0,0.0,0.0,0,0,0,"69,000",0,0,0,"120,000","51,000","69,000","69,000"
711077,中美晶元大61購03,0,0,0,0.0,0.0,0.0,0,0,0,"-156,000",0,0,0,"544,000","700,000","-156,000","-156,000"
711078,台嘉碩元大61購03,0,0,0,0.0,0.0,0.0,0,0,0,"499,000",0,0,0,"499,000",0,"499,000","499,000"
711079,宜鼎元大61購10,0,0,0,0.0,0.0,0.0,0,0,0,"653,000",0,0,0,"802,000","149,000","653,000","653,000"
711080,智通*元大61購02,0,0,0,0.0,0.0,0.0,0,0,0,"58,000",0,0,0,"150,000","92,000","58,000","58,000"
711081,群聯元大61購14,0,0,0,0.0,0.0,0.0,0,0,0,"-806,000",0,0,0,"435,000","1,241,000","-806,000","-806,000"
711082,臺慶科元大61購03,0,0,0,0.0,0.0,0.0,0,0,0,"1,286,000",0,0,0,"1,503,000","217,000","1,286,000","1,286,000"
711084,博大國泰62購01,0,0,0,0.0,0.0,0.0,0,0,0,"-14,000",0,0,0,0,"14,000","-14,000","-14,000"
711085,陽程國泰62購01,0,0,0,0.0,0.0,0.0,0,0,0,"21,000",0,0,0,"21,000",0,"21,000","21,000"
711087,精材國泰62購02,0,0,0,0.0,0.0,0.0,0,0,0,"-9,000",0,0,0,"41,000","50,000","-9,000","-9,000"
711088,中美晶富邦61購03,0,0,0,0.0,0.0,0.0,0,0,0,"-324,000",0,0,0,"159,000","483,000","-324,000","-324,000"
711089,立碁富邦64購01,0,0,0,0.0,0.0,0.0,0,0,0,"-3,000",0,0,0,0,"3,000","-3,000","-3,000"
711090,翔名富邦61購01,0,0,0,0.0,0.0,0.0,0,0,0,"10,000",0,0,0,"10,000",0,"10,000","10,000"
711091,陽程富邦61購02,0,0,0,0.0,0.0,0.0,0,0,0,"217,000",0,0,0,"296,000","79,000","217,000","217,000"
711092,精材富邦61購01,0,0,0,0.0,0.0,0.0,0,0,0,"389,000",0,0,0,"466,000","77,000","389,000","389,000"
711093,精材中信61購02,0,0,0,0.0,0.0,0.0,0,0,0,"38,000",0,0,0,"43,000","5,000","38,000","38,000"
711094,千附永豐61購01,0,0,0,0.0,0.0,0.0,0,0,0,"4,000",0,0,0,"5,000","1,000","4,000","4,000"
711095,千附永豐61購02,0,0,0,0.0,0.0,0.0,0,0,0,"-65,000",0,0,0,0,"65,000","-65,000","-65,000"
711096,立端永豐61購01,0,0,0,0.0,0.0,0.0,0,0,0,"82,000",0,0,0,"123,000","41,000","82,000","82,000"
711097,松瑞藥永豐61購01,0,0,0,0.0,0.0,0.0,0,0,0,"-72,000",0,0,0,"41,000","113,000","-72,000","-72,000"
711098,磐儀永豐61購02,0,0,0,0.0,0.0,0.0,0,0,0,"20,000",0,0,0,"40,000","20,000","20,000","20,000"
711104,台嘉碩統一67購01,0,0,0,0.0,0.0,0.0,0,0,0,"-13,000",0,0,0,0,"13,000","-13,000","-13,000"
711115,智通*統一67購01,0,0,0,0.0,0.0,0.0,0,0,0,"44,000",0,0,0,"49,000","5,000","44,000","44,000"
711116,陽程統一6C購01,0,0,0,0.0,0.0,0.0,0,0,0,0,0,0,0,"50,000","50,000",0,0
711118,頎邦統一65購01,0,0,0,0.0,0.0,0.0,0,0,0,"-11,000",0,0,0,0,"11,000","-11,000","-11,000"
711122,精材統一65購02,0,0,0,0.0,0.0,0.0,0,0,0,"677,000",0,0,0,"1,159,000","482,000","677,000","677,000"
711123,精材統一67購02,0,0,0,0.0,0.0,0.0,0,0,0,"-6,000",0,0,0,"5,000","11,000","-6,000","-6,000"
711126,陽程凱基61購03,0,0,0,0.0,0.0,0.0,0,0,0,"-65,000",0,0,0,0,"65,000","-65,000","-65,000"
711127,順達凱基61購03,0,0,0,0.0,0.0,0.0,0,0,0,"-103,000",0,0,0,"20,000","123,000","-103,000","-103,000"
711128,群聯凱基61購08,0,0,0,0.0,0.0,0.0,0,0,0,"-138,000",0,0,0,0,"138,000","-138,000","-138,000"
711131,精材凱基61購09,0,0,0,0.0,0.0,0.0,0,0,0,"249,000",0,0,0,"253,000","4,000","249,000","249,000"
711132,臺慶科凱基61購03,0,0,0,0.0,0.0,0.0,0,0,0,"-14,000",0,0,0,"7,000","21,000","-14,000","-14,000"
711133,宜鼎台新62購01,0,0,0,0.0,0.0,0.0,0,0,0,"-6,000",0,0,0,"27,000","33,000","-6,000","-6,000"
711134,茂達台新61購01,0,0,0,0.0,0.0,0.0,0,0,0,"-7,000",0,0,0,"8,000","15,000","-7,000","-7,000"
711135,茂達台新61購02,0,0,0,0.0,0.0,0.0,0,0,0,"-29,000",0,0,0,"12,000","41,000","-29,000","-29,000"
711136,群聯台新67購03,0,0,0,0.0,0.0,0.0,0,0,0,"-20,000",0,0,0,0,"20,000","-20,000","-20,000"
711137,群聯台新67購04,0,0,0,0.0,0.0,0.0,0,0,0,"-42,000",0,0,0,0,"42,000","-42,000","-42,000"
711140,精材台新61購04,0,0,0,0.0,0.0,0.0,0,0,0,"28,000",0,0,0,"32,000","4,000","28,000","28,000"
711141,精材台新61購05,0,0,0,0.0,0.0,0.0,0,0,0,"18,000",0,0,0,"20,000","2,000","18,000","18,000"
711142,精材台新62購02,0,0,0,0.0,0.0,0.0,0,0,0,"-1,000",0,0,0,0,"1,000","-1,000","-1,000"
711144,天良國票61購01,0,0,0,0.0,0.0,0.0,0,0,0,"-300,000",0,0,0,0,"300,000","-300,000","-300,000"
711145,巨漢國票61購01,0,0,0,0.0,0.0,0.0,0,0,0,"-534,000",0,0,0,0,"534,000","-534,000","-534,000"
711148,陽程國票61購01,0,0,0,0.0,0.0,0.0,0,0,0,"130,000",0,0,0,"130,000",0,"130,000","130,000"
711149,陽程國票61購02,0,0,0,0.0,0.0,0.0,0,0,0,"-8,000",0,0,0,0,"8,000","-8,000","-8,000"
711150,順達國票65購01,0,0,0,0.0,0.0,0.0,0,0,0,"-10,000",0,0,0,0,"10,000","-10,000","-10,000"
711151,精材國票61購04,0,0,0,0.0,0.0,0.0,0,0,0,"17,000",0,0,0,"17,000",0,"17,000","17,000"
711154,千附群益61購01,0,0,0,0.0,0.0,0.0,0,0,0,"-5,000",0,0,0,"10,000","15,000","-5,000","-5,000"
711157,青雲群益61購01,0,0,0,0.0,0.0,0.0,0,0,0,"20,000",0,0,0,"20,000",0,"20,000","20,000"
711158,青雲群益61購02,0,0,0,0.0,0.0,0.0,0,0,0,"-2,000",0,0,0,0,"2,000","-2,000","-2,000"
711159,威剛群益61購06,0,0,0,0.0,0.0,0.0,0,0,0,"-183,000",0,0,0,0,"183,000","-183,000","-183,000"
711162,群聯群益61購07,0,0,0,0.0,0.0,0.0,0,0,0,"-102,000",0,0,0,"40,000","142,000","-102,000","-102,000"
711163,精材群益63購03,0,0,0,0.0,0.0,0.0,0,0,0,"-105,000",0,0,0,"167,000","272,000","-105,000","-105,000"
711164,中光電元大61購06,0,0,0,0.0,0.0,0.0,0,0,0,"2,438,000",0,0,0,"3,508,000","1,070,000","2,438,000","2,438,000"
711165,中光電元大61購07,0,0,0,0.0,0.0,0.0,0,0,0,"932,000",0,0,0,"1,743,000","811,000","932,000","932,000"
711167,宜鼎元大63購02,0,0,0,0.0,0.0,0.0,0,0,0,"-89,000",0,0,0,"136,000","225,000","-89,000","-89,000"
711169,智通*元大61購03,0,0,0,0.0,0.0,0.0,0,0,0,"150,000",0,0,0,"150,000",0,"150,000","150,000"
711172,群聯元大61購15,0,0,0,0.0,0.0,0.0,0,0,0,"1,487,000",0,0,0,"1,497,000","10,000","1,487,000","1,487,000"
711173,頎邦元大61購03,0,0,0,0.0,0.0,0.0,0,0,0,"-30,000",0,0,0,0,"30,000","-30,000","-30,000"
711174,精材元大61購10,0,0,0,0.0,0.0,0.0,0,0,0,"209,000",0,0,0,"217,000","8,000","209,000","209,000"
711175,精材元大61購11,0,0,0,0.0,0.0,0.0,0,0,0,"-376,000",0,0,0,"66,000","442,000","-376,000","-376,000"
711176,精材元大63購05,0,0,0,0.0,0.0,0.0,0,0,0,"-27,000",0,0,0,"200,000","227,000","-27,000","-27,000"
711177,營邦元大61購01,0,0,0,0.0,0.0,0.0,0,0,0,"-321,000",0,0,0,0,"321,000","-321,000","-321,000"
711179,九暘統一6C購01,0,0,0,0.0,0.0,0.0,0,0,0,"1,000",0,0,0,"2,000","1,000","1,000","1,000"
711181,千附精統一67購03,0,0,0,0.0,0.0,0.0,0,0,0,"102,000",0,0,0,"102,000",0,"102,000","102,000"
711185,中美晶統一65購02,0,0,0,0.0,0.0,0.0,0,0,0,"87,000",0,0,0,"87,000",0,"87,000","87,000"
711186,中美晶統一67購01,0,0,0,0.0,0.0,0.0,0,0,0,"-5,000",0,0,0,0,"5,000","-5,000","-5,000"
711187,中美晶統一6C購01,0,0,0,0.0,0.0,0.0,0,0,0,"-1,000",0,0,0,0,"1,000","-1,000","-1,000"
711190,安勤統一67購01,0,0,0,0.0,0.0,0.0,0,0,0,"-244,000",0,0,0,"110,000","354,000","-244,000","-244,000"
711193,宜鼎統一67購01,0,0,0,0.0,0.0,0.0,0,0,0,"29,000",0,0,0,"79,000","50,000","29,000","29,000"
711194,昇佳電統一67購01,0,0,0,0.0,0.0,0.0,0,0,0,"100,000",0,0,0,"110,000","10,000","100,000","100,000"
711195,杰力統一65購01,0,0,0,0.0,0.0,0.0,0,0,0,"96,000",0,0,0,"96,000",0,"96,000","96,000"
711199,堡達統一65購01,0,0,0,0.0,0.0,0.0,0,0,0,"-48,000",0,0,0,0,"48,000","-48,000","-48,000"
711211,精材統一6C購02,0,0,0,0.0,0.0,0.0,0,0,0,"-16,000",0,0,0,0,"16,000","-16,000","-16,000"
711212,大樹永豐61購01,0,0,0,0.0,0.0,0.0,0,0,0,"-9,000",0,0,0,0,"9,000","-9,000","-9,000"
711214,宜鼎永豐67購01,0,0,0,0.0,0.0,0.0,0,0,0,"-25,000",0,0,0,"80,000","105,000","-25,000","-25,000"
711215,智通*永豐65購01,0,0,0,0.0,0.0,0.0,0,0,0,"11,000",0,0,0,"18,000","7,000","11,000","11,000"
711217,頎邦永豐65購01,0,0,0,0.0,0.0,0.0,0,0,0,"-15,000",0,0,0,0,"15,000","-15,000","-15,000"
711218,精材永豐61購03,0,0,0,0.0,0.0,0.0,0,0,0,"-298,000",0,0,0,0,"298,000","-298,000","-298,000"
711219,精材永豐61購04,0,0,0,0.0,0.0,0.0,0,0,0,"84,000",0,0,0,"206,000","122,000","84,000","84,000"
711220,精材永豐64購02,0,0,0,0.0,0.0,0.0,0,0,0,"14,000",0,0,0,"14,000",0,"14,000","14,000"
711221,營邦永豐64購01,0,0,0,0.0,0.0,0.0,0,0,0,"-507,000",0,0,0,0,"507,000","-507,000","-507,000"
711222,廣積國泰62購01,0,0,0,0.0,0.0,0.0,0,0,0,"172,000",0,0,0,"342,000","170,000","172,000","172,000"
711223,營邦國泰62購01,0,0,0,0.0,0.0,0.0,0,0,0,"-41,000",0,0,0,0,"41,000","-41,000","-41,000"
711224,久元富邦63購02,0,0,0,0.0,0.0,0.0,0,0,0,"-5,000",0,0,0,0,"5,000","-5,000","-5,000"
711225,元太富邦63購01,0,0,0,0.0,0.0,0.0,0,0,0,"-308,000",0,0,0,"41,000","349,000","-308,000","-308,000"
711226,元太富邦63購02,0,0,0,0.0,0.0,0.0,0,0,0,"-151,000",0,0,0,"61,000","212,000","-151,000","-151,000"
711228,宜特富邦63購01,0,0,0,0.0,0.0,0.0,0,0,0,"-209,000",0,0,0,"57,000","266,000","-209,000","-209,000"
711229,智通*富邦64購02,0,0,0,0.0,0.0,0.0,0,0,0,"24,000",0,0,0,"70,000","46,000","24,000","24,000"
711230,順達富邦63購01,0,0,0,0.0,0.0,0.0,0,0,0,"-2,000",0,0,0,"150,000","152,000","-2,000","-2,000"
711231,鈊象富邦63購02,0,0,0,0.0,0.0,0.0,0,0,0,"63,000",0,0,0,"63,000",0,"63,000","63,000"
711233,宜鼎台新63購01,0,0,0,0.0,0.0,0.0,0,0,0,"143,000",0,0,0,"190,000","47,000","143,000","143,000"
711234,宜鼎台新64購01,0,0,0,0.0,0.0,0.0,0,0,0,"-32,000",0,0,0,"27,000","59,000","-32,000","-32,000"
711235,千附群益61購03,0,0,0,0.0,0.0,0.0,0,0,0,"-1,000",0,0,0,0,"1,000","-1,000","-1,000"
711236,陽程群益63購01,0,0,0,0.0,0.0,0.0,0,0,0,"70,000",0,0,0,"272,000","202,000","70,000","70,000"
711237,順達群益61購02,0,0,0,0.0,0.0,0.0,0,0,0,"-81,000",0,0,0,"152,000","233,000","-81,000","-81,000"
711239,千附凱基61購01,0,0,0,0.0,0.0,0.0,0,0,0,"112,000",0,0,0,"126,000","14,000","112,000","112,000"
711240,中美晶凱基61購07,0,0,0,0.0,0.0,0.0,0,0,0,"-24,000",0,0,0,"26,000","50,000","-24,000","-24,000"
711241,宜鼎凱基64購01,0,0,0,0.0,0.0,0.0,0,0,0,"-14,000",0,0,0,"23,000","37,000","-14,000","-14,000"
711242,青雲凱基61購01,0,0,0,0.0,0.0,0.0,0,0,0,"-40,000",0,0,0,"100,000","140,000","-40,000","-40,000"
711244,智通*凱基61購02,0,0,0,0.0,0.0,0.0,0,0,0,"-69,000",0,0,0,"53,000","122,000","-69,000","-69,000"
711246,新漢凱基61購01,0,0,0,0.0,0.0,0.0,0,0,0,"-60,000",0,0,0,0,"60,000","-60,000","-60,000"
711247,營邦凱基61購02,0,0,0,0.0,0.0,0.0,0,0,0,"-141,000",0,0,0,0,"141,000","-141,000","-141,000"
711248,雙鴻凱基61購06,0,0,0,0.0,0.0,0.0,0,0,0,"20,000",0,0,0,"68,000","48,000","20,000","20,000"
711250,千附國票61購03,0,0,0,0.0,0.0,0.0,0,0,0,"83,000",0,0,0,"95,000","12,000","83,000","83,000"
711251,中美晶國票65購02,0,0,0,0.0,0.0,0.0,0,0,0,0,0,0,0,"100,000","100,000",0,0
711252,巨有國票61購01,0,0,0,0.0,0.0,0.0,0,0,0,"-4,000",0,0,0,0,"4,000","-4,000","-4,000"
711255,晶呈國票65購01,0,0,0,0.0,0.0,0.0,0,0,0,"-19,000",0,0,0,0,"19,000","-19,000","-19,000"
711257,中光電元大61購08,0,0,0,0.0,0.0,0.0,0,0,0,"-1,928,000",0,0,0,0,"1,928,000","-1,928,000","-1,928,000"
711258,中光電元大61購09,0,0,0,0.0,0.0,0.0,0,0,0,"-764,000",0,0,0,"1,258,000","2,022,000","-764,000","-764,000"
711259,中光電元大63購01,0,0,0,0.0,0.0,0.0,0,0,0,"-288,000",0,0,0,0,"288,000","-288,000","-288,000"
711260,立敦元大61購02,0,0,0,0.0,0.0,0.0,0,0,0,"499,000",0,0,0,"499,000",0,"499,000","499,000"
711261,宜鼎元大63購03,0,0,0,0.0,0.0,0.0,0,0,0,"144,000",0,0,0,"196,000","52,000","144,000","144,000"
711264,家登元大61購05,0,0,0,0.0,0.0,0.0,0,0,0,"-235,000",0,0,0,0,"235,000","-235,000","-235,000"
711266,群聯元大61購16,0,0,0,0.0,0.0,0.0,0,0,0,"-94,000",0,0,0,"13,000","107,000","-94,000","-94,000"
711267,臺慶科元大61購04,0,0,0,0.0,0.0,0.0,0,0,0,"-42,000",0,0,0,"282,000","324,000","-42,000","-42,000"
711268,營邦元大61購02,0,0,0,0.0,0.0,0.0,0,0,0,"-62,000",0,0,0,0,"62,000","-62,000","-62,000"
711270,世界富邦61購03,0,0,0,0.0,0.0,0.0,0,0,0,"9,000",0,0,0,"30,000","21,000","9,000","9,000"
711271,博智富邦63購01,0,0,0,0.0,0.0,0.0,0,0,0,"1,000",0,0,0,"162,000","161,000","1,000","1,000"
711273,千附精永豐64購01,0,0,0,0.0,0.0,0.0,0,0,0,"-29,000",0,0,0,0,"29,000","-29,000","-29,000"
711276,家登永豐61購03,0,0,0,0.0,0.0,0.0,0,0,0,"-77,000",0,0,0,0,"77,000","-77,000","-77,000"
711278,九暘統一67購01,0,0,0,0.0,0.0,0.0,0,0,0,"-1,000",0,0,0,0,"1,000","-1,000","-1,000"
711279,千附統一6C購01,0,0,0,0.0,0.0,0.0,0,0,0,"10,000",0,0,0,"10,000",0,"10,000","10,000"
711281,安勤統一67購02,0,0,0,0.0,0.0,0.0,0,0,0,"-79,000",0,0,0,"212,000","291,000","-79,000","-79,000"
711282,青雲統一67購01,0,0,0,0.0,0.0,0.0,0,0,0,"69,000",0,0,0,"69,000",0,"69,000","69,000"
711283,倉和統一6C購01,0,0,0,0.0,0.0,0.0,0,0,0,"20,000",0,0,0,"20,000",0,"20,000","20,000"
711287,M31台新61購01,0,0,0,0.0,0.0,0.0,0,0,0,"-74,000",0,0,0,0,"74,000","-74,000","-74,000"
711291,富喬台新61購02,0,0,0,0.0,0.0,0.0,0,0,0,"-557,000",0,0,0,"3,000","560,000","-557,000","-557,000"
711293,M31凱基61購01,0,0,0,0.0,0.0,0.0,0,0,0,"-3,000",0,0,0,0,"3,000","-3,000","-3,000"
711295,M31凱基61購03,0,0,0,0.0,0.0,0.0,0,0,0,"-196,000",0,0,0,0,"196,000","-196,000","-196,000"
711296,千附精凱基61購03,0,0,0,0.0,0.0,0.0,0,0,0,"-25,000",0,0,0,0,"25,000","-25,000","-25,000"
711300,博智凱基63購01,0,0,0,0.0,0.0,0.0,0,0,0,"6,000",0,0,0,"6,000",0,"6,000","6,000"
711303,群聯凱基65購01,0,0,0,0.0,0.0,0.0,0,0,0,"-17,000",0,0,0,"2,000","19,000","-17,000","-17,000"
711305,營邦凱基61購03,0,0,0,0.0,0.0,0.0,0,0,0,"-419,000",0,0,0,0,"419,000","-419,000","-419,000"
711306,千附精元大61購01,0,0,0,0.0,0.0,0.0,0,0,0,"-54,000",0,0,0,0,"54,000","-54,000","-54,000"
711307,中光電元大61購10,0,0,0,0.0,0.0,0.0,0,0,0,"-170,000",0,0,0,"30,000","200,000","-170,000","-170,000"
711308,宏捷科元大66購01,0,0,0,0.0,0.0,0.0,0,0,0,"-248,000",0,0,0,0,"248,000","-248,000","-248,000"
711309,宜鼎元大63購04,0,0,0,0.0,0.0,0.0,0,0,0,"-571,000",0,0,0,"45,000","616,000","-571,000","-571,000"
711310,原相元大61購03,0,0,0,0.0,0.0,0.0,0,0,0,"197,000",0,0,0,"239,000","42,000","197,000","197,000"
711311,順達元大63購01,0,0,0,0.0,0.0,0.0,0,0,0,"-30,000",0,0,0,0,"30,000","-30,000","-30,000"
711312,群聯元大61購17,0,0,0,0.0,0.0,0.0,0,0,0,"-47,000",0,0,0,"52,000","99,000","-47,000","-47,000"
711313,臺慶科元大61購05,0,0,0,0.0,0.0,0.0,0,0,0,"-659,000",0,0,0,"245,000","904,000","-659,000","-659,000"
711319,中美晶國票61購05,0,0,0,0.0,0.0,0.0,0,0,0,"-1,000",0,0,0,0,"1,000","-1,000","-1,000"
711320,茂達國票61購02,0,0,0,0.0,0.0,0.0,0,0,0,"-7,000",0,0,0,0,"7,000","-7,000","-7,000"
711322,晶呈國票64購01,0,0,0,0.0,0.0,0.0,0,0,0,"39,000",0,0,0,"39,000",0,"39,000","39,000"
711328,博智群益61購02,0,0,0,0.0,0.0,0.0,0,0,0,"-413,000",0,0,0,"26,000","439,000","-413,000","-413,000"
711329,陽程群益61購03,0,0,0,0.0,0.0,0.0,0,0,0,"-28,000",0,0,0,0,"28,000","-28,000","-28,000"
711330,群聯群益63購01,0,0,0,0.0,0.0,0.0,0,0,0,"-116,000",0,0,0,"75,000","191,000","-116,000","-116,000"
711331,M31富邦63購01,0,0,0,0.0,0.0,0.0,0,0,0,"-203,000",0,0,0,0,"203,000","-203,000","-203,000"
711332,九暘統一65購01,0,0,0,0.0,0.0,0.0,0,0,0,"-41,000",0,0,0,"5,000","46,000","-41,000","-41,000"
711334,M31永豐63購01,0,0,0,0.0,0.0,0.0,0,0,0,"-255,000",0,0,0,0,"255,000","-255,000","-255,000"
711335,世紀*永豐63購01,0,0,0,0.0,0.0,0.0,0,0,0,"4,000",0,0,0,"4,000",0,"4,000","4,000"
711336,原相永豐61購03,0,0,0,0.0,0.0,0.0,0,0,0,"-33,000",0,0,0,0,"33,000","-33,000","-33,000"
711337,家登永豐61購04,0,0,0,0.0,0.0,0.0,0,0,0,"120,000",0,0,0,"120,000",0,"120,000","120,000"
711338,晶呈永豐61購01,0,0,0,0.0,0.0,0.0,0,0,0,"-28,000",0,0,0,0,"28,000","-28,000","-28,000"
711343,中美晶凱基61購09,0,0,0,0.0,0.0,0.0,0,0,0,"-40,000",0,0,0,0,"40,000","-40,000","-40,000"
711344,宜鼎凱基61購04,0,0,0,0.0,0.0,0.0,0,0,0,"-33,000",0,0,0,"50,000","83,000","-33,000","-33,000"
711347,群聯凱基63購02,0,0,0,0.0,0.0,0.0,0,0,0,"-41,000",0,0,0,"82,000","123,000","-41,000","-41,000"
711349,雙鴻凱基63購02,0,0,0,0.0,0.0,0.0,0,0,0,"221,000",0,0,0,"262,000","41,000","221,000","221,000"
711350,中光電元大61購11,0,0,0,0.0,0.0,0.0,0,0,0,"-352,000",0,0,0,"192,000","544,000","-352,000","-352,000"
711351,中美晶元大61購05,0,0,0,0.0,0.0,0.0,0,0,0,"-797,000",0,0,0,"879,000","1,676,000","-797,000","-797,000"
711354,智通*元大61購05,0,0,0,0.0,0.0,0.0,0,0,0,"499,000",0,0,0,"499,000",0,"499,000","499,000"
711355,中美晶群益61購02,0,0,0,0.0,0.0,0.0,0,0,0,"-1,000",0,0,0,"10,000","11,000","-1,000","-1,000"
711357,加高群益61購01,0,0,0,0.0,0.0,0.0,0,0,0,"-10,000",0,0,0,0,"10,000","-10,000","-10,000"
711358,巨有群益61購01,0,0,0,0.0,0.0,0.0,0,0,0,"-17,000",0,0,0,0,"17,000","-17,000","-17,000"
711361,群聯群益61購08,0,0,0,0.0,0.0,0.0,0,0,0,"-53,000",0,0,0,"47,000","100,000","-53,000","-53,000"
711365,威剛永豐67購02,0,0,0,0.0,0.0,0.0,0,0,0,"-100,000",0,0,0,0,"100,000","-100,000","-100,000"
711366,敘豐永豐64購01,0,0,0,0.0,0.0,0.0,0,0,0,"6,000",0,0,0,"20,000","14,000","6,000","6,000"
711367,凱崴永豐61購01,0,0,0,0.0,0.0,0.0,0,0,0,"-100,000",0,0,0,0,"100,000","-100,000","-100,000"
711368,博智永豐61購02,0,0,0,0.0,0.0,0.0,0,0,0,"53,000",0,0,0,"53,000",0,"53,000","53,000"
711369,華電網永豐61購01,0,0,0,0.0,0.0,0.0,0,0,0,"1,328,000",0,0,0,"1,431,000","103,000","1,328,000","1,328,000"
711370,閎康永豐61購03,0,0,0,0.0,0.0,0.0,0,0,0,"-35,000",0,0,0,0,"35,000","-35,000","-35,000"
711372,群聯永豐64購09,0,0,0,0.0,0.0,0.0,0,0,0,"-135,000",0,0,0,0,"135,000","-135,000","-135,000"
711373,群聯永豐67購02,0,0,0,0.0,0.0,0.0,0,0,0,"-20,000",0,0,0,0,"20,000","-20,000","-20,000"
711378,敘豐國票61購01,0,0,0,0.0,0.0,0.0,0,0,0,"-6,000",0,0,0,0,"6,000","-6,000","-6,000"
711380,創泓國票63購01,0,0,0,0.0,0.0,0.0,0,0,0,0,0,0,0,"25,000","25,000",0,0
711383,營邦國票61購02,0,0,0,0.0,0.0,0.0,0,0,0,"-50,000",0,0,0,0,"50,000","-50,000","-50,000"
711386,宜鼎國泰62購03,0,0,0,0.0,0.0,0.0,0,0,0,"-1,000",0,0,0,0,"1,000","-1,000","-1,000"
711387,青雲國泰62購04,0,0,0,0.0,0.0,0.0,0,0,0,"-3,000",0,0,0,0,"3,000","-3,000","-3,000"
711388,倉和國泰62購01,0,0,0,0.0,0.0,0.0,0,0,0,"193,000",0,0,0,"243,000","50,000","193,000","193,000"
711389,群聯國泰62購04,0,0,0,0.0,0.0,0.0,0,0,0,"-43,000",0,0,0,"26,000","69,000","-43,000","-43,000"
711392,宜鼎富邦61購03,0,0,0,0.0,0.0,0.0,0,0,0,"-211,000",0,0,0,0,"211,000","-211,000","-211,000"
711393,群聯富邦63購02,0,0,0,0.0,0.0,0.0,0,0,0,"235,000",0,0,0,"245,000","10,000","235,000","235,000"
711394,M31統一67購01,0,0,0,0.0,0.0,0.0,0,0,0,"-164,000",0,0,0,0,"164,000","-164,000","-164,000"
711395,M31統一67購02,0,0,0,0.0,0.0,0.0,0,0,0,"-328,000",0,0,0,0,"328,000","-328,000","-328,000"
711396,M31統一6C購01,0,0,0,0.0,0.0,0.0,0,0,0,"-86,000",0,0,0,"32,000","118,000","-86,000","-86,000"
711402,中美晶統一66購04,0,0,0,0.0,0.0,0.0,0,0,0,"-200,000",0,0,0,0,"200,000","-200,000","-200,000"
711409,千附國票66購01,0,0,0,0.0,0.0,0.0,0,0,0,"-7,000",0,0,0,"5,000","12,000","-7,000","-7,000"
711410,元太國票61購01,0,0,0,0.0,0.0,0.0,0,0,0,"-15,000",0,0,0,0,"15,000","-15,000","-15,000"
711411,天品國票61購01,0,0,0,0.0,0.0,0.0,0,0,0,"90,000",0,0,0,"90,000",0,"90,000","90,000"
711414,青雲國票61購02,0,0,0,0.0,0.0,0.0,0,0,0,"-50,000",0,0,0,0,"50,000","-50,000","-50,000"
711416,晟田國票62購01,0,0,0,0.0,0.0,0.0,0,0,0,"-34,000",0,0,0,"45,000","79,000","-34,000","-34,000"
711419,碩禾國票64購01,0,0,0,0.0,0.0,0.0,0,0,0,"-20,000",0,0,0,0,"20,000","-20,000","-20,000"
711422,晟田台新61購02,0,0,0,0.0,0.0,0.0,0,0,0,"-93,000",0,0,0,"34,000","127,000","-93,000","-93,000"
711423,陽程台新61購01,0,0,0,0.0,0.0,0.0,0,0,0,"1,000",0,0,0,"1,000",0,"1,000","1,000"
711424,陽程台新61購02,0,0,0,0.0,0.0,0.0,0,0,0,"1,000",0,0,0,"1,000",0,"1,000","1,000"
711425,千附凱基61購02,0,0,0,0.0,0.0,0.0,0,0,0,"-61,000",0,0,0,0,"61,000","-61,000","-61,000"
711433,中美晶元大61購06,0,0,0,0.0,0.0,0.0,0,0,0,"-341,000",0,0,0,"155,000","496,000","-341,000","-341,000"
711434,中美晶元大61購07,0,0,0,0.0,0.0,0.0,0,0,0,"-2,075,000",0,0,0,"1,000","2,076,000","-2,075,000","-2,075,000"
711435,中美晶元大61購08,0,0,0,0.0,0.0,0.0,0,0,0,"573,000",0,0,0,"1,924,000","1,351,000","573,000","573,000"
711437,中美晶元大65購04,0,0,0,0.0,0.0,0.0,0,0,0,"43,000",0,0,0,"84,000","41,000","43,000","43,000"
711440,智通*元大61購06,0,0,0,0.0,0.0,0.0,0,0,0,"499,000",0,0,0,"499,000",0,"499,000","499,000"
711441,智通*元大63購02,0,0,0,0.0,0.0,0.0,0,0,0,"17,000",0,0,0,"17,000",0,"17,000","17,000"
711444,漢科元大61購01,0,0,0,0.0,0.0,0.0,0,0,0,"45,000",0,0,0,"47,000","2,000","45,000","45,000"
711445,千附永豐61購03,0,0,0,0.0,0.0,0.0,0,0,0,"-300,000",0,0,0,0,"300,000","-300,000","-300,000"
711448,千附永豐64購01,0,0,0,0.0,0.0,0.0,0,0,0,"-45,000",0,0,0,0,"45,000","-45,000","-45,000"
711449,中美晶永豐61購04,0,0,0,0.0,0.0,0.0,0,0,0,"8,000",0,0,0,"19,000","11,000","8,000","8,000"
711454,宏捷科永豐64購01,0,0,0,0.0,0.0,0.0,0,0,0,"132,000",0,0,0,"132,000",0,"132,000","132,000"
711455,創惟永豐61購01,0,0,0,0.0,0.0,0.0,0,0,0,"5,000",0,0,0,"5,000",0,"5,000","5,000"
711456,智通*永豐61購02,0,0,0,0.0,0.0,0.0,0,0,0,"12,000",0,0,0,"12,000",0,"12,000","12,000"
711459,中光電國泰62購02,0,0,0,0.0,0.0,0.0,0,0,0,"-22,000",0,0,0,"3,000","25,000","-22,000","-22,000"
711460,中光電國泰62購03,0,0,0,0.0,0.0,0.0,0,0,0,"-32,000",0,0,0,0,"32,000","-32,000","-32,000"
711464,廣穎國泰62購01,0,0,0,0.0,0.0,0.0,0,0,0,"-13,000",0,0,0,0,"13,000","-13,000","-13,000"
711465,千附統一67購02,0,0,0,0.0,0.0,0.0,0,0,0,"-1,000",0,0,0,0,"1,000","-1,000","-1,000"
711470,中美晶統一6C購02,0,0,0,0.0,0.0,0.0,0,0,0,"-25,000",0,0,0,0,"25,000","-25,000","-25,000"
711478,中光電富邦62購03,0,0,0,0.0,0.0,0.0,0,0,0,"-20,000",0,0,0,"30,000","50,000","-20,000","-20,000"
711479,中美晶富邦61購04,0,0,0,0.0,0.0,0.0,0,0,0,"109,000",0,0,0,"123,000","14,000","109,000","109,000"
711481,宜鼎富邦61購04,0,0,0,0.0,0.0,0.0,0,0,0,"-125,000",0,0,0,0,"125,000","-125,000","-125,000"
711482,宜鼎群益61購04,0,0,0,0.0,0.0,0.0,0,0,0,"-21,000",0,0,0,"20,000","41,000","-21,000","-21,000"
711483,茂達群益61購03,0,0,0,0.0,0.0,0.0,0,0,0,"-53,000",0,0,0,0,"53,000","-53,000","-53,000"
711485,台嘉碩台新61購03,0,0,0,0.0,0.0,0.0,0,0,0,"-56,000",0,0,0,0,"56,000","-56,000","-56,000"
711486,巨漢台新61購03,0,0,0,0.0,0.0,0.0,0,0,0,"-6,000",0,0,0,0,"6,000","-6,000","-6,000"
711488,亞電台新61購01,0,0,0,0.0,0.0,0.0,0,0,0,"100,000",0,0,0,"223,000","123,000","100,000","100,000"
711490,千附精群益61購03,0,0,0,0.0,0.0,0.0,0,0,0,"-16,000",0,0,0,"5,000","21,000","-16,000","-16,000"
711492,亞電群益61購02,0,0,0,0.0,0.0,0.0,0,0,0,"118,000",0,0,0,"131,000","13,000","118,000","118,000"
711493,亞電群益61購03,0,0,0,0.0,0.0,0.0,0,0,0,"-6,000",0,0,0,"10,000","16,000","-6,000","-6,000"
711498,宜鼎凱基61購05,0,0,0,0.0,0.0,0.0,0,0,0,"-5,000",0,0,0,0,"5,000","-5,000","-5,000"
711499,昇佳電凱基61購02,0,0,0,0.0,0.0,0.0,0,0,0,"10,000",0,0,0,"10,000",0,"10,000","10,000"
711501,威剛凱基61購05,0,0,0,0.0,0.0,0.0,0,0,0,"-79,000",0,0,0,0,"79,000","-79,000","-79,000"
711503,富喬凱基61購06,0,0,0,0.0,0.0,0.0,0,0,0,"-5,000",0,0,0,0,"5,000","-5,000","-5,000"
711505,順達凱基61購05,0,0,0,0.0,0.0,0.0,0,0,0,"-15,000",0,0,0,0,"15,000","-15,000","-15,000"
711506,群聯凱基61購11,0,0,0,0.0,0.0,0.0,0,0,0,"-42,000",0,0,0,0,"42,000","-42,000","-42,000"
711507,頎邦凱基61購04,0,0,0,0.0,0.0,0.0,0,0,0,"-17,000",0,0,0,0,"17,000","-17,000","-17,000"
711508,雙鴻凱基63購03,0,0,0,0.0,0.0,0.0,0,0,0,"9,000",0,0,0,"10,000","1,000","9,000","9,000"
711510,立敦元大61購03,0,0,0,0.0,0.0,0.0,0,0,0,"100,000",0,0,0,"100,000",0,"100,000","100,000"
711511,亞電元大61購01,0,0,0,0.0,0.0,0.0,0,0,0,"78,000",0,0,0,"98,000","20,000","78,000","78,000"
711512,群聯元大61購18,0,0,0,0.0,0.0,0.0,0,0,0,"-15,000",0,0,0,"94,000","109,000","-15,000","-15,000"
711515,亞電統一69購01,0,0,0,0.0,0.0,0.0,0,0,0,"-89,000",0,0,0,"846,000","935,000","-89,000","-89,000"
711516,宜鼎統一64購05,0,0,0,0.0,0.0,0.0,0,0,0,"-20,000",0,0,0,"80,000","100,000","-20,000","-20,000"
711517,倉和統一65購01,0,0,0,0.0,0.0,0.0,0,0,0,"95,000",0,0,0,"95,000",0,"95,000","95,000"
711519,亞電永豐64購01,0,0,0,0.0,0.0,0.0,0,0,0,"1,000",0,0,0,"1,000",0,"1,000","1,000"
711523,雙鴻永豐64購03,0,0,0,0.0,0.0,0.0,0,0,0,"-85,000",0,0,0,0,"85,000","-85,000","-85,000"
711526,亞電國泰62購01,0,0,0,0.0,0.0,0.0,0,0,0,"145,000",0,0,0,"205,000","60,000","145,000","145,000"
711528,漢科國泰62購01,0,0,0,0.0,0.0,0.0,0,0,0,"5,000",0,0,0,"5,000",0,"5,000","5,000"
711529,千附精富邦61購01,0,0,0,0.0,0.0,0.0,0,0,0,"-27,000",0,0,0,0,"27,000","-27,000","-27,000"
711530,立碁富邦61購02,0,0,0,0.0,0.0,0.0,0,0,0,"-15,000",0,0,0,0,"15,000","-15,000","-15,000"
711531,宜特富邦63購02,0,0,0,0.0,0.0,0.0,0,0,0,"-22,000",0,0,0,"13,000","35,000","-22,000","-22,000"
711532,宜鼎富邦61購05,0,0,0,0.0,0.0,0.0,0,0,0,"-191,000",0,0,0,0,"191,000","-191,000","-191,000"
711534,欣銓富邦61購02,0,0,0,0.0,0.0,0.0,0,0,0,"66,000",0,0,0,"66,000",0,"66,000","66,000"
711539,群聯富邦63購03,0,0,0,0.0,0.0,0.0,0,0,0,"-116,000",0,0,0,"7,000","123,000","-116,000","-116,000"
711540,營邦富邦62購03,0,0,0,0.0,0.0,0.0,0,0,0,"-129,000",0,0,0,0,"129,000","-129,000","-129,000"
711541,雙鴻富邦63購02,0,0,0,0.0,0.0,0.0,0,0,0,"-23,000",0,0,0,"26,000","49,000","-23,000","-23,000"
711542,譜瑞富邦63購02,0,0,0,0.0,0.0,0.0,0,0,0,"-42,000",0,0,0,0,"42,000","-42,000","-42,000"
711545,禾瑞亞國票61購01,0,0,0,0.0,0.0,0.0,0,0,0,"-5,000",0,0,0,0,"5,000","-5,000","-5,000"
711546,亞電國票61購01,0,0,0,0.0,0.0,0.0,0,0,0,"-115,000",0,0,0,"20,000","135,000","-115,000","-115,000"
711549,巨漢群益61購02,0,0,0,0.0,0.0,0.0,0,0,0,"-2,000",0,0,0,0,"2,000","-2,000","-2,000"
711552,立碁國票65購01,0,0,0,0.0,0.0,0.0,0,0,0,"3,000",0,0,0,"3,000",0,"3,000","3,000"
711553,亞電國票63購01,0,0,0,0.0,0.0,0.0,0,0,0,"2,000",0,0,0,"4,000","2,000","2,000","2,000"
711554,亞電國票64購01,0,0,0,0.0,0.0,0.0,0,0,0,"-20,000",0,0,0,0,"20,000","-20,000","-20,000"
711558,頎邦國票66購01,0,0,0,0.0,0.0,0.0,0,0,0,"-17,000",0,0,0,0,"17,000","-17,000","-17,000"
711560,臺慶科國票66購01,0,0,0,0.0,0.0,0.0,0,0,0,"-10,000",0,0,0,0,"10,000","-10,000","-10,000"
711561,磐儀國票65購01,0,0,0,0.0,0.0,0.0,0,0,0,"-30,000",0,0,0,0,"30,000","-30,000","-30,000"
711562,亞電台新61購02,0,0,0,0.0,0.0,0.0,0,0,0,"142,000",0,0,0,"144,000","2,000","142,000","142,000"
711563,亞電台新61購03,0,0,0,0.0,0.0,0.0,0,0,0,"30,000",0,0,0,"42,000","12,000","30,000","30,000"
711564,青雲台新61購01,0,0,0,0.0,0.0,0.0,0,0,0,"-9,000",0,0,0,0,"9,000","-9,000","-9,000"
711568,亞電凱基61購01,0,0,0,0.0,0.0,0.0,0,0,0,"-55,000",0,0,0,0,"55,000","-55,000","-55,000"
711569,泓格凱基61購01,0,0,0,0.0,0.0,0.0,0,0,0,"-69,000",0,0,0,0,"69,000","-69,000","-69,000"
711571,群聯凱基66購02,0,0,0,0.0,0.0,0.0,0,0,0,"-116,000",0,0,0,0,"116,000","-116,000","-116,000"
711572,泓格永豐61購01,0,0,0,0.0,0.0,0.0,0,0,0,"-79,000",0,0,0,0,"79,000","-79,000","-79,000"
711573,群聯永豐67購03,0,0,0,0.0,0.0,0.0,0,0,0,"-11,000",0,0,0,0,"11,000","-11,000","-11,000"
711574,中光電元大61購12,0,0,0,0.0,0.0,0.0,0,0,0,"72,000",0,0,0,"72,000",0,"72,000","72,000"
711575,元太元大66購04,0,0,0,0.0,0.0,0.0,0,0,0,"-12,000",0,0,0,0,"12,000","-12,000","-12,000"
711577,青雲元大61購02,0,0,0,0.0,0.0,0.0,0,0,0,"-4,000",0,0,0,0,"4,000","-4,000","-4,000"
711578,晟田元大61購03,0,0,0,0.0,0.0,0.0,0,0,0,"439,000",0,0,0,"835,000","396,000","439,000","439,000"
711580,群聯元大61購19,0,0,0,0.0,0.0,0.0,0,0,0,"-30,000",0,0,0,0,"30,000","-30,000","-30,000"
711581,群聯元大63購05,0,0,0,0.0,0.0,0.0,0,0,0,"-15,000",0,0,0,0,"15,000","-15,000","-15,000"
711583,營邦元大61購03,0,0,0,0.0,0.0,0.0,0,0,0,"-51,000",0,0,0,0,"51,000","-51,000","-51,000"
711584,雙鴻元大61購16,0,0,0,0.0,0.0,0.0,0,0,0,"-15,000",0,0,0,0,"15,000","-15,000","-15,000"
711585,雙鴻元大63購03,0,0,0,0.0,0.0,0.0,0,0,0,"-23,000",0,0,0,"8,000","31,000","-23,000","-23,000"
711586,千附精國泰62購02,0,0,0,0.0,0.0,0.0,0,0,0,"-1,000",0,0,0,0,"1,000","-1,000","-1,000"
711587,元太國泰62購01,0,0,0,0.0,0.0,0.0,0,0,0,"-8,000",0,0,0,0,"8,000","-8,000","-8,000"
711588,泓格國泰62購01,"60,000",0,"60,000",0.0,0.0,0.0,0,0,0,"-520,000",0,0,0,"185,000","705,000","-520,000","-460,000"
711590,晟田國泰62購01,0,0,0,0.0,0.0,0.0,0,0,0,"-11,000",0,0,0,"5,000","16,000","-11,000","-11,000"
711591,群聯國泰62購06,0,0,0,0.0,0.0,0.0,0,0,0,"-148,000",0,0,0,0,"148,000","-148,000","-148,000"
711593,禾瑞亞統一67購01,0,0,0,0.0,0.0,0.0,0,0,0,"-66,000",0,0,0,0,"66,000","-66,000","-66,000"
711599,宏捷科富邦63購01,0,0,0,0.0,0.0,0.0,0,0,0,"-1,000",0,0,0,0,"1,000","-1,000","-1,000"
711600,威剛富邦61購01,0,0,0,0.0,0.0,0.0,0,0,0,"-12,000",0,0,0,0,"12,000","-12,000","-12,000"
711601,茂達富邦63購03,0,0,0,0.0,0.0,0.0,0,0,0,"-127,000",0,0,0,0,"127,000","-127,000","-127,000"
711602,頎邦富邦62購01,0,0,0,0.0,0.0,0.0,0,0,0,"-146,000",0,0,0,0,"146,000","-146,000","-146,000"
711606,由田凱基61購01,0,0,0,0.0,0.0,0.0,0,0,0,"-1,000",0,0,0,0,"1,000","-1,000","-1,000"
711612,雙鴻凱基61購08,0,0,0,0.0,0.0,0.0,0,0,0,"-5,000",0,0,0,0,"5,000","-5,000","-5,000"
711618,千附精元大61購03,0,0,0,0.0,0.0,0.0,0,0,0,"-691,000",0,0,0,0,"691,000","-691,000","-691,000"
711619,元太元大66購05,0,0,0,0.0,0.0,0.0,0,0,0,"-40,000",0,0,0,0,"40,000","-40,000","-40,000"
711621,世界元大61購02,0,0,0,0.0,0.0,0.0,0,0,0,"-388,000",0,0,0,0,"388,000","-388,000","-388,000"
711622,世界元大63購06,0,0,0,0.0,0.0,0.0,0,0,0,"-120,000",0,0,0,0,"120,000","-120,000","-120,000"
711625,原相元大61購04,0,0,0,0.0,0.0,0.0,0,0,0,"-85,000",0,0,0,0,"85,000","-85,000","-85,000"
711629,臺慶科元大61購06,0,0,0,0.0,0.0,0.0,0,0,0,"-825,000",0,0,0,0,"825,000","-825,000","-825,000"
711632,泓格群益61購01,0,0,0,0.0,0.0,0.0,0,0,0,"-217,000",0,0,0,0,"217,000","-217,000","-217,000"
711638,泓格國票61購01,0,0,0,0.0,0.0,0.0,0,0,0,"-4,000",0,0,0,0,"4,000","-4,000","-4,000"
711654,由田統一67購01,0,0,0,0.0,0.0,0.0,0,0,0,"-2,000",0,0,0,0,"2,000","-2,000","-2,000"
711658,聖暉*統一69購01,0,0,0,0.0,0.0,0.0,0,0,0,"-11,000",0,0,0,0,"11,000","-11,000","-11,000"
711664,禾瑞亞永豐61購01,0,0,0,0.0,0.0,0.0,0,0,0,"-75,000",0,0,0,0,"75,000","-75,000","-75,000"
711666,艾訊永豐61購02,0,0,0,0.0,0.0,0.0,0,0,0,"-72,000",0,0,0,0,"72,000","-72,000","-72,000"
711673,博士旺永豐67購01,0,0,0,0.0,0.0,0.0,0,0,0,"-15,000",0,0,0,0,"15,000","-15,000","-15,000"
722726,精材統一58購01,0,"15,000","-15,000",0.0,0.0,0.0,0,0,0,"-7,000",0,0,0,"3,000","10,000","-7,000","-22,000"
723681,雷科元富58購01,0,0,0,0.0,0.0,0.0,0,0,0,0,0,0,0,"7,000","7,000",0,0
724128,能率統一59購01,0,0,0,0.0,0.0,0.0,0,0,0,"2,000",0,0,0,"2,000",0,"2,000","2,000"
724374,聰泰統一59購01,0,0,0,0.0,0.0,0.0,0,0,0,"-3,000",0,0,0,0,"3,000","-3,000","-3,000"
728516,系微統一5C購01,0,0,0,0.0,0.0,0.0,0,0,0,"-10,000",0,0,0,0,"10,000","-10,000","-10,000"
729185,華星光統一59購03,0,0,0,0.0,0.0,0.0,0,0,0,"-28,000",0,0,0,0,"28,000","-28,000","-28,000"
729187,華星光統一61購02,0,0,0,0.0,0.0,0.0,0,0,0,"-13,000",0,0,0,"21,000","34,000","-13,000","-13,000"
729890,廣積統一59購01,0,0,0,0.0,0.0,0.0,0,0,0,"31,000",0,0,0,"31,000",0,"31,000","31,000"
730135,安勤統一58購01,0,0,0,0.0,0.0,0.0,0,0,0,"8,000",0,0,0,"8,000",0,"8,000","8,000"
730238,群聯統一58購01,0,0,0,0.0,0.0,0.0,0,0,0,"3,000",0,0,0,"3,000",0,"3,000","3,000"
730635,鈦昇統一58購01,0,0,0,0.0,0.0,0.0,0,0,0,"15,000",0,0,0,"15,000",0,"15,000","15,000"
730636,萬潤統一58購02,0,0,0,0.0,0.0,0.0,0,0,0,"10,000",0,0,0,"10,000",0,"10,000","10,000"
731945,千附精統一59購02,"4,000",0,"4,000",0.0,0.0,0.0,0,0,0,"-4,000",0,0,0,0,"4,000","-4,000",0
732269,M31統一63購01,0,0,0,0.0,0.0,0.0,0,0,0,"-350,000",0,0,0,0,"350,000","-350,000","-350,000"
732271,千附統一59購01,0,0,0,0.0,0.0,0.0,0,0,0,"13,000",0,0,0,"13,000",0,"13,000","13,000"
732272,千附統一5B購01,0,0,0,0.0,0.0,0.0,0,0,0,"-42,000",0,0,0,0,"42,000","-42,000","-42,000"
733461,先進光統一65購01,0,0,0,0.0,0.0,0.0,0,0,0,"-40,000",0,0,0,"9,000","49,000","-40,000","-40,000"
733471,營邦統一5B購01,0,0,0,0.0,0.0,0.0,0,0,0,"1,000",0,0,0,"1,000",0,"1,000","1,000"
733695,高端統一5B購01,0,0,0,0.0,0.0,0.0,0,0,0,"10,000",0,0,0,"10,000",0,"10,000","10,000"
733696,高端統一65購01,0,0,0,0.0,0.0,0.0,0,0,0,"-1,242,000",0,0,0,"69,000","1,311,000","-1,242,000","-1,242,000"
733701,創惟統一58購01,0,"1,000","-1,000",0.0,0.0,0.0,0,0,0,0,0,0,0,0,0,0,"-1,000"
733800,華星光統一5B購03,0,0,0,0.0,0.0,0.0,0,0,0,"-9,000",0,0,0,"4,000","13,000","-9,000","-9,000"
733958,新應材統一5C購01,0,0,0,0.0,0.0,0.0,0,0,0,"-10,000",0,0,0,0,"10,000","-10,000","-10,000"
733983,富喬統一5C購01,0,0,0,0.0,0.0,0.0,0,0,0,"-10,000",0,0,0,0,"10,000","-10,000","-10,000"
734209,華星光統一66購01,0,0,0,0.0,0.0,0.0,0,0,0,"-9,000",0,0,0,"19,000","28,000","-9,000","-9,000"
734287,鈦昇統一59購01,0,0,0,0.0,0.0,0.0,0,0,0,"-13,000",0,0,0,0,"13,000","-13,000","-13,000"
734994,新應材統一62購01,0,0,0,0.0,0.0,0.0,0,0,0,"5,000",0,0,0,"5,000",0,"5,000","5,000"
735028,新應材元富63購01,0,0,0,0.0,0.0,0.0,0,0,0,"-211,000",0,0,0,"1,000","212,000","-211,000","-211,000"
735029,新應材元富64購01,0,0,0,0.0,0.0,0.0,0,0,0,"-15,000",0,0,0,0,"15,000","-15,000","-15,000"
735271,波若威統一62購01,0,0,0,0.0,0.0,0.0,0,0,0,"-30,000",0,0,0,0,"30,000","-30,000","-30,000"
735304,華景電統一5A購01,0,0,0,0.0,0.0,0.0,0,0,0,"-60,000",0,0,0,0,"60,000","-60,000","-60,000"
735512,華星光統一61購03,0,0,0,0.0,0.0,0.0,0,0,0,"-129,000",0,0,0,"21,000","150,000","-129,000","-129,000"
735658,彩富統一5B購01,0,0,0,0.0,0.0,0.0,0,0,0,"1,000",0,0,0,"1,000",0,"1,000","1,000"
735660,彩富統一63購01,0,"1,000","-1,000",0.0,0.0,0.0,0,0,0,"1,000",0,0,0,"1,000",0,"1,000",0
735849,均華統一63購01,0,0,0,0.0,0.0,0.0,0,0,0,"26,000",0,0,0,"28,000","2,000","26,000","26,000"
736154,立碁統一61購01,0,0,0,0.0,0.0,0.0,0,0,0,"-4,000",0,0,0,"1,000","5,000","-4,000","-4,000"
736161,閎康統一59購01,0,0,0,0.0,0.0,0.0,0,0,0,"-10,000",0,0,0,0,"10,000","-10,000","-10,000"
736249,家登統一61購01,0,0,0,0.0,0.0,0.0,0,0,0,"-10,000",0,0,0,0,"10,000","-10,000","-10,000"
736351,安國統一66購01,0,0,0,0.0,0.0,0.0,0,0,0,"20,000",0,0,0,"20,000",0,"20,000","20,000"
736354,安國統一67購03,0,0,0,0.0,0.0,0.0,0,0,0,"-92,000",0,0,0,0,"92,000","-92,000","-92,000"
736427,M31統一61購03,0,0,0,0.0,0.0,0.0,0,0,0,"-10,000",0,0,0,0,"10,000","-10,000","-10,000"
736428,立碁統一59購02,0,0,0,0.0,0.0,0.0,0,0,0,"-2,277,000",0,0,0,0,"2,277,000","-2,277,000","-2,277,000"
736431,宏捷科統一61購01,0,0,0,0.0,0.0,0.0,0,0,0,"183,000",0,0,0,"183,000",0,"183,000","183,000"
736479,漢磊統一61購01,0,0,0,0.0,0.0,0.0,0,0,0,"-77,000",0,0,0,"42,000","119,000","-77,000","-77,000"
736834,中光電統一59購01,0,0,0,0.0,0.0,0.0,0,0,0,"-10,000",0,0,0,0,"10,000","-10,000","-10,000"
736934,金居統一5B購01,0,0,0,0.0,0.0,0.0,0,0,0,"-6,000",0,0,0,0,"6,000","-6,000","-6,000"
736938,晶呈統一5B購01,0,0,0,0.0,0.0,0.0,0,0,0,"2,000",0,0,0,"2,000",0,"2,000","2,000"
737106,IET群益58購01,0,0,0,0.0,0.0,0.0,0,0,0,"5,000",0,0,0,"5,000",0,"5,000","5,000"
737159,茂綸統一58購01,0,0,0,0.0,0.0,0.0,0,0,0,"5,000",0,0,0,"5,000",0,"5,000","5,000"
737161,富喬統一5A購03,0,0,0,0.0,0.0,0.0,0,0,0,"-13,000",0,0,0,0,"13,000","-13,000","-13,000"
737198,智通*國票5B購01,0,0,0,0.0,0.0,0.0,0,0,0,"-57,000",0,0,0,"2,000","59,000","-57,000","-57,000"
737321,立碁統一5C購01,0,0,0,0.0,0.0,0.0,0,0,0,"39,000",0,0,0,"100,000","61,000","39,000","39,000"
737328,美琪瑪統一58購02,0,0,0,0.0,0.0,0.0,0,0,0,"-10,000",0,0,0,0,"10,000","-10,000","-10,000"
737331,晶呈統一58購01,0,0,0,0.0,0.0,0.0,0,0,0,"-5,000",0,0,0,0,"5,000","-5,000","-5,000"
737334,萬泰科統一58購01,0,0,0,0.0,0.0,0.0,0,0,0,"13,000",0,0,0,"13,000",0,"13,000","13,000"
737795,鈦昇國票58購01,0,0,0,0.0,0.0,0.0,0,0,0,"60,000",0,0,0,"60,000",0,"60,000","60,000"
737930,晶呈統一5C購01,0,0,0,0.0,0.0,0.0,0,0,0,"-40,000",0,0,0,0,"40,000","-40,000","-40,000"
737933,譜瑞統一5B購01,0,0,0,0.0,0.0,0.0,0,0,0,"-10,000",0,0,0,0,"10,000","-10,000","-10,000"
738020,中光電兆豐58購01,0,0,0,0.0,0.0,0.0,0,0,0,"10,000",0,0,0,"10,000",0,"10,000","10,000"
738137,亞信統一5B購01,0,0,0,0.0,0.0,0.0,0,0,0,"420,000",0,0,0,"420,000",0,"420,000","420,000"
738140,美琪瑪統一64購01,0,0,0,0.0,0.0,0.0,0,0,0,"75,000",0,0,0,"75,000",0,"75,000","75,000"
738143,順達統一58購02,0,0,0,0.0,0.0,0.0,0,0,0,"-10,000",0,0,0,0,"10,000","-10,000","-10,000"
738145,順達統一5C購02,0,0,0,0.0,0.0,0.0,0,0,0,"-90,000",0,0,0,"110,000","200,000","-90,000","-90,000"
738152,精測統一5B購01,0,0,0,0.0,0.0,0.0,0,0,0,"-5,000",0,0,0,0,"5,000","-5,000","-5,000"
738184,世禾統一5B購01,0,0,0,0.0,0.0,0.0,0,0,0,"20,000",0,0,0,"20,000",0,"20,000","20,000"
738188,美琪瑪統一58購03,0,0,0,0.0,0.0,0.0,0,0,0,"-30,000",0,0,0,0,"30,000","-30,000","-30,000"
738192,聖暉*統一64購01,0,0,0,0.0,0.0,0.0,0,0,0,"-2,000",0,0,0,0,"2,000","-2,000","-2,000"
738282,M31統一5C購01,0,0,0,0.0,0.0,0.0,0,0,0,"-1,000",0,0,0,0,"1,000","-1,000","-1,000"
738286,信紘科統一64購01,0,0,0,0.0,0.0,0.0,0,0,0,"5,000",0,0,0,"5,000",0,"5,000","5,000"
738288,新應材統一64購01,0,0,0,0.0,0.0,0.0,0,0,0,"72,000",0,0,0,"72,000",0,"72,000","72,000"
738291,環球晶統一64購01,0,0,0,0.0,0.0,0.0,0,0,0,"-1,000",0,0,0,0,"1,000","-1,000","-1,000"
738373,雙鴻元大58購01,0,0,0,0.0,0.0,0.0,0,0,0,"50,000",0,0,0,"50,000",0,"50,000","50,000"
738439,雙鴻元大58購02,0,0,0,0.0,0.0,0.0,0,0,0,"108,000",0,0,0,"108,000",0,"108,000","108,000"
738651,世禾統一59購01,0,0,0,0.0,0.0,0.0,0,0,0,"10,000",0,0,0,"10,000",0,"10,000","10,000"
738726,宏捷科國票5B購01,0,0,0,0.0,0.0,0.0,0,0,0,"-9,000",0,0,0,"1,000","10,000","-9,000","-9,000"
738736,M31統一5C購02,0,0,0,0.0,0.0,0.0,0,0,0,"-50,000",0,0,0,0,"50,000","-50,000","-50,000"
738742,安勤統一59購01,0,0,0,0.0,0.0,0.0,0,0,0,"111,000",0,0,0,"111,000",0,"111,000","111,000"
738746,朋程統一5C購01,0,0,0,0.0,0.0,0.0,0,0,0,"-13,000",0,0,0,0,"13,000","-13,000","-13,000"
738748,信紘科統一5C購01,0,0,0,0.0,0.0,0.0,0,0,0,"145,000",0,0,0,"145,000",0,"145,000","145,000"
738749,前鼎統一59購02,0,0,0,0.0,0.0,0.0,0,0,0,"-3,000",0,0,0,0,"3,000","-3,000","-3,000"
738751,茂訊統一59購02,0,0,0,0.0,0.0,0.0,0,0,0,"55,000",0,0,0,"255,000","200,000","55,000","55,000"
738753,神準統一59購01,0,0,0,0.0,0.0,0.0,0,0,0,"-10,000",0,0,0,0,"10,000","-10,000","-10,000"
738757,順達統一5C購03,0,0,0,0.0,0.0,0.0,0,0,0,"-2,000",0,0,0,0,"2,000","-2,000","-2,000"
738870,群聯凱基59購02,0,0,0,0.0,0.0,0.0,0,0,0,"1,000",0,0,0,"1,000",0,"1,000","1,000"
738941,昇達科統一59購04,0,0,0,0.0,0.0,0.0,0,0,0,"10,000",0,0,0,"10,000",0,"10,000","10,000"
738944,順達統一5C購04,0,0,0,0.0,0.0,0.0,0,0,0,"12,000",0,0,0,"12,000",0,"12,000","12,000"
739057,智通*元大59購01,0,0,0,0.0,0.0,0.0,0,0,0,"358,000",0,0,0,"358,000",0,"358,000","358,000"
739372,力旺統一5C購01,0,0,0,0.0,0.0,0.0,0,0,0,"-23,000",0,0,0,"3,000","26,000","-23,000","-23,000"
739385,萬泰科統一64購01,0,0,0,0.0,0.0,0.0,0,0,0,"15,000",0,0,0,"15,000",0,"15,000","15,000"
739387,精材統一5C購01,0,0,0,0.0,0.0,0.0,0,0,0,"-1,000",0,0,0,0,"1,000","-1,000","-1,000"
739442,中美晶統一5C購01,0,0,0,0.0,0.0,0.0,0,0,0,"-25,000",0,0,0,0,"25,000","-25,000","-25,000"
739452,茂達統一59購01,0,0,0,0.0,0.0,0.0,0,0,0,"-130,000",0,0,0,"5,000","135,000","-130,000","-130,000"
739458,環球晶統一59購01,0,0,0,0.0,0.0,0.0,0,0,0,"-5,000",0,0,0,"79,000","84,000","-5,000","-5,000"
739459,環球晶統一59購02,0,0,0,0.0,0.0,0.0,0,0,0,"5,000",0,0,0,"5,000",0,"5,000","5,000"
739460,環球晶統一64購02,0,0,0,0.0,0.0,0.0,0,0,0,"41,000",0,0,0,"41,000",0,"41,000","41,000"
739646,昇佳電統一5C購01,0,0,0,0.0,0.0,0.0,0,0,0,"20,000",0,0,0,"20,000",0,"20,000","20,000"
739651,德微統一5C購02,0,0,0,0.0,0.0,0.0,0,0,0,"-40,000",0,0,0,0,"40,000","-40,000","-40,000"
739856,系微元大59購01,0,0,0,0.0,0.0,0.0,0,0,0,"-2,000",0,0,0,0,"2,000","-2,000","-2,000"
共4218筆,,,,,,,,,,,,,,,,,,
*三大法人買賣超股數合計=外資及陸資淨買股數(不含自營商)+投信淨買股數+自營商淨買股數合計,,,,,,,,,,,,,,,,,,
說明：,,,,,,,,,,,,,,,,,,
外資及陸資表示依「華僑及外國人投資證券管理辦法」及「大陸地區投資人來臺從事證券投資及期貨交易管理辦法」辦理登記等投資人。,,,,,,,,,,,,,,,,,,
因外資自營商買賣金額已計入自營商買賣金額，故不納入三大法人買賣金額之合計數計算。,,,,,,,,,,,,,,,,,,
投信表示本國投資信託基金。,,,,,,,,,,,,,,,,,,
自營商表示證券自營商專戶。,,,,,,,,,,,,,,,,,,
本資訊以當日原始成交情形統計，不以證券商申報錯帳、更正帳號等調整後資料統計。,,,,,,,,,,,,,,,,,,
ETF證券代號第六碼為K、C者，表示該ETF以外幣交易，其一交易單位(張)應為100受益權或其整倍數，請詳其公開說明書。,,,,,,,,,,,,,,,,,,
