證券代號,證券名稱,外陸資買進股數(不含外資自營商),外陸資賣出股數(不含外資自營商),外陸資買賣超股數(不含外資自營商),外資自營商買進股數,外資自營商賣出股數,外資自營商買賣超股數,投信買進股數,投信賣出股數,投信買賣超股數,自營商買賣超股數,自營商買進股數(自行買賣),自營商賣出股數(自行買賣),自營商買賣超股數(自行買賣),自營商買進股數(避險),自營商賣出股數(避險),自營商買賣超股數(避險),三大法人買賣超股數
00411A,主動統一前沿科技,"1,304,000","1,619,500","-315,500",0.0,0.0,0.0,0,0,0,"-3,194,768",0,0,0,"2,851,583","6,046,351","-3,194,768","-3,510,268"
00679B,元大美債20年,"4,603,133","347,000","4,256,133",0.0,0.0,0.0,0,0,0,"-2,974,243",0,0,0,"3,624,000","6,598,243","-2,974,243","1,281,890"
00687B,國泰20年美債,"2,893,000","495,000","2,398,000",0.0,0.0,0.0,0,0,0,"-1,302,472",0,0,0,"1,506,000","2,808,472","-1,302,472","1,095,528"
00687C,國泰20年美債+櫃U,0,0,0,0.0,0.0,0.0,0,0,0,0,0,0,0,"25,000","25,000",0,0
00694B,富邦美債1-3,0,0,0,0.0,0.0,0.0,0,0,0,"-12,292",0,0,0,"66,189","78,481","-12,292","-12,292"
00695B,富邦美債7-10,"65,000",0,"65,000",0.0,0.0,0.0,0,0,0,"111,978",0,0,0,"166,008","54,030","111,978","176,978"
00696B,富邦美債20年,"5,000",0,"5,000",0.0,0.0,0.0,0,0,0,"-570,590",0,0,0,"433,340","1,003,930","-570,590","-565,590"
00697B,元大美債7-10,"2,000",0,"2,000",0.0,0.0,0.0,0,0,0,"-80,190",0,0,0,"10,485","90,675","-80,190","-78,190"
00719B,元大美債1-3,"60,000","32,000","28,000",0.0,0.0,0.0,0,0,0,"-400,462",0,0,0,0,"400,462","-400,462","-372,462"
00720B,元大投資級公司債,"190,000","2,785,000","-2,595,000",0.0,0.0,0.0,0,0,0,"-1,139,974",0,0,0,"587,000","1,726,974","-1,139,974","-3,734,974"
00722B,群益投資級電信債,"69,000","59,000","10,000",0.0,0.0,0.0,0,0,0,"4,552","6,000",0,"6,000","214,510","215,958","-1,448","14,552"
00723B,群益投資級科技債,0,0,0,0.0,0.0,0.0,0,0,0,"-13,000",0,0,0,"140,000","153,000","-13,000","-13,000"
00724B,群益投資級金融債,"60,000","13,000","47,000",0.0,0.0,0.0,0,0,0,"-57,552",0,0,0,"3,409,578","3,467,130","-57,552","-10,552"
00725B,國泰投資級公司債,"1,556,000","123,000","1,433,000",0.0,0.0,0.0,0,0,0,"-1,130,326",0,0,0,"854,000","1,984,326","-1,130,326","302,674"
00726B,國泰新興投等債,"188,000",0,"188,000",0.0,0.0,0.0,0,0,0,"-180,005",0,0,0,"100,000","280,005","-180,005","7,995"
00727B,國泰優選非投等債,"1,000","5,000","-4,000",0.0,0.0,0.0,0,0,0,"-3,825",0,0,0,"101,897","105,722","-3,825","-7,825"
00734B,台新JPM新興債,"57,000",0,"57,000",0.0,0.0,0.0,0,0,0,"-57,000",0,0,0,"50,000","107,000","-57,000",0
00740B,富邦全球投等債,"686,000","12,000","674,000",0.0,0.0,0.0,0,0,0,"704,819","5,000",0,"5,000","1,390,000","690,181","699,819","1,378,819"
00741B,富邦全球非投等債,"31,000","1,000","30,000",0.0,0.0,0.0,0,0,0,"-31,104",0,0,0,"111,000","142,104","-31,104","-1,104"
00746B,富邦A級公司債,"76,000",0,"76,000",0.0,0.0,0.0,0,0,0,"-91,940",0,0,0,"100,060","192,000","-91,940","-15,940"
00749B,凱基新興債10+,"1,000","1,000",0,0.0,0.0,0.0,0,0,0,0,0,0,0,"100,000","100,000",0,0
00750B,凱基科技債10+,0,"1,000","-1,000",0.0,0.0,0.0,0,0,0,"1,000",0,0,0,"101,000","100,000","1,000",0
00751B,元大AAA至A公司債,"496,050","543,000","-46,950",0.0,0.0,0.0,0,0,0,"-202,801",0,0,0,"962,000","1,164,801","-202,801","-249,751"
00754B,群益AAA-AA公司債,"95,000","1,000","94,000",0.0,0.0,0.0,0,0,0,"-115,217",0,0,0,"100,283","215,500","-115,217","-21,217"
00755B,群益投資級公用債,0,"3,000","-3,000",0.0,0.0,0.0,0,0,0,-489,0,0,0,"102,511","103,000",-489,"-3,489"
00756B,群益投等新興公債,0,0,0,0.0,0.0,0.0,0,0,0,"13,671",0,0,0,"114,171","100,500","13,671","13,671"
00758B,復華能源債,0,0,0,0.0,0.0,0.0,0,0,0,0,0,0,0,"100,000","100,000",0,0
00759B,復華製藥債,"1,000","1,000",0,0.0,0.0,0.0,0,0,0,0,0,0,0,"100,000","100,000",0,0
00760B,復華新興企業債,"1,000","1,000",0,0.0,0.0,0.0,0,0,0,-83,0,0,0,"100,657","100,740",-83,-83
00761B,國泰A級公司債,"36,000","1,000","35,000",0.0,0.0,0.0,0,0,0,"-5,000",0,0,0,"103,000","108,000","-5,000","30,000"
00764B,群益25年美債,"7,000","18,000","-11,000",0.0,0.0,0.0,0,0,0,"117,623",0,0,0,"3,182,000","3,064,377","117,623","106,623"
00768B,復華20年美債,"119,000",0,"119,000",0.0,0.0,0.0,0,0,0,"-48,237",0,0,0,"168,998","217,235","-48,237","70,763"
00772B,中信高評級公司債,"1,003,000","28,000","975,000",0.0,0.0,0.0,0,0,0,"-156,500",0,0,0,"262,000","418,500","-156,500","818,500"
00773B,中信優先金融債,"384,000","1,000","383,000",0.0,0.0,0.0,0,0,0,"-295,148",0,0,0,"414,000","709,148","-295,148","87,852"
00777B,凱基AAA至A公司債,0,"10,000","-10,000",0.0,0.0,0.0,0,0,0,"10,000",0,0,0,"110,000","100,000","10,000",0
00778B,凱基金融債20+,0,0,0,0.0,0.0,0.0,0,0,0,0,0,0,0,"100,000","100,000",0,0
00779B,凱基美債25+,"1,000","1,000",0,0.0,0.0,0.0,0,0,0,"22,000",0,0,0,"325,000","303,000","22,000","22,000"
00780B,國泰A級金融債,0,0,0,0.0,0.0,0.0,0,0,0,"3,488",0,0,0,"104,000","100,512","3,488","3,488"
00781B,國泰A級科技債,"6,000","5,000","1,000",0.0,0.0,0.0,0,0,0,-293,0,0,0,"100,000","100,293",-293,707
00782B,國泰A級公用債,"1,000",0,"1,000",0.0,0.0,0.0,0,0,0,"-18,200",0,0,0,"138,000","156,200","-18,200","-17,200"
00785B,富邦金融投等債,"1,000",0,"1,000",0.0,0.0,0.0,0,0,0,0,0,0,0,"50,000","50,000",0,"1,000"
00786B,元大10年IG銀行債,0,0,0,0.0,0.0,0.0,0,0,0,"18,000",0,0,0,"18,000",0,"18,000","18,000"
00787B,元大10年IG醫療債,0,"1,000","-1,000",0.0,0.0,0.0,0,0,0,"8,003",0,0,0,"8,003",0,"8,003","7,003"
00788B,元大10年IG電能債,0,0,0,0.0,0.0,0.0,0,0,0,"-1,000",0,0,0,0,"1,000","-1,000","-1,000"
00789B,復華公司債A3,0,0,0,0.0,0.0,0.0,0,0,0,20,0,0,0,"100,020","100,000",20,20
00791B,復華信用債1-5,"1,000","1,000",0,0.0,0.0,0.0,0,0,0,0,0,0,0,"100,000","100,000",0,0
00792B,群益A級公司債,0,"11,000","-11,000",0.0,0.0,0.0,0,0,0,"75,000",0,0,0,"182,000","107,000","75,000","64,000"
00795B,中信美國公債20年,"1,156,000","115,000","1,041,000",0.0,0.0,0.0,0,0,0,"-785,165","6,000",0,"6,000","592,000","1,383,165","-791,165","255,835"
00799B,國泰A級醫療債,"1,000","14,000","-13,000",0.0,0.0,0.0,0,0,0,"54,996",0,0,0,"241,000","186,004","54,996","41,996"
00834B,第一金金融債10+,0,0,0,0.0,0.0,0.0,0,0,0,0,0,0,0,"100,000","100,000",0,0
00836B,永豐10年A公司債,0,0,0,0.0,0.0,0.0,0,0,0,0,0,0,0,"1,000","1,000",0,0
00840B,凱基IG精選15+,0,"7,000","-7,000",0.0,0.0,0.0,0,0,0,"7,000",0,0,0,"107,000","100,000","7,000",0
00841B,凱基AAA-AA公司債,0,0,0,0.0,0.0,0.0,0,0,0,"1,000",0,0,0,"101,000","100,000","1,000","1,000"
00842B,台新美元銀行債,"7,000",0,"7,000",0.0,0.0,0.0,0,0,0,"1,990",0,0,0,"2,000",10,"1,990","8,990"
00844B,台新15年IG金融債,0,0,0,0.0,0.0,0.0,0,0,0,"4,992",0,0,0,"85,000","80,008","4,992","4,992"
00845B,富邦新興投等債,"21,000","1,000","20,000",0.0,0.0,0.0,0,0,0,"-21,000",0,0,0,"100,000","121,000","-21,000","-1,000"
00846B,富邦歐洲銀行債,"15,000","15,000",0,0.0,0.0,0.0,0,0,0,"13,765",0,0,0,"120,000","106,235","13,765","13,765"
00848B,中信新興亞洲債,"83,000","5,000","78,000",0.0,0.0,0.0,0,0,0,"-77,100",0,0,0,"500,000","577,100","-77,100",900
00849B,中信EM主權債0-5,"2,000","1,000","1,000",0.0,0.0,0.0,0,0,0,-271,0,0,0,"500,000","500,271",-271,729
00853B,統一美債10年Aa-A,"30,000",0,"30,000",0.0,0.0,0.0,0,0,0,"23,803",0,0,0,"1,026,044","1,002,241","23,803","53,803"
00856B,永豐1-3年美公債,"2,000",0,"2,000",0.0,0.0,0.0,0,0,0,0,0,0,0,"1,000","1,000",0,"2,000"
00857B,永豐20年美公債,"21,000",0,"21,000",0.0,0.0,0.0,0,0,0,"262,980",0,0,0,"441,000","178,020","262,980","283,980"
00858,永豐美國500大,"1,000","1,000",0,0.0,0.0,0.0,0,0,0,"34,173",0,0,0,"51,000","16,827","34,173","34,173"
00859B,群益0-1年美債,"194,000","9,000","185,000",0.0,0.0,0.0,0,0,0,"-210,960",0,0,0,"2,500,500","2,711,460","-210,960","-25,960"
00860B,群益1-5Y投資級債,0,"1,000","-1,000",0.0,0.0,0.0,0,0,0,"1,000",0,0,0,"101,000","100,000","1,000",0
00862B,中信投資級公司債,"11,000",0,"11,000",0.0,0.0,0.0,0,0,0,"-26,000",0,0,0,"410,000","436,000","-26,000","-15,000"
00863B,中信全球電信債,"50,000","156,000","-106,000",0.0,0.0,0.0,0,0,0,"104,000",0,0,0,"605,000","501,000","104,000","-2,000"
00864B,中信美國公債0-1,"31,000","6,000","25,000",0.0,0.0,0.0,0,0,0,"-81,000",0,0,0,"427,000","508,000","-81,000","-56,000"
00867B,台新A-BBB電信債,0,0,0,0.0,0.0,0.0,0,0,0,-33,0,0,0,"1,200,000","1,200,033",-33,-33
00870B,元大15年EM主權債,"70,000",0,"70,000",0.0,0.0,0.0,0,0,0,"-72,213",0,0,0,0,"72,213","-72,213","-2,213"
00877,復華中國5G,"179,000","136,000","43,000",0.0,0.0,0.0,0,0,0,"-2,607,754","68,000",0,"68,000","1,472,703","4,148,457","-2,675,754","-2,564,754"
00884B,中信低碳新興債,"20,000",0,"20,000",0.0,0.0,0.0,0,0,0,"-30,361",0,0,0,"400,227","430,588","-30,361","-10,361"
00886,永豐美國科技,0,0,0,0.0,0.0,0.0,0,0,0,"9,838",0,0,0,"30,023","20,185","9,838","9,838"
00887,永豐中國科技50大,"765,000","382,000","383,000",0.0,0.0,0.0,0,0,0,"85,043",0,0,0,"1,286,209","1,201,166","85,043","468,043"
00888,永豐台灣ESG,"412,393","1,522,000","-1,109,607",0.0,0.0,0.0,0,0,0,"-878,961",0,0,0,"530,000","1,408,961","-878,961","-1,988,568"
00890B,凱基ESG BBB債15+,"103,000",0,"103,000",0.0,0.0,0.0,0,0,0,"-100,000",0,0,0,"50,000","150,000","-100,000","3,000"
00928,中信上櫃ESG 30,"41,000","42,000","-1,000",0.0,0.0,0.0,0,0,0,"-90,079",0,0,0,"208,321","298,400","-90,079","-91,079"
00931B,統一美債20年,"264,000","21,000","243,000",0.0,0.0,0.0,0,0,0,"-618,645",0,0,0,"1,840,000","2,458,645","-618,645","-375,645"
00933B,國泰10Y+金融債,"306,000","313,000","-7,000",0.0,0.0,0.0,0,0,0,"-1,384,810",0,0,0,"801,000","2,185,810","-1,384,810","-1,391,810"
00937B,群益ESG投等債20+,"665,000","540,000","125,000",0.0,0.0,0.0,0,0,0,"-6,893,669",0,"100,000","-100,000","3,936,500","10,730,169","-6,793,669","-6,768,669"
00942B,台新美A公司債20+,"290,000",0,"290,000",0.0,0.0,0.0,0,0,0,"-231,431",0,0,0,"55,000","286,431","-231,431","58,569"
00948B,中信優息投資級債,"435,000",0,"435,000",0.0,0.0,0.0,0,0,0,"-6,057,000",0,0,0,"1,529,000","7,586,000","-6,057,000","-5,622,000"
00950B,凱基A級公司債,"46,000","223,000","-177,000",0.0,0.0,0.0,0,0,0,"-4,033,315",0,0,0,"378,000","4,411,315","-4,033,315","-4,210,315"
00955,中信日本商社,"68,302","304,000","-235,698",0.0,0.0,0.0,0,0,0,"66,273","13,000","25,000","-12,000","712,000","633,727","78,273","-169,425"
00957B,兆豐US優選投等債,0,0,0,0.0,0.0,0.0,0,0,0,"-6,741",0,0,0,"47,000","53,741","-6,741","-6,741"
00958B,永豐ESG銀行債15+,"119,000",0,"119,000",0.0,0.0,0.0,0,0,0,"-6,411",0,0,0,"56,000","62,411","-6,411","112,589"
00959B,大華投等美債15Y+,"214,000",0,"214,000",0.0,0.0,0.0,0,0,0,"-357,206",0,0,0,"130,000","487,206","-357,206","-143,206"
00966B,統一ESG投等債15+,"13,000",0,"13,000",0.0,0.0,0.0,0,0,0,"32,478",0,0,0,"139,000","106,522","32,478","45,478"
00967B,元大優息美債,0,0,0,0.0,0.0,0.0,0,0,0,"-91,347",0,0,0,"4,000","95,347","-91,347","-91,347"
00968B,元大優息投等債,0,"5,000","-5,000",0.0,0.0,0.0,0,0,0,"-345,903",0,0,0,0,"345,903","-345,903","-350,903"
00969B,元大零息超長美債,"140,000",0,"140,000",0.0,0.0,0.0,0,0,0,"-88,393",0,0,0,"35,000","123,393","-88,393","51,607"
00970B,台新BBB投等債20+,"430,000",0,"430,000",0.0,0.0,0.0,0,0,0,"-651,579",0,0,0,0,"651,579","-651,579","-221,579"
00980B,台新特選IG債10+,0,0,0,0.0,0.0,0.0,0,0,0,"26,676",0,0,0,"136,000","109,324","26,676","26,676"
00980D,主動聯博投等入息,0,0,0,0.0,0.0,0.0,0,0,0,"-98,108",0,0,0,"686,000","784,108","-98,108","-98,108"
00980T,平衡凱基美國TOP,"18,000","1,000","17,000",0.0,0.0,0.0,0,0,0,"30,128",0,0,0,"34,000","3,872","30,128","47,128"
00981B,第一金優選非投債,"6,699,069",0,"6,699,069",0.0,0.0,0.0,0,0,0,"-8,220,257",0,0,0,"2,557,000","10,777,257","-8,220,257","-1,521,188"
00981D,主動中信非投等債,"53,000","1,000","52,000",0.0,0.0,0.0,0,0,0,"133,879",0,0,0,"178,000","44,121","133,879","185,879"
00982B,FT投資級債20+,"1,000",0,"1,000",0.0,0.0,0.0,0,0,0,275,0,0,0,660,385,275,"1,275"
00983B,大華優利美公債20,"65,000","51,000","14,000",0.0,0.0,0.0,0,0,0,"20,603",0,0,0,"743,280","722,677","20,603","34,603"
00984B,大華優利美A債15,"359,000",0,"359,000",0.0,0.0,0.0,0,0,0,"-342,168",0,0,0,"160,000","502,168","-342,168","16,832"
00985D,主動貝萊德優投等,"148,000",0,"148,000",0.0,0.0,0.0,0,0,0,"-349,531",0,0,0,"632,000","981,531","-349,531","-201,531"
00986B,FT金融債10+,0,0,0,0.0,0.0,0.0,0,0,0,"-6,708",0,0,0,"2,517","9,225","-6,708","-6,708"
00986D,主動復華金融債息,"350,000",0,"350,000",0.0,0.0,0.0,0,0,0,"-94,000",0,0,0,"22,000","116,000","-94,000","256,000"
00987B,野村10+澳洲公債,"3,000",0,"3,000",0.0,0.0,0.0,0,0,0,"184,598",0,0,0,"215,000","30,402","184,598","187,598"
00987D,主動統一美債量化,0,0,0,0.0,0.0,0.0,0,0,0,"-18,537",0,0,0,"4,408,000","4,426,537","-18,537","-18,537"
00988B,玉山嚴選非投債,0,"11,000","-11,000",0.0,0.0,0.0,0,0,0,"-593,072",0,0,0,"52,000","645,072","-593,072","-604,072"
00989B,台新美國非投等債,0,0,0,0.0,0.0,0.0,0,0,0,"-604,748",0,0,0,"2,379,000","2,983,748","-604,748","-604,748"
00990B,國泰收益非投等債,"82,000","56,000","26,000",0.0,0.0,0.0,0,0,0,"-285,271",0,0,0,"1,300,000","1,585,271","-285,271","-259,271"
00992B,街口優息非投債,0,0,0,0.0,0.0,0.0,0,0,0,"328,489",0,"3,000,000","-3,000,000","4,972,000","1,643,511","3,328,489","328,489"
00998A,主動復華金融股息,"495,100","4,707,000","-4,211,900",0.0,0.0,0.0,0,0,0,"-29,779,137",0,0,0,"750,000","30,529,137","-29,779,137","-33,991,037"
1240,茂生農經,0,"1,000","-1,000",0.0,0.0,0.0,0,0,0,0,0,0,0,0,0,0,"-1,000"
1259,安心,"1,000","1,000",0,0.0,0.0,0.0,0,0,0,0,0,0,0,0,0,0,0
1264,德麥,"11,159","7,000","4,159",0.0,0.0,0.0,0,0,0,"-12,000",0,"12,000","-12,000",0,0,0,"-7,841"
1268,漢來美食,"1,000","5,000","-4,000",0.0,0.0,0.0,0,0,0,0,0,0,0,0,0,0,"-4,000"
1294,漢田生技,"2,400",0,"2,400",0.0,0.0,0.0,0,0,0,0,0,0,0,0,0,0,"2,400"
1295,生合,"5,000","17,000","-12,000",0.0,0.0,0.0,0,0,0,0,0,0,0,0,0,0,"-12,000"
1336,台翰,"43,175","44,040",-865,0.0,0.0,0.0,0,0,0,0,0,0,0,0,0,0,-865
1565,精華,"14,000","146,000","-132,000",0.0,0.0,0.0,0,0,0,"-2,720","5,206","8,400","-3,194","1,306",832,474,"-134,720"
1569,濱川,"562,221","2,089,000","-1,526,779",0.0,0.0,0.0,0,0,0,"3,527","15,000",0,"15,000","37,000","48,473","-11,473","-1,523,252"
1570,力肯,"3,250",0,"3,250",0.0,0.0,0.0,0,0,0,0,0,0,0,0,0,0,"3,250"
1580,新麥,"42,000","1,000","41,000",0.0,0.0,0.0,0,0,0,0,0,0,0,0,0,0,"41,000"
1584,精剛,"218,000","85,000","133,000",0.0,0.0,0.0,0,0,0,-209,0,0,0,"7,000","7,209",-209,"132,791"
1586,和勤,"1,000","38,000","-37,000",0.0,0.0,0.0,0,0,0,0,0,0,0,0,0,0,"-37,000"
1591,駿吉-KY,"53,036","7,000","46,036",0.0,0.0,0.0,0,0,0,0,0,0,0,0,0,0,"46,036"
1595,川寶,"244,464","619,000","-374,536",0.0,0.0,0.0,0,0,0,"-24,770",0,0,0,"28,722","53,492","-24,770","-399,306"
1599,宏佳騰,"2,000",0,"2,000",0.0,0.0,0.0,0,0,0,0,0,0,0,0,0,0,"2,000"
1777,生泰,"1,000","3,000","-2,000",0.0,0.0,0.0,0,0,0,0,0,0,0,0,0,0,"-2,000"
1780,立弘,0,"1,000","-1,000",0.0,0.0,0.0,0,0,0,0,0,0,0,0,0,0,"-1,000"
1781,合世,"73,000","2,000","71,000",0.0,0.0,0.0,0,0,0,0,0,0,0,0,0,0,"71,000"
1784,訊聯,"23,000","4,000","19,000",0.0,0.0,0.0,0,0,0,496,0,0,0,"1,513","1,017",496,"19,496"
1785,光洋科,"1,839,976","3,799,000","-1,959,024",0.0,0.0,0.0,"8,000",0,"8,000",-55,0,0,0,"46,423","46,478",-55,"-1,951,079"
1788,杏昌,"10,000","1,000","9,000",0.0,0.0,0.0,0,0,0,0,0,0,0,0,0,0,"9,000"
1796,金穎生技,0,"2,000","-2,000",0.0,0.0,0.0,0,0,0,0,0,0,0,0,0,0,"-2,000"
1799,易威,"47,000","7,833","39,167",0.0,0.0,0.0,0,0,0,0,0,0,0,0,0,0,"39,167"
1815,富喬,"24,245,500","25,994,108","-1,748,608",0.0,0.0,0.0,"24,000",0,"24,000","391,924","291,000","8,000","283,000","941,642","832,718","108,924","-1,332,684"
2061,風青,"357,454","803,154","-445,700",0.0,0.0,0.0,0,0,0,"-1,020",0,0,0,"4,656","5,676","-1,020","-446,720"
2063,世鎧,0,0,0,0.0,0.0,0.0,0,0,0,-305,0,0,0,"5,000","5,305",-305,-305
2064,晉椿,"5,000","1,000","4,000",0.0,0.0,0.0,0,0,0,0,0,0,0,0,0,0,"4,000"
2065,世豐,"5,000","6,000","-1,000",0.0,0.0,0.0,0,0,0,0,0,0,0,0,0,0,"-1,000"
2066,世德,"13,000",0,"13,000",0.0,0.0,0.0,0,0,0,0,0,0,0,0,0,0,"13,000"
2070,精湛,"2,000","16,000","-14,000",0.0,0.0,0.0,0,0,0,0,0,0,0,0,0,0,"-14,000"
2221,大甲,"10,132","26,010","-15,878",0.0,0.0,0.0,0,0,0,"-9,000",0,"10,000","-10,000","1,000",0,"1,000","-24,878"
2230,泰茂,"18,000","69,000","-51,000",0.0,0.0,0.0,0,0,0,-12,0,0,0,0,12,-12,"-51,012"
2596,綠意,"3,000","5,000","-2,000",0.0,0.0,0.0,0,0,0,0,0,0,0,0,0,0,"-2,000"
2640,大車隊,"1,000","8,000","-7,000",0.0,0.0,0.0,0,0,0,0,0,0,0,0,0,0,"-7,000"
2641,正德,"250,000","98,000","152,000",0.0,0.0,0.0,0,0,0,"-1,370",0,0,0,0,"1,370","-1,370","150,630"
2643,捷迅,"1,000","3,000","-2,000",0.0,0.0,0.0,0,0,0,0,0,0,0,0,0,0,"-2,000"
2718,全心投控,0,0,0,0.0,0.0,0.0,0,428,-428,-110,0,0,0,0,110,-110,-538
2719,燦星旅,"1,000",0,"1,000",0.0,0.0,0.0,0,0,0,-980,0,0,0,20,"1,000",-980,20
2729,瓦城,"4,000",0,"4,000",0.0,0.0,0.0,0,0,0,0,0,0,0,0,0,0,"4,000"
2732,六角,"3,000",0,"3,000",0.0,0.0,0.0,0,0,0,0,0,0,0,0,0,0,"3,000"
2734,易飛網,"62,000","2,000","60,000",0.0,0.0,0.0,0,0,0,0,0,0,0,0,0,0,"60,000"
2736,富野,0,"2,000","-2,000",0.0,0.0,0.0,0,0,0,0,0,0,0,0,0,0,"-2,000"
2743,山富,"13,000","8,000","5,000",0.0,0.0,0.0,0,0,0,-900,0,0,0,100,"1,000",-900,"4,100"
2745,五福,"13,000","8,000","5,000",0.0,0.0,0.0,0,0,0,"-3,000",0,"3,000","-3,000",0,0,0,"2,000"
2751,王座,"1,000",0,"1,000",0.0,0.0,0.0,0,0,0,0,0,0,0,0,0,0,"1,000"
2754,亞洲藏壽司,0,"2,000","-2,000",0.0,0.0,0.0,0,0,0,0,0,0,0,0,0,0,"-2,000"
2755,揚秦,"4,000","3,000","1,000",0.0,0.0,0.0,0,0,0,-75,0,0,0,"4,000","4,075",-75,925
2756,聯發國際,"1,000","4,000","-3,000",0.0,0.0,0.0,0,0,0,0,0,0,0,0,0,0,"-3,000"
2926,誠品生活,"1,000",0,"1,000",0.0,0.0,0.0,0,0,0,0,0,0,0,0,0,0,"1,000"
2937,集雅社,0,500,-500,0.0,0.0,0.0,0,0,0,0,0,0,0,0,0,0,-500
3066,李洲,"254,566","349,256","-94,690",0.0,0.0,0.0,0,0,0,0,0,0,0,0,0,0,"-94,690"
3071,協禧,"18,000","65,000","-47,000",0.0,0.0,0.0,0,0,0,-185,0,0,0,0,185,-185,"-47,185"
3073,天方能源,"20,000","4,000","16,000",0.0,0.0,0.0,0,0,0,-697,0,0,0,303,"1,000",-697,"15,303"
3078,僑威,"145,181","91,000","54,181",0.0,0.0,0.0,0,"4,587","-4,587",0,0,0,0,0,0,0,"49,594"
3081,聯亞,"558,692","843,128","-284,436",0.0,0.0,0.0,"67,200","160,000","-92,800","-11,038","70,160","83,560","-13,400","170,617","168,255","2,362","-388,274"
3083,網龍,"1,000",0,"1,000",0.0,0.0,0.0,0,0,0,-620,0,0,0,380,"1,000",-620,380
3086,華義*,"17,000","4,000","13,000",0.0,0.0,0.0,0,0,0,-585,0,0,0,0,585,-585,"12,415"
3088,艾訊,"149,000","214,116","-65,116",0.0,0.0,0.0,0,0,0,"-10,598",0,0,0,585,"11,183","-10,598","-75,714"
3093,港建*,"55,000","59,000","-4,000",0.0,0.0,0.0,0,0,0,171,0,0,0,172,1,171,"-3,829"
3095,及成,"1,000","1,000",0,0.0,0.0,0.0,0,0,0,31,0,0,0,31,0,31,31
3105,穩懋,"7,666,026","3,379,721","4,286,305",0.0,0.0,0.0,"196,700","4,462,000","-4,265,300","207,316","174,600","33,400","141,200","103,454","37,338","66,116","228,321"
3114,好德,"240,299","195,414","44,885",0.0,0.0,0.0,0,0,0,-689,0,0,0,"3,000","3,689",-689,"44,196"
3128,昇銳,"9,333","5,000","4,333",0.0,0.0,0.0,0,0,0,0,0,0,0,0,0,0,"4,333"
3131,弘塑,"96,286","89,500","6,786",0.0,0.0,0.0,"1,065","14,000","-12,935","-2,369",0,"3,359","-3,359","14,153","13,163",990,"-8,518"
3141,晶宏,"208,000","465,436","-257,436",0.0,0.0,0.0,0,0,0,"-8,110","21,541","12,000","9,541",525,"18,176","-17,651","-265,546"
3147,大綜,"623,580","471,000","152,580",0.0,0.0,0.0,0,0,0,"-43,972",0,"5,000","-5,000","34,168","73,140","-38,972","108,608"
3152,璟德,"30,169","10,000","20,169",0.0,0.0,0.0,0,0,0,328,0,0,0,"4,714","4,386",328,"20,497"
3162,精確,"167,000","516,171","-349,171",0.0,0.0,0.0,0,0,0,"-5,106",0,0,0,"1,923","7,029","-5,106","-354,277"
3163,波若威,"297,810","409,000","-111,190",0.0,0.0,0.0,0,0,0,"-41,005",0,0,0,"29,909","70,914","-41,005","-152,195"
3169,亞信,"27,120","76,000","-48,880",0.0,0.0,0.0,0,0,0,-39,0,0,0,"3,000","3,039",-39,"-48,919"
3176,基亞,"184,020","71,136","112,884",0.0,0.0,0.0,0,0,0,0,0,0,0,0,0,0,"112,884"
3178,公準,"12,000","18,000","-6,000",0.0,0.0,0.0,0,0,0,-159,0,0,0,0,159,-159,"-6,159"
3188,鑫龍騰,"20,000","15,000","5,000",0.0,0.0,0.0,0,0,0,473,0,0,0,473,0,473,"5,473"
3205,佰研,"4,000",0,"4,000",0.0,0.0,0.0,0,0,0,204,0,0,0,204,0,204,"4,204"
3206,志豐,"8,000","2,000","6,000",0.0,0.0,0.0,0,0,0,0,0,0,0,0,0,0,"6,000"
3207,耀勝,"61,000","27,000","34,000",0.0,0.0,0.0,0,0,0,0,0,0,0,0,0,0,"34,000"
3211,順達,"1,118,191","895,800","222,391",0.0,0.0,0.0,"1,800","4,000","-2,200","62,696","100,697","32,900","67,797","39,962","45,063","-5,101","282,887"
3213,茂訊,"7,000","23,000","-16,000",0.0,0.0,0.0,0,0,0,"-1,342",0,0,0,0,"1,342","-1,342","-17,342"
3217,優群,"88,050","53,000","35,050",0.0,0.0,0.0,0,0,0,"-14,789",0,"15,000","-15,000","3,000","2,789",211,"20,261"
3218,大學光,"5,000","75,000","-70,000",0.0,0.0,0.0,0,0,0,-105,0,0,0,"1,000","1,105",-105,"-70,105"
3219,倚強科,"1,140,654","1,527,500","-386,846",0.0,0.0,0.0,0,0,0,"-4,833","5,000",0,"5,000","37,774","47,607","-9,833","-391,679"
3221,台嘉碩,"1,080,096","818,000","262,096",0.0,0.0,0.0,0,0,0,"-105,646",0,0,0,"9,679","115,325","-105,646","156,450"
3224,三顧,"7,000","3,000","4,000",0.0,0.0,0.0,0,0,0,0,0,0,0,0,0,0,"4,000"
3226,龍鋒,0,"5,000","-5,000",0.0,0.0,0.0,0,0,0,0,0,0,0,0,0,0,"-5,000"
3227,原相,"260,000","277,000","-17,000",0.0,0.0,0.0,"52,000","111,000","-59,000","-4,971","1,000","12,000","-11,000","8,243","2,214","6,029","-80,971"
3228,金麗科,"17,244","136,006","-118,762",0.0,0.0,0.0,0,0,0,"-6,658",0,0,0,"11,000","17,658","-6,658","-125,420"
3230,錦明,"41,311","97,000","-55,689",0.0,0.0,0.0,0,0,0,0,0,0,0,0,0,0,"-55,689"
3232,昱捷,"2,000",0,"2,000",0.0,0.0,0.0,0,0,0,0,0,0,0,0,0,0,"2,000"
3234,光環,"352,624","2,359,000","-2,006,376",0.0,0.0,0.0,0,0,0,"-9,784","5,000","15,000","-10,000","88,000","87,784",216,"-2,016,160"
3236,千如,"4,197,226","4,066,014","131,212",0.0,0.0,0.0,0,0,0,"60,502",0,0,0,"106,732","46,230","60,502","191,714"
3252,海灣,"2,000",0,"2,000",0.0,0.0,0.0,0,0,0,0,0,0,0,0,0,0,"2,000"
3260,威剛,"353,302","2,280,342","-1,927,040",0.0,0.0,0.0,"125,400","50,000","75,400","-20,155","6,000","2,000","4,000","44,027","68,182","-24,155","-1,871,795"
3264,欣銓,"4,213,211","5,716,225","-1,503,014",0.0,0.0,0.0,"146,000",0,"146,000","24,372","221,520","235,638","-14,118","238,809","200,319","38,490","-1,332,642"
3265,台星科,"1,000","125,004","-124,004",0.0,0.0,0.0,0,0,0,"98,879","10,000","20,000","-10,000","110,079","1,200","108,879","-25,125"
3268,海德威,"67,000","27,000","40,000",0.0,0.0,0.0,0,0,0,0,0,0,0,0,0,0,"40,000"
3276,宇環,"1,000",0,"1,000",0.0,0.0,0.0,0,0,0,0,0,0,0,0,0,0,"1,000"
3284,太普高,"95,000","30,000","65,000",0.0,0.0,0.0,0,0,0,"-1,039",0,0,0,479,"1,518","-1,039","63,961"
3285,微端,"9,000","6,000","3,000",0.0,0.0,0.0,0,0,0,0,0,0,0,0,0,0,"3,000"
3287,廣寰科,"30,000","9,000","21,000",0.0,0.0,0.0,0,0,0,"2,998",0,0,0,"2,998",0,"2,998","23,998"
3288,點晶,"1,000","9,000","-8,000",0.0,0.0,0.0,0,0,0,35,0,0,0,35,0,35,"-7,965"
3289,宜特,"125,960","90,000","35,960",0.0,0.0,0.0,0,0,0,"-10,674",0,0,0,"6,378","17,052","-10,674","25,286"
3290,東浦,"784,000","266,000","518,000",0.0,0.0,0.0,0,0,0,"38,664",0,0,0,"50,517","11,853","38,664","556,664"
3293,鈊象,"788,196","552,543","235,653",0.0,0.0,0.0,"18,000","22,000","-4,000","3,049","2,210","2,600",-390,"21,891","18,452","3,439","234,702"
3294,英濟,"70,000","33,000","37,000",0.0,0.0,0.0,0,0,0,0,0,0,0,0,0,0,"37,000"
3297,杭特,"99,000","57,000","42,000",0.0,0.0,0.0,0,0,0,-354,0,0,0,0,354,-354,"41,646"
3303,岱稜,"70,000","15,000","55,000",0.0,0.0,0.0,0,0,0,0,0,0,0,0,0,0,"55,000"
3306,鼎天,"4,000","2,000","2,000",0.0,0.0,0.0,0,0,0,-16,0,0,0,0,16,-16,"1,984"
3310,佳穎,"2,000",0,"2,000",0.0,0.0,0.0,0,0,0,0,0,0,0,0,0,0,"2,000"
3313,斐成,"6,000","4,000","2,000",0.0,0.0,0.0,0,0,0,0,0,0,0,0,0,0,"2,000"
3317,尼克森,"1,613,707","1,922,330","-308,623",0.0,0.0,0.0,0,0,0,"34,970",0,0,0,"52,877","17,907","34,970","-273,653"
3322,建舜電,"263,000","32,000","231,000",0.0,0.0,0.0,0,0,0,0,0,0,0,0,0,0,"231,000"
3323,加百裕,"313,306","109,200","204,106",0.0,0.0,0.0,0,0,0,-432,0,0,0,0,432,-432,"203,674"
3324,雙鴻,"2,183,893","2,849,541","-665,648",0.0,0.0,0.0,"733,668","17,000","716,668","6,620","85,601","115,727","-30,126","135,336","98,590","36,746","57,640"
3325,旭品,"3,000","12,000","-9,000",0.0,0.0,0.0,0,0,0,-616,0,0,0,384,"1,000",-616,"-9,616"
3339,泰谷,"277,576","273,014","4,562",0.0,0.0,0.0,0,0,0,-161,0,0,0,"5,200","5,361",-161,"4,401"
3349,寶德,"3,000","24,000","-21,000",0.0,0.0,0.0,0,0,0,0,0,0,0,0,0,0,"-21,000"
3354,律勝,"794,249","514,536","279,713",0.0,0.0,0.0,0,0,0,-880,0,0,0,"1,400","2,280",-880,"278,833"
3357,臺慶科,"521,663","416,000","105,663",0.0,0.0,0.0,0,0,0,"-16,562",0,0,0,"9,402","25,964","-16,562","89,101"
3360,尚立,"79,026","4,202","74,824",0.0,0.0,0.0,0,0,0,12,0,0,0,12,0,12,"74,836"
3362,先進光,"634,360","646,200","-11,840",0.0,0.0,0.0,0,0,0,-275,0,0,0,"10,725","11,000",-275,"-12,115"
3363,上詮,"336,816","718,241","-381,425",0.0,0.0,0.0,0,0,0,"-1,651",0,"1,000","-1,000","50,100","50,751",-651,"-383,076"
3372,典範,"43,000","94,000","-51,000",0.0,0.0,0.0,0,0,0,"3,000","3,000",0,"3,000",0,0,0,"-48,000"
3373,熱映,"136,179","157,000","-20,821",0.0,0.0,0.0,0,0,0,0,0,0,0,0,0,0,"-20,821"
3374,精材,"2,872,825","2,254,282","618,543",0.0,0.0,0.0,618,0,618,"118,134","238,000","118,333","119,667","70,689","72,222","-1,533","737,295"
3379,彬台,"4,000","4,000",0,0.0,0.0,0.0,0,0,0,-592,0,0,0,408,"1,000",-592,-592
3388,崇越電,"157,379","108,000","49,379",0.0,0.0,0.0,0,0,0,"2,451",0,0,0,"2,529",78,"2,451","51,830"
3390,旭軟,"2,000","23,000","-21,000",0.0,0.0,0.0,0,0,0,0,0,0,0,0,0,0,"-21,000"
3402,漢科,"98,648","54,000","44,648",0.0,0.0,0.0,0,0,0,"-11,647",0,0,0,353,"12,000","-11,647","33,001"
3430,奇鈦科,"2,260","25,000","-22,740",0.0,0.0,0.0,0,0,0,-152,0,0,0,"1,000","1,152",-152,"-22,892"
3434,哲固,"11,000","8,000","3,000",0.0,0.0,0.0,0,0,0,0,0,0,0,0,0,0,"3,000"
3438,類比科,"19,000","10,000","9,000",0.0,0.0,0.0,0,0,0,-449,0,0,0,2,451,-449,"8,551"
3441,聯一光,"44,000","128,020","-84,020",0.0,0.0,0.0,0,0,0,"85,000","1,000",0,"1,000","84,000",0,"84,000",980
3444,利機,"12,000","15,000","-3,000",0.0,0.0,0.0,0,0,0,-276,0,0,0,4,280,-276,"-3,276"
3455,由田,"161,000","6,000","155,000",0.0,0.0,0.0,0,0,0,"8,782","7,000",0,"7,000","5,000","3,218","1,782","163,782"
3465,進泰電子,"2,000",0,"2,000",0.0,0.0,0.0,0,0,0,0,0,0,0,0,0,0,"2,000"
3466,德晉,"81,929","209,000","-127,071",0.0,0.0,0.0,0,0,0,0,0,0,0,0,0,0,"-127,071"
3467,台灣精材,"29,163","130,000","-100,837",0.0,0.0,0.0,0,0,0,0,0,0,0,0,0,0,"-100,837"
3479,安勤,"120,878","76,678","44,200",0.0,0.0,0.0,0,0,0,"-2,399",0,"1,000","-1,000","1,008","2,407","-1,399","41,801"
3483,力致,"133,225","91,000","42,225",0.0,0.0,0.0,0,0,0,-999,0,0,0,1,"1,000",-999,"41,226"
3484,崧騰,"31,001","16,000","15,001",0.0,0.0,0.0,0,0,0,529,0,0,0,991,462,529,"15,530"
3485,敘豐,"31,647","22,000","9,647",0.0,0.0,0.0,0,0,0,289,0,0,0,370,81,289,"9,936"
3489,森寶,"2,000","16,000","-14,000",0.0,0.0,0.0,0,0,0,0,0,0,0,0,0,0,"-14,000"
3490,單井,"203,376","348,000","-144,624",0.0,0.0,0.0,0,0,0,-153,0,0,0,"2,003","2,156",-153,"-144,777"
3491,昇達科,"287,034","312,786","-25,752",0.0,0.0,0.0,"55,549","43,000","12,549","7,209","2,100","3,000",-900,"36,390","28,281","8,109","-5,994"
3492,長盛,"1,000",0,"1,000",0.0,0.0,0.0,0,0,0,"1,971",0,0,0,"5,000","3,029","1,971","2,971"
3498,陽程,"283,334","602,000","-318,666",0.0,0.0,0.0,0,0,0,"28,839",0,"20,000","-20,000","81,113","32,274","48,839","-289,827"
3508,位速,"33,000","63,000","-30,000",0.0,0.0,0.0,0,0,0,0,0,0,0,0,0,0,"-30,000"
3511,矽瑪,"24,000","6,000","18,000",0.0,0.0,0.0,0,0,0,0,0,0,0,0,0,0,"18,000"
3512,皇龍,0,"6,000","-6,000",0.0,0.0,0.0,0,0,0,"-2,000",0,"2,000","-2,000",0,0,0,"-8,000"
3516,亞帝歐,"4,000","2,000","2,000",0.0,0.0,0.0,0,0,0,0,0,0,0,0,0,0,"2,000"
3520,華盈,"45,000","45,000",0,0.0,0.0,0.0,0,0,0,0,0,0,0,0,0,0,0
3521,台鋼建設,"1,000","7,000","-6,000",0.0,0.0,0.0,0,0,0,0,0,0,0,0,0,0,"-6,000"
3522,御嵿,"3,000","5,000","-2,000",0.0,0.0,0.0,0,0,0,0,0,0,0,0,0,0,"-2,000"
3523,迎輝,"1,000","1,000",0,0.0,0.0,0.0,0,0,0,0,0,0,0,0,0,0,0
3526,凡甲,"37,006","58,000","-20,994",0.0,0.0,0.0,0,0,0,"-13,501",0,"13,000","-13,000","2,000","2,501",-501,"-34,495"
3527,聚積,"41,000","52,000","-11,000",0.0,0.0,0.0,0,0,0,0,0,0,0,0,0,0,"-11,000"
3529,力旺,"336,709","316,499","20,210",0.0,0.0,0.0,"19,261","72,000","-52,739","-1,946","14,682","13,982",700,"46,518","49,164","-2,646","-34,475"
3531,先益,0,0,0,0.0,0.0,0.0,0,0,0,0,0,0,0,"1,000","1,000",0,0
3537,堡達,"163,340","103,000","60,340",0.0,0.0,0.0,0,0,0,273,0,0,0,456,183,273,"60,613"
3540,曜越,"11,001","25,000","-13,999",0.0,0.0,0.0,0,0,0,0,0,0,0,0,0,0,"-13,999"
3541,西柏,"12,000","4,000","8,000",0.0,0.0,0.0,0,0,0,0,0,0,0,0,0,0,"8,000"
3546,宇峻,"43,162","9,000","34,162",0.0,0.0,0.0,0,0,0,-990,0,0,0,10,"1,000",-990,"33,172"
3548,兆利,"60,000","19,000","41,000",0.0,0.0,0.0,0,0,0,-20,0,0,0,"1,311","1,331",-20,"40,980"
3551,世禾,"180,334","54,000","126,334",0.0,0.0,0.0,0,0,0,"-5,499",0,0,0,"7,908","13,407","-5,499","120,835"
3552,同致,"46,000","13,000","33,000",0.0,0.0,0.0,0,0,0,"-2,000",0,"2,000","-2,000",0,0,0,"31,000"
3555,博士旺,"7,000","11,000","-4,000",0.0,0.0,0.0,0,0,0,"-1,605",0,0,0,"1,000","2,605","-1,605","-5,605"
3556,禾瑞亞,"280,820","84,000","196,820",0.0,0.0,0.0,0,0,0,0,0,0,0,0,0,0,"196,820"
3558,神準,"192,105","51,000","141,105",0.0,0.0,0.0,0,0,0,"-2,956",0,0,0,"12,786","15,742","-2,956","138,149"
3564,其陽,"300,200","684,000","-383,800",0.0,0.0,0.0,0,0,0,"-36,955","16,000","60,000","-44,000","7,045",0,"7,045","-420,755"
3567,逸昌,0,"5,000","-5,000",0.0,0.0,0.0,0,0,0,270,0,0,0,270,0,270,"-4,730"
3570,大塚,0,"1,000","-1,000",0.0,0.0,0.0,0,0,0,0,0,0,0,0,0,0,"-1,000"
3577,泓格,"22,200","93,090","-70,890",0.0,0.0,0.0,0,0,0,"-17,801",0,0,0,"10,262","28,063","-17,801","-88,691"
3580,友威科,"99,535","136,010","-36,475",0.0,0.0,0.0,0,0,0,"17,333",0,0,0,"18,967","1,634","17,333","-19,142"
3581,博磊,"91,900","68,455","23,445",0.0,0.0,0.0,0,0,0,200,0,0,0,"4,503","4,303",200,"23,645"
3587,閎康,"65,000","257,004","-192,004",0.0,0.0,0.0,0,0,0,"-19,317",0,0,0,"8,000","27,317","-19,317","-211,321"
3594,磐儀,"27,108","55,000","-27,892",0.0,0.0,0.0,0,0,0,-830,0,0,0,0,830,-830,"-28,722"
3597,映興,0,0,0,0.0,0.0,0.0,0,0,0,259,0,0,0,259,0,259,259
3609,三一東林,"74,000","16,000","58,000",0.0,0.0,0.0,0,0,0,0,0,0,0,0,0,0,"58,000"
3611,鼎翰,"23,000","9,000","14,000",0.0,0.0,0.0,0,0,0,0,0,0,0,0,0,0,"14,000"
3615,安可,"297,150","142,000","155,150",0.0,0.0,0.0,0,0,0,0,0,0,0,0,0,0,"155,150"
3623,富晶通,"53,510","21,000","32,510",0.0,0.0,0.0,0,0,0,0,0,0,0,0,0,0,"32,510"
3624,光頡,"12,162,436","5,981,322","6,181,114",0.0,0.0,0.0,0,0,0,"-52,457","64,000",0,"64,000","181,291","297,748","-116,457","6,128,657"
3628,盈正,"10,000","12,000","-2,000",0.0,0.0,0.0,0,0,0,-960,0,0,0,0,960,-960,"-2,960"
3630,新鉅科,"144,000","108,154","35,846",0.0,0.0,0.0,0,0,0,"-5,090",0,0,0,0,"5,090","-5,090","30,756"
3631,晟楠,"325,000","183,000","142,000",0.0,0.0,0.0,0,0,0,"-2,000",0,"2,000","-2,000",0,0,0,"140,000"
3663,鑫科,"96,000","123,000","-27,000",0.0,0.0,0.0,0,0,0,-688,0,0,0,"4,000","4,688",-688,"-27,688"
3666,光耀,"49,000","24,000","25,000",0.0,0.0,0.0,0,0,0,0,0,0,0,0,0,0,"25,000"
3672,康聯訊,0,"3,000","-3,000",0.0,0.0,0.0,0,0,0,0,0,0,0,0,0,0,"-3,000"
3675,德微,"169,300","301,924","-132,624",0.0,0.0,0.0,0,0,0,"-51,271",0,0,0,"6,806","58,077","-51,271","-183,895"
3680,家登,"396,076","388,390","7,686",0.0,0.0,0.0,349,0,349,"-24,387","3,100","11,900","-8,800","8,351","23,938","-15,587","-16,352"
3684,榮昌,"118,000","94,004","23,996",0.0,0.0,0.0,0,0,0,"-2,000",0,"2,000","-2,000","6,732","6,732",0,"21,996"
3685,元創精密,"1,410,265","134,000","1,276,265",0.0,0.0,0.0,0,0,0,0,0,0,0,0,0,0,"1,276,265"
3687,歐買尬,"2,000","4,000","-2,000",0.0,0.0,0.0,0,0,0,-11,0,0,0,0,11,-11,"-2,011"
3689,湧德,"320,952","182,000","138,952",0.0,0.0,0.0,0,0,0,"-18,118",0,0,0,"1,749","19,867","-18,118","120,834"
3691,碩禾,"18,000","64,000","-46,000",0.0,0.0,0.0,0,0,0,"-1,393","1,000","2,000","-1,000","3,000","3,393",-393,"-47,393"
3693,營邦,"2,045,779","2,129,903","-84,124",0.0,0.0,0.0,0,0,0,"-2,531","30,010",0,"30,010","134,097","166,638","-32,541","-86,655"
3707,漢磊,"5,546,941","11,625,933","-6,078,992",0.0,0.0,0.0,0,0,0,"-14,901","37,000","30,000","7,000","101,102","123,003","-21,901","-6,093,893"
3709,鑫聯大投控,"72,315","77,745","-5,430",0.0,0.0,0.0,0,0,0,"90,914",0,0,0,"90,914",0,"90,914","85,484"
3710,連展投控,"3,000","28,000","-25,000",0.0,0.0,0.0,0,0,0,0,0,0,0,0,0,0,"-25,000"
3713,新晶投控,"51,000","3,000","48,000",0.0,0.0,0.0,0,0,0,-522,0,0,0,478,"1,000",-522,"47,478"
3718,中光電投控,"346,530","370,000","-23,470",0.0,0.0,0.0,0,0,0,"-23,994","2,000",0,"2,000","6,000","31,994","-25,994","-47,464"
4102,永日,"2,000","2,000",0,0.0,0.0,0.0,0,0,0,0,0,0,0,0,0,0,0
4105,東洋,"477,000","124,000","353,000",0.0,0.0,0.0,0,"4,065","-4,065","64,132","15,000",0,"15,000","74,740","25,608","49,132","413,067"
4107,邦特,"1,000","5,000","-4,000",0.0,0.0,0.0,0,0,0,0,0,0,0,0,0,0,"-4,000"
4109,加捷生醫,"5,820","1,000","4,820",0.0,0.0,0.0,0,0,0,602,0,0,0,"1,000",398,602,"5,422"
4111,濟生,0,"1,000","-1,000",0.0,0.0,0.0,0,0,0,0,0,0,0,0,0,0,"-1,000"
4113,聯上,"32,060","38,000","-5,940",0.0,0.0,0.0,0,0,0,0,0,0,0,"2,000","2,000",0,"-5,940"
4114,健喬,"1,300,368","157,000","1,143,368",0.0,0.0,0.0,0,0,0,"160,408",0,0,0,"163,408","3,000","160,408","1,303,776"
4116,明基醫,"2,000","1,000","1,000",0.0,0.0,0.0,0,0,0,102,0,0,0,102,0,102,"1,102"
4120,友華,0,"1,000","-1,000",0.0,0.0,0.0,0,0,0,0,0,0,0,0,0,0,"-1,000"
4121,優盛,"59,000","54,000","5,000",0.0,0.0,0.0,0,0,0,0,0,0,0,0,0,0,"5,000"
4123,晟德,"908,119","328,000","580,119",0.0,0.0,0.0,0,0,0,"-76,992","2,000","80,000","-78,000","1,008",0,"1,008","503,127"
4126,太醫,0,"9,000","-9,000",0.0,0.0,0.0,0,0,0,-367,0,0,0,0,367,-367,"-9,367"
4127,天良,"192,000","1,738,068","-1,546,068",0.0,0.0,0.0,0,0,0,"-3,789",0,0,0,"5,000","8,789","-3,789","-1,549,857"
4128,中天,"794,951","233,239","561,712",0.0,0.0,0.0,0,0,0,"8,000","8,000",0,"8,000",0,0,0,"569,712"
4129,聯合,"36,001","30,000","6,001",0.0,0.0,0.0,0,0,0,-2,0,0,0,0,2,-2,"5,999"
4131,浩泰,0,"1,000","-1,000",0.0,0.0,0.0,0,0,0,0,0,0,0,0,0,0,"-1,000"
4138,曜亞,"2,000","3,000","-1,000",0.0,0.0,0.0,0,0,0,0,0,0,0,0,0,0,"-1,000"
4139,馬光-KY,"7,000","1,000","6,000",0.0,0.0,0.0,0,0,0,0,0,0,0,0,0,0,"6,000"
4147,中裕,"131,074","194,000","-62,926",0.0,0.0,0.0,0,0,0,-724,"1,000","1,194",-194,0,530,-530,"-63,650"
4153,鈺緯,"3,000","1,000","2,000",0.0,0.0,0.0,0,0,0,0,0,0,0,0,0,0,"2,000"
4157,太景*-KY,"2,014,000","1,677,000","337,000",0.0,0.0,0.0,0,0,0,-186,0,0,0,5,191,-186,"336,814"
4160,訊聯基因,"2,000","1,000","1,000",0.0,0.0,0.0,0,0,0,0,0,0,0,0,0,0,"1,000"
4161,聿新科,"2,000","1,000","1,000",0.0,0.0,0.0,0,0,0,0,0,0,0,0,0,0,"1,000"
4162,智擎,"107,000","228,000","-121,000",0.0,0.0,0.0,0,0,0,161,0,0,0,"2,013","1,852",161,"-120,839"
4163,鐿鈦,"2,000",0,"2,000",0.0,0.0,0.0,0,0,0,-211,0,0,0,"2,000","2,211",-211,"1,789"
4166,友霖,"23,000","1,000","22,000",0.0,0.0,0.0,0,0,0,0,0,0,0,0,0,0,"22,000"
4167,松瑞藥,"3,343,703","1,193,052","2,150,651",0.0,0.0,0.0,0,0,0,"147,649",0,0,0,"170,650","23,001","147,649","2,298,300"
4168,醣聯,"11,000",0,"11,000",0.0,0.0,0.0,0,0,0,0,0,0,0,0,0,0,"11,000"
4171,瑞基,"279,000","253,000","26,000",0.0,0.0,0.0,0,0,0,0,0,0,0,0,0,0,"26,000"
4173,久裕,"3,000","6,000","-3,000",0.0,0.0,0.0,0,0,0,142,0,0,0,142,0,142,"-2,858"
4174,浩鼎,"43,000","72,000","-29,000",0.0,0.0,0.0,0,0,0,0,0,0,0,0,0,0,"-29,000"
4188,安克,"5,000","17,000","-12,000",0.0,0.0,0.0,0,0,0,0,0,0,0,0,0,0,"-12,000"
4207,環泰,"3,000","4,000","-1,000",0.0,0.0,0.0,0,0,0,0,0,0,0,0,0,0,"-1,000"
4303,信立,"316,559","349,000","-32,441",0.0,0.0,0.0,0,0,0,"3,435",0,0,0,"3,435",0,"3,435","-29,006"
4304,勝昱,"2,000","6,000","-4,000",0.0,0.0,0.0,0,0,0,0,0,0,0,0,0,0,"-4,000"
4305,世坤,0,0,0,0.0,0.0,0.0,0,0,0,0,0,0,0,"1,000","1,000",0,0
4401,東隆興,"9,000",0,"9,000",0.0,0.0,0.0,0,0,0,0,0,0,0,0,0,0,"9,000"
4402,郡都開發,0,"2,000","-2,000",0.0,0.0,0.0,0,0,0,0,0,0,0,0,0,0,"-2,000"
4406,新昕纖,"5,000","1,000","4,000",0.0,0.0,0.0,0,0,0,0,0,0,0,0,0,0,"4,000"
4413,飛寶企業,0,"5,000","-5,000",0.0,0.0,0.0,0,0,0,0,0,0,0,0,0,0,"-5,000"
4416,三圓,"443,340","650,000","-206,660",0.0,0.0,0.0,0,0,0,"8,000","8,000",0,"8,000",0,0,0,"-198,660"
4417,金洲,"4,000","3,000","1,000",0.0,0.0,0.0,0,0,0,0,0,0,0,0,0,0,"1,000"
4419,皇家美食,"1,000",0,"1,000",0.0,0.0,0.0,0,0,0,0,0,0,0,0,0,0,"1,000"
4420,光明,"9,000","5,000","4,000",0.0,0.0,0.0,0,402,-402,0,0,0,0,0,0,0,"3,598"
4430,耀億,"21,000","15,000","6,000",0.0,0.0,0.0,0,0,0,0,0,0,0,0,0,0,"6,000"
4432,銘旺實,"1,000","4,000","-3,000",0.0,0.0,0.0,0,0,0,0,0,0,0,0,0,0,"-3,000"
4433,興采,"1,020",0,"1,020",0.0,0.0,0.0,0,0,0,0,0,0,0,0,0,0,"1,020"
4503,金雨,"52,000","8,000","44,000",0.0,0.0,0.0,0,0,0,177,0,0,0,179,2,177,"44,177"
4506,崇友,"1,000","19,000","-18,000",0.0,0.0,0.0,0,0,0,0,0,0,0,0,0,0,"-18,000"
4510,高鋒,"15,000","84,000","-69,000",0.0,0.0,0.0,0,0,0,"-5,176",0,0,0,29,"5,205","-5,176","-74,176"
4513,福裕,"42,000","13,000","29,000",0.0,0.0,0.0,0,0,0,"1,000","1,000",0,"1,000",0,0,0,"30,000"
4523,永彰,"5,000",0,"5,000",0.0,0.0,0.0,0,0,0,0,0,0,0,0,0,0,"5,000"
4528,江興鍛,0,"3,000","-3,000",0.0,0.0,0.0,0,0,0,0,0,0,0,0,0,0,"-3,000"
4530,天意能創,"1,000","1,000",0,0.0,0.0,0.0,0,0,0,0,0,0,0,0,0,0,0
4533,協易機,"80,735","88,000","-7,265",0.0,0.0,0.0,0,0,0,0,0,0,0,0,0,0,"-7,265"
4534,慶騰,"189,384","134,105","55,279",0.0,0.0,0.0,0,0,0,0,0,0,0,0,0,0,"55,279"
4538,大詠城,"1,000","1,000",0,0.0,0.0,0.0,0,0,0,0,0,0,0,0,0,0,0
4541,晟田,"184,000","144,413","39,587",0.0,0.0,0.0,0,0,0,"-2,881","1,000",0,"1,000","7,000","10,881","-3,881","36,706"
4542,科嶠,"245,100","211,000","34,100",0.0,0.0,0.0,0,0,0,66,"1,020","1,180",-160,"3,000","2,774",226,"34,166"
4543,萬在,"122,000","95,000","27,000",0.0,0.0,0.0,0,0,0,"-9,200",0,0,0,0,"9,200","-9,200","17,800"
4549,桓達,"5,000","7,000","-2,000",0.0,0.0,0.0,0,0,0,-54,0,0,0,0,54,-54,"-2,054"
4550,長佳,"1,000",0,"1,000",0.0,0.0,0.0,0,0,0,0,0,0,0,0,0,0,"1,000"
4554,橙的,0,"4,000","-4,000",0.0,0.0,0.0,0,0,0,0,0,0,0,0,0,0,"-4,000"
4556,旭然,"37,000","29,000","8,000",0.0,0.0,0.0,0,0,0,0,0,0,0,0,0,0,"8,000"
4558,寶緯,0,"1,000","-1,000",0.0,0.0,0.0,0,0,0,0,0,0,0,0,0,0,"-1,000"
4561,健椿,"56,000","80,000","-24,000",0.0,0.0,0.0,0,0,0,"2,000","2,000",0,"2,000",0,0,0,"-22,000"
4563,百德,"55,110","33,046","22,064",0.0,0.0,0.0,0,0,0,0,0,0,0,0,0,0,"22,064"
4568,科際精密,"3,000",0,"3,000",0.0,0.0,0.0,0,0,0,0,0,0,0,0,0,0,"3,000"
4577,達航科技,"231,000","142,000","89,000",0.0,0.0,0.0,0,0,0,443,0,0,0,"4,600","4,157",443,"89,443"
4580,捷流閥業,"6,000","5,000","1,000",0.0,0.0,0.0,0,0,0,0,0,0,0,0,0,0,"1,000"
4584,君帆,0,"1,000","-1,000",0.0,0.0,0.0,0,0,0,0,0,0,0,0,0,0,"-1,000"
4702,中美實,0,"8,000","-8,000",0.0,0.0,0.0,0,0,0,0,0,0,0,0,0,0,"-8,000"
4706,大恭,"45,000","52,000","-7,000",0.0,0.0,0.0,0,0,0,"22,000","22,000",0,"22,000",0,0,0,"15,000"
4707,磐亞,"1,154,302","1,247,000","-92,698",0.0,0.0,0.0,0,0,0,"-6,688",0,0,0,"9,342","16,030","-6,688","-99,386"
4711,永純,"123,000","186,000","-63,000",0.0,0.0,0.0,0,0,0,0,0,0,0,0,0,0,"-63,000"
4714,永捷,"1,030,344","620,000","410,344",0.0,0.0,0.0,0,0,0,"-10,000",0,"10,000","-10,000",0,0,0,"400,344"
4716,大立,"1,636,002","1,328,488","307,514",0.0,0.0,0.0,0,0,0,0,0,0,0,0,0,0,"307,514"
4721,美琪瑪,"165,172","136,000","29,172",0.0,0.0,0.0,0,0,0,"-1,664",0,0,0,484,"2,148","-1,664","27,508"
4726,永昕,"33,000","4,000","29,000",0.0,0.0,0.0,0,0,0,0,0,0,0,0,0,0,"29,000"
4728,雙美,"3,000",0,"3,000",0.0,0.0,0.0,0,0,0,0,0,0,0,0,0,0,"3,000"
4729,熒茂,"6,000","12,000","-6,000",0.0,0.0,0.0,0,0,0,0,0,0,0,0,0,0,"-6,000"
4735,豪展,"23,000","9,000","14,000",0.0,0.0,0.0,0,0,0,"2,000","2,000",0,"2,000",0,0,0,"16,000"
4741,泓瀚,"5,000","6,000","-1,000",0.0,0.0,0.0,0,0,0,0,0,0,0,0,0,0,"-1,000"
4743,合一,"698,337","294,193","404,144",0.0,0.0,0.0,0,0,0,"9,326",0,0,0,"9,518",192,"9,326","413,470"
4744,皇將,"3,000","2,000","1,000",0.0,0.0,0.0,0,0,0,0,0,0,0,0,0,0,"1,000"
4745,合富-KY,"1,000","2,000","-1,000",0.0,0.0,0.0,0,0,0,0,0,0,0,0,0,0,"-1,000"
4747,強生*,"1,000","2,000","-1,000",0.0,0.0,0.0,0,0,0,"-1,000",0,"1,000","-1,000",0,0,0,"-2,000"
4749,新應材,"104,516","393,055","-288,539",0.0,0.0,0.0,307,0,307,"-24,189",0,"1,000","-1,000","68,000","91,189","-23,189","-312,421"
4754,國碳科,"1,000","1,000",0,0.0,0.0,0.0,0,0,0,0,0,0,0,0,0,0,0
4760,勤凱,"136,945","8,120","128,825",0.0,0.0,0.0,0,0,0,"-12,531",0,"46,000","-46,000","34,692","1,223","33,469","116,294"
4767,誠泰科技,0,"1,000","-1,000",0.0,0.0,0.0,0,0,0,-135,0,0,0,0,135,-135,"-1,135"
4768,晶呈科技,"153,279","127,060","26,219",0.0,0.0,0.0,0,0,0,"8,706","3,000","3,000",0,"26,794","18,088","8,706","34,925"
4772,台特化,"134,345","212,010","-77,665",0.0,0.0,0.0,0,0,0,"-18,800",0,"17,000","-17,000","6,973","8,773","-1,800","-96,465"
4903,聯光通,"2,681,887","3,746,000","-1,064,113",0.0,0.0,0.0,0,0,0,0,0,0,0,0,0,0,"-1,064,113"
4905,台聯電,"2,000","5,000","-3,000",0.0,0.0,0.0,0,0,0,"1,000","1,000",0,"1,000",0,0,0,"-2,000"
4907,富宇,"2,000","1,000","1,000",0.0,0.0,0.0,0,0,0,0,0,0,0,0,0,0,"1,000"
4908,前鼎,"1,296,919","1,894,067","-597,148",0.0,0.0,0.0,0,0,0,"-192,528",0,"18,000","-18,000","191,421","365,949","-174,528","-789,676"
4909,新復興,"72,081","33,000","39,081",0.0,0.0,0.0,0,0,0,-64,0,0,0,0,64,-64,"39,017"
4923,力士,"119,000","82,143","36,857",0.0,0.0,0.0,0,0,0,"1,000","1,000",0,"1,000",0,0,0,"37,857"
4924,欣厚-KY,"383,000","333,060","49,940",0.0,0.0,0.0,0,0,0,-496,0,0,0,"5,692","6,188",-496,"49,444"
4931,新盛力,"953,000","1,248,050","-295,050",0.0,0.0,0.0,0,0,0,"-51,868",0,0,0,"54,005","105,873","-51,868","-346,918"
4933,友輝,"25,000","6,000","19,000",0.0,0.0,0.0,0,0,0,0,0,0,0,0,0,0,"19,000"
4939,亞電,"1,832,850","3,237,013","-1,404,163",0.0,0.0,0.0,0,0,0,"6,727",0,0,0,"60,000","53,273","6,727","-1,397,436"
4946,辣椒,0,"2,000","-2,000",0.0,0.0,0.0,0,0,0,-889,0,0,0,111,"1,000",-889,"-2,889"
4950,金耘國際,0,"4,000","-4,000",0.0,0.0,0.0,0,0,0,0,0,0,0,0,0,0,"-4,000"
4951,精拓科,"22,000","42,000","-20,000",0.0,0.0,0.0,0,0,0,"-1,523",0,0,0,0,"1,523","-1,523","-21,523"
4953,緯致,"48,025","28,000","20,025",0.0,0.0,0.0,0,0,0,-497,0,0,0,0,497,-497,"19,528"
4966,譜瑞-KY,"76,282","271,240","-194,958",0.0,0.0,0.0,"17,000",0,"17,000","-5,434",0,0,0,"15,000","20,434","-5,434","-183,392"
4971,IET-KY,"251,362","231,000","20,362",0.0,0.0,0.0,0,0,0,"-5,587",0,"5,000","-5,000","19,324","19,911",-587,"14,775"
4972,湯石照明,"1,000","3,000","-2,000",0.0,0.0,0.0,0,0,0,0,0,0,0,0,0,0,"-2,000"
4973,廣穎,"184,000","15,150","168,850",0.0,0.0,0.0,0,0,0,"34,552","14,000","1,000","13,000","22,552","1,000","21,552","203,402"
4974,亞泰,"3,000","67,000","-64,000",0.0,0.0,0.0,0,0,0,-452,0,0,0,"1,000","1,452",-452,"-64,452"
4979,華星光,"660,020","1,037,000","-376,980",0.0,0.0,0.0,0,"51,000","-51,000","-13,262",0,"12,000","-12,000","91,902","93,164","-1,262","-441,242"
4991,環宇-KY,"476,008","758,438","-282,430",0.0,0.0,0.0,0,0,0,"-2,556","9,000","9,853",-853,"39,598","41,301","-1,703","-284,986"
4995,晶達,"4,000","5,000","-1,000",0.0,0.0,0.0,0,0,0,"1,000",0,0,0,"2,000","1,000","1,000",0
5009,榮剛,"1,960,875","599,000","1,361,875",0.0,0.0,0.0,0,0,0,"49,893","10,000","2,000","8,000","41,893",0,"41,893","1,411,768"
5011,久陽,"416,007","472,000","-55,993",0.0,0.0,0.0,0,0,0,-887,0,0,0,0,887,-887,"-56,880"
5013,強新,"6,000","11,000","-5,000",0.0,0.0,0.0,0,0,0,0,0,0,0,0,0,0,"-5,000"
5014,建錩,"15,000","1,000","14,000",0.0,0.0,0.0,0,0,0,0,0,0,0,0,0,0,"14,000"
5015,華祺,"7,000","1,000","6,000",0.0,0.0,0.0,0,0,0,0,0,0,0,0,0,0,"6,000"
5016,松和,"9,000","22,000","-13,000",0.0,0.0,0.0,0,0,0,0,0,0,0,0,0,0,"-13,000"
5201,凱衛,"5,000","4,000","1,000",0.0,0.0,0.0,0,0,0,0,0,0,0,0,0,0,"1,000"
5202,力新,"62,001","164,000","-101,999",0.0,0.0,0.0,0,0,0,0,0,0,0,0,0,0,"-101,999"
5206,坤悅,"64,000","27,000","37,000",0.0,0.0,0.0,0,0,0,"-57,000",0,"57,000","-57,000",0,0,0,"-20,000"
5209,新鼎,"145,437","17,160","128,277",0.0,0.0,0.0,0,238,-238,"1,308","2,000",0,"2,000",308,"1,000",-692,"129,347"
5210,寶碩,"22,000","16,000","6,000",0.0,0.0,0.0,0,0,0,0,0,0,0,0,0,0,"6,000"
5211,蒙恬,0,"1,000","-1,000",0.0,0.0,0.0,0,0,0,0,0,0,0,0,0,0,"-1,000"
5213,亞昕,"1,000","27,000","-26,000",0.0,0.0,0.0,0,0,0,0,0,0,0,0,0,0,"-26,000"
5220,萬達光電,"12,000","8,000","4,000",0.0,0.0,0.0,0,0,0,"-2,000",0,"2,000","-2,000",0,0,0,"2,000"
5223,安力-KY,"6,000",0,"6,000",0.0,0.0,0.0,0,0,0,0,0,0,0,0,0,0,"6,000"
5227,立凱-KY,"9,000","43,108","-34,108",0.0,0.0,0.0,0,0,0,0,0,0,0,0,0,0,"-34,108"
5228,鈺鎧,"887,280","720,085","167,195",0.0,0.0,0.0,0,0,0,"-1,836",0,0,0,"23,764","25,600","-1,836","165,359"
5230,雷笛克光學,"1,023,140","367,495","655,645",0.0,0.0,0.0,0,0,0,998,0,0,0,"6,998","6,000",998,"656,643"
5245,智晶,"6,000","17,000","-11,000",0.0,0.0,0.0,0,0,0,"-28,000",0,"28,000","-28,000",0,0,0,"-39,000"
5251,天鉞電,"18,000","68,000","-50,000",0.0,0.0,0.0,0,0,0,0,0,0,0,0,0,0,"-50,000"
5263,智崴,"335,898","203,000","132,898",0.0,0.0,0.0,0,0,0,"5,439",1,0,1,"7,689","2,251","5,438","138,337"
5272,笙科,"2,000","8,000","-6,000",0.0,0.0,0.0,0,0,0,2,0,0,0,2,0,2,"-5,998"
5274,信驊,"555,003","710,313","-155,310",0.0,0.0,0.0,"121,820","158,300","-36,480","14,605","8,450",557,"7,893","41,317","34,605","6,712","-177,185"
5278,尚凡*,"18,000","2,000","16,000",0.0,0.0,0.0,0,0,0,60,0,0,0,"1,100","1,040",60,"16,060"
5287,數字,"6,017","31,535","-25,518",0.0,0.0,0.0,0,622,-622,0,0,0,0,0,0,0,"-26,140"
5289,宜鼎,"293,440","491,327","-197,887",0.0,0.0,0.0,"16,200",0,"16,200","-19,833",0,18,-18,"54,003","73,818","-19,815","-201,520"
5291,邑昇,"99,375","199,000","-99,625",0.0,0.0,0.0,0,0,0,"1,498","2,000",0,"2,000",0,502,-502,"-98,127"
5299,杰力,"18,000","89,050","-71,050",0.0,0.0,0.0,0,0,0,"-1,077",0,0,0,108,"1,185","-1,077","-72,127"
5302,太欣,"31,000","21,000","10,000",0.0,0.0,0.0,0,0,0,0,0,0,0,0,0,0,"10,000"
5309,系統電,"3,299,540","5,614,360","-2,314,820",0.0,0.0,0.0,0,"2,000","-2,000","91,077",0,"28,000","-28,000","162,178","43,101","119,077","-2,225,743"
5310,天剛,"1,000",0,"1,000",0.0,0.0,0.0,0,0,0,"5,000","5,000",0,"5,000",0,0,0,"6,000"
5312,寶島科,"1,000","1,000",0,0.0,0.0,0.0,0,0,0,0,0,0,0,0,0,0,0
5314,世紀*,"2,937,290","5,445,607","-2,508,317",0.0,0.0,0.0,0,0,0,"-61,862",0,0,0,"9,000","70,862","-61,862","-2,570,179"
5315,光聯,"68,000","23,000","45,000",0.0,0.0,0.0,0,0,0,0,0,0,0,0,0,0,"45,000"
5321,美而快,"120,000","37,000","83,000",0.0,0.0,0.0,0,0,0,0,0,0,0,0,0,0,"83,000"
5324,士開,"5,000","4,000","1,000",0.0,0.0,0.0,0,0,0,0,0,0,0,0,0,0,"1,000"
5328,華容,"871,407","879,804","-8,397",0.0,0.0,0.0,0,0,0,"19,972","6,000",0,"6,000","17,722","3,750","13,972","11,575"
5340,建榮,"2,687,100","3,914,000","-1,226,900",0.0,0.0,0.0,0,0,0,"-28,986",0,0,0,"28,766","57,752","-28,986","-1,255,886"
5347,世界,"5,849,814","4,763,068","1,086,746",0.0,0.0,0.0,"359,000","1,001,000","-642,000","17,393","9,000","16,000","-7,000","91,957","67,564","24,393","462,139"
5351,鈺創,"2,741,035","4,257,788","-1,516,753",0.0,0.0,0.0,"12,000",0,"12,000","-15,035","4,000",0,"4,000","22,958","41,993","-19,035","-1,519,788"
5353,台林,0,"1,000","-1,000",0.0,0.0,0.0,0,0,0,0,0,0,0,0,0,0,"-1,000"
5355,佳總,"6,000",0,"6,000",0.0,0.0,0.0,0,0,0,0,0,0,0,0,0,0,"6,000"
5356,協益,"3,000","25,000","-22,000",0.0,0.0,0.0,0,0,0,0,0,0,0,0,0,0,"-22,000"
5364,力麗店,0,"2,000","-2,000",0.0,0.0,0.0,0,0,0,325,0,0,0,325,0,325,"-1,675"
5381,光譜,"59,218","134,000","-74,782",0.0,0.0,0.0,0,0,0,0,0,0,0,0,0,0,"-74,782"
5386,青雲,"157,600","320,155","-162,555",0.0,0.0,0.0,0,0,0,"1,651",0,0,0,"8,192","6,541","1,651","-160,904"
5392,能率,"89,000","468,000","-379,000",0.0,0.0,0.0,0,0,0,"-24,808",0,0,0,"1,000","25,808","-24,808","-403,808"
5398,慕康生醫,"104,000","126,000","-22,000",0.0,0.0,0.0,0,0,0,-493,0,0,0,0,493,-493,"-22,493"
5403,中菲,0,"6,000","-6,000",0.0,0.0,0.0,0,0,0,0,0,0,0,0,0,0,"-6,000"
5410,國眾,"40,000","49,200","-9,200",0.0,0.0,0.0,0,0,0,369,0,0,0,369,0,369,"-8,831"
5425,台半,"992,315","2,570,800","-1,578,485",0.0,0.0,0.0,0,0,0,"-223,671",0,"19,000","-19,000","52,024","256,695","-204,671","-1,802,156"
5426,振發,"73,258","321,000","-247,742",0.0,0.0,0.0,0,0,0,-747,0,0,0,0,747,-747,"-248,489"
5432,新門,"174,581","166,000","8,581",0.0,0.0,0.0,0,0,0,-938,0,0,0,100,"1,038",-938,"7,643"
5438,東友,"4,000","5,000","-1,000",0.0,0.0,0.0,0,0,0,0,0,0,0,0,0,0,"-1,000"
5439,高技,"479,677","842,000","-362,323",0.0,0.0,0.0,0,0,0,"20,263","5,000","10,000","-5,000","63,279","38,016","25,263","-342,060"
5443,均豪,"270,564","314,000","-43,436",0.0,0.0,0.0,0,0,0,"-10,817",0,0,0,"13,144","23,961","-10,817","-54,253"
5450,南良,"4,000","7,000","-3,000",0.0,0.0,0.0,0,0,0,-899,0,0,0,101,"1,000",-899,"-3,899"
5452,佶優,"221,537","546,000","-324,463",0.0,0.0,0.0,0,0,0,"-8,043",0,0,0,"3,000","11,043","-8,043","-332,506"
5457,宣德,"133,102","184,000","-50,898",0.0,0.0,0.0,0,0,0,"-5,329","2,000","4,108","-2,108",0,"3,221","-3,221","-56,227"
5460,同協,"398,000","307,000","91,000",0.0,0.0,0.0,0,0,0,"1,900","2,000",0,"2,000","2,190","2,290",-100,"92,900"
5464,霖宏,"156,000","127,000","29,000",0.0,0.0,0.0,0,0,0,"-5,691",0,"5,000","-5,000","3,309","4,000",-691,"23,309"
5465,富驊,"54,852","115,000","-60,148",0.0,0.0,0.0,0,0,0,0,0,0,0,0,0,0,"-60,148"
5468,凱鈺,0,"24,000","-24,000",0.0,0.0,0.0,0,0,0,-864,0,0,0,136,"1,000",-864,"-24,864"
5474,聰泰,"14,030","19,000","-4,970",0.0,0.0,0.0,0,0,0,"-1,203",0,0,0,0,"1,203","-1,203","-6,173"
5475,德宏,"2,795,173","3,951,000","-1,155,827",0.0,0.0,0.0,0,0,0,"45,935","45,200",0,"45,200","108,544","107,809",735,"-1,109,892"
5478,智冠,"8,000","25,000","-17,000",0.0,0.0,0.0,0,0,0,-514,0,0,0,0,514,-514,"-17,514"
5481,新華,"6,000","18,000","-12,000",0.0,0.0,0.0,0,0,0,0,0,0,0,0,0,0,"-12,000"
5483,中美晶,"5,171,490","9,172,534","-4,001,044",0.0,0.0,0.0,"198,000",0,"198,000","-699,769","107,000","339,762","-232,762","263,063","730,070","-467,007","-4,502,813"
5487,通泰,"38,000","44,000","-6,000",0.0,0.0,0.0,0,0,0,2,0,0,0,2,0,2,"-5,998"
5488,松普,"48,000","20,000","28,000",0.0,0.0,0.0,0,0,0,0,0,0,0,0,0,0,"28,000"
5489,彩富,"3,000","2,000","1,000",0.0,0.0,0.0,0,0,0,0,0,0,0,0,0,0,"1,000"
5490,同亨,"8,000","24,263","-16,263",0.0,0.0,0.0,0,0,0,0,0,0,0,0,0,0,"-16,263"
5493,三聯,"15,040","17,000","-1,960",0.0,0.0,0.0,0,0,0,687,0,0,0,687,0,687,"-1,273"
5498,凱崴,"407,196","494,000","-86,804",0.0,0.0,0.0,0,0,0,"-3,209",0,0,0,"3,035","6,244","-3,209","-90,013"
5508,永信建,"75,071","35,000","40,071",0.0,0.0,0.0,0,0,0,-51,0,0,0,0,51,-51,"40,020"
5511,德昌,"62,409","14,000","48,409",0.0,0.0,0.0,0,0,0,"-4,000",0,0,0,0,"4,000","-4,000","44,409"
5512,力麒,"87,660","46,000","41,660",0.0,0.0,0.0,0,0,0,149,0,0,0,160,11,149,"41,809"
5514,三豐,"6,000","6,000",0,0.0,0.0,0.0,0,0,0,0,0,0,0,0,0,0,0
5516,雙喜,0,0,0,0.0,0.0,0.0,0,0,0,-648,0,0,0,352,"1,000",-648,-648
5523,豐謙,0,"1,000","-1,000",0.0,0.0,0.0,0,0,0,0,0,0,0,0,0,0,"-1,000"
5529,鉅陞,"16,000","9,000","7,000",0.0,0.0,0.0,0,0,0,0,0,0,0,0,0,0,"7,000"
5530,龍巖,"138,000","45,000","93,000",0.0,0.0,0.0,0,0,0,0,0,0,0,0,0,0,"93,000"
5536,聖暉*,"1,150,425","1,444,042","-293,617",0.0,0.0,0.0,"625,500","10,000","615,500","-66,807","6,000","21,000","-15,000","29,624","81,431","-51,807","255,076"
5547,久舜,"1,000",0,"1,000",0.0,0.0,0.0,0,0,0,0,0,0,0,0,0,0,"1,000"
5548,安倉,"3,000",0,"3,000",0.0,0.0,0.0,0,0,0,0,0,0,0,0,0,0,"3,000"
5601,台聯櫃,"1,000","2,000","-1,000",0.0,0.0,0.0,0,0,0,0,0,0,0,0,0,0,"-1,000"
5603,陸海,"1,000","17,000","-16,000",0.0,0.0,0.0,0,0,0,0,0,0,0,0,0,0,"-16,000"
5604,中連,"1,000","1,000",0,0.0,0.0,0.0,0,0,0,0,0,0,0,0,0,0,0
5609,中菲行,"43,110","21,000","22,110",0.0,0.0,0.0,0,0,0,0,0,0,0,0,0,0,"22,110"
5701,劍湖山,"9,000",0,"9,000",0.0,0.0,0.0,0,0,0,0,0,0,0,0,0,0,"9,000"
5704,老爺知,"1,000","2,000","-1,000",0.0,0.0,0.0,0,0,0,0,0,0,0,0,0,0,"-1,000"
5864,致和證,"419,201","530,705","-111,504",0.0,0.0,0.0,0,0,0,0,0,0,0,0,0,0,"-111,504"
5902,德記,"1,000","1,000",0,0.0,0.0,0.0,0,0,0,0,0,0,0,0,0,0,0
5903,全家,"1,217","2,000",-783,0.0,0.0,0.0,0,0,0,0,0,0,0,0,0,0,-783
5904,寶雅*,"526,070","1,453,000","-926,930",0.0,0.0,0.0,"85,000",0,"85,000","-18,440",0,100,-100,"42,946","61,286","-18,340","-860,370"
5905,南仁湖,"29,000","15,000","14,000",0.0,0.0,0.0,0,0,0,0,0,0,0,0,0,0,"14,000"
6015,宏遠證,"1,252,562","670,887","581,675",0.0,0.0,0.0,0,0,0,0,0,0,0,0,0,0,"581,675"
6016,康和證,"2,196,260","922,188","1,274,072",0.0,0.0,0.0,0,0,0,0,0,0,0,0,0,0,"1,274,072"
6021,美好證,"174,000","57,050","116,950",0.0,0.0,0.0,0,0,0,0,0,0,0,0,0,0,"116,950"
6023,元大期,"43,000","86,000","-43,000",0.0,0.0,0.0,0,0,0,0,0,0,0,0,0,0,"-43,000"
6026,福邦證,"115,004","63,000","52,004",0.0,0.0,0.0,0,"8,145","-8,145",0,0,0,0,0,0,0,"43,859"
6028,公勝保經,"10,000","6,000","4,000",0.0,0.0,0.0,0,0,0,0,0,0,0,0,0,0,"4,000"
6101,寬魚國際,"7,000","73,000","-66,000",0.0,0.0,0.0,0,0,0,0,0,0,0,0,0,0,"-66,000"
6103,合邦,"12,000","10,000","2,000",0.0,0.0,0.0,0,0,0,0,0,0,0,0,0,0,"2,000"
6104,創惟,"68,100","154,000","-85,900",0.0,0.0,0.0,0,0,0,"-12,782",0,0,0,0,"12,782","-12,782","-98,682"
6109,亞元,0,"5,000","-5,000",0.0,0.0,0.0,0,0,0,0,0,0,0,0,0,0,"-5,000"
6111,光聚晶電,"12,180","15,000","-2,820",0.0,0.0,0.0,0,0,0,-821,0,0,0,0,821,-821,"-3,641"
6113,亞矽,"72,000","140,000","-68,000",0.0,0.0,0.0,0,0,0,"4,000","4,000",0,"4,000",0,0,0,"-64,000"
6114,久威,"6,000","3,000","3,000",0.0,0.0,0.0,0,0,0,0,0,0,0,0,0,0,"3,000"
6118,建達,"35,290","3,000","32,290",0.0,0.0,0.0,0,0,0,0,0,0,0,0,0,0,"32,290"
6121,新普,"154,000","360,800","-206,800",0.0,0.0,0.0,"9,500","12,000","-2,500","2,563","3,000",0,"3,000","16,000","16,437",-437,"-206,737"
6122,擎邦,"450,397","172,373","278,024",0.0,0.0,0.0,0,"1,396","-1,396","2,260","2,000",0,"2,000","17,282","17,022",260,"278,888"
6123,上奇,"2,000","6,000","-4,000",0.0,0.0,0.0,0,0,0,0,0,0,0,0,0,0,"-4,000"
6124,業強,"4,000",0,"4,000",0.0,0.0,0.0,0,0,0,0,0,0,0,0,0,0,"4,000"
6125,廣運,"390,561","214,000","176,561",0.0,0.0,0.0,0,0,0,"2,956","4,000",0,"4,000",760,"1,804","-1,044","179,517"
6126,信音,"140,021","120,057","19,964",0.0,0.0,0.0,0,0,0,"-9,575",0,0,0,0,"9,575","-9,575","10,389"
6127,九豪,"7,261,485","4,014,031","3,247,454",0.0,0.0,0.0,0,0,0,"76,592","5,000",0,"5,000","136,694","65,102","71,592","3,324,046"
6129,普誠,"21,340","53,154","-31,814",0.0,0.0,0.0,0,0,0,0,0,0,0,0,0,0,"-31,814"
6130,上亞科技,"1,000","13,000","-12,000",0.0,0.0,0.0,0,0,0,0,0,0,0,0,0,0,"-12,000"
6134,萬旭,"24,000","27,000","-3,000",0.0,0.0,0.0,0,0,0,"6,705","1,000",0,"1,000","5,705",0,"5,705","3,705"
6138,茂達,"43,455","179,000","-135,545",0.0,0.0,0.0,0,0,0,"-5,151","8,000","8,315",-315,"1,000","5,836","-4,836","-140,696"
6140,訊達,"9,721","41,004","-31,283",0.0,0.0,0.0,0,0,0,0,0,0,0,0,0,0,"-31,283"
6143,振曜,"39,000","202,000","-163,000",0.0,0.0,0.0,0,0,0,0,0,0,0,0,0,0,"-163,000"
6146,耕興,"630,077","256,030","374,047",0.0,0.0,0.0,0,"1,000","-1,000","14,361",0,0,0,"19,634","5,273","14,361","387,408"
6147,頎邦,"12,396,624","17,352,972","-4,956,348",0.0,0.0,0.0,"2,016,000",0,"2,016,000","-1,505,129","150,000","1,299,365","-1,149,365","85,687","441,451","-355,764","-4,445,477"
6148,驊宏資,"134,000","173,000","-39,000",0.0,0.0,0.0,0,0,0,0,0,0,0,0,0,0,"-39,000"
6150,撼訊,"121,000","45,000","76,000",0.0,0.0,0.0,0,0,0,588,0,0,0,"1,013",425,588,"76,588"
6151,晉倫,"4,000","37,000","-33,000",0.0,0.0,0.0,0,0,0,0,0,0,0,0,0,0,"-33,000"
6154,順發,"1,000","9,000","-8,000",0.0,0.0,0.0,0,0,0,0,0,0,0,0,0,0,"-8,000"
6156,松上,"139,370","229,000","-89,630",0.0,0.0,0.0,0,0,0,397,0,0,0,397,0,397,"-89,233"
6158,禾昌,"3,000","2,000","1,000",0.0,0.0,0.0,0,0,0,0,0,0,0,0,0,0,"1,000"
6160,欣技,0,"6,000","-6,000",0.0,0.0,0.0,0,0,0,0,0,0,0,0,0,0,"-6,000"
6161,捷波,0,"8,000","-8,000",0.0,0.0,0.0,0,0,0,0,0,0,0,0,0,0,"-8,000"
6163,華電網,"595,579","544,000","51,579",0.0,0.0,0.0,0,0,0,"2,429",0,0,0,"5,622","3,193","2,429","54,008"
6169,昱泉,"1,000",0,"1,000",0.0,0.0,0.0,0,0,0,1,0,0,0,1,0,1,"1,001"
6170,統振,"86,000","2,000","84,000",0.0,0.0,0.0,0,0,0,208,0,0,0,209,1,208,"84,208"
6171,大城地產,"2,000","15,000","-13,000",0.0,0.0,0.0,0,0,0,0,0,0,0,0,0,0,"-13,000"
6174,安碁,"2,409,935","1,742,097","667,838",0.0,0.0,0.0,0,0,0,"30,368",0,0,0,"82,940","52,572","30,368","698,206"
6175,立敦,"717,544","531,000","186,544",0.0,0.0,0.0,0,0,0,"9,429",0,0,0,"18,150","8,721","9,429","195,973"
6179,亞通,"2,124,367","2,730,899","-606,532",0.0,0.0,0.0,0,0,0,"-19,316",0,0,0,"18,920","38,236","-19,316","-625,848"
6180,橘子,"387,000","276,000","111,000",0.0,0.0,0.0,0,0,0,0,0,0,0,0,0,0,"111,000"
6182,合晶,"12,065,584","20,983,501","-8,917,917",0.0,0.0,0.0,0,0,0,"-1,790,304","42,000","1,688,000","-1,646,000","446,000","590,304","-144,304","-10,708,221"
6185,幃翔,"9,000","4,000","5,000",0.0,0.0,0.0,0,0,0,0,0,0,0,0,0,0,"5,000"
6186,新潤,"39,000","44,096","-5,096",0.0,0.0,0.0,0,0,0,0,0,0,0,0,0,0,"-5,096"
6187,萬潤,"740,895","1,076,415","-335,520",0.0,0.0,0.0,"204,217","73,000","131,217","32,374","25,040","10,000","15,040","53,121","35,787","17,334","-171,929"
6188,廣明,"94,000","352,000","-258,000",0.0,0.0,0.0,0,0,0,-413,0,346,-346,0,67,-67,"-258,413"
6190,萬泰科,"569,448","1,015,675","-446,227",0.0,0.0,0.0,0,0,0,"-19,936",0,"22,000","-22,000","7,000","4,936","2,064","-466,163"
6194,育富,"8,000","1,000","7,000",0.0,0.0,0.0,0,0,0,0,0,0,0,0,0,0,"7,000"
6195,詩肯,"3,000","1,000","2,000",0.0,0.0,0.0,0,0,0,0,0,0,0,0,0,0,"2,000"
6199,天品,"1,184,760","2,274,000","-1,089,240",0.0,0.0,0.0,0,0,0,"-58,884",0,0,0,"24,957","83,841","-58,884","-1,148,124"
006201,元大富櫃50,"33,104","14,000","19,104",0.0,0.0,0.0,0,"22,000","-22,000","-9,671",0,0,0,"74,354","84,025","-9,671","-12,567"
6203,海韻電,"15,000","10,000","5,000",0.0,0.0,0.0,0,0,0,"-1,058",0,"1,000","-1,000","7,000","7,058",-58,"3,942"
6204,艾華,"98,250","63,001","35,249",0.0,0.0,0.0,0,0,0,-418,"9,000","9,000",0,"4,589","5,007",-418,"34,831"
6207,雷科,"924,831","1,156,410","-231,579",0.0,0.0,0.0,0,0,0,261,0,0,0,"36,892","36,631",261,"-231,318"
6208,日揚,"30,007","42,000","-11,993",0.0,0.0,0.0,0,0,0,-506,0,0,0,0,506,-506,"-12,499"
6217,中探針,"463,010","437,000","26,010",0.0,0.0,0.0,0,0,0,"18,586","22,000",0,"22,000","47,000","50,414","-3,414","44,596"
6218,豪勉,"1,032,893","2,466,071","-1,433,178",0.0,0.0,0.0,0,0,0,-337,0,0,0,"17,604","17,941",-337,"-1,433,515"
6219,富旺,"11,000","4,450","6,550",0.0,0.0,0.0,0,0,0,0,0,0,0,0,0,0,"6,550"
6220,岳豐,"9,000","31,000","-22,000",0.0,0.0,0.0,0,0,0,0,0,0,0,0,0,0,"-22,000"
6221,晉泰,"15,000","55,000","-40,000",0.0,0.0,0.0,0,0,0,0,0,0,0,0,0,0,"-40,000"
6223,旺矽,"279,157","181,407","97,750",0.0,0.0,0.0,"24,932","11,200","13,732","8,405","6,400","2,230","4,170","33,899","29,664","4,235","119,887"
6227,茂綸,"118,030","146,196","-28,166",0.0,0.0,0.0,0,0,0,"-123,216",0,0,0,"29,605","152,821","-123,216","-151,382"
6228,全譜,"4,000","5,999","-1,999",0.0,0.0,0.0,0,0,0,0,0,0,0,0,0,0,"-1,999"
6229,研通,"2,000","7,000","-5,000",0.0,0.0,0.0,0,0,0,0,0,0,0,0,0,0,"-5,000"
6231,系微,"49,106","35,000","14,106",0.0,0.0,0.0,0,0,0,"4,214",0,0,0,"6,655","2,441","4,214","18,320"
6233,旺玖,"95,000","24,000","71,000",0.0,0.0,0.0,0,0,0,0,0,0,0,0,0,0,"71,000"
6234,高僑,"276,429","984,038","-707,609",0.0,0.0,0.0,0,0,0,"-23,544",0,0,0,"5,323","28,867","-23,544","-731,153"
6237,驊訊,"21,000","71,000","-50,000",0.0,0.0,0.0,0,0,0,"-30,000",0,0,0,0,"30,000","-30,000","-80,000"
6240,松崗,"1,000","1,000",0,0.0,0.0,0.0,0,0,0,-408,0,0,0,592,"1,000",-408,-408
6241,鑫永洋,"2,000","13,000","-11,000",0.0,0.0,0.0,0,0,0,0,0,0,0,0,0,0,"-11,000"
6244,茂迪,"687,098","1,798,000","-1,110,902",0.0,0.0,0.0,0,0,0,"-35,751",0,0,0,"3,000","38,751","-35,751","-1,146,653"
6245,立端,"178,686","106,000","72,686",0.0,0.0,0.0,0,0,0,"32,670","6,000",0,"6,000","28,877","2,207","26,670","105,356"
6246,臺龍,0,0,0,0.0,0.0,0.0,0,0,0,2,0,0,0,2,0,2,2
6248,沛波,"3,000","3,000",0,0.0,0.0,0.0,0,0,0,-32,0,0,0,"1,000","1,032",-32,-32
6259,百徽,"109,000","157,030","-48,030",0.0,0.0,0.0,0,0,0,"1,000","1,000",0,"1,000",0,0,0,"-47,030"
6261,久元,"100,000","181,369","-81,369",0.0,0.0,0.0,0,0,0,"-14,883",0,0,0,"7,000","21,883","-14,883","-96,252"
6263,普萊德,"106,149","110,000","-3,851",0.0,0.0,0.0,0,0,0,1,0,0,0,1,0,1,"-3,850"
6265,方土昶,"175,000","163,000","12,000",0.0,0.0,0.0,0,0,0,"18,604",0,0,0,"21,484","2,880","18,604","30,604"
6266,泰詠,"46,000","7,000","39,000",0.0,0.0,0.0,0,0,0,-1,0,0,0,0,1,-1,"38,999"
6270,倍微,"20,000","18,000","2,000",0.0,0.0,0.0,0,0,0,617,0,0,0,"1,000",383,617,"2,617"
6274,台燿,"3,126,154","2,201,691","924,463",0.0,0.0,0.0,"226,000","16,000","210,000","-5,806","62,076","66,000","-3,924","89,610","91,492","-1,882","1,128,657"
6275,元山,"39,001","32,050","6,951",0.0,0.0,0.0,0,0,0,"-1,678",0,0,0,20,"1,698","-1,678","5,273"
6279,胡連,"35,234","74,000","-38,766",0.0,0.0,0.0,0,0,0,"10,763","8,000","3,000","5,000","7,348","1,585","5,763","-28,003"
6284,佳邦,"221,523","206,000","15,523",0.0,0.0,0.0,0,0,0,"-3,871",0,0,0,"1,342","5,213","-3,871","11,652"
6290,良維,"144,248","464,000","-319,752",0.0,0.0,0.0,0,0,0,"-3,740","38,000","23,000","15,000",374,"19,114","-18,740","-323,492"
6291,沛亨,"256,316","259,000","-2,684",0.0,0.0,0.0,0,"325,000","-325,000","-21,792",0,"2,157","-2,157","25,911","45,546","-19,635","-349,476"
6292,迅德,"65,070","68,054","-2,984",0.0,0.0,0.0,0,0,0,"4,011","4,000",0,"4,000",11,0,11,"1,027"
6294,智基,"1,000","1,000",0,0.0,0.0,0.0,0,0,0,0,0,0,0,0,0,0,0
6411,晶焱,"22,000","85,000","-63,000",0.0,0.0,0.0,0,0,0,342,"2,000",0,"2,000",0,"1,658","-1,658","-62,658"
6417,韋僑,"5,000","38,000","-33,000",0.0,0.0,0.0,0,0,0,333,0,0,0,"1,150",817,333,"-32,667"
6418,詠昇,"10,000","1,000","9,000",0.0,0.0,0.0,0,0,0,0,0,0,0,0,0,0,"9,000"
6419,京晨科,"36,040","120,056","-84,016",0.0,0.0,0.0,0,0,0,-606,0,0,0,"2,000","2,606",-606,"-84,622"
6423,億而得,"5,000","10,000","-5,000",0.0,0.0,0.0,0,0,0,0,0,0,0,0,0,0,"-5,000"
6425,易發,"75,453","76,127",-674,0.0,0.0,0.0,0,0,0,"-2,251",0,0,0,450,"2,701","-2,251","-2,925"
6432,今展科,"162,128","150,273","11,855",0.0,0.0,0.0,0,0,0,0,0,0,0,0,0,0,"11,855"
6435,大中,"73,011","89,201","-16,190",0.0,0.0,0.0,0,0,0,-680,0,0,0,"1,560","2,240",-680,"-16,870"
6441,廣錠,"5,000","15,042","-10,042",0.0,0.0,0.0,0,0,0,0,0,0,0,0,0,0,"-10,042"
6461,益得,"8,000","25,000","-17,000",0.0,0.0,0.0,0,0,0,0,0,0,0,0,0,0,"-17,000"
6462,神盾,"55,100","46,000","9,100",0.0,0.0,0.0,0,0,0,"3,211",0,0,0,"4,070",859,"3,211","12,311"
6465,威潤,"63,000","32,000","31,000",0.0,0.0,0.0,0,0,0,"-4,991",0,"5,000","-5,000",82,73,9,"26,009"
6469,大樹,"310,710","271,000","39,710",0.0,0.0,0.0,0,0,0,"2,577",0,100,-100,"5,165","2,488","2,677","42,287"
6470,宇智,"2,000","3,000","-1,000",0.0,0.0,0.0,0,0,0,0,0,0,0,0,0,0,"-1,000"
6474,華豫寧,"7,000","2,000","5,000",0.0,0.0,0.0,0,0,0,0,0,0,0,0,0,0,"5,000"
6482,弘煜科,"1,000",0,"1,000",0.0,0.0,0.0,0,0,0,0,0,0,0,0,0,0,"1,000"
6485,點序,"402,082","601,347","-199,265",0.0,0.0,0.0,0,0,0,"2,192",0,0,0,"8,249","6,057","2,192","-197,073"
6486,互動,"5,000","4,000","1,000",0.0,0.0,0.0,0,0,0,-316,0,0,0,0,316,-316,684
6488,環球晶,"6,053,408","7,354,566","-1,301,158",0.0,0.0,0.0,"51,100","1,040,000","-988,900","4,250","169,000","108,695","60,305","733,542","789,597","-56,055","-2,285,808"
6492,生華科,"23,490","7,000","16,490",0.0,0.0,0.0,0,0,0,0,0,0,0,0,0,0,"16,490"
6494,九齊,"8,000","33,011","-25,011",0.0,0.0,0.0,0,0,0,0,0,0,0,0,0,0,"-25,011"
6496,科懋,"4,000","5,000","-1,000",0.0,0.0,0.0,0,0,0,0,0,0,0,0,0,0,"-1,000"
6498,久禾光,"19,000","58,000","-39,000",0.0,0.0,0.0,0,0,0,-141,0,0,0,34,175,-141,"-39,141"
6499,益安,"94,010","47,000","47,010",0.0,0.0,0.0,0,0,0,0,0,0,0,0,0,0,"47,010"
6506,雙邦,"2,000","6,000","-4,000",0.0,0.0,0.0,0,0,0,300,0,0,0,300,0,300,"-3,700"
6508,惠光,"6,000","3,000","3,000",0.0,0.0,0.0,0,0,0,0,0,0,0,0,0,0,"3,000"
6509,聚和,"182,082","196,000","-13,918",0.0,0.0,0.0,0,"3,000","-3,000",287,0,0,0,287,0,287,"-16,631"
6510,精測,"568,551","317,608","250,943",0.0,0.0,0.0,"174,000","39,000","135,000","-27,097","25,905","57,868","-31,963","66,585","61,719","4,866","358,846"
6516,勤崴國際,0,"1,000","-1,000",0.0,0.0,0.0,0,0,0,315,0,0,0,315,0,315,-685
6517,保勝光學,"70,663","94,000","-23,337",0.0,0.0,0.0,0,0,0,"3,000","3,000",0,"3,000",0,0,0,"-20,337"
6523,達爾膚,0,"1,000","-1,000",0.0,0.0,0.0,0,0,0,409,0,0,0,"1,000",591,409,-591
6527,明達醫,0,"2,000","-2,000",0.0,0.0,0.0,0,0,0,0,0,0,0,0,0,0,"-2,000"
6530,創威,"166,004","222,000","-55,996",0.0,0.0,0.0,0,0,0,17,0,0,0,"3,463","3,446",17,"-55,979"
6532,瑞耘,"225,977","576,410","-350,433",0.0,0.0,0.0,0,0,0,"-19,577",0,0,0,0,"19,577","-19,577","-370,010"
6535,順藥,"15,295","19,000","-3,705",0.0,0.0,0.0,0,0,0,-421,0,0,0,0,421,-421,"-4,126"
6538,倉和,"1,258,703","2,483,097","-1,224,394",0.0,0.0,0.0,0,0,0,"-26,011",0,"8,334","-8,334","40,975","58,652","-17,677","-1,250,405"
6542,隆中,"1,000",0,"1,000",0.0,0.0,0.0,0,0,0,0,0,0,0,0,0,0,"1,000"
6546,正基,"13,000","33,000","-20,000",0.0,0.0,0.0,0,0,0,-16,0,0,0,0,16,-16,"-20,016"
6547,高端疫苗,"1,036,170","1,159,266","-123,096",0.0,0.0,0.0,0,0,0,"19,000","9,000","8,000","1,000","19,000","1,000","18,000","-104,096"
6548,長科*,"543,461","1,026,130","-482,669",0.0,0.0,0.0,"243,000",0,"243,000","-85,035","4,000",0,"4,000","26,353","115,388","-89,035","-324,704"
6556,勝品,0,"1,000","-1,000",0.0,0.0,0.0,0,0,0,-14,0,0,0,0,14,-14,"-1,014"
6560,欣普羅,"9,000","25,000","-16,000",0.0,0.0,0.0,0,0,0,0,0,0,0,0,0,0,"-16,000"
6561,是方,"40,000","34,000","6,000",0.0,0.0,0.0,0,0,0,577,0,0,0,"1,000",423,577,"6,577"
6568,宏觀,"9,485","141,360","-131,875",0.0,0.0,0.0,0,0,0,"-1,739",0,0,0,"11,000","12,739","-1,739","-133,614"
6569,醫揚,0,"9,000","-9,000",0.0,0.0,0.0,0,0,0,"5,411",0,0,0,"6,411","1,000","5,411","-3,589"
6570,維田,"8,000","33,000","-25,000",0.0,0.0,0.0,0,0,0,0,0,0,0,0,0,0,"-25,000"
6574,霈方,"9,000","2,000","7,000",0.0,0.0,0.0,0,0,0,193,0,0,0,193,0,193,"7,193"
6576,逸達,"7,077","19,000","-11,923",0.0,0.0,0.0,0,0,0,0,0,0,0,0,0,0,"-11,923"
6577,勁豐,"1,000","3,000","-2,000",0.0,0.0,0.0,0,245,-245,"1,000",0,0,0,"1,000",0,"1,000","-1,245"
6578,達邦蛋白,"9,000","10,000","-1,000",0.0,0.0,0.0,0,0,0,223,0,0,0,223,0,223,-777
6584,南俊國際,"70,010","63,000","7,010",0.0,0.0,0.0,0,0,0,234,"3,000",0,"3,000","3,000","5,766","-2,766","7,244"
6588,東典光電,"49,387","117,000","-67,613",0.0,0.0,0.0,0,0,0,197,0,0,0,207,10,197,"-67,416"
6590,普鴻,0,"1,200","-1,200",0.0,0.0,0.0,0,0,0,0,0,0,0,0,0,0,"-1,200"
6593,台灣銘板,"1,000","5,000","-4,000",0.0,0.0,0.0,0,0,0,0,0,0,0,0,0,0,"-4,000"
6596,寬宏藝術,"47,000","9,000","38,000",0.0,0.0,0.0,0,0,0,"6,000","6,000",0,"6,000",0,0,0,"44,000"
6603,富強鑫,"1,041,104","423,000","618,104",0.0,0.0,0.0,0,0,0,"22,070",0,0,0,"26,216","4,146","22,070","640,174"
6604,儒億,"3,000","15,000","-12,000",0.0,0.0,0.0,0,0,0,0,0,0,0,0,0,0,"-12,000"
6609,瀧澤科,"5,000","3,000","2,000",0.0,0.0,0.0,0,0,0,0,0,0,0,0,0,0,"2,000"
6612,奈米醫材,"2,799","6,000","-3,201",0.0,0.0,0.0,0,0,0,0,0,0,0,0,0,0,"-3,201"
6613,朋億*,"38,110","70,678","-32,568",0.0,0.0,0.0,0,0,0,"-2,627","1,000",0,"1,000",0,"3,627","-3,627","-35,195"
6615,慧智,"1,000","2,000","-1,000",0.0,0.0,0.0,0,0,0,0,0,0,0,0,0,0,"-1,000"
6616,特昇-KY,"1,000","1,000",0,0.0,0.0,0.0,0,0,0,0,0,0,0,0,0,0,0
6617,共信-KY,"81,069","64,000","17,069",0.0,0.0,0.0,0,0,0,0,0,0,0,0,0,0,"17,069"
6620,漢達,"277,100","538,000","-260,900",0.0,0.0,0.0,0,0,0,"19,142",0,0,0,"40,200","21,058","19,142","-241,758"
6624,萬年清,0,"3,000","-3,000",0.0,0.0,0.0,0,0,0,0,0,0,0,0,0,0,"-3,000"
6637,醫影,"15,000",0,"15,000",0.0,0.0,0.0,0,0,0,-792,0,0,0,208,"1,000",-792,"14,208"
6640,均華,"35,497","101,000","-65,503",0.0,0.0,0.0,0,0,0,"1,139","2,000",0,"2,000","2,493","3,354",-861,"-64,364"
6642,富致,"30,000","67,000","-37,000",0.0,0.0,0.0,0,0,0,-77,0,0,0,0,77,-77,"-37,077"
6643,M31,"112,130","91,000","21,130",0.0,0.0,0.0,0,0,0,"-14,655",0,0,0,"3,924","18,579","-14,655","6,475"
6649,台生材,0,"4,000","-4,000",0.0,0.0,0.0,0,0,0,0,0,0,0,0,0,0,"-4,000"
6651,全宇昕,"62,100","79,010","-16,910",0.0,0.0,0.0,0,0,0,988,"1,000",0,"1,000","1,300","1,312",-12,"-15,922"
6654,天正國際,"8,000","5,000","3,000",0.0,0.0,0.0,0,0,0,-787,0,0,0,307,"1,094",-787,"2,213"
6664,群翊,"87,174","39,000","48,174",0.0,0.0,0.0,"2,000",0,"2,000","-6,713","2,000",0,"2,000",368,"9,081","-8,713","43,461"
6667,信紘科,"299,897","189,193","110,704",0.0,0.0,0.0,0,0,0,"-4,895",0,0,0,"7,000","11,895","-4,895","105,809"
6679,鈺太,"29,000","79,000","-50,000",0.0,0.0,0.0,0,0,0,"-11,487",0,"6,000","-6,000",0,"5,487","-5,487","-61,487"
6683,雍智科技,"163,501","188,000","-24,499",0.0,0.0,0.0,"14,000",0,"14,000","12,180","9,000","2,335","6,665","37,000","31,485","5,515","1,681"
6684,安格,"11,000","5,000","6,000",0.0,0.0,0.0,0,0,0,0,0,0,0,0,0,0,"6,000"
6690,安碁資訊,"36,314","27,000","9,314",0.0,0.0,0.0,0,0,0,596,0,0,0,"1,000",404,596,"9,910"
6692,進能服,"1,000","4,000","-3,000",0.0,0.0,0.0,0,0,0,0,0,0,0,0,0,0,"-3,000"
6693,廣閎科,"66,043","79,000","-12,957",0.0,0.0,0.0,0,0,0,"-10,656",0,0,0,"1,299","11,955","-10,656","-23,613"
6703,軒郁,"2,000","2,000",0,0.0,0.0,0.0,0,485,-485,0,0,0,0,0,0,0,-485
6708,天擎,"5,000","2,000","3,000",0.0,0.0,0.0,0,0,0,0,0,0,0,0,0,0,"3,000"
6712,長聖,"47,180","65,000","-17,820",0.0,0.0,0.0,0,0,0,327,"1,000",473,527,0,200,-200,"-17,493"
6716,應廣,"10,000",0,"10,000",0.0,0.0,0.0,0,0,0,"-7,472",0,"4,064","-4,064",0,"3,408","-3,408","2,528"
6720,久昌,"11,000","2,000","9,000",0.0,0.0,0.0,0,0,0,-101,0,0,0,0,101,-101,"8,899"
6721,信實,"1,000",0,"1,000",0.0,0.0,0.0,0,0,0,0,0,0,0,0,0,0,"1,000"
6725,矽科宏晟,"19,314","68,900","-49,586",0.0,0.0,0.0,0,0,0,"1,053",0,0,0,"1,183",130,"1,053","-48,533"
6727,亞泰金屬,"254,773","194,100","60,673",0.0,0.0,0.0,0,0,0,"-3,476",0,"2,000","-2,000","4,989","6,465","-1,476","57,197"
6728,上洋,"2,000","1,000","1,000",0.0,0.0,0.0,0,0,0,0,0,0,0,0,0,0,"1,000"
6732,昇佳電子,"9,296","16,000","-6,704",0.0,0.0,0.0,0,0,0,-125,0,0,0,5,130,-125,"-6,829"
6733,博晟生醫,0,106,-106,0.0,0.0,0.0,0,0,0,140,0,0,0,140,0,140,34
6735,美達科技,"5,000","13,000","-8,000",0.0,0.0,0.0,0,0,0,-164,0,0,0,"2,000","2,164",-164,"-8,164"
6739,竹陞科技,"24,000","17,100","6,900",0.0,0.0,0.0,0,0,0,"2,118",0,0,0,"10,000","7,882","2,118","9,018"
6741,91APP*-KY,"81,000","192,000","-111,000",0.0,0.0,0.0,0,0,0,361,0,0,0,"2,000","1,639",361,"-110,639"
6751,智聯服務,"6,000","41,000","-35,000",0.0,0.0,0.0,0,0,0,0,0,0,0,0,0,0,"-35,000"
6752,叡揚,"1,000","3,000","-2,000",0.0,0.0,0.0,0,0,0,0,0,0,0,0,0,0,"-2,000"
6761,穩得,"30,010","8,000","22,010",0.0,0.0,0.0,0,0,0,"-3,014",0,0,0,0,"3,014","-3,014","18,996"
6763,綠界科技*,"30,000","8,000","22,000",0.0,0.0,0.0,0,0,0,0,0,0,0,0,0,0,"22,000"
6785,昱展新藥,"5,000","23,000","-18,000",0.0,0.0,0.0,0,0,0,-336,0,10,-10,"5,000","5,326",-326,"-18,336"
6788,華景電,"157,627","247,000","-89,373",0.0,0.0,0.0,0,0,0,"13,337",0,0,0,"35,507","22,170","13,337","-76,036"
6791,虎門科技,"2,000","1,000","1,000",0.0,0.0,0.0,0,0,0,0,0,0,0,0,0,0,"1,000"
6803,崑鼎,"6,000","14,000","-8,000",0.0,0.0,0.0,0,0,0,0,0,0,0,0,0,0,"-8,000"
6804,明係,"7,000","21,000","-14,000",0.0,0.0,0.0,0,0,0,"-16,000",0,"16,000","-16,000",0,0,0,"-30,000"
6811,宏碁資訊,"868,451","554,000","314,451",0.0,0.0,0.0,0,0,0,"5,037","2,000",0,"2,000","5,037","2,000","3,037","319,488"
6821,聯寶,"19,000","11,000","8,000",0.0,0.0,0.0,0,0,0,-23,0,0,0,0,23,-23,"7,977"
6823,濾能,"5,000","11,000","-6,000",0.0,0.0,0.0,0,0,0,-500,0,0,0,0,500,-500,"-6,500"
6829,千附精密,"21,000","144,000","-123,000",0.0,0.0,0.0,0,0,0,"-14,366",0,0,0,"3,901","18,267","-14,366","-137,366"
6840,東研信超,"55,000","108,271","-53,271",0.0,0.0,0.0,0,0,0,"-6,051","1,000","7,000","-6,000","3,000","3,051",-51,"-59,322"
6841,長佳智能,"90,000","31,000","59,000",0.0,0.0,0.0,0,0,0,264,0,0,0,264,0,264,"59,264"
6859,伯特光,"3,000","5,070","-2,070",0.0,0.0,0.0,0,0,0,-593,0,0,0,771,"1,364",-593,"-2,663"
6865,偉康科技,0,"1,000","-1,000",0.0,0.0,0.0,0,0,0,0,0,0,0,0,0,0,"-1,000"
6870,騰雲,"10,036","22,000","-11,964",0.0,0.0,0.0,0,0,0,"-2,243",0,"1,000","-1,000","1,163","2,406","-1,243","-14,207"
6872,浩宇生醫,"4,000","6,000","-2,000",0.0,0.0,0.0,0,0,0,0,0,0,0,0,0,0,"-2,000"
6874,倍力,0,"1,000","-1,000",0.0,0.0,0.0,0,0,0,0,0,0,0,0,0,0,"-1,000"
6875,國邑*,"9,000","105,000","-96,000",0.0,0.0,0.0,0,0,0,0,0,0,0,0,0,0,"-96,000"
6877,鏵友益,"50,250","101,000","-50,750",0.0,0.0,0.0,0,0,0,"10,438",0,0,0,"15,002","4,564","10,438","-40,312"
6894,衛司特,"26,000","41,000","-15,000",0.0,0.0,0.0,0,0,0,321,0,0,0,"1,232",911,321,"-14,679"
6895,宏碩系統,"1,000","1,000",0,0.0,0.0,0.0,0,0,0,104,0,0,0,104,0,104,104
6903,巨漢,"36,333","65,000","-28,667",0.0,0.0,0.0,0,0,0,"-11,133",0,0,0,0,"11,133","-11,133","-39,800"
6907,雅特力-KY,"219,007","414,000","-194,993",0.0,0.0,0.0,0,0,0,"-30,283","1,000",0,"1,000","3,824","35,107","-31,283","-225,276"
6910,德鴻,"1,000",0,"1,000",0.0,0.0,0.0,0,0,0,0,0,0,0,0,0,0,"1,000"
6913,鴻呈,"26,567","117,000","-90,433",0.0,0.0,0.0,0,0,0,"-8,943","2,000","6,002","-4,002","1,000","5,941","-4,941","-99,376"
6922,宸曜,"6,295","27,058","-20,763",0.0,0.0,0.0,0,0,0,"-3,101",0,0,0,0,"3,101","-3,101","-23,864"
6925,意藍,"53,000","57,000","-4,000",0.0,0.0,0.0,0,0,0,0,0,0,0,0,0,0,"-4,000"
6929,佑全,0,"1,000","-1,000",0.0,0.0,0.0,0,0,0,0,0,0,0,0,0,0,"-1,000"
6945,圓祥生技,"27,020","268,000","-240,980",0.0,0.0,0.0,0,0,0,0,0,0,0,0,0,0,"-240,980"
6953,家碩,"9,065","23,000","-13,935",0.0,0.0,0.0,0,0,0,-585,0,0,0,219,804,-585,"-14,520"
6967,汎瑋材料,"26,000","15,000","11,000",0.0,0.0,0.0,0,0,0,0,0,0,0,0,0,0,"11,000"
6968,萬達寵物,"1,000","2,000","-1,000",0.0,0.0,0.0,0,0,0,0,0,0,0,0,0,0,"-1,000"
6971,惠民實業,"11,000","4,000","7,000",0.0,0.0,0.0,0,0,0,0,0,0,0,0,0,0,"7,000"
6982,大井泵浦,"1,000",0,"1,000",0.0,0.0,0.0,0,0,0,0,0,0,0,0,0,0,"1,000"
6983,華洋精機,"3,060","20,000","-16,940",0.0,0.0,0.0,0,0,0,697,0,0,0,752,55,697,"-16,243"
6986,和迅,"2,000","6,000","-4,000",0.0,0.0,0.0,0,0,0,0,0,0,0,0,0,0,"-4,000"
6996,力領科技,"6,000","17,000","-11,000",0.0,0.0,0.0,0,0,0,338,0,0,0,"1,000",662,338,"-10,662"
6997,博弘,45,0,45,0.0,0.0,0.0,0,0,0,0,0,0,0,0,0,0,45
7402,邑錡,"2,193","14,201","-12,008",0.0,0.0,0.0,0,0,0,-95,0,0,0,0,95,-95,"-12,103"
7547,碩網,"5,000","1,000","4,000",0.0,0.0,0.0,0,0,0,0,0,0,0,0,0,0,"4,000"
7556,意德士,"27,068","27,961",-893,0.0,0.0,0.0,0,0,0,"8,926","9,000",0,"9,000",926,"1,000",-74,"8,033"
7584,樂意,"1,000",0,"1,000",0.0,0.0,0.0,0,0,0,0,0,0,0,0,0,0,"1,000"
7642,昶瑞機電,"6,000","2,000","4,000",0.0,0.0,0.0,0,0,0,0,0,0,0,0,0,0,"4,000"
7703,銳澤,"13,000","19,000","-6,000",0.0,0.0,0.0,0,0,0,"1,249",0,0,0,"1,249",0,"1,249","-4,751"
7704,明遠精密,"34,000","1,000","33,000",0.0,0.0,0.0,0,0,0,0,0,0,0,0,0,0,"33,000"
7709,榮田,"10,000","30,000","-20,000",0.0,0.0,0.0,0,0,0,-749,0,0,0,"3,000","3,749",-749,"-20,749"
7712,博盛半導體,"157,581","223,000","-65,419",0.0,0.0,0.0,0,0,0,-770,0,0,0,"1,374","2,144",-770,"-66,189"
7714,創泓科技,"55,000","14,000","41,000",0.0,0.0,0.0,0,0,0,-5,0,0,0,0,5,-5,"40,995"
7715,裕山,"6,000","14,000","-8,000",0.0,0.0,0.0,0,0,0,3,0,0,0,3,0,3,"-7,997"
7717,萊德光電-KY,"64,954","127,138","-62,184",0.0,0.0,0.0,0,0,0,"-7,903",0,0,0,"6,538","14,441","-7,903","-70,087"
7718,友鋮,"1,000",0,"1,000",0.0,0.0,0.0,0,0,0,0,0,0,0,0,0,0,"1,000"
7723,築間,"111,000","103,000","8,000",0.0,0.0,0.0,0,0,0,"-6,106",0,"6,106","-6,106",0,0,0,"1,894"
7728,光焱科技,"28,000","37,000","-9,000",0.0,0.0,0.0,0,0,0,"12,032","12,000",0,"12,000","3,612","3,580",32,"3,032"
7734,印能科技,"47,002","44,000","3,002",0.0,0.0,0.0,0,0,0,"2,479","2,000",0,"2,000","7,409","6,930",479,"5,481"
7738,東聯互動,"2,000","4,000","-2,000",0.0,0.0,0.0,0,0,0,0,0,0,0,0,0,0,"-2,000"
7743,金利食安,"20,000","21,000","-1,000",0.0,0.0,0.0,0,0,0,0,0,0,0,0,0,0,"-1,000"
7744,崴寶,"18,049","52,000","-33,951",0.0,0.0,0.0,0,0,0,"-2,528",0,0,0,0,"2,528","-2,528","-36,479"
7747,昕奇雲端,0,0,0,0.0,0.0,0.0,0,0,0,"-87,700",0,0,0,0,"87,700","-87,700","-87,700"
7751,竑騰,"75,000","42,000","33,000",0.0,0.0,0.0,"2,000",0,"2,000",137,"1,419","1,000",419,506,788,-282,"35,137"
7757,金色三麥,"1,000","1,000",0,0.0,0.0,0.0,0,0,0,0,0,0,0,0,0,0,0
7770,君曜,0,0,0,0.0,0.0,0.0,0,0,0,"-11,607",0,"11,607","-11,607",0,0,0,"-11,607"
7772,耀穎,"159,000","69,000","90,000",0.0,0.0,0.0,0,0,0,-104,0,0,0,0,104,-104,"89,896"
7777,能率亞洲,"160,000","153,800","6,200",0.0,0.0,0.0,0,0,0,"9,945",0,0,0,"18,978","9,033","9,945","16,145"
7792,安葆,"322,349","293,567","28,782",0.0,0.0,0.0,0,0,0,"-29,863",0,0,0,"9,597","39,460","-29,863","-1,081"
7794,宏碁智新,0,"3,000","-3,000",0.0,0.0,0.0,0,0,0,0,0,0,0,0,0,0,"-3,000"
7805,威聯通,"24,000","5,800","18,200",0.0,0.0,0.0,0,0,0,"1,427",0,0,0,"1,546",119,"1,427","19,627"
7810,捷創科技,"30,120","39,064","-8,944",0.0,0.0,0.0,0,0,0,0,0,0,0,0,0,0,"-8,944"
7814,海昌生技,"1,000",0,"1,000",0.0,0.0,0.0,0,0,0,"-4,000",0,"4,000","-4,000",0,0,0,"-3,000"
7825,和亞智慧,"25,000","19,000","6,000",0.0,0.0,0.0,0,0,0,0,0,0,0,0,0,0,"6,000"
7828,創新服務,"53,000","51,000","2,000",0.0,0.0,0.0,0,0,0,"1,472",0,0,0,"2,472","1,000","1,472","3,472"
7839,達人網,"7,000",0,"7,000",0.0,0.0,0.0,0,0,0,"-3,000",0,"3,000","-3,000",0,0,0,"4,000"
7856,漢測,"200,133","202,536","-2,403",0.0,0.0,0.0,0,0,0,"-5,800","4,000","6,100","-2,100",293,"3,993","-3,700","-8,203"
8024,佑華,"7,000",0,"7,000",0.0,0.0,0.0,0,0,0,0,0,0,0,0,0,0,"7,000"
8027,鈦昇,"463,333","415,000","48,333",0.0,0.0,0.0,0,0,0,"-5,062",0,"5,000","-5,000","15,659","15,721",-62,"43,271"
8032,光菱,"3,000","2,000","1,000",0.0,0.0,0.0,0,0,0,0,0,0,0,0,0,0,"1,000"
8034,榮群,"3,000","1,000","2,000",0.0,0.0,0.0,0,0,0,0,0,0,0,0,0,0,"2,000"
8038,長園科,"381,000","80,000","301,000",0.0,0.0,0.0,0,0,0,0,0,0,0,0,0,0,"301,000"
8040,九暘,"226,111","267,000","-40,889",0.0,0.0,0.0,0,0,0,"-3,092",0,0,0,"15,000","18,092","-3,092","-43,981"
8042,金山電,"5,651,740","3,362,500","2,289,240",0.0,0.0,0.0,0,0,0,"72,379","29,000","24,000","5,000","244,262","176,883","67,379","2,361,619"
8043,蜜望實,"707,467","689,000","18,467",0.0,0.0,0.0,0,0,0,"44,734",0,0,0,"76,926","32,192","44,734","63,201"
8044,網家,"85,000","51,000","34,000",0.0,0.0,0.0,0,0,0,0,0,0,0,0,0,0,"34,000"
8047,星雲,"10,000","9,000","1,000",0.0,0.0,0.0,0,0,0,"-1,000",0,"1,000","-1,000",0,0,0,0
8048,德勝,"5,837","37,000","-31,163",0.0,0.0,0.0,0,0,0,"-4,867",0,"3,000","-3,000",0,"1,867","-1,867","-36,030"
8049,晶采,"4,000","8,000","-4,000",0.0,0.0,0.0,0,0,0,0,0,0,0,0,0,0,"-4,000"
8050,廣積,"145,000","412,000","-267,000",0.0,0.0,0.0,0,0,0,565,"2,000",0,"2,000",899,"2,334","-1,435","-266,435"
8054,安國,"43,000","310,000","-267,000",0.0,0.0,0.0,0,0,0,-304,0,0,0,"6,000","6,304",-304,"-267,304"
8059,凱碩,"15,000","2,000","13,000",0.0,0.0,0.0,0,0,0,0,0,0,0,0,0,0,"13,000"
8064,東捷,"429,841","583,000","-153,159",0.0,0.0,0.0,0,0,0,"4,461","36,000","8,636","27,364","13,000","35,903","-22,903","-148,698"
8066,來思達,"5,000","1,000","4,000",0.0,0.0,0.0,0,0,0,0,0,0,0,0,0,0,"4,000"
8068,全達,"203,000","50,000","153,000",0.0,0.0,0.0,0,0,0,"5,760",0,0,0,"10,760","5,000","5,760","158,760"
8069,元太,"1,565,369","2,238,852","-673,483",0.0,0.0,0.0,"20,000",0,"20,000","8,732","2,000","4,234","-2,234","51,793","40,827","10,966","-644,751"
8071,能率網通,"57,143","35,001","22,142",0.0,0.0,0.0,0,0,0,0,0,0,0,0,0,0,"22,142"
8074,鉅橡,"120,001","358,000","-237,999",0.0,0.0,0.0,0,0,0,"-16,296",0,0,0,"2,584","18,880","-16,296","-254,295"
8076,伍豐,"78,794","97,000","-18,206",0.0,0.0,0.0,0,0,0,0,0,0,0,0,0,0,"-18,206"
8083,瑞穎,"12,000","4,015","7,985",0.0,0.0,0.0,0,0,0,0,0,0,0,0,0,0,"7,985"
8084,巨虹,"4,000",0,"4,000",0.0,0.0,0.0,0,0,0,0,0,0,0,0,0,0,"4,000"
8085,福華,"58,000","85,000","-27,000",0.0,0.0,0.0,0,0,0,0,0,0,0,0,0,0,"-27,000"
8086,宏捷科,"7,795,112","5,683,841","2,111,271",0.0,0.0,0.0,0,0,0,"101,729","291,950","329,472","-37,522","314,433","175,182","139,251","2,213,000"
8087,麗升能源,"1,000","1,000",0,0.0,0.0,0.0,0,0,0,0,0,0,0,0,0,0,0
8088,品安,"77,000","162,000","-85,000",0.0,0.0,0.0,0,0,0,-675,0,0,0,"1,217","1,892",-675,"-85,675"
8089,康全電訊,"15,000","2,000","13,000",0.0,0.0,0.0,0,0,0,0,0,0,0,0,0,0,"13,000"
8091,翔名,"20,719","110,516","-89,797",0.0,0.0,0.0,0,0,0,"-2,852","2,000","2,000",0,"7,000","9,852","-2,852","-92,649"
8092,建暐,"61,000","8,000","53,000",0.0,0.0,0.0,0,0,0,0,0,0,0,0,0,0,"53,000"
8093,保銳,"5,000","1,000","4,000",0.0,0.0,0.0,0,0,0,0,0,0,0,0,0,0,"4,000"
8096,擎亞,"627,103","703,400","-76,297",0.0,0.0,0.0,0,0,0,"7,822",0,0,0,"15,130","7,308","7,822","-68,475"
8097,常珵,"2,000","9,000","-7,000",0.0,0.0,0.0,0,0,0,0,0,0,0,0,0,0,"-7,000"
8099,大世科,"3,000","3,000",0,0.0,0.0,0.0,0,0,0,-394,0,0,0,1,395,-394,-394
8107,大億金茂,"3,000",0,"3,000",0.0,0.0,0.0,0,0,0,0,0,0,0,0,0,0,"3,000"
8109,博大,"39,047","56,390","-17,343",0.0,0.0,0.0,0,"1,000","-1,000","1,339","2,000",0,"2,000","1,000","1,661",-661,"-17,004"
8111,立碁,"3,873,000","3,145,123","727,877",0.0,0.0,0.0,0,0,0,"-23,813",0,0,0,"91,681","115,494","-23,813","704,064"
8121,越峰,"204,253","1,043,198","-838,945",0.0,0.0,0.0,0,0,0,"37,317",0,0,0,"49,984","12,667","37,317","-801,628"
8147,正淩,"12,191","55,000","-42,809",0.0,0.0,0.0,0,0,0,"-6,630",0,"9,000","-9,000","10,000","7,630","2,370","-49,439"
8155,博智,"126,846","155,030","-28,184",0.0,0.0,0.0,0,"48,000","-48,000","-20,725","5,000",0,"5,000","9,368","35,093","-25,725","-96,909"
8171,天宇,"27,000","5,000","22,000",0.0,0.0,0.0,0,0,0,0,0,0,0,0,0,0,"22,000"
8176,智捷,0,"1,000","-1,000",0.0,0.0,0.0,0,0,0,10,0,0,0,10,0,10,-990
8182,加高,"923,055","666,000","257,055",0.0,0.0,0.0,0,0,0,"-3,369",0,0,0,"4,867","8,236","-3,369","253,686"
8227,巨有科技,"35,245","95,700","-60,455",0.0,0.0,0.0,0,0,0,"-13,059",0,"15,000","-15,000","19,977","18,036","1,941","-73,514"
8234,新漢,"172,499","105,000","67,499",0.0,0.0,0.0,0,0,0,-745,0,0,0,255,"1,000",-745,"66,754"
8240,華宏,"87,000","43,000","44,000",0.0,0.0,0.0,0,0,0,"-21,528",0,0,0,496,"22,024","-21,528","22,472"
8255,朋程,"29,555","85,000","-55,445",0.0,0.0,0.0,0,0,0,"-2,085",0,50,-50,"3,067","5,102","-2,035","-57,530"
8277,商丞,"1,000","4,000","-3,000",0.0,0.0,0.0,0,0,0,0,0,0,0,0,0,0,"-3,000"
8279,生展,0,"5,000","-5,000",0.0,0.0,0.0,0,0,0,0,0,0,0,0,0,0,"-5,000"
8284,三竹,0,0,0,0.0,0.0,0.0,0,0,0,-152,0,0,0,"1,000","1,152",-152,-152
8289,泰藝,"1,412,130","989,000","423,130",0.0,0.0,0.0,0,0,0,"30,162","2,000",0,"2,000","33,460","5,298","28,162","453,292"
8291,尚茂,0,"3,000","-3,000",0.0,0.0,0.0,0,0,0,0,0,0,0,0,0,0,"-3,000"
8299,群聯,"693,766","941,594","-247,828",0.0,0.0,0.0,"28,359",200,"28,159","1,364","7,200","10,104","-2,904","75,933","71,665","4,268","-218,305"
8342,益張,0,"1,000","-1,000",0.0,0.0,0.0,0,0,0,0,0,0,0,0,0,0,"-1,000"
8349,恒耀,"8,422","10,000","-1,578",0.0,0.0,0.0,0,0,0,0,0,0,0,0,0,0,"-1,578"
8354,冠好,0,"1,000","-1,000",0.0,0.0,0.0,0,0,0,"-4,000",0,"4,000","-4,000",0,0,0,"-5,000"
8358,金居,"454,034","762,651","-308,617",0.0,0.0,0.0,"9,000","10,000","-1,000","962,693","915,000","56,000","859,000","107,293","3,600","103,693","653,076"
8383,千附,"118,195","221,000","-102,805",0.0,0.0,0.0,0,0,0,"1,583","1,000",0,"1,000","5,021","4,438",583,"-101,222"
8390,金益鼎,"112,000","160,000","-48,000",0.0,0.0,0.0,0,0,0,"-4,676",0,104,-104,0,"4,572","-4,572","-52,676"
8401,白紗科,"2,000","6,000","-4,000",0.0,0.0,0.0,0,0,0,0,0,0,0,0,0,0,"-4,000"
8403,盛弘,"54,000","16,000","38,000",0.0,0.0,0.0,0,0,0,"2,000","2,000",0,"2,000",0,0,0,"40,000"
8410,森田,"13,000","3,000","10,000",0.0,0.0,0.0,0,0,0,369,0,0,0,"7,000","6,631",369,"10,369"
8415,大國鋼,"42,000","47,000","-5,000",0.0,0.0,0.0,0,0,0,0,0,0,0,0,0,0,"-5,000"
8421,旭源,"5,000","11,000","-6,000",0.0,0.0,0.0,0,0,0,0,0,0,0,0,0,0,"-6,000"
8423,保綠-KY,"2,000","1,000","1,000",0.0,0.0,0.0,0,0,0,0,0,0,0,0,0,0,"1,000"
8424,惠普,"5,000","3,000","2,000",0.0,0.0,0.0,0,0,0,0,0,0,0,0,0,0,"2,000"
8426,紅木-KY,"2,000","2,000",0,0.0,0.0,0.0,0,0,0,0,0,0,0,0,0,0,0
8431,匯鑽科,"287,023","629,106","-342,083",0.0,0.0,0.0,0,0,0,"-28,992",0,0,0,"17,000","45,992","-28,992","-371,075"
8432,東生華,"8,000","8,000",0,0.0,0.0,0.0,0,0,0,-3,0,0,0,0,3,-3,-3
8435,鉅邁,"1,000","1,000",0,0.0,0.0,0.0,0,0,0,450,0,0,0,"1,000",550,450,450
8436,大江,"84,000","111,000","-27,000",0.0,0.0,0.0,0,0,0,"31,764",0,0,0,"32,000",236,"31,764","4,764"
8437,大地-KY,"3,000","11,000","-8,000",0.0,0.0,0.0,0,0,0,0,0,0,0,0,0,0,"-8,000"
8440,綠電,"2,000","2,000",0,0.0,0.0,0.0,0,0,0,0,0,0,0,0,0,0,0
8446,華研,"9,000","3,000","6,000",0.0,0.0,0.0,0,0,0,0,0,0,0,0,0,0,"6,000"
8450,霹靂,"1,000",0,"1,000",0.0,0.0,0.0,0,0,0,0,0,0,0,0,0,0,"1,000"
8477,創業家,0,"4,000","-4,000",0.0,0.0,0.0,0,0,0,0,0,0,0,0,0,0,"-4,000"
8489,三貝德,0,"12,000","-12,000",0.0,0.0,0.0,0,0,0,324,0,0,0,"1,000",676,324,"-11,676"
8905,裕國,"1,000",0,"1,000",0.0,0.0,0.0,0,0,0,0,0,0,0,0,0,0,"1,000"
8908,欣雄,"3,000","1,000","2,000",0.0,0.0,0.0,0,0,0,0,0,0,0,0,0,0,"2,000"
8916,光隆,"1,000","13,000","-12,000",0.0,0.0,0.0,0,0,0,378,0,0,0,"1,000",622,378,"-11,622"
8924,大田,"10,000","15,000","-5,000",0.0,0.0,0.0,0,"1,026","-1,026",-413,0,0,0,"2,000","2,413",-413,"-6,439"
8927,北基,"19,000","50,000","-31,000",0.0,0.0,0.0,0,0,0,0,0,0,0,0,0,0,"-31,000"
8928,鉅明,"1,000","3,000","-2,000",0.0,0.0,0.0,0,0,0,0,0,0,0,0,0,0,"-2,000"
8929,富堡,"6,000",0,"6,000",0.0,0.0,0.0,0,0,0,0,0,0,0,0,0,0,"6,000"
8931,大汽電,"5,000",0,"5,000",0.0,0.0,0.0,0,0,0,0,0,0,0,0,0,0,"5,000"
8932,智通*,"993,780","398,000","595,780",0.0,0.0,0.0,0,0,0,"54,906","18,000",0,"18,000","151,162","114,256","36,906","650,686"
8933,愛地雅,"4,000",0,"4,000",0.0,0.0,0.0,0,0,0,0,0,0,0,0,0,0,"4,000"
8935,邦泰,"13,000","7,000","6,000",0.0,0.0,0.0,0,0,0,0,0,0,0,0,0,0,"6,000"
8936,國統,"560,073","266,509","293,564",0.0,0.0,0.0,0,0,0,"559,520","563,000","4,000","559,000",530,10,520,"853,084"
8937,合騏*,"4,000","11,000","-7,000",0.0,0.0,0.0,0,0,0,0,0,0,0,0,0,0,"-7,000"
8938,明安,"17,000","16,000","1,000",0.0,0.0,0.0,0,"1,977","-1,977",-20,0,20,-20,0,0,0,-997
8941,關中,0,"1,000","-1,000",0.0,0.0,0.0,0,0,0,0,0,0,0,0,0,0,"-1,000"
8942,森鉅,"9,000","35,000","-26,000",0.0,0.0,0.0,0,0,0,0,0,0,0,0,0,0,"-26,000"
009806,台新標普500,0,0,0,0.0,0.0,0.0,0,0,0,"-30,374",0,0,0,"9,000","39,374","-30,374","-30,374"
009807,台新標普科技精選,0,0,0,0.0,0.0,0.0,0,0,0,361,0,0,0,"1,000",639,361,361
009814,富邦標普500,"3,000","3,000",0,0.0,0.0,0.0,0,0,0,"-264,166",0,0,0,"401,000","665,166","-264,166","-264,166"
009815,大華美國MAG7+,0,0,0,0.0,0.0,0.0,0,0,0,"267,301",0,0,0,"899,000","631,699","267,301","267,301"
009822,華南永昌未來金融,0,"1,000","-1,000",0.0,0.0,0.0,0,0,0,"-16,085",0,0,0,19,"16,104","-16,085","-17,085"
009823,群益S&P500,"1,000","18,000","-17,000",0.0,0.0,0.0,0,0,0,"-436,741",0,0,0,"251,000","687,741","-436,741","-453,741"
009825,聯邦美國金融創新,0,"1,000","-1,000",0.0,0.0,0.0,0,0,0,"-1,603",0,0,0,0,"1,603","-1,603","-2,603"
9951,皇田,"6,000","4,000","2,000",0.0,0.0,0.0,0,0,0,0,0,0,0,0,0,0,"2,000"
9960,邁達康,"2,000","2,000",0,0.0,0.0,0.0,0,0,0,0,0,0,0,0,0,0,0
9962,有益,"1,000",0,"1,000",0.0,0.0,0.0,0,0,0,0,0,0,0,0,0,0,"1,000"
020001,富邦存股雙十N,0,0,0,0.0,0.0,0.0,0,0,0,"1,000",0,0,0,"1,000",0,"1,000","1,000"
020025,統一亞洲半導體N,0,0,0,0.0,0.0,0.0,0,0,0,"-4,000",0,0,0,0,"4,000","-4,000","-4,000"
020033,統一恒生科期N,0,0,0,0.0,0.0,0.0,0,0,0,"-24,000",0,0,0,"2,000","26,000","-24,000","-24,000"
020041,兆豐半導體氣候N,0,0,0,0.0,0.0,0.0,0,0,0,"2,000",0,0,0,"19,000","17,000","2,000","2,000"
72501U,雙鴻中信5B售02,0,0,0,0.0,0.0,0.0,0,0,0,"-100,000",0,0,0,0,"100,000","-100,000","-100,000"
72622U,精測群益62售02,0,0,0,0.0,0.0,0.0,0,0,0,"-906,000",0,0,0,0,"906,000","-906,000","-906,000"
72704U,點序群益61售01,0,0,0,0.0,0.0,0.0,0,0,0,"80,000",0,0,0,"80,000",0,"80,000","80,000"
72749U,精測群益62售04,0,0,0,0.0,0.0,0.0,0,0,0,"-13,000",0,0,0,"3,000","16,000","-13,000","-13,000"
72814U,精測群益5B售02,0,0,0,0.0,0.0,0.0,0,0,0,"100,000",0,0,0,"100,000",0,"100,000","100,000"
72829U,宏捷科群益5C售01,0,0,0,0.0,0.0,0.0,0,0,0,"-6,000",0,0,0,0,"6,000","-6,000","-6,000"
72854U,信驊永豐61售01,0,0,0,0.0,0.0,0.0,0,0,0,"252,000",0,0,0,"252,000",0,"252,000","252,000"
72855U,信驊富邦5C售02,0,0,0,0.0,0.0,0.0,0,0,0,"421,000",0,0,0,"1,142,000","721,000","421,000","421,000"
72866U,旺矽凱基5A售06,0,0,0,0.0,0.0,0.0,0,0,0,"2,000",0,0,0,"2,000",0,"2,000","2,000"
72867U,旺矽富邦61售01,0,0,0,0.0,0.0,0.0,0,0,0,"900,000",0,0,0,"1,010,000","110,000","900,000","900,000"
72874U,威剛群益5C售02,0,0,0,0.0,0.0,0.0,0,0,0,"80,000",0,0,0,"80,000",0,"80,000","80,000"
72883U,環球晶國票5B售02,0,0,0,0.0,0.0,0.0,0,0,0,"10,000",0,0,0,"10,000",0,"10,000","10,000"
72889U,新盛力群益5B售04,0,0,0,0.0,0.0,0.0,0,0,0,"1,176,000",0,0,0,"1,176,000",0,"1,176,000","1,176,000"
72894U,世界群益62售01,0,0,0,0.0,0.0,0.0,0,0,0,"10,000",0,0,0,"10,000",0,"10,000","10,000"
72901U,德微國票5C售05,0,0,0,0.0,0.0,0.0,0,0,0,"52,000",0,0,0,"52,000",0,"52,000","52,000"
72904U,欣銓台新5B售05,0,0,0,0.0,0.0,0.0,0,0,0,"50,000",0,0,0,"50,000",0,"50,000","50,000"
72907U,群聯富邦61售05,0,0,0,0.0,0.0,0.0,0,0,0,"-655,000",0,0,0,0,"655,000","-655,000","-655,000"
72908U,威剛群益65售01,0,0,0,0.0,0.0,0.0,0,0,0,"-3,000",0,0,0,"80,000","83,000","-3,000","-3,000"
72909U,威剛凱基65售01,0,0,0,0.0,0.0,0.0,0,0,0,"2,000",0,0,0,"2,000",0,"2,000","2,000"
72913U,威剛群益5B售04,0,0,0,0.0,0.0,0.0,0,0,0,"-13,000",0,0,0,0,"13,000","-13,000","-13,000"
72921U,富喬台新5C售03,0,0,0,0.0,0.0,0.0,0,0,0,"20,000",0,0,0,"50,000","30,000","20,000","20,000"
72924U,台半群益5C售03,0,0,0,0.0,0.0,0.0,0,0,0,"1,000",0,0,0,"1,000",0,"1,000","1,000"
72925U,台半凱基5C售03,0,0,0,0.0,0.0,0.0,0,0,0,"31,000",0,0,0,"31,000",0,"31,000","31,000"
72926U,臺慶科凱基5C售03,0,0,0,0.0,0.0,0.0,0,0,0,"-18,000",0,0,0,0,"18,000","-18,000","-18,000"
72927U,聖暉*台新5C售05,0,0,0,0.0,0.0,0.0,0,0,0,"2,000",0,0,0,"2,000",0,"2,000","2,000"
72928U,富喬凱基5C售04,0,0,0,0.0,0.0,0.0,0,0,0,"60,000",0,0,0,"60,000",0,"60,000","60,000"
72931U,群聯群益5C售10,0,0,0,0.0,0.0,0.0,0,0,0,"15,000",0,0,0,"15,000",0,"15,000","15,000"
72932U,威剛國泰61售02,0,0,0,0.0,0.0,0.0,0,0,0,"5,000",0,0,0,"5,000",0,"5,000","5,000"
72933U,世界群益66售01,0,0,0,0.0,0.0,0.0,0,0,0,"-5,000",0,0,0,0,"5,000","-5,000","-5,000"
72934U,精材群益66售01,0,0,0,0.0,0.0,0.0,0,0,0,"-4,000",0,0,0,0,"4,000","-4,000","-4,000"
72935U,世界台新5C售02,0,0,0,0.0,0.0,0.0,0,0,0,"5,000",0,0,0,"5,000",0,"5,000","5,000"
72941U,雙鴻永豐61售04,0,0,0,0.0,0.0,0.0,0,0,0,"-5,000",0,0,0,0,"5,000","-5,000","-5,000"
72943U,頎邦國票61售01,0,0,0,0.0,0.0,0.0,0,0,0,"25,000",0,0,0,"25,000",0,"25,000","25,000"
72945U,頎邦台新61售03,0,0,0,0.0,0.0,0.0,0,0,0,"-59,000",0,0,0,0,"59,000","-59,000","-59,000"
72946U,世界群益61售03,0,0,0,0.0,0.0,0.0,0,0,0,"30,000",0,0,0,"30,000",0,"30,000","30,000"
72948U,精材群益63售02,0,0,0,0.0,0.0,0.0,0,0,0,"33,000",0,0,0,"33,000",0,"33,000","33,000"
72949U,威剛元大61售06,0,0,0,0.0,0.0,0.0,0,0,0,"-15,000",0,0,0,"5,000","20,000","-15,000","-15,000"
72952U,精材國票61售05,0,0,0,0.0,0.0,0.0,0,0,0,"-6,000",0,0,0,0,"6,000","-6,000","-6,000"
72953U,精材國票65售02,0,0,0,0.0,0.0,0.0,0,0,0,"-180,000",0,0,0,0,"180,000","-180,000","-180,000"
72959U,雙鴻群益63售03,0,0,0,0.0,0.0,0.0,0,0,0,"-900,000",0,0,0,"300,000","1,200,000","-900,000","-900,000"
72963U,中美晶國票61售06,0,0,0,0.0,0.0,0.0,0,0,0,"47,000",0,0,0,"82,000","35,000","47,000","47,000"
72965U,青雲國票61售03,0,0,0,0.0,0.0,0.0,0,0,0,"-3,000",0,0,0,0,"3,000","-3,000","-3,000"
72967U,順達國票61售03,0,0,0,0.0,0.0,0.0,0,0,0,"3,000",0,0,0,"5,000","2,000","3,000","3,000"
72973U,M31國票61售02,0,0,0,0.0,0.0,0.0,0,0,0,"19,000",0,0,0,"19,000",0,"19,000","19,000"
72976U,順達凱基61售06,0,0,0,0.0,0.0,0.0,0,0,0,"225,000",0,0,0,"225,000",0,"225,000","225,000"
72985U,中美晶國票63售01,0,0,0,0.0,0.0,0.0,0,0,0,"-10,000",0,0,0,0,"10,000","-10,000","-10,000"
72991U,群聯元大61售20,0,0,0,0.0,0.0,0.0,0,0,0,"1,000",0,0,0,"1,000",0,"1,000","1,000"
72996U,立碁國票64售02,0,0,0,0.0,0.0,0.0,0,0,0,"-241,000",0,0,0,"19,000","260,000","-241,000","-241,000"
73001U,欣銓國票63售01,0,0,0,0.0,0.0,0.0,0,0,0,0,0,0,0,"1,000","1,000",0,0
73003U,鈊象國票62售01,0,0,0,0.0,0.0,0.0,0,0,0,"-20,000",0,0,0,0,"20,000","-20,000","-20,000"
73013U,威剛元大63售02,0,0,0,0.0,0.0,0.0,0,0,0,"25,000",0,0,0,"25,000",0,"25,000","25,000"
73015U,新應材凱基63售04,0,0,0,0.0,0.0,0.0,0,0,0,"3,000",0,0,0,"3,000",0,"3,000","3,000"
73017U,順達國票66售01,0,0,0,0.0,0.0,0.0,0,0,0,"117,000",0,0,0,"400,000","283,000","117,000","117,000"
73020U,雙鴻元大63售07,0,0,0,0.0,0.0,0.0,0,0,0,"-10,000",0,0,0,0,"10,000","-10,000","-10,000"
73024U,弘塑國票67售01,0,0,0,0.0,0.0,0.0,0,0,0,"-8,000",0,0,0,"12,000","20,000","-8,000","-8,000"
73026U,金山電國票68售01,0,0,0,0.0,0.0,0.0,0,0,0,"4,000",0,0,0,"4,000",0,"4,000","4,000"
73027U,萬潤國票66售02,0,0,0,0.0,0.0,0.0,0,0,0,"-10,000",0,0,0,"11,000","21,000","-10,000","-10,000"
73033U,富喬台新62售01,0,0,0,0.0,0.0,0.0,0,0,0,"48,000",0,0,0,"105,000","57,000","48,000","48,000"
73036U,富喬國票63售02,0,0,0,0.0,0.0,0.0,0,0,0,"20,000",0,0,0,"65,000","45,000","20,000","20,000"
73037U,富喬國票65售01,0,0,0,0.0,0.0,0.0,0,0,0,"5,000",0,0,0,"6,000","1,000","5,000","5,000"
73043U,穩懋凱基63售07,0,0,0,0.0,0.0,0.0,0,0,0,"1,000",0,0,0,"1,000",0,"1,000","1,000"
73044U,宏捷科凱基63售01,0,0,0,0.0,0.0,0.0,0,0,0,"-162,000",0,0,0,0,"162,000","-162,000","-162,000"
73048U,東捷群益62售02,0,0,0,0.0,0.0,0.0,0,0,0,"13,000",0,0,0,"13,000",0,"13,000","13,000"
73051U,陽程國票66售01,0,0,0,0.0,0.0,0.0,0,0,0,"6,000",0,0,0,"6,000",0,"6,000","6,000"
73052U,世紀*國票6A售01,0,0,0,0.0,0.0,0.0,0,0,0,"15,000",0,0,0,"15,000",0,"15,000","15,000"
73053U,頎邦台新62售02,0,0,0,0.0,0.0,0.0,0,0,0,"-3,000",0,0,0,0,"3,000","-3,000","-3,000"
73057U,宜鼎元大62售02,0,0,0,0.0,0.0,0.0,0,0,0,"75,000",0,0,0,"78,000","3,000","75,000","75,000"
73058U,頎邦群益62售03,0,0,0,0.0,0.0,0.0,0,0,0,"5,000",0,0,0,"5,000",0,"5,000","5,000"
73060U,宏捷科國票63售01,0,0,0,0.0,0.0,0.0,0,0,0,"-84,000",0,0,0,0,"84,000","-84,000","-84,000"
73061U,環球晶凱基62售06,0,0,0,0.0,0.0,0.0,0,0,0,"-12,000",0,0,0,"20,000","32,000","-12,000","-12,000"
73062U,環球晶群益64售01,0,0,0,0.0,0.0,0.0,0,0,0,"-6,000",0,0,0,0,"6,000","-6,000","-6,000"
73063U,環球晶中信62售03,0,0,0,0.0,0.0,0.0,0,0,0,"-163,000",0,0,0,"40,000","203,000","-163,000","-163,000"
73064U,環球晶元大62售04,0,0,0,0.0,0.0,0.0,0,0,0,"44,000",0,0,0,"127,000","83,000","44,000","44,000"
73065U,環球晶台新63售01,0,0,0,0.0,0.0,0.0,0,0,0,"23,000",0,0,0,"50,000","27,000","23,000","23,000"
73066U,千附精國票63售01,0,0,0,0.0,0.0,0.0,0,0,0,"1,605,000",0,0,0,"1,605,000",0,"1,605,000","1,605,000"
73069U,精材群益63售09,0,0,0,0.0,0.0,0.0,0,0,0,"-13,000",0,0,0,0,"13,000","-13,000","-13,000"
73071U,雙鴻群益63售09,0,0,0,0.0,0.0,0.0,0,0,0,"-319,000",0,0,0,0,"319,000","-319,000","-319,000"
73072U,精材國票64售03,0,0,0,0.0,0.0,0.0,0,0,0,"-5,000",0,0,0,0,"5,000","-5,000","-5,000"
73073U,環球晶國票64售03,0,0,0,0.0,0.0,0.0,0,0,0,"50,000",0,0,0,"50,000",0,"50,000","50,000"
73075U,環球晶台新63售04,0,0,0,0.0,0.0,0.0,0,0,0,"88,000",0,0,0,"88,000",0,"88,000","88,000"
73076U,雙鴻凱基63售17,0,0,0,0.0,0.0,0.0,0,0,0,"-60,000",0,0,0,"15,000","75,000","-60,000","-60,000"
73080U,順達元大63售11,0,0,0,0.0,0.0,0.0,0,0,0,"267,000",0,0,0,"267,000",0,"267,000","267,000"
73082U,信驊台新63售04,0,0,0,0.0,0.0,0.0,0,0,0,"71,000",0,0,0,"71,000",0,"71,000","71,000"
73083U,信驊凱基63售06,0,0,0,0.0,0.0,0.0,0,0,0,"19,000",0,0,0,"44,000","25,000","19,000","19,000"
73084U,信驊富邦66售02,0,0,0,0.0,0.0,0.0,0,0,0,"-1,000",0,0,0,0,"1,000","-1,000","-1,000"
73085U,信驊永豐63售01,0,0,0,0.0,0.0,0.0,0,0,0,"-31,000",0,0,0,"21,000","52,000","-31,000","-31,000"
73086U,信驊永豐64售01,0,"20,000","-20,000",0.0,0.0,0.0,0,0,0,"26,000",0,0,0,"26,000",0,"26,000","6,000"
73087U,信驊元大63售03,0,0,0,0.0,0.0,0.0,0,0,0,"-4,000",0,0,0,"19,000","23,000","-4,000","-4,000"
73088U,信驊群益63售03,0,0,0,0.0,0.0,0.0,0,0,0,"136,000",0,0,0,"171,000","35,000","136,000","136,000"
73089U,信驊群益63售04,0,0,0,0.0,0.0,0.0,0,0,0,"206,000",0,0,0,"260,000","54,000","206,000","206,000"
73091U,信驊國票64售02,0,0,0,0.0,0.0,0.0,0,0,0,"3,000",0,0,0,"5,000","2,000","3,000","3,000"
73092U,信驊國票65售01,0,0,0,0.0,0.0,0.0,0,0,0,"13,000",0,0,0,"13,000",0,"13,000","13,000"
73093U,信驊國票65售02,0,0,0,0.0,0.0,0.0,0,0,0,"1,000",0,0,0,"1,000",0,"1,000","1,000"
73094U,漢達國票65售03,0,0,0,0.0,0.0,0.0,0,0,0,"22,000",0,0,0,"22,000",0,"22,000","22,000"
73098U,台半國票65售02,0,0,0,0.0,0.0,0.0,0,0,0,"13,000",0,0,0,"13,000",0,"13,000","13,000"
73102U,萊德光國票65售01,0,0,0,0.0,0.0,0.0,0,0,0,"-1,000",0,0,0,0,"1,000","-1,000","-1,000"
73104U,光頡台新63售03,0,0,0,0.0,0.0,0.0,0,0,0,"86,000",0,0,0,"111,000","25,000","86,000","86,000"
73109U,茂綸國票65售02,0,0,0,0.0,0.0,0.0,0,0,0,"-1,000",0,0,0,0,"1,000","-1,000","-1,000"
73114U,巨有國票64售02,0,0,0,0.0,0.0,0.0,0,0,0,"22,000",0,0,0,"34,000","12,000","22,000","22,000"
73115U,旭然國票68售01,0,0,0,0.0,0.0,0.0,0,0,0,"413,000",0,0,0,"479,000","66,000","413,000","413,000"
73116U,昇達科國票64售03,0,0,0,0.0,0.0,0.0,0,0,0,"-3,000",0,0,0,"4,000","7,000","-3,000","-3,000"
73118U,東捷凱基63售03,0,0,0,0.0,0.0,0.0,0,0,0,"18,000",0,0,0,"18,000",0,"18,000","18,000"
73122U,台燿國票66售01,0,0,0,0.0,0.0,0.0,0,0,0,"-54,000",0,0,0,0,"54,000","-54,000","-54,000"
73125U,台燿凱基63售05,0,0,0,0.0,0.0,0.0,0,0,0,"-30,000",0,0,0,0,"30,000","-30,000","-30,000"
73126U,穩懋凱基63售11,0,0,0,0.0,0.0,0.0,0,0,0,"-30,000",0,0,0,0,"30,000","-30,000","-30,000"
73127U,穩懋國票64售01,0,0,0,0.0,0.0,0.0,0,0,0,"8,000",0,0,0,"10,000","2,000","8,000","8,000"
73130U,穩懋群益63售10,0,0,0,0.0,0.0,0.0,0,0,0,"50,000",0,0,0,"50,000",0,"50,000","50,000"
73139U,翔名國票65售02,0,0,0,0.0,0.0,0.0,0,0,0,"-500,000",0,0,0,0,"500,000","-500,000","-500,000"
73140U,廣閎科國票65售02,0,0,0,0.0,0.0,0.0,0,0,0,"-85,000",0,0,0,0,"85,000","-85,000","-85,000"
73141U,台燿台新63售03,0,0,0,0.0,0.0,0.0,0,0,0,"-50,000",0,0,0,"8,000","58,000","-50,000","-50,000"
73142U,世界台新63售02,0,0,0,0.0,0.0,0.0,0,0,0,"5,000",0,0,0,"5,000",0,"5,000","5,000"
73143U,欣銓台新63售02,0,0,0,0.0,0.0,0.0,0,0,0,"6,000",0,0,0,"6,000",0,"6,000","6,000"
73144U,頎邦台新63售05,0,0,0,0.0,0.0,0.0,0,0,0,"-16,000",0,0,0,0,"16,000","-16,000","-16,000"
73145U,富喬凱基63售08,0,0,0,0.0,0.0,0.0,0,0,0,"25,000",0,0,0,"25,000",0,"25,000","25,000"
73146U,穩懋凱基63售13,0,0,0,0.0,0.0,0.0,0,0,0,"7,000",0,0,0,"7,000",0,"7,000","7,000"
73147U,台燿永豐63售05,0,0,0,0.0,0.0,0.0,0,0,0,"-60,000",0,0,0,0,"60,000","-60,000","-60,000"
73149U,環球晶永豐63售10,0,0,0,0.0,0.0,0.0,0,0,0,"-3,000",0,0,0,"17,000","20,000","-3,000","-3,000"
73150U,旺矽凱基63售09,0,0,0,0.0,0.0,0.0,0,0,0,"-22,000",0,0,0,0,"22,000","-22,000","-22,000"
73153U,富喬元大63售09,0,0,0,0.0,0.0,0.0,0,0,0,"150,000",0,0,0,"150,000",0,"150,000","150,000"
73154U,旺矽國票64售02,0,0,0,0.0,0.0,0.0,0,0,0,"-178,000",0,0,0,0,"178,000","-178,000","-178,000"
73155U,旺矽國票67售03,0,0,0,0.0,0.0,0.0,0,0,0,"10,000",0,0,0,"10,000",0,"10,000","10,000"
73156U,旺矽國票69售01,0,0,0,0.0,0.0,0.0,0,0,0,"-272,000",0,0,0,0,"272,000","-272,000","-272,000"
73157U,世界群益63售06,0,0,0,0.0,0.0,0.0,0,0,0,0,0,0,0,"200,000","200,000",0,0
73160U,頎邦群益63售09,0,0,0,0.0,0.0,0.0,0,0,0,"-50,000",0,0,0,"3,000","53,000","-50,000","-50,000"
73161U,富喬台新63售03,0,0,0,0.0,0.0,0.0,0,0,0,"-5,000",0,0,0,0,"5,000","-5,000","-5,000"
73162U,富喬台新63售04,0,0,0,0.0,0.0,0.0,0,0,0,"-3,000",0,0,0,0,"3,000","-3,000","-3,000"
73163U,新盛力群益63售04,0,0,0,0.0,0.0,0.0,0,0,0,"-14,000",0,0,0,0,"14,000","-14,000","-14,000"
73164U,光頡群益65售02,0,0,0,0.0,0.0,0.0,0,0,0,"-322,000",0,0,0,"100,000","422,000","-322,000","-322,000"
73167U,環球晶國票64售06,0,0,0,0.0,0.0,0.0,0,0,0,"287,000",0,0,0,"307,000","20,000","287,000","287,000"
73169U,昇達科群益63售03,0,0,0,0.0,0.0,0.0,0,0,0,"-3,000",0,0,0,"4,000","7,000","-3,000","-3,000"
73175U,穩懋永豐64售04,0,0,0,0.0,0.0,0.0,0,0,0,"-30,000",0,0,0,0,"30,000","-30,000","-30,000"
73177U,穩懋國票69售03,0,0,0,0.0,0.0,0.0,0,0,0,"-15,000",0,0,0,0,"15,000","-15,000","-15,000"
700019,宏捷科統一5C購01,0,0,0,0.0,0.0,0.0,0,0,0,"1,000",0,0,0,"1,000",0,"1,000","1,000"
700021,長佳智統一5C購02,0,0,0,0.0,0.0,0.0,0,0,0,"-30,000",0,0,0,0,"30,000","-30,000","-30,000"
700023,新應材統一5B購02,0,0,0,0.0,0.0,0.0,0,0,0,"90,000",0,0,0,"90,000",0,"90,000","90,000"
700024,新應材統一64購02,0,0,0,0.0,0.0,0.0,0,0,0,"-20,000",0,0,0,0,"20,000","-20,000","-20,000"
700025,雙鴻統一5B購01,0,0,0,0.0,0.0,0.0,0,0,0,"5,000",0,0,0,"5,000",0,"5,000","5,000"
700190,昇達科統一65購01,0,0,0,0.0,0.0,0.0,0,0,0,"20,000",0,0,0,"20,000",0,"20,000","20,000"
700192,朋程統一6A購01,0,0,0,0.0,0.0,0.0,0,0,0,"301,000",0,0,0,"301,000",0,"301,000","301,000"
700193,東洋統一61購01,0,0,0,0.0,0.0,0.0,0,0,0,"-2,000",0,0,0,0,"2,000","-2,000","-2,000"
700201,萬潤統一6A購01,0,0,0,0.0,0.0,0.0,0,0,0,"5,000",0,0,0,"5,000",0,"5,000","5,000"
700205,雙鴻統一61購01,0,0,0,0.0,0.0,0.0,0,0,0,"20,000",0,0,0,"20,000",0,"20,000","20,000"
700207,雙鴻統一6A購01,0,0,0,0.0,0.0,0.0,0,0,0,"-1,000",0,0,0,"2,000","3,000","-1,000","-1,000"
700258,大綜統一6A購01,0,0,0,0.0,0.0,0.0,0,0,0,"170,000",0,0,0,"181,000","11,000","170,000","170,000"
700261,宜鼎統一6A購01,0,0,0,0.0,0.0,0.0,0,0,0,"-5,000",0,0,0,"5,000","10,000","-5,000","-5,000"
700264,長聖統一6A購01,0,0,0,0.0,0.0,0.0,0,0,0,"6,000",0,0,0,"6,000",0,"6,000","6,000"
700345,立碁統一6A購01,0,0,0,0.0,0.0,0.0,0,0,0,"-12,000",0,0,0,"10,000","22,000","-12,000","-12,000"
700353,新鉅科統一6A購02,0,0,0,0.0,0.0,0.0,0,0,0,"22,000",0,0,0,"22,000",0,"22,000","22,000"
700354,聖暉*統一6A購01,0,0,0,0.0,0.0,0.0,0,0,0,"786,000",0,0,0,"1,196,000","410,000","786,000","786,000"
700356,擎亞統一6A購01,0,0,0,0.0,0.0,0.0,0,0,0,"-10,000",0,0,0,0,"10,000","-10,000","-10,000"
700357,聰泰統一6A購01,0,0,0,0.0,0.0,0.0,0,0,0,"-50,000",0,0,0,0,"50,000","-50,000","-50,000"
700413,金山電統一5C購01,0,0,0,0.0,0.0,0.0,0,0,0,"1,000",0,0,0,"1,000",0,"1,000","1,000"
700417,聰泰統一6A購02,0,0,0,0.0,0.0,0.0,0,0,0,"-10,000",0,0,0,0,"10,000","-10,000","-10,000"
700670,中光電統一6A購03,0,0,0,0.0,0.0,0.0,0,0,0,"100,000",0,0,0,"100,000",0,"100,000","100,000"
700672,旺矽統一5A購01,0,0,0,0.0,0.0,0.0,0,0,0,"4,000",0,0,0,"4,000",0,"4,000","4,000"
700676,高技統一6A購01,0,0,0,0.0,0.0,0.0,0,0,0,"-10,000",0,0,0,0,"10,000","-10,000","-10,000"
700678,智通*統一6A購01,0,0,0,0.0,0.0,0.0,0,0,0,"-328,000",0,0,0,0,"328,000","-328,000","-328,000"
700679,智擎統一6A購01,0,0,0,0.0,0.0,0.0,0,0,0,"-5,000",0,0,0,0,"5,000","-5,000","-5,000"
700684,雍智統一6A購02,0,0,0,0.0,0.0,0.0,0,0,0,"-10,000",0,0,0,0,"10,000","-10,000","-10,000"
700685,臺慶科統一5A購01,0,0,0,0.0,0.0,0.0,0,0,0,"7,000",0,0,0,"7,000",0,"7,000","7,000"
700688,營邦統一6A購01,0,0,0,0.0,0.0,0.0,0,0,0,"12,000",0,0,0,"12,000",0,"12,000","12,000"
700708,信立統一6A購01,0,0,0,0.0,0.0,0.0,0,0,0,"-63,000",0,0,0,0,"63,000","-63,000","-63,000"
700710,智通*統一6A購02,0,0,0,0.0,0.0,0.0,0,0,0,"4,000",0,0,0,"4,000",0,"4,000","4,000"
700712,聖暉*統一6A購02,0,0,0,0.0,0.0,0.0,0,0,0,"-74,000",0,0,0,"721,000","795,000","-74,000","-74,000"
700756,威剛統一5C購03,0,0,0,0.0,0.0,0.0,0,0,0,"13,000",0,0,0,"31,000","18,000","13,000","13,000"
700758,穩得統一5C購01,0,0,0,0.0,0.0,0.0,0,0,0,"1,000",0,0,0,"1,000",0,"1,000","1,000"
700828,威剛永豐64購01,0,0,0,0.0,0.0,0.0,0,0,0,"-1,000",0,0,0,0,"1,000","-1,000","-1,000"
700830,中美晶元大5A購01,0,0,0,0.0,0.0,0.0,0,0,0,0,0,0,0,"579,000","579,000",0,0
700843,世界統一5C購01,0,0,0,0.0,0.0,0.0,0,0,0,"10,000",0,0,0,"10,000",0,"10,000","10,000"
700845,臺慶科統一5C購01,0,0,0,0.0,0.0,0.0,0,0,0,"10,000",0,0,0,"10,000",0,"10,000","10,000"
700850,臺慶科國票5C購01,0,0,0,0.0,0.0,0.0,0,0,0,"27,000",0,0,0,"72,000","45,000","27,000","27,000"
700898,力旺統一5A購01,0,0,0,0.0,0.0,0.0,0,0,0,"9,000",0,0,0,"40,000","31,000","9,000","9,000"
700899,力旺統一6A購01,0,0,0,0.0,0.0,0.0,0,0,0,"-10,000",0,0,0,0,"10,000","-10,000","-10,000"
700901,尼克森統一5C購01,0,0,0,0.0,0.0,0.0,0,0,0,"-11,000",0,0,0,0,"11,000","-11,000","-11,000"
700902,光頡統一5A購01,0,0,0,0.0,0.0,0.0,0,0,0,"6,000",0,0,0,"6,000",0,"6,000","6,000"
700904,波若威統一6A購01,0,0,0,0.0,0.0,0.0,0,0,0,"-10,000",0,0,0,0,"10,000","-10,000","-10,000"
700938,中美晶兆豐5A購01,0,0,0,0.0,0.0,0.0,0,0,0,0,0,0,0,"951,000","951,000",0,0
701097,營邦元大5A購01,0,0,0,0.0,0.0,0.0,0,0,0,"7,000",0,0,0,"7,000",0,"7,000","7,000"
701279,雙鴻國票5B購01,0,0,0,0.0,0.0,0.0,0,0,0,"57,000",0,0,0,"71,000","14,000","57,000","57,000"
701434,良維統一6B購01,0,0,0,0.0,0.0,0.0,0,0,0,"2,000",0,0,0,"5,000","3,000","2,000","2,000"
701438,威剛統一6B購01,0,0,0,0.0,0.0,0.0,0,0,0,"-100,000",0,0,0,0,"100,000","-100,000","-100,000"
701442,雙鴻統一6B購01,0,0,0,0.0,0.0,0.0,0,0,0,"79,000",0,0,0,"126,000","47,000","79,000","79,000"
701593,竹陞統一6B購02,0,0,0,0.0,0.0,0.0,0,0,0,"-143,000",0,0,0,0,"143,000","-143,000","-143,000"
701692,台燿統一6B購01,0,0,0,0.0,0.0,0.0,0,0,0,"-10,000",0,0,0,0,"10,000","-10,000","-10,000"
701694,系統電統一6B購01,0,0,0,0.0,0.0,0.0,0,0,0,"-347,000",0,0,0,"337,000","684,000","-347,000","-347,000"
701695,系統電統一6B購02,0,0,0,0.0,0.0,0.0,0,0,0,"-72,000",0,0,0,0,"72,000","-72,000","-72,000"
701696,宜鼎統一5A購01,0,0,0,0.0,0.0,0.0,0,0,0,"-2,000",0,0,0,0,"2,000","-2,000","-2,000"
701697,宜鼎統一5C購04,0,0,0,0.0,0.0,0.0,0,0,0,"-170,000",0,0,0,0,"170,000","-170,000","-170,000"
701698,宜鼎統一6B購01,0,0,0,0.0,0.0,0.0,0,0,0,"3,000",0,0,0,"3,000",0,"3,000","3,000"
701720,系統電永豐5A購01,0,0,0,0.0,0.0,0.0,0,0,0,"15,000",0,0,0,"15,000",0,"15,000","15,000"
701807,濱川統一6B購02,0,0,0,0.0,0.0,0.0,0,0,0,"129,000",0,0,0,"129,000",0,"129,000","129,000"
701808,濱川統一6B購03,0,0,0,0.0,0.0,0.0,0,0,0,"55,000",0,0,0,"354,000","299,000","55,000","55,000"
701853,巨有統一6B購02,0,0,0,0.0,0.0,0.0,0,0,0,"-1,000",0,0,0,0,"1,000","-1,000","-1,000"
701855,威剛中信5B購01,0,0,0,0.0,0.0,0.0,0,0,0,"10,000",0,0,0,"10,000",0,"10,000","10,000"
702281,精測元大5C購01,0,0,0,0.0,0.0,0.0,0,0,0,"-14,000",0,0,0,"7,000","21,000","-14,000","-14,000"
702352,華電網國票5C購01,0,0,0,0.0,0.0,0.0,0,0,0,"-5,000",0,0,0,0,"5,000","-5,000","-5,000"
702364,順達元大5B購02,0,0,0,0.0,0.0,0.0,0,0,0,"6,000",0,0,0,"6,000",0,"6,000","6,000"
702373,光焱永豐5C購01,0,0,0,0.0,0.0,0.0,0,0,0,"1,000",0,0,0,"1,000",0,"1,000","1,000"
702467,順達凱基5B購01,0,0,0,0.0,0.0,0.0,0,0,0,"-17,000",0,0,0,"6,000","23,000","-17,000","-17,000"
702560,昇達科中信5C購01,0,0,0,0.0,0.0,0.0,0,0,0,"23,000",0,0,0,"23,000",0,"23,000","23,000"
702576,富喬凱基5A購01,0,0,0,0.0,0.0,0.0,0,0,0,"44,000",0,0,0,"44,000",0,"44,000","44,000"
702592,富喬國票5C購01,0,0,0,0.0,0.0,0.0,0,0,0,"47,000",0,0,0,"50,000","3,000","47,000","47,000"
702593,富喬國票62購01,0,0,0,0.0,0.0,0.0,0,0,0,"-16,000",0,0,0,"8,000","24,000","-16,000","-16,000"
702605,系統電元大5C購01,0,0,0,0.0,0.0,0.0,0,0,0,"-433,000",0,0,0,"127,000","560,000","-433,000","-433,000"
702627,富喬富邦5C購01,0,0,0,0.0,0.0,0.0,0,0,0,"312,000",0,0,0,"1,161,000","849,000","312,000","312,000"
702641,富喬中信5C購01,0,0,0,0.0,0.0,0.0,0,0,0,"135,000",0,0,0,"193,000","58,000","135,000","135,000"
702667,系統電元大5B購01,0,0,0,0.0,0.0,0.0,0,0,0,"2,000",0,0,0,"2,000",0,"2,000","2,000"
702712,良維中信5B購01,0,0,0,0.0,0.0,0.0,0,0,0,"3,000",0,0,0,"3,000",0,"3,000","3,000"
702719,系統電元大5C購02,0,0,0,0.0,0.0,0.0,0,0,0,"1,127,000",0,0,0,"1,127,000",0,"1,127,000","1,127,000"
702752,台特化統一6C購01,0,0,0,0.0,0.0,0.0,0,0,0,"-10,000",0,0,0,0,"10,000","-10,000","-10,000"
702753,精測統一66購01,0,0,0,0.0,0.0,0.0,0,0,0,"3,000",0,0,0,"3,000",0,"3,000","3,000"
702829,勤凱統一6C購01,0,0,0,0.0,0.0,0.0,0,0,0,"12,000",0,0,0,"12,000",0,"12,000","12,000"
702830,擎亞統一6C購01,0,0,0,0.0,0.0,0.0,0,0,0,"-90,000",0,0,0,0,"90,000","-90,000","-90,000"
702884,家登元大5C購01,0,0,0,0.0,0.0,0.0,0,0,0,"1,000",0,0,0,"1,000",0,"1,000","1,000"
702886,高技元大5B購01,0,0,0,0.0,0.0,0.0,0,0,0,"30,000",0,0,0,"30,000",0,"30,000","30,000"
702951,新應材永豐5C購02,0,0,0,0.0,0.0,0.0,0,0,0,"20,000",0,0,0,"20,000",0,"20,000","20,000"
702990,華景電元富5C購01,0,0,0,0.0,0.0,0.0,0,0,0,"-50,000",0,0,0,"70,000","120,000","-50,000","-50,000"
703004,鑫科永豐5C購01,0,0,0,0.0,0.0,0.0,0,0,0,"-10,000",0,0,0,0,"10,000","-10,000","-10,000"
703045,雙鴻中信5C購02,0,0,0,0.0,0.0,0.0,0,0,0,"-63,000",0,0,0,"32,000","95,000","-63,000","-63,000"
703049,順達永豐5C購01,0,0,0,0.0,0.0,0.0,0,0,0,"25,000",0,0,0,"25,000",0,"25,000","25,000"
703093,順達中信5B購01,0,0,0,0.0,0.0,0.0,0,0,0,"-57,000",0,0,0,"27,000","84,000","-57,000","-57,000"
703132,聖暉*元大5C購01,0,0,0,0.0,0.0,0.0,0,0,0,"114,000",0,0,0,"129,000","15,000","114,000","114,000"
703135,金山電統一5C購02,0,0,0,0.0,0.0,0.0,0,0,0,"30,000",0,0,0,"45,000","15,000","30,000","30,000"
703136,博智統一5C購01,0,0,0,0.0,0.0,0.0,0,0,0,"20,000",0,0,0,"20,000",0,"20,000","20,000"
703296,威剛群益5B購01,0,0,0,0.0,0.0,0.0,0,0,0,"10,000",0,0,0,"10,000",0,"10,000","10,000"
703354,富喬凱基5B購01,0,0,0,0.0,0.0,0.0,0,0,0,"14,000",0,0,0,"15,000","1,000","14,000","14,000"
703371,富喬國票5B購01,0,0,0,0.0,0.0,0.0,0,0,0,"-495,000",0,0,0,"27,000","522,000","-495,000","-495,000"
703372,富喬國票61購01,0,0,0,0.0,0.0,0.0,0,0,0,"196,000",0,0,0,"659,000","463,000","196,000","196,000"
703389,富喬統一65購01,0,0,0,0.0,0.0,0.0,0,0,0,"276,000",0,0,0,"412,000","136,000","276,000","276,000"
703390,撼訊統一65購01,0,0,0,0.0,0.0,0.0,0,0,0,"-50,000",0,0,0,0,"50,000","-50,000","-50,000"
703401,富喬中信61購01,0,0,0,0.0,0.0,0.0,0,0,0,"7,000",0,0,0,"795,000","788,000","7,000","7,000"
703418,富喬元大5B購01,0,0,0,0.0,0.0,0.0,0,0,0,"-111,000",0,0,0,"44,000","155,000","-111,000","-111,000"
703419,富喬元大5C購01,0,0,0,0.0,0.0,0.0,0,0,0,"-2,072,000",0,0,0,"85,000","2,157,000","-2,072,000","-2,072,000"
703420,富喬元大61購02,0,0,0,0.0,0.0,0.0,0,0,0,"425,000",0,0,0,"699,000","274,000","425,000","425,000"
703443,安碁元富61購01,0,0,0,0.0,0.0,0.0,0,0,0,"90,000",0,0,0,"105,000","15,000","90,000","90,000"
703459,鏵友益永豐5B購01,0,0,0,0.0,0.0,0.0,0,0,0,"-130,000",0,0,0,"38,000","168,000","-130,000","-130,000"
703465,台特化統一71購01,0,0,0,0.0,0.0,0.0,0,0,0,"20,000",0,0,0,"20,000",0,"20,000","20,000"
703468,宏捷科統一71購01,0,0,0,0.0,0.0,0.0,0,0,0,"407,000",0,0,0,"691,000","284,000","407,000","407,000"
703470,欣銓統一5C購01,0,0,0,0.0,0.0,0.0,0,0,0,"3,000",0,0,0,"3,000",0,"3,000","3,000"
703471,欣銓統一61購01,0,0,0,0.0,0.0,0.0,0,0,0,0,0,0,0,"2,000","2,000",0,0
703473,欣銓統一6C購01,0,0,0,0.0,0.0,0.0,0,0,0,"-3,000",0,0,0,0,"3,000","-3,000","-3,000"
703475,茂迪統一65購01,0,0,0,0.0,0.0,0.0,0,0,0,"-2,000",0,0,0,0,"2,000","-2,000","-2,000"
703481,穩懋統一5C購02,0,0,0,0.0,0.0,0.0,0,0,0,"10,000",0,0,0,"10,000",0,"10,000","10,000"
703581,臺慶科凱基5C購01,0,0,0,0.0,0.0,0.0,0,0,0,"2,000",0,0,0,"68,000","66,000","2,000","2,000"
703618,長科*統一64購01,0,0,0,0.0,0.0,0.0,0,0,0,"3,000",0,0,0,"3,000",0,"3,000","3,000"
703619,家登統一6C購01,0,0,0,0.0,0.0,0.0,0,0,0,"-63,000",0,0,0,"138,000","201,000","-63,000","-63,000"
703651,家登元大5C購02,0,0,0,0.0,0.0,0.0,0,0,0,"33,000",0,0,0,"33,000",0,"33,000","33,000"
703652,湧德元大61購01,0,0,0,0.0,0.0,0.0,0,0,0,"-163,000",0,0,0,0,"163,000","-163,000","-163,000"
703660,聖暉*元大5C購02,0,0,0,0.0,0.0,0.0,0,0,0,"206,000",0,0,0,"206,000",0,"206,000","206,000"
703771,系統電凱基5C購01,0,0,0,0.0,0.0,0.0,0,0,0,"-310,000",0,0,0,0,"310,000","-310,000","-310,000"
703785,世界國票61購01,0,0,0,0.0,0.0,0.0,0,0,0,"-18,000",0,0,0,"7,000","25,000","-18,000","-18,000"
703839,聖暉*元大5B購01,0,0,0,0.0,0.0,0.0,0,0,0,"57,000",0,0,0,"57,000",0,"57,000","57,000"
703862,巨漢統一61購01,0,0,0,0.0,0.0,0.0,0,0,0,"3,000",0,0,0,"3,000",0,"3,000","3,000"
703866,均豪統一61購02,0,0,0,0.0,0.0,0.0,0,0,0,"-201,000",0,0,0,0,"201,000","-201,000","-201,000"
703867,金山電統一64購01,0,0,0,0.0,0.0,0.0,0,0,0,"-1,000",0,0,0,0,"1,000","-1,000","-1,000"
703868,捷創統一61購02,0,0,0,0.0,0.0,0.0,0,0,0,"5,000",0,0,0,"5,000",0,"5,000","5,000"
703869,捷創統一71購01,0,0,0,0.0,0.0,0.0,0,0,0,"65,000",0,0,0,"65,000",0,"65,000","65,000"
703871,富強鑫統一71購01,0,0,0,0.0,0.0,0.0,0,0,0,"-21,000",0,0,0,"48,000","69,000","-21,000","-21,000"
703873,崴寶統一71購01,0,0,0,0.0,0.0,0.0,0,0,0,"-7,000",0,0,0,"20,000","27,000","-7,000","-7,000"
703875,鉅橡統一61購02,0,0,0,0.0,0.0,0.0,0,0,0,"98,000",0,0,0,"98,000",0,"98,000","98,000"
703876,鉅橡統一61購03,0,0,0,0.0,0.0,0.0,0,0,0,"35,000",0,0,0,"65,000","30,000","35,000","35,000"
703877,鉅橡統一71購01,0,0,0,0.0,0.0,0.0,0,0,0,"65,000",0,0,0,"65,000",0,"65,000","65,000"
703879,臺慶科統一71購01,0,0,0,0.0,0.0,0.0,0,0,0,"10,000",0,0,0,"60,000","50,000","10,000","10,000"
703914,聖暉*凱基61購01,0,0,0,0.0,0.0,0.0,0,0,0,"280,000",0,0,0,"401,000","121,000","280,000","280,000"
703942,聖暉*元大5B購02,0,0,0,0.0,0.0,0.0,0,0,0,"34,000",0,0,0,"54,000","20,000","34,000","34,000"
703960,雙鴻永豐5A購01,0,0,0,0.0,0.0,0.0,0,0,0,"4,000",0,0,0,"4,000",0,"4,000","4,000"
703962,中美晶統一61購01,0,0,0,0.0,0.0,0.0,0,0,0,"-1,000",0,0,0,"447,000","448,000","-1,000","-1,000"
703963,中探針統一71購01,0,0,0,0.0,0.0,0.0,0,0,0,"3,000",0,0,0,"3,000",0,"3,000","3,000"
703966,台半統一71購01,0,0,0,0.0,0.0,0.0,0,0,0,"132,000",0,0,0,"132,000",0,"132,000","132,000"
703967,台半統一71購02,0,0,0,0.0,0.0,0.0,0,0,0,"324,000",0,0,0,"324,000",0,"324,000","324,000"
703968,台星科統一71購01,0,0,0,0.0,0.0,0.0,0,0,0,"242,000",0,0,0,"242,000",0,"242,000","242,000"
703969,弘塑統一61購02,0,0,0,0.0,0.0,0.0,0,0,0,"-40,000",0,0,0,0,"40,000","-40,000","-40,000"
703970,弘塑統一61購03,0,0,0,0.0,0.0,0.0,0,0,0,"-133,000",0,0,0,"29,000","162,000","-133,000","-133,000"
703971,光頡統一61購02,0,0,0,0.0,0.0,0.0,0,0,0,"7,000",0,0,0,"7,000",0,"7,000","7,000"
703975,佶優統一71購01,0,0,0,0.0,0.0,0.0,0,0,0,"-16,000",0,0,0,0,"16,000","-16,000","-16,000"
703978,富強鑫統一61購02,0,0,0,0.0,0.0,0.0,0,0,0,"-150,000",0,0,0,0,"150,000","-150,000","-150,000"
703979,順達統一5C購05,0,0,0,0.0,0.0,0.0,0,0,0,"-26,000",0,0,0,0,"26,000","-26,000","-26,000"
703980,順達統一61購01,0,0,0,0.0,0.0,0.0,0,0,0,"-319,000",0,0,0,"14,000","333,000","-319,000","-319,000"
703982,鉅橡統一64購01,0,0,0,0.0,0.0,0.0,0,0,0,"-7,000",0,0,0,0,"7,000","-7,000","-7,000"
703984,廣明統一61購01,0,0,0,0.0,0.0,0.0,0,0,0,"-10,000",0,0,0,0,"10,000","-10,000","-10,000"
703991,元債20凱基71購01,0,0,0,0.0,0.0,0.0,0,0,0,"-100,000",0,0,0,0,"100,000","-100,000","-100,000"
704011,元太統一61購01,0,0,0,0.0,0.0,0.0,0,0,0,"-53,000",0,0,0,0,"53,000","-53,000","-53,000"
704012,世禾統一71購01,0,0,0,0.0,0.0,0.0,0,0,0,"-100,000",0,0,0,0,"100,000","-100,000","-100,000"
704018,光頡統一61購03,0,0,0,0.0,0.0,0.0,0,0,0,"1,000",0,0,0,"1,000",0,"1,000","1,000"
704020,宏捷科統一61購02,0,0,0,0.0,0.0,0.0,0,0,0,"154,000",0,0,0,"154,000",0,"154,000","154,000"
704021,矽科統一61購01,0,0,0,0.0,0.0,0.0,0,0,0,"-60,000",0,0,0,0,"60,000","-60,000","-60,000"
704022,金山電統一61購01,0,0,0,0.0,0.0,0.0,0,0,0,"-3,000",0,0,0,0,"3,000","-3,000","-3,000"
704023,金益鼎統一61購01,0,0,0,0.0,0.0,0.0,0,0,0,"-5,000",0,0,0,0,"5,000","-5,000","-5,000"
704025,創惟統一61購01,0,0,0,0.0,0.0,0.0,0,0,0,"5,000",0,0,0,"5,000",0,"5,000","5,000"
704028,穩懋統一65購01,0,0,0,0.0,0.0,0.0,0,0,0,"4,000",0,0,0,"4,000",0,"4,000","4,000"
704041,聖暉*元大5C購03,0,0,0,0.0,0.0,0.0,0,0,0,"148,000",0,0,0,"148,000",0,"148,000","148,000"
704046,台星科群益5A購01,0,0,0,0.0,0.0,0.0,0,0,0,"3,000",0,0,0,"3,000",0,"3,000","3,000"
704051,信驊群益61購01,0,0,0,0.0,0.0,0.0,0,0,0,"-2,000",0,0,0,0,"2,000","-2,000","-2,000"
704084,中探針統一67購01,0,0,0,0.0,0.0,0.0,0,0,0,"3,000",0,0,0,"3,000",0,"3,000","3,000"
704086,世界統一64購01,0,0,0,0.0,0.0,0.0,0,0,0,"-1,000",0,0,0,0,"1,000","-1,000","-1,000"
704089,台半統一61購02,0,0,0,0.0,0.0,0.0,0,0,0,"52,000",0,0,0,"77,000","25,000","52,000","52,000"
704090,台半統一71購03,0,0,0,0.0,0.0,0.0,0,0,0,"345,000",0,0,0,"398,000","53,000","345,000","345,000"
704091,巨漢統一71購02,0,0,0,0.0,0.0,0.0,0,0,0,"11,000",0,0,0,"11,000",0,"11,000","11,000"
704092,光頡統一64購01,0,0,0,0.0,0.0,0.0,0,0,0,"1,000",0,0,0,"1,000",0,"1,000","1,000"
704093,系統電統一71購01,0,0,0,0.0,0.0,0.0,0,0,0,0,0,0,0,"1,000","1,000",0,0
704095,矽科統一71購01,0,0,0,0.0,0.0,0.0,0,0,0,"-200,000",0,0,0,0,"200,000","-200,000","-200,000"
704096,金山電統一71購01,0,0,0,0.0,0.0,0.0,0,0,0,"355,000",0,0,0,"366,000","11,000","355,000","355,000"
704101,家登統一61購02,0,0,0,0.0,0.0,0.0,0,0,0,"-19,000",0,0,0,"11,000","30,000","-19,000","-19,000"
704108,璟德統一71購01,0,0,0,0.0,0.0,0.0,0,0,0,"-570,000",0,0,0,0,"570,000","-570,000","-570,000"
704109,穩懋統一61購05,0,0,0,0.0,0.0,0.0,0,0,0,"-10,000",0,0,0,0,"10,000","-10,000","-10,000"
704115,金益鼎國票61購01,0,0,0,0.0,0.0,0.0,0,0,0,"371,000",0,0,0,"371,000",0,"371,000","371,000"
704202,鑫科永豐61購01,0,0,0,0.0,0.0,0.0,0,0,0,"12,000",0,0,0,"12,000",0,"12,000","12,000"
704203,中美晶統一71購01,0,0,0,0.0,0.0,0.0,0,0,0,"40,000",0,0,0,"49,000","9,000","40,000","40,000"
704206,世紀*統一71購03,0,"15,000","-15,000",0.0,0.0,0.0,0,0,0,"-10,000",0,0,0,0,"10,000","-10,000","-25,000"
704215,松瑞藥統一61購01,0,0,0,0.0,0.0,0.0,0,0,0,"-41,000",0,0,0,"619,000","660,000","-41,000","-41,000"
704216,松瑞藥統一71購01,0,0,0,0.0,0.0,0.0,0,0,0,"-16,000",0,0,0,"11,000","27,000","-16,000","-16,000"
704220,家登統一71購01,0,0,0,0.0,0.0,0.0,0,0,0,"-30,000",0,0,0,0,"30,000","-30,000","-30,000"
704237,世界元大5A購02,0,0,0,0.0,0.0,0.0,0,0,0,"-469,000",0,0,0,"3,000","472,000","-469,000","-469,000"
704244,富喬元大5A購01,0,0,0,0.0,0.0,0.0,0,0,0,"7,000",0,0,0,"7,000",0,"7,000","7,000"
704256,富喬永豐5B購01,0,0,0,0.0,0.0,0.0,0,0,0,"10,000",0,0,0,"10,000",0,"10,000","10,000"
704257,富喬永豐5C購01,0,0,0,0.0,0.0,0.0,0,0,0,"-1,000",0,0,0,"427,000","428,000","-1,000","-1,000"
704258,富喬永豐64購01,0,0,0,0.0,0.0,0.0,0,0,0,"-589,000",0,0,0,"225,000","814,000","-589,000","-589,000"
704260,聖暉*永豐61購01,0,0,0,0.0,0.0,0.0,0,0,0,"129,000",0,0,0,"129,000",0,"129,000","129,000"
704262,宜鼎兆豐61購01,0,0,0,0.0,0.0,0.0,0,0,0,"-1,000",0,0,0,0,"1,000","-1,000","-1,000"
704277,鈊象富邦5A購01,0,0,0,0.0,0.0,0.0,0,0,0,"499,000",0,0,0,"499,000",0,"499,000","499,000"
704281,台星科統一61購02,0,0,0,0.0,0.0,0.0,0,0,0,"52,000",0,0,0,"52,000",0,"52,000","52,000"
704282,宜鼎統一71購01,0,0,0,0.0,0.0,0.0,0,0,0,"-15,000",0,0,0,0,"15,000","-15,000","-15,000"
704284,佶優統一71購02,0,0,0,0.0,0.0,0.0,0,0,0,"-95,000",0,0,0,0,"95,000","-95,000","-95,000"
704287,富喬統一61購01,0,0,0,0.0,0.0,0.0,0,0,0,"306,000",0,0,0,"306,000",0,"306,000","306,000"
704288,富喬統一61購02,0,0,0,0.0,0.0,0.0,0,0,0,"14,000",0,0,0,"14,000",0,"14,000","14,000"
704289,富喬統一61購03,0,0,0,0.0,0.0,0.0,0,0,0,"11,000",0,0,0,"11,000",0,"11,000","11,000"
704290,富喬統一61購04,0,0,0,0.0,0.0,0.0,0,0,0,"288,000",0,0,0,"398,000","110,000","288,000","288,000"
704291,富喬統一64購01,0,0,0,0.0,0.0,0.0,0,0,0,"-6,000",0,0,0,0,"6,000","-6,000","-6,000"
704292,富喬統一65購02,0,0,0,0.0,0.0,0.0,0,0,0,"777,000",0,0,0,"830,000","53,000","777,000","777,000"
704293,富喬統一6C購01,0,0,0,0.0,0.0,0.0,0,0,0,"20,000",0,0,0,"20,000",0,"20,000","20,000"
704294,富喬統一71購01,0,0,0,0.0,0.0,0.0,0,0,0,"51,000",0,0,0,"51,000",0,"51,000","51,000"
704298,聖暉*統一67購01,0,0,0,0.0,0.0,0.0,0,0,0,"81,000",0,0,0,"127,000","46,000","81,000","81,000"
704315,系統電元大5B購03,0,0,0,0.0,0.0,0.0,0,0,0,"-202,000",0,0,0,0,"202,000","-202,000","-202,000"
704322,聖暉*元大61購01,0,0,0,0.0,0.0,0.0,0,0,0,"21,000",0,0,0,"24,000","3,000","21,000","21,000"
704325,精測元大5B購01,0,0,0,0.0,0.0,0.0,0,0,0,"19,000",0,0,0,"19,000",0,"19,000","19,000"
704347,世界統一5C購02,0,0,0,0.0,0.0,0.0,0,0,0,"10,000",0,0,0,"10,000",0,"10,000","10,000"
704350,佶優統一71購03,0,0,0,0.0,0.0,0.0,0,0,0,"-30,000",0,0,0,0,"30,000","-30,000","-30,000"
704351,精測統一61購01,0,0,0,0.0,0.0,0.0,0,0,0,"97,000",0,0,0,"117,000","20,000","97,000","97,000"
704352,精測統一61購02,0,0,0,0.0,0.0,0.0,0,0,0,"-199,000",0,0,0,"49,000","248,000","-199,000","-199,000"
704353,精測統一71購01,0,0,0,0.0,0.0,0.0,0,0,0,"-735,000",0,0,0,"337,000","1,072,000","-735,000","-735,000"
704365,精測永豐5A購01,0,0,0,0.0,0.0,0.0,0,0,0,"3,000",0,0,0,"3,000",0,"3,000","3,000"
704370,世界國票5B購01,0,0,0,0.0,0.0,0.0,0,0,0,"8,000",0,0,0,"8,000",0,"8,000","8,000"
704374,精測國票5A購02,0,0,0,0.0,0.0,0.0,0,0,0,"43,000",0,0,0,"45,000","2,000","43,000","43,000"
704380,宜鼎凱基5B購01,0,0,0,0.0,0.0,0.0,0,0,0,"-1,000",0,0,0,0,"1,000","-1,000","-1,000"
704394,系統電元大61購01,0,0,0,0.0,0.0,0.0,0,0,0,"-56,000",0,0,0,"137,000","193,000","-56,000","-56,000"
704400,宜鼎富邦61購01,0,0,0,0.0,0.0,0.0,0,0,0,"-350,000",0,0,0,0,"350,000","-350,000","-350,000"
704403,高鋒統一61購02,0,0,0,0.0,0.0,0.0,0,0,0,"-32,000",0,0,0,0,"32,000","-32,000","-32,000"
704404,精測統一5C購01,0,0,0,0.0,0.0,0.0,0,0,0,"129,000",0,0,0,"149,000","20,000","129,000","129,000"
704409,精測永豐5A購02,0,0,0,0.0,0.0,0.0,0,0,0,"75,000",0,0,0,"75,000",0,"75,000","75,000"
704421,中美晶元大5C購01,0,0,0,0.0,0.0,0.0,0,0,0,"11,000",0,0,0,"14,000","3,000","11,000","11,000"
704426,精材元大5B購01,0,0,0,0.0,0.0,0.0,0,0,0,"6,000",0,0,0,"6,000",0,"6,000","6,000"
704494,精材元大5A購01,0,0,0,0.0,0.0,0.0,0,0,0,"1,000",0,0,0,"1,000",0,"1,000","1,000"
704495,精材元大5B購02,0,0,0,0.0,0.0,0.0,0,0,0,"1,000",0,0,0,"1,000",0,"1,000","1,000"
704506,系統電永豐5C購01,0,0,0,0.0,0.0,0.0,0,0,0,"-145,000",0,0,0,"20,000","165,000","-145,000","-145,000"
704507,亞電永豐5B購01,0,0,0,0.0,0.0,0.0,0,0,0,0,0,0,0,"25,000","25,000",0,0
704533,大中統一71購01,0,0,0,0.0,0.0,0.0,0,0,0,0,0,0,0,"10,000","10,000",0,0
704534,台半統一5C購04,0,0,0,0.0,0.0,0.0,0,0,0,0,0,0,0,"2,000","2,000",0,0
704536,尼克森統一5B購01,0,0,0,0.0,0.0,0.0,0,0,0,"-14,000",0,0,0,"2,000","16,000","-14,000","-14,000"
704538,合晶統一61購02,0,0,0,0.0,0.0,0.0,0,0,0,"22,000",0,0,0,"22,000",0,"22,000","22,000"
704539,竹陞統一64購01,0,0,0,0.0,0.0,0.0,0,0,0,"-80,000",0,0,0,0,"80,000","-80,000","-80,000"
704540,宏捷科統一61購03,0,0,0,0.0,0.0,0.0,0,0,0,"-70,000",0,0,0,"99,000","169,000","-70,000","-70,000"
704543,宜鼎統一66購01,0,0,0,0.0,0.0,0.0,0,0,0,"-2,000",0,0,0,0,"2,000","-2,000","-2,000"
704546,長科*統一71購01,0,0,0,0.0,0.0,0.0,0,0,0,"-6,000",0,0,0,0,"6,000","-6,000","-6,000"
704548,昱展統一61購01,0,0,0,0.0,0.0,0.0,0,0,0,"-10,000",0,0,0,0,"10,000","-10,000","-10,000"
704549,茂迪統一5B購01,0,0,0,0.0,0.0,0.0,0,0,0,"-10,000",0,0,0,0,"10,000","-10,000","-10,000"
704560,系統電凱基5B購01,0,0,0,0.0,0.0,0.0,0,0,0,"-64,000",0,0,0,0,"64,000","-64,000","-64,000"
704590,能率亞統一63購01,0,0,0,0.0,0.0,0.0,0,0,0,"150,000",0,0,0,"150,000",0,"150,000","150,000"
704591,能率亞統一71購02,0,0,0,0.0,0.0,0.0,0,0,0,"-502,000",0,0,0,0,"502,000","-502,000","-502,000"
704605,系統電凱基5B購02,0,0,0,0.0,0.0,0.0,0,0,0,"-58,000",0,0,0,0,"58,000","-58,000","-58,000"
704638,廣運永豐61購01,0,0,0,0.0,0.0,0.0,0,0,0,"-10,000",0,0,0,0,"10,000","-10,000","-10,000"
704650,聖暉*凱基5B購01,0,0,0,0.0,0.0,0.0,0,0,0,"37,000",0,0,0,"67,000","30,000","37,000","37,000"
704665,鈊象元大5C購01,0,0,0,0.0,0.0,0.0,0,0,0,"-494,000",0,0,0,0,"494,000","-494,000","-494,000"
704745,宜特國票5B購01,0,0,0,0.0,0.0,0.0,0,0,0,"2,000",0,0,0,"2,000",0,"2,000","2,000"
704766,精材元大61購05,0,0,0,0.0,0.0,0.0,0,0,0,"1,000",0,0,0,"1,000",0,"1,000","1,000"
704775,博智群益62購01,0,0,0,0.0,0.0,0.0,0,0,0,"-20,000",0,0,0,0,"20,000","-20,000","-20,000"
704781,點序群益62購01,0,0,0,0.0,0.0,0.0,0,0,0,"1,000",0,0,0,"1,000",0,"1,000","1,000"
704881,譜瑞兆豐62購01,0,0,0,0.0,0.0,0.0,0,0,0,"-10,000",0,0,0,0,"10,000","-10,000","-10,000"
704895,世界統一62購01,0,0,0,0.0,0.0,0.0,0,0,0,"-28,000",0,0,0,"667,000","695,000","-28,000","-28,000"
704896,台星科統一62購01,0,0,0,0.0,0.0,0.0,0,0,0,"40,000",0,0,0,"40,000",0,"40,000","40,000"
704900,茂達統一62購01,0,0,0,0.0,0.0,0.0,0,0,0,"473,000",0,0,0,"494,000","21,000","473,000","473,000"
704901,茂達統一62購02,0,0,0,0.0,0.0,0.0,0,0,0,"40,000",0,0,0,"40,000",0,"40,000","40,000"
704905,穩懋統一72購01,0,0,0,0.0,0.0,0.0,0,0,0,"2,000",0,0,0,"2,000",0,"2,000","2,000"
704925,系統電元大62購01,0,0,0,0.0,0.0,0.0,0,0,0,"-468,000",0,0,0,"473,000","941,000","-468,000","-468,000"
704937,茂迪富邦61購01,0,0,0,0.0,0.0,0.0,0,0,0,"-20,000",0,0,0,0,"20,000","-20,000","-20,000"
704946,閎康統一72購01,0,0,0,0.0,0.0,0.0,0,0,0,"-50,000",0,0,0,0,"50,000","-50,000","-50,000"
704948,雙鴻統一5C購01,0,0,0,0.0,0.0,0.0,0,0,0,"10,000",0,0,0,"10,000",0,"10,000","10,000"
704954,系微兆豐62購01,0,0,0,0.0,0.0,0.0,0,0,0,"5,000",0,0,0,"5,000",0,"5,000","5,000"
704958,中探針群益5C購01,0,0,0,0.0,0.0,0.0,0,0,0,"39,000",0,0,0,"39,000",0,"39,000","39,000"
704997,雙鴻元大5B購01,0,0,0,0.0,0.0,0.0,0,0,0,"52,000",0,0,0,"52,000",0,"52,000","52,000"
704998,雙鴻元大61購02,0,0,0,0.0,0.0,0.0,0,0,0,"36,000",0,0,0,"125,000","89,000","36,000","36,000"
705002,世界富邦5C購02,0,0,0,0.0,0.0,0.0,0,0,0,0,0,0,0,"40,000","40,000",0,0
705003,世界統一72購01,0,0,0,0.0,0.0,0.0,0,0,0,"36,000",0,0,0,"38,000","2,000","36,000","36,000"
705004,宏觀統一62購01,0,0,0,0.0,0.0,0.0,0,0,0,"200,000",0,0,0,"200,000",0,"200,000","200,000"
705005,茂迪統一72購01,0,0,0,0.0,0.0,0.0,0,0,0,"-110,000",0,0,0,0,"110,000","-110,000","-110,000"
705007,智通*統一62購01,0,0,0,0.0,0.0,0.0,0,0,0,"2,000",0,0,0,"2,000",0,"2,000","2,000"
705008,湧德統一61購03,0,0,0,0.0,0.0,0.0,0,0,0,"-10,000",0,0,0,0,"10,000","-10,000","-10,000"
705009,穩懋統一72購03,0,0,0,0.0,0.0,0.0,0,0,0,"2,000",0,0,0,"2,000",0,"2,000","2,000"
705010,穩懋統一72購04,0,0,0,0.0,0.0,0.0,0,0,0,"5,000",0,0,0,"5,000",0,"5,000","5,000"
705084,精測群益62購03,0,0,0,0.0,0.0,0.0,0,0,0,"1,007,000",0,0,0,"1,728,000","721,000","1,007,000","1,007,000"
705091,正淩統一62購01,0,0,0,0.0,0.0,0.0,0,0,0,"500,000",0,0,0,"600,000","100,000","500,000","500,000"
705092,正淩統一65購01,0,0,0,0.0,0.0,0.0,0,0,0,"-77,000",0,0,0,"723,000","800,000","-77,000","-77,000"
705093,宏觀統一72購01,0,0,0,0.0,0.0,0.0,0,0,0,"5,000",0,0,0,"5,000",0,"5,000","5,000"
705094,宜特統一62購01,0,0,0,0.0,0.0,0.0,0,0,0,"-72,000",0,0,0,0,"72,000","-72,000","-72,000"
705096,精測統一62購01,0,0,0,0.0,0.0,0.0,0,0,0,"22,000",0,0,0,"40,000","18,000","22,000","22,000"
705098,精測統一72購01,0,0,0,0.0,0.0,0.0,0,0,0,"-10,000",0,0,0,0,"10,000","-10,000","-10,000"
705099,雙鴻統一62購03,0,0,0,0.0,0.0,0.0,0,0,0,"-681,000",0,0,0,"998,000","1,679,000","-681,000","-681,000"
705100,鑫科統一62購01,0,0,0,0.0,0.0,0.0,0,0,0,"-11,000",0,0,0,0,"11,000","-11,000","-11,000"
705111,系統電永豐61購01,0,0,0,0.0,0.0,0.0,0,0,0,"-126,000",0,0,0,"30,000","156,000","-126,000","-126,000"
705114,新應材永豐61購01,0,0,0,0.0,0.0,0.0,0,0,0,"14,000",0,0,0,"14,000",0,"14,000","14,000"
705128,良維統一72購01,0,0,0,0.0,0.0,0.0,0,0,0,"-2,000",0,0,0,0,"2,000","-2,000","-2,000"
705130,長科*統一72購01,0,0,0,0.0,0.0,0.0,0,0,0,"140,000",0,0,0,"147,000","7,000","140,000","140,000"
705132,茂迪統一72購02,0,0,0,0.0,0.0,0.0,0,0,0,"51,000",0,0,0,"51,000",0,"51,000","51,000"
705134,博智統一62購02,0,0,0,0.0,0.0,0.0,0,0,0,"-50,000",0,0,0,0,"50,000","-50,000","-50,000"
705136,鏵友益統一72購01,0,0,0,0.0,0.0,0.0,0,0,0,"84,000",0,0,0,"94,000","10,000","84,000","84,000"
705142,新應材永豐5B購01,0,0,0,0.0,0.0,0.0,0,0,0,"120,000",0,0,0,"120,000",0,"120,000","120,000"
705161,雙鴻元大61購03,0,0,0,0.0,0.0,0.0,0,0,0,"-14,000",0,0,0,"7,000","21,000","-14,000","-14,000"
705171,系統電凱基61購01,0,0,0,0.0,0.0,0.0,0,0,0,"944,000",0,0,0,"944,000",0,"944,000","944,000"
705179,雙鴻凱基5C購02,0,0,0,0.0,0.0,0.0,0,0,0,"21,000",0,0,0,"29,000","8,000","21,000","21,000"
705186,閎康富邦5A購01,0,0,0,0.0,0.0,0.0,0,0,0,"890,000",0,0,0,"890,000",0,"890,000","890,000"
705188,元太統一62購01,0,0,0,0.0,0.0,0.0,0,0,0,"-282,000",0,0,0,0,"282,000","-282,000","-282,000"
705190,弘塑統一72購01,0,0,0,0.0,0.0,0.0,0,0,0,"-135,000",0,0,0,"57,000","192,000","-135,000","-135,000"
705192,沛亨統一72購01,0,0,0,0.0,0.0,0.0,0,0,0,"15,000",0,0,0,"15,000",0,"15,000","15,000"
705193,宜鼎統一72購01,0,0,0,0.0,0.0,0.0,0,0,0,"-11,000",0,0,0,"29,000","40,000","-11,000","-11,000"
705194,崴寶統一64購01,0,0,0,0.0,0.0,0.0,0,0,0,"1,000",0,0,0,"1,000",0,"1,000","1,000"
705196,雙鴻統一72購01,0,0,0,0.0,0.0,0.0,0,0,0,"-180,000",0,0,0,"92,000","272,000","-180,000","-180,000"
705212,雙鴻元大5C購01,0,0,0,0.0,0.0,0.0,0,0,0,"8,000",0,0,0,"8,000",0,"8,000","8,000"
705215,崴寶永豐5B購01,0,0,0,0.0,0.0,0.0,0,0,0,"-30,000",0,0,0,0,"30,000","-30,000","-30,000"
705216,雙鴻永豐61購01,0,0,0,0.0,0.0,0.0,0,0,0,"3,000",0,0,0,"3,000",0,"3,000","3,000"
705223,雙鴻元富5A購06,0,0,0,0.0,0.0,0.0,0,0,0,0,0,0,0,"6,000","6,000",0,0
705257,力旺統一65購01,0,0,0,0.0,0.0,0.0,0,0,0,"-11,000",0,0,0,0,"11,000","-11,000","-11,000"
705258,力旺統一72購01,0,0,0,0.0,0.0,0.0,0,0,0,"-1,000",0,0,0,"49,000","50,000","-1,000","-1,000"
705260,凡甲統一72購02,0,0,0,0.0,0.0,0.0,0,0,0,"-3,000",0,0,0,0,"3,000","-3,000","-3,000"
705261,元太統一62購02,0,0,0,0.0,0.0,0.0,0,0,0,"48,000",0,0,0,"50,000","2,000","48,000","48,000"
705266,博智統一72購01,0,0,0,0.0,0.0,0.0,0,0,0,"11,000",0,0,0,"11,000",0,"11,000","11,000"
705267,閎康統一72購02,0,0,0,0.0,0.0,0.0,0,0,0,"-50,000",0,0,0,0,"50,000","-50,000","-50,000"
705268,雙鴻統一62購04,0,0,0,0.0,0.0,0.0,0,0,0,"22,000",0,0,0,"22,000",0,"22,000","22,000"
705300,鈊象凱基61購01,0,0,0,0.0,0.0,0.0,0,0,0,"-1,000",0,0,0,"3,000","4,000","-1,000","-1,000"
705303,台星科富邦5A購01,0,0,0,0.0,0.0,0.0,0,0,0,"1,000",0,0,0,"1,000",0,"1,000","1,000"
705307,富喬富邦5B購01,0,0,0,0.0,0.0,0.0,0,0,0,"594,000",0,0,0,"1,093,000","499,000","594,000","594,000"
705309,亞泰統一72購01,0,0,0,0.0,0.0,0.0,0,0,0,"1,000",0,0,0,"1,000",0,"1,000","1,000"
705310,博智統一72購02,0,0,0,0.0,0.0,0.0,0,0,0,"-10,000",0,0,0,0,"10,000","-10,000","-10,000"
705311,富喬統一62購01,0,0,0,0.0,0.0,0.0,0,0,0,"249,000",0,0,0,"259,000","10,000","249,000","249,000"
705312,富喬統一62購02,0,0,0,0.0,0.0,0.0,0,0,0,"-46,000",0,0,0,"911,000","957,000","-46,000","-46,000"
705314,精材統一72購01,0,0,0,0.0,0.0,0.0,0,0,0,0,0,0,0,"5,000","5,000",0,0
705324,富喬國票5A購01,0,0,0,0.0,0.0,0.0,0,0,0,"-22,000",0,0,0,0,"22,000","-22,000","-22,000"
705331,富喬元大5B購02,0,0,0,0.0,0.0,0.0,0,0,0,"-211,000",0,0,0,"41,000","252,000","-211,000","-211,000"
705343,弘塑永豐5B購01,0,0,0,0.0,0.0,0.0,0,0,0,"-1,000",0,0,0,0,"1,000","-1,000","-1,000"
705346,富喬永豐5A購02,0,0,0,0.0,0.0,0.0,0,0,0,"1,158,000",0,0,0,"1,158,000",0,"1,158,000","1,158,000"
705347,富喬永豐61購01,0,0,0,0.0,0.0,0.0,0,0,0,"-740,000",0,0,0,"976,000","1,716,000","-740,000","-740,000"
705348,富喬永豐65購01,0,0,0,0.0,0.0,0.0,0,0,0,"-82,000",0,0,0,"728,000","810,000","-82,000","-82,000"
705349,雙鴻永豐5B購01,0,0,0,0.0,0.0,0.0,0,0,0,"29,000",0,0,0,"59,000","30,000","29,000","29,000"
705357,穩懋凱基61購02,0,0,0,0.0,0.0,0.0,0,0,0,"-3,000",0,0,0,0,"3,000","-3,000","-3,000"
705365,雙鴻元大5B購02,0,0,0,0.0,0.0,0.0,0,0,0,"11,000",0,0,0,"45,000","34,000","11,000","11,000"
705370,穩懋元大61購05,0,0,0,0.0,0.0,0.0,0,0,0,"3,000",0,0,0,"3,000",0,"3,000","3,000"
705374,元太統一72購02,0,0,0,0.0,0.0,0.0,0,0,0,"-359,000",0,0,0,0,"359,000","-359,000","-359,000"
705375,台燿統一62購02,0,0,0,0.0,0.0,0.0,0,0,0,"3,000",0,0,0,"3,000",0,"3,000","3,000"
705378,宏捷科統一61購04,0,0,0,0.0,0.0,0.0,0,0,0,"151,000",0,0,0,"151,000",0,"151,000","151,000"
705380,系統電統一5C購02,0,0,0,0.0,0.0,0.0,0,0,0,"5,000",0,0,0,"5,000",0,"5,000","5,000"
705386,茂達統一72購01,0,0,0,0.0,0.0,0.0,0,0,0,"-5,000",0,0,0,0,"5,000","-5,000","-5,000"
705387,原相統一64購01,0,0,0,0.0,0.0,0.0,0,0,0,"10,000",0,0,0,"10,000",0,"10,000","10,000"
705388,能率統一72購01,0,0,0,0.0,0.0,0.0,0,0,0,"95,000",0,0,0,"100,000","5,000","95,000","95,000"
705389,富強鑫統一72購01,0,0,0,0.0,0.0,0.0,0,0,0,"-189,000",0,0,0,"53,000","242,000","-189,000","-189,000"
705399,穩懋統一62購01,0,0,0,0.0,0.0,0.0,0,0,0,"33,000",0,0,0,"41,000","8,000","33,000","33,000"
705400,穩懋統一62購02,0,0,0,0.0,0.0,0.0,0,0,0,"-3,000",0,0,0,0,"3,000","-3,000","-3,000"
705401,穩懋統一62購03,0,0,0,0.0,0.0,0.0,0,0,0,"-5,000",0,0,0,0,"5,000","-5,000","-5,000"
705410,沛亨永豐5B購01,0,0,0,0.0,0.0,0.0,0,0,0,"-46,000",0,0,0,0,"46,000","-46,000","-46,000"
705433,中美晶凱基5C購01,0,0,0,0.0,0.0,0.0,0,0,0,0,0,0,0,"178,000","178,000",0,0
705442,台特化兆豐5B購01,0,0,0,0.0,0.0,0.0,0,0,0,"-10,000",0,0,0,0,"10,000","-10,000","-10,000"
705446,信驊國票62購01,0,0,0,0.0,0.0,0.0,0,0,0,"-48,000",0,0,0,0,"48,000","-48,000","-48,000"
705461,湧德群益61購01,0,0,0,0.0,0.0,0.0,0,0,0,"-100,000",0,0,0,0,"100,000","-100,000","-100,000"
705476,雙鴻元大61購05,0,0,0,0.0,0.0,0.0,0,0,0,"10,000",0,0,0,"10,000",0,"10,000","10,000"
705477,台特化統一63購02,0,0,0,0.0,0.0,0.0,0,0,0,"100,000",0,0,0,"100,000",0,"100,000","100,000"
705478,台特化統一73購01,0,0,0,0.0,0.0,0.0,0,0,0,"5,000",0,0,0,"5,000",0,"5,000","5,000"
705485,萬潤統一73購01,0,0,0,0.0,0.0,0.0,0,0,0,"-4,000",0,0,0,0,"4,000","-4,000","-4,000"
705487,穩懋統一66購01,"20,000",0,"20,000",0.0,0.0,0.0,0,0,0,"-20,000",0,0,0,0,"20,000","-20,000",0
705489,穩懋統一73購02,0,0,0,0.0,0.0,0.0,0,0,0,"-3,000",0,0,0,0,"3,000","-3,000","-3,000"
705492,世界永豐5B購02,0,0,0,0.0,0.0,0.0,0,0,0,"2,000",0,0,0,"2,000",0,"2,000","2,000"
705519,均華兆豐63購01,0,0,0,0.0,0.0,0.0,0,0,0,"65,000",0,0,0,"65,000",0,"65,000","65,000"
705520,宜鼎兆豐63購01,0,0,0,0.0,0.0,0.0,0,0,0,"-10,000",0,0,0,0,"10,000","-10,000","-10,000"
705553,穩懋元大5C購04,0,0,0,0.0,0.0,0.0,0,0,0,"9,000",0,0,0,"9,000",0,"9,000","9,000"
705555,中探針永豐5C購01,0,0,0,0.0,0.0,0.0,0,0,0,"54,000",0,0,0,"92,000","38,000","54,000","54,000"
705560,萬潤永豐5C購01,0,0,0,0.0,0.0,0.0,0,0,0,"1,000",0,0,0,"1,000",0,"1,000","1,000"
705565,穩懋永豐5C購02,0,0,0,0.0,0.0,0.0,0,0,0,"233,000",0,0,0,"233,000",0,"233,000","233,000"
705570,世界凱基5C購01,0,0,0,0.0,0.0,0.0,0,0,0,"-31,000",0,0,0,"32,000","63,000","-31,000","-31,000"
705589,鏵友益永豐5C購01,0,0,0,0.0,0.0,0.0,0,0,0,"-382,000",0,0,0,0,"382,000","-382,000","-382,000"
705599,雙鴻元大61購07,0,0,0,0.0,0.0,0.0,0,0,0,"-14,000",0,0,0,0,"14,000","-14,000","-14,000"
705604,良維國票67購01,0,0,0,0.0,0.0,0.0,0,0,0,"-5,000",0,0,0,0,"5,000","-5,000","-5,000"
705671,鈊象富邦5B購01,0,0,0,0.0,0.0,0.0,0,0,0,"182,000",0,0,0,"393,000","211,000","182,000","182,000"
705672,聖暉*富邦5B購01,0,0,0,0.0,0.0,0.0,0,0,0,"136,000",0,0,0,"187,000","51,000","136,000","136,000"
705675,雙鴻富邦5C購01,0,0,0,0.0,0.0,0.0,0,0,0,"-146,000",0,0,0,"405,000","551,000","-146,000","-146,000"
705676,雙鴻富邦5C購02,0,0,0,0.0,0.0,0.0,0,0,0,"-704,000",0,0,0,"931,000","1,635,000","-704,000","-704,000"
705702,宏捷科國票62購01,0,0,0,0.0,0.0,0.0,0,0,0,"-167,000",0,0,0,"8,000","175,000","-167,000","-167,000"
705711,台特化元大5C購01,0,0,0,0.0,0.0,0.0,0,0,0,"-10,000",0,0,0,0,"10,000","-10,000","-10,000"
705728,台特化群益62購01,0,0,0,0.0,0.0,0.0,0,0,0,"20,000",0,0,0,"60,000","40,000","20,000","20,000"
705737,印能永豐5C購01,0,0,0,0.0,0.0,0.0,0,0,0,"20,000",0,0,0,"20,000",0,"20,000","20,000"
705739,系統電永豐64購01,0,0,0,0.0,0.0,0.0,0,0,0,"-59,000",0,0,0,0,"59,000","-59,000","-59,000"
705755,雙鴻凱基5C購03,0,0,0,0.0,0.0,0.0,0,0,0,"-10,000",0,0,0,0,"10,000","-10,000","-10,000"
705770,新應材元大61購01,0,0,0,0.0,0.0,0.0,0,0,0,"-25,000",0,0,0,0,"25,000","-25,000","-25,000"
705774,雙鴻元大61購09,0,0,0,0.0,0.0,0.0,0,0,0,"30,000",0,0,0,"30,000",0,"30,000","30,000"
705783,良維中信61購01,0,0,0,0.0,0.0,0.0,0,0,0,"3,000",0,0,0,"9,000","6,000","3,000","3,000"
705791,宏捷科元富5C購01,0,0,0,0.0,0.0,0.0,0,0,0,"270,000",0,0,0,"272,000","2,000","270,000","270,000"
705800,大綜統一73購01,0,0,0,0.0,0.0,0.0,0,0,0,"774,000",0,0,0,"1,209,000","435,000","774,000","774,000"
705802,旺矽統一63購03,0,0,0,0.0,0.0,0.0,0,0,0,"2,000",0,0,0,"2,000",0,"2,000","2,000"
705804,環球晶統一63購01,0,0,0,0.0,0.0,0.0,0,0,0,"-12,000",0,0,0,0,"12,000","-12,000","-12,000"
705805,環球晶統一63購02,0,0,0,0.0,0.0,0.0,0,0,0,"-25,000",0,0,0,"6,000","31,000","-25,000","-25,000"
705806,環球晶統一73購01,0,0,0,0.0,0.0,0.0,0,0,0,"-15,000",0,0,0,"15,000","30,000","-15,000","-15,000"
705807,環球晶統一73購02,0,0,0,0.0,0.0,0.0,0,0,0,"4,000",0,0,0,"6,000","2,000","4,000","4,000"
705819,台星科永豐5C購01,0,0,0,0.0,0.0,0.0,0,0,0,"58,000",0,0,0,"58,000",0,"58,000","58,000"
705826,順達永豐61購01,0,0,0,0.0,0.0,0.0,0,0,0,"-22,000",0,0,0,0,"22,000","-22,000","-22,000"
705827,良維兆豐5B購01,0,0,0,0.0,0.0,0.0,0,0,0,"3,000",0,0,0,"3,000",0,"3,000","3,000"
705841,元太元大5B購01,0,0,0,0.0,0.0,0.0,0,0,0,"-18,000",0,0,0,0,"18,000","-18,000","-18,000"
705847,新應材元大61購02,0,0,0,0.0,0.0,0.0,0,0,0,"-90,000",0,0,0,0,"90,000","-90,000","-90,000"
705853,雙鴻元大61購10,0,0,0,0.0,0.0,0.0,0,0,0,"-272,000",0,0,0,"38,000","310,000","-272,000","-272,000"
705857,沛亨統一73購01,0,0,0,0.0,0.0,0.0,0,0,0,"2,000",0,0,0,"3,000","1,000","2,000","2,000"
705858,良維統一73購01,0,0,0,0.0,0.0,0.0,0,0,0,"-5,000",0,0,0,0,"5,000","-5,000","-5,000"
705859,旺矽統一73購01,0,0,0,0.0,0.0,0.0,0,0,0,"10,000",0,0,0,"10,000",0,"10,000","10,000"
705860,順達統一73購01,0,0,0,0.0,0.0,0.0,0,0,0,"-110,000",0,0,0,0,"110,000","-110,000","-110,000"
705861,新應材統一73購01,0,0,0,0.0,0.0,0.0,0,0,0,"-147,000",0,0,0,0,"147,000","-147,000","-147,000"
705870,信驊凱基5B購01,0,0,0,0.0,0.0,0.0,0,0,0,"-1,000",0,0,0,0,"1,000","-1,000","-1,000"
705872,信驊凱基61購03,0,0,0,0.0,0.0,0.0,0,0,0,"-17,000",0,0,0,0,"17,000","-17,000","-17,000"
705874,鈊象凱基61購02,0,0,0,0.0,0.0,0.0,0,0,0,"-24,000",0,0,0,"102,000","126,000","-24,000","-24,000"
705877,環球晶凱基61購01,0,0,0,0.0,0.0,0.0,0,0,0,"-1,000",0,0,0,0,"1,000","-1,000","-1,000"
705894,元太凱基5B購02,0,0,0,0.0,0.0,0.0,0,0,0,"-30,000",0,0,0,0,"30,000","-30,000","-30,000"
705896,台特化凱基5C購01,0,0,0,0.0,0.0,0.0,0,0,0,"-3,000",0,0,0,0,"3,000","-3,000","-3,000"
705923,弘塑永豐5B購02,0,0,0,0.0,0.0,0.0,0,0,0,"-1,000",0,0,0,0,"1,000","-1,000","-1,000"
705926,新應材永豐5C購04,0,0,0,0.0,0.0,0.0,0,0,0,"50,000",0,0,0,"50,000",0,"50,000","50,000"
705927,新應材永豐63購02,0,0,0,0.0,0.0,0.0,0,0,0,"-1,000",0,0,0,0,"1,000","-1,000","-1,000"
705928,雙鴻永豐63購01,0,0,0,0.0,0.0,0.0,0,0,0,"-432,000",0,0,0,0,"432,000","-432,000","-432,000"
705933,宜鼎國票5C購01,0,0,0,0.0,0.0,0.0,0,0,0,"51,000",0,0,0,"74,000","23,000","51,000","51,000"
705940,新應材國票5C購01,0,0,0,0.0,0.0,0.0,0,0,0,"-100,000",0,0,0,"100,000","200,000","-100,000","-100,000"
705945,均豪統一73購01,0,0,0,0.0,0.0,0.0,0,0,0,"8,000",0,0,0,"8,000",0,"8,000","8,000"
705946,宏捷科統一63購01,0,0,0,0.0,0.0,0.0,0,0,0,"143,000",0,0,0,"198,000","55,000","143,000","143,000"
705947,系微統一73購01,0,0,0,0.0,0.0,0.0,0,0,0,"-88,000",0,0,0,"23,000","111,000","-88,000","-88,000"
705949,良維統一73購02,0,0,0,0.0,0.0,0.0,0,0,0,"-10,000",0,0,0,0,"10,000","-10,000","-10,000"
705951,信紘科統一63購01,0,0,0,0.0,0.0,0.0,0,0,0,"104,000",0,0,0,"106,000","2,000","104,000","104,000"
705953,鉅橡統一73購01,0,0,0,0.0,0.0,0.0,0,0,0,"100,000",0,0,0,"100,000",0,"100,000","100,000"
705954,鈺太統一66購01,0,0,0,0.0,0.0,0.0,0,0,0,"-2,000",0,0,0,0,"2,000","-2,000","-2,000"
705998,神盾群益5B購01,0,0,0,0.0,0.0,0.0,0,0,0,"-25,000",0,0,0,0,"25,000","-25,000","-25,000"
706011,博智凱基5C購01,0,0,0,0.0,0.0,0.0,0,0,0,"-40,000",0,0,0,0,"40,000","-40,000","-40,000"
706017,宜鼎中信61購01,0,0,0,0.0,0.0,0.0,0,0,0,"-10,000",0,0,0,0,"10,000","-10,000","-10,000"
706018,弘塑永豐63購01,0,0,0,0.0,0.0,0.0,0,0,0,"5,000",0,0,0,"5,000",0,"5,000","5,000"
706027,大中統一73購01,0,0,0,0.0,0.0,0.0,0,0,0,"3,000",0,0,0,"5,000","2,000","3,000","3,000"
706031,均華統一63購03,0,0,0,0.0,0.0,0.0,0,0,0,"-442,000",0,0,0,0,"442,000","-442,000","-442,000"
706032,均華統一73購01,0,0,0,0.0,0.0,0.0,0,0,0,"-46,000",0,0,0,0,"46,000","-46,000","-46,000"
706034,宜鼎統一62購01,0,0,0,0.0,0.0,0.0,0,0,0,"-6,000",0,0,0,0,"6,000","-6,000","-6,000"
706036,新普統一63購01,0,0,0,0.0,0.0,0.0,0,0,0,"-3,000",0,0,0,0,"3,000","-3,000","-3,000"
706038,聖暉*統一61購01,0,0,0,0.0,0.0,0.0,0,0,0,"324,000",0,0,0,"381,000","57,000","324,000","324,000"
706040,鑫聯統一62購02,0,0,0,0.0,0.0,0.0,0,0,0,"-5,000",0,0,0,0,"5,000","-5,000","-5,000"
706054,台特化元大5B購01,0,0,0,0.0,0.0,0.0,0,0,0,"-30,000",0,0,0,0,"30,000","-30,000","-30,000"
706055,台特化元大63購01,0,0,0,0.0,0.0,0.0,0,0,0,"5,000",0,0,0,"15,000","10,000","5,000","5,000"
706060,弘塑元大63購02,0,0,0,0.0,0.0,0.0,0,0,0,"31,000",0,0,0,"36,000","5,000","31,000","31,000"
706071,雙鴻元大63購01,0,0,0,0.0,0.0,0.0,0,0,0,"3,000",0,0,0,"3,000",0,"3,000","3,000"
706072,弘塑凱基5A購01,0,0,0,0.0,0.0,0.0,0,0,0,"160,000",0,0,0,"160,000",0,"160,000","160,000"
706073,宜鼎凱基5A購04,0,0,0,0.0,0.0,0.0,0,0,0,"94,000",0,0,0,"94,000",0,"94,000","94,000"
706074,鈊象凱基5C購01,0,0,0,0.0,0.0,0.0,0,0,0,"80,000",0,0,0,"80,000",0,"80,000","80,000"
706081,雙鴻中信63購01,0,0,0,0.0,0.0,0.0,0,0,0,"-118,000",0,0,0,"60,000","178,000","-118,000","-118,000"
706087,旺矽永豐61購02,0,0,0,0.0,0.0,0.0,0,0,0,"-35,000",0,0,0,0,"35,000","-35,000","-35,000"
706088,旺矽永豐64購01,0,0,0,0.0,0.0,0.0,0,0,0,"-4,000",0,0,0,0,"4,000","-4,000","-4,000"
706092,力致國泰5A購01,0,0,0,0.0,0.0,0.0,0,0,0,"40,000",0,0,0,"40,000",0,"40,000","40,000"
706094,均豪國泰5A購01,0,0,0,0.0,0.0,0.0,0,0,0,"83,000",0,0,0,"83,000",0,"83,000","83,000"
706097,弘塑富邦5C購01,0,0,0,0.0,0.0,0.0,0,0,0,"-334,000",0,0,0,0,"334,000","-334,000","-334,000"
706098,宜鼎富邦5C購03,0,0,0,0.0,0.0,0.0,0,0,0,"87,000",0,0,0,"315,000","228,000","87,000","87,000"
706105,宏捷科元大5C購01,0,0,0,0.0,0.0,0.0,0,0,0,"-55,000",0,0,0,"1,000","56,000","-55,000","-55,000"
706117,台半國票5A購02,0,0,0,0.0,0.0,0.0,0,0,0,"24,000",0,0,0,"24,000",0,"24,000","24,000"
706118,台星科國票61購01,0,0,0,0.0,0.0,0.0,0,0,0,"21,000",0,0,0,"21,000",0,"21,000","21,000"
706119,宏捷科國票5A購01,0,0,0,0.0,0.0,0.0,0,0,0,"290,000",0,0,0,"290,000",0,"290,000","290,000"
706120,良維國票5A購01,0,0,0,0.0,0.0,0.0,0,0,0,"208,000",0,0,0,"208,000",0,"208,000","208,000"
706121,宜鼎國票5A購03,0,0,0,0.0,0.0,0.0,0,0,0,"4,149,000",0,0,0,"4,150,000","1,000","4,149,000","4,149,000"
706124,臺慶科國票61購01,0,0,0,0.0,0.0,0.0,0,0,0,"-4,000",0,0,0,"24,000","28,000","-4,000","-4,000"
706125,鑫聯國票5C購01,0,0,0,0.0,0.0,0.0,0,0,0,"-459,000",0,0,0,0,"459,000","-459,000","-459,000"
706126,大綜統一63購01,0,0,0,0.0,0.0,0.0,0,0,0,"7,000",0,0,0,"7,000",0,"7,000","7,000"
706127,大綜統一66購01,0,0,0,0.0,0.0,0.0,0,0,0,"-135,000",0,0,0,"227,000","362,000","-135,000","-135,000"
706134,宜鼎統一63購02,0,0,0,0.0,0.0,0.0,0,0,0,"268,000",0,0,0,"370,000","102,000","268,000","268,000"
706135,宜鼎統一63購03,0,0,0,0.0,0.0,0.0,0,0,0,"-39,000",0,0,0,"10,000","49,000","-39,000","-39,000"
706136,宜鼎統一66購02,0,0,0,0.0,0.0,0.0,0,0,0,"-21,000",0,0,0,0,"21,000","-21,000","-21,000"
706137,宜鼎統一73購01,0,0,0,0.0,0.0,0.0,0,0,0,"-614,000",0,0,0,"69,000","683,000","-614,000","-614,000"
706139,聚和統一73購01,0,0,0,0.0,0.0,0.0,0,0,0,"2,000",0,0,0,"4,000","2,000","2,000","2,000"
706150,旺矽群益63購01,0,0,0,0.0,0.0,0.0,0,0,0,"26,000",0,0,0,"27,000","1,000","26,000","26,000"
706154,雙鴻群益63購02,0,0,0,0.0,0.0,0.0,0,0,0,"-68,000",0,0,0,0,"68,000","-68,000","-68,000"
706155,台特化凱基5C購02,0,0,0,0.0,0.0,0.0,0,0,0,"184,000",0,0,0,"184,000",0,"184,000","184,000"
706161,旺矽凱基63購01,0,0,0,0.0,0.0,0.0,0,0,0,"-412,000",0,0,0,"54,000","466,000","-412,000","-412,000"
706168,雙鴻凱基63購01,0,0,0,0.0,0.0,0.0,0,0,0,"-495,000",0,0,0,"3,000","498,000","-495,000","-495,000"
706178,弘塑富邦63購01,0,0,0,0.0,0.0,0.0,0,0,0,"-395,000",0,0,0,"122,000","517,000","-395,000","-395,000"
706179,均華富邦5B購01,0,0,0,0.0,0.0,0.0,0,0,0,"60,000",0,0,0,"60,000",0,"60,000","60,000"
706180,均華統一63購04,0,0,0,0.0,0.0,0.0,0,0,0,"64,000",0,0,0,"332,000","268,000","64,000","64,000"
706182,旺矽統一63購05,0,0,0,0.0,0.0,0.0,0,0,0,"-10,000",0,0,0,"38,000","48,000","-10,000","-10,000"
706184,台特化元大63購03,0,0,0,0.0,0.0,0.0,0,0,0,"-150,000",0,0,0,0,"150,000","-150,000","-150,000"
706185,均華元大5C購01,0,0,0,0.0,0.0,0.0,0,0,0,"60,000",0,0,0,"60,000",0,"60,000","60,000"
706186,宏捷科元大5C購02,0,0,0,0.0,0.0,0.0,0,0,0,"576,000",0,0,0,"576,000",0,"576,000","576,000"
706206,均華國票5B購01,0,0,0,0.0,0.0,0.0,0,0,0,"300,000",0,0,0,"300,000",0,"300,000","300,000"
706207,宜鼎國票65購01,0,0,0,0.0,0.0,0.0,0,0,0,"307,000",0,0,0,"390,000","83,000","307,000","307,000"
706208,旺矽國票5C購01,0,0,0,0.0,0.0,0.0,0,0,0,"-30,000",0,0,0,0,"30,000","-30,000","-30,000"
706209,旺矽國票67購01,0,0,0,0.0,0.0,0.0,0,0,0,"60,000",0,0,0,"105,000","45,000","60,000","60,000"
706210,德微國票65購01,0,0,0,0.0,0.0,0.0,0,0,0,"1,000",0,0,0,"1,000",0,"1,000","1,000"
706214,宜鼎永豐5B購01,0,0,0,0.0,0.0,0.0,0,0,0,"-260,000",0,0,0,0,"260,000","-260,000","-260,000"
706215,旺矽永豐5C購01,0,0,0,0.0,0.0,0.0,0,0,0,"-27,000",0,0,0,"2,000","29,000","-27,000","-27,000"
706219,精測永豐61購01,0,0,0,0.0,0.0,0.0,0,0,0,"60,000",0,0,0,"60,000",0,"60,000","60,000"
706223,弘塑元富5C購01,0,0,0,0.0,0.0,0.0,0,0,0,"-58,000",0,0,0,0,"58,000","-58,000","-58,000"
706225,宏捷科元富5C購02,0,0,0,0.0,0.0,0.0,0,0,0,"68,000",0,0,0,"234,000","166,000","68,000","68,000"
706240,元太兆豐63購01,0,0,0,0.0,0.0,0.0,0,0,0,"-161,000",0,0,0,0,"161,000","-161,000","-161,000"
706241,環球晶兆豐5B購01,0,0,0,0.0,0.0,0.0,0,0,0,"50,000",0,0,0,"50,000",0,"50,000","50,000"
706245,M31凱基5B購01,0,0,0,0.0,0.0,0.0,0,0,0,"-50,000",0,0,0,0,"50,000","-50,000","-50,000"
706249,宏捷科凱基5C購01,0,0,0,0.0,0.0,0.0,0,0,0,"18,000",0,0,0,"28,000","10,000","18,000","18,000"
706252,信驊凱基5B購02,0,0,0,0.0,0.0,0.0,0,0,0,"-15,000",0,0,0,0,"15,000","-15,000","-15,000"
706253,信驊凱基5C購01,0,0,0,0.0,0.0,0.0,0,0,0,"-10,000",0,0,0,0,"10,000","-10,000","-10,000"
706259,M31永豐5B購01,0,0,0,0.0,0.0,0.0,0,0,0,"35,000",0,0,0,"35,000",0,"35,000","35,000"
706260,M31永豐5C購01,0,0,0,0.0,0.0,0.0,0,0,0,"64,000",0,0,0,"64,000",0,"64,000","64,000"
706261,大中永豐5B購01,0,0,0,0.0,0.0,0.0,0,0,0,"-2,000",0,0,0,0,"2,000","-2,000","-2,000"
706275,信驊群益5B購05,0,0,0,0.0,0.0,0.0,0,0,0,"-108,000",0,0,0,"45,000","153,000","-108,000","-108,000"
706282,M31統一63購03,0,0,0,0.0,0.0,0.0,0,0,0,"-10,000",0,0,0,0,"10,000","-10,000","-10,000"
706285,信驊富邦5C購01,0,0,0,0.0,0.0,0.0,0,0,0,"-16,000",0,0,0,0,"16,000","-16,000","-16,000"
706287,雙鴻富邦5C購03,0,0,0,0.0,0.0,0.0,0,0,0,"45,000",0,0,0,"110,000","65,000","45,000","45,000"
706288,M31國票5A購01,0,0,0,0.0,0.0,0.0,0,0,0,"50,000",0,0,0,"50,000",0,"50,000","50,000"
706293,沛亨國票5A購02,0,0,0,0.0,0.0,0.0,0,0,0,"187,000",0,0,0,"187,000",0,"187,000","187,000"
706313,雙鴻元大5C購04,0,0,0,0.0,0.0,0.0,0,0,0,"264,000",0,0,0,"397,000","133,000","264,000","264,000"
706317,弘塑兆豐5B購01,0,0,0,0.0,0.0,0.0,0,0,0,"12,000",0,0,0,"12,000",0,"12,000","12,000"
706318,聖暉*兆豐5B購01,0,0,0,0.0,0.0,0.0,0,0,0,"1,000",0,0,0,"1,000",0,"1,000","1,000"
706328,弘塑國票65購01,0,0,0,0.0,0.0,0.0,0,0,0,"-36,000",0,0,0,0,"36,000","-36,000","-36,000"
706331,亞泰國票5A購01,0,0,0,0.0,0.0,0.0,0,0,0,"-1,000",0,0,0,0,"1,000","-1,000","-1,000"
706339,雙鴻元大5C購05,0,0,0,0.0,0.0,0.0,0,0,0,"49,000",0,0,0,"498,000","449,000","49,000","49,000"
706344,德微富邦5C購01,0,0,0,0.0,0.0,0.0,0,0,0,"50,000",0,0,0,"50,000",0,"50,000","50,000"
706347,印能統一63購01,0,0,0,0.0,0.0,0.0,0,0,0,"-10,000",0,0,0,0,"10,000","-10,000","-10,000"
706349,博智統一63購01,0,0,0,0.0,0.0,0.0,0,0,0,"278,000",0,0,0,"281,000","3,000","278,000","278,000"
706351,弘塑永豐5C購03,0,0,0,0.0,0.0,0.0,0,0,0,"-65,000",0,0,0,0,"65,000","-65,000","-65,000"
706354,雙鴻永豐61購02,0,0,0,0.0,0.0,0.0,0,0,0,"5,000",0,0,0,"5,000",0,"5,000","5,000"
706355,雙鴻永豐64購01,0,0,0,0.0,0.0,0.0,0,0,0,"192,000",0,0,0,"300,000","108,000","192,000","192,000"
706371,良維凱基61購01,0,0,0,0.0,0.0,0.0,0,0,0,"-104,000",0,0,0,0,"104,000","-104,000","-104,000"
706411,中美晶凱基5A購01,0,0,0,0.0,0.0,0.0,0,0,0,"5,000",0,0,0,"5,000",0,"5,000","5,000"
706412,弘塑凱基5B購01,0,0,0,0.0,0.0,0.0,0,0,0,"-81,000",0,0,0,"19,000","100,000","-81,000","-81,000"
706415,閎康凱基5B購01,0,0,0,0.0,0.0,0.0,0,0,0,"-150,000",0,0,0,0,"150,000","-150,000","-150,000"
706419,弘塑富邦61購01,0,0,0,0.0,0.0,0.0,0,0,0,"-952,000",0,0,0,"70,000","1,022,000","-952,000","-952,000"
706420,宏捷科富邦5B購01,0,0,0,0.0,0.0,0.0,0,0,0,"198,000",0,0,0,"456,000","258,000","198,000","198,000"
706421,宏捷科富邦5C購01,0,0,0,0.0,0.0,0.0,0,0,0,"599,000",0,0,0,"994,000","395,000","599,000","599,000"
706423,智通*富邦5B購02,0,0,0,0.0,0.0,0.0,0,0,0,"-15,000",0,0,0,"64,000","79,000","-15,000","-15,000"
706452,中美晶永豐5C購01,0,0,0,0.0,0.0,0.0,0,0,0,"2,000",0,0,0,"2,000",0,"2,000","2,000"
706453,弘塑永豐63購02,0,0,0,0.0,0.0,0.0,0,0,0,"-66,000",0,0,0,"5,000","71,000","-66,000","-66,000"
706456,博智永豐5C購01,0,0,0,0.0,0.0,0.0,0,0,0,"39,000",0,0,0,"39,000",0,"39,000","39,000"
706461,鑫聯永豐61購01,0,0,0,0.0,0.0,0.0,0,0,0,0,0,0,0,"428,000","428,000",0,0
706468,華宏元富5B購01,0,0,0,0.0,0.0,0.0,0,0,0,"1,000",0,0,0,"1,000",0,"1,000","1,000"
706476,良維凱基5C購01,0,0,0,0.0,0.0,0.0,0,0,0,"-120,000",0,0,0,0,"120,000","-120,000","-120,000"
706479,博智凱基61購01,0,0,0,0.0,0.0,0.0,0,0,0,"918,000",0,0,0,"979,000","61,000","918,000","918,000"
706480,湧德凱基5B購01,0,0,0,0.0,0.0,0.0,0,0,0,"126,000",0,0,0,"126,000",0,"126,000","126,000"
706485,雙鴻凱基5C購04,0,0,0,0.0,0.0,0.0,0,0,0,"64,000",0,0,0,"67,000","3,000","64,000","64,000"
706496,宜特群益63購01,0,0,0,0.0,0.0,0.0,0,0,0,"-163,000",0,0,0,0,"163,000","-163,000","-163,000"
706497,博智群益69購01,0,0,0,0.0,0.0,0.0,0,0,0,"1,000",0,0,0,"1,000",0,"1,000","1,000"
706503,世界富邦61購01,0,0,0,0.0,0.0,0.0,0,0,0,"13,000",0,0,0,"63,000","50,000","13,000","13,000"
706513,博智元大63購01,0,0,0,0.0,0.0,0.0,0,0,0,"-145,000",0,0,0,0,"145,000","-145,000","-145,000"
706524,雙鴻中信63購02,0,0,0,0.0,0.0,0.0,0,0,0,"-470,000",0,0,0,"162,000","632,000","-470,000","-470,000"
706536,順達國票5A購02,0,0,0,0.0,0.0,0.0,0,0,0,"-50,000",0,0,0,0,"50,000","-50,000","-50,000"
706538,鈺太國票5A購01,0,0,0,0.0,0.0,0.0,0,0,0,"1,000",0,0,0,"1,000",0,"1,000","1,000"
706549,穩得凱基63購01,0,0,0,0.0,0.0,0.0,0,0,0,"-5,000",0,0,0,0,"5,000","-5,000","-5,000"
706550,鑫聯凱基61購01,0,0,0,0.0,0.0,0.0,0,0,0,"20,000",0,0,0,"170,000","150,000","20,000","20,000"
706557,聖暉*永豐5B購01,0,0,0,0.0,0.0,0.0,0,0,0,"186,000",0,0,0,"186,000",0,"186,000","186,000"
706564,良維富邦5C購01,0,0,0,0.0,0.0,0.0,0,0,0,"-26,000",0,0,0,"473,000","499,000","-26,000","-26,000"
706565,博智富邦61購01,0,0,0,0.0,0.0,0.0,0,0,0,"87,000",0,0,0,"87,000",0,"87,000","87,000"
706566,順達富邦5C購01,0,0,0,0.0,0.0,0.0,0,0,0,"-198,000",0,0,0,"260,000","458,000","-198,000","-198,000"
706567,精測富邦5B購01,0,0,0,0.0,0.0,0.0,0,0,0,"4,400,000",0,0,0,"4,828,000","428,000","4,400,000","4,400,000"
706572,良維群益61購01,0,0,0,0.0,0.0,0.0,0,0,0,"15,000",0,0,0,"15,000",0,"15,000","15,000"
706573,博智群益63購01,0,0,0,0.0,0.0,0.0,0,0,0,"3,000",0,0,0,"13,000","10,000","3,000","3,000"
706576,順達群益5C購01,0,0,0,0.0,0.0,0.0,0,0,0,"7,000",0,0,0,"40,000","33,000","7,000","7,000"
706579,精測群益63購01,0,0,0,0.0,0.0,0.0,0,0,0,"1,209,000",0,0,0,"2,174,000","965,000","1,209,000","1,209,000"
706588,博智元大63購02,0,0,0,0.0,0.0,0.0,0,0,0,"272,000",0,0,0,"287,000","15,000","272,000","272,000"
706590,萬泰科元大5C購02,0,0,0,0.0,0.0,0.0,0,0,0,"4,000",0,0,0,"5,000","1,000","4,000","4,000"
706594,精測元大5C購03,0,0,0,0.0,0.0,0.0,0,0,0,"-245,000",0,0,0,"10,000","255,000","-245,000","-245,000"
706596,中美晶凱基5B購01,0,0,0,0.0,0.0,0.0,0,0,0,"-1,000",0,0,0,0,"1,000","-1,000","-1,000"
706612,弘塑國票5C購01,0,0,0,0.0,0.0,0.0,0,0,0,"-21,000",0,0,0,0,"21,000","-21,000","-21,000"
706613,弘塑國票63購01,0,0,0,0.0,0.0,0.0,0,0,0,"-20,000",0,0,0,0,"20,000","-20,000","-20,000"
706625,譜瑞國票5A購01,0,0,0,0.0,0.0,0.0,0,0,0,"96,000",0,0,0,"96,000",0,"96,000","96,000"
706659,弘塑富邦61購02,0,0,0,0.0,0.0,0.0,0,0,0,"96,000",0,0,0,"96,000",0,"96,000","96,000"
706660,均豪富邦61購01,0,0,0,0.0,0.0,0.0,0,0,0,"-231,000",0,0,0,0,"231,000","-231,000","-231,000"
706662,沛亨富邦61購01,0,0,0,0.0,0.0,0.0,0,0,0,"312,000",0,0,0,"380,000","68,000","312,000","312,000"
706663,華電網富邦5C購01,0,0,0,0.0,0.0,0.0,0,0,0,"-2,000",0,0,0,0,"2,000","-2,000","-2,000"
706667,閎康永豐5B購01,0,0,0,0.0,0.0,0.0,0,0,0,"-25,000",0,0,0,0,"25,000","-25,000","-25,000"
706677,順達兆豐5B購02,0,0,0,0.0,0.0,0.0,0,0,0,"15,000",0,0,0,"15,000",0,"15,000","15,000"
706687,台特化凱基63購01,0,0,0,0.0,0.0,0.0,0,0,0,"64,000",0,0,0,"76,000","12,000","64,000","64,000"
706695,立碁永豐5A購01,0,0,0,0.0,0.0,0.0,0,0,0,"20,000",0,0,0,"20,000",0,"20,000","20,000"
706696,立碁永豐5B購01,0,0,0,0.0,0.0,0.0,0,0,0,"2,000",0,0,0,"2,000",0,"2,000","2,000"
706698,穩得永豐61購01,0,0,0,0.0,0.0,0.0,0,0,0,"-20,000",0,0,0,0,"20,000","-20,000","-20,000"
706705,立碁國票5A購01,0,0,0,0.0,0.0,0.0,0,0,0,"-5,000",0,0,0,"5,000","10,000","-5,000","-5,000"
706710,良維統一62購02,0,0,0,0.0,0.0,0.0,0,0,0,"-23,000",0,0,0,"3,000","26,000","-23,000","-23,000"
706712,信紘科統一63購02,0,0,0,0.0,0.0,0.0,0,0,0,"23,000",0,0,0,"51,000","28,000","23,000","23,000"
706714,閎康統一63購01,0,0,0,0.0,0.0,0.0,0,0,0,"-10,000",0,0,0,0,"10,000","-10,000","-10,000"
706715,萬泰科統一62購02,0,0,0,0.0,0.0,0.0,0,0,0,"-10,000",0,0,0,0,"10,000","-10,000","-10,000"
706732,閎康元大5A購01,0,0,0,0.0,0.0,0.0,0,0,0,"4,000",0,0,0,"4,000",0,"4,000","4,000"
706733,閎康元大63購03,0,0,0,0.0,0.0,0.0,0,0,0,"-4,000",0,0,0,0,"4,000","-4,000","-4,000"
706751,聖暉*兆豐5B購02,0,0,0,0.0,0.0,0.0,0,0,0,"13,000",0,0,0,"13,000",0,"13,000","13,000"
706754,世紀*國票5A購02,0,0,0,0.0,0.0,0.0,0,0,0,"1,000",0,0,0,"1,000",0,"1,000","1,000"
706760,順達國票5B購01,0,0,0,0.0,0.0,0.0,0,0,0,"1,400,000",0,0,0,"1,400,000",0,"1,400,000","1,400,000"
706761,聖暉*國票5A購04,0,0,0,0.0,0.0,0.0,0,0,0,"3,000",0,0,0,"26,000","23,000","3,000","3,000"
706789,前鼎群益5B購01,0,0,0,0.0,0.0,0.0,0,0,0,"-15,000",0,0,0,0,"15,000","-15,000","-15,000"
706790,順達群益5B購02,0,0,0,0.0,0.0,0.0,0,0,0,0,0,0,0,"15,000","15,000",0,0
706796,鈊象富邦5B購02,0,0,0,0.0,0.0,0.0,0,0,0,"-331,000",0,0,0,0,"331,000","-331,000","-331,000"
706799,立碁統一63購01,0,0,0,0.0,0.0,0.0,0,0,0,"125,000",0,0,0,"131,000","6,000","125,000","125,000"
706800,立碁統一66購01,0,0,0,0.0,0.0,0.0,0,0,0,"-181,000",0,0,0,"80,000","261,000","-181,000","-181,000"
706801,順達統一63購02,0,0,0,0.0,0.0,0.0,0,0,0,"-50,000",0,0,0,"4,000","54,000","-50,000","-50,000"
706803,聖暉*統一65購01,0,0,0,0.0,0.0,0.0,0,0,0,"908,000",0,0,0,"915,000","7,000","908,000","908,000"
706804,雙鴻統一66購01,0,0,0,0.0,0.0,0.0,0,0,0,"-4,000",0,0,0,0,"4,000","-4,000","-4,000"
706808,聖暉*永豐5B購02,0,0,0,0.0,0.0,0.0,0,0,0,"320,000",0,0,0,"365,000","45,000","320,000","320,000"
706843,鈊象元大5C購04,0,0,0,0.0,0.0,0.0,0,0,0,"-576,000",0,0,0,0,"576,000","-576,000","-576,000"
706844,鈊象元大63購04,0,0,0,0.0,0.0,0.0,0,0,0,"25,000",0,0,0,"25,000",0,"25,000","25,000"
706845,萬泰科元大63購01,0,0,0,0.0,0.0,0.0,0,0,0,"8,000",0,0,0,"56,000","48,000","8,000","8,000"
706852,鈊象永豐5B購01,0,0,0,0.0,0.0,0.0,0,0,0,"145,000",0,0,0,"155,000","10,000","145,000","145,000"
706856,宜特元富5C購01,0,0,0,0.0,0.0,0.0,0,0,0,"96,000",0,0,0,"148,000","52,000","96,000","96,000"
706857,匯鑽科元富5A購01,0,0,0,0.0,0.0,0.0,0,0,0,"709,000",0,0,0,"709,000",0,"709,000","709,000"
706859,漢科元富5A購01,0,0,0,0.0,0.0,0.0,0,0,0,"410,000",0,0,0,"410,000",0,"410,000","410,000"
706860,廣運元富5C購01,0,0,0,0.0,0.0,0.0,0,0,0,"10,000",0,0,0,"10,000",0,"10,000","10,000"
706863,中美晶群益62購01,0,0,0,0.0,0.0,0.0,0,0,0,"3,000",0,0,0,"13,000","10,000","3,000","3,000"
706871,鈊象群益5B購01,0,0,0,0.0,0.0,0.0,0,0,0,"-130,000",0,0,0,0,"130,000","-130,000","-130,000"
706872,聖暉*群益5C購01,0,0,0,0.0,0.0,0.0,0,0,0,"235,000",0,0,0,"271,000","36,000","235,000","235,000"
706892,鈊象元大63購05,0,0,0,0.0,0.0,0.0,0,0,0,"85,000",0,0,0,"86,000","1,000","85,000","85,000"
706901,聖暉*凱基5B購03,0,0,0,0.0,0.0,0.0,0,0,0,"2,000",0,0,0,"2,000",0,"2,000","2,000"
706910,元太元富63購01,0,0,0,0.0,0.0,0.0,0,0,0,"-37,000",0,0,0,0,"37,000","-37,000","-37,000"
706914,鈊象中信63購01,0,0,0,0.0,0.0,0.0,0,0,0,"-50,000",0,0,0,0,"50,000","-50,000","-50,000"
706915,中光電永豐5B購01,0,0,0,0.0,0.0,0.0,0,0,0,"2,000",0,0,0,"2,000",0,"2,000","2,000"
706923,信音永豐5C購01,0,0,0,0.0,0.0,0.0,0,0,0,"100,000",0,0,0,"100,000",0,"100,000","100,000"
706924,勤凱永豐61購01,0,0,0,0.0,0.0,0.0,0,0,0,"-105,000",0,0,0,0,"105,000","-105,000","-105,000"
706925,匯鑽科永豐61購01,0,0,0,0.0,0.0,0.0,0,0,0,"-7,000",0,0,0,"3,000","10,000","-7,000","-7,000"
706942,久元富邦5C購01,0,0,0,0.0,0.0,0.0,0,0,0,"30,000",0,0,0,"30,000",0,"30,000","30,000"
706948,印能元大64購01,0,0,0,0.0,0.0,0.0,0,0,0,"-117,000",0,0,0,"3,000","120,000","-117,000","-117,000"
706952,順達元大64購01,0,0,0,0.0,0.0,0.0,0,0,0,"-265,000",0,0,0,0,"265,000","-265,000","-265,000"
706953,鈊象元大64購02,0,0,0,0.0,0.0,0.0,0,0,0,"-636,000",0,0,0,0,"636,000","-636,000","-636,000"
706963,匯鑽科群益5C購01,0,0,0,0.0,0.0,0.0,0,0,0,"50,000",0,0,0,"50,000",0,"50,000","50,000"
706968,印能凱基64購01,0,0,0,0.0,0.0,0.0,0,0,0,"464,000",0,0,0,"532,000","68,000","464,000","464,000"
706975,高僑國票61購01,0,0,0,0.0,0.0,0.0,0,0,0,"28,000",0,0,0,"36,000","8,000","28,000","28,000"
706976,新門國票61購01,0,0,0,0.0,0.0,0.0,0,0,0,"253,000",0,0,0,"379,000","126,000","253,000","253,000"
706980,神盾統一64購01,0,0,0,0.0,0.0,0.0,0,0,0,"-274,000",0,0,0,0,"274,000","-274,000","-274,000"
706981,神盾統一64購02,0,0,0,0.0,0.0,0.0,0,0,0,"-100,000",0,0,0,0,"100,000","-100,000","-100,000"
706987,創泓永豐5C購01,0,0,0,0.0,0.0,0.0,0,0,0,"3,000",0,0,0,"3,000",0,"3,000","3,000"
706988,撼訊永豐5C購01,0,0,0,0.0,0.0,0.0,0,0,0,"-10,000",0,0,0,0,"10,000","-10,000","-10,000"
707000,高僑群益5B購01,0,0,0,0.0,0.0,0.0,0,0,0,"37,000",0,0,0,"40,000","3,000","37,000","37,000"
707003,群翊群益5B購01,0,0,0,0.0,0.0,0.0,0,0,0,"20,000",0,0,0,"20,000",0,"20,000","20,000"
707011,印能元大5B購01,0,0,0,0.0,0.0,0.0,0,0,0,"52,000",0,0,0,"52,000",0,"52,000","52,000"
707012,印能元大5C購02,0,0,0,0.0,0.0,0.0,0,0,0,"-128,000",0,0,0,0,"128,000","-128,000","-128,000"
707017,宏捷科元大5C購03,0,0,0,0.0,0.0,0.0,0,0,0,"596,000",0,0,0,"596,000",0,"596,000","596,000"
707025,雙鴻元大61購11,0,0,0,0.0,0.0,0.0,0,0,0,"-90,000",0,0,0,"30,000","120,000","-90,000","-90,000"
707040,千如國票5B購01,0,0,0,0.0,0.0,0.0,0,0,0,"200,000",0,0,0,"200,000",0,"200,000","200,000"
707042,印能國票5B購01,0,0,0,0.0,0.0,0.0,0,0,0,"75,000",0,0,0,"185,000","110,000","75,000","75,000"
707043,沛亨國票5B購01,0,0,0,0.0,0.0,0.0,0,0,0,"-100,000",0,0,0,0,"100,000","-100,000","-100,000"
707045,茂綸國票5B購01,0,0,0,0.0,0.0,0.0,0,0,0,0,0,0,0,"274,000","274,000",0,0
707046,博盛國票5B購01,0,0,0,0.0,0.0,0.0,0,0,0,"1,000",0,0,0,"1,000",0,"1,000","1,000"
707048,雙鴻中信64購01,0,0,0,0.0,0.0,0.0,0,0,0,0,0,0,0,"5,000","5,000",0,0
707051,印能永豐61購01,0,0,0,0.0,0.0,0.0,0,0,0,"-254,000",0,0,0,"44,000","298,000","-254,000","-254,000"
707054,安葆永豐5B購01,0,0,0,0.0,0.0,0.0,0,0,0,"-144,000",0,0,0,0,"144,000","-144,000","-144,000"
707060,智通*永豐5C購01,0,0,0,0.0,0.0,0.0,0,0,0,"15,000",0,0,0,"15,000",0,"15,000","15,000"
707063,台嘉碩國泰5B購01,0,0,0,0.0,0.0,0.0,0,0,0,"13,000",0,0,0,"24,000","11,000","13,000","13,000"
707064,金山電國泰5B購01,0,0,0,0.0,0.0,0.0,0,0,0,"1,000",0,0,0,"1,000",0,"1,000","1,000"
707066,元太富邦5C購01,0,0,0,0.0,0.0,0.0,0,0,0,"-50,000",0,0,0,0,"50,000","-50,000","-50,000"
707071,立碁統一67購01,0,0,0,0.0,0.0,0.0,0,0,0,"3,000",0,0,0,"3,000",0,"3,000","3,000"
707072,立碁統一74購01,0,0,0,0.0,0.0,0.0,0,0,0,"-50,000",0,0,0,"43,000","93,000","-50,000","-50,000"
707073,印能統一63購02,0,0,0,0.0,0.0,0.0,0,0,0,"-133,000",0,0,0,0,"133,000","-133,000","-133,000"
707074,印能統一74購01,0,0,0,0.0,0.0,0.0,0,0,0,"9,000",0,0,0,"11,000","2,000","9,000","9,000"
707075,沛亨統一74購01,0,0,0,0.0,0.0,0.0,0,0,0,"-35,000",0,0,0,0,"35,000","-35,000","-35,000"
707078,能率統一67購01,0,0,0,0.0,0.0,0.0,0,0,0,"90,000",0,0,0,"90,000",0,"90,000","90,000"
707080,華電網統一74購01,0,0,0,0.0,0.0,0.0,0,0,0,"44,000",0,0,0,"52,000","8,000","44,000","44,000"
707082,順達統一63購03,0,0,0,0.0,0.0,0.0,0,0,0,"4,000",0,0,0,"9,000","5,000","4,000","4,000"
707083,頎邦統一63購01,0,0,0,0.0,0.0,0.0,0,0,0,"351,000",0,0,0,"351,000",0,"351,000","351,000"
707089,雙鴻統一62購05,0,0,0,0.0,0.0,0.0,0,0,0,"5,000",0,0,0,"5,000",0,"5,000","5,000"
707103,中光電兆豐64購01,0,0,0,0.0,0.0,0.0,0,0,0,"-10,000",0,0,0,0,"10,000","-10,000","-10,000"
707108,群翊群益5C購01,0,0,0,0.0,0.0,0.0,0,0,0,"-12,000",0,0,0,0,"12,000","-12,000","-12,000"
707110,頎邦群益5B購01,0,0,0,0.0,0.0,0.0,0,0,0,"2,000",0,0,0,"2,000",0,"2,000","2,000"
707119,雙鴻凱基5C購05,0,0,0,0.0,0.0,0.0,0,0,0,"-1,000",0,0,0,"2,000","3,000","-1,000","-1,000"
707129,宜特富邦5C購01,0,0,0,0.0,0.0,0.0,0,0,0,"220,000",0,0,0,"555,000","335,000","220,000","220,000"
707133,正淩統一63購01,0,0,0,0.0,0.0,0.0,0,0,0,"315,000",0,0,0,"315,000",0,"315,000","315,000"
707134,同致統一64購01,0,0,0,0.0,0.0,0.0,0,0,0,"5,000",0,0,0,"5,000",0,"5,000","5,000"
707140,萬泰科統一74購01,0,0,0,0.0,0.0,0.0,0,0,0,"-189,000",0,0,0,0,"189,000","-189,000","-189,000"
707142,群翊統一74購01,0,0,0,0.0,0.0,0.0,0,0,0,"17,000",0,0,0,"17,000",0,"17,000","17,000"
707143,頎邦統一64購02,0,0,0,0.0,0.0,0.0,0,0,0,"1,000",0,0,0,"1,000",0,"1,000","1,000"
707147,宏捷科永豐5C購01,0,0,0,0.0,0.0,0.0,0,0,0,"-16,000",0,0,0,"78,000","94,000","-16,000","-16,000"
707152,湧德永豐5B購01,0,0,0,0.0,0.0,0.0,0,0,0,"42,000",0,0,0,"42,000",0,"42,000","42,000"
707175,鈊象凱基64購02,0,0,0,0.0,0.0,0.0,0,0,0,"-3,000",0,0,0,0,"3,000","-3,000","-3,000"
707176,群翊凱基5C購01,0,0,0,0.0,0.0,0.0,0,0,0,"-60,000",0,0,0,0,"60,000","-60,000","-60,000"
707185,勤凱群益5B購01,0,0,0,0.0,0.0,0.0,0,0,0,"4,000",0,0,0,"4,000",0,"4,000","4,000"
707193,雙鴻國泰67購01,0,0,0,0.0,0.0,0.0,0,0,0,"5,000",0,0,0,"5,000",0,"5,000","5,000"
707194,久元統一64購01,0,0,0,0.0,0.0,0.0,0,0,0,"-10,000",0,0,0,0,"10,000","-10,000","-10,000"
707196,華景電統一64購01,0,0,0,0.0,0.0,0.0,0,0,0,"30,000",0,0,0,"30,000",0,"30,000","30,000"
707197,華景電統一64購02,0,0,0,0.0,0.0,0.0,0,0,0,"5,000",0,0,0,"5,000",0,"5,000","5,000"
707198,華景電統一65購01,0,0,0,0.0,0.0,0.0,0,0,0,"11,000",0,0,0,"11,000",0,"11,000","11,000"
707199,華景電統一68購01,0,0,0,0.0,0.0,0.0,0,0,0,"-10,000",0,0,0,0,"10,000","-10,000","-10,000"
707200,華景電統一74購01,"70,000",0,"70,000",0.0,0.0,0.0,0,0,0,"-93,000",0,0,0,"9,000","102,000","-93,000","-23,000"
707204,群翊統一74購02,0,0,0,0.0,0.0,0.0,0,0,0,"49,000",0,0,0,"50,000","1,000","49,000","49,000"
707209,台燿元大64購04,0,0,0,0.0,0.0,0.0,0,0,0,"1,000",0,0,0,"1,000",0,"1,000","1,000"
707221,雙鴻元大64購02,0,0,0,0.0,0.0,0.0,0,0,0,"-86,000",0,0,0,"32,000","118,000","-86,000","-86,000"
707222,世界永豐61購01,0,0,0,0.0,0.0,0.0,0,0,0,"23,000",0,0,0,"23,000",0,"23,000","23,000"
707225,台燿永豐61購02,0,0,0,0.0,0.0,0.0,0,0,0,"-1,000",0,0,0,0,"1,000","-1,000","-1,000"
707227,華景電永豐5C購01,0,0,0,0.0,0.0,0.0,0,0,0,"-544,000",0,0,0,"53,000","597,000","-544,000","-544,000"
707228,華景電永豐61購01,0,0,0,0.0,0.0,0.0,0,0,0,"-9,000",0,0,0,"111,000","120,000","-9,000","-9,000"
707229,順達永豐5B購02,0,0,0,0.0,0.0,0.0,0,0,0,"90,000",0,0,0,"100,000","10,000","90,000","90,000"
707231,順達兆豐5C購01,0,0,0,0.0,0.0,0.0,0,0,0,"-3,000",0,0,0,0,"3,000","-3,000","-3,000"
707240,久元元大61購01,0,0,0,0.0,0.0,0.0,0,0,0,"-20,000",0,0,0,0,"20,000","-20,000","-20,000"
707245,順達元大64購02,0,0,0,0.0,0.0,0.0,0,0,0,"-19,000",0,0,0,"61,000","80,000","-19,000","-19,000"
707246,鈊象元大61購01,0,0,0,0.0,0.0,0.0,0,0,0,"5,000",0,0,0,"5,000",0,"5,000","5,000"
707249,台星科國票5B購01,0,0,0,0.0,0.0,0.0,0,0,0,"667,000",0,0,0,"667,000",0,"667,000","667,000"
707251,順達國票5B購02,0,0,0,0.0,0.0,0.0,0,0,0,"-98,000",0,0,0,"2,000","100,000","-98,000","-98,000"
707255,宏捷科國泰5B購01,0,0,0,0.0,0.0,0.0,0,0,0,"-122,000",0,0,0,"2,000","124,000","-122,000","-122,000"
707256,宏捷科國泰5B購02,0,0,0,0.0,0.0,0.0,0,0,0,"40,000",0,0,0,"45,000","5,000","40,000","40,000"
707258,東捷永豐64購01,0,0,0,0.0,0.0,0.0,0,0,0,"200,000",0,0,0,"200,000",0,"200,000","200,000"
707260,勤凱永豐5C購03,0,0,0,0.0,0.0,0.0,0,0,0,"-120,000",0,0,0,"99,000","219,000","-120,000","-120,000"
707263,萬泰科永豐64購01,0,0,0,0.0,0.0,0.0,0,0,0,"-3,000",0,0,0,"40,000","43,000","-3,000","-3,000"
707265,宏捷科統一74購01,0,0,0,0.0,0.0,0.0,0,0,0,"152,000",0,0,0,"206,000","54,000","152,000","152,000"
707266,東捷統一64購02,0,0,0,0.0,0.0,0.0,0,0,0,"100,000",0,0,0,"100,000",0,"100,000","100,000"
707268,華景電統一63購01,0,0,0,0.0,0.0,0.0,0,0,0,"-312,000",0,0,0,"281,000","593,000","-312,000","-312,000"
707269,勤凱統一74購01,0,0,0,0.0,0.0,0.0,0,0,0,0,0,0,0,"8,000","8,000",0,0
707271,新盛力統一68購01,0,0,0,0.0,0.0,0.0,0,0,0,"-10,000",0,0,0,0,"10,000","-10,000","-10,000"
707273,新盛力統一74購02,0,0,0,0.0,0.0,0.0,0,0,0,"-27,000",0,0,0,0,"27,000","-27,000","-27,000"
707276,頎邦統一74購01,0,0,0,0.0,0.0,0.0,0,0,0,"-48,000",0,0,0,"2,000","50,000","-48,000","-48,000"
707277,廣閎科統一74購02,0,0,0,0.0,0.0,0.0,0,0,0,"-5,000",0,0,0,0,"5,000","-5,000","-5,000"
707281,台星科凱基5A購01,0,0,0,0.0,0.0,0.0,0,0,0,"20,000",0,0,0,"20,000",0,"20,000","20,000"
707282,台燿凱基5A購02,0,0,0,0.0,0.0,0.0,0,0,0,"1,000",0,0,0,"1,000",0,"1,000","1,000"
707284,宏觀凱基64購01,0,0,0,0.0,0.0,0.0,0,0,0,"-168,000",0,0,0,"37,000","205,000","-168,000","-168,000"
707286,順達凱基64購01,0,0,0,0.0,0.0,0.0,0,0,0,"196,000",0,0,0,"210,000","14,000","196,000","196,000"
707288,鑫聯凱基5B購01,0,0,0,0.0,0.0,0.0,0,0,0,"10,000",0,0,0,"10,000",0,"10,000","10,000"
707293,台星科元大5A購02,0,0,0,0.0,0.0,0.0,0,0,0,"12,000",0,0,0,"12,000",0,"12,000","12,000"
707298,台燿元大5A購09,0,0,0,0.0,0.0,0.0,0,0,0,"66,000",0,0,0,"66,000",0,"66,000","66,000"
707300,旺矽元大5A購02,0,0,0,0.0,0.0,0.0,0,0,0,"454,000",0,0,0,"454,000",0,"454,000","454,000"
707301,旺矽元大61購01,0,0,0,0.0,0.0,0.0,0,0,0,"60,000",0,0,0,"60,000",0,"60,000","60,000"
707302,信驊元大5B購01,0,0,0,0.0,0.0,0.0,0,0,0,"-84,000",0,0,0,0,"84,000","-84,000","-84,000"
707306,台燿永豐5C購03,0,0,0,0.0,0.0,0.0,0,0,0,"391,000",0,0,0,"391,000",0,"391,000","391,000"
707308,台燿永豐67購01,0,0,0,0.0,0.0,0.0,0,0,0,"10,000",0,0,0,"20,000","10,000","10,000","10,000"
707310,安葆永豐5C購01,0,0,0,0.0,0.0,0.0,0,0,0,"-119,000",0,0,0,"1,000","120,000","-119,000","-119,000"
707314,旺矽永豐61購03,0,0,0,0.0,0.0,0.0,0,0,0,"-52,000",0,0,0,"207,000","259,000","-52,000","-52,000"
707315,旺矽永豐64購02,0,0,0,0.0,0.0,0.0,0,0,0,"90,000",0,0,0,"240,000","150,000","90,000","90,000"
707316,長科*永豐5A購01,0,0,0,0.0,0.0,0.0,0,0,0,"12,000",0,0,0,"12,000",0,"12,000","12,000"
707318,前鼎永豐61購01,0,0,0,0.0,0.0,0.0,0,0,0,"40,000",0,0,0,"40,000",0,"40,000","40,000"
707319,翔名永豐5B購01,0,0,0,0.0,0.0,0.0,0,0,0,"101,000",0,0,0,"109,000","8,000","101,000","101,000"
707323,均豪國泰61購01,0,0,0,0.0,0.0,0.0,0,0,0,"-22,000",0,0,0,0,"22,000","-22,000","-22,000"
707326,台燿富邦64購01,0,0,0,0.0,0.0,0.0,0,0,0,"56,000",0,0,0,"56,000",0,"56,000","56,000"
707327,旺矽富邦5C購01,0,0,0,0.0,0.0,0.0,0,0,0,"5,000",0,0,0,"9,000","4,000","5,000","5,000"
707328,旺矽富邦64購01,0,0,0,0.0,0.0,0.0,0,0,0,"475,000",0,0,0,"530,000","55,000","475,000","475,000"
707329,群翊富邦62購01,0,0,0,0.0,0.0,0.0,0,0,0,"80,000",0,0,0,"90,000","10,000","80,000","80,000"
707330,台燿國票5B購05,0,0,0,0.0,0.0,0.0,0,0,0,0,0,0,0,"2,000","2,000",0,0
707331,台燿統一63購01,0,0,0,0.0,0.0,0.0,0,0,0,"6,000",0,0,0,"6,000",0,"6,000","6,000"
707333,台燿統一64購04,0,0,0,0.0,0.0,0.0,0,0,0,"8,000",0,0,0,"9,000","1,000","8,000","8,000"
707334,台燿統一66購02,0,0,0,0.0,0.0,0.0,0,0,0,"-20,000",0,0,0,0,"20,000","-20,000","-20,000"
707335,台燿統一74購02,0,0,0,0.0,0.0,0.0,0,0,0,"26,000",0,0,0,"37,000","11,000","26,000","26,000"
707336,台燿統一74購03,0,0,0,0.0,0.0,0.0,0,0,0,"99,000",0,0,0,"120,000","21,000","99,000","99,000"
707339,均豪統一64購01,0,0,0,0.0,0.0,0.0,0,0,0,"153,000",0,0,0,"490,000","337,000","153,000","153,000"
707340,旺矽統一63購06,0,0,0,0.0,0.0,0.0,0,0,0,"84,000",0,0,0,"111,000","27,000","84,000","84,000"
707341,旺矽統一64購01,0,0,0,0.0,0.0,0.0,0,0,0,"4,000",0,0,0,"6,000","2,000","4,000","4,000"
707342,東捷統一74購01,0,0,0,0.0,0.0,0.0,0,0,0,"-11,000",0,0,0,0,"11,000","-11,000","-11,000"
707343,前鼎統一64購01,0,0,0,0.0,0.0,0.0,0,0,0,"24,000",0,0,0,"32,000","8,000","24,000","24,000"
707345,華景電統一74購02,0,0,0,0.0,0.0,0.0,0,0,0,"-131,000",0,0,0,"8,000","139,000","-131,000","-131,000"
707346,順達統一64購01,0,0,0,0.0,0.0,0.0,0,0,0,"-81,000",0,0,0,0,"81,000","-81,000","-81,000"
707347,勤凱統一74購02,0,0,0,0.0,0.0,0.0,0,0,0,"32,000",0,0,0,"32,000",0,"32,000","32,000"
707348,新盛力統一63購01,0,0,0,0.0,0.0,0.0,0,0,0,0,0,0,0,"1,000","1,000",0,0
707349,新盛力統一64購02,0,0,0,0.0,0.0,0.0,0,0,0,0,0,0,0,"29,000","29,000",0,0
707350,新盛力統一74購03,0,0,0,0.0,0.0,0.0,0,0,0,"-10,000",0,0,0,0,"10,000","-10,000","-10,000"
707352,頎邦統一74購02,0,0,0,0.0,0.0,0.0,0,0,0,"-5,000",0,0,0,0,"5,000","-5,000","-5,000"
707354,廣閎科統一64購02,0,0,0,0.0,0.0,0.0,0,0,0,"-56,000",0,0,0,0,"56,000","-56,000","-56,000"
707356,廣閎科統一74購03,0,0,0,0.0,0.0,0.0,0,0,0,"-20,000",0,0,0,0,"20,000","-20,000","-20,000"
707357,勤凱台新5A購01,0,0,0,0.0,0.0,0.0,0,0,0,"10,000",0,0,0,"10,000",0,"10,000","10,000"
707361,宜特凱基61購01,0,0,0,0.0,0.0,0.0,0,0,0,"-79,000",0,0,0,0,"79,000","-79,000","-79,000"
707362,信紘科凱基5A購01,0,0,0,0.0,0.0,0.0,0,0,0,"34,000",0,0,0,"34,000",0,"34,000","34,000"
707370,立碁永豐5C購01,0,0,0,0.0,0.0,0.0,0,0,0,"-43,000",0,0,0,"6,000","49,000","-43,000","-43,000"
707371,前鼎永豐61購02,0,0,0,0.0,0.0,0.0,0,0,0,"8,000",0,0,0,"8,000",0,"8,000","8,000"
707373,聖暉*永豐5C購01,0,0,0,0.0,0.0,0.0,0,0,0,"82,000",0,0,0,"89,000","7,000","82,000","82,000"
707374,頎邦永豐61購01,0,0,0,0.0,0.0,0.0,0,0,0,"96,000",0,0,0,"167,000","71,000","96,000","96,000"
707376,譜瑞永豐5C購01,0,0,0,0.0,0.0,0.0,0,0,0,"-300,000",0,0,0,0,"300,000","-300,000","-300,000"
707378,泓格國票5A購01,0,0,0,0.0,0.0,0.0,0,0,0,"60,000",0,0,0,"60,000",0,"60,000","60,000"
707394,廣閎科群益5B購01,0,0,0,0.0,0.0,0.0,0,0,0,"-4,000",0,0,0,0,"4,000","-4,000","-4,000"
707397,天品元大61購01,0,0,0,0.0,0.0,0.0,0,0,0,"226,000",0,0,0,"278,000","52,000","226,000","226,000"
707409,均豪統一63購02,0,0,0,0.0,0.0,0.0,0,0,0,"26,000",0,0,0,"143,000","117,000","26,000","26,000"
707414,前鼎統一74購01,0,0,0,0.0,0.0,0.0,0,0,0,"707,000",0,0,0,"717,000","10,000","707,000","707,000"
707417,萬泰科統一74購02,0,0,0,0.0,0.0,0.0,0,0,0,"13,000",0,0,0,"20,000","7,000","13,000","13,000"
707418,群翊統一74購03,0,0,0,0.0,0.0,0.0,0,0,0,"-1,000",0,0,0,0,"1,000","-1,000","-1,000"
707422,頎邦富邦61購02,0,0,0,0.0,0.0,0.0,0,0,0,"200,000",0,0,0,"200,000",0,"200,000","200,000"
707425,譜瑞兆豐64購01,0,0,0,0.0,0.0,0.0,0,0,0,"-10,000",0,0,0,0,"10,000","-10,000","-10,000"
707426,千附精永豐5B購01,0,0,0,0.0,0.0,0.0,0,0,0,"163,000",0,0,0,"163,000",0,"163,000","163,000"
707435,萬泰科永豐5C購02,0,0,0,0.0,0.0,0.0,0,0,0,"102,000",0,0,0,"102,000",0,"102,000","102,000"
707439,台星科群益61購01,0,0,0,0.0,0.0,0.0,0,0,0,"103,000",0,0,0,"103,000",0,"103,000","103,000"
707440,立碁群益5A購01,0,0,0,0.0,0.0,0.0,0,0,0,"6,000",0,0,0,"6,000",0,"6,000","6,000"
707445,群翊群益64購01,0,0,0,0.0,0.0,0.0,0,0,0,"-10,000",0,0,0,0,"10,000","-10,000","-10,000"
707449,立碁國泰5B購01,0,0,0,0.0,0.0,0.0,0,0,0,"-13,000",0,0,0,"2,000","15,000","-13,000","-13,000"
707454,千附精統一74購01,0,0,0,0.0,0.0,0.0,0,0,0,"326,000",0,0,0,"376,000","50,000","326,000","326,000"
707459,立敦統一74購01,0,0,0,0.0,0.0,0.0,0,0,0,"-33,000",0,0,0,"34,000","67,000","-33,000","-33,000"
707461,金山電統一74購01,0,0,0,0.0,0.0,0.0,0,0,0,0,0,0,0,"5,000","5,000",0,0
707463,美琪瑪統一63購01,0,0,0,0.0,0.0,0.0,0,0,0,"32,000",0,0,0,"32,000",0,"32,000","32,000"
707464,美琪瑪統一64購02,0,0,0,0.0,0.0,0.0,0,0,0,"9,000",0,0,0,"9,000",0,"9,000","9,000"
707465,湧德統一64購01,0,0,0,0.0,0.0,0.0,0,0,0,"-9,000",0,0,0,"5,000","14,000","-9,000","-9,000"
707470,順達統一74購01,0,0,0,0.0,0.0,0.0,0,0,0,"-80,000",0,0,0,0,"80,000","-80,000","-80,000"
707472,聖暉*統一63購01,0,0,0,0.0,0.0,0.0,0,0,0,"91,000",0,0,0,"524,000","433,000","91,000","91,000"
707474,蜜望實統一74購01,0,0,0,0.0,0.0,0.0,0,0,0,"410,000",0,0,0,"410,000",0,"410,000","410,000"
707475,天品凱基61購01,0,0,0,0.0,0.0,0.0,0,0,0,"355,000",0,0,0,"413,000","58,000","355,000","355,000"
707476,台星科凱基5A購02,0,0,0,0.0,0.0,0.0,0,0,0,"9,000",0,0,0,"9,000",0,"9,000","9,000"
707482,順達凱基5C購01,0,0,0,0.0,0.0,0.0,0,0,0,"-39,000",0,0,0,0,"39,000","-39,000","-39,000"
707484,萬泰科凱基5A購01,0,0,0,0.0,0.0,0.0,0,0,0,"136,000",0,0,0,"136,000",0,"136,000","136,000"
707485,群翊凱基61購01,0,0,0,0.0,0.0,0.0,0,0,0,"-15,000",0,0,0,0,"15,000","-15,000","-15,000"
707492,均豪元大5C購01,0,0,0,0.0,0.0,0.0,0,0,0,"-10,000",0,0,0,0,"10,000","-10,000","-10,000"
707506,新應材元大5C購01,0,0,0,0.0,0.0,0.0,0,0,0,"720,000",0,0,0,"720,000",0,"720,000","720,000"
707507,新應材元大61購04,0,0,0,0.0,0.0,0.0,0,0,0,"71,000",0,0,0,"71,000",0,"71,000","71,000"
707510,巨漢國票5B購01,0,0,0,0.0,0.0,0.0,0,0,0,"50,000",0,0,0,"50,000",0,"50,000","50,000"
707517,宏捷科富邦5C購02,0,0,0,0.0,0.0,0.0,0,0,0,"-298,000",0,0,0,0,"298,000","-298,000","-298,000"
707518,宏捷科富邦61購01,0,0,0,0.0,0.0,0.0,0,0,0,"-199,000",0,0,0,0,"199,000","-199,000","-199,000"
707522,萬泰科富邦5B購01,0,0,0,0.0,0.0,0.0,0,0,0,"-175,000",0,0,0,"10,000","185,000","-175,000","-175,000"
707525,譜瑞富邦5C購02,0,0,0,0.0,0.0,0.0,0,0,0,0,0,0,0,"10,000","10,000",0,0
707527,元太凱基61購01,0,0,0,0.0,0.0,0.0,0,0,0,0,0,0,0,"10,000","10,000",0,0
707531,前鼎凱基5B購02,0,0,0,0.0,0.0,0.0,0,0,0,"15,000",0,0,0,"33,000","18,000","15,000","15,000"
707534,陽程凱基63購01,0,0,0,0.0,0.0,0.0,0,0,0,"-2,000",0,0,0,0,"2,000","-2,000","-2,000"
707541,前鼎國票5B購03,0,0,0,0.0,0.0,0.0,0,0,0,"19,000",0,0,0,"35,000","16,000","19,000","19,000"
707546,弘塑永豐61購02,0,0,0,0.0,0.0,0.0,0,0,0,"330,000",0,0,0,"330,000",0,"330,000","330,000"
707547,弘塑永豐64購01,0,0,0,0.0,0.0,0.0,0,0,0,"-20,000",0,0,0,0,"20,000","-20,000","-20,000"
707548,新應材永豐5B購02,0,0,0,0.0,0.0,0.0,0,0,0,"250,000",0,0,0,"250,000",0,"250,000","250,000"
707552,台星科台新5A購01,0,0,0,0.0,0.0,0.0,0,0,0,"1,000",0,0,0,"1,000",0,"1,000","1,000"
707555,安葆台新5A購01,0,0,0,0.0,0.0,0.0,0,0,0,"2,116,000",0,0,0,"2,116,000",0,"2,116,000","2,116,000"
707556,前鼎台新5A購01,0,0,0,0.0,0.0,0.0,0,0,0,"17,000",0,0,0,"17,000",0,"17,000","17,000"
707557,威聯通台新5A購01,0,0,0,0.0,0.0,0.0,0,0,0,"150,000",0,0,0,"150,000",0,"150,000","150,000"
707568,弘塑國泰61購01,0,0,0,0.0,0.0,0.0,0,0,0,"29,000",0,0,0,"100,000","71,000","29,000","29,000"
707569,弘塑國泰61購02,0,0,0,0.0,0.0,0.0,0,0,0,"-29,000",0,0,0,"1,000","30,000","-29,000","-29,000"
707572,弘塑富邦5C購02,0,0,0,0.0,0.0,0.0,0,0,0,"-330,000",0,0,0,0,"330,000","-330,000","-330,000"
707573,弘塑富邦64購01,0,0,0,0.0,0.0,0.0,0,0,0,"-220,000",0,0,0,0,"220,000","-220,000","-220,000"
707575,力致統一74購01,0,0,0,0.0,0.0,0.0,0,0,0,"-2,000",0,0,0,0,"2,000","-2,000","-2,000"
707577,元太統一64購01,0,0,0,0.0,0.0,0.0,0,0,0,"-182,000",0,0,0,"30,000","212,000","-182,000","-182,000"
707578,元太統一74購01,0,0,0,0.0,0.0,0.0,0,0,0,"-5,000",0,0,0,0,"5,000","-5,000","-5,000"
707580,弘塑統一64購01,0,0,0,0.0,0.0,0.0,0,0,0,"-491,000",0,0,0,0,"491,000","-491,000","-491,000"
707581,弘塑統一64購02,0,0,0,0.0,0.0,0.0,0,0,0,"-162,000",0,0,0,"360,000","522,000","-162,000","-162,000"
707583,立敦統一64購01,0,0,0,0.0,0.0,0.0,0,0,0,"-50,000",0,0,0,"103,000","153,000","-50,000","-50,000"
707584,兆利統一74購01,0,0,0,0.0,0.0,0.0,0,0,0,"-1,000",0,0,0,0,"1,000","-1,000","-1,000"
707587,金山電統一63購01,0,0,0,0.0,0.0,0.0,0,0,0,0,0,0,0,"5,000","5,000",0,0
707589,前鼎統一63購02,0,0,0,0.0,0.0,0.0,0,0,0,"-20,000",0,0,0,0,"20,000","-20,000","-20,000"
707590,美琪瑪統一74購01,0,0,0,0.0,0.0,0.0,0,0,0,"20,000",0,0,0,"20,000",0,"20,000","20,000"
707593,意德士統一62購01,0,0,0,0.0,0.0,0.0,0,0,0,"-245,000",0,0,0,"63,000","308,000","-245,000","-245,000"
707596,臺慶科統一64購01,0,0,0,0.0,0.0,0.0,0,0,0,"-190,000",0,0,0,"44,000","234,000","-190,000","-190,000"
707598,蜜望實統一64購01,0,0,0,0.0,0.0,0.0,0,0,0,"-10,000",0,0,0,0,"10,000","-10,000","-10,000"
707599,蜜望實統一74購02,0,0,0,0.0,0.0,0.0,0,0,0,"-67,000",0,0,0,"5,000","72,000","-67,000","-67,000"
707600,環球晶統一63購03,0,0,0,0.0,0.0,0.0,0,0,0,"-9,000",0,0,0,0,"9,000","-9,000","-9,000"
707603,立碁元大5C購01,0,0,0,0.0,0.0,0.0,0,0,0,"10,000",0,0,0,"10,000",0,"10,000","10,000"
707609,前鼎元大61購01,0,0,0,0.0,0.0,0.0,0,0,0,"163,000",0,0,0,"310,000","147,000","163,000","163,000"
707610,勤凱元大5A購04,0,0,0,0.0,0.0,0.0,0,0,0,"3,000",0,0,0,"3,000",0,"3,000","3,000"
707614,雙鴻元大61購13,0,0,0,0.0,0.0,0.0,0,0,0,"830,000",0,0,0,"1,297,000","467,000","830,000","830,000"
707617,九豪永豐5C購01,0,0,0,0.0,0.0,0.0,0,0,0,"-46,000",0,0,0,"6,000","52,000","-46,000","-46,000"
707618,天品永豐5B購01,0,0,0,0.0,0.0,0.0,0,0,0,"178,000",0,0,0,"736,000","558,000","178,000","178,000"
707626,九豪凱基5A購03,0,0,0,0.0,0.0,0.0,0,0,0,"50,000",0,0,0,"50,000",0,"50,000","50,000"
707628,宏捷科凱基5B購01,0,0,0,0.0,0.0,0.0,0,0,0,"22,000",0,0,0,"32,000","10,000","22,000","22,000"
707634,環球晶凱基5B購01,0,0,0,0.0,0.0,0.0,0,0,0,"16,000",0,0,0,"16,000",0,"16,000","16,000"
707638,九豪台新5A購03,0,0,0,0.0,0.0,0.0,0,0,0,"-29,000",0,0,0,"21,000","50,000","-29,000","-29,000"
707644,博磊台新5A購01,0,0,0,0.0,0.0,0.0,0,0,0,"50,000",0,0,0,"50,000",0,"50,000","50,000"
707646,博磊台新5A購03,0,0,0,0.0,0.0,0.0,0,0,0,"10,000",0,0,0,"10,000",0,"10,000","10,000"
707650,聖暉*兆豐5C購01,0,0,0,0.0,0.0,0.0,0,0,0,"632,000",0,0,0,"635,000","3,000","632,000","632,000"
707655,系統電元大5A購02,0,0,0,0.0,0.0,0.0,0,0,0,"-30,000",0,0,0,0,"30,000","-30,000","-30,000"
707664,博磊元大5A購02,0,0,0,0.0,0.0,0.0,0,0,0,"1,000",0,0,0,"1,000",0,"1,000","1,000"
707668,蜜望實元大5A購01,0,0,0,0.0,0.0,0.0,0,0,0,"2,000",0,0,0,"2,000",0,"2,000","2,000"
707670,九豪群益5A購03,0,0,0,0.0,0.0,0.0,0,0,0,"11,000",0,0,0,"11,000",0,"11,000","11,000"
707673,蜜望實群益5A購01,0,0,0,0.0,0.0,0.0,0,0,0,"90,000",0,0,0,"90,000",0,"90,000","90,000"
707676,加高國票5B購01,0,0,0,0.0,0.0,0.0,0,0,0,"371,000",0,0,0,"472,000","101,000","371,000","371,000"
707677,艾訊國票5B購01,0,0,0,0.0,0.0,0.0,0,0,0,"-33,000",0,0,0,0,"33,000","-33,000","-33,000"
707683,九豪富邦5C購01,0,0,0,0.0,0.0,0.0,0,0,0,"-342,000",0,0,0,"727,000","1,069,000","-342,000","-342,000"
707685,九豪統一64購01,0,0,0,0.0,0.0,0.0,0,0,0,"73,000",0,0,0,"204,000","131,000","73,000","73,000"
707686,九豪統一64購02,0,0,0,0.0,0.0,0.0,0,0,0,"-152,000",0,0,0,"264,000","416,000","-152,000","-152,000"
707687,九豪統一74購01,0,0,0,0.0,0.0,0.0,0,0,0,"-46,000",0,0,0,"80,000","126,000","-46,000","-46,000"
707688,千附統一74購01,0,0,0,0.0,0.0,0.0,0,0,0,"-198,000",0,0,0,"2,000","200,000","-198,000","-198,000"
707689,千附精統一74購02,0,0,0,0.0,0.0,0.0,0,0,0,"57,000",0,0,0,"87,000","30,000","57,000","57,000"
707690,台星科統一74購02,0,0,0,0.0,0.0,0.0,0,0,0,"5,000",0,0,0,"5,000",0,"5,000","5,000"
707694,系統電統一64購02,0,0,0,0.0,0.0,0.0,0,0,0,"-23,000",0,0,0,0,"23,000","-23,000","-23,000"
707699,意德士統一65購01,0,0,0,0.0,0.0,0.0,0,0,0,"-2,000",0,0,0,0,"2,000","-2,000","-2,000"
707700,意德士統一74購02,0,0,0,0.0,0.0,0.0,0,0,0,"108,000",0,0,0,"108,000",0,"108,000","108,000"
707701,萬泰科統一74購03,"5,000",0,"5,000",0.0,0.0,0.0,0,0,0,"-40,000",0,0,0,0,"40,000","-40,000","-35,000"
707702,臺慶科統一66購01,0,0,0,0.0,0.0,0.0,0,0,0,"473,000",0,0,0,"475,000","2,000","473,000","473,000"
707703,優群統一66購01,0,0,0,0.0,0.0,0.0,0,0,0,"15,000",0,0,0,"15,000",0,"15,000","15,000"
707704,環球晶統一64購03,0,0,0,0.0,0.0,0.0,0,0,0,"-38,000",0,0,0,0,"38,000","-38,000","-38,000"
707705,環球晶統一74購01,0,0,0,0.0,0.0,0.0,0,0,0,"159,000",0,0,0,"179,000","20,000","159,000","159,000"
707713,立碁國票5B購01,0,0,0,0.0,0.0,0.0,0,0,0,"-101,000",0,0,0,0,"101,000","-101,000","-101,000"
707714,邑昇國票5B購01,0,0,0,0.0,0.0,0.0,0,0,0,"-10,000",0,0,0,0,"10,000","-10,000","-10,000"
707715,欣銓國票5B購02,0,0,0,0.0,0.0,0.0,0,0,0,"75,000",0,0,0,"75,000",0,"75,000","75,000"
707718,家登國票5A購01,0,0,0,0.0,0.0,0.0,0,0,0,"-20,000",0,0,0,0,"20,000","-20,000","-20,000"
707721,群聯國票5B購01,0,0,0,0.0,0.0,0.0,0,0,0,"35,000",0,0,0,"64,000","29,000","35,000","35,000"
707722,蜜望實國票5B購01,0,0,0,0.0,0.0,0.0,0,0,0,"-223,000",0,0,0,"131,000","354,000","-223,000","-223,000"
707730,欣銓元大63購03,0,0,0,0.0,0.0,0.0,0,0,0,"401,000",0,0,0,"450,000","49,000","401,000","401,000"
707731,美琪瑪元大5A購03,0,0,0,0.0,0.0,0.0,0,0,0,"340,000",0,0,0,"340,000",0,"340,000","340,000"
707734,群聯元大5A購01,0,0,0,0.0,0.0,0.0,0,0,0,"-260,000",0,0,0,"245,000","505,000","-260,000","-260,000"
707735,群聯元大5A購02,0,0,0,0.0,0.0,0.0,0,0,0,"1,011,000",0,0,0,"1,023,000","12,000","1,011,000","1,011,000"
707747,群聯凱基5A購01,0,0,0,0.0,0.0,0.0,0,0,0,"40,000",0,0,0,"40,000",0,"40,000","40,000"
707748,群聯凱基5A購02,0,0,0,0.0,0.0,0.0,0,0,0,"74,000",0,0,0,"74,000",0,"74,000","74,000"
707753,立碁永豐61購01,0,0,0,0.0,0.0,0.0,0,0,0,"121,000",0,0,0,"469,000","348,000","121,000","121,000"
707754,欣銓永豐5A購01,0,0,0,0.0,0.0,0.0,0,0,0,"2,000",0,0,0,"2,000",0,"2,000","2,000"
707755,欣銓永豐5C購01,0,0,0,0.0,0.0,0.0,0,0,0,"3,000",0,0,0,"225,000","222,000","3,000","3,000"
707757,群聯永豐61購01,0,0,0,0.0,0.0,0.0,0,0,0,"-3,250,000",0,0,0,"109,000","3,359,000","-3,250,000","-3,250,000"
707758,群聯永豐64購01,0,0,0,0.0,0.0,0.0,0,0,0,"-61,000",0,0,0,"12,000","73,000","-61,000","-61,000"
707759,蜜望實永豐61購01,0,0,0,0.0,0.0,0.0,0,0,0,"67,000",0,0,0,"644,000","577,000","67,000","67,000"
707763,群聯群益5B購01,0,0,0,0.0,0.0,0.0,0,0,0,"-21,000",0,0,0,"10,000","31,000","-21,000","-21,000"
707764,群聯群益61購01,0,0,0,0.0,0.0,0.0,0,0,0,"87,000",0,0,0,"300,000","213,000","87,000","87,000"
707765,群聯群益64購01,0,0,0,0.0,0.0,0.0,0,0,0,"-47,000",0,0,0,"7,000","54,000","-47,000","-47,000"
707771,台半永豐5C購01,0,0,0,0.0,0.0,0.0,0,0,0,"134,000",0,0,0,"217,000","83,000","134,000","134,000"
707774,宏捷科永豐5C購02,0,0,0,0.0,0.0,0.0,0,0,0,"-76,000",0,0,0,0,"76,000","-76,000","-76,000"
707776,旺矽永豐5B購02,0,0,0,0.0,0.0,0.0,0,0,0,"-234,000",0,0,0,"229,000","463,000","-234,000","-234,000"
707778,信驊永豐5B購04,0,0,0,0.0,0.0,0.0,0,0,0,"-211,000",0,0,0,"7,000","218,000","-211,000","-211,000"
707779,華景電永豐5C購02,0,0,0,0.0,0.0,0.0,0,0,0,"-499,000",0,0,0,0,"499,000","-499,000","-499,000"
707780,精測永豐61購02,0,0,0,0.0,0.0,0.0,0,0,0,"811,000",0,0,0,"821,000","10,000","811,000","811,000"
707781,臺慶科永豐5B購01,0,0,0,0.0,0.0,0.0,0,0,0,"106,000",0,0,0,"136,000","30,000","106,000","106,000"
707786,力旺凱基5C購01,0,0,0,0.0,0.0,0.0,0,0,0,"-80,000",0,0,0,0,"80,000","-80,000","-80,000"
707787,力旺凱基61購01,0,0,0,0.0,0.0,0.0,0,0,0,"6,000",0,0,0,"36,000","30,000","6,000","6,000"
707788,立碁凱基5B購01,0,0,0,0.0,0.0,0.0,0,0,0,"2,000",0,0,0,"108,000","106,000","2,000","2,000"
707791,旺矽凱基5B購02,0,0,0,0.0,0.0,0.0,0,0,0,"-2,757,000",0,0,0,"111,000","2,868,000","-2,757,000","-2,757,000"
707792,旺矽凱基5C購02,0,0,0,0.0,0.0,0.0,0,0,0,"-164,000",0,0,0,"20,000","184,000","-164,000","-164,000"
707796,信驊凱基5B購03,0,0,0,0.0,0.0,0.0,0,0,0,"3,000",0,0,0,"3,000",0,"3,000","3,000"
707797,信驊凱基5C購02,0,0,0,0.0,0.0,0.0,0,0,0,"-424,000",0,0,0,"13,000","437,000","-424,000","-424,000"
707798,信驊凱基61購04,0,0,0,0.0,0.0,0.0,0,0,0,"-148,000",0,0,0,"64,000","212,000","-148,000","-148,000"
707799,家登凱基5A購01,0,0,0,0.0,0.0,0.0,0,0,0,"19,000",0,0,0,"19,000",0,"19,000","19,000"
707809,宏捷科台新61購01,0,0,0,0.0,0.0,0.0,0,0,0,"15,000",0,0,0,"74,000","59,000","15,000","15,000"
707810,旺矽台新5A購01,0,0,0,0.0,0.0,0.0,0,0,0,"-1,599,000",0,0,0,0,"1,599,000","-1,599,000","-1,599,000"
707813,信驊台新5A購02,0,0,0,0.0,0.0,0.0,0,0,0,"-37,000",0,0,0,0,"37,000","-37,000","-37,000"
707820,旺矽元大5A購04,0,0,0,0.0,0.0,0.0,0,0,0,"372,000",0,0,0,"372,000",0,"372,000","372,000"
707821,旺矽元大5B購02,0,0,0,0.0,0.0,0.0,0,0,0,"5,000",0,0,0,"5,000",0,"5,000","5,000"
707823,長科*元大5A購01,0,0,0,0.0,0.0,0.0,0,0,0,"2,000",0,0,0,"2,000",0,"2,000","2,000"
707828,信驊元大5A購02,0,0,0,0.0,0.0,0.0,0,0,0,"-162,000",0,0,0,"10,000","172,000","-162,000","-162,000"
707829,信驊元大63購01,0,0,0,0.0,0.0,0.0,0,0,0,"-950,000",0,0,0,"12,000","962,000","-950,000","-950,000"
707834,精測元大5B購02,0,0,0,0.0,0.0,0.0,0,0,0,"666,000",0,0,0,"716,000","50,000","666,000","666,000"
707835,精測元大63購04,0,0,0,0.0,0.0,0.0,0,0,0,"-748,000",0,0,0,"80,000","828,000","-748,000","-748,000"
707838,立碁國泰5B購02,0,0,0,0.0,0.0,0.0,0,0,0,"109,000",0,0,0,"110,000","1,000","109,000","109,000"
707839,旺矽國泰5B購01,0,0,0,0.0,0.0,0.0,0,0,0,"-143,000",0,0,0,"203,000","346,000","-143,000","-143,000"
707840,旺矽國泰5B購02,0,0,0,0.0,0.0,0.0,0,0,0,"411,000",0,0,0,"411,000",0,"411,000","411,000"
707843,旺矽統一64購02,0,0,0,0.0,0.0,0.0,0,0,0,"30,000",0,0,0,"30,000",0,"30,000","30,000"
707844,群聯統一64購01,0,0,0,0.0,0.0,0.0,0,0,0,"-509,000",0,0,0,"12,000","521,000","-509,000","-509,000"
707845,精測統一64購03,0,0,0,0.0,0.0,0.0,0,0,0,"1,086,000",0,0,0,"1,192,000","106,000","1,086,000","1,086,000"
707846,力旺富邦5C購01,0,0,0,0.0,0.0,0.0,0,0,0,"-844,000",0,0,0,0,"844,000","-844,000","-844,000"
707848,旺矽富邦64購02,0,0,0,0.0,0.0,0.0,0,0,0,"275,000",0,0,0,"396,000","121,000","275,000","275,000"
707850,欣銓富邦64購01,0,0,0,0.0,0.0,0.0,0,0,0,"452,000",0,0,0,"789,000","337,000","452,000","452,000"
707852,信驊富邦61購01,0,0,0,0.0,0.0,0.0,0,0,0,"-640,000",0,0,0,"55,000","695,000","-640,000","-640,000"
707853,華電網富邦62購01,0,0,0,0.0,0.0,0.0,0,0,0,"-5,000",0,0,0,0,"5,000","-5,000","-5,000"
707854,順達富邦62購01,0,0,0,0.0,0.0,0.0,0,0,0,"-397,000",0,0,0,"126,000","523,000","-397,000","-397,000"
707858,群聯富邦5C購01,0,0,0,0.0,0.0,0.0,0,0,0,"-223,000",0,0,0,"10,000","233,000","-223,000","-223,000"
707859,群聯富邦61購01,0,0,0,0.0,0.0,0.0,0,0,0,"-938,000",0,0,0,"40,000","978,000","-938,000","-938,000"
707860,精測富邦61購01,0,0,0,0.0,0.0,0.0,0,0,0,"-3,738,000",0,0,0,0,"3,738,000","-3,738,000","-3,738,000"
707864,良維凱基5B購03,0,0,0,0.0,0.0,0.0,0,0,0,"-541,000",0,0,0,"80,000","621,000","-541,000","-541,000"
707866,華景電凱基5C購01,0,0,0,0.0,0.0,0.0,0,0,0,"90,000",0,0,0,"100,000","10,000","90,000","90,000"
707873,M31元大61購01,0,0,0,0.0,0.0,0.0,0,0,0,"20,000",0,0,0,"160,000","140,000","20,000","20,000"
707874,M31元大63購01,0,0,0,0.0,0.0,0.0,0,0,0,"-142,000",0,0,0,"212,000","354,000","-142,000","-142,000"
707876,千附元大5A購01,0,0,0,0.0,0.0,0.0,0,0,0,"49,000",0,0,0,"49,000",0,"49,000","49,000"
707878,台嘉碩元大5A購02,0,0,0,0.0,0.0,0.0,0,0,0,"8,000",0,0,0,"8,000",0,"8,000","8,000"
707881,立碁元大63購01,0,0,0,0.0,0.0,0.0,0,0,0,"-194,000",0,0,0,"46,000","240,000","-194,000","-194,000"
707884,家登元大61購01,0,0,0,0.0,0.0,0.0,0,0,0,"4,000",0,0,0,"4,000",0,"4,000","4,000"
707893,環球晶群益5A購04,0,0,0,0.0,0.0,0.0,0,0,0,"3,000",0,0,0,"3,000",0,"3,000","3,000"
707896,台星科富邦61購01,0,0,0,0.0,0.0,0.0,0,0,0,"66,000",0,0,0,"66,000",0,"66,000","66,000"
707898,宏捷科富邦5C購03,0,0,0,0.0,0.0,0.0,0,0,0,"-264,000",0,0,0,"60,000","324,000","-264,000","-264,000"
707899,宏捷科富邦61購02,"5,000",0,"5,000",0.0,0.0,0.0,0,0,0,"-723,000",0,0,0,"519,000","1,242,000","-723,000","-718,000"
707900,華景電富邦61購01,0,0,0,0.0,0.0,0.0,0,0,0,"-90,000",0,0,0,0,"90,000","-90,000","-90,000"
707902,萬泰科富邦62購01,0,0,0,0.0,0.0,0.0,0,0,0,"-11,000",0,0,0,"3,000","14,000","-11,000","-11,000"
707928,欣銓凱基63購01,0,0,0,0.0,0.0,0.0,0,0,0,"-95,000",0,0,0,"168,000","263,000","-95,000","-95,000"
707930,鈺太凱基61購01,0,0,0,0.0,0.0,0.0,0,0,0,"400,000",0,0,0,"400,000",0,"400,000","400,000"
707931,環球晶凱基5A購01,0,0,0,0.0,0.0,0.0,0,0,0,"6,000",0,0,0,"6,000",0,"6,000","6,000"
707933,均華富邦61購01,0,0,0,0.0,0.0,0.0,0,0,0,"-640,000",0,0,0,0,"640,000","-640,000","-640,000"
707934,沛亨富邦5B購01,0,0,0,0.0,0.0,0.0,0,0,0,"-134,000",0,0,0,0,"134,000","-134,000","-134,000"
707935,欣銓富邦5B購01,0,0,0,0.0,0.0,0.0,0,0,0,"355,000",0,0,0,"468,000","113,000","355,000","355,000"
707936,中美晶兆豐64購01,0,0,0,0.0,0.0,0.0,0,0,0,"-5,000",0,0,0,0,"5,000","-5,000","-5,000"
707937,順達兆豐5C購02,0,0,0,0.0,0.0,0.0,0,0,0,"-10,000",0,0,0,0,"10,000","-10,000","-10,000"
707947,雙鴻群益5B購06,0,0,0,0.0,0.0,0.0,0,0,0,"-247,000",0,0,0,"41,000","288,000","-247,000","-247,000"
707960,雙鴻凱基61購02,0,0,0,0.0,0.0,0.0,0,0,0,"287,000",0,0,0,"290,000","3,000","287,000","287,000"
707962,長科*富邦62購01,0,0,0,0.0,0.0,0.0,0,0,0,"9,000",0,0,0,"41,000","32,000","9,000","9,000"
707963,家登富邦61購01,0,0,0,0.0,0.0,0.0,0,0,0,"77,000",0,0,0,"102,000","25,000","77,000","77,000"
707964,富喬富邦61購01,"10,000",0,"10,000",0.0,0.0,0.0,0,0,0,"141,000",0,0,0,"1,317,000","1,176,000","141,000","151,000"
707965,聖暉*富邦5C購01,0,0,0,0.0,0.0,0.0,0,0,0,"887,000",0,0,0,"986,000","99,000","887,000","887,000"
707968,優群富邦61購01,0,0,0,0.0,0.0,0.0,0,0,0,"-10,000",0,0,0,0,"10,000","-10,000","-10,000"
707971,巨有元大5A購01,0,0,0,0.0,0.0,0.0,0,0,0,"1,000",0,0,0,"1,000",0,"1,000","1,000"
707972,富喬元大5C購02,0,0,0,0.0,0.0,0.0,0,0,0,"-1,291,000",0,0,0,"853,000","2,144,000","-1,291,000","-1,291,000"
707977,富喬國票5A購02,0,0,0,0.0,0.0,0.0,0,0,0,"-96,000",0,0,0,"4,000","100,000","-96,000","-96,000"
707978,富喬國票5B購02,0,0,0,0.0,0.0,0.0,0,0,0,"-10,000",0,0,0,"30,000","40,000","-10,000","-10,000"
707980,華義國票5B購02,0,0,0,0.0,0.0,0.0,0,0,0,"-11,000",0,0,0,0,"11,000","-11,000","-11,000"
707984,聖暉*凱基5C購01,0,0,0,0.0,0.0,0.0,0,0,0,"1,000",0,0,0,"1,000",0,"1,000","1,000"
707989,系統電國泰5B購01,0,0,0,0.0,0.0,0.0,0,0,0,"-80,000",0,0,0,0,"80,000","-80,000","-80,000"
707993,立碁元大5A購04,0,0,0,0.0,0.0,0.0,0,0,0,"5,000",0,0,0,"5,000",0,"5,000","5,000"
707994,系微元大5C購01,0,0,0,0.0,0.0,0.0,0,0,0,"603,000",0,0,0,"603,000",0,"603,000","603,000"
707996,立碁永豐5B購02,0,0,0,0.0,0.0,0.0,0,0,0,"-210,000",0,0,0,0,"210,000","-210,000","-210,000"
707997,新盛力永豐61購01,0,0,0,0.0,0.0,0.0,0,0,0,"109,000",0,0,0,"109,000",0,"109,000","109,000"
707998,群聯永豐5C購01,0,0,0,0.0,0.0,0.0,0,0,0,"-597,000",0,0,0,"40,000","637,000","-597,000","-597,000"
707999,聖暉*永豐5C購02,0,0,0,0.0,0.0,0.0,0,0,0,"-42,000",0,0,0,"48,000","90,000","-42,000","-42,000"
708001,雙鴻永豐5C購04,0,0,0,0.0,0.0,0.0,0,0,0,"-23,000",0,0,0,0,"23,000","-23,000","-23,000"
708003,立碁國票5B購02,0,0,0,0.0,0.0,0.0,0,0,0,"-39,000",0,0,0,"101,000","140,000","-39,000","-39,000"
708008,群聯國票5B購03,0,0,0,0.0,0.0,0.0,0,0,0,"2,741,000",0,0,0,"3,301,000","560,000","2,741,000","2,741,000"
708009,聖暉*國票5B購01,0,0,0,0.0,0.0,0.0,0,0,0,"24,000",0,0,0,"24,000",0,"24,000","24,000"
708013,富強鑫台新5A購01,0,0,0,0.0,0.0,0.0,0,0,0,"-30,000",0,0,0,0,"30,000","-30,000","-30,000"
708016,群聯台新5A購02,0,0,0,0.0,0.0,0.0,0,0,0,"1,000",0,0,0,"1,000",0,"1,000","1,000"
708017,群聯台新5A購03,0,0,0,0.0,0.0,0.0,0,0,0,"10,000",0,0,0,"10,000",0,"10,000","10,000"
708018,穩得台新5A購01,0,0,0,0.0,0.0,0.0,0,0,0,"33,000",0,0,0,"33,000",0,"33,000","33,000"
708021,群聯凱基5B購01,0,0,0,0.0,0.0,0.0,0,0,0,"-33,000",0,0,0,"2,000","35,000","-33,000","-33,000"
708025,大綜國票5A購01,0,0,0,0.0,0.0,0.0,0,0,0,"4,000",0,0,0,"4,000",0,"4,000","4,000"
708026,太景*國票5B購01,0,0,0,0.0,0.0,0.0,0,0,0,"-5,409,000",0,0,0,0,"5,409,000","-5,409,000","-5,409,000"
708031,群聯國票5B購04,0,0,0,0.0,0.0,0.0,0,0,0,"-10,000",0,0,0,0,"10,000","-10,000","-10,000"
708032,環球晶國票5A購02,0,0,0,0.0,0.0,0.0,0,0,0,"20,000",0,0,0,"20,000",0,"20,000","20,000"
708037,雙鴻永豐5B購03,0,0,0,0.0,0.0,0.0,0,0,0,"39,000",0,0,0,"135,000","96,000","39,000","39,000"
708038,雙鴻永豐63購02,0,0,0,0.0,0.0,0.0,0,0,0,"-120,000",0,0,0,"309,000","429,000","-120,000","-120,000"
708040,良維元大5A購04,0,0,0,0.0,0.0,0.0,0,0,0,"456,000",0,0,0,"456,000",0,"456,000","456,000"
708042,新盛力元大5A購04,0,0,0,0.0,0.0,0.0,0,0,0,"3,000",0,0,0,"3,000",0,"3,000","3,000"
708043,良維富邦61購01,0,0,0,0.0,0.0,0.0,0,0,0,"-236,000",0,0,0,0,"236,000","-236,000","-236,000"
708044,新盛力富邦61購02,0,0,0,0.0,0.0,0.0,0,0,0,"130,000",0,0,0,"130,000",0,"130,000","130,000"
708049,雙鴻群益5A購07,0,0,0,0.0,0.0,0.0,0,0,0,"3,000",0,0,0,"3,000",0,"3,000","3,000"
708054,環球晶台新5A購04,0,0,0,0.0,0.0,0.0,0,0,0,"-30,000",0,0,0,0,"30,000","-30,000","-30,000"
708055,群聯元大5A購03,0,0,0,0.0,0.0,0.0,0,0,0,"80,000",0,0,0,"80,000",0,"80,000","80,000"
708060,系統電凱基5A購03,0,0,0,0.0,0.0,0.0,0,0,0,"10,000",0,0,0,"10,000",0,"10,000","10,000"
708061,欣銓凱基5A購03,0,0,0,0.0,0.0,0.0,0,0,0,"104,000",0,0,0,"104,000",0,"104,000","104,000"
708063,群聯凱基5B購02,0,0,0,0.0,0.0,0.0,0,0,0,"50,000",0,0,0,"115,000","65,000","50,000","50,000"
708064,群聯兆豐64購01,0,0,0,0.0,0.0,0.0,0,0,0,"-60,000",0,0,0,0,"60,000","-60,000","-60,000"
708065,中美晶群益5C購01,0,0,0,0.0,0.0,0.0,0,0,0,"204,000",0,0,0,"210,000","6,000","204,000","204,000"
708066,群聯群益5B購02,0,0,0,0.0,0.0,0.0,0,0,0,"3,000",0,0,0,"70,000","67,000","3,000","3,000"
708067,群聯群益5C購01,0,0,0,0.0,0.0,0.0,0,0,0,"30,000",0,0,0,"80,000","50,000","30,000","30,000"
708070,雙鴻群益5B購07,0,0,0,0.0,0.0,0.0,0,0,0,"-202,000",0,0,0,"155,000","357,000","-202,000","-202,000"
708071,凡甲國票5B購01,0,0,0,0.0,0.0,0.0,0,0,0,"403,000",0,0,0,"408,000","5,000","403,000","403,000"
708073,中美晶國票5B購01,0,0,0,0.0,0.0,0.0,0,0,0,"75,000",0,0,0,"75,000",0,"75,000","75,000"
708074,欣銓國票5C購01,0,0,0,0.0,0.0,0.0,0,0,0,"622,000",0,0,0,"738,000","116,000","622,000","622,000"
708076,群聯國票5B購05,0,0,0,0.0,0.0,0.0,0,0,0,"99,000",0,0,0,"110,000","11,000","99,000","99,000"
708079,鴻呈國泰5C購01,0,0,0,0.0,0.0,0.0,0,0,0,"52,000",0,0,0,"52,000",0,"52,000","52,000"
708082,系統電富邦61購01,0,0,0,0.0,0.0,0.0,0,0,0,"136,000",0,0,0,"231,000","95,000","136,000","136,000"
708083,家登富邦5C購02,0,0,0,0.0,0.0,0.0,0,0,0,"196,000",0,0,0,"223,000","27,000","196,000","196,000"
708084,群聯富邦5C購02,0,0,0,0.0,0.0,0.0,0,0,0,"-50,000",0,0,0,0,"50,000","-50,000","-50,000"
708085,群聯富邦61購02,0,0,0,0.0,0.0,0.0,0,0,0,"-626,000",0,0,0,"6,000","632,000","-626,000","-626,000"
708087,譜瑞富邦61購01,0,0,0,0.0,0.0,0.0,0,0,0,"-53,000",0,0,0,"10,000","63,000","-53,000","-53,000"
708088,群聯永豐5C購02,0,0,0,0.0,0.0,0.0,0,0,0,"161,000",0,0,0,"161,000",0,"161,000","161,000"
708089,群聯永豐64購02,0,0,0,0.0,0.0,0.0,0,0,0,"193,000",0,0,0,"193,000",0,"193,000","193,000"
708091,中美晶凱基61購02,0,0,0,0.0,0.0,0.0,0,0,0,"-15,000",0,0,0,"55,000","70,000","-15,000","-15,000"
708093,群聯凱基61購01,0,0,0,0.0,0.0,0.0,0,0,0,"-35,000",0,0,0,0,"35,000","-35,000","-35,000"
708094,精材凱基5B購02,0,0,0,0.0,0.0,0.0,0,0,0,"12,000",0,0,0,"12,000",0,"12,000","12,000"
708095,環球晶凱基5B購02,0,0,0,0.0,0.0,0.0,0,0,0,"-10,000",0,0,0,0,"10,000","-10,000","-10,000"
708098,台星科國票5C購01,0,0,0,0.0,0.0,0.0,0,0,0,"10,000",0,0,0,"10,000",0,"10,000","10,000"
708103,原相國票5B購01,0,0,0,0.0,0.0,0.0,0,0,0,"1,111,000",0,0,0,"1,111,000",0,"1,111,000","1,111,000"
708107,群聯國票61購01,0,0,0,0.0,0.0,0.0,0,0,0,"-10,000",0,0,0,"70,000","80,000","-10,000","-10,000"
708109,磐儀國票5C購01,0,0,0,0.0,0.0,0.0,0,0,0,"-15,000",0,0,0,0,"15,000","-15,000","-15,000"
708110,世界台新5B購01,0,0,0,0.0,0.0,0.0,0,0,0,"31,000",0,0,0,"38,000","7,000","31,000","31,000"
708114,家登台新62購01,0,0,0,0.0,0.0,0.0,0,0,0,"-10,000",0,0,0,0,"10,000","-10,000","-10,000"
708116,群聯台新5B購01,0,0,0,0.0,0.0,0.0,0,0,0,"10,000",0,0,0,"10,000",0,"10,000","10,000"
708117,群聯台新5B購02,0,0,0,0.0,0.0,0.0,0,0,0,"225,000","10,000",0,"10,000","215,000",0,"215,000","225,000"
708118,世界群益5B購05,0,0,0,0.0,0.0,0.0,0,0,0,"-143,000",0,0,0,"2,000","145,000","-143,000","-143,000"
708120,家登群益5B購01,0,0,0,0.0,0.0,0.0,0,0,0,"169,000",0,0,0,"169,000",0,"169,000","169,000"
708122,世界永豐65購01,0,0,0,0.0,0.0,0.0,0,0,0,"-3,000",0,0,0,0,"3,000","-3,000","-3,000"
708129,欣銓國泰5C購01,0,0,0,0.0,0.0,0.0,0,0,0,"13,000",0,0,0,"236,000","223,000","13,000","13,000"
708130,群聯國泰61購01,0,0,0,0.0,0.0,0.0,0,0,0,"-55,000",0,0,0,0,"55,000","-55,000","-55,000"
708134,中美晶元大5B購03,0,0,0,0.0,0.0,0.0,0,0,0,"3,000",0,0,0,"3,000",0,"3,000","3,000"
708138,群聯元大5B購01,0,0,0,0.0,0.0,0.0,0,0,0,"-12,000",0,0,0,"14,000","26,000","-12,000","-12,000"
708140,群聯元大64購01,0,0,0,0.0,0.0,0.0,0,0,0,"-253,000",0,0,0,"10,000","263,000","-253,000","-253,000"
708144,雙鴻元大61購14,0,0,0,0.0,0.0,0.0,0,0,0,"-281,000",0,0,0,"37,000","318,000","-281,000","-281,000"
708146,世界凱基5B購01,0,0,0,0.0,0.0,0.0,0,0,0,"-30,000",0,0,0,0,"30,000","-30,000","-30,000"
708148,欣銓凱基61購01,0,0,0,0.0,0.0,0.0,0,0,0,"-67,000",0,0,0,0,"67,000","-67,000","-67,000"
708150,家登凱基5B購01,0,0,0,0.0,0.0,0.0,0,0,0,"158,000",0,0,0,"158,000",0,"158,000","158,000"
708152,群聯凱基63購01,0,0,0,0.0,0.0,0.0,0,0,0,"113,000",0,0,0,"225,000","112,000","113,000","113,000"
708158,華景電國泰5C購01,0,0,0,0.0,0.0,0.0,0,0,0,"-53,000",0,0,0,"100,000","153,000","-53,000","-53,000"
708159,世界富邦5B購01,0,0,0,0.0,0.0,0.0,0,0,0,"358,000",0,0,0,"380,000","22,000","358,000","358,000"
708162,原相富邦5B購01,0,0,0,0.0,0.0,0.0,0,0,0,"3,000",0,0,0,"3,000",0,"3,000","3,000"
708164,群聯富邦62購01,0,0,0,0.0,0.0,0.0,0,0,0,"-642,000",0,0,0,0,"642,000","-642,000","-642,000"
708165,群聯富邦62購02,0,0,0,0.0,0.0,0.0,0,0,0,"-58,000",0,0,0,"479,000","537,000","-58,000","-58,000"
708168,東捷永豐67購01,0,0,0,0.0,0.0,0.0,0,0,0,"-30,000",0,0,0,0,"30,000","-30,000","-30,000"
708173,欣銓兆豐61購01,0,0,0,0.0,0.0,0.0,0,0,0,"17,000",0,0,0,"20,000","3,000","17,000","17,000"
708176,東捷國票5C購01,0,0,0,0.0,0.0,0.0,0,0,0,"334,000",0,0,0,"607,000","273,000","334,000","334,000"
708179,群聯國票66購01,0,0,0,0.0,0.0,0.0,0,0,0,"79,000",0,0,0,"355,000","276,000","79,000","79,000"
708180,東捷群益5B購02,0,0,0,0.0,0.0,0.0,0,0,0,"2,000",0,0,0,"2,000",0,"2,000","2,000"
708184,久元元大64購01,0,0,0,0.0,0.0,0.0,0,0,0,"-40,000",0,0,0,0,"40,000","-40,000","-40,000"
708190,家登元大5B購02,0,0,0,0.0,0.0,0.0,0,0,0,"4,000",0,0,0,"4,000",0,"4,000","4,000"
708191,順達元大64購03,0,0,0,0.0,0.0,0.0,0,0,0,"-83,000",0,0,0,"73,000","156,000","-83,000","-83,000"
708194,群聯元大5B購03,0,0,0,0.0,0.0,0.0,0,0,0,"330,000",0,0,0,"330,000",0,"330,000","330,000"
708195,群聯元大64購02,0,0,0,0.0,0.0,0.0,0,0,0,"1,215,000",0,0,0,"1,265,000","50,000","1,215,000","1,215,000"
708204,安葆凱基5C購01,0,0,0,0.0,0.0,0.0,0,0,0,"6,000",0,0,0,"7,000","1,000","6,000","6,000"
708207,順達凱基63購01,0,0,0,0.0,0.0,0.0,0,0,0,"-81,000",0,0,0,"1,000","82,000","-81,000","-81,000"
708208,萬泰科凱基5C購01,0,0,0,0.0,0.0,0.0,0,0,0,"15,000",0,0,0,"15,000",0,"15,000","15,000"
708209,群聯凱基64購01,0,0,0,0.0,0.0,0.0,0,0,0,"-1,212,000",0,0,0,0,"1,212,000","-1,212,000","-1,212,000"
708210,環球晶凱基5B購03,0,0,0,0.0,0.0,0.0,0,0,0,"45,000",0,0,0,"75,000","30,000","45,000","45,000"
708216,欣銓台新5B購01,0,0,0,0.0,0.0,0.0,0,0,0,"3,000",0,0,0,"3,000",0,"3,000","3,000"
708217,欣銓台新5B購02,0,0,0,0.0,0.0,0.0,0,0,0,"-5,000",0,0,0,0,"5,000","-5,000","-5,000"
708229,中光電富邦62購01,0,0,0,0.0,0.0,0.0,0,0,0,"-100,000",0,0,0,0,"100,000","-100,000","-100,000"
708231,捷創富邦62購01,0,0,0,0.0,0.0,0.0,0,0,0,"5,000",0,0,0,"11,000","6,000","5,000","5,000"
708233,家登永豐61購01,0,0,0,0.0,0.0,0.0,0,0,0,"-10,000",0,0,0,"10,000","20,000","-10,000","-10,000"
708235,群聯永豐65購02,0,0,0,0.0,0.0,0.0,0,0,0,"-292,000",0,0,0,0,"292,000","-292,000","-292,000"
708238,艾訊國票63購01,0,0,0,0.0,0.0,0.0,0,0,0,"14,000",0,0,0,"14,000",0,"14,000","14,000"
708241,翔名國票5C購01,0,0,0,0.0,0.0,0.0,0,0,0,"330,000",0,0,0,"430,000","100,000","330,000","330,000"
708242,聰泰國票5C購01,0,0,0,0.0,0.0,0.0,0,0,0,"-12,000",0,0,0,0,"12,000","-12,000","-12,000"
708246,世界群益5B購06,0,0,0,0.0,0.0,0.0,0,0,0,"2,000",0,0,0,"2,000",0,"2,000","2,000"
708249,陽程群益5B購01,0,0,0,0.0,0.0,0.0,0,0,0,"2,000",0,0,0,"2,000",0,"2,000","2,000"
708250,群聯群益5B購03,0,0,0,0.0,0.0,0.0,0,0,0,"434,000",0,0,0,"644,000","210,000","434,000","434,000"
708254,均豪元大65購01,0,0,0,0.0,0.0,0.0,0,0,0,"-238,000",0,0,0,0,"238,000","-238,000","-238,000"
708257,群聯元大5B購05,0,0,0,0.0,0.0,0.0,0,0,0,"249,000",0,0,0,"249,000",0,"249,000","249,000"
708258,群聯元大64購03,0,0,0,0.0,0.0,0.0,0,0,0,"-86,000",0,0,0,"50,000","136,000","-86,000","-86,000"
708259,精材元大5B購08,0,0,0,0.0,0.0,0.0,0,0,0,"5,000",0,0,0,"5,000",0,"5,000","5,000"
708263,環球晶元大5B購03,0,0,0,0.0,0.0,0.0,0,0,0,"10,000",0,0,0,"10,000",0,"10,000","10,000"
708264,環球晶元大5B購04,0,0,0,0.0,0.0,0.0,0,0,0,"-10,000",0,0,0,0,"10,000","-10,000","-10,000"
708266,威剛元大5B購04,0,0,0,0.0,0.0,0.0,0,0,0,"20,000",0,0,0,"20,000",0,"20,000","20,000"
708267,威剛元大5B購05,0,0,0,0.0,0.0,0.0,0,0,0,"58,000",0,0,0,"58,000",0,"58,000","58,000"
708268,威剛元大64購01,0,0,0,0.0,0.0,0.0,0,0,0,"-288,000",0,0,0,"48,000","336,000","-288,000","-288,000"
708270,群聯元大5B購06,0,0,0,0.0,0.0,0.0,0,0,0,"44,000",0,0,0,"44,000",0,"44,000","44,000"
708273,安葆國泰5C購02,0,0,0,0.0,0.0,0.0,0,0,0,"-132,000",0,0,0,0,"132,000","-132,000","-132,000"
708274,勤凱國泰5C購01,0,0,0,0.0,0.0,0.0,0,0,0,"-231,000",0,0,0,"10,000","241,000","-231,000","-231,000"
708276,久元凱基64購01,0,0,0,0.0,0.0,0.0,0,0,0,"-2,000",0,0,0,0,"2,000","-2,000","-2,000"
708277,均豪凱基65購01,0,0,0,0.0,0.0,0.0,0,0,0,"72,000",0,0,0,"72,000",0,"72,000","72,000"
708279,威剛凱基5B購03,0,0,0,0.0,0.0,0.0,0,0,0,"1,453,000",0,0,0,"1,453,000",0,"1,453,000","1,453,000"
708280,群聯凱基64購02,0,0,0,0.0,0.0,0.0,0,0,0,"-54,000",0,0,0,0,"54,000","-54,000","-54,000"
708286,群聯兆豐65購01,0,0,0,0.0,0.0,0.0,0,0,0,"-40,000",0,0,0,0,"40,000","-40,000","-40,000"
708290,世界國票5C購02,0,0,0,0.0,0.0,0.0,0,0,0,"-240,000",0,0,0,0,"240,000","-240,000","-240,000"
708299,台星科永豐61購01,0,0,0,0.0,0.0,0.0,0,0,0,"31,000",0,0,0,"31,000",0,"31,000","31,000"
708302,欣銓永豐61購01,0,0,0,0.0,0.0,0.0,0,0,0,"338,000",0,0,0,"455,000","117,000","338,000","338,000"
708306,威剛永豐65購01,0,0,0,0.0,0.0,0.0,0,0,0,"61,000",0,0,0,"61,000",0,"61,000","61,000"
708308,鉅橡永豐61購01,0,0,0,0.0,0.0,0.0,0,0,0,"100,000",0,0,0,"100,000",0,"100,000","100,000"
708309,廣穎永豐65購01,0,0,0,0.0,0.0,0.0,0,0,0,"200,000",0,0,0,"200,000",0,"200,000","200,000"
708312,正淩群益63購01,0,0,0,0.0,0.0,0.0,0,0,0,"11,000",0,0,0,"148,000","137,000","11,000","11,000"
708315,岳豐群益65購01,0,0,0,0.0,0.0,0.0,0,0,0,"40,000",0,0,0,"50,000","10,000","40,000","40,000"
708316,威剛群益5B購02,0,0,0,0.0,0.0,0.0,0,0,0,"200,000",0,0,0,"200,000",0,"200,000","200,000"
708319,茂綸群益5B購01,0,0,0,0.0,0.0,0.0,0,0,0,"5,000",0,0,0,"495,000","490,000","5,000","5,000"
708322,寶雅群益61購01,0,0,0,0.0,0.0,0.0,0,0,0,"50,000",0,0,0,"51,000","1,000","50,000","50,000"
708326,方土昶凱基5C購01,0,0,0,0.0,0.0,0.0,0,0,0,"-100,000",0,0,0,0,"100,000","-100,000","-100,000"
708330,良維凱基5B購05,0,0,0,0.0,0.0,0.0,0,0,0,"40,000",0,0,0,"40,000",0,"40,000","40,000"
708335,群聯凱基61購02,0,0,0,0.0,0.0,0.0,0,0,0,"-32,000",0,0,0,"94,000","126,000","-32,000","-32,000"
708337,環球晶凱基5C購02,0,0,0,0.0,0.0,0.0,0,0,0,"63,000",0,0,0,"68,000","5,000","63,000","63,000"
708341,安葆台新5B購02,0,0,0,0.0,0.0,0.0,0,0,0,"-36,000",0,0,0,0,"36,000","-36,000","-36,000"
708343,艾訊台新5B購02,0,0,0,0.0,0.0,0.0,0,0,0,"-49,000",0,0,0,0,"49,000","-49,000","-49,000"
708360,欣銓群益5B購02,0,0,0,0.0,0.0,0.0,0,0,0,"81,000",0,0,0,"111,000","30,000","81,000","81,000"
708362,環球晶群益5B購02,0,0,0,0.0,0.0,0.0,0,0,0,"53,000",0,0,0,"53,000",0,"53,000","53,000"
708370,台星科元大5B購02,0,0,0,0.0,0.0,0.0,0,0,0,"8,000",0,0,0,"8,000",0,"8,000","8,000"
708371,台星科元大65購01,0,0,0,0.0,0.0,0.0,0,0,0,"1,000",0,0,0,"1,000",0,"1,000","1,000"
708372,沛亨元大5B購01,0,0,0,0.0,0.0,0.0,0,0,0,"10,000",0,0,0,"10,000",0,"10,000","10,000"
708373,欣銓元大5B購01,0,0,0,0.0,0.0,0.0,0,0,0,"-71,000",0,0,0,"115,000","186,000","-71,000","-71,000"
708374,欣銓元大64購01,0,0,0,0.0,0.0,0.0,0,0,0,"1,255,000",0,0,0,"1,484,000","229,000","1,255,000","1,255,000"
708377,威剛元大5B購07,0,0,0,0.0,0.0,0.0,0,0,0,"905,000",0,0,0,"905,000",0,"905,000","905,000"
708380,家登元大64購01,0,0,0,0.0,0.0,0.0,0,0,0,"643,000",0,0,0,"727,000","84,000","643,000","643,000"
708383,群聯元大61購05,0,0,0,0.0,0.0,0.0,0,0,0,"6,000",0,0,0,"6,000",0,"6,000","6,000"
708384,凡甲國泰5C購01,0,0,0,0.0,0.0,0.0,0,0,0,"-50,000",0,0,0,0,"50,000","-50,000","-50,000"
708401,中美晶凱基61購03,0,0,0,0.0,0.0,0.0,0,0,0,"-129,000",0,0,0,"28,000","157,000","-129,000","-129,000"
708404,尼克森凱基5B購01,0,0,0,0.0,0.0,0.0,0,0,0,"35,000",0,0,0,"65,000","30,000","35,000","35,000"
708406,欣銓凱基5B購01,0,0,0,0.0,0.0,0.0,0,0,0,"280,000",0,0,0,"300,000","20,000","280,000","280,000"
708407,信立凱基5B購02,0,0,0,0.0,0.0,0.0,0,0,0,"3,000",0,0,0,"29,000","26,000","3,000","3,000"
708409,智通*凱基5B購01,0,0,0,0.0,0.0,0.0,0,0,0,"10,000",0,0,0,"95,000","85,000","10,000","10,000"
708410,群聯凱基64購03,0,0,0,0.0,0.0,0.0,0,0,0,"5,000",0,0,0,"5,000",0,"5,000","5,000"
708412,環球晶兆豐61購02,0,0,0,0.0,0.0,0.0,0,0,0,"39,000",0,0,0,"39,000",0,"39,000","39,000"
708413,FH中5G元大5B購01,0,0,0,0.0,0.0,0.0,0,0,0,"10,000",0,0,0,"20,000","10,000","10,000","10,000"
708414,FH中5G元大5C購01,0,0,0,0.0,0.0,0.0,0,0,0,"-2,000",0,0,0,0,"2,000","-2,000","-2,000"
708415,世界元大64購03,0,0,0,0.0,0.0,0.0,0,0,0,"-1,000",0,0,0,"5,000","6,000","-1,000","-1,000"
708416,世界元大65購01,0,0,0,0.0,0.0,0.0,0,0,0,"-413,000",0,0,0,0,"413,000","-413,000","-413,000"
708418,順達元大64購04,0,0,0,0.0,0.0,0.0,0,0,0,"61,000",0,0,0,"116,000","55,000","61,000","61,000"
708419,新盛力元大64購01,0,0,0,0.0,0.0,0.0,0,0,0,"12,000",0,0,0,"12,000",0,"12,000","12,000"
708420,萬泰科元大5B購02,0,0,0,0.0,0.0,0.0,0,0,0,"117,000",0,0,0,"125,000","8,000","117,000","117,000"
708422,鈺太元大65購01,0,0,0,0.0,0.0,0.0,0,0,0,"-11,000",0,0,0,0,"11,000","-11,000","-11,000"
708424,環球晶元大5B購05,0,0,0,0.0,0.0,0.0,0,0,0,"46,000",0,0,0,"46,000",0,"46,000","46,000"
708427,朋億*國票5C購01,0,0,0,0.0,0.0,0.0,0,0,0,0,0,0,0,"75,000","75,000",0,0
708429,雷科國票5B購01,0,0,0,0.0,0.0,0.0,0,0,0,"5,000",0,0,0,"5,000",0,"5,000","5,000"
708433,家登富邦61購02,0,0,0,0.0,0.0,0.0,0,0,0,"849,000",0,0,0,"1,104,000","255,000","849,000","849,000"
708434,家登富邦62購01,0,0,0,0.0,0.0,0.0,0,0,0,"379,000",0,0,0,"379,000",0,"379,000","379,000"
708435,鈊象富邦61購02,0,0,0,0.0,0.0,0.0,0,0,0,"34,000",0,0,0,"36,000","2,000","34,000","34,000"
708437,群聯富邦62購03,0,0,0,0.0,0.0,0.0,0,0,0,"-480,000",0,0,0,0,"480,000","-480,000","-480,000"
708440,立碁群益5C購01,0,0,0,0.0,0.0,0.0,0,0,0,"10,000",0,0,0,"10,000",0,"10,000","10,000"
708443,家登群益61購02,0,0,0,0.0,0.0,0.0,0,0,0,"-27,000",0,0,0,0,"27,000","-27,000","-27,000"
708445,群聯群益5B購04,0,0,0,0.0,0.0,0.0,0,0,0,"93,000",0,0,0,"93,000",0,"93,000","93,000"
708446,環球晶群益5C購02,0,0,0,0.0,0.0,0.0,0,0,0,"27,000",0,0,0,"91,000","64,000","27,000","27,000"
708451,合晶凱基61購01,0,0,0,0.0,0.0,0.0,0,0,0,"29,000",0,0,0,"39,000","10,000","29,000","29,000"
708452,欣銓凱基64購01,0,0,0,0.0,0.0,0.0,0,0,0,"75,000",0,0,0,"110,000","35,000","75,000","75,000"
708453,金山電凱基5B購02,0,0,0,0.0,0.0,0.0,0,0,0,"117,000",0,0,0,"140,000","23,000","117,000","117,000"
708455,胡連凱基5B購01,0,0,0,0.0,0.0,0.0,0,0,0,"30,000",0,0,0,"30,000",0,"30,000","30,000"
708460,營邦凱基5B購01,0,0,0,0.0,0.0,0.0,0,0,0,"485,000",0,0,0,"750,000","265,000","485,000","485,000"
708462,營邦凱基5B購03,0,0,0,0.0,0.0,0.0,0,0,0,"430,000",0,0,0,"608,000","178,000","430,000","430,000"
708463,環球晶凱基5B購04,0,0,0,0.0,0.0,0.0,0,0,0,"308,000",0,0,0,"1,034,000","726,000","308,000","308,000"
708464,環球晶凱基5B購05,0,0,0,0.0,0.0,0.0,0,0,0,"316,000",0,0,0,"336,000","20,000","316,000","316,000"
708467,世界台新5B購02,0,0,0,0.0,0.0,0.0,0,0,0,"-50,000",0,0,0,0,"50,000","-50,000","-50,000"
708468,華景電台新5B購02,0,0,0,0.0,0.0,0.0,0,0,0,"-10,000",0,0,0,0,"10,000","-10,000","-10,000"
708470,環球晶台新5B購01,0,0,0,0.0,0.0,0.0,0,0,0,"46,000",0,0,0,"52,000","6,000","46,000","46,000"
708471,環球晶台新5B購02,0,0,0,0.0,0.0,0.0,0,0,0,"252,000",0,0,0,"995,000","743,000","252,000","252,000"
708472,環球晶台新62購01,0,0,0,0.0,0.0,0.0,0,0,0,"-10,000",0,0,0,0,"10,000","-10,000","-10,000"
708473,環球晶台新62購02,0,0,0,0.0,0.0,0.0,0,0,0,"-516,000",0,0,0,"13,000","529,000","-516,000","-516,000"
708480,世界元大64購04,0,0,0,0.0,0.0,0.0,0,0,0,"12,000",0,0,0,"12,000",0,"12,000","12,000"
708486,合晶元大65購01,0,0,0,0.0,0.0,0.0,0,0,0,"8,000",0,0,0,"8,000",0,"8,000","8,000"
708491,群聯元大5B購09,0,0,0,0.0,0.0,0.0,0,0,0,"100,000",0,0,0,"100,000",0,"100,000","100,000"
708492,營邦元大5B購01,0,0,0,0.0,0.0,0.0,0,0,0,"-192,000",0,0,0,"110,000","302,000","-192,000","-192,000"
708493,營邦元大5B購02,0,0,0,0.0,0.0,0.0,0,0,0,"-1,210,000",0,0,0,"460,000","1,670,000","-1,210,000","-1,210,000"
708495,環球晶元大5B購07,0,0,0,0.0,0.0,0.0,0,0,0,"30,000",0,0,0,"45,000","15,000","30,000","30,000"
708496,環球晶元大5B購08,0,0,0,0.0,0.0,0.0,0,0,0,"-130,000",0,0,0,0,"130,000","-130,000","-130,000"
708501,威剛兆豐65購01,0,0,0,0.0,0.0,0.0,0,0,0,"6,000",0,0,0,"27,000","21,000","6,000","6,000"
708502,金山電國泰61購01,0,0,0,0.0,0.0,0.0,0,0,0,"84,000",0,0,0,"115,000","31,000","84,000","84,000"
708503,群聯國泰62購01,0,0,0,0.0,0.0,0.0,0,0,0,0,0,0,0,"20,000","20,000",0,0
708505,群聯國泰63購02,0,0,0,0.0,0.0,0.0,0,0,0,"44,000",0,0,0,"100,000","56,000","44,000","44,000"
708507,環球晶國泰61購01,0,0,0,0.0,0.0,0.0,0,0,0,"-45,000",0,0,0,"22,000","67,000","-45,000","-45,000"
708508,環球晶國泰61購02,0,0,0,0.0,0.0,0.0,0,0,0,"-171,000",0,0,0,"2,000","173,000","-171,000","-171,000"
708513,合晶國票5C購01,0,0,0,0.0,0.0,0.0,0,0,0,"21,000",0,0,0,"21,000",0,"21,000","21,000"
708514,金山電國票5C購02,0,0,0,0.0,0.0,0.0,0,0,0,"27,000",0,0,0,"60,000","33,000","27,000","27,000"
708516,環球晶國票5C購01,0,0,0,0.0,0.0,0.0,0,0,0,"-532,000",0,0,0,"223,000","755,000","-532,000","-532,000"
708517,世界富邦5B購02,0,0,0,0.0,0.0,0.0,0,0,0,"-10,000",0,0,0,0,"10,000","-10,000","-10,000"
708519,營邦富邦61購01,0,0,0,0.0,0.0,0.0,0,0,0,"1,280,000",0,0,0,"1,416,000","136,000","1,280,000","1,280,000"
708520,環球晶富邦5B購02,0,0,0,0.0,0.0,0.0,0,0,0,"523,000",0,0,0,"768,000","245,000","523,000","523,000"
708521,環球晶富邦61購01,0,0,0,0.0,0.0,0.0,0,0,0,"-411,000",0,0,0,"993,000","1,404,000","-411,000","-411,000"
708522,中美晶群益5C購02,0,0,0,0.0,0.0,0.0,0,0,0,"-5,000",0,0,0,"20,000","25,000","-5,000","-5,000"
708525,金山電群益5B購01,0,0,0,0.0,0.0,0.0,0,0,0,"-17,000",0,0,0,"3,000","20,000","-17,000","-17,000"
708529,德微群益5B購01,0,0,0,0.0,0.0,0.0,0,0,0,"100,000",0,0,0,"100,000",0,"100,000","100,000"
708530,營邦群益5B購01,0,0,0,0.0,0.0,0.0,0,0,0,"1,004,000",0,0,0,"1,007,000","3,000","1,004,000","1,004,000"
708532,環球晶群益5B購04,0,0,0,0.0,0.0,0.0,0,0,0,"-210,000",0,0,0,"8,000","218,000","-210,000","-210,000"
708536,立碁凱基5C購01,0,0,0,0.0,0.0,0.0,0,0,0,"-10,000",0,0,0,0,"10,000","-10,000","-10,000"
708538,倚強凱基5B購01,0,0,0,0.0,0.0,0.0,0,0,0,"17,000",0,0,0,"17,000",0,"17,000","17,000"
708540,精材凱基5B購04,0,0,0,0.0,0.0,0.0,0,0,0,"1,000",0,0,0,"1,000",0,"1,000","1,000"
708541,臺慶科凱基5B購01,0,0,0,0.0,0.0,0.0,0,0,0,"-5,000",0,0,0,"217,000","222,000","-5,000","-5,000"
708546,譜瑞兆豐65購01,0,0,0,0.0,0.0,0.0,0,0,0,"-20,000",0,0,0,0,"20,000","-20,000","-20,000"
708547,群聯群益67購01,0,0,0,0.0,0.0,0.0,0,0,0,"-102,000",0,0,0,"3,000","105,000","-102,000","-102,000"
708550,世界元大63購03,0,0,0,0.0,0.0,0.0,0,0,0,"43,000",0,0,0,"43,000",0,"43,000","43,000"
708551,新盛力元大61購02,0,0,0,0.0,0.0,0.0,0,0,0,"4,000",0,0,0,"4,000",0,"4,000","4,000"
708555,中美晶國泰61購01,0,0,0,0.0,0.0,0.0,0,0,0,0,0,0,0,"7,000","7,000",0,0
708556,台半國泰5C購01,0,0,0,0.0,0.0,0.0,0,0,0,"41,000",0,0,0,"79,000","38,000","41,000","41,000"
708557,欣銓國泰5C購02,0,0,0,0.0,0.0,0.0,0,0,0,"1,466,000",0,0,0,"1,622,000","156,000","1,466,000","1,466,000"
708558,立碁富邦5B購01,0,0,0,0.0,0.0,0.0,0,0,0,"-2,000",0,0,0,"83,000","85,000","-2,000","-2,000"
708559,欣銓富邦5B購02,0,0,0,0.0,0.0,0.0,0,0,0,"-2,000",0,0,0,0,"2,000","-2,000","-2,000"
708561,順達富邦5C購02,0,0,0,0.0,0.0,0.0,0,0,0,"-418,000",0,0,0,"134,000","552,000","-418,000","-418,000"
708562,群聯富邦62購04,0,0,0,0.0,0.0,0.0,0,0,0,"20,000",0,0,0,"20,000",0,"20,000","20,000"
708563,中美晶國票5C購01,0,0,0,0.0,0.0,0.0,0,0,0,"-28,000",0,0,0,0,"28,000","-28,000","-28,000"
708565,尼克森國票5B購01,0,0,0,0.0,0.0,0.0,0,0,0,"-7,000",0,0,0,"3,000","10,000","-7,000","-7,000"
708567,美琪瑪國票5C購02,0,0,0,0.0,0.0,0.0,0,0,0,"29,000",0,0,0,"30,000","1,000","29,000","29,000"
708568,宸曜國票5B購01,0,0,0,0.0,0.0,0.0,0,0,0,"59,000",0,0,0,"65,000","6,000","59,000","59,000"
708571,群聯國票5C購01,0,0,0,0.0,0.0,0.0,0,0,0,"-20,000",0,0,0,0,"20,000","-20,000","-20,000"
708572,世界凱基5B購03,0,0,0,0.0,0.0,0.0,0,0,0,0,0,0,0,"3,000","3,000",0,0
708574,創惟凱基5B購01,0,0,0,0.0,0.0,0.0,0,0,0,"10,000",0,0,0,"10,000",0,"10,000","10,000"
708580,群聯凱基5C購01,0,0,0,0.0,0.0,0.0,0,0,0,"50,000",0,0,0,"50,000",0,"50,000","50,000"
708581,群聯凱基61購03,0,0,0,0.0,0.0,0.0,0,0,0,"-300,000",0,0,0,0,"300,000","-300,000","-300,000"
708583,精材凱基5B購05,0,0,0,0.0,0.0,0.0,0,0,0,"20,000",0,0,0,"20,000",0,"20,000","20,000"
708588,群聯富邦62購05,0,0,0,0.0,0.0,0.0,0,0,0,"659,000",0,0,0,"783,000","124,000","659,000","659,000"
708589,宏捷科兆豐65購01,0,0,0,0.0,0.0,0.0,0,0,0,"1,064,000",0,0,0,"1,128,000","64,000","1,064,000","1,064,000"
708590,群聯兆豐65購02,0,0,0,0.0,0.0,0.0,0,0,0,"-67,000",0,0,0,"171,000","238,000","-67,000","-67,000"
708591,精材兆豐61購01,0,0,0,0.0,0.0,0.0,0,0,0,"30,000",0,0,0,"30,000",0,"30,000","30,000"
708593,世禾元大5B購02,0,0,0,0.0,0.0,0.0,0,0,0,"18,000",0,0,0,"18,000",0,"18,000","18,000"
708594,欣銓元大5B購02,0,0,0,0.0,0.0,0.0,0,0,0,"-95,000",0,0,0,"64,000","159,000","-95,000","-95,000"
708595,順達元大5B購03,0,0,0,0.0,0.0,0.0,0,0,0,"-100,000",0,0,0,0,"100,000","-100,000","-100,000"
708596,新盛力元大61購03,0,0,0,0.0,0.0,0.0,0,0,0,"-19,000",0,0,0,"1,000","20,000","-19,000","-19,000"
708601,群聯元大5B購14,0,0,0,0.0,0.0,0.0,0,0,0,"35,000",0,0,0,"35,000",0,"35,000","35,000"
708604,群聯元大63購03,0,0,0,0.0,0.0,0.0,0,0,0,"-454,000",0,0,0,"131,000","585,000","-454,000","-454,000"
708607,中美晶永豐65購01,0,0,0,0.0,0.0,0.0,0,0,0,"234,000",0,0,0,"234,000",0,"234,000","234,000"
708608,台半永豐63購01,0,0,0,0.0,0.0,0.0,0,0,0,"179,000",0,0,0,"179,000",0,"179,000","179,000"
708610,新盛力永豐63購01,0,0,0,0.0,0.0,0.0,0,0,0,"-105,000",0,0,0,0,"105,000","-105,000","-105,000"
708611,群聯永豐5C購03,0,0,0,0.0,0.0,0.0,0,0,0,"-10,000",0,0,0,0,"10,000","-10,000","-10,000"
708614,德微永豐63購01,0,0,0,0.0,0.0,0.0,0,0,0,"85,000",0,0,0,"85,000",0,"85,000","85,000"
708617,台半群益5B購01,0,0,0,0.0,0.0,0.0,0,0,0,"-1,000",0,0,0,0,"1,000","-1,000","-1,000"
708621,順達群益5B購03,0,0,0,0.0,0.0,0.0,0,0,0,"40,000",0,0,0,"40,000",0,"40,000","40,000"
708622,新盛力群益5B購03,0,0,0,0.0,0.0,0.0,0,0,0,"20,000",0,0,0,"20,000",0,"20,000","20,000"
708624,群聯群益61購04,0,0,0,0.0,0.0,0.0,0,0,0,"-40,000",0,0,0,0,"40,000","-40,000","-40,000"
708633,新盛力凱基61購01,0,0,0,0.0,0.0,0.0,0,0,0,"26,000",0,0,0,"26,000",0,"26,000","26,000"
708636,中美晶元大63購02,0,0,0,0.0,0.0,0.0,0,0,0,"-41,000",0,0,0,"8,000","49,000","-41,000","-41,000"
708640,順達元大5B購04,0,0,0,0.0,0.0,0.0,0,0,0,"-73,000",0,0,0,0,"73,000","-73,000","-73,000"
708648,沛亨永豐5C購01,0,0,0,0.0,0.0,0.0,0,0,0,"200,000",0,0,0,"200,000",0,"200,000","200,000"
708651,中美晶富邦5B購01,0,0,0,0.0,0.0,0.0,0,0,0,"34,000",0,0,0,"39,000","5,000","34,000","34,000"
708655,新盛力富邦62購01,0,0,0,0.0,0.0,0.0,0,0,0,"-349,000",0,0,0,"46,000","395,000","-349,000","-349,000"
708660,臺慶科群益5B購02,0,0,0,0.0,0.0,0.0,0,0,0,"1,000",0,0,0,"1,000",0,"1,000","1,000"
708668,元太元大5B購10,0,0,0,0.0,0.0,0.0,0,0,0,"20,000",0,0,0,"20,000",0,"20,000","20,000"
708669,博盛元大5B購01,0,0,0,0.0,0.0,0.0,0,0,0,"50,000",0,0,0,"50,000",0,"50,000","50,000"
708670,陽程元大63購02,0,0,0,0.0,0.0,0.0,0,0,0,"-143,000",0,0,0,0,"143,000","-143,000","-143,000"
708671,新盛力元大5B購03,0,0,0,0.0,0.0,0.0,0,0,0,"-88,000",0,0,0,"30,000","118,000","-88,000","-88,000"
708678,臺慶科永豐5C購01,0,0,0,0.0,0.0,0.0,0,0,0,"51,000",0,0,0,"82,000","31,000","51,000","51,000"
708682,威剛凱基5B購07,0,0,0,0.0,0.0,0.0,0,0,0,"10,000",0,0,0,"10,000",0,"10,000","10,000"
708686,新盛力凱基61購02,0,0,0,0.0,0.0,0.0,0,0,0,"12,000",0,0,0,"12,000",0,"12,000","12,000"
708699,臺慶科台新5B購02,0,0,0,0.0,0.0,0.0,0,0,0,"57,000",0,0,0,"57,000",0,"57,000","57,000"
708700,凡甲國泰61購02,0,0,0,0.0,0.0,0.0,0,0,0,"-29,000",0,0,0,0,"29,000","-29,000","-29,000"
708704,台半富邦62購01,0,0,0,0.0,0.0,0.0,0,0,0,"492,000",0,0,0,"1,269,000","777,000","492,000","492,000"
708706,新盛力富邦61購04,0,0,0,0.0,0.0,0.0,0,0,0,"-652,000",0,0,0,"191,000","843,000","-652,000","-652,000"
708707,德微富邦63購01,0,0,0,0.0,0.0,0.0,0,0,0,"420,000",0,0,0,"430,000","10,000","420,000","420,000"
708712,光頡國票5B購02,0,0,0,0.0,0.0,0.0,0,0,0,"1,000",0,0,0,"1,000",0,"1,000","1,000"
708715,新盛力國票5B購02,0,0,0,0.0,0.0,0.0,0,0,0,"-30,000",0,0,0,0,"30,000","-30,000","-30,000"
708716,中美晶台新5B購04,0,0,0,0.0,0.0,0.0,0,0,0,"20,000",0,0,0,"20,000",0,"20,000","20,000"
708717,台半台新5B購01,0,0,0,0.0,0.0,0.0,0,0,0,"45,000",0,0,0,"65,000","20,000","45,000","45,000"
708719,台半台新5B購03,0,0,0,0.0,0.0,0.0,0,0,0,"-15,000",0,0,0,0,"15,000","-15,000","-15,000"
708721,陽程凱基61購01,0,0,0,0.0,0.0,0.0,0,0,0,"-10,000",0,0,0,0,"10,000","-10,000","-10,000"
708722,陽程凱基63購02,0,0,0,0.0,0.0,0.0,0,0,0,"5,000",0,0,0,"15,000","10,000","5,000","5,000"
708723,勤凱凱基5B購01,0,0,0,0.0,0.0,0.0,0,0,0,"239,000",0,0,0,"239,000",0,"239,000","239,000"
708726,擎亞凱基5B購03,0,0,0,0.0,0.0,0.0,0,0,0,"9,000",0,0,0,"10,000","1,000","9,000","9,000"
708727,台半元大63購02,0,0,0,0.0,0.0,0.0,0,0,0,"-169,000",0,0,0,"4,000","173,000","-169,000","-169,000"
708731,陽程元大5B購01,0,0,0,0.0,0.0,0.0,0,0,0,"1,500,000",0,0,0,"1,500,000",0,"1,500,000","1,500,000"
708733,陽程元大65購02,0,0,0,0.0,0.0,0.0,0,0,0,"-635,000",0,0,0,"5,000","640,000","-635,000","-635,000"
708735,勤凱元大5B購02,0,0,0,0.0,0.0,0.0,0,0,0,"-10,000",0,0,0,0,"10,000","-10,000","-10,000"
708736,勤凱元大5B購03,0,0,0,0.0,0.0,0.0,0,0,0,"106,000",0,0,0,"106,000",0,"106,000","106,000"
708739,德微元大5B購02,0,0,0,0.0,0.0,0.0,0,0,0,"4,000",0,0,0,"4,000",0,"4,000","4,000"
708742,尼克森永豐5C購01,0,0,0,0.0,0.0,0.0,0,0,0,"10,000",0,0,0,"10,000",0,"10,000","10,000"
708743,光頡永豐61購01,0,0,0,0.0,0.0,0.0,0,0,0,"21,000",0,0,0,"21,000",0,"21,000","21,000"
708750,雙鴻永豐65購01,0,0,0,0.0,0.0,0.0,0,0,0,"-210,000",0,0,0,0,"210,000","-210,000","-210,000"
708752,博盛國泰5C購01,0,0,0,0.0,0.0,0.0,0,0,0,"-30,000",0,0,0,"10,000","40,000","-30,000","-30,000"
708755,中美晶群益5B購03,0,0,0,0.0,0.0,0.0,0,0,0,"56,000",0,0,0,"61,000","5,000","56,000","56,000"
708762,大中國票5B購01,0,0,0,0.0,0.0,0.0,0,0,0,"6,000",0,0,0,"6,000",0,"6,000","6,000"
708764,立端國票5C購01,0,0,0,0.0,0.0,0.0,0,0,0,"-2,032,000",0,0,0,0,"2,032,000","-2,032,000","-2,032,000"
708769,家碩國票5C購01,0,0,0,0.0,0.0,0.0,0,0,0,"340,000",0,0,0,"340,000",0,"340,000","340,000"
708770,博盛國票5B購02,0,0,0,0.0,0.0,0.0,0,0,0,"-150,000",0,0,0,0,"150,000","-150,000","-150,000"
708772,博盛國票5C購02,0,0,0,0.0,0.0,0.0,0,0,0,"3,000",0,0,0,"3,000",0,"3,000","3,000"
708773,陽程國票5B購01,0,0,0,0.0,0.0,0.0,0,0,0,"95,000",0,0,0,"95,000",0,"95,000","95,000"
708774,新鉅科國票5C購01,0,0,0,0.0,0.0,0.0,0,0,0,"-9,000",0,0,0,"21,000","30,000","-9,000","-9,000"
708775,聖暉*國票5C購01,0,0,0,0.0,0.0,0.0,0,0,0,"-30,000",0,0,0,0,"30,000","-30,000","-30,000"
708776,榮剛國票5C購01,0,0,0,0.0,0.0,0.0,0,0,0,"-104,000",0,0,0,0,"104,000","-104,000","-104,000"
708777,精材國票5C購02,0,0,0,0.0,0.0,0.0,0,0,0,"-11,000",0,0,0,0,"11,000","-11,000","-11,000"
708778,臺慶科國票5C購02,0,0,0,0.0,0.0,0.0,0,0,0,"2,000",0,0,0,"2,000",0,"2,000","2,000"
708779,廣閎科國票5C購01,0,0,0,0.0,0.0,0.0,0,0,0,"10,000",0,0,0,"15,000","5,000","10,000","10,000"
708784,光頡凱基5B購02,0,0,0,0.0,0.0,0.0,0,0,0,"27,000",0,0,0,"27,000",0,"27,000","27,000"
708786,沛亨凱基5B購02,0,0,0,0.0,0.0,0.0,0,0,0,"300,000",0,0,0,"300,000",0,"300,000","300,000"
708789,精材凱基5B購06,0,0,0,0.0,0.0,0.0,0,0,0,"-10,000",0,0,0,0,"10,000","-10,000","-10,000"
708791,精材凱基5C購02,0,0,0,0.0,0.0,0.0,0,0,0,"-10,000",0,0,0,0,"10,000","-10,000","-10,000"
708793,德微凱基5B購01,0,0,0,0.0,0.0,0.0,0,0,0,"-10,000",0,0,0,0,"10,000","-10,000","-10,000"
708794,世界中信5B購02,0,0,0,0.0,0.0,0.0,0,0,0,"-5,000",0,0,0,0,"5,000","-5,000","-5,000"
708796,茂綸永豐61購01,0,0,0,0.0,0.0,0.0,0,0,0,0,0,0,0,"40,000","40,000",0,0
708797,神準永豐5C購01,0,0,0,0.0,0.0,0.0,0,0,0,"514,000",0,0,0,"534,000","20,000","514,000","514,000"
708798,精材永豐65購01,0,0,0,0.0,0.0,0.0,0,0,0,"-10,000",0,0,0,"5,000","15,000","-10,000","-10,000"
708802,聖暉*元大5B購03,0,0,0,0.0,0.0,0.0,0,0,0,"624,000",0,0,0,"624,000",0,"624,000","624,000"
708804,雷科元大5B購01,0,0,0,0.0,0.0,0.0,0,0,0,"-9,000",0,0,0,"1,000","10,000","-9,000","-9,000"
708808,精材元大5B購16,0,0,0,0.0,0.0,0.0,0,0,0,"-18,000",0,0,0,0,"18,000","-18,000","-18,000"
708811,臺慶科元大63購01,0,0,0,0.0,0.0,0.0,0,0,0,"-243,000",0,0,0,"373,000","616,000","-243,000","-243,000"
708812,世界台新5B購04,0,0,0,0.0,0.0,0.0,0,0,0,"76,000",0,0,0,"76,000",0,"76,000","76,000"
708813,光頡台新5B購01,0,0,0,0.0,0.0,0.0,0,0,0,"5,000",0,0,0,"5,000",0,"5,000","5,000"
708814,欣銓台新5B購03,0,0,0,0.0,0.0,0.0,0,0,0,"900,000",0,0,0,"1,408,000","508,000","900,000","900,000"
708815,欣銓台新5B購04,0,0,0,0.0,0.0,0.0,0,0,0,"659,000",0,0,0,"755,000","96,000","659,000","659,000"
708816,倚強台新5B購01,0,0,0,0.0,0.0,0.0,0,0,0,"10,000",0,0,0,"40,000","30,000","10,000","10,000"
708818,榮剛台新5B購01,0,0,0,0.0,0.0,0.0,0,0,0,"-50,000",0,0,0,0,"50,000","-50,000","-50,000"
708822,臺慶科台新5B購03,0,0,0,0.0,0.0,0.0,0,0,0,"89,000",0,0,0,"89,000",0,"89,000","89,000"
708823,臺慶科台新5B購04,0,0,0,0.0,0.0,0.0,0,0,0,"5,000",0,0,0,"30,000","25,000","5,000","5,000"
708824,伍豐國票5C購01,0,0,0,0.0,0.0,0.0,0,0,0,"1,000",0,0,0,"1,000",0,"1,000","1,000"
708825,光頡國票5B購03,0,0,0,0.0,0.0,0.0,0,0,0,"1,000",0,0,0,"11,000","10,000","1,000","1,000"
708826,翔名國票5C購02,0,0,0,0.0,0.0,0.0,0,0,0,"50,000",0,0,0,"50,000",0,"50,000","50,000"
708827,聖暉*兆豐61購01,0,0,0,0.0,0.0,0.0,0,0,0,"92,000",0,0,0,"562,000","470,000","92,000","92,000"
708831,茂綸群益5C購01,0,0,0,0.0,0.0,0.0,0,0,0,"2,000",0,0,0,"1,671,000","1,669,000","2,000","2,000"
708833,精材群益5B購07,0,0,0,0.0,0.0,0.0,0,0,0,"10,000",0,0,0,"10,000",0,"10,000","10,000"
708834,千如國泰5C購01,0,0,0,0.0,0.0,0.0,0,0,0,"13,000",0,0,0,"13,000",0,"13,000","13,000"
708838,臺慶科國泰5C購01,0,0,0,0.0,0.0,0.0,0,0,0,"5,000",0,0,0,"5,000",0,"5,000","5,000"
708839,萬泰科富邦63購01,0,0,0,0.0,0.0,0.0,0,0,0,"-91,000",0,0,0,0,"91,000","-91,000","-91,000"
708841,台半元大5B購02,0,0,0,0.0,0.0,0.0,0,0,0,"5,000",0,0,0,"7,000","2,000","5,000","5,000"
708843,威剛元大5B購10,0,0,0,0.0,0.0,0.0,0,0,0,"136,000",0,0,0,"186,000","50,000","136,000","136,000"
708846,順達元大5B購05,0,0,0,0.0,0.0,0.0,0,0,0,"5,000",0,0,0,"5,000",0,"5,000","5,000"
708852,台半凱基5B購01,0,0,0,0.0,0.0,0.0,0,0,0,"82,000",0,0,0,"82,000",0,"82,000","82,000"
708854,光頡凱基5B購03,0,0,0,0.0,0.0,0.0,0,0,0,"12,000",0,0,0,"12,000",0,"12,000","12,000"
708858,德微凱基5B購02,0,0,0,0.0,0.0,0.0,0,0,0,"69,000",0,0,0,"69,000",0,"69,000","69,000"
708859,立敦台新5B購01,0,0,0,0.0,0.0,0.0,0,0,0,"16,000",0,0,0,"20,000","4,000","16,000","16,000"
708867,新盛力台新5C購01,0,0,0,0.0,0.0,0.0,0,0,0,"478,000",0,0,0,"500,000","22,000","478,000","478,000"
708869,中美晶中信5B購01,0,0,0,0.0,0.0,0.0,0,0,0,"85,000",0,0,0,"92,000","7,000","85,000","85,000"
708870,光頡中信5B購01,0,0,0,0.0,0.0,0.0,0,0,0,"257,000",0,0,0,"257,000",0,"257,000","257,000"
708871,威剛中信65購01,0,0,0,0.0,0.0,0.0,0,0,0,"-64,000",0,0,0,0,"64,000","-64,000","-64,000"
708875,千如國票5C購01,0,0,0,0.0,0.0,0.0,0,0,0,"64,000",0,0,0,"721,000","657,000","64,000","64,000"
708876,台半國票5C購02,0,0,0,0.0,0.0,0.0,0,0,0,"18,000",0,0,0,"18,000",0,"18,000","18,000"
708878,光頡國票5C購01,0,0,0,0.0,0.0,0.0,0,0,0,"1,000",0,0,0,"1,000",0,"1,000","1,000"
708880,亞通國票5B購01,0,0,0,0.0,0.0,0.0,0,0,0,"1,000",0,0,0,"1,000",0,"1,000","1,000"
708886,雅特力國票5C購01,0,0,0,0.0,0.0,0.0,0,0,0,"-10,000",0,0,0,0,"10,000","-10,000","-10,000"
708888,雷科國票5B購02,0,0,0,0.0,0.0,0.0,0,0,0,"-6,000",0,0,0,"5,000","11,000","-6,000","-6,000"
708889,德微國票5C購01,0,0,0,0.0,0.0,0.0,0,0,0,"435,000",0,0,0,"440,000","5,000","435,000","435,000"
708892,世界群益62購02,0,0,0,0.0,0.0,0.0,0,0,0,"19,000",0,0,0,"174,000","155,000","19,000","19,000"
708894,光頡群益5B購02,0,0,0,0.0,0.0,0.0,0,0,0,"24,000",0,0,0,"34,000","10,000","24,000","24,000"
708897,雷科國泰61購01,0,0,0,0.0,0.0,0.0,0,0,0,"3,000",0,0,0,"3,000",0,"3,000","3,000"
708899,凡甲統一65購01,0,0,0,0.0,0.0,0.0,0,0,0,"-10,000",0,0,0,0,"10,000","-10,000","-10,000"
708903,大中統一65購01,0,0,0,0.0,0.0,0.0,0,0,0,"-5,000",0,0,0,0,"5,000","-5,000","-5,000"
708904,世界統一64購02,0,0,0,0.0,0.0,0.0,0,0,0,"726,000",0,0,0,"734,000","8,000","726,000","726,000"
708905,世界統一65購01,0,0,0,0.0,0.0,0.0,0,0,0,"-163,000",0,0,0,0,"163,000","-163,000","-163,000"
708906,世界統一65購02,0,0,0,0.0,0.0,0.0,0,0,0,"-114,000",0,0,0,0,"114,000","-114,000","-114,000"
708907,尼克森統一63購01,0,0,0,0.0,0.0,0.0,0,0,0,"-230,000",0,0,0,"17,000","247,000","-230,000","-230,000"
708908,立敦統一63購01,0,0,0,0.0,0.0,0.0,0,0,0,"-247,000",0,0,0,0,"247,000","-247,000","-247,000"
708909,立敦統一65購01,0,0,0,0.0,0.0,0.0,0,0,0,"-176,000",0,0,0,0,"176,000","-176,000","-176,000"
708910,立敦統一65購02,0,0,0,0.0,0.0,0.0,0,0,0,"-172,000",0,0,0,0,"172,000","-172,000","-172,000"
708912,光頡統一63購01,0,0,0,0.0,0.0,0.0,0,0,0,"1,000",0,0,0,"1,000",0,"1,000","1,000"
708913,光頡統一65購01,0,0,0,0.0,0.0,0.0,0,0,0,"52,000",0,0,0,"52,000",0,"52,000","52,000"
708914,光頡統一65購02,0,0,0,0.0,0.0,0.0,0,0,0,"90,000",0,0,0,"90,000",0,"90,000","90,000"
708915,安葆統一75購01,0,0,0,0.0,0.0,0.0,0,0,0,"-185,000",0,0,0,0,"185,000","-185,000","-185,000"
708916,艾訊統一65購01,0,0,0,0.0,0.0,0.0,0,0,0,"794,000",0,0,0,"794,000",0,"794,000","794,000"
708918,亞通統一65購01,0,0,0,0.0,0.0,0.0,0,0,0,"15,000",0,0,0,"15,000",0,"15,000","15,000"
708919,欣銓統一63購01,0,0,0,0.0,0.0,0.0,0,0,0,"-1,022,000",0,0,0,"842,000","1,864,000","-1,022,000","-1,022,000"
708920,欣銓統一65購02,0,0,0,0.0,0.0,0.0,0,0,0,"-25,000",0,0,0,"11,000","36,000","-25,000","-25,000"
708921,欣銓統一67購01,0,0,0,0.0,0.0,0.0,0,0,0,"-11,000",0,0,0,"135,000","146,000","-11,000","-11,000"
708922,欣銓統一69購01,0,0,0,0.0,0.0,0.0,0,0,0,"-44,000",0,0,0,0,"44,000","-44,000","-44,000"
708923,威剛統一64購02,0,0,0,0.0,0.0,0.0,0,0,0,"200,000",0,0,0,"200,000",0,"200,000","200,000"
708924,威剛統一65購01,0,0,0,0.0,0.0,0.0,0,0,0,"-50,000",0,0,0,0,"50,000","-50,000","-50,000"
708926,威剛統一65購03,0,0,0,0.0,0.0,0.0,0,0,0,"-50,000",0,0,0,0,"50,000","-50,000","-50,000"
708927,威剛統一69購01,0,0,0,0.0,0.0,0.0,0,0,0,"-40,000",0,0,0,0,"40,000","-40,000","-40,000"
708928,茂達統一64購01,0,0,0,0.0,0.0,0.0,0,0,0,"-6,000",0,0,0,0,"6,000","-6,000","-6,000"
708929,茂綸統一63購01,0,0,0,0.0,0.0,0.0,0,0,0,0,0,0,0,"1,314,000","1,314,000",0,0
708930,翔名統一63購01,0,0,0,0.0,0.0,0.0,0,0,0,"58,000",0,0,0,"67,000","9,000","58,000","58,000"
708934,順達統一65購02,0,0,0,0.0,0.0,0.0,0,0,0,"-41,000",0,0,0,0,"41,000","-41,000","-41,000"
708935,新盛力統一69購01,0,0,0,0.0,0.0,0.0,0,0,0,"-98,000",0,0,0,"27,000","125,000","-98,000","-98,000"
708936,聖暉*統一63購02,0,0,0,0.0,0.0,0.0,0,0,0,"213,000",0,0,0,"925,000","712,000","213,000","213,000"
708937,臺慶科統一63購01,0,0,0,0.0,0.0,0.0,0,0,0,"-17,000",0,0,0,"142,000","159,000","-17,000","-17,000"
708938,臺慶科統一65購01,0,0,0,0.0,0.0,0.0,0,0,0,"201,000",0,0,0,"201,000",0,"201,000","201,000"
708941,世界凱基63購01,0,0,0,0.0,0.0,0.0,0,0,0,0,0,0,0,"50,000","50,000",0,0
708942,台半凱基61購01,0,0,0,0.0,0.0,0.0,0,0,0,"670,000",0,0,0,"680,000","10,000","670,000","670,000"
708943,台星科凱基5C購01,0,0,0,0.0,0.0,0.0,0,0,0,"2,000",0,0,0,"2,000",0,"2,000","2,000"
708946,德微凱基5C購01,0,0,0,0.0,0.0,0.0,0,0,0,"129,000",0,0,0,"129,000",0,"129,000","129,000"
708950,優群台新5B購02,0,0,0,0.0,0.0,0.0,0,0,0,"30,000",0,0,0,"30,000",0,"30,000","30,000"
708952,台半元大5B購03,0,0,0,0.0,0.0,0.0,0,0,0,"40,000",0,0,0,"50,000","10,000","40,000","40,000"
708956,順達元大5B購06,0,0,0,0.0,0.0,0.0,0,0,0,"-17,000",0,0,0,0,"17,000","-17,000","-17,000"
708957,新盛力元大5B購05,0,0,0,0.0,0.0,0.0,0,0,0,"-163,000",0,0,0,0,"163,000","-163,000","-163,000"
708958,雷科元大5B購02,0,0,0,0.0,0.0,0.0,0,0,0,"-19,000",0,0,0,"15,000","34,000","-19,000","-19,000"
708970,欣銓群益5B購03,0,0,0,0.0,0.0,0.0,0,0,0,"-68,000",0,0,0,0,"68,000","-68,000","-68,000"
708971,鈊象群益5B購03,0,0,0,0.0,0.0,0.0,0,0,0,"384,000",0,0,0,"400,000","16,000","384,000","384,000"
708973,德微群益5B購03,0,0,0,0.0,0.0,0.0,0,0,0,"162,000",0,0,0,"162,000",0,"162,000","162,000"
708977,台半統一63購01,0,0,0,0.0,0.0,0.0,0,0,0,"290,000",0,0,0,"290,000",0,"290,000","290,000"
708978,台半統一65購01,0,0,0,0.0,0.0,0.0,0,0,0,"315,000",0,0,0,"315,000",0,"315,000","315,000"
708979,台半統一69購01,0,0,0,0.0,0.0,0.0,0,0,0,"380,000",0,0,0,"385,000","5,000","380,000","380,000"
708980,台星科統一65購01,0,0,0,0.0,0.0,0.0,0,0,0,"1,000",0,0,0,"1,000",0,"1,000","1,000"
708981,立敦統一65購03,0,0,0,0.0,0.0,0.0,0,0,0,"-1,000",0,0,0,0,"1,000","-1,000","-1,000"
708984,欣銓統一65購03,0,0,0,0.0,0.0,0.0,0,0,0,"-90,000",0,0,0,0,"90,000","-90,000","-90,000"
708985,金益鼎統一65購02,0,0,0,0.0,0.0,0.0,0,0,0,"52,000",0,0,0,"52,000",0,"52,000","52,000"
708987,威剛統一65購04,0,0,0,0.0,0.0,0.0,0,0,0,"92,000",0,0,0,"92,000",0,"92,000","92,000"
708991,聖暉*統一65購02,0,0,0,0.0,0.0,0.0,0,0,0,"541,000",0,0,0,"670,000","129,000","541,000","541,000"
708992,德微統一63購02,0,0,0,0.0,0.0,0.0,0,0,0,"309,000",0,0,0,"364,000","55,000","309,000","309,000"
708994,擎亞統一63購01,0,0,0,0.0,0.0,0.0,0,0,0,"14,000",0,0,0,"14,000",0,"14,000","14,000"
709001,泓格國票5B購01,0,0,0,0.0,0.0,0.0,0,0,0,"6,000",0,0,0,"6,000",0,"6,000","6,000"
709004,漢達國票5C購01,0,0,0,0.0,0.0,0.0,0,0,0,"1,000",0,0,0,"1,000",0,"1,000","1,000"
709005,德微國票5C購02,0,0,0,0.0,0.0,0.0,0,0,0,"165,000",0,0,0,"165,000",0,"165,000","165,000"
709008,立敦台新5B購03,0,0,0,0.0,0.0,0.0,0,0,0,"5,000",0,0,0,"5,000",0,"5,000","5,000"
709011,立敦凱基5B購01,0,0,0,0.0,0.0,0.0,0,0,0,"5,000",0,0,0,"5,000",0,"5,000","5,000"
709013,佳邦凱基5C購01,0,0,0,0.0,0.0,0.0,0,0,0,"-10,000",0,0,0,0,"10,000","-10,000","-10,000"
709016,茂達凱基5B購01,0,0,0,0.0,0.0,0.0,0,0,0,"-60,000",0,0,0,0,"60,000","-60,000","-60,000"
709017,鈊象凱基5B購02,0,0,0,0.0,0.0,0.0,0,0,0,"-1,000",0,0,0,0,"1,000","-1,000","-1,000"
709019,臺慶科凱基63購01,0,0,0,0.0,0.0,0.0,0,0,0,"45,000",0,0,0,"246,000","201,000","45,000","45,000"
709020,德微凱基5B購03,0,0,0,0.0,0.0,0.0,0,0,0,"100,000",0,0,0,"100,000",0,"100,000","100,000"
709024,世界群益61購01,0,0,0,0.0,0.0,0.0,0,0,0,"44,000",0,0,0,"49,000","5,000","44,000","44,000"
709025,台半群益5B購02,0,0,0,0.0,0.0,0.0,0,0,0,"-1,000",0,0,0,0,"1,000","-1,000","-1,000"
709032,新盛力群益61購01,0,0,0,0.0,0.0,0.0,0,0,0,"-79,000",0,0,0,"62,000","141,000","-79,000","-79,000"
709037,威剛元大5B購14,0,0,0,0.0,0.0,0.0,0,0,0,"-1,000",0,0,0,"19,000","20,000","-1,000","-1,000"
709039,順達元大5B購07,0,0,0,0.0,0.0,0.0,0,0,0,"-16,000",0,0,0,0,"16,000","-16,000","-16,000"
709041,德微元大5B購03,0,0,0,0.0,0.0,0.0,0,0,0,"143,000",0,0,0,"304,000","161,000","143,000","143,000"
709044,威剛國泰5C購01,0,0,0,0.0,0.0,0.0,0,0,0,"32,000",0,0,0,"32,000",0,"32,000","32,000"
709046,威剛國泰5C購03,0,0,0,0.0,0.0,0.0,0,0,0,"105,000",0,0,0,"105,000",0,"105,000","105,000"
709047,擎亞國泰62購01,0,0,0,0.0,0.0,0.0,0,0,0,"-8,000",0,0,0,"14,000","22,000","-8,000","-8,000"
709049,台半富邦62購02,0,0,0,0.0,0.0,0.0,0,0,0,"817,000",0,0,0,"875,000","58,000","817,000","817,000"
709060,欣銓統一65購04,0,0,0,0.0,0.0,0.0,0,0,0,"17,000",0,0,0,"117,000","100,000","17,000","17,000"
709066,德微統一65購01,0,0,0,0.0,0.0,0.0,0,0,0,"-181,000",0,0,0,0,"181,000","-181,000","-181,000"
709067,德微統一65購02,0,0,0,0.0,0.0,0.0,0,0,0,"-20,000",0,0,0,0,"20,000","-20,000","-20,000"
709070,鑫科統一64購01,0,0,0,0.0,0.0,0.0,0,0,0,"-20,000",0,0,0,0,"20,000","-20,000","-20,000"
709076,德微永豐5C購01,0,0,0,0.0,0.0,0.0,0,0,0,"232,000",0,0,0,"233,000","1,000","232,000","232,000"
709079,台半國票61購01,0,0,0,0.0,0.0,0.0,0,0,0,"-33,000",0,0,0,0,"33,000","-33,000","-33,000"
709081,茂達國票5C購01,0,0,0,0.0,0.0,0.0,0,0,0,"-20,000",0,0,0,0,"20,000","-20,000","-20,000"
709082,博大國票5C購01,0,0,0,0.0,0.0,0.0,0,0,0,"5,000",0,0,0,"5,000",0,"5,000","5,000"
709083,晶宏國票5C購02,0,0,0,0.0,0.0,0.0,0,0,0,"1,212,000",0,0,0,"1,320,000","108,000","1,212,000","1,212,000"
709087,點序國票5B購01,0,0,0,0.0,0.0,0.0,0,0,0,"-50,000",0,0,0,0,"50,000","-50,000","-50,000"
709092,智通*元大5B購01,0,0,0,0.0,0.0,0.0,0,0,0,"-10,000",0,0,0,0,"10,000","-10,000","-10,000"
709094,群聯元大5B購15,0,0,0,0.0,0.0,0.0,0,0,0,"-13,000",0,0,0,"9,000","22,000","-13,000","-13,000"
709103,雷科國票5C購01,0,0,0,0.0,0.0,0.0,0,0,0,"33,000",0,0,0,"52,000","19,000","33,000","33,000"
709107,擎亞國票5C購01,0,0,0,0.0,0.0,0.0,0,0,0,"80,000",0,0,0,"380,000","300,000","80,000","80,000"
709113,博智凱基5B購02,0,0,0,0.0,0.0,0.0,0,0,0,"10,000",0,0,0,"10,000",0,"10,000","10,000"
709116,群聯凱基5B購06,0,0,0,0.0,0.0,0.0,0,0,0,"-50,000",0,0,0,0,"50,000","-50,000","-50,000"
709117,群聯凱基5B購07,0,0,0,0.0,0.0,0.0,0,0,0,"-165,000",0,0,0,0,"165,000","-165,000","-165,000"
709118,雙鴻凱基5B購02,0,0,0,0.0,0.0,0.0,0,0,0,"-1,000",0,0,0,"11,000","12,000","-1,000","-1,000"
709126,順達台新5B購04,0,0,0,0.0,0.0,0.0,0,0,0,0,0,0,0,"5,000","5,000",0,0
709131,雷科台新5B購02,0,0,0,0.0,0.0,0.0,0,0,0,"108,000",0,0,0,"109,000","1,000","108,000","108,000"
709133,聯合台新5B購01,0,0,0,0.0,0.0,0.0,0,0,0,"-152,000",0,0,0,0,"152,000","-152,000","-152,000"
709136,博智富邦61購02,0,0,0,0.0,0.0,0.0,0,0,0,"-30,000",0,0,0,0,"30,000","-30,000","-30,000"
709137,群聯富邦61購03,0,0,0,0.0,0.0,0.0,0,0,0,"-497,000",0,0,0,0,"497,000","-497,000","-497,000"
709147,中美晶統一66購01,0,0,0,0.0,0.0,0.0,0,0,0,"1,207,000",0,0,0,"1,562,000","355,000","1,207,000","1,207,000"
709149,沛亨統一63購01,0,0,0,0.0,0.0,0.0,0,0,0,"-4,000",0,0,0,0,"4,000","-4,000","-4,000"
709150,沛亨統一64購01,0,0,0,0.0,0.0,0.0,0,0,0,"-40,000",0,0,0,0,"40,000","-40,000","-40,000"
709151,沛亨統一65購02,0,0,0,0.0,0.0,0.0,0,0,0,"-2,000",0,0,0,0,"2,000","-2,000","-2,000"
709152,佳邦統一63購01,0,0,0,0.0,0.0,0.0,0,0,0,"200,000",0,0,0,"200,000",0,"200,000","200,000"
709154,朋程統一65購01,0,0,0,0.0,0.0,0.0,0,0,0,"130,000",0,0,0,"130,000",0,"130,000","130,000"
709155,欣銓統一63購02,0,0,0,0.0,0.0,0.0,0,0,0,"63,000",0,0,0,"170,000","107,000","63,000","63,000"
709161,博智統一63購02,0,0,0,0.0,0.0,0.0,0,0,0,"45,000",0,0,0,"45,000",0,"45,000","45,000"
709167,群聯統一63購02,0,0,0,0.0,0.0,0.0,0,0,0,"-20,000",0,0,0,0,"20,000","-20,000","-20,000"
709168,群聯統一65購01,0,0,0,0.0,0.0,0.0,0,0,0,"-50,000",0,0,0,0,"50,000","-50,000","-50,000"
709172,群聯統一6B購01,0,0,0,0.0,0.0,0.0,0,0,0,"-30,000",0,0,0,0,"30,000","-30,000","-30,000"
709173,群聯統一75購01,0,0,0,0.0,0.0,0.0,0,0,0,"-40,000",0,0,0,0,"40,000","-40,000","-40,000"
709174,聖暉*統一65購03,0,0,0,0.0,0.0,0.0,0,0,0,"335,000",0,0,0,"442,000","107,000","335,000","335,000"
709177,臺慶科統一65購03,0,0,0,0.0,0.0,0.0,0,0,0,"-4,000",0,0,0,"130,000","134,000","-4,000","-4,000"
709178,臺慶科統一69購01,0,0,0,0.0,0.0,0.0,0,0,0,"-106,000",0,0,0,0,"106,000","-106,000","-106,000"
709180,廣穎統一69購01,0,0,0,0.0,0.0,0.0,0,0,0,"99,000",0,0,0,"99,000",0,"99,000","99,000"
709185,群聯中信63購01,0,0,0,0.0,0.0,0.0,0,0,0,"20,000",0,0,0,"20,000",0,"20,000","20,000"
709186,倚強群益5B購01,0,0,0,0.0,0.0,0.0,0,0,0,"-20,000",0,0,0,0,"20,000","-20,000","-20,000"
709189,博智群益5B購03,0,0,0,0.0,0.0,0.0,0,0,0,"-998,000",0,0,0,0,"998,000","-998,000","-998,000"
709191,新盛力群益61購02,0,0,0,0.0,0.0,0.0,0,0,0,"-69,000",0,0,0,"407,000","476,000","-69,000","-69,000"
709192,群聯群益5B購07,0,0,0,0.0,0.0,0.0,0,0,0,"-10,000",0,0,0,0,"10,000","-10,000","-10,000"
709200,富喬永豐61購02,0,0,0,0.0,0.0,0.0,0,0,0,"59,000",0,0,0,"263,000","204,000","59,000","59,000"
709201,富喬永豐66購01,0,0,0,0.0,0.0,0.0,0,0,0,"-10,000",0,0,0,"5,000","15,000","-10,000","-10,000"
709202,富喬永豐68購01,0,0,0,0.0,0.0,0.0,0,0,0,"-155,000",0,0,0,"351,000","506,000","-155,000","-155,000"
709205,鈊象永豐63購01,0,0,0,0.0,0.0,0.0,0,0,0,"10,000",0,0,0,"20,000","10,000","10,000","10,000"
709206,新盛力永豐5C購02,0,0,0,0.0,0.0,0.0,0,0,0,"-49,000",0,0,0,"428,000","477,000","-49,000","-49,000"
709207,擎亞永豐63購01,0,0,0,0.0,0.0,0.0,0,0,0,"40,000",0,0,0,"40,000",0,"40,000","40,000"
709210,富喬凱基5B購02,0,0,0,0.0,0.0,0.0,0,0,0,"68,000",0,0,0,"82,000","14,000","68,000","68,000"
709211,富喬凱基61購02,0,0,0,0.0,0.0,0.0,0,0,0,"-6,000",0,0,0,0,"6,000","-6,000","-6,000"
709212,富喬凱基61購03,0,0,0,0.0,0.0,0.0,0,0,0,"-103,000",0,0,0,"371,000","474,000","-103,000","-103,000"
709213,勤凱凱基5B購02,0,0,0,0.0,0.0,0.0,0,0,0,"10,000",0,0,0,"10,000",0,"10,000","10,000"
709215,勤凱凱基5B購04,0,0,0,0.0,0.0,0.0,0,0,0,"-45,000",0,0,0,0,"45,000","-45,000","-45,000"
709222,立碁台新62購01,0,0,0,0.0,0.0,0.0,0,0,0,"-71,000",0,0,0,"30,000","101,000","-71,000","-71,000"
709224,佳邦台新5B購02,0,0,0,0.0,0.0,0.0,0,0,0,"-8,000",0,0,0,"15,000","23,000","-8,000","-8,000"
709225,佳邦台新5B購03,0,0,0,0.0,0.0,0.0,0,0,0,"7,000",0,0,0,"7,000",0,"7,000","7,000"
709234,台半國泰5C購02,0,0,0,0.0,0.0,0.0,0,0,0,"1,000",0,0,0,"1,000",0,"1,000","1,000"
709235,良維國泰5C購02,0,0,0,0.0,0.0,0.0,0,0,0,"69,000",0,0,0,"69,000",0,"69,000","69,000"
709237,順達國泰5C購01,0,0,0,0.0,0.0,0.0,0,0,0,"-120,000",0,0,0,"4,000","124,000","-120,000","-120,000"
709241,富喬富邦5B購02,0,0,0,0.0,0.0,0.0,0,0,0,"-298,000",0,0,0,"722,000","1,020,000","-298,000","-298,000"
709242,群聯富邦62購06,0,0,0,0.0,0.0,0.0,0,0,0,"-197,000",0,0,0,0,"197,000","-197,000","-197,000"
709243,均豪元大5B購04,0,0,0,0.0,0.0,0.0,0,0,0,"4,000",0,0,0,"4,000",0,"4,000","4,000"
709244,欣銓元大5B購03,0,0,0,0.0,0.0,0.0,0,0,0,"268,000",0,0,0,"466,000","198,000","268,000","268,000"
709245,威剛元大5B購15,0,0,0,0.0,0.0,0.0,0,0,0,"70,000",0,0,0,"72,000","2,000","70,000","70,000"
709248,富喬元大5B購03,0,0,0,0.0,0.0,0.0,0,0,0,"-116,000",0,0,0,"27,000","143,000","-116,000","-116,000"
709249,富喬元大5B購04,0,0,0,0.0,0.0,0.0,0,0,0,"-147,000",0,0,0,"133,000","280,000","-147,000","-147,000"
709250,富喬元大5B購05,0,0,0,0.0,0.0,0.0,0,0,0,"47,000",0,0,0,"314,000","267,000","47,000","47,000"
709252,新盛力元大5B購06,0,0,0,0.0,0.0,0.0,0,0,0,"210,000",0,0,0,"210,000",0,"210,000","210,000"
709253,新盛力元大5B購07,0,0,0,0.0,0.0,0.0,0,0,0,"-25,000",0,0,0,0,"25,000","-25,000","-25,000"
709254,群聯元大5B購17,0,0,0,0.0,0.0,0.0,0,0,0,"-73,000",0,0,0,"8,000","81,000","-73,000","-73,000"
709255,群聯元大5B購18,0,0,0,0.0,0.0,0.0,0,0,0,"50,000",0,0,0,"50,000",0,"50,000","50,000"
709259,均豪群益5B購05,0,0,0,0.0,0.0,0.0,0,0,0,"150,000",0,0,0,"150,000",0,"150,000","150,000"
709261,勤凱群益5B購03,0,0,0,0.0,0.0,0.0,0,0,0,"-100,000",0,0,0,0,"100,000","-100,000","-100,000"
709262,新盛力群益63購01,0,0,0,0.0,0.0,0.0,0,0,0,"136,000",0,0,0,"187,000","51,000","136,000","136,000"
709271,中美晶凱基5B購05,0,0,0,0.0,0.0,0.0,0,0,0,"-80,000",0,0,0,0,"80,000","-80,000","-80,000"
709273,立碁凱基5B購02,0,0,0,0.0,0.0,0.0,0,0,0,"-80,000",0,0,0,"10,000","90,000","-80,000","-80,000"
709275,沛亨凱基5C購01,0,0,0,0.0,0.0,0.0,0,0,0,"-4,000",0,0,0,0,"4,000","-4,000","-4,000"
709277,華容凱基5B購01,0,0,0,0.0,0.0,0.0,0,0,0,"-2,000",0,0,0,"3,000","5,000","-2,000","-2,000"
709278,華容凱基5C購01,0,0,0,0.0,0.0,0.0,0,0,0,"-5,000",0,0,0,0,"5,000","-5,000","-5,000"
709279,萬泰科凱基5B購02,0,0,0,0.0,0.0,0.0,0,0,0,"70,000",0,0,0,"70,000",0,"70,000","70,000"
709283,立碁台新5B購02,0,0,0,0.0,0.0,0.0,0,0,0,"-22,000",0,0,0,0,"22,000","-22,000","-22,000"
709290,勤凱台新5B購04,0,0,0,0.0,0.0,0.0,0,0,0,"189,000",0,0,0,"189,000",0,"189,000","189,000"
709291,臺慶科台新5B購06,0,0,0,0.0,0.0,0.0,0,0,0,"58,000",0,0,0,"68,000","10,000","58,000","58,000"
709294,中美晶元大5B購06,0,0,0,0.0,0.0,0.0,0,0,0,"11,000",0,0,0,"11,000",0,"11,000","11,000"
709296,世界元大5B購04,0,0,0,0.0,0.0,0.0,0,0,0,"20,000",0,0,0,"20,000",0,"20,000","20,000"
709297,台半元大5B購05,0,0,0,0.0,0.0,0.0,0,0,0,"49,000",0,0,0,"49,000",0,"49,000","49,000"
709298,倚強元大5B購01,0,0,0,0.0,0.0,0.0,0,0,0,"-40,000",0,0,0,0,"40,000","-40,000","-40,000"
709300,群聯元大61購07,0,0,0,0.0,0.0,0.0,0,0,0,"-145,000",0,0,0,0,"145,000","-145,000","-145,000"
709301,聖暉*元大5B購05,0,0,0,0.0,0.0,0.0,0,0,0,"515,000",0,0,0,"557,000","42,000","515,000","515,000"
709307,中美晶群益5B購06,0,0,0,0.0,0.0,0.0,0,0,0,"902,000",0,0,0,"902,000",0,"902,000","902,000"
709308,世界群益5C購02,0,0,0,0.0,0.0,0.0,0,0,0,"-221,000",0,0,0,"117,000","338,000","-221,000","-221,000"
709309,南俊群益5B購01,0,0,0,0.0,0.0,0.0,0,0,0,"113,000",0,0,0,"113,000",0,"113,000","113,000"
709311,富喬群益5B購03,0,0,0,0.0,0.0,0.0,0,0,0,"1,697,000",0,0,0,"1,710,000","13,000","1,697,000","1,697,000"
709312,群聯群益5B購09,0,0,0,0.0,0.0,0.0,0,0,0,"998,000",0,0,0,"998,000",0,"998,000","998,000"
709313,精材群益5B購09,0,0,0,0.0,0.0,0.0,0,0,0,"3,000",0,0,0,"3,000",0,"3,000","3,000"
709316,長科*永豐61購01,0,0,0,0.0,0.0,0.0,0,0,0,"-13,000",0,0,0,"12,000","25,000","-13,000","-13,000"
709317,順達永豐64購02,0,0,0,0.0,0.0,0.0,0,0,0,"-20,000",0,0,0,0,"20,000","-20,000","-20,000"
709322,沛亨元大5B購04,0,0,0,0.0,0.0,0.0,0,0,0,"10,000",0,0,0,"10,000",0,"10,000","10,000"
709328,富喬元大61購03,0,0,0,0.0,0.0,0.0,0,0,0,"-60,000",0,0,0,"400,000","460,000","-60,000","-60,000"
709332,順達富邦61購01,0,0,0,0.0,0.0,0.0,0,0,0,"100,000",0,0,0,"100,000",0,"100,000","100,000"
709335,均豪群益5B購06,0,0,0,0.0,0.0,0.0,0,0,0,"60,000",0,0,0,"60,000",0,"60,000","60,000"
709341,長科*群益5B購01,0,0,0,0.0,0.0,0.0,0,0,0,"1,249,000",0,0,0,"1,299,000","50,000","1,249,000","1,249,000"
709346,台半凱基5B購03,0,0,0,0.0,0.0,0.0,0,0,0,"-50,000",0,0,0,0,"50,000","-50,000","-50,000"
709347,沛亨凱基5B購04,0,0,0,0.0,0.0,0.0,0,0,0,"80,000",0,0,0,"80,000",0,"80,000","80,000"
709354,台半台新5B購04,0,0,0,0.0,0.0,0.0,0,0,0,"-5,000",0,0,0,"95,000","100,000","-5,000","-5,000"
709355,台半台新5B購05,0,0,0,0.0,0.0,0.0,0,0,0,"1,537,000",0,0,0,"1,737,000","200,000","1,537,000","1,537,000"
709357,博盛台新5B購02,0,0,0,0.0,0.0,0.0,0,0,0,"150,000",0,0,0,"250,000","100,000","150,000","150,000"
709362,台半凱基5B購04,0,0,0,0.0,0.0,0.0,0,0,0,"-30,000",0,0,0,0,"30,000","-30,000","-30,000"
709365,長科*凱基5B購01,0,0,0,0.0,0.0,0.0,0,0,0,"3,000",0,0,0,"3,000",0,"3,000","3,000"
709366,富喬凱基62購01,0,0,0,0.0,0.0,0.0,0,0,0,"27,000",0,0,0,"58,000","31,000","27,000","27,000"
709367,萊德光凱基5B購01,0,0,0,0.0,0.0,0.0,0,0,0,"-87,000",0,0,0,"228,000","315,000","-87,000","-87,000"
709368,萊德光凱基5B購02,0,0,0,0.0,0.0,0.0,0,0,0,"405,000",0,0,0,"602,000","197,000","405,000","405,000"
709370,勤凱凱基5B購05,0,0,0,0.0,0.0,0.0,0,0,0,"1,000",0,0,0,"1,000",0,"1,000","1,000"
709371,群翊凱基62購01,0,0,0,0.0,0.0,0.0,0,0,0,"-100,000",0,0,0,0,"100,000","-100,000","-100,000"
709382,廣穎台新5B購02,0,0,0,0.0,0.0,0.0,0,0,0,"20,000",0,0,0,"20,000",0,"20,000","20,000"
709384,點序台新62購01,0,0,0,0.0,0.0,0.0,0,0,0,"352,000",0,0,0,"358,000","6,000","352,000","352,000"
709386,長科*元大5B購01,0,0,0,0.0,0.0,0.0,0,0,0,"50,000",0,0,0,"50,000",0,"50,000","50,000"
709390,群聯元大63購04,0,0,0,0.0,0.0,0.0,0,0,0,"-40,000",0,0,0,0,"40,000","-40,000","-40,000"
709391,聖暉*元大5B購06,0,0,0,0.0,0.0,0.0,0,0,0,"7,000",0,0,0,"7,000",0,"7,000","7,000"
709394,台半群益62購01,0,0,0,0.0,0.0,0.0,0,0,0,"20,000",0,0,0,"180,000","160,000","20,000","20,000"
709395,聖暉*群益5B購03,0,0,0,0.0,0.0,0.0,0,0,0,"10,000",0,0,0,"10,000",0,"10,000","10,000"
709398,威聯通國泰5C購01,0,0,0,0.0,0.0,0.0,0,0,0,"-10,000",0,0,0,0,"10,000","-10,000","-10,000"
709399,勤凱國泰5C購02,0,0,0,0.0,0.0,0.0,0,0,0,"251,000",0,0,0,"252,000","1,000","251,000","251,000"
709400,台半永豐63購02,0,0,0,0.0,0.0,0.0,0,0,0,"251,000",0,0,0,"251,000",0,"251,000","251,000"
709403,萊德光永豐5C購01,0,0,0,0.0,0.0,0.0,0,0,0,"86,000",0,0,0,"86,000",0,"86,000","86,000"
709404,勤凱永豐5C購04,0,0,0,0.0,0.0,0.0,0,0,0,"31,000",0,0,0,"35,000","4,000","31,000","31,000"
709408,中美晶元大5C購03,0,0,0,0.0,0.0,0.0,0,0,0,"2,000",0,0,0,"7,000","5,000","2,000","2,000"
709409,世界元大5C購02,0,0,0,0.0,0.0,0.0,0,0,0,"3,000",0,0,0,"5,000","2,000","3,000","3,000"
709413,富喬元大5C購03,0,0,0,0.0,0.0,0.0,0,0,0,"-91,000",0,0,0,"38,000","129,000","-91,000","-91,000"
709415,勤凱元大5C購01,0,0,0,0.0,0.0,0.0,0,0,0,"50,000",0,0,0,"50,000",0,"50,000","50,000"
709416,群聯元大5C購03,0,0,0,0.0,0.0,0.0,0,0,0,"-5,000",0,0,0,"14,000","19,000","-5,000","-5,000"
709418,中美晶永豐64購01,0,0,0,0.0,0.0,0.0,0,0,0,"153,000",0,0,0,"168,000","15,000","153,000","153,000"
709419,長科*永豐61購02,0,0,0,0.0,0.0,0.0,0,0,0,"55,000",0,0,0,"55,000",0,"55,000","55,000"
709430,順達凱基5C購02,0,0,0,0.0,0.0,0.0,0,0,0,"18,000",0,0,0,"18,000",0,"18,000","18,000"
709433,勤凱凱基62購01,0,0,0,0.0,0.0,0.0,0,0,0,"673,000",0,0,0,"673,000",0,"673,000","673,000"
709438,湧德台新61購01,0,0,0,0.0,0.0,0.0,0,0,0,"-83,000",0,0,0,"54,000","137,000","-83,000","-83,000"
709445,立敦群益5C購01,0,0,0,0.0,0.0,0.0,0,0,0,"11,000",0,0,0,"11,000",0,"11,000","11,000"
709446,勤凱群益5C購01,0,0,0,0.0,0.0,0.0,0,0,0,"17,000",0,0,0,"17,000",0,"17,000","17,000"
709447,廣穎群益5C購01,0,0,0,0.0,0.0,0.0,0,0,0,"3,000",0,0,0,"3,000",0,"3,000","3,000"
709448,雙鴻群益5C購01,0,0,0,0.0,0.0,0.0,0,0,0,"2,000",0,0,0,"2,000",0,"2,000","2,000"
709449,聖暉*國泰61購01,0,0,0,0.0,0.0,0.0,0,0,0,"470,000",0,0,0,"492,000","22,000","470,000","470,000"
709450,雙鴻國泰61購02,0,0,0,0.0,0.0,0.0,0,0,0,"-10,000",0,0,0,0,"10,000","-10,000","-10,000"
709452,台半富邦64購01,0,0,0,0.0,0.0,0.0,0,0,0,"494,000",0,0,0,"613,000","119,000","494,000","494,000"
709453,台半富邦66購01,0,0,0,0.0,0.0,0.0,0,0,0,"584,000",0,0,0,"584,000",0,"584,000","584,000"
709454,宏捷科富邦66購01,0,0,0,0.0,0.0,0.0,0,0,0,"-48,000",0,0,0,0,"48,000","-48,000","-48,000"
709455,宏捷科富邦66購02,0,0,0,0.0,0.0,0.0,0,0,0,"51,000",0,0,0,"51,000",0,"51,000","51,000"
709456,長科*富邦63購01,0,0,0,0.0,0.0,0.0,0,0,0,"47,000",0,0,0,"60,000","13,000","47,000","47,000"
709457,威剛富邦62購01,0,0,0,0.0,0.0,0.0,0,0,0,"50,000",0,0,0,"50,000",0,"50,000","50,000"
709458,富喬富邦66購01,0,0,0,0.0,0.0,0.0,0,0,0,"-326,000",0,0,0,"183,000","509,000","-326,000","-326,000"
709459,智通*富邦64購01,0,0,0,0.0,0.0,0.0,0,0,0,"-41,000",0,0,0,0,"41,000","-41,000","-41,000"
709460,智通*富邦66購01,0,0,0,0.0,0.0,0.0,0,0,0,"-80,000",0,0,0,0,"80,000","-80,000","-80,000"
709462,鈊象富邦66購01,0,0,0,0.0,0.0,0.0,0,0,0,"5,000",0,0,0,"31,000","26,000","5,000","5,000"
709465,台半國票61購02,0,0,0,0.0,0.0,0.0,0,0,0,"198,000",0,0,0,"200,000","2,000","198,000","198,000"
709467,佳邦國票61購01,0,0,0,0.0,0.0,0.0,0,0,0,"-10,000",0,0,0,0,"10,000","-10,000","-10,000"
709469,萊德光國票61購01,0,0,0,0.0,0.0,0.0,0,0,0,"-149,000",0,0,0,"66,000","215,000","-149,000","-149,000"
709471,中美晶群益62購02,0,0,0,0.0,0.0,0.0,0,0,0,"123,000",0,0,0,"168,000","45,000","123,000","123,000"
709475,振曜群益5C購01,0,0,0,0.0,0.0,0.0,0,0,0,"-415,000",0,0,0,0,"415,000","-415,000","-415,000"
709481,欣銓永豐64購01,0,0,0,0.0,0.0,0.0,0,0,0,"28,000",0,0,0,"61,000","33,000","28,000","28,000"
709482,達航永豐61購01,0,0,0,0.0,0.0,0.0,0,0,0,"2,000",0,0,0,"2,000",0,"2,000","2,000"
709486,順達富邦61購02,0,0,0,0.0,0.0,0.0,0,0,0,"-16,000",0,0,0,"204,000","220,000","-16,000","-16,000"
709491,中美晶凱基5C購02,0,0,0,0.0,0.0,0.0,0,0,0,"635,000",0,0,0,"777,000","142,000","635,000","635,000"
709493,良維凱基64購01,0,0,0,0.0,0.0,0.0,0,0,0,"168,000",0,0,0,"368,000","200,000","168,000","168,000"
709495,能率亞凱基5C購01,0,0,0,0.0,0.0,0.0,0,0,0,"-1,000",0,0,0,0,"1,000","-1,000","-1,000"
709500,中美晶台新63購01,0,0,0,0.0,0.0,0.0,0,0,0,"38,000",0,0,0,"50,000","12,000","38,000","38,000"
709502,宏觀台新5C購01,0,0,0,0.0,0.0,0.0,0,0,0,"-1,000",0,0,0,0,"1,000","-1,000","-1,000"
709510,朋程元大5C購01,0,0,0,0.0,0.0,0.0,0,0,0,"80,000",0,0,0,"80,000",0,"80,000","80,000"
709512,富喬元大61購04,0,0,0,0.0,0.0,0.0,0,0,0,"234,000",0,0,0,"403,000","169,000","234,000","234,000"
709514,順達元大5C購03,0,0,0,0.0,0.0,0.0,0,0,0,"-496,000",0,0,0,0,"496,000","-496,000","-496,000"
709515,順達元大64購05,0,0,0,0.0,0.0,0.0,0,0,0,"-110,000",0,0,0,0,"110,000","-110,000","-110,000"
709518,中美晶富邦62購01,0,0,0,0.0,0.0,0.0,0,0,0,"-250,000",0,0,0,"477,000","727,000","-250,000","-250,000"
709520,世紀*凱基5C購01,0,0,0,0.0,0.0,0.0,0,0,0,"-10,000",0,0,0,0,"10,000","-10,000","-10,000"
709521,台半凱基61購02,0,0,0,0.0,0.0,0.0,0,0,0,"-10,000",0,0,0,"10,000","20,000","-10,000","-10,000"
709522,立端凱基61購01,0,0,0,0.0,0.0,0.0,0,0,0,"-2,000,000",0,0,0,0,"2,000,000","-2,000,000","-2,000,000"
709526,長科*凱基5C購01,0,0,0,0.0,0.0,0.0,0,0,0,"29,000",0,0,0,"73,000","44,000","29,000","29,000"
709527,宸曜凱基5C購01,0,0,0,0.0,0.0,0.0,0,0,0,"1,000",0,0,0,"1,000",0,"1,000","1,000"
709530,大綜台新5C購01,0,0,0,0.0,0.0,0.0,0,0,0,"12,000",0,0,0,"15,000","3,000","12,000","12,000"
709531,系統電台新5C購01,0,0,0,0.0,0.0,0.0,0,0,0,"20,000",0,0,0,"40,000","20,000","20,000","20,000"
709532,萊德光台新5C購01,0,0,0,0.0,0.0,0.0,0,0,0,"146,000",0,0,0,"338,000","192,000","146,000","146,000"
709534,台半永豐61購02,0,0,0,0.0,0.0,0.0,0,0,0,"10,000",0,0,0,"10,000",0,"10,000","10,000"
709537,雙鴻永豐64購02,0,0,0,0.0,0.0,0.0,0,0,0,"100,000",0,0,0,"110,000","10,000","100,000","100,000"
709539,中美晶元大5C購04,0,0,0,0.0,0.0,0.0,0,0,0,"153,000",0,0,0,"153,000",0,"153,000","153,000"
709541,世界元大64購05,0,0,0,0.0,0.0,0.0,0,0,0,"10,000",0,0,0,"15,000","5,000","10,000","10,000"
709542,台半元大5C購03,0,0,0,0.0,0.0,0.0,0,0,0,"147,000",0,0,0,"147,000",0,"147,000","147,000"
709543,台半元大5C購04,0,0,0,0.0,0.0,0.0,0,0,0,"54,000",0,0,0,"54,000",0,"54,000","54,000"
709546,欣銓元大5C購01,0,0,0,0.0,0.0,0.0,0,0,0,"-798,000",0,0,0,"70,000","868,000","-798,000","-798,000"
709548,長科*元大5C購03,0,0,0,0.0,0.0,0.0,0,0,0,"299,000",0,0,0,"299,000",0,"299,000","299,000"
709550,富喬元大61購05,0,0,0,0.0,0.0,0.0,0,0,0,"-413,000",0,0,0,"228,000","641,000","-413,000","-413,000"
709552,順達元大64購06,0,0,0,0.0,0.0,0.0,0,0,0,"29,000",0,0,0,"65,000","36,000","29,000","29,000"
709554,聖暉*元大5C購04,0,0,0,0.0,0.0,0.0,0,0,0,"574,000",0,0,0,"574,000",0,"574,000","574,000"
709556,世界群益5C購03,0,0,0,0.0,0.0,0.0,0,0,0,"36,000",0,0,0,"56,000","20,000","36,000","36,000"
709560,長科*群益61購01,0,0,0,0.0,0.0,0.0,0,0,0,"10,000",0,0,0,"10,000",0,"10,000","10,000"
709561,南俊群益5C購01,0,0,0,0.0,0.0,0.0,0,0,0,"-364,000",0,0,0,"20,000","384,000","-364,000","-364,000"
709562,富喬群益5C購02,0,0,0,0.0,0.0,0.0,0,0,0,"189,000",0,0,0,"740,000","551,000","189,000","189,000"
709566,雙鴻群益5C購02,0,0,0,0.0,0.0,0.0,0,0,0,"-329,000",0,0,0,"1,111,000","1,440,000","-329,000","-329,000"
709568,威剛凱基61購01,0,0,0,0.0,0.0,0.0,0,0,0,"499,000",0,0,0,"499,000",0,"499,000","499,000"
709570,聰泰凱基5C購01,0,0,0,0.0,0.0,0.0,0,0,0,"5,000",0,0,0,"7,000","2,000","5,000","5,000"
709571,雙鴻凱基5C購07,0,0,0,0.0,0.0,0.0,0,0,0,"-6,000",0,0,0,"6,000","12,000","-6,000","-6,000"
709572,雙鴻凱基5C購08,0,0,0,0.0,0.0,0.0,0,0,0,"11,000",0,0,0,"11,000",0,"11,000","11,000"
709582,台半元大5C購05,0,0,0,0.0,0.0,0.0,0,0,0,"-495,000",0,0,0,0,"495,000","-495,000","-495,000"
709583,台半元大66購03,0,0,0,0.0,0.0,0.0,0,0,0,"11,000",0,0,0,"11,000",0,"11,000","11,000"
709586,富喬元大64購01,0,0,0,0.0,0.0,0.0,0,0,0,"1,351,000",0,0,0,"1,926,000","575,000","1,351,000","1,351,000"
709587,順達元大5C購05,0,0,0,0.0,0.0,0.0,0,0,0,"21,000",0,0,0,"21,000",0,"21,000","21,000"
709589,群聯元大64購04,0,0,0,0.0,0.0,0.0,0,0,0,"395,000",0,0,0,"395,000",0,"395,000","395,000"
709598,磐亞國票61購01,0,0,0,0.0,0.0,0.0,0,0,0,"1,000",0,0,0,"1,000",0,"1,000","1,000"
709599,雙鴻國票61購01,0,0,0,0.0,0.0,0.0,0,0,0,"-71,000",0,0,0,"51,000","122,000","-71,000","-71,000"
709600,中美晶元大5C購06,0,0,0,0.0,0.0,0.0,0,0,0,"15,000",0,0,0,"15,000",0,"15,000","15,000"
709602,世界元大64購07,0,0,0,0.0,0.0,0.0,0,0,0,"9,000",0,0,0,"16,000","7,000","9,000","9,000"
709607,群聯元大5C購04,0,0,0,0.0,0.0,0.0,0,0,0,"26,000",0,0,0,"30,000","4,000","26,000","26,000"
709611,磐亞元大5C購01,0,0,0,0.0,0.0,0.0,0,0,0,"-1,000",0,0,0,0,"1,000","-1,000","-1,000"
709613,大綜永豐61購01,0,0,0,0.0,0.0,0.0,0,0,0,"128,000",0,0,0,"138,000","10,000","128,000","128,000"
709618,雙鴻凱基61購04,0,0,0,0.0,0.0,0.0,0,0,0,"-301,000",0,0,0,"152,000","453,000","-301,000","-301,000"
709619,大綜台新5C購02,0,0,0,0.0,0.0,0.0,0,0,0,"-28,000",0,0,0,"182,000","210,000","-28,000","-28,000"
709620,系統電台新61購01,0,0,0,0.0,0.0,0.0,0,0,0,"50,000",0,0,0,"55,000","5,000","50,000","50,000"
709622,順達台新5C購02,0,0,0,0.0,0.0,0.0,0,0,0,"-64,000",0,0,0,0,"64,000","-64,000","-64,000"
709624,雙鴻台新5C購01,0,0,0,0.0,0.0,0.0,0,0,0,"-65,000",0,0,0,"5,000","70,000","-65,000","-65,000"
709628,雙鴻群益62購01,0,0,0,0.0,0.0,0.0,0,0,0,"-311,000",0,0,0,"427,000","738,000","-311,000","-311,000"
709630,系微永豐61購01,0,0,0,0.0,0.0,0.0,0,0,0,"-50,000",0,0,0,0,"50,000","-50,000","-50,000"
709636,大綜國票5C購01,0,0,0,0.0,0.0,0.0,0,0,0,"91,000",0,0,0,"91,000",0,"91,000","91,000"
709638,光聚晶國票61購01,0,0,0,0.0,0.0,0.0,0,0,0,"-5,000",0,0,0,0,"5,000","-5,000","-5,000"
709642,鈊象國票61購01,0,0,0,0.0,0.0,0.0,0,0,0,"50,000",0,0,0,"70,000","20,000","50,000","50,000"
709644,大綜凱基5C購01,0,0,0,0.0,0.0,0.0,0,0,0,"300,000",0,0,0,"626,000","326,000","300,000","300,000"
709647,朋億*凱基5C購01,0,0,0,0.0,0.0,0.0,0,0,0,"-481,000",0,0,0,"20,000","501,000","-481,000","-481,000"
709652,雅特力凱基5C購02,0,0,0,0.0,0.0,0.0,0,0,0,"70,000",0,0,0,"100,000","30,000","70,000","70,000"
709654,精確凱基5C購01,0,0,0,0.0,0.0,0.0,0,0,0,"2,000",0,0,0,"2,000",0,"2,000","2,000"
709655,大綜台新5C購03,0,0,0,0.0,0.0,0.0,0,0,0,"213,000",0,0,0,"300,000","87,000","213,000","213,000"
709658,富喬台新5C購01,0,0,0,0.0,0.0,0.0,0,0,0,"-7,000",0,0,0,0,"7,000","-7,000","-7,000"
709659,富喬台新5C購02,0,0,0,0.0,0.0,0.0,0,0,0,"-31,000",0,0,0,"13,000","44,000","-31,000","-31,000"
709664,大綜元大5C購01,0,0,0,0.0,0.0,0.0,0,0,0,"-200,000",0,0,0,"217,000","417,000","-200,000","-200,000"
709665,中美晶元大5C購07,0,0,0,0.0,0.0,0.0,0,0,0,"8,000",0,0,0,"8,000",0,"8,000","8,000"
709666,台半元大5C購06,0,0,0,0.0,0.0,0.0,0,0,0,"909,000",0,0,0,"909,000",0,"909,000","909,000"
709669,家登元大5C購04,0,0,0,0.0,0.0,0.0,0,0,0,"278,000",0,0,0,"313,000","35,000","278,000","278,000"
709672,群聯元大5C購08,0,0,0,0.0,0.0,0.0,0,0,0,"-40,000",0,0,0,0,"40,000","-40,000","-40,000"
709673,群聯元大66購05,0,0,0,0.0,0.0,0.0,0,0,0,"-50,000",0,0,0,0,"50,000","-50,000","-50,000"
709676,家登富邦63購01,0,0,0,0.0,0.0,0.0,0,0,0,"10,000",0,0,0,"10,000",0,"10,000","10,000"
709679,家登群益5C購01,0,0,0,0.0,0.0,0.0,0,0,0,"-50,000",0,0,0,0,"50,000","-50,000","-50,000"
709680,富喬群益5C購03,0,0,0,0.0,0.0,0.0,0,0,0,"10,000",0,0,0,"140,000","130,000","10,000","10,000"
709683,聖暉*群益5C購02,0,0,0,0.0,0.0,0.0,0,0,0,"499,000",0,0,0,"499,000",0,"499,000","499,000"
709684,立端永豐64購01,0,0,0,0.0,0.0,0.0,0,0,0,"-3,000",0,0,0,0,"3,000","-3,000","-3,000"
709686,建榮永豐61購01,0,0,0,0.0,0.0,0.0,0,0,0,"6,000",0,0,0,"17,000","11,000","6,000","6,000"
709688,雅特力永豐61購01,0,0,0,0.0,0.0,0.0,0,0,0,"62,000",0,0,0,"105,000","43,000","62,000","62,000"
709691,聰泰永豐61購01,0,0,0,0.0,0.0,0.0,0,0,0,0,0,0,0,"5,000","5,000",0,0
709695,光焱國票61購01,0,0,0,0.0,0.0,0.0,0,0,0,"50,000",0,0,0,"50,000",0,"50,000","50,000"
709696,安勤國票61購01,0,0,0,0.0,0.0,0.0,0,0,0,"-40,000",0,0,0,0,"40,000","-40,000","-40,000"
709698,邑昇國票61購01,0,0,0,0.0,0.0,0.0,0,0,0,"-10,000",0,0,0,0,"10,000","-10,000","-10,000"
709700,建榮國票5C購01,0,0,0,0.0,0.0,0.0,0,0,0,"160,000",0,0,0,"300,000","140,000","160,000","160,000"
709703,博智國票5C購02,0,0,0,0.0,0.0,0.0,0,0,0,"6,000",0,0,0,"6,000",0,"6,000","6,000"
709706,雅特力國票61購02,0,0,0,0.0,0.0,0.0,0,0,0,"276,000",0,0,0,"371,000","95,000","276,000","276,000"
709717,雅特力台新5C購01,0,0,0,0.0,0.0,0.0,0,0,0,"19,000",0,0,0,"41,000","22,000","19,000","19,000"
709719,鈊象台新5C購02,0,0,0,0.0,0.0,0.0,0,0,0,"-66,000",0,0,0,0,"66,000","-66,000","-66,000"
709724,中美晶元大5C購09,0,0,0,0.0,0.0,0.0,0,0,0,"30,000",0,0,0,"46,000","16,000","30,000","30,000"
709730,富喬元大64購02,0,0,0,0.0,0.0,0.0,0,0,0,"-74,000",0,0,0,"6,000","80,000","-74,000","-74,000"
709731,順達元大5C購06,0,0,0,0.0,0.0,0.0,0,0,0,0,0,0,0,"30,000","30,000",0,0
709735,群聯元大5C購11,0,0,0,0.0,0.0,0.0,0,0,0,"4,000",0,0,0,"8,000","4,000","4,000","4,000"
709736,群聯元大66購06,0,0,0,0.0,0.0,0.0,0,0,0,"-5,000",0,0,0,0,"5,000","-5,000","-5,000"
709739,精材元大66購04,0,0,0,0.0,0.0,0.0,0,0,0,"2,000",0,0,0,"2,000",0,"2,000","2,000"
709740,順達凱基5C購03,0,0,0,0.0,0.0,0.0,0,0,0,"-5,000",0,0,0,0,"5,000","-5,000","-5,000"
709745,宜鼎元大5C購05,0,0,0,0.0,0.0,0.0,0,0,0,"-8,000",0,0,0,0,"8,000","-8,000","-8,000"
709746,宜鼎元大61購04,0,0,0,0.0,0.0,0.0,0,0,0,"120,000",0,0,0,"150,000","30,000","120,000","120,000"
709748,宜鼎群益5C購01,0,0,0,0.0,0.0,0.0,0,0,0,"40,000",0,0,0,"70,000","30,000","40,000","40,000"
709749,宜鼎群益5C購02,0,0,0,0.0,0.0,0.0,0,0,0,"-10,000",0,0,0,0,"10,000","-10,000","-10,000"
709750,宜鼎群益5C購03,0,0,0,0.0,0.0,0.0,0,0,0,"-205,000",0,0,0,0,"205,000","-205,000","-205,000"
709757,華容國票61購01,0,0,0,0.0,0.0,0.0,0,0,0,"-17,000",0,0,0,0,"17,000","-17,000","-17,000"
709758,萊德光國票61購02,0,0,0,0.0,0.0,0.0,0,0,0,"-9,000",0,0,0,"9,000","18,000","-9,000","-9,000"
709759,萊德光國票61購03,0,0,0,0.0,0.0,0.0,0,0,0,"-129,000",0,0,0,"6,000","135,000","-129,000","-129,000"
709764,台半富邦62購03,0,0,0,0.0,0.0,0.0,0,0,0,"342,000",0,0,0,"353,000","11,000","342,000","342,000"
709765,台半富邦63購01,0,0,0,0.0,0.0,0.0,0,0,0,"93,000",0,0,0,"223,000","130,000","93,000","93,000"
709768,朋程富邦62購01,0,0,0,0.0,0.0,0.0,0,0,0,"154,000",0,0,0,"154,000",0,"154,000","154,000"
709769,朋程富邦63購01,0,0,0,0.0,0.0,0.0,0,0,0,"2,000",0,0,0,"154,000","152,000","2,000","2,000"
709771,家登富邦62購03,0,0,0,0.0,0.0,0.0,0,0,0,"10,000",0,0,0,"162,000","152,000","10,000","10,000"
709772,鈊象富邦62購01,0,0,0,0.0,0.0,0.0,0,0,0,"-42,000",0,0,0,0,"42,000","-42,000","-42,000"
709774,雙鴻富邦63購01,0,0,0,0.0,0.0,0.0,0,0,0,"-21,000",0,0,0,"188,000","209,000","-21,000","-21,000"
709776,威剛凱基5C購04,0,0,0,0.0,0.0,0.0,0,0,0,"15,000",0,0,0,"15,000",0,"15,000","15,000"
709777,家登凱基5C購03,0,0,0,0.0,0.0,0.0,0,0,0,"1,000",0,0,0,"1,000",0,"1,000","1,000"
709780,勤凱凱基5C購03,0,0,0,0.0,0.0,0.0,0,0,0,"12,000",0,0,0,"12,000",0,"12,000","12,000"
709781,群聯凱基61購05,0,0,0,0.0,0.0,0.0,0,0,0,"-532,000",0,0,0,0,"532,000","-532,000","-532,000"
709782,廣閎科凱基61購01,0,0,0,0.0,0.0,0.0,0,0,0,"-96,000",0,0,0,"114,000","210,000","-96,000","-96,000"
709783,宜鼎台新5C購01,0,0,0,0.0,0.0,0.0,0,0,0,"-100,000",0,0,0,"20,000","120,000","-100,000","-100,000"
709784,宜鼎台新5C購02,0,0,0,0.0,0.0,0.0,0,0,0,"-200,000",0,0,0,0,"200,000","-200,000","-200,000"
709788,宜鼎永豐65購01,0,0,0,0.0,0.0,0.0,0,0,0,"-53,000",0,0,0,0,"53,000","-53,000","-53,000"
709789,宇峻國泰61購01,0,0,0,0.0,0.0,0.0,0,0,0,"20,000",0,0,0,"20,000",0,"20,000","20,000"
709792,漢達國泰61購01,0,0,0,0.0,0.0,0.0,0,0,0,"20,000",0,0,0,"20,000",0,"20,000","20,000"
709798,凱崴凱基61購01,0,0,0,0.0,0.0,0.0,0,0,0,"-20,000",0,0,0,0,"20,000","-20,000","-20,000"
709800,順達凱基61購01,0,0,0,0.0,0.0,0.0,0,0,0,"-50,000",0,0,0,0,"50,000","-50,000","-50,000"
709801,璟德凱基5C購01,0,0,0,0.0,0.0,0.0,0,0,0,"110,000",0,0,0,"110,000",0,"110,000","110,000"
709803,宏捷科台新5C購01,0,0,0,0.0,0.0,0.0,0,0,0,"35,000",0,0,0,"199,000","164,000","35,000","35,000"
709806,東浦台新5C購01,0,0,0,0.0,0.0,0.0,0,0,0,"193,000",0,0,0,"193,000",0,"193,000","193,000"
709807,家登台新5C購01,0,0,0,0.0,0.0,0.0,0,0,0,"80,000",0,0,0,"80,000",0,"80,000","80,000"
709811,富喬中信5C購03,0,0,0,0.0,0.0,0.0,0,0,0,"157,000",0,0,0,"161,000","4,000","157,000","157,000"
709813,華容永豐61購01,0,0,0,0.0,0.0,0.0,0,0,0,"-71,000",0,0,0,0,"71,000","-71,000","-71,000"
709818,宜鼎元大5C購08,0,0,0,0.0,0.0,0.0,0,0,0,"28,000",0,0,0,"28,000",0,"28,000","28,000"
709820,群聯元大5C購12,0,0,0,0.0,0.0,0.0,0,0,0,"-393,000",0,0,0,0,"393,000","-393,000","-393,000"
709825,雙鴻元大61購15,0,0,0,0.0,0.0,0.0,0,0,0,"3,000",0,0,0,"439,000","436,000","3,000","3,000"
709829,邑錡國票5C購01,0,0,0,0.0,0.0,0.0,0,0,0,"364,000",0,0,0,"364,000",0,"364,000","364,000"
709835,長聖國票61購01,0,0,0,0.0,0.0,0.0,0,0,0,"-2,000",0,0,0,0,"2,000","-2,000","-2,000"
709839,能率亞國票61購01,0,0,0,0.0,0.0,0.0,0,0,0,"2,000",0,0,0,"2,000",0,"2,000","2,000"
709840,凱崴國票61購02,0,0,0,0.0,0.0,0.0,0,0,0,"-2,000",0,0,0,0,"2,000","-2,000","-2,000"
709843,華容國票61購02,0,0,0,0.0,0.0,0.0,0,0,0,0,0,0,0,"40,000","40,000",0,0
709849,系統電群益5C購01,0,0,0,0.0,0.0,0.0,0,0,0,"100,000",0,0,0,"100,000",0,"100,000","100,000"
709852,群聯群益5C購07,0,0,0,0.0,0.0,0.0,0,0,0,"-2,000",0,0,0,0,"2,000","-2,000","-2,000"
709857,聖暉*富邦5C購02,0,0,0,0.0,0.0,0.0,0,0,0,"-9,000",0,0,0,"192,000","201,000","-9,000","-9,000"
709861,台嘉碩國票5C購02,0,0,0,0.0,0.0,0.0,0,0,0,"-5,000",0,0,0,0,"5,000","-5,000","-5,000"
709867,順達國票61購02,0,0,0,0.0,0.0,0.0,0,0,0,"100,000",0,0,0,"100,000",0,"100,000","100,000"
709869,華容群益5C購02,0,0,0,0.0,0.0,0.0,0,0,0,"-206,000",0,0,0,"119,000","325,000","-206,000","-206,000"
709871,順達中信5C購01,0,0,0,0.0,0.0,0.0,0,0,0,"-15,000",0,0,0,0,"15,000","-15,000","-15,000"
709872,聖暉*中信5C購01,0,0,0,0.0,0.0,0.0,0,0,0,"29,000",0,0,0,"30,000","1,000","29,000","29,000"
709874,博智永豐5C購03,0,0,0,0.0,0.0,0.0,0,0,0,"90,000",0,0,0,"90,000",0,"90,000","90,000"
709875,中美晶元大5C購10,0,0,0,0.0,0.0,0.0,0,0,0,"-30,000",0,0,0,"6,000","36,000","-30,000","-30,000"
709878,博智元大5C購03,0,0,0,0.0,0.0,0.0,0,0,0,"621,000",0,0,0,"621,000",0,"621,000","621,000"
709879,華容元大5C購01,0,0,0,0.0,0.0,0.0,0,0,0,"-23,000",0,0,0,0,"23,000","-23,000","-23,000"
709885,泓格凱基5C購01,0,0,0,0.0,0.0,0.0,0,0,0,"-35,000",0,0,0,0,"35,000","-35,000","-35,000"
709890,華容凱基61購01,0,0,0,0.0,0.0,0.0,0,0,0,"67,000",0,0,0,"149,000","82,000","67,000","67,000"
709893,廣閎科凱基5C購01,0,0,0,0.0,0.0,0.0,0,0,0,"-10,000",0,0,0,0,"10,000","-10,000","-10,000"
709896,中美晶統一66購02,0,0,0,0.0,0.0,0.0,0,0,0,"111,000",0,0,0,"659,000","548,000","111,000","111,000"
709902,宜鼎統一64購01,0,0,0,0.0,0.0,0.0,0,0,0,"-200,000",0,0,0,0,"200,000","-200,000","-200,000"
709905,宜鼎統一64購04,0,0,0,0.0,0.0,0.0,0,0,0,"-541,000",0,0,0,0,"541,000","-541,000","-541,000"
709906,宜鼎統一66購03,0,0,0,0.0,0.0,0.0,0,0,0,"-1,000",0,0,0,0,"1,000","-1,000","-1,000"
709907,宜鼎統一66購04,0,0,0,0.0,0.0,0.0,0,0,0,"-20,000",0,0,0,0,"20,000","-20,000","-20,000"
709909,建榮統一66購01,0,0,0,0.0,0.0,0.0,0,0,0,"-5,000",0,0,0,"133,000","138,000","-5,000","-5,000"
709912,凱崴統一66購01,0,0,0,0.0,0.0,0.0,0,0,0,"20,000",0,0,0,"20,000",0,"20,000","20,000"
709913,博智統一6C購01,0,0,0,0.0,0.0,0.0,0,0,0,"100,000",0,0,0,"100,000",0,"100,000","100,000"
709914,富喬統一64購02,0,0,0,0.0,0.0,0.0,0,0,0,"-148,000",0,0,0,"197,000","345,000","-148,000","-148,000"
709915,富喬統一64購03,0,0,0,0.0,0.0,0.0,0,0,0,"-106,000",0,0,0,"890,000","996,000","-106,000","-106,000"
709916,富喬統一66購01,0,0,0,0.0,0.0,0.0,0,0,0,"42,000",0,0,0,"937,000","895,000","42,000","42,000"
709918,精材統一66購01,0,0,0,0.0,0.0,0.0,0,0,0,"25,000",0,0,0,"25,000",0,"25,000","25,000"
709919,精材統一6C購01,0,0,0,0.0,0.0,0.0,0,0,0,"-1,000",0,0,0,0,"1,000","-1,000","-1,000"
709928,雙鴻統一64購01,0,0,0,0.0,0.0,0.0,0,0,0,"368,000",0,0,0,"727,000","359,000","368,000","368,000"
709929,雙鴻統一65購02,0,0,0,0.0,0.0,0.0,0,0,0,"-74,000",0,0,0,"165,000","239,000","-74,000","-74,000"
709930,宏觀國泰61購01,0,0,0,0.0,0.0,0.0,0,0,0,"-27,000",0,0,0,"3,000","30,000","-27,000","-27,000"
709932,立敦台新5C購03,0,0,0,0.0,0.0,0.0,0,0,0,"-20,000",0,0,0,0,"20,000","-20,000","-20,000"
709933,威剛台新5C購01,0,0,0,0.0,0.0,0.0,0,0,0,"6,000",0,0,0,"6,000",0,"6,000","6,000"
709935,威剛台新5C購03,0,0,0,0.0,0.0,0.0,0,0,0,"82,000",0,0,0,"82,000",0,"82,000","82,000"
709937,威剛台新62購01,0,0,0,0.0,0.0,0.0,0,0,0,"30,000",0,0,0,"40,000","10,000","30,000","30,000"
709939,威剛台新66購01,0,0,0,0.0,0.0,0.0,0,0,0,"-56,000",0,0,0,0,"56,000","-56,000","-56,000"
709953,台半群益62購02,0,0,0,0.0,0.0,0.0,0,0,0,"-31,000",0,0,0,0,"31,000","-31,000","-31,000"
709957,朋程凱基5C購01,0,0,0,0.0,0.0,0.0,0,0,0,"124,000",0,0,0,"124,000",0,"124,000","124,000"
709958,博智凱基5C購04,0,0,0,0.0,0.0,0.0,0,0,0,"-100,000",0,0,0,0,"100,000","-100,000","-100,000"
709962,世界統一6A購01,0,0,0,0.0,0.0,0.0,0,0,0,"-190,000",0,0,0,"10,000","200,000","-190,000","-190,000"
709963,正基統一66購01,0,0,0,0.0,0.0,0.0,0,0,0,"17,000",0,0,0,"17,000",0,"17,000","17,000"
709967,富喬統一66購02,0,0,0,0.0,0.0,0.0,0,0,0,"-839,000",0,0,0,"534,000","1,373,000","-839,000","-839,000"
709973,世界富邦61購02,0,0,0,0.0,0.0,0.0,0,0,0,"-29,000",0,0,0,"349,000","378,000","-29,000","-29,000"
709974,立碁富邦5C購01,0,0,0,0.0,0.0,0.0,0,0,0,"5,000",0,0,0,"15,000","10,000","5,000","5,000"
709977,宜鼎元大5C購09,0,0,0,0.0,0.0,0.0,0,0,0,"-31,000",0,0,0,0,"31,000","-31,000","-31,000"
709980,雙鴻元大5C購06,0,0,0,0.0,0.0,0.0,0,0,0,"74,000",0,0,0,"467,000","393,000","74,000","74,000"
709981,家登永豐5C購02,0,0,0,0.0,0.0,0.0,0,0,0,"-5,000",0,0,0,0,"5,000","-5,000","-5,000"
709984,千附國票61購01,0,0,0,0.0,0.0,0.0,0,0,0,"22,000",0,0,0,"22,000",0,"22,000","22,000"
709992,信音國票61購01,0,0,0,0.0,0.0,0.0,0,0,0,"20,000",0,0,0,"20,000",0,"20,000","20,000"
709994,新普國票61購01,0,0,0,0.0,0.0,0.0,0,0,0,"-131,000",0,0,0,0,"131,000","-131,000","-131,000"
709998,中美晶群益5C購03,0,0,0,0.0,0.0,0.0,0,0,0,"161,000",0,0,0,"172,000","11,000","161,000","161,000"
710000,精材群益5C購02,0,0,0,0.0,0.0,0.0,0,0,0,"-10,000",0,0,0,"5,000","15,000","-10,000","-10,000"
710002,宜鼎國泰61購05,0,0,0,0.0,0.0,0.0,0,0,0,"-8,000",0,0,0,0,"8,000","-8,000","-8,000"
710007,台半凱基61購03,0,0,0,0.0,0.0,0.0,0,0,0,"91,000",0,0,0,"91,000",0,"91,000","91,000"
710008,宜鼎凱基5C購06,0,0,0,0.0,0.0,0.0,0,0,0,"91,000",0,0,0,"91,000",0,"91,000","91,000"
710014,中美晶統一64購02,0,0,0,0.0,0.0,0.0,0,0,0,"20,000",0,0,0,"90,000","70,000","20,000","20,000"
710015,朋億*統一63購01,0,0,0,0.0,0.0,0.0,0,0,0,"96,000",0,0,0,"106,000","10,000","96,000","96,000"
710016,朋億*統一68購01,0,0,0,0.0,0.0,0.0,0,0,0,"11,000",0,0,0,"94,000","83,000","11,000","11,000"
710018,建榮統一63購01,0,0,0,0.0,0.0,0.0,0,0,0,"13,000",0,0,0,"43,000","30,000","13,000","13,000"
710022,富喬統一63購01,0,0,0,0.0,0.0,0.0,0,0,0,"-135,000",0,0,0,"74,000","209,000","-135,000","-135,000"
710023,富喬統一65購03,0,0,0,0.0,0.0,0.0,0,0,0,"22,000",0,0,0,"72,000","50,000","22,000","22,000"
710024,富喬統一6C購02,0,0,0,0.0,0.0,0.0,0,0,0,"-173,000",0,0,0,"544,000","717,000","-173,000","-173,000"
710025,聖暉*統一6A購03,0,0,0,0.0,0.0,0.0,0,0,0,"-111,000",0,0,0,"339,000","450,000","-111,000","-111,000"
710031,富喬富邦63購01,0,0,0,0.0,0.0,0.0,0,0,0,"755,000",0,0,0,"834,000","79,000","755,000","755,000"
710033,群聯富邦62購08,0,0,0,0.0,0.0,0.0,0,0,0,"-152,000",0,0,0,0,"152,000","-152,000","-152,000"
710034,中美晶台新5C購01,0,0,0,0.0,0.0,0.0,0,0,0,"-5,000",0,0,0,"5,000","10,000","-5,000","-5,000"
710035,台半台新5C購01,0,0,0,0.0,0.0,0.0,0,0,0,"121,000",0,0,0,"121,000",0,"121,000","121,000"
710047,中美晶國票61購02,0,0,0,0.0,0.0,0.0,0,0,0,"-1,000",0,0,0,0,"1,000","-1,000","-1,000"
710048,加高國票61購03,0,0,0,0.0,0.0,0.0,0,0,0,"-105,000",0,0,0,0,"105,000","-105,000","-105,000"
710049,宏碁資國票61購01,0,0,0,0.0,0.0,0.0,0,0,0,"-19,000",0,0,0,"1,000","20,000","-19,000","-19,000"
710060,營邦國票5C購02,0,0,0,0.0,0.0,0.0,0,0,0,"-10,000",0,0,0,0,"10,000","-10,000","-10,000"
710062,中美晶凱基61購04,0,0,0,0.0,0.0,0.0,0,0,0,"-5,000",0,0,0,"20,000","25,000","-5,000","-5,000"
710067,廣閎科凱基5C購02,0,0,0,0.0,0.0,0.0,0,0,0,"90,000",0,0,0,"100,000","10,000","90,000","90,000"
710069,營邦凱基5C購02,0,0,0,0.0,0.0,0.0,0,0,0,"-12,000",0,0,0,0,"12,000","-12,000","-12,000"
710070,營邦凱基5C購03,0,0,0,0.0,0.0,0.0,0,0,0,"-250,000",0,0,0,"154,000","404,000","-250,000","-250,000"
710071,中美晶群益5C購04,0,0,0,0.0,0.0,0.0,0,0,0,"60,000",0,0,0,"68,000","8,000","60,000","60,000"
710074,營邦群益5C購02,0,0,0,0.0,0.0,0.0,0,0,0,"7,000",0,0,0,"10,000","3,000","7,000","7,000"
710075,世界元大5C購07,0,0,0,0.0,0.0,0.0,0,0,0,"6,000",0,0,0,"6,000",0,"6,000","6,000"
710076,世界元大63購04,0,0,0,0.0,0.0,0.0,0,0,0,"-3,000",0,0,0,0,"3,000","-3,000","-3,000"
710080,營邦元大5C購01,0,0,0,0.0,0.0,0.0,0,0,0,"58,000",0,0,0,"76,000","18,000","58,000","58,000"
710083,營邦國泰61購01,0,0,0,0.0,0.0,0.0,0,0,0,"393,000",0,0,0,"481,000","88,000","393,000","393,000"
710084,營邦富邦62購01,0,0,0,0.0,0.0,0.0,0,0,0,"-5,000",0,0,0,0,"5,000","-5,000","-5,000"
710085,營邦富邦63購01,0,0,0,0.0,0.0,0.0,0,0,0,"80,000",0,0,0,"190,000","110,000","80,000","80,000"
710086,中美晶統一66購03,0,0,0,0.0,0.0,0.0,0,0,0,"164,000",0,0,0,"412,000","248,000","164,000","164,000"
710087,台特化統一6C購02,0,0,0,0.0,0.0,0.0,0,0,0,"-2,000",0,0,0,0,"2,000","-2,000","-2,000"
710095,聖暉*統一66購01,0,0,0,0.0,0.0,0.0,0,0,0,"55,000",0,0,0,"55,000",0,"55,000","55,000"
710097,營邦統一66購01,0,0,0,0.0,0.0,0.0,0,0,0,"99,000",0,0,0,"180,000","81,000","99,000","99,000"
710100,營邦統一6C購01,0,0,0,0.0,0.0,0.0,0,0,0,"392,000",0,0,0,"450,000","58,000","392,000","392,000"
710101,中美晶台新5C購02,0,0,0,0.0,0.0,0.0,0,0,0,"-74,000",0,0,0,"85,000","159,000","-74,000","-74,000"
710102,中美晶台新5C購03,0,0,0,0.0,0.0,0.0,0,0,0,"37,000",0,0,0,"37,000",0,"37,000","37,000"
710105,勤凱台新5C購01,0,0,0,0.0,0.0,0.0,0,0,0,"100,000",0,0,0,"100,000",0,"100,000","100,000"
710108,聖暉*台新5C購04,0,0,0,0.0,0.0,0.0,0,0,0,"148,000",0,0,0,"148,000",0,"148,000","148,000"
710110,銳澤台新5C購01,0,0,0,0.0,0.0,0.0,0,0,0,"-200,000",0,0,0,0,"200,000","-200,000","-200,000"
710112,中美晶凱基61購05,0,0,0,0.0,0.0,0.0,0,0,0,"371,000",0,0,0,"421,000","50,000","371,000","371,000"
710119,朋億*元大5C購01,0,0,0,0.0,0.0,0.0,0,0,0,"495,000",0,0,0,"495,000",0,"495,000","495,000"
710122,安碁台新5C購01,0,0,0,0.0,0.0,0.0,0,0,0,"114,000",0,0,0,"114,000",0,"114,000","114,000"
710124,中美晶國票61購03,0,0,0,0.0,0.0,0.0,0,0,0,"17,000",0,0,0,"17,000",0,"17,000","17,000"
710133,中美晶永豐5C購03,0,0,0,0.0,0.0,0.0,0,0,0,"9,000",0,0,0,"9,000",0,"9,000","9,000"
710135,亞通永豐64購01,0,0,0,0.0,0.0,0.0,0,0,0,"-90,000",0,0,0,"111,000","201,000","-90,000","-90,000"
710136,宣德永豐61購01,0,0,0,0.0,0.0,0.0,0,0,0,"170,000",0,0,0,"170,000",0,"170,000","170,000"
710138,中美晶富邦5C購01,0,0,0,0.0,0.0,0.0,0,0,0,"186,000",0,0,0,"197,000","11,000","186,000","186,000"
710139,順達富邦62購02,0,0,0,0.0,0.0,0.0,0,0,0,"-5,000",0,0,0,0,"5,000","-5,000","-5,000"
710141,中美晶中信5C購01,0,0,0,0.0,0.0,0.0,0,0,0,"-41,000",0,0,0,0,"41,000","-41,000","-41,000"
710142,宏捷科凱基5C購02,0,0,0,0.0,0.0,0.0,0,0,0,"60,000",0,0,0,"60,000",0,"60,000","60,000"
710143,富喬凱基5C購05,0,0,0,0.0,0.0,0.0,0,0,0,"-44,000",0,0,0,"39,000","83,000","-44,000","-44,000"
710146,中美晶台新5C購04,0,0,0,0.0,0.0,0.0,0,0,0,"58,000",0,0,0,"58,000",0,"58,000","58,000"
710147,台半台新5C購03,0,0,0,0.0,0.0,0.0,0,0,0,"68,000",0,0,0,"68,000",0,"68,000","68,000"
710152,凱崴台新5C購02,0,0,0,0.0,0.0,0.0,0,0,0,"-31,000",0,0,0,0,"31,000","-31,000","-31,000"
710154,台半元大5C購07,0,0,0,0.0,0.0,0.0,0,0,0,0,0,0,0,"10,000","10,000",0,0
710156,威剛元大5C購05,0,0,0,0.0,0.0,0.0,0,0,0,"188,000",0,0,0,"188,000",0,"188,000","188,000"
710158,台半國泰61購01,0,0,0,0.0,0.0,0.0,0,0,0,"82,000",0,0,0,"105,000","23,000","82,000","82,000"
710160,順達國泰61購01,0,0,0,0.0,0.0,0.0,0,0,0,"-27,000",0,0,0,0,"27,000","-27,000","-27,000"
710161,台半富邦62購04,0,0,0,0.0,0.0,0.0,0,0,0,"29,000",0,0,0,"229,000","200,000","29,000","29,000"
710162,台半富邦63購02,0,0,0,0.0,0.0,0.0,0,0,0,"-86,000",0,0,0,"74,000","160,000","-86,000","-86,000"
710168,宜鼎永豐63購01,0,0,0,0.0,0.0,0.0,0,0,0,"-260,000",0,0,0,0,"260,000","-260,000","-260,000"
710169,精確永豐61購01,0,0,0,0.0,0.0,0.0,0,0,0,"-470,000",0,0,0,0,"470,000","-470,000","-470,000"
710175,台半凱基5C購04,0,0,0,0.0,0.0,0.0,0,0,0,"86,000",0,0,0,"86,000",0,"86,000","86,000"
710176,尼克森凱基5C購01,0,0,0,0.0,0.0,0.0,0,0,0,"1,000",0,0,0,"1,000",0,"1,000","1,000"
710177,宏捷科凱基5C購03,0,0,0,0.0,0.0,0.0,0,0,0,"-200,000",0,0,0,0,"200,000","-200,000","-200,000"
710188,中美晶元大5C購11,0,0,0,0.0,0.0,0.0,0,0,0,"262,000",0,0,0,"272,000","10,000","262,000","262,000"
710192,群聯中信64購01,0,0,0,0.0,0.0,0.0,0,0,0,"-840,000",0,0,0,0,"840,000","-840,000","-840,000"
710193,雙鴻中信66購01,0,0,0,0.0,0.0,0.0,0,0,0,"-10,000",0,0,0,0,"10,000","-10,000","-10,000"
710194,雙鴻中信66購02,0,0,0,0.0,0.0,0.0,0,0,0,"-24,000",0,0,0,"24,000","48,000","-24,000","-24,000"
710196,台半永豐64購01,0,0,0,0.0,0.0,0.0,0,0,0,"80,000",0,0,0,"80,000",0,"80,000","80,000"
710197,尼克森永豐64購01,0,0,0,0.0,0.0,0.0,0,0,0,"-20,000",0,0,0,"6,000","26,000","-20,000","-20,000"
710200,富喬永豐5C購02,0,0,0,0.0,0.0,0.0,0,0,0,"19,000",0,0,0,"27,000","8,000","19,000","19,000"
710201,鈊象永豐61購01,0,0,0,0.0,0.0,0.0,0,0,0,"-50,000",0,0,0,0,"50,000","-50,000","-50,000"
710202,鴻呈永豐61購01,0,0,0,0.0,0.0,0.0,0,0,0,"-2,000",0,0,0,"68,000","70,000","-2,000","-2,000"
710211,博盛國票61購01,0,0,0,0.0,0.0,0.0,0,0,0,"340,000",0,0,0,"340,000",0,"340,000","340,000"
710218,能率亞國泰61購01,0,0,0,0.0,0.0,0.0,0,0,0,"-9,000",0,0,0,"11,000","20,000","-9,000","-9,000"
710219,能率國泰61購01,0,0,0,0.0,0.0,0.0,0,0,0,"25,000",0,0,0,"40,000","15,000","25,000","25,000"
710228,家登群益63購01,0,0,0,0.0,0.0,0.0,0,0,0,"21,000",0,0,0,"102,000","81,000","21,000","21,000"
710231,富喬群益5C購04,0,0,0,0.0,0.0,0.0,0,0,0,"-10,000",0,0,0,0,"10,000","-10,000","-10,000"
710235,雙鴻群益62購02,0,0,0,0.0,0.0,0.0,0,0,0,"-12,000",0,0,0,"5,000","17,000","-12,000","-12,000"
710237,富喬中信66購01,0,0,0,0.0,0.0,0.0,0,0,0,"-312,000",0,0,0,"78,000","390,000","-312,000","-312,000"
710245,漢達永豐64購01,0,0,0,0.0,0.0,0.0,0,0,0,"-32,000",0,0,0,"8,000","40,000","-32,000","-32,000"
710247,台半元大63購03,0,0,0,0.0,0.0,0.0,0,0,0,"499,000",0,0,0,"499,000",0,"499,000","499,000"
710251,欣銓元大5C購02,0,0,0,0.0,0.0,0.0,0,0,0,"46,000",0,0,0,"264,000","218,000","46,000","46,000"
710252,欣銓元大5C購03,0,0,0,0.0,0.0,0.0,0,0,0,"164,000",0,0,0,"273,000","109,000","164,000","164,000"
710254,家登元大66購01,0,0,0,0.0,0.0,0.0,0,0,0,"224,000",0,0,0,"224,000",0,"224,000","224,000"
710255,臺慶科元大5C購05,0,0,0,0.0,0.0,0.0,0,0,0,"63,000",0,0,0,"63,000",0,"63,000","63,000"
710257,台半國票61購05,0,0,0,0.0,0.0,0.0,0,0,0,"-10,000",0,0,0,0,"10,000","-10,000","-10,000"
710265,台半凱基5C購05,0,0,0,0.0,0.0,0.0,0,0,0,"2,000",0,0,0,"2,000",0,"2,000","2,000"
710267,富喬凱基63購01,0,0,0,0.0,0.0,0.0,0,0,0,"281,000",0,0,0,"281,000",0,"281,000","281,000"
710269,漢達凱基5C購01,0,0,0,0.0,0.0,0.0,0,0,0,"-213,000",0,0,0,0,"213,000","-213,000","-213,000"
710270,精材凱基63購01,0,0,0,0.0,0.0,0.0,0,0,0,"-10,000",0,0,0,0,"10,000","-10,000","-10,000"
710271,世界國泰61購01,0,0,0,0.0,0.0,0.0,0,0,0,0,0,0,0,"5,000","5,000",0,0
710274,台半富邦63購03,0,0,0,0.0,0.0,0.0,0,0,0,"50,000",0,0,0,"50,000",0,"50,000","50,000"
710276,FH中5G群益5C購01,0,0,0,0.0,0.0,0.0,0,0,0,"-50,000",0,0,0,0,"50,000","-50,000","-50,000"
710277,大中群益5C購01,0,0,0,0.0,0.0,0.0,0,0,0,"51,000",0,0,0,"51,000",0,"51,000","51,000"
710280,世界群益5C購04,0,0,0,0.0,0.0,0.0,0,0,0,"22,000",0,0,0,"22,000",0,"22,000","22,000"
710288,世界元大5C購08,0,0,0,0.0,0.0,0.0,0,0,0,"-459,000",0,0,0,"40,000","499,000","-459,000","-459,000"
710292,萬泰科台新5C購01,0,0,0,0.0,0.0,0.0,0,0,0,"-5,000",0,0,0,0,"5,000","-5,000","-5,000"
710294,天品國票5C購01,0,0,0,0.0,0.0,0.0,0,0,0,"660,000",0,0,0,"660,000",0,"660,000","660,000"
710296,立碁國票61購01,0,0,0,0.0,0.0,0.0,0,0,0,"8,000",0,0,0,"8,000",0,"8,000","8,000"
710297,亞通國票5C購01,0,0,0,0.0,0.0,0.0,0,0,0,"-17,000",0,0,0,"550,000","567,000","-17,000","-17,000"
710302,漢達國票63購01,0,0,0,0.0,0.0,0.0,0,0,0,"32,000",0,0,0,"32,000",0,"32,000","32,000"
710303,寶雅國票61購02,0,0,0,0.0,0.0,0.0,0,0,0,"45,000",0,0,0,"45,000",0,"45,000","45,000"
710305,中光電凱基5C購01,0,0,0,0.0,0.0,0.0,0,0,0,"10,000",0,0,0,"10,000",0,"10,000","10,000"
710307,世界凱基63購02,0,0,0,0.0,0.0,0.0,0,0,0,"-10,000",0,0,0,0,"10,000","-10,000","-10,000"
710308,宏捷科凱基5C購04,0,0,0,0.0,0.0,0.0,0,0,0,"-100,000",0,0,0,0,"100,000","-100,000","-100,000"
710317,台嘉碩國泰61購01,0,0,0,0.0,0.0,0.0,0,0,0,"752,000",0,0,0,"784,000","32,000","752,000","752,000"
710320,原相國泰61購01,0,0,0,0.0,0.0,0.0,0,0,0,"10,000",0,0,0,"10,000",0,"10,000","10,000"
710323,宜鼎富邦5C購05,0,0,0,0.0,0.0,0.0,0,0,0,"-4,000",0,0,0,0,"4,000","-4,000","-4,000"
710324,信紘科永豐5C購01,0,0,0,0.0,0.0,0.0,0,0,0,"39,000",0,0,0,"55,000","16,000","39,000","39,000"
710330,鴻呈永豐5C購01,0,0,0,0.0,0.0,0.0,0,0,0,"64,000",0,0,0,"64,000",0,"64,000","64,000"
710332,中光電台新5C購02,0,0,0,0.0,0.0,0.0,0,0,0,"-55,000",0,0,0,0,"55,000","-55,000","-55,000"
710333,亞信台新5C購01,0,0,0,0.0,0.0,0.0,0,0,0,"5,000",0,0,0,"5,000",0,"5,000","5,000"
710334,精材台新61購01,0,0,0,0.0,0.0,0.0,0,0,0,"2,000",0,0,0,"2,000",0,"2,000","2,000"
710335,精材台新61購02,0,0,0,0.0,0.0,0.0,0,0,0,"-14,000",0,0,0,0,"14,000","-14,000","-14,000"
710336,亞通凱基5C購01,0,0,0,0.0,0.0,0.0,0,0,0,"50,000",0,0,0,"50,000",0,"50,000","50,000"
710339,宜鼎元大5C購15,0,0,0,0.0,0.0,0.0,0,0,0,"433,000",0,0,0,"463,000","30,000","433,000","433,000"
710340,富喬元大65購01,0,0,0,0.0,0.0,0.0,0,0,0,"9,000",0,0,0,"9,000",0,"9,000","9,000"
710341,漢達元大5C購01,0,0,0,0.0,0.0,0.0,0,0,0,"-3,000",0,0,0,0,"3,000","-3,000","-3,000"
710342,精材元大5C購05,0,0,0,0.0,0.0,0.0,0,0,0,"-49,000",0,0,0,"55,000","104,000","-49,000","-49,000"
710344,宜特永豐64購01,0,0,0,0.0,0.0,0.0,0,0,0,"-15,000",0,0,0,0,"15,000","-15,000","-15,000"
710350,漢達永豐5C購01,0,0,0,0.0,0.0,0.0,0,0,0,"-34,000",0,0,0,0,"34,000","-34,000","-34,000"
710351,雙鴻永豐63購03,0,0,0,0.0,0.0,0.0,0,0,0,"21,000",0,0,0,"51,000","30,000","21,000","21,000"
710353,鏵友益永豐64購01,0,0,0,0.0,0.0,0.0,0,0,0,"57,000",0,0,0,"68,000","11,000","57,000","57,000"
710354,精材中信64購01,0,0,0,0.0,0.0,0.0,0,0,0,"102,000",0,0,0,"190,000","88,000","102,000","102,000"
710358,安葆國票61購01,0,0,0,0.0,0.0,0.0,0,0,0,"21,000",0,0,0,"21,000",0,"21,000","21,000"
710361,桓達國票61購01,0,0,0,0.0,0.0,0.0,0,0,0,"10,000",0,0,0,"10,000",0,"10,000","10,000"
710362,神準國票61購01,0,0,0,0.0,0.0,0.0,0,0,0,"50,000",0,0,0,"50,000",0,"50,000","50,000"
710364,智擎國票61購01,0,0,0,0.0,0.0,0.0,0,0,0,"-10,000",0,0,0,"5,000","15,000","-10,000","-10,000"
710366,漢達國票65購01,0,0,0,0.0,0.0,0.0,0,0,0,"252,000",0,0,0,"252,000",0,"252,000","252,000"
710368,鈊象群益5C購01,0,0,0,0.0,0.0,0.0,0,0,0,"517,000",0,0,0,"593,000","76,000","517,000","517,000"
710370,漢達國泰61購02,0,0,0,0.0,0.0,0.0,0,0,0,"4,000",0,0,0,"4,000",0,"4,000","4,000"
710375,精材凱基5C購05,0,0,0,0.0,0.0,0.0,0,0,0,"-21,000",0,0,0,"8,000","29,000","-21,000","-21,000"
710383,能率亞台新5C購01,0,0,0,0.0,0.0,0.0,0,0,0,"-30,000",0,0,0,0,"30,000","-30,000","-30,000"
710385,宜鼎元大5C購16,0,0,0,0.0,0.0,0.0,0,0,0,"-35,000",0,0,0,"5,000","40,000","-35,000","-35,000"
710386,富喬元大65購02,0,0,0,0.0,0.0,0.0,0,0,0,"-199,000",0,0,0,"235,000","434,000","-199,000","-199,000"
710387,精材元大5C購06,0,0,0,0.0,0.0,0.0,0,0,0,"-5,000",0,0,0,"17,000","22,000","-5,000","-5,000"
710388,精材元大5C購07,0,0,0,0.0,0.0,0.0,0,0,0,"-68,000",0,0,0,"72,000","140,000","-68,000","-68,000"
710389,精材元大61購08,0,0,0,0.0,0.0,0.0,0,0,0,"-62,000",0,0,0,"17,000","79,000","-62,000","-62,000"
710390,精材元大61購09,0,0,0,0.0,0.0,0.0,0,0,0,"-21,000",0,0,0,"30,000","51,000","-21,000","-21,000"
710391,精材元大63購04,0,0,0,0.0,0.0,0.0,0,0,0,"-23,000",0,0,0,0,"23,000","-23,000","-23,000"
710392,世界中信63購01,0,0,0,0.0,0.0,0.0,0,0,0,"38,000",0,0,0,"38,000",0,"38,000","38,000"
710395,世禾永豐5C購01,0,0,0,0.0,0.0,0.0,0,0,0,"-192,000",0,0,0,"669,000","861,000","-192,000","-192,000"
710397,巨有永豐5C購02,0,0,0,0.0,0.0,0.0,0,0,0,"-1,000",0,0,0,"1,000","2,000","-1,000","-1,000"
710399,均豪永豐5C購03,0,0,0,0.0,0.0,0.0,0,0,0,"-20,000",0,0,0,0,"20,000","-20,000","-20,000"
710401,宏觀永豐5C購02,0,0,0,0.0,0.0,0.0,0,0,0,"1,000",0,0,0,"1,000",0,"1,000","1,000"
710406,湧德永豐5C購01,0,0,0,0.0,0.0,0.0,0,0,0,"82,000",0,0,0,"170,000","88,000","82,000","82,000"
710407,湧德永豐5C購02,0,0,0,0.0,0.0,0.0,0,0,0,"111,000",0,0,0,"111,000",0,"111,000","111,000"
710414,雙鴻永豐5C購05,0,0,0,0.0,0.0,0.0,0,0,0,"8,000",0,0,0,"8,000",0,"8,000","8,000"
710419,安勤國票61購02,0,0,0,0.0,0.0,0.0,0,0,0,"-2,000",0,0,0,"18,000","20,000","-2,000","-2,000"
710420,青雲國票5C購02,0,0,0,0.0,0.0,0.0,0,0,0,"-22,000",0,0,0,0,"22,000","-22,000","-22,000"
710422,精材國票61購03,0,0,0,0.0,0.0,0.0,0,0,0,"3,000",0,0,0,"3,000",0,"3,000","3,000"
710427,東浦國泰61購01,0,0,0,0.0,0.0,0.0,0,0,0,"2,000",0,0,0,"2,000",0,"2,000","2,000"
710431,精材富邦5C購01,0,0,0,0.0,0.0,0.0,0,0,0,"47,000",0,0,0,"50,000","3,000","47,000","47,000"
710432,安勤凱基62購01,0,0,0,0.0,0.0,0.0,0,0,0,"10,000",0,0,0,"10,000",0,"10,000","10,000"
710434,宜鼎凱基5C購09,0,0,0,0.0,0.0,0.0,0,0,0,"391,000",0,0,0,"391,000",0,"391,000","391,000"
710438,群聯凱基5C購11,0,0,0,0.0,0.0,0.0,0,0,0,"9,000",0,0,0,"29,000","20,000","9,000","9,000"
710441,中美晶元大5C購12,0,0,0,0.0,0.0,0.0,0,0,0,"14,000",0,0,0,"14,000",0,"14,000","14,000"
710442,世界元大66購03,0,0,0,0.0,0.0,0.0,0,0,0,"4,000",0,0,0,"4,000",0,"4,000","4,000"
710445,富喬元大5C購04,0,0,0,0.0,0.0,0.0,0,0,0,"-24,000",0,0,0,"81,000","105,000","-24,000","-24,000"
710446,智通*元大5C購01,0,0,0,0.0,0.0,0.0,0,0,0,"-316,000",0,0,0,0,"316,000","-316,000","-316,000"
710447,智通*元大5C購02,0,0,0,0.0,0.0,0.0,0,0,0,"-15,000",0,0,0,0,"15,000","-15,000","-15,000"
710448,智通*元大63購01,0,0,0,0.0,0.0,0.0,0,0,0,"-164,000",0,0,0,0,"164,000","-164,000","-164,000"
710451,磐儀國票64購01,0,0,0,0.0,0.0,0.0,0,0,0,"25,000",0,0,0,"25,000",0,"25,000","25,000"
710452,中光電國票61購01,0,0,0,0.0,0.0,0.0,0,0,0,"-99,000",0,0,0,0,"99,000","-99,000","-99,000"
710454,竹陞國票64購01,0,0,0,0.0,0.0,0.0,0,0,0,"-3,000",0,0,0,0,"3,000","-3,000","-3,000"
710455,崴寶國票64購01,0,0,0,0.0,0.0,0.0,0,0,0,"-2,000",0,0,0,0,"2,000","-2,000","-2,000"
710456,富強鑫國票62購01,0,0,0,0.0,0.0,0.0,0,0,0,"-1,118,000",0,0,0,0,"1,118,000","-1,118,000","-1,118,000"
710458,智通*國票61購01,0,0,0,0.0,0.0,0.0,0,0,0,"2,000",0,0,0,"2,000",0,"2,000","2,000"
710464,系統電永豐5C購02,0,0,0,0.0,0.0,0.0,0,0,0,"-41,000",0,0,0,"24,000","65,000","-41,000","-41,000"
710476,巨有群益5C購02,0,0,0,0.0,0.0,0.0,0,0,0,"-12,000",0,0,0,"12,000","24,000","-12,000","-12,000"
710477,世界元大61購01,0,0,0,0.0,0.0,0.0,0,0,0,"-31,000",0,0,0,0,"31,000","-31,000","-31,000"
710479,世界元大67購01,0,0,0,0.0,0.0,0.0,0,0,0,"18,000",0,0,0,"18,000",0,"18,000","18,000"
710480,巨有元大61購01,0,0,0,0.0,0.0,0.0,0,0,0,"-2,000",0,0,0,0,"2,000","-2,000","-2,000"
710481,宜鼎元大61購05,0,0,0,0.0,0.0,0.0,0,0,0,"-50,000",0,0,0,0,"50,000","-50,000","-50,000"
710483,富喬元大62購01,0,0,0,0.0,0.0,0.0,0,0,0,"-83,000",0,0,0,"162,000","245,000","-83,000","-83,000"
710484,富喬元大62購02,0,0,0,0.0,0.0,0.0,0,0,0,"100,000",0,0,0,"304,000","204,000","100,000","100,000"
710485,臺慶科元大61購01,0,0,0,0.0,0.0,0.0,0,0,0,"5,000",0,0,0,"55,000","50,000","5,000","5,000"
710486,千附精台新61購01,0,0,0,0.0,0.0,0.0,0,0,0,"5,000",0,0,0,"5,000",0,"5,000","5,000"
710488,竹陞台新61購01,0,0,0,0.0,0.0,0.0,0,0,0,"10,000",0,0,0,"10,000",0,"10,000","10,000"
710489,譜瑞台新61購01,0,0,0,0.0,0.0,0.0,0,0,0,"11,000",0,0,0,"11,000",0,"11,000","11,000"
710490,譜瑞台新61購02,0,0,0,0.0,0.0,0.0,0,0,0,"-25,000",0,0,0,0,"25,000","-25,000","-25,000"
710491,千附精凱基61購01,0,0,0,0.0,0.0,0.0,0,0,0,"-10,000",0,0,0,0,"10,000","-10,000","-10,000"
710492,千附精凱基61購02,0,0,0,0.0,0.0,0.0,0,0,0,"-116,000",0,0,0,0,"116,000","-116,000","-116,000"
710500,竹陞凱基61購01,0,0,0,0.0,0.0,0.0,0,0,0,"-2,664,000",0,0,0,"681,000","3,345,000","-2,664,000","-2,664,000"
710502,譜瑞凱基61購02,0,0,0,0.0,0.0,0.0,0,0,0,"-1,000",0,0,0,0,"1,000","-1,000","-1,000"
710506,千附精群益61購01,0,0,0,0.0,0.0,0.0,0,0,0,"-194,000",0,0,0,"6,000","200,000","-194,000","-194,000"
710507,譜瑞群益61購01,0,0,0,0.0,0.0,0.0,0,0,0,"-3,000",0,0,0,0,"3,000","-3,000","-3,000"
710508,91APP*國票62購01,0,0,0,0.0,0.0,0.0,0,0,0,"-5,000",0,0,0,0,"5,000","-5,000","-5,000"
710510,世紀*國票62購01,0,0,0,0.0,0.0,0.0,0,0,0,"1,000",0,0,0,"1,000",0,"1,000","1,000"
710514,長聖國票62購01,0,0,0,0.0,0.0,0.0,0,0,0,"-51,000",0,0,0,0,"51,000","-51,000","-51,000"
710516,建榮國票61購01,0,0,0,0.0,0.0,0.0,0,0,0,"102,000",0,0,0,"102,000",0,"102,000","102,000"
710526,大江永豐61購01,0,0,0,0.0,0.0,0.0,0,0,0,"-107,000",0,0,0,0,"107,000","-107,000","-107,000"
710529,邑錡永豐64購01,0,0,0,0.0,0.0,0.0,0,0,0,"-10,000",0,0,0,0,"10,000","-10,000","-10,000"
710532,鈊象永豐65購01,0,0,0,0.0,0.0,0.0,0,0,0,"31,000",0,0,0,"31,000",0,"31,000","31,000"
710533,勤凱永豐65購01,0,0,0,0.0,0.0,0.0,0,0,0,"-89,000",0,0,0,"10,000","99,000","-89,000","-89,000"
710534,新普永豐61購01,0,0,0,0.0,0.0,0.0,0,0,0,"-3,000",0,0,0,0,"3,000","-3,000","-3,000"
710535,譜瑞永豐61購01,0,0,0,0.0,0.0,0.0,0,0,0,"-101,000",0,0,0,0,"101,000","-101,000","-101,000"
710539,譜瑞永豐64購01,0,0,0,0.0,0.0,0.0,0,0,0,"147,000",0,0,0,"147,000",0,"147,000","147,000"
710541,譜瑞永豐67購01,0,0,0,0.0,0.0,0.0,0,0,0,"47,000",0,0,0,"52,000","5,000","47,000","47,000"
710545,巨有國泰62購01,0,0,0,0.0,0.0,0.0,0,0,0,"-29,000",0,0,0,"1,000","30,000","-29,000","-29,000"
710546,竹陞國泰62購01,0,0,0,0.0,0.0,0.0,0,0,0,"-7,000",0,0,0,"26,000","33,000","-7,000","-7,000"
710547,青雲國泰62購01,0,0,0,0.0,0.0,0.0,0,0,0,"7,000",0,0,0,"9,000","2,000","7,000","7,000"
710548,青雲國泰62購02,0,0,0,0.0,0.0,0.0,0,0,0,"-94,000",0,0,0,"6,000","100,000","-94,000","-94,000"
710549,智通*國泰62購01,0,0,0,0.0,0.0,0.0,0,0,0,"-67,000",0,0,0,0,"67,000","-67,000","-67,000"
710551,安勤富邦62購01,0,0,0,0.0,0.0,0.0,0,0,0,"-150,000",0,0,0,0,"150,000","-150,000","-150,000"
710553,譜瑞富邦64購01,0,0,0,0.0,0.0,0.0,0,0,0,"462,000",0,0,0,"462,000",0,"462,000","462,000"
710556,竹陞永豐61購01,0,0,0,0.0,0.0,0.0,0,0,0,"30,000",0,0,0,"30,000",0,"30,000","30,000"
710557,竹陞永豐64購01,0,0,0,0.0,0.0,0.0,0,0,0,"59,000",0,0,0,"59,000",0,"59,000","59,000"
710558,竹陞永豐65購01,0,0,0,0.0,0.0,0.0,0,0,0,"-46,000",0,0,0,"12,000","58,000","-46,000","-46,000"
710559,均豪永豐64購01,0,0,0,0.0,0.0,0.0,0,0,0,"-9,000",0,0,0,0,"9,000","-9,000","-9,000"
710560,宏捷科永豐61購01,0,0,0,0.0,0.0,0.0,0,0,0,"-37,000",0,0,0,0,"37,000","-37,000","-37,000"
710566,家登永豐61購02,0,0,0,0.0,0.0,0.0,0,0,0,"55,000",0,0,0,"55,000",0,"55,000","55,000"
710567,富喬永豐61購03,0,0,0,0.0,0.0,0.0,0,0,0,"-382,000",0,0,0,"70,000","452,000","-382,000","-382,000"
710568,富喬永豐66購02,0,0,0,0.0,0.0,0.0,0,0,0,"268,000",0,0,0,"416,000","148,000","268,000","268,000"
710569,群翊永豐61購01,0,0,0,0.0,0.0,0.0,0,0,0,"1,000",0,0,0,"1,000",0,"1,000","1,000"
710573,雙鴻永豐61購05,0,0,0,0.0,0.0,0.0,0,0,0,"39,000",0,0,0,"64,000","25,000","39,000","39,000"
710575,雙鴻永豐67購01,0,0,0,0.0,0.0,0.0,0,0,0,"-96,000",0,0,0,"86,000","182,000","-96,000","-96,000"
710578,中光電元大61購03,0,0,0,0.0,0.0,0.0,0,0,0,"-160,000",0,0,0,0,"160,000","-160,000","-160,000"
710579,世界元大64購08,0,0,0,0.0,0.0,0.0,0,0,0,"90,000",0,0,0,"90,000",0,"90,000","90,000"
710581,均豪元大61購01,0,0,0,0.0,0.0,0.0,0,0,0,"-495,000",0,0,0,0,"495,000","-495,000","-495,000"
710582,宏捷科元大67購01,0,0,0,0.0,0.0,0.0,0,0,0,"448,000",0,0,0,"458,000","10,000","448,000","448,000"
710584,欣銓元大61購01,0,0,0,0.0,0.0,0.0,0,0,0,"-109,000",0,0,0,"180,000","289,000","-109,000","-109,000"
710586,富喬元大64購03,0,0,0,0.0,0.0,0.0,0,0,0,"330,000",0,0,0,"588,000","258,000","330,000","330,000"
710587,富喬元大65購03,0,0,0,0.0,0.0,0.0,0,0,0,"158,000",0,0,0,"1,148,000","990,000","158,000","158,000"
710589,臺慶科元大61購02,0,0,0,0.0,0.0,0.0,0,0,0,"541,000",0,0,0,"551,000","10,000","541,000","541,000"
710590,中美晶群益64購01,0,0,0,0.0,0.0,0.0,0,0,0,"812,000",0,0,0,"924,000","112,000","812,000","812,000"
710591,竹陞群益61購01,0,0,0,0.0,0.0,0.0,0,0,0,"14,000",0,0,0,"14,000",0,"14,000","14,000"
710592,均豪群益61購01,0,0,0,0.0,0.0,0.0,0,0,0,"-21,000",0,0,0,"164,000","185,000","-21,000","-21,000"
710594,宜特群益61購01,0,0,0,0.0,0.0,0.0,0,0,0,"30,000",0,0,0,"30,000",0,"30,000","30,000"
710597,中美晶國泰63購01,0,0,0,0.0,0.0,0.0,0,0,0,"20,000",0,0,0,"20,000",0,"20,000","20,000"
710598,家登國泰62購01,0,0,0,0.0,0.0,0.0,0,0,0,0,0,0,0,"2,000","2,000",0,0
710599,凡甲富邦63購02,0,0,0,0.0,0.0,0.0,0,0,0,"-15,000",0,0,0,0,"15,000","-15,000","-15,000"
710603,耕興富邦63購01,0,0,0,0.0,0.0,0.0,0,0,0,"-737,000",0,0,0,"249,000","986,000","-737,000","-737,000"
710604,湧德富邦63購01,0,0,0,0.0,0.0,0.0,0,0,0,"126,000",0,0,0,"240,000","114,000","126,000","126,000"
710605,中光電凱基61購02,0,0,0,0.0,0.0,0.0,0,0,0,"70,000",0,0,0,"70,000",0,"70,000","70,000"
710606,巨有凱基61購01,0,0,0,0.0,0.0,0.0,0,0,0,"-155,000",0,0,0,0,"155,000","-155,000","-155,000"
710607,宜鼎凱基61購01,0,0,0,0.0,0.0,0.0,0,0,0,"-329,000",0,0,0,0,"329,000","-329,000","-329,000"
710608,富喬凱基61購04,0,0,0,0.0,0.0,0.0,0,0,0,"-182,000",0,0,0,"56,000","238,000","-182,000","-182,000"
710613,宜鼎台新61購03,0,0,0,0.0,0.0,0.0,0,0,0,"-250,000",0,0,0,0,"250,000","-250,000","-250,000"
710614,原相台新61購01,0,0,0,0.0,0.0,0.0,0,0,0,"-21,000",0,0,0,"49,000","70,000","-21,000","-21,000"
710617,鈊象台新61購01,0,0,0,0.0,0.0,0.0,0,0,0,"-16,000",0,0,0,0,"16,000","-16,000","-16,000"
710621,台嘉碩元大61購01,0,0,0,0.0,0.0,0.0,0,0,0,"-15,000",0,0,0,0,"15,000","-15,000","-15,000"
710622,安可元大61購01,0,0,0,0.0,0.0,0.0,0,0,0,"60,000",0,0,0,"60,000",0,"60,000","60,000"
710623,竹陞元大61購01,0,0,0,0.0,0.0,0.0,0,0,0,"-499,000",0,0,0,0,"499,000","-499,000","-499,000"
710629,堡達元大61購01,0,0,0,0.0,0.0,0.0,0,0,0,"-170,000",0,0,0,0,"170,000","-170,000","-170,000"
710630,富喬元大61購08,0,0,0,0.0,0.0,0.0,0,0,0,"-393,000",0,0,0,"37,000","430,000","-393,000","-393,000"
710631,富喬元大64購04,0,0,0,0.0,0.0,0.0,0,0,0,"-1,044,000",0,0,0,"832,000","1,876,000","-1,044,000","-1,044,000"
710632,碩禾元大61購03,0,0,0,0.0,0.0,0.0,0,0,0,"-11,000",0,0,0,0,"11,000","-11,000","-11,000"
710634,臺慶科元大67購01,0,0,0,0.0,0.0,0.0,0,0,0,"-155,000",0,0,0,"75,000","230,000","-155,000","-155,000"
710636,川寶國票65購01,0,0,0,0.0,0.0,0.0,0,0,0,"-37,000",0,0,0,"13,000","50,000","-37,000","-37,000"
710638,中裕國票65購01,0,0,0,0.0,0.0,0.0,0,0,0,"-23,000",0,0,0,0,"23,000","-23,000","-23,000"
710640,安可國票61購01,0,0,0,0.0,0.0,0.0,0,0,0,"1,000",0,0,0,"1,000",0,"1,000","1,000"
710641,金雨國票65購01,0,0,0,0.0,0.0,0.0,0,0,0,"25,000",0,0,0,"25,000",0,"25,000","25,000"
710643,威潤國票65購01,0,0,0,0.0,0.0,0.0,0,0,0,"-20,000",0,0,0,0,"20,000","-20,000","-20,000"
710645,泰藝國票61購01,0,0,0,0.0,0.0,0.0,0,0,0,"-18,000",0,0,0,0,"18,000","-18,000","-18,000"
710648,富強鑫國票65購01,0,0,0,0.0,0.0,0.0,0,0,0,"12,000",0,0,0,"15,000","3,000","12,000","12,000"
710649,瑞耘國票65購01,0,0,0,0.0,0.0,0.0,0,0,0,"329,000",0,0,0,"329,000",0,"329,000","329,000"
710651,廣積國票65購01,0,0,0,0.0,0.0,0.0,0,0,0,"-556,000",0,0,0,0,"556,000","-556,000","-556,000"
710654,中美晶群益63購01,0,0,0,0.0,0.0,0.0,0,0,0,"33,000",0,0,0,"470,000","437,000","33,000","33,000"
710659,宜鼎群益61購01,0,0,0,0.0,0.0,0.0,0,0,0,0,0,0,0,"100,000","100,000",0,0
710662,國眾群益64購01,0,0,0,0.0,0.0,0.0,0,0,0,"-100,000",0,0,0,0,"100,000","-100,000","-100,000"
710664,晶宏群益61購01,0,0,0,0.0,0.0,0.0,0,0,0,"-9,000",0,0,0,"1,000","10,000","-9,000","-9,000"
710666,九暘凱基61購01,0,0,0,0.0,0.0,0.0,0,0,0,"-50,000",0,0,0,0,"50,000","-50,000","-50,000"
710667,川寶凱基61購01,0,0,0,0.0,0.0,0.0,0,0,0,"-243,000",0,0,0,"264,000","507,000","-243,000","-243,000"
710668,中美晶凱基61購06,0,0,0,0.0,0.0,0.0,0,0,0,"30,000",0,0,0,"40,000","10,000","30,000","30,000"
710678,東浦凱基61購01,0,0,0,0.0,0.0,0.0,0,0,0,"5,000",0,0,0,"5,000",0,"5,000","5,000"
710681,泰藝凱基61購01,0,0,0,0.0,0.0,0.0,0,0,0,"19,000",0,0,0,"60,000","41,000","19,000","19,000"
710682,高僑凱基61購01,0,0,0,0.0,0.0,0.0,0,0,0,"-39,000",0,0,0,0,"39,000","-39,000","-39,000"
710685,晶宏凱基61購01,0,0,0,0.0,0.0,0.0,0,0,0,"1,000",0,0,0,"1,000",0,"1,000","1,000"
710686,越峰凱基61購01,0,0,0,0.0,0.0,0.0,0,0,0,"120,000",0,0,0,"200,000","80,000","120,000","120,000"
710687,陽程凱基61購02,0,0,0,0.0,0.0,0.0,0,0,0,"-4,000",0,0,0,0,"4,000","-4,000","-4,000"
710688,碩禾凱基61購01,0,0,0,0.0,0.0,0.0,0,0,0,"-181,000",0,0,0,0,"181,000","-181,000","-181,000"
710691,中美晶台新61購03,0,0,0,0.0,0.0,0.0,0,0,0,"89,000",0,0,0,"89,000",0,"89,000","89,000"
710692,中美晶台新63購02,0,0,0,0.0,0.0,0.0,0,0,0,"13,000",0,0,0,"13,000",0,"13,000","13,000"
710694,台嘉碩台新61購01,0,0,0,0.0,0.0,0.0,0,0,0,"2,000",0,0,0,"4,000","2,000","2,000","2,000"
710698,全宇昕台新61購01,0,0,0,0.0,0.0,0.0,0,0,0,"-467,000",0,0,0,0,"467,000","-467,000","-467,000"
710699,欣銓台新61購01,0,0,0,0.0,0.0,0.0,0,0,0,"41,000",0,0,0,"42,000","1,000","41,000","41,000"
710700,欣銓台新61購02,0,0,0,0.0,0.0,0.0,0,0,0,"-884,000",0,0,0,"208,000","1,092,000","-884,000","-884,000"
710702,家登台新61購01,0,0,0,0.0,0.0,0.0,0,0,0,"20,000",0,0,0,"30,000","10,000","20,000","20,000"
710703,家登台新64購01,0,0,0,0.0,0.0,0.0,0,0,0,"171,000",0,0,0,"280,000","109,000","171,000","171,000"
710705,九暘永豐61購01,0,0,0,0.0,0.0,0.0,0,0,0,"30,000",0,0,0,"30,000",0,"30,000","30,000"
710710,巨漢永豐61購01,0,0,0,0.0,0.0,0.0,0,0,0,"244,000",0,0,0,"244,000",0,"244,000","244,000"
710716,奇鈦科永豐61購02,0,0,0,0.0,0.0,0.0,0,0,0,"1,000",0,0,0,"1,000",0,"1,000","1,000"
710719,欣銓永豐64購02,"5,000",0,"5,000",0.0,0.0,0.0,0,0,0,"-35,000",0,0,0,"214,000","249,000","-35,000","-30,000"
710721,泰藝永豐61購01,0,0,0,0.0,0.0,0.0,0,0,0,"-247,000",0,0,0,"4,000","251,000","-247,000","-247,000"
710722,泰藝永豐61購02,0,0,0,0.0,0.0,0.0,0,0,0,"-35,000",0,0,0,0,"35,000","-35,000","-35,000"
710727,晶宏永豐61購01,0,0,0,0.0,0.0,0.0,0,0,0,"-25,000",0,0,0,0,"25,000","-25,000","-25,000"
710728,華洋永豐61購01,0,0,0,0.0,0.0,0.0,0,0,0,"-444,000",0,0,0,0,"444,000","-444,000","-444,000"
710729,越峰永豐61購01,0,0,0,0.0,0.0,0.0,0,0,0,"-97,000",0,0,0,"194,000","291,000","-97,000","-97,000"
710737,均豪富邦61購02,0,0,0,0.0,0.0,0.0,0,0,0,"-20,000",0,0,0,0,"20,000","-20,000","-20,000"
710743,青雲國票61購01,0,0,0,0.0,0.0,0.0,0,0,0,"-49,000",0,0,0,"1,000","50,000","-49,000","-49,000"
710749,華洋國票65購01,0,0,0,0.0,0.0,0.0,0,0,0,"10,000",0,0,0,"50,000","40,000","10,000","10,000"
710750,勤凱國票61購01,0,0,0,0.0,0.0,0.0,0,0,0,"136,000",0,0,0,"136,000",0,"136,000","136,000"
710751,頎邦國票65購01,0,0,0,0.0,0.0,0.0,0,0,0,"-102,000",0,0,0,0,"102,000","-102,000","-102,000"
710753,擎邦國票61購01,0,0,0,0.0,0.0,0.0,0,0,0,"371,000",0,0,0,"457,000","86,000","371,000","371,000"
710754,耀穎國票65購01,0,0,0,0.0,0.0,0.0,0,0,0,"116,000",0,0,0,"128,000","12,000","116,000","116,000"
710756,大中元大67購01,0,0,0,0.0,0.0,0.0,0,0,0,"10,000",0,0,0,"10,000",0,"10,000","10,000"
710761,華景電元大64購01,0,0,0,0.0,0.0,0.0,0,0,0,"-611,000",0,0,0,"10,000","621,000","-611,000","-611,000"
710763,頎邦元大61購01,0,0,0,0.0,0.0,0.0,0,0,0,"5,000",0,0,0,"5,000",0,"5,000","5,000"
710766,竹陞凱基61購02,"1,000,000",0,"1,000,000",0.0,0.0,0.0,0,0,0,"-2,706,000",0,0,0,"201,000","2,907,000","-2,706,000","-1,706,000"
710768,欣銓凱基61購02,0,0,0,0.0,0.0,0.0,0,0,0,"12,000",0,0,0,"46,000","34,000","12,000","12,000"
710770,富喬凱基61購05,0,0,0,0.0,0.0,0.0,0,0,0,"145,000",0,0,0,"220,000","75,000","145,000","145,000"
710772,璟德凱基64購01,0,0,0,0.0,0.0,0.0,0,0,0,"70,000",0,0,0,"70,000",0,"70,000","70,000"
710773,中美晶永豐61購01,0,0,0,0.0,0.0,0.0,0,0,0,"147,000",0,0,0,"225,000","78,000","147,000","147,000"
710778,宜鼎永豐66購01,0,0,0,0.0,0.0,0.0,0,0,0,"-10,000",0,0,0,0,"10,000","-10,000","-10,000"
710785,頎邦永豐61購02,0,0,0,0.0,0.0,0.0,0,0,0,"78,000",0,0,0,"80,000","2,000","78,000","78,000"
710786,頎邦永豐64購01,0,0,0,0.0,0.0,0.0,0,0,0,"144,000",0,0,0,"170,000","26,000","144,000","144,000"
710787,璟德永豐61購02,0,0,0,0.0,0.0,0.0,0,0,0,"50,000",0,0,0,"50,000",0,"50,000","50,000"
710788,寶雅永豐61購01,0,0,0,0.0,0.0,0.0,0,0,0,"675,000",0,0,0,"675,000",0,"675,000","675,000"
710790,巨有台新61購01,0,0,0,0.0,0.0,0.0,0,0,0,"-10,000",0,0,0,0,"10,000","-10,000","-10,000"
710791,立碁台新61購01,0,0,0,0.0,0.0,0.0,0,0,0,"6,000",0,0,0,"6,000",0,"6,000","6,000"
710792,竹陞台新61購02,0,0,0,0.0,0.0,0.0,0,0,0,"10,000",0,0,0,"10,000",0,"10,000","10,000"
710794,晟田台新61購01,0,0,0,0.0,0.0,0.0,0,0,0,"-40,000",0,0,0,"10,000","50,000","-40,000","-40,000"
710796,新漢台新64購01,0,0,0,0.0,0.0,0.0,0,0,0,"-44,000",0,0,0,0,"44,000","-44,000","-44,000"
710798,中美晶富邦61購02,0,0,0,0.0,0.0,0.0,0,0,0,"218,000",0,0,0,"225,000","7,000","218,000","218,000"
710799,欣銓富邦61購01,0,0,0,0.0,0.0,0.0,0,0,0,"295,000",0,0,0,"516,000","221,000","295,000","295,000"
710801,頎邦富邦63購01,0,0,0,0.0,0.0,0.0,0,0,0,"286,000",0,0,0,"349,000","63,000","286,000","286,000"
710802,頎邦富邦64購01,0,0,0,0.0,0.0,0.0,0,0,0,"3,000",0,0,0,"153,000","150,000","3,000","3,000"
710805,中美晶群益61購01,0,0,0,0.0,0.0,0.0,0,0,0,"995,000",0,0,0,"1,027,000","32,000","995,000","995,000"
710806,世界群益61購02,0,0,0,0.0,0.0,0.0,0,0,0,"78,000",0,0,0,"83,000","5,000","78,000","78,000"
710808,均豪群益61購02,0,0,0,0.0,0.0,0.0,0,0,0,"100,000",0,0,0,"170,000","70,000","100,000","100,000"
710809,良維群益61購03,0,0,0,0.0,0.0,0.0,0,0,0,"55,000",0,0,0,"55,000",0,"55,000","55,000"
710811,威剛群益61購04,0,0,0,0.0,0.0,0.0,0,0,0,"100,000",0,0,0,"100,000",0,"100,000","100,000"
710815,鈊象群益64購01,0,0,0,0.0,0.0,0.0,0,0,0,"-10,000",0,0,0,0,"10,000","-10,000","-10,000"
710816,群聯群益67購02,0,0,0,0.0,0.0,0.0,0,0,0,"-15,000",0,0,0,0,"15,000","-15,000","-15,000"
710817,頎邦群益61購01,0,0,0,0.0,0.0,0.0,0,0,0,"95,000",0,0,0,"174,000","79,000","95,000","95,000"
710818,頎邦群益61購02,0,0,0,0.0,0.0,0.0,0,0,0,"3,000",0,0,0,"5,000","2,000","3,000","3,000"
710819,雙鴻群益61購01,0,0,0,0.0,0.0,0.0,0,0,0,0,0,0,0,"20,000","20,000",0,0
710822,良維凱基61購02,0,0,0,0.0,0.0,0.0,0,0,0,"-7,000",0,0,0,0,"7,000","-7,000","-7,000"
710826,頎邦凱基61購01,"22,000","1,000","21,000",0.0,0.0,0.0,0,0,0,"-91,000",0,0,0,"471,000","562,000","-91,000","-70,000"
710828,竹陞台新61購03,0,0,0,0.0,0.0,0.0,0,0,0,"425,000",0,0,0,"460,000","35,000","425,000","425,000"
710832,朋程台新64購01,0,0,0,0.0,0.0,0.0,0,0,0,"15,000",0,0,0,"15,000",0,"15,000","15,000"
710837,頎邦台新61購01,0,0,0,0.0,0.0,0.0,0,0,0,"-93,000",0,0,0,"349,000","442,000","-93,000","-93,000"
710838,頎邦台新61購02,0,0,0,0.0,0.0,0.0,0,0,0,"1,116,000",0,0,0,"1,483,000","367,000","1,116,000","1,116,000"
710842,中美晶永豐65購02,0,0,0,0.0,0.0,0.0,0,0,0,"42,000",0,0,0,"42,000",0,"42,000","42,000"
710844,神準永豐65購01,0,0,0,0.0,0.0,0.0,0,0,0,"-157,000",0,0,0,0,"157,000","-157,000","-157,000"
710847,榮剛永豐61購01,0,0,0,0.0,0.0,0.0,0,0,0,"-37,000",0,0,0,0,"37,000","-37,000","-37,000"
710848,榮剛永豐61購02,0,0,0,0.0,0.0,0.0,0,0,0,"-105,000",0,0,0,0,"105,000","-105,000","-105,000"
710849,九暘國票65購01,0,0,0,0.0,0.0,0.0,0,0,0,"2,000",0,0,0,"2,000",0,"2,000","2,000"
710851,中菲行國票65購01,0,0,0,0.0,0.0,0.0,0,0,0,"6,000",0,0,0,"6,000",0,"6,000","6,000"
710852,友威科國票65購01,0,0,0,0.0,0.0,0.0,0,0,0,"-20,000",0,0,0,0,"20,000","-20,000","-20,000"
710853,全宇昕國票65購01,0,0,0,0.0,0.0,0.0,0,0,0,"-51,000",0,0,0,0,"51,000","-51,000","-51,000"
710858,易發國票65購01,0,0,0,0.0,0.0,0.0,0,0,0,"95,000",0,0,0,"105,000","10,000","95,000","95,000"
710860,佶優國票61購01,0,0,0,0.0,0.0,0.0,0,0,0,"30,000",0,0,0,"30,000",0,"30,000","30,000"
710865,泰詠國票65購01,0,0,0,0.0,0.0,0.0,0,0,0,"5,000",0,0,0,"5,000",0,"5,000","5,000"
710866,健喬國票65購01,0,0,0,0.0,0.0,0.0,0,0,0,"-58,000",0,0,0,"524,000","582,000","-58,000","-58,000"
710868,博大國票65購01,0,0,0,0.0,0.0,0.0,0,0,0,"-5,000",0,0,0,0,"5,000","-5,000","-5,000"
710869,普萊德國票65購01,0,0,0,0.0,0.0,0.0,0,0,0,"-4,000",0,0,0,0,"4,000","-4,000","-4,000"
710870,晶宏國票65購01,0,0,0,0.0,0.0,0.0,0,0,0,"40,000",0,0,0,"140,000","100,000","40,000","40,000"
710871,越峰國票65購01,0,0,0,0.0,0.0,0.0,0,0,0,"-12,000",0,0,0,"203,000","215,000","-12,000","-12,000"
710875,鐿鈦國票65購01,0,0,0,0.0,0.0,0.0,0,0,0,"47,000",0,0,0,"47,000",0,"47,000","47,000"
710877,青雲國泰62購03,0,0,0,0.0,0.0,0.0,0,0,0,"-29,000",0,0,0,0,"29,000","-29,000","-29,000"
710882,中光電群益61購02,0,0,0,0.0,0.0,0.0,0,0,0,"-50,000",0,0,0,0,"50,000","-50,000","-50,000"
710883,宜鼎群益61購02,0,0,0,0.0,0.0,0.0,0,0,0,"-65,000",0,0,0,0,"65,000","-65,000","-65,000"
710886,建榮群益62購01,0,0,0,0.0,0.0,0.0,0,0,0,"82,000",0,0,0,"82,000",0,"82,000","82,000"
710887,群聯群益67購03,0,0,0,0.0,0.0,0.0,0,0,0,"-16,000",0,0,0,0,"16,000","-16,000","-16,000"
710891,聚和群益61購01,0,0,0,0.0,0.0,0.0,0,0,0,"18,000",0,0,0,"29,000","11,000","18,000","18,000"
710893,中美晶元大64購01,0,0,0,0.0,0.0,0.0,0,0,0,"179,000",0,0,0,"236,000","57,000","179,000","179,000"
710894,中美晶元大66購04,0,0,0,0.0,0.0,0.0,0,0,0,"280,000",0,0,0,"320,000","40,000","280,000","280,000"
710895,台嘉碩元大61購02,0,0,0,0.0,0.0,0.0,0,0,0,"106,000",0,0,0,"414,000","308,000","106,000","106,000"
710896,均豪元大61購02,0,0,0,0.0,0.0,0.0,0,0,0,"-78,000",0,0,0,0,"78,000","-78,000","-78,000"
710897,宜特元大65購01,0,0,0,0.0,0.0,0.0,0,0,0,"-333,000",0,0,0,"496,000","829,000","-333,000","-333,000"
710898,宜特元大67購02,0,0,0,0.0,0.0,0.0,0,0,0,"-493,000",0,0,0,0,"493,000","-493,000","-493,000"
710899,欣銓元大61購02,0,0,0,0.0,0.0,0.0,0,0,0,"-81,000",0,0,0,0,"81,000","-81,000","-81,000"
710900,家登元大61購02,0,0,0,0.0,0.0,0.0,0,0,0,"196,000",0,0,0,"196,000",0,"196,000","196,000"
710902,臺慶科元大64購02,0,0,0,0.0,0.0,0.0,0,0,0,"-496,000",0,0,0,0,"496,000","-496,000","-496,000"
710904,太普高國票65購01,0,0,0,0.0,0.0,0.0,0,0,0,"-59,000",0,0,0,"156,000","215,000","-59,000","-59,000"
710908,倉和國票65購01,0,0,0,0.0,0.0,0.0,0,0,0,"-21,000",0,0,0,"54,000","75,000","-21,000","-21,000"
710913,聖暉*國票65購01,0,0,0,0.0,0.0,0.0,0,0,0,"100,000",0,0,0,"162,000","62,000","100,000","100,000"
710915,寶雅國票61購03,0,0,0,0.0,0.0,0.0,0,0,0,"-9,000",0,0,0,0,"9,000","-9,000","-9,000"
710916,驊訊國票61購01,0,0,0,0.0,0.0,0.0,0,0,0,"998,000",0,0,0,"998,000",0,"998,000","998,000"
710919,台嘉碩凱基61購03,0,0,0,0.0,0.0,0.0,0,0,0,"38,000",0,0,0,"110,000","72,000","38,000","38,000"
710921,宜鼎凱基61購02,0,0,0,0.0,0.0,0.0,0,0,0,"3,150,000",0,0,0,"3,400,000","250,000","3,150,000","3,150,000"
710922,欣銓凱基61購03,0,0,0,0.0,0.0,0.0,0,0,0,"-1,000",0,0,0,"1,000","2,000","-1,000","-1,000"
710926,群聯凱基61購07,0,0,0,0.0,0.0,0.0,0,0,0,"168,000",0,0,0,"168,000",0,"168,000","168,000"
710932,家登群益61購04,0,0,0,0.0,0.0,0.0,0,0,0,"1,000",0,0,0,"58,000","57,000","1,000","1,000"
710940,華電網富邦63購01,0,0,0,0.0,0.0,0.0,0,0,0,"-204,000",0,0,0,0,"204,000","-204,000","-204,000"
710954,耕興永豐61購01,0,0,0,0.0,0.0,0.0,0,0,0,"-191,000",0,0,0,0,"191,000","-191,000","-191,000"
710958,精剛永豐61購01,0,0,0,0.0,0.0,0.0,0,0,0,"-100,000",0,0,0,0,"100,000","-100,000","-100,000"
710961,中美晶元大64購02,0,0,0,0.0,0.0,0.0,0,0,0,"183,000",0,0,0,"245,000","62,000","183,000","183,000"
710962,中美晶元大66購05,0,0,0,0.0,0.0,0.0,0,0,0,"143,000",0,0,0,"175,000","32,000","143,000","143,000"
710964,宜鼎元大61購07,0,0,0,0.0,0.0,0.0,0,0,0,"100,000",0,0,0,"100,000",0,"100,000","100,000"
710966,創惟元大61購01,0,0,0,0.0,0.0,0.0,0,0,0,"18,000",0,0,0,"18,000",0,"18,000","18,000"
710972,譜瑞元大65購03,0,0,0,0.0,0.0,0.0,0,0,0,"520,000",0,0,0,"520,000",0,"520,000","520,000"
710979,宸曜台新61購01,0,0,0,0.0,0.0,0.0,0,0,0,"1,000",0,0,0,"2,000","1,000","1,000","1,000"
710982,精材台新61購03,0,0,0,0.0,0.0,0.0,0,0,0,"-77,000",0,0,0,"2,000","79,000","-77,000","-77,000"
710984,均豪凱基61購01,0,0,0,0.0,0.0,0.0,0,0,0,"-11,000",0,0,0,0,"11,000","-11,000","-11,000"
710987,華景電凱基64購01,0,0,0,0.0,0.0,0.0,0,0,0,"-32,000",0,0,0,"618,000","650,000","-32,000","-32,000"
710989,頎邦凱基61購02,0,0,0,0.0,0.0,0.0,0,0,0,"-94,000",0,0,0,"214,000","308,000","-94,000","-94,000"
710991,營邦凱基61購01,0,0,0,0.0,0.0,0.0,0,0,0,"-1,000",0,0,0,"75,000","76,000","-1,000","-1,000"
710992,譜瑞凱基61購06,0,0,0,0.0,0.0,0.0,0,0,0,"-8,000",0,0,0,0,"8,000","-8,000","-8,000"
710994,欣銓台新61購03,0,0,0,0.0,0.0,0.0,0,0,0,"183,000",0,0,0,"193,000","10,000","183,000","183,000"
710997,大學光國票61購01,0,0,0,0.0,0.0,0.0,0,0,0,"699,000",0,0,0,"699,000",0,"699,000","699,000"
711004,系統電國泰62購01,0,0,0,0.0,0.0,0.0,0,0,0,"-80,000",0,0,0,"20,000","100,000","-80,000","-80,000"
711010,立敦元大61購01,0,0,0,0.0,0.0,0.0,0,0,0,"20,000",0,0,0,"20,000",0,"20,000","20,000"
711012,宜鼎元大61購08,0,0,0,0.0,0.0,0.0,0,0,0,"-285,000",0,0,0,"211,000","496,000","-285,000","-285,000"
711022,群聯元大64購08,0,0,0,0.0,0.0,0.0,0,0,0,"-62,000",0,0,0,0,"62,000","-62,000","-62,000"
711023,譜瑞元大61購04,0,0,0,0.0,0.0,0.0,0,0,0,"128,000",0,0,0,"128,000",0,"128,000","128,000"
711024,中美晶統一65購01,0,0,0,0.0,0.0,0.0,0,0,0,"-564,000",0,0,0,"3,000","567,000","-564,000","-564,000"
711029,精材統一67購01,0,0,0,0.0,0.0,0.0,0,0,0,"64,000",0,0,0,"64,000",0,"64,000","64,000"
711030,營邦統一67購01,0,0,0,0.0,0.0,0.0,0,0,0,"-48,000",0,0,0,0,"48,000","-48,000","-48,000"
711037,長聖永豐61購02,0,0,0,0.0,0.0,0.0,0,0,0,"-90,000",0,0,0,0,"90,000","-90,000","-90,000"
711044,群聯中信61購01,0,0,0,0.0,0.0,0.0,0,0,0,"-1,000",0,0,0,0,"1,000","-1,000","-1,000"
711046,台特化凱基61購01,0,0,0,0.0,0.0,0.0,0,0,0,"2,000",0,0,0,"2,000",0,"2,000","2,000"
711049,宜鼎凱基61購03,0,0,0,0.0,0.0,0.0,0,0,0,"159,000",0,0,0,"159,000",0,"159,000","159,000"
711050,茂達凱基61購04,0,0,0,0.0,0.0,0.0,0,0,0,"-5,000",0,0,0,0,"5,000","-5,000","-5,000"
711056,精材凱基61購08,0,0,0,0.0,0.0,0.0,0,0,0,"-16,000",0,0,0,0,"16,000","-16,000","-16,000"
711061,家登群益61購05,0,0,0,0.0,0.0,0.0,0,0,0,"17,000",0,0,0,"22,000","5,000","17,000","17,000"
711063,群聯群益61購06,0,0,0,0.0,0.0,0.0,0,0,0,"-18,000",0,0,0,"2,000","20,000","-18,000","-18,000"
711064,精材群益61購02,0,0,0,0.0,0.0,0.0,0,0,0,"-9,000",0,0,0,"13,000","22,000","-9,000","-9,000"
711065,大樹國票65購01,0,0,0,0.0,0.0,0.0,0,0,0,"-559,000",0,0,0,"29,000","588,000","-559,000","-559,000"
711066,公準國票65購01,0,0,0,0.0,0.0,0.0,0,0,0,"3,000",0,0,0,"3,000",0,"3,000","3,000"
711068,尼克森國票61購01,0,0,0,0.0,0.0,0.0,0,0,0,"-10,000",0,0,0,0,"10,000","-10,000","-10,000"
711069,正基國票65購01,0,0,0,0.0,0.0,0.0,0,0,0,"-10,000",0,0,0,0,"10,000","-10,000","-10,000"
711072,高僑國票65購01,0,0,0,0.0,0.0,0.0,0,0,0,"10,000",0,0,0,"15,000","5,000","10,000","10,000"
711073,智崴國票65購01,0,0,0,0.0,0.0,0.0,0,0,0,"-63,000",0,0,0,0,"63,000","-63,000","-63,000"
711076,撼訊國票65購01,0,0,0,0.0,0.0,0.0,0,0,0,"5,000",0,0,0,"5,000",0,"5,000","5,000"
711077,中美晶元大61購03,0,0,0,0.0,0.0,0.0,0,0,0,"100,000",0,0,0,"100,000",0,"100,000","100,000"
711078,台嘉碩元大61購03,0,0,0,0.0,0.0,0.0,0,0,0,"-17,000",0,0,0,0,"17,000","-17,000","-17,000"
711081,群聯元大61購14,0,0,0,0.0,0.0,0.0,0,0,0,"-239,000",0,0,0,0,"239,000","-239,000","-239,000"
711084,博大國泰62購01,0,0,0,0.0,0.0,0.0,0,0,0,"-22,000",0,0,0,0,"22,000","-22,000","-22,000"
711087,精材國泰62購02,0,0,0,0.0,0.0,0.0,0,0,0,"-76,000",0,0,0,"9,000","85,000","-76,000","-76,000"
711088,中美晶富邦61購03,0,0,0,0.0,0.0,0.0,0,0,0,"-164,000",0,0,0,"204,000","368,000","-164,000","-164,000"
711093,精材中信61購02,0,0,0,0.0,0.0,0.0,0,0,0,"10,000",0,0,0,"17,000","7,000","10,000","10,000"
711094,千附永豐61購01,0,0,0,0.0,0.0,0.0,0,0,0,"2,000",0,0,0,"2,000",0,"2,000","2,000"
711095,千附永豐61購02,0,0,0,0.0,0.0,0.0,0,0,0,"-240,000",0,0,0,"10,000","250,000","-240,000","-240,000"
711096,立端永豐61購01,0,0,0,0.0,0.0,0.0,0,0,0,"-70,000",0,0,0,"60,000","130,000","-70,000","-70,000"
711097,松瑞藥永豐61購01,"5,000",0,"5,000",0.0,0.0,0.0,0,0,0,"-542,000",0,0,0,0,"542,000","-542,000","-537,000"
711106,尼克森統一65購01,0,0,0,0.0,0.0,0.0,0,0,0,"-25,000",0,0,0,0,"25,000","-25,000","-25,000"
711110,青雲統一69購01,0,0,0,0.0,0.0,0.0,0,0,0,"45,000",0,0,0,"45,000",0,"45,000","45,000"
711111,青雲統一6C購01,0,0,0,0.0,0.0,0.0,0,0,0,"-1,000",0,0,0,0,"1,000","-1,000","-1,000"
711112,泰藝統一6C購01,0,0,0,0.0,0.0,0.0,0,0,0,"-38,000",0,0,0,"10,000","48,000","-38,000","-38,000"
711116,陽程統一6C購01,0,0,0,0.0,0.0,0.0,0,0,0,"-100,000",0,0,0,0,"100,000","-100,000","-100,000"
711118,頎邦統一65購01,0,0,0,0.0,0.0,0.0,0,0,0,"838,000",0,0,0,"863,000","25,000","838,000","838,000"
711119,頎邦統一67購02,0,0,0,0.0,0.0,0.0,0,0,0,"-405,000",0,0,0,"55,000","460,000","-405,000","-405,000"
711120,頎邦統一67購03,0,0,0,0.0,0.0,0.0,0,0,0,"-160,000",0,0,0,0,"160,000","-160,000","-160,000"
711121,頎邦統一6C購01,0,0,0,0.0,0.0,0.0,0,0,0,"26,000",0,0,0,"34,000","8,000","26,000","26,000"
711122,精材統一65購02,0,0,0,0.0,0.0,0.0,0,0,0,"146,000",0,0,0,"222,000","76,000","146,000","146,000"
711123,精材統一67購02,0,0,0,0.0,0.0,0.0,0,0,0,"51,000",0,0,0,"216,000","165,000","51,000","51,000"
711124,中美晶凱基64購01,0,0,0,0.0,0.0,0.0,0,0,0,"-10,000",0,0,0,0,"10,000","-10,000","-10,000"
711129,群聯凱基61購09,0,0,0,0.0,0.0,0.0,0,0,0,"-68,000",0,0,0,"200,000","268,000","-68,000","-68,000"
711130,頎邦凱基61購03,0,0,0,0.0,0.0,0.0,0,0,0,"-486,000",0,0,0,"27,000","513,000","-486,000","-486,000"
711131,精材凱基61購09,0,0,0,0.0,0.0,0.0,0,0,0,"15,000",0,0,0,"110,000","95,000","15,000","15,000"
711135,茂達台新61購02,0,0,0,0.0,0.0,0.0,0,0,0,"-10,000",0,0,0,0,"10,000","-10,000","-10,000"
711136,群聯台新67購03,0,0,0,0.0,0.0,0.0,0,0,0,"-100,000",0,0,0,0,"100,000","-100,000","-100,000"
711137,群聯台新67購04,0,0,0,0.0,0.0,0.0,0,0,0,"-16,000",0,0,0,0,"16,000","-16,000","-16,000"
711138,頎邦台新61購04,0,0,0,0.0,0.0,0.0,0,0,0,"-1,925,000",0,0,0,"1,759,000","3,684,000","-1,925,000","-1,925,000"
711139,頎邦台新61購05,0,0,0,0.0,0.0,0.0,0,0,0,"-579,000",0,0,0,"383,000","962,000","-579,000","-579,000"
711140,精材台新61購04,0,0,0,0.0,0.0,0.0,0,0,0,"-39,000",0,0,0,0,"39,000","-39,000","-39,000"
711141,精材台新61購05,0,0,0,0.0,0.0,0.0,0,0,0,"-78,000",0,0,0,0,"78,000","-78,000","-78,000"
711142,精材台新62購02,0,0,0,0.0,0.0,0.0,0,0,0,"-37,000",0,0,0,"2,000","39,000","-37,000","-37,000"
711143,力麒國票65購01,0,0,0,0.0,0.0,0.0,0,0,0,"499,000",0,0,0,"499,000",0,"499,000","499,000"
711144,天良國票61購01,0,0,0,0.0,0.0,0.0,0,0,0,"-20,000",0,0,0,0,"20,000","-20,000","-20,000"
711151,精材國票61購04,0,0,0,0.0,0.0,0.0,0,0,0,"-253,000",0,0,0,0,"253,000","-253,000","-253,000"
711153,營邦國票61購01,0,0,0,0.0,0.0,0.0,0,0,0,"493,000",0,0,0,"500,000","7,000","493,000","493,000"
711162,群聯群益61購07,0,0,0,0.0,0.0,0.0,0,0,0,"-9,000",0,0,0,0,"9,000","-9,000","-9,000"
711163,精材群益63購03,0,0,0,0.0,0.0,0.0,0,0,0,"31,000",0,0,0,"178,000","147,000","31,000","31,000"
711166,中美晶元大61購04,0,0,0,0.0,0.0,0.0,0,0,0,"354,000",0,0,0,"354,000",0,"354,000","354,000"
711171,順達元大61購01,0,0,0,0.0,0.0,0.0,0,0,0,"-183,000",0,0,0,0,"183,000","-183,000","-183,000"
711172,群聯元大61購15,0,0,0,0.0,0.0,0.0,0,0,0,"-71,000",0,0,0,0,"71,000","-71,000","-71,000"
711174,精材元大61購10,0,0,0,0.0,0.0,0.0,0,0,0,"-163,000",0,0,0,"71,000","234,000","-163,000","-163,000"
711175,精材元大61購11,0,0,0,0.0,0.0,0.0,0,0,0,"-29,000",0,0,0,0,"29,000","-29,000","-29,000"
711176,精材元大63購05,0,0,0,0.0,0.0,0.0,0,0,0,"19,000",0,0,0,"92,000","73,000","19,000","19,000"
711177,營邦元大61購01,0,0,0,0.0,0.0,0.0,0,0,0,"24,000",0,0,0,"204,000","180,000","24,000","24,000"
711185,中美晶統一65購02,0,0,0,0.0,0.0,0.0,0,0,0,"114,000",0,0,0,"114,000",0,"114,000","114,000"
711188,台嘉碩統一65購01,0,0,0,0.0,0.0,0.0,0,0,0,"35,000",0,0,0,"36,000","1,000","35,000","35,000"
711190,安勤統一67購01,0,0,0,0.0,0.0,0.0,0,0,0,"100,000",0,0,0,"100,000",0,"100,000","100,000"
711191,系統電統一6C購01,0,0,0,0.0,0.0,0.0,0,0,0,"-35,000",0,0,0,"1,000","36,000","-35,000","-35,000"
711192,亞通統一67購01,0,0,0,0.0,0.0,0.0,0,0,0,"-15,000",0,0,0,0,"15,000","-15,000","-15,000"
711195,杰力統一65購01,0,0,0,0.0,0.0,0.0,0,0,0,"140,000",0,0,0,"141,000","1,000","140,000","140,000"
711199,堡達統一65購01,0,0,0,0.0,0.0,0.0,0,0,0,"20,000",0,0,0,"20,000",0,"20,000","20,000"
711207,頎邦統一67購04,0,0,0,0.0,0.0,0.0,0,0,0,"43,000",0,0,0,"71,000","28,000","43,000","43,000"
711209,碩禾統一67購01,0,0,0,0.0,0.0,0.0,0,0,0,"5,000",0,0,0,"5,000",0,"5,000","5,000"
711210,精材統一65購03,0,0,0,0.0,0.0,0.0,0,0,0,"-110,000",0,0,0,0,"110,000","-110,000","-110,000"
711211,精材統一6C購02,0,0,0,0.0,0.0,0.0,0,0,0,"-197,000",0,0,0,"476,000","673,000","-197,000","-197,000"
711212,大樹永豐61購01,0,0,0,0.0,0.0,0.0,0,0,0,"-15,000",0,0,0,"9,000","24,000","-15,000","-15,000"
711213,中美晶永豐61購03,0,0,0,0.0,0.0,0.0,0,0,0,"37,000",0,0,0,"37,000",0,"37,000","37,000"
711217,頎邦永豐65購01,0,0,0,0.0,0.0,0.0,0,0,0,"41,000",0,0,0,"51,000","10,000","41,000","41,000"
711218,精材永豐61購03,0,0,0,0.0,0.0,0.0,0,0,0,"153,000",0,0,0,"184,000","31,000","153,000","153,000"
711219,精材永豐61購04,0,0,0,0.0,0.0,0.0,0,0,0,"62,000",0,0,0,"115,000","53,000","62,000","62,000"
711221,營邦永豐64購01,0,0,0,0.0,0.0,0.0,0,0,0,"20,000",0,0,0,"20,000",0,"20,000","20,000"
711223,營邦國泰62購01,0,0,0,0.0,0.0,0.0,0,0,0,"167,000",0,0,0,"174,000","7,000","167,000","167,000"
711224,久元富邦63購02,0,0,0,0.0,0.0,0.0,0,0,0,"160,000",0,0,0,"160,000",0,"160,000","160,000"
711231,鈊象富邦63購02,0,0,0,0.0,0.0,0.0,0,0,0,"-76,000",0,0,0,0,"76,000","-76,000","-76,000"
711240,中美晶凱基61購07,0,0,0,0.0,0.0,0.0,0,0,0,"5,000",0,0,0,"55,000","50,000","5,000","5,000"
711242,青雲凱基61購01,0,0,0,0.0,0.0,0.0,0,0,0,"-24,000",0,0,0,0,"24,000","-24,000","-24,000"
711246,新漢凱基61購01,0,0,0,0.0,0.0,0.0,0,0,0,"-10,000",0,0,0,0,"10,000","-10,000","-10,000"
711252,巨有國票61購01,0,0,0,0.0,0.0,0.0,0,0,0,"9,000",0,0,0,"9,000",0,"9,000","9,000"
711254,博智國票61購01,0,0,0,0.0,0.0,0.0,0,0,0,"24,000",0,0,0,"24,000",0,"24,000","24,000"
711262,朋程元大61購02,0,0,0,0.0,0.0,0.0,0,0,0,"110,000",0,0,0,"110,000",0,"110,000","110,000"
711264,家登元大61購05,0,0,0,0.0,0.0,0.0,0,0,0,"-411,000",0,0,0,0,"411,000","-411,000","-411,000"
711267,臺慶科元大61購04,0,0,0,0.0,0.0,0.0,0,0,0,"-86,000",0,0,0,"138,000","224,000","-86,000","-86,000"
711269,中美晶國泰62購01,0,0,0,0.0,0.0,0.0,0,0,0,"-150,000",0,0,0,0,"150,000","-150,000","-150,000"
711270,世界富邦61購03,0,0,0,0.0,0.0,0.0,0,0,0,"-201,000",0,0,0,0,"201,000","-201,000","-201,000"
711271,博智富邦63購01,0,0,0,0.0,0.0,0.0,0,0,0,"-30,000",0,0,0,0,"30,000","-30,000","-30,000"
711272,富喬富邦61購02,0,0,0,0.0,0.0,0.0,0,0,0,"-23,000",0,0,0,"70,000","93,000","-23,000","-23,000"
711273,千附精永豐64購01,0,0,0,0.0,0.0,0.0,0,0,0,"62,000",0,0,0,"62,000",0,"62,000","62,000"
711275,世界永豐61購02,0,0,0,0.0,0.0,0.0,0,0,0,"2,000",0,0,0,"2,000",0,"2,000","2,000"
711281,安勤統一67購02,0,0,0,0.0,0.0,0.0,0,0,0,"30,000",0,0,0,"30,000",0,"30,000","30,000"
711283,倉和統一6C購01,0,0,0,0.0,0.0,0.0,0,0,0,"-7,000",0,0,0,0,"7,000","-7,000","-7,000"
711284,神準統一67購02,0,0,0,0.0,0.0,0.0,0,0,0,"-6,000",0,0,0,"94,000","100,000","-6,000","-6,000"
711287,M31台新61購01,0,0,0,0.0,0.0,0.0,0,0,0,"2,000",0,0,0,"2,000",0,"2,000","2,000"
711290,千附精台新61購02,0,0,0,0.0,0.0,0.0,0,0,0,"13,000",0,0,0,"13,000",0,"13,000","13,000"
711291,富喬台新61購02,0,0,0,0.0,0.0,0.0,0,0,0,"10,000",0,0,0,"10,000",0,"10,000","10,000"
711292,頎邦台新61購06,0,0,0,0.0,0.0,0.0,0,0,0,"748,000",0,0,0,"748,000",0,"748,000","748,000"
711293,M31凱基61購01,0,0,0,0.0,0.0,0.0,0,0,0,"-20,000",0,0,0,0,"20,000","-20,000","-20,000"
711294,M31凱基61購02,0,0,0,0.0,0.0,0.0,0,0,0,"10,000",0,0,0,"10,000",0,"10,000","10,000"
711295,M31凱基61購03,0,0,0,0.0,0.0,0.0,0,0,0,"328,000",0,0,0,"413,000","85,000","328,000","328,000"
711298,中美晶凱基61購08,0,0,0,0.0,0.0,0.0,0,0,0,"128,000",0,0,0,"135,000","7,000","128,000","128,000"
711299,朋程凱基61購02,0,0,0,0.0,0.0,0.0,0,0,0,"72,000",0,0,0,"72,000",0,"72,000","72,000"
711300,博智凱基63購01,0,0,0,0.0,0.0,0.0,0,0,0,"-1,323,000",0,0,0,"7,000","1,330,000","-1,323,000","-1,323,000"
711301,晶呈凱基61購01,0,0,0,0.0,0.0,0.0,0,0,0,"-1,406,000",0,0,0,"91,000","1,497,000","-1,406,000","-1,406,000"
711304,臺慶科凱基64購01,0,0,0,0.0,0.0,0.0,0,0,0,"61,000",0,0,0,"61,000",0,"61,000","61,000"
711305,營邦凱基61購03,0,0,0,0.0,0.0,0.0,0,0,0,"-4,000",0,0,0,"1,000","5,000","-4,000","-4,000"
711308,宏捷科元大66購01,0,0,0,0.0,0.0,0.0,0,0,0,"70,000",0,0,0,"76,000","6,000","70,000","70,000"
711310,原相元大61購03,0,0,0,0.0,0.0,0.0,0,0,0,"-359,000",0,0,0,0,"359,000","-359,000","-359,000"
711311,順達元大63購01,0,0,0,0.0,0.0,0.0,0,0,0,"-85,000",0,0,0,0,"85,000","-85,000","-85,000"
711313,臺慶科元大61購05,0,0,0,0.0,0.0,0.0,0,0,0,"343,000",0,0,0,"383,000","40,000","343,000","343,000"
711314,世界國泰62購02,0,0,0,0.0,0.0,0.0,0,0,0,"43,000",0,0,0,"43,000",0,"43,000","43,000"
711316,鑫聯國泰62購01,0,0,0,0.0,0.0,0.0,0,0,0,"-1,848,000",0,0,0,0,"1,848,000","-1,848,000","-1,848,000"
711317,久禾光國票61購01,0,0,0,0.0,0.0,0.0,0,0,0,"3,000",0,0,0,"7,000","4,000","3,000","3,000"
711323,頎邦國票64購01,0,0,0,0.0,0.0,0.0,0,0,0,"40,000",0,0,0,"40,000",0,"40,000","40,000"
711328,博智群益61購02,0,0,0,0.0,0.0,0.0,0,0,0,"26,000",0,0,0,"29,000","3,000","26,000","26,000"
711330,群聯群益63購01,0,0,0,0.0,0.0,0.0,0,0,0,"-22,000",0,0,0,"2,000","24,000","-22,000","-22,000"
711332,九暘統一65購01,0,0,0,0.0,0.0,0.0,0,0,0,"-210,000",0,0,0,"10,000","220,000","-210,000","-210,000"
711333,中美晶統一67購02,0,0,0,0.0,0.0,0.0,0,0,0,"1,000",0,0,0,"1,000",0,"1,000","1,000"
711336,原相永豐61購03,0,0,0,0.0,0.0,0.0,0,0,0,"-42,000",0,0,0,"73,000","115,000","-42,000","-42,000"
711338,晶呈永豐61購01,0,0,0,0.0,0.0,0.0,0,0,0,"17,000",0,0,0,"44,000","27,000","17,000","17,000"
711344,宜鼎凱基61購04,0,0,0,0.0,0.0,0.0,0,0,0,"-123,000",0,0,0,"145,000","268,000","-123,000","-123,000"
711347,群聯凱基63購02,0,0,0,0.0,0.0,0.0,0,0,0,"-7,000",0,0,0,"39,000","46,000","-7,000","-7,000"
711348,頎邦凱基64購02,0,0,0,0.0,0.0,0.0,0,0,0,"22,000",0,0,0,"22,000",0,"22,000","22,000"
711356,世界群益61購04,0,0,0,0.0,0.0,0.0,0,0,0,"-36,000",0,0,0,"214,000","250,000","-36,000","-36,000"
711357,加高群益61購01,0,0,0,0.0,0.0,0.0,0,0,0,"-25,000",0,0,0,0,"25,000","-25,000","-25,000"
711358,巨有群益61購01,0,0,0,0.0,0.0,0.0,0,0,0,"-5,000",0,0,0,0,"5,000","-5,000","-5,000"
711359,均豪群益66購01,0,0,0,0.0,0.0,0.0,0,0,0,"120,000",0,0,0,"150,000","30,000","120,000","120,000"
711361,群聯群益61購08,0,0,0,0.0,0.0,0.0,0,0,0,"-90,000",0,0,0,"15,000","105,000","-90,000","-90,000"
711362,元太永豐61購05,0,0,0,0.0,0.0,0.0,0,0,0,"-100,000",0,0,0,0,"100,000","-100,000","-100,000"
711363,加高永豐61購02,0,0,0,0.0,0.0,0.0,0,0,0,"-60,000",0,0,0,0,"60,000","-60,000","-60,000"
711364,良維永豐61購02,0,0,0,0.0,0.0,0.0,0,0,0,"54,000",0,0,0,"54,000",0,"54,000","54,000"
711367,凱崴永豐61購01,0,0,0,0.0,0.0,0.0,0,0,0,"163,000",0,0,0,"164,000","1,000","163,000","163,000"
711369,華電網永豐61購01,0,0,0,0.0,0.0,0.0,0,0,0,"-7,000",0,0,0,0,"7,000","-7,000","-7,000"
711371,順達永豐64購03,0,0,0,0.0,0.0,0.0,0,0,0,"-17,000",0,0,0,0,"17,000","-17,000","-17,000"
711374,聖暉*永豐64購01,0,0,0,0.0,0.0,0.0,0,0,0,"392,000",0,0,0,"691,000","299,000","392,000","392,000"
711380,創泓國票63購01,0,0,0,0.0,0.0,0.0,0,0,0,"3,000",0,0,0,"3,000",0,"3,000","3,000"
711386,宜鼎國泰62購03,0,0,0,0.0,0.0,0.0,0,0,0,"69,000",0,0,0,"69,000",0,"69,000","69,000"
711391,系統電富邦61購03,0,0,0,0.0,0.0,0.0,0,0,0,"90,000",0,0,0,"90,000",0,"90,000","90,000"
711393,群聯富邦63購02,0,0,0,0.0,0.0,0.0,0,0,0,"-467,000",0,0,0,0,"467,000","-467,000","-467,000"
711394,M31統一67購01,0,0,0,0.0,0.0,0.0,0,0,0,"-60,000",0,0,0,0,"60,000","-60,000","-60,000"
711395,M31統一67購02,0,0,0,0.0,0.0,0.0,0,0,0,"-54,000",0,0,0,0,"54,000","-54,000","-54,000"
711396,M31統一6C購01,0,0,0,0.0,0.0,0.0,0,0,0,"-5,000",0,0,0,0,"5,000","-5,000","-5,000"
711404,杰力統一67購01,0,0,0,0.0,0.0,0.0,0,0,0,"50,000",0,0,0,"50,000",0,"50,000","50,000"
711411,天品國票61購01,0,0,0,0.0,0.0,0.0,0,0,0,"102,000",0,0,0,"214,000","112,000","102,000","102,000"
711412,系統電國票64購01,0,0,0,0.0,0.0,0.0,0,0,0,"-6,000",0,0,0,"12,000","18,000","-6,000","-6,000"
711413,昇佳電國票66購01,0,0,0,0.0,0.0,0.0,0,0,0,"-20,000",0,0,0,0,"20,000","-20,000","-20,000"
711414,青雲國票61購02,0,0,0,0.0,0.0,0.0,0,0,0,"-20,000",0,0,0,0,"20,000","-20,000","-20,000"
711415,耕興國票65購01,0,0,0,0.0,0.0,0.0,0,0,0,"-60,000",0,0,0,0,"60,000","-60,000","-60,000"
711416,晟田國票62購01,0,0,0,0.0,0.0,0.0,0,0,0,"9,000",0,0,0,"19,000","10,000","9,000","9,000"
711417,博士旺國票61購02,0,0,0,0.0,0.0,0.0,0,0,0,"2,000",0,0,0,"2,000",0,"2,000","2,000"
711419,碩禾國票64購01,0,0,0,0.0,0.0,0.0,0,0,0,"-31,000",0,0,0,0,"31,000","-31,000","-31,000"
711421,中美晶台新63購03,0,0,0,0.0,0.0,0.0,0,0,0,"36,000",0,0,0,"36,000",0,"36,000","36,000"
711427,中美晶凱基61購10,0,0,0,0.0,0.0,0.0,0,0,0,"100,000",0,0,0,"100,000",0,"100,000","100,000"
711430,均豪凱基66購01,0,0,0,0.0,0.0,0.0,0,0,0,"-11,000",0,0,0,0,"11,000","-11,000","-11,000"
711432,千附元大61購03,0,0,0,0.0,0.0,0.0,0,0,0,"-30,000",0,0,0,0,"30,000","-30,000","-30,000"
711434,中美晶元大61購07,0,0,0,0.0,0.0,0.0,0,0,0,"18,000",0,0,0,"34,000","16,000","18,000","18,000"
711435,中美晶元大61購08,0,0,0,0.0,0.0,0.0,0,0,0,"-9,000",0,0,0,"463,000","472,000","-9,000","-9,000"
711438,世界元大63購05,0,0,0,0.0,0.0,0.0,0,0,0,"-403,000",0,0,0,0,"403,000","-403,000","-403,000"
711439,家登元大63購01,0,0,0,0.0,0.0,0.0,0,0,0,"12,000",0,0,0,"56,000","44,000","12,000","12,000"
711440,智通*元大61購06,0,0,0,0.0,0.0,0.0,0,0,0,"-184,000",0,0,0,0,"184,000","-184,000","-184,000"
711452,巨漢永豐61購02,0,0,0,0.0,0.0,0.0,0,0,0,"-78,000",0,0,0,0,"78,000","-78,000","-78,000"
711453,均豪永豐64購02,0,0,0,0.0,0.0,0.0,0,0,0,"-9,000",0,0,0,0,"9,000","-9,000","-9,000"
711454,宏捷科永豐64購01,0,0,0,0.0,0.0,0.0,0,0,0,"-34,000",0,0,0,"82,000","116,000","-34,000","-34,000"
711455,創惟永豐61購01,0,0,0,0.0,0.0,0.0,0,0,0,"9,000",0,0,0,"9,000",0,"9,000","9,000"
711457,湧德永豐61購01,0,0,0,0.0,0.0,0.0,0,0,0,"511,000",0,0,0,"657,000","146,000","511,000","511,000"
711462,世禾國泰62購01,0,0,0,0.0,0.0,0.0,0,0,0,"230,000",0,0,0,"230,000",0,"230,000","230,000"
711463,翔名國泰62購01,0,0,0,0.0,0.0,0.0,0,0,0,"146,000",0,0,0,"146,000",0,"146,000","146,000"
711467,千附精統一67購05,0,0,0,0.0,0.0,0.0,0,0,0,"69,000",0,0,0,"69,000",0,"69,000","69,000"
711470,中美晶統一6C購02,0,0,0,0.0,0.0,0.0,0,0,0,"200,000",0,0,0,"200,000",0,"200,000","200,000"
711472,加高統一67購01,0,0,0,0.0,0.0,0.0,0,0,0,"-2,000",0,0,0,0,"2,000","-2,000","-2,000"
711474,家登統一6C購02,0,0,0,0.0,0.0,0.0,0,0,0,"-1,000",0,0,0,0,"1,000","-1,000","-1,000"
711477,雙鴻統一6C購01,0,0,0,0.0,0.0,0.0,0,0,0,"-90,000",0,0,0,0,"90,000","-90,000","-90,000"
711479,中美晶富邦61購04,0,0,0,0.0,0.0,0.0,0,0,0,"5,000",0,0,0,"5,000",0,"5,000","5,000"
711480,台特化富邦61購01,0,0,0,0.0,0.0,0.0,0,0,0,"-100,000",0,0,0,0,"100,000","-100,000","-100,000"
711482,宜鼎群益61購04,0,0,0,0.0,0.0,0.0,0,0,0,"-95,000",0,0,0,"7,000","102,000","-95,000","-95,000"
711484,世界台新61購02,0,0,0,0.0,0.0,0.0,0,0,0,"223,000",0,0,0,"228,000","5,000","223,000","223,000"
711485,台嘉碩台新61購03,0,0,0,0.0,0.0,0.0,0,0,0,"62,000",0,0,0,"80,000","18,000","62,000","62,000"
711486,巨漢台新61購03,0,0,0,0.0,0.0,0.0,0,0,0,"490,000",0,0,0,"490,000",0,"490,000","490,000"
711487,良維台新61購02,0,0,0,0.0,0.0,0.0,0,0,0,"55,000",0,0,0,"55,000",0,"55,000","55,000"
711488,亞電台新61購01,0,0,0,0.0,0.0,0.0,0,0,0,"-201,000",0,0,0,"35,000","236,000","-201,000","-201,000"
711489,長科*台新61購01,"11,000",0,"11,000",0.0,0.0,0.0,0,0,0,"-6,000",0,0,0,"40,000","46,000","-6,000","5,000"
711490,千附精群益61購03,0,0,0,0.0,0.0,0.0,0,0,0,"33,000",0,0,0,"33,000",0,"33,000","33,000"
711491,亞電群益61購01,0,0,0,0.0,0.0,0.0,0,0,0,"-162,000",0,0,0,"46,000","208,000","-162,000","-162,000"
711492,亞電群益61購02,0,0,0,0.0,0.0,0.0,0,0,0,"-23,000",0,0,0,0,"23,000","-23,000","-23,000"
711493,亞電群益61購03,0,0,0,0.0,0.0,0.0,0,0,0,"-30,000",0,0,0,0,"30,000","-30,000","-30,000"
711497,系統電凱基61購02,0,0,0,0.0,0.0,0.0,0,0,0,"-2,000",0,0,0,"6,000","8,000","-2,000","-2,000"
711498,宜鼎凱基61購05,0,"1,000","-1,000",0.0,0.0,0.0,0,0,0,"1,000",0,0,0,"1,000",0,"1,000",0
711500,長科*凱基61購01,0,0,0,0.0,0.0,0.0,0,0,0,"2,000",0,0,0,"13,000","11,000","2,000","2,000"
711501,威剛凱基61購05,0,0,0,0.0,0.0,0.0,0,0,0,"10,000",0,0,0,"10,000",0,"10,000","10,000"
711504,智通*凱基61購04,0,0,0,0.0,0.0,0.0,0,0,0,"-699,000",0,0,0,0,"699,000","-699,000","-699,000"
711505,順達凱基61購05,0,0,0,0.0,0.0,0.0,0,0,0,"-28,000",0,0,0,0,"28,000","-28,000","-28,000"
711506,群聯凱基61購11,0,0,0,0.0,0.0,0.0,0,0,0,"-12,000",0,0,0,"1,000","13,000","-12,000","-12,000"
711507,頎邦凱基61購04,0,0,0,0.0,0.0,0.0,0,0,0,"70,000",0,0,0,"103,000","33,000","70,000","70,000"
711509,千附精元大61購02,0,0,0,0.0,0.0,0.0,0,0,0,"186,000",0,0,0,"186,000",0,"186,000","186,000"
711511,亞電元大61購01,0,0,0,0.0,0.0,0.0,0,0,0,"9,000",0,0,0,"15,000","6,000","9,000","9,000"
711512,群聯元大61購18,0,0,0,0.0,0.0,0.0,0,0,0,"-12,000",0,0,0,"22,000","34,000","-12,000","-12,000"
711515,亞電統一69購01,0,0,0,0.0,0.0,0.0,0,0,0,"382,000",0,0,0,"542,000","160,000","382,000","382,000"
711516,宜鼎統一64購05,0,0,0,0.0,0.0,0.0,0,0,0,"864,000",0,0,0,"864,000",0,"864,000","864,000"
711517,倉和統一65購01,0,0,0,0.0,0.0,0.0,0,0,0,"249,000",0,0,0,"249,000",0,"249,000","249,000"
711518,方土昶永豐61購01,0,0,0,0.0,0.0,0.0,0,0,0,"-300,000",0,0,0,0,"300,000","-300,000","-300,000"
711524,世界國泰62購04,0,"4,000","-4,000",0.0,0.0,0.0,0,0,0,"68,000",0,0,0,"80,000","12,000","68,000","64,000"
711526,亞電國泰62購01,0,0,0,0.0,0.0,0.0,0,0,0,"20,000",0,0,0,"26,000","6,000","20,000","20,000"
711527,朋程國泰63購01,0,0,0,0.0,0.0,0.0,0,0,0,"-31,000",0,0,0,"9,000","40,000","-31,000","-31,000"
711528,漢科國泰62購01,0,0,0,0.0,0.0,0.0,0,0,0,"-10,000",0,0,0,0,"10,000","-10,000","-10,000"
711529,千附精富邦61購01,0,0,0,0.0,0.0,0.0,0,0,0,"150,000",0,0,0,"150,000",0,"150,000","150,000"
711531,宜特富邦63購02,0,0,0,0.0,0.0,0.0,0,0,0,"-17,000",0,0,0,"38,000","55,000","-17,000","-17,000"
711532,宜鼎富邦61購05,0,0,0,0.0,0.0,0.0,0,0,0,"-2,000",0,0,0,"148,000","150,000","-2,000","-2,000"
711533,朋程富邦63購04,0,0,0,0.0,0.0,0.0,0,0,0,"-68,000",0,0,0,"165,000","233,000","-68,000","-68,000"
711534,欣銓富邦61購02,0,0,0,0.0,0.0,0.0,0,0,0,"-5,000",0,0,0,"89,000","94,000","-5,000","-5,000"
711535,長科*富邦62購02,0,0,0,0.0,0.0,0.0,0,0,0,"10,000",0,0,0,"30,000","20,000","10,000","10,000"
711536,富喬富邦61購03,0,0,0,0.0,0.0,0.0,0,0,0,"25,000",0,0,0,"25,000",0,"25,000","25,000"
711537,智通*富邦63購01,0,0,0,0.0,0.0,0.0,0,0,0,"-995,000",0,0,0,0,"995,000","-995,000","-995,000"
711542,譜瑞富邦63購02,0,0,0,0.0,0.0,0.0,0,0,0,"317,000",0,0,0,"317,000",0,"317,000","317,000"
711545,禾瑞亞國票61購01,0,0,0,0.0,0.0,0.0,0,0,0,"35,000",0,0,0,"40,000","5,000","35,000","35,000"
711548,榮田國票61購01,0,0,0,0.0,0.0,0.0,0,0,0,"-2,000",0,0,0,0,"2,000","-2,000","-2,000"
711550,群聯群益61購09,0,0,0,0.0,0.0,0.0,0,0,0,"-225,000",0,0,0,0,"225,000","-225,000","-225,000"
711551,千附精國票64購01,0,0,0,0.0,0.0,0.0,0,0,0,"40,000",0,0,0,"45,000","5,000","40,000","40,000"
711552,立碁國票65購01,0,0,0,0.0,0.0,0.0,0,0,0,"15,000",0,0,0,"38,000","23,000","15,000","15,000"
711553,亞電國票63購01,0,0,0,0.0,0.0,0.0,0,0,0,"-16,000",0,0,0,0,"16,000","-16,000","-16,000"
711554,亞電國票64購01,0,0,0,0.0,0.0,0.0,0,0,0,"-25,000",0,0,0,0,"25,000","-25,000","-25,000"
711557,長科*國票64購01,0,0,0,0.0,0.0,0.0,0,0,0,"-100,000",0,0,0,0,"100,000","-100,000","-100,000"
711558,頎邦國票66購01,0,0,0,0.0,0.0,0.0,0,0,0,"488,000",0,0,0,"513,000","25,000","488,000","488,000"
711562,亞電台新61購02,0,0,0,0.0,0.0,0.0,0,0,0,"-18,000",0,0,0,"4,000","22,000","-18,000","-18,000"
711563,亞電台新61購03,0,0,0,0.0,0.0,0.0,0,0,0,"-25,000",0,0,0,"1,000","26,000","-25,000","-25,000"
711566,千附精凱基61購04,0,0,0,0.0,0.0,0.0,0,0,0,"11,000",0,0,0,"37,000","26,000","11,000","11,000"
711568,亞電凱基61購01,0,0,0,0.0,0.0,0.0,0,0,0,"1,000",0,0,0,"31,000","30,000","1,000","1,000"
711573,群聯永豐67購03,0,0,0,0.0,0.0,0.0,0,0,0,"-484,000",0,0,0,"38,000","522,000","-484,000","-484,000"
711575,元太元大66購04,0,0,0,0.0,0.0,0.0,0,0,0,"3,000",0,0,0,"54,000","51,000","3,000","3,000"
711578,晟田元大61購03,0,0,0,0.0,0.0,0.0,0,0,0,"22,000",0,0,0,"22,000",0,"22,000","22,000"
711579,博智元大61購01,0,0,0,0.0,0.0,0.0,0,0,0,0,0,0,0,"2,000","2,000",0,0
711580,群聯元大61購19,0,0,0,0.0,0.0,0.0,0,0,0,"-250,000",0,0,0,0,"250,000","-250,000","-250,000"
711581,群聯元大63購05,0,0,0,0.0,0.0,0.0,0,0,0,"-146,000",0,0,0,0,"146,000","-146,000","-146,000"
711582,聖暉*元大61購03,0,0,0,0.0,0.0,0.0,0,0,0,"1,247,000",0,0,0,"1,490,000","243,000","1,247,000","1,247,000"
711586,千附精國泰62購02,0,0,0,0.0,0.0,0.0,0,0,0,"67,000",0,0,0,"67,000",0,"67,000","67,000"
711591,群聯國泰62購06,0,0,0,0.0,0.0,0.0,0,0,0,"-197,000",0,0,0,0,"197,000","-197,000","-197,000"
711593,禾瑞亞統一67購01,0,0,0,0.0,0.0,0.0,0,0,0,"-21,000",0,0,0,0,"21,000","-21,000","-21,000"
711594,長科*統一6C購01,0,0,0,0.0,0.0,0.0,0,0,0,"2,000",0,0,0,"2,000",0,"2,000","2,000"
711596,M31富邦63購02,0,0,0,0.0,0.0,0.0,0,0,0,"20,000",0,0,0,"20,000",0,"20,000","20,000"
711597,久元富邦62購02,0,0,0,0.0,0.0,0.0,0,0,0,"50,000",0,0,0,"50,000",0,"50,000","50,000"
711599,宏捷科富邦63購01,0,0,0,0.0,0.0,0.0,0,0,0,"446,000",0,0,0,"536,000","90,000","446,000","446,000"
711600,威剛富邦61購01,0,0,0,0.0,0.0,0.0,0,0,0,"63,000",0,0,0,"63,000",0,"63,000","63,000"
711601,茂達富邦63購03,0,0,0,0.0,0.0,0.0,0,0,0,"-10,000",0,0,0,0,"10,000","-10,000","-10,000"
711602,頎邦富邦62購01,0,0,0,0.0,0.0,0.0,0,0,0,"157,000",0,0,0,"157,000",0,"157,000","157,000"
711603,頎邦富邦63購02,0,0,0,0.0,0.0,0.0,0,0,0,"151,000",0,0,0,"171,000","20,000","151,000","151,000"
711606,由田凱基61購01,0,0,0,0.0,0.0,0.0,0,0,0,"50,000",0,0,0,"50,000",0,"50,000","50,000"
711607,宜鼎凱基65購01,0,0,0,0.0,0.0,0.0,0,0,0,"-254,000",0,0,0,0,"254,000","-254,000","-254,000"
711609,青雲凱基61購02,0,0,0,0.0,0.0,0.0,0,0,0,"-2,000",0,0,0,"1,000","3,000","-2,000","-2,000"
711611,博智凱基63購02,0,0,0,0.0,0.0,0.0,0,0,0,"12,000",0,0,0,"13,000","1,000","12,000","12,000"
711612,雙鴻凱基61購08,0,0,0,0.0,0.0,0.0,0,0,0,"-15,000",0,0,0,"20,000","35,000","-15,000","-15,000"
711613,世界台新61購03,0,0,0,0.0,0.0,0.0,0,0,0,0,0,0,0,"4,000","4,000",0,0
711614,台嘉碩台新61購04,0,0,0,0.0,0.0,0.0,0,0,0,"28,000",0,0,0,"28,000",0,"28,000","28,000"
711616,家登台新61購02,0,0,0,0.0,0.0,0.0,0,0,0,"-5,000",0,0,0,0,"5,000","-5,000","-5,000"
711618,千附精元大61購03,0,0,0,0.0,0.0,0.0,0,0,0,"499,000",0,0,0,"499,000",0,"499,000","499,000"
711619,元太元大66購05,0,0,0,0.0,0.0,0.0,0,0,0,"-11,000",0,0,0,0,"11,000","-11,000","-11,000"
711620,世禾元大61購01,0,0,0,0.0,0.0,0.0,0,0,0,"526,000",0,0,0,"576,000","50,000","526,000","526,000"
711621,世界元大61購02,0,0,0,0.0,0.0,0.0,0,0,0,"4,000",0,0,0,"4,000",0,"4,000","4,000"
711622,世界元大63購06,0,0,0,0.0,0.0,0.0,0,0,0,"1,000",0,0,0,"24,000","23,000","1,000","1,000"
711623,艾訊元大61購01,0,0,0,0.0,0.0,0.0,0,0,0,"200,000",0,0,0,"200,000",0,"200,000","200,000"
711624,欣銓元大67購02,0,0,0,0.0,0.0,0.0,0,0,0,"24,000",0,0,0,"313,000","289,000","24,000","24,000"
711625,原相元大61購04,0,0,0,0.0,0.0,0.0,0,0,0,"-470,000",0,0,0,0,"470,000","-470,000","-470,000"
711626,家登元大61購06,0,0,0,0.0,0.0,0.0,0,0,0,"32,000",0,0,0,"32,000",0,"32,000","32,000"
711627,家登元大65購01,0,0,0,0.0,0.0,0.0,0,0,0,"73,000",0,0,0,"110,000","37,000","73,000","73,000"
711629,臺慶科元大61購06,0,0,0,0.0,0.0,0.0,0,0,0,"9,000",0,0,0,"12,000","3,000","9,000","9,000"
711631,由田群益61購01,0,0,0,0.0,0.0,0.0,0,0,0,"-19,000",0,0,0,"16,000","35,000","-19,000","-19,000"
711633,群聯群益65購01,0,0,0,0.0,0.0,0.0,0,0,0,"-150,000",0,0,0,"51,000","201,000","-150,000","-150,000"
711634,頎邦群益61購03,0,0,0,0.0,0.0,0.0,0,0,0,"10,000",0,0,0,"11,000","1,000","10,000","10,000"
711636,由田國票61購01,0,0,0,0.0,0.0,0.0,0,0,0,"18,000",0,0,0,"18,000",0,"18,000","18,000"
711642,神準國票65購01,0,0,0,0.0,0.0,0.0,0,0,0,"-40,000",0,0,0,0,"40,000","-40,000","-40,000"
711643,創惟國票65購01,0,0,0,0.0,0.0,0.0,0,0,0,"-100,000",0,0,0,0,"100,000","-100,000","-100,000"
711644,鈊象國票63購01,0,0,0,0.0,0.0,0.0,0,0,0,"-53,000",0,0,0,"85,000","138,000","-53,000","-53,000"
711645,精確國票65購01,0,0,0,0.0,0.0,0.0,0,0,0,"-50,000",0,0,0,"20,000","70,000","-50,000","-50,000"
711654,由田統一67購01,0,0,0,0.0,0.0,0.0,0,0,0,"29,000",0,0,0,"29,000",0,"29,000","29,000"
711655,由田統一6C購01,0,0,0,0.0,0.0,0.0,0,0,0,"-30,000",0,0,0,0,"30,000","-30,000","-30,000"
711661,天品永豐64購01,0,0,0,0.0,0.0,0.0,0,0,0,"235,000",0,0,0,"367,000","132,000","235,000","235,000"
711664,禾瑞亞永豐61購01,0,0,0,0.0,0.0,0.0,0,0,0,"-70,000",0,0,0,0,"70,000","-70,000","-70,000"
711670,原相永豐61購04,0,0,0,0.0,0.0,0.0,0,0,0,"-103,000",0,0,0,0,"103,000","-103,000","-103,000"
711672,振曜永豐64購01,0,0,0,0.0,0.0,0.0,0,0,0,"5,000",0,0,0,"5,000",0,"5,000","5,000"
711674,博智永豐61購03,0,0,0,0.0,0.0,0.0,0,0,0,"17,000",0,0,0,"17,000",0,"17,000","17,000"
711675,順達永豐61購03,0,0,0,0.0,0.0,0.0,0,0,0,"-70,000",0,0,0,0,"70,000","-70,000","-70,000"
711677,聖暉*永豐61購02,0,0,0,0.0,0.0,0.0,0,0,0,"-9,000",0,0,0,"80,000","89,000","-9,000","-9,000"
711679,系微台新61購01,0,0,0,0.0,0.0,0.0,0,0,0,"-40,000",0,0,0,"40,000","80,000","-40,000","-40,000"
711680,高技台新61購01,0,0,0,0.0,0.0,0.0,0,0,0,"94,000",0,0,0,"98,000","4,000","94,000","94,000"
711681,高技台新61購02,0,0,0,0.0,0.0,0.0,0,0,0,"-68,000",0,0,0,"604,000","672,000","-68,000","-68,000"
711682,博智台新61購01,0,0,0,0.0,0.0,0.0,0,0,0,"36,000",0,0,0,"36,000",0,"36,000","36,000"
711683,群聯台新61購05,0,0,0,0.0,0.0,0.0,0,0,0,0,0,0,0,"10,000","10,000",0,0
711687,世界凱基61購04,0,0,0,0.0,0.0,0.0,0,0,0,0,0,0,0,"10,000","10,000",0,0
711689,宜鼎凱基65購02,0,0,0,0.0,0.0,0.0,0,0,0,"-3,000",0,0,0,0,"3,000","-3,000","-3,000"
711690,翔名凱基61購03,0,0,0,0.0,0.0,0.0,0,0,0,"128,000",0,0,0,"128,000",0,"128,000","128,000"
711693,世界元大61購03,0,0,0,0.0,0.0,0.0,0,0,0,"-4,000",0,0,0,0,"4,000","-4,000","-4,000"
711694,世界元大61購04,0,0,0,0.0,0.0,0.0,0,0,0,"-207,000",0,0,0,0,"207,000","-207,000","-207,000"
711695,世界元大63購07,0,0,0,0.0,0.0,0.0,0,0,0,"-122,000",0,0,0,"5,000","127,000","-122,000","-122,000"
711696,欣銓元大67購03,0,0,0,0.0,0.0,0.0,0,0,0,"-116,000",0,0,0,"250,000","366,000","-116,000","-116,000"
711698,家登元大61購07,0,0,0,0.0,0.0,0.0,0,0,0,"15,000",0,0,0,"15,000",0,"15,000","15,000"
711700,家登元大65購02,0,0,0,0.0,0.0,0.0,0,0,0,"-10,000",0,0,0,0,"10,000","-10,000","-10,000"
711701,高技元大61購01,0,0,0,0.0,0.0,0.0,0,0,0,"-133,000",0,0,0,"1,000","134,000","-133,000","-133,000"
711702,博智元大61購02,0,0,0,0.0,0.0,0.0,0,0,0,"37,000",0,0,0,"39,000","2,000","37,000","37,000"
711703,群聯元大64購09,0,0,0,0.0,0.0,0.0,0,0,0,"-5,000",0,0,0,0,"5,000","-5,000","-5,000"
711704,頎邦元大61購05,0,0,0,0.0,0.0,0.0,0,0,0,"10,000",0,0,0,"10,000",0,"10,000","10,000"
711707,宏捷科國票64購01,0,0,0,0.0,0.0,0.0,0,0,0,"-13,000",0,0,0,0,"13,000","-13,000","-13,000"
711709,高技國票65購01,0,0,0,0.0,0.0,0.0,0,0,0,"-100,000",0,0,0,0,"100,000","-100,000","-100,000"
711710,世界群益61購06,0,0,0,0.0,0.0,0.0,0,0,0,"56,000",0,0,0,"56,000",0,"56,000","56,000"
711711,欣銓群益61購02,0,0,0,0.0,0.0,0.0,0,0,0,"-121,000",0,0,0,"597,000","718,000","-121,000","-121,000"
711712,威剛群益63購01,0,0,0,0.0,0.0,0.0,0,0,0,"-2,255,000",0,0,0,0,"2,255,000","-2,255,000","-2,255,000"
711713,高技群益61購01,0,0,0,0.0,0.0,0.0,0,0,0,"382,000",0,0,0,"445,000","63,000","382,000","382,000"
711715,群聯群益65購02,0,0,0,0.0,0.0,0.0,0,0,0,"-60,000",0,0,0,"25,000","85,000","-60,000","-60,000"
711716,頎邦群益61購04,0,0,0,0.0,0.0,0.0,0,0,0,"8,000",0,0,0,"80,000","72,000","8,000","8,000"
711718,營邦群益61購01,0,0,0,0.0,0.0,0.0,0,0,0,"-61,000",0,0,0,"195,000","256,000","-61,000","-61,000"
711725,由田永豐61購01,0,0,0,0.0,0.0,0.0,0,0,0,"100,000",0,0,0,"100,000",0,"100,000","100,000"
711727,原相永豐61購05,0,0,0,0.0,0.0,0.0,0,0,0,"-57,000",0,0,0,0,"57,000","-57,000","-57,000"
711730,群翊永豐61購02,0,0,0,0.0,0.0,0.0,0,0,0,"167,000",0,0,0,"167,000",0,"167,000","167,000"
711731,群聯永豐67購04,0,0,0,0.0,0.0,0.0,0,0,0,"10,000",0,0,0,"10,000",0,"10,000","10,000"
711733,臺慶科永豐61購01,0,0,0,0.0,0.0,0.0,0,0,0,"-31,000",0,0,0,"70,000","101,000","-31,000","-31,000"
711737,由田統一65購01,0,0,0,0.0,0.0,0.0,0,0,0,"-69,000",0,0,0,"12,000","81,000","-69,000","-69,000"
711738,宏捷科統一65購01,0,0,0,0.0,0.0,0.0,0,0,0,"-181,000",0,0,0,"457,000","638,000","-181,000","-181,000"
711741,高技統一67購01,0,0,0,0.0,0.0,0.0,0,0,0,0,0,0,0,"23,000","23,000",0,0
711742,高技統一69購01,0,0,0,0.0,0.0,0.0,0,0,0,"-23,000",0,0,0,0,"23,000","-23,000","-23,000"
711743,高技統一6C購01,0,0,0,0.0,0.0,0.0,0,0,0,"-10,000",0,0,0,0,"10,000","-10,000","-10,000"
711744,博智統一65購02,0,0,0,0.0,0.0,0.0,0,0,0,"-10,000",0,0,0,0,"10,000","-10,000","-10,000"
711745,聖暉*統一65購04,0,0,0,0.0,0.0,0.0,0,0,0,"-34,000",0,0,0,"106,000","140,000","-34,000","-34,000"
711746,家登台新61購03,0,0,0,0.0,0.0,0.0,0,0,0,"80,000",0,0,0,"80,000",0,"80,000","80,000"
711747,敘豐台新61購01,0,0,0,0.0,0.0,0.0,0,0,0,"20,000",0,0,0,"20,000",0,"20,000","20,000"
711749,群聯台新61購08,0,0,0,0.0,0.0,0.0,0,0,0,"-5,000",0,0,0,"20,000","25,000","-5,000","-5,000"
711750,群聯台新63購01,0,0,0,0.0,0.0,0.0,0,0,0,"5,000",0,0,0,"5,000",0,"5,000","5,000"
711751,群聯台新64購01,0,0,0,0.0,0.0,0.0,0,0,0,"-10,000",0,0,0,0,"10,000","-10,000","-10,000"
711757,家登凱基61購04,0,0,0,0.0,0.0,0.0,0,0,0,"10,000",0,0,0,"10,000",0,"10,000","10,000"
711758,高技凱基61購01,0,0,0,0.0,0.0,0.0,0,0,0,"-151,000",0,0,0,"131,000","282,000","-151,000","-151,000"
711759,博智凱基61購02,0,0,0,0.0,0.0,0.0,0,0,0,"53,000",0,0,0,"63,000","10,000","53,000","53,000"
711760,群聯凱基61購12,0,0,0,0.0,0.0,0.0,0,0,0,"-80,000",0,0,0,0,"80,000","-80,000","-80,000"
711765,好德國票61購01,0,0,0,0.0,0.0,0.0,0,0,0,"-9,000",0,0,0,"22,000","31,000","-9,000","-9,000"
711767,振發國票65購01,0,0,0,0.0,0.0,0.0,0,0,0,"-10,000",0,0,0,0,"10,000","-10,000","-10,000"
711769,富喬國票63購01,0,0,0,0.0,0.0,0.0,0,0,0,"2,000",0,0,0,"2,000",0,"2,000","2,000"
711770,達航國票65購01,0,0,0,0.0,0.0,0.0,0,0,0,"-50,000",0,0,0,0,"50,000","-50,000","-50,000"
711771,蜜望實國票61購01,0,0,0,0.0,0.0,0.0,0,0,0,"-32,000",0,0,0,0,"32,000","-32,000","-32,000"
711772,世禾群益61購01,0,0,0,0.0,0.0,0.0,0,0,0,"-61,000",0,0,0,"149,000","210,000","-61,000","-61,000"
711774,東浦群益61購03,0,0,0,0.0,0.0,0.0,0,0,0,"210,000",0,0,0,"210,000",0,"210,000","210,000"
711775,家登群益63購03,0,0,0,0.0,0.0,0.0,0,0,0,"287,000",0,0,0,"292,000","5,000","287,000","287,000"
711776,神準群益61購01,0,0,0,0.0,0.0,0.0,0,0,0,"45,000",0,0,0,"50,000","5,000","45,000","45,000"
711777,博士旺群益61購01,0,0,0,0.0,0.0,0.0,0,0,0,"-230,000",0,0,0,0,"230,000","-230,000","-230,000"
711778,臺慶科群益61購02,0,0,0,0.0,0.0,0.0,0,0,0,"97,000",0,0,0,"259,000","162,000","97,000","97,000"
711779,蜜望實群益61購01,0,0,0,0.0,0.0,0.0,0,0,0,"161,000",0,0,0,"162,000","1,000","161,000","161,000"
711783,立碁元大61購01,0,0,0,0.0,0.0,0.0,0,0,0,"-109,000",0,0,0,"61,000","170,000","-109,000","-109,000"
711784,艾訊元大61購02,0,0,0,0.0,0.0,0.0,0,0,0,"496,000",0,0,0,"496,000",0,"496,000","496,000"
711786,博智元大61購03,0,0,0,0.0,0.0,0.0,0,0,0,0,0,0,0,"2,000","2,000",0,0
711787,群聯元大64購10,0,0,0,0.0,0.0,0.0,0,0,0,"3,000",0,0,0,"3,000",0,"3,000","3,000"
711788,頎邦元大64購01,0,0,0,0.0,0.0,0.0,0,0,0,"-11,000",0,0,0,0,"11,000","-11,000","-11,000"
711789,蜜望實元大61購01,0,0,0,0.0,0.0,0.0,0,0,0,"-386,000",0,0,0,"173,000","559,000","-386,000","-386,000"
711792,大學光永豐61購01,0,0,0,0.0,0.0,0.0,0,0,0,"-20,000",0,0,0,0,"20,000","-20,000","-20,000"
711793,立碁永豐61購02,0,0,0,0.0,0.0,0.0,0,0,0,"16,000",0,0,0,"16,000",0,"16,000","16,000"
711794,全宇昕永豐61購02,0,0,0,0.0,0.0,0.0,0,0,0,"31,000",0,0,0,"56,000","25,000","31,000","31,000"
711795,伯特光永豐61購01,0,0,0,0.0,0.0,0.0,0,0,0,"-120,000",0,0,0,0,"120,000","-120,000","-120,000"
711796,宏碁資永豐61購01,0,0,0,0.0,0.0,0.0,0,0,0,"-150,000",0,0,0,0,"150,000","-150,000","-150,000"
711800,高技永豐61購01,0,0,0,0.0,0.0,0.0,0,0,0,"-97,000",0,0,0,0,"97,000","-97,000","-97,000"
711801,高技永豐61購02,0,0,0,0.0,0.0,0.0,0,0,0,"-24,000",0,0,0,0,"24,000","-24,000","-24,000"
711802,高技永豐63購01,0,0,0,0.0,0.0,0.0,0,0,0,"-40,000",0,0,0,0,"40,000","-40,000","-40,000"
711803,高技永豐67購01,0,0,0,0.0,0.0,0.0,0,0,0,"157,000",0,0,0,"177,000","20,000","157,000","157,000"
711804,高鋒永豐61購01,0,0,0,0.0,0.0,0.0,0,0,0,"-10,000",0,0,0,0,"10,000","-10,000","-10,000"
711805,凱崴永豐61購02,0,0,0,0.0,0.0,0.0,0,0,0,"-55,000",0,0,0,0,"55,000","-55,000","-55,000"
711809,聖暉*永豐64購02,0,0,0,0.0,0.0,0.0,0,0,0,"16,000",0,0,0,"74,000","58,000","16,000","16,000"
711811,蜜望實永豐61購02,0,0,0,0.0,0.0,0.0,0,0,0,"-62,000",0,0,0,"8,000","70,000","-62,000","-62,000"
711812,蜜望實永豐61購03,0,0,0,0.0,0.0,0.0,0,0,0,"18,000",0,0,0,"106,000","88,000","18,000","18,000"
711813,艾訊國泰63購01,0,0,0,0.0,0.0,0.0,0,0,0,"10,000",0,0,0,"10,000",0,"10,000","10,000"
711815,頎邦國泰63購01,0,0,0,0.0,0.0,0.0,0,0,0,"90,000",0,0,0,"90,000",0,"90,000","90,000"
711816,頎邦國泰63購02,0,0,0,0.0,0.0,0.0,0,0,0,"13,000",0,0,0,"23,000","10,000","13,000","13,000"
711817,巨漢富邦63購01,0,0,0,0.0,0.0,0.0,0,0,0,"100,000",0,0,0,"100,000",0,"100,000","100,000"
711818,安勤富邦63購01,0,0,0,0.0,0.0,0.0,0,0,0,"129,000",0,0,0,"154,000","25,000","129,000","129,000"
711819,宜鼎富邦67購01,0,0,0,0.0,0.0,0.0,0,0,0,"74,000",0,0,0,"74,000",0,"74,000","74,000"
711821,蜜望實富邦63購01,0,0,0,0.0,0.0,0.0,0,0,0,"-269,000",0,0,0,"437,000","706,000","-269,000","-269,000"
711822,艾訊統一6C購01,"4,000",0,"4,000",0.0,0.0,0.0,0,0,0,"-4,000",0,0,0,0,"4,000","-4,000",0
711826,蜜望實統一65購01,0,0,0,0.0,0.0,0.0,0,0,0,"39,000",0,0,0,"91,000","52,000","39,000","39,000"
711827,蜜望實統一6B購01,0,0,0,0.0,0.0,0.0,0,0,0,"-60,000",0,0,0,0,"60,000","-60,000","-60,000"
711828,蜜望實統一6C購01,0,0,0,0.0,0.0,0.0,0,0,0,"5,000",0,0,0,"5,000",0,"5,000","5,000"
711829,泓格群益61購02,0,0,0,0.0,0.0,0.0,0,0,0,"25,000",0,0,0,"25,000",0,"25,000","25,000"
711833,天品國票63購01,0,0,0,0.0,0.0,0.0,0,0,0,"-13,000",0,0,0,"46,000","59,000","-13,000","-13,000"
711834,方土昶國票65購01,0,0,0,0.0,0.0,0.0,0,0,0,"4,000",0,0,0,"10,000","6,000","4,000","4,000"
711835,宏碁資國票65購01,0,0,0,0.0,0.0,0.0,0,0,0,"-103,000",0,0,0,"6,000","109,000","-103,000","-103,000"
711837,智通*國票61購03,0,0,0,0.0,0.0,0.0,0,0,0,"-499,000",0,0,0,0,"499,000","-499,000","-499,000"
711838,雙鴻國票66購01,0,0,0,0.0,0.0,0.0,0,0,0,"-10,000",0,0,0,0,"10,000","-10,000","-10,000"
711839,穩得國票61購01,0,0,0,0.0,0.0,0.0,0,0,0,"66,000",0,0,0,"66,000",0,"66,000","66,000"
711842,中美晶永豐64購03,0,0,0,0.0,0.0,0.0,0,0,0,"11,000",0,0,0,"11,000",0,"11,000","11,000"
711844,安勤永豐61購01,0,0,0,0.0,0.0,0.0,0,0,0,"188,000",0,0,0,"188,000",0,"188,000","188,000"
711845,岱稜永豐61購01,0,0,0,0.0,0.0,0.0,0,0,0,"40,000",0,0,0,"40,000",0,"40,000","40,000"
711846,東洋永豐61購01,0,0,0,0.0,0.0,0.0,0,0,0,"-88,000",0,0,0,"15,000","103,000","-88,000","-88,000"
711849,頎邦永豐63購01,0,0,0,0.0,0.0,0.0,0,0,0,"134,000",0,0,0,"134,000",0,"134,000","134,000"
711852,中美晶元大63購04,0,0,0,0.0,0.0,0.0,0,0,0,"696,000",0,0,0,"813,000","117,000","696,000","696,000"
711853,中美晶元大67購01,0,0,0,0.0,0.0,0.0,0,0,0,"-11,000",0,0,0,"9,000","20,000","-11,000","-11,000"
711854,安勤元大61購01,0,0,0,0.0,0.0,0.0,0,0,0,"-994,000",0,0,0,0,"994,000","-994,000","-994,000"
711855,艾訊元大61購03,0,0,0,0.0,0.0,0.0,0,0,0,"311,000",0,0,0,"311,000",0,"311,000","311,000"
711856,欣銓元大65購01,0,0,0,0.0,0.0,0.0,0,0,0,"-77,000",0,0,0,"366,000","443,000","-77,000","-77,000"
711857,泓格元大67購01,0,0,0,0.0,0.0,0.0,0,0,0,"-55,000",0,0,0,0,"55,000","-55,000","-55,000"
711858,晟田元大61購04,0,0,0,0.0,0.0,0.0,0,0,0,"-238,000",0,0,0,0,"238,000","-238,000","-238,000"
711859,順達元大63購02,0,0,0,0.0,0.0,0.0,0,0,0,"-66,000",0,0,0,0,"66,000","-66,000","-66,000"
711860,群聯元大64購11,0,0,0,0.0,0.0,0.0,0,0,0,"-320,000",0,0,0,0,"320,000","-320,000","-320,000"
711861,廣積元大61購01,0,0,0,0.0,0.0,0.0,0,0,0,"-30,000",0,0,0,0,"30,000","-30,000","-30,000"
711864,雙鴻元大63購04,0,0,0,0.0,0.0,0.0,0,0,0,"207,000",0,0,0,"1,102,000","895,000","207,000","207,000"
711866,智通*台新61購01,0,0,0,0.0,0.0,0.0,0,0,0,"-12,000",0,0,0,0,"12,000","-12,000","-12,000"
711869,蜜望實台新61購01,0,0,0,0.0,0.0,0.0,0,0,0,"-11,000",0,0,0,"209,000","220,000","-11,000","-11,000"
711870,廣積台新61購01,0,0,0,0.0,0.0,0.0,0,0,0,"67,000",0,0,0,"67,000",0,"67,000","67,000"
711871,中美晶凱基61購11,0,0,0,0.0,0.0,0.0,0,0,0,"68,000",0,0,0,"78,000","10,000","68,000","68,000"
711872,中美晶凱基63購02,0,0,0,0.0,0.0,0.0,0,0,0,"-16,000",0,0,0,"68,000","84,000","-16,000","-16,000"
711873,元太凱基66購01,0,0,0,0.0,0.0,0.0,0,0,0,"-10,000",0,0,0,0,"10,000","-10,000","-10,000"
711874,立碁凱基61購01,0,0,0,0.0,0.0,0.0,0,0,0,"-24,000",0,0,0,"6,000","30,000","-24,000","-24,000"
711879,蜜望實凱基61購01,0,0,0,0.0,0.0,0.0,0,0,0,"-249,000",0,0,0,0,"249,000","-249,000","-249,000"
711880,營邦凱基61購04,0,0,0,0.0,0.0,0.0,0,0,0,"710,000",0,0,0,"710,000",0,"710,000","710,000"
711881,雙鴻凱基63購04,0,0,0,0.0,0.0,0.0,0,0,0,"-6,000",0,0,0,0,"6,000","-6,000","-6,000"
711883,立碁國泰63購01,0,0,0,0.0,0.0,0.0,0,0,0,"200,000",0,0,0,"200,000",0,"200,000","200,000"
711885,富喬國泰63購01,0,0,0,0.0,0.0,0.0,0,0,0,"8,000",0,0,0,"8,000",0,"8,000","8,000"
711887,智通*國泰63購01,0,0,0,0.0,0.0,0.0,0,0,0,"-31,000",0,0,0,0,"31,000","-31,000","-31,000"
711889,中美晶富邦63購02,0,0,0,0.0,0.0,0.0,0,0,0,"219,000",0,0,0,"371,000","152,000","219,000","219,000"
711890,中美晶富邦67購01,0,0,0,0.0,0.0,0.0,0,0,0,"37,000",0,0,0,"217,000","180,000","37,000","37,000"
711891,中美晶富邦77購01,0,0,0,0.0,0.0,0.0,0,0,0,"85,000",0,0,0,"85,000",0,"85,000","85,000"
711892,世界富邦61購04,0,0,0,0.0,0.0,0.0,0,0,0,"-152,000",0,0,0,0,"152,000","-152,000","-152,000"
711893,世界富邦67購01,0,0,0,0.0,0.0,0.0,0,0,0,"170,000",0,0,0,"543,000","373,000","170,000","170,000"
711894,高技富邦63購01,0,0,0,0.0,0.0,0.0,0,0,0,"-120,000",0,0,0,"273,000","393,000","-120,000","-120,000"
711896,高技統一67購02,0,0,0,0.0,0.0,0.0,0,0,0,"-1,000",0,0,0,"20,000","21,000","-1,000","-1,000"
711897,蜜望實統一67購01,0,0,0,0.0,0.0,0.0,0,0,0,"-118,000",0,0,0,"74,000","192,000","-118,000","-118,000"
711899,中美晶群益61購03,0,0,0,0.0,0.0,0.0,0,0,0,"-17,000",0,0,0,"11,000","28,000","-17,000","-17,000"
711900,元太群益61購01,0,0,0,0.0,0.0,0.0,0,0,0,"35,000",0,0,0,"245,000","210,000","35,000","35,000"
711901,高技群益61購02,0,0,0,0.0,0.0,0.0,0,0,0,"79,000",0,0,0,"236,000","157,000","79,000","79,000"
711907,立碁凱基61購02,0,0,0,0.0,0.0,0.0,0,0,0,"2,000",0,0,0,"2,000",0,"2,000","2,000"
711909,欣銓凱基65購01,0,0,0,0.0,0.0,0.0,0,0,0,"-13,000",0,0,0,"42,000","55,000","-13,000","-13,000"
711912,振發凱基61購01,0,0,0,0.0,0.0,0.0,0,0,0,"-15,000",0,0,0,0,"15,000","-15,000","-15,000"
711913,智通*凱基61購05,0,0,0,0.0,0.0,0.0,0,0,0,"-3,000",0,0,0,0,"3,000","-3,000","-3,000"
711914,順達凱基63購02,0,0,0,0.0,0.0,0.0,0,0,0,"-1,000",0,0,0,0,"1,000","-1,000","-1,000"
711916,M31台新67購01,0,0,0,0.0,0.0,0.0,0,0,0,"52,000",0,0,0,"65,000","13,000","52,000","52,000"
711918,群聯台新67購05,0,0,0,0.0,0.0,0.0,0,0,0,"-30,000",0,0,0,0,"30,000","-30,000","-30,000"
711921,中美晶元大61購10,0,0,0,0.0,0.0,0.0,0,0,0,"-113,000",0,0,0,"134,000","247,000","-113,000","-113,000"
711922,中美晶元大67購02,0,0,0,0.0,0.0,0.0,0,0,0,"62,000",0,0,0,"62,000",0,"62,000","62,000"
711923,立碁元大61購02,0,0,0,0.0,0.0,0.0,0,0,0,"-25,000",0,0,0,"26,000","51,000","-25,000","-25,000"
711924,宜鼎元大61購11,0,0,0,0.0,0.0,0.0,0,0,0,"56,000",0,0,0,"220,000","164,000","56,000","56,000"
711926,威剛元大61購07,0,0,0,0.0,0.0,0.0,0,0,0,"207,000",0,0,0,"207,000",0,"207,000","207,000"
711928,群聯元大61購21,0,0,0,0.0,0.0,0.0,0,0,0,"-172,000",0,0,0,0,"172,000","-172,000","-172,000"
711930,中美晶永豐64購04,0,0,0,0.0,0.0,0.0,0,0,0,"51,000",0,0,0,"54,000","3,000","51,000","51,000"
711932,宜鼎永豐61購05,0,0,0,0.0,0.0,0.0,0,0,0,"-6,000",0,0,0,0,"6,000","-6,000","-6,000"
711933,宜鼎永豐63購03,0,0,0,0.0,0.0,0.0,0,0,0,"26,000",0,0,0,"26,000",0,"26,000","26,000"
711936,加高國票65購01,0,0,0,0.0,0.0,0.0,0,0,0,"-4,000",0,0,0,"4,000","8,000","-4,000","-4,000"
711937,立碁國票64購01,0,0,0,0.0,0.0,0.0,0,0,0,"-23,000",0,0,0,"5,000","28,000","-23,000","-23,000"
711941,頎邦國票63購01,0,0,0,0.0,0.0,0.0,0,0,0,"-1,000",0,0,0,"30,000","31,000","-1,000","-1,000"
711944,晟田國泰63購01,0,0,0,0.0,0.0,0.0,0,0,0,"75,000",0,0,0,"75,000",0,"75,000","75,000"
711945,立碁富邦61購03,0,0,0,0.0,0.0,0.0,0,0,0,"-40,000",0,0,0,"10,000","50,000","-40,000","-40,000"
711946,威剛富邦64購02,0,0,0,0.0,0.0,0.0,0,0,0,"620,000",0,0,0,"620,000",0,"620,000","620,000"
711947,頎邦統一6A購01,0,0,0,0.0,0.0,0.0,0,0,0,"-44,000",0,0,0,"40,000","84,000","-44,000","-44,000"
711954,世界中信62購01,0,0,0,0.0,0.0,0.0,0,0,0,"217,000",0,0,0,"413,000","196,000","217,000","217,000"
711955,宜鼎永豐63購04,0,0,0,0.0,0.0,0.0,0,0,0,"57,000",0,0,0,"62,000","5,000","57,000","57,000"
711958,台嘉碩國泰63購01,0,0,0,0.0,0.0,0.0,0,0,0,"-4,000",0,0,0,"5,000","9,000","-4,000","-4,000"
711959,宜鼎國泰63購01,0,0,0,0.0,0.0,0.0,0,0,0,"1,000",0,0,0,"1,000",0,"1,000","1,000"
711960,群聯國泰65購01,0,0,0,0.0,0.0,0.0,0,0,0,"-2,000",0,0,0,0,"2,000","-2,000","-2,000"
711962,群聯富邦63購05,0,0,0,0.0,0.0,0.0,0,0,0,"-40,000",0,0,0,0,"40,000","-40,000","-40,000"
711967,M31台新62購02,0,0,0,0.0,0.0,0.0,0,0,0,"10,000",0,0,0,"10,000",0,"10,000","10,000"
711969,元太凱基65購01,0,0,0,0.0,0.0,0.0,0,0,0,"-74,000",0,0,0,0,"74,000","-74,000","-74,000"
711972,高技凱基62購01,0,0,0,0.0,0.0,0.0,0,0,0,"-25,000",0,0,0,"10,000","35,000","-25,000","-25,000"
711975,頎邦凱基63購02,0,0,0,0.0,0.0,0.0,0,0,0,0,0,0,0,"1,000","1,000",0,0
711980,M31元大65購01,0,0,0,0.0,0.0,0.0,0,0,0,"-5,000",0,0,0,0,"5,000","-5,000","-5,000"
711981,巨漢元大62購01,0,0,0,0.0,0.0,0.0,0,0,0,"-4,000",0,0,0,0,"4,000","-4,000","-4,000"
711983,威剛元大62購03,0,0,0,0.0,0.0,0.0,0,0,0,"40,000",0,0,0,"50,000","10,000","40,000","40,000"
711986,鈊象元大62購05,0,0,0,0.0,0.0,0.0,0,0,0,"-94,000",0,0,0,"41,000","135,000","-94,000","-94,000"
711988,群聯元大62購04,0,0,0,0.0,0.0,0.0,0,0,0,"-17,000",0,0,0,"3,000","20,000","-17,000","-17,000"
711989,中光電永豐63購01,0,0,0,0.0,0.0,0.0,0,0,0,"4,000",0,0,0,"4,000",0,"4,000","4,000"
711995,中美晶台新62購01,0,0,0,0.0,0.0,0.0,0,0,0,"-34,000",0,0,0,0,"34,000","-34,000","-34,000"
711996,宜鼎台新62購02,0,0,0,0.0,0.0,0.0,0,0,0,"21,000",0,0,0,"21,000",0,"21,000","21,000"
711998,威剛台新62購02,0,0,0,0.0,0.0,0.0,0,0,0,"27,000",0,0,0,"27,000",0,"27,000","27,000"
711999,倉和台新68購01,0,0,0,0.0,0.0,0.0,0,0,0,"3,000",0,0,0,"3,000",0,"3,000","3,000"
712000,臺慶科台新62購01,0,0,0,0.0,0.0,0.0,0,0,0,"21,000",0,0,0,"26,000","5,000","21,000","21,000"
712003,巨漢凱基63購01,0,0,0,0.0,0.0,0.0,0,0,0,"40,000",0,0,0,"40,000",0,"40,000","40,000"
712005,博智凱基63購03,0,0,0,0.0,0.0,0.0,0,0,0,"13,000",0,0,0,"13,000",0,"13,000","13,000"
712006,順達凱基63購03,0,0,0,0.0,0.0,0.0,0,0,0,"-10,000",0,0,0,0,"10,000","-10,000","-10,000"
712007,鈊象凱基64購03,0,0,0,0.0,0.0,0.0,0,0,0,"-28,000",0,0,0,0,"28,000","-28,000","-28,000"
712008,群聯凱基63購04,0,0,0,0.0,0.0,0.0,0,0,0,"-12,000",0,0,0,0,"12,000","-12,000","-12,000"
712012,光焱國票66購01,0,0,0,0.0,0.0,0.0,0,0,0,"-11,000",0,0,0,"23,000","34,000","-11,000","-11,000"
712013,光焱國票68購01,0,0,0,0.0,0.0,0.0,0,0,0,"15,000",0,0,0,"30,000","15,000","15,000","15,000"
712014,沛亨國票66購01,0,0,0,0.0,0.0,0.0,0,0,0,"-30,000",0,0,0,0,"30,000","-30,000","-30,000"
712015,宜鼎國票68購01,0,0,0,0.0,0.0,0.0,0,0,0,"15,000",0,0,0,"15,000",0,"15,000","15,000"
712017,臺慶科國票64購01,0,0,0,0.0,0.0,0.0,0,0,0,0,0,0,0,"2,000","2,000",0,0
712018,譜瑞國票66購01,0,0,0,0.0,0.0,0.0,0,0,0,"27,000",0,0,0,"27,000",0,"27,000","27,000"
712022,系統電元大64購01,0,0,0,0.0,0.0,0.0,0,0,0,"-37,000",0,0,0,0,"37,000","-37,000","-37,000"
712027,鈊象元大63購06,0,0,0,0.0,0.0,0.0,0,0,0,"58,000",0,0,0,"58,000",0,"58,000","58,000"
712028,鈊象元大63購07,0,0,0,0.0,0.0,0.0,0,0,0,"-65,000",0,0,0,0,"65,000","-65,000","-65,000"
712029,鈊象元大64購03,0,0,0,0.0,0.0,0.0,0,0,0,"-145,000",0,0,0,0,"145,000","-145,000","-145,000"
712031,新應材元大63購02,0,0,0,0.0,0.0,0.0,0,0,0,"8,000",0,0,0,"8,000",0,"8,000","8,000"
712034,群聯元大63購07,0,0,0,0.0,0.0,0.0,0,0,0,"3,000",0,0,0,"3,000",0,"3,000","3,000"
712038,聖暉*國泰63購01,0,0,0,0.0,0.0,0.0,0,0,0,"63,000",0,0,0,"126,000","63,000","63,000","63,000"
712040,群聯富邦64購02,0,0,0,0.0,0.0,0.0,0,0,0,"-2,000",0,0,0,0,"2,000","-2,000","-2,000"
712043,宏捷科國票69購01,0,0,0,0.0,0.0,0.0,0,0,0,"10,000",0,0,0,"10,000",0,"10,000","10,000"
712044,高技國票65購02,0,0,0,0.0,0.0,0.0,0,0,0,"-43,000",0,0,0,0,"43,000","-43,000","-43,000"
712045,博磊國票66購01,0,0,0,0.0,0.0,0.0,0,0,0,"-11,000",0,0,0,0,"11,000","-11,000","-11,000"
712046,竑騰群益62購01,0,0,0,0.0,0.0,0.0,0,0,0,"8,000",0,0,0,"11,000","3,000","8,000","8,000"
712047,順達群益62購01,0,0,0,0.0,0.0,0.0,0,0,0,0,0,0,0,"10,000","10,000",0,0
712049,聖暉*群益62購01,0,0,0,0.0,0.0,0.0,0,0,0,"158,000",0,0,0,"424,000","266,000","158,000","158,000"
712052,中光電元大64購02,0,0,0,0.0,0.0,0.0,0,0,0,"-3,000",0,0,0,0,"3,000","-3,000","-3,000"
712053,宜鼎元大63購05,0,0,0,0.0,0.0,0.0,0,0,0,"-15,000",0,0,0,"2,000","17,000","-15,000","-15,000"
712054,宜鼎元大64購02,0,0,0,0.0,0.0,0.0,0,0,0,"-5,000",0,0,0,0,"5,000","-5,000","-5,000"
712055,威剛元大63購01,0,0,0,0.0,0.0,0.0,0,0,0,"31,000",0,0,0,"31,000",0,"31,000","31,000"
712058,高技元大63購01,0,0,0,0.0,0.0,0.0,0,0,0,"-52,000",0,0,0,"2,000","54,000","-52,000","-52,000"
712060,智通*元大63購03,0,0,0,0.0,0.0,0.0,0,0,0,"-2,000",0,0,0,0,"2,000","-2,000","-2,000"
712061,智通*元大64購01,0,0,0,0.0,0.0,0.0,0,0,0,"-2,000",0,0,0,0,"2,000","-2,000","-2,000"
712062,群聯元大63購09,0,0,0,0.0,0.0,0.0,0,0,0,"2,000",0,0,0,"2,000",0,"2,000","2,000"
712063,蜜望實元大63購01,0,0,0,0.0,0.0,0.0,0,0,0,"-188,000",0,0,0,"213,000","401,000","-188,000","-188,000"
712067,雙鴻元大64購03,0,0,0,0.0,0.0,0.0,0,0,0,"-520,000",0,0,0,0,"520,000","-520,000","-520,000"
712068,均華國泰63購01,0,0,0,0.0,0.0,0.0,0,0,0,"-65,000",0,0,0,0,"65,000","-65,000","-65,000"
712072,鈊象國泰63購01,0,0,0,0.0,0.0,0.0,0,0,0,"-214,000",0,0,0,"1,000","215,000","-214,000","-214,000"
712073,新應材國泰63購01,0,0,0,0.0,0.0,0.0,0,0,0,"-24,000",0,0,0,"16,000","40,000","-24,000","-24,000"
712075,新應材中信62購01,0,0,0,0.0,0.0,0.0,0,0,0,"61,000",0,0,0,"61,000",0,"61,000","61,000"
712076,竑騰永豐63購01,0,0,0,0.0,0.0,0.0,0,0,0,"109,000",0,0,0,"115,000","6,000","109,000","109,000"
712077,博磊永豐63購01,0,0,0,0.0,0.0,0.0,0,0,0,"-34,000",0,0,0,"36,000","70,000","-34,000","-34,000"
712078,順達永豐63購01,0,0,0,0.0,0.0,0.0,0,0,0,"-14,000",0,0,0,0,"14,000","-14,000","-14,000"
712079,新應材永豐68購01,0,0,0,0.0,0.0,0.0,0,0,0,"-300,000",0,0,0,0,"300,000","-300,000","-300,000"
712080,新應材永豐68購02,0,0,0,0.0,0.0,0.0,0,0,0,"-95,000",0,0,0,0,"95,000","-95,000","-95,000"
712083,均華凱基64購01,0,0,0,0.0,0.0,0.0,0,0,0,"-4,000",0,0,0,"96,000","100,000","-4,000","-4,000"
712084,沛亨凱基63購01,0,0,0,0.0,0.0,0.0,0,0,0,"500,000",0,0,0,"500,000",0,"500,000","500,000"
712085,宜鼎凱基68購01,0,0,0,0.0,0.0,0.0,0,0,0,"70,000",0,0,0,"90,000","20,000","70,000","70,000"
712089,新應材凱基64購01,0,0,0,0.0,0.0,0.0,0,0,0,"2,000",0,0,0,"2,000",0,"2,000","2,000"
712091,臺慶科凱基63購02,0,0,0,0.0,0.0,0.0,0,0,0,"8,000",0,0,0,"10,000","2,000","8,000","8,000"
712093,譜瑞凱基63購01,0,0,0,0.0,0.0,0.0,0,0,0,"81,000",0,0,0,"81,000",0,"81,000","81,000"
712103,群聯台新68購01,0,0,0,0.0,0.0,0.0,0,0,0,"44,000",0,0,0,"44,000",0,"44,000","44,000"
712104,聚和台新62購01,0,0,0,0.0,0.0,0.0,0,0,0,"-3,000",0,0,0,"7,000","10,000","-3,000","-3,000"
712108,均華富邦63購01,0,0,0,0.0,0.0,0.0,0,0,0,"20,000",0,0,0,"30,000","10,000","20,000","20,000"
712109,宜鼎富邦62購01,0,0,0,0.0,0.0,0.0,0,0,0,"-2,000",0,0,0,"17,000","19,000","-2,000","-2,000"
712112,順達富邦63購02,0,0,0,0.0,0.0,0.0,0,0,0,"-27,000",0,0,0,0,"27,000","-27,000","-27,000"
712114,新應材富邦64購01,0,0,0,0.0,0.0,0.0,0,0,0,"-10,000",0,0,0,0,"10,000","-10,000","-10,000"
712116,新應材統一71購01,0,0,0,0.0,0.0,0.0,0,0,0,"163,000",0,0,0,"170,000","7,000","163,000","163,000"
712119,世禾國票66購01,0,0,0,0.0,0.0,0.0,0,0,0,"10,000",0,0,0,"10,000",0,"10,000","10,000"
712122,松上國票65購01,0,0,0,0.0,0.0,0.0,0,0,0,"-68,000",0,0,0,0,"68,000","-68,000","-68,000"
712125,華景電國票65購02,0,0,0,0.0,0.0,0.0,0,0,0,"-10,000",0,0,0,0,"10,000","-10,000","-10,000"
712126,順達國票67購01,0,0,0,0.0,0.0,0.0,0,0,0,"-2,000",0,0,0,0,"2,000","-2,000","-2,000"
712131,新應材台新62購02,0,0,0,0.0,0.0,0.0,0,0,0,"399,000",0,0,0,"399,000",0,"399,000","399,000"
712133,中美晶元大64購04,0,0,0,0.0,0.0,0.0,0,0,0,"-43,000",0,0,0,"6,000","49,000","-43,000","-43,000"
712134,台特化元大64購01,0,0,0,0.0,0.0,0.0,0,0,0,"-39,000",0,0,0,"45,000","84,000","-39,000","-39,000"
712138,中美晶中信62購01,0,0,0,0.0,0.0,0.0,0,0,0,"420,000",0,0,0,"452,000","32,000","420,000","420,000"
712141,系統電永豐64購02,0,0,0,0.0,0.0,0.0,0,0,0,"-89,000",0,0,0,0,"89,000","-89,000","-89,000"
712143,宜鼎永豐64購03,0,0,0,0.0,0.0,0.0,0,0,0,"3,000",0,0,0,"3,000",0,"3,000","3,000"
712146,耕興永豐63購01,0,0,0,0.0,0.0,0.0,0,0,0,"-146,000",0,0,0,0,"146,000","-146,000","-146,000"
712147,晟德永豐63購01,0,0,0,0.0,0.0,0.0,0,0,0,"-131,000",0,0,0,"14,000","145,000","-131,000","-131,000"
712148,頎邦永豐63購02,0,0,0,0.0,0.0,0.0,0,0,0,"19,000",0,0,0,"19,000",0,"19,000","19,000"
712151,M31群益62購01,0,0,0,0.0,0.0,0.0,0,0,0,"344,000",0,0,0,"471,000","127,000","344,000","344,000"
712152,世界群益62購03,0,0,0,0.0,0.0,0.0,0,0,0,"26,000",0,0,0,"31,000","5,000","26,000","26,000"
712153,均華群益68購01,0,0,0,0.0,0.0,0.0,0,0,0,"205,000",0,0,0,"215,000","10,000","205,000","205,000"
712154,宜特群益62購01,0,0,0,0.0,0.0,0.0,0,0,0,"-206,000",0,0,0,"105,000","311,000","-206,000","-206,000"
712157,群聯群益64購02,0,0,0,0.0,0.0,0.0,0,0,0,"-31,000",0,0,0,0,"31,000","-31,000","-31,000"
712159,雙鴻群益64購01,0,0,0,0.0,0.0,0.0,0,0,0,"-1,000",0,0,0,"16,000","17,000","-1,000","-1,000"
712160,中美晶凱基63購05,0,0,0,0.0,0.0,0.0,0,0,0,"13,000",0,0,0,"13,000",0,"13,000","13,000"
712161,宏捷科凱基67購01,0,0,0,0.0,0.0,0.0,0,0,0,"13,000",0,0,0,"13,000",0,"13,000","13,000"
712162,系統電凱基64購01,0,0,0,0.0,0.0,0.0,0,0,0,"8,000",0,0,0,"32,000","24,000","8,000","8,000"
712163,宜鼎凱基63購02,0,0,0,0.0,0.0,0.0,0,0,0,"-10,000",0,0,0,0,"10,000","-10,000","-10,000"
712166,智通*凱基63購01,0,0,0,0.0,0.0,0.0,0,0,0,"33,000",0,0,0,"33,000",0,"33,000","33,000"
712167,群聯凱基63購06,0,0,0,0.0,0.0,0.0,0,0,0,"-21,000",0,0,0,0,"21,000","-21,000","-21,000"
712168,蜜望實凱基63購01,0,0,0,0.0,0.0,0.0,0,0,0,"-116,000",0,0,0,0,"116,000","-116,000","-116,000"
712169,營邦凱基63購01,0,0,0,0.0,0.0,0.0,0,0,0,"-7,000",0,0,0,0,"7,000","-7,000","-7,000"
712172,博智富邦63購02,0,0,0,0.0,0.0,0.0,0,0,0,"369,000",0,0,0,"369,000",0,"369,000","369,000"
712175,巨漢國泰63購01,0,0,0,0.0,0.0,0.0,0,0,0,"15,000",0,0,0,"25,000","10,000","15,000","15,000"
712181,弘塑元大63購03,0,0,0,0.0,0.0,0.0,0,0,0,"-107,000",0,0,0,0,"107,000","-107,000","-107,000"
712182,弘塑元大64購02,0,0,0,0.0,0.0,0.0,0,0,0,"-132,000",0,0,0,"90,000","222,000","-132,000","-132,000"
712183,艾訊元大63購01,0,0,0,0.0,0.0,0.0,0,0,0,"6,000",0,0,0,"6,000",0,"6,000","6,000"
712184,威剛元大63購04,0,0,0,0.0,0.0,0.0,0,0,0,"113,000",0,0,0,"113,000",0,"113,000","113,000"
712185,威剛元大64購03,0,0,0,0.0,0.0,0.0,0,0,0,"179,000",0,0,0,"179,000",0,"179,000","179,000"
712187,萬潤元大63購01,0,0,0,0.0,0.0,0.0,0,0,0,"149,000",0,0,0,"197,000","48,000","149,000","149,000"
712189,中美晶台新65購03,0,0,0,0.0,0.0,0.0,0,0,0,"35,000",0,0,0,"45,000","10,000","35,000","35,000"
712198,萬潤台新62購03,0,0,0,0.0,0.0,0.0,0,0,0,"117,000",0,0,0,"338,000","221,000","117,000","117,000"
712199,萬潤台新65購01,0,0,0,0.0,0.0,0.0,0,0,0,"-480,000",0,0,0,"22,000","502,000","-480,000","-480,000"
712200,萬潤台新68購01,0,0,0,0.0,0.0,0.0,0,0,0,"-49,000",0,0,0,0,"49,000","-49,000","-49,000"
712202,世界凱基63購04,0,0,0,0.0,0.0,0.0,0,0,0,"6,000",0,0,0,"9,000","3,000","6,000","6,000"
712203,台特化凱基63購02,0,0,0,0.0,0.0,0.0,0,0,0,"2,000",0,0,0,"2,000",0,"2,000","2,000"
712204,宜特凱基63購01,0,0,0,0.0,0.0,0.0,0,0,0,"-11,000",0,0,0,0,"11,000","-11,000","-11,000"
712205,高技凱基63購01,0,0,0,0.0,0.0,0.0,0,0,0,"-355,000",0,0,0,"140,000","495,000","-355,000","-355,000"
712207,智通*凱基63購02,0,0,0,0.0,0.0,0.0,0,0,0,"12,000",0,0,0,"33,000","21,000","12,000","12,000"
712209,廣積凱基63購01,0,0,0,0.0,0.0,0.0,0,0,0,"-50,000",0,0,0,0,"50,000","-50,000","-50,000"
712211,富喬中信64購02,0,0,0,0.0,0.0,0.0,0,0,0,"69,000",0,0,0,"80,000","11,000","69,000","69,000"
712212,中美晶永豐64購05,0,0,0,0.0,0.0,0.0,0,0,0,"84,000",0,0,0,"84,000",0,"84,000","84,000"
712213,天正永豐65購01,0,0,0,0.0,0.0,0.0,0,0,0,"1,000",0,0,0,"1,000",0,"1,000","1,000"
712215,金山電永豐65購01,0,0,0,0.0,0.0,0.0,0,0,0,"-222,000",0,0,0,"169,000","391,000","-222,000","-222,000"
712217,港建*永豐64購01,0,0,0,0.0,0.0,0.0,0,0,0,"5,000",0,0,0,"5,000",0,"5,000","5,000"
712218,萬潤永豐65購01,0,0,0,0.0,0.0,0.0,0,0,0,"-784,000",0,0,0,"913,000","1,697,000","-784,000","-784,000"
712220,萬潤永豐68購01,0,0,0,0.0,0.0,0.0,0,0,0,"12,000",0,0,0,"12,000",0,"12,000","12,000"
712221,德昌永豐65購01,0,0,0,0.0,0.0,0.0,0,0,0,"-230,000",0,0,0,0,"230,000","-230,000","-230,000"
712222,營邦永豐63購01,0,0,0,0.0,0.0,0.0,0,0,0,"20,000",0,0,0,"20,000",0,"20,000","20,000"
712225,朋億*國票66購01,0,0,0,0.0,0.0,0.0,0,0,0,"10,000",0,0,0,"20,000","10,000","10,000","10,000"
712226,金山電國票65購01,0,0,0,0.0,0.0,0.0,0,0,0,"179,000",0,0,0,"204,000","25,000","179,000","179,000"
712227,金山電國票67購01,0,0,0,0.0,0.0,0.0,0,0,0,"-20,000",0,0,0,0,"20,000","-20,000","-20,000"
712230,凱崴國票65購01,0,0,0,0.0,0.0,0.0,0,0,0,"-300,000",0,0,0,0,"300,000","-300,000","-300,000"
712231,博磊國票68購01,0,0,0,0.0,0.0,0.0,0,0,0,"-44,000",0,0,0,0,"44,000","-44,000","-44,000"
712232,港建*國票63購01,0,0,0,0.0,0.0,0.0,0,0,0,"-2,000",0,0,0,0,"2,000","-2,000","-2,000"
712234,萬潤國票66購01,0,0,0,0.0,0.0,0.0,0,0,0,"67,000",0,0,0,"67,000",0,"67,000","67,000"
712235,萬潤國票68購01,0,0,0,0.0,0.0,0.0,0,0,0,"39,000",0,0,0,"74,000","35,000","39,000","39,000"
712236,中美晶富邦62購02,0,0,0,0.0,0.0,0.0,0,0,0,"40,000",0,0,0,"40,000",0,"40,000","40,000"
712237,弘塑富邦63購02,0,0,0,0.0,0.0,0.0,0,0,0,"5,000",0,0,0,"10,000","5,000","5,000","5,000"
712239,中美晶群益62購03,0,0,0,0.0,0.0,0.0,0,0,0,"88,000",0,0,0,"88,000",0,"88,000","88,000"
712240,台嘉碩群益62購01,0,0,0,0.0,0.0,0.0,0,0,0,"508,000",0,0,0,"508,000",0,"508,000","508,000"
712242,弘塑群益62購02,0,0,0,0.0,0.0,0.0,0,0,0,"48,000",0,0,0,"48,000",0,"48,000","48,000"
712243,宏捷科群益64購01,0,0,0,0.0,0.0,0.0,0,0,0,"145,000",0,0,0,"221,000","76,000","145,000","145,000"
712244,系統電群益62購01,0,0,0,0.0,0.0,0.0,0,0,0,"142,000",0,0,0,"142,000",0,"142,000","142,000"
712245,宜鼎群益62購01,0,0,0,0.0,0.0,0.0,0,0,0,"-3,000",0,0,0,0,"3,000","-3,000","-3,000"
712246,金山電群益62購01,0,0,0,0.0,0.0,0.0,0,0,0,"-238,000",0,0,0,"71,000","309,000","-238,000","-238,000"
712247,前鼎群益68購01,0,0,0,0.0,0.0,0.0,0,0,0,"28,000",0,0,0,"93,000","65,000","28,000","28,000"
712249,原相群益62購01,0,0,0,0.0,0.0,0.0,0,0,0,"-31,000",0,0,0,0,"31,000","-31,000","-31,000"
712250,智通*群益62購01,0,0,0,0.0,0.0,0.0,0,0,0,"-47,000",0,0,0,0,"47,000","-47,000","-47,000"
712251,新應材群益66購01,0,0,0,0.0,0.0,0.0,0,0,0,"20,000",0,0,0,"30,000","10,000","20,000","20,000"
712252,萬潤群益68購01,0,0,0,0.0,0.0,0.0,0,0,0,"163,000",0,0,0,"185,000","22,000","163,000","163,000"
712254,頎邦群益62購02,0,0,0,0.0,0.0,0.0,0,0,0,"32,000",0,0,0,"88,000","56,000","32,000","32,000"
712255,雙鴻群益62購03,0,0,0,0.0,0.0,0.0,0,0,0,0,0,0,0,"10,000","10,000",0,0
712257,世禾統一68購01,0,0,0,0.0,0.0,0.0,0,0,0,"115,000",0,0,0,"115,000",0,"115,000","115,000"
712259,金山電統一67購01,0,0,0,0.0,0.0,0.0,0,0,0,"-58,000",0,0,0,"103,000","161,000","-58,000","-58,000"
712260,金山電統一6B購01,0,0,0,0.0,0.0,0.0,0,0,0,"-1,344,000",0,0,0,"1,302,000","2,646,000","-1,344,000","-1,344,000"
712261,金山電統一6C購01,0,0,0,0.0,0.0,0.0,0,0,0,"1,174,000",0,0,0,"3,499,000","2,325,000","1,174,000","1,174,000"
712265,萬潤統一65購01,0,0,0,0.0,0.0,0.0,0,0,0,"-343,000",0,0,0,"766,000","1,109,000","-343,000","-343,000"
712266,萬潤統一6A購03,0,0,0,0.0,0.0,0.0,0,0,0,"173,000",0,0,0,"424,000","251,000","173,000","173,000"
712267,萬潤統一6B購01,0,0,0,0.0,0.0,0.0,0,0,0,"305,000",0,0,0,"505,000","200,000","305,000","305,000"
712268,萬潤統一6C購01,0,0,0,0.0,0.0,0.0,0,0,0,"248,000",0,0,0,"248,000",0,"248,000","248,000"
712269,弘塑國泰63購01,0,0,0,0.0,0.0,0.0,0,0,0,"-40,000",0,0,0,0,"40,000","-40,000","-40,000"
712270,弘塑國泰63購02,0,0,0,0.0,0.0,0.0,0,0,0,"-79,000",0,0,0,0,"79,000","-79,000","-79,000"
712271,泓格國泰63購02,0,0,0,0.0,0.0,0.0,0,0,0,"20,000",0,0,0,"20,000",0,"20,000","20,000"
712272,金山電國泰63購01,0,0,0,0.0,0.0,0.0,0,0,0,"159,000",0,0,0,"348,000","189,000","159,000","159,000"
712273,金山電國泰64購01,0,0,0,0.0,0.0,0.0,0,0,0,"40,000",0,0,0,"151,000","111,000","40,000","40,000"
712274,萬潤國泰63購01,0,0,0,0.0,0.0,0.0,0,0,0,"-324,000",0,0,0,"20,000","344,000","-324,000","-324,000"
712275,弘塑台新62購01,0,0,0,0.0,0.0,0.0,0,0,0,"-8,000",0,0,0,"32,000","40,000","-8,000","-8,000"
712276,弘塑台新62購02,0,0,0,0.0,0.0,0.0,0,0,0,"288,000",0,0,0,"288,000",0,"288,000","288,000"
712278,弘塑台新68購01,0,0,0,0.0,0.0,0.0,0,0,0,"77,000",0,0,0,"77,000",0,"77,000","77,000"
712279,弘塑台新68購02,0,0,0,0.0,0.0,0.0,0,0,0,"-1,000",0,0,0,0,"1,000","-1,000","-1,000"
712282,韋僑台新62購01,0,0,0,0.0,0.0,0.0,0,0,0,"-35,000",0,0,0,0,"35,000","-35,000","-35,000"
712284,竑騰台新62購02,0,0,0,0.0,0.0,0.0,0,0,0,"29,000",0,0,0,"182,000","153,000","29,000","29,000"
712285,博智台新62購01,0,0,0,0.0,0.0,0.0,0,0,0,"37,000",0,0,0,"37,000",0,"37,000","37,000"
712287,群聯台新62購01,0,0,0,0.0,0.0,0.0,0,0,0,"-1,000",0,0,0,0,"1,000","-1,000","-1,000"
712291,雙鴻台新68購02,0,0,0,0.0,0.0,0.0,0,0,0,"3,000",0,0,0,"10,000","7,000","3,000","3,000"
712293,中光電元大64購05,0,0,0,0.0,0.0,0.0,0,0,0,"-150,000",0,0,0,0,"150,000","-150,000","-150,000"
712294,世界元大63購08,0,0,0,0.0,0.0,0.0,0,0,0,"-2,000",0,0,0,0,"2,000","-2,000","-2,000"
712295,世界元大63購09,0,0,0,0.0,0.0,0.0,0,0,0,"11,000",0,0,0,"11,000",0,"11,000","11,000"
712297,弘塑元大64購03,0,0,0,0.0,0.0,0.0,0,0,0,"19,000",0,0,0,"20,000","1,000","19,000","19,000"
712298,良維元大64購02,0,0,0,0.0,0.0,0.0,0,0,0,"20,000",0,0,0,"20,000",0,"20,000","20,000"
712299,宜鼎元大64購03,0,0,0,0.0,0.0,0.0,0,0,0,"-168,000",0,0,0,"1,000","169,000","-168,000","-168,000"
712301,鈊象元大63購08,0,0,0,0.0,0.0,0.0,0,0,0,"-73,000",0,0,0,0,"73,000","-73,000","-73,000"
712303,中美晶凱基63購06,0,0,0,0.0,0.0,0.0,0,0,0,"-9,000",0,0,0,0,"9,000","-9,000","-9,000"
712304,弘塑凱基63購01,0,0,0,0.0,0.0,0.0,0,0,0,"-26,000",0,0,0,"9,000","35,000","-26,000","-26,000"
712305,弘塑凱基64購01,0,0,0,0.0,0.0,0.0,0,0,0,"-47,000",0,0,0,0,"47,000","-47,000","-47,000"
712306,金山電凱基63購01,0,0,0,0.0,0.0,0.0,0,0,0,"260,000",0,0,0,"260,000",0,"260,000","260,000"
712307,金山電凱基63購02,0,0,0,0.0,0.0,0.0,0,0,0,"132,000",0,0,0,"162,000","30,000","132,000","132,000"
712310,頎邦凱基64購03,0,0,0,0.0,0.0,0.0,0,0,0,0,0,0,0,"3,000","3,000",0,0
712311,雙鴻凱基63購08,0,0,0,0.0,0.0,0.0,0,0,0,0,0,0,0,"3,000","3,000",0,0
712312,均華國泰64購01,0,0,0,0.0,0.0,0.0,0,0,0,"-23,000",0,0,0,0,"23,000","-23,000","-23,000"
712314,弘塑統一67購01,0,0,0,0.0,0.0,0.0,0,0,0,"15,000",0,0,0,"15,000",0,"15,000","15,000"
712315,由田統一68購01,0,0,0,0.0,0.0,0.0,0,0,0,"16,000",0,0,0,"16,000",0,"16,000","16,000"
712316,金山電統一66購01,0,0,0,0.0,0.0,0.0,0,0,0,"-513,000",0,0,0,"429,000","942,000","-513,000","-513,000"
712317,金山電統一68購01,0,0,0,0.0,0.0,0.0,0,0,0,"-62,000",0,0,0,"251,000","313,000","-62,000","-62,000"
712318,前鼎統一6C購01,0,0,0,0.0,0.0,0.0,0,0,0,"170,000",0,0,0,"170,000",0,"170,000","170,000"
712319,倉和統一68購01,0,0,0,0.0,0.0,0.0,0,0,0,"35,000",0,0,0,"35,000",0,"35,000","35,000"
712320,富喬中信64購03,0,0,0,0.0,0.0,0.0,0,0,0,"175,000",0,0,0,"185,000","10,000","175,000","175,000"
712321,元太永豐63購01,0,0,0,0.0,0.0,0.0,0,0,0,"-16,000",0,0,0,0,"16,000","-16,000","-16,000"
712322,巨漢永豐63購01,0,0,0,0.0,0.0,0.0,0,0,0,"101,000",0,0,0,"101,000",0,"101,000","101,000"
712324,建榮永豐64購01,0,0,0,0.0,0.0,0.0,0,0,0,"323,000",0,0,0,"343,000","20,000","323,000","323,000"
712325,胡連永豐63購01,0,0,0,0.0,0.0,0.0,0,0,0,"-276,000",0,0,0,"22,000","298,000","-276,000","-276,000"
712326,茂綸永豐64購01,0,0,0,0.0,0.0,0.0,0,0,0,"4,000",0,0,0,"4,000",0,"4,000","4,000"
712328,竑騰永豐64購01,0,0,0,0.0,0.0,0.0,0,0,0,"62,000",0,0,0,"62,000",0,"62,000","62,000"
712329,富喬永豐64購02,0,0,0,0.0,0.0,0.0,0,0,0,"6,000",0,0,0,"6,000",0,"6,000","6,000"
712331,聖暉*永豐63購01,0,0,0,0.0,0.0,0.0,0,0,0,"40,000",0,0,0,"50,000","10,000","40,000","40,000"
712332,元太國票66購01,0,0,0,0.0,0.0,0.0,0,0,0,"-128,000",0,0,0,"24,000","152,000","-128,000","-128,000"
712335,全宇昕國票65購02,0,0,0,0.0,0.0,0.0,0,0,0,"4,000",0,0,0,"4,000",0,"4,000","4,000"
712336,均華國票63購01,0,0,0,0.0,0.0,0.0,0,0,0,"9,000",0,0,0,"9,000",0,"9,000","9,000"
712338,前鼎國票67購01,0,0,0,0.0,0.0,0.0,0,0,0,"5,000",0,0,0,"15,000","10,000","5,000","5,000"
712340,智通*國票63購01,0,0,0,0.0,0.0,0.0,0,0,0,"80,000",0,0,0,"90,000","10,000","80,000","80,000"
712345,世界群益67購01,0,0,0,0.0,0.0,0.0,0,0,0,"31,000",0,0,0,"36,000","5,000","31,000","31,000"
712346,台特化群益67購01,0,0,0,0.0,0.0,0.0,0,0,0,"-20,000",0,0,0,0,"20,000","-20,000","-20,000"
712348,宏捷科群益62購01,0,0,0,0.0,0.0,0.0,0,0,0,"206,000",0,0,0,"306,000","100,000","206,000","206,000"
712349,沛亨群益62購01,0,0,0,0.0,0.0,0.0,0,0,0,"20,000",0,0,0,"20,000",0,"20,000","20,000"
712353,世界凱基63購05,0,0,0,0.0,0.0,0.0,0,0,0,"11,000",0,0,0,"11,000",0,"11,000","11,000"
712354,台特化凱基67購01,0,0,0,0.0,0.0,0.0,0,0,0,"-40,000",0,0,0,0,"40,000","-40,000","-40,000"
712355,宜鼎凱基63購03,0,0,0,0.0,0.0,0.0,0,0,0,"-15,000",0,0,0,0,"15,000","-15,000","-15,000"
712356,前鼎凱基67購01,0,0,0,0.0,0.0,0.0,0,0,0,"74,000",0,0,0,"181,000","107,000","74,000","74,000"
712360,前鼎永豐68購01,0,0,0,0.0,0.0,0.0,0,0,0,"-38,000",0,0,0,"165,000","203,000","-38,000","-38,000"
712364,東洋國票63購01,0,0,0,0.0,0.0,0.0,0,0,0,"-462,000",0,0,0,"998,000","1,460,000","-462,000","-462,000"
712365,前鼎國票68購01,0,0,0,0.0,0.0,0.0,0,0,0,"66,000",0,0,0,"72,000","6,000","66,000","66,000"
712366,竑騰國票63購01,0,0,0,0.0,0.0,0.0,0,0,0,"218,000",0,0,0,"301,000","83,000","218,000","218,000"
712369,中美晶群益64購02,0,0,0,0.0,0.0,0.0,0,0,0,"-127,000",0,0,0,"69,000","196,000","-127,000","-127,000"
712370,欣銓群益63購01,0,0,0,0.0,0.0,0.0,0,0,0,"89,000",0,0,0,"181,000","92,000","89,000","89,000"
712371,金山電群益63購01,0,0,0,0.0,0.0,0.0,0,0,0,"-332,000",0,0,0,"436,000","768,000","-332,000","-332,000"
712373,威剛群益64購01,0,0,0,0.0,0.0,0.0,0,0,0,"-1,000",0,0,0,0,"1,000","-1,000","-1,000"
712374,家登群益63購04,0,0,0,0.0,0.0,0.0,0,0,0,"88,000",0,0,0,"88,000",0,"88,000","88,000"
712376,雙鴻群益64購02,0,0,0,0.0,0.0,0.0,0,0,0,"-612,000",0,0,0,"125,000","737,000","-612,000","-612,000"
712378,世界富邦65購01,0,0,0,0.0,0.0,0.0,0,0,0,"-170,000",0,0,0,0,"170,000","-170,000","-170,000"
712381,沛亨統一65購03,0,0,0,0.0,0.0,0.0,0,0,0,"-201,000",0,0,0,"289,000","490,000","-201,000","-201,000"
712383,前鼎統一66購01,0,0,0,0.0,0.0,0.0,0,0,0,"2,062,000",0,0,0,"2,941,000","879,000","2,062,000","2,062,000"
712384,前鼎統一68購01,0,0,0,0.0,0.0,0.0,0,0,0,"66,000",0,0,0,"139,000","73,000","66,000","66,000"
712385,富喬統一65購04,0,0,0,0.0,0.0,0.0,0,0,0,"-1,000",0,0,0,0,"1,000","-1,000","-1,000"
712386,頎邦統一66購02,0,0,0,0.0,0.0,0.0,0,0,0,"1,766,000",0,0,0,"1,804,000","38,000","1,766,000","1,766,000"
712392,宸曜台新62購02,0,0,0,0.0,0.0,0.0,0,0,0,"1,000",0,0,0,"2,000","1,000","1,000","1,000"
712397,M31凱基63購01,0,0,0,0.0,0.0,0.0,0,0,0,"64,000",0,0,0,"134,000","70,000","64,000","64,000"
712398,中美晶凱基64購02,0,0,0,0.0,0.0,0.0,0,0,0,"42,000",0,0,0,"45,000","3,000","42,000","42,000"
712409,雙鴻凱基63購09,0,0,0,0.0,0.0,0.0,0,0,0,"-160,000",0,0,0,"65,000","225,000","-160,000","-160,000"
712411,世界群益66購02,0,0,0,0.0,0.0,0.0,0,0,0,0,0,0,0,"35,000","35,000",0,0
712414,台特化群益66購01,0,0,0,0.0,0.0,0.0,0,0,0,"-1,000",0,0,0,0,"1,000","-1,000","-1,000"
712415,弘塑群益63購01,0,0,0,0.0,0.0,0.0,0,0,0,"-206,000",0,0,0,"417,000","623,000","-206,000","-206,000"
712416,艾訊群益63購01,0,0,0,0.0,0.0,0.0,0,0,0,"-34,000",0,0,0,"7,000","41,000","-34,000","-34,000"
712419,群聯群益64購04,0,0,0,0.0,0.0,0.0,0,0,0,"50,000",0,0,0,"50,000",0,"50,000","50,000"
712421,雙鴻群益65購01,0,0,0,0.0,0.0,0.0,0,0,0,"-1,505,000",0,0,0,"290,000","1,795,000","-1,505,000","-1,505,000"
712424,新應材元大64購02,0,0,0,0.0,0.0,0.0,0,0,0,"-8,000",0,0,0,0,"8,000","-8,000","-8,000"
712425,營邦元大64購02,0,0,0,0.0,0.0,0.0,0,0,0,"9,000",0,0,0,"40,000","31,000","9,000","9,000"
712427,威剛中信63購01,0,0,0,0.0,0.0,0.0,0,0,0,"56,000",0,0,0,"56,000",0,"56,000","56,000"
712429,雙鴻中信63購03,0,0,0,0.0,0.0,0.0,0,0,0,"-28,000",0,0,0,"17,000","45,000","-28,000","-28,000"
712436,群聯永豐68購01,0,0,0,0.0,0.0,0.0,0,0,0,"-2,000",0,0,0,0,"2,000","-2,000","-2,000"
712437,雙鴻永豐64購05,0,0,0,0.0,0.0,0.0,0,0,0,"-27,000",0,0,0,"135,000","162,000","-27,000","-27,000"
712440,聖暉*國泰63購02,0,0,0,0.0,0.0,0.0,0,0,0,"742,000",0,0,0,"827,000","85,000","742,000","742,000"
712441,譜瑞國泰63購01,0,0,0,0.0,0.0,0.0,0,0,0,"32,000",0,0,0,"32,000",0,"32,000","32,000"
712442,鑫聯國泰63購01,0,0,0,0.0,0.0,0.0,0,0,0,"-1,497,000",0,0,0,0,"1,497,000","-1,497,000","-1,497,000"
712443,宏捷科富邦64購01,0,0,0,0.0,0.0,0.0,0,0,0,"269,000",0,0,0,"845,000","576,000","269,000","269,000"
712444,宏捷科富邦65購01,0,0,0,0.0,0.0,0.0,0,0,0,"694,000",0,0,0,"1,205,000","511,000","694,000","694,000"
712445,宜鼎富邦68購01,0,0,0,0.0,0.0,0.0,0,0,0,"-152,000",0,0,0,0,"152,000","-152,000","-152,000"
712447,頎邦富邦65購01,0,0,0,0.0,0.0,0.0,0,0,0,"-46,000",0,0,0,"778,000","824,000","-46,000","-46,000"
712451,雙鴻統一64購02,0,0,0,0.0,0.0,0.0,0,0,0,"-193,000",0,0,0,0,"193,000","-193,000","-193,000"
712452,台特化台新65購01,0,0,0,0.0,0.0,0.0,0,0,0,"-19,000",0,0,0,"5,000","24,000","-19,000","-19,000"
712454,富喬台新65購01,0,0,0,0.0,0.0,0.0,0,0,0,"28,000",0,0,0,"30,000","2,000","28,000","28,000"
712455,順達台新64購01,0,0,0,0.0,0.0,0.0,0,0,0,"11,000",0,0,0,"11,000",0,"11,000","11,000"
712457,頎邦台新68購01,0,0,0,0.0,0.0,0.0,0,0,0,"46,000",0,0,0,"48,000","2,000","46,000","46,000"
712459,鴻呈台新62購01,0,0,0,0.0,0.0,0.0,0,0,0,"167,000",0,0,0,"167,000",0,"167,000","167,000"
712461,世界凱基66購02,0,0,0,0.0,0.0,0.0,0,0,0,"15,000",0,0,0,"19,000","4,000","15,000","15,000"
712464,弘塑凱基63購03,0,0,0,0.0,0.0,0.0,0,0,0,"-34,000",0,0,0,0,"34,000","-34,000","-34,000"
712465,艾訊凱基63購01,0,0,0,0.0,0.0,0.0,0,0,0,"80,000",0,0,0,"80,000",0,"80,000","80,000"
712467,富喬凱基63購03,0,0,0,0.0,0.0,0.0,0,0,0,"6,000",0,0,0,"13,000","7,000","6,000","6,000"
712474,均華永豐63購02,0,0,0,0.0,0.0,0.0,0,0,0,"-93,000",0,0,0,0,"93,000","-93,000","-93,000"
712476,宜鼎永豐66購02,0,0,0,0.0,0.0,0.0,0,0,0,"-20,000",0,0,0,0,"20,000","-20,000","-20,000"
712477,順達永豐63購02,0,0,0,0.0,0.0,0.0,0,0,0,"-3,000",0,0,0,"10,000","13,000","-3,000","-3,000"
712478,順達永豐63購03,0,0,0,0.0,0.0,0.0,0,0,0,"-14,000",0,0,0,0,"14,000","-14,000","-14,000"
712479,群聯永豐65購07,0,0,0,0.0,0.0,0.0,0,0,0,"-32,000",0,0,0,0,"32,000","-32,000","-32,000"
712481,群聯永豐68購02,0,0,0,0.0,0.0,0.0,0,0,0,"44,000",0,0,0,"44,000",0,"44,000","44,000"
712488,宜鼎元大63購06,0,0,0,0.0,0.0,0.0,0,0,0,"-163,000",0,0,0,0,"163,000","-163,000","-163,000"
712489,宜鼎元大64購04,0,0,0,0.0,0.0,0.0,0,0,0,"496,000",0,0,0,"496,000",0,"496,000","496,000"
712491,富喬元大63購04,0,0,0,0.0,0.0,0.0,0,0,0,"283,000",0,0,0,"283,000",0,"283,000","283,000"
712494,富喬元大64購06,0,0,0,0.0,0.0,0.0,0,0,0,"1,024,000",0,0,0,"1,619,000","595,000","1,024,000","1,024,000"
712496,群聯元大63購13,0,0,0,0.0,0.0,0.0,0,0,0,"-499,000",0,0,0,0,"499,000","-499,000","-499,000"
712500,營邦元大63購01,0,0,0,0.0,0.0,0.0,0,0,0,"-21,000",0,0,0,0,"21,000","-21,000","-21,000"
712501,營邦元大63購03,0,0,0,0.0,0.0,0.0,0,0,0,"2,613,000",0,0,0,"2,673,000","60,000","2,613,000","2,613,000"
712502,營邦元大64購04,0,0,0,0.0,0.0,0.0,0,0,0,"756,000",0,0,0,"801,000","45,000","756,000","756,000"
712503,雙鴻元大64購04,0,0,0,0.0,0.0,0.0,0,0,0,"-111,000",0,0,0,"294,000","405,000","-111,000","-111,000"
712504,千如國票66購01,0,0,0,0.0,0.0,0.0,0,0,0,"-11,000",0,0,0,"97,000","108,000","-11,000","-11,000"
712506,富喬國票66購01,0,0,0,0.0,0.0,0.0,0,0,0,"-58,000",0,0,0,"13,000","71,000","-58,000","-58,000"
712509,千如國泰63購01,0,0,0,0.0,0.0,0.0,0,0,0,"-51,000",0,0,0,"10,000","61,000","-51,000","-51,000"
712512,新應材國泰63購02,0,0,0,0.0,0.0,0.0,0,0,0,"10,000",0,0,0,"10,000",0,"10,000","10,000"
712513,千附精富邦62購01,0,0,0,0.0,0.0,0.0,0,0,0,"164,000",0,0,0,"454,000","290,000","164,000","164,000"
712514,中美晶富邦65購01,0,0,0,0.0,0.0,0.0,0,0,0,"112,000",0,0,0,"284,000","172,000","112,000","112,000"
712515,順達富邦63購03,0,0,0,0.0,0.0,0.0,0,0,0,"-152,000",0,0,0,0,"152,000","-152,000","-152,000"
712517,營邦富邦65購01,0,0,0,0.0,0.0,0.0,0,0,0,"2,000",0,0,0,"9,000","7,000","2,000","2,000"
712518,中美晶群益63購02,0,0,0,0.0,0.0,0.0,0,0,0,"10,000",0,0,0,"10,000",0,"10,000","10,000"
712519,宜鼎群益63購01,0,0,0,0.0,0.0,0.0,0,0,0,"45,000",0,0,0,"164,000","119,000","45,000","45,000"
712521,順達群益63購01,0,0,0,0.0,0.0,0.0,0,0,0,"-91,000",0,0,0,"164,000","255,000","-91,000","-91,000"
712522,群聯群益63購03,0,0,0,0.0,0.0,0.0,0,0,0,"-1,000",0,0,0,"3,000","4,000","-1,000","-1,000"
712523,廣閎科群益63購01,0,0,0,0.0,0.0,0.0,0,0,0,"-3,000",0,0,0,"2,000","5,000","-3,000","-3,000"
712525,雙鴻群益63購04,0,0,0,0.0,0.0,0.0,0,0,0,0,0,0,0,"10,000","10,000",0,0
712527,弘塑統一66購01,0,0,0,0.0,0.0,0.0,0,0,0,"-130,000",0,0,0,0,"130,000","-130,000","-130,000"
712528,均華統一69購01,0,0,0,0.0,0.0,0.0,0,0,0,"195,000",0,0,0,"597,000","402,000","195,000","195,000"
712529,高技統一66購01,0,0,0,0.0,0.0,0.0,0,0,0,"51,000",0,0,0,"206,000","155,000","51,000","51,000"
712532,世界群益62購04,0,0,0,0.0,0.0,0.0,0,0,0,0,0,0,0,"10,000","10,000",0,0
712533,台半群益63購01,0,0,0,0.0,0.0,0.0,0,0,0,"404,000",0,0,0,"455,000","51,000","404,000","404,000"
712535,東捷群益64購01,0,0,0,0.0,0.0,0.0,0,0,0,"100,000",0,0,0,"131,000","31,000","100,000","100,000"
712536,鉅橡群益63購01,0,0,0,0.0,0.0,0.0,0,0,0,"247,000",0,0,0,"525,000","278,000","247,000","247,000"
712537,臺慶科群益63購01,0,0,0,0.0,0.0,0.0,0,0,0,"58,000",0,0,0,"58,000",0,"58,000","58,000"
712538,廣閎科群益64購01,0,0,0,0.0,0.0,0.0,0,0,0,"-20,000",0,0,0,0,"20,000","-20,000","-20,000"
712539,穩懋群益63購02,0,0,0,0.0,0.0,0.0,0,0,0,"70,000",0,0,0,"79,000","9,000","70,000","70,000"
712540,穩懋群益64購01,0,0,0,0.0,0.0,0.0,0,0,0,"2,000",0,0,0,"2,000",0,"2,000","2,000"
712541,中美晶元大64購05,0,0,0,0.0,0.0,0.0,0,0,0,"-16,000",0,0,0,"44,000","60,000","-16,000","-16,000"
712542,方土昶元大63購02,0,0,0,0.0,0.0,0.0,0,0,0,"-238,000",0,0,0,0,"238,000","-238,000","-238,000"
712543,均華元大64購02,0,0,0,0.0,0.0,0.0,0,0,0,"2,000",0,0,0,"5,000","3,000","2,000","2,000"
712544,朋億*元大63購01,0,0,0,0.0,0.0,0.0,0,0,0,"70,000",0,0,0,"90,000","20,000","70,000","70,000"
712545,東捷元大63購01,0,0,0,0.0,0.0,0.0,0,0,0,"8,000",0,0,0,"8,000",0,"8,000","8,000"
712548,順達元大63購03,0,0,0,0.0,0.0,0.0,0,0,0,"-57,000",0,0,0,0,"57,000","-57,000","-57,000"
712549,順達元大63購04,0,0,0,0.0,0.0,0.0,0,0,0,"-60,000",0,0,0,0,"60,000","-60,000","-60,000"
712550,順達元大64購07,0,0,0,0.0,0.0,0.0,0,0,0,"1,975,000",0,0,0,"2,000,000","25,000","1,975,000","1,975,000"
712551,漢達元大64購01,0,0,0,0.0,0.0,0.0,0,0,0,"-391,000",0,0,0,0,"391,000","-391,000","-391,000"
712555,雙鴻元大63購08,0,0,0,0.0,0.0,0.0,0,0,0,"-1,446,000",0,0,0,"225,000","1,671,000","-1,446,000","-1,446,000"
712556,雙鴻元大63購09,0,0,0,0.0,0.0,0.0,0,0,0,"-286,000",0,0,0,"82,000","368,000","-286,000","-286,000"
712557,雙鴻元大63購10,0,0,0,0.0,0.0,0.0,0,0,0,"-895,000",0,0,0,"551,000","1,446,000","-895,000","-895,000"
712558,雙鴻元大64購05,0,0,0,0.0,0.0,0.0,0,0,0,"212,000",0,0,0,"669,000","457,000","212,000","212,000"
712560,東捷統一66購02,0,0,0,0.0,0.0,0.0,0,0,0,"35,000",0,0,0,"35,000",0,"35,000","35,000"
712562,穩懋統一66購02,0,0,0,0.0,0.0,0.0,0,0,0,"31,000",0,0,0,"31,000",0,"31,000","31,000"
712563,穩懋統一67購01,0,0,0,0.0,0.0,0.0,0,0,0,"52,000",0,0,0,"74,000","22,000","52,000","52,000"
712565,穩懋統一6C購02,0,0,0,0.0,0.0,0.0,0,0,0,"144,000",0,0,0,"147,000","3,000","144,000","144,000"
712566,穩懋統一6C購03,"50,000",0,"50,000",0.0,0.0,0.0,0,0,0,"-67,000",0,0,0,"208,000","275,000","-67,000","-17,000"
712567,東捷富邦63購01,0,0,0,0.0,0.0,0.0,0,0,0,"213,000",0,0,0,"228,000","15,000","213,000","213,000"
712568,東捷國泰63購01,0,0,0,0.0,0.0,0.0,0,0,0,"-22,000",0,0,0,0,"22,000","-22,000","-22,000"
712571,鴻呈國泰63購01,0,0,0,0.0,0.0,0.0,0,0,0,"31,000",0,0,0,"69,000","38,000","31,000","31,000"
712572,穩懋國泰63購01,0,0,0,0.0,0.0,0.0,0,0,0,"11,000",0,0,0,"11,000",0,"11,000","11,000"
712573,穩懋國泰63購03,0,0,0,0.0,0.0,0.0,0,0,0,"10,000",0,0,0,"13,000","3,000","10,000","10,000"
712575,穩懋國泰63購05,0,0,0,0.0,0.0,0.0,0,0,0,"12,000",0,0,0,"14,000","2,000","12,000","12,000"
712576,台半凱基63購01,0,0,0,0.0,0.0,0.0,0,0,0,"-8,000",0,0,0,0,"8,000","-8,000","-8,000"
712577,宜鼎凱基64購02,0,0,0,0.0,0.0,0.0,0,0,0,"-50,000",0,0,0,0,"50,000","-50,000","-50,000"
712581,群聯凱基64購06,0,0,0,0.0,0.0,0.0,0,0,0,"-9,000",0,0,0,"1,000","10,000","-9,000","-9,000"
712583,營邦凱基63購02,0,0,0,0.0,0.0,0.0,0,0,0,"10,000",0,0,0,"10,000",0,"10,000","10,000"
712586,穩懋凱基63購01,0,0,0,0.0,0.0,0.0,0,0,0,"-119,000",0,0,0,"26,000","145,000","-119,000","-119,000"
712587,穩懋凱基63購02,0,0,0,0.0,0.0,0.0,0,0,0,"-17,000",0,0,0,"3,000","20,000","-17,000","-17,000"
712594,順達台新64購02,0,0,0,0.0,0.0,0.0,0,0,0,"-8,000",0,0,0,0,"8,000","-8,000","-8,000"
712599,穩懋台新65購02,0,0,0,0.0,0.0,0.0,0,0,0,"-25,000",0,0,0,0,"25,000","-25,000","-25,000"
712600,穩懋台新68購01,0,0,0,0.0,0.0,0.0,0,0,0,"-22,000",0,0,0,"3,000","25,000","-22,000","-22,000"
712602,穩懋中信68購01,0,0,0,0.0,0.0,0.0,0,0,0,"196,000",0,0,0,"316,000","120,000","196,000","196,000"
712603,台半永豐64購02,0,0,0,0.0,0.0,0.0,0,0,0,"88,000",0,0,0,"88,000",0,"88,000","88,000"
712604,台半永豐65購01,0,0,0,0.0,0.0,0.0,0,0,0,"151,000",0,0,0,"151,000",0,"151,000","151,000"
712605,台星科永豐64購01,0,0,0,0.0,0.0,0.0,0,0,0,"12,000",0,0,0,"12,000",0,"12,000","12,000"
712606,由田永豐64購01,0,0,0,0.0,0.0,0.0,0,0,0,"-31,000",0,0,0,"2,000","33,000","-31,000","-31,000"
712607,系統電永豐63購01,0,0,0,0.0,0.0,0.0,0,0,0,"-316,000",0,0,0,0,"316,000","-316,000","-316,000"
712609,東捷永豐63購02,0,0,0,0.0,0.0,0.0,0,0,0,"-2,000",0,0,0,0,"2,000","-2,000","-2,000"
712611,東捷永豐65購01,0,0,0,0.0,0.0,0.0,0,0,0,"1,000",0,0,0,"13,000","12,000","1,000","1,000"
712613,東捷永豐68購01,0,0,0,0.0,0.0,0.0,0,0,0,"-10,000",0,0,0,0,"10,000","-10,000","-10,000"
712614,欣銓永豐66購01,0,0,0,0.0,0.0,0.0,0,0,0,"-106,000",0,0,0,"31,000","137,000","-106,000","-106,000"
712615,欣銓永豐68購01,0,0,0,0.0,0.0,0.0,0,0,0,"39,000",0,0,0,"88,000","49,000","39,000","39,000"
712618,博盛永豐63購02,0,0,0,0.0,0.0,0.0,0,0,0,"2,000",0,0,0,"2,000",0,"2,000","2,000"
712619,博盛永豐65購01,0,0,0,0.0,0.0,0.0,0,0,0,"51,000",0,0,0,"51,000",0,"51,000","51,000"
712620,越峰永豐63購01,0,0,0,0.0,0.0,0.0,0,0,0,"-630,000",0,0,0,"5,000","635,000","-630,000","-630,000"
712623,穩懋永豐64購02,0,0,0,0.0,0.0,0.0,0,0,0,"10,000",0,0,0,"10,000",0,"10,000","10,000"
712628,東捷國票64購01,0,0,0,0.0,0.0,0.0,0,0,0,"9,000",0,0,0,"9,000",0,"9,000","9,000"
712629,元太群益63購01,0,0,0,0.0,0.0,0.0,0,0,0,"-10,000",0,0,0,0,"10,000","-10,000","-10,000"
712633,威剛群益62購04,0,0,0,0.0,0.0,0.0,0,0,0,"27,000",0,0,0,"27,000",0,"27,000","27,000"
712636,順達群益63購02,0,0,0,0.0,0.0,0.0,0,0,0,"-26,000",0,0,0,0,"26,000","-26,000","-26,000"
712637,群聯群益62購01,0,0,0,0.0,0.0,0.0,0,0,0,"15,000",0,0,0,"20,000","5,000","15,000","15,000"
712642,雙鴻中信64購02,0,0,0,0.0,0.0,0.0,0,0,0,"-238,000",0,0,0,"8,000","246,000","-238,000","-238,000"
712644,新應材永豐65購01,0,0,0,0.0,0.0,0.0,0,0,0,"-10,000",0,0,0,0,"10,000","-10,000","-10,000"
712647,台半國泰63購01,0,0,0,0.0,0.0,0.0,0,0,0,"69,000",0,0,0,"69,000",0,"69,000","69,000"
712650,元太元大63購06,0,0,0,0.0,0.0,0.0,0,0,0,"-574,000",0,0,0,0,"574,000","-574,000","-574,000"
712651,元太元大64購02,0,0,0,0.0,0.0,0.0,0,0,0,"10,000",0,0,0,"10,000",0,"10,000","10,000"
712652,威剛元大64購04,0,0,0,0.0,0.0,0.0,0,0,0,"240,000",0,0,0,"260,000","20,000","240,000","240,000"
712654,陽程元大64購03,0,0,0,0.0,0.0,0.0,0,0,0,"-3,000",0,0,0,0,"3,000","-3,000","-3,000"
712655,順達元大64購08,0,0,0,0.0,0.0,0.0,0,0,0,"-103,000",0,0,0,0,"103,000","-103,000","-103,000"
712656,鈊象元大64購04,0,0,0,0.0,0.0,0.0,0,0,0,"-50,000",0,0,0,0,"50,000","-50,000","-50,000"
712660,穩懋富邦64購01,0,0,0,0.0,0.0,0.0,0,0,0,"7,000",0,0,0,"7,000",0,"7,000","7,000"
712661,台半統一68購01,0,0,0,0.0,0.0,0.0,0,0,0,"554,000",0,0,0,"584,000","30,000","554,000","554,000"
712662,東捷統一68購01,0,0,0,0.0,0.0,0.0,0,0,0,"-89,000",0,0,0,0,"89,000","-89,000","-89,000"
712664,穩懋統一68購02,0,0,0,0.0,0.0,0.0,0,0,0,"-265,000",0,0,0,"116,000","381,000","-265,000","-265,000"
712665,千如凱基66購01,0,0,0,0.0,0.0,0.0,0,0,0,"58,000",0,0,0,"100,000","42,000","58,000","58,000"
712666,中美晶凱基68購01,0,0,0,0.0,0.0,0.0,0,0,0,"45,000",0,0,0,"170,000","125,000","45,000","45,000"
712667,世界凱基63購06,0,0,0,0.0,0.0,0.0,0,0,0,"10,000",0,0,0,"15,000","5,000","10,000","10,000"
712668,弘塑凱基63購04,0,0,0,0.0,0.0,0.0,0,0,0,"-7,000",0,0,0,"3,000","10,000","-7,000","-7,000"
712669,均華凱基64購02,0,0,0,0.0,0.0,0.0,0,0,0,"119,000",0,0,0,"119,000",0,"119,000","119,000"
712671,東捷凱基63購02,0,0,0,0.0,0.0,0.0,0,0,0,"75,000",0,0,0,"75,000",0,"75,000","75,000"
712672,金益鼎凱基63購01,0,0,0,0.0,0.0,0.0,0,0,0,"38,000",0,0,0,"38,000",0,"38,000","38,000"
712673,順達凱基63購06,0,0,0,0.0,0.0,0.0,0,0,0,"-35,000",0,0,0,0,"35,000","-35,000","-35,000"
712674,頎邦凱基63購03,0,0,0,0.0,0.0,0.0,0,0,0,"82,000",0,0,0,"90,000","8,000","82,000","82,000"
712675,雙鴻凱基63購10,0,0,0,0.0,0.0,0.0,0,0,0,"11,000",0,0,0,"11,000",0,"11,000","11,000"
712677,系統電台新62購01,0,0,0,0.0,0.0,0.0,0,0,0,"41,000",0,0,0,"69,000","28,000","41,000","41,000"
712678,長科*台新65購01,0,0,0,0.0,0.0,0.0,0,0,0,"56,000",0,0,0,"119,000","63,000","56,000","56,000"
712682,中美晶元大64購06,0,0,0,0.0,0.0,0.0,0,0,0,"267,000",0,0,0,"277,000","10,000","267,000","267,000"
712683,元太元大63購07,0,0,0,0.0,0.0,0.0,0,0,0,"-58,000",0,0,0,0,"58,000","-58,000","-58,000"
712684,元太元大63購08,0,0,0,0.0,0.0,0.0,0,0,0,"250,000",0,0,0,"250,000",0,"250,000","250,000"
712685,元太元大64購03,0,0,0,0.0,0.0,0.0,0,0,0,"-277,000",0,0,0,0,"277,000","-277,000","-277,000"
712688,威剛元大64購05,0,0,0,0.0,0.0,0.0,0,0,0,"446,000",0,0,0,"496,000","50,000","446,000","446,000"
712689,順達元大64購09,0,0,0,0.0,0.0,0.0,0,0,0,"-499,000",0,0,0,0,"499,000","-499,000","-499,000"
712690,鈊象元大63購09,0,0,0,0.0,0.0,0.0,0,0,0,"-114,000",0,0,0,0,"114,000","-114,000","-114,000"
712691,鈊象元大64購05,0,0,0,0.0,0.0,0.0,0,0,0,"-181,000",0,0,0,"242,000","423,000","-181,000","-181,000"
712692,群聯元大64購14,0,0,0,0.0,0.0,0.0,0,0,0,"-172,000",0,0,0,0,"172,000","-172,000","-172,000"
712693,蜜望實元大63購02,0,0,0,0.0,0.0,0.0,0,0,0,"-573,000",0,0,0,0,"573,000","-573,000","-573,000"
712694,寶雅元大63購02,0,0,0,0.0,0.0,0.0,0,0,0,"-17,000",0,0,0,0,"17,000","-17,000","-17,000"
712696,沛亨台新65購01,0,0,0,0.0,0.0,0.0,0,0,0,"-5,000",0,0,0,0,"5,000","-5,000","-5,000"
712697,威聯通台新62購01,0,0,0,0.0,0.0,0.0,0,0,0,"-17,000",0,0,0,0,"17,000","-17,000","-17,000"
712698,胡連台新62購01,0,0,0,0.0,0.0,0.0,0,0,0,"-152,000",0,0,0,0,"152,000","-152,000","-152,000"
712700,蜜望實台新62購01,0,0,0,0.0,0.0,0.0,0,0,0,"-41,000",0,0,0,"48,000","89,000","-41,000","-41,000"
712701,蜜望實台新65購01,0,0,0,0.0,0.0,0.0,0,0,0,"-11,000",0,0,0,"35,000","46,000","-11,000","-11,000"
712702,中美晶凱基64購04,0,0,0,0.0,0.0,0.0,0,0,0,"56,000",0,0,0,"56,000",0,"56,000","56,000"
712703,朋億*凱基63購01,0,0,0,0.0,0.0,0.0,0,0,0,"1,000",0,0,0,"1,000",0,"1,000","1,000"
712704,泓格凱基63購01,0,0,0,0.0,0.0,0.0,0,0,0,"-2,000",0,0,0,0,"2,000","-2,000","-2,000"
712706,建榮凱基63購01,0,0,0,0.0,0.0,0.0,0,0,0,"116,000",0,0,0,"146,000","30,000","116,000","116,000"
712707,順達凱基66購01,0,0,0,0.0,0.0,0.0,0,0,0,"-22,000",0,0,0,0,"22,000","-22,000","-22,000"
712710,鉅橡凱基63購01,0,0,0,0.0,0.0,0.0,0,0,0,"-41,000",0,0,0,"10,000","51,000","-41,000","-41,000"
712711,廣閎科凱基63購01,0,0,0,0.0,0.0,0.0,0,0,0,"20,000",0,0,0,"20,000",0,"20,000","20,000"
712712,穩懋凱基63購08,0,0,0,0.0,0.0,0.0,0,0,0,"-83,000",0,0,0,0,"83,000","-83,000","-83,000"
712713,中美晶群益62購04,0,0,0,0.0,0.0,0.0,0,0,0,"10,000",0,0,0,"10,000",0,"10,000","10,000"
712717,威剛群益62購05,0,0,0,0.0,0.0,0.0,0,0,0,"-100,000",0,0,0,0,"100,000","-100,000","-100,000"
712718,原相群益62購02,0,0,0,0.0,0.0,0.0,0,0,0,"-30,000",0,0,0,0,"30,000","-30,000","-30,000"
712720,千如永豐63購01,0,0,0,0.0,0.0,0.0,0,0,0,"-27,000",0,0,0,"171,000","198,000","-27,000","-27,000"
712721,元太永豐63購02,0,0,0,0.0,0.0,0.0,0,0,0,"-96,000",0,0,0,0,"96,000","-96,000","-96,000"
712724,茂迪永豐64購01,0,0,0,0.0,0.0,0.0,0,0,0,"3,000",0,0,0,"3,000",0,"3,000","3,000"
712725,頎邦永豐65購02,0,0,0,0.0,0.0,0.0,0,0,0,"23,000",0,0,0,"23,000",0,"23,000","23,000"
712726,榮剛永豐63購01,0,0,0,0.0,0.0,0.0,0,0,0,"-115,000",0,0,0,"20,000","135,000","-115,000","-115,000"
712729,雙鴻永豐6C購01,0,0,0,0.0,0.0,0.0,0,0,0,"-54,000",0,0,0,0,"54,000","-54,000","-54,000"
712730,穩懋永豐65購01,0,0,0,0.0,0.0,0.0,0,0,0,"-10,000",0,0,0,0,"10,000","-10,000","-10,000"
712731,三聯國票63購01,0,0,0,0.0,0.0,0.0,0,0,0,"-1,011,000",0,0,0,"1,000","1,012,000","-1,011,000","-1,011,000"
712732,蜜望實國票63購01,0,0,0,0.0,0.0,0.0,0,0,0,"-66,000",0,0,0,0,"66,000","-66,000","-66,000"
712733,寬宏國票63購01,0,0,0,0.0,0.0,0.0,0,0,0,"-5,000",0,0,0,0,"5,000","-5,000","-5,000"
712735,順達國泰63購03,0,0,0,0.0,0.0,0.0,0,0,0,"-17,000",0,0,0,0,"17,000","-17,000","-17,000"
712736,順達富邦64購01,0,0,0,0.0,0.0,0.0,0,0,0,"-55,000",0,0,0,0,"55,000","-55,000","-55,000"
712741,新普統一6B購01,0,0,0,0.0,0.0,0.0,0,0,0,"110,000",0,0,0,"110,000",0,"110,000","110,000"
712742,晶焱國票63購01,0,0,0,0.0,0.0,0.0,0,0,0,"-30,000",0,0,0,0,"30,000","-30,000","-30,000"
712745,中美晶群益62購05,0,0,0,0.0,0.0,0.0,0,0,0,"5,000",0,0,0,"15,000","10,000","5,000","5,000"
712746,台特化群益62購03,0,0,0,0.0,0.0,0.0,0,0,0,"100,000",0,0,0,"100,000",0,"100,000","100,000"
712747,弘塑群益63購03,0,0,0,0.0,0.0,0.0,0,0,0,"-13,000",0,0,0,0,"13,000","-13,000","-13,000"
712748,均華群益64購01,0,0,0,0.0,0.0,0.0,0,0,0,"91,000",0,0,0,"187,000","96,000","91,000","91,000"
712749,茂迪群益63購01,0,0,0,0.0,0.0,0.0,0,0,0,"200,000",0,0,0,"200,000",0,"200,000","200,000"
712750,鈊象群益62購01,0,0,0,0.0,0.0,0.0,0,0,0,"-18,000",0,0,0,0,"18,000","-18,000","-18,000"
712752,營邦群益63購01,0,0,0,0.0,0.0,0.0,0,0,0,"29,000",0,0,0,"40,000","11,000","29,000","29,000"
712754,元太凱基63購01,0,0,0,0.0,0.0,0.0,0,0,0,"-45,000",0,0,0,0,"45,000","-45,000","-45,000"
712757,系統電凱基64購02,0,0,0,0.0,0.0,0.0,0,0,0,"-53,000",0,0,0,0,"53,000","-53,000","-53,000"
712758,宜鼎凱基63購05,0,0,0,0.0,0.0,0.0,0,0,0,"72,000",0,0,0,"72,000",0,"72,000","72,000"
712760,頎邦凱基66購01,0,0,0,0.0,0.0,0.0,0,0,0,"-58,000",0,0,0,"82,000","140,000","-58,000","-58,000"
712761,臺慶科凱基63購03,0,0,0,0.0,0.0,0.0,0,0,0,"49,000",0,0,0,"49,000",0,"49,000","49,000"
712763,東捷台新62購02,0,0,0,0.0,0.0,0.0,0,0,0,"25,000",0,0,0,"25,000",0,"25,000","25,000"
712764,倉和台新62購02,0,0,0,0.0,0.0,0.0,0,0,0,"2,000",0,0,0,"2,000",0,"2,000","2,000"
712766,家碩台新62購02,0,0,0,0.0,0.0,0.0,0,0,0,"55,000",0,0,0,"55,000",0,"55,000","55,000"
712768,勤凱台新62購01,0,0,0,0.0,0.0,0.0,0,0,0,"67,000",0,0,0,"71,000","4,000","67,000","67,000"
712769,營邦台新63購01,0,0,0,0.0,0.0,0.0,0,0,0,"32,000",0,0,0,"32,000",0,"32,000","32,000"
712771,營邦台新66購01,0,0,0,0.0,0.0,0.0,0,0,0,"5,000",0,0,0,"5,000",0,"5,000","5,000"
712772,元太元大64購04,0,0,0,0.0,0.0,0.0,0,0,0,"-499,000",0,0,0,0,"499,000","-499,000","-499,000"
712773,弘塑元大63購04,0,0,0,0.0,0.0,0.0,0,0,0,"325,000",0,0,0,"325,000",0,"325,000","325,000"
712774,弘塑元大63購05,0,0,0,0.0,0.0,0.0,0,0,0,"-893,000",0,0,0,0,"893,000","-893,000","-893,000"
712775,弘塑元大64購04,0,0,0,0.0,0.0,0.0,0,0,0,"505,000",0,0,0,"505,000",0,"505,000","505,000"
712776,均華元大64購04,0,0,0,0.0,0.0,0.0,0,0,0,"-347,000",0,0,0,0,"347,000","-347,000","-347,000"
712777,威剛元大64購06,0,0,0,0.0,0.0,0.0,0,0,0,"-20,000",0,0,0,0,"20,000","-20,000","-20,000"
712779,順達元大63購06,0,0,0,0.0,0.0,0.0,0,0,0,"-390,000",0,0,0,"20,000","410,000","-390,000","-390,000"
712780,順達元大63購07,0,0,0,0.0,0.0,0.0,0,0,0,"-111,000",0,0,0,0,"111,000","-111,000","-111,000"
712781,順達元大64購10,0,0,0,0.0,0.0,0.0,0,0,0,"-495,000",0,0,0,0,"495,000","-495,000","-495,000"
712782,順達元大64購11,0,0,0,0.0,0.0,0.0,0,0,0,"-496,000",0,0,0,0,"496,000","-496,000","-496,000"
712786,群聯元大64購15,0,0,0,0.0,0.0,0.0,0,0,0,"-496,000",0,0,0,0,"496,000","-496,000","-496,000"
712788,台星科統一6B購01,0,0,0,0.0,0.0,0.0,0,0,0,"98,000",0,0,0,"98,000",0,"98,000","98,000"
712791,倉和統一68購02,0,0,0,0.0,0.0,0.0,0,0,0,"113,000",0,0,0,"379,000","266,000","113,000","113,000"
712792,陽程統一6C購02,0,0,0,0.0,0.0,0.0,0,0,0,"459,000",0,0,0,"470,000","11,000","459,000","459,000"
712794,穩懋統一68購03,0,0,0,0.0,0.0,0.0,0,0,0,"29,000",0,0,0,"79,000","50,000","29,000","29,000"
712795,家登中信63購01,0,0,0,0.0,0.0,0.0,0,0,0,"-8,000",0,0,0,"2,000","10,000","-8,000","-8,000"
712796,世禾永豐63購01,0,0,0,0.0,0.0,0.0,0,0,0,"112,000",0,0,0,"211,000","99,000","112,000","112,000"
712797,安葆永豐63購02,0,0,0,0.0,0.0,0.0,0,0,0,"7,000",0,0,0,"7,000",0,"7,000","7,000"
712798,宏捷科永豐63購01,0,0,0,0.0,0.0,0.0,0,0,0,"-68,000",0,0,0,"86,000","154,000","-68,000","-68,000"
712799,倚強永豐64購01,0,0,0,0.0,0.0,0.0,0,0,0,"-3,000",0,0,0,0,"3,000","-3,000","-3,000"
712803,湧德永豐63購01,0,0,0,0.0,0.0,0.0,0,0,0,"-10,000",0,0,0,"10,000","20,000","-10,000","-10,000"
712804,順達永豐63購04,0,0,0,0.0,0.0,0.0,0,0,0,"-25,000",0,0,0,0,"25,000","-25,000","-25,000"
712806,磐儀永豐63購01,0,0,0,0.0,0.0,0.0,0,0,0,"100,000",0,0,0,"100,000",0,"100,000","100,000"
712807,鴻呈永豐63購01,0,0,0,0.0,0.0,0.0,0,0,0,"39,000",0,0,0,"41,000","2,000","39,000","39,000"
712809,弘塑富邦64購02,0,0,0,0.0,0.0,0.0,0,0,0,"22,000",0,0,0,"50,000","28,000","22,000","22,000"
712810,頎邦富邦65購02,0,0,0,0.0,0.0,0.0,0,0,0,"58,000",0,0,0,"68,000","10,000","58,000","58,000"
712812,元太台新65購02,0,0,0,0.0,0.0,0.0,0,0,0,"-104,000",0,0,0,0,"104,000","-104,000","-104,000"
712813,均華台新62購04,0,0,0,0.0,0.0,0.0,0,0,0,"-151,000",0,0,0,"1,000","152,000","-151,000","-151,000"
712814,竑騰台新62購03,0,0,0,0.0,0.0,0.0,0,0,0,"-1,000",0,0,0,"1,000","2,000","-1,000","-1,000"
712817,普萊德台新62購01,0,0,0,0.0,0.0,0.0,0,0,0,0,0,0,0,"10,000","10,000",0,0
712818,晶呈台新62購01,0,0,0,0.0,0.0,0.0,0,0,0,"40,000",0,0,0,"40,000",0,"40,000","40,000"
712820,晶呈台新65購01,0,0,0,0.0,0.0,0.0,0,0,0,"-2,000",0,0,0,0,"2,000","-2,000","-2,000"
712822,均華群益64購02,0,0,0,0.0,0.0,0.0,0,0,0,"48,000",0,0,0,"48,000",0,"48,000","48,000"
712827,倉和元大62購02,0,0,0,0.0,0.0,0.0,0,0,0,"48,000",0,0,0,"232,000","184,000","48,000","48,000"
712828,陽程元大62購01,0,0,0,0.0,0.0,0.0,0,0,0,"117,000",0,0,0,"130,000","13,000","117,000","117,000"
712829,陽程元大62購02,0,0,0,0.0,0.0,0.0,0,0,0,"-11,000",0,0,0,"34,000","45,000","-11,000","-11,000"
712830,陽程元大62購03,0,0,0,0.0,0.0,0.0,0,0,0,"-238,000",0,0,0,0,"238,000","-238,000","-238,000"
712831,陽程元大63購04,0,0,0,0.0,0.0,0.0,0,0,0,"152,000",0,0,0,"189,000","37,000","152,000","152,000"
712832,陽程元大65購03,0,0,0,0.0,0.0,0.0,0,0,0,"-7,000",0,0,0,"3,000","10,000","-7,000","-7,000"
712833,群聯元大65購01,0,0,0,0.0,0.0,0.0,0,0,0,"-6,000",0,0,0,0,"6,000","-6,000","-6,000"
712834,廣閎科元大62購01,0,0,0,0.0,0.0,0.0,0,0,0,"-10,000",0,0,0,0,"10,000","-10,000","-10,000"
712835,營邦元大62購02,0,0,0,0.0,0.0,0.0,0,0,0,"118,000",0,0,0,"205,000","87,000","118,000","118,000"
712836,中美晶凱基66購02,0,0,0,0.0,0.0,0.0,0,0,0,"26,000",0,0,0,"26,000",0,"26,000","26,000"
712839,系統電凱基66購01,0,0,0,0.0,0.0,0.0,0,0,0,"106,000",0,0,0,"106,000",0,"106,000","106,000"
712842,博智凱基63購05,0,0,0,0.0,0.0,0.0,0,0,0,"75,000",0,0,0,"77,000","2,000","75,000","75,000"
712843,順達凱基63購07,0,0,0,0.0,0.0,0.0,0,0,0,"87,000",0,0,0,"107,000","20,000","87,000","87,000"
712847,千附精永豐63購01,0,0,0,0.0,0.0,0.0,0,0,0,"65,000",0,0,0,"65,000",0,"65,000","65,000"
712853,聖暉*富邦62購01,0,0,0,0.0,0.0,0.0,0,0,0,"477,000",0,0,0,"811,000","334,000","477,000","477,000"
712854,大中國票63購01,0,0,0,0.0,0.0,0.0,0,0,0,"30,000",0,0,0,"40,000","10,000","30,000","30,000"
712856,越峰國票68購01,0,0,0,0.0,0.0,0.0,0,0,0,"-65,000",0,0,0,"10,000","75,000","-65,000","-65,000"
712859,陽程國票68購01,0,0,0,0.0,0.0,0.0,0,0,0,"-8,000",0,0,0,"5,000","13,000","-8,000","-8,000"
712860,鏵友益國票66購01,0,0,0,0.0,0.0,0.0,0,0,0,"105,000",0,0,0,"105,000",0,"105,000","105,000"
712861,鏵友益國票68購01,0,0,0,0.0,0.0,0.0,0,0,0,"24,000",0,0,0,"24,000",0,"24,000","24,000"
712864,欣銓台新65購01,0,0,0,0.0,0.0,0.0,0,0,0,"-136,000",0,0,0,"269,000","405,000","-136,000","-136,000"
712865,萬泰科台新65購01,0,0,0,0.0,0.0,0.0,0,0,0,"4,000",0,0,0,"21,000","17,000","4,000","4,000"
712866,臺慶科台新65購01,0,0,0,0.0,0.0,0.0,0,0,0,"-58,000",0,0,0,"163,000","221,000","-58,000","-58,000"
712869,均華凱基63購01,0,0,0,0.0,0.0,0.0,0,0,0,"-70,000",0,0,0,0,"70,000","-70,000","-70,000"
712871,頎邦凱基63購04,0,0,0,0.0,0.0,0.0,0,0,0,"462,000",0,0,0,"472,000","10,000","462,000","462,000"
712872,廣閎科凱基63購02,0,0,0,0.0,0.0,0.0,0,0,0,"-26,000",0,0,0,0,"26,000","-26,000","-26,000"
712874,中美晶群益62購06,0,0,0,0.0,0.0,0.0,0,0,0,"426,000",0,0,0,"439,000","13,000","426,000","426,000"
712877,由田群益63購01,0,0,0,0.0,0.0,0.0,0,0,0,"78,000",0,0,0,"95,000","17,000","78,000","78,000"
712879,晶呈群益64購01,0,0,0,0.0,0.0,0.0,0,0,0,"20,000",0,0,0,"30,000","10,000","20,000","20,000"
712880,華電網群益62購01,0,0,0,0.0,0.0,0.0,0,0,0,"-4,000",0,0,0,0,"4,000","-4,000","-4,000"
712882,新應材群益62購03,0,0,0,0.0,0.0,0.0,0,0,0,"27,000",0,0,0,"27,000",0,"27,000","27,000"
712883,群聯群益62購05,0,0,0,0.0,0.0,0.0,0,0,0,"1,000",0,0,0,"1,000",0,"1,000","1,000"
712886,中美晶永豐63購01,0,0,0,0.0,0.0,0.0,0,0,0,"60,000",0,0,0,"60,000",0,"60,000","60,000"
712888,由田永豐63購01,0,0,0,0.0,0.0,0.0,0,0,0,"-106,000",0,0,0,0,"106,000","-106,000","-106,000"
712889,群聯永豐63購07,0,0,0,0.0,0.0,0.0,0,0,0,"-115,000",0,0,0,0,"115,000","-115,000","-115,000"
712890,廣運永豐63購01,0,0,0,0.0,0.0,0.0,0,0,0,"-30,000",0,0,0,0,"30,000","-30,000","-30,000"
712893,世紀*國票67購01,0,0,0,0.0,0.0,0.0,0,0,0,"-50,000",0,0,0,"25,000","75,000","-50,000","-50,000"
712894,台半國票66購01,0,0,0,0.0,0.0,0.0,0,0,0,"15,000",0,0,0,"15,000",0,"15,000","15,000"
712895,由田國票65購01,0,0,0,0.0,0.0,0.0,0,0,0,"-10,000",0,0,0,0,"10,000","-10,000","-10,000"
712899,博盛國票66購01,0,0,0,0.0,0.0,0.0,0,0,0,"8,000",0,0,0,"10,000","2,000","8,000","8,000"
712900,富強鑫國票67購01,0,0,0,0.0,0.0,0.0,0,0,0,"-14,000",0,0,0,0,"14,000","-14,000","-14,000"
712901,漢達國票66購01,0,0,0,0.0,0.0,0.0,0,0,0,"-2,000",0,0,0,0,"2,000","-2,000","-2,000"
712902,寶雅國票66購01,0,0,0,0.0,0.0,0.0,0,0,0,"6,000",0,0,0,"6,000",0,"6,000","6,000"
712903,中美晶元大62購01,0,0,0,0.0,0.0,0.0,0,0,0,"38,000",0,0,0,"83,000","45,000","38,000","38,000"
712905,均華元大68購01,0,0,0,0.0,0.0,0.0,0,0,0,"61,000",0,0,0,"182,000","121,000","61,000","61,000"
712907,建榮元大62購01,0,0,0,0.0,0.0,0.0,0,0,0,"459,000",0,0,0,"479,000","20,000","459,000","459,000"
712908,群聯元大65購02,0,0,0,0.0,0.0,0.0,0,0,0,"-239,000",0,0,0,0,"239,000","-239,000","-239,000"
712909,寶雅元大62購01,0,0,0,0.0,0.0,0.0,0,0,0,"137,000",0,0,0,"137,000",0,"137,000","137,000"
712911,均華統一6A購01,0,0,0,0.0,0.0,0.0,0,0,0,"1,000",0,0,0,"100,000","99,000","1,000","1,000"
712913,晶呈統一68購01,0,0,0,0.0,0.0,0.0,0,0,0,"62,000",0,0,0,"62,000",0,"62,000","62,000"
712914,晶呈統一6C購01,0,0,0,0.0,0.0,0.0,0,0,0,"-235,000",0,0,0,"15,000","250,000","-235,000","-235,000"
712916,穩懋富邦65購01,0,0,0,0.0,0.0,0.0,0,0,0,"-60,000",0,0,0,"172,000","232,000","-60,000","-60,000"
712917,寶雅富邦64購01,0,0,0,0.0,0.0,0.0,0,0,0,"225,000",0,0,0,"225,000",0,"225,000","225,000"
712918,寶雅富邦65購01,0,0,0,0.0,0.0,0.0,0,0,0,"-6,000",0,0,0,0,"6,000","-6,000","-6,000"
712920,均華元大68購02,0,0,0,0.0,0.0,0.0,0,0,0,"-177,000",0,0,0,0,"177,000","-177,000","-177,000"
712923,群聯元大68購03,0,0,0,0.0,0.0,0.0,0,0,0,"-60,000",0,0,0,0,"60,000","-60,000","-60,000"
712924,臺慶科元大62購01,0,0,0,0.0,0.0,0.0,0,0,0,"-248,000",0,0,0,"6,000","254,000","-248,000","-248,000"
712925,川寶國票65購02,"2,000",0,"2,000",0.0,0.0,0.0,0,0,0,"-122,000",0,0,0,0,"122,000","-122,000","-120,000"
712926,世紀*國票69購01,0,0,0,0.0,0.0,0.0,0,0,0,"-3,000",0,0,0,0,"3,000","-3,000","-3,000"
712928,倉和國票69購01,0,0,0,0.0,0.0,0.0,0,0,0,"19,000",0,0,0,"20,000","1,000","19,000","19,000"
712929,倉和國票6A購01,0,0,0,0.0,0.0,0.0,0,0,0,"-14,000",0,0,0,0,"14,000","-14,000","-14,000"
712930,倉和國票6C購01,0,0,0,0.0,0.0,0.0,0,0,0,"7,000",0,0,0,"42,000","35,000","7,000","7,000"
712938,雙鴻永豐63購05,0,0,0,0.0,0.0,0.0,0,0,0,"59,000",0,0,0,"85,000","26,000","59,000","59,000"
712943,新門台新62購01,0,0,0,0.0,0.0,0.0,0,0,0,"30,000",0,0,0,"39,000","9,000","30,000","30,000"
712944,瑞耘台新62購01,0,0,0,0.0,0.0,0.0,0,0,0,"444,000",0,0,0,"451,000","7,000","444,000","444,000"
712945,中美晶凱基64購05,0,0,0,0.0,0.0,0.0,0,0,0,"-25,000",0,0,0,"50,000","75,000","-25,000","-25,000"
712947,台半凱基64購01,0,0,0,0.0,0.0,0.0,0,0,0,"110,000",0,0,0,"137,000","27,000","110,000","110,000"
712948,弘塑凱基68購01,0,0,0,0.0,0.0,0.0,0,0,0,"216,000",0,0,0,"216,000",0,"216,000","216,000"
712949,均華凱基68購02,0,0,0,0.0,0.0,0.0,0,0,0,"262,000",0,0,0,"354,000","92,000","262,000","262,000"
712950,宜鼎凱基63購06,0,0,0,0.0,0.0,0.0,0,0,0,"1,000",0,0,0,"1,000",0,"1,000","1,000"
712953,博盛凱基66購01,0,0,0,0.0,0.0,0.0,0,0,0,"14,000",0,0,0,"14,000",0,"14,000","14,000"
712954,鈊象凱基63購02,0,0,0,0.0,0.0,0.0,0,0,0,"-17,000",0,0,0,0,"17,000","-17,000","-17,000"
712958,均華群益62購01,0,0,0,0.0,0.0,0.0,0,0,0,"35,000",0,0,0,"45,000","10,000","35,000","35,000"
712961,元太國泰63購01,0,0,0,0.0,0.0,0.0,0,0,0,"-22,000",0,0,0,"10,000","32,000","-22,000","-22,000"
712963,台特化富邦62購01,0,0,0,0.0,0.0,0.0,0,0,0,"-97,000",0,0,0,"70,000","167,000","-97,000","-97,000"
712967,台半凱基63購02,0,0,0,0.0,0.0,0.0,0,0,0,"137,000",0,0,0,"137,000",0,"137,000","137,000"
712968,安葆凱基63購01,0,0,0,0.0,0.0,0.0,0,0,0,"92,000",0,0,0,"218,000","126,000","92,000","92,000"
712970,耕興凱基65購01,0,0,0,0.0,0.0,0.0,0,0,0,"22,000",0,0,0,"72,000","50,000","22,000","22,000"
712974,群聯凱基64購08,0,0,0,0.0,0.0,0.0,0,0,0,"-196,000",0,0,0,0,"196,000","-196,000","-196,000"
712976,營邦凱基63購03,0,0,0,0.0,0.0,0.0,0,0,0,"-4,000",0,0,0,0,"4,000","-4,000","-4,000"
712978,穩懋凱基65購01,0,0,0,0.0,0.0,0.0,0,0,0,"-6,000",0,0,0,0,"6,000","-6,000","-6,000"
712980,鑫聯凱基63購01,0,0,0,0.0,0.0,0.0,0,0,0,"-499,000",0,0,0,"120,000","619,000","-499,000","-499,000"
712981,千如國票67購01,0,0,0,0.0,0.0,0.0,0,0,0,"69,000",0,0,0,"113,000","44,000","69,000","69,000"
712982,世紀*國票65購01,0,0,0,0.0,0.0,0.0,0,0,0,"-80,000",0,0,0,"41,000","121,000","-80,000","-80,000"
712983,世紀*國票6B購01,0,0,0,0.0,0.0,0.0,0,0,0,"77,000",0,0,0,"92,000","15,000","77,000","77,000"
712985,松瑞藥國票66購01,0,0,0,0.0,0.0,0.0,0,0,0,"-1,387,000",0,0,0,0,"1,387,000","-1,387,000","-1,387,000"
712986,宸曜國票63購01,0,0,0,0.0,0.0,0.0,0,0,0,"-5,000",0,0,0,0,"5,000","-5,000","-5,000"
712988,新應材國票63購02,0,0,0,0.0,0.0,0.0,0,0,0,"-1,000",0,0,0,"1,000","2,000","-1,000","-1,000"
712989,群翊國票65購01,0,0,0,0.0,0.0,0.0,0,0,0,"10,000",0,0,0,"10,000",0,"10,000","10,000"
712993,威剛元大65購12,0,0,0,0.0,0.0,0.0,0,0,0,"33,000",0,0,0,"39,000","6,000","33,000","33,000"
712994,崇越電元大62購02,0,0,0,0.0,0.0,0.0,0,0,0,"-37,000",0,0,0,0,"37,000","-37,000","-37,000"
712995,順達元大68購01,0,0,0,0.0,0.0,0.0,0,0,0,"-34,000",0,0,0,"34,000","68,000","-34,000","-34,000"
712996,群聯元大68購04,0,0,0,0.0,0.0,0.0,0,0,0,"-372,000",0,0,0,0,"372,000","-372,000","-372,000"
712997,中美晶群益62購07,0,0,0,0.0,0.0,0.0,0,0,0,"-5,000",0,0,0,0,"5,000","-5,000","-5,000"
712998,弘塑群益62購03,0,0,0,0.0,0.0,0.0,0,0,0,"10,000",0,0,0,"15,000","5,000","10,000","10,000"
712999,弘塑群益68購01,0,0,0,0.0,0.0,0.0,0,0,0,"-287,000",0,0,0,"5,000","292,000","-287,000","-287,000"
713000,良維群益64購01,0,0,0,0.0,0.0,0.0,0,0,0,"26,000",0,0,0,"26,000",0,"26,000","26,000"
713001,宜特群益62購03,0,0,0,0.0,0.0,0.0,0,0,0,"115,000",0,0,0,"148,000","33,000","115,000","115,000"
713002,宜鼎群益62購02,0,0,0,0.0,0.0,0.0,0,0,0,"-10,000",0,0,0,0,"10,000","-10,000","-10,000"
713004,茂綸群益63購01,0,0,0,0.0,0.0,0.0,0,0,0,"5,000",0,0,0,"15,000","10,000","5,000","5,000"
713008,高技群益62購01,0,0,0,0.0,0.0,0.0,0,0,0,"-187,000",0,0,0,"39,000","226,000","-187,000","-187,000"
713010,博智群益62購03,0,0,0,0.0,0.0,0.0,0,0,0,"-67,000",0,0,0,"21,000","88,000","-67,000","-67,000"
713012,順達群益62購02,0,0,0,0.0,0.0,0.0,0,0,0,0,0,0,0,"15,000","15,000",0,0
713013,鈊象群益62購03,0,0,0,0.0,0.0,0.0,0,0,0,"-31,000",0,0,0,0,"31,000","-31,000","-31,000"
713014,新應材群益62購04,0,0,0,0.0,0.0,0.0,0,0,0,"-10,000",0,0,0,"10,000","20,000","-10,000","-10,000"
713016,榮剛群益68購01,0,0,0,0.0,0.0,0.0,0,0,0,"-46,000",0,0,0,0,"46,000","-46,000","-46,000"
713017,漢達群益62購01,0,0,0,0.0,0.0,0.0,0,0,0,"1,000",0,0,0,"1,000",0,"1,000","1,000"
713018,臺慶科群益65購01,0,0,0,0.0,0.0,0.0,0,0,0,"130,000",0,0,0,"178,000","48,000","130,000","130,000"
713020,穩懋群益63購03,0,0,0,0.0,0.0,0.0,0,0,0,"3,000",0,0,0,"3,000",0,"3,000","3,000"
713024,宏觀永豐63購01,0,0,0,0.0,0.0,0.0,0,0,0,"-60,000",0,0,0,0,"60,000","-60,000","-60,000"
713027,朋程永豐63購01,0,0,0,0.0,0.0,0.0,0,0,0,"-30,000",0,0,0,0,"30,000","-30,000","-30,000"
713030,立敦台新65購01,0,0,0,0.0,0.0,0.0,0,0,0,"21,000",0,0,0,"29,000","8,000","21,000","21,000"
713031,宜鼎台新62購05,0,0,0,0.0,0.0,0.0,0,0,0,"20,000",0,0,0,"30,000","10,000","20,000","20,000"
713032,元太群益62購02,0,0,0,0.0,0.0,0.0,0,0,0,"-10,000",0,0,0,0,"10,000","-10,000","-10,000"
713034,廣運群益62購01,0,0,0,0.0,0.0,0.0,0,0,0,"10,000",0,0,0,"20,000","10,000","10,000","10,000"
713038,安葆元大62購01,0,0,0,0.0,0.0,0.0,0,0,0,"241,000",0,0,0,"245,000","4,000","241,000","241,000"
713039,安葆元大62購02,0,0,0,0.0,0.0,0.0,0,0,0,"-141,000",0,0,0,0,"141,000","-141,000","-141,000"
713040,竑騰元大62購01,0,0,0,0.0,0.0,0.0,0,0,0,"-18,000",0,0,0,"97,000","115,000","-18,000","-18,000"
713042,雙鴻元大62購03,0,0,0,0.0,0.0,0.0,0,0,0,"106,000",0,0,0,"203,000","97,000","106,000","106,000"
713044,中美晶凱基63購07,0,0,0,0.0,0.0,0.0,0,0,0,"20,000",0,0,0,"20,000",0,"20,000","20,000"
713045,弘塑凱基63購06,0,0,0,0.0,0.0,0.0,0,0,0,"-2,000",0,0,0,0,"2,000","-2,000","-2,000"
713046,宜特凱基63購02,0,0,0,0.0,0.0,0.0,0,0,0,"-64,000",0,0,0,"11,000","75,000","-64,000","-64,000"
713051,順達凱基63購08,0,0,0,0.0,0.0,0.0,0,0,0,"-19,000",0,0,0,0,"19,000","-19,000","-19,000"
713052,鈊象凱基63購03,0,0,0,0.0,0.0,0.0,0,0,0,"-185,000",0,0,0,"104,000","289,000","-185,000","-185,000"
713055,群聯凱基63購14,0,0,0,0.0,0.0,0.0,0,0,0,0,0,0,0,"17,000","17,000",0,0
713056,榮剛凱基68購01,0,0,0,0.0,0.0,0.0,0,0,0,"-20,000",0,0,0,0,"20,000","-20,000","-20,000"
713059,安葆國票63購01,0,0,0,0.0,0.0,0.0,0,0,0,"1,000",0,0,0,"1,000",0,"1,000","1,000"
713060,信立國票63購01,0,0,0,0.0,0.0,0.0,0,0,0,"-2,000",0,0,0,0,"2,000","-2,000","-2,000"
713062,聖暉*國票65購02,0,0,0,0.0,0.0,0.0,0,0,0,"30,000",0,0,0,"50,000","20,000","30,000","30,000"
713065,世界永豐64購02,0,0,0,0.0,0.0,0.0,0,0,0,"29,000",0,0,0,"29,000",0,"29,000","29,000"
713066,安葆永豐64購01,0,0,0,0.0,0.0,0.0,0,0,0,"-40,000",0,0,0,0,"40,000","-40,000","-40,000"
713067,威剛永豐63購01,0,0,0,0.0,0.0,0.0,0,0,0,"41,000",0,0,0,"41,000",0,"41,000","41,000"
713068,威剛永豐63購02,0,0,0,0.0,0.0,0.0,0,0,0,"22,000",0,0,0,"22,000",0,"22,000","22,000"
713071,宜特富邦64購01,0,0,0,0.0,0.0,0.0,0,0,0,"-57,000",0,0,0,"38,000","95,000","-57,000","-57,000"
713072,威剛富邦68購01,0,0,0,0.0,0.0,0.0,0,0,0,"2,000",0,0,0,"154,000","152,000","2,000","2,000"
713073,高技富邦64購01,0,0,0,0.0,0.0,0.0,0,0,0,"-97,000",0,0,0,"560,000","657,000","-97,000","-97,000"
713074,博智富邦63購03,0,0,0,0.0,0.0,0.0,0,0,0,"63,000",0,0,0,"73,000","10,000","63,000","63,000"
713075,智通*富邦64購03,0,0,0,0.0,0.0,0.0,0,0,0,"-194,000",0,0,0,"150,000","344,000","-194,000","-194,000"
713077,寶雅*富邦64購02,0,0,0,0.0,0.0,0.0,0,0,0,"64,000",0,0,0,"64,000",0,"64,000","64,000"
713078,建榮統一6B購01,0,0,0,0.0,0.0,0.0,0,0,0,"-4,000",0,0,0,"28,000","32,000","-4,000","-4,000"
713082,高技台新62購01,0,0,0,0.0,0.0,0.0,0,0,0,"35,000",0,0,0,"146,000","111,000","35,000","35,000"
713085,榮剛台新65購01,0,0,0,0.0,0.0,0.0,0,0,0,"-191,000",0,0,0,"9,000","200,000","-191,000","-191,000"
713087,穩懋台新62購03,0,0,0,0.0,0.0,0.0,0,0,0,"26,000",0,0,0,"27,000","1,000","26,000","26,000"
713090,台星科凱基63購01,0,0,0,0.0,0.0,0.0,0,0,0,"350,000",0,0,0,"350,000",0,"350,000","350,000"
713093,威剛凱基63購09,0,0,0,0.0,0.0,0.0,0,0,0,"70,000",0,0,0,"70,000",0,"70,000","70,000"
713096,竑騰凱基63購01,0,0,0,0.0,0.0,0.0,0,0,0,"551,000",0,0,0,"1,063,000","512,000","551,000","551,000"
713099,聖暉*凱基63購01,0,0,0,0.0,0.0,0.0,0,0,0,"447,000",0,0,0,"657,000","210,000","447,000","447,000"
713102,高技國泰63購01,0,0,0,0.0,0.0,0.0,0,0,0,"-90,000",0,0,0,"9,000","99,000","-90,000","-90,000"
713103,群翊國泰63購01,0,0,0,0.0,0.0,0.0,0,0,0,"-14,000",0,0,0,"6,000","20,000","-14,000","-14,000"
713104,大綜國票63購01,0,"1,000","-1,000",0.0,0.0,0.0,0,0,0,"3,000",0,0,0,"3,000",0,"3,000","2,000"
713105,大綜國票64購01,0,0,0,0.0,0.0,0.0,0,0,0,"106,000",0,0,0,"159,000","53,000","106,000","106,000"
713106,宏捷科國票66購01,0,0,0,0.0,0.0,0.0,0,0,0,"30,000",0,0,0,"30,000",0,"30,000","30,000"
713109,聖暉*富邦62購02,0,0,0,0.0,0.0,0.0,0,0,0,"799,000",0,0,0,"918,000","119,000","799,000","799,000"
713110,台半中信62購01,0,0,0,0.0,0.0,0.0,0,0,0,"292,000",0,0,0,"302,000","10,000","292,000","292,000"
713111,宜鼎中信62購02,0,0,0,0.0,0.0,0.0,0,0,0,"-54,000",0,0,0,0,"54,000","-54,000","-54,000"
713113,大綜永豐63購01,0,0,0,0.0,0.0,0.0,0,0,0,"732,000",0,0,0,"732,000",0,"732,000","732,000"
713114,宏碩永豐65購01,0,0,0,0.0,0.0,0.0,0,0,0,"1,000",0,0,0,"1,000",0,"1,000","1,000"
713116,竑騰永豐63購02,0,0,0,0.0,0.0,0.0,0,0,0,"-37,000",0,0,0,0,"37,000","-37,000","-37,000"
713117,頎邦永豐64購02,0,0,0,0.0,0.0,0.0,0,0,0,"184,000",0,0,0,"184,000",0,"184,000","184,000"
713118,榮剛永豐63購02,0,0,0,0.0,0.0,0.0,0,0,0,"-203,000",0,0,0,0,"203,000","-203,000","-203,000"
713122,台半群益62購04,0,0,0,0.0,0.0,0.0,0,0,0,"3,000",0,0,0,"3,000",0,"3,000","3,000"
713123,系統電群益64購01,0,0,0,0.0,0.0,0.0,0,0,0,"5,000",0,0,0,"5,000",0,"5,000","5,000"
713125,欣銓群益62購01,0,0,0,0.0,0.0,0.0,0,0,0,"-47,000",0,0,0,"30,000","77,000","-47,000","-47,000"
713126,青雲群益64購01,0,0,0,0.0,0.0,0.0,0,0,0,"15,000",0,0,0,"15,000",0,"15,000","15,000"
713129,順達群益62購03,0,0,0,0.0,0.0,0.0,0,0,0,"-11,000",0,0,0,"10,000","21,000","-11,000","-11,000"
713130,鈊象群益62購04,0,0,0,0.0,0.0,0.0,0,0,0,"-51,000",0,0,0,0,"51,000","-51,000","-51,000"
713132,群翊群益62購01,0,0,0,0.0,0.0,0.0,0,0,0,"-20,000",0,0,0,0,"20,000","-20,000","-20,000"
713134,鉅橡群益62購01,0,0,0,0.0,0.0,0.0,0,0,0,"22,000",0,0,0,"32,000","10,000","22,000","22,000"
713135,頎邦群益63購01,0,0,0,0.0,0.0,0.0,0,0,0,"-1,000",0,0,0,"16,000","17,000","-1,000","-1,000"
713136,臺慶科群益62購01,0,0,0,0.0,0.0,0.0,0,0,0,"1,000",0,0,0,"33,000","32,000","1,000","1,000"
713138,大綜元大62購01,0,0,0,0.0,0.0,0.0,0,0,0,"-30,000",0,0,0,0,"30,000","-30,000","-30,000"
713139,中美晶元大62購02,0,0,0,0.0,0.0,0.0,0,0,0,"59,000",0,0,0,"160,000","101,000","59,000","59,000"
713140,弘塑元大62購02,0,0,0,0.0,0.0,0.0,0,0,0,"-104,000",0,0,0,0,"104,000","-104,000","-104,000"
713142,沛亨元大62購01,0,0,0,0.0,0.0,0.0,0,0,0,"271,000",0,0,0,"271,000",0,"271,000","271,000"
713143,宜鼎元大62購03,0,0,0,0.0,0.0,0.0,0,0,0,"-10,000",0,0,0,0,"10,000","-10,000","-10,000"
713144,威剛元大65購13,0,0,0,0.0,0.0,0.0,0,0,0,"135,000",0,0,0,"135,000",0,"135,000","135,000"
713148,中美晶凱基62購01,0,0,0,0.0,0.0,0.0,0,0,0,"26,000",0,0,0,"29,000","3,000","26,000","26,000"
713149,台半凱基66購01,0,0,0,0.0,0.0,0.0,0,0,0,"51,000",0,0,0,"51,000",0,"51,000","51,000"
713150,弘塑凱基65購01,0,0,0,0.0,0.0,0.0,0,0,0,"-3,000",0,0,0,0,"3,000","-3,000","-3,000"
713152,系統電凱基64購03,0,0,0,0.0,0.0,0.0,0,0,0,"33,000",0,0,0,"33,000",0,"33,000","33,000"
713155,高技凱基65購01,0,0,0,0.0,0.0,0.0,0,0,0,"220,000",0,0,0,"232,000","12,000","220,000","220,000"
713157,新應材凱基62購01,0,0,0,0.0,0.0,0.0,0,0,0,"16,000",0,0,0,"17,000","1,000","16,000","16,000"
713159,頎邦凱基68購01,0,0,0,0.0,0.0,0.0,0,0,0,"10,000",0,0,0,"60,000","50,000","10,000","10,000"
713160,廣閎科凱基62購01,0,0,0,0.0,0.0,0.0,0,0,0,"-191,000",0,0,0,"87,000","278,000","-191,000","-191,000"
713161,磐亞凱基62購01,0,0,0,0.0,0.0,0.0,0,0,0,"122,000",0,0,0,"300,000","178,000","122,000","122,000"
713162,磐亞凱基62購02,0,0,0,0.0,0.0,0.0,0,0,0,"25,000",0,0,0,"25,000",0,"25,000","25,000"
713164,磐亞凱基62購04,0,0,0,0.0,0.0,0.0,0,0,0,"-5,000",0,0,0,0,"5,000","-5,000","-5,000"
713165,磐亞凱基62購05,0,0,0,0.0,0.0,0.0,0,0,0,"-10,000",0,0,0,0,"10,000","-10,000","-10,000"
713166,環球晶凱基62購01,0,0,0,0.0,0.0,0.0,0,0,0,"-65,000",0,0,0,"9,000","74,000","-65,000","-65,000"
713167,環球晶凱基62購02,0,0,0,0.0,0.0,0.0,0,0,0,"47,000",0,0,0,"117,000","70,000","47,000","47,000"
713168,環球晶凱基62購03,0,0,0,0.0,0.0,0.0,0,0,0,"88,000",0,0,0,"489,000","401,000","88,000","88,000"
713169,環球晶凱基62購04,0,0,0,0.0,0.0,0.0,0,0,0,"-193,000",0,0,0,"31,000","224,000","-193,000","-193,000"
713170,環球晶凱基62購05,0,0,0,0.0,0.0,0.0,0,0,0,"-34,000",0,0,0,"11,000","45,000","-34,000","-34,000"
713171,環球晶凱基64購01,0,0,0,0.0,0.0,0.0,0,0,0,"-2,000",0,0,0,"45,000","47,000","-2,000","-2,000"
713172,環球晶凱基64購02,0,0,0,0.0,0.0,0.0,0,0,0,"146,000",0,0,0,"320,000","174,000","146,000","146,000"
713173,環球晶凱基64購03,0,0,0,0.0,0.0,0.0,0,0,0,"-340,000",0,0,0,"180,000","520,000","-340,000","-340,000"
713174,環球晶凱基64購04,0,0,0,0.0,0.0,0.0,0,0,0,"21,000",0,0,0,"35,000","14,000","21,000","21,000"
713175,雙鴻凱基68購02,0,0,0,0.0,0.0,0.0,0,0,0,"-35,000",0,0,0,0,"35,000","-35,000","-35,000"
713179,環球晶台新62購04,0,0,0,0.0,0.0,0.0,0,0,0,"-172,000",0,0,0,"5,000","177,000","-172,000","-172,000"
713180,環球晶台新62購05,0,0,0,0.0,0.0,0.0,0,0,0,"-1,411,000",0,0,0,"241,000","1,652,000","-1,411,000","-1,411,000"
713181,環球晶台新62購06,0,0,0,0.0,0.0,0.0,0,0,0,"-335,000",0,0,0,"65,000","400,000","-335,000","-335,000"
713182,環球晶台新68購01,0,0,0,0.0,0.0,0.0,0,0,0,"-25,000",0,0,0,"5,000","30,000","-25,000","-25,000"
713183,環球晶台新68購02,0,0,0,0.0,0.0,0.0,0,0,0,"108,000",0,0,0,"144,000","36,000","108,000","108,000"
713184,元太群益62購04,0,0,0,0.0,0.0,0.0,0,0,0,"30,000",0,0,0,"30,000",0,"30,000","30,000"
713186,環球晶群益62購02,0,0,0,0.0,0.0,0.0,0,0,0,"250,000",0,0,0,"270,000","20,000","250,000","250,000"
713187,環球晶群益62購03,0,0,0,0.0,0.0,0.0,0,0,0,"949,000",0,0,0,"1,285,000","336,000","949,000","949,000"
713188,環球晶群益62購04,0,0,0,0.0,0.0,0.0,0,0,0,"236,000",0,0,0,"1,516,000","1,280,000","236,000","236,000"
713189,環球晶群益63購01,0,0,0,0.0,0.0,0.0,0,0,0,"250,000",0,0,0,"548,000","298,000","250,000","250,000"
713190,環球晶統一66購01,0,0,0,0.0,0.0,0.0,0,0,0,"-91,000",0,0,0,"1,056,000","1,147,000","-91,000","-91,000"
713191,環球晶統一6A購01,0,0,0,0.0,0.0,0.0,0,0,0,"143,000",0,0,0,"339,000","196,000","143,000","143,000"
713192,環球晶統一6A購02,0,0,0,0.0,0.0,0.0,0,0,0,"-418,000",0,0,0,"538,000","956,000","-418,000","-418,000"
713193,環球晶統一6C購01,0,0,0,0.0,0.0,0.0,0,0,0,"158,000",0,0,0,"1,762,000","1,604,000","158,000","158,000"
713194,環球晶統一78購01,0,0,0,0.0,0.0,0.0,0,0,0,"-148,000",0,0,0,"408,000","556,000","-148,000","-148,000"
713195,雙鴻統一6A購03,0,0,0,0.0,0.0,0.0,0,0,0,"-151,000",0,0,0,0,"151,000","-151,000","-151,000"
713197,環球晶國泰63購01,0,0,0,0.0,0.0,0.0,0,0,0,"-59,000",0,0,0,"223,000","282,000","-59,000","-59,000"
713198,環球晶國泰64購01,0,0,0,0.0,0.0,0.0,0,0,0,"-73,000",0,0,0,"229,000","302,000","-73,000","-73,000"
713202,環球晶富邦62購01,0,0,0,0.0,0.0,0.0,0,0,0,"-30,000",0,0,0,"175,000","205,000","-30,000","-30,000"
713203,環球晶富邦62購02,0,0,0,0.0,0.0,0.0,0,0,0,"-324,000",0,0,0,"948,000","1,272,000","-324,000","-324,000"
713204,環球晶富邦65購01,0,0,0,0.0,0.0,0.0,0,0,0,"463,000",0,0,0,"1,221,000","758,000","463,000","463,000"
713205,環球晶中信62購01,0,0,0,0.0,0.0,0.0,0,0,0,"-1,364,000",0,0,0,"504,000","1,868,000","-1,364,000","-1,364,000"
713206,環球晶中信62購02,0,0,0,0.0,0.0,0.0,0,0,0,"379,000",0,0,0,"441,000","62,000","379,000","379,000"
713207,磐亞永豐63購01,0,0,0,0.0,0.0,0.0,0,0,0,"-26,000",0,0,0,0,"26,000","-26,000","-26,000"
713208,環球晶永豐63購01,0,0,0,0.0,0.0,0.0,0,0,0,"-250,000",0,0,0,"15,000","265,000","-250,000","-250,000"
713209,環球晶永豐63購02,0,0,0,0.0,0.0,0.0,0,0,0,"-376,000",0,0,0,"175,000","551,000","-376,000","-376,000"
713210,環球晶永豐63購03,0,0,0,0.0,0.0,0.0,0,0,0,"965,000",0,0,0,"2,018,000","1,053,000","965,000","965,000"
713211,環球晶永豐63購04,0,0,0,0.0,0.0,0.0,0,0,0,"-65,000",0,0,0,"279,000","344,000","-65,000","-65,000"
713212,環球晶永豐63購05,0,0,0,0.0,0.0,0.0,0,0,0,"49,000",0,0,0,"90,000","41,000","49,000","49,000"
713213,環球晶永豐63購06,0,0,0,0.0,0.0,0.0,0,0,0,"20,000",0,0,0,"20,000",0,"20,000","20,000"
713214,環球晶永豐65購01,0,0,0,0.0,0.0,0.0,0,0,0,"-36,000",0,0,0,"24,000","60,000","-36,000","-36,000"
713215,環球晶永豐65購02,0,0,0,0.0,0.0,0.0,0,0,0,"-54,000",0,0,0,"8,000","62,000","-54,000","-54,000"
713216,環球晶永豐65購03,0,0,0,0.0,0.0,0.0,0,0,0,"-30,000",0,0,0,"30,000","60,000","-30,000","-30,000"
713217,環球晶永豐68購01,0,0,0,0.0,0.0,0.0,0,0,0,"4,000",0,0,0,"20,000","16,000","4,000","4,000"
713218,環球晶永豐68購02,0,0,0,0.0,0.0,0.0,0,0,0,"-9,000",0,0,0,"11,000","20,000","-9,000","-9,000"
713219,環球晶永豐72購01,0,0,0,0.0,0.0,0.0,0,0,0,"-24,000",0,0,0,"20,000","44,000","-24,000","-24,000"
713221,雙鴻永豐64購06,0,0,0,0.0,0.0,0.0,0,0,0,"60,000",0,0,0,"70,000","10,000","60,000","60,000"
713223,均華國票65購01,0,0,0,0.0,0.0,0.0,0,0,0,"-17,000",0,0,0,0,"17,000","-17,000","-17,000"
713226,威聯通國票66購01,0,0,0,0.0,0.0,0.0,0,0,0,"-71,000",0,0,0,"1,000","72,000","-71,000","-71,000"
713229,環球晶國票64購01,0,0,0,0.0,0.0,0.0,0,0,0,"38,000",0,0,0,"83,000","45,000","38,000","38,000"
713231,中美晶元大62購03,0,0,0,0.0,0.0,0.0,0,0,0,"401,000",0,0,0,"403,000","2,000","401,000","401,000"
713232,均華元大62購02,0,0,0,0.0,0.0,0.0,0,0,0,"-5,000",0,0,0,0,"5,000","-5,000","-5,000"
713234,均華元大67購01,0,0,0,0.0,0.0,0.0,0,0,0,"-20,000",0,0,0,0,"20,000","-20,000","-20,000"
713237,群聯元大62購08,0,0,0,0.0,0.0,0.0,0,0,0,"-139,000",0,0,0,0,"139,000","-139,000","-139,000"
713240,環球晶元大62購01,0,0,0,0.0,0.0,0.0,0,0,0,"6,000",0,0,0,"11,000","5,000","6,000","6,000"
713241,環球晶元大62購02,0,0,0,0.0,0.0,0.0,0,0,0,"398,000",0,0,0,"505,000","107,000","398,000","398,000"
713242,環球晶元大62購03,0,0,0,0.0,0.0,0.0,0,0,0,"-205,000",0,0,0,"235,000","440,000","-205,000","-205,000"
713243,環球晶元大65購03,0,0,0,0.0,0.0,0.0,0,0,0,"-26,000",0,0,0,"17,000","43,000","-26,000","-26,000"
713244,環球晶元大68購09,0,0,0,0.0,0.0,0.0,0,0,0,"-86,000",0,0,0,"192,000","278,000","-86,000","-86,000"
713248,營邦凱基63購04,0,0,0,0.0,0.0,0.0,0,0,0,"84,000",0,0,0,"105,000","21,000","84,000","84,000"
713249,雙鴻凱基64購03,0,0,0,0.0,0.0,0.0,0,0,0,"-7,000",0,0,0,0,"7,000","-7,000","-7,000"
713250,聖暉*台新63購01,0,0,0,0.0,0.0,0.0,0,0,0,"129,000",0,0,0,"133,000","4,000","129,000","129,000"
713251,璟德台新65購01,0,0,0,0.0,0.0,0.0,0,0,0,"52,000",0,0,0,"82,000","30,000","52,000","52,000"
713252,優群台新65購01,0,0,0,0.0,0.0,0.0,0,0,0,"151,000",0,0,0,"151,000",0,"151,000","151,000"
713254,雙鴻台新63購03,0,0,0,0.0,0.0,0.0,0,0,0,"-2,000",0,0,0,0,"2,000","-2,000","-2,000"
713255,中美晶群益63購04,0,0,0,0.0,0.0,0.0,0,0,0,"29,000",0,0,0,"39,000","10,000","29,000","29,000"
713256,弘塑群益63購04,0,0,0,0.0,0.0,0.0,0,0,0,"-34,000",0,0,0,"5,000","39,000","-34,000","-34,000"
713257,宜鼎群益63購03,0,0,0,0.0,0.0,0.0,0,0,0,"-3,000",0,0,0,0,"3,000","-3,000","-3,000"
713259,順達群益63購03,0,0,0,0.0,0.0,0.0,0,0,0,"-5,000",0,0,0,"20,000","25,000","-5,000","-5,000"
713261,新應材群益64購01,0,0,0,0.0,0.0,0.0,0,0,0,0,0,0,0,"5,000","5,000",0,0
713263,雙鴻群益63購05,0,0,0,0.0,0.0,0.0,0,0,0,0,0,0,0,"10,000","10,000",0,0
713266,穩懋中信63購01,0,0,0,0.0,0.0,0.0,0,0,0,"-12,000",0,0,0,"12,000","24,000","-12,000","-12,000"
713267,穩懋中信68購02,0,0,0,0.0,0.0,0.0,0,0,0,"4,000",0,0,0,"20,000","16,000","4,000","4,000"
713268,智通*永豐63購02,0,0,0,0.0,0.0,0.0,0,0,0,"-30,000",0,0,0,0,"30,000","-30,000","-30,000"
713269,雙鴻永豐65購03,0,0,0,0.0,0.0,0.0,0,0,0,"48,000",0,0,0,"81,000","33,000","48,000","48,000"
713271,譜瑞永豐63購01,0,0,0,0.0,0.0,0.0,0,0,0,"63,000",0,0,0,"63,000",0,"63,000","63,000"
713272,中美晶元大63購05,0,0,0,0.0,0.0,0.0,0,0,0,"5,000",0,0,0,"11,000","6,000","5,000","5,000"
713273,中美晶元大63購06,0,0,0,0.0,0.0,0.0,0,0,0,"29,000",0,0,0,"243,000","214,000","29,000","29,000"
713274,中美晶元大63購07,0,0,0,0.0,0.0,0.0,0,0,0,"404,000",0,0,0,"431,000","27,000","404,000","404,000"
713275,宜鼎元大65購04,0,0,0,0.0,0.0,0.0,0,0,0,"-12,000",0,0,0,"11,000","23,000","-12,000","-12,000"
713277,威剛元大63購05,0,0,0,0.0,0.0,0.0,0,0,0,"139,000",0,0,0,"139,000",0,"139,000","139,000"
713279,高技元大63購03,0,0,0,0.0,0.0,0.0,0,0,0,"13,000",0,0,0,"28,000","15,000","13,000","13,000"
713280,高技元大63購04,0,0,0,0.0,0.0,0.0,0,0,0,"-85,000",0,0,0,"2,000","87,000","-85,000","-85,000"
713281,順達元大65購01,0,0,0,0.0,0.0,0.0,0,0,0,"73,000",0,0,0,"198,000","125,000","73,000","73,000"
713283,群聯元大63購17,0,0,0,0.0,0.0,0.0,0,0,0,"-250,000",0,0,0,0,"250,000","-250,000","-250,000"
713284,群聯元大63購18,0,0,0,0.0,0.0,0.0,0,0,0,"-80,000",0,0,0,0,"80,000","-80,000","-80,000"
713285,營邦元大65購02,0,0,0,0.0,0.0,0.0,0,0,0,"-7,000",0,0,0,"11,000","18,000","-7,000","-7,000"
713286,營邦元大66購01,0,0,0,0.0,0.0,0.0,0,0,0,"17,000",0,0,0,"177,000","160,000","17,000","17,000"
713290,鈊象國票66購01,0,0,0,0.0,0.0,0.0,0,0,0,"-10,000",0,0,0,0,"10,000","-10,000","-10,000"
713293,聖暉*國票68購01,0,0,0,0.0,0.0,0.0,0,0,0,"15,000",0,0,0,"29,000","14,000","15,000","15,000"
713294,頎邦國票64購04,0,0,0,0.0,0.0,0.0,0,0,0,"464,000",0,0,0,"520,000","56,000","464,000","464,000"
713295,營邦國票63購01,0,0,0,0.0,0.0,0.0,0,0,0,"-102,000",0,0,0,"3,000","105,000","-102,000","-102,000"
713296,營邦國票64購01,0,0,0,0.0,0.0,0.0,0,0,0,"80,000",0,0,0,"100,000","20,000","80,000","80,000"
713297,環球晶國票63購01,0,0,0,0.0,0.0,0.0,0,0,0,"-88,000",0,0,0,"339,000","427,000","-88,000","-88,000"
713298,晶呈富邦64購01,0,0,0,0.0,0.0,0.0,0,0,0,"172,000",0,0,0,"196,000","24,000","172,000","172,000"
713299,廣閎科富邦63購01,0,0,0,0.0,0.0,0.0,0,0,0,"-128,000",0,0,0,0,"128,000","-128,000","-128,000"
713301,天良國泰63購01,0,0,0,0.0,0.0,0.0,0,0,0,"-5,000",0,0,0,0,"5,000","-5,000","-5,000"
713303,晶呈國泰63購02,0,0,0,0.0,0.0,0.0,0,0,0,"29,000",0,0,0,"55,000","26,000","29,000","29,000"
713305,穩懋國泰64購02,0,0,0,0.0,0.0,0.0,0,0,0,"-1,000",0,0,0,0,"1,000","-1,000","-1,000"
713306,穩懋國泰65購01,0,0,0,0.0,0.0,0.0,0,0,0,"11,000",0,0,0,"11,000",0,"11,000","11,000"
713307,環球晶統一67購01,0,0,0,0.0,0.0,0.0,0,0,0,"32,000",0,0,0,"223,000","191,000","32,000","32,000"
713308,千附精凱基65購01,0,0,0,0.0,0.0,0.0,0,0,0,"65,000",0,0,0,"65,000",0,"65,000","65,000"
713309,中美晶凱基63購08,0,0,0,0.0,0.0,0.0,0,0,0,"14,000",0,0,0,"45,000","31,000","14,000","14,000"
713311,弘塑凱基63購07,0,0,0,0.0,0.0,0.0,0,0,0,"-146,000",0,0,0,"72,000","218,000","-146,000","-146,000"
713312,良維凱基63購02,0,0,0,0.0,0.0,0.0,0,0,0,"-10,000",0,0,0,"1,000","11,000","-10,000","-10,000"
713313,高技凱基63購02,0,0,0,0.0,0.0,0.0,0,0,0,"364,000",0,0,0,"392,000","28,000","364,000","364,000"
713314,順達凱基63購09,0,0,0,0.0,0.0,0.0,0,0,0,"-16,000",0,0,0,0,"16,000","-16,000","-16,000"
713317,群翊凱基63購01,0,0,0,0.0,0.0,0.0,0,0,0,"5,000",0,0,0,"5,000",0,"5,000","5,000"
713318,頎邦凱基63購05,0,0,0,0.0,0.0,0.0,0,0,0,"-61,000",0,0,0,"67,000","128,000","-61,000","-61,000"
713319,頎邦凱基63購06,0,0,0,0.0,0.0,0.0,0,0,0,"-7,000",0,0,0,"66,000","73,000","-7,000","-7,000"
713320,精材凱基63購03,0,0,0,0.0,0.0,0.0,0,0,0,"14,000",0,0,0,"43,000","29,000","14,000","14,000"
713324,環球晶凱基63購01,0,0,0,0.0,0.0,0.0,0,0,0,"26,000",0,0,0,"43,000","17,000","26,000","26,000"
713325,高技台新63購01,0,0,0,0.0,0.0,0.0,0,0,0,"157,000",0,0,0,"244,000","87,000","157,000","157,000"
713326,華宏台新63購01,0,0,0,0.0,0.0,0.0,0,0,0,"15,000",0,0,0,"15,000",0,"15,000","15,000"
713327,華景電台新63購01,0,0,0,0.0,0.0,0.0,0,0,0,"-146,000",0,0,0,"26,000","172,000","-146,000","-146,000"
713328,華景電台新63購02,0,0,0,0.0,0.0,0.0,0,0,0,"-240,000",0,0,0,0,"240,000","-240,000","-240,000"
713330,頎邦台新65購01,0,0,0,0.0,0.0,0.0,0,0,0,"24,000",0,0,0,"24,000",0,"24,000","24,000"
713331,精材台新63購01,0,0,0,0.0,0.0,0.0,0,0,0,"-11,000",0,0,0,"6,000","17,000","-11,000","-11,000"
713332,精材台新63購02,0,0,0,0.0,0.0,0.0,0,0,0,"-3,000",0,0,0,0,"3,000","-3,000","-3,000"
713333,雙鴻台新65購03,0,0,0,0.0,0.0,0.0,0,0,0,"-15,000",0,0,0,0,"15,000","-15,000","-15,000"
713334,譜瑞台新65購01,0,0,0,0.0,0.0,0.0,0,0,0,"-3,000",0,0,0,0,"3,000","-3,000","-3,000"
713335,千附精元大63購02,0,0,0,0.0,0.0,0.0,0,0,0,"520,000",0,0,0,"520,000",0,"520,000","520,000"
713336,元太元大63購09,0,0,0,0.0,0.0,0.0,0,0,0,"-163,000",0,0,0,0,"163,000","-163,000","-163,000"
713339,高技元大63購05,0,0,0,0.0,0.0,0.0,0,0,0,"-43,000",0,0,0,"8,000","51,000","-43,000","-43,000"
713340,鈊象元大63購11,0,0,0,0.0,0.0,0.0,0,0,0,"-22,000",0,0,0,"3,000","25,000","-22,000","-22,000"
713341,群聯元大63購19,0,0,0,0.0,0.0,0.0,0,0,0,"-500,000",0,0,0,0,"500,000","-500,000","-500,000"
713342,精材元大65購01,0,0,0,0.0,0.0,0.0,0,0,0,"-423,000",0,0,0,"3,000","426,000","-423,000","-423,000"
713343,環球晶元大63購01,0,0,0,0.0,0.0,0.0,0,0,0,"-4,000",0,0,0,"24,000","28,000","-4,000","-4,000"
713344,環球晶元大63購02,0,0,0,0.0,0.0,0.0,0,0,0,"40,000",0,0,0,"53,000","13,000","40,000","40,000"
713345,環球晶元大63購03,0,0,0,0.0,0.0,0.0,0,0,0,"-21,000",0,0,0,"30,000","51,000","-21,000","-21,000"
713346,環球晶元大65購04,0,0,0,0.0,0.0,0.0,0,0,0,"-239,000",0,0,0,"28,000","267,000","-239,000","-239,000"
713347,環球晶元大68購10,0,0,0,0.0,0.0,0.0,0,0,0,"-347,000",0,0,0,"91,000","438,000","-347,000","-347,000"
713348,雙鴻元大63購11,0,0,0,0.0,0.0,0.0,0,0,0,"-329,000",0,0,0,0,"329,000","-329,000","-329,000"
713349,雙鴻元大63購12,0,0,0,0.0,0.0,0.0,0,0,0,"-193,000",0,0,0,0,"193,000","-193,000","-193,000"
713350,雙鴻元大63購13,0,0,0,0.0,0.0,0.0,0,0,0,"-5,000",0,0,0,0,"5,000","-5,000","-5,000"
713351,雙鴻元大65購01,0,0,0,0.0,0.0,0.0,0,0,0,"-624,000",0,0,0,0,"624,000","-624,000","-624,000"
713352,譜瑞元大63購05,0,0,0,0.0,0.0,0.0,0,0,0,"87,000",0,0,0,"87,000",0,"87,000","87,000"
713353,弘塑中信65購01,0,0,0,0.0,0.0,0.0,0,0,0,"-30,000",0,0,0,0,"30,000","-30,000","-30,000"
713355,精材中信68購01,0,0,0,0.0,0.0,0.0,0,0,0,"-44,000",0,0,0,0,"44,000","-44,000","-44,000"
713357,台半永豐63購03,0,0,0,0.0,0.0,0.0,0,0,0,"175,000",0,0,0,"175,000",0,"175,000","175,000"
713358,弘塑永豐63購03,0,0,0,0.0,0.0,0.0,0,0,0,"-41,000",0,0,0,0,"41,000","-41,000","-41,000"
713359,弘塑永豐68購01,0,0,0,0.0,0.0,0.0,0,0,0,"-41,000",0,0,0,0,"41,000","-41,000","-41,000"
713361,均華永豐63購03,0,0,0,0.0,0.0,0.0,0,0,0,"6,000",0,0,0,"6,000",0,"6,000","6,000"
713362,原相永豐63購01,0,0,0,0.0,0.0,0.0,0,0,0,"-101,000",0,0,0,"31,000","132,000","-101,000","-101,000"
713363,家登永豐63購04,0,0,0,0.0,0.0,0.0,0,0,0,"23,000",0,0,0,"23,000",0,"23,000","23,000"
713364,高技永豐65購01,0,0,0,0.0,0.0,0.0,0,0,0,"38,000",0,0,0,"58,000","20,000","38,000","38,000"
713369,新應材永豐66購01,0,0,0,0.0,0.0,0.0,0,0,0,"-68,000",0,0,0,"2,000","70,000","-68,000","-68,000"
713370,頎邦永豐63購03,0,0,0,0.0,0.0,0.0,0,0,0,"94,000",0,0,0,"95,000","1,000","94,000","94,000"
713371,頎邦永豐63購04,0,0,0,0.0,0.0,0.0,0,0,0,"49,000",0,0,0,"49,000",0,"49,000","49,000"
713372,精材永豐63購03,0,0,0,0.0,0.0,0.0,0,0,0,"-44,000",0,0,0,0,"44,000","-44,000","-44,000"
713373,精材永豐63購04,0,0,0,0.0,0.0,0.0,0,0,0,"-127,000",0,0,0,0,"127,000","-127,000","-127,000"
713374,精材永豐68購01,0,0,0,0.0,0.0,0.0,0,0,0,"49,000",0,0,0,"70,000","21,000","49,000","49,000"
713377,中美晶群益63購05,0,0,0,0.0,0.0,0.0,0,0,0,"10,000",0,0,0,"12,000","2,000","10,000","10,000"
713379,台半群益63購02,0,0,0,0.0,0.0,0.0,0,0,0,"397,000",0,0,0,"397,000",0,"397,000","397,000"
713380,弘塑群益63購05,0,0,0,0.0,0.0,0.0,0,0,0,"-163,000",0,0,0,"48,000","211,000","-163,000","-163,000"
713381,均華群益66購01,0,0,0,0.0,0.0,0.0,0,0,0,"58,000",0,0,0,"58,000",0,"58,000","58,000"
713382,威剛群益63購04,0,0,0,0.0,0.0,0.0,0,0,0,"10,000",0,0,0,"10,000",0,"10,000","10,000"
713384,博盛群益63購01,0,0,0,0.0,0.0,0.0,0,0,0,"30,000",0,0,0,"30,000",0,"30,000","30,000"
713385,鈊象群益63購03,0,0,0,0.0,0.0,0.0,0,0,0,"1,000",0,0,0,"1,000",0,"1,000","1,000"
713386,新應材群益63購01,0,0,0,0.0,0.0,0.0,0,0,0,"-3,000",0,0,0,"5,000","8,000","-3,000","-3,000"
713387,群聯群益63購05,0,0,0,0.0,0.0,0.0,0,0,0,"128,000",0,0,0,"158,000","30,000","128,000","128,000"
713389,精材群益63購04,0,0,0,0.0,0.0,0.0,0,0,0,"131,000",0,0,0,"131,000",0,"131,000","131,000"
713392,穩懋群益65購01,0,0,0,0.0,0.0,0.0,0,0,0,"-6,000",0,0,0,"1,000","7,000","-6,000","-6,000"
713395,台半國票68購01,0,0,0,0.0,0.0,0.0,0,0,0,"-5,000",0,0,0,"15,000","20,000","-5,000","-5,000"
713400,長科*國票63購01,0,0,0,0.0,0.0,0.0,0,0,0,"-15,000",0,0,0,0,"15,000","-15,000","-15,000"
713403,順達國票65購03,0,0,0,0.0,0.0,0.0,0,0,0,"10,000",0,0,0,"10,000",0,"10,000","10,000"
713404,萬泰科國票63購01,0,0,0,0.0,0.0,0.0,0,0,0,"-130,000",0,0,0,0,"130,000","-130,000","-130,000"
713406,精材國票65購03,0,0,0,0.0,0.0,0.0,0,0,0,"1,000",0,0,0,"1,000",0,"1,000","1,000"
713407,環球晶國票63購02,0,0,0,0.0,0.0,0.0,0,0,0,"-30,000",0,0,0,0,"30,000","-30,000","-30,000"
713409,頎邦國泰63購05,0,0,0,0.0,0.0,0.0,0,0,0,"118,000",0,0,0,"118,000",0,"118,000","118,000"
713412,均華統一67購01,0,0,0,0.0,0.0,0.0,0,0,0,"-149,000",0,0,0,0,"149,000","-149,000","-149,000"
713413,東捷統一68購02,0,0,0,0.0,0.0,0.0,0,0,0,"-13,000",0,0,0,"22,000","35,000","-13,000","-13,000"
713414,精材統一66購02,0,0,0,0.0,0.0,0.0,0,0,0,"-100,000",0,0,0,0,"100,000","-100,000","-100,000"
713415,精材統一67購03,0,0,0,0.0,0.0,0.0,0,0,0,"650,000",0,0,0,"1,058,000","408,000","650,000","650,000"
713417,雙鴻統一65購03,0,0,0,0.0,0.0,0.0,0,0,0,"2,000",0,0,0,"9,000","7,000","2,000","2,000"
713418,穩懋統一65購03,0,0,0,0.0,0.0,0.0,0,0,0,"38,000",0,0,0,"49,000","11,000","38,000","38,000"
713419,弘塑富邦63購03,0,0,0,0.0,0.0,0.0,0,0,0,0,0,0,0,"20,000","20,000",0,0
713420,群聯富邦65購01,0,0,0,0.0,0.0,0.0,0,0,0,"-67,000",0,0,0,0,"67,000","-67,000","-67,000"
713421,群聯富邦65購02,0,0,0,0.0,0.0,0.0,0,0,0,"-108,000",0,0,0,"44,000","152,000","-108,000","-108,000"
713423,精材富邦68購01,0,0,0,0.0,0.0,0.0,0,0,0,"65,000",0,0,0,"105,000","40,000","65,000","65,000"
713424,廣閎科富邦63購02,0,0,0,0.0,0.0,0.0,0,0,0,"-78,000",0,0,0,0,"78,000","-78,000","-78,000"
713426,鴻呈國票68購01,0,0,0,0.0,0.0,0.0,0,0,0,"-10,000",0,0,0,0,"10,000","-10,000","-10,000"
713427,元太凱基65購02,0,0,0,0.0,0.0,0.0,0,0,0,"32,000",0,0,0,"32,000",0,"32,000","32,000"
713431,晶呈凱基63購01,0,0,0,0.0,0.0,0.0,0,0,0,"-25,000",0,0,0,"34,000","59,000","-25,000","-25,000"
713434,穩懋凱基63購09,0,0,0,0.0,0.0,0.0,0,0,0,"-260,000",0,0,0,0,"260,000","-260,000","-260,000"
713435,譜瑞凱基63購02,0,0,0,0.0,0.0,0.0,0,0,0,"64,000",0,0,0,"69,000","5,000","64,000","64,000"
713436,譜瑞凱基63購03,0,0,0,0.0,0.0,0.0,0,0,0,"13,000",0,0,0,"13,000",0,"13,000","13,000"
713437,譜瑞凱基63購04,0,0,0,0.0,0.0,0.0,0,0,0,"20,000",0,0,0,"25,000","5,000","20,000","20,000"
713439,譜瑞凱基65購02,0,0,0,0.0,0.0,0.0,0,0,0,"3,000",0,0,0,"3,000",0,"3,000","3,000"
713441,均華台新63購02,0,0,0,0.0,0.0,0.0,0,0,0,"119,000",0,0,0,"119,000",0,"119,000","119,000"
713442,宜鼎台新63購02,0,0,0,0.0,0.0,0.0,0,0,0,"-18,000",0,0,0,0,"18,000","-18,000","-18,000"
713444,威剛台新63購04,0,0,0,0.0,0.0,0.0,0,0,0,"74,000",0,0,0,"74,000",0,"74,000","74,000"
713449,群聯台新63購04,0,0,0,0.0,0.0,0.0,0,0,0,"-48,000",0,0,0,0,"48,000","-48,000","-48,000"
713451,頎邦台新63購01,0,0,0,0.0,0.0,0.0,0,0,0,"96,000",0,0,0,"110,000","14,000","96,000","96,000"
713454,穩懋台新65購03,0,0,0,0.0,0.0,0.0,0,0,0,"5,000",0,0,0,"5,000",0,"5,000","5,000"
713455,高技中信65購01,0,0,0,0.0,0.0,0.0,0,0,0,"-343,000",0,0,0,"100,000","443,000","-343,000","-343,000"
713457,群聯中信68購01,0,0,0,0.0,0.0,0.0,0,0,0,"-66,000",0,0,0,0,"66,000","-66,000","-66,000"
713458,雙鴻中信68購01,0,0,0,0.0,0.0,0.0,0,0,0,"102,000",0,0,0,"219,000","117,000","102,000","102,000"
713459,穩懋中信68購03,0,0,0,0.0,0.0,0.0,0,0,0,"30,000",0,0,0,"30,000",0,"30,000","30,000"
713467,新應材永豐66購02,0,0,0,0.0,0.0,0.0,0,0,0,"38,000",0,0,0,"38,000",0,"38,000","38,000"
713468,環球晶永豐63購07,0,0,0,0.0,0.0,0.0,0,0,0,"158,000",0,0,0,"266,000","108,000","158,000","158,000"
713469,環球晶永豐63購08,0,0,0,0.0,0.0,0.0,0,0,0,"9,000",0,0,0,"9,000",0,"9,000","9,000"
713472,弘塑群益63購06,0,0,0,0.0,0.0,0.0,0,0,0,"-21,000",0,0,0,"5,000","26,000","-21,000","-21,000"
713473,信立群益63購01,0,0,0,0.0,0.0,0.0,0,0,0,"-70,000",0,0,0,0,"70,000","-70,000","-70,000"
713475,高技群益63購01,0,0,0,0.0,0.0,0.0,0,0,0,0,0,0,0,"10,000","10,000",0,0
713476,博智群益63購03,0,0,0,0.0,0.0,0.0,0,0,0,"55,000",0,0,0,"60,000","5,000","55,000","55,000"
713477,順達群益63購04,0,0,0,0.0,0.0,0.0,0,0,0,"1,000,000",0,0,0,"1,000,000",0,"1,000,000","1,000,000"
713478,頎邦群益63購02,0,0,0,0.0,0.0,0.0,0,0,0,"11,000",0,0,0,"33,000","22,000","11,000","11,000"
713479,精材群益63購05,0,0,0,0.0,0.0,0.0,0,0,0,"-9,000",0,0,0,"15,000","24,000","-9,000","-9,000"
713480,精材群益65購01,0,0,0,0.0,0.0,0.0,0,0,0,"-4,000",0,0,0,"20,000","24,000","-4,000","-4,000"
713481,環球晶群益63購02,0,0,0,0.0,0.0,0.0,0,0,0,"32,000",0,0,0,"237,000","205,000","32,000","32,000"
713482,穩懋群益63購04,0,0,0,0.0,0.0,0.0,0,0,0,"-344,000",0,0,0,"284,000","628,000","-344,000","-344,000"
713484,長科*國泰63購01,0,0,0,0.0,0.0,0.0,0,0,0,"84,000",0,0,0,"223,000","139,000","84,000","84,000"
713485,高技國泰63購02,0,0,0,0.0,0.0,0.0,0,0,0,"8,000",0,0,0,"416,000","408,000","8,000","8,000"
713486,世界富邦63購01,0,0,0,0.0,0.0,0.0,0,0,0,"-89,000",0,0,0,"262,000","351,000","-89,000","-89,000"
713487,均華富邦63購02,0,0,0,0.0,0.0,0.0,0,0,0,"38,000",0,0,0,"38,000",0,"38,000","38,000"
713488,沛亨富邦63購01,0,"10,000","-10,000",0.0,0.0,0.0,0,0,0,0,0,0,0,"10,000","10,000",0,"-10,000"
713489,博智富邦63購04,0,0,0,0.0,0.0,0.0,0,0,0,"154,000",0,0,0,"154,000",0,"154,000","154,000"
713490,穩懋富邦63購03,0,0,0,0.0,0.0,0.0,0,0,0,"214,000",0,0,0,"366,000","152,000","214,000","214,000"
713491,台半統一68購02,0,0,0,0.0,0.0,0.0,0,0,0,"222,000",0,0,0,"272,000","50,000","222,000","222,000"
713494,穩懋統一68購04,0,0,0,0.0,0.0,0.0,0,0,0,"-118,000",0,0,0,"11,000","129,000","-118,000","-118,000"
713495,台半元大63購04,0,0,0,0.0,0.0,0.0,0,0,0,"-581,000",0,0,0,"33,000","614,000","-581,000","-581,000"
713496,台半元大63購05,0,0,0,0.0,0.0,0.0,0,0,0,"88,000",0,0,0,"88,000",0,"88,000","88,000"
713497,台半元大63購06,0,0,0,0.0,0.0,0.0,0,0,0,"26,000",0,0,0,"398,000","372,000","26,000","26,000"
713498,台半元大68購02,0,0,0,0.0,0.0,0.0,0,0,0,"271,000",0,0,0,"645,000","374,000","271,000","271,000"
713499,弘塑元大66購01,0,0,0,0.0,0.0,0.0,0,0,0,"-36,000",0,0,0,"3,000","39,000","-36,000","-36,000"
713500,弘塑元大68購02,0,0,0,0.0,0.0,0.0,0,0,0,"-38,000",0,0,0,0,"38,000","-38,000","-38,000"
713501,弘塑元大68購03,0,0,0,0.0,0.0,0.0,0,0,0,"-73,000",0,0,0,"35,000","108,000","-73,000","-73,000"
713503,宜鼎元大63購07,0,0,0,0.0,0.0,0.0,0,0,0,"311,000",0,0,0,"499,000","188,000","311,000","311,000"
713504,威剛元大63購07,0,0,0,0.0,0.0,0.0,0,0,0,"89,000",0,0,0,"89,000",0,"89,000","89,000"
713508,新應材元大65購01,0,0,0,0.0,0.0,0.0,0,0,0,"8,000",0,0,0,"8,000",0,"8,000","8,000"
713509,新應材元大68購01,0,0,0,0.0,0.0,0.0,0,0,0,0,0,0,0,"2,000","2,000",0,0
713511,精材元大65購02,0,0,0,0.0,0.0,0.0,0,0,0,"-123,000",0,0,0,"9,000","132,000","-123,000","-123,000"
713512,蜜望實元大63購03,0,0,0,0.0,0.0,0.0,0,0,0,"-373,000",0,0,0,"1,247,000","1,620,000","-373,000","-373,000"
713513,環球晶元大63購04,0,0,0,0.0,0.0,0.0,0,0,0,"-1,658,000",0,0,0,"331,000","1,989,000","-1,658,000","-1,658,000"
713514,環球晶元大63購05,0,0,0,0.0,0.0,0.0,0,0,0,"372,000",0,0,0,"384,000","12,000","372,000","372,000"
713515,環球晶元大65購05,0,0,0,0.0,0.0,0.0,0,0,0,"-79,000",0,0,0,"641,000","720,000","-79,000","-79,000"
713516,環球晶元大68購11,0,0,0,0.0,0.0,0.0,0,0,0,"-519,000",0,0,0,"296,000","815,000","-519,000","-519,000"
713518,雙鴻元大63購15,0,0,0,0.0,0.0,0.0,0,0,0,"141,000",0,0,0,"193,000","52,000","141,000","141,000"
713519,雙鴻元大63購16,0,0,0,0.0,0.0,0.0,0,0,0,"-59,000",0,0,0,"97,000","156,000","-59,000","-59,000"
713520,雙鴻元大63購17,0,0,0,0.0,0.0,0.0,0,0,0,"-148,000",0,0,0,"40,000","188,000","-148,000","-148,000"
713521,譜瑞元大63購06,0,0,0,0.0,0.0,0.0,0,0,0,"61,000",0,0,0,"61,000",0,"61,000","61,000"
713522,譜瑞元大63購07,0,0,0,0.0,0.0,0.0,0,0,0,"52,000",0,0,0,"52,000",0,"52,000","52,000"
713523,力致台新63購01,0,0,0,0.0,0.0,0.0,0,0,0,"4,000",0,0,0,"5,000","1,000","4,000","4,000"
713526,精材台新63購03,0,0,0,0.0,0.0,0.0,0,0,0,"-54,000",0,0,0,0,"54,000","-54,000","-54,000"
713528,環球晶台新63購02,0,0,0,0.0,0.0,0.0,0,0,0,"2,055,000",0,0,0,"2,146,000","91,000","2,055,000","2,055,000"
713529,環球晶台新63購03,0,0,0,0.0,0.0,0.0,0,0,0,"-1,000",0,0,0,"20,000","21,000","-1,000","-1,000"
713530,雙鴻台新64購01,0,0,0,0.0,0.0,0.0,0,0,0,"-12,000",0,0,0,0,"12,000","-12,000","-12,000"
713531,雙鴻台新64購02,0,0,0,0.0,0.0,0.0,0,0,0,"-41,000",0,0,0,"15,000","56,000","-41,000","-41,000"
713532,台半凱基63購03,0,0,0,0.0,0.0,0.0,0,0,0,"4,000",0,0,0,"4,000",0,"4,000","4,000"
713534,弘塑凱基69購01,0,0,0,0.0,0.0,0.0,0,0,0,"-325,000",0,0,0,0,"325,000","-325,000","-325,000"
713535,宜鼎凱基63購08,0,0,0,0.0,0.0,0.0,0,0,0,"-20,000",0,0,0,0,"20,000","-20,000","-20,000"
713536,茂綸凱基64購01,0,0,0,0.0,0.0,0.0,0,0,0,"53,000",0,0,0,"266,000","213,000","53,000","53,000"
713537,高技凱基63購03,0,0,0,0.0,0.0,0.0,0,0,0,"-47,000",0,0,0,"222,000","269,000","-47,000","-47,000"
713538,博智凱基65購01,0,0,0,0.0,0.0,0.0,0,0,0,"49,000",0,0,0,"85,000","36,000","49,000","49,000"
713540,新應材凱基66購01,0,0,0,0.0,0.0,0.0,0,0,0,"14,000",0,0,0,"14,000",0,"14,000","14,000"
713541,頎邦凱基65購01,0,0,0,0.0,0.0,0.0,0,0,0,"56,000",0,0,0,"56,000",0,"56,000","56,000"
713542,精材凱基63購07,0,0,0,0.0,0.0,0.0,0,0,0,"229,000",0,0,0,"561,000","332,000","229,000","229,000"
713543,精材凱基66購01,0,0,0,0.0,0.0,0.0,0,0,0,"-23,000",0,0,0,"6,000","29,000","-23,000","-23,000"
713544,蜜望實凱基63購02,0,0,0,0.0,0.0,0.0,0,0,0,"-70,000",0,0,0,0,"70,000","-70,000","-70,000"
713545,環球晶凱基69購01,0,0,0,0.0,0.0,0.0,0,0,0,"-2,000",0,0,0,"120,000","122,000","-2,000","-2,000"
713546,雙鴻凱基63購13,0,0,0,0.0,0.0,0.0,0,0,0,"-125,000",0,0,0,"33,000","158,000","-125,000","-125,000"
713547,台半群益66購01,0,0,0,0.0,0.0,0.0,0,0,0,"410,000",0,0,0,"410,000",0,"410,000","410,000"
713548,宏捷科群益63購01,0,0,0,0.0,0.0,0.0,0,0,0,"-168,000",0,0,0,"187,000","355,000","-168,000","-168,000"
713549,沛亨群益63購01,0,0,0,0.0,0.0,0.0,0,0,0,"-7,000",0,0,0,0,"7,000","-7,000","-7,000"
713550,朋程群益63購01,0,0,0,0.0,0.0,0.0,0,0,0,"106,000",0,0,0,"150,000","44,000","106,000","106,000"
713551,欣銓群益63購02,0,0,0,0.0,0.0,0.0,0,0,0,"-639,000",0,0,0,"848,000","1,487,000","-639,000","-639,000"
713552,威剛群益63購06,0,0,0,0.0,0.0,0.0,0,0,0,"73,000",0,0,0,"73,000",0,"73,000","73,000"
713553,高技群益63購02,0,0,0,0.0,0.0,0.0,0,0,0,"-84,000",0,0,0,"10,000","94,000","-84,000","-84,000"
713554,華景電群益63購01,0,0,0,0.0,0.0,0.0,0,0,0,"-246,000",0,0,0,"331,000","577,000","-246,000","-246,000"
713555,萬泰科群益63購01,0,0,0,0.0,0.0,0.0,0,0,0,"-96,000",0,0,0,"30,000","126,000","-96,000","-96,000"
713557,聖暉*群益63購01,0,0,0,0.0,0.0,0.0,0,0,0,"23,000",0,0,0,"33,000","10,000","23,000","23,000"
713558,精材群益63購06,0,0,0,0.0,0.0,0.0,0,0,0,"-38,000",0,0,0,"15,000","53,000","-38,000","-38,000"
713559,鴻呈群益66購01,0,0,0,0.0,0.0,0.0,0,0,0,"350,000",0,0,0,"350,000",0,"350,000","350,000"
713560,雙鴻群益63購07,0,0,0,0.0,0.0,0.0,0,0,0,"-116,000",0,0,0,"44,000","160,000","-116,000","-116,000"
713561,青雲國票64購01,0,0,0,0.0,0.0,0.0,0,0,0,"-5,000",0,0,0,0,"5,000","-5,000","-5,000"
713563,倚強國票64購01,0,0,0,0.0,0.0,0.0,0,0,0,"3,000",0,0,0,"3,000",0,"3,000","3,000"
713566,精材國票64購01,0,0,0,0.0,0.0,0.0,0,0,0,"1,000",0,0,0,"1,000",0,"1,000","1,000"
713567,雙鴻國票64購01,0,0,0,0.0,0.0,0.0,0,0,0,"1,000",0,0,0,"1,000",0,"1,000","1,000"
713568,頎邦中信69購01,0,0,0,0.0,0.0,0.0,0,0,0,"27,000",0,0,0,"272,000","245,000","27,000","27,000"
713569,精材中信69購01,0,0,0,0.0,0.0,0.0,0,0,0,"-229,000",0,0,0,"205,000","434,000","-229,000","-229,000"
713570,雙鴻中信69購01,0,0,0,0.0,0.0,0.0,0,0,0,"-47,000",0,0,0,"63,000","110,000","-47,000","-47,000"
713574,博盛永豐64購01,0,0,0,0.0,0.0,0.0,0,0,0,"-79,000",0,0,0,"10,000","89,000","-79,000","-79,000"
713576,廣閎科永豐64購01,0,0,0,0.0,0.0,0.0,0,0,0,"100,000",0,0,0,"100,000",0,"100,000","100,000"
713577,雙鴻永豐64購07,0,0,0,0.0,0.0,0.0,0,0,0,"-37,000",0,0,0,"28,000","65,000","-37,000","-37,000"
713578,雙鴻永豐65購05,0,0,0,0.0,0.0,0.0,0,0,0,"-87,000",0,0,0,0,"87,000","-87,000","-87,000"
713579,雙鴻永豐68購01,0,0,0,0.0,0.0,0.0,0,0,0,"-98,000",0,0,0,"42,000","140,000","-98,000","-98,000"
713580,千附精元大63購03,0,0,0,0.0,0.0,0.0,0,0,0,"100,000",0,0,0,"100,000",0,"100,000","100,000"
713581,中美晶元大63購08,0,0,0,0.0,0.0,0.0,0,0,0,"964,000",0,0,0,"1,032,000","68,000","964,000","964,000"
713582,弘塑元大67購02,0,0,0,0.0,0.0,0.0,0,0,0,"-10,000",0,0,0,"5,000","15,000","-10,000","-10,000"
713583,弘塑元大68購04,0,0,0,0.0,0.0,0.0,0,0,0,"-57,000",0,0,0,0,"57,000","-57,000","-57,000"
713586,威剛元大63購09,0,0,0,0.0,0.0,0.0,0,0,0,"164,000",0,0,0,"164,000",0,"164,000","164,000"
713588,高技元大63購06,0,0,0,0.0,0.0,0.0,0,0,0,"15,000",0,0,0,"20,000","5,000","15,000","15,000"
713589,新應材元大66購01,0,0,0,0.0,0.0,0.0,0,0,0,"-100,000",0,0,0,0,"100,000","-100,000","-100,000"
713590,精材元大63購06,0,0,0,0.0,0.0,0.0,0,0,0,"-106,000",0,0,0,0,"106,000","-106,000","-106,000"
713591,精材元大63購07,0,0,0,0.0,0.0,0.0,0,0,0,"-193,000",0,0,0,"22,000","215,000","-193,000","-193,000"
713592,精材元大63購08,0,0,0,0.0,0.0,0.0,0,0,0,"-253,000",0,0,0,"28,000","281,000","-253,000","-253,000"
713593,精材元大63購09,0,0,0,0.0,0.0,0.0,0,0,0,"-870,000",0,0,0,0,"870,000","-870,000","-870,000"
713594,蜜望實元大63購04,0,0,0,0.0,0.0,0.0,0,0,0,"-662,000",0,0,0,"50,000","712,000","-662,000","-662,000"
713595,營邦元大68購01,0,0,0,0.0,0.0,0.0,0,0,0,"-100,000",0,0,0,"3,000","103,000","-100,000","-100,000"
713596,環球晶元大63購06,0,0,0,0.0,0.0,0.0,0,0,0,"396,000",0,0,0,"592,000","196,000","396,000","396,000"
713597,環球晶元大64購02,0,0,0,0.0,0.0,0.0,0,0,0,"504,000",0,0,0,"694,000","190,000","504,000","504,000"
713598,環球晶元大66購05,0,0,0,0.0,0.0,0.0,0,0,0,"422,000",0,0,0,"570,000","148,000","422,000","422,000"
713599,鴻呈元大63購01,0,0,0,0.0,0.0,0.0,0,0,0,"328,000",0,0,0,"328,000",0,"328,000","328,000"
713600,鴻呈元大63購02,0,0,0,0.0,0.0,0.0,0,0,0,"282,000",0,0,0,"282,000",0,"282,000","282,000"
713601,雙鴻元大63購18,0,0,0,0.0,0.0,0.0,0,0,0,"-113,000",0,0,0,"207,000","320,000","-113,000","-113,000"
713602,雙鴻元大64購06,0,0,0,0.0,0.0,0.0,0,0,0,"-84,000",0,0,0,"218,000","302,000","-84,000","-84,000"
713603,雙鴻元大65購02,0,0,0,0.0,0.0,0.0,0,0,0,"-145,000",0,0,0,"100,000","245,000","-145,000","-145,000"
713605,中美晶富邦63購03,0,0,0,0.0,0.0,0.0,0,0,0,"881,000",0,0,0,"1,085,000","204,000","881,000","881,000"
713606,元太富邦65購01,0,0,0,0.0,0.0,0.0,0,0,0,"-56,000",0,0,0,0,"56,000","-56,000","-56,000"
713607,威剛富邦66購01,0,0,0,0.0,0.0,0.0,0,0,0,"-153,000",0,0,0,0,"153,000","-153,000","-153,000"
713608,高技富邦66購01,0,0,0,0.0,0.0,0.0,0,0,0,"30,000",0,0,0,"299,000","269,000","30,000","30,000"
713609,晶呈富邦65購01,0,0,0,0.0,0.0,0.0,0,0,0,"102,000",0,0,0,"190,000","88,000","102,000","102,000"
713611,順達富邦64購02,0,0,0,0.0,0.0,0.0,0,0,0,"-39,000",0,0,0,0,"39,000","-39,000","-39,000"
713612,頎邦富邦66購01,0,0,0,0.0,0.0,0.0,0,0,0,"9,000",0,0,0,"284,000","275,000","9,000","9,000"
713613,精材富邦65購02,0,0,0,0.0,0.0,0.0,0,0,0,"85,000",0,0,0,"104,000","19,000","85,000","85,000"
713614,精材富邦79購01,0,0,0,0.0,0.0,0.0,0,0,0,"-497,000",0,0,0,"56,000","553,000","-497,000","-497,000"
713615,營邦富邦66購01,0,0,0,0.0,0.0,0.0,0,0,0,"70,000",0,0,0,"230,000","160,000","70,000","70,000"
713617,雙鴻富邦66購01,0,0,0,0.0,0.0,0.0,0,0,0,"-62,000",0,0,0,0,"62,000","-62,000","-62,000"
713618,雙鴻富邦66購02,0,0,0,0.0,0.0,0.0,0,0,0,"-70,000",0,0,0,"72,000","142,000","-70,000","-70,000"
713619,雙鴻統一69購01,0,0,0,0.0,0.0,0.0,0,0,0,"-159,000",0,0,0,0,"159,000","-159,000","-159,000"
713620,雙鴻統一6C購02,0,0,0,0.0,0.0,0.0,0,0,0,"13,000",0,0,0,"24,000","11,000","13,000","13,000"
713622,均華群益65購01,0,0,0,0.0,0.0,0.0,0,0,0,"488,000",0,0,0,"498,000","10,000","488,000","488,000"
713623,亞通群益63購01,0,0,0,0.0,0.0,0.0,0,0,0,"2,000",0,0,0,"2,000",0,"2,000","2,000"
713626,順達群益63購05,0,0,0,0.0,0.0,0.0,0,0,0,"-25,000",0,0,0,"15,000","40,000","-25,000","-25,000"
713629,頎邦群益63購03,0,0,0,0.0,0.0,0.0,0,0,0,"67,000",0,0,0,"69,000","2,000","67,000","67,000"
713630,精材群益63購07,0,0,0,0.0,0.0,0.0,0,0,0,"-424,000",0,0,0,"20,000","444,000","-424,000","-424,000"
713631,精材群益63購08,0,0,0,0.0,0.0,0.0,0,0,0,"-60,000",0,0,0,"113,000","173,000","-60,000","-60,000"
713633,環球晶群益63購03,0,0,0,0.0,0.0,0.0,0,0,0,"-1,124,000",0,0,0,"307,000","1,431,000","-1,124,000","-1,124,000"
713634,雙鴻群益63購08,0,0,0,0.0,0.0,0.0,0,0,0,"97,000",0,0,0,"185,000","88,000","97,000","97,000"
713637,弘塑國票64購01,0,0,0,0.0,0.0,0.0,0,0,0,"-10,000",0,0,0,0,"10,000","-10,000","-10,000"
713638,均華國票67購01,0,0,0,0.0,0.0,0.0,0,0,0,"21,000",0,0,0,"21,000",0,"21,000","21,000"
713639,良維國票64購01,0,0,0,0.0,0.0,0.0,0,0,0,"1,000",0,0,0,"1,000",0,"1,000","1,000"
713641,欣銓國票64購01,0,0,0,0.0,0.0,0.0,0,0,0,"-2,000",0,0,0,"15,000","17,000","-2,000","-2,000"
713642,威剛國票64購03,0,0,0,0.0,0.0,0.0,0,0,0,"24,000",0,0,0,"24,000",0,"24,000","24,000"
713643,高技國票64購01,0,0,0,0.0,0.0,0.0,0,0,0,"-24,000",0,0,0,0,"24,000","-24,000","-24,000"
713644,創泓國票64購01,0,0,0,0.0,0.0,0.0,0,0,0,"1,294,000",0,0,0,"1,383,000","89,000","1,294,000","1,294,000"
713645,智通*國票65購01,0,0,0,0.0,0.0,0.0,0,0,0,"-23,000",0,0,0,0,"23,000","-23,000","-23,000"
713646,萊德光國票64購01,0,0,0,0.0,0.0,0.0,0,0,0,"161,000",0,0,0,"229,000","68,000","161,000","161,000"
713652,蜜望實國票64購01,0,0,0,0.0,0.0,0.0,0,0,0,"-42,000",0,0,0,"27,000","69,000","-42,000","-42,000"
713654,擎亞國票65購01,0,0,0,0.0,0.0,0.0,0,0,0,"15,000",0,0,0,"15,000",0,"15,000","15,000"
713656,環球晶國票64購02,0,0,0,0.0,0.0,0.0,0,0,0,"-10,000",0,0,0,0,"10,000","-10,000","-10,000"
713657,環球晶國票65購01,0,0,0,0.0,0.0,0.0,0,0,0,"-106,000",0,0,0,"15,000","121,000","-106,000","-106,000"
713658,環球晶國票66購01,0,0,0,0.0,0.0,0.0,0,0,0,"1,000",0,0,0,"25,000","24,000","1,000","1,000"
713661,安葆台新63購01,0,0,0,0.0,0.0,0.0,0,0,0,"-2,000",0,0,0,"5,000","7,000","-2,000","-2,000"
713663,萊德光台新63購01,0,0,0,0.0,0.0,0.0,0,0,0,"123,000",0,0,0,"242,000","119,000","123,000","123,000"
713664,雅特力台新63購01,0,0,0,0.0,0.0,0.0,0,0,0,"-2,000",0,0,0,"2,000","4,000","-2,000","-2,000"
713665,精材台新63購04,0,0,0,0.0,0.0,0.0,0,0,0,"492,000",0,0,0,"499,000","7,000","492,000","492,000"
713667,擎亞台新66購01,0,0,0,0.0,0.0,0.0,0,0,0,"39,000",0,0,0,"39,000",0,"39,000","39,000"
713668,雙鴻台新66購01,0,0,0,0.0,0.0,0.0,0,0,0,"-91,000",0,0,0,0,"91,000","-91,000","-91,000"
713669,千附精元大66購01,0,0,0,0.0,0.0,0.0,0,0,0,"496,000",0,0,0,"496,000",0,"496,000","496,000"
713670,元太元大66購06,0,0,0,0.0,0.0,0.0,0,0,0,"-2,000",0,0,0,0,"2,000","-2,000","-2,000"
713671,元太元大67購04,0,0,0,0.0,0.0,0.0,0,0,0,"-20,000",0,0,0,0,"20,000","-20,000","-20,000"
713672,均華元大63購02,0,0,0,0.0,0.0,0.0,0,0,0,"228,000",0,0,0,"228,000",0,"228,000","228,000"
713673,均華元大63購03,0,0,0,0.0,0.0,0.0,0,0,0,"-172,000",0,0,0,0,"172,000","-172,000","-172,000"
713674,均華元大64購05,0,0,0,0.0,0.0,0.0,0,0,0,"-51,000",0,0,0,"24,000","75,000","-51,000","-51,000"
713675,宜鼎元大63購10,0,0,0,0.0,0.0,0.0,0,0,0,"-43,000",0,0,0,"120,000","163,000","-43,000","-43,000"
713676,宜鼎元大63購11,0,0,0,0.0,0.0,0.0,0,0,0,"452,000",0,0,0,"452,000",0,"452,000","452,000"
713679,高技元大63購07,0,0,0,0.0,0.0,0.0,0,0,0,"217,000",0,0,0,"246,000","29,000","217,000","217,000"
713680,智通*元大67購01,0,0,0,0.0,0.0,0.0,0,0,0,"-136,000",0,0,0,0,"136,000","-136,000","-136,000"
713681,雅特力元大63購01,0,0,0,0.0,0.0,0.0,0,0,0,"-2,000",0,0,0,0,"2,000","-2,000","-2,000"
713682,群聯元大63購21,0,0,0,0.0,0.0,0.0,0,0,0,"-270,000",0,0,0,0,"270,000","-270,000","-270,000"
713683,精材元大63購10,0,0,0,0.0,0.0,0.0,0,0,0,"483,000",0,0,0,"532,000","49,000","483,000","483,000"
713684,精材元大63購11,0,0,0,0.0,0.0,0.0,0,0,0,"287,000",0,0,0,"596,000","309,000","287,000","287,000"
713685,精材元大63購12,0,0,0,0.0,0.0,0.0,0,0,0,"-284,000",0,0,0,"2,000","286,000","-284,000","-284,000"
713686,精材元大64購02,0,0,0,0.0,0.0,0.0,0,0,0,"8,000",0,0,0,"230,000","222,000","8,000","8,000"
713687,精材元大65購03,"20,000",0,"20,000",0.0,0.0,0.0,0,0,0,"-284,000",0,0,0,"67,000","351,000","-284,000","-264,000"
713688,蜜望實元大63購05,0,0,0,0.0,0.0,0.0,0,0,0,"-294,000",0,0,0,"290,000","584,000","-294,000","-294,000"
713690,環球晶元大63購07,0,0,0,0.0,0.0,0.0,0,0,0,"-2,000",0,0,0,0,"2,000","-2,000","-2,000"
713691,環球晶元大63購08,0,0,0,0.0,0.0,0.0,0,0,0,"-66,000",0,0,0,0,"66,000","-66,000","-66,000"
713692,環球晶元大67購04,0,0,0,0.0,0.0,0.0,0,0,0,"-277,000",0,0,0,"235,000","512,000","-277,000","-277,000"
713693,雙鴻元大63購19,0,0,0,0.0,0.0,0.0,0,0,0,"-1,059,000",0,0,0,"135,000","1,194,000","-1,059,000","-1,059,000"
713694,雙鴻元大63購20,0,0,0,0.0,0.0,0.0,0,0,0,"-219,000",0,0,0,"295,000","514,000","-219,000","-219,000"
713695,千附精凱基63購01,0,0,0,0.0,0.0,0.0,0,0,0,"48,000",0,0,0,"48,000",0,"48,000","48,000"
713696,中美晶凱基68購02,0,0,0,0.0,0.0,0.0,0,0,0,"42,000",0,0,0,"175,000","133,000","42,000","42,000"
713697,欣銓凱基68購01,0,0,0,0.0,0.0,0.0,0,0,0,"-124,000",0,0,0,"152,000","276,000","-124,000","-124,000"
713700,雅特力凱基63購01,0,0,0,0.0,0.0,0.0,0,0,0,"10,000",0,0,0,"10,000",0,"10,000","10,000"
713701,雅特力凱基63購02,0,0,0,0.0,0.0,0.0,0,0,0,"10,000",0,0,0,"10,000",0,"10,000","10,000"
713702,雅特力凱基63購03,0,0,0,0.0,0.0,0.0,0,0,0,"11,000",0,0,0,"20,000","9,000","11,000","11,000"
713703,萬泰科凱基63購01,0,0,0,0.0,0.0,0.0,0,0,0,"96,000",0,0,0,"97,000","1,000","96,000","96,000"
713705,群聯凱基69購01,0,0,0,0.0,0.0,0.0,0,0,0,"-5,000",0,0,0,"135,000","140,000","-5,000","-5,000"
713706,聖暉*凱基63購02,0,0,0,0.0,0.0,0.0,0,0,0,"178,000",0,0,0,"180,000","2,000","178,000","178,000"
713707,達航凱基66購01,0,0,0,0.0,0.0,0.0,0,0,0,"-3,000",0,0,0,0,"3,000","-3,000","-3,000"
713708,精材凱基63購08,0,0,0,0.0,0.0,0.0,0,0,0,"-142,000",0,0,0,"192,000","334,000","-142,000","-142,000"
713710,擎亞凱基63購02,0,0,0,0.0,0.0,0.0,0,0,0,"6,000",0,0,0,"6,000",0,"6,000","6,000"
713712,營邦凱基68購01,0,0,0,0.0,0.0,0.0,0,0,0,"-29,000",0,0,0,"10,000","39,000","-29,000","-29,000"
713714,雙鴻凱基63購14,0,0,0,0.0,0.0,0.0,0,0,0,"-153,000",0,0,0,"39,000","192,000","-153,000","-153,000"
713715,環球晶中信69購01,0,0,0,0.0,0.0,0.0,0,0,0,"-126,000",0,0,0,"153,000","279,000","-126,000","-126,000"
713716,千附永豐63購01,0,0,0,0.0,0.0,0.0,0,0,0,"-10,000",0,0,0,0,"10,000","-10,000","-10,000"
713721,雅特力永豐64購01,0,0,0,0.0,0.0,0.0,0,0,0,"36,000",0,0,0,"50,000","14,000","36,000","36,000"
713722,雅特力永豐66購01,0,0,0,0.0,0.0,0.0,0,0,0,"-60,000",0,0,0,0,"60,000","-60,000","-60,000"
713723,精材永豐64購03,0,0,0,0.0,0.0,0.0,0,0,0,"23,000",0,0,0,"82,000","59,000","23,000","23,000"
713724,精材永豐64購04,0,0,0,0.0,0.0,0.0,0,0,0,"-32,000",0,0,0,0,"32,000","-32,000","-32,000"
713725,精材永豐64購05,0,0,0,0.0,0.0,0.0,0,0,0,"40,000",0,0,0,"51,000","11,000","40,000","40,000"
713727,蜜望實永豐65購01,0,0,0,0.0,0.0,0.0,0,0,0,"-306,000",0,0,0,"41,000","347,000","-306,000","-306,000"
713729,擎亞永豐65購01,0,0,0,0.0,0.0,0.0,0,0,0,"13,000",0,0,0,"13,000",0,"13,000","13,000"
713731,環球晶永豐63購09,0,0,0,0.0,0.0,0.0,0,0,0,"-138,000",0,0,0,"4,000","142,000","-138,000","-138,000"
713732,環球晶永豐69購01,0,0,0,0.0,0.0,0.0,0,0,0,"-115,000",0,0,0,"23,000","138,000","-115,000","-115,000"
713733,雙鴻永豐66購03,0,0,0,0.0,0.0,0.0,0,0,0,"105,000",0,0,0,"165,000","60,000","105,000","105,000"
713734,精材國泰64購01,0,0,0,0.0,0.0,0.0,0,0,0,"-48,000",0,0,0,"16,000","64,000","-48,000","-48,000"
713735,蜜望實國泰64購01,0,0,0,0.0,0.0,0.0,0,0,0,"14,000",0,0,0,"37,000","23,000","14,000","14,000"
713736,良維富邦64購02,0,0,0,0.0,0.0,0.0,0,0,0,"156,000",0,0,0,"241,000","85,000","156,000","156,000"
713738,精材富邦63購01,0,0,0,0.0,0.0,0.0,0,0,0,"-14,000",0,0,0,"541,000","555,000","-14,000","-14,000"
713740,環球晶富邦63購01,0,0,0,0.0,0.0,0.0,0,0,0,"7,000",0,0,0,"60,000","53,000","7,000","7,000"
713742,精材統一67購04,0,0,0,0.0,0.0,0.0,0,0,0,"-96,000",0,0,0,0,"96,000","-96,000","-96,000"
713743,精材統一69購01,0,0,0,0.0,0.0,0.0,0,0,0,"26,000",0,0,0,"30,000","4,000","26,000","26,000"
713744,擎亞統一69購01,0,0,0,0.0,0.0,0.0,0,0,0,"-100,000",0,0,0,0,"100,000","-100,000","-100,000"
713745,環球晶統一6A購03,0,0,0,0.0,0.0,0.0,0,0,0,"25,000",0,0,0,"167,000","142,000","25,000","25,000"
713746,雙鴻統一71購01,0,0,0,0.0,0.0,0.0,0,0,0,"-472,000",0,0,0,0,"472,000","-472,000","-472,000"
713747,千附精台新63購01,0,0,0,0.0,0.0,0.0,0,0,0,"15,000",0,0,0,"15,000",0,"15,000","15,000"
713748,台半台新63購01,0,0,0,0.0,0.0,0.0,0,0,0,"-25,000",0,0,0,0,"25,000","-25,000","-25,000"
713749,台半台新63購02,0,0,0,0.0,0.0,0.0,0,0,0,"150,000",0,0,0,"150,000",0,"150,000","150,000"
713751,弘塑台新64購01,0,0,0,0.0,0.0,0.0,0,0,0,"20,000",0,0,0,"20,000",0,"20,000","20,000"
713753,正淩台新66購01,0,0,0,0.0,0.0,0.0,0,0,0,"-14,000",0,0,0,"110,000","124,000","-14,000","-14,000"
713755,東捷台新63購01,0,0,0,0.0,0.0,0.0,0,0,0,"3,000",0,0,0,"71,000","68,000","3,000","3,000"
713757,新應材台新63購02,0,0,0,0.0,0.0,0.0,0,0,0,0,0,0,0,"1,000","1,000",0,0
713758,漢達台新63購01,0,0,0,0.0,0.0,0.0,0,0,0,"148,000",0,0,0,"156,000","8,000","148,000","148,000"
713759,漢達台新63購02,0,0,0,0.0,0.0,0.0,0,0,0,"2,000",0,0,0,"10,000","8,000","2,000","2,000"
713760,雙鴻台新63購04,0,0,0,0.0,0.0,0.0,0,0,0,"-190,000",0,0,0,"10,000","200,000","-190,000","-190,000"
713763,良維凱基69購01,0,0,0,0.0,0.0,0.0,0,0,0,"2,000",0,0,0,"2,000",0,"2,000","2,000"
713765,威剛凱基63購13,0,0,0,0.0,0.0,0.0,0,0,0,"20,000",0,0,0,"20,000",0,"20,000","20,000"
713766,家登凱基63購03,0,0,0,0.0,0.0,0.0,0,0,0,"87,000",0,0,0,"100,000","13,000","87,000","87,000"
713767,高技凱基63購04,0,0,0,0.0,0.0,0.0,0,0,0,"-40,000",0,0,0,"37,000","77,000","-40,000","-40,000"
713768,智通*凱基63購03,0,0,0,0.0,0.0,0.0,0,0,0,"-21,000",0,0,0,0,"21,000","-21,000","-21,000"
713769,順達凱基63購10,0,0,0,0.0,0.0,0.0,0,0,0,"-22,000",0,0,0,0,"22,000","-22,000","-22,000"
713770,新應材凱基66購02,0,0,0,0.0,0.0,0.0,0,0,0,"-220,000",0,0,0,0,"220,000","-220,000","-220,000"
713772,雙鴻凱基63購15,0,0,0,0.0,0.0,0.0,0,0,0,"-109,000",0,0,0,"5,000","114,000","-109,000","-109,000"
713773,雙鴻凱基63購16,0,0,0,0.0,0.0,0.0,0,0,0,"-38,000",0,0,0,0,"38,000","-38,000","-38,000"
713774,雙鴻凱基63購18,0,0,0,0.0,0.0,0.0,0,0,0,"-50,000",0,0,0,0,"50,000","-50,000","-50,000"
713775,雙鴻凱基63購19,0,0,0,0.0,0.0,0.0,0,0,0,"83,000",0,0,0,"83,000",0,"83,000","83,000"
713776,雙鴻凱基64購04,0,0,0,0.0,0.0,0.0,0,0,0,"-57,000",0,0,0,"109,000","166,000","-57,000","-57,000"
713777,雙鴻凱基65購01,0,0,0,0.0,0.0,0.0,0,0,0,"-54,000",0,0,0,0,"54,000","-54,000","-54,000"
713778,雙鴻凱基65購02,0,0,0,0.0,0.0,0.0,0,0,0,"82,000",0,0,0,"106,000","24,000","82,000","82,000"
713779,雙鴻凱基65購03,0,0,0,0.0,0.0,0.0,0,0,0,"33,000",0,0,0,"137,000","104,000","33,000","33,000"
713780,雙鴻凱基65購04,0,0,0,0.0,0.0,0.0,0,0,0,"-19,000",0,0,0,"111,000","130,000","-19,000","-19,000"
713781,中美晶群益68購01,0,0,0,0.0,0.0,0.0,0,0,0,"220,000",0,0,0,"228,000","8,000","220,000","220,000"
713782,宏捷科群益63購02,0,0,0,0.0,0.0,0.0,0,0,0,"120,000",0,0,0,"122,000","2,000","120,000","120,000"
713784,倚強群益63購01,0,0,0,0.0,0.0,0.0,0,0,0,"11,000",0,0,0,"11,000",0,"11,000","11,000"
713788,廣閎科群益63購02,0,0,0,0.0,0.0,0.0,0,0,0,"10,000",0,0,0,"10,000",0,"10,000","10,000"
713789,雙鴻群益63購10,0,0,0,0.0,0.0,0.0,0,0,0,"12,000",0,0,0,"12,000",0,"12,000","12,000"
713790,雙鴻群益69購01,0,0,0,0.0,0.0,0.0,0,0,0,"269,000",0,0,0,"359,000","90,000","269,000","269,000"
713791,中美晶元大63購09,0,0,0,0.0,0.0,0.0,0,0,0,"246,000",0,0,0,"246,000",0,"246,000","246,000"
713792,宜鼎元大63購12,0,0,0,0.0,0.0,0.0,0,0,0,"228,000",0,0,0,"228,000",0,"228,000","228,000"
713794,威剛元大63購12,0,0,0,0.0,0.0,0.0,0,0,0,"10,000",0,0,0,"10,000",0,"10,000","10,000"
713795,威剛元大67購01,0,0,0,0.0,0.0,0.0,0,0,0,"74,000",0,0,0,"74,000",0,"74,000","74,000"
713796,高技元大63購08,0,0,0,0.0,0.0,0.0,0,0,0,"9,000",0,0,0,"85,000","76,000","9,000","9,000"
713797,群聯元大63購23,0,0,0,0.0,0.0,0.0,0,0,0,"-222,000",0,0,0,0,"222,000","-222,000","-222,000"
713798,營邦元大63購04,0,0,0,0.0,0.0,0.0,0,0,0,"1,153,000",0,0,0,"1,166,000","13,000","1,153,000","1,153,000"
713799,雙鴻元大63購21,0,0,0,0.0,0.0,0.0,0,0,0,"246,000",0,0,0,"401,000","155,000","246,000","246,000"
713800,雙鴻元大63購26,0,0,0,0.0,0.0,0.0,0,0,0,"-827,000",0,0,0,"53,000","880,000","-827,000","-827,000"
713801,雙鴻元大63購28,0,0,0,0.0,0.0,0.0,0,0,0,"-308,000",0,0,0,"574,000","882,000","-308,000","-308,000"
713802,雙鴻元大63購29,0,0,0,0.0,0.0,0.0,0,0,0,"-159,000",0,0,0,"84,000","243,000","-159,000","-159,000"
713803,雙鴻元大64購07,0,0,0,0.0,0.0,0.0,0,0,0,"-883,000",0,0,0,"145,000","1,028,000","-883,000","-883,000"
713804,雙鴻元大64購08,0,0,0,0.0,0.0,0.0,0,0,0,"510,000",0,0,0,"535,000","25,000","510,000","510,000"
713805,雙鴻元大64購09,0,0,0,0.0,0.0,0.0,0,0,0,"97,000",0,0,0,"417,000","320,000","97,000","97,000"
713806,雙鴻元大65購03,0,0,0,0.0,0.0,0.0,0,0,0,"-409,000",0,0,0,"254,000","663,000","-409,000","-409,000"
713807,雙鴻元大65購04,0,0,0,0.0,0.0,0.0,0,0,0,"-30,000",0,0,0,"603,000","633,000","-30,000","-30,000"
713808,久元國票65購01,0,0,0,0.0,0.0,0.0,0,0,0,"-14,000",0,0,0,0,"14,000","-14,000","-14,000"
713809,大綜國票66購01,0,0,0,0.0,0.0,0.0,0,0,0,"132,000",0,0,0,"138,000","6,000","132,000","132,000"
713810,天良國票64購01,0,0,0,0.0,0.0,0.0,0,0,0,"-300,000",0,0,0,0,"300,000","-300,000","-300,000"
713812,瑞耘國票68購01,0,0,0,0.0,0.0,0.0,0,0,0,"-9,000",0,0,0,"8,000","17,000","-9,000","-9,000"
713813,萬泰科國票65購01,0,0,0,0.0,0.0,0.0,0,0,0,"1,000",0,0,0,"1,000",0,"1,000","1,000"
713814,聖暉*國票65購03,0,0,0,0.0,0.0,0.0,0,0,0,"9,000",0,0,0,"9,000",0,"9,000","9,000"
713817,雙鴻國票69購02,0,0,0,0.0,0.0,0.0,0,0,0,"-5,000",0,0,0,0,"5,000","-5,000","-5,000"
713822,雙鴻統一6B購02,0,0,0,0.0,0.0,0.0,0,0,0,"-24,000",0,0,0,"20,000","44,000","-24,000","-24,000"
713823,雙鴻統一71購02,0,0,0,0.0,0.0,0.0,0,0,0,"-499,000",0,0,0,0,"499,000","-499,000","-499,000"
713824,千附精永豐64購02,0,0,0,0.0,0.0,0.0,0,0,0,"506,000",0,0,0,"506,000",0,"506,000","506,000"
713826,廣閎科永豐64購02,0,0,0,0.0,0.0,0.0,0,0,0,"42,000",0,0,0,"62,000","20,000","42,000","42,000"
713828,雙鴻富邦65購03,0,0,0,0.0,0.0,0.0,0,0,0,"-154,000",0,0,0,"223,000","377,000","-154,000","-154,000"
713829,雙鴻富邦66購03,0,0,0,0.0,0.0,0.0,0,0,0,"-158,000",0,0,0,"219,000","377,000","-158,000","-158,000"
713830,雙鴻富邦66購04,0,0,0,0.0,0.0,0.0,0,0,0,"-128,000",0,0,0,"841,000","969,000","-128,000","-128,000"
713831,朋億*國泰64購01,0,0,0,0.0,0.0,0.0,0,0,0,"34,000",0,0,0,"34,000",0,"34,000","34,000"
713839,華洋台新63購01,0,0,0,0.0,0.0,0.0,0,0,0,"121,000",0,0,0,"121,000",0,"121,000","121,000"
713840,閎康台新63購01,0,0,0,0.0,0.0,0.0,0,0,0,"26,000",0,0,0,"26,000",0,"26,000","26,000"
713843,騰雲台新63購01,0,0,0,0.0,0.0,0.0,0,0,0,"-5,000",0,0,0,0,"5,000","-5,000","-5,000"
713844,驊訊台新64購01,0,0,0,0.0,0.0,0.0,0,0,0,"100,000",0,0,0,"100,000",0,"100,000","100,000"
713845,驊訊台新64購02,0,0,0,0.0,0.0,0.0,0,0,0,"995,000",0,0,0,"998,000","3,000","995,000","995,000"
713851,亞通國票64購01,0,0,0,0.0,0.0,0.0,0,0,0,"123,000",0,0,0,"160,000","37,000","123,000","123,000"
713855,智通*國票64購01,0,0,0,0.0,0.0,0.0,0,0,0,0,0,0,0,"9,000","9,000",0,0
713856,華宏國票67購01,0,0,0,0.0,0.0,0.0,0,0,0,"9,000",0,0,0,"10,000","1,000","9,000","9,000"
713863,大綜凱基63購01,0,0,0,0.0,0.0,0.0,0,0,0,"137,000",0,0,0,"261,000","124,000","137,000","137,000"
713864,宏捷科凱基63購02,0,0,0,0.0,0.0,0.0,0,0,0,"-10,000",0,0,0,"4,000","14,000","-10,000","-10,000"
713865,宏捷科凱基64購01,0,0,0,0.0,0.0,0.0,0,0,0,"-40,000",0,0,0,"10,000","50,000","-40,000","-40,000"
713866,沛亨凱基63購02,0,0,0,0.0,0.0,0.0,0,0,0,"12,000",0,0,0,"12,000",0,"12,000","12,000"
713868,青雲凱基63購02,0,0,0,0.0,0.0,0.0,0,0,0,"-45,000",0,0,0,"6,000","51,000","-45,000","-45,000"
713871,群聯凱基63購18,0,0,0,0.0,0.0,0.0,0,0,0,"-169,000",0,0,0,0,"169,000","-169,000","-169,000"
713873,聖暉*凱基65購01,0,0,0,0.0,0.0,0.0,0,0,0,"56,000",0,0,0,"84,000","28,000","56,000","56,000"
713875,廣閎科凱基63購03,0,0,0,0.0,0.0,0.0,0,0,0,"115,000",0,0,0,"115,000",0,"115,000","115,000"
713876,營邦凱基63購05,0,0,0,0.0,0.0,0.0,0,0,0,"90,000",0,0,0,"180,000","90,000","90,000","90,000"
713883,博盛永豐63購03,0,0,0,0.0,0.0,0.0,0,0,0,0,0,0,0,"8,000","8,000",0,0
713885,千附精富邦63購01,0,0,0,0.0,0.0,0.0,0,0,0,"5,000",0,0,0,"5,000",0,"5,000","5,000"
713886,弘塑國泰64購01,0,0,0,0.0,0.0,0.0,0,0,0,"3,000",0,0,0,"60,000","57,000","3,000","3,000"
713889,擎亞統一71購01,0,0,0,0.0,0.0,0.0,0,0,0,"-50,000",0,0,0,0,"50,000","-50,000","-50,000"
713890,千附精元大69購01,0,0,0,0.0,0.0,0.0,0,0,0,"102,000",0,0,0,"102,000",0,"102,000","102,000"
713891,宏捷科元大63購01,0,0,0,0.0,0.0,0.0,0,0,0,"41,000",0,0,0,"60,000","19,000","41,000","41,000"
713892,宏捷科元大67購02,0,0,0,0.0,0.0,0.0,0,0,0,"-11,000",0,0,0,"18,000","29,000","-11,000","-11,000"
713893,良維元大63購03,0,0,0,0.0,0.0,0.0,0,0,0,"1,000",0,0,0,"2,000","1,000","1,000","1,000"
713895,宜鼎元大63購13,0,0,0,0.0,0.0,0.0,0,0,0,"-164,000",0,0,0,0,"164,000","-164,000","-164,000"
713897,建榮元大63購01,0,0,0,0.0,0.0,0.0,0,0,0,"179,000",0,0,0,"257,000","78,000","179,000","179,000"
713898,晶宏元大63購01,0,0,0,0.0,0.0,0.0,0,0,0,"124,000",0,0,0,"124,000",0,"124,000","124,000"
713899,雅特力元大63購02,0,0,0,0.0,0.0,0.0,0,0,0,"38,000",0,0,0,"40,000","2,000","38,000","38,000"
713900,順達元大63購08,0,0,0,0.0,0.0,0.0,0,0,0,"-129,000",0,0,0,"6,000","135,000","-129,000","-129,000"
713901,群翊元大63購01,0,0,0,0.0,0.0,0.0,0,0,0,"16,000",0,0,0,"16,000",0,"16,000","16,000"
713904,擎亞元大63購03,0,0,0,0.0,0.0,0.0,0,0,0,"298,000",0,0,0,"350,000","52,000","298,000","298,000"
713915,印能凱基63購01,0,0,0,0.0,0.0,0.0,0,0,0,"196,000",0,0,0,"816,000","620,000","196,000","196,000"
713916,印能凱基63購02,0,0,0,0.0,0.0,0.0,0,0,0,"11,000",0,0,0,"21,000","10,000","11,000","11,000"
713917,印能凱基64購02,0,0,0,0.0,0.0,0.0,0,0,0,"27,000",0,0,0,"27,000",0,"27,000","27,000"
713918,印能凱基65購01,0,0,0,0.0,0.0,0.0,0,0,0,"-148,000",0,0,0,"24,000","172,000","-148,000","-148,000"
713919,印能凱基65購02,0,0,0,0.0,0.0,0.0,0,0,0,"55,000",0,0,0,"55,000",0,"55,000","55,000"
713925,建榮凱基63購02,0,0,0,0.0,0.0,0.0,0,0,0,"131,000",0,0,0,"193,000","62,000","131,000","131,000"
713927,智通*凱基64購01,0,0,0,0.0,0.0,0.0,0,0,0,"-34,000",0,0,0,0,"34,000","-34,000","-34,000"
713928,閎康凱基63購02,0,0,0,0.0,0.0,0.0,0,0,0,"113,000",0,0,0,"113,000",0,"113,000","113,000"
713929,新應材凱基68購01,0,0,0,0.0,0.0,0.0,0,0,0,"19,000",0,0,0,"30,000","11,000","19,000","19,000"
713936,印能群益63購01,0,0,0,0.0,0.0,0.0,0,0,0,"134,000",0,0,0,"134,000",0,"134,000","134,000"
713937,印能群益65購01,0,0,0,0.0,0.0,0.0,0,0,0,"76,000",0,0,0,"76,000",0,"76,000","76,000"
713941,營邦群益63購02,0,0,0,0.0,0.0,0.0,0,0,0,"3,000",0,0,0,"33,000","30,000","3,000","3,000"
713942,營邦群益65購01,0,0,0,0.0,0.0,0.0,0,0,0,"205,000",0,0,0,"283,000","78,000","205,000","205,000"
713944,印能統一67購01,0,0,0,0.0,0.0,0.0,0,0,0,"21,000",0,0,0,"21,000",0,"21,000","21,000"
713949,宜特國泰64購01,0,0,0,0.0,0.0,0.0,0,0,0,"22,000",0,0,0,"22,000",0,"22,000","22,000"
713950,晶宏國泰64購01,0,0,0,0.0,0.0,0.0,0,0,0,"25,000",0,0,0,"25,000",0,"25,000","25,000"
713953,營邦富邦66購02,0,0,0,0.0,0.0,0.0,0,0,0,"186,000",0,0,0,"198,000","12,000","186,000","186,000"
713954,九暘永豐64購01,0,0,0,0.0,0.0,0.0,0,0,0,"-18,000",0,0,0,"75,000","93,000","-18,000","-18,000"
713955,川寶永豐63購01,0,0,0,0.0,0.0,0.0,0,0,0,"993,000",0,0,0,"1,000,000","7,000","993,000","993,000"
713961,頎邦永豐64購03,0,0,0,0.0,0.0,0.0,0,0,0,"86,000",0,0,0,"89,000","3,000","86,000","86,000"
713962,頎邦永豐66購01,0,0,0,0.0,0.0,0.0,0,0,0,0,0,0,0,"10,000","10,000",0,0
713963,中美晶元大63購10,0,0,0,0.0,0.0,0.0,0,0,0,"-22,000",0,0,0,"27,000","49,000","-22,000","-22,000"
713964,印能元大67購01,0,0,0,0.0,0.0,0.0,0,0,0,"100,000",0,0,0,"100,000",0,"100,000","100,000"
713966,沛亨元大63購01,0,0,0,0.0,0.0,0.0,0,0,0,"3,000",0,0,0,"3,000",0,"3,000","3,000"
713967,沛亨元大63購02,0,0,0,0.0,0.0,0.0,0,0,0,"85,000",0,0,0,"85,000",0,"85,000","85,000"
713968,沛亨元大69購01,0,0,0,0.0,0.0,0.0,0,0,0,"259,000",0,0,0,"289,000","30,000","259,000","259,000"
713971,宜鼎元大63購14,0,0,0,0.0,0.0,0.0,0,0,0,"2,000",0,0,0,"92,000","90,000","2,000","2,000"
713972,威剛元大63購13,0,0,0,0.0,0.0,0.0,0,0,0,"99,000",0,0,0,"99,000",0,"99,000","99,000"
713974,湧德元大63購01,0,0,0,0.0,0.0,0.0,0,0,0,"-50,000",0,0,0,"200,000","250,000","-50,000","-50,000"
713975,順達元大63購09,0,0,0,0.0,0.0,0.0,0,0,0,"-138,000",0,0,0,0,"138,000","-138,000","-138,000"
713976,順達元大63購10,0,0,0,0.0,0.0,0.0,0,0,0,"-506,000",0,0,0,0,"506,000","-506,000","-506,000"
713978,新應材元大63購06,0,0,0,0.0,0.0,0.0,0,0,0,"-2,000",0,0,0,"2,000","4,000","-2,000","-2,000"
713979,群聯元大63購25,0,0,0,0.0,0.0,0.0,0,0,0,"10,000",0,0,0,"10,000",0,"10,000","10,000"
713980,聖暉*元大63購01,0,0,0,0.0,0.0,0.0,0,0,0,"1,082,000",0,0,0,"1,082,000",0,"1,082,000","1,082,000"
713981,漢達元大63購01,0,0,0,0.0,0.0,0.0,0,0,0,"-30,000",0,0,0,0,"30,000","-30,000","-30,000"
713983,廣閎科元大69購01,0,0,0,0.0,0.0,0.0,0,0,0,"-250,000",0,0,0,0,"250,000","-250,000","-250,000"
713986,擎亞元大68購01,0,0,0,0.0,0.0,0.0,0,0,0,"23,000",0,0,0,"23,000",0,"23,000","23,000"
713987,譜瑞元大63購08,0,0,0,0.0,0.0,0.0,0,0,0,"9,000",0,0,0,"9,000",0,"9,000","9,000"
713988,東捷台新63購02,0,0,0,0.0,0.0,0.0,0,0,0,"-14,000",0,0,0,0,"14,000","-14,000","-14,000"
713989,東捷台新63購03,0,0,0,0.0,0.0,0.0,0,0,0,"-10,000",0,0,0,"10,000","20,000","-10,000","-10,000"
713991,群聯台新63購07,0,0,0,0.0,0.0,0.0,0,0,0,"-14,000",0,0,0,0,"14,000","-14,000","-14,000"
713993,德微台新63購01,0,0,0,0.0,0.0,0.0,0,0,0,"17,000",0,0,0,"17,000",0,"17,000","17,000"
713994,德微台新64購01,0,0,0,0.0,0.0,0.0,0,0,0,"86,000",0,0,0,"86,000",0,"86,000","86,000"
713995,德微台新65購01,0,0,0,0.0,0.0,0.0,0,0,0,"105,000",0,0,0,"105,000",0,"105,000","105,000"
713996,立敦群益63購01,0,0,0,0.0,0.0,0.0,0,0,0,"-23,000",0,0,0,"11,000","34,000","-23,000","-23,000"
713997,良維群益63購02,0,0,0,0.0,0.0,0.0,0,0,0,"369,000",0,0,0,"369,000",0,"369,000","369,000"
713998,良維群益65購01,0,0,0,0.0,0.0,0.0,0,0,0,"-5,000",0,0,0,0,"5,000","-5,000","-5,000"
713999,東捷群益65購01,0,0,0,0.0,0.0,0.0,0,0,0,"311,000",0,0,0,"544,000","233,000","311,000","311,000"
714003,漢達群益65購01,0,0,0,0.0,0.0,0.0,0,0,0,"61,000",0,0,0,"210,000","149,000","61,000","61,000"
714004,沛亨凱基63購03,0,0,0,0.0,0.0,0.0,0,0,0,"-10,000",0,0,0,0,"10,000","-10,000","-10,000"
714006,信紘科凱基63購01,0,0,0,0.0,0.0,0.0,0,0,0,"14,000",0,0,0,"35,000","21,000","14,000","14,000"
714007,萊德光凱基63購01,0,0,0,0.0,0.0,0.0,0,0,0,"124,000",0,0,0,"188,000","64,000","124,000","124,000"
714010,群聯凱基64購10,0,0,0,0.0,0.0,0.0,0,0,0,"-20,000",0,0,0,0,"20,000","-20,000","-20,000"
714011,聖暉*凱基63購03,0,0,0,0.0,0.0,0.0,0,0,0,"2,000",0,0,0,"2,000",0,"2,000","2,000"
714013,漢達凱基63購02,0,0,0,0.0,0.0,0.0,0,0,0,"-43,000",0,0,0,"32,000","75,000","-43,000","-43,000"
714014,德微凱基63購01,0,0,0,0.0,0.0,0.0,0,0,0,"82,000",0,0,0,"82,000",0,"82,000","82,000"
714015,德微凱基63購02,0,0,0,0.0,0.0,0.0,0,0,0,"37,000",0,0,0,"37,000",0,"37,000","37,000"
714017,營邦凱基63購06,0,0,0,0.0,0.0,0.0,0,0,0,"-84,000",0,0,0,"81,000","165,000","-84,000","-84,000"
714018,台半元大63購07,0,0,0,0.0,0.0,0.0,0,0,0,"348,000",0,0,0,"348,000",0,"348,000","348,000"
714019,台半元大63購08,0,0,0,0.0,0.0,0.0,0,0,0,"-32,000",0,0,0,"68,000","100,000","-32,000","-32,000"
714020,台半元大63購09,0,0,0,0.0,0.0,0.0,0,0,0,"79,000",0,0,0,"82,000","3,000","79,000","79,000"
714021,沛亨元大63購03,0,0,0,0.0,0.0,0.0,0,0,0,"16,000",0,0,0,"16,000",0,"16,000","16,000"
714022,宜鼎元大69購01,0,0,0,0.0,0.0,0.0,0,0,0,"-106,000",0,0,0,"17,000","123,000","-106,000","-106,000"
714023,威剛元大63購14,0,0,0,0.0,0.0,0.0,0,0,0,"66,000",0,0,0,"81,000","15,000","66,000","66,000"
714024,晶宏元大63購03,0,0,0,0.0,0.0,0.0,0,0,0,"300,000",0,0,0,"300,000",0,"300,000","300,000"
714025,群聯元大63購26,0,0,0,0.0,0.0,0.0,0,0,0,"50,000",0,0,0,"50,000",0,"50,000","50,000"
714026,廣閎科元大63購02,0,0,0,0.0,0.0,0.0,0,0,0,"-213,000",0,0,0,"17,000","230,000","-213,000","-213,000"
714027,廣閎科元大69購02,0,0,0,0.0,0.0,0.0,0,0,0,"-1,000",0,0,0,0,"1,000","-1,000","-1,000"
714028,德微元大63購01,0,0,0,0.0,0.0,0.0,0,0,0,"280,000",0,0,0,"357,000","77,000","280,000","280,000"
714029,德微元大69購01,0,0,0,0.0,0.0,0.0,0,0,0,"52,000",0,0,0,"52,000",0,"52,000","52,000"
714030,晶宏中信63購01,0,0,0,0.0,0.0,0.0,0,0,0,"70,000",0,0,0,"70,000",0,"70,000","70,000"
714031,台半國票65購01,0,0,0,0.0,0.0,0.0,0,0,0,"112,000",0,0,0,"112,000",0,"112,000","112,000"
714032,正淩國票67購01,0,0,0,0.0,0.0,0.0,0,0,0,"48,000",0,0,0,"48,000",0,"48,000","48,000"
714036,新門國票69購01,0,0,0,0.0,0.0,0.0,0,0,0,"17,000",0,0,0,"37,000","20,000","17,000","17,000"
714037,群翊國票65購02,0,0,0,0.0,0.0,0.0,0,0,0,"-4,000",0,0,0,0,"4,000","-4,000","-4,000"
714038,漢達國票69購01,0,0,0,0.0,0.0,0.0,0,0,0,"-50,000",0,0,0,0,"50,000","-50,000","-50,000"
714044,東捷永豐63購04,0,0,0,0.0,0.0,0.0,0,0,0,"8,000",0,0,0,"8,000",0,"8,000","8,000"
714045,東捷永豐64購03,0,0,0,0.0,0.0,0.0,0,0,0,"8,000",0,0,0,"8,000",0,"8,000","8,000"
714046,泓格永豐63購01,0,0,0,0.0,0.0,0.0,0,0,0,"7,000",0,0,0,"8,000","1,000","7,000","7,000"
714048,德微永豐64購01,0,0,0,0.0,0.0,0.0,0,0,0,"17,000",0,0,0,"17,000",0,"17,000","17,000"
714049,德微永豐65購01,0,0,0,0.0,0.0,0.0,0,0,0,"9,000",0,0,0,"9,000",0,"9,000","9,000"
714052,東捷國泰64購01,0,0,0,0.0,0.0,0.0,0,0,0,"14,000",0,0,0,"22,000","8,000","14,000","14,000"
714053,元太富邦65購02,0,0,0,0.0,0.0,0.0,0,0,0,"-7,000",0,0,0,"53,000","60,000","-7,000","-7,000"
714054,宜鼎富邦64購01,0,0,0,0.0,0.0,0.0,0,0,0,"-79,000",0,0,0,"128,000","207,000","-79,000","-79,000"
714055,高技富邦65購01,0,0,0,0.0,0.0,0.0,0,0,0,"38,000",0,0,0,"184,000","146,000","38,000","38,000"
714058,群聯富邦65購03,0,0,0,0.0,0.0,0.0,0,0,0,"74,000",0,0,0,"74,000",0,"74,000","74,000"
714059,群聯富邦65購04,0,0,0,0.0,0.0,0.0,0,0,0,"-34,000",0,0,0,"196,000","230,000","-34,000","-34,000"
714060,群聯富邦65購05,0,0,0,0.0,0.0,0.0,0,0,0,"-32,000",0,0,0,0,"32,000","-32,000","-32,000"
714061,聖暉*富邦63購01,0,0,0,0.0,0.0,0.0,0,0,0,"683,000",0,0,0,"1,188,000","505,000","683,000","683,000"
714062,譜瑞富邦65購01,0,0,0,0.0,0.0,0.0,0,0,0,"-40,000",0,0,0,0,"40,000","-40,000","-40,000"
714065,光頡台新63購01,0,0,0,0.0,0.0,0.0,0,0,0,"8,000",0,0,0,"8,000",0,"8,000","8,000"
714067,竹陞台新63購01,0,0,0,0.0,0.0,0.0,0,0,0,"-15,000",0,0,0,0,"15,000","-15,000","-15,000"
714070,昇達科台新63購01,0,0,0,0.0,0.0,0.0,0,0,0,"-5,000",0,0,0,"293,000","298,000","-5,000","-5,000"
714071,昇達科台新66購01,0,0,0,0.0,0.0,0.0,0,0,0,"31,000",0,0,0,"50,000","19,000","31,000","31,000"
714072,信驊台新63購01,0,0,0,0.0,0.0,0.0,0,0,0,"-607,000",0,0,0,"41,000","648,000","-607,000","-607,000"
714073,信驊台新63購02,0,0,0,0.0,0.0,0.0,0,0,0,"-15,000",0,0,0,"10,000","25,000","-15,000","-15,000"
714074,信驊台新63購03,0,0,0,0.0,0.0,0.0,0,0,0,"-594,000",0,0,0,"224,000","818,000","-594,000","-594,000"
714075,信驊台新66購01,0,0,0,0.0,0.0,0.0,0,0,0,"-146,000",0,0,0,"18,000","164,000","-146,000","-146,000"
714076,信驊台新66購02,0,0,0,0.0,0.0,0.0,0,0,0,"-50,000",0,0,0,0,"50,000","-50,000","-50,000"
714077,漢達台新63購03,0,0,0,0.0,0.0,0.0,0,0,0,"40,000",0,0,0,"294,000","254,000","40,000","40,000"
714078,漢達台新63購04,0,0,0,0.0,0.0,0.0,0,0,0,"74,000",0,0,0,"140,000","66,000","74,000","74,000"
714081,M31凱基63購03,0,0,0,0.0,0.0,0.0,0,0,0,"-1,000",0,0,0,0,"1,000","-1,000","-1,000"
714082,M31凱基63購04,0,0,0,0.0,0.0,0.0,0,0,0,"-6,000",0,0,0,0,"6,000","-6,000","-6,000"
714083,光頡凱基63購01,0,0,0,0.0,0.0,0.0,0,0,0,"36,000",0,0,0,"36,000",0,"36,000","36,000"
714084,光頡凱基63購02,0,0,0,0.0,0.0,0.0,0,0,0,"-10,000",0,0,0,"10,000","20,000","-10,000","-10,000"
714086,竹陞凱基63購01,0,0,0,0.0,0.0,0.0,0,0,0,"-132,000",0,0,0,"76,000","208,000","-132,000","-132,000"
714087,竹陞凱基63購02,0,0,0,0.0,0.0,0.0,0,0,0,"-81,000",0,0,0,"1,000","82,000","-81,000","-81,000"
714088,竹陞凱基63購03,0,0,0,0.0,0.0,0.0,0,0,0,"1,000",0,0,0,"13,000","12,000","1,000","1,000"
714089,均華凱基63購02,0,0,0,0.0,0.0,0.0,0,0,0,"-124,000",0,0,0,"111,000","235,000","-124,000","-124,000"
714092,昇達科凱基63購01,0,0,0,0.0,0.0,0.0,0,0,0,"128,000",0,0,0,"179,000","51,000","128,000","128,000"
714093,昇達科凱基63購02,0,0,0,0.0,0.0,0.0,0,0,0,"-107,000",0,0,0,"78,000","185,000","-107,000","-107,000"
714094,昇達科凱基63購03,0,0,0,0.0,0.0,0.0,0,0,0,"12,000",0,0,0,"153,000","141,000","12,000","12,000"
714095,昇達科凱基63購04,0,0,0,0.0,0.0,0.0,0,0,0,"-72,000",0,0,0,"21,000","93,000","-72,000","-72,000"
714096,信驊凱基63購01,0,0,0,0.0,0.0,0.0,0,0,0,"-1,385,000",0,0,0,"318,000","1,703,000","-1,385,000","-1,385,000"
714097,信驊凱基63購02,0,0,0,0.0,0.0,0.0,0,0,0,"69,000",0,0,0,"160,000","91,000","69,000","69,000"
714098,信驊凱基63購03,0,0,0,0.0,0.0,0.0,0,0,0,"-695,000",0,0,0,"59,000","754,000","-695,000","-695,000"
714099,信驊凱基63購04,0,0,0,0.0,0.0,0.0,0,0,0,"-312,000",0,0,0,"101,000","413,000","-312,000","-312,000"
714100,信驊凱基63購05,0,0,0,0.0,0.0,0.0,0,0,0,"-156,000",0,0,0,"77,000","233,000","-156,000","-156,000"
714103,群聯凱基67購01,0,0,0,0.0,0.0,0.0,0,0,0,"-32,000",0,0,0,"50,000","82,000","-32,000","-32,000"
714104,雷科凱基63購01,0,0,0,0.0,0.0,0.0,0,0,0,"202,000",0,0,0,"216,000","14,000","202,000","202,000"
714105,雷科凱基63購02,0,0,0,0.0,0.0,0.0,0,0,0,"-20,000",0,0,0,"15,000","35,000","-20,000","-20,000"
714106,雷科凱基63購03,0,0,0,0.0,0.0,0.0,0,0,0,"60,000",0,0,0,"60,000",0,"60,000","60,000"
714107,頎邦凱基64購04,0,0,0,0.0,0.0,0.0,0,0,0,"47,000",0,0,0,"57,000","10,000","47,000","47,000"
714108,穩懋凱基66購01,0,0,0,0.0,0.0,0.0,0,0,0,"79,000",0,0,0,"200,000","121,000","79,000","79,000"
714109,光頡統一65購03,0,0,0,0.0,0.0,0.0,0,0,0,"305,000",0,0,0,"305,000",0,"305,000","305,000"
714110,光頡統一68購01,0,0,0,0.0,0.0,0.0,0,0,0,"-477,000",0,0,0,"616,000","1,093,000","-477,000","-477,000"
714111,光頡統一6C購01,0,0,0,0.0,0.0,0.0,0,0,0,"208,000",0,0,0,"208,000",0,"208,000","208,000"
714112,光頡統一79購01,0,0,0,0.0,0.0,0.0,0,0,0,"-187,000",0,0,0,"428,000","615,000","-187,000","-187,000"
714114,均華統一6C購01,0,0,0,0.0,0.0,0.0,0,0,0,"124,000",0,0,0,"147,000","23,000","124,000","124,000"
714117,昇達科統一67購01,0,0,0,0.0,0.0,0.0,0,0,0,"203,000",0,0,0,"315,000","112,000","203,000","203,000"
714118,昇達科統一6C購01,0,0,0,0.0,0.0,0.0,0,0,0,"-122,000",0,0,0,"25,000","147,000","-122,000","-122,000"
714119,昇達科統一6C購02,0,0,0,0.0,0.0,0.0,0,0,0,"16,000",0,0,0,"50,000","34,000","16,000","16,000"
714120,金山電統一6C購02,0,0,0,0.0,0.0,0.0,0,0,0,"-1,519,000",0,0,0,"1,023,000","2,542,000","-1,519,000","-1,519,000"
714121,信紘科統一6C購01,0,0,0,0.0,0.0,0.0,0,0,0,"-16,000",0,0,0,"14,000","30,000","-16,000","-16,000"
714122,德微統一66購01,0,0,0,0.0,0.0,0.0,0,0,0,"26,000",0,0,0,"26,000",0,"26,000","26,000"
714123,營邦統一6C購02,0,0,0,0.0,0.0,0.0,0,0,0,"-5,000",0,0,0,0,"5,000","-5,000","-5,000"
714124,穩懋統一67購02,0,0,0,0.0,0.0,0.0,0,0,0,"33,000",0,0,0,"56,000","23,000","33,000","33,000"
714129,昇達科國泰64購01,0,0,0,0.0,0.0,0.0,0,0,0,"-512,000",0,0,0,0,"512,000","-512,000","-512,000"
714130,昇達科國泰65購01,0,0,0,0.0,0.0,0.0,0,0,0,"-51,000",0,0,0,0,"51,000","-51,000","-51,000"
714131,信紘科國泰64購01,0,0,0,0.0,0.0,0.0,0,0,0,"9,000",0,0,0,"77,000","68,000","9,000","9,000"
714132,鈊象國泰64購01,0,0,0,0.0,0.0,0.0,0,0,0,"-34,000",0,0,0,0,"34,000","-34,000","-34,000"
714133,雷科國泰64購01,0,0,0,0.0,0.0,0.0,0,0,0,"16,000",0,0,0,"16,000",0,"16,000","16,000"
714134,雷科國泰65購01,0,0,0,0.0,0.0,0.0,0,0,0,"40,000",0,0,0,"63,000","23,000","40,000","40,000"
714135,漢達國泰64購01,0,0,0,0.0,0.0,0.0,0,0,0,"-21,000",0,0,0,"29,000","50,000","-21,000","-21,000"
714138,弘塑富邦65購01,0,0,0,0.0,0.0,0.0,0,0,0,"30,000",0,0,0,"30,000",0,"30,000","30,000"
714139,均華富邦65購01,0,0,0,0.0,0.0,0.0,0,0,0,"-11,000",0,0,0,"45,000","56,000","-11,000","-11,000"
714140,信驊富邦66購01,0,0,0,0.0,0.0,0.0,0,0,0,"8,000",0,0,0,"16,000","8,000","8,000","8,000"
714141,穩懋富邦65購02,0,0,0,0.0,0.0,0.0,0,0,0,"148,000",0,0,0,"148,000",0,"148,000","148,000"
714143,光頡中信63購01,0,0,0,0.0,0.0,0.0,0,0,0,"-53,000",0,0,0,"161,000","214,000","-53,000","-53,000"
714144,竹陞中信69購01,0,0,0,0.0,0.0,0.0,0,0,0,"-39,000",0,0,0,"86,000","125,000","-39,000","-39,000"
714145,均華中信69購01,0,0,0,0.0,0.0,0.0,0,0,0,"238,000",0,0,0,"242,000","4,000","238,000","238,000"
714146,昇達科中信69購01,0,0,0,0.0,0.0,0.0,0,0,0,"-605,000",0,0,0,"324,000","929,000","-605,000","-605,000"
714147,信驊中信63購01,0,0,0,0.0,0.0,0.0,0,0,0,"-230,000",0,0,0,"31,000","261,000","-230,000","-230,000"
714148,群聯中信68購02,0,0,0,0.0,0.0,0.0,0,0,0,"-90,000",0,0,0,0,"90,000","-90,000","-90,000"
714149,穩懋中信65購01,0,0,0,0.0,0.0,0.0,0,0,0,"9,000",0,0,0,"43,000","34,000","9,000","9,000"
714152,元太永豐63購03,0,0,0,0.0,0.0,0.0,0,0,0,"-144,000",0,0,0,0,"144,000","-144,000","-144,000"
714153,光焱永豐63購01,0,0,0,0.0,0.0,0.0,0,0,0,"300,000",0,0,0,"700,000","400,000","300,000","300,000"
714157,竹陞永豐64購02,0,0,0,0.0,0.0,0.0,0,0,0,"-75,000",0,0,0,"12,000","87,000","-75,000","-75,000"
714158,竹陞永豐66購01,0,0,0,0.0,0.0,0.0,0,0,0,"72,000",0,0,0,"82,000","10,000","72,000","72,000"
714159,昇達科永豐63購01,0,0,0,0.0,0.0,0.0,0,0,0,"-149,000",0,0,0,"373,000","522,000","-149,000","-149,000"
714160,昇達科永豐63購02,0,0,0,0.0,0.0,0.0,0,0,0,"-1,029,000",0,0,0,"70,000","1,099,000","-1,029,000","-1,029,000"
714161,昇達科永豐63購03,0,0,0,0.0,0.0,0.0,0,0,0,"-398,000",0,0,0,"53,000","451,000","-398,000","-398,000"
714163,昇達科永豐66購02,0,0,0,0.0,0.0,0.0,0,0,0,"-37,000",0,0,0,0,"37,000","-37,000","-37,000"
714164,昇達科永豐69購01,0,0,0,0.0,0.0,0.0,0,0,0,"42,000",0,0,0,"52,000","10,000","42,000","42,000"
714165,昇達科永豐69購02,0,0,0,0.0,0.0,0.0,0,0,0,"-66,000",0,0,0,0,"66,000","-66,000","-66,000"
714166,信紘科永豐63購01,0,0,0,0.0,0.0,0.0,0,0,0,"-355,000",0,0,0,"114,000","469,000","-355,000","-355,000"
714167,信驊永豐63購02,0,0,0,0.0,0.0,0.0,0,0,0,"-312,000",0,0,0,"55,000","367,000","-312,000","-312,000"
714168,信驊永豐64購02,0,0,0,0.0,0.0,0.0,0,0,0,"14,000",0,0,0,"76,000","62,000","14,000","14,000"
714169,凱崴永豐64購01,0,0,0,0.0,0.0,0.0,0,0,0,"10,000",0,0,0,"10,000",0,"10,000","10,000"
714170,萊德光永豐63購01,0,0,0,0.0,0.0,0.0,0,0,0,"81,000",0,0,0,"82,000","1,000","81,000","81,000"
714171,聖暉*永豐63購02,0,0,0,0.0,0.0,0.0,0,0,0,"96,000",0,0,0,"135,000","39,000","96,000","96,000"
714172,雷科永豐63購01,0,0,0,0.0,0.0,0.0,0,0,0,"45,000",0,0,0,"45,000",0,"45,000","45,000"
714173,雷科永豐63購02,0,0,0,0.0,0.0,0.0,0,0,0,"-66,000",0,0,0,"44,000","110,000","-66,000","-66,000"
714174,雷科永豐66購01,0,0,0,0.0,0.0,0.0,0,0,0,"-5,000",0,0,0,"35,000","40,000","-5,000","-5,000"
714175,雷科永豐69購01,0,0,0,0.0,0.0,0.0,0,0,0,"-6,000",0,0,0,0,"6,000","-6,000","-6,000"
714176,穩懋永豐63購05,0,0,0,0.0,0.0,0.0,0,0,0,"14,000",0,0,0,"30,000","16,000","14,000","14,000"
714177,光頡元大63購01,0,0,0,0.0,0.0,0.0,0,0,0,"-10,000",0,0,0,"3,000","13,000","-10,000","-10,000"
714178,光頡元大63購02,0,0,0,0.0,0.0,0.0,0,0,0,"1,000",0,0,0,"1,000",0,"1,000","1,000"
714179,印能元大63購01,0,0,0,0.0,0.0,0.0,0,0,0,"-100,000",0,0,0,0,"100,000","-100,000","-100,000"
714182,昇達科元大63購01,0,0,0,0.0,0.0,0.0,0,0,0,"-101,000",0,0,0,"6,000","107,000","-101,000","-101,000"
714183,信驊元大63購02,0,0,0,0.0,0.0,0.0,0,0,0,"-134,000",0,0,0,"6,000","140,000","-134,000","-134,000"
714184,信驊元大64購01,0,0,0,0.0,0.0,0.0,0,0,0,"-26,000",0,0,0,"7,000","33,000","-26,000","-26,000"
714185,信驊元大67購01,0,0,0,0.0,0.0,0.0,0,0,0,"-39,000",0,0,0,"3,000","42,000","-39,000","-39,000"
714186,信驊元大69購01,0,0,0,0.0,0.0,0.0,0,0,0,"-302,000",0,0,0,"8,000","310,000","-302,000","-302,000"
714187,高技元大63購09,0,0,0,0.0,0.0,0.0,0,0,0,"-875,000",0,0,0,"20,000","895,000","-875,000","-875,000"
714188,高技元大63購10,0,0,0,0.0,0.0,0.0,0,0,0,"-89,000",0,0,0,0,"89,000","-89,000","-89,000"
714189,雅特力元大63購03,0,0,0,0.0,0.0,0.0,0,0,0,"-80,000",0,0,0,"41,000","121,000","-80,000","-80,000"
714190,新普元大63購01,0,0,0,0.0,0.0,0.0,0,0,0,"-5,000",0,0,0,0,"5,000","-5,000","-5,000"
714191,新應材元大63購07,0,0,0,0.0,0.0,0.0,0,0,0,"60,000",0,0,0,"62,000","2,000","60,000","60,000"
714193,新應材元大63購09,0,0,0,0.0,0.0,0.0,0,0,0,"4,000",0,0,0,"4,000",0,"4,000","4,000"
714195,雷科元大63購01,0,0,0,0.0,0.0,0.0,0,0,0,"-2,000",0,0,0,0,"2,000","-2,000","-2,000"
714196,漢達元大63購02,0,0,0,0.0,0.0,0.0,0,0,0,0,0,0,0,"2,000","2,000",0,0
714197,漢達元大63購03,0,0,0,0.0,0.0,0.0,0,0,0,"153,000",0,0,0,"442,000","289,000","153,000","153,000"
714198,漢達元大69購01,0,0,0,0.0,0.0,0.0,0,0,0,"293,000",0,0,0,"537,000","244,000","293,000","293,000"
714200,營邦元大63購05,0,0,0,0.0,0.0,0.0,0,0,0,"-45,000",0,0,0,"3,000","48,000","-45,000","-45,000"
714201,鴻呈元大63購03,0,0,0,0.0,0.0,0.0,0,0,0,"-417,000",0,0,0,"165,000","582,000","-417,000","-417,000"
714202,FH中5G群益63購01,0,0,0,0.0,0.0,0.0,0,0,0,"-182,000",0,0,0,0,"182,000","-182,000","-182,000"
714203,M31群益63購01,0,0,0,0.0,0.0,0.0,0,0,0,"10,000",0,0,0,"10,000",0,"10,000","10,000"
714204,千附精群益63購01,0,0,0,0.0,0.0,0.0,0,0,0,"499,000",0,0,0,"499,000",0,"499,000","499,000"
714205,中美晶群益63購06,0,0,0,0.0,0.0,0.0,0,0,0,"1,049,000",0,0,0,"1,051,000","2,000","1,049,000","1,049,000"
714206,世界群益65購01,0,0,0,0.0,0.0,0.0,0,0,0,"-6,000",0,0,0,"42,000","48,000","-6,000","-6,000"
714207,均華群益63購02,0,0,0,0.0,0.0,0.0,0,0,0,"-192,000",0,0,0,"64,000","256,000","-192,000","-192,000"
714208,均豪群益63購01,0,0,0,0.0,0.0,0.0,0,0,0,"14,000",0,0,0,"65,000","51,000","14,000","14,000"
714212,信驊群益63購01,0,0,0,0.0,0.0,0.0,0,0,0,"-153,000",0,0,0,"142,000","295,000","-153,000","-153,000"
714213,信驊群益63購02,0,0,0,0.0,0.0,0.0,0,0,0,"-40,000",0,0,0,"126,000","166,000","-40,000","-40,000"
714215,崇越電群益63購01,0,0,0,0.0,0.0,0.0,0,0,0,"-10,000",0,0,0,0,"10,000","-10,000","-10,000"
714216,順達群益63購06,0,0,0,0.0,0.0,0.0,0,0,0,0,0,0,0,"15,000","15,000",0,0
714217,鈊象群益66購01,0,0,0,0.0,0.0,0.0,0,0,0,"-1,000",0,0,0,"10,000","11,000","-1,000","-1,000"
714219,新應材群益63購04,0,0,0,0.0,0.0,0.0,0,0,0,0,0,0,0,"5,000","5,000",0,0
714220,群聯群益63購12,0,0,0,0.0,0.0,0.0,0,0,0,0,0,0,0,"15,000","15,000",0,0
714222,雷科群益63購01,0,0,0,0.0,0.0,0.0,0,0,0,0,0,0,0,"10,000","10,000",0,0
714223,雷科群益63購02,0,0,0,0.0,0.0,0.0,0,0,0,"411,000",0,0,0,"530,000","119,000","411,000","411,000"
714224,穩懋群益63購05,0,0,0,0.0,0.0,0.0,0,0,0,"-39,000",0,0,0,"27,000","66,000","-39,000","-39,000"
714225,天良國票64購02,0,0,0,0.0,0.0,0.0,0,0,0,"-100,000",0,0,0,0,"100,000","-100,000","-100,000"
714226,光頡國票65購01,0,"6,000","-6,000",0.0,0.0,0.0,0,0,0,"-20,000",0,0,0,"15,000","35,000","-20,000","-26,000"
714228,昇達科國票65購01,0,0,0,0.0,0.0,0.0,0,0,0,"-163,000",0,0,0,"337,000","500,000","-163,000","-163,000"
714229,金山電國票6A購01,0,0,0,0.0,0.0,0.0,0,0,0,"1,000",0,0,0,"3,000","2,000","1,000","1,000"
714230,信紘科國票64購01,0,0,0,0.0,0.0,0.0,0,0,0,"130,000",0,0,0,"170,000","40,000","130,000","130,000"
714231,信紘科國票65購01,0,0,0,0.0,0.0,0.0,0,0,0,"-14,000",0,0,0,"27,000","41,000","-14,000","-14,000"
714234,雅特力國票67購01,0,0,0,0.0,0.0,0.0,0,0,0,"-7,000",0,0,0,0,"7,000","-7,000","-7,000"
714235,雷科國票65購01,0,0,0,0.0,0.0,0.0,0,0,0,"17,000",0,0,0,"45,000","28,000","17,000","17,000"
714238,穩懋國票66購01,0,0,0,0.0,0.0,0.0,0,0,0,"-11,000",0,0,0,0,"11,000","-11,000","-11,000"
714239,穩懋國票67購01,0,0,0,0.0,0.0,0.0,0,0,0,"4,000",0,0,0,"4,000",0,"4,000","4,000"
714242,弘塑元大63購06,0,0,0,0.0,0.0,0.0,0,0,0,"-35,000",0,0,0,"9,000","44,000","-35,000","-35,000"
714244,弘塑元大63購08,0,0,0,0.0,0.0,0.0,0,0,0,"499,000",0,0,0,"499,000",0,"499,000","499,000"
714246,竹陞元大69購01,0,0,0,0.0,0.0,0.0,0,0,0,"-17,000",0,0,0,"165,000","182,000","-17,000","-17,000"
714247,均華元大63購04,0,0,0,0.0,0.0,0.0,0,0,0,"165,000",0,0,0,"165,000",0,"165,000","165,000"
714248,均豪元大63購01,0,0,0,0.0,0.0,0.0,0,0,0,"45,000",0,0,0,"45,000",0,"45,000","45,000"
714249,均豪元大63購02,0,0,0,0.0,0.0,0.0,0,0,0,"-172,000",0,0,0,0,"172,000","-172,000","-172,000"
714250,均豪元大67購01,0,0,0,0.0,0.0,0.0,0,0,0,"-238,000",0,0,0,0,"238,000","-238,000","-238,000"
714254,南俊元大63購01,0,0,0,0.0,0.0,0.0,0,0,0,"118,000",0,0,0,"118,000",0,"118,000","118,000"
714255,南俊元大69購01,0,0,0,0.0,0.0,0.0,0,0,0,"17,000",0,0,0,"17,000",0,"17,000","17,000"
714258,聖暉*元大63購02,0,0,0,0.0,0.0,0.0,0,0,0,"21,000",0,0,0,"30,000","9,000","21,000","21,000"
714259,聖暉*元大63購03,0,0,0,0.0,0.0,0.0,0,0,0,"18,000",0,0,0,"25,000","7,000","18,000","18,000"
714260,營邦元大63購06,0,0,0,0.0,0.0,0.0,0,0,0,"-51,000",0,0,0,"9,000","60,000","-51,000","-51,000"
714261,FH中5G凱基64購01,0,0,0,0.0,0.0,0.0,0,0,0,"410,000",0,0,0,"499,000","89,000","410,000","410,000"
714264,印能凱基63購03,0,0,0,0.0,0.0,0.0,0,0,0,"78,000",0,0,0,"78,000",0,"78,000","78,000"
714265,均豪凱基64購01,0,0,0,0.0,0.0,0.0,0,0,0,"-88,000",0,0,0,0,"88,000","-88,000","-88,000"
714267,崇越電凱基63購02,0,0,0,0.0,0.0,0.0,0,0,0,"20,000",0,0,0,"20,000",0,"20,000","20,000"
714268,凱崴凱基65購01,0,0,0,0.0,0.0,0.0,0,0,0,"-45,000",0,0,0,0,"45,000","-45,000","-45,000"
714270,華宏凱基63購01,0,0,0,0.0,0.0,0.0,0,0,0,"110,000",0,0,0,"120,000","10,000","110,000","110,000"
714271,鈊象凱基63購06,0,0,0,0.0,0.0,0.0,0,0,0,"-16,000",0,0,0,0,"16,000","-16,000","-16,000"
714274,群聯凱基63購20,0,0,0,0.0,0.0,0.0,0,0,0,"-126,000",0,0,0,0,"126,000","-126,000","-126,000"
714275,營邦凱基66購01,0,0,0,0.0,0.0,0.0,0,0,0,"-3,000",0,0,0,0,"3,000","-3,000","-3,000"
714281,頎邦台新63購02,0,0,0,0.0,0.0,0.0,0,0,0,"-17,000",0,0,0,"143,000","160,000","-17,000","-17,000"
714282,頎邦台新66購01,0,0,0,0.0,0.0,0.0,0,0,0,"93,000",0,0,0,"148,000","55,000","93,000","93,000"
714283,安葆國票68購02,0,0,0,0.0,0.0,0.0,0,0,0,"-30,000",0,0,0,0,"30,000","-30,000","-30,000"
714285,新應材國票64購02,0,0,0,0.0,0.0,0.0,0,0,0,"15,000",0,0,0,"15,000",0,"15,000","15,000"
714286,雷科國票64購01,0,0,0,0.0,0.0,0.0,0,0,0,"-62,000",0,0,0,"171,000","233,000","-62,000","-62,000"
714287,雷科國票64購02,0,0,0,0.0,0.0,0.0,0,0,0,"20,000",0,0,0,"20,000",0,"20,000","20,000"
714288,M31群益63購02,0,0,0,0.0,0.0,0.0,0,0,0,"10,000",0,0,0,"10,000",0,"10,000","10,000"
714289,巨有群益63購02,0,0,0,0.0,0.0,0.0,0,0,0,"-38,000",0,0,0,0,"38,000","-38,000","-38,000"
714291,光頡群益66購01,0,0,0,0.0,0.0,0.0,0,0,0,"-6,000",0,0,0,"4,000","10,000","-6,000","-6,000"
714292,竹陞群益63購01,0,0,0,0.0,0.0,0.0,0,0,0,"-64,000",0,0,0,"50,000","114,000","-64,000","-64,000"
714293,竹陞群益63購02,0,0,0,0.0,0.0,0.0,0,0,0,"-154,000",0,0,0,0,"154,000","-154,000","-154,000"
714295,宏捷科群益63購03,0,0,0,0.0,0.0,0.0,0,0,0,"5,000",0,0,0,"10,000","5,000","5,000","5,000"
714298,宜鼎群益63購06,0,0,0,0.0,0.0,0.0,0,0,0,"154,000",0,0,0,"154,000",0,"154,000","154,000"
714299,東捷群益65購02,0,0,0,0.0,0.0,0.0,0,0,0,"-31,000",0,0,0,0,"31,000","-31,000","-31,000"
714302,威剛群益63購09,0,0,0,0.0,0.0,0.0,0,0,0,0,0,0,0,"3,000","3,000",0,0
714303,雅特力群益63購01,0,0,0,0.0,0.0,0.0,0,0,0,"48,000",0,0,0,"88,000","40,000","48,000","48,000"
714304,雅特力群益63購02,0,0,0,0.0,0.0,0.0,0,0,0,"-11,000",0,0,0,0,"11,000","-11,000","-11,000"
714306,群聯群益63購14,0,0,0,0.0,0.0,0.0,0,0,0,"-56,000",0,0,0,0,"56,000","-56,000","-56,000"
714307,頎邦群益63購04,0,0,0,0.0,0.0,0.0,0,0,0,"-88,000",0,0,0,"30,000","118,000","-88,000","-88,000"
714308,頎邦群益63購05,0,0,0,0.0,0.0,0.0,0,0,0,"-220,000",0,0,0,"757,000","977,000","-220,000","-220,000"
714309,營邦群益64購01,0,0,0,0.0,0.0,0.0,0,0,0,"-92,000",0,0,0,"54,000","146,000","-92,000","-92,000"
714310,光頡統一68購02,0,0,0,0.0,0.0,0.0,0,0,0,"103,000",0,0,0,"338,000","235,000","103,000","103,000"
714311,光頡統一69購01,0,0,0,0.0,0.0,0.0,0,0,0,"-120,000",0,0,0,"127,000","247,000","-120,000","-120,000"
714312,佳邦統一6B購01,0,0,0,0.0,0.0,0.0,0,0,0,"10,000",0,0,0,"10,000",0,"10,000","10,000"
714313,昇達科統一68購01,0,0,0,0.0,0.0,0.0,0,0,0,"39,000",0,0,0,"249,000","210,000","39,000","39,000"
714314,昇達科統一6C購03,0,0,0,0.0,0.0,0.0,0,0,0,"-30,000",0,0,0,0,"30,000","-30,000","-30,000"
714315,昇達科統一6C購04,0,0,0,0.0,0.0,0.0,0,0,0,"-40,000",0,0,0,0,"40,000","-40,000","-40,000"
714316,東捷統一6B購02,0,0,0,0.0,0.0,0.0,0,0,0,"2,000",0,0,0,"2,000",0,"2,000","2,000"
714317,金山電統一69購01,0,0,0,0.0,0.0,0.0,0,0,0,"132,000",0,0,0,"543,000","411,000","132,000","132,000"
714319,雷科統一69購01,0,0,0,0.0,0.0,0.0,0,0,0,"12,000",0,0,0,"368,000","356,000","12,000","12,000"
714320,雷科統一6B購01,0,0,0,0.0,0.0,0.0,0,0,0,"421,000",0,0,0,"423,000","2,000","421,000","421,000"
714321,雷科統一6C購01,0,0,0,0.0,0.0,0.0,0,0,0,"-20,000",0,0,0,"402,000","422,000","-20,000","-20,000"
714322,德微統一69購01,0,0,0,0.0,0.0,0.0,0,0,0,"14,000",0,0,0,"14,000",0,"14,000","14,000"
714323,宏捷科中信63購01,0,0,0,0.0,0.0,0.0,0,0,0,"104,000",0,0,0,"643,000","539,000","104,000","104,000"
714324,宏捷科國泰64購01,0,0,0,0.0,0.0,0.0,0,0,0,"20,000",0,0,0,"22,000","2,000","20,000","20,000"
714325,世界富邦63購02,0,0,0,0.0,0.0,0.0,0,0,0,"140,000",0,0,0,"306,000","166,000","140,000","140,000"
714326,印能富邦65購01,0,0,0,0.0,0.0,0.0,0,0,0,"-15,000",0,0,0,0,"15,000","-15,000","-15,000"
714327,東捷富邦65購01,0,0,0,0.0,0.0,0.0,0,0,0,"-209,000",0,0,0,"21,000","230,000","-209,000","-209,000"
714329,久元永豐63購02,0,0,0,0.0,0.0,0.0,0,0,0,"-1,000",0,0,0,0,"1,000","-1,000","-1,000"
714331,均豪永豐63購01,0,0,0,0.0,0.0,0.0,0,0,0,"50,000",0,0,0,"60,000","10,000","50,000","50,000"
714333,亞通永豐63購01,0,0,0,0.0,0.0,0.0,0,0,0,"60,000",0,0,0,"60,000",0,"60,000","60,000"
714335,達航永豐65購01,0,0,0,0.0,0.0,0.0,0,0,0,"-56,000",0,0,0,0,"56,000","-56,000","-56,000"
714337,弘塑凱基63購08,0,0,0,0.0,0.0,0.0,0,0,0,"278,000",0,0,0,"300,000","22,000","278,000","278,000"
714338,光頡凱基65購01,0,0,0,0.0,0.0,0.0,0,0,0,"68,000",0,0,0,"68,000",0,"68,000","68,000"
714342,沛亨凱基63購04,0,0,0,0.0,0.0,0.0,0,0,0,"10,000",0,0,0,"14,000","4,000","10,000","10,000"
714343,系微凱基63購01,0,0,0,0.0,0.0,0.0,0,0,0,"-15,000",0,0,0,"25,000","40,000","-15,000","-15,000"
714344,良維凱基63購05,0,0,0,0.0,0.0,0.0,0,0,0,"23,000",0,0,0,"28,000","5,000","23,000","23,000"
714345,宜鼎凱基63購12,0,0,0,0.0,0.0,0.0,0,0,0,"-83,000",0,0,0,"11,000","94,000","-83,000","-83,000"
714349,南俊凱基63購01,0,0,0,0.0,0.0,0.0,0,0,0,"123,000",0,0,0,"123,000",0,"123,000","123,000"
714351,威剛凱基67購02,0,0,0,0.0,0.0,0.0,0,0,0,"92,000",0,0,0,"92,000",0,"92,000","92,000"
714353,聖暉*凱基65購02,0,0,0,0.0,0.0,0.0,0,0,0,"27,000",0,0,0,"80,000","53,000","27,000","27,000"
714354,頎邦凱基65購02,0,0,0,0.0,0.0,0.0,0,0,0,"123,000",0,0,0,"123,000",0,"123,000","123,000"
714355,環球晶凱基63購02,0,0,0,0.0,0.0,0.0,0,0,0,"52,000",0,0,0,"52,000",0,"52,000","52,000"
714356,環球晶凱基63購03,0,0,0,0.0,0.0,0.0,0,0,0,"11,000",0,0,0,"11,000",0,"11,000","11,000"
714357,環球晶凱基69購02,0,0,0,0.0,0.0,0.0,0,0,0,"115,000",0,0,0,"115,000",0,"115,000","115,000"
714358,巨有台新65購01,0,0,0,0.0,0.0,0.0,0,0,0,"-2,000",0,0,0,0,"2,000","-2,000","-2,000"
714361,竹陞台新63購02,0,0,0,0.0,0.0,0.0,0,0,0,"-15,000",0,0,0,0,"15,000","-15,000","-15,000"
714362,均豪台新64購01,0,0,0,0.0,0.0,0.0,0,0,0,"-14,000",0,0,0,0,"14,000","-14,000","-14,000"
714366,家登台新64購02,0,0,0,0.0,0.0,0.0,0,0,0,"-8,000",0,0,0,0,"8,000","-8,000","-8,000"
714367,家登台新66購01,0,0,0,0.0,0.0,0.0,0,0,0,"3,000",0,0,0,"3,000",0,"3,000","3,000"
714368,家碩台新66購01,0,0,0,0.0,0.0,0.0,0,0,0,"10,000",0,0,0,"10,000",0,"10,000","10,000"
714369,創新服台新63購01,0,0,0,0.0,0.0,0.0,0,0,0,"27,000",0,0,0,"37,000","10,000","27,000","27,000"
714370,創新服台新63購02,0,0,0,0.0,0.0,0.0,0,0,0,"-10,000",0,0,0,0,"10,000","-10,000","-10,000"
714371,創新服台新63購03,0,0,0,0.0,0.0,0.0,0,0,0,"-47,000",0,0,0,0,"47,000","-47,000","-47,000"
714372,創新服台新63購04,0,0,0,0.0,0.0,0.0,0,0,0,"-50,000",0,0,0,0,"50,000","-50,000","-50,000"
714373,環球晶台新64購01,0,0,0,0.0,0.0,0.0,0,0,0,"-56,000",0,0,0,"16,000","72,000","-56,000","-56,000"
714374,環球晶台新64購02,0,0,0,0.0,0.0,0.0,0,0,0,"-258,000",0,0,0,"13,000","271,000","-258,000","-258,000"
714375,耀穎台新63購02,0,0,0,0.0,0.0,0.0,0,0,0,"-8,000",0,0,0,"42,000","50,000","-8,000","-8,000"
714377,M31元大63購03,0,0,0,0.0,0.0,0.0,0,0,0,"-4,000",0,0,0,"5,000","9,000","-4,000","-4,000"
714378,弘塑元大63購09,0,0,0,0.0,0.0,0.0,0,0,0,"-36,000",0,0,0,0,"36,000","-36,000","-36,000"
714379,弘塑元大63購10,0,0,0,0.0,0.0,0.0,0,0,0,"-172,000",0,0,0,"41,000","213,000","-172,000","-172,000"
714380,弘塑元大66購02,0,0,0,0.0,0.0,0.0,0,0,0,"-61,000",0,0,0,"44,000","105,000","-61,000","-61,000"
714382,光頡元大63購04,0,0,0,0.0,0.0,0.0,0,0,0,"5,000",0,0,0,"15,000","10,000","5,000","5,000"
714383,竹陞元大63購03,0,0,0,0.0,0.0,0.0,0,0,0,"228,000",0,0,0,"228,000",0,"228,000","228,000"
714384,竹陞元大69購02,0,0,0,0.0,0.0,0.0,0,0,0,"-238,000",0,0,0,0,"238,000","-238,000","-238,000"
714386,亞通元大63購01,0,0,0,0.0,0.0,0.0,0,0,0,"-11,000",0,0,0,"10,000","21,000","-11,000","-11,000"
714389,昇達科元大63購02,0,0,0,0.0,0.0,0.0,0,0,0,"-46,000",0,0,0,"4,000","50,000","-46,000","-46,000"
714390,昇達科元大63購03,0,0,0,0.0,0.0,0.0,0,0,0,"-103,000",0,0,0,"30,000","133,000","-103,000","-103,000"
714391,東捷元大63購03,0,0,0,0.0,0.0,0.0,0,0,0,"-40,000",0,0,0,0,"40,000","-40,000","-40,000"
714393,東捷元大69購02,0,0,0,0.0,0.0,0.0,0,0,0,"223,000",0,0,0,"250,000","27,000","223,000","223,000"
714394,萊德光元大63購01,0,0,0,0.0,0.0,0.0,0,0,0,"98,000",0,0,0,"103,000","5,000","98,000","98,000"
714395,萊德光元大63購02,0,0,0,0.0,0.0,0.0,0,0,0,"138,000",0,0,0,"140,000","2,000","138,000","138,000"
714397,群聯元大63購29,0,0,0,0.0,0.0,0.0,0,0,0,"-6,000",0,0,0,0,"6,000","-6,000","-6,000"
714399,聖暉*元大63購04,0,0,0,0.0,0.0,0.0,0,0,0,"66,000",0,0,0,"96,000","30,000","66,000","66,000"
714400,雷科元大63購02,0,0,0,0.0,0.0,0.0,0,0,0,"150,000",0,0,0,"150,000",0,"150,000","150,000"
714401,營邦元大63購07,0,0,0,0.0,0.0,0.0,0,0,0,"35,000",0,0,0,"35,000",0,"35,000","35,000"
714402,環球晶元大63購09,0,0,0,0.0,0.0,0.0,0,0,0,"-153,000",0,0,0,"507,000","660,000","-153,000","-153,000"
714403,環球晶元大63購10,0,0,0,0.0,0.0,0.0,0,0,0,"-1,396,000",0,0,0,"352,000","1,748,000","-1,396,000","-1,396,000"
714406,昇達科國票64購01,0,0,0,0.0,0.0,0.0,0,0,0,"99,000",0,0,0,"100,000","1,000","99,000","99,000"
714407,創新服國票65購01,0,0,0,0.0,0.0,0.0,0,0,0,"-14,000",0,0,0,0,"14,000","-14,000","-14,000"
714408,萊德光國票66購01,0,0,0,0.0,0.0,0.0,0,0,0,"86,000",0,0,0,"101,000","15,000","86,000","86,000"
714410,環球晶國票66購02,0,0,0,0.0,0.0,0.0,0,0,0,"-134,000",0,0,0,0,"134,000","-134,000","-134,000"
714411,群聯中信67購02,0,0,0,0.0,0.0,0.0,0,0,0,"-80,000",0,0,0,"10,000","90,000","-80,000","-80,000"
714412,環球晶中信63購01,0,0,0,0.0,0.0,0.0,0,0,0,"93,000",0,0,0,"367,000","274,000","93,000","93,000"
714413,尼克森永豐63購01,0,0,0,0.0,0.0,0.0,0,0,0,"-195,000",0,0,0,"38,000","233,000","-195,000","-195,000"
714414,正德永豐63購01,0,0,0,0.0,0.0,0.0,0,0,0,"-32,000",0,0,0,0,"32,000","-32,000","-32,000"
714415,安葆永豐65購01,0,0,0,0.0,0.0,0.0,0,0,0,"16,000",0,0,0,"22,000","6,000","16,000","16,000"
714419,泰藝永豐63購01,0,0,0,0.0,0.0,0.0,0,0,0,"-18,000",0,0,0,"120,000","138,000","-18,000","-18,000"
714420,高僑永豐63購01,0,0,0,0.0,0.0,0.0,0,0,0,"-15,000",0,0,0,"5,000","20,000","-15,000","-15,000"
714422,創新服永豐64購01,0,0,0,0.0,0.0,0.0,0,0,0,"50,000",0,0,0,"50,000",0,"50,000","50,000"
714423,創新服永豐65購01,0,0,0,0.0,0.0,0.0,0,0,0,"-49,000",0,0,0,"53,000","102,000","-49,000","-49,000"
714425,博大永豐63購01,0,0,0,0.0,0.0,0.0,0,0,0,"-3,000",0,0,0,"25,000","28,000","-3,000","-3,000"
714426,博盛永豐64購02,0,0,0,0.0,0.0,0.0,0,0,0,"93,000",0,0,0,"93,000",0,"93,000","93,000"
714427,晶呈永豐63購01,0,0,0,0.0,0.0,0.0,0,0,0,"-2,000",0,0,0,0,"2,000","-2,000","-2,000"
714428,華電網永豐63購01,0,0,0,0.0,0.0,0.0,0,0,0,"5,000",0,0,0,"10,000","5,000","5,000","5,000"
714429,廣明永豐63購01,0,0,0,0.0,0.0,0.0,0,0,0,"49,000",0,0,0,"58,000","9,000","49,000","49,000"
714430,優群永豐63購01,0,0,0,0.0,0.0,0.0,0,0,0,"-16,000",0,0,0,0,"16,000","-16,000","-16,000"
714431,環球晶永豐64購01,0,0,0,0.0,0.0,0.0,0,0,0,"86,000",0,0,0,"166,000","80,000","86,000","86,000"
714432,中美晶富邦69購01,0,0,0,0.0,0.0,0.0,0,0,0,"108,000",0,0,0,"110,000","2,000","108,000","108,000"
714433,台特化富邦63購01,0,0,0,0.0,0.0,0.0,0,0,0,"49,000",0,0,0,"270,000","221,000","49,000","49,000"
714434,沛亨富邦63購02,0,0,0,0.0,0.0,0.0,0,0,0,"-10,000",0,0,0,0,"10,000","-10,000","-10,000"
714435,良維富邦65購01,0,0,0,0.0,0.0,0.0,0,0,0,"450,000",0,0,0,"450,000",0,"450,000","450,000"
714436,蜜望實富邦66購01,0,0,0,0.0,0.0,0.0,0,0,0,"-340,000",0,0,0,"142,000","482,000","-340,000","-340,000"
714438,東捷國泰64購02,0,0,0,0.0,0.0,0.0,0,0,0,"-2,000",0,0,0,"22,000","24,000","-2,000","-2,000"
714440,雅特力國泰64購01,0,0,0,0.0,0.0,0.0,0,0,0,"50,000",0,0,0,"100,000","50,000","50,000","50,000"
714441,頎邦國泰64購01,0,0,0,0.0,0.0,0.0,0,0,0,"-22,000",0,0,0,"67,000","89,000","-22,000","-22,000"
714442,環球晶國泰64購02,0,0,0,0.0,0.0,0.0,0,0,0,"-45,000",0,0,0,"8,000","53,000","-45,000","-45,000"
714444,昇達科統一74購01,0,0,0,0.0,0.0,0.0,0,0,0,"-91,000",0,0,0,0,"91,000","-91,000","-91,000"
714445,東捷統一66購03,0,0,0,0.0,0.0,0.0,0,0,0,"47,000",0,0,0,"47,000",0,"47,000","47,000"
714446,東捷統一68購03,0,0,0,0.0,0.0,0.0,0,0,0,"-93,000",0,0,0,"58,000","151,000","-93,000","-93,000"
714449,雷科統一67購01,0,0,0,0.0,0.0,0.0,0,0,0,"-2,000",0,0,0,0,"2,000","-2,000","-2,000"
714450,世界群益63購03,0,0,0,0.0,0.0,0.0,0,0,0,"20,000",0,0,0,"20,000",0,"20,000","20,000"
714453,亞通群益63購02,0,0,0,0.0,0.0,0.0,0,0,0,"95,000",0,0,0,"183,000","88,000","95,000","95,000"
714454,亞通群益63購03,0,0,0,0.0,0.0,0.0,0,0,0,"-4,000",0,0,0,"10,000","14,000","-4,000","-4,000"
714458,威剛群益63購10,0,0,0,0.0,0.0,0.0,0,0,0,"10,000",0,0,0,"14,000","4,000","10,000","10,000"
714459,家登群益63購06,0,0,0,0.0,0.0,0.0,0,0,0,"25,000",0,0,0,"47,000","22,000","25,000","25,000"
714462,新應材群益63購06,0,0,0,0.0,0.0,0.0,0,0,0,"-8,000",0,0,0,"15,000","23,000","-8,000","-8,000"
714463,群聯群益63購15,0,0,0,0.0,0.0,0.0,0,0,0,"-31,000",0,0,0,0,"31,000","-31,000","-31,000"
714465,營邦群益69購01,0,0,0,0.0,0.0,0.0,0,0,0,"-11,000",0,0,0,"154,000","165,000","-11,000","-11,000"
714466,環球晶群益63購04,0,0,0,0.0,0.0,0.0,0,0,0,"-12,000",0,0,0,0,"12,000","-12,000","-12,000"
714468,光頡元大63購06,0,0,0,0.0,0.0,0.0,0,0,0,"-20,000",0,0,0,0,"20,000","-20,000","-20,000"
714469,光頡元大63購07,0,0,0,0.0,0.0,0.0,0,0,0,"48,000",0,0,0,"145,000","97,000","48,000","48,000"
714470,均華元大63購05,0,0,0,0.0,0.0,0.0,0,0,0,"-238,000",0,0,0,0,"238,000","-238,000","-238,000"
714471,宏捷科元大63購02,0,0,0,0.0,0.0,0.0,0,0,0,"245,000",0,0,0,"289,000","44,000","245,000","245,000"
714472,沛亨元大63購04,0,0,0,0.0,0.0,0.0,0,0,0,"649,000",0,0,0,"649,000",0,"649,000","649,000"
714474,亞通元大63購03,0,0,0,0.0,0.0,0.0,0,0,0,"-9,000",0,0,0,"10,000","19,000","-9,000","-9,000"
714475,亞通元大63購04,0,0,0,0.0,0.0,0.0,0,0,0,"-10,000",0,0,0,0,"10,000","-10,000","-10,000"
714478,東捷元大68購01,0,0,0,0.0,0.0,0.0,0,0,0,"-196,000",0,0,0,"167,000","363,000","-196,000","-196,000"
714479,欣銓元大63購04,0,0,0,0.0,0.0,0.0,0,0,0,"101,000",0,0,0,"156,000","55,000","101,000","101,000"
714480,欣銓元大63購05,0,0,0,0.0,0.0,0.0,0,0,0,"17,000",0,0,0,"84,000","67,000","17,000","17,000"
714484,南俊元大63購02,0,0,0,0.0,0.0,0.0,0,0,0,"14,000",0,0,0,"29,000","15,000","14,000","14,000"
714485,威剛元大66購01,0,0,0,0.0,0.0,0.0,0,0,0,"374,000",0,0,0,"374,000",0,"374,000","374,000"
714487,群聯元大69購02,0,0,0,0.0,0.0,0.0,0,0,0,"-490,000",0,0,0,"3,000","493,000","-490,000","-490,000"
714489,營邦元大69購01,0,0,0,0.0,0.0,0.0,0,0,0,"351,000",0,0,0,"351,000",0,"351,000","351,000"
714490,環球晶元大63購11,0,0,0,0.0,0.0,0.0,0,0,0,"206,000",0,0,0,"253,000","47,000","206,000","206,000"
714491,光頡國票66購02,0,0,0,0.0,0.0,0.0,0,0,0,"-18,000",0,0,0,"4,000","22,000","-18,000","-18,000"
714492,旭然國票67購01,0,0,0,0.0,0.0,0.0,0,0,0,"31,000",0,0,0,"31,000",0,"31,000","31,000"
714493,亞通國票64購02,0,0,0,0.0,0.0,0.0,0,0,0,"-3,000",0,0,0,0,"3,000","-3,000","-3,000"
714495,建榮國票64購01,0,0,0,0.0,0.0,0.0,0,0,0,"135,000",0,0,0,"166,000","31,000","135,000","135,000"
714496,建榮國票65購01,0,0,0,0.0,0.0,0.0,0,0,0,"-54,000",0,0,0,"42,000","96,000","-54,000","-54,000"
714497,家登國票64購02,0,0,0,0.0,0.0,0.0,0,0,0,"-10,000",0,0,0,0,"10,000","-10,000","-10,000"
714499,擎亞國票64購02,0,0,0,0.0,0.0,0.0,0,0,0,"26,000",0,0,0,"26,000",0,"26,000","26,000"
714500,穩懋國票65購02,0,0,0,0.0,0.0,0.0,0,0,0,"-48,000",0,0,0,"5,000","53,000","-48,000","-48,000"
714501,世界凱基63購07,0,0,0,0.0,0.0,0.0,0,0,0,"9,000",0,0,0,"9,000",0,"9,000","9,000"
714502,巨有凱基63購02,0,0,0,0.0,0.0,0.0,0,0,0,"-15,000",0,0,0,0,"15,000","-15,000","-15,000"
714503,竹陞凱基63購05,0,0,0,0.0,0.0,0.0,0,0,0,"70,000",0,0,0,"70,000",0,"70,000","70,000"
714504,亞通凱基63購02,0,0,0,0.0,0.0,0.0,0,0,0,"-205,000",0,0,0,"55,000","260,000","-205,000","-205,000"
714510,創新服凱基63購01,0,0,0,0.0,0.0,0.0,0,0,0,"-247,000",0,0,0,"415,000","662,000","-247,000","-247,000"
714511,新應材凱基63購11,0,0,0,0.0,0.0,0.0,0,0,0,0,0,0,0,"1,000","1,000",0,0
714512,群聯凱基63購21,0,0,0,0.0,0.0,0.0,0,0,0,"-200,000",0,0,0,0,"200,000","-200,000","-200,000"
714513,營邦凱基63購07,0,0,0,0.0,0.0,0.0,0,0,0,"489,000",0,0,0,"546,000","57,000","489,000","489,000"
714514,穩懋凱基63購10,0,0,0,0.0,0.0,0.0,0,0,0,"16,000",0,0,0,"19,000","3,000","16,000","16,000"
714515,巨有群益63購04,0,0,0,0.0,0.0,0.0,0,0,0,"-5,000",0,0,0,"1,000","6,000","-5,000","-5,000"
714516,光頡群益63購02,0,0,0,0.0,0.0,0.0,0,0,0,"74,000",0,0,0,"74,000",0,"74,000","74,000"
714517,光頡群益65購01,0,0,0,0.0,0.0,0.0,0,0,0,"96,000",0,0,0,"96,000",0,"96,000","96,000"
714518,印能群益63購02,0,0,0,0.0,0.0,0.0,0,0,0,"84,000",0,0,0,"84,000",0,"84,000","84,000"
714520,宜鼎群益63購07,0,0,0,0.0,0.0,0.0,0,0,0,"-55,000",0,0,0,0,"55,000","-55,000","-55,000"
714521,威剛群益63購11,0,0,0,0.0,0.0,0.0,0,0,0,"34,000",0,0,0,"37,000","3,000","34,000","34,000"
714522,家登群益63購07,0,0,0,0.0,0.0,0.0,0,0,0,"10,000",0,0,0,"33,000","23,000","10,000","10,000"
714523,環球晶群益63購05,0,0,0,0.0,0.0,0.0,0,0,0,"-6,000",0,0,0,0,"6,000","-6,000","-6,000"
714524,環球晶群益63購06,0,0,0,0.0,0.0,0.0,0,0,0,"-239,000",0,0,0,"139,000","378,000","-239,000","-239,000"
714526,竹陞永豐63購02,0,0,0,0.0,0.0,0.0,0,0,0,"-70,000",0,0,0,0,"70,000","-70,000","-70,000"
714528,亞通永豐65購01,0,0,0,0.0,0.0,0.0,0,0,0,"119,000",0,0,0,"119,000",0,"119,000","119,000"
714535,健喬永豐63購01,0,0,0,0.0,0.0,0.0,0,0,0,"-2,919,000",0,0,0,0,"2,919,000","-2,919,000","-2,919,000"
714536,群聯永豐63購09,0,0,0,0.0,0.0,0.0,0,0,0,"-15,000",0,0,0,0,"15,000","-15,000","-15,000"
714538,穩懋永豐63購06,0,0,0,0.0,0.0,0.0,0,0,0,"62,000",0,0,0,"62,000",0,"62,000","62,000"
714542,宜鼎富邦63購04,0,0,0,0.0,0.0,0.0,0,0,0,"57,000",0,0,0,"267,000","210,000","57,000","57,000"
714543,欣銓富邦63購01,0,0,0,0.0,0.0,0.0,0,0,0,"-6,000",0,0,0,"83,000","89,000","-6,000","-6,000"
714544,環球晶富邦69購01,0,0,0,0.0,0.0,0.0,0,0,0,"-205,000",0,0,0,"534,000","739,000","-205,000","-205,000"
714545,環球晶富邦69購02,0,0,0,0.0,0.0,0.0,0,0,0,"204,000",0,0,0,"977,000","773,000","204,000","204,000"
714547,巨有國泰64購01,0,0,0,0.0,0.0,0.0,0,0,0,"-1,000",0,0,0,0,"1,000","-1,000","-1,000"
714554,萊德光國泰64購01,0,0,0,0.0,0.0,0.0,0,0,0,"-74,000",0,0,0,"2,000","76,000","-74,000","-74,000"
714556,擎亞國泰64購01,0,0,0,0.0,0.0,0.0,0,0,0,"25,000",0,0,0,"25,000",0,"25,000","25,000"
714557,穩懋國泰64購03,0,0,0,0.0,0.0,0.0,0,0,0,"-7,000",0,0,0,"3,000","10,000","-7,000","-7,000"
714558,巨有統一79購01,0,0,0,0.0,0.0,0.0,0,0,0,"9,000",0,0,0,"9,000",0,"9,000","9,000"
714559,弘塑統一68購01,0,0,0,0.0,0.0,0.0,0,0,0,"35,000",0,0,0,"45,000","10,000","35,000","35,000"
714565,穩懋統一69購01,0,0,0,0.0,0.0,0.0,0,0,0,"-110,000",0,0,0,0,"110,000","-110,000","-110,000"
714566,台特化台新63購01,0,0,0,0.0,0.0,0.0,0,0,0,"-37,000",0,0,0,"2,000","39,000","-37,000","-37,000"
714568,竹陞台新63購03,0,0,0,0.0,0.0,0.0,0,0,0,"-15,000",0,0,0,0,"15,000","-15,000","-15,000"
714569,竹陞台新64購01,0,0,0,0.0,0.0,0.0,0,0,0,"-15,000",0,0,0,0,"15,000","-15,000","-15,000"
714570,宏捷科台新63購01,0,0,0,0.0,0.0,0.0,0,0,0,"16,000",0,0,0,"16,000",0,"16,000","16,000"
714571,系微台新63購01,0,0,0,0.0,0.0,0.0,0,0,0,"-40,000",0,0,0,0,"40,000","-40,000","-40,000"
714572,良維台新66購01,0,0,0,0.0,0.0,0.0,0,0,0,"18,000",0,0,0,"18,000",0,"18,000","18,000"
714575,茂達台新63購01,0,0,0,0.0,0.0,0.0,0,0,0,"-30,000",0,0,0,0,"30,000","-30,000","-30,000"
714579,穩懋台新63購05,0,0,0,0.0,0.0,0.0,0,0,0,"15,000",0,0,0,"17,000","2,000","15,000","15,000"
714580,巨有永豐66購01,0,0,0,0.0,0.0,0.0,0,0,0,"-474,000",0,0,0,"272,000","746,000","-474,000","-474,000"
714584,智崴永豐64購01,0,0,0,0.0,0.0,0.0,0,0,0,"-29,000",0,0,0,"1,000","30,000","-29,000","-29,000"
714585,萊德光永豐63購02,0,0,0,0.0,0.0,0.0,0,0,0,"-10,000",0,0,0,"11,000","21,000","-10,000","-10,000"
714586,頎邦永豐63購05,0,0,0,0.0,0.0,0.0,0,0,0,"74,000",0,0,0,"74,000",0,"74,000","74,000"
714588,台半元大65購01,0,0,0,0.0,0.0,0.0,0,0,0,"269,000",0,0,0,"274,000","5,000","269,000","269,000"
714589,巨有元大63購03,0,0,0,0.0,0.0,0.0,0,0,0,"-44,000",0,0,0,0,"44,000","-44,000","-44,000"
714590,巨有元大63購04,0,0,0,0.0,0.0,0.0,0,0,0,"-1,000",0,0,0,0,"1,000","-1,000","-1,000"
714591,均華元大63購06,0,0,0,0.0,0.0,0.0,0,0,0,"-200,000",0,0,0,0,"200,000","-200,000","-200,000"
714592,均華元大63購07,0,0,0,0.0,0.0,0.0,0,0,0,"56,000",0,0,0,"228,000","172,000","56,000","56,000"
714593,宏捷科元大63購03,0,0,0,0.0,0.0,0.0,0,0,0,"-4,000",0,0,0,"1,000","5,000","-4,000","-4,000"
714594,宏捷科元大63購04,0,0,0,0.0,0.0,0.0,0,0,0,"5,000",0,0,0,"5,000",0,"5,000","5,000"
714597,宜鼎元大64購06,0,0,0,0.0,0.0,0.0,0,0,0,"-123,000",0,0,0,0,"123,000","-123,000","-123,000"
714598,青雲元大63購05,0,0,0,0.0,0.0,0.0,0,0,0,"-30,000",0,0,0,0,"30,000","-30,000","-30,000"
714599,威剛元大63購15,0,0,0,0.0,0.0,0.0,0,0,0,"35,000",0,0,0,"35,000",0,"35,000","35,000"
714600,創新服元大63購01,0,0,0,0.0,0.0,0.0,0,0,0,"6,000",0,0,0,"6,000",0,"6,000","6,000"
714601,萊德光元大63購03,0,0,0,0.0,0.0,0.0,0,0,0,"-10,000",0,0,0,0,"10,000","-10,000","-10,000"
714602,萊德光元大64購01,0,0,0,0.0,0.0,0.0,0,0,0,"-330,000",0,0,0,"70,000","400,000","-330,000","-330,000"
714603,萊德光元大64購02,0,0,0,0.0,0.0,0.0,0,0,0,"32,000",0,0,0,"32,000",0,"32,000","32,000"
714604,雅特力元大63購05,0,0,0,0.0,0.0,0.0,0,0,0,"42,000",0,0,0,"42,000",0,"42,000","42,000"
714605,群聯元大63購30,0,0,0,0.0,0.0,0.0,0,0,0,"-5,000",0,0,0,0,"5,000","-5,000","-5,000"
714606,環球晶元大64購03,0,0,0,0.0,0.0,0.0,0,0,0,"-8,000",0,0,0,"24,000","32,000","-8,000","-8,000"
714607,環球晶元大65購06,0,0,0,0.0,0.0,0.0,0,0,0,"-147,000",0,0,0,"4,000","151,000","-147,000","-147,000"
714608,世界群益63購04,0,0,0,0.0,0.0,0.0,0,0,0,"-10,000",0,0,0,"44,000","54,000","-10,000","-10,000"
714609,巨有群益64購01,0,0,0,0.0,0.0,0.0,0,0,0,"2,000",0,0,0,"4,000","2,000","2,000","2,000"
714610,茂綸群益63購02,0,0,0,0.0,0.0,0.0,0,0,0,"-17,000",0,0,0,"560,000","577,000","-17,000","-17,000"
714611,順達群益63購07,0,0,0,0.0,0.0,0.0,0,0,0,0,0,0,0,"10,000","10,000",0,0
714612,順達群益65購01,0,0,0,0.0,0.0,0.0,0,0,0,0,0,0,0,"10,000","10,000",0,0
714613,新應材群益63購07,0,0,0,0.0,0.0,0.0,0,0,0,"43,000",0,0,0,"48,000","5,000","43,000","43,000"
714614,營邦群益63購03,0,0,0,0.0,0.0,0.0,0,0,0,"-81,000",0,0,0,"56,000","137,000","-81,000","-81,000"
714615,穩懋群益63購06,0,0,0,0.0,0.0,0.0,0,0,0,"-51,000",0,0,0,"8,000","59,000","-51,000","-51,000"
714620,旭然國票69購01,0,0,0,0.0,0.0,0.0,0,0,0,"75,000",0,0,0,"75,000",0,"75,000","75,000"
714622,宏捷科國票65購01,0,0,0,0.0,0.0,0.0,0,0,0,"14,000",0,0,0,"14,000",0,"14,000","14,000"
714625,昇達科國票64購02,0,0,0,0.0,0.0,0.0,0,0,0,"-10,000",0,0,0,0,"10,000","-10,000","-10,000"
714628,萊德光國票65購02,0,0,0,0.0,0.0,0.0,0,0,0,"95,000",0,0,0,"123,000","28,000","95,000","95,000"
714630,磐亞國票65購02,0,0,0,0.0,0.0,0.0,0,0,0,"-10,000",0,0,0,"20,000","30,000","-10,000","-10,000"
714631,巨有台新63購01,0,0,0,0.0,0.0,0.0,0,0,0,"19,000",0,0,0,"21,000","2,000","19,000","19,000"
714634,巨有台新69購02,0,0,0,0.0,0.0,0.0,0,0,0,"2,000",0,0,0,"2,000",0,"2,000","2,000"
714636,昇達科台新63購03,0,0,0,0.0,0.0,0.0,0,0,0,"1,000",0,0,0,"26,000","25,000","1,000","1,000"
714638,創新服台新65購01,0,0,0,0.0,0.0,0.0,0,0,0,"34,000",0,0,0,"34,000",0,"34,000","34,000"
714641,聖暉*台新66購01,0,0,0,0.0,0.0,0.0,0,0,0,"33,000",0,0,0,"38,000","5,000","33,000","33,000"
714642,印能凱基64購03,0,0,0,0.0,0.0,0.0,0,0,0,"11,000",0,0,0,"311,000","300,000","11,000","11,000"
714645,良維凱基67購01,0,0,0,0.0,0.0,0.0,0,0,0,"-5,000",0,0,0,0,"5,000","-5,000","-5,000"
714647,欣銓凱基63購02,0,0,0,0.0,0.0,0.0,0,0,0,"-77,000",0,0,0,"24,000","101,000","-77,000","-77,000"
714649,建榮凱基64購01,0,0,0,0.0,0.0,0.0,0,0,0,"51,000",0,0,0,"194,000","143,000","51,000","51,000"
714651,萊德光凱基63購02,0,0,0,0.0,0.0,0.0,0,0,0,"-89,000",0,0,0,"10,000","99,000","-89,000","-89,000"
714652,環球晶凱基63購04,0,0,0,0.0,0.0,0.0,0,0,0,"25,000",0,0,0,"25,000",0,"25,000","25,000"
714656,世界國泰64購02,0,0,0,0.0,0.0,0.0,0,0,0,"21,000",0,0,0,"21,000",0,"21,000","21,000"
714657,朋億*國泰65購01,0,0,0,0.0,0.0,0.0,0,0,0,"24,000",0,0,0,"24,000",0,"24,000","24,000"
714658,欣銓國泰64購01,0,0,0,0.0,0.0,0.0,0,0,0,"175,000",0,0,0,"525,000","350,000","175,000","175,000"
714660,德微國泰64購01,0,0,0,0.0,0.0,0.0,0,0,0,"14,000",0,0,0,"15,000","1,000","14,000","14,000"
714661,巨有統一69購01,0,0,0,0.0,0.0,0.0,0,0,0,"-1,000",0,0,0,0,"1,000","-1,000","-1,000"
714662,巨有統一79購02,0,0,0,0.0,0.0,0.0,0,0,0,"73,000",0,0,0,"73,000",0,"73,000","73,000"
714668,印能富邦65購02,0,0,0,0.0,0.0,0.0,0,0,0,"-70,000",0,0,0,0,"70,000","-70,000","-70,000"
714669,威剛富邦63購01,0,0,0,0.0,0.0,0.0,0,0,0,"-156,000",0,0,0,"6,000","162,000","-156,000","-156,000"
714670,建榮富邦63購01,0,0,0,0.0,0.0,0.0,0,0,0,"-21,000",0,0,0,"85,000","106,000","-21,000","-21,000"
714671,鈊象富邦65購01,0,0,0,0.0,0.0,0.0,0,0,0,"29,000",0,0,0,"29,000",0,"29,000","29,000"
714672,群聯富邦65購06,0,0,0,0.0,0.0,0.0,0,0,0,"168,000",0,0,0,"168,000",0,"168,000","168,000"
714673,群聯富邦65購07,0,0,0,0.0,0.0,0.0,0,0,0,"-64,000",0,0,0,"10,000","74,000","-64,000","-64,000"
714674,群聯富邦65購08,0,0,0,0.0,0.0,0.0,0,0,0,"-422,000",0,0,0,0,"422,000","-422,000","-422,000"
714675,群聯富邦66購01,0,0,0,0.0,0.0,0.0,0,0,0,"152,000",0,0,0,"152,000",0,"152,000","152,000"
714676,群聯富邦66購02,0,0,0,0.0,0.0,0.0,0,0,0,"134,000",0,0,0,"144,000","10,000","134,000","134,000"
714677,群聯富邦69購01,0,0,0,0.0,0.0,0.0,0,0,0,"190,000",0,0,0,"190,000",0,"190,000","190,000"
714678,台燿凱基63購01,0,0,0,0.0,0.0,0.0,0,0,0,"-1,000",0,0,0,"440,000","441,000","-1,000","-1,000"
714679,台燿凱基63購02,0,0,0,0.0,0.0,0.0,0,0,0,"-104,000",0,0,0,"105,000","209,000","-104,000","-104,000"
714680,台燿凱基63購03,0,0,0,0.0,0.0,0.0,0,0,0,"632,000",0,0,0,"747,000","115,000","632,000","632,000"
714681,台燿凱基63購04,0,0,0,0.0,0.0,0.0,0,0,0,"40,000",0,0,0,"40,000",0,"40,000","40,000"
714682,台燿凱基65購01,0,0,0,0.0,0.0,0.0,0,0,0,"-30,000",0,0,0,0,"30,000","-30,000","-30,000"
714683,台燿凱基65購02,0,0,0,0.0,0.0,0.0,0,0,0,"19,000",0,0,0,"32,000","13,000","19,000","19,000"
714684,台燿凱基65購03,0,0,0,0.0,0.0,0.0,0,0,0,"-515,000",0,0,0,"23,000","538,000","-515,000","-515,000"
714685,青雲凱基63購04,0,0,0,0.0,0.0,0.0,0,0,0,"90,000",0,0,0,"110,000","20,000","90,000","90,000"
714686,茂綸凱基63購01,0,0,0,0.0,0.0,0.0,0,0,0,"-2,000",0,0,0,0,"2,000","-2,000","-2,000"
714687,新應材凱基63購12,0,0,0,0.0,0.0,0.0,0,0,0,"-4,000",0,0,0,0,"4,000","-4,000","-4,000"
714688,群聯凱基63購22,0,0,0,0.0,0.0,0.0,0,0,0,"-10,000",0,0,0,"13,000","23,000","-10,000","-10,000"
714690,台燿台新63購01,0,0,0,0.0,0.0,0.0,0,0,0,"-75,000",0,0,0,"68,000","143,000","-75,000","-75,000"
714691,台燿台新66購01,0,0,0,0.0,0.0,0.0,0,0,0,"218,000",0,0,0,"368,000","150,000","218,000","218,000"
714692,台燿台新69購01,0,0,0,0.0,0.0,0.0,0,0,0,"133,000",0,0,0,"208,000","75,000","133,000","133,000"
714696,宜鼎台新66購01,0,0,0,0.0,0.0,0.0,0,0,0,"-7,000",0,0,0,0,"7,000","-7,000","-7,000"
714697,台燿群益63購01,0,0,0,0.0,0.0,0.0,0,0,0,"23,000",0,0,0,"23,000",0,"23,000","23,000"
714698,台燿群益63購02,0,0,0,0.0,0.0,0.0,0,0,0,"-507,000",0,0,0,"16,000","523,000","-507,000","-507,000"
714699,台燿群益63購03,0,0,0,0.0,0.0,0.0,0,0,0,"223,000",0,0,0,"296,000","73,000","223,000","223,000"
714700,印能群益63購03,0,0,0,0.0,0.0,0.0,0,0,0,"107,000",0,0,0,"107,000",0,"107,000","107,000"
714701,竹陞群益64購02,0,0,0,0.0,0.0,0.0,0,0,0,"6,000",0,0,0,"53,000","47,000","6,000","6,000"
714702,亞通群益64購01,0,0,0,0.0,0.0,0.0,0,0,0,"2,000",0,0,0,"2,000",0,"2,000","2,000"
714705,欣銓群益63購03,0,0,0,0.0,0.0,0.0,0,0,0,"-269,000",0,0,0,"39,000","308,000","-269,000","-269,000"
714708,威剛群益63購12,0,0,0,0.0,0.0,0.0,0,0,0,"10,000",0,0,0,"14,000","4,000","10,000","10,000"
714709,家登群益63購08,0,0,0,0.0,0.0,0.0,0,0,0,"20,000",0,0,0,"20,000",0,"20,000","20,000"
714710,頎邦群益65購01,0,0,0,0.0,0.0,0.0,0,0,0,"110,000",0,0,0,"128,000","18,000","110,000","110,000"
714711,穩懋群益63購07,0,0,0,0.0,0.0,0.0,0,0,0,0,0,0,0,"5,000","5,000",0,0
714712,台燿元大63購01,0,0,0,0.0,0.0,0.0,0,0,0,"-72,000",0,0,0,"252,000","324,000","-72,000","-72,000"
714713,台燿元大64購05,0,0,0,0.0,0.0,0.0,0,0,0,"-591,000",0,0,0,"279,000","870,000","-591,000","-591,000"
714714,台燿元大65購01,0,0,0,0.0,0.0,0.0,0,0,0,"-10,000",0,0,0,"182,000","192,000","-10,000","-10,000"
714715,印能元大63購03,0,0,0,0.0,0.0,0.0,0,0,0,"-61,000",0,0,0,0,"61,000","-61,000","-61,000"
714716,沛亨元大63購07,0,0,0,0.0,0.0,0.0,0,0,0,"228,000",0,0,0,"228,000",0,"228,000","228,000"
714718,亞通元大63購05,0,0,0,0.0,0.0,0.0,0,0,0,"90,000",0,0,0,"97,000","7,000","90,000","90,000"
714719,宜鼎元大64購07,0,0,0,0.0,0.0,0.0,0,0,0,"470,000",0,0,0,"570,000","100,000","470,000","470,000"
714720,昇達科元大63購04,0,0,0,0.0,0.0,0.0,0,0,0,"-131,000",0,0,0,"9,000","140,000","-131,000","-131,000"
714721,昇達科元大63購05,0,0,0,0.0,0.0,0.0,0,0,0,"-103,000",0,0,0,0,"103,000","-103,000","-103,000"
714724,威剛元大63購16,0,0,0,0.0,0.0,0.0,0,0,0,"36,000",0,0,0,"51,000","15,000","36,000","36,000"
714726,茂綸元大64購01,0,0,0,0.0,0.0,0.0,0,0,0,"-151,000",0,0,0,0,"151,000","-151,000","-151,000"
714727,家登元大63購02,0,0,0,0.0,0.0,0.0,0,0,0,"54,000",0,0,0,"56,000","2,000","54,000","54,000"
714728,家登元大64購02,0,0,0,0.0,0.0,0.0,0,0,0,"45,000",0,0,0,"45,000",0,"45,000","45,000"
714729,群聯元大63購31,0,0,0,0.0,0.0,0.0,0,0,0,"-158,000",0,0,0,"5,000","163,000","-158,000","-158,000"
714730,群聯元大63購33,0,0,0,0.0,0.0,0.0,0,0,0,"-2,000",0,0,0,"9,000","11,000","-2,000","-2,000"
714731,環球晶元大64購04,0,0,0,0.0,0.0,0.0,0,0,0,"-467,000",0,0,0,0,"467,000","-467,000","-467,000"
714732,環球晶元大65購07,0,0,0,0.0,0.0,0.0,0,0,0,"-177,000",0,0,0,"26,000","203,000","-177,000","-177,000"
714733,台燿永豐63購01,0,0,0,0.0,0.0,0.0,0,0,0,"-69,000",0,0,0,"38,000","107,000","-69,000","-69,000"
714734,台燿永豐63購02,0,0,0,0.0,0.0,0.0,0,0,0,"-459,000",0,0,0,"201,000","660,000","-459,000","-459,000"
714735,台燿永豐63購03,0,0,0,0.0,0.0,0.0,0,0,0,"-183,000",0,0,0,"352,000","535,000","-183,000","-183,000"
714736,台燿永豐63購04,0,0,0,0.0,0.0,0.0,0,0,0,"-150,000",0,0,0,"145,000","295,000","-150,000","-150,000"
714737,台燿永豐64購03,0,0,0,0.0,0.0,0.0,0,0,0,"-209,000",0,0,0,"113,000","322,000","-209,000","-209,000"
714738,台燿永豐64購04,0,0,0,0.0,0.0,0.0,0,0,0,"24,000",0,0,0,"88,000","64,000","24,000","24,000"
714739,台燿永豐65購01,0,0,0,0.0,0.0,0.0,0,0,0,"233,000",0,0,0,"249,000","16,000","233,000","233,000"
714740,台燿永豐65購02,0,0,0,0.0,0.0,0.0,0,0,0,"-78,000",0,0,0,"99,000","177,000","-78,000","-78,000"
714741,台燿永豐66購01,0,0,0,0.0,0.0,0.0,0,0,0,"-2,000",0,0,0,"107,000","109,000","-2,000","-2,000"
714742,台燿永豐66購02,0,0,0,0.0,0.0,0.0,0,0,0,"40,000",0,0,0,"152,000","112,000","40,000","40,000"
714743,台燿永豐69購01,0,0,0,0.0,0.0,0.0,0,0,0,"118,000",0,0,0,"160,000","42,000","118,000","118,000"
714744,台燿永豐69購02,0,0,0,0.0,0.0,0.0,0,0,0,"-10,000",0,0,0,0,"10,000","-10,000","-10,000"
714745,台燿永豐73購01,0,0,0,0.0,0.0,0.0,0,0,0,"27,000",0,0,0,"54,000","27,000","27,000","27,000"
714747,光焱永豐65購01,0,0,0,0.0,0.0,0.0,0,0,0,"4,000",0,0,0,"4,000",0,"4,000","4,000"
714748,欣銓永豐63購01,0,0,0,0.0,0.0,0.0,0,0,0,"-165,000",0,0,0,"101,000","266,000","-165,000","-165,000"
714750,蜜望實永豐64購01,0,0,0,0.0,0.0,0.0,0,0,0,"-41,000",0,0,0,"51,000","92,000","-41,000","-41,000"
714751,營邦永豐65購01,0,0,0,0.0,0.0,0.0,0,0,0,"-36,000",0,0,0,"24,000","60,000","-36,000","-36,000"
714752,環球晶永豐64購02,0,0,0,0.0,0.0,0.0,0,0,0,"4,000",0,0,0,"14,000","10,000","4,000","4,000"
714754,台燿中信63購01,0,0,0,0.0,0.0,0.0,0,0,0,"268,000",0,0,0,"1,015,000","747,000","268,000","268,000"
714755,欣銓中信63購01,0,0,0,0.0,0.0,0.0,0,0,0,"-439,000",0,0,0,"250,000","689,000","-439,000","-439,000"
714757,雷科中信63購01,0,0,0,0.0,0.0,0.0,0,0,0,"286,000",0,0,0,"339,000","53,000","286,000","286,000"
714758,台燿國票67購01,0,0,0,0.0,0.0,0.0,0,0,0,"26,000",0,0,0,"43,000","17,000","26,000","26,000"
714766,風青國票67購01,0,0,0,0.0,0.0,0.0,0,0,0,"-217,000",0,0,0,"18,000","235,000","-217,000","-217,000"
714767,營邦國票65購01,0,0,0,0.0,0.0,0.0,0,0,0,"-120,000",0,0,0,0,"120,000","-120,000","-120,000"
714768,環球晶國票64購04,0,0,0,0.0,0.0,0.0,0,0,0,"-43,000",0,0,0,"15,000","58,000","-43,000","-43,000"
714769,台燿統一65購02,0,0,0,0.0,0.0,0.0,0,0,0,"279,000",0,0,0,"410,000","131,000","279,000","279,000"
714770,台燿統一69購01,0,0,0,0.0,0.0,0.0,0,0,0,"387,000",0,0,0,"1,298,000","911,000","387,000","387,000"
714771,台燿統一69購02,0,0,0,0.0,0.0,0.0,0,0,0,"186,000",0,0,0,"466,000","280,000","186,000","186,000"
714772,台燿統一6C購01,0,0,0,0.0,0.0,0.0,0,0,0,"-115,000",0,0,0,0,"115,000","-115,000","-115,000"
714773,台燿統一71購02,0,0,0,0.0,0.0,0.0,0,0,0,"411,000",0,0,0,"619,000","208,000","411,000","411,000"
714774,台燿統一79購01,0,0,0,0.0,0.0,0.0,0,0,0,"-49,000",0,0,0,"10,000","59,000","-49,000","-49,000"
714775,印能統一69購01,0,0,0,0.0,0.0,0.0,0,0,0,"-2,000",0,0,0,0,"2,000","-2,000","-2,000"
714776,金山電統一79購01,0,0,0,0.0,0.0,0.0,0,0,0,"-13,000",0,0,0,"24,000","37,000","-13,000","-13,000"
714777,青雲統一79購01,0,0,0,0.0,0.0,0.0,0,0,0,"-1,000",0,0,0,0,"1,000","-1,000","-1,000"
714779,台燿國泰64購01,0,0,0,0.0,0.0,0.0,0,0,0,"4,000",0,0,0,"4,000",0,"4,000","4,000"
714780,台燿國泰64購02,0,0,0,0.0,0.0,0.0,0,0,0,"539,000",0,0,0,"1,046,000","507,000","539,000","539,000"
714782,元太富邦64購03,0,0,0,0.0,0.0,0.0,0,0,0,"-314,000",0,0,0,"76,000","390,000","-314,000","-314,000"
714783,台半富邦65購01,0,0,0,0.0,0.0,0.0,0,0,0,"603,000",0,0,0,"623,000","20,000","603,000","603,000"
714784,台燿富邦63購04,0,0,0,0.0,0.0,0.0,0,0,0,"-425,000",0,0,0,"122,000","547,000","-425,000","-425,000"
714785,台燿富邦63購05,0,0,0,0.0,0.0,0.0,0,0,0,"58,000",0,0,0,"238,000","180,000","58,000","58,000"
714786,金山電富邦65購01,0,0,0,0.0,0.0,0.0,0,0,0,"-224,000",0,0,0,"850,000","1,074,000","-224,000","-224,000"
714787,晶呈富邦65購03,0,0,0,0.0,0.0,0.0,0,0,0,"88,000",0,0,0,"88,000",0,"88,000","88,000"
714788,新應材富邦66購01,0,0,0,0.0,0.0,0.0,0,0,0,"96,000",0,0,0,"96,000",0,"96,000","96,000"
714789,穩懋富邦67購01,0,0,0,0.0,0.0,0.0,0,0,0,"-334,000",0,0,0,"115,000","449,000","-334,000","-334,000"
714793,創新服台新65購02,0,0,0,0.0,0.0,0.0,0,0,0,"26,000",0,0,0,"26,000",0,"26,000","26,000"
714794,富強鑫台新63購01,0,0,0,0.0,0.0,0.0,0,0,0,"37,000",0,0,0,"111,000","74,000","37,000","37,000"
714795,穩懋台新63購06,0,0,0,0.0,0.0,0.0,0,0,0,"-8,000",0,0,0,"17,000","25,000","-8,000","-8,000"
714796,穩懋台新63購07,0,0,0,0.0,0.0,0.0,0,0,0,"106,000",0,0,0,"118,000","12,000","106,000","106,000"
714798,台半凱基63購04,0,0,0,0.0,0.0,0.0,0,0,0,"53,000",0,0,0,"64,000","11,000","53,000","53,000"
714799,印能凱基63購04,0,0,0,0.0,0.0,0.0,0,0,0,"42,000",0,0,0,"42,000",0,"42,000","42,000"
714800,沛亨凱基63購05,0,0,0,0.0,0.0,0.0,0,0,0,"33,000",0,0,0,"33,000",0,"33,000","33,000"
714802,亞通凱基63購03,0,0,0,0.0,0.0,0.0,0,0,0,"6,000",0,0,0,"6,000",0,"6,000","6,000"
714803,亞通凱基64購01,0,0,0,0.0,0.0,0.0,0,0,0,"1,000",0,0,0,"1,000",0,"1,000","1,000"
714805,昇達科凱基63購05,0,0,0,0.0,0.0,0.0,0,0,0,"20,000",0,0,0,"20,000",0,"20,000","20,000"
714806,欣銓凱基63購03,0,0,0,0.0,0.0,0.0,0,0,0,"-26,000",0,0,0,"11,000","37,000","-26,000","-26,000"
714808,家登凱基63購05,0,0,0,0.0,0.0,0.0,0,0,0,"34,000",0,0,0,"34,000",0,"34,000","34,000"
714809,頎邦凱基63購08,0,0,0,0.0,0.0,0.0,0,0,0,"-5,000",0,0,0,0,"5,000","-5,000","-5,000"
714810,營邦凱基66購02,0,0,0,0.0,0.0,0.0,0,0,0,"12,000",0,0,0,"53,000","41,000","12,000","12,000"
714811,環球晶凱基68購01,0,0,0,0.0,0.0,0.0,0,0,0,"-111,000",0,0,0,"46,000","157,000","-111,000","-111,000"
714812,穩懋凱基65購03,0,0,0,0.0,0.0,0.0,0,0,0,"-6,000",0,0,0,"1,000","7,000","-6,000","-6,000"
714813,千附精統一79購01,0,0,0,0.0,0.0,0.0,0,0,0,"56,000",0,0,0,"56,000",0,"56,000","56,000"
714814,印能統一79購01,0,0,0,0.0,0.0,0.0,0,0,0,"9,000",0,0,0,"9,000",0,"9,000","9,000"
714815,安碁統一69購01,0,0,0,0.0,0.0,0.0,0,0,0,"50,000",0,0,0,"50,000",0,"50,000","50,000"
714819,茂綸國泰64購01,0,0,0,0.0,0.0,0.0,0,0,0,"-443,000",0,0,0,"38,000","481,000","-443,000","-443,000"
714820,順達國泰64購01,0,0,0,0.0,0.0,0.0,0,0,0,"-30,000",0,0,0,0,"30,000","-30,000","-30,000"
714821,環球晶國泰64購03,0,0,0,0.0,0.0,0.0,0,0,0,"22,000",0,0,0,"22,000",0,"22,000","22,000"
714822,台燿富邦69購01,0,0,0,0.0,0.0,0.0,0,0,0,"-89,000",0,0,0,"714,000","803,000","-89,000","-89,000"
714823,台燿富邦79購01,0,0,0,0.0,0.0,0.0,0,0,0,"-18,000",0,0,0,"198,000","216,000","-18,000","-18,000"
714824,沛亨富邦66購01,0,0,0,0.0,0.0,0.0,0,0,0,"-8,000",0,0,0,"2,000","10,000","-8,000","-8,000"
714825,家登富邦65購01,0,0,0,0.0,0.0,0.0,0,0,0,"118,000",0,0,0,"218,000","100,000","118,000","118,000"
714826,家登富邦65購02,0,0,0,0.0,0.0,0.0,0,0,0,"174,000",0,0,0,"227,000","53,000","174,000","174,000"
714827,順達富邦64購03,0,0,0,0.0,0.0,0.0,0,0,0,"29,000",0,0,0,"65,000","36,000","29,000","29,000"
714828,天品永豐63購01,0,0,0,0.0,0.0,0.0,0,0,0,"162,000",0,0,0,"238,000","76,000","162,000","162,000"
714829,世界永豐63購02,0,0,0,0.0,0.0,0.0,0,0,0,"-60,000",0,0,0,"27,000","87,000","-60,000","-60,000"
714833,宣德永豐64購01,0,0,0,0.0,0.0,0.0,0,0,0,"-1,000",0,0,0,"1,000","2,000","-1,000","-1,000"
714835,群聯永豐63購11,0,0,0,0.0,0.0,0.0,0,0,0,"10,000",0,0,0,"10,000",0,"10,000","10,000"
714836,穩懋永豐66購02,0,0,0,0.0,0.0,0.0,0,0,0,"59,000",0,0,0,"79,000","20,000","59,000","59,000"
714837,中美晶元大64購07,0,0,0,0.0,0.0,0.0,0,0,0,"141,000",0,0,0,"148,000","7,000","141,000","141,000"
714838,元太元大63購10,0,0,0,0.0,0.0,0.0,0,0,0,"-63,000",0,0,0,0,"63,000","-63,000","-63,000"
714841,良維元大63購06,0,0,0,0.0,0.0,0.0,0,0,0,"2,000",0,0,0,"2,000",0,"2,000","2,000"
714842,良維元大63購07,0,0,0,0.0,0.0,0.0,0,0,0,"4,000",0,0,0,"4,000",0,"4,000","4,000"
714843,宜鼎元大66購02,0,0,0,0.0,0.0,0.0,0,0,0,"57,000",0,0,0,"118,000","61,000","57,000","57,000"
714844,東捷元大65購01,0,0,0,0.0,0.0,0.0,0,0,0,"163,000",0,0,0,"165,000","2,000","163,000","163,000"
714845,威剛元大63購17,0,0,0,0.0,0.0,0.0,0,0,0,"80,000",0,0,0,"110,000","30,000","80,000","80,000"
714847,家登元大64購03,0,0,0,0.0,0.0,0.0,0,0,0,"3,000",0,0,0,"3,000",0,"3,000","3,000"
714848,晶宏元大63購04,0,0,0,0.0,0.0,0.0,0,0,0,"95,000",0,0,0,"95,000",0,"95,000","95,000"
714849,群聯元大63購34,0,0,0,0.0,0.0,0.0,0,0,0,"-176,000",0,0,0,0,"176,000","-176,000","-176,000"
714850,群聯元大67購01,0,0,0,0.0,0.0,0.0,0,0,0,"-527,000",0,0,0,0,"527,000","-527,000","-527,000"
714851,群聯元大68購05,0,0,0,0.0,0.0,0.0,0,0,0,"-32,000",0,0,0,"3,000","35,000","-32,000","-32,000"
714852,擎亞元大65購01,0,0,0,0.0,0.0,0.0,0,0,0,"6,000",0,0,0,"51,000","45,000","6,000","6,000"
714853,營邦元大63購08,0,0,0,0.0,0.0,0.0,0,0,0,"31,000",0,0,0,"31,000",0,"31,000","31,000"
714854,環球晶元大63購12,0,0,0,0.0,0.0,0.0,0,0,0,"18,000",0,0,0,"47,000","29,000","18,000","18,000"
714855,環球晶元大64購05,0,0,0,0.0,0.0,0.0,0,0,0,"-40,000",0,0,0,"11,000","51,000","-40,000","-40,000"
714856,環球晶元大65購08,0,0,0,0.0,0.0,0.0,0,0,0,"-133,000",0,0,0,"48,000","181,000","-133,000","-133,000"
714857,千附精國票65購02,0,0,0,0.0,0.0,0.0,0,0,0,"26,000",0,0,0,"26,000",0,"26,000","26,000"
714862,晶呈國票68購01,0,0,0,0.0,0.0,0.0,0,0,0,"-2,000",0,0,0,0,"2,000","-2,000","-2,000"
714864,天品群益63購01,0,0,0,0.0,0.0,0.0,0,0,0,"33,000",0,0,0,"33,000",0,"33,000","33,000"
714866,竹陞群益63購03,0,0,0,0.0,0.0,0.0,0,0,0,0,0,0,0,"10,000","10,000",0,0
714867,威剛群益63購13,0,0,0,0.0,0.0,0.0,0,0,0,"-50,000",0,0,0,0,"50,000","-50,000","-50,000"
714869,博盛群益63購02,0,0,0,0.0,0.0,0.0,0,0,0,"31,000",0,0,0,"31,000",0,"31,000","31,000"
714870,順達群益63購08,0,0,0,0.0,0.0,0.0,0,0,0,"-33,000",0,0,0,"10,000","43,000","-33,000","-33,000"
714872,新應材群益63購08,0,0,0,0.0,0.0,0.0,0,0,0,0,0,0,0,"5,000","5,000",0,0
714873,新應材群益63購09,0,0,0,0.0,0.0,0.0,0,0,0,"10,000",0,0,0,"55,000","45,000","10,000","10,000"
714874,群聯群益63購16,0,0,0,0.0,0.0,0.0,0,0,0,"-46,000",0,0,0,"15,000","61,000","-46,000","-46,000"
714875,頎邦群益64購01,0,0,0,0.0,0.0,0.0,0,0,0,"116,000",0,0,0,"132,000","16,000","116,000","116,000"
714876,臺慶科群益64購01,0,0,0,0.0,0.0,0.0,0,0,0,"31,000",0,0,0,"33,000","2,000","31,000","31,000"
714878,環球晶群益63購08,0,0,0,0.0,0.0,0.0,0,0,0,"-109,000",0,0,0,"8,000","117,000","-109,000","-109,000"
714879,天品統一71購01,0,0,0,0.0,0.0,0.0,0,0,0,"1,369,000",0,0,0,"1,591,000","222,000","1,369,000","1,369,000"
714880,宏碁資統一69購01,0,0,0,0.0,0.0,0.0,0,0,0,"-258,000",0,0,0,0,"258,000","-258,000","-258,000"
714882,穩懋統一69購02,0,0,0,0.0,0.0,0.0,0,0,0,"38,000",0,0,0,"52,000","14,000","38,000","38,000"
714883,台半群益64購01,0,0,0,0.0,0.0,0.0,0,0,0,"223,000",0,0,0,"525,000","302,000","223,000","223,000"
714884,台燿群益64購01,0,0,0,0.0,0.0,0.0,0,0,0,"11,000",0,0,0,"570,000","559,000","11,000","11,000"
714885,宏捷科群益63購04,0,0,0,0.0,0.0,0.0,0,0,0,"143,000",0,0,0,"143,000",0,"143,000","143,000"
714887,欣銓群益63購04,0,0,0,0.0,0.0,0.0,0,0,0,"-426,000",0,0,0,"86,000","512,000","-426,000","-426,000"
714888,家登群益63購09,0,0,0,0.0,0.0,0.0,0,0,0,"39,000",0,0,0,"57,000","18,000","39,000","39,000"
714889,營邦群益64購02,0,0,0,0.0,0.0,0.0,0,0,0,"-80,000",0,0,0,0,"80,000","-80,000","-80,000"
714890,環球晶群益63購09,0,0,0,0.0,0.0,0.0,0,0,0,"1,213,000",0,0,0,"1,477,000","264,000","1,213,000","1,213,000"
714891,穩懋群益63購09,0,0,0,0.0,0.0,0.0,0,0,0,"1,000",0,0,0,"6,000","5,000","1,000","1,000"
714892,宜鼎中信66購01,0,0,0,0.0,0.0,0.0,0,0,0,"34,000",0,0,0,"34,000",0,"34,000","34,000"
714894,宏捷科永豐63購02,0,0,0,0.0,0.0,0.0,0,0,0,"24,000",0,0,0,"24,000",0,"24,000","24,000"
714895,宏捷科永豐64購02,0,0,0,0.0,0.0,0.0,0,0,0,"26,000",0,0,0,"46,000","20,000","26,000","26,000"
714897,宜鼎永豐63購09,0,0,0,0.0,0.0,0.0,0,0,0,"6,000",0,0,0,"6,000",0,"6,000","6,000"
714899,家登永豐63購05,0,0,0,0.0,0.0,0.0,0,0,0,"-1,000",0,0,0,0,"1,000","-1,000","-1,000"
714900,群聯永豐63購12,0,0,0,0.0,0.0,0.0,0,0,0,"10,000",0,0,0,"10,000",0,"10,000","10,000"
714901,大綜元大63購01,0,0,0,0.0,0.0,0.0,0,0,0,"88,000",0,0,0,"162,000","74,000","88,000","88,000"
714902,台燿元大63購02,0,0,0,0.0,0.0,0.0,0,0,0,"2,000",0,0,0,"40,000","38,000","2,000","2,000"
714903,台燿元大63購03,0,0,0,0.0,0.0,0.0,0,0,0,"-614,000",0,0,0,"47,000","661,000","-614,000","-614,000"
714904,台燿元大64購06,0,0,0,0.0,0.0,0.0,0,0,0,"-189,000",0,0,0,"194,000","383,000","-189,000","-189,000"
714905,台燿元大65購02,0,0,0,0.0,0.0,0.0,0,0,0,"-284,000",0,0,0,"93,000","377,000","-284,000","-284,000"
714907,沛亨元大63購09,0,0,0,0.0,0.0,0.0,0,0,0,"64,000",0,0,0,"64,000",0,"64,000","64,000"
714908,宜鼎元大68購01,0,0,0,0.0,0.0,0.0,0,0,0,"158,000",0,0,0,"189,000","31,000","158,000","158,000"
714909,威剛元大63購18,0,0,0,0.0,0.0,0.0,0,0,0,"683,000",0,0,0,"715,000","32,000","683,000","683,000"
714910,家登元大63購04,0,0,0,0.0,0.0,0.0,0,0,0,"81,000",0,0,0,"83,000","2,000","81,000","81,000"
714911,家登元大64購04,0,0,0,0.0,0.0,0.0,0,0,0,"73,000",0,0,0,"82,000","9,000","73,000","73,000"
714912,晶宏元大63購05,0,0,0,0.0,0.0,0.0,0,0,0,"110,000",0,0,0,"110,000",0,"110,000","110,000"
714913,順達元大63購12,0,0,0,0.0,0.0,0.0,0,0,0,"-36,000",0,0,0,0,"36,000","-36,000","-36,000"
714914,順達元大66購01,0,0,0,0.0,0.0,0.0,0,0,0,"-109,000",0,0,0,0,"109,000","-109,000","-109,000"
714915,群聯元大63購35,0,0,0,0.0,0.0,0.0,0,0,0,"-218,000",0,0,0,0,"218,000","-218,000","-218,000"
714917,群聯元大68購06,0,0,0,0.0,0.0,0.0,0,0,0,"-68,000",0,0,0,0,"68,000","-68,000","-68,000"
714918,德微元大63購02,0,0,0,0.0,0.0,0.0,0,0,0,"551,000",0,0,0,"551,000",0,"551,000","551,000"
714919,營邦元大63購09,0,0,0,0.0,0.0,0.0,0,0,0,"27,000",0,0,0,"42,000","15,000","27,000","27,000"
714920,環球晶元大68購12,0,0,0,0.0,0.0,0.0,0,0,0,"223,000",0,0,0,"261,000","38,000","223,000","223,000"
714922,立端國票65購02,0,0,0,0.0,0.0,0.0,0,0,0,"-5,000",0,0,0,0,"5,000","-5,000","-5,000"
714925,翔名國票69購01,0,0,0,0.0,0.0,0.0,0,0,0,"590,000",0,0,0,"590,000",0,"590,000","590,000"
714926,勤凱國票64購01,0,0,0,0.0,0.0,0.0,0,0,0,"-5,000",0,0,0,0,"5,000","-5,000","-5,000"
714927,勤凱國票65購01,0,0,0,0.0,0.0,0.0,0,0,0,"10,000",0,0,0,"20,000","10,000","10,000","10,000"
714928,德微國票65購03,0,0,0,0.0,0.0,0.0,0,0,0,"8,000",0,0,0,"8,000",0,"8,000","8,000"
714929,穩懋國票6A購01,0,0,0,0.0,0.0,0.0,0,0,0,"-247,000",0,0,0,"3,000","250,000","-247,000","-247,000"
714930,弘塑富邦63購04,0,0,0,0.0,0.0,0.0,0,0,0,"-344,000",0,0,0,"20,000","364,000","-344,000","-344,000"
714932,宜鼎富邦63購05,0,0,0,0.0,0.0,0.0,0,0,0,"278,000",0,0,0,"278,000",0,"278,000","278,000"
714933,環球晶富邦63購02,0,0,0,0.0,0.0,0.0,0,0,0,"305,000",0,0,0,"355,000","50,000","305,000","305,000"
714934,順達國泰64購02,0,0,0,0.0,0.0,0.0,0,0,0,"-29,000",0,0,0,"4,000","33,000","-29,000","-29,000"
714935,宏碁資台新63購01,0,0,0,0.0,0.0,0.0,0,0,0,"34,000",0,0,0,"49,000","15,000","34,000","34,000"
714938,高技台新63購02,0,0,0,0.0,0.0,0.0,0,0,0,"-15,000",0,0,0,"2,000","17,000","-15,000","-15,000"
714940,德微台新63購02,0,0,0,0.0,0.0,0.0,0,0,0,"35,000",0,0,0,"35,000",0,"35,000","35,000"
714941,德微台新63購03,0,0,0,0.0,0.0,0.0,0,0,0,"88,000",0,0,0,"92,000","4,000","88,000","88,000"
714942,環球晶台新69購01,0,0,0,0.0,0.0,0.0,0,0,0,"-251,000",0,0,0,"1,000","252,000","-251,000","-251,000"
714943,穩懋台新69購01,0,0,0,0.0,0.0,0.0,0,0,0,"-6,000",0,0,0,0,"6,000","-6,000","-6,000"
714944,大綜凱基63購02,0,0,0,0.0,0.0,0.0,0,0,0,"10,000",0,0,0,"20,000","10,000","10,000","10,000"
714945,中美晶凱基63購09,0,0,0,0.0,0.0,0.0,0,0,0,"486,000",0,0,0,"562,000","76,000","486,000","486,000"
714946,宏捷科凱基63購04,0,0,0,0.0,0.0,0.0,0,0,0,"-82,000",0,0,0,"59,000","141,000","-82,000","-82,000"
714947,宏碁資凱基63購01,0,0,0,0.0,0.0,0.0,0,0,0,"-271,000",0,0,0,"20,000","291,000","-271,000","-271,000"
714950,茂綸凱基63購02,0,0,0,0.0,0.0,0.0,0,0,0,"-11,000",0,0,0,0,"11,000","-11,000","-11,000"
714951,晶呈凱基63購02,0,0,0,0.0,0.0,0.0,0,0,0,"112,000",0,0,0,"542,000","430,000","112,000","112,000"
714952,群聯凱基65購02,0,0,0,0.0,0.0,0.0,0,0,0,"-20,000",0,0,0,"17,000","37,000","-20,000","-20,000"
714953,擎亞凱基64購01,0,0,0,0.0,0.0,0.0,0,0,0,"24,000",0,0,0,"144,000","120,000","24,000","24,000"
714954,環球晶凱基64購05,0,0,0,0.0,0.0,0.0,0,0,0,"10,000",0,0,0,"10,000",0,"10,000","10,000"
714955,台嘉碩台新66購01,0,0,0,0.0,0.0,0.0,0,0,0,"24,000",0,0,0,"24,000",0,"24,000","24,000"
714956,立敦台新63購01,0,0,0,0.0,0.0,0.0,0,0,0,"40,000",0,0,0,"40,000",0,"40,000","40,000"
714957,欣銓台新63購01,0,0,0,0.0,0.0,0.0,0,0,0,"-209,000",0,0,0,"33,000","242,000","-209,000","-209,000"
714958,鈺創台新63購01,0,0,0,0.0,0.0,0.0,0,0,0,"152,000",0,0,0,"152,000",0,"152,000","152,000"
714959,鈺創台新63購02,0,0,0,0.0,0.0,0.0,0,0,0,"15,000",0,0,0,"15,000",0,"15,000","15,000"
714963,頎邦台新63購04,0,0,0,0.0,0.0,0.0,0,0,0,"79,000",0,0,0,"95,000","16,000","79,000","79,000"
714965,台燿凱基63購06,0,0,0,0.0,0.0,0.0,0,0,0,"-340,000",0,0,0,"232,000","572,000","-340,000","-340,000"
714966,印能凱基63購05,0,0,0,0.0,0.0,0.0,0,0,0,"-309,000",0,0,0,0,"309,000","-309,000","-309,000"
714967,東捷凱基67購01,0,0,0,0.0,0.0,0.0,0,0,0,"-10,000",0,0,0,0,"10,000","-10,000","-10,000"
714968,威剛凱基63購16,0,0,0,0.0,0.0,0.0,0,0,0,"20,000",0,0,0,"20,000",0,"20,000","20,000"
714969,富喬凱基63購04,0,0,0,0.0,0.0,0.0,0,0,0,"-124,000",0,0,0,"3,000","127,000","-124,000","-124,000"
714970,富喬凱基63購05,0,0,0,0.0,0.0,0.0,0,0,0,"37,000",0,0,0,"49,000","12,000","37,000","37,000"
714971,富喬凱基63購06,0,0,0,0.0,0.0,0.0,0,0,0,"-7,000",0,0,0,"21,000","28,000","-7,000","-7,000"
714972,富喬凱基63購07,0,0,0,0.0,0.0,0.0,0,0,0,"134,000",0,0,0,"139,000","5,000","134,000","134,000"
714973,富喬凱基63購09,0,0,0,0.0,0.0,0.0,0,0,0,"56,000",0,0,0,"62,000","6,000","56,000","56,000"
714974,富喬凱基63購10,0,0,0,0.0,0.0,0.0,0,0,0,0,0,0,0,"3,000","3,000",0,0
714975,鈺創凱基63購01,0,0,0,0.0,0.0,0.0,0,0,0,"-1,000",0,0,0,"12,000","13,000","-1,000","-1,000"
714977,鈺創凱基63購03,0,0,0,0.0,0.0,0.0,0,0,0,"106,000",0,0,0,"108,000","2,000","106,000","106,000"
714978,穩懋凱基63購12,0,0,0,0.0,0.0,0.0,0,0,0,"-19,000",0,0,0,"1,000","20,000","-19,000","-19,000"
714980,台燿國票65購01,0,0,0,0.0,0.0,0.0,0,0,0,"59,000",0,0,0,"138,000","79,000","59,000","59,000"
714982,原相國票64購01,0,0,0,0.0,0.0,0.0,0,0,0,"3,000",0,0,0,"20,000","17,000","3,000","3,000"
714983,創新服國票64購01,0,0,0,0.0,0.0,0.0,0,0,0,"-44,000",0,0,0,0,"44,000","-44,000","-44,000"
714984,富喬國票64購02,0,0,0,0.0,0.0,0.0,0,0,0,"33,000",0,0,0,"57,000","24,000","33,000","33,000"
714985,富喬國票65購02,0,0,0,0.0,0.0,0.0,0,0,0,"-103,000",0,0,0,"15,000","118,000","-103,000","-103,000"
714986,華電網國票64購01,0,0,0,0.0,0.0,0.0,0,0,0,"-66,000",0,0,0,"4,000","70,000","-66,000","-66,000"
714987,鈺創國票65購01,0,0,0,0.0,0.0,0.0,0,0,0,"-111,000",0,0,0,"286,000","397,000","-111,000","-111,000"
714989,台燿元大65購03,0,0,0,0.0,0.0,0.0,0,0,0,"58,000",0,0,0,"152,000","94,000","58,000","58,000"
714990,台燿元大68購01,0,0,0,0.0,0.0,0.0,0,0,0,"-74,000",0,0,0,"152,000","226,000","-74,000","-74,000"
714992,均華元大66購02,0,0,0,0.0,0.0,0.0,0,0,0,"-6,000",0,0,0,0,"6,000","-6,000","-6,000"
714994,威剛元大63購19,0,0,0,0.0,0.0,0.0,0,0,0,"16,000",0,0,0,"26,000","10,000","16,000","16,000"
714995,風青元大63購01,0,0,0,0.0,0.0,0.0,0,0,0,"7,000",0,0,0,"17,000","10,000","7,000","7,000"
714996,富喬元大63購07,0,0,0,0.0,0.0,0.0,0,0,0,"246,000",0,0,0,"280,000","34,000","246,000","246,000"
714997,富喬元大63購08,0,0,0,0.0,0.0,0.0,0,0,0,"-281,000",0,0,0,"419,000","700,000","-281,000","-281,000"
714999,群聯元大63購36,0,0,0,0.0,0.0,0.0,0,0,0,"-404,000",0,0,0,0,"404,000","-404,000","-404,000"
715000,群聯元大63購37,0,0,0,0.0,0.0,0.0,0,0,0,"-808,000",0,0,0,"4,000","812,000","-808,000","-808,000"
715001,群聯元大64購16,0,0,0,0.0,0.0,0.0,0,0,0,"-83,000",0,0,0,"177,000","260,000","-83,000","-83,000"
715002,鈺創元大63購01,0,0,0,0.0,0.0,0.0,0,0,0,"-69,000",0,0,0,"11,000","80,000","-69,000","-69,000"
715004,霖宏元大63購01,0,0,0,0.0,0.0,0.0,0,0,0,"60,000",0,0,0,"120,000","60,000","60,000","60,000"
715005,擎亞元大66購01,0,0,0,0.0,0.0,0.0,0,0,0,"12,000",0,0,0,"12,000",0,"12,000","12,000"
715006,營邦元大63購10,0,0,0,0.0,0.0,0.0,0,0,0,"-50,000",0,0,0,0,"50,000","-50,000","-50,000"
715007,環球晶元大68購13,0,0,0,0.0,0.0,0.0,0,0,0,"-22,000",0,0,0,"1,000","23,000","-22,000","-22,000"
715008,世界永豐63購03,0,0,0,0.0,0.0,0.0,0,0,0,"-139,000",0,0,0,"262,000","401,000","-139,000","-139,000"
715009,台嘉碩永豐63購01,0,0,0,0.0,0.0,0.0,0,0,0,"88,000",0,0,0,"96,000","8,000","88,000","88,000"
715011,台燿永豐64購05,0,0,0,0.0,0.0,0.0,0,0,0,"-90,000",0,0,0,"10,000","100,000","-90,000","-90,000"
715013,東洋永豐64購01,0,0,0,0.0,0.0,0.0,0,0,0,"-3,063,000",0,0,0,"21,000","3,084,000","-3,063,000","-3,063,000"
715014,杰力永豐64購02,0,0,0,0.0,0.0,0.0,0,0,0,"-2,000",0,0,0,0,"2,000","-2,000","-2,000"
715018,博士旺永豐64購01,0,0,0,0.0,0.0,0.0,0,0,0,"-60,000",0,0,0,0,"60,000","-60,000","-60,000"
715019,富喬永豐63購03,0,0,0,0.0,0.0,0.0,0,0,0,"-138,000",0,0,0,"102,000","240,000","-138,000","-138,000"
715020,富喬永豐63購04,0,0,0,0.0,0.0,0.0,0,0,0,"-107,000",0,0,0,"255,000","362,000","-107,000","-107,000"
715021,富喬永豐63購05,0,0,0,0.0,0.0,0.0,0,0,0,"1,000",0,0,0,"484,000","483,000","1,000","1,000"
715022,富喬永豐64購03,0,0,0,0.0,0.0,0.0,0,0,0,"95,000",0,0,0,"295,000","200,000","95,000","95,000"
715023,智擎永豐64購01,0,0,0,0.0,0.0,0.0,0,0,0,"-3,000",0,0,0,0,"3,000","-3,000","-3,000"
715024,鈺創永豐63購01,0,0,0,0.0,0.0,0.0,0,0,0,"213,000",0,0,0,"213,000",0,"213,000","213,000"
715025,鈺創永豐63購02,0,0,0,0.0,0.0,0.0,0,0,0,"-10,000",0,0,0,0,"10,000","-10,000","-10,000"
715027,鈺創永豐63購04,0,0,0,0.0,0.0,0.0,0,0,0,"137,000",0,0,0,"237,000","100,000","137,000","137,000"
715028,鈺創永豐64購01,0,0,0,0.0,0.0,0.0,0,0,0,"52,000",0,0,0,"64,000","12,000","52,000","52,000"
715030,霖宏永豐63購01,0,0,0,0.0,0.0,0.0,0,0,0,"100,000",0,0,0,"100,000",0,"100,000","100,000"
715032,環球晶永豐63購12,0,0,0,0.0,0.0,0.0,0,0,0,"-134,000",0,0,0,"215,000","349,000","-134,000","-134,000"
715033,台燿中信63購02,0,0,0,0.0,0.0,0.0,0,0,0,"11,000",0,0,0,"18,000","7,000","11,000","11,000"
715034,富喬中信64購04,0,0,0,0.0,0.0,0.0,0,0,0,"-259,000",0,0,0,"709,000","968,000","-259,000","-259,000"
715036,富喬國泰64購02,0,0,0,0.0,0.0,0.0,0,0,0,"-96,000",0,0,0,"22,000","118,000","-96,000","-96,000"
715037,宜鼎富邦63購06,0,0,0,0.0,0.0,0.0,0,0,0,"-61,000",0,0,0,"154,000","215,000","-61,000","-61,000"
715038,富喬富邦63購02,0,0,0,0.0,0.0,0.0,0,0,0,"-468,000",0,0,0,"124,000","592,000","-468,000","-468,000"
715039,德微富邦63購02,0,0,0,0.0,0.0,0.0,0,0,0,"644,000",0,0,0,"669,000","25,000","644,000","644,000"
715040,穩懋富邦66購01,0,0,0,0.0,0.0,0.0,0,0,0,"1,000",0,0,0,"204,000","203,000","1,000","1,000"
715042,中美晶群益63購07,0,0,0,0.0,0.0,0.0,0,0,0,"24,000",0,0,0,"26,000","2,000","24,000","24,000"
715043,弘塑群益64購02,0,0,0,0.0,0.0,0.0,0,0,0,"-23,000",0,0,0,"5,000","28,000","-23,000","-23,000"
715044,印能群益64購01,0,0,0,0.0,0.0,0.0,0,0,0,"173,000",0,0,0,"173,000",0,"173,000","173,000"
715045,欣銓群益63購05,0,0,0,0.0,0.0,0.0,0,0,0,"-74,000",0,0,0,"117,000","191,000","-74,000","-74,000"
715046,環球晶群益63購10,0,0,0,0.0,0.0,0.0,0,0,0,"1,260,000",0,0,0,"1,536,000","276,000","1,260,000","1,260,000"
715047,穩懋群益63購11,0,0,0,0.0,0.0,0.0,0,0,0,"-296,000",0,0,0,"66,000","362,000","-296,000","-296,000"
715048,譜瑞群益63購02,0,0,0,0.0,0.0,0.0,0,0,0,"-2,000",0,0,0,0,"2,000","-2,000","-2,000"
715049,台半統一66購01,0,0,0,0.0,0.0,0.0,0,0,0,"172,000",0,0,0,"430,000","258,000","172,000","172,000"
715050,台燿統一79購02,"10,000",0,"10,000",0.0,0.0,0.0,0,0,0,"105,000",0,0,0,"251,000","146,000","105,000","115,000"
715051,金山電統一6C購03,0,0,0,0.0,0.0,0.0,0,0,0,"950,000",0,0,0,"2,995,000","2,045,000","950,000","950,000"
715052,富喬統一68購01,0,0,0,0.0,0.0,0.0,0,0,0,"-109,000",0,0,0,0,"109,000","-109,000","-109,000"
715053,富喬統一69購01,0,0,0,0.0,0.0,0.0,0,0,0,"-143,000",0,0,0,"1,098,000","1,241,000","-143,000","-143,000"
715054,富喬統一6A購02,0,0,0,0.0,0.0,0.0,0,0,0,"16,000",0,0,0,"71,000","55,000","16,000","16,000"
715055,富喬統一79購01,0,0,0,0.0,0.0,0.0,0,0,0,"494,000",0,0,0,"1,066,000","572,000","494,000","494,000"
715056,群聯統一6B購02,0,0,0,0.0,0.0,0.0,0,0,0,"-54,000",0,0,0,"6,000","60,000","-54,000","-54,000"
715057,鈺創統一68購01,0,0,0,0.0,0.0,0.0,0,0,0,"-168,000",0,0,0,"10,000","178,000","-168,000","-168,000"
715058,鈺創統一69購01,0,0,0,0.0,0.0,0.0,0,0,0,"-252,000",0,0,0,"313,000","565,000","-252,000","-252,000"
715059,鈺創統一71購01,0,0,0,0.0,0.0,0.0,0,0,0,"-45,000",0,0,0,"5,000","50,000","-45,000","-45,000"
715060,鈺創統一79購01,0,0,0,0.0,0.0,0.0,0,0,0,"3,472,000",0,0,0,"3,493,000","21,000","3,472,000","3,472,000"
715062,旺矽台新63購02,0,0,0,0.0,0.0,0.0,0,0,0,"2,000",0,0,0,"2,000",0,"2,000","2,000"
715064,旺矽台新63購04,0,0,0,0.0,0.0,0.0,0,0,0,"-2,000",0,0,0,0,"2,000","-2,000","-2,000"
715067,旺矽台新69購02,0,0,0,0.0,0.0,0.0,0,0,0,"-30,000",0,0,0,0,"30,000","-30,000","-30,000"
715071,點序台新63購01,0,0,0,0.0,0.0,0.0,0,0,0,"22,000",0,0,0,"34,000","12,000","22,000","22,000"
715072,弘塑凱基63購09,0,0,0,0.0,0.0,0.0,0,0,0,"19,000",0,0,0,"19,000",0,"19,000","19,000"
715074,竹陞凱基69購01,0,0,0,0.0,0.0,0.0,0,0,0,0,0,0,0,"12,000","12,000",0,0
715075,均華凱基63購04,0,0,0,0.0,0.0,0.0,0,0,0,"-60,000",0,0,0,"10,000","70,000","-60,000","-60,000"
715076,宜鼎凱基66購02,0,0,0,0.0,0.0,0.0,0,0,0,"-14,000",0,0,0,"4,000","18,000","-14,000","-14,000"
715077,旺矽凱基63購03,0,0,0,0.0,0.0,0.0,0,0,0,"7,000",0,0,0,"194,000","187,000","7,000","7,000"
715078,旺矽凱基63購04,0,0,0,0.0,0.0,0.0,0,0,0,"-187,000",0,0,0,0,"187,000","-187,000","-187,000"
715079,旺矽凱基63購05,0,0,0,0.0,0.0,0.0,0,0,0,"-164,000",0,0,0,"101,000","265,000","-164,000","-164,000"
715080,旺矽凱基63購06,0,0,0,0.0,0.0,0.0,0,0,0,"-25,000",0,0,0,0,"25,000","-25,000","-25,000"
715081,旺矽凱基63購07,0,0,0,0.0,0.0,0.0,0,0,0,"60,000",0,0,0,"60,000",0,"60,000","60,000"
715082,旺矽凱基63購08,0,0,0,0.0,0.0,0.0,0,0,0,"49,000",0,0,0,"119,000","70,000","49,000","49,000"
715083,旺矽凱基65購01,0,0,0,0.0,0.0,0.0,0,0,0,"-21,000",0,0,0,0,"21,000","-21,000","-21,000"
715084,旺矽凱基65購02,0,0,0,0.0,0.0,0.0,0,0,0,"-13,000",0,0,0,0,"13,000","-13,000","-13,000"
715085,旺矽凱基65購03,0,0,0,0.0,0.0,0.0,0,0,0,"-76,000",0,0,0,"3,000","79,000","-76,000","-76,000"
715086,旺矽凱基67購01,0,0,0,0.0,0.0,0.0,0,0,0,"125,000",0,0,0,"182,000","57,000","125,000","125,000"
715087,旺矽凱基67購02,0,0,0,0.0,0.0,0.0,0,0,0,"-7,000",0,0,0,0,"7,000","-7,000","-7,000"
715088,富喬凱基65購02,0,0,0,0.0,0.0,0.0,0,0,0,"38,000",0,0,0,"133,000","95,000","38,000","38,000"
715090,頎邦凱基64購05,0,0,0,0.0,0.0,0.0,0,0,0,"475,000",0,0,0,"475,000",0,"475,000","475,000"
715091,環球晶凱基63購05,0,0,0,0.0,0.0,0.0,0,0,0,0,0,0,0,"10,000","10,000",0,0
715092,穩懋凱基63購14,0,0,0,0.0,0.0,0.0,0,0,0,"-283,000",0,0,0,"19,000","302,000","-283,000","-283,000"
715093,譜瑞凱基65購03,0,0,0,0.0,0.0,0.0,0,0,0,"-35,000",0,0,0,0,"35,000","-35,000","-35,000"
715094,大綜元大63購02,0,0,0,0.0,0.0,0.0,0,0,0,"80,000",0,0,0,"90,000","10,000","80,000","80,000"
715095,天品元大63購01,0,0,0,0.0,0.0,0.0,0,0,0,"205,000",0,0,0,"219,000","14,000","205,000","205,000"
715096,竹陞元大64購01,0,0,0,0.0,0.0,0.0,0,0,0,"100,000",0,0,0,"100,000",0,"100,000","100,000"
715097,竹陞元大66購02,0,0,0,0.0,0.0,0.0,0,0,0,"-238,000",0,0,0,0,"238,000","-238,000","-238,000"
715098,沛亨元大64購01,0,0,0,0.0,0.0,0.0,0,0,0,"178,000",0,0,0,"178,000",0,"178,000","178,000"
715100,旺矽元大63購01,0,0,0,0.0,0.0,0.0,0,0,0,"-454,000",0,0,0,0,"454,000","-454,000","-454,000"
715101,旺矽元大63購02,0,0,0,0.0,0.0,0.0,0,0,0,"-546,000",0,0,0,"215,000","761,000","-546,000","-546,000"
715102,旺矽元大63購03,0,0,0,0.0,0.0,0.0,0,0,0,"-713,000",0,0,0,0,"713,000","-713,000","-713,000"
715103,旺矽元大65購01,0,0,0,0.0,0.0,0.0,0,0,0,"5,000",0,0,0,"62,000","57,000","5,000","5,000"
715104,旺矽元大67購01,0,0,0,0.0,0.0,0.0,0,0,0,"-475,000",0,0,0,0,"475,000","-475,000","-475,000"
715105,旺矽元大68購01,0,0,0,0.0,0.0,0.0,0,0,0,"-90,000",0,0,0,"56,000","146,000","-90,000","-90,000"
715106,晶宏元大63購07,0,0,0,0.0,0.0,0.0,0,0,0,"72,000",0,0,0,"72,000",0,"72,000","72,000"
715109,群聯元大63購39,0,0,0,0.0,0.0,0.0,0,0,0,"-677,000",0,0,0,0,"677,000","-677,000","-677,000"
715110,群聯元大66購08,0,0,0,0.0,0.0,0.0,0,0,0,"-2,000",0,0,0,0,"2,000","-2,000","-2,000"
715112,環球晶元大63購13,0,0,0,0.0,0.0,0.0,0,0,0,"-72,000",0,0,0,"75,000","147,000","-72,000","-72,000"
715114,大綜國票65購01,0,0,0,0.0,0.0,0.0,0,0,0,"168,000",0,0,0,"203,000","35,000","168,000","168,000"
715115,中美晶國票68購01,0,0,0,0.0,0.0,0.0,0,0,0,"4,000",0,0,0,"6,000","2,000","4,000","4,000"
715123,旺矽國票67購02,0,0,0,0.0,0.0,0.0,0,0,0,"30,000",0,0,0,"30,000",0,"30,000","30,000"
715127,華景電國票65購03,0,0,0,0.0,0.0,0.0,0,0,0,"6,000",0,0,0,"20,000","14,000","6,000","6,000"
715128,聖暉*國票65購04,0,0,0,0.0,0.0,0.0,0,0,0,"189,000",0,0,0,"214,000","25,000","189,000","189,000"
715129,頎邦國票6A購01,0,0,0,0.0,0.0,0.0,0,0,0,"1,000",0,0,0,"1,000",0,"1,000","1,000"
715130,穩懋國票6C購01,0,0,0,0.0,0.0,0.0,0,0,0,"5,000",0,0,0,"5,000",0,"5,000","5,000"
715131,大綜群益64購01,0,0,0,0.0,0.0,0.0,0,0,0,"869,000",0,0,0,"905,000","36,000","869,000","869,000"
715132,中美晶群益63購08,0,0,0,0.0,0.0,0.0,0,0,0,"308,000",0,0,0,"308,000",0,"308,000","308,000"
715133,台星科群益63購01,0,0,0,0.0,0.0,0.0,0,0,0,"15,000",0,0,0,"15,000",0,"15,000","15,000"
715134,巨漢群益63購01,0,0,0,0.0,0.0,0.0,0,0,0,"-36,000",0,0,0,0,"36,000","-36,000","-36,000"
715138,良維群益63購04,0,0,0,0.0,0.0,0.0,0,0,0,"-950,000",0,0,0,"50,000","1,000,000","-950,000","-950,000"
715140,旺矽群益63購02,0,0,0,0.0,0.0,0.0,0,0,0,"-9,000",0,0,0,"24,000","33,000","-9,000","-9,000"
715141,旺矽群益63購03,0,0,0,0.0,0.0,0.0,0,0,0,"643,000",0,0,0,"874,000","231,000","643,000","643,000"
715142,旺矽群益63購04,0,0,0,0.0,0.0,0.0,0,0,0,"-3,000",0,0,0,"44,000","47,000","-3,000","-3,000"
715143,東捷群益63購04,0,0,0,0.0,0.0,0.0,0,0,0,"239,000",0,0,0,"244,000","5,000","239,000","239,000"
715144,南俊群益64購01,0,0,0,0.0,0.0,0.0,0,0,0,"17,000",0,0,0,"20,000","3,000","17,000","17,000"
715145,順達群益63購09,0,0,0,0.0,0.0,0.0,0,0,0,"-30,000",0,0,0,"10,000","40,000","-30,000","-30,000"
715146,群聯群益63購17,0,0,0,0.0,0.0,0.0,0,0,0,"-21,000",0,0,0,"19,000","40,000","-21,000","-21,000"
715147,聖暉*群益63購02,0,0,0,0.0,0.0,0.0,0,0,0,"1,763,000",0,0,0,"1,763,000",0,"1,763,000","1,763,000"
715148,鈺創群益63購01,0,0,0,0.0,0.0,0.0,0,0,0,"55,000",0,0,0,"96,000","41,000","55,000","55,000"
715149,鈺創群益64購01,0,0,0,0.0,0.0,0.0,0,0,0,"-31,000",0,0,0,"21,000","52,000","-31,000","-31,000"
715150,頎邦群益63購07,0,0,0,0.0,0.0,0.0,0,0,0,"92,000",0,0,0,"117,000","25,000","92,000","92,000"
715151,頎邦群益63購08,0,0,0,0.0,0.0,0.0,0,0,0,"68,000",0,0,0,"83,000","15,000","68,000","68,000"
715152,環球晶群益63購11,0,0,0,0.0,0.0,0.0,0,0,0,"-86,000",0,0,0,"281,000","367,000","-86,000","-86,000"
715154,世界富邦66購01,0,0,0,0.0,0.0,0.0,0,0,0,"-168,000",0,0,0,"292,000","460,000","-168,000","-168,000"
715155,均華富邦65購02,0,0,0,0.0,0.0,0.0,0,0,0,"152,000",0,0,0,"192,000","40,000","152,000","152,000"
715156,旺矽富邦65購01,0,0,0,0.0,0.0,0.0,0,0,0,"150,000",0,0,0,"195,000","45,000","150,000","150,000"
715157,旺矽富邦69購01,0,0,0,0.0,0.0,0.0,0,0,0,0,0,0,0,"60,000","60,000",0,0
715158,昇達科富邦67購01,0,0,0,0.0,0.0,0.0,0,0,0,"-45,000",0,0,0,"39,000","84,000","-45,000","-45,000"
715159,原相富邦63購01,0,0,0,0.0,0.0,0.0,0,0,0,"-202,000",0,0,0,0,"202,000","-202,000","-202,000"
715160,富喬富邦6C購01,0,0,0,0.0,0.0,0.0,0,0,0,"66,000",0,0,0,"111,000","45,000","66,000","66,000"
715162,德微富邦63購03,0,0,0,0.0,0.0,0.0,0,0,0,"357,000",0,0,0,"490,000","133,000","357,000","357,000"
715163,中美晶統一69購01,0,0,0,0.0,0.0,0.0,0,0,0,"-119,000",0,0,0,"97,000","216,000","-119,000","-119,000"
715164,世界統一69購01,0,0,0,0.0,0.0,0.0,0,0,0,"-19,000",0,0,0,"91,000","110,000","-19,000","-19,000"
715165,台嘉碩統一69購01,0,0,0,0.0,0.0,0.0,0,0,0,"19,000",0,0,0,"19,000",0,"19,000","19,000"
715166,竹陞統一79購01,0,0,0,0.0,0.0,0.0,0,0,0,"22,000",0,0,0,"22,000",0,"22,000","22,000"
715167,旺矽統一67購01,0,0,0,0.0,0.0,0.0,0,0,0,"-213,000",0,0,0,"44,000","257,000","-213,000","-213,000"
715168,旺矽統一67購02,0,0,0,0.0,0.0,0.0,0,0,0,"-151,000",0,0,0,"18,000","169,000","-151,000","-151,000"
715170,欣銓統一6C購02,"5,000",0,"5,000",0.0,0.0,0.0,0,0,0,"-5,000",0,0,0,0,"5,000","-5,000",0
715172,鈺創統一69購02,0,0,0,0.0,0.0,0.0,0,0,0,"-150,000",0,0,0,0,"150,000","-150,000","-150,000"
715174,環球晶統一69購01,0,0,0,0.0,0.0,0.0,0,0,0,"-65,000",0,0,0,"60,000","125,000","-65,000","-65,000"
715175,世界中信66購01,0,0,0,0.0,0.0,0.0,0,0,0,"-17,000",0,0,0,"21,000","38,000","-17,000","-17,000"
715176,旺矽中信63購01,0,0,0,0.0,0.0,0.0,0,0,0,"88,000",0,0,0,"91,000","3,000","88,000","88,000"
715177,順達中信63購01,0,0,0,0.0,0.0,0.0,0,0,0,"43,000",0,0,0,"161,000","118,000","43,000","43,000"
715178,群聯中信63購03,0,0,0,0.0,0.0,0.0,0,0,0,"-45,000",0,0,0,0,"45,000","-45,000","-45,000"
715179,天品永豐66購01,0,0,0,0.0,0.0,0.0,0,0,0,"233,000",0,0,0,"266,000","33,000","233,000","233,000"
715183,旺矽永豐63購01,0,0,0,0.0,0.0,0.0,0,0,0,"5,000",0,0,0,"5,000",0,"5,000","5,000"
715184,旺矽永豐63購02,"5,000",0,"5,000",0.0,0.0,0.0,0,0,0,"-5,000",0,0,0,0,"5,000","-5,000",0
715185,旺矽永豐63購03,0,0,0,0.0,0.0,0.0,0,0,0,"13,000",0,0,0,"15,000","2,000","13,000","13,000"
715186,旺矽永豐66購01,0,0,0,0.0,0.0,0.0,0,0,0,"-24,000",0,0,0,"13,000","37,000","-24,000","-24,000"
715188,旺矽永豐69購01,0,0,0,0.0,0.0,0.0,0,0,0,"-4,000",0,0,0,0,"4,000","-4,000","-4,000"
715189,昇達科永豐64購01,0,0,0,0.0,0.0,0.0,0,0,0,"9,000",0,0,0,"59,000","50,000","9,000","9,000"
715190,欣銓永豐63購02,0,0,0,0.0,0.0,0.0,0,0,0,"94,000",0,0,0,"161,000","67,000","94,000","94,000"
715191,倚強永豐63購01,0,0,0,0.0,0.0,0.0,0,0,0,"-5,000",0,0,0,"5,000","10,000","-5,000","-5,000"
715192,創新服永豐63購02,0,0,0,0.0,0.0,0.0,0,0,0,"-10,000",0,0,0,0,"10,000","-10,000","-10,000"
715193,富喬永豐65購03,0,0,0,0.0,0.0,0.0,0,0,0,"-102,000",0,0,0,"84,000","186,000","-102,000","-102,000"
715194,聖暉*永豐63購03,0,0,0,0.0,0.0,0.0,0,0,0,"191,000",0,0,0,"264,000","73,000","191,000","191,000"
715195,頎邦永豐65購03,0,0,0,0.0,0.0,0.0,0,0,0,"135,000",0,0,0,"340,000","205,000","135,000","135,000"
715196,穩懋永豐63購09,0,0,0,0.0,0.0,0.0,0,0,0,"-70,000",0,0,0,"298,000","368,000","-70,000","-70,000"
715197,台星科台新63購01,0,0,0,0.0,0.0,0.0,0,0,0,"58,000",0,0,0,"58,000",0,"58,000","58,000"
715198,安碁台新63購01,0,0,0,0.0,0.0,0.0,0,0,0,"-1,000",0,0,0,0,"1,000","-1,000","-1,000"
715200,旺矽台新63購06,0,0,0,0.0,0.0,0.0,0,0,0,"-50,000",0,0,0,0,"50,000","-50,000","-50,000"
715201,欣銓台新63購03,0,0,0,0.0,0.0,0.0,0,0,0,"68,000",0,0,0,"95,000","27,000","68,000","68,000"
715202,欣銓台新63購04,0,0,0,0.0,0.0,0.0,0,0,0,"-81,000",0,0,0,"1,616,000","1,697,000","-81,000","-81,000"
715205,威剛台新66購03,0,0,0,0.0,0.0,0.0,0,0,0,"23,000",0,0,0,"23,000",0,"23,000","23,000"
715206,宸曜台新66購01,0,0,0,0.0,0.0,0.0,0,0,0,"1,000",0,0,0,"4,000","3,000","1,000","1,000"
715208,富喬台新63購01,0,0,0,0.0,0.0,0.0,0,0,0,"-275,000",0,0,0,"325,000","600,000","-275,000","-275,000"
715209,富喬台新63購02,0,0,0,0.0,0.0,0.0,0,0,0,"-116,000",0,0,0,"349,000","465,000","-116,000","-116,000"
715212,新盛力台新66購01,0,0,0,0.0,0.0,0.0,0,0,0,"15,000",0,0,0,"15,000",0,"15,000","15,000"
715214,點序台新66購01,0,0,0,0.0,0.0,0.0,0,0,0,"29,000",0,0,0,"29,000",0,"29,000","29,000"
715216,大綜凱基64購01,0,0,0,0.0,0.0,0.0,0,0,0,"-107,000",0,0,0,"165,000","272,000","-107,000","-107,000"
715217,中美晶凱基63購10,0,0,0,0.0,0.0,0.0,0,0,0,"27,000",0,0,0,"35,000","8,000","27,000","27,000"
715219,台星科凱基64購01,0,0,0,0.0,0.0,0.0,0,0,0,"3,000",0,0,0,"3,000",0,"3,000","3,000"
715220,均華凱基67購01,0,0,0,0.0,0.0,0.0,0,0,0,"-37,000",0,0,0,"33,000","70,000","-37,000","-37,000"
715222,良維凱基69購02,0,0,0,0.0,0.0,0.0,0,0,0,"-10,000",0,0,0,0,"10,000","-10,000","-10,000"
715224,欣銓凱基65購02,0,0,0,0.0,0.0,0.0,0,0,0,"10,000",0,0,0,"10,000",0,"10,000","10,000"
715226,倚強凱基63購02,0,0,0,0.0,0.0,0.0,0,0,0,"5,000",0,0,0,"28,000","23,000","5,000","5,000"
715227,順達凱基63購11,0,0,0,0.0,0.0,0.0,0,0,0,"9,000",0,0,0,"10,000","1,000","9,000","9,000"
715231,群聯凱基67購02,0,0,0,0.0,0.0,0.0,0,0,0,"-16,000",0,0,0,"18,000","34,000","-16,000","-16,000"
715232,聖暉*凱基63購04,0,0,0,0.0,0.0,0.0,0,0,0,"259,000",0,0,0,"259,000",0,"259,000","259,000"
715233,頎邦凱基63購09,0,0,0,0.0,0.0,0.0,0,0,0,"-13,000",0,0,0,"2,000","15,000","-13,000","-13,000"
715234,頎邦凱基63購10,0,0,0,0.0,0.0,0.0,0,0,0,"17,000",0,0,0,"22,000","5,000","17,000","17,000"
715235,營邦凱基65購01,0,0,0,0.0,0.0,0.0,0,0,0,"74,000",0,0,0,"78,000","4,000","74,000","74,000"
715236,環球晶凱基66購01,0,0,0,0.0,0.0,0.0,0,0,0,"-94,000",0,0,0,"12,000","106,000","-94,000","-94,000"
715238,東捷國票65購01,0,0,0,0.0,0.0,0.0,0,0,0,"10,000",0,0,0,"10,000",0,"10,000","10,000"
715239,家登國票64購03,0,0,0,0.0,0.0,0.0,0,0,0,"70,000",0,0,0,"80,000","10,000","70,000","70,000"
715244,新盛力國票65購01,0,0,0,0.0,0.0,0.0,0,0,0,"400,000",0,0,0,"400,000",0,"400,000","400,000"
715246,磐亞國票64購01,0,0,0,0.0,0.0,0.0,0,0,0,"-80,000",0,0,0,0,"80,000","-80,000","-80,000"
715248,中美晶永豐63購02,0,0,0,0.0,0.0,0.0,0,0,0,"1,537,000",0,0,0,"1,537,000",0,"1,537,000","1,537,000"
715249,世界永豐63購04,0,0,0,0.0,0.0,0.0,0,0,0,0,0,0,0,"10,000","10,000",0,0
715250,富喬永豐64購04,0,0,0,0.0,0.0,0.0,0,0,0,"-208,000",0,0,0,"334,000","542,000","-208,000","-208,000"
715251,華景電永豐64購01,0,0,0,0.0,0.0,0.0,0,0,0,"-80,000",0,0,0,"19,000","99,000","-80,000","-80,000"
715253,新盛力永豐64購01,0,0,0,0.0,0.0,0.0,0,0,0,"10,000",0,0,0,"10,000",0,"10,000","10,000"
715254,新盛力永豐65購01,0,0,0,0.0,0.0,0.0,0,0,0,"60,000",0,0,0,"60,000",0,"60,000","60,000"
715255,新應材永豐66購03,0,0,0,0.0,0.0,0.0,0,0,0,"48,000",0,0,0,"48,000",0,"48,000","48,000"
715256,頎邦永豐66購02,0,0,0,0.0,0.0,0.0,0,0,0,"78,000",0,0,0,"86,000","8,000","78,000","78,000"
715257,旺矽中信63購02,0,0,0,0.0,0.0,0.0,0,0,0,"-11,000",0,0,0,"112,000","123,000","-11,000","-11,000"
715258,環球晶中信63購02,0,0,0,0.0,0.0,0.0,0,0,0,"14,000",0,0,0,"24,000","10,000","14,000","14,000"
715259,千附精元大65購01,0,0,0,0.0,0.0,0.0,0,0,0,"55,000",0,0,0,"55,000",0,"55,000","55,000"
715260,天品元大63購02,0,0,0,0.0,0.0,0.0,0,0,0,"150,000",0,0,0,"150,000",0,"150,000","150,000"
715261,竹陞元大63購04,0,0,0,0.0,0.0,0.0,0,0,0,"6,000",0,0,0,"15,000","9,000","6,000","6,000"
715263,竹陞元大67購01,0,0,0,0.0,0.0,0.0,0,0,0,"-238,000",0,0,0,0,"238,000","-238,000","-238,000"
715264,宏碁資元大63購01,0,0,0,0.0,0.0,0.0,0,0,0,"16,000",0,0,0,"23,000","7,000","16,000","16,000"
715265,宜鼎元大63購17,0,0,0,0.0,0.0,0.0,0,0,0,"-2,000",0,0,0,0,"2,000","-2,000","-2,000"
715266,宜鼎元大63購18,0,0,0,0.0,0.0,0.0,0,0,0,"473,000",0,0,0,"473,000",0,"473,000","473,000"
715267,旺矽元大65購02,0,0,0,0.0,0.0,0.0,0,0,0,"-279,000",0,0,0,"64,000","343,000","-279,000","-279,000"
715268,旺矽元大67購02,0,0,0,0.0,0.0,0.0,0,0,0,0,0,0,0,"57,000","57,000",0,0
715269,旺矽元大68購02,0,0,0,0.0,0.0,0.0,0,0,0,"-757,000",0,0,0,0,"757,000","-757,000","-757,000"
715271,東捷元大63購06,0,0,0,0.0,0.0,0.0,0,0,0,"200,000",0,0,0,"200,000",0,"200,000","200,000"
715274,威剛元大67購03,0,0,0,0.0,0.0,0.0,0,0,0,"306,000",0,0,0,"311,000","5,000","306,000","306,000"
715275,倚強元大63購01,0,0,0,0.0,0.0,0.0,0,0,0,"-31,000",0,0,0,0,"31,000","-31,000","-31,000"
715276,富喬元大63購10,0,0,0,0.0,0.0,0.0,0,0,0,"-86,000",0,0,0,"165,000","251,000","-86,000","-86,000"
715277,富喬元大63購11,0,0,0,0.0,0.0,0.0,0,0,0,"-153,000",0,0,0,"576,000","729,000","-153,000","-153,000"
715278,富喬元大63購12,0,0,0,0.0,0.0,0.0,0,0,0,"218,000",0,0,0,"236,000","18,000","218,000","218,000"
715279,富喬元大64購07,0,0,0,0.0,0.0,0.0,0,0,0,"252,000",0,0,0,"421,000","169,000","252,000","252,000"
715280,新盛力元大69購01,0,0,0,0.0,0.0,0.0,0,0,0,"-76,000",0,0,0,"65,000","141,000","-76,000","-76,000"
715281,群聯元大63購40,0,0,0,0.0,0.0,0.0,0,0,0,"-698,000",0,0,0,0,"698,000","-698,000","-698,000"
715284,雷科元大69購01,0,0,0,0.0,0.0,0.0,0,0,0,"-163,000",0,0,0,0,"163,000","-163,000","-163,000"
715285,鈺創元大63購03,0,0,0,0.0,0.0,0.0,0,0,0,"9,000",0,0,0,"9,000",0,"9,000","9,000"
715286,鈺創元大63購04,0,0,0,0.0,0.0,0.0,0,0,0,"105,000",0,0,0,"130,000","25,000","105,000","105,000"
715287,磐亞元大63購01,0,0,0,0.0,0.0,0.0,0,0,0,"119,000",0,0,0,"171,000","52,000","119,000","119,000"
715288,環球晶元大63購14,0,0,0,0.0,0.0,0.0,0,0,0,"-39,000",0,0,0,"5,000","44,000","-39,000","-39,000"
715289,宜鼎群益63購10,0,0,0,0.0,0.0,0.0,0,0,0,"-1,000",0,0,0,"20,000","21,000","-1,000","-1,000"
715291,旺矽群益65購01,0,0,0,0.0,0.0,0.0,0,0,0,"-150,000",0,0,0,"15,000","165,000","-150,000","-150,000"
715293,倚強群益63購02,0,0,0,0.0,0.0,0.0,0,0,0,"2,000",0,0,0,"2,000",0,"2,000","2,000"
715296,新盛力群益63購03,0,0,0,0.0,0.0,0.0,0,0,0,"-201,000",0,0,0,0,"201,000","-201,000","-201,000"
715297,群聯群益63購18,0,0,0,0.0,0.0,0.0,0,0,0,"-31,000",0,0,0,0,"31,000","-31,000","-31,000"
715298,頎邦群益63購10,0,0,0,0.0,0.0,0.0,0,0,0,"59,000",0,0,0,"98,000","39,000","59,000","59,000"
715299,環球晶群益64購02,0,0,0,0.0,0.0,0.0,0,0,0,"85,000",0,0,0,"89,000","4,000","85,000","85,000"
715300,中美晶國泰64購02,0,0,0,0.0,0.0,0.0,0,0,0,"20,000",0,0,0,"20,000",0,"20,000","20,000"
715302,旺矽國泰64購01,0,0,0,0.0,0.0,0.0,0,0,0,"40,000",0,0,0,"86,000","46,000","40,000","40,000"
715303,新盛力國泰64購01,0,0,0,0.0,0.0,0.0,0,0,0,"-1,381,000",0,0,0,"670,000","2,051,000","-1,381,000","-1,381,000"
715304,新盛力國泰64購02,0,0,0,0.0,0.0,0.0,0,0,0,"55,000",0,0,0,"55,000",0,"55,000","55,000"
715305,德微國泰64購02,0,0,0,0.0,0.0,0.0,0,0,0,"46,000",0,0,0,"46,000",0,"46,000","46,000"
715307,創新服富邦64購01,0,0,0,0.0,0.0,0.0,0,0,0,"-254,000",0,0,0,0,"254,000","-254,000","-254,000"
715311,頎邦富邦63購04,0,0,0,0.0,0.0,0.0,0,0,0,"-154,000",0,0,0,"1,000","155,000","-154,000","-154,000"
715312,旺矽統一63購07,0,0,0,0.0,0.0,0.0,0,0,0,"-98,000",0,0,0,"62,000","160,000","-98,000","-98,000"
715315,欣銓統一69購02,0,0,0,0.0,0.0,0.0,0,0,0,"50,000",0,0,0,"50,000",0,"50,000","50,000"
715316,富喬統一6C購03,0,0,0,0.0,0.0,0.0,0,0,0,"-509,000",0,0,0,"117,000","626,000","-509,000","-509,000"
715317,富喬統一6C購04,0,0,0,0.0,0.0,0.0,0,0,0,"-17,000",0,0,0,"35,000","52,000","-17,000","-17,000"
715322,鈺創統一6C購01,0,0,0,0.0,0.0,0.0,0,0,0,"100,000",0,0,0,"100,000",0,"100,000","100,000"
715323,頎邦統一6C購02,0,0,0,0.0,0.0,0.0,0,0,0,"164,000",0,0,0,"287,000","123,000","164,000","164,000"
715326,天品台新63購01,0,0,0,0.0,0.0,0.0,0,0,0,"21,000",0,0,0,"47,000","26,000","21,000","21,000"
715327,天品台新65購01,0,0,0,0.0,0.0,0.0,0,0,0,"66,000",0,0,0,"130,000","64,000","66,000","66,000"
715328,世界台新63購03,0,0,0,0.0,0.0,0.0,0,0,0,"-3,000",0,0,0,"12,000","15,000","-3,000","-3,000"
715329,世界台新63購04,0,0,0,0.0,0.0,0.0,0,0,0,"29,000",0,0,0,"29,000",0,"29,000","29,000"
715330,光焱台新64購01,0,0,0,0.0,0.0,0.0,0,0,0,"430,000",0,0,0,"926,000","496,000","430,000","430,000"
715331,安葆台新65購01,0,0,0,0.0,0.0,0.0,0,0,0,"-56,000",0,0,0,0,"56,000","-56,000","-56,000"
715332,安葆台新65購02,0,0,0,0.0,0.0,0.0,0,0,0,"-57,000",0,0,0,0,"57,000","-57,000","-57,000"
715336,倚強台新65購01,0,0,0,0.0,0.0,0.0,0,0,0,"-7,000",0,0,0,"7,000","14,000","-7,000","-7,000"
715337,富喬台新63購05,0,0,0,0.0,0.0,0.0,0,0,0,"-1,943,000",0,0,0,"343,000","2,286,000","-1,943,000","-1,943,000"
715338,富喬台新63購06,0,0,0,0.0,0.0,0.0,0,0,0,"-208,000",0,0,0,"51,000","259,000","-208,000","-208,000"
715340,新盛力台新63購02,0,0,0,0.0,0.0,0.0,0,0,0,"-30,000",0,0,0,0,"30,000","-30,000","-30,000"
715341,萬泰科台新63購01,0,0,0,0.0,0.0,0.0,0,0,0,"-57,000",0,0,0,"11,000","68,000","-57,000","-57,000"
715342,雷科台新63購01,0,0,0,0.0,0.0,0.0,0,0,0,"15,000",0,0,0,"15,000",0,"15,000","15,000"
715343,頎邦台新63購06,0,0,0,0.0,0.0,0.0,0,0,0,"131,000",0,0,0,"208,000","77,000","131,000","131,000"
715344,環球晶台新64購03,0,0,0,0.0,0.0,0.0,0,0,0,"9,000",0,0,0,"14,000","5,000","9,000","9,000"
715345,環球晶台新64購04,0,0,0,0.0,0.0,0.0,0,0,0,"-15,000",0,0,0,0,"15,000","-15,000","-15,000"
715346,M31凱基63購05,0,0,0,0.0,0.0,0.0,0,0,0,"-30,000",0,0,0,0,"30,000","-30,000","-30,000"
715347,光頡凱基63購04,0,0,0,0.0,0.0,0.0,0,0,0,"93,000",0,0,0,"107,000","14,000","93,000","93,000"
715348,光頡凱基66購01,0,0,0,0.0,0.0,0.0,0,0,0,"74,000",0,0,0,"76,000","2,000","74,000","74,000"
715349,安葆凱基63購02,0,0,0,0.0,0.0,0.0,0,0,0,"-126,000",0,0,0,0,"126,000","-126,000","-126,000"
715351,旺矽凱基65購04,0,0,0,0.0,0.0,0.0,0,0,0,"-51,000",0,0,0,"26,000","77,000","-51,000","-51,000"
715352,金山電凱基63購03,0,0,0,0.0,0.0,0.0,0,0,0,"59,000",0,0,0,"124,000","65,000","59,000","59,000"
715353,金山電凱基63購04,0,0,0,0.0,0.0,0.0,0,0,0,"42,000",0,0,0,"165,000","123,000","42,000","42,000"
715355,倚強凱基63購03,0,0,0,0.0,0.0,0.0,0,0,0,"-2,000",0,0,0,"10,000","12,000","-2,000","-2,000"
715356,博智凱基63購07,0,0,0,0.0,0.0,0.0,0,0,0,"31,000",0,0,0,"31,000",0,"31,000","31,000"
715357,富喬凱基65購03,0,0,0,0.0,0.0,0.0,0,0,0,"146,000",0,0,0,"278,000","132,000","146,000","146,000"
715358,富喬凱基67購01,0,0,0,0.0,0.0,0.0,0,0,0,"-249,000",0,0,0,"20,000","269,000","-249,000","-249,000"
715361,頎邦凱基63購11,0,0,0,0.0,0.0,0.0,0,0,0,"30,000",0,0,0,"116,000","86,000","30,000","30,000"
715362,德微凱基63購03,0,0,0,0.0,0.0,0.0,0,0,0,"36,000",0,0,0,"36,000",0,"36,000","36,000"
715363,環球晶凱基64購06,0,0,0,0.0,0.0,0.0,0,0,0,"-120,000",0,0,0,"142,000","262,000","-120,000","-120,000"
715369,天品元大63購03,0,0,0,0.0,0.0,0.0,0,0,0,"167,000",0,0,0,"179,000","12,000","167,000","167,000"
715370,光頡元大65購01,0,0,0,0.0,0.0,0.0,0,0,0,"14,000",0,0,0,"14,000",0,"14,000","14,000"
715371,光頡元大66購01,0,0,0,0.0,0.0,0.0,0,0,0,"-1,000",0,0,0,0,"1,000","-1,000","-1,000"
715372,光頡元大69購01,0,0,0,0.0,0.0,0.0,0,0,0,"-75,000",0,0,0,0,"75,000","-75,000","-75,000"
715373,旺矽元大63購05,0,0,0,0.0,0.0,0.0,0,0,0,"-19,000",0,0,0,"60,000","79,000","-19,000","-19,000"
715374,旺矽元大63購06,0,0,0,0.0,0.0,0.0,0,0,0,"-147,000",0,0,0,"34,000","181,000","-147,000","-147,000"
715375,旺矽元大63購07,0,0,0,0.0,0.0,0.0,0,0,0,"-92,000",0,0,0,"49,000","141,000","-92,000","-92,000"
715376,東捷元大63購08,0,0,0,0.0,0.0,0.0,0,0,0,"1,000",0,0,0,"1,000",0,"1,000","1,000"
715378,東捷元大63購10,0,0,0,0.0,0.0,0.0,0,0,0,"206,000",0,0,0,"206,000",0,"206,000","206,000"
715379,東捷元大66購02,0,0,0,0.0,0.0,0.0,0,0,0,"200,000",0,0,0,"200,000",0,"200,000","200,000"
715380,欣銓元大63購06,0,0,0,0.0,0.0,0.0,0,0,0,"152,000",0,0,0,"152,000",0,"152,000","152,000"
715381,欣銓元大65購02,0,0,0,0.0,0.0,0.0,0,0,0,"340,000",0,0,0,"515,000","175,000","340,000","340,000"
715382,欣銓元大66購01,0,0,0,0.0,0.0,0.0,0,0,0,"-396,000",0,0,0,0,"396,000","-396,000","-396,000"
715383,倚強元大63購02,0,0,0,0.0,0.0,0.0,0,0,0,"-1,000",0,0,0,0,"1,000","-1,000","-1,000"
715384,富喬元大63購13,0,0,0,0.0,0.0,0.0,0,0,0,"-790,000",0,0,0,"923,000","1,713,000","-790,000","-790,000"
715385,富喬元大63購14,0,0,0,0.0,0.0,0.0,0,0,0,"477,000",0,0,0,"477,000",0,"477,000","477,000"
715386,晶呈元大63購02,0,0,0,0.0,0.0,0.0,0,0,0,"-7,000",0,0,0,"29,000","36,000","-7,000","-7,000"
715387,群聯元大63購41,0,0,0,0.0,0.0,0.0,0,0,0,"-796,000",0,0,0,0,"796,000","-796,000","-796,000"
715389,群聯元大63購43,0,0,0,0.0,0.0,0.0,0,0,0,"-921,000",0,0,0,0,"921,000","-921,000","-921,000"
715390,環球晶元大63購15,0,0,0,0.0,0.0,0.0,0,0,0,"-693,000",0,0,0,"224,000","917,000","-693,000","-693,000"
715391,光頡中信63購02,0,0,0,0.0,0.0,0.0,0,0,0,"-296,000",0,0,0,"441,000","737,000","-296,000","-296,000"
715392,欣銓中信66購01,0,0,0,0.0,0.0,0.0,0,0,0,"-23,000",0,0,0,"10,000","33,000","-23,000","-23,000"
715393,高技中信63購01,0,0,0,0.0,0.0,0.0,0,0,0,"-467,000",0,0,0,"474,000","941,000","-467,000","-467,000"
715394,環球晶中信64購01,0,0,0,0.0,0.0,0.0,0,0,0,"170,000",0,0,0,"695,000","525,000","170,000","170,000"
715399,欣銓永豐63購03,0,0,0,0.0,0.0,0.0,0,0,0,"94,000",0,0,0,"176,000","82,000","94,000","94,000"
715400,倚強永豐63購02,0,0,0,0.0,0.0,0.0,0,0,0,"-14,000",0,0,0,0,"14,000","-14,000","-14,000"
715401,新盛力永豐66購01,0,0,0,0.0,0.0,0.0,0,0,0,"-50,000",0,0,0,0,"50,000","-50,000","-50,000"
715402,碩禾永豐64購01,0,0,0,0.0,0.0,0.0,0,0,0,"76,000",0,0,0,"76,000",0,"76,000","76,000"
715404,易發國泰64購01,0,0,0,0.0,0.0,0.0,0,0,0,"23,000",0,0,0,"23,000",0,"23,000","23,000"
715406,胡連國泰64購01,0,0,0,0.0,0.0,0.0,0,0,0,"7,000",0,0,0,"9,000","2,000","7,000","7,000"
715407,東捷富邦64購01,0,0,0,0.0,0.0,0.0,0,0,0,"16,000",0,0,0,"243,000","227,000","16,000","16,000"
715408,欣銓富邦63購02,0,0,0,0.0,0.0,0.0,0,0,0,"-101,000",0,0,0,"151,000","252,000","-101,000","-101,000"
715409,群聯富邦65購09,0,0,0,0.0,0.0,0.0,0,0,0,"150,000",0,0,0,"150,000",0,"150,000","150,000"
715410,群聯富邦66購03,0,0,0,0.0,0.0,0.0,0,0,0,"-236,000",0,0,0,0,"236,000","-236,000","-236,000"
715411,頎邦富邦65購03,0,0,0,0.0,0.0,0.0,0,0,0,"17,000",0,0,0,"410,000","393,000","17,000","17,000"
715412,頎邦富邦66購02,0,0,0,0.0,0.0,0.0,0,0,0,"433,000",0,0,0,"453,000","20,000","433,000","433,000"
715413,環球晶富邦63購03,0,0,0,0.0,0.0,0.0,0,0,0,"-30,000",0,0,0,"56,000","86,000","-30,000","-30,000"
715415,光頡統一69購02,0,0,0,0.0,0.0,0.0,0,0,0,"-214,000",0,0,0,"69,000","283,000","-214,000","-214,000"
715416,光頡統一79購02,0,0,0,0.0,0.0,0.0,0,0,0,"-339,000",0,0,0,0,"339,000","-339,000","-339,000"
715417,光頡統一79購03,0,0,0,0.0,0.0,0.0,0,0,0,"-244,000",0,0,0,0,"244,000","-244,000","-244,000"
715418,安葆統一74購02,0,0,0,0.0,0.0,0.0,0,0,0,"170,000",0,0,0,"170,000",0,"170,000","170,000"
715419,均華統一6C購02,0,0,0,0.0,0.0,0.0,0,0,0,"50,000",0,0,0,"100,000","50,000","50,000","50,000"
715421,昇達科統一69購01,0,0,0,0.0,0.0,0.0,0,0,0,"-114,000",0,0,0,0,"114,000","-114,000","-114,000"
715422,欣銓統一69購03,0,0,0,0.0,0.0,0.0,0,0,0,"50,000",0,0,0,"50,000",0,"50,000","50,000"
715423,金山電統一79購02,0,0,0,0.0,0.0,0.0,0,0,0,"-332,000",0,0,0,"376,000","708,000","-332,000","-332,000"
715426,新盛力統一6B購01,0,0,0,0.0,0.0,0.0,0,0,0,"100,000",0,0,0,"100,000",0,"100,000","100,000"
715427,頎邦統一79購01,0,0,0,0.0,0.0,0.0,0,0,0,"-427,000",0,0,0,"77,000","504,000","-427,000","-427,000"
715429,中美晶群益63購09,0,0,0,0.0,0.0,0.0,0,0,0,"178,000",0,0,0,"233,000","55,000","178,000","178,000"
715430,世界群益63購07,0,0,0,0.0,0.0,0.0,0,0,0,"191,000",0,0,0,"202,000","11,000","191,000","191,000"
715431,台特化群益6A購01,0,0,0,0.0,0.0,0.0,0,0,0,"52,000",0,0,0,"87,000","35,000","52,000","52,000"
715432,弘塑群益63購07,0,0,0,0.0,0.0,0.0,0,0,0,"-226,000",0,0,0,"5,000","231,000","-226,000","-226,000"
715433,光頡群益66購02,0,0,0,0.0,0.0,0.0,0,0,0,"10,000",0,0,0,"10,000",0,"10,000","10,000"
715434,光頡群益69購01,0,0,0,0.0,0.0,0.0,0,0,0,"60,000",0,0,0,"230,000","170,000","60,000","60,000"
715436,旺矽群益68購01,0,0,0,0.0,0.0,0.0,0,0,0,"-11,000",0,0,0,"15,000","26,000","-11,000","-11,000"
715437,朋程群益65購01,0,0,0,0.0,0.0,0.0,0,0,0,"2,000",0,0,0,"2,000",0,"2,000","2,000"
715439,欣銓群益67購01,0,0,0,0.0,0.0,0.0,0,0,0,"-280,000",0,0,0,0,"280,000","-280,000","-280,000"
715441,順達群益64購01,0,0,0,0.0,0.0,0.0,0,0,0,0,0,0,0,"10,000","10,000",0,0
715443,新盛力群益69購01,0,0,0,0.0,0.0,0.0,0,0,0,"23,000",0,0,0,"56,000","33,000","23,000","23,000"
715446,頎邦群益63購11,0,0,0,0.0,0.0,0.0,0,0,0,"1,000",0,0,0,"35,000","34,000","1,000","1,000"
715447,德微群益63購02,0,0,0,0.0,0.0,0.0,0,0,0,"74,000",0,0,0,"105,000","31,000","74,000","74,000"
715448,營邦群益65購02,0,0,0,0.0,0.0,0.0,0,0,0,"-58,000",0,0,0,0,"58,000","-58,000","-58,000"
715451,光頡凱基63購05,0,0,0,0.0,0.0,0.0,0,0,0,"1,020,000",0,0,0,"1,020,000",0,"1,020,000","1,020,000"
715452,安葆凱基63購03,0,0,0,0.0,0.0,0.0,0,0,0,"-43,000",0,0,0,"51,000","94,000","-43,000","-43,000"
715453,宜鼎凱基65購03,0,0,0,0.0,0.0,0.0,0,0,0,"20,000",0,0,0,"20,000",0,"20,000","20,000"
715454,宜鼎凱基69購01,0,0,0,0.0,0.0,0.0,0,0,0,"-10,000",0,0,0,0,"10,000","-10,000","-10,000"
715455,高技凱基64購01,0,0,0,0.0,0.0,0.0,0,0,0,"8,000",0,0,0,"72,000","64,000","8,000","8,000"
715456,富喬凱基65購04,0,0,0,0.0,0.0,0.0,0,0,0,"184,000",0,0,0,"260,000","76,000","184,000","184,000"
715457,順達凱基63購12,0,0,0,0.0,0.0,0.0,0,0,0,"-240,000",0,0,0,0,"240,000","-240,000","-240,000"
715458,順達凱基66購02,0,0,0,0.0,0.0,0.0,0,0,0,"-16,000",0,0,0,"4,000","20,000","-16,000","-16,000"
715460,聖暉*凱基68購01,0,0,0,0.0,0.0,0.0,0,0,0,"7,000",0,0,0,"50,000","43,000","7,000","7,000"
715461,德微凱基63購04,0,0,0,0.0,0.0,0.0,0,0,0,"32,000",0,0,0,"32,000",0,"32,000","32,000"
715462,環球晶凱基65購01,0,0,0,0.0,0.0,0.0,0,0,0,"-16,000",0,0,0,0,"16,000","-16,000","-16,000"
715463,環球晶凱基69購03,0,0,0,0.0,0.0,0.0,0,0,0,"-514,000",0,0,0,"10,000","524,000","-514,000","-514,000"
715465,旺矽中信63購03,0,0,0,0.0,0.0,0.0,0,0,0,"-38,000",0,0,0,"269,000","307,000","-38,000","-38,000"
715466,環球晶中信63購03,0,0,0,0.0,0.0,0.0,0,0,0,"-228,000",0,0,0,"111,000","339,000","-228,000","-228,000"
715467,九暘永豐64購02,0,0,0,0.0,0.0,0.0,0,0,0,"-60,000",0,0,0,0,"60,000","-60,000","-60,000"
715469,安葆永豐64購03,0,0,0,0.0,0.0,0.0,0,0,0,"-5,000",0,0,0,0,"5,000","-5,000","-5,000"
715470,威剛永豐63購04,0,0,0,0.0,0.0,0.0,0,0,0,"120,000",0,0,0,"120,000",0,"120,000","120,000"
715471,威剛永豐64購04,0,0,0,0.0,0.0,0.0,0,0,0,"-169,000",0,0,0,"31,000","200,000","-169,000","-169,000"
715475,安葆台新63購02,0,0,0,0.0,0.0,0.0,0,0,0,"-90,000",0,0,0,0,"90,000","-90,000","-90,000"
715477,博智台新64購01,0,0,0,0.0,0.0,0.0,0,0,0,"65,000",0,0,0,"65,000",0,"65,000","65,000"
715478,富喬台新66購01,0,0,0,0.0,0.0,0.0,0,0,0,"-18,000",0,0,0,"243,000","261,000","-18,000","-18,000"
715485,世界元大63購10,0,0,0,0.0,0.0,0.0,0,0,0,"74,000",0,0,0,"74,000",0,"74,000","74,000"
715486,印能元大63購06,0,0,0,0.0,0.0,0.0,0,0,0,"3,000",0,0,0,"3,000",0,"3,000","3,000"
715487,均華元大63購08,0,0,0,0.0,0.0,0.0,0,0,0,"300,000",0,0,0,"300,000",0,"300,000","300,000"
715488,旺矽元大63購08,0,0,0,0.0,0.0,0.0,0,0,0,"26,000",0,0,0,"88,000","62,000","26,000","26,000"
715490,欣銓元大65購03,0,0,0,0.0,0.0,0.0,0,0,0,"232,000",0,0,0,"325,000","93,000","232,000","232,000"
715491,建榮元大63購02,0,0,0,0.0,0.0,0.0,0,0,0,"431,000",0,0,0,"487,000","56,000","431,000","431,000"
715493,高技元大63購11,0,0,0,0.0,0.0,0.0,0,0,0,"-890,000",0,0,0,0,"890,000","-890,000","-890,000"
715494,富喬元大63購15,0,0,0,0.0,0.0,0.0,0,0,0,"-170,000",0,0,0,"156,000","326,000","-170,000","-170,000"
715495,富喬元大63購16,0,0,0,0.0,0.0,0.0,0,0,0,"-3,242,000",0,0,0,0,"3,242,000","-3,242,000","-3,242,000"
715497,新盛力元大67購01,0,0,0,0.0,0.0,0.0,0,0,0,"-53,000",0,0,0,"31,000","84,000","-53,000","-53,000"
715498,新盛力元大69購02,0,0,0,0.0,0.0,0.0,0,0,0,"-57,000",0,0,0,"47,000","104,000","-57,000","-57,000"
715499,群聯元大69購03,0,0,0,0.0,0.0,0.0,0,0,0,"-20,000",0,0,0,0,"20,000","-20,000","-20,000"
715500,環球晶元大63購16,0,0,0,0.0,0.0,0.0,0,0,0,"-1,079,000",0,0,0,"93,000","1,172,000","-1,079,000","-1,079,000"
715501,環球晶元大63購17,0,0,0,0.0,0.0,0.0,0,0,0,"-478,000",0,0,0,"288,000","766,000","-478,000","-478,000"
715502,環球晶元大66購06,0,0,0,0.0,0.0,0.0,0,0,0,"178,000",0,0,0,"208,000","30,000","178,000","178,000"
715503,環球晶元大67購05,0,0,0,0.0,0.0,0.0,0,0,0,"-789,000",0,0,0,"219,000","1,008,000","-789,000","-789,000"
715504,川寶國票65購03,0,0,0,0.0,0.0,0.0,0,0,0,"-10,000",0,0,0,0,"10,000","-10,000","-10,000"
715505,光頡國票64購02,0,0,0,0.0,0.0,0.0,0,0,0,"10,000",0,0,0,"10,000",0,"10,000","10,000"
715508,昇達科國票66購01,0,0,0,0.0,0.0,0.0,0,0,0,"14,000",0,0,0,"62,000","48,000","14,000","14,000"
715510,富喬國票64購03,0,0,0,0.0,0.0,0.0,0,0,0,"-117,000",0,0,0,0,"117,000","-117,000","-117,000"
715511,雷科國票65購02,0,0,0,0.0,0.0,0.0,0,0,0,"-11,000",0,0,0,0,"11,000","-11,000","-11,000"
715513,德微國票66購01,0,0,0,0.0,0.0,0.0,0,0,0,"2,000",0,0,0,"5,000","3,000","2,000","2,000"
715514,環球晶國票64購05,0,0,0,0.0,0.0,0.0,0,0,0,"-74,000",0,0,0,"30,000","104,000","-74,000","-74,000"
715515,環球晶國票65購02,0,0,0,0.0,0.0,0.0,0,0,0,"-749,000",0,0,0,"91,000","840,000","-749,000","-749,000"
715516,光頡群益66購03,0,0,0,0.0,0.0,0.0,0,0,0,"21,000",0,0,0,"71,000","50,000","21,000","21,000"
715517,宜鼎群益64購02,0,0,0,0.0,0.0,0.0,0,0,0,"11,000",0,0,0,"11,000",0,"11,000","11,000"
715518,旺矽群益64購01,0,0,0,0.0,0.0,0.0,0,0,0,0,0,0,0,"10,000","10,000",0,0
715522,群聯群益63購20,0,0,0,0.0,0.0,0.0,0,0,0,0,0,0,0,"16,000","16,000",0,0
715524,環球晶群益64購03,0,0,0,0.0,0.0,0.0,0,0,0,"-8,000",0,0,0,"238,000","246,000","-8,000","-8,000"
715525,光頡國泰64購04,0,0,0,0.0,0.0,0.0,0,0,0,"2,000",0,0,0,"2,000",0,"2,000","2,000"
715526,宏捷科國泰64購02,0,0,0,0.0,0.0,0.0,0,0,0,"12,000",0,0,0,"12,000",0,"12,000","12,000"
715527,旺矽國泰64購02,0,0,0,0.0,0.0,0.0,0,0,0,"45,000",0,0,0,"120,000","75,000","45,000","45,000"
715529,富喬國泰64購03,0,0,0,0.0,0.0,0.0,0,0,0,"7,000",0,0,0,"30,000","23,000","7,000","7,000"
715530,富喬國泰64購04,0,0,0,0.0,0.0,0.0,0,0,0,"2,260,000",0,0,0,"2,613,000","353,000","2,260,000","2,260,000"
715534,光頡統一69購04,0,0,0,0.0,0.0,0.0,0,0,0,"-98,000",0,0,0,"51,000","149,000","-98,000","-98,000"
715536,金山電統一6C購04,0,0,0,0.0,0.0,0.0,0,0,0,"-326,000",0,0,0,"1,745,000","2,071,000","-326,000","-326,000"
715537,環球晶統一6C購02,0,0,0,0.0,0.0,0.0,0,0,0,"-199,000",0,0,0,"254,000","453,000","-199,000","-199,000"
715541,印能富邦66購01,0,0,0,0.0,0.0,0.0,0,0,0,"-45,000",0,0,0,0,"45,000","-45,000","-45,000"
715542,宜鼎富邦69購01,0,0,0,0.0,0.0,0.0,0,0,0,"-167,000",0,0,0,"38,000","205,000","-167,000","-167,000"
715543,順達富邦66購01,0,0,0,0.0,0.0,0.0,0,0,0,"-453,000",0,0,0,"148,000","601,000","-453,000","-453,000"
715544,鈊象富邦65購02,0,0,0,0.0,0.0,0.0,0,0,0,"-10,000",0,0,0,"33,000","43,000","-10,000","-10,000"
715546,天品台新63購02,0,0,0,0.0,0.0,0.0,0,0,0,"1,000",0,0,0,"32,000","31,000","1,000","1,000"
715548,倚強台新63購02,0,0,0,0.0,0.0,0.0,0,0,0,"150,000",0,0,0,"150,000",0,"150,000","150,000"
715550,雷科台新65購01,0,0,0,0.0,0.0,0.0,0,0,0,"13,000",0,0,0,"13,000",0,"13,000","13,000"
715551,M31凱基63購06,0,0,0,0.0,0.0,0.0,0,0,0,"-10,000",0,0,0,0,"10,000","-10,000","-10,000"
715553,天品凱基63購02,0,0,0,0.0,0.0,0.0,0,0,0,"30,000",0,0,0,"121,000","91,000","30,000","30,000"
715554,尼克森凱基63購01,0,0,0,0.0,0.0,0.0,0,0,0,"-6,000",0,0,0,"1,000","7,000","-6,000","-6,000"
715555,光頡凱基63購06,0,0,0,0.0,0.0,0.0,0,0,0,"2,868,000",0,0,0,"2,878,000","10,000","2,868,000","2,868,000"
715556,光頡凱基65購02,0,0,0,0.0,0.0,0.0,0,0,0,"82,000",0,0,0,"82,000",0,"82,000","82,000"
715558,宏捷科凱基63購05,0,0,0,0.0,0.0,0.0,0,0,0,0,0,0,0,"3,000","3,000",0,0
715559,宏捷科凱基66購01,0,0,0,0.0,0.0,0.0,0,0,0,"20,000",0,0,0,"26,000","6,000","20,000","20,000"
715560,宜鼎凱基63購15,0,0,0,0.0,0.0,0.0,0,0,0,"15,000",0,0,0,"15,000",0,"15,000","15,000"
715561,昇達科凱基65購01,0,0,0,0.0,0.0,0.0,0,0,0,"-2,000",0,0,0,0,"2,000","-2,000","-2,000"
715562,昇達科凱基66購01,0,0,0,0.0,0.0,0.0,0,0,0,"7,000",0,0,0,"10,000","3,000","7,000","7,000"
715563,威剛凱基63購17,0,0,0,0.0,0.0,0.0,0,0,0,"-375,000",0,0,0,"5,000","380,000","-375,000","-375,000"
715568,群聯凱基63購24,0,0,0,0.0,0.0,0.0,0,0,0,0,0,0,0,"22,000","22,000",0,0
715569,群聯凱基63購25,0,0,0,0.0,0.0,0.0,0,0,0,0,0,0,0,"22,000","22,000",0,0
715570,群聯凱基63購26,0,0,0,0.0,0.0,0.0,0,0,0,"-6,000",0,0,0,"26,000","32,000","-6,000","-6,000"
715571,群聯凱基65購03,0,0,0,0.0,0.0,0.0,0,0,0,0,0,0,0,"26,000","26,000",0,0
715572,群聯凱基65購04,0,0,0,0.0,0.0,0.0,0,0,0,0,0,0,0,"20,000","20,000",0,0
715573,雷科凱基69購01,0,0,0,0.0,0.0,0.0,0,0,0,"-37,000",0,0,0,0,"37,000","-37,000","-37,000"
715580,大綜元大63購03,0,0,0,0.0,0.0,0.0,0,0,0,"-14,000",0,0,0,"5,000","19,000","-14,000","-14,000"
715581,光頡元大63購08,0,0,0,0.0,0.0,0.0,0,0,0,"-64,000",0,0,0,0,"64,000","-64,000","-64,000"
715582,安葆元大63購01,0,0,0,0.0,0.0,0.0,0,0,0,"-24,000",0,0,0,"100,000","124,000","-24,000","-24,000"
715583,安葆元大63購02,0,0,0,0.0,0.0,0.0,0,0,0,"-985,000",0,0,0,0,"985,000","-985,000","-985,000"
715584,安葆元大63購03,0,0,0,0.0,0.0,0.0,0,0,0,"-212,000",0,0,0,0,"212,000","-212,000","-212,000"
715585,安葆元大65購01,0,0,0,0.0,0.0,0.0,0,0,0,"-366,000",0,0,0,0,"366,000","-366,000","-366,000"
715586,旺矽元大63購10,0,0,0,0.0,0.0,0.0,0,0,0,"-124,000",0,0,0,"37,000","161,000","-124,000","-124,000"
715587,旺矽元大63購11,0,0,0,0.0,0.0,0.0,0,0,0,"-96,000",0,0,0,"45,000","141,000","-96,000","-96,000"
715588,旺矽元大63購12,0,0,0,0.0,0.0,0.0,0,0,0,"-957,000",0,0,0,0,"957,000","-957,000","-957,000"
715589,茂綸元大66購02,0,0,0,0.0,0.0,0.0,0,0,0,"-10,000",0,0,0,0,"10,000","-10,000","-10,000"
715591,富喬元大69購01,0,0,0,0.0,0.0,0.0,0,0,0,"-33,000",0,0,0,"340,000","373,000","-33,000","-33,000"
715593,群聯元大69購04,0,0,0,0.0,0.0,0.0,0,0,0,"-699,000",0,0,0,0,"699,000","-699,000","-699,000"
715594,雷科元大63購04,0,0,0,0.0,0.0,0.0,0,0,0,"-10,000",0,0,0,0,"10,000","-10,000","-10,000"
715597,雷科元大65購01,0,0,0,0.0,0.0,0.0,0,0,0,"-18,000",0,0,0,"15,000","33,000","-18,000","-18,000"
715598,雷科元大68購01,0,0,0,0.0,0.0,0.0,0,0,0,"-373,000",0,0,0,0,"373,000","-373,000","-373,000"
715599,雷科元大68購02,0,0,0,0.0,0.0,0.0,0,0,0,"-270,000",0,0,0,0,"270,000","-270,000","-270,000"
715600,廣閎科元大66購01,0,0,0,0.0,0.0,0.0,0,0,0,"5,000",0,0,0,"5,000",0,"5,000","5,000"
715601,德微元大63購03,0,0,0,0.0,0.0,0.0,0,0,0,"75,000",0,0,0,"75,000",0,"75,000","75,000"
715602,德微元大65購01,0,0,0,0.0,0.0,0.0,0,0,0,"87,000",0,0,0,"87,000",0,"87,000","87,000"
715603,德微元大66購01,0,0,0,0.0,0.0,0.0,0,0,0,"372,000",0,0,0,"372,000",0,"372,000","372,000"
715604,宏捷科中信63購02,0,0,0,0.0,0.0,0.0,0,0,0,"-43,000",0,0,0,"233,000","276,000","-43,000","-43,000"
715605,旺矽中信68購01,0,0,0,0.0,0.0,0.0,0,0,0,"-16,000",0,0,0,"36,000","52,000","-16,000","-16,000"
715607,川寶國泰65購01,0,0,0,0.0,0.0,0.0,0,0,0,"-30,000",0,0,0,0,"30,000","-30,000","-30,000"
715608,友威科國泰65購01,0,0,0,0.0,0.0,0.0,0,0,0,"-26,000",0,0,0,0,"26,000","-26,000","-26,000"
715611,大江永豐65購01,0,0,0,0.0,0.0,0.0,0,0,0,"-1,528,000",0,0,0,0,"1,528,000","-1,528,000","-1,528,000"
715612,中美晶永豐65購03,0,0,0,0.0,0.0,0.0,0,0,0,"102,000",0,0,0,"102,000",0,"102,000","102,000"
715613,尼克森永豐65購01,0,0,0,0.0,0.0,0.0,0,0,0,"-30,000",0,0,0,0,"30,000","-30,000","-30,000"
715614,安葆永豐65購02,0,0,0,0.0,0.0,0.0,0,0,0,"100,000",0,0,0,"100,000",0,"100,000","100,000"
715617,旺矽永豐63購05,0,0,0,0.0,0.0,0.0,0,0,0,"-1,000",0,0,0,0,"1,000","-1,000","-1,000"
715618,東聯互永豐69購01,0,0,0,0.0,0.0,0.0,0,0,0,"-12,000",0,0,0,0,"12,000","-12,000","-12,000"
715619,勤凱永豐63購01,0,0,0,0.0,0.0,0.0,0,0,0,"-18,000",0,0,0,0,"18,000","-18,000","-18,000"
715620,勤凱永豐65購02,0,0,0,0.0,0.0,0.0,0,0,0,"-4,000",0,0,0,0,"4,000","-4,000","-4,000"
715624,大綜統一69購01,0,0,0,0.0,0.0,0.0,0,0,0,"311,000",0,0,0,"494,000","183,000","311,000","311,000"
715625,大綜統一71購01,0,0,0,0.0,0.0,0.0,0,0,0,"-20,000",0,0,0,0,"20,000","-20,000","-20,000"
715627,光頡統一6B購01,0,0,0,0.0,0.0,0.0,0,0,0,"-12,000",0,0,0,"10,000","22,000","-12,000","-12,000"
715628,光頡統一7A購01,0,0,0,0.0,0.0,0.0,0,0,0,"127,000",0,0,0,"127,000",0,"127,000","127,000"
715630,安葆統一7A購01,0,0,0,0.0,0.0,0.0,0,0,0,"-464,000",0,0,0,0,"464,000","-464,000","-464,000"
715632,金山電統一75購01,0,0,0,0.0,0.0,0.0,0,0,0,"6,000",0,0,0,"6,000",0,"6,000","6,000"
715636,德微統一68購01,0,0,0,0.0,0.0,0.0,0,0,0,"100,000",0,0,0,"100,000",0,"100,000","100,000"
715637,M31國票71購01,0,0,0,0.0,0.0,0.0,0,0,0,"-20,000",0,0,0,0,"20,000","-20,000","-20,000"
715639,雷科國票69購01,0,0,0,0.0,0.0,0.0,0,0,0,"-10,000",0,0,0,0,"10,000","-10,000","-10,000"
715641,光頡群益65購03,0,0,0,0.0,0.0,0.0,0,0,0,"-31,000",0,0,0,0,"31,000","-31,000","-31,000"
715643,印能群益66購01,0,0,0,0.0,0.0,0.0,0,0,0,"111,000",0,0,0,"111,000",0,"111,000","111,000"
715644,宜鼎群益63購12,0,0,0,0.0,0.0,0.0,0,0,0,"-30,000",0,0,0,0,"30,000","-30,000","-30,000"
715645,旺矽群益65購02,0,0,0,0.0,0.0,0.0,0,0,0,"-279,000",0,0,0,"11,000","290,000","-279,000","-279,000"
715646,旺矽群益65購03,0,0,0,0.0,0.0,0.0,0,0,0,"202,000",0,0,0,"212,000","10,000","202,000","202,000"
715647,昇達科群益63購01,0,0,0,0.0,0.0,0.0,0,0,0,"-11,000",0,0,0,0,"11,000","-11,000","-11,000"
715648,昇達科群益63購02,0,0,0,0.0,0.0,0.0,0,0,0,"-128,000",0,0,0,"105,000","233,000","-128,000","-128,000"
715649,昇達科群益65購01,0,0,0,0.0,0.0,0.0,0,0,0,"-140,000",0,0,0,"6,000","146,000","-140,000","-140,000"
715650,昇達科群益65購02,0,0,0,0.0,0.0,0.0,0,0,0,"-1,000",0,0,0,"9,000","10,000","-1,000","-1,000"
715652,順達群益63購10,0,0,0,0.0,0.0,0.0,0,0,0,0,0,0,0,"15,000","15,000",0,0
715653,鈊象群益63購05,0,0,0,0.0,0.0,0.0,0,0,0,"-36,000",0,0,0,0,"36,000","-36,000","-36,000"
715654,雷科群益63購03,0,0,0,0.0,0.0,0.0,0,0,0,"3,000",0,0,0,"3,000",0,"3,000","3,000"
715655,雷科群益65購01,0,0,0,0.0,0.0,0.0,0,0,0,"-9,000",0,0,0,"6,000","15,000","-9,000","-9,000"
715656,德微群益65購01,0,0,0,0.0,0.0,0.0,0,0,0,"48,000",0,0,0,"48,000",0,"48,000","48,000"
715657,擎亞群益65購02,0,0,0,0.0,0.0,0.0,0,0,0,"26,000",0,0,0,"26,000",0,"26,000","26,000"
715658,台星科富邦65購01,0,0,0,0.0,0.0,0.0,0,0,0,"35,000",0,0,0,"35,000",0,"35,000","35,000"
715660,沛亨富邦66購02,0,0,0,0.0,0.0,0.0,0,0,0,"-93,000",0,0,0,"15,000","108,000","-93,000","-93,000"
715661,昇達科富邦63購01,0,0,0,0.0,0.0,0.0,0,0,0,"-178,000",0,0,0,"61,000","239,000","-178,000","-178,000"
715662,東捷富邦65購02,0,0,0,0.0,0.0,0.0,0,0,0,"-292,000",0,0,0,0,"292,000","-292,000","-292,000"
715663,威剛富邦69購01,0,0,0,0.0,0.0,0.0,0,0,0,"43,000",0,0,0,"43,000",0,"43,000","43,000"
715664,威剛富邦75購01,0,0,0,0.0,0.0,0.0,0,0,0,"184,000",0,0,0,"184,000",0,"184,000","184,000"
715665,富喬富邦66購02,0,0,0,0.0,0.0,0.0,0,0,0,"-955,000",0,0,0,"303,000","1,258,000","-955,000","-955,000"
715666,新盛力富邦65購02,0,0,0,0.0,0.0,0.0,0,0,0,"-10,000",0,0,0,0,"10,000","-10,000","-10,000"
715668,譜瑞富邦65購02,0,0,0,0.0,0.0,0.0,0,0,0,"15,000",0,0,0,"15,000",0,"15,000","15,000"
715669,光頡台新64購01,0,0,0,0.0,0.0,0.0,0,0,0,"-36,000",0,0,0,"15,000","51,000","-36,000","-36,000"
715670,光頡台新64購02,0,0,0,0.0,0.0,0.0,0,0,0,"-239,000",0,0,0,"22,000","261,000","-239,000","-239,000"
715671,系統電台新64購01,0,0,0,0.0,0.0,0.0,0,0,0,"-33,000",0,0,0,0,"33,000","-33,000","-33,000"
715672,東捷台新64購01,0,0,0,0.0,0.0,0.0,0,0,0,"-2,000",0,0,0,0,"2,000","-2,000","-2,000"
715673,欣銓台新6A購01,0,0,0,0.0,0.0,0.0,0,0,0,"-214,000",0,0,0,"152,000","366,000","-214,000","-214,000"
715677,陽程台新64購01,0,0,0,0.0,0.0,0.0,0,0,0,"35,000",0,0,0,"35,000",0,"35,000","35,000"
715678,陽程台新64購02,0,0,0,0.0,0.0,0.0,0,0,0,"-88,000",0,0,0,"5,000","93,000","-88,000","-88,000"
715679,陽程台新64購03,0,0,0,0.0,0.0,0.0,0,0,0,"-3,039,000",0,0,0,0,"3,039,000","-3,039,000","-3,039,000"
715681,瑞耘台新64購01,0,0,0,0.0,0.0,0.0,0,0,0,"143,000",0,0,0,"143,000",0,"143,000","143,000"
715686,世禾國票64購01,0,0,0,0.0,0.0,0.0,0,0,0,"10,000",0,0,0,"10,000",0,"10,000","10,000"
715689,竹陞國票64購02,0,0,0,0.0,0.0,0.0,0,0,0,"-2,000",0,0,0,0,"2,000","-2,000","-2,000"
715694,竑騰國票65購01,0,0,0,0.0,0.0,0.0,0,0,0,"61,000",0,0,0,"65,000","4,000","61,000","61,000"
715700,穩懋國票64購02,0,0,0,0.0,0.0,0.0,0,0,0,"-256,000",0,0,0,"4,000","260,000","-256,000","-256,000"
715701,友威科元大64購01,0,0,0,0.0,0.0,0.0,0,0,0,"-23,000",0,0,0,0,"23,000","-23,000","-23,000"
715702,台特化元大64購02,0,0,0,0.0,0.0,0.0,0,0,0,"-115,000",0,0,0,0,"115,000","-115,000","-115,000"
715704,台特化元大64購04,0,0,0,0.0,0.0,0.0,0,0,0,"-10,000",0,0,0,0,"10,000","-10,000","-10,000"
715705,光頡元大64購01,0,0,0,0.0,0.0,0.0,0,0,0,"-61,000",0,0,0,0,"61,000","-61,000","-61,000"
715708,光頡元大68購01,0,0,0,0.0,0.0,0.0,0,0,0,"95,000",0,0,0,"100,000","5,000","95,000","95,000"
715711,旺矽元大64購01,0,0,0,0.0,0.0,0.0,0,0,0,"-837,000",0,0,0,0,"837,000","-837,000","-837,000"
715712,旺矽元大64購02,0,0,0,0.0,0.0,0.0,0,0,0,"297,000",0,0,0,"599,000","302,000","297,000","297,000"
715713,旺矽元大64購03,0,0,0,0.0,0.0,0.0,0,0,0,"-147,000",0,0,0,"50,000","197,000","-147,000","-147,000"
715714,旺矽元大65購03,0,0,0,0.0,0.0,0.0,0,0,0,"87,000",0,0,0,"180,000","93,000","87,000","87,000"
715715,昇達科元大64購01,0,0,0,0.0,0.0,0.0,0,0,0,"-20,000",0,0,0,"6,000","26,000","-20,000","-20,000"
715716,昇達科元大66購01,0,0,0,0.0,0.0,0.0,0,0,0,"-42,000",0,0,0,"25,000","67,000","-42,000","-42,000"
715717,昇達科元大67購01,0,0,0,0.0,0.0,0.0,0,0,0,"-328,000",0,0,0,"126,000","454,000","-328,000","-328,000"
715721,欣銓元大64購02,0,0,0,0.0,0.0,0.0,0,0,0,"11,000",0,0,0,"47,000","36,000","11,000","11,000"
715722,欣銓元大64購03,0,0,0,0.0,0.0,0.0,0,0,0,"73,000",0,0,0,"73,000",0,"73,000","73,000"
715723,欣銓元大64購04,0,0,0,0.0,0.0,0.0,0,0,0,"-51,000",0,0,0,"16,000","67,000","-51,000","-51,000"
715724,竑騰元大64購01,0,0,0,0.0,0.0,0.0,0,0,0,"-28,000",0,0,0,0,"28,000","-28,000","-28,000"
715725,竑騰元大64購02,0,0,0,0.0,0.0,0.0,0,0,0,"-10,000",0,0,0,0,"10,000","-10,000","-10,000"
715726,倚強元大64購01,0,0,0,0.0,0.0,0.0,0,0,0,"-22,000",0,0,0,0,"22,000","-22,000","-22,000"
715728,倚強元大66購01,0,0,0,0.0,0.0,0.0,0,0,0,"-114,000",0,0,0,0,"114,000","-114,000","-114,000"
715729,倚強元大67購01,0,0,0,0.0,0.0,0.0,0,0,0,"-5,000",0,0,0,0,"5,000","-5,000","-5,000"
715730,富喬元大6A購01,0,0,0,0.0,0.0,0.0,0,0,0,"-51,000",0,0,0,"86,000","137,000","-51,000","-51,000"
715732,陽程元大64購05,0,0,0,0.0,0.0,0.0,0,0,0,"-4,000",0,0,0,0,"4,000","-4,000","-4,000"
715734,陽程元大67購01,0,0,0,0.0,0.0,0.0,0,0,0,"-20,000",0,0,0,0,"20,000","-20,000","-20,000"
715739,群聯元大64購17,0,0,0,0.0,0.0,0.0,0,0,0,"-158,000",0,0,0,0,"158,000","-158,000","-158,000"
715741,鈺創元大64購01,0,0,0,0.0,0.0,0.0,0,0,0,"98,000",0,0,0,"98,000",0,"98,000","98,000"
715742,博智中信66購01,0,0,0,0.0,0.0,0.0,0,0,0,"115,000",0,0,0,"115,000",0,"115,000","115,000"
715743,穩懋中信65購02,0,0,0,0.0,0.0,0.0,0,0,0,"184,000",0,0,0,"421,000","237,000","184,000","184,000"
715744,台特化永豐64購01,0,0,0,0.0,0.0,0.0,0,0,0,"45,000",0,0,0,"65,000","20,000","45,000","45,000"
715745,弘塑永豐65購01,0,0,0,0.0,0.0,0.0,0,0,0,"-15,000",0,0,0,0,"15,000","-15,000","-15,000"
715748,光頡永豐64購02,0,0,0,0.0,0.0,0.0,0,0,0,"27,000",0,0,0,"47,000","20,000","27,000","27,000"
715750,光頡永豐66購01,0,0,0,0.0,0.0,0.0,0,0,0,"-18,000",0,0,0,"22,000","40,000","-18,000","-18,000"
715752,系統電永豐64購03,0,0,0,0.0,0.0,0.0,0,0,0,"-82,000",0,0,0,"5,000","87,000","-82,000","-82,000"
715758,竑騰永豐65購01,0,0,0,0.0,0.0,0.0,0,0,0,"62,000",0,0,0,"86,000","24,000","62,000","62,000"
715759,竑騰永豐66購01,0,0,0,0.0,0.0,0.0,0,0,0,"139,000",0,0,0,"139,000",0,"139,000","139,000"
715760,竑騰永豐67購01,0,0,0,0.0,0.0,0.0,0,0,0,"67,000",0,0,0,"67,000",0,"67,000","67,000"
715761,倚強永豐67購01,0,0,0,0.0,0.0,0.0,0,0,0,"-1,000",0,0,0,0,"1,000","-1,000","-1,000"
715765,陽程永豐64購02,0,0,0,0.0,0.0,0.0,0,0,0,"2,000",0,0,0,"3,000","1,000","2,000","2,000"
715766,順達永豐64購04,0,0,0,0.0,0.0,0.0,0,0,0,"-29,000",0,0,0,0,"29,000","-29,000","-29,000"
715768,德微永豐64購02,0,0,0,0.0,0.0,0.0,0,0,0,"64,000",0,0,0,"64,000",0,"64,000","64,000"
715770,穩懋永豐67購01,0,0,0,0.0,0.0,0.0,0,0,0,"8,000",0,0,0,"8,000",0,"8,000","8,000"
715773,中美晶群益64購03,0,0,0,0.0,0.0,0.0,0,0,0,"197,000",0,0,0,"197,000",0,"197,000","197,000"
715774,元債20群益64購01,0,0,0,0.0,0.0,0.0,0,0,0,"-1,085,000",0,0,0,"3,000","1,088,000","-1,085,000","-1,085,000"
715775,世界群益64購01,0,0,0,0.0,0.0,0.0,0,0,0,"-10,000",0,0,0,"6,000","16,000","-10,000","-10,000"
715776,台特化群益64購01,0,0,0,0.0,0.0,0.0,0,0,0,"33,000",0,0,0,"33,000",0,"33,000","33,000"
715779,威剛群益64購02,0,0,0,0.0,0.0,0.0,0,0,0,"40,000",0,0,0,"40,000",0,"40,000","40,000"
715780,竑騰群益66購01,0,0,0,0.0,0.0,0.0,0,0,0,"52,000",0,0,0,"52,000",0,"52,000","52,000"
715784,鈊象群益64購03,0,0,0,0.0,0.0,0.0,0,0,0,"-15,000",0,0,0,0,"15,000","-15,000","-15,000"
715786,新應材群益67購02,0,0,0,0.0,0.0,0.0,0,0,0,"67,000",0,0,0,"72,000","5,000","67,000","67,000"
715788,穩懋群益64購05,0,0,0,0.0,0.0,0.0,0,0,0,"-11,000",0,0,0,"1,000","12,000","-11,000","-11,000"
715790,尼克森國泰65購01,0,0,0,0.0,0.0,0.0,0,0,0,"-38,000",0,0,0,"3,000","41,000","-38,000","-38,000"
715791,倚強國泰65購01,0,0,0,0.0,0.0,0.0,0,0,0,"-741,000",0,0,0,"476,000","1,217,000","-741,000","-741,000"
715794,新應材富邦67購01,0,0,0,0.0,0.0,0.0,0,0,0,"41,000",0,0,0,"50,000","9,000","41,000","41,000"
715795,群聯富邦66購04,0,0,0,0.0,0.0,0.0,0,0,0,"-39,000",0,0,0,0,"39,000","-39,000","-39,000"
715797,尼克森統一71購01,0,0,0,0.0,0.0,0.0,0,0,0,"-377,000",0,0,0,"3,000","380,000","-377,000","-377,000"
715798,光頡統一75購01,0,0,0,0.0,0.0,0.0,0,0,0,"-3,000",0,0,0,"8,000","11,000","-3,000","-3,000"
715806,陽程統一7A購01,0,0,0,0.0,0.0,0.0,0,0,0,"446,000",0,0,0,"446,000",0,"446,000","446,000"
715811,奇鈦科凱基64購01,0,0,0,0.0,0.0,0.0,0,0,0,"8,000",0,0,0,"8,000",0,"8,000","8,000"
715812,旺矽凱基64購01,0,0,0,0.0,0.0,0.0,0,0,0,"-42,000",0,0,0,"27,000","69,000","-42,000","-42,000"
715813,竑騰凱基64購01,0,0,0,0.0,0.0,0.0,0,0,0,"50,000",0,0,0,"54,000","4,000","50,000","50,000"
715814,竑騰凱基64購02,0,0,0,0.0,0.0,0.0,0,0,0,"95,000",0,0,0,"95,000",0,"95,000","95,000"
715815,竑騰凱基64購03,0,0,0,0.0,0.0,0.0,0,0,0,"106,000",0,0,0,"134,000","28,000","106,000","106,000"
715816,竑騰凱基64購04,0,0,0,0.0,0.0,0.0,0,0,0,"34,000",0,0,0,"61,000","27,000","34,000","34,000"
715817,倚強凱基64購01,0,0,0,0.0,0.0,0.0,0,0,0,"-78,000",0,0,0,"6,000","84,000","-78,000","-78,000"
715821,陽程凱基64購02,0,0,0,0.0,0.0,0.0,0,0,0,"-4,000",0,0,0,"2,000","6,000","-4,000","-4,000"
715822,陽程凱基64購03,0,0,0,0.0,0.0,0.0,0,0,0,"-35,000",0,0,0,0,"35,000","-35,000","-35,000"
715823,陽程凱基66購01,0,0,0,0.0,0.0,0.0,0,0,0,"-20,000",0,0,0,0,"20,000","-20,000","-20,000"
715824,陽程凱基66購02,0,0,0,0.0,0.0,0.0,0,0,0,"-4,000",0,0,0,0,"4,000","-4,000","-4,000"
715826,新復興凱基64購01,0,0,0,0.0,0.0,0.0,0,0,0,"300,000",0,0,0,"300,000",0,"300,000","300,000"
715828,群聯凱基64購11,0,0,0,0.0,0.0,0.0,0,0,0,0,0,0,0,"23,000","23,000",0,0
715829,群聯凱基65購05,0,0,0,0.0,0.0,0.0,0,0,0,0,0,0,0,"25,000","25,000",0,0
715830,群聯凱基65購06,0,0,0,0.0,0.0,0.0,0,0,0,0,0,0,0,"21,000","21,000",0,0
715831,群聯凱基65購07,0,0,0,0.0,0.0,0.0,0,0,0,0,0,0,0,"26,000","26,000",0,0
715832,穩懋凱基64購01,0,0,0,0.0,0.0,0.0,0,0,0,"-159,000",0,0,0,"1,000","160,000","-159,000","-159,000"
715833,穩懋凱基6A購01,0,0,0,0.0,0.0,0.0,0,0,0,"-2,000",0,0,0,0,"2,000","-2,000","-2,000"
715836,松上國票6C購01,0,0,0,0.0,0.0,0.0,0,0,0,"-5,000",0,0,0,0,"5,000","-5,000","-5,000"
715840,富喬國票64購04,0,0,0,0.0,0.0,0.0,0,0,0,"1,471,000",0,0,0,"3,159,000","1,688,000","1,471,000","1,471,000"
715841,富喬國票64購05,0,0,0,0.0,0.0,0.0,0,0,0,"14,000",0,0,0,"247,000","233,000","14,000","14,000"
715843,新盛力國票64購02,0,0,0,0.0,0.0,0.0,0,0,0,"5,000",0,0,0,"5,000",0,"5,000","5,000"
715844,新盛力國票64購03,0,0,0,0.0,0.0,0.0,0,0,0,"-1,000",0,0,0,0,"1,000","-1,000","-1,000"
715845,萬潤國票67購01,0,0,0,0.0,0.0,0.0,0,0,0,"-8,000",0,0,0,0,"8,000","-8,000","-8,000"
715846,萬潤國票69購01,0,0,0,0.0,0.0,0.0,0,0,0,"-8,000",0,0,0,0,"8,000","-8,000","-8,000"
715847,鈺創國票64購01,0,0,0,0.0,0.0,0.0,0,0,0,"-10,000",0,0,0,0,"10,000","-10,000","-10,000"
715849,天品元大64購01,0,0,0,0.0,0.0,0.0,0,0,0,"27,000",0,0,0,"49,000","22,000","27,000","27,000"
715850,世界元大64購10,0,0,0,0.0,0.0,0.0,0,0,0,"10,000",0,0,0,"12,000","2,000","10,000","10,000"
715852,竹陞元大69購03,0,0,0,0.0,0.0,0.0,0,0,0,"15,000",0,0,0,"15,000",0,"15,000","15,000"
715853,宏捷科元大64購01,0,0,0,0.0,0.0,0.0,0,0,0,"34,000",0,0,0,"35,000","1,000","34,000","34,000"
715856,旺矽元大64購04,0,0,0,0.0,0.0,0.0,0,0,0,"-55,000",0,0,0,"11,000","66,000","-55,000","-55,000"
715857,旺矽元大64購05,0,0,0,0.0,0.0,0.0,0,0,0,"-118,000",0,0,0,"12,000","130,000","-118,000","-118,000"
715859,旺矽元大64購07,0,0,0,0.0,0.0,0.0,0,0,0,"76,000",0,0,0,"76,000",0,"76,000","76,000"
715861,欣銓元大64購05,0,0,0,0.0,0.0,0.0,0,0,0,"-46,000",0,0,0,"125,000","171,000","-46,000","-46,000"
715864,風青元大64購01,0,0,0,0.0,0.0,0.0,0,0,0,"-76,000",0,0,0,"44,000","120,000","-76,000","-76,000"
715865,竑騰元大67購01,0,0,0,0.0,0.0,0.0,0,0,0,0,0,0,0,"2,000","2,000",0,0
715867,創新服元大64購01,0,0,0,0.0,0.0,0.0,0,0,0,"46,000",0,0,0,"46,000",0,"46,000","46,000"
715869,富喬元大64購08,0,0,0,0.0,0.0,0.0,0,0,0,"701,000",0,0,0,"2,154,000","1,453,000","701,000","701,000"
715870,鈊象元大64購06,0,0,0,0.0,0.0,0.0,0,0,0,"-27,000",0,0,0,0,"27,000","-27,000","-27,000"
715871,勤凱元大64購01,0,0,0,0.0,0.0,0.0,0,0,0,"-10,000",0,0,0,0,"10,000","-10,000","-10,000"
715873,新盛力元大64購05,0,0,0,0.0,0.0,0.0,0,0,0,"-40,000",0,0,0,0,"40,000","-40,000","-40,000"
715874,新盛力元大64購06,0,0,0,0.0,0.0,0.0,0,0,0,"5,000",0,0,0,"5,000",0,"5,000","5,000"
715876,新應材元大64購03,0,0,0,0.0,0.0,0.0,0,0,0,"2,000",0,0,0,"2,000",0,"2,000","2,000"
715878,萬潤元大64購01,0,0,0,0.0,0.0,0.0,0,0,0,"26,000",0,0,0,"65,000","39,000","26,000","26,000"
715879,萬潤元大67購01,0,0,0,0.0,0.0,0.0,0,0,0,"-40,000",0,0,0,"72,000","112,000","-40,000","-40,000"
715880,萬潤元大68購01,0,0,0,0.0,0.0,0.0,0,0,0,"-10,000",0,0,0,"20,000","30,000","-10,000","-10,000"
715881,萬潤元大69購01,0,0,0,0.0,0.0,0.0,0,0,0,"-4,000",0,0,0,0,"4,000","-4,000","-4,000"
715882,萬潤元大6A購01,0,0,0,0.0,0.0,0.0,0,0,0,0,0,0,0,"50,000","50,000",0,0
715883,群聯元大64購18,0,0,0,0.0,0.0,0.0,0,0,0,"-131,000",0,0,0,0,"131,000","-131,000","-131,000"
715885,正淩台新64購01,0,0,0,0.0,0.0,0.0,0,0,0,"8,000",0,0,0,"8,000",0,"8,000","8,000"
715887,同致台新67購01,0,0,0,0.0,0.0,0.0,0,0,0,"9,000",0,0,0,"9,000",0,"9,000","9,000"
715893,晶呈台新64購02,0,0,0,0.0,0.0,0.0,0,0,0,"-11,000",0,0,0,0,"11,000","-11,000","-11,000"
715894,瑞耘台新64購02,0,0,0,0.0,0.0,0.0,0,0,0,"32,000",0,0,0,"32,000",0,"32,000","32,000"
715895,點序台新64購01,0,0,0,0.0,0.0,0.0,0,0,0,"-71,000",0,0,0,"30,000","101,000","-71,000","-71,000"
715896,穩懋台新64購01,0,0,0,0.0,0.0,0.0,0,0,0,"-1,000",0,0,0,0,"1,000","-1,000","-1,000"
715897,穩懋台新64購02,0,0,0,0.0,0.0,0.0,0,0,0,"17,000",0,0,0,"20,000","3,000","17,000","17,000"
715899,穩懋台新64購04,0,0,0,0.0,0.0,0.0,0,0,0,"-40,000",0,0,0,"23,000","63,000","-40,000","-40,000"
715900,中美晶凱基64購06,0,0,0,0.0,0.0,0.0,0,0,0,"18,000",0,0,0,"46,000","28,000","18,000","18,000"
715901,中美晶凱基64購07,0,0,0,0.0,0.0,0.0,0,0,0,"7,000",0,0,0,"17,000","10,000","7,000","7,000"
715902,中美晶凱基64購08,0,0,0,0.0,0.0,0.0,0,0,0,"-4,000",0,0,0,"29,000","33,000","-4,000","-4,000"
715903,中美晶凱基64購09,0,0,0,0.0,0.0,0.0,0,0,0,"334,000",0,0,0,"345,000","11,000","334,000","334,000"
715904,台特化凱基6A購01,0,0,0,0.0,0.0,0.0,0,0,0,"16,000",0,0,0,"16,000",0,"16,000","16,000"
715907,宏捷科凱基68購01,0,0,0,0.0,0.0,0.0,0,0,0,"24,000",0,0,0,"27,000","3,000","24,000","24,000"
715908,系統電凱基64購04,0,0,0,0.0,0.0,0.0,0,0,0,"-44,000",0,0,0,0,"44,000","-44,000","-44,000"
715909,宜鼎凱基64購05,0,0,0,0.0,0.0,0.0,0,0,0,"13,000",0,0,0,"13,000",0,"13,000","13,000"
715910,昇達科凱基65購02,0,0,0,0.0,0.0,0.0,0,0,0,"-1,193,000",0,0,0,"3,000","1,196,000","-1,193,000","-1,193,000"
715912,富喬凱基66購01,0,0,0,0.0,0.0,0.0,0,0,0,"-35,000",0,0,0,"3,000","38,000","-35,000","-35,000"
715913,順達凱基66購03,0,0,0,0.0,0.0,0.0,0,0,0,"-35,000",0,0,0,0,"35,000","-35,000","-35,000"
715915,萬潤凱基64購01,0,0,0,0.0,0.0,0.0,0,0,0,"-378,000",0,0,0,"23,000","401,000","-378,000","-378,000"
715916,萬潤凱基64購02,0,0,0,0.0,0.0,0.0,0,0,0,"-72,000",0,0,0,"109,000","181,000","-72,000","-72,000"
715917,萬潤凱基64購03,0,0,0,0.0,0.0,0.0,0,0,0,"-651,000",0,0,0,"7,000","658,000","-651,000","-651,000"
715918,萬潤凱基64購04,0,0,0,0.0,0.0,0.0,0,0,0,"-5,000",0,0,0,0,"5,000","-5,000","-5,000"
715919,萬潤凱基66購01,0,0,0,0.0,0.0,0.0,0,0,0,"-25,000",0,0,0,"33,000","58,000","-25,000","-25,000"
715920,萬潤凱基66購02,0,0,0,0.0,0.0,0.0,0,0,0,"-19,000",0,0,0,"58,000","77,000","-19,000","-19,000"
715921,萬潤凱基66購03,0,0,0,0.0,0.0,0.0,0,0,0,"-30,000",0,0,0,"3,000","33,000","-30,000","-30,000"
715924,碩禾凱基64購01,0,0,0,0.0,0.0,0.0,0,0,0,"-24,000",0,0,0,0,"24,000","-24,000","-24,000"
715926,穩懋凱基64購02,0,0,0,0.0,0.0,0.0,0,0,0,"1,000",0,0,0,"16,000","15,000","1,000","1,000"
715928,順達中信64購01,0,0,0,0.0,0.0,0.0,0,0,0,"32,000",0,0,0,"32,000",0,"32,000","32,000"
715929,萬潤中信6A購01,0,0,0,0.0,0.0,0.0,0,0,0,"14,000",0,0,0,"279,000","265,000","14,000","14,000"
715938,泰藝永豐67購01,0,0,0,0.0,0.0,0.0,0,0,0,"-39,000",0,0,0,0,"39,000","-39,000","-39,000"
715939,晶呈永豐67購01,0,0,0,0.0,0.0,0.0,0,0,0,"-19,000",0,0,0,0,"19,000","-19,000","-19,000"
715940,順達永豐65購01,0,0,0,0.0,0.0,0.0,0,0,0,"-12,000",0,0,0,0,"12,000","-12,000","-12,000"
715941,萬潤永豐64購02,0,0,0,0.0,0.0,0.0,0,0,0,"-278,000",0,0,0,0,"278,000","-278,000","-278,000"
715942,萬潤永豐65購02,0,0,0,0.0,0.0,0.0,0,0,0,"-64,000",0,0,0,0,"64,000","-64,000","-64,000"
715943,萬潤永豐66購02,0,0,0,0.0,0.0,0.0,0,0,0,"-69,000",0,0,0,0,"69,000","-69,000","-69,000"
715944,萬潤永豐67購01,0,0,0,0.0,0.0,0.0,0,0,0,"-68,000",0,0,0,0,"68,000","-68,000","-68,000"
715945,萬潤永豐68購02,0,0,0,0.0,0.0,0.0,0,0,0,"-78,000",0,0,0,0,"78,000","-78,000","-78,000"
715949,綠界*永豐67購01,0,0,0,0.0,0.0,0.0,0,0,0,"-3,000",0,0,0,0,"3,000","-3,000","-3,000"
715950,擎亞永豐64購03,0,0,0,0.0,0.0,0.0,0,0,0,"36,000",0,0,0,"36,000",0,"36,000","36,000"
715952,華景電國泰65購01,0,0,0,0.0,0.0,0.0,0,0,0,"-277,000",0,0,0,"6,000","283,000","-277,000","-277,000"
715953,順達國泰65購01,0,0,0,0.0,0.0,0.0,0,0,0,"44,000",0,0,0,"44,000",0,"44,000","44,000"
715954,萬潤國泰65購01,0,0,0,0.0,0.0,0.0,0,0,0,"-209,000",0,0,0,"33,000","242,000","-209,000","-209,000"
715955,萬潤國泰65購02,0,0,0,0.0,0.0,0.0,0,0,0,"-145,000",0,0,0,"18,000","163,000","-145,000","-145,000"
715957,元太群益64購01,0,0,0,0.0,0.0,0.0,0,0,0,"-29,000",0,0,0,0,"29,000","-29,000","-29,000"
715958,同致群益6A購01,0,0,0,0.0,0.0,0.0,0,0,0,"-15,000",0,0,0,0,"15,000","-15,000","-15,000"
715959,系統電群益66購01,0,0,0,0.0,0.0,0.0,0,0,0,"-24,000",0,0,0,"8,000","32,000","-24,000","-24,000"
715962,順達群益64購02,0,0,0,0.0,0.0,0.0,0,0,0,"-24,000",0,0,0,"15,000","39,000","-24,000","-24,000"
715964,萬潤群益64購01,0,0,0,0.0,0.0,0.0,0,0,0,"-179,000",0,0,0,"25,000","204,000","-179,000","-179,000"
715967,台半富邦65購02,0,0,0,0.0,0.0,0.0,0,0,0,"67,000",0,0,0,"67,000",0,"67,000","67,000"
715968,旺矽富邦64購03,0,0,0,0.0,0.0,0.0,0,0,0,"-10,000",0,0,0,0,"10,000","-10,000","-10,000"
715969,萬潤富邦66購01,0,0,0,0.0,0.0,0.0,0,0,0,"-453,000",0,0,0,"103,000","556,000","-453,000","-453,000"
715970,萬潤富邦66購02,0,0,0,0.0,0.0,0.0,0,0,0,"-1,413,000",0,0,0,"70,000","1,483,000","-1,413,000","-1,413,000"
715971,萬潤富邦67購01,0,0,0,0.0,0.0,0.0,0,0,0,"-513,000",0,0,0,"80,000","593,000","-513,000","-513,000"
715973,穩懋富邦67購02,0,0,0,0.0,0.0,0.0,0,0,0,"51,000",0,0,0,"55,000","4,000","51,000","51,000"
715974,川寶統一7A購03,0,0,0,0.0,0.0,0.0,0,0,0,"-10,000",0,0,0,0,"10,000","-10,000","-10,000"
715975,世界統一7A購01,0,0,0,0.0,0.0,0.0,0,0,0,"-60,000",0,0,0,0,"60,000","-60,000","-60,000"
715976,台特化統一6A購01,0,0,0,0.0,0.0,0.0,0,0,0,"-22,000",0,0,0,0,"22,000","-22,000","-22,000"
715980,晶呈統一7A購01,0,0,0,0.0,0.0,0.0,0,0,0,"65,000",0,0,0,"115,000","50,000","65,000","65,000"
715983,萬潤統一68購01,0,0,0,0.0,0.0,0.0,0,0,0,"-19,000",0,0,0,"369,000","388,000","-19,000","-19,000"
715984,萬潤統一69購01,0,0,0,0.0,0.0,0.0,0,0,0,"38,000",0,0,0,"93,000","55,000","38,000","38,000"
715985,萬潤統一71購01,0,0,0,0.0,0.0,0.0,0,0,0,"-35,000",0,0,0,0,"35,000","-35,000","-35,000"
715986,萬潤統一74購01,0,0,0,0.0,0.0,0.0,0,0,0,"2,000",0,0,0,"21,000","19,000","2,000","2,000"
715987,萬潤統一7A購01,0,0,0,0.0,0.0,0.0,0,0,0,"6,000",0,0,0,"175,000","169,000","6,000","6,000"
715991,旺矽台新64購02,0,0,0,0.0,0.0,0.0,0,0,0,"7,000",0,0,0,"7,000",0,"7,000","7,000"
715992,旺矽台新64購03,0,0,0,0.0,0.0,0.0,0,0,0,"-46,000",0,0,0,"10,000","56,000","-46,000","-46,000"
715997,創威台新64購01,0,0,0,0.0,0.0,0.0,0,0,0,"-13,000",0,0,0,"63,000","76,000","-13,000","-13,000"
716000,漢測台新64購01,0,0,0,0.0,0.0,0.0,0,0,0,"93,000",0,0,0,"100,000","7,000","93,000","93,000"
716001,漢測台新64購02,0,0,0,0.0,0.0,0.0,0,0,0,"-10,000",0,0,0,0,"10,000","-10,000","-10,000"
716002,點序台新64購02,0,0,0,0.0,0.0,0.0,0,0,0,"-18,000",0,0,0,"29,000","47,000","-18,000","-18,000"
716003,大綜凱基64購02,0,0,0,0.0,0.0,0.0,0,0,0,"-2,000",0,0,0,"148,000","150,000","-2,000","-2,000"
716007,台嘉碩凱基64購01,0,0,0,0.0,0.0,0.0,0,0,0,"20,000",0,0,0,"35,000","15,000","20,000","20,000"
716010,印能凱基65購03,0,0,0,0.0,0.0,0.0,0,0,0,"-39,000",0,0,0,0,"39,000","-39,000","-39,000"
716011,旺矽凱基64購02,0,0,0,0.0,0.0,0.0,0,0,0,"-17,000",0,0,0,"20,000","37,000","-17,000","-17,000"
716013,茂迪凱基64購01,0,0,0,0.0,0.0,0.0,0,0,0,"-1,000",0,0,0,0,"1,000","-1,000","-1,000"
716014,博智凱基64購01,0,0,0,0.0,0.0,0.0,0,0,0,0,0,0,0,"3,000","3,000",0,0
716016,陽程凱基64購04,0,0,0,0.0,0.0,0.0,0,0,0,"-10,000",0,0,0,0,"10,000","-10,000","-10,000"
716018,勤凱凱基64購01,0,0,0,0.0,0.0,0.0,0,0,0,"-4,000",0,0,0,0,"4,000","-4,000","-4,000"
716019,瑞耘凱基64購01,0,0,0,0.0,0.0,0.0,0,0,0,"24,000",0,0,0,"24,000",0,"24,000","24,000"
716021,聖暉*凱基64購01,0,0,0,0.0,0.0,0.0,0,0,0,"152,000",0,0,0,"152,000",0,"152,000","152,000"
716022,頎邦凱基65購03,0,0,0,0.0,0.0,0.0,0,0,0,"21,000",0,0,0,"26,000","5,000","21,000","21,000"
716023,頎邦凱基6A購01,0,0,0,0.0,0.0,0.0,0,0,0,"7,000",0,0,0,"58,000","51,000","7,000","7,000"
716024,漢科凱基64購01,0,0,0,0.0,0.0,0.0,0,0,0,"49,000",0,0,0,"49,000",0,"49,000","49,000"
716025,漢測凱基64購01,0,0,0,0.0,0.0,0.0,0,0,0,"160,000",0,0,0,"164,000","4,000","160,000","160,000"
716026,漢測凱基64購02,0,0,0,0.0,0.0,0.0,0,0,0,"249,000",0,0,0,"274,000","25,000","249,000","249,000"
716027,漢測凱基64購03,0,0,0,0.0,0.0,0.0,0,0,0,"170,000",0,0,0,"240,000","70,000","170,000","170,000"
716028,德微凱基64購01,0,0,0,0.0,0.0,0.0,0,0,0,"29,000",0,0,0,"32,000","3,000","29,000","29,000"
716029,擎亞凱基65購01,0,0,0,0.0,0.0,0.0,0,0,0,0,0,0,0,"3,000","3,000",0,0
716030,穩懋凱基64購03,0,0,0,0.0,0.0,0.0,0,0,0,"-108,000",0,0,0,"12,000","120,000","-108,000","-108,000"
716032,頎邦中信64購01,0,0,0,0.0,0.0,0.0,0,0,0,"-11,000",0,0,0,"83,000","94,000","-11,000","-11,000"
716033,大綜永豐64購01,0,0,0,0.0,0.0,0.0,0,0,0,"-28,000",0,0,0,0,"28,000","-28,000","-28,000"
716037,弘塑永豐64購03,0,0,0,0.0,0.0,0.0,0,0,0,"-57,000",0,0,0,"9,000","66,000","-57,000","-57,000"
716039,合一永豐64購01,0,0,0,0.0,0.0,0.0,0,0,0,"-57,000",0,0,0,"21,000","78,000","-57,000","-57,000"
716040,合一永豐64購02,0,0,0,0.0,0.0,0.0,0,0,0,"-12,000",0,0,0,0,"12,000","-12,000","-12,000"
716042,宏捷科永豐65購01,0,0,0,0.0,0.0,0.0,0,0,0,"-19,000",0,0,0,"41,000","60,000","-19,000","-19,000"
716045,金山電永豐64購01,0,0,0,0.0,0.0,0.0,0,0,0,"-881,000",0,0,0,"304,000","1,185,000","-881,000","-881,000"
716050,順達永豐64購05,0,0,0,0.0,0.0,0.0,0,0,0,"-17,000",0,0,0,0,"17,000","-17,000","-17,000"
716051,順達永豐65購02,0,0,0,0.0,0.0,0.0,0,0,0,"34,000",0,0,0,"52,000","18,000","34,000","34,000"
716053,瑞耘永豐64購01,0,0,0,0.0,0.0,0.0,0,0,0,"230,000",0,0,0,"230,000",0,"230,000","230,000"
716056,漢測永豐64購01,0,0,0,0.0,0.0,0.0,0,0,0,"-8,000",0,0,0,"57,000","65,000","-8,000","-8,000"
716057,漢測永豐64購02,0,0,0,0.0,0.0,0.0,0,0,0,"74,000",0,0,0,"74,000",0,"74,000","74,000"
716058,漢測永豐64購03,0,0,0,0.0,0.0,0.0,0,0,0,"131,000",0,0,0,"141,000","10,000","131,000","131,000"
716059,漢測永豐64購04,0,0,0,0.0,0.0,0.0,0,0,0,"-60,000",0,0,0,0,"60,000","-60,000","-60,000"
716060,擎邦永豐64購01,0,0,0,0.0,0.0,0.0,0,0,0,"-17,000",0,0,0,"55,000","72,000","-17,000","-17,000"
716061,東典光國泰65購01,0,0,0,0.0,0.0,0.0,0,0,0,"3,000",0,0,0,"6,000","3,000","3,000","3,000"
716064,中美晶富邦64購01,0,0,0,0.0,0.0,0.0,0,0,0,"90,000",0,0,0,"92,000","2,000","90,000","90,000"
716066,宜鼎富邦64購02,0,0,0,0.0,0.0,0.0,0,0,0,"47,000",0,0,0,"167,000","120,000","47,000","47,000"
716067,欣銓富邦67購01,0,0,0,0.0,0.0,0.0,0,0,0,"13,000",0,0,0,"95,000","82,000","13,000","13,000"
716070,頎邦富邦66購03,0,0,0,0.0,0.0,0.0,0,0,0,"9,000",0,0,0,"185,000","176,000","9,000","9,000"
716071,漢測富邦66購01,0,0,0,0.0,0.0,0.0,0,0,0,"557,000",0,0,0,"989,000","432,000","557,000","557,000"
716072,漢測富邦67購01,0,0,0,0.0,0.0,0.0,0,0,0,"220,000",0,0,0,"503,000","283,000","220,000","220,000"
716073,中美晶統一6A購01,0,0,0,0.0,0.0,0.0,0,0,0,"48,000",0,0,0,"48,000",0,"48,000","48,000"
716074,中美晶統一7A購01,0,0,0,0.0,0.0,0.0,0,0,0,"11,000",0,0,0,"11,000",0,"11,000","11,000"
716079,系統電統一68購01,0,0,0,0.0,0.0,0.0,0,0,0,"-34,000",0,0,0,"8,000","42,000","-34,000","-34,000"
716081,欣銓統一7A購01,0,0,0,0.0,0.0,0.0,0,0,0,"-11,000",0,0,0,0,"11,000","-11,000","-11,000"
716082,華宏統一7A購01,0,0,0,0.0,0.0,0.0,0,0,0,"496,000",0,0,0,"499,000","3,000","496,000","496,000"
716083,瑞耘統一7A購01,0,0,0,0.0,0.0,0.0,0,0,0,"1,575,000",0,0,0,"1,593,000","18,000","1,575,000","1,575,000"
716084,瑞耘統一7A購02,0,0,0,0.0,0.0,0.0,0,0,0,"263,000",0,0,0,"263,000",0,"263,000","263,000"
716085,擎邦統一6A購01,0,0,0,0.0,0.0,0.0,0,0,0,"-19,000",0,0,0,"27,000","46,000","-19,000","-19,000"
716088,穩懋統一6A購01,0,0,0,0.0,0.0,0.0,0,0,0,"-43,000",0,0,0,"74,000","117,000","-43,000","-43,000"
716089,穩懋統一7A購02,0,0,0,0.0,0.0,0.0,0,0,0,"-81,000",0,0,0,0,"81,000","-81,000","-81,000"
716091,友威科群益64購01,0,0,0,0.0,0.0,0.0,0,0,0,"-909,000",0,0,0,0,"909,000","-909,000","-909,000"
716092,天品群益66購01,0,0,0,0.0,0.0,0.0,0,0,0,"-8,000",0,0,0,0,"8,000","-8,000","-8,000"
716093,世界群益64購02,0,0,0,0.0,0.0,0.0,0,0,0,"2,000",0,0,0,"14,000","12,000","2,000","2,000"
716094,加高群益64購01,0,0,0,0.0,0.0,0.0,0,0,0,"-2,000",0,0,0,0,"2,000","-2,000","-2,000"
716096,立敦群益65購01,0,0,0,0.0,0.0,0.0,0,0,0,"-26,000",0,0,0,0,"26,000","-26,000","-26,000"
716103,宜鼎群益64購05,0,0,0,0.0,0.0,0.0,0,0,0,"13,000",0,0,0,"13,000",0,"13,000","13,000"
716104,旺矽群益64購02,0,0,0,0.0,0.0,0.0,0,0,0,0,0,0,0,"10,000","10,000",0,0
716106,昇達科群益64購01,0,0,0,0.0,0.0,0.0,0,0,0,"-100,000",0,0,0,"51,000","151,000","-100,000","-100,000"
716107,竑騰群益68購01,0,0,0,0.0,0.0,0.0,0,0,0,"34,000",0,0,0,"34,000",0,"34,000","34,000"
716108,華宏群益64購01,0,0,0,0.0,0.0,0.0,0,0,0,"-1,000",0,0,0,0,"1,000","-1,000","-1,000"
716111,陽程群益64購03,0,0,0,0.0,0.0,0.0,0,0,0,"-30,000",0,0,0,0,"30,000","-30,000","-30,000"
716117,臺慶科群益64購02,0,0,0,0.0,0.0,0.0,0,0,0,"-45,000",0,0,0,"15,000","60,000","-45,000","-45,000"
716119,營邦群益64購03,0,0,0,0.0,0.0,0.0,0,0,0,0,0,0,0,"10,000","10,000",0,0
716120,穩懋群益64購07,0,0,0,0.0,0.0,0.0,0,0,0,"73,000",0,0,0,"85,000","12,000","73,000","73,000"
716121,迅德國票6C購01,0,0,0,0.0,0.0,0.0,0,0,0,"-52,000",0,0,0,0,"52,000","-52,000","-52,000"
716124,昇達科國票65購02,0,0,0,0.0,0.0,0.0,0,0,0,"-5,000",0,0,0,"10,000","15,000","-5,000","-5,000"
716125,東研國票65購01,0,0,0,0.0,0.0,0.0,0,0,0,0,0,0,0,"20,000","20,000",0,0
716132,漢測國票64購01,0,0,0,0.0,0.0,0.0,0,0,0,"-305,000",0,0,0,"2,000","307,000","-305,000","-305,000"
716133,漢測國票66購01,0,0,0,0.0,0.0,0.0,0,0,0,"-57,000",0,0,0,0,"57,000","-57,000","-57,000"
716134,漢測國票67購01,0,0,0,0.0,0.0,0.0,0,0,0,"-12,000",0,0,0,0,"12,000","-12,000","-12,000"
716135,漢測國票6A購01,0,0,0,0.0,0.0,0.0,0,0,0,"-25,000",0,0,0,0,"25,000","-25,000","-25,000"
716138,應廣國票65購01,0,0,0,0.0,0.0,0.0,0,0,0,"-7,000",0,0,0,0,"7,000","-7,000","-7,000"
716141,川寶元大64購02,0,0,0,0.0,0.0,0.0,0,0,0,"-36,000",0,0,0,0,"36,000","-36,000","-36,000"
716144,中美晶元大67購03,0,0,0,0.0,0.0,0.0,0,0,0,"5,000",0,0,0,"5,000",0,"5,000","5,000"
716145,印能元大64購03,0,0,0,0.0,0.0,0.0,0,0,0,"4,000",0,0,0,"4,000",0,"4,000","4,000"
716146,印能元大64購04,0,0,0,0.0,0.0,0.0,0,0,0,"10,000",0,0,0,"10,000",0,"10,000","10,000"
716147,印能元大64購05,0,0,0,0.0,0.0,0.0,0,0,0,"-55,000",0,0,0,0,"55,000","-55,000","-55,000"
716148,印能元大64購06,0,0,0,0.0,0.0,0.0,0,0,0,"-88,000",0,0,0,0,"88,000","-88,000","-88,000"
716151,宜鼎元大64購09,0,0,0,0.0,0.0,0.0,0,0,0,"-53,000",0,0,0,0,"53,000","-53,000","-53,000"
716154,欣銓元大64購07,0,0,0,0.0,0.0,0.0,0,0,0,"20,000",0,0,0,"20,000",0,"20,000","20,000"
716155,欣銓元大64購08,0,0,0,0.0,0.0,0.0,0,0,0,"-64,000",0,0,0,"25,000","89,000","-64,000","-64,000"
716158,竑騰元大67購02,0,0,0,0.0,0.0,0.0,0,0,0,"-2,000",0,0,0,"3,000","5,000","-2,000","-2,000"
716159,富喬元大64購09,0,0,0,0.0,0.0,0.0,0,0,0,"-162,000",0,0,0,"6,000","168,000","-162,000","-162,000"
716162,順達元大64購12,0,0,0,0.0,0.0,0.0,0,0,0,"-116,000",0,0,0,"16,000","132,000","-116,000","-116,000"
716163,順達元大64購13,0,0,0,0.0,0.0,0.0,0,0,0,"-111,000",0,0,0,"12,000","123,000","-111,000","-111,000"
716164,順達元大64購14,0,0,0,0.0,0.0,0.0,0,0,0,"-126,000",0,0,0,0,"126,000","-126,000","-126,000"
716165,鈊象元大64購07,0,0,0,0.0,0.0,0.0,0,0,0,"-41,000",0,0,0,0,"41,000","-41,000","-41,000"
716167,群聯元大64購19,0,0,0,0.0,0.0,0.0,0,0,0,"-96,000",0,0,0,0,"96,000","-96,000","-96,000"
716168,群聯元大64購20,0,0,0,0.0,0.0,0.0,0,0,0,"-54,000",0,0,0,0,"54,000","-54,000","-54,000"
716169,漢測元大64購01,0,0,0,0.0,0.0,0.0,0,0,0,"524,000",0,0,0,"524,000",0,"524,000","524,000"
716170,漢測元大64購02,0,0,0,0.0,0.0,0.0,0,0,0,"665,000",0,0,0,"848,000","183,000","665,000","665,000"
716171,漢測元大66購01,0,0,0,0.0,0.0,0.0,0,0,0,"917,000",0,0,0,"918,000","1,000","917,000","917,000"
716172,大綜台新64購01,0,0,0,0.0,0.0,0.0,0,0,0,"1,007,000",0,0,0,"1,030,000","23,000","1,007,000","1,007,000"
716175,台嘉碩台新64購01,0,0,0,0.0,0.0,0.0,0,0,0,"-20,000",0,0,0,0,"20,000","-20,000","-20,000"
716176,系統電台新64購02,0,0,0,0.0,0.0,0.0,0,0,0,"-8,000",0,0,0,0,"8,000","-8,000","-8,000"
716177,金山電台新64購01,0,0,0,0.0,0.0,0.0,0,0,0,"-5,000",0,0,0,0,"5,000","-5,000","-5,000"
716178,金山電台新64購02,0,0,0,0.0,0.0,0.0,0,0,0,"-6,000",0,0,0,0,"6,000","-6,000","-6,000"
716188,穩懋台新64購05,0,0,0,0.0,0.0,0.0,0,0,0,"10,000",0,0,0,"10,000",0,"10,000","10,000"
716190,大綜元大64購01,0,0,0,0.0,0.0,0.0,0,0,0,"-1,000",0,0,0,0,"1,000","-1,000","-1,000"
716191,中美晶元大64購09,0,0,0,0.0,0.0,0.0,0,0,0,"-7,000",0,0,0,0,"7,000","-7,000","-7,000"
716192,中美晶元大67購04,0,0,0,0.0,0.0,0.0,0,0,0,"-290,000",0,0,0,0,"290,000","-290,000","-290,000"
716193,天品元大64購02,0,0,0,0.0,0.0,0.0,0,0,0,"-64,000",0,0,0,0,"64,000","-64,000","-64,000"
716197,系統電元大64購03,0,0,0,0.0,0.0,0.0,0,0,0,"-8,000",0,0,0,0,"8,000","-8,000","-8,000"
716201,昇達科元大64購03,0,0,0,0.0,0.0,0.0,0,0,0,"-32,000",0,0,0,0,"32,000","-32,000","-32,000"
716202,欣銓元大64購09,0,0,0,0.0,0.0,0.0,0,0,0,"-11,000",0,0,0,"5,000","16,000","-11,000","-11,000"
716207,華容元大64購01,0,0,0,0.0,0.0,0.0,0,0,0,"-11,000",0,0,0,0,"11,000","-11,000","-11,000"
716209,華容元大64購03,0,0,0,0.0,0.0,0.0,0,0,0,"-10,000",0,0,0,0,"10,000","-10,000","-10,000"
716210,鈊象元大64購08,0,0,0,0.0,0.0,0.0,0,0,0,"3,000",0,0,0,"4,000","1,000","3,000","3,000"
716212,群聯元大64購22,0,0,0,0.0,0.0,0.0,0,0,0,"-111,000",0,0,0,0,"111,000","-111,000","-111,000"
716213,鈺創元大64購03,0,0,0,0.0,0.0,0.0,0,0,0,"-11,000",0,0,0,0,"11,000","-11,000","-11,000"
716216,大綜群益64購02,0,0,0,0.0,0.0,0.0,0,0,0,"3,000",0,0,0,"10,000","7,000","3,000","3,000"
716217,大綜群益65購01,0,0,0,0.0,0.0,0.0,0,0,0,"176,000",0,0,0,"200,000","24,000","176,000","176,000"
716218,天品群益64購01,0,0,0,0.0,0.0,0.0,0,0,0,"-6,000",0,0,0,0,"6,000","-6,000","-6,000"
716220,系統電群益64購02,0,0,0,0.0,0.0,0.0,0,0,0,"-12,000",0,0,0,"15,000","27,000","-12,000","-12,000"
716222,欣銓群益64購01,0,0,0,0.0,0.0,0.0,0,0,0,0,0,0,0,"5,000","5,000",0,0
716226,華容群益64購01,0,0,0,0.0,0.0,0.0,0,0,0,"32,000",0,0,0,"32,000",0,"32,000","32,000"
716229,頎邦群益66購01,0,0,0,0.0,0.0,0.0,0,0,0,"-62,000",0,0,0,"40,000","102,000","-62,000","-62,000"
716230,營邦群益64購04,0,0,0,0.0,0.0,0.0,0,0,0,0,0,0,0,"10,000","10,000",0,0
716231,穩懋群益64購08,0,0,0,0.0,0.0,0.0,0,0,0,"-200,000",0,0,0,0,"200,000","-200,000","-200,000"
716235,天品凱基64購01,0,0,0,0.0,0.0,0.0,0,0,0,"-417,000",0,0,0,0,"417,000","-417,000","-417,000"
716243,佳邦凱基64購01,0,0,0,0.0,0.0,0.0,0,0,0,"-20,000",0,0,0,"20,000","40,000","-20,000","-20,000"
716245,昇達科凱基64購01,0,0,0,0.0,0.0,0.0,0,0,0,"-7,000",0,0,0,0,"7,000","-7,000","-7,000"
716247,欣銓凱基66購01,0,0,0,0.0,0.0,0.0,0,0,0,"-5,000",0,0,0,"5,000","10,000","-5,000","-5,000"
716249,富喬凱基6A購01,0,0,0,0.0,0.0,0.0,0,0,0,"-76,000",0,0,0,0,"76,000","-76,000","-76,000"
716253,勤凱凱基64購02,0,0,0,0.0,0.0,0.0,0,0,0,"-10,000",0,0,0,0,"10,000","-10,000","-10,000"
716254,臺慶科凱基64購02,0,0,0,0.0,0.0,0.0,0,0,0,"-2,000",0,0,0,0,"2,000","-2,000","-2,000"
716255,營邦凱基6A購01,0,0,0,0.0,0.0,0.0,0,0,0,"-1,000",0,0,0,0,"1,000","-1,000","-1,000"
716256,穩懋凱基64購04,0,0,0,0.0,0.0,0.0,0,0,0,"-84,000",0,0,0,0,"84,000","-84,000","-84,000"
716257,穩懋凱基65購04,0,0,0,0.0,0.0,0.0,0,0,0,"-65,000",0,0,0,0,"65,000","-65,000","-65,000"
716258,穩懋凱基66購02,0,0,0,0.0,0.0,0.0,0,0,0,"-65,000",0,0,0,0,"65,000","-65,000","-65,000"
716259,穩懋凱基66購03,0,0,0,0.0,0.0,0.0,0,0,0,"-71,000",0,0,0,0,"71,000","-71,000","-71,000"
716260,穩懋凱基71購01,0,0,0,0.0,0.0,0.0,0,0,0,"-10,000",0,0,0,0,"10,000","-10,000","-10,000"
716261,千如國票6A購01,0,0,0,0.0,0.0,0.0,0,0,0,"-20,000",0,0,0,0,"20,000","-20,000","-20,000"
716262,大綜國票64購02,0,0,0,0.0,0.0,0.0,0,0,0,"1,055,000",0,0,0,"1,080,000","25,000","1,055,000","1,055,000"
716265,原相國票66購01,0,0,0,0.0,0.0,0.0,0,0,0,"-2,000",0,0,0,0,"2,000","-2,000","-2,000"
716269,新鼎國票6A購01,0,0,0,0.0,0.0,0.0,0,0,0,"-121,000",0,0,0,"6,000","127,000","-121,000","-121,000"
716272,中美晶中信68購01,0,0,0,0.0,0.0,0.0,0,0,0,"12,000",0,0,0,"12,000",0,"12,000","12,000"
716274,千如永豐64購01,0,0,0,0.0,0.0,0.0,0,0,0,"-105,000",0,0,0,0,"105,000","-105,000","-105,000"
716275,天品永豐67購01,0,0,0,0.0,0.0,0.0,0,0,0,"-14,000",0,0,0,0,"14,000","-14,000","-14,000"
716278,竹陞永豐67購01,0,0,0,0.0,0.0,0.0,0,0,0,"-1,000",0,0,0,0,"1,000","-1,000","-1,000"
716279,宜鼎永豐65購04,0,0,0,0.0,0.0,0.0,0,0,0,"-10,000",0,0,0,0,"10,000","-10,000","-10,000"
716280,威剛永豐65購02,0,0,0,0.0,0.0,0.0,0,0,0,"-5,000",0,0,0,0,"5,000","-5,000","-5,000"
716281,翔名永豐65購02,0,0,0,0.0,0.0,0.0,0,0,0,"-20,000",0,0,0,0,"20,000","-20,000","-20,000"
716285,陽程永豐64購03,0,0,0,0.0,0.0,0.0,0,0,0,"-10,000",0,0,0,0,"10,000","-10,000","-10,000"
716287,頎邦永豐65購04,0,0,0,0.0,0.0,0.0,0,0,0,"-40,000",0,0,0,0,"40,000","-40,000","-40,000"
716291,天品統一6A購01,0,0,0,0.0,0.0,0.0,0,0,0,"-39,000",0,0,0,0,"39,000","-39,000","-39,000"
716292,台特化統一6A購02,0,0,0,0.0,0.0,0.0,0,0,0,"-19,000",0,0,0,0,"19,000","-19,000","-19,000"
716298,華宏統一7A購02,0,0,0,0.0,0.0,0.0,0,0,0,"-2,000",0,0,0,0,"2,000","-2,000","-2,000"
716302,擎邦統一7A購02,0,0,0,0.0,0.0,0.0,0,0,0,"4,000",0,0,0,"50,000","46,000","4,000","4,000"
716307,欣銓國泰65購01,0,0,0,0.0,0.0,0.0,0,0,0,"-55,000",0,0,0,0,"55,000","-55,000","-55,000"
716311,大綜富邦64購01,0,0,0,0.0,0.0,0.0,0,0,0,"-9,000",0,0,0,0,"9,000","-9,000","-9,000"
716312,元太富邦65購03,0,0,0,0.0,0.0,0.0,0,0,0,"-36,000",0,0,0,0,"36,000","-36,000","-36,000"
716315,系統電富邦65購01,0,0,0,0.0,0.0,0.0,0,0,0,"-99,000",0,0,0,0,"99,000","-99,000","-99,000"
716316,昇達科富邦64購01,0,0,0,0.0,0.0,0.0,0,0,0,"2,000",0,0,0,"2,000",0,"2,000","2,000"
716317,威剛富邦64購03,0,0,0,0.0,0.0,0.0,0,0,0,"-8,000",0,0,0,0,"8,000","-8,000","-8,000"
716319,竑騰富邦66購01,0,0,0,0.0,0.0,0.0,0,0,0,"-10,000",0,0,0,0,"10,000","-10,000","-10,000"
716320,家登富邦67購01,0,0,0,0.0,0.0,0.0,0,0,0,"-6,000",0,0,0,0,"6,000","-6,000","-6,000"
716323,穩懋富邦65購03,0,0,0,0.0,0.0,0.0,0,0,0,"24,000",0,0,0,"50,000","26,000","24,000","24,000"
716325,尼克森群益64購01,0,0,0,0.0,0.0,0.0,0,0,0,"-326,000",0,0,0,0,"326,000","-326,000","-326,000"
716327,昇達科群益64購02,0,0,0,0.0,0.0,0.0,0,0,0,"-219,000",0,0,0,0,"219,000","-219,000","-219,000"
716328,萬泰科群益64購01,0,0,0,0.0,0.0,0.0,0,0,0,"-12,000",0,0,0,0,"12,000","-12,000","-12,000"
716333,富喬國票66購02,0,0,0,0.0,0.0,0.0,0,0,0,"-20,000",0,0,0,0,"20,000","-20,000","-20,000"
716343,長科*永豐64購02,0,0,0,0.0,0.0,0.0,0,0,0,"-272,000",0,0,0,0,"272,000","-272,000","-272,000"
716346,千如元大64購01,0,0,0,0.0,0.0,0.0,0,0,0,"-10,000",0,0,0,0,"10,000","-10,000","-10,000"
716347,千如元大64購02,0,0,0,0.0,0.0,0.0,0,0,0,"-244,000",0,0,0,0,"244,000","-244,000","-244,000"
716350,中美晶元大68購01,0,0,0,0.0,0.0,0.0,0,0,0,"-17,000",0,0,0,0,"17,000","-17,000","-17,000"
716352,尼克森元大64購01,0,0,0,0.0,0.0,0.0,0,0,0,"-60,000",0,0,0,0,"60,000","-60,000","-60,000"
716361,富喬元大64購10,0,0,0,0.0,0.0,0.0,0,0,0,"-125,000",0,0,0,0,"125,000","-125,000","-125,000"
716374,鈺創富邦66購01,0,0,0,0.0,0.0,0.0,0,0,0,"-15,000",0,0,0,0,"15,000","-15,000","-15,000"
716375,千如統一6A購01,0,0,0,0.0,0.0,0.0,0,0,0,"-235,000",0,0,0,0,"235,000","-235,000","-235,000"
716376,千如統一7A購01,0,0,0,0.0,0.0,0.0,0,0,0,"-20,000",0,0,0,0,"20,000","-20,000","-20,000"
716377,台半統一6C購01,0,0,0,0.0,0.0,0.0,0,0,0,"-5,000",0,0,0,0,"5,000","-5,000","-5,000"
716386,華景電台新64購01,0,0,0,0.0,0.0,0.0,0,0,0,"-2,000",0,0,0,0,"2,000","-2,000","-2,000"
716387,華景電台新64購02,0,0,0,0.0,0.0,0.0,0,0,0,"-3,000",0,0,0,0,"3,000","-3,000","-3,000"
716402,頎邦凱基64購06,0,0,0,0.0,0.0,0.0,0,0,0,"-42,000",0,0,0,0,"42,000","-42,000","-42,000"
726926,金麗科統一5B購03,0,0,0,0.0,0.0,0.0,0,0,0,"57,000",0,0,0,"57,000",0,"57,000","57,000"
730402,M31統一62購02,0,0,0,0.0,0.0,0.0,0,0,0,"-10,000",0,0,0,0,"10,000","-10,000","-10,000"
731584,群聯統一5B購01,0,0,0,0.0,0.0,0.0,0,0,0,"-66,000",0,0,0,"24,000","90,000","-66,000","-66,000"
732269,M31統一63購01,0,0,0,0.0,0.0,0.0,0,0,0,"299,000",0,0,0,"299,000",0,"299,000","299,000"
732332,M31統一63購02,0,0,0,0.0,0.0,0.0,0,0,0,"52,000",0,0,0,"52,000",0,"52,000","52,000"
733411,美琪瑪統一61購01,0,0,0,0.0,0.0,0.0,0,0,0,"-7,000",0,0,0,"3,000","10,000","-7,000","-7,000"
733461,先進光統一65購01,0,0,0,0.0,0.0,0.0,0,0,0,"88,000",0,0,0,"98,000","10,000","88,000","88,000"
733471,營邦統一5B購01,0,0,0,0.0,0.0,0.0,0,0,0,"27,000",0,0,0,"27,000",0,"27,000","27,000"
733653,創惟統一5B購01,0,0,0,0.0,0.0,0.0,0,0,0,"-10,000",0,0,0,0,"10,000","-10,000","-10,000"
733656,創惟統一65購03,0,0,0,0.0,0.0,0.0,0,0,0,"-30,000",0,0,0,0,"30,000","-30,000","-30,000"
733696,高端統一65購01,0,0,0,0.0,0.0,0.0,0,0,0,"-1,206,000",0,0,0,"86,000","1,292,000","-1,206,000","-1,206,000"
733800,華星光統一5B購03,0,0,0,0.0,0.0,0.0,0,0,0,"-3,000",0,0,0,0,"3,000","-3,000","-3,000"
733958,新應材統一5C購01,0,0,0,0.0,0.0,0.0,0,0,0,"-10,000",0,0,0,0,"10,000","-10,000","-10,000"
734209,華星光統一66購01,0,0,0,0.0,0.0,0.0,0,0,0,"30,000",0,0,0,"92,000","62,000","30,000","30,000"
734519,建榮統一5C購01,0,0,0,0.0,0.0,0.0,0,0,0,"-3,000",0,0,0,"10,000","13,000","-3,000","-3,000"
734710,雙鴻統一62購01,0,0,0,0.0,0.0,0.0,0,0,0,"20,000",0,0,0,"30,000","10,000","20,000","20,000"
735028,新應材元富63購01,0,0,0,0.0,0.0,0.0,0,0,0,"-205,000",0,0,0,0,"205,000","-205,000","-205,000"
735029,新應材元富64購01,0,0,0,0.0,0.0,0.0,0,0,0,"200,000",0,0,0,"200,000",0,"200,000","200,000"
735304,華景電統一5A購01,0,0,0,0.0,0.0,0.0,0,0,0,"151,000",0,0,0,"151,000",0,"151,000","151,000"
735647,久禾光統一61購01,0,0,0,0.0,0.0,0.0,0,0,0,"18,000",0,0,0,"18,000",0,"18,000","18,000"
735665,意德士統一61購01,0,0,0,0.0,0.0,0.0,0,0,0,"1,000",0,0,0,"1,000",0,"1,000","1,000"
736082,均豪統一61購01,0,0,0,0.0,0.0,0.0,0,0,0,"13,000",0,0,0,"13,000",0,"13,000","13,000"
736154,立碁統一61購01,0,0,0,0.0,0.0,0.0,0,0,0,"-1,000",0,0,0,0,"1,000","-1,000","-1,000"
736160,金居統一62購01,0,0,0,0.0,0.0,0.0,0,0,0,"4,000",0,0,0,"4,000",0,"4,000","4,000"
736249,家登統一61購01,0,0,0,0.0,0.0,0.0,0,0,0,"2,000",0,0,0,"2,000",0,"2,000","2,000"
736427,M31統一61購03,0,0,0,0.0,0.0,0.0,0,0,0,"1,000",0,0,0,"1,000",0,"1,000","1,000"
736431,宏捷科統一61購01,0,0,0,0.0,0.0,0.0,0,0,0,"201,000",0,0,0,"201,000",0,"201,000","201,000"
736443,雙鴻統一62購02,0,0,0,0.0,0.0,0.0,0,0,0,"10,000",0,0,0,"10,000",0,"10,000","10,000"
736476,系微統一5B購01,0,0,0,0.0,0.0,0.0,0,0,0,"-10,000",0,0,0,0,"10,000","-10,000","-10,000"
736478,新盛力統一67購01,0,0,0,0.0,0.0,0.0,0,0,0,"1,000",0,0,0,"1,000",0,"1,000","1,000"
736479,漢磊統一61購01,0,0,0,0.0,0.0,0.0,0,0,0,"174,000",0,0,0,"175,000","1,000","174,000","174,000"
736604,元債20凱基67購01,0,0,0,0.0,0.0,0.0,0,0,0,"-71,000",0,0,0,0,"71,000","-71,000","-71,000"
736934,金居統一5B購01,0,0,0,0.0,0.0,0.0,0,0,0,"-10,000",0,0,0,0,"10,000","-10,000","-10,000"
736935,前鼎統一5B購01,0,0,0,0.0,0.0,0.0,0,0,0,0,0,0,0,"1,700,000","1,700,000",0,0
737321,立碁統一5C購01,0,0,0,0.0,0.0,0.0,0,0,0,"8,000",0,0,0,"10,000","2,000","8,000","8,000"
737801,漢磊國票5B購01,0,0,0,0.0,0.0,0.0,0,0,0,"27,000",0,0,0,"42,000","15,000","27,000","27,000"
738137,亞信統一5B購01,0,0,0,0.0,0.0,0.0,0,0,0,"-20,000",0,0,0,0,"20,000","-20,000","-20,000"
738192,聖暉*統一64購01,0,0,0,0.0,0.0,0.0,0,0,0,"50,000",0,0,0,"50,000",0,"50,000","50,000"
738281,M31統一5B購01,0,0,0,0.0,0.0,0.0,0,0,0,"50,000",0,0,0,"50,000",0,"50,000","50,000"
738282,M31統一5C購01,0,0,0,0.0,0.0,0.0,0,0,0,"-10,000",0,0,0,0,"10,000","-10,000","-10,000"
738286,信紘科統一64購01,0,0,0,0.0,0.0,0.0,0,0,0,"-22,000",0,0,0,"3,000","25,000","-22,000","-22,000"
738288,新應材統一64購01,0,0,0,0.0,0.0,0.0,0,0,0,"-40,000",0,0,0,0,"40,000","-40,000","-40,000"
738726,宏捷科國票5B購01,0,0,0,0.0,0.0,0.0,0,0,0,"-204,000",0,0,0,"111,000","315,000","-204,000","-204,000"
738757,順達統一5C購03,0,0,0,0.0,0.0,0.0,0,0,0,"2,000",0,0,0,"2,000",0,"2,000","2,000"
738947,精測統一65購01,0,0,0,0.0,0.0,0.0,0,0,0,"-14,000",0,0,0,0,"14,000","-14,000","-14,000"
739372,力旺統一5C購01,0,0,0,0.0,0.0,0.0,0,0,0,"-95,000",0,0,0,"35,000","130,000","-95,000","-95,000"
739382,威剛統一5C購02,0,0,0,0.0,0.0,0.0,0,0,0,"51,000",0,0,0,"51,000",0,"51,000","51,000"
739385,萬泰科統一64購01,0,0,0,0.0,0.0,0.0,0,0,0,0,0,0,0,"10,000","10,000",0,0
739442,中美晶統一5C購01,0,0,0,0.0,0.0,0.0,0,0,0,"22,000",0,0,0,"22,000",0,"22,000","22,000"
739447,朋程統一5C購02,0,0,0,0.0,0.0,0.0,0,0,0,"1,000",0,0,0,"1,000",0,"1,000","1,000"
739460,環球晶統一64購02,0,0,0,0.0,0.0,0.0,0,0,0,"-92,000",0,0,0,0,"92,000","-92,000","-92,000"
739523,擎亞統一5C購01,0,0,0,0.0,0.0,0.0,0,0,0,"-60,000",0,0,0,0,"60,000","-60,000","-60,000"
739643,合晶統一5B購01,0,0,0,0.0,0.0,0.0,0,0,0,"1,000",0,0,0,"1,000",0,"1,000","1,000"
739644,合晶統一5C購02,0,0,0,0.0,0.0,0.0,0,0,0,"10,000",0,0,0,"10,000",0,"10,000","10,000"
共6394筆,,,,,,,,,,,,,,,,,,
*三大法人買賣超股數合計=外資及陸資淨買股數(不含自營商)+投信淨買股數+自營商淨買股數合計,,,,,,,,,,,,,,,,,,
說明：,,,,,,,,,,,,,,,,,,
外資及陸資表示依「華僑及外國人投資證券管理辦法」及「大陸地區投資人來臺從事證券投資及期貨交易管理辦法」辦理登記等投資人。,,,,,,,,,,,,,,,,,,
因外資自營商買賣金額已計入自營商買賣金額，故不納入三大法人買賣金額之合計數計算。,,,,,,,,,,,,,,,,,,
投信表示本國投資信託基金。,,,,,,,,,,,,,,,,,,
自營商表示證券自營商專戶。,,,,,,,,,,,,,,,,,,
本資訊以當日原始成交情形統計，不以證券商申報錯帳、更正帳號等調整後資料統計。,,,,,,,,,,,,,,,,,,
ETF證券代號第六碼為K、C者，表示該ETF以外幣交易，其一交易單位(張)應為100受益權或其整倍數，請詳其公開說明書。,,,,,,,,,,,,,,,,,,
