證券代號,證券名稱,外陸資買進股數(不含外資自營商),外陸資賣出股數(不含外資自營商),外陸資買賣超股數(不含外資自營商),外資自營商買進股數,外資自營商賣出股數,外資自營商買賣超股數,投信買進股數,投信賣出股數,投信買賣超股數,自營商買賣超股數,自營商買進股數(自行買賣),自營商賣出股數(自行買賣),自營商買賣超股數(自行買賣),自營商買進股數(避險),自營商賣出股數(避險),自營商買賣超股數(避險),三大法人買賣超股數
00679B,元大美債20年,"147,291","2,333,000","-2,185,709",0.0,0.0,0.0,0,0,0,"-4,943,821","33,000","193,000","-160,000","3,027,000","7,810,821","-4,783,821","-7,129,530"
00687B,國泰20年美債,109,"1,802,000","-1,801,891",0.0,0.0,0.0,0,0,0,"2,070,735",0,0,0,"5,835,000","3,764,265","2,070,735","268,844"
00687C,國泰20年美債+櫃U,0,0,0,0.0,0.0,0.0,0,0,0,0,0,0,0,"25,000","25,000",0,0
00694B,富邦美債1-3,0,"109,000","-109,000",0.0,0.0,0.0,0,0,0,"-117,894",0,0,0,"263,000","380,894","-117,894","-226,894"
00695B,富邦美債7-10,0,"163,000","-163,000",0.0,0.0,0.0,0,0,0,"153,788",0,0,0,"449,001","295,213","153,788","-9,212"
00696B,富邦美債20年,0,"212,000","-212,000",0.0,0.0,0.0,0,0,0,"157,197",0,0,0,"1,356,000","1,198,803","157,197","-54,803"
00697B,元大美債7-10,0,0,0,0.0,0.0,0.0,0,0,0,"-123,935",0,0,0,"70,000","193,935","-123,935","-123,935"
00719B,元大美債1-3,"8,050","526,000","-517,950",0.0,0.0,0.0,0,0,0,"126,428",0,0,0,"251,000","124,572","126,428","-391,522"
00720B,元大投資級公司債,"243,161","2,194,000","-1,950,839",0.0,0.0,0.0,0,0,0,"-1,679",0,0,0,"1,268,000","1,269,679","-1,679","-1,952,518"
00722B,群益投資級電信債,0,"956,000","-956,000",0.0,0.0,0.0,0,0,0,"216,494",0,0,0,"3,383,000","3,166,506","216,494","-739,506"
00723B,群益投資級科技債,0,0,0,0.0,0.0,0.0,0,0,0,"-155,288",0,0,0,"100,564","255,852","-155,288","-155,288"
00724B,群益投資級金融債,"58,000","30,000","28,000",0.0,0.0,0.0,0,0,0,"-141,298",0,0,0,"3,711,052","3,852,350","-141,298","-113,298"
00725B,國泰投資級公司債,"30,000","921,000","-891,000",0.0,0.0,0.0,0,0,0,"-157,476",0,0,0,"1,062,000","1,219,476","-157,476","-1,048,476"
00726B,國泰新興投等債,"3,000","9,000","-6,000",0.0,0.0,0.0,0,0,0,"-21,468",0,0,0,"130,538","152,006","-21,468","-27,468"
00727B,國泰優選非投等債,0,0,0,0.0,0.0,0.0,0,0,0,"-24,152",0,0,0,"103,000","127,152","-24,152","-24,152"
00734B,台新JPM新興債,"20,000",0,"20,000",0.0,0.0,0.0,0,0,0,"-21,000",0,0,0,0,"21,000","-21,000","-1,000"
00740B,富邦全球投等債,"13,000","391,000","-378,000",0.0,0.0,0.0,0,0,0,"-134,425",0,0,0,"1,313,000","1,447,425","-134,425","-512,425"
00741B,富邦全球非投等債,0,"1,000","-1,000",0.0,0.0,0.0,0,0,0,19,0,0,0,"100,047","100,028",19,-981
00746B,富邦A級公司債,0,0,0,0.0,0.0,0.0,0,0,0,"-5,381",0,0,0,"406,077","411,458","-5,381","-5,381"
00749B,凱基新興債10+,0,"3,000","-3,000",0.0,0.0,0.0,0,0,0,0,0,0,0,"100,000","100,000",0,"-3,000"
00750B,凱基科技債10+,0,0,0,0.0,0.0,0.0,0,0,0,0,0,0,0,"100,000","100,000",0,0
00751B,元大AAA至A公司債,"97,050","168,000","-70,950",0.0,0.0,0.0,0,0,0,"-2,671,565",0,0,0,"26,000","2,697,565","-2,671,565","-2,742,515"
00754B,群益AAA-AA公司債,0,0,0,0.0,0.0,0.0,0,0,0,"-18,437",0,0,0,"100,584","119,021","-18,437","-18,437"
00755B,群益投資級公用債,0,0,0,0.0,0.0,0.0,0,0,0,"-21,000",0,0,0,"100,212","121,212","-21,000","-21,000"
00756B,群益投等新興公債,0,"6,000","-6,000",0.0,0.0,0.0,0,0,0,"-6,962",0,0,0,"133,046","140,008","-6,962","-12,962"
00758B,復華能源債,0,0,0,0.0,0.0,0.0,0,0,0,-11,0,0,0,"100,000","100,011",-11,-11
00759B,復華製藥債,0,0,0,0.0,0.0,0.0,0,0,0,-34,0,0,0,"100,000","100,034",-34,-34
00760B,復華新興企業債,"1,000","7,000","-6,000",0.0,0.0,0.0,0,0,0,-202,0,0,0,"100,601","100,803",-202,"-6,202"
00761B,國泰A級公司債,0,"14,000","-14,000",0.0,0.0,0.0,0,0,0,"-109,393",0,0,0,"212,000","321,393","-109,393","-123,393"
00764B,群益25年美債,0,"3,000","-3,000",0.0,0.0,0.0,0,0,0,"82,785",0,0,0,"5,801,248","5,718,463","82,785","79,785"
00768B,復華20年美債,0,"219,000","-219,000",0.0,0.0,0.0,0,0,0,"4,065",0,0,0,"292,999","288,934","4,065","-214,935"
00772B,中信高評級公司債,"35,000","1,278,000","-1,243,000",0.0,0.0,0.0,0,0,0,"-146,149",0,0,0,"336,000","482,149","-146,149","-1,389,149"
00773B,中信優先金融債,0,0,0,0.0,0.0,0.0,0,0,0,"-115,855",0,0,0,"753,000","868,855","-115,855","-115,855"
00777B,凱基AAA至A公司債,0,"1,000","-1,000",0.0,0.0,0.0,0,0,0,0,0,0,0,"100,000","100,000",0,"-1,000"
00778B,凱基金融債20+,0,0,0,0.0,0.0,0.0,0,0,0,"7,000",0,0,0,"107,000","100,000","7,000","7,000"
00779B,凱基美債25+,0,0,0,0.0,0.0,0.0,0,0,0,"12,000",0,0,0,"315,000","303,000","12,000","12,000"
00780B,國泰A級金融債,0,0,0,0.0,0.0,0.0,0,0,0,"-5,000",0,0,0,"100,000","105,000","-5,000","-5,000"
00781B,國泰A級科技債,0,0,0,0.0,0.0,0.0,0,0,0,"-74,712",0,0,0,"100,000","174,712","-74,712","-74,712"
00782B,國泰A級公用債,"5,000",0,"5,000",0.0,0.0,0.0,0,0,0,"-109,180",0,0,0,"151,000","260,180","-109,180","-104,180"
00785B,富邦金融投等債,0,"20,000","-20,000",0.0,0.0,0.0,0,0,0,"20,880",0,0,0,"71,000","50,120","20,880",880
00786B,元大10年IG銀行債,0,"28,000","-28,000",0.0,0.0,0.0,0,0,0,"26,845",0,0,0,"150,000","123,155","26,845","-1,155"
00787B,元大10年IG醫療債,0,"1,000","-1,000",0.0,0.0,0.0,0,0,0,"12,769",0,0,0,"137,000","124,231","12,769","11,769"
00788B,元大10年IG電能債,0,"6,000","-6,000",0.0,0.0,0.0,0,0,0,"1,865",0,0,0,"2,000",135,"1,865","-4,135"
00789B,復華公司債A3,0,"18,000","-18,000",0.0,0.0,0.0,0,0,0,"16,850",0,0,0,"117,000","100,150","16,850","-1,150"
00791B,復華信用債1-5,0,"10,000","-10,000",0.0,0.0,0.0,0,0,0,"-16,045",0,0,0,"102,799","118,844","-16,045","-26,045"
00792B,群益A級公司債,0,500,-500,0.0,0.0,0.0,0,0,0,"-16,200",0,0,0,"102,000","118,200","-16,200","-16,700"
00793B,群益AAA-A醫療債,0,"4,000","-4,000",0.0,0.0,0.0,0,0,0,"5,784",0,0,0,"7,000","1,216","5,784","1,784"
00795B,中信美國公債20年,"59,000","1,342,000","-1,283,000",0.0,0.0,0.0,0,0,0,"-696,853",0,0,0,"2,820,000","3,516,853","-696,853","-1,979,853"
00799B,國泰A級醫療債,0,"2,000","-2,000",0.0,0.0,0.0,0,0,0,"-66,170",0,0,0,"171,000","237,170","-66,170","-68,170"
00834B,第一金金融債10+,0,"4,000","-4,000",0.0,0.0,0.0,0,0,0,"3,000",0,0,0,"103,000","100,000","3,000","-1,000"
00836B,永豐10年A公司債,0,"47,000","-47,000",0.0,0.0,0.0,0,0,0,"40,000",0,0,0,"42,000","2,000","40,000","-7,000"
00840B,凱基IG精選15+,0,0,0,0.0,0.0,0.0,0,0,0,0,0,0,0,"100,000","100,000",0,0
00841B,凱基AAA-AA公司債,0,0,0,0.0,0.0,0.0,0,0,0,0,0,0,0,"100,000","100,000",0,0
00842B,台新美元銀行債,0,"2,000","-2,000",0.0,0.0,0.0,0,0,0,"-186,577",0,0,0,0,"186,577","-186,577","-188,577"
00844B,台新15年IG金融債,0,0,0,0.0,0.0,0.0,0,0,0,0,0,0,0,"80,000","80,000",0,0
00845B,富邦新興投等債,0,0,0,0.0,0.0,0.0,0,0,0,0,0,0,0,"101,000","101,000",0,0
00846B,富邦歐洲銀行債,0,0,0,0.0,0.0,0.0,0,0,0,"-4,989",0,0,0,"101,011","106,000","-4,989","-4,989"
00847B,中信美國市政債,0,"1,000","-1,000",0.0,0.0,0.0,0,0,0,903,0,0,0,"502,050","501,147",903,-97
00848B,中信新興亞洲債,0,0,0,0.0,0.0,0.0,0,0,0,-1,0,0,0,"500,000","500,001",-1,-1
00849B,中信EM主權債0-5,0,"9,000","-9,000",0.0,0.0,0.0,0,0,0,-374,0,0,0,"505,094","505,468",-374,"-9,374"
00853B,統一美債10年Aa-A,0,"70,000","-70,000",0.0,0.0,0.0,0,0,0,"28,686",0,0,0,"1,032,077","1,003,391","28,686","-41,314"
00856B,永豐1-3年美公債,0,0,0,0.0,0.0,0.0,0,0,0,"4,000",0,0,0,"4,000",0,"4,000","4,000"
00857B,永豐20年美公債,"1,000","422,000","-421,000",0.0,0.0,0.0,0,0,0,"74,091",0,0,0,"658,000","583,909","74,091","-346,909"
00858,永豐美國500大,"1,000","2,025","-1,025",0.0,0.0,0.0,0,0,0,"138,782",0,0,0,"142,000","3,218","138,782","137,757"
00859B,群益0-1年美債,"35,000","59,000","-24,000",0.0,0.0,0.0,0,0,0,"-77,481",0,0,0,"2,542,000","2,619,481","-77,481","-101,481"
00860B,群益1-5Y投資級債,0,0,0,0.0,0.0,0.0,0,0,0,"2,989",0,0,0,"113,015","110,026","2,989","2,989"
00862B,中信投資級公司債,"1,000","200,000","-199,000",0.0,0.0,0.0,0,0,0,"181,944",0,0,0,"682,110","500,166","181,944","-17,056"
00863B,中信全球電信債,0,0,0,0.0,0.0,0.0,0,0,0,"-1,108",0,0,0,"201,000","202,108","-1,108","-1,108"
00864B,中信美國公債0-1,"86,000","131,000","-45,000",0.0,0.0,0.0,0,0,0,"-155,000",0,0,0,"325,000","480,000","-155,000","-200,000"
00867B,台新A-BBB電信債,"20,000","45,000","-25,000",0.0,0.0,0.0,0,0,0,-343,0,0,0,"20,000","20,343",-343,"-25,343"
00870B,元大15年EM主權債,0,"1,000","-1,000",0.0,0.0,0.0,0,0,0,"1,000",0,0,0,"1,000",0,"1,000",0
00877,復華中國5G,"370,000","321,000","49,000",0.0,0.0,0.0,0,0,0,"790,648","12,000",0,"12,000","1,680,342","901,694","778,648","839,648"
00884B,中信低碳新興債,0,0,0,0.0,0.0,0.0,0,0,0,-439,0,0,0,"512,043","512,482",-439,-439
00886,永豐美國科技,0,0,0,0.0,0.0,0.0,0,0,0,383,0,0,0,"20,383","20,000",383,383
00887,永豐中國科技50大,"2,321,000","353,000","1,968,000",0.0,0.0,0.0,0,0,0,"416,193",0,0,0,"1,944,850","1,528,657","416,193","2,384,193"
00888,永豐台灣ESG,"594,032","797,000","-202,968",0.0,0.0,0.0,0,0,0,"522,313",0,"138,000","-138,000","1,503,814","843,501","660,313","319,345"
00890B,凱基ESG BBB債15+,0,"10,000","-10,000",0.0,0.0,0.0,0,0,0,"11,000",0,0,0,"111,000","100,000","11,000","1,000"
00928,中信上櫃ESG 30,"126,000","121,000","5,000",0.0,0.0,0.0,0,0,0,"-97,034",0,0,0,"765,305","862,339","-97,034","-92,034"
00931B,統一美債20年,0,"413,000","-413,000",0.0,0.0,0.0,0,0,0,"-324,335",0,0,0,"2,273,000","2,597,335","-324,335","-737,335"
00933B,國泰10Y+金融債,"20,050","615,000","-594,950",0.0,0.0,0.0,0,0,0,"-9,499,456",0,0,0,"106,000","9,605,456","-9,499,456","-10,094,406"
00937B,群益ESG投等債20+,"13,000","20,215,000","-20,202,000",0.0,0.0,0.0,0,0,0,"-38,470,888","110,000",0,"110,000","7,905,000","46,485,888","-38,580,888","-58,672,888"
00942B,台新美A公司債20+,"8,000","564,000","-556,000",0.0,0.0,0.0,0,0,0,"-8,655",0,0,0,"192,000","200,655","-8,655","-564,655"
00948B,中信優息投資級債,0,0,0,0.0,0.0,0.0,0,0,0,"-1,760,903",0,0,0,"424,000","2,184,903","-1,760,903","-1,760,903"
00950B,凱基A級公司債,"10,000",0,"10,000",0.0,0.0,0.0,0,0,0,"-2,392,307",0,0,0,"1,003,000","3,395,307","-2,392,307","-2,382,307"
00955,中信日本商社,"671,000","10,679","660,321",0.0,0.0,0.0,0,0,0,"1,282,815",0,"127,000","-127,000","1,412,202","2,387","1,409,815","1,943,136"
00957B,兆豐US優選投等債,0,"181,000","-181,000",0.0,0.0,0.0,0,0,0,"-97,499",0,0,0,0,"97,499","-97,499","-278,499"
00958B,永豐ESG銀行債15+,"5,000","587,000","-582,000",0.0,0.0,0.0,0,0,0,"151,379",0,0,0,"595,000","443,621","151,379","-430,621"
00959B,大華投等美債15Y+,100,"382,000","-381,900",0.0,0.0,0.0,0,0,0,"-168,039",0,0,0,"256,000","424,039","-168,039","-549,939"
00966B,統一ESG投等債15+,0,"131,000","-131,000",0.0,0.0,0.0,0,0,0,"238,939",0,0,0,"1,959,000","1,720,061","238,939","107,939"
00967B,元大優息美債,"12,000",0,"12,000",0.0,0.0,0.0,0,0,0,"-358,987",0,0,0,"452,000","810,987","-358,987","-346,987"
00968B,元大優息投等債,0,"1,057,000","-1,057,000",0.0,0.0,0.0,0,0,0,"-687,416",0,0,0,"1,004,000","1,691,416","-687,416","-1,744,416"
00969B,元大零息超長美債,0,"3,000","-3,000",0.0,0.0,0.0,0,0,0,"-165,941",0,0,0,0,"165,941","-165,941","-168,941"
00970B,台新BBB投等債20+,"7,000",0,"7,000",0.0,0.0,0.0,0,0,0,"-679,090",0,0,0,0,"679,090","-679,090","-672,090"
00980B,台新特選IG債10+,0,0,0,0.0,0.0,0.0,0,0,0,"-103,054",0,0,0,"104,000","207,054","-103,054","-103,054"
00980D,主動聯博投等入息,"8,000","100,000","-92,000",0.0,0.0,0.0,"64,000",0,"64,000","-447,782",0,0,0,0,"447,782","-447,782","-475,782"
00980T,平衡凱基美國TOP,0,"1,000","-1,000",0.0,0.0,0.0,0,0,0,"34,316",0,0,0,"336,317","302,001","34,316","33,316"
00981B,第一金優選非投債,"3,000","1,985,000","-1,982,000",0.0,0.0,0.0,0,0,0,"-1,479,953",0,0,0,"907,000","2,386,953","-1,479,953","-3,461,953"
00981D,主動中信非投等債,"20,000",0,"20,000",0.0,0.0,0.0,0,0,0,"-1,175,797",0,0,0,"290,000","1,465,797","-1,175,797","-1,155,797"
00982B,FT投資級債20+,0,0,0,0.0,0.0,0.0,0,0,0,"-52,465",0,0,0,0,"52,465","-52,465","-52,465"
00983B,大華優利美公債20,0,0,0,0.0,0.0,0.0,0,0,0,"-34,397",0,0,0,"659,000","693,397","-34,397","-34,397"
00984B,大華優利美A債15,"9,000","292,100","-283,100",0.0,0.0,0.0,0,0,0,"-525,406",0,0,0,"106,000","631,406","-525,406","-808,506"
00985D,主動貝萊德優投等,0,0,0,0.0,0.0,0.0,0,0,0,"-1,728,551",0,0,0,0,"1,728,551","-1,728,551","-1,728,551"
00986B,FT金融債10+,0,0,0,0.0,0.0,0.0,0,0,0,"-1,474",0,0,0,0,"1,474","-1,474","-1,474"
00986D,主動復華金融債息,0,0,0,0.0,0.0,0.0,0,0,0,"268,532",0,0,0,"1,513,999","1,245,467","268,532","268,532"
00987B,野村10+澳洲公債,0,"1,000","-1,000",0.0,0.0,0.0,0,0,0,"-6,487",0,0,0,"28,003","34,490","-6,487","-7,487"
00988B,玉山嚴選非投債,"1,000","261,000","-260,000",0.0,0.0,0.0,0,0,0,"-1,343,696",0,0,0,"9,000","1,352,696","-1,343,696","-1,603,696"
00989B,台新美國非投等債,0,"4,000","-4,000",0.0,0.0,0.0,0,0,0,"-2,852,161",0,0,0,"3,224,000","6,076,161","-2,852,161","-2,856,161"
00990B,國泰收益非投等債,0,0,0,0.0,0.0,0.0,0,0,0,"186,000",0,"278,000","-278,000","465,000","1,000","464,000","186,000"
00998A,主動復華金融股息,"21,016","59,000","-37,984",0.0,0.0,0.0,0,0,0,"520,746",0,0,0,"613,999","93,253","520,746","482,762"
1240,茂生農經,"8,000",0,"8,000",0.0,0.0,0.0,0,0,0,0,0,0,0,0,0,0,"8,000"
1259,安心,"2,000","3,000","-1,000",0.0,0.0,0.0,0,0,0,0,0,0,0,"2,000","2,000",0,"-1,000"
1264,德麥,"6,000","1,000","5,000",0.0,0.0,0.0,0,0,0,"-11,273",0,"11,000","-11,000","1,000","1,273",-273,"-6,273"
1268,漢來美食,0,"11,000","-11,000",0.0,0.0,0.0,0,0,0,278,278,0,278,0,0,0,"-10,722"
1294,漢田生技,"1,000","5,000","-4,000",0.0,0.0,0.0,0,0,0,0,0,0,0,0,0,0,"-4,000"
1295,生合,"5,000","12,000","-7,000",0.0,0.0,0.0,0,0,0,0,0,0,0,0,0,0,"-7,000"
1336,台翰,0,0,0,0.0,0.0,0.0,0,0,0,"53,999",0,0,0,"53,999",0,"53,999","53,999"
1565,精華,"31,174","1,000","30,174",0.0,0.0,0.0,0,0,0,4,"4,000","4,000",0,4,0,4,"30,178"
1569,濱川,"106,000","103,000","3,000",0.0,0.0,0.0,0,0,0,"-1,673",0,0,0,"1,000","2,673","-1,673","1,327"
1570,力肯,"7,000","10,001","-3,001",0.0,0.0,0.0,0,0,0,-1,0,0,0,0,1,-1,"-3,002"
1580,新麥,"71,331","15,000","56,331",0.0,0.0,0.0,0,0,0,0,0,0,0,"1,000","1,000",0,"56,331"
1584,精剛,"114,162","88,481","25,681",0.0,0.0,0.0,0,0,0,0,0,0,0,0,0,0,"25,681"
1586,和勤,"68,000","87,000","-19,000",0.0,0.0,0.0,0,0,0,0,0,0,0,0,0,0,"-19,000"
1591,駿吉-KY,"48,000","71,000","-23,000",0.0,0.0,0.0,0,0,0,1,1,0,1,0,0,0,"-22,999"
1593,祺驊,"8,000",0,"8,000",0.0,0.0,0.0,0,0,0,0,0,0,0,0,0,0,"8,000"
1595,川寶,"117,000","212,000","-95,000",0.0,0.0,0.0,0,0,0,873,0,0,0,"1,001",128,873,"-94,127"
1599,宏佳騰,"1,000","2,000","-1,000",0.0,0.0,0.0,0,0,0,-204,0,0,0,71,275,-204,"-1,204"
1742,台蠟,"1,000","1,000",0,0.0,0.0,0.0,0,0,0,0,0,0,0,0,0,0,0
1777,生泰,0,"5,000","-5,000",0.0,0.0,0.0,0,0,0,0,0,0,0,0,0,0,"-5,000"
1780,立弘,"19,000","18,000","1,000",0.0,0.0,0.0,0,0,0,0,0,0,0,0,0,0,"1,000"
1781,合世,"14,000",0,"14,000",0.0,0.0,0.0,0,0,0,0,0,0,0,0,0,0,"14,000"
1784,訊聯,"24,000","19,008","4,992",0.0,0.0,0.0,0,0,0,-518,0,0,0,0,518,-518,"4,474"
1785,光洋科,"423,280","2,000","421,280",0.0,0.0,0.0,"4,000",0,"4,000",-274,0,0,0,"3,361","3,635",-274,"425,006"
1788,杏昌,0,"1,311","-1,311",0.0,0.0,0.0,0,0,0,-205,0,0,0,0,205,-205,"-1,516"
1796,金穎生技,"1,000","3,000","-2,000",0.0,0.0,0.0,0,0,0,0,0,0,0,0,0,0,"-2,000"
1799,易威,"11,000","48,000","-37,000",0.0,0.0,0.0,0,0,0,0,0,0,0,0,0,0,"-37,000"
1813,寶利徠,"1,000",0,"1,000",0.0,0.0,0.0,0,0,0,599,0,0,0,"1,000",401,599,"1,599"
1815,富喬,"808,105","167,627","640,478",0.0,0.0,0.0,"3,000",0,"3,000","-85,673","24,000","17,000","7,000","1,000","93,673","-92,673","557,805"
2035,唐榮,0,"3,000","-3,000",0.0,0.0,0.0,0,0,0,0,0,0,0,0,0,0,"-3,000"
2061,風青,"875,888","865,596","10,292",0.0,0.0,0.0,0,0,0,786,0,0,0,"13,192","12,406",786,"11,078"
2063,世鎧,"4,000","6,000","-2,000",0.0,0.0,0.0,0,0,0,0,0,0,0,0,0,0,"-2,000"
2064,晉椿,"4,000",0,"4,000",0.0,0.0,0.0,0,0,0,0,0,0,0,0,0,0,"4,000"
2065,世豐,"97,000","57,001","39,999",0.0,0.0,0.0,0,0,0,"24,953","27,000","2,000","25,000","1,610","1,657",-47,"64,952"
2066,世德,"8,000","36,000","-28,000",0.0,0.0,0.0,0,0,0,271,0,0,0,"3,000","2,729",271,"-27,729"
2070,精湛,"67,000","86,000","-19,000",0.0,0.0,0.0,0,0,0,78,0,0,0,96,18,78,"-18,922"
2221,大甲,"31,300","148,914","-117,614",0.0,0.0,0.0,0,0,0,"-1,950",0,"2,000","-2,000","17,100","17,050",50,"-119,564"
2230,泰茂,"134,290","32,088","102,202",0.0,0.0,0.0,0,0,0,-108,0,0,0,500,608,-108,"102,094"
2596,綠意,0,"4,000","-4,000",0.0,0.0,0.0,0,0,0,0,0,0,0,0,0,0,"-4,000"
2640,大車隊,"7,000","9,000","-2,000",0.0,0.0,0.0,0,0,0,583,0,0,0,"6,150","5,567",583,"-1,417"
2641,正德,"173,000","78,002","94,998",0.0,0.0,0.0,0,0,0,0,0,0,0,0,0,0,"94,998"
2643,捷迅,"2,000","3,000","-1,000",0.0,0.0,0.0,0,0,0,0,0,0,0,0,0,0,"-1,000"
2719,燦星旅,0,"1,000","-1,000",0.0,0.0,0.0,0,0,0,-667,0,0,0,333,"1,000",-667,"-1,667"
2726,雅茗-KY,0,0,0,0.0,0.0,0.0,0,0,0,-20,0,0,0,0,20,-20,-20
2732,六角,"1,000","4,000","-3,000",0.0,0.0,0.0,0,0,0,-10,0,0,0,0,10,-10,"-3,010"
2734,易飛網,0,"2,000","-2,000",0.0,0.0,0.0,0,0,0,304,0,0,0,459,155,304,"-1,696"
2743,山富,"27,000","9,000","18,000",0.0,0.0,0.0,0,0,0,299,0,0,0,"1,301","1,002",299,"18,299"
2745,五福,"11,000","45,000","-34,000",0.0,0.0,0.0,0,0,0,-167,0,0,0,"1,000","1,167",-167,"-34,167"
2754,亞洲藏壽司,"8,000","4,000","4,000",0.0,0.0,0.0,0,0,0,-355,0,0,0,0,355,-355,"3,645"
2755,揚秦,"13,000","11,000","2,000",0.0,0.0,0.0,0,0,0,109,0,0,0,"1,000",891,109,"2,109"
2756,聯發國際,"2,000","2,000",0,0.0,0.0,0.0,0,0,0,-155,0,0,0,0,155,-155,-155
2916,滿心,"10,000",0,"10,000",0.0,0.0,0.0,0,0,0,0,0,0,0,0,0,0,"10,000"
2926,誠品生活,"4,000",0,"4,000",0.0,0.0,0.0,0,0,0,0,0,0,0,0,0,0,"4,000"
2937,集雅社,0,"1,000","-1,000",0.0,0.0,0.0,0,0,0,0,0,0,0,0,0,0,"-1,000"
3066,李洲,"196,000","168,000","28,000",0.0,0.0,0.0,0,0,0,"-11,574",0,"11,000","-11,000",0,574,-574,"16,426"
3071,協禧,"32,090","98,360","-66,270",0.0,0.0,0.0,0,0,0,-125,0,0,0,"2,000","2,125",-125,"-66,395"
3073,天方能源,"24,000","64,000","-40,000",0.0,0.0,0.0,0,0,0,-425,0,0,0,575,"1,000",-425,"-40,425"
3078,僑威,"105,000","235,000","-130,000",0.0,0.0,0.0,0,0,0,"22,995","24,000","1,000","23,000","1,000","1,005",-5,"-107,005"
3081,聯亞,"290,564","212,518","78,046",0.0,0.0,0.0,"16,134",0,"16,134","22,693","29,121","20,900","8,221","22,000","7,528","14,472","116,873"
3083,網龍,"6,000","64,000","-58,000",0.0,0.0,0.0,0,0,0,-227,0,0,0,0,227,-227,"-58,227"
3086,華義*,"36,000","27,000","9,000",0.0,0.0,0.0,0,0,0,-708,0,0,0,"1,000","1,708",-708,"8,292"
3088,艾訊,"405,199","859,258","-454,059",0.0,0.0,0.0,0,0,0,"-46,063",0,"24,767","-24,767","20,705","42,001","-21,296","-500,122"
3093,港建*,"132,000","154,000","-22,000",0.0,0.0,0.0,0,0,0,-471,0,0,0,0,471,-471,"-22,471"
3105,穩懋,"3,420,457","7,179,881","-3,759,424",0.0,0.0,0.0,"84,900",0,"84,900","-102,331","416,000","443,000","-27,000","210,149","285,480","-75,331","-3,776,855"
3114,好德,"63,000","117,042","-54,042",0.0,0.0,0.0,0,0,0,-955,0,0,0,"2,000","2,955",-955,"-54,997"
3115,富榮綱,0,1,-1,0.0,0.0,0.0,0,0,0,0,0,0,0,0,0,0,-1
3118,進階,0,0,0,0.0,0.0,0.0,0,0,0,-1,0,0,0,0,1,-1,-1
3122,笙泉,"1,000","4,001","-3,001",0.0,0.0,0.0,0,0,0,313,0,0,0,313,0,313,"-2,688"
3128,昇銳,"67,000","10,002","56,998",0.0,0.0,0.0,0,0,0,0,0,0,0,0,0,0,"56,998"
3131,弘塑,"331,945","195,435","136,510",0.0,0.0,0.0,123,"13,000","-12,877","-5,349",0,"3,703","-3,703","21,020","22,666","-1,646","118,284"
3141,晶宏,"324,411","264,000","60,411",0.0,0.0,0.0,0,0,0,"-28,218",0,"27,000","-27,000","2,506","3,724","-1,218","32,193"
3147,大綜,"56,000","158,000","-102,000",0.0,0.0,0.0,0,0,0,"-9,934","2,000",0,"2,000","3,000","14,934","-11,934","-111,934"
3152,璟德,"39,400","24,000","15,400",0.0,0.0,0.0,0,0,0,"-10,602",0,"10,000","-10,000",98,700,-602,"4,798"
3162,精確,"146,060","192,000","-45,940",0.0,0.0,0.0,0,0,0,-86,0,0,0,"1,000","1,086",-86,"-46,026"
3163,波若威,"1,228,216","1,550,099","-321,883",0.0,0.0,0.0,0,0,0,"-26,546",0,"28,000","-28,000","109,563","108,109","1,454","-348,429"
3169,亞信,"33,000","20,000","13,000",0.0,0.0,0.0,0,0,0,-22,0,0,0,10,32,-22,"12,978"
3171,炎洲流通,"3,000","1,000","2,000",0.0,0.0,0.0,0,0,0,0,0,0,0,0,0,0,"2,000"
3176,基亞,"77,873","97,000","-19,127",0.0,0.0,0.0,0,0,0,0,0,0,0,0,0,0,"-19,127"
3178,公準,"6,000","20,000","-14,000",0.0,0.0,0.0,0,0,0,-540,0,0,0,173,713,-540,"-14,540"
3188,鑫龍騰,"30,000","18,000","12,000",0.0,0.0,0.0,0,0,0,-84,0,0,0,0,84,-84,"11,916"
3191,雲嘉南,"5,000","2,000","3,000",0.0,0.0,0.0,0,0,0,0,0,0,0,0,0,0,"3,000"
3205,佰研,"11,000","7,000","4,000",0.0,0.0,0.0,0,0,0,0,0,0,0,0,0,0,"4,000"
3206,志豐,"40,000","3,000","37,000",0.0,0.0,0.0,0,0,0,3,0,0,0,3,0,3,"37,003"
3207,耀勝,"103,000","71,000","32,000",0.0,0.0,0.0,0,0,0,"-1,009",0,0,0,0,"1,009","-1,009","30,991"
3211,順達,"4,750,879","6,701,560","-1,950,681",0.0,0.0,0.0,"3,780,800","1,000","3,779,800","185,319","324,700","239,000","85,700","297,103","197,484","99,619","2,014,438"
3213,茂訊,"171,280","149,162","22,118",0.0,0.0,0.0,0,0,0,-443,0,0,0,"4,316","4,759",-443,"21,675"
3217,優群,"32,000","145,000","-113,000",0.0,0.0,0.0,0,0,0,580,0,0,0,"5,000","4,420",580,"-112,420"
3218,大學光,"109,547","37,000","72,547",0.0,0.0,0.0,0,"1,000","-1,000","1,345","4,000","3,000","1,000","1,725","1,380",345,"72,892"
3219,倚強科,"155,143","53,000","102,143",0.0,0.0,0.0,0,0,0,"4,121",0,0,0,"4,121",0,"4,121","106,264"
3221,台嘉碩,"759,540","636,030","123,510",0.0,0.0,0.0,0,0,0,"4,433",0,0,0,"14,451","10,018","4,433","127,943"
3224,三顧,"4,000","5,000","-1,000",0.0,0.0,0.0,0,0,0,0,0,0,0,0,0,0,"-1,000"
3226,龍鋒,"1,000",0,"1,000",0.0,0.0,0.0,0,0,0,"1,000","1,000",0,"1,000",0,0,0,"2,000"
3227,原相,"500,000","263,000","237,000",0.0,0.0,0.0,0,"301,000","-301,000","-8,895","3,000","3,000",0,"4,390","13,285","-8,895","-72,895"
3228,金麗科,"44,000","31,850","12,150",0.0,0.0,0.0,0,0,0,"-3,464",0,0,0,"3,267","6,731","-3,464","8,686"
3230,錦明,"233,000","230,000","3,000",0.0,0.0,0.0,0,0,0,-406,0,0,0,49,455,-406,"2,594"
3232,昱捷,"5,000",0,"5,000",0.0,0.0,0.0,0,0,0,-53,0,0,0,0,53,-53,"4,947"
3234,光環,"662,000","381,210","280,790",0.0,0.0,0.0,0,0,0,"-3,279","9,000",0,"9,000","146,018","158,297","-12,279","277,511"
3236,千如,"1,855,000","1,944,144","-89,144",0.0,0.0,0.0,0,0,0,"75,842","17,000",0,"17,000","73,947","15,105","58,842","-13,302"
3252,海灣,"8,000","8,000",0,0.0,0.0,0.0,0,0,0,0,0,0,0,0,0,0,0
3259,鑫創,0,"3,000","-3,000",0.0,0.0,0.0,0,0,0,-155,0,0,0,0,155,-155,"-3,155"
3260,威剛,"1,854,041","2,296,147","-442,106",0.0,0.0,0.0,700,"17,000","-16,300","29,242","63,000","3,374","59,626","51,540","81,924","-30,384","-429,164"
3264,欣銓,"3,974,000","4,352,192","-378,192",0.0,0.0,0.0,"1,000","17,000","-16,000","130,968","288,300","192,000","96,300","147,691","113,023","34,668","-263,224"
3265,台星科,"351,190","315,000","36,190",0.0,0.0,0.0,0,0,0,"-19,630",0,0,0,"1,280","20,910","-19,630","16,560"
3268,海德威,"5,000","13,001","-8,001",0.0,0.0,0.0,0,0,0,"2,010","2,000",0,"2,000",10,0,10,"-5,991"
3272,東碩,"2,000","2,000",0,0.0,0.0,0.0,0,0,0,-50,0,0,0,0,50,-50,-50
3276,宇環,"43,000","163,001","-120,001",0.0,0.0,0.0,0,0,0,-342,0,0,0,1,343,-342,"-120,343"
3284,太普高,"19,000","21,000","-2,000",0.0,0.0,0.0,0,0,0,0,0,0,0,0,0,0,"-2,000"
3285,微端,"6,000","16,000","-10,000",0.0,0.0,0.0,0,0,0,154,0,0,0,154,0,154,"-9,846"
3287,廣寰科,"32,000","45,000","-13,000",0.0,0.0,0.0,0,0,0,0,0,0,0,0,0,0,"-13,000"
3288,點晶,0,"2,000","-2,000",0.0,0.0,0.0,0,0,0,-10,0,0,0,0,10,-10,"-2,010"
3289,宜特,"89,836","157,000","-67,164",0.0,0.0,0.0,0,0,0,"-16,197",0,0,0,"13,967","30,164","-16,197","-83,361"
3290,東浦,"243,000","215,001","27,999",0.0,0.0,0.0,0,0,0,"-2,046","1,000",0,"1,000",13,"3,059","-3,046","25,953"
3293,鈊象,"1,193,999","196,307","997,692",0.0,0.0,0.0,"20,000","14,000","6,000","35,171","32,573","15,000","17,573","169,602","152,004","17,598","1,038,863"
3294,英濟,"186,386","101,000","85,386",0.0,0.0,0.0,0,0,0,-39,0,0,0,2,41,-39,"85,347"
3297,杭特,"21,000","8,000","13,000",0.0,0.0,0.0,0,0,0,0,0,0,0,0,0,0,"13,000"
3303,岱稜,"94,090","436,000","-341,910",0.0,0.0,0.0,0,0,0,774,"4,000",0,"4,000","11,022","14,248","-3,226","-341,136"
3306,鼎天,"54,000","15,000","39,000",0.0,0.0,0.0,0,0,0,200,0,0,0,200,0,200,"39,200"
3310,佳穎,"34,000","2,000","32,000",0.0,0.0,0.0,0,0,0,158,0,0,0,158,0,158,"32,158"
3313,斐成,"4,000","6,000","-2,000",0.0,0.0,0.0,0,0,0,-506,0,0,0,0,506,-506,"-2,506"
3317,尼克森,"212,805","195,848","16,957",0.0,0.0,0.0,0,0,0,450,0,0,0,"3,002","2,552",450,"17,407"
3322,建舜電,"42,201","72,001","-29,800",0.0,0.0,0.0,0,0,0,-9,0,0,0,11,20,-9,"-29,809"
3323,加百裕,"355,044","246,001","109,043",0.0,0.0,0.0,0,0,0,"4,000",0,0,0,"4,000",0,"4,000","113,043"
3324,雙鴻,"1,108,395","692,891","415,504",0.0,0.0,0.0,336,0,336,"88,092","23,278","13,000","10,278","134,259","56,445","77,814","503,932"
3325,旭品,0,"26,003","-26,003",0.0,0.0,0.0,0,0,0,-64,0,0,0,"1,000","1,064",-64,"-26,067"
3339,泰谷,"90,088","190,000","-99,912",0.0,0.0,0.0,0,0,0,294,0,0,0,"4,000","3,706",294,"-99,618"
3349,寶德,"24,000","31,000","-7,000",0.0,0.0,0.0,0,0,0,0,0,0,0,0,0,0,"-7,000"
3354,律勝,"36,000","32,000","4,000",0.0,0.0,0.0,0,0,0,-150,0,0,0,0,150,-150,"3,850"
3357,臺慶科,"687,800","1,685,000","-997,200",0.0,0.0,0.0,0,0,0,"22,484","8,000","2,000","6,000","63,888","47,404","16,484","-974,716"
3360,尚立,"195,000","216,000","-21,000",0.0,0.0,0.0,0,0,0,0,0,0,0,0,0,0,"-21,000"
3362,先進光,"52,000","30,030","21,970",0.0,0.0,0.0,0,0,0,"-4,000","2,000","4,000","-2,000",0,"2,000","-2,000","17,970"
3363,上詮,"934,407","1,612,855","-678,448",0.0,0.0,0.0,0,0,0,"-44,269","8,000","14,000","-6,000","103,383","141,652","-38,269","-722,717"
3372,典範,"86,000","142,000","-56,000",0.0,0.0,0.0,0,0,0,"-30,118",0,"30,000","-30,000",0,118,-118,"-86,118"
3373,熱映,"14,000","9,000","5,000",0.0,0.0,0.0,0,0,0,0,0,0,0,0,0,0,"5,000"
3374,精材,"5,671,548","6,986,099","-1,314,551",0.0,0.0,0.0,686,"4,000","-3,314","301,429","569,000","170,000","399,000","160,226","257,797","-97,571","-1,016,436"
3379,彬台,"72,000","154,000","-82,000",0.0,0.0,0.0,0,0,0,471,0,0,0,"1,004",533,471,"-81,529"
3388,崇越電,"148,000","74,000","74,000",0.0,0.0,0.0,0,0,0,"-8,897",0,"8,000","-8,000","2,000","2,897",-897,"65,103"
3390,旭軟,"29,001","104,096","-75,095",0.0,0.0,0.0,0,0,0,3,0,0,0,3,0,3,"-75,092"
3402,漢科,"176,400","243,015","-66,615",0.0,0.0,0.0,0,0,0,"-2,590",0,0,0,"10,000","12,590","-2,590","-69,205"
3430,奇鈦科,"117,434","265,094","-147,660",0.0,0.0,0.0,0,0,0,488,0,0,0,"3,001","2,513",488,"-147,172"
3434,哲固,"50,000","82,000","-32,000",0.0,0.0,0.0,0,0,0,-98,0,0,0,0,98,-98,"-32,098"
3438,類比科,"7,090","20,000","-12,910",0.0,0.0,0.0,0,0,0,-2,0,0,0,0,2,-2,"-12,912"
3441,聯一光,"808,000","1,016,000","-208,000",0.0,0.0,0.0,0,0,0,-17,0,0,0,"7,000","7,017",-17,"-208,017"
3444,利機,"120,000","172,055","-52,055",0.0,0.0,0.0,0,0,0,817,0,0,0,"2,405","1,588",817,"-51,238"
3455,由田,"240,696","285,000","-44,304",0.0,0.0,0.0,0,0,0,"-6,705",0,0,0,778,"7,483","-6,705","-51,009"
3465,進泰電子,"4,000","5,000","-1,000",0.0,0.0,0.0,0,0,0,0,0,0,0,0,0,0,"-1,000"
3466,德晉,"36,000","42,001","-6,001",0.0,0.0,0.0,0,0,0,108,0,0,0,"2,548","2,440",108,"-5,893"
3467,台灣精材,"22,000","18,000","4,000",0.0,0.0,0.0,0,0,0,169,0,0,0,179,10,169,"4,169"
3479,安勤,"208,281","600,000","-391,719",0.0,0.0,0.0,0,0,0,"-8,686",0,0,0,"4,000","12,686","-8,686","-400,405"
3483,力致,"93,170","57,300","35,870",0.0,0.0,0.0,0,0,0,916,137,0,137,"4,000","3,221",779,"36,786"
3484,崧騰,"31,000","27,000","4,000",0.0,0.0,0.0,0,0,0,"8,405","9,000",0,"9,000","3,000","3,595",-595,"12,405"
3485,敘豐,"49,400","26,000","23,400",0.0,0.0,0.0,0,0,0,0,0,0,0,0,0,0,"23,400"
3489,森寶,"3,000","6,000","-3,000",0.0,0.0,0.0,0,0,0,0,0,0,0,0,0,0,"-3,000"
3490,單井,"433,000","452,000","-19,000",0.0,0.0,0.0,0,0,0,"6,000","6,000",0,"6,000",0,0,0,"-13,000"
3491,昇達科,"570,712","458,142","112,570",0.0,0.0,0.0,275,"1,000",-725,"8,666","10,019","1,619","8,400","12,845","12,579",266,"120,511"
3492,長盛,0,"1,000","-1,000",0.0,0.0,0.0,0,0,0,0,0,0,0,"5,000","5,000",0,"-1,000"
3498,陽程,"694,465","873,068","-178,603",0.0,0.0,0.0,0,0,0,"-15,193",0,0,0,"21,808","37,001","-15,193","-193,796"
3499,環天科,0,0,0,0.0,0.0,0.0,0,0,0,-64,0,0,0,0,64,-64,-64
3508,位速,"7,000","2,002","4,998",0.0,0.0,0.0,0,0,0,0,0,0,0,0,0,0,"4,998"
3511,矽瑪,"160,000","161,500","-1,500",0.0,0.0,0.0,0,0,0,286,0,0,0,"1,000",714,286,"-1,214"
3512,皇龍,"1,000","3,000","-2,000",0.0,0.0,0.0,0,0,0,0,0,0,0,0,0,0,"-2,000"
3516,亞帝歐,0,0,0,0.0,0.0,0.0,0,0,0,"-1,000",0,"1,000","-1,000",0,0,0,"-1,000"
3520,華盈,"81,802","227,001","-145,199",0.0,0.0,0.0,0,0,0,0,0,0,0,0,0,0,"-145,199"
3521,台鋼建設,0,"3,000","-3,000",0.0,0.0,0.0,0,0,0,0,0,0,0,0,0,0,"-3,000"
3522,御嵿,"12,000","6,000","6,000",0.0,0.0,0.0,0,0,0,972,0,0,0,"2,000","1,028",972,"6,972"
3526,凡甲,"101,470","223,000","-121,530",0.0,0.0,0.0,0,"1,000","-1,000","-4,342",0,"1,000","-1,000","5,000","8,342","-3,342","-126,872"
3527,聚積,"13,000","4,000","9,000",0.0,0.0,0.0,0,0,0,-244,0,0,0,0,244,-244,"8,756"
3529,力旺,"365,012","540,314","-175,302",0.0,0.0,0.0,"31,150",300,"30,850","-40,802","2,000","29,200","-27,200","20,864","34,466","-13,602","-185,254"
3531,先益,0,0,0,0.0,0.0,0.0,0,0,0,"-7,000",0,0,0,"3,000","10,000","-7,000","-7,000"
3537,堡達,"493,073","447,000","46,073",0.0,0.0,0.0,0,0,0,"17,806","15,000",0,"15,000","12,074","9,268","2,806","63,879"
3540,曜越,"40,000","86,001","-46,001",0.0,0.0,0.0,0,0,0,905,0,0,0,"2,000","1,095",905,"-45,096"
3541,西柏,"1,000","1,000",0,0.0,0.0,0.0,0,0,0,-767,0,0,0,233,"1,000",-767,-767
3546,宇峻,"13,750","138,850","-125,100",0.0,0.0,0.0,0,0,0,"3,629",0,0,0,"6,000","2,371","3,629","-121,471"
3548,兆利,"43,000","25,000","18,000",0.0,0.0,0.0,0,0,0,-51,0,0,0,4,55,-51,"17,949"
3551,世禾,"39,080","67,000","-27,920",0.0,0.0,0.0,0,0,0,-562,0,0,0,0,562,-562,"-28,482"
3552,同致,"17,000","10,000","7,000",0.0,0.0,0.0,0,0,0,0,0,0,0,0,0,0,"7,000"
3555,博士旺,"8,000","8,000",0,0.0,0.0,0.0,0,0,0,"-1,311",0,"1,000","-1,000",92,403,-311,"-1,311"
3556,禾瑞亞,"89,000","73,088","15,912",0.0,0.0,0.0,0,0,0,"2,000","3,000",0,"3,000",0,"1,000","-1,000","17,912"
3558,神準,"42,060","29,000","13,060",0.0,0.0,0.0,0,0,0,"2,917",0,0,0,"5,114","2,197","2,917","15,977"
3564,其陽,"50,000","47,000","3,000",0.0,0.0,0.0,0,0,0,-125,0,0,0,9,134,-125,"2,875"
3567,逸昌,0,"2,000","-2,000",0.0,0.0,0.0,0,0,0,32,0,0,0,32,0,32,"-1,968"
3570,大塚,"4,000","26,000","-22,000",0.0,0.0,0.0,0,0,0,649,0,0,0,"1,000",351,649,"-21,351"
3577,泓格,"206,650","233,000","-26,350",0.0,0.0,0.0,0,0,0,"-3,349",0,50,-50,"7,409","10,708","-3,299","-29,699"
3580,友威科,"140,077","174,078","-34,001",0.0,0.0,0.0,0,0,0,860,0,0,0,"4,000","3,140",860,"-33,141"
3581,博磊,"110,182","83,093","27,089",0.0,0.0,0.0,0,0,0,"1,815",0,0,0,"2,344",529,"1,815","28,904"
3587,閎康,"193,001","136,469","56,532",0.0,0.0,0.0,0,0,0,"-8,521",0,"1,000","-1,000","7,180","14,701","-7,521","48,011"
3594,磐儀,"819,000","879,100","-60,100",0.0,0.0,0.0,0,0,0,"-2,724",0,0,0,"14,813","17,537","-2,724","-62,824"
3597,映興,0,"1,000","-1,000",0.0,0.0,0.0,0,0,0,0,0,0,0,0,0,0,"-1,000"
3609,三一東林,"66,000","73,000","-7,000",0.0,0.0,0.0,0,0,0,222,0,0,0,"2,000","1,778",222,"-6,778"
3611,鼎翰,"8,507","42,000","-33,493",0.0,0.0,0.0,0,0,0,-33,0,0,0,0,33,-33,"-33,526"
3615,安可,"249,016","130,000","119,016",0.0,0.0,0.0,0,0,0,330,0,0,0,"1,000",670,330,"119,346"
3623,富晶通,"2,000","4,000","-2,000",0.0,0.0,0.0,0,0,0,-568,0,0,0,432,"1,000",-568,"-2,568"
3624,光頡,"1,342,120","5,174,050","-3,831,930",0.0,0.0,0.0,0,0,0,"159,751","68,463","3,000","65,463","172,826","78,538","94,288","-3,672,179"
3625,西勝,"130,812","73,654","57,158",0.0,0.0,0.0,0,0,0,-421,0,0,0,0,421,-421,"56,737"
3628,盈正,"12,000","4,000","8,000",0.0,0.0,0.0,0,0,0,0,0,0,0,0,0,0,"8,000"
3630,新鉅科,"41,000","116,000","-75,000",0.0,0.0,0.0,0,0,0,"-1,000",0,0,0,0,"1,000","-1,000","-76,000"
3631,晟楠,"34,000","3,000","31,000",0.0,0.0,0.0,0,0,0,11,0,0,0,11,0,11,"31,011"
3646,艾恩特,0,1,-1,0.0,0.0,0.0,0,0,0,0,0,0,0,0,0,0,-1
3663,鑫科,"106,040","99,000","7,040",0.0,0.0,0.0,0,0,0,"-2,990",0,0,0,11,"3,001","-2,990","4,050"
3666,光耀,"2,000","2,001",-1,0.0,0.0,0.0,0,0,0,0,0,0,0,0,0,0,-1
3672,康聯訊,0,0,0,0.0,0.0,0.0,0,0,0,"2,058","2,000",0,"2,000",58,0,58,"2,058"
3675,德微,"206,736","241,000","-34,264",0.0,0.0,0.0,0,0,0,"-3,812",0,"1,000","-1,000","12,247","15,059","-2,812","-38,076"
3680,家登,"374,539","478,100","-103,561",0.0,0.0,0.0,0,0,0,"-41,498","4,249","43,600","-39,351","10,609","12,756","-2,147","-145,059"
3684,榮昌,"1,000",0,"1,000",0.0,0.0,0.0,0,0,0,390,0,0,0,445,55,390,"1,390"
3685,元創精密,"21,000","86,000","-65,000",0.0,0.0,0.0,0,0,0,-177,0,228,-228,"2,000","1,949",51,"-65,177"
3687,歐買尬,"6,000","3,000","3,000",0.0,0.0,0.0,0,0,0,0,0,0,0,0,0,0,"3,000"
3689,湧德,"171,238","281,000","-109,762",0.0,0.0,0.0,0,0,0,"-3,164",0,0,0,"2,000","5,164","-3,164","-112,926"
3691,碩禾,"174,500","223,000","-48,500",0.0,0.0,0.0,0,0,0,"4,319","6,000","6,000",0,"5,839","1,520","4,319","-44,181"
3693,營邦,"202,000","213,000","-11,000",0.0,0.0,0.0,0,0,0,"-19,564",0,0,0,"16,422","35,986","-19,564","-30,564"
3707,漢磊,"961,771","945,000","16,771",0.0,0.0,0.0,0,0,0,"-3,526",0,0,0,"7,862","11,388","-3,526","13,245"
3709,鑫聯大投控,"139,000","1,519,560","-1,380,560",0.0,0.0,0.0,0,0,0,"-53,891",0,0,0,"8,093","61,984","-53,891","-1,434,451"
3710,連展投控,"48,000","4,000","44,000",0.0,0.0,0.0,0,0,0,0,0,0,0,0,0,0,"44,000"
3713,新晶投控,0,0,0,0.0,0.0,0.0,0,0,0,-35,0,0,0,0,35,-35,-35
4102,永日,"11,000","1,000","10,000",0.0,0.0,0.0,0,0,0,5,0,0,0,5,0,5,"10,005"
4105,東洋,"149,232","110,000","39,232",0.0,0.0,0.0,0,0,0,0,0,0,0,"9,000","9,000",0,"39,232"
4107,邦特,"6,000","26,000","-20,000",0.0,0.0,0.0,0,0,0,816,0,0,0,"1,000",184,816,"-19,184"
4109,加捷生醫,"6,000",0,"6,000",0.0,0.0,0.0,0,0,0,0,0,0,0,0,0,0,"6,000"
4111,濟生,"27,000","3,000","24,000",0.0,0.0,0.0,0,0,0,-1,0,0,0,0,1,-1,"23,999"
4113,聯上,"14,000","151,000","-137,000",0.0,0.0,0.0,0,0,0,-465,0,0,0,0,465,-465,"-137,465"
4114,健喬,"1,051,062","177,000","874,062",0.0,0.0,0.0,0,0,0,"-2,508",0,0,0,"1,084","3,592","-2,508","871,554"
4116,明基醫,238,0,238,0.0,0.0,0.0,0,0,0,-136,0,0,0,0,136,-136,102
4120,友華,"8,000","1,000","7,000",0.0,0.0,0.0,0,0,0,0,0,0,0,0,0,0,"7,000"
4121,優盛,"1,000",0,"1,000",0.0,0.0,0.0,0,0,0,199,0,0,0,199,0,199,"1,199"
4123,晟德,"247,033","698,000","-450,967",0.0,0.0,0.0,0,0,0,"82,048","242,000","58,743","183,257","1,000","102,209","-101,209","-368,919"
4126,太醫,"13,000","8,000","5,000",0.0,0.0,0.0,0,0,0,245,0,0,0,"1,000",755,245,"5,245"
4127,天良,"140,000","100,000","40,000",0.0,0.0,0.0,0,0,0,33,0,0,0,152,119,33,"40,033"
4128,中天,"560,382","357,000","203,382",0.0,0.0,0.0,0,0,0,"5,552","14,000","8,000","6,000",957,"1,405",-448,"208,934"
4129,聯合,"4,000","10,000","-6,000",0.0,0.0,0.0,0,0,0,-16,0,0,0,0,16,-16,"-6,016"
4131,浩泰,"6,000",0,"6,000",0.0,0.0,0.0,0,0,0,0,0,0,0,0,0,0,"6,000"
4138,曜亞,"1,000","3,000","-2,000",0.0,0.0,0.0,0,0,0,0,0,0,0,0,0,0,"-2,000"
4147,中裕,"1,126,681","267,001","859,680",0.0,0.0,0.0,0,0,0,450,"2,653","2,904",-251,"1,050",349,701,"860,130"
4153,鈺緯,0,"4,000","-4,000",0.0,0.0,0.0,0,0,0,16,0,0,0,16,0,16,"-3,984"
4154,樂威科-KY,0,"1,000","-1,000",0.0,0.0,0.0,0,0,0,0,0,0,0,0,0,0,"-1,000"
4157,太景*-KY,"704,470","241,000","463,470",0.0,0.0,0.0,0,0,0,-461,0,0,0,0,461,-461,"463,009"
4160,訊聯基因,0,"1,000","-1,000",0.0,0.0,0.0,0,0,0,710,0,0,0,"1,000",290,710,-290
4161,聿新科,"5,000","1,000","4,000",0.0,0.0,0.0,0,0,0,0,0,0,0,0,0,0,"4,000"
4162,智擎,"133,465","187,000","-53,535",0.0,0.0,0.0,0,0,0,"-4,453",332,"2,000","-1,668",0,"2,785","-2,785","-57,988"
4163,鐿鈦,"40,050","59,000","-18,950",0.0,0.0,0.0,0,0,0,"13,294","14,000",0,"14,000","4,000","4,706",-706,"-5,656"
4166,友霖,"15,000","73,000","-58,000",0.0,0.0,0.0,0,0,0,0,0,0,0,0,0,0,"-58,000"
4167,松瑞藥,"49,113","274,000","-224,887",0.0,0.0,0.0,0,0,0,-392,"2,000",0,"2,000","15,000","17,392","-2,392","-225,279"
4168,醣聯,"3,000","4,000","-1,000",0.0,0.0,0.0,0,0,0,-333,0,0,0,0,333,-333,"-1,333"
4171,瑞基,"5,000","6,001","-1,001",0.0,0.0,0.0,0,0,0,420,0,0,0,420,0,420,-581
4173,久裕,"10,000","4,000","6,000",0.0,0.0,0.0,0,0,0,-519,0,0,0,0,519,-519,"5,481"
4174,浩鼎,"325,570","187,002","138,568",0.0,0.0,0.0,0,0,0,0,0,0,0,0,0,0,"138,568"
4175,杏一,0,"1,000","-1,000",0.0,0.0,0.0,0,0,0,0,0,0,0,0,0,0,"-1,000"
4205,中華食,0,"1,000","-1,000",0.0,0.0,0.0,0,0,0,0,0,0,0,0,0,0,"-1,000"
4207,環泰,"224,000","111,000","113,000",0.0,0.0,0.0,0,0,0,568,0,0,0,"2,568","2,000",568,"113,568"
4303,信立,"32,606","118,000","-85,394",0.0,0.0,0.0,0,0,0,694,0,0,0,"3,000","2,306",694,"-84,700"
4304,勝昱,0,"2,000","-2,000",0.0,0.0,0.0,0,0,0,0,0,0,0,0,0,0,"-2,000"
4305,世坤,0,"4,000","-4,000",0.0,0.0,0.0,0,0,0,0,0,0,0,0,0,0,"-4,000"
4401,東隆興,"3,000","7,000","-4,000",0.0,0.0,0.0,0,0,0,-18,0,0,0,0,18,-18,"-4,018"
4402,郡都開發,0,0,0,0.0,0.0,0.0,0,0,0,-2,0,0,0,0,2,-2,-2
4406,新昕纖,0,"1,000","-1,000",0.0,0.0,0.0,0,0,0,0,0,0,0,0,0,0,"-1,000"
4413,飛寶企業,"1,000","1,000",0,0.0,0.0,0.0,0,0,0,320,0,0,0,320,0,320,320
4416,三圓,"6,000","37,000","-31,000",0.0,0.0,0.0,0,0,0,0,0,0,0,0,0,0,"-31,000"
4417,金洲,"190,000","12,000","178,000",0.0,0.0,0.0,0,0,0,62,0,0,0,62,0,62,"178,062"
4419,皇家美食,"3,000",0,"3,000",0.0,0.0,0.0,0,0,0,0,0,0,0,0,0,0,"3,000"
4420,光明,0,"2,000","-2,000",0.0,0.0,0.0,0,0,0,800,0,0,0,"1,000",200,800,"-1,200"
4432,銘旺實,0,"2,000","-2,000",0.0,0.0,0.0,0,0,0,0,0,0,0,0,0,0,"-2,000"
4433,興采,"12,000",0,"12,000",0.0,0.0,0.0,0,0,0,-939,0,0,0,61,"1,000",-939,"11,061"
4442,竣邦-KY,"52,051","57,000","-4,949",0.0,0.0,0.0,0,0,0,"6,022","6,000",0,"6,000",22,0,22,"1,073"
4503,金雨,"1,100",0,"1,100",0.0,0.0,0.0,0,0,0,0,0,0,0,0,0,0,"1,100"
4506,崇友,"9,000","10,080","-1,080",0.0,0.0,0.0,0,0,0,0,0,0,0,0,0,0,"-1,080"
4510,高鋒,"190,000","153,001","36,999",0.0,0.0,0.0,0,0,0,"-1,196",0,0,0,"1,010","2,206","-1,196","35,803"
4513,福裕,"161,430","263,001","-101,571",0.0,0.0,0.0,0,0,0,444,0,0,0,"2,000","1,556",444,"-101,127"
4523,永彰,"28,000","10,000","18,000",0.0,0.0,0.0,0,0,0,-894,0,0,0,106,"1,000",-894,"17,106"
4527,方土霖,"1,000","1,000",0,0.0,0.0,0.0,0,0,0,"3,000",0,0,0,"3,000",0,"3,000","3,000"
4528,江興鍛,0,"1,000","-1,000",0.0,0.0,0.0,0,0,0,-324,0,0,0,"1,293","1,617",-324,"-1,324"
4533,協易機,"343,000","1,382,001","-1,039,001",0.0,0.0,0.0,0,0,0,"-1,472",0,0,0,"3,384","4,856","-1,472","-1,040,473"
4534,慶騰,"291,000","387,328","-96,328",0.0,0.0,0.0,0,0,0,189,0,0,0,"11,000","10,811",189,"-96,139"
4535,至興,"1,000","4,000","-3,000",0.0,0.0,0.0,0,0,0,0,0,0,0,0,0,0,"-3,000"
4538,大詠城,"3,000",0,"3,000",0.0,0.0,0.0,0,0,0,0,0,0,0,0,0,0,"3,000"
4541,晟田,"1,051,296","2,025,947","-974,651",0.0,0.0,0.0,0,0,0,"44,140",0,0,0,"92,002","47,862","44,140","-930,511"
4542,科嶠,"465,190","240,510","224,680",0.0,0.0,0.0,0,0,0,435,0,0,0,"22,000","21,565",435,"225,115"
4543,萬在,"29,000","22,000","7,000",0.0,0.0,0.0,0,0,0,-600,0,0,0,400,"1,000",-600,"6,400"
4549,桓達,"28,000","11,000","17,000",0.0,0.0,0.0,0,0,0,49,0,0,0,89,40,49,"17,049"
4550,長佳,"1,000",0,"1,000",0.0,0.0,0.0,0,0,0,-50,0,0,0,0,50,-50,950
4554,橙的,"11,000","2,000","9,000",0.0,0.0,0.0,0,0,0,390,0,0,0,390,0,390,"9,390"
4556,旭然,"20,000","34,000","-14,000",0.0,0.0,0.0,0,0,0,"2,383",0,0,0,"2,383",0,"2,383","-11,617"
4558,寶緯,"4,000","10,000","-6,000",0.0,0.0,0.0,0,0,0,0,0,0,0,0,0,0,"-6,000"
4561,健椿,"50,000","113,000","-63,000",0.0,0.0,0.0,0,0,0,"5,600","6,000",0,"6,000",5,405,-400,"-57,400"
4563,百德,"57,000","33,000","24,000",0.0,0.0,0.0,0,0,0,745,0,0,0,"2,000","1,255",745,"24,745"
4568,科際精密,"4,000",0,"4,000",0.0,0.0,0.0,0,0,0,0,0,0,0,0,0,0,"4,000"
4577,達航科技,"109,549","98,000","11,549",0.0,0.0,0.0,0,0,0,104,0,0,0,"5,005","4,901",104,"11,653"
4580,捷流閥業,"4,000","101,000","-97,000",0.0,0.0,0.0,0,0,0,-674,0,0,0,0,674,-674,"-97,674"
4702,中美實,"2,000","13,000","-11,000",0.0,0.0,0.0,0,0,0,-841,0,0,0,0,841,-841,"-11,841"
4706,大恭,0,"2,000","-2,000",0.0,0.0,0.0,0,0,0,0,0,0,0,0,0,0,"-2,000"
4707,磐亞,"2,153,732","1,599,000","554,732",0.0,0.0,0.0,0,0,0,"-22,341",0,0,0,"6,642","28,983","-22,341","532,391"
4711,永純,"60,000","28,000","32,000",0.0,0.0,0.0,0,0,0,"-8,731",0,"8,000","-8,000",0,731,-731,"23,269"
4714,永捷,"112,000","189,000","-77,000",0.0,0.0,0.0,0,0,0,"-29,626",0,"30,000","-30,000","3,000","2,626",374,"-106,626"
4716,大立,"1,094,540","1,004,000","90,540",0.0,0.0,0.0,0,0,0,-631,0,0,0,"13,102","13,733",-631,"89,909"
4721,美琪瑪,"166,000","111,003","54,997",0.0,0.0,0.0,0,0,0,"-6,002",0,0,0,"3,000","9,002","-6,002","48,995"
4726,永昕,"2,000","2,000",0,0.0,0.0,0.0,0,0,0,-682,0,0,0,0,682,-682,-682
4728,雙美,"4,000",0,"4,000",0.0,0.0,0.0,0,0,0,0,0,0,0,0,0,0,"4,000"
4729,熒茂,"21,000","14,000","7,000",0.0,0.0,0.0,0,0,0,0,0,0,0,0,0,0,"7,000"
4735,豪展,"28,000","5,001","22,999",0.0,0.0,0.0,0,0,0,662,0,0,0,"1,022",360,662,"23,661"
4741,泓瀚,"74,000","39,000","35,000",0.0,0.0,0.0,0,0,0,-536,0,0,0,0,536,-536,"34,464"
4743,合一,"1,107,992","287,000","820,992",0.0,0.0,0.0,0,0,0,"6,539","8,000","2,000","6,000","1,000",461,539,"827,531"
4744,皇將,"2,000","7,001","-5,001",0.0,0.0,0.0,0,0,0,0,0,0,0,0,0,0,"-5,001"
4745,合富-KY,"5,000","1,000","4,000",0.0,0.0,0.0,0,0,0,685,0,0,0,"1,000",315,685,"4,685"
4747,強生,"20,000","8,000","12,000",0.0,0.0,0.0,0,0,0,"3,635","3,000",0,"3,000","1,000",365,635,"15,635"
4749,新應材,"116,130","138,582","-22,452",0.0,0.0,0.0,"70,175",0,"70,175","8,458","6,000","8,000","-2,000","22,391","11,933","10,458","56,181"
4754,國碳科,"3,000","3,000",0,0.0,0.0,0.0,0,0,0,0,0,0,0,0,0,0,0
4760,勤凱,"146,132","132,000","14,132",0.0,0.0,0.0,0,0,0,"2,219","5,000","8,000","-3,000","6,150",931,"5,219","16,351"
4767,誠泰科技,0,"1,000","-1,000",0.0,0.0,0.0,0,0,0,0,0,0,0,0,0,0,"-1,000"
4768,晶呈科技,"94,000","80,050","13,950",0.0,0.0,0.0,0,0,0,"-1,073",0,0,0,"2,596","3,669","-1,073","12,877"
4772,台特化,"243,000","643,000","-400,000",0.0,0.0,0.0,0,0,0,"-24,669",0,"5,000","-5,000","44,000","63,669","-19,669","-424,669"
4903,聯光通,"235,000","1,288,000","-1,053,000",0.0,0.0,0.0,0,0,0,0,0,0,0,0,0,0,"-1,053,000"
4905,台聯電,"5,000","1,000","4,000",0.0,0.0,0.0,0,0,0,0,0,0,0,0,0,0,"4,000"
4907,富宇,"14,000","36,000","-22,000",0.0,0.0,0.0,0,0,0,-138,0,0,0,0,138,-138,"-22,138"
4908,前鼎,"353,481","329,000","24,481",0.0,0.0,0.0,0,0,0,"-25,280",0,0,0,"11,161","36,441","-25,280",-799
4909,新復興,"60,000","66,002","-6,002",0.0,0.0,0.0,0,0,0,383,0,0,0,"1,000",617,383,"-5,619"
4911,德英,"1,000",0,"1,000",0.0,0.0,0.0,0,0,0,"2,000",0,0,0,"2,000",0,"2,000","3,000"
4923,力士,"162,000","332,000","-170,000",0.0,0.0,0.0,0,0,0,"-2,265",0,0,0,"2,079","4,344","-2,265","-172,265"
4924,欣厚-KY,"2,000","1,000","1,000",0.0,0.0,0.0,0,0,0,0,0,0,0,0,0,0,"1,000"
4931,新盛力,"6,183,651","5,027,000","1,156,651",0.0,0.0,0.0,0,0,0,"41,239","23,000","22,000","1,000","207,391","167,152","40,239","1,197,890"
4933,友輝,"22,000","12,000","10,000",0.0,0.0,0.0,0,0,0,15,0,0,0,15,0,15,"10,015"
4939,亞電,"1,809,786","1,266,047","543,739",0.0,0.0,0.0,0,0,0,"-71,699",0,140,-140,"132,558","204,117","-71,559","472,040"
4946,辣椒,"4,000","12,000","-8,000",0.0,0.0,0.0,0,0,0,-859,0,0,0,0,859,-859,"-8,859"
4950,金耘國際,"1,000",0,"1,000",0.0,0.0,0.0,0,0,0,"1,000","1,000",0,"1,000",0,0,0,"2,000"
4951,精拓科,"50,000","39,000","11,000",0.0,0.0,0.0,0,0,0,-142,0,0,0,212,354,-142,"10,858"
4953,緯致,"35,013","88,000","-52,987",0.0,0.0,0.0,0,0,0,-727,0,0,0,0,727,-727,"-53,714"
4966,譜瑞-KY,"191,257","373,100","-181,843",0.0,0.0,0.0,0,0,0,"-3,845","1,000","1,084",-84,"30,719","34,480","-3,761","-185,688"
4971,IET-KY,"92,586","73,000","19,586",0.0,0.0,0.0,0,0,0,"5,000","5,000",0,"5,000",0,0,0,"24,586"
4972,湯石照明,0,"1,000","-1,000",0.0,0.0,0.0,0,0,0,0,0,0,0,0,0,0,"-1,000"
4973,廣穎,"396,000","627,320","-231,320",0.0,0.0,0.0,0,0,0,"-30,137",0,0,0,"15,000","45,137","-30,137","-261,457"
4974,亞泰,"29,000","1,000","28,000",0.0,0.0,0.0,0,0,0,0,0,0,0,0,0,0,"28,000"
4979,華星光,"2,891,339","5,011,160","-2,119,821",0.0,0.0,0.0,"1,660,000",0,"1,660,000","-67,714","44,400","23,000","21,400","169,323","258,437","-89,114","-527,535"
4991,環宇-KY,"3,829,167","3,723,863","105,304",0.0,0.0,0.0,"5,000",0,"5,000","-51,192","10,000","3,500","6,500","200,576","258,268","-57,692","59,112"
4995,晶達,"34,000","9,000","25,000",0.0,0.0,0.0,0,0,0,"-6,000","1,000",0,"1,000","4,000","11,000","-7,000","19,000"
5009,榮剛,"872,072","795,000","77,072",0.0,0.0,0.0,0,0,0,"-128,830",0,"108,000","-108,000",0,"20,830","-20,830","-51,758"
5011,久陽,"13,004","79,000","-65,996",0.0,0.0,0.0,0,0,0,-494,0,0,0,0,494,-494,"-66,490"
5013,強新,"5,000",0,"5,000",0.0,0.0,0.0,0,0,0,0,0,0,0,0,0,0,"5,000"
5014,建錩,"247,000","13,000","234,000",0.0,0.0,0.0,0,0,0,19,0,0,0,19,0,19,"234,019"
5015,華祺,0,"1,000","-1,000",0.0,0.0,0.0,0,0,0,50,0,0,0,50,0,50,-950
5202,力新,"45,000","13,000","32,000",0.0,0.0,0.0,0,0,0,655,0,0,0,"1,000",345,655,"32,655"
5206,坤悅,"3,000","35,000","-32,000",0.0,0.0,0.0,0,0,0,506,0,0,0,"1,000",494,506,"-31,494"
5209,新鼎,"2,000","5,000","-3,000",0.0,0.0,0.0,0,0,0,"1,000","1,000",0,"1,000",0,0,0,"-2,000"
5210,寶碩,"22,000","28,001","-6,001",0.0,0.0,0.0,0,0,0,"-1,000",0,"1,000","-1,000",0,0,0,"-7,001"
5211,蒙恬,"4,000","14,000","-10,000",0.0,0.0,0.0,0,0,0,"-13,116",0,"13,000","-13,000",0,116,-116,"-23,116"
5213,亞昕,"41,000","27,000","14,000",0.0,0.0,0.0,0,0,0,228,0,0,0,"1,000",772,228,"14,228"
5220,萬達光電,0,"5,000","-5,000",0.0,0.0,0.0,0,0,0,300,0,0,0,300,0,300,"-4,700"
5223,安力-KY,"2,000","3,000","-1,000",0.0,0.0,0.0,0,0,0,0,0,0,0,0,0,0,"-1,000"
5227,立凱-KY,"74,000","113,122","-39,122",0.0,0.0,0.0,0,0,0,0,0,0,0,0,0,0,"-39,122"
5228,鈺鎧,"175,000","236,000","-61,000",0.0,0.0,0.0,0,0,0,-476,0,0,0,"2,000","2,476",-476,"-61,476"
5230,雷笛克光學,"12,000","44,000","-32,000",0.0,0.0,0.0,0,0,0,0,0,0,0,0,0,0,"-32,000"
5245,智晶,"1,000","14,000","-13,000",0.0,0.0,0.0,0,0,0,519,0,0,0,"1,000",481,519,"-12,481"
5251,天鉞電,"19,000","17,000","2,000",0.0,0.0,0.0,0,0,0,-485,0,0,0,0,485,-485,"1,515"
5263,智崴,"70,000","30,000","40,000",0.0,0.0,0.0,0,0,0,"1,192",0,0,0,"1,412",220,"1,192","41,192"
5272,笙科,"27,000","10,000","17,000",0.0,0.0,0.0,0,0,0,-379,0,0,0,0,379,-379,"16,621"
5274,信驊,"111,093","68,691","42,402",0.0,0.0,0.0,"1,073","4,000","-2,927","-1,633","1,011",0,"1,011","1,913","4,557","-2,644","37,842"
5276,達輝-KY,0,"1,000","-1,000",0.0,0.0,0.0,0,0,0,0,0,0,0,0,0,0,"-1,000"
5278,尚凡*,"21,000","6,000","15,000",0.0,0.0,0.0,0,0,0,"-4,001",0,"4,000","-4,000",0,1,-1,"10,999"
5287,數字,"3,080","12,940","-9,860",0.0,0.0,0.0,0,0,0,-23,0,0,0,0,23,-23,"-9,883"
5289,宜鼎,"813,743","842,544","-28,801",0.0,0.0,0.0,576,"1,000",-424,"-14,886","28,170","34,000","-5,830","79,478","88,534","-9,056","-44,111"
5291,邑昇,"146,000","110,000","36,000",0.0,0.0,0.0,0,0,0,"-1,200",0,0,0,367,"1,567","-1,200","34,800"
5299,杰力,"40,000","122,000","-82,000",0.0,0.0,0.0,0,0,0,"-2,163",0,"2,000","-2,000","1,000","1,163",-163,"-84,163"
5302,太欣,"204,000","268,050","-64,050",0.0,0.0,0.0,0,0,0,-51,0,0,0,0,51,-51,"-64,101"
5309,系統電,"1,211,000","1,494,000","-283,000",0.0,0.0,0.0,0,"1,000","-1,000","-3,899","8,000","40,000","-32,000","77,234","49,133","28,101","-287,899"
5312,寶島科,"3,000","12,000","-9,000",0.0,0.0,0.0,0,0,0,-3,0,0,0,0,3,-3,"-9,003"
5314,世紀*,"464,095","776,000","-311,905",0.0,0.0,0.0,0,0,0,"-10,131",0,0,0,"22,034","32,165","-10,131","-322,036"
5315,光聯,"2,071","49,005","-46,934",0.0,0.0,0.0,0,0,0,0,0,0,0,0,0,0,"-46,934"
5321,美而快,"107,025","50,000","57,025",0.0,0.0,0.0,0,0,0,0,0,0,0,0,0,0,"57,025"
5324,士開,"351,000","17,000","334,000",0.0,0.0,0.0,0,0,0,1,0,0,0,1,0,1,"334,001"
5328,華容,"6,363,709","6,036,050","327,659",0.0,0.0,0.0,0,0,0,-582,0,0,0,"19,857","20,439",-582,"327,077"
5340,建榮,"779,030","791,059","-12,029",0.0,0.0,0.0,0,0,0,-522,0,0,0,"7,075","7,597",-522,"-12,551"
5344,立衛,0,"5,000","-5,000",0.0,0.0,0.0,0,0,0,0,0,0,0,0,0,0,"-5,000"
5345,馥鴻,"2,000","2,000",0,0.0,0.0,0.0,0,0,0,0,0,0,0,0,0,0,0
5347,世界,"13,046,030","11,402,415","1,643,615",0.0,0.0,0.0,"33,000","58,298","-25,298","-362,206","75,000","112,000","-37,000","108,648","433,854","-325,206","1,256,111"
5351,鈺創,"4,445,067","1,449,701","2,995,366",0.0,0.0,0.0,0,"20,000","-20,000","32,271","77,000","2,000","75,000","1,000","43,729","-42,729","3,007,637"
5353,台林,"4,000","14,000","-10,000",0.0,0.0,0.0,0,0,0,1,0,0,0,"3,001","3,000",1,"-9,999"
5355,佳總,"3,000","4,000","-1,000",0.0,0.0,0.0,0,0,0,0,0,0,0,0,0,0,"-1,000"
5356,協益,"45,000","23,001","21,999",0.0,0.0,0.0,0,0,0,-407,0,0,0,"1,593","2,000",-407,"21,592"
5364,力麗店,0,"4,000","-4,000",0.0,0.0,0.0,0,0,0,0,0,0,0,0,0,0,"-4,000"
5371,中光電,"2,839,243","3,048,000","-208,757",0.0,0.0,0.0,0,0,0,"138,231","218,000","61,000","157,000","135,550","154,319","-18,769","-70,526"
5381,光譜,"54,200","71,000","-16,800",0.0,0.0,0.0,0,0,0,0,0,0,0,0,0,0,"-16,800"
5386,青雲,"259,025","493,000","-233,975",0.0,0.0,0.0,0,0,0,"-111,157",0,0,0,"35,360","146,517","-111,157","-345,132"
5392,能率,"388,090","815,000","-426,910",0.0,0.0,0.0,0,0,0,"-10,239",0,0,0,"6,452","16,691","-10,239","-437,149"
5398,慕康生醫,"1,000","1,000",0,0.0,0.0,0.0,0,0,0,-8,0,0,0,0,8,-8,-8
5403,中菲,"15,000","19,150","-4,150",0.0,0.0,0.0,0,0,0,0,0,0,0,0,0,0,"-4,150"
5410,國眾,"63,109","101,001","-37,892",0.0,0.0,0.0,0,0,0,894,0,0,0,951,57,894,"-36,998"
5425,台半,"3,307,030","3,053,000","254,030",0.0,0.0,0.0,0,0,0,"-80,248","137,000","205,000","-68,000","41,963","54,211","-12,248","173,782"
5426,振發,"899,000","838,000","61,000",0.0,0.0,0.0,0,0,0,"9,275",0,0,0,"18,621","9,346","9,275","70,275"
5432,新門,"13,000","14,000","-1,000",0.0,0.0,0.0,0,0,0,804,0,0,0,"1,034",230,804,-196
5438,東友,"4,000","12,000","-8,000",0.0,0.0,0.0,0,0,0,50,0,0,0,50,0,50,"-7,950"
5439,高技,"712,445","470,563","241,882",0.0,0.0,0.0,0,0,0,"7,901",0,"6,000","-6,000","31,585","17,684","13,901","249,783"
5443,均豪,"2,314,655","1,406,000","908,655",0.0,0.0,0.0,0,0,0,"160,496",0,0,0,"346,133","185,637","160,496","1,069,151"
5450,南良,"14,000","33,000","-19,000",0.0,0.0,0.0,0,0,0,0,0,0,0,0,0,0,"-19,000"
5452,佶優,"123,000","115,001","7,999",0.0,0.0,0.0,0,0,0,"-10,302",0,0,0,0,"10,302","-10,302","-2,303"
5455,昇益,0,"1,000","-1,000",0.0,0.0,0.0,0,0,0,0,0,0,0,0,0,0,"-1,000"
5457,宣德,"31,142","110,000","-78,858",0.0,0.0,0.0,0,0,0,569,"4,000","2,000","2,000","1,000","2,431","-1,431","-78,289"
5460,同協,"11,000","17,000","-6,000",0.0,0.0,0.0,0,0,0,52,0,0,0,52,0,52,"-5,948"
5464,霖宏,"285,000","201,000","84,000",0.0,0.0,0.0,0,0,0,432,0,0,0,"1,000",568,432,"84,432"
5465,富驊,"8,000","12,000","-4,000",0.0,0.0,0.0,0,0,0,-624,0,0,0,0,624,-624,"-4,624"
5468,凱鈺,0,"11,000","-11,000",0.0,0.0,0.0,0,0,0,"-1,001",0,0,0,999,"2,000","-1,001","-12,001"
5474,聰泰,"10,564","43,000","-32,436",0.0,0.0,0.0,0,0,0,-39,0,0,0,306,345,-39,"-32,475"
5475,德宏,"2,725,000","3,498,525","-773,525",0.0,0.0,0.0,0,0,0,-329,0,0,0,"168,773","169,102",-329,"-773,854"
5478,智冠,"7,163","7,001",162,0.0,0.0,0.0,0,0,0,0,0,0,0,0,0,0,162
5481,新華,"6,000","3,000","3,000",0.0,0.0,0.0,0,0,0,0,0,0,0,0,0,0,"3,000"
5483,中美晶,"4,509,530","6,214,058","-1,704,528",0.0,0.0,0.0,"13,000","23,000","-10,000","-36,463","101,000","123,000","-22,000","120,123","134,586","-14,463","-1,750,991"
5487,通泰,"11,000","9,000","2,000",0.0,0.0,0.0,0,0,0,0,0,0,0,0,0,0,"2,000"
5488,松普,"85,000","194,001","-109,001",0.0,0.0,0.0,0,0,0,-133,0,0,0,"5,000","5,133",-133,"-109,134"
5489,彩富,"50,000","26,000","24,000",0.0,0.0,0.0,0,0,0,0,0,0,0,0,0,0,"24,000"
5490,同亨,"123,092","501,143","-378,051",0.0,0.0,0.0,0,0,0,-148,0,0,0,"5,006","5,154",-148,"-378,199"
5493,三聯,"12,000","11,350",650,0.0,0.0,0.0,0,0,0,"-3,271",0,"3,000","-3,000",0,271,-271,"-2,621"
5498,凱崴,"817,000","793,000","24,000",0.0,0.0,0.0,0,0,0,"2,586",0,0,0,"10,334","7,748","2,586","26,586"
5508,永信建,"103,385","42,000","61,385",0.0,0.0,0.0,0,0,0,"2,000",0,0,0,"2,000",0,"2,000","63,385"
5511,德昌,"12,000","121,000","-109,000",0.0,0.0,0.0,0,0,0,"-7,000",0,"10,000","-10,000","3,000",0,"3,000","-116,000"
5512,力麒,"79,000","270,990","-191,990",0.0,0.0,0.0,0,0,0,-191,0,0,0,"1,000","1,191",-191,"-192,181"
5514,三豐,"1,200","1,000",200,0.0,0.0,0.0,0,0,0,0,0,0,0,0,0,0,200
5516,雙喜,"3,000","2,000","1,000",0.0,0.0,0.0,0,0,0,0,0,0,0,0,0,0,"1,000"
5520,力泰,0,"2,000","-2,000",0.0,0.0,0.0,0,0,0,0,0,0,0,0,0,0,"-2,000"
5523,豐謙,"9,000",0,"9,000",0.0,0.0,0.0,0,0,0,0,0,0,0,0,0,0,"9,000"
5529,鉅陞,0,"7,000","-7,000",0.0,0.0,0.0,0,0,0,0,0,0,0,0,0,0,"-7,000"
5530,龍巖,"54,000","82,000","-28,000",0.0,0.0,0.0,0,0,0,0,0,0,0,0,0,0,"-28,000"
5536,聖暉*,"182,729","614,764","-432,035",0.0,0.0,0.0,600,"100,000","-99,400",528,500,0,500,"34,300","34,272",28,"-530,907"
5543,桓鼎-KY,0,0,0,0.0,0.0,0.0,0,0,0,-1,0,0,0,0,1,-1,-1
5547,久舜,"7,000","1,000","6,000",0.0,0.0,0.0,0,0,0,0,0,0,0,0,0,0,"6,000"
5548,安倉,"3,000","2,000","1,000",0.0,0.0,0.0,0,0,0,-55,0,0,0,0,55,-55,945
5603,陸海,"4,000","1,000","3,000",0.0,0.0,0.0,0,0,0,-430,0,0,0,"1,000","1,430",-430,"2,570"
5609,中菲行,"10,000","32,000","-22,000",0.0,0.0,0.0,0,0,0,0,0,0,0,0,0,0,"-22,000"
5701,劍湖山,0,"1,000","-1,000",0.0,0.0,0.0,0,0,0,0,0,0,0,0,0,0,"-1,000"
5704,老爺知,0,"1,000","-1,000",0.0,0.0,0.0,0,0,0,0,0,0,0,0,0,0,"-1,000"
5864,致和證,"841,615","474,110","367,505",0.0,0.0,0.0,0,0,0,0,0,0,0,0,0,0,"367,505"
5902,德記,0,"2,000","-2,000",0.0,0.0,0.0,0,0,0,0,0,0,0,0,0,0,"-2,000"
5903,全家,"2,000",0,"2,000",0.0,0.0,0.0,0,0,0,"1,000","1,000",0,"1,000",0,0,0,"3,000"
5904,寶雅*,"1,315,000","6,806,877","-5,491,877",0.0,0.0,0.0,0,"3,000","-3,000","-349,628","3,000","4,000","-1,000","111,472","460,100","-348,628","-5,844,505"
5905,南仁湖,"23,000","166,000","-143,000",0.0,0.0,0.0,0,0,0,539,0,0,0,"1,000",461,539,"-142,461"
6015,宏遠證,"434,000","409,806","24,194",0.0,0.0,0.0,0,0,0,0,0,0,0,0,0,0,"24,194"
6016,康和證,"1,052,000","881,501","170,499",0.0,0.0,0.0,0,0,0,0,0,0,0,0,0,0,"170,499"
6020,大展證,"23,000","9,000","14,000",0.0,0.0,0.0,0,0,0,0,0,0,0,0,0,0,"14,000"
6021,美好證,"26,000","40,000","-14,000",0.0,0.0,0.0,0,0,0,0,0,0,0,0,0,0,"-14,000"
6023,元大期,"228,930","106,600","122,330",0.0,0.0,0.0,0,0,0,0,0,0,0,0,0,0,"122,330"
6026,福邦證,"96,000","481,000","-385,000",0.0,0.0,0.0,0,"10,000","-10,000",0,0,0,0,0,0,0,"-395,000"
6101,寬魚國際,"67,000","100,000","-33,000",0.0,0.0,0.0,0,0,0,-10,0,0,0,0,10,-10,"-33,010"
6104,創惟,"184,990","163,000","21,990",0.0,0.0,0.0,0,0,0,"-3,116",0,0,0,"2,837","5,953","-3,116","18,874"
6109,亞元,0,"31,001","-31,001",0.0,0.0,0.0,0,0,0,-1,0,0,0,0,1,-1,"-31,002"
6111,光聚晶電,"76,000","12,001","63,999",0.0,0.0,0.0,0,0,0,-152,0,0,0,0,152,-152,"63,847"
6113,亞矽,"42,000","7,000","35,000",0.0,0.0,0.0,0,0,0,158,0,0,0,158,0,158,"35,158"
6114,久威,"1,000","1,000",0,0.0,0.0,0.0,0,0,0,0,0,0,0,0,0,0,0
6118,建達,"8,000","15,000","-7,000",0.0,0.0,0.0,0,0,0,0,0,0,0,0,0,0,"-7,000"
6121,新普,"1,377,666","370,123","1,007,543",0.0,0.0,0.0,0,"1,000","-1,000","-17,795","29,149","106,001","-76,852","92,324","33,267","59,057","988,748"
6122,擎邦,"25,030","116,000","-90,970",0.0,0.0,0.0,0,0,0,"-4,857",0,"4,000","-4,000",0,857,-857,"-95,827"
6123,上奇,"6,000","12,000","-6,000",0.0,0.0,0.0,0,0,0,0,0,0,0,0,0,0,"-6,000"
6124,業強,"1,000","3,000","-2,000",0.0,0.0,0.0,0,0,0,0,0,0,0,0,0,0,"-2,000"
6125,廣運,"166,245","82,001","84,244",0.0,0.0,0.0,0,0,0,167,0,0,0,"2,195","2,028",167,"84,411"
6126,信音,"74,006","79,035","-5,029",0.0,0.0,0.0,0,0,0,0,0,0,0,0,0,0,"-5,029"
6127,九豪,"1,575,000","2,514,001","-939,001",0.0,0.0,0.0,0,0,0,"43,265",0,0,0,"65,193","21,928","43,265","-895,736"
6129,普誠,"62,000","28,001","33,999",0.0,0.0,0.0,0,0,0,274,0,0,0,274,0,274,"34,273"
6130,上亞科技,"28,000","22,001","5,999",0.0,0.0,0.0,0,0,0,0,0,0,0,0,0,0,"5,999"
6134,萬旭,"33,000","55,080","-22,080",0.0,0.0,0.0,0,0,0,860,0,0,0,863,3,860,"-21,220"
6138,茂達,"106,163","176,000","-69,837",0.0,0.0,0.0,"10,000",0,"10,000","7,476",0,0,0,"22,410","14,934","7,476","-52,361"
6140,訊達,"18,118","21,000","-2,882",0.0,0.0,0.0,0,0,0,2,0,0,0,2,0,2,"-2,880"
6143,振曜,"58,030","333,000","-274,970",0.0,0.0,0.0,0,0,0,"4,800",0,0,0,"11,000","6,200","4,800","-270,170"
6144,得利影,0,0,0,0.0,0.0,0.0,0,0,0,-564,0,0,0,436,"1,000",-564,-564
6146,耕興,"184,309","86,000","98,309",0.0,0.0,0.0,0,0,0,"-1,907",0,"2,000","-2,000",196,103,93,"96,402"
6147,頎邦,"11,654,990","15,166,032","-3,511,042",0.0,0.0,0.0,"14,000","4,000","10,000","666,039","677,925","217,769","460,156","348,362","142,479","205,883","-2,835,003"
6148,驊宏資,"39,001","97,000","-57,999",0.0,0.0,0.0,0,0,0,-416,0,0,0,0,416,-416,"-58,415"
6150,撼訊,"34,095","44,000","-9,905",0.0,0.0,0.0,0,0,0,-49,0,0,0,0,49,-49,"-9,954"
6151,晉倫,"1,000","17,000","-16,000",0.0,0.0,0.0,0,0,0,0,0,0,0,0,0,0,"-16,000"
6154,順發,"35,000","3,000","32,000",0.0,0.0,0.0,0,0,0,0,0,0,0,0,0,0,"32,000"
6156,松上,"476,000","379,000","97,000",0.0,0.0,0.0,0,0,0,-781,0,0,0,"1,022","1,803",-781,"96,219"
6158,禾昌,"4,000","1,000","3,000",0.0,0.0,0.0,0,0,0,0,0,0,0,0,0,0,"3,000"
6160,欣技,0,"1,000","-1,000",0.0,0.0,0.0,0,0,0,0,0,0,0,0,0,0,"-1,000"
6161,捷波,"29,000","68,000","-39,000",0.0,0.0,0.0,0,0,0,"4,000","4,000",0,"4,000","3,000","3,000",0,"-35,000"
6163,華電網,"643,124","1,089,000","-445,876",0.0,0.0,0.0,0,0,0,"9,099",0,0,0,"12,100","3,001","9,099","-436,777"
6167,久正,"41,000","19,000","22,000",0.0,0.0,0.0,0,0,0,0,0,0,0,0,0,0,"22,000"
6169,昱泉,0,"1,000","-1,000",0.0,0.0,0.0,0,0,0,-10,0,0,0,0,10,-10,"-1,010"
6170,統振,"3,000","49,000","-46,000",0.0,0.0,0.0,0,0,0,713,0,0,0,"1,000",287,713,"-45,287"
6173,信昌電,"2,787,464","4,903,095","-2,115,631",0.0,0.0,0.0,0,0,0,"-363,934","170,000","550,834","-380,834","200,325","183,425","16,900","-2,479,565"
6174,安碁,"380,000","225,000","155,000",0.0,0.0,0.0,0,0,0,212,0,0,0,212,0,212,"155,212"
6175,立敦,"594,070","658,050","-63,980",0.0,0.0,0.0,0,0,0,"32,057","10,000",0,"10,000","23,770","1,713","22,057","-31,923"
6179,亞通,"273,180","239,018","34,162",0.0,0.0,0.0,0,0,0,-122,0,0,0,0,122,-122,"34,040"
6180,橘子,"176,081","120,000","56,081",0.0,0.0,0.0,0,0,0,20,0,0,0,20,0,20,"56,101"
6182,合晶,"5,433,527","10,364,742","-4,931,215",0.0,0.0,0.0,0,0,0,"-182,523","764,556","920,900","-156,344","473,126","499,305","-26,179","-5,113,738"
6185,幃翔,"3,000","35,000","-32,000",0.0,0.0,0.0,0,0,0,740,0,0,0,"1,000",260,740,"-31,260"
6186,新潤,"9,000","75,002","-66,002",0.0,0.0,0.0,0,0,0,97,0,0,0,"8,000","7,903",97,"-65,905"
6187,萬潤,"1,375,717","1,892,000","-516,283",0.0,0.0,0.0,"62,240","1,000","61,240","-1,930","15,070","9,256","5,814","90,814","98,558","-7,744","-456,973"
6188,廣明,"130,031","174,000","-43,969",0.0,0.0,0.0,0,0,0,"22,201","23,000",948,"22,052","2,000","1,851",149,"-21,768"
6190,萬泰科,"191,096","393,150","-202,054",0.0,0.0,0.0,0,0,0,"-2,969",0,312,-312,"7,001","9,658","-2,657","-205,023"
6194,育富,"10,000","4,000","6,000",0.0,0.0,0.0,0,0,0,0,0,0,0,0,0,0,"6,000"
6195,詩肯,"6,000","11,000","-5,000",0.0,0.0,0.0,0,0,0,85,0,0,0,85,0,85,"-4,915"
6199,天品,"100,000","80,000","20,000",0.0,0.0,0.0,0,0,0,"-5,052",0,0,0,1,"5,053","-5,052","14,948"
006201,元大富櫃50,"11,022","23,000","-11,978",0.0,0.0,0.0,"35,000",0,"35,000","87,094",0,0,0,"241,520","154,426","87,094","110,116"
6203,海韻電,"16,000","35,000","-19,000",0.0,0.0,0.0,0,0,0,-402,0,0,0,0,402,-402,"-19,402"
6204,艾華,"60,000","80,000","-20,000",0.0,0.0,0.0,0,0,0,-3,0,0,0,0,3,-3,"-20,003"
6207,雷科,"955,083","1,253,000","-297,917",0.0,0.0,0.0,0,0,0,"22,207","23,000","9,000","14,000","34,192","25,985","8,207","-275,710"
6208,日揚,"107,000","63,000","44,000",0.0,0.0,0.0,0,0,0,-581,0,0,0,0,581,-581,"43,419"
6212,理銘,0,"1,000","-1,000",0.0,0.0,0.0,0,0,0,0,0,0,0,0,0,0,"-1,000"
6217,中探針,"102,000","38,007","63,993",0.0,0.0,0.0,0,0,0,"1,000",0,0,0,"1,000",0,"1,000","64,993"
6218,豪勉,"171,146","117,001","54,145",0.0,0.0,0.0,0,0,0,0,0,0,0,0,0,0,"54,145"
6219,富旺,"12,000","10,000","2,000",0.0,0.0,0.0,0,0,0,125,0,0,0,"1,525","1,400",125,"2,125"
6220,岳豐,"216,000","32,000","184,000",0.0,0.0,0.0,0,0,0,-375,0,0,0,2,377,-375,"183,625"
6221,晉泰,"4,000","42,000","-38,000",0.0,0.0,0.0,0,0,0,-541,0,0,0,109,650,-541,"-38,541"
6223,旺矽,"233,151","258,393","-25,242",0.0,0.0,0.0,"26,188","3,100","23,088","7,688","12,448","5,654","6,794","7,750","6,856",894,"5,534"
6227,茂綸,"336,000","141,383","194,617",0.0,0.0,0.0,0,0,0,"76,277",0,0,0,"86,702","10,425","76,277","270,894"
6228,全譜,0,0,0,0.0,0.0,0.0,0,0,0,-132,0,0,0,0,132,-132,-132
6229,研通,"18,000","4,000","14,000",0.0,0.0,0.0,0,0,0,"-1,000",0,"1,000","-1,000",0,0,0,"13,000"
6231,系微,"94,000","61,000","33,000",0.0,0.0,0.0,0,0,0,-129,0,0,0,"5,001","5,130",-129,"32,871"
6233,旺玖,"93,022","65,001","28,021",0.0,0.0,0.0,0,0,0,-181,0,0,0,74,255,-181,"27,840"
6234,高僑,"131,000","287,000","-156,000",0.0,0.0,0.0,0,0,0,"-2,186",0,0,0,176,"2,362","-2,186","-158,186"
6237,驊訊,"59,000","67,060","-8,060",0.0,0.0,0.0,0,0,0,0,0,0,0,0,0,0,"-8,060"
6240,松崗,0,"1,000","-1,000",0.0,0.0,0.0,0,0,0,0,0,0,0,0,0,0,"-1,000"
6241,鑫永洋,"47,000","35,000","12,000",0.0,0.0,0.0,0,0,0,5,0,0,0,5,0,5,"12,005"
6244,茂迪,"910,487","621,000","289,487",0.0,0.0,0.0,0,0,0,"-21,512",0,0,0,"1,167","22,679","-21,512","267,975"
6245,立端,"304,798","673,000","-368,202",0.0,0.0,0.0,0,0,0,"12,117","38,000","13,000","25,000",68,"12,951","-12,883","-356,085"
6246,臺龍,"5,000","2,000","3,000",0.0,0.0,0.0,0,0,0,-466,0,0,0,0,466,-466,"2,534"
6248,沛波,"7,000","16,000","-9,000",0.0,0.0,0.0,0,0,0,570,0,0,0,"1,000",430,570,"-8,430"
6259,百徽,"206,000","271,040","-65,040",0.0,0.0,0.0,0,0,0,-644,0,0,0,58,702,-644,"-65,684"
6261,久元,"189,000","92,000","97,000",0.0,0.0,0.0,0,0,0,242,0,0,0,"1,000",758,242,"97,242"
6263,普萊德,"22,331","25,000","-2,669",0.0,0.0,0.0,0,0,0,"-1,000",0,"1,000","-1,000",0,0,0,"-3,669"
6265,方土昶,"2,805,000","1,560,480","1,244,520",0.0,0.0,0.0,0,0,0,-692,"5,000",0,"5,000","3,982","9,674","-5,692","1,243,828"
6266,泰詠,"42,000","59,000","-17,000",0.0,0.0,0.0,0,0,0,598,0,0,0,"1,000",402,598,"-16,402"
6270,倍微,"149,000","71,002","77,998",0.0,0.0,0.0,0,0,0,0,0,0,0,0,0,0,"77,998"
6274,台燿,"1,253,348","1,204,078","49,270",0.0,0.0,0.0,"26,000","2,000","24,000","49,087","25,160","88,000","-62,840","153,152","41,225","111,927","122,357"
6275,元山,"94,000","64,000","30,000",0.0,0.0,0.0,0,0,0,"1,183",0,0,0,"1,289",106,"1,183","31,183"
6276,安鈦克,"2,000","1,000","1,000",0.0,0.0,0.0,0,0,0,-1,0,0,0,0,1,-1,999
6279,胡連,"319,050","166,050","153,000",0.0,0.0,0.0,0,"1,000","-1,000","65,477","75,000","6,000","69,000","7,200","10,723","-3,523","217,477"
6284,佳邦,"413,136","500,000","-86,864",0.0,0.0,0.0,0,0,0,"5,052",0,0,0,"7,293","2,241","5,052","-81,812"
6290,良維,"1,379,934","870,100","509,834",0.0,0.0,0.0,0,0,0,"56,304","74,000","25,000","49,000","35,214","27,910","7,304","566,138"
6291,沛亨,"201,000","121,000","80,000",0.0,0.0,0.0,0,"109,000","-109,000","-2,126","2,000","2,000",0,"10,737","12,863","-2,126","-31,126"
6292,迅德,"385,000","94,000","291,000",0.0,0.0,0.0,0,0,0,754,0,0,0,"1,049",295,754,"291,754"
6294,智基,"1,000","1,000",0,0.0,0.0,0.0,0,0,0,-418,0,0,0,0,418,-418,-418
6411,晶焱,"244,174","120,001","124,173",0.0,0.0,0.0,0,0,0,15,0,0,0,15,0,15,"124,188"
6417,韋僑,"20,000","26,000","-6,000",0.0,0.0,0.0,0,0,0,0,0,0,0,"2,000","2,000",0,"-6,000"
6418,詠昇,"6,000","23,000","-17,000",0.0,0.0,0.0,0,0,0,0,0,0,0,0,0,0,"-17,000"
6419,京晨科,"101,001","176,396","-75,395",0.0,0.0,0.0,0,0,0,-710,0,0,0,"3,430","4,140",-710,"-76,105"
6423,億而得,"21,000","7,000","14,000",0.0,0.0,0.0,0,0,0,"2,000","2,000",0,"2,000",0,0,0,"16,000"
6425,易發,"106,024","259,000","-152,976",0.0,0.0,0.0,0,0,0,-233,0,0,0,"1,020","1,253",-233,"-153,209"
6432,今展科,"668,000","196,275","471,725",0.0,0.0,0.0,0,0,0,"1,000","1,000",0,"1,000",0,0,0,"472,725"
6435,大中,"142,150","164,213","-22,063",0.0,0.0,0.0,0,0,0,-538,0,0,0,"5,544","6,082",-538,"-22,601"
6441,廣錠,"33,000","48,001","-15,001",0.0,0.0,0.0,0,0,0,-240,0,0,0,126,366,-240,"-15,241"
6461,益得,"3,000","29,000","-26,000",0.0,0.0,0.0,0,0,0,0,0,0,0,0,0,0,"-26,000"
6462,神盾,"337,399","195,165","142,234",0.0,0.0,0.0,0,0,0,"-2,309",0,0,0,"9,474","11,783","-2,309","139,925"
6465,威潤,"14,000","46,720","-32,720",0.0,0.0,0.0,0,0,0,-1,0,0,0,0,1,-1,"-32,721"
6469,大樹,"82,000","163,003","-81,003",0.0,0.0,0.0,0,0,0,"3,014","1,000","1,529",-529,"5,299","1,756","3,543","-77,989"
6470,宇智,0,"3,000","-3,000",0.0,0.0,0.0,0,0,0,-162,0,0,0,0,162,-162,"-3,162"
6474,華豫寧,0,"1,000","-1,000",0.0,0.0,0.0,0,0,0,0,0,0,0,0,0,0,"-1,000"
6482,弘煜科,0,"10,000","-10,000",0.0,0.0,0.0,0,0,0,0,0,0,0,0,0,0,"-10,000"
6485,點序,"104,151","97,000","7,151",0.0,0.0,0.0,0,0,0,92,0,0,0,179,87,92,"7,243"
6486,互動,"6,000","4,000","2,000",0.0,0.0,0.0,0,0,0,646,0,0,0,"1,000",354,646,"2,646"
6488,環球晶,"3,364,720","2,775,461","589,259",0.0,0.0,0.0,"50,700","1,378,694","-1,327,994","6,287","189,300","180,000","9,300","200,143","203,156","-3,013","-732,448"
6492,生華科,"138,000","39,001","98,999",0.0,0.0,0.0,0,0,0,0,0,0,0,0,0,0,"98,999"
6494,九齊,"31,000","28,000","3,000",0.0,0.0,0.0,0,0,0,"-5,000",0,"5,000","-5,000",0,0,0,"-2,000"
6498,久禾光,"9,000","40,000","-31,000",0.0,0.0,0.0,0,0,0,-11,0,0,0,0,11,-11,"-31,011"
6499,益安,"122,140","66,000","56,140",0.0,0.0,0.0,0,0,0,0,0,0,0,0,0,0,"56,140"
6506,雙邦,"4,000","14,000","-10,000",0.0,0.0,0.0,0,0,0,-21,0,0,0,0,21,-21,"-10,021"
6508,惠光,"3,000","4,000","-1,000",0.0,0.0,0.0,0,0,0,0,0,0,0,0,0,0,"-1,000"
6509,聚和,"367,886","323,000","44,886",0.0,0.0,0.0,0,"2,000","-2,000","-1,641",0,0,0,1,"1,642","-1,641","41,245"
6510,精測,"80,277","172,186","-91,909",0.0,0.0,0.0,"100,132","1,000","99,132","-7,317","1,000","8,100","-7,100","2,202","2,419",-217,-94
6512,啟發電,0,0,0,0.0,0.0,0.0,0,0,0,203,0,0,0,203,0,203,203
6516,勤崴國際,"3,000","11,000","-8,000",0.0,0.0,0.0,0,0,0,0,0,0,0,0,0,0,"-8,000"
6517,保勝光學,"102,000","146,000","-44,000",0.0,0.0,0.0,0,0,0,"3,203","3,000",0,"3,000",203,0,203,"-40,797"
6523,達爾膚,"1,000","1,000",0,0.0,0.0,0.0,0,0,0,333,0,0,0,"1,000",667,333,333
6527,明達醫,"4,000","6,000","-2,000",0.0,0.0,0.0,0,0,0,0,0,0,0,0,0,0,"-2,000"
6530,創威,"355,010","576,069","-221,059",0.0,0.0,0.0,0,0,0,"8,939","9,000",0,"9,000","7,000","7,061",-61,"-212,120"
6532,瑞耘,"192,000","107,000","85,000",0.0,0.0,0.0,0,0,0,-52,0,0,0,78,130,-52,"84,948"
6535,順藥,"101,506","23,000","78,506",0.0,0.0,0.0,0,"30,000","-30,000",133,0,0,0,"1,011",878,133,"48,639"
6538,倉和,"248,646","283,000","-34,354",0.0,0.0,0.0,0,0,0,"-3,417",0,"5,000","-5,000","14,728","13,145","1,583","-37,771"
6542,隆中,"3,000","2,000","1,000",0.0,0.0,0.0,0,0,0,0,0,0,0,0,0,0,"1,000"
6546,正基,"80,134","63,000","17,134",0.0,0.0,0.0,0,0,0,"-7,001",0,"6,000","-6,000",50,"1,051","-1,001","10,133"
6547,高端疫苗,"788,650","355,000","433,650",0.0,0.0,0.0,0,0,0,"-270,242","16,000","275,000","-259,000","3,000","14,242","-11,242","163,408"
6548,長科*,"608,658","613,000","-4,342",0.0,0.0,0.0,0,0,0,"16,546","22,000","13,000","9,000","19,029","11,483","7,546","12,204"
6556,勝品,"1,000","1,000",0,0.0,0.0,0.0,0,0,0,"1,000","1,000",0,"1,000",0,0,0,"1,000"
6560,欣普羅,"3,000","3,000",0,0.0,0.0,0.0,0,0,0,0,0,0,0,0,0,0,0
6561,是方,"32,213","36,000","-3,787",0.0,0.0,0.0,0,0,0,225,"1,000",0,"1,000","1,000","1,775",-775,"-3,562"
6568,宏觀,"49,000","22,000","27,000",0.0,0.0,0.0,0,0,0,490,0,0,0,607,117,490,"27,490"
6569,醫揚,"11,000","7,000","4,000",0.0,0.0,0.0,0,0,0,-40,0,0,0,0,40,-40,"3,960"
6570,維田,"137,000","120,000","17,000",0.0,0.0,0.0,0,0,0,"13,300","13,000",0,"13,000",300,0,300,"30,300"
6574,霈方,"4,000","30,000","-26,000",0.0,0.0,0.0,0,0,0,"4,000","4,000",0,"4,000",0,0,0,"-22,000"
6576,逸達,"4,000","11,000","-7,000",0.0,0.0,0.0,0,0,0,0,0,0,0,0,0,0,"-7,000"
6577,勁豐,"5,450","14,000","-8,550",0.0,0.0,0.0,0,0,0,51,0,0,0,51,0,51,"-8,499"
6578,達邦蛋白,"13,000","2,000","11,000",0.0,0.0,0.0,0,0,0,0,0,0,0,0,0,0,"11,000"
6584,南俊國際,"145,005","229,767","-84,762",0.0,0.0,0.0,0,0,0,"-1,396",0,"2,000","-2,000","15,110","14,506",604,"-86,158"
6588,東典光電,"177,000","149,000","28,000",0.0,0.0,0.0,0,0,0,"3,170","3,000",0,"3,000","1,003",833,170,"31,170"
6593,台灣銘板,0,"5,000","-5,000",0.0,0.0,0.0,0,0,0,0,0,0,0,0,0,0,"-5,000"
6596,寬宏藝術,"14,000","15,000","-1,000",0.0,0.0,0.0,0,0,0,-640,0,0,0,0,640,-640,"-1,640"
6603,富強鑫,"365,000","652,000","-287,000",0.0,0.0,0.0,0,0,0,"-2,542",0,"5,000","-5,000","4,043","1,585","2,458","-289,542"
6609,瀧澤科,"42,000","38,000","4,000",0.0,0.0,0.0,0,0,0,"1,000","1,000",0,"1,000",0,0,0,"5,000"
6612,奈米醫材,"1,000","8,000","-7,000",0.0,0.0,0.0,0,0,0,-251,0,0,0,0,251,-251,"-7,251"
6613,朋億*,"169,020","255,310","-86,290",0.0,0.0,0.0,0,0,0,"-2,855",0,0,0,"12,367","15,222","-2,855","-89,145"
6615,慧智,"1,000",0,"1,000",0.0,0.0,0.0,0,0,0,0,0,0,0,0,0,0,"1,000"
6617,共信-KY,"476,100","428,000","48,100",0.0,0.0,0.0,0,0,0,"-4,847",0,0,0,"3,103","7,950","-4,847","43,253"
6620,漢達,"275,370","133,000","142,370",0.0,0.0,0.0,0,0,0,"-108,060",0,"71,000","-71,000","3,000","40,060","-37,060","34,310"
6629,泰金-KY,"6,000","12,000","-6,000",0.0,0.0,0.0,0,0,0,0,0,0,0,0,0,0,"-6,000"
6637,醫影,"9,000","46,000","-37,000",0.0,0.0,0.0,0,0,0,-212,0,0,0,"2,000","2,212",-212,"-37,212"
6640,均華,"148,000","345,071","-197,071",0.0,0.0,0.0,0,0,0,-57,0,0,0,"59,241","59,298",-57,"-197,128"
6642,富致,"417,100","305,427","111,673",0.0,0.0,0.0,0,0,0,"3,705","4,300",0,"4,300","1,757","2,352",-595,"115,378"
6643,M31,"173,020","175,160","-2,140",0.0,0.0,0.0,0,0,0,"20,030","2,000",0,"2,000","19,640","1,610","18,030","17,890"
6649,台生材,"4,000","5,000","-1,000",0.0,0.0,0.0,0,0,0,0,0,0,0,0,0,0,"-1,000"
6651,全宇昕,"124,450","72,000","52,450",0.0,0.0,0.0,0,0,0,"3,467","1,000",0,"1,000","4,497","2,030","2,467","55,917"
6654,天正國際,"5,000","9,000","-4,000",0.0,0.0,0.0,0,0,0,"2,000","2,000",0,"2,000",0,0,0,"-2,000"
6664,群翊,"146,050","85,000","61,050",0.0,0.0,0.0,0,0,0,907,0,0,0,"6,274","5,367",907,"61,957"
6667,信紘科,"30,000","176,500","-146,500",0.0,0.0,0.0,0,0,0,"-2,517",0,0,0,"7,047","9,564","-2,517","-149,017"
6679,鈺太,"65,767","107,000","-41,233",0.0,0.0,0.0,0,0,0,-386,"3,000",0,"3,000","3,000","6,386","-3,386","-41,619"
6680,鑫創電子,"1,000",0,"1,000",0.0,0.0,0.0,0,0,0,-1,0,0,0,0,1,-1,999
6683,雍智科技,"283,174","376,000","-92,826",0.0,0.0,0.0,0,"1,000","-1,000","-14,780","2,000","7,604","-5,604","21,975","31,151","-9,176","-108,606"
6684,安格,"83,000","29,000","54,000",0.0,0.0,0.0,0,0,0,169,0,0,0,169,0,169,"54,169"
6690,安碁資訊,451,"4,000","-3,549",0.0,0.0,0.0,0,0,0,0,0,0,0,0,0,0,"-3,549"
6692,進能服,"4,000","3,000","1,000",0.0,0.0,0.0,0,0,0,100,0,0,0,100,0,100,"1,100"
6693,廣閎科,"277,000","439,430","-162,430",0.0,0.0,0.0,0,0,0,"-8,585","9,000",0,"9,000","3,024","20,609","-17,585","-171,015"
6697,東捷資訊,"6,000",0,"6,000",0.0,0.0,0.0,0,0,0,-4,0,0,0,0,4,-4,"5,996"
6703,軒郁,"11,592","9,000","2,592",0.0,0.0,0.0,0,0,0,-684,0,0,0,316,"1,000",-684,"1,908"
6712,長聖,"97,020","152,520","-55,500",0.0,0.0,0.0,0,0,0,"4,535","8,000","2,965","5,035","2,000","2,500",-500,"-50,965"
6716,應廣,"573,000","419,520","153,480",0.0,0.0,0.0,0,0,0,"-45,859",0,0,0,"1,568","47,427","-45,859","107,621"
6720,久昌,"9,050","4,000","5,050",0.0,0.0,0.0,0,0,0,0,0,0,0,0,0,0,"5,050"
6725,矽科宏晟,"30,000","36,000","-6,000",0.0,0.0,0.0,0,0,0,"-1,246",0,0,0,4,"1,250","-1,246","-7,246"
6727,亞泰金屬,"234,000","234,193",-193,0.0,0.0,0.0,0,0,0,911,0,0,0,"5,572","4,661",911,718
6728,上洋,"10,000","2,000","8,000",0.0,0.0,0.0,0,0,0,0,0,0,0,0,0,0,"8,000"
6730,常廣,0,"1,000","-1,000",0.0,0.0,0.0,0,0,0,"-1,000",0,"1,000","-1,000",0,0,0,"-2,000"
6732,昇佳電子,"57,301","53,000","4,301",0.0,0.0,0.0,0,0,0,"-1,221",0,0,0,"1,252","2,473","-1,221","3,080"
6733,博晟生醫,"7,000","14,000","-7,000",0.0,0.0,0.0,0,0,0,2,0,0,0,2,0,2,"-6,998"
6735,美達科技,"30,000","17,000","13,000",0.0,0.0,0.0,0,0,0,405,0,0,0,"2,000","1,595",405,"13,405"
6739,竹陞科技,"59,000","51,000","8,000",0.0,0.0,0.0,0,0,0,239,"6,000",0,"6,000","4,868","10,629","-5,761","8,239"
6741,91APP*-KY,"121,000","41,000","80,000",0.0,0.0,0.0,0,0,0,533,0,0,0,"1,000",467,533,"80,533"
6751,智聯服務,0,"1,000","-1,000",0.0,0.0,0.0,0,0,0,0,0,0,0,0,0,0,"-1,000"
6752,叡揚,"8,000","8,000",0,0.0,0.0,0.0,0,0,0,166,0,0,0,"2,166","2,000",166,166
6761,穩得,"576,007","287,000","289,007",0.0,0.0,0.0,0,0,0,"9,604",0,0,0,"21,454","11,850","9,604","298,611"
6763,綠界科技*,"62,000","36,000","26,000",0.0,0.0,0.0,0,0,0,"-12,329",0,0,0,"3,000","15,329","-12,329","13,671"
6785,昱展新藥,"18,000","14,000","4,000",0.0,0.0,0.0,0,0,0,-849,0,0,0,390,"1,239",-849,"3,151"
6788,華景電,"60,000","62,994","-2,994",0.0,0.0,0.0,0,0,0,-432,0,0,0,"8,260","8,692",-432,"-3,426"
6791,虎門科技,"1,000","7,000","-6,000",0.0,0.0,0.0,0,0,0,-76,0,0,0,0,76,-76,"-6,076"
6803,崑鼎,"2,000","42,000","-40,000",0.0,0.0,0.0,0,0,0,13,0,0,0,"2,000","1,987",13,"-39,987"
6804,明係,"58,000","90,000","-32,000",0.0,0.0,0.0,0,0,0,"-4,339",0,"4,339","-4,339",0,0,0,"-36,339"
6811,宏碁資訊,"12,022","63,232","-51,210",0.0,0.0,0.0,0,0,0,"-2,108",0,0,0,0,"2,108","-2,108","-53,318"
6821,聯寶,"40,000","27,000","13,000",0.0,0.0,0.0,0,0,0,0,0,0,0,0,0,0,"13,000"
6823,濾能,"56,000","85,000","-29,000",0.0,0.0,0.0,0,0,0,228,0,0,0,"1,196",968,228,"-28,772"
6829,千附精密,"232,243","329,000","-96,757",0.0,0.0,0.0,0,0,0,"-13,384",0,0,0,"8,868","22,252","-13,384","-110,141"
6840,東研信超,"25,000","8,000","17,000",0.0,0.0,0.0,0,0,0,158,0,0,0,158,0,158,"17,158"
6841,長佳智能,"30,000","32,000","-2,000",0.0,0.0,0.0,0,0,0,-279,0,0,0,0,279,-279,"-2,279"
6844,諾貝兒,"2,000",0,"2,000",0.0,0.0,0.0,0,0,0,0,0,0,0,0,0,0,"2,000"
6846,綠茵,0,"1,000","-1,000",0.0,0.0,0.0,0,0,0,0,0,0,0,0,0,0,"-1,000"
6859,伯特光,"1,000","12,000","-11,000",0.0,0.0,0.0,0,0,0,0,0,0,0,0,0,0,"-11,000"
6865,偉康科技,"1,000","1,000",0,0.0,0.0,0.0,0,0,0,0,0,0,0,0,0,0,0
6870,騰雲,"9,000","18,000","-9,000",0.0,0.0,0.0,0,0,0,"-1,944",0,"2,062","-2,062",330,212,118,"-10,944"
6874,倍力,"3,200","26,000","-22,800",0.0,0.0,0.0,0,0,0,"1,152",0,0,0,"2,000",848,"1,152","-21,648"
6875,國邑*,"22,000","13,000","9,000",0.0,0.0,0.0,0,0,0,187,0,0,0,"1,000",813,187,"9,187"
6877,鏵友益,"23,000","12,000","11,000",0.0,0.0,0.0,0,0,0,"-2,050",0,0,0,"1,950","4,000","-2,050","8,950"
6894,衛司特,"3,000","11,000","-8,000",0.0,0.0,0.0,0,0,0,"-2,606","1,000","3,000","-2,000",0,606,-606,"-10,606"
6895,宏碩系統,"6,050","7,000",-950,0.0,0.0,0.0,0,0,0,-180,0,0,0,0,180,-180,"-1,130"
6899,創為精密,"5,000","3,000","2,000",0.0,0.0,0.0,0,0,0,0,0,0,0,0,0,0,"2,000"
6903,巨漢,"69,000","99,000","-30,000",0.0,0.0,0.0,0,0,0,"-1,701",0,"1,000","-1,000","4,000","4,701",-701,"-31,701"
6907,雅特力-KY,"523,014","656,000","-132,986",0.0,0.0,0.0,0,0,0,"16,280",0,37,-37,"26,661","10,344","16,317","-116,706"
6910,德鴻,0,"1,000","-1,000",0.0,0.0,0.0,0,0,0,0,0,0,0,0,0,0,"-1,000"
6913,鴻呈,"118,911","123,700","-4,789",0.0,0.0,0.0,0,0,0,"5,963",0,"8,000","-8,000","21,259","7,296","13,963","1,174"
6922,宸曜,"457,300","165,199","292,101",0.0,0.0,0.0,0,0,0,"-28,788","19,000",0,"19,000","58,150","105,938","-47,788","263,313"
6925,意藍,0,"5,000","-5,000",0.0,0.0,0.0,0,0,0,0,0,0,0,0,0,0,"-5,000"
6945,圓祥生技,"436,429","73,000","363,429",0.0,0.0,0.0,0,0,0,"-1,100",0,"1,100","-1,100",0,0,0,"362,329"
6953,家碩,"2,000","2,000",0,0.0,0.0,0.0,0,0,0,173,0,0,0,178,5,173,173
6961,旅天下,0,"1,000","-1,000",0.0,0.0,0.0,0,0,0,0,0,0,0,0,0,0,"-1,000"
6967,汎瑋材料,"22,000","3,000","19,000",0.0,0.0,0.0,0,0,0,0,0,0,0,0,0,0,"19,000"
6968,萬達寵物,"2,000","6,000","-4,000",0.0,0.0,0.0,0,0,0,-219,0,0,0,0,219,-219,"-4,219"
6971,惠民實業,"1,000","3,000","-2,000",0.0,0.0,0.0,0,0,0,0,0,0,0,0,0,0,"-2,000"
6982,大井泵浦,"1,000","4,000","-3,000",0.0,0.0,0.0,0,0,0,0,0,0,0,0,0,0,"-3,000"
6983,華洋精機,"3,000","6,000","-3,000",0.0,0.0,0.0,0,0,0,-234,0,0,0,0,234,-234,"-3,234"
6986,和迅,"1,000","4,000","-3,000",0.0,0.0,0.0,0,0,0,"-16,000",0,"16,000","-16,000",0,0,0,"-19,000"
6996,力領科技,"7,000","16,000","-9,000",0.0,0.0,0.0,0,0,0,985,"1,000",0,"1,000",0,15,-15,"-8,015"
7402,邑錡,"214,000","440,000","-226,000",0.0,0.0,0.0,0,0,0,"1,485",0,0,0,"7,302","5,817","1,485","-224,515"
7547,碩網,"2,000","2,000",0,0.0,0.0,0.0,0,0,0,0,0,0,0,0,0,0,0
7556,意德士,"5,000","7,000","-2,000",0.0,0.0,0.0,0,0,0,"1,336","2,000",0,"2,000",5,669,-664,-664
7642,昶瑞機電,0,"3,000","-3,000",0.0,0.0,0.0,0,0,0,0,0,0,0,0,0,0,"-3,000"
7703,銳澤,"94,070","26,000","68,070",0.0,0.0,0.0,0,0,0,97,0,0,0,"1,000",903,97,"68,167"
7704,明遠精密,"26,000","26,000",0,0.0,0.0,0.0,0,0,0,-77,"1,000","1,000",0,20,97,-77,-77
7709,榮田,"4,000","9,000","-5,000",0.0,0.0,0.0,0,0,0,0,0,0,0,0,0,0,"-5,000"
7712,博盛半導體,"31,040","81,000","-49,960",0.0,0.0,0.0,0,0,0,"44,284",0,20,-20,"47,462","3,158","44,304","-5,676"
7713,威力德生醫,"2,000","2,000",0,0.0,0.0,0.0,0,0,0,0,0,0,0,0,0,0,0
7714,創泓科技,"66,844","117,000","-50,156",0.0,0.0,0.0,0,0,0,"-1,102",0,0,0,"2,826","3,928","-1,102","-51,258"
7715,裕山,"20,000","16,000","4,000",0.0,0.0,0.0,0,0,0,0,0,0,0,0,0,0,"4,000"
7717,萊德光電-KY,"75,000","55,000","20,000",0.0,0.0,0.0,0,0,0,"-2,799",0,0,0,861,"3,660","-2,799","17,201"
7718,友鋮,"2,000",0,"2,000",0.0,0.0,0.0,0,0,0,0,0,0,0,0,0,0,"2,000"
7723,築間,"17,000","86,000","-69,000",0.0,0.0,0.0,0,0,0,-539,0,539,-539,0,0,0,"-69,539"
7728,光焱科技,"1,000","1,000",0,0.0,0.0,0.0,0,0,0,0,0,0,0,0,0,0,0
7734,印能科技,"29,008","98,000","-68,992",0.0,0.0,0.0,0,"50,000","-50,000","8,266","13,000","3,059","9,941","8,612","10,287","-1,675","-110,726"
7738,東聯互動,"1,000",0,"1,000",0.0,0.0,0.0,0,0,0,0,0,0,0,0,0,0,"1,000"
7744,崴寶,"13,000","22,000","-9,000",0.0,0.0,0.0,0,0,0,-734,"1,000",799,201,301,"1,236",-935,"-9,734"
7747,昕奇雲端,0,200,-200,0.0,0.0,0.0,0,0,0,0,0,0,0,0,0,0,-200
7751,竑騰,"38,000","71,000","-33,000",0.0,0.0,0.0,0,0,0,"-2,496","6,000","28,312","-22,312","30,000","10,184","19,816","-35,496"
7753,星亞,0,"1,000","-1,000",0.0,0.0,0.0,0,0,0,0,0,0,0,0,0,0,"-1,000"
7757,金色三麥,0,"3,000","-3,000",0.0,0.0,0.0,0,0,0,0,0,0,0,0,0,0,"-3,000"
7767,仁大資訊,"23,000","7,000","16,000",0.0,0.0,0.0,0,0,0,0,0,0,0,0,0,0,"16,000"
7770,君曜,0,"1,000","-1,000",0.0,0.0,0.0,0,0,0,"-1,000",0,"1,000","-1,000",0,0,0,"-2,000"
7772,耀穎,"21,000","9,000","12,000",0.0,0.0,0.0,0,0,0,-9,0,0,0,0,9,-9,"11,991"
7777,能率亞洲,"435,356","493,000","-57,644",0.0,0.0,0.0,0,0,0,"-32,036",0,0,0,"3,083","35,119","-32,036","-89,680"
7782,光速火箭,"1,000","1,000",0,0.0,0.0,0.0,0,0,0,0,0,0,0,0,0,0,0
7792,安葆,"46,000","61,000","-15,000",0.0,0.0,0.0,0,0,0,"-1,950",0,0,0,0,"1,950","-1,950","-16,950"
7794,宏碁智新,"1,000",0,"1,000",0.0,0.0,0.0,0,0,0,0,0,0,0,0,0,0,"1,000"
7805,威聯通,"41,000","13,000","28,000",0.0,0.0,0.0,0,0,0,"2,419",0,0,0,"3,513","1,094","2,419","30,419"
7810,捷創科技,"6,000","6,000",0,0.0,0.0,0.0,0,0,0,0,0,0,0,0,0,0,0
7814,海昌生技,"1,000","5,000","-4,000",0.0,0.0,0.0,0,0,0,0,0,0,0,0,0,0,"-4,000"
7819,精誠金融,"1,000","6,000","-5,000",0.0,0.0,0.0,0,0,0,0,0,0,0,0,0,0,"-5,000"
7820,立盈,"8,000","38,000","-30,000",0.0,0.0,0.0,0,0,0,0,0,0,0,0,0,0,"-30,000"
7828,創新服務,"47,000","24,000","23,000",0.0,0.0,0.0,0,0,0,0,"1,000","1,000",0,0,0,0,"23,000"
7839,達人網,0,0,0,0.0,0.0,0.0,0,0,0,"-5,000",0,"5,000","-5,000",0,0,0,"-5,000"
7842,天能綠電,"11,030","72,000","-60,970",0.0,0.0,0.0,0,0,0,"-14,634",0,"14,634","-14,634",0,0,0,"-75,604"
8024,佑華,"1,000","5,000","-4,000",0.0,0.0,0.0,0,0,0,218,0,0,0,218,0,218,"-3,782"
8027,鈦昇,"476,068","481,078","-5,010",0.0,0.0,0.0,0,0,0,"-1,825",0,0,0,"20,851","22,676","-1,825","-6,835"
8032,光菱,"25,000","14,000","11,000",0.0,0.0,0.0,0,0,0,"-4,988",0,"5,000","-5,000",14,2,12,"6,012"
8034,榮群,"22,000","6,000","16,000",0.0,0.0,0.0,0,0,0,0,0,0,0,0,0,0,"16,000"
8038,長園科,"26,000","19,004","6,996",0.0,0.0,0.0,0,0,0,0,0,0,0,0,0,0,"6,996"
8040,九暘,"119,000","89,050","29,950",0.0,0.0,0.0,0,0,0,741,0,0,0,"2,030","1,289",741,"30,691"
8042,金山電,"2,686,000","4,729,000","-2,043,000",0.0,0.0,0.0,0,0,0,"9,367",0,"2,800","-2,800","109,148","96,981","12,167","-2,033,633"
8043,蜜望實,"2,545,935","2,861,000","-315,065",0.0,0.0,0.0,0,0,0,"77,822","6,000",0,"6,000","151,414","79,592","71,822","-237,243"
8044,網家,"122,200","57,000","65,200",0.0,0.0,0.0,0,0,0,"-6,001","2,000","8,000","-6,000","4,000","4,001",-1,"59,199"
8047,星雲,0,"10,000","-10,000",0.0,0.0,0.0,0,0,0,"1,000","1,000",0,"1,000",0,0,0,"-9,000"
8048,德勝,"11,000","42,000","-31,000",0.0,0.0,0.0,0,0,0,-133,0,0,0,"2,000","2,133",-133,"-31,133"
8049,晶采,"2,000","40,000","-38,000",0.0,0.0,0.0,0,0,0,-426,0,0,0,0,426,-426,"-38,426"
8050,廣積,"505,350","3,218,533","-2,713,183",0.0,0.0,0.0,0,0,0,"-21,271","5,000",0,"5,000","13,000","39,271","-26,271","-2,734,454"
8054,安國,"229,080","163,057","66,023",0.0,0.0,0.0,0,0,0,-766,0,0,0,"1,169","1,935",-766,"65,257"
8059,凱碩,"13,000","94,000","-81,000",0.0,0.0,0.0,0,0,0,"-3,122",0,"3,000","-3,000","1,000","1,122",-122,"-84,122"
8064,東捷,"937,522","794,001","143,521",0.0,0.0,0.0,0,0,0,"12,047","7,740",0,"7,740","41,967","37,660","4,307","155,568"
8066,來思達,"2,000",0,"2,000",0.0,0.0,0.0,0,0,0,-125,0,0,0,0,125,-125,"1,875"
8068,全達,"18,000","19,000","-1,000",0.0,0.0,0.0,0,0,0,0,0,0,0,0,0,0,"-1,000"
8069,元太,"4,259,047","13,392,493","-9,133,446",0.0,0.0,0.0,"7,000","70,338","-63,338","-501,990","83,000","163,117","-80,117","96,000","517,873","-421,873","-9,698,774"
8071,能率網通,"180,358","109,000","71,358",0.0,0.0,0.0,0,0,0,0,0,0,0,0,0,0,"71,358"
8074,鉅橡,"283,030","508,000","-224,970",0.0,0.0,0.0,0,0,0,"13,061",0,0,0,"18,000","4,939","13,061","-211,909"
8076,伍豐,"312,247","330,104","-17,857",0.0,0.0,0.0,0,0,0,"-12,129",0,0,0,"2,078","14,207","-12,129","-29,986"
8077,洛碁,0,"1,000","-1,000",0.0,0.0,0.0,0,0,0,0,0,0,0,0,0,0,"-1,000"
8080,泰霖,"1,000","2,000","-1,000",0.0,0.0,0.0,0,0,0,0,0,0,0,0,0,0,"-1,000"
8083,瑞穎,"6,000","13,000","-7,000",0.0,0.0,0.0,0,0,0,-490,0,0,0,0,490,-490,"-7,490"
8084,巨虹,"386,000","84,000","302,000",0.0,0.0,0.0,0,0,0,-315,0,0,0,"1,400","1,715",-315,"301,685"
8085,福華,"61,000","24,000","37,000",0.0,0.0,0.0,0,0,0,-11,0,0,0,0,11,-11,"36,989"
8086,宏捷科,"1,635,115","2,219,133","-584,018",0.0,0.0,0.0,0,0,0,458,"66,000","16,000","50,000","57,005","106,547","-49,542","-583,560"
8087,麗升能源,"1,000",0,"1,000",0.0,0.0,0.0,0,0,0,"-1,002",0,"1,000","-1,000",0,2,-2,-2
8088,品安,"282,000","316,140","-34,140",0.0,0.0,0.0,0,0,0,666,0,0,0,"2,000","1,334",666,"-33,474"
8089,康全電訊,"17,000","13,000","4,000",0.0,0.0,0.0,0,0,0,0,0,0,0,0,0,0,"4,000"
8091,翔名,"130,107","128,000","2,107",0.0,0.0,0.0,0,0,0,"16,583",0,0,0,"20,873","4,290","16,583","18,690"
8092,建暐,"2,000","1,000","1,000",0.0,0.0,0.0,0,0,0,-1,0,0,0,0,1,-1,999
8093,保銳,"1,000","1,000",0,0.0,0.0,0.0,0,0,0,0,0,0,0,0,0,0,0
8096,擎亞,"1,288,982","1,329,336","-40,354",0.0,0.0,0.0,0,0,0,"16,319",0,0,0,"46,616","30,297","16,319","-24,035"
8097,常珵,"4,000","16,000","-12,000",0.0,0.0,0.0,0,0,0,0,0,0,0,0,0,0,"-12,000"
8099,大世科,"7,000","15,001","-8,001",0.0,0.0,0.0,0,0,0,-583,0,0,0,0,583,-583,"-8,584"
8102,傑霖科技,0,"1,000","-1,000",0.0,0.0,0.0,0,0,0,0,0,0,0,0,0,0,"-1,000"
8107,大億金茂,"31,000","2,000","29,000",0.0,0.0,0.0,0,0,0,1,0,0,0,1,0,1,"29,001"
8109,博大,"117,000","63,000","54,000",0.0,0.0,0.0,0,0,0,"4,020","4,000","4,000",0,"5,356","1,336","4,020","58,020"
8111,立碁,"630,456","1,078,000","-447,544",0.0,0.0,0.0,0,0,0,"-41,843",0,0,0,"17,023","58,866","-41,843","-489,387"
8121,越峰,"387,561","350,000","37,561",0.0,0.0,0.0,0,0,0,"31,631","26,000",0,"26,000","7,562","1,931","5,631","69,192"
8147,正淩,"56,000","26,981","29,019",0.0,0.0,0.0,0,0,0,-102,0,0,0,"2,880","2,982",-102,"28,917"
8155,博智,"171,000","252,035","-81,035",0.0,0.0,0.0,0,0,0,"30,257","9,000","8,000","1,000","34,580","5,323","29,257","-50,778"
8171,天宇,"26,000","9,000","17,000",0.0,0.0,0.0,0,0,0,10,0,0,0,10,0,10,"17,010"
8176,智捷,"2,000","8,000","-6,000",0.0,0.0,0.0,0,0,0,-102,0,0,0,0,102,-102,"-6,102"
8182,加高,"267,000","247,000","20,000",0.0,0.0,0.0,0,0,0,"-1,966",0,0,0,"1,008","2,974","-1,966","18,034"
8183,精星,"41,000","16,000","25,000",0.0,0.0,0.0,0,0,0,604,0,0,0,623,19,604,"25,604"
8227,巨有科技,"268,102","254,388","13,714",0.0,0.0,0.0,0,0,0,"13,669",0,0,0,"22,156","8,487","13,669","27,383"
8234,新漢,"388,693","396,145","-7,452",0.0,0.0,0.0,0,0,0,587,0,0,0,622,35,587,"-6,865"
8240,華宏,"46,090","65,000","-18,910",0.0,0.0,0.0,0,0,0,-958,0,0,0,"2,000","2,958",-958,"-19,868"
8255,朋程,"149,005","129,000","20,005",0.0,0.0,0.0,0,0,0,"-7,781",0,0,0,"3,460","11,241","-7,781","12,224"
8277,商丞,"11,000",0,"11,000",0.0,0.0,0.0,0,0,0,0,0,0,0,0,0,0,"11,000"
8279,生展,0,"1,000","-1,000",0.0,0.0,0.0,0,0,0,0,0,0,0,0,0,0,"-1,000"
8284,三竹,"2,000","2,000",0,0.0,0.0,0.0,0,0,0,"1,000",0,0,0,"1,000",0,"1,000","1,000"
8289,泰藝,"194,000","153,000","41,000",0.0,0.0,0.0,0,0,0,-741,0,"1,000","-1,000","3,279","3,020",259,"40,259"
8291,尚茂,"6,000","4,000","2,000",0.0,0.0,0.0,0,0,0,0,0,0,0,0,0,0,"2,000"
8299,群聯,"1,159,465","963,095","196,370",0.0,0.0,0.0,"1,457","9,890","-8,433","108,763","104,000","43,105","60,895","89,912","42,044","47,868","296,700"
8342,益張,"1,000",0,"1,000",0.0,0.0,0.0,0,0,0,0,0,0,0,0,0,0,"1,000"
8349,恒耀,"8,000","14,000","-6,000",0.0,0.0,0.0,0,0,0,0,0,0,0,0,0,0,"-6,000"
8354,冠好,"48,000","62,000","-14,000",0.0,0.0,0.0,0,0,0,669,0,0,0,"3,669","3,000",669,"-13,331"
8358,金居,"10,721,905","4,146,690","6,575,215",0.0,0.0,0.0,"20,000",0,"20,000","613,478","544,000","130,000","414,000","251,994","52,516","199,478","7,208,693"
8383,千附,"887,232","1,055,001","-167,769",0.0,0.0,0.0,0,0,0,"-24,722","3,000","3,000",0,0,"24,722","-24,722","-192,491"
8390,金益鼎,"141,000","330,000","-189,000",0.0,0.0,0.0,0,0,0,"-22,823",0,75,-75,"17,000","39,748","-22,748","-211,823"
8401,白紗科,"14,000","2,000","12,000",0.0,0.0,0.0,0,0,0,0,0,0,0,0,0,0,"12,000"
8403,盛弘,"135,000","82,000","53,000",0.0,0.0,0.0,0,0,0,0,0,0,0,0,0,0,"53,000"
8409,商之器,0,0,0,0.0,0.0,0.0,0,0,0,-1,0,0,0,0,1,-1,-1
8410,森田,"1,000","1,000",0,0.0,0.0,0.0,0,0,0,0,0,0,0,0,0,0,0
8415,大國鋼,"263,000","494,000","-231,000",0.0,0.0,0.0,0,0,0,"11,230","13,000","2,000","11,000","2,000","1,770",230,"-219,770"
8421,旭源,"43,090","58,230","-15,140",0.0,0.0,0.0,0,0,0,-412,0,0,0,"1,000","1,412",-412,"-15,552"
8423,保綠-KY,0,"2,000","-2,000",0.0,0.0,0.0,0,0,0,0,0,0,0,0,0,0,"-2,000"
8424,惠普,0,"3,000","-3,000",0.0,0.0,0.0,0,0,0,0,0,0,0,0,0,0,"-3,000"
8426,紅木-KY,"7,000","7,000",0,0.0,0.0,0.0,0,0,0,0,0,0,0,0,0,0,0
8431,匯鑽科,"40,000","72,001","-32,001",0.0,0.0,0.0,0,0,0,17,0,0,0,17,0,17,"-31,984"
8432,東生華,"1,000","2,000","-1,000",0.0,0.0,0.0,0,0,0,-78,0,0,0,0,78,-78,"-1,078"
8433,弘帆,0,"2,000","-2,000",0.0,0.0,0.0,0,0,0,0,0,0,0,0,0,0,"-2,000"
8436,大江,"261,150","1,181,000","-919,850",0.0,0.0,0.0,0,"1,000","-1,000","66,367","61,000","5,000","56,000","56,138","45,771","10,367","-854,483"
8437,大地-KY,"2,000",0,"2,000",0.0,0.0,0.0,0,0,0,0,0,0,0,0,0,0,"2,000"
8440,綠電,"3,000","8,001","-5,001",0.0,0.0,0.0,0,0,0,-196,0,0,0,0,196,-196,"-5,197"
8446,華研,"4,000","16,000","-12,000",0.0,0.0,0.0,0,0,0,0,0,0,0,0,0,0,"-12,000"
8450,霹靂,0,"1,000","-1,000",0.0,0.0,0.0,0,0,0,619,0,0,0,"1,000",381,619,-381
8489,三貝德,"2,000","1,000","1,000",0.0,0.0,0.0,0,0,0,145,0,0,0,"1,000",855,145,"1,145"
8905,裕國,"1,000","2,000","-1,000",0.0,0.0,0.0,0,0,0,"2,000","2,000",0,"2,000",0,0,0,"1,000"
8906,花王,"1,000","2,000","-1,000",0.0,0.0,0.0,0,0,0,-48,0,0,0,2,50,-48,"-1,048"
8908,欣雄,"13,000","3,000","10,000",0.0,0.0,0.0,0,0,0,-199,0,0,0,0,199,-199,"9,801"
8916,光隆,"21,000","129,000","-108,000",0.0,0.0,0.0,0,0,0,-358,0,0,0,0,358,-358,"-108,358"
8924,大田,"8,000","15,000","-7,000",0.0,0.0,0.0,0,0,0,-104,0,0,0,"1,000","1,104",-104,"-7,104"
8927,北基,"47,000","190,000","-143,000",0.0,0.0,0.0,0,0,0,819,0,0,0,"1,000",181,819,"-142,181"
8928,鉅明,"4,000","2,000","2,000",0.0,0.0,0.0,0,0,0,7,0,0,0,7,0,7,"2,007"
8929,富堡,0,"2,000","-2,000",0.0,0.0,0.0,0,0,0,-547,0,0,0,0,547,-547,"-2,547"
8931,大汽電,"2,000","1,000","1,000",0.0,0.0,0.0,0,0,0,-473,0,0,0,0,473,-473,527
8932,智通*,"1,082,769","592,956","489,813",0.0,0.0,0.0,0,0,0,"137,677","146,000","8,350","137,650","127,933","127,906",27,"627,490"
8933,愛地雅,"28,000","34,000","-6,000",0.0,0.0,0.0,0,0,0,0,0,0,0,0,0,0,"-6,000"
8935,邦泰,"16,000","41,000","-25,000",0.0,0.0,0.0,0,0,0,-1,0,0,0,0,1,-1,"-25,001"
8936,國統,"172,000","356,000","-184,000",0.0,0.0,0.0,0,"1,000","-1,000","53,808","52,000",0,"52,000","4,000","2,192","1,808","-131,192"
8937,合騏*,"3,000","1,000","2,000",0.0,0.0,0.0,0,0,0,0,0,0,0,0,0,0,"2,000"
8938,明安,"8,000","30,000","-22,000",0.0,0.0,0.0,0,0,0,343,"1,000",790,210,"1,000",867,133,"-21,657"
8941,關中,"1,000","1,000",0,0.0,0.0,0.0,0,0,0,0,0,0,0,0,0,0,0
8942,森鉅,"106,080","29,000","77,080",0.0,0.0,0.0,0,0,0,734,0,0,0,734,0,734,"77,814"
009806,台新標普500,0,0,0,0.0,0.0,0.0,0,0,0,"-34,167",0,0,0,"125,465","159,632","-34,167","-34,167"
009807,台新標普科技精選,"1,000",0,"1,000",0.0,0.0,0.0,0,0,0,"-25,194",0,0,0,"7,000","32,194","-25,194","-24,194"
009814,富邦標普500,0,"6,000","-6,000",0.0,0.0,0.0,0,0,0,"139,852",0,0,0,"341,000","201,148","139,852","133,852"
009815,大華美國MAG7+,0,"20,000","-20,000",0.0,0.0,0.0,0,0,0,"455,856",0,0,0,"1,337,000","881,144","455,856","435,856"
009822,華南永昌未來金融,0,0,0,0.0,0.0,0.0,0,0,0,"23,730",0,0,0,"574,398","550,668","23,730","23,730"
009823,群益S&P500,"1,000",0,"1,000",0.0,0.0,0.0,0,0,0,"1,644,114",0,0,0,"2,174,000","529,886","1,644,114","1,645,114"
009825,聯邦美國金融創新,0,0,0,0.0,0.0,0.0,0,0,0,"2,936,000",0,0,0,"2,936,000",0,"2,936,000","2,936,000"
9949,琉園,"5,000","1,000","4,000",0.0,0.0,0.0,0,0,0,0,0,0,0,0,0,0,"4,000"
9951,皇田,0,"1,000","-1,000",0.0,0.0,0.0,0,0,0,0,0,0,0,0,0,0,"-1,000"
9960,邁達康,"6,000","5,000","1,000",0.0,0.0,0.0,0,0,0,"-5,000",0,"5,000","-5,000",0,0,0,"-4,000"
9962,有益,"17,000","1,000","16,000",0.0,0.0,0.0,0,0,0,-401,0,0,0,599,"1,000",-401,"15,599"
020025,統一亞洲半導體N,0,0,0,0.0,0.0,0.0,0,0,0,"114,000",0,0,0,"114,000",0,"114,000","114,000"
020033,統一恒生科期N,0,0,0,0.0,0.0,0.0,0,0,0,"-10,000",0,0,0,"5,000","15,000","-10,000","-10,000"
020035,元大上櫃ESG高息N,0,0,0,0.0,0.0,0.0,0,0,0,"1,000",0,0,0,"1,000",0,"1,000","1,000"
020041,兆豐半導體氣候N,0,0,0,0.0,0.0,0.0,0,0,0,"-53,000",0,0,0,"4,000","57,000","-53,000","-53,000"
72414U,振曜群益5A售01,0,0,0,0.0,0.0,0.0,0,0,0,"-2,000",0,0,0,0,"2,000","-2,000","-2,000"
72523U,新應材群益5B售01,0,0,0,0.0,0.0,0.0,0,0,0,"10,000",0,0,0,"10,000",0,"10,000","10,000"
72610U,富喬國票5C售02,0,0,0,0.0,0.0,0.0,0,0,0,"-7,000",0,0,0,0,"7,000","-7,000","-7,000"
72692U,信驊群益61售02,0,0,0,0.0,0.0,0.0,0,0,0,"-245,000",0,0,0,0,"245,000","-245,000","-245,000"
72713U,世界群益5B售01,0,0,0,0.0,0.0,0.0,0,0,0,"10,000",0,0,0,"10,000",0,"10,000","10,000"
72735U,世界群益5A售01,0,0,0,0.0,0.0,0.0,0,0,0,"-40,000",0,0,0,"5,000","45,000","-40,000","-40,000"
72742U,精測國票59售03,0,0,0,0.0,0.0,0.0,0,0,0,"1,000",0,0,0,"1,000",0,"1,000","1,000"
72747U,閎康群益5A售02,0,0,0,0.0,0.0,0.0,0,0,0,"10,000",0,0,0,"10,000",0,"10,000","10,000"
72748U,精測群益5A售02,0,0,0,0.0,0.0,0.0,0,0,0,"-1,000",0,0,0,"4,000","5,000","-1,000","-1,000"
72749U,精測群益62售04,0,0,0,0.0,0.0,0.0,0,0,0,"5,000",0,0,0,"13,000","8,000","5,000","5,000"
72754U,博智群益62售02,0,0,0,0.0,0.0,0.0,0,0,0,"-200,000",0,0,0,0,"200,000","-200,000","-200,000"
72787U,神盾群益59售01,0,0,0,0.0,0.0,0.0,0,0,0,0,0,0,0,"100,000","100,000",0,0
72790U,閎康群益63售01,0,0,0,0.0,0.0,0.0,0,0,0,"2,000",0,0,0,"2,000",0,"2,000","2,000"
72794U,雙鴻凱基5A售02,0,0,0,0.0,0.0,0.0,0,0,0,"14,000",0,0,0,"14,000",0,"14,000","14,000"
72795U,神盾群益61售01,0,0,0,0.0,0.0,0.0,0,0,0,"-5,000",0,0,0,0,"5,000","-5,000","-5,000"
72797U,台特化國票5A售02,0,0,0,0.0,0.0,0.0,0,0,0,"20,000",0,0,0,"20,000",0,"20,000","20,000"
72799U,雙鴻國票5A售01,0,0,0,0.0,0.0,0.0,0,0,0,"-310,000",0,0,0,0,"310,000","-310,000","-310,000"
72810U,鑫聯國票5A售02,0,0,0,0.0,0.0,0.0,0,0,0,"-84,000",0,0,0,0,"84,000","-84,000","-84,000"
72813U,宜鼎群益5B售03,0,0,0,0.0,0.0,0.0,0,0,0,"47,000",0,0,0,"60,000","13,000","47,000","47,000"
72814U,精測群益5B售02,0,0,0,0.0,0.0,0.0,0,0,0,"27,000",0,0,0,"36,000","9,000","27,000","27,000"
72815U,精測元富59售09,0,0,0,0.0,0.0,0.0,0,0,0,"20,000",0,0,0,"20,000",0,"20,000","20,000"
72819U,鑫科國票59售02,0,0,0,0.0,0.0,0.0,0,0,0,"25,000",0,0,0,"25,000",0,"25,000","25,000"
72829U,宏捷科群益5C售01,0,0,0,0.0,0.0,0.0,0,0,0,"35,000",0,0,0,"40,000","5,000","35,000","35,000"
72830U,元太凱基5B售03,0,0,0,0.0,0.0,0.0,0,0,0,"488,000",0,0,0,"770,000","282,000","488,000","488,000"
72832U,閎康國票5A售04,0,0,0,0.0,0.0,0.0,0,0,0,"1,000",0,0,0,"1,000",0,"1,000","1,000"
72836U,東捷群益5B售01,0,0,0,0.0,0.0,0.0,0,0,0,"48,000",0,0,0,"50,000","2,000","48,000","48,000"
72842U,鈊象群益63售01,0,0,0,0.0,0.0,0.0,0,0,0,"-4,000",0,0,0,0,"4,000","-4,000","-4,000"
72843U,精材群益63售01,0,0,0,0.0,0.0,0.0,0,0,0,"-222,000",0,0,0,0,"222,000","-222,000","-222,000"
72847U,印能國票5A售04,0,0,0,0.0,0.0,0.0,0,0,0,"-2,000",0,0,0,0,"2,000","-2,000","-2,000"
72852U,旺矽元大5A售03,0,0,0,0.0,0.0,0.0,0,0,0,"-166,000",0,0,0,0,"166,000","-166,000","-166,000"
72855U,信驊富邦5C售02,0,0,0,0.0,0.0,0.0,0,0,0,"617,000",0,0,0,"1,178,000","561,000","617,000","617,000"
72856U,頎邦凱基5A售03,0,0,0,0.0,0.0,0.0,0,0,0,"6,000",0,0,0,"6,000",0,"6,000","6,000"
72857U,雙鴻元大5A售06,0,0,0,0.0,0.0,0.0,0,0,0,"-27,000",0,0,0,"73,000","100,000","-27,000","-27,000"
72859U,弘塑國票5B售02,0,0,0,0.0,0.0,0.0,0,0,0,"32,000",0,0,0,"83,000","51,000","32,000","32,000"
72860U,弘塑元大5A售03,0,0,0,0.0,0.0,0.0,0,0,0,"2,000",0,0,0,"2,000",0,"2,000","2,000"
72861U,華電網凱基5A售01,0,0,0,0.0,0.0,0.0,0,0,0,"-13,000",0,0,0,0,"13,000","-13,000","-13,000"
72862U,群聯國票5B售02,0,0,0,0.0,0.0,0.0,0,0,0,"-117,000",0,0,0,"10,000","127,000","-117,000","-117,000"
72863U,蜜望實國票5A售03,0,0,0,0.0,0.0,0.0,0,0,0,"-22,000",0,0,0,"48,000","70,000","-22,000","-22,000"
72864U,群聯凱基5A售03,0,0,0,0.0,0.0,0.0,0,0,0,"-47,000",0,0,0,"55,000","102,000","-47,000","-47,000"
72865U,信驊永豐5B售03,0,0,0,0.0,0.0,0.0,0,0,0,"50,000",0,0,0,"50,000",0,"50,000","50,000"
72866U,旺矽凱基5A售06,0,0,0,0.0,0.0,0.0,0,0,0,"13,000",0,0,0,"15,000","2,000","13,000","13,000"
72867U,旺矽富邦61售01,0,0,0,0.0,0.0,0.0,0,0,0,"10,000",0,0,0,"10,000",0,"10,000","10,000"
72869U,立碁國票5B售03,0,0,0,0.0,0.0,0.0,0,0,0,"27,000",0,0,0,"27,000",0,"27,000","27,000"
72873U,威剛國票5C售02,0,0,0,0.0,0.0,0.0,0,0,0,"-1,000",0,0,0,0,"1,000","-1,000","-1,000"
72874U,威剛群益5C售02,0,0,0,0.0,0.0,0.0,0,0,0,"1,201,000",0,0,0,"1,201,000",0,"1,201,000","1,201,000"
72875U,威剛凱基5B售05,0,0,0,0.0,0.0,0.0,0,0,0,"2,000",0,0,0,"2,000",0,"2,000","2,000"
72877U,群聯台新5B售07,0,0,0,0.0,0.0,0.0,0,0,0,"21,000",0,0,0,"21,000",0,"21,000","21,000"
72878U,群聯台新5B售08,0,0,0,0.0,0.0,0.0,0,0,0,"9,000",0,0,0,"15,000","6,000","9,000","9,000"
72881U,鈊象台新5B售03,0,0,0,0.0,0.0,0.0,0,0,0,"-25,000",0,0,0,0,"25,000","-25,000","-25,000"
72882U,環球晶台新5B售03,0,0,0,0.0,0.0,0.0,0,0,0,"65,000",0,0,0,"65,000",0,"65,000","65,000"
72883U,環球晶國票5B售02,0,0,0,0.0,0.0,0.0,0,0,0,"231,000",0,0,0,"278,000","47,000","231,000","231,000"
72886U,群聯群益5B售06,0,0,0,0.0,0.0,0.0,0,0,0,"26,000",0,0,0,"32,000","6,000","26,000","26,000"
72889U,新盛力群益5B售04,0,0,0,0.0,0.0,0.0,0,0,0,"-43,000",0,0,0,"40,000","83,000","-43,000","-43,000"
72890U,廣穎群益5B售03,0,0,0,0.0,0.0,0.0,0,0,0,"1,000",0,0,0,"1,000",0,"1,000","1,000"
72891U,世界台新5B售03,0,0,0,0.0,0.0,0.0,0,0,0,"25,000",0,0,0,"35,000","10,000","25,000","25,000"
72898U,雷科國票5B售03,0,0,0,0.0,0.0,0.0,0,0,0,"1,450,000",0,0,0,"1,952,000","502,000","1,450,000","1,450,000"
72901U,德微國票5C售05,0,0,0,0.0,0.0,0.0,0,0,0,"2,000",0,0,0,"2,000",0,"2,000","2,000"
72902U,擎亞國票5B售03,0,0,0,0.0,0.0,0.0,0,0,0,"66,000",0,0,0,"73,000","7,000","66,000","66,000"
72903U,群聯凱基5B售08,0,0,0,0.0,0.0,0.0,0,0,0,"19,000",0,0,0,"20,000","1,000","19,000","19,000"
72907U,群聯富邦61售05,0,0,0,0.0,0.0,0.0,0,0,0,"2,000",0,0,0,"6,000","4,000","2,000","2,000"
72909U,威剛凱基65售01,0,0,0,0.0,0.0,0.0,0,0,0,"-119,000",0,0,0,0,"119,000","-119,000","-119,000"
72910U,精材台新5B售06,0,0,0,0.0,0.0,0.0,0,0,0,"-26,000",0,0,0,"10,000","36,000","-26,000","-26,000"
72914U,威剛群益5B售05,0,0,0,0.0,0.0,0.0,0,0,0,"-20,000",0,0,0,0,"20,000","-20,000","-20,000"
72916U,中美晶凱基5B售06,0,0,0,0.0,0.0,0.0,0,0,0,"20,000",0,0,0,"20,000",0,"20,000","20,000"
72917U,威剛凱基5B售09,0,0,0,0.0,0.0,0.0,0,0,0,"-115,000",0,0,0,"35,000","150,000","-115,000","-115,000"
72919U,順達台新5C售01,0,0,0,0.0,0.0,0.0,0,0,0,"-205,000",0,0,0,"18,000","223,000","-205,000","-205,000"
72920U,佳邦群益5C售01,0,0,0,0.0,0.0,0.0,0,0,0,"15,000",0,0,0,"15,000",0,"15,000","15,000"
72921U,富喬台新5C售03,0,0,0,0.0,0.0,0.0,0,0,0,"91,000",0,0,0,"91,000",0,"91,000","91,000"
72922U,威剛凱基5C售05,0,0,0,0.0,0.0,0.0,0,0,0,"111,000",0,0,0,"111,000",0,"111,000","111,000"
72923U,宜鼎台新5C售05,0,0,0,0.0,0.0,0.0,0,0,0,"19,000",0,0,0,"24,000","5,000","19,000","19,000"
72928U,富喬凱基5C售04,0,0,0,0.0,0.0,0.0,0,0,0,"127,000",0,0,0,"127,000",0,"127,000","127,000"
72932U,威剛國泰61售02,0,0,0,0.0,0.0,0.0,0,0,0,"10,000",0,0,0,"10,000",0,"10,000","10,000"
72933U,世界群益66售01,0,0,0,0.0,0.0,0.0,0,0,0,"-88,000",0,0,0,0,"88,000","-88,000","-88,000"
72936U,宜鼎凱基5C售10,0,0,0,0.0,0.0,0.0,0,0,0,"91,000",0,0,0,"149,000","58,000","91,000","91,000"
72937U,元太國票62售01,0,0,0,0.0,0.0,0.0,0,0,0,"-24,000",0,0,0,"11,000","35,000","-24,000","-24,000"
72938U,世界國票62售01,0,0,0,0.0,0.0,0.0,0,0,0,"1,000",0,0,0,"1,000",0,"1,000","1,000"
72939U,威剛國票62售01,0,0,0,0.0,0.0,0.0,0,0,0,"1,000",0,0,0,"1,000",0,"1,000","1,000"
72941U,雙鴻永豐61售04,0,0,0,0.0,0.0,0.0,0,0,0,"-15,000",0,0,0,"10,000","25,000","-15,000","-15,000"
72943U,頎邦國票61售01,0,0,0,0.0,0.0,0.0,0,0,0,"9,000",0,0,0,"21,000","12,000","9,000","9,000"
72944U,中光電台新61售03,0,0,0,0.0,0.0,0.0,0,0,0,"-19,000",0,0,0,"26,000","45,000","-19,000","-19,000"
72946U,世界群益61售03,0,0,0,0.0,0.0,0.0,0,0,0,"72,000",0,0,0,"100,000","28,000","72,000","72,000"
72947U,台星科群益61售02,0,0,0,0.0,0.0,0.0,0,0,0,"-3,000",0,0,0,0,"3,000","-3,000","-3,000"
72949U,威剛元大61售06,0,0,0,0.0,0.0,0.0,0,0,0,"7,000",0,0,0,"7,000",0,"7,000","7,000"
72951U,中光電台新61售05,0,0,0,0.0,0.0,0.0,0,0,0,"-2,000",0,0,0,0,"2,000","-2,000","-2,000"
72952U,精材國票61售05,0,0,0,0.0,0.0,0.0,0,0,0,"-32,000",0,0,0,"4,000","36,000","-32,000","-32,000"
72954U,群聯中信61售02,0,0,0,0.0,0.0,0.0,0,0,0,"-50,000",0,0,0,0,"50,000","-50,000","-50,000"
72955U,宜鼎國票61售03,0,0,0,0.0,0.0,0.0,0,0,0,"12,000",0,0,0,"12,000",0,"12,000","12,000"
72957U,良維群益63售01,0,0,0,0.0,0.0,0.0,0,0,0,"5,000",0,0,0,"5,000",0,"5,000","5,000"
72959U,雙鴻群益63售03,0,0,0,0.0,0.0,0.0,0,0,0,"57,000",0,0,0,"63,000","6,000","57,000","57,000"
72965U,青雲國票61售03,0,0,0,0.0,0.0,0.0,0,0,0,"-57,000",0,0,0,"6,000","63,000","-57,000","-57,000"
72966U,雙鴻凱基61售07,0,0,0,0.0,0.0,0.0,0,0,0,"41,000",0,0,0,"41,000",0,"41,000","41,000"
72969U,聖暉*國票61售05,0,0,0,0.0,0.0,0.0,0,0,0,"25,000",0,0,0,"25,000",0,"25,000","25,000"
72971U,良維群益67售01,0,0,0,0.0,0.0,0.0,0,0,0,"1,000",0,0,0,"1,000",0,"1,000","1,000"
72972U,雙鴻群益61售03,0,0,0,0.0,0.0,0.0,0,0,0,"6,000",0,0,0,"6,000",0,"6,000","6,000"
72976U,順達凱基61售06,0,0,0,0.0,0.0,0.0,0,0,0,"3,000",0,0,0,"4,000","1,000","3,000","3,000"
72977U,雙鴻國泰63售01,0,0,0,0.0,0.0,0.0,0,0,0,"51,000",0,0,0,"99,000","48,000","51,000","51,000"
72978U,威剛凱基61售06,0,0,0,0.0,0.0,0.0,0,0,0,"-1,000",0,0,0,0,"1,000","-1,000","-1,000"
72980U,頎邦凱基61售05,0,0,0,0.0,0.0,0.0,0,0,0,0,0,0,0,"2,000","2,000",0,0
72984U,凡甲國票61售01,0,0,0,0.0,0.0,0.0,0,0,0,"20,000",0,0,0,"20,000",0,"20,000","20,000"
72985U,中美晶國票63售01,0,0,0,0.0,0.0,0.0,0,0,0,"-40,000",0,0,0,0,"40,000","-40,000","-40,000"
72986U,元太國票61售02,0,0,0,0.0,0.0,0.0,0,0,0,"-210,000",0,0,0,0,"210,000","-210,000","-210,000"
72987U,宜特國票61售02,0,0,0,0.0,0.0,0.0,0,0,0,"30,000",0,0,0,"30,000",0,"30,000","30,000"
72989U,廣穎國票61售01,0,0,0,0.0,0.0,0.0,0,0,0,"10,000",0,0,0,"10,000",0,"10,000","10,000"
72990U,中美晶元大61售09,0,0,0,0.0,0.0,0.0,0,0,0,0,0,0,0,"1,000","1,000",0,0
72991U,群聯元大61售20,0,0,0,0.0,0.0,0.0,0,0,0,"-20,000",0,0,0,0,"20,000","-20,000","-20,000"
72992U,中美晶富邦67售02,0,0,0,0.0,0.0,0.0,0,0,0,"-3,000",0,0,0,0,"3,000","-3,000","-3,000"
72994U,元太凱基61售07,0,0,0,0.0,0.0,0.0,0,0,0,"-1,000",0,0,0,0,"1,000","-1,000","-1,000"
72997U,良維國票61售02,0,0,0,0.0,0.0,0.0,0,0,0,"64,000",0,0,0,"70,000","6,000","64,000","64,000"
72998U,新普國票61售02,0,0,0,0.0,0.0,0.0,0,0,0,"-17,000",0,0,0,0,"17,000","-17,000","-17,000"
73010U,頎邦國票64售03,0,0,0,0.0,0.0,0.0,0,0,0,"5,000",0,0,0,"5,000",0,"5,000","5,000"
73017U,順達國票66售01,0,0,0,0.0,0.0,0.0,0,0,0,"-277,000",0,0,0,0,"277,000","-277,000","-277,000"
73019U,雙鴻國票66售02,0,0,0,0.0,0.0,0.0,0,0,0,"5,000",0,0,0,"5,000",0,"5,000","5,000"
73020U,雙鴻元大63售07,0,0,0,0.0,0.0,0.0,0,0,0,"-12,000",0,0,0,0,"12,000","-12,000","-12,000"
73021U,威剛凱基63售03,0,0,0,0.0,0.0,0.0,0,0,0,"-5,000",0,0,0,0,"5,000","-5,000","-5,000"
73024U,弘塑國票67售01,0,0,0,0.0,0.0,0.0,0,0,0,"5,000",0,0,0,"5,000",0,"5,000","5,000"
73025U,朋億*國票66售02,0,0,0,0.0,0.0,0.0,0,0,0,"20,000",0,0,0,"20,000",0,"20,000","20,000"
73026U,金山電國票68售01,0,0,0,0.0,0.0,0.0,0,0,0,"-20,000",0,0,0,0,"20,000","-20,000","-20,000"
73027U,萬潤國票66售02,0,0,0,0.0,0.0,0.0,0,0,0,"1,000",0,0,0,"1,000",0,"1,000","1,000"
73028U,萬潤國票68售02,0,0,0,0.0,0.0,0.0,0,0,0,"-13,000",0,0,0,0,"13,000","-13,000","-13,000"
73030U,中美晶台新62售02,0,0,0,0.0,0.0,0.0,0,0,0,"-56,000",0,0,0,0,"56,000","-56,000","-56,000"
73031U,威剛凱基63售05,0,0,0,0.0,0.0,0.0,0,0,0,"100,000",0,0,0,"100,000",0,"100,000","100,000"
700020,佳邦統一5C購01,0,0,0,0.0,0.0,0.0,0,0,0,"-10,000",0,0,0,0,"10,000","-10,000","-10,000"
700022,華星光統一5C購01,0,0,0,0.0,0.0,0.0,0,0,0,"-41,000",0,0,0,"11,000","52,000","-41,000","-41,000"
700024,新應材統一64購02,0,0,0,0.0,0.0,0.0,0,0,0,"-195,000",0,0,0,"15,000","210,000","-195,000","-195,000"
700086,博智群益5A購01,0,0,0,0.0,0.0,0.0,0,0,0,"1,000",0,0,0,"1,000",0,"1,000","1,000"
700186,中光電統一6A購01,0,0,0,0.0,0.0,0.0,0,0,0,"-12,000",0,0,0,0,"12,000","-12,000","-12,000"
700188,中美晶統一5A購02,0,0,0,0.0,0.0,0.0,0,0,0,0,0,0,0,"10,000","10,000",0,0
700192,朋程統一6A購01,0,0,0,0.0,0.0,0.0,0,0,0,"-5,000",0,0,0,"15,000","20,000","-5,000","-5,000"
700201,萬潤統一6A購01,0,0,0,0.0,0.0,0.0,0,0,0,"-2,000",0,0,0,"1,000","3,000","-2,000","-2,000"
700207,雙鴻統一6A購01,0,0,0,0.0,0.0,0.0,0,0,0,"-47,000",0,0,0,"14,000","61,000","-47,000","-47,000"
700257,大世科統一6A購01,0,0,0,0.0,0.0,0.0,0,0,0,"5,000",0,0,0,"5,000",0,"5,000","5,000"
700258,大綜統一6A購01,0,0,0,0.0,0.0,0.0,0,0,0,"55,000",0,0,0,"70,000","15,000","55,000","55,000"
700264,長聖統一6A購01,0,0,0,0.0,0.0,0.0,0,0,0,"200,000",0,0,0,"200,000",0,"200,000","200,000"
700267,建榮統一6A購01,0,0,0,0.0,0.0,0.0,0,0,0,"-46,000",0,0,0,"46,000","92,000","-46,000","-46,000"
700274,鴻呈統一5A購01,0,0,0,0.0,0.0,0.0,0,0,0,"-110,000",0,0,0,0,"110,000","-110,000","-110,000"
700343,中光電統一6A購02,0,0,0,0.0,0.0,0.0,0,0,0,"4,000",0,0,0,"5,000","1,000","4,000","4,000"
700345,立碁統一6A購01,0,0,0,0.0,0.0,0.0,0,0,0,"2,000",0,0,0,"2,000",0,"2,000","2,000"
700354,聖暉*統一6A購01,0,0,0,0.0,0.0,0.0,0,0,0,"-154,000",0,0,0,"157,000","311,000","-154,000","-154,000"
700356,擎亞統一6A購01,0,0,0,0.0,0.0,0.0,0,0,0,"-10,000",0,0,0,0,"10,000","-10,000","-10,000"
700413,金山電統一5C購01,0,0,0,0.0,0.0,0.0,0,0,0,0,0,0,0,"80,000","80,000",0,0
700416,高技統一5A購01,0,0,0,0.0,0.0,0.0,0,0,0,"20,000",0,0,0,"30,000","10,000","20,000","20,000"
700417,聰泰統一6A購02,0,0,0,0.0,0.0,0.0,0,0,0,"10,000",0,0,0,"10,000",0,"10,000","10,000"
700451,臺慶科國票5A購01,0,0,0,0.0,0.0,0.0,0,0,0,"20,000",0,0,0,"20,000",0,"20,000","20,000"
700595,華星光元大59購01,0,0,0,0.0,0.0,0.0,0,0,0,"1,000",0,0,0,"1,000",0,"1,000","1,000"
700670,中光電統一6A購03,0,0,0,0.0,0.0,0.0,0,0,0,"-19,000",0,0,0,"10,000","29,000","-19,000","-19,000"
700673,信昌電統一6A購01,0,0,0,0.0,0.0,0.0,0,0,0,"8,000",0,0,0,"18,000","10,000","8,000","8,000"
700676,高技統一6A購01,0,0,0,0.0,0.0,0.0,0,0,0,"-10,000",0,0,0,0,"10,000","-10,000","-10,000"
700681,鈊象統一6A購01,0,0,0,0.0,0.0,0.0,0,0,0,"100,000",0,0,0,"100,000",0,"100,000","100,000"
700683,雍智統一6A購01,0,0,0,0.0,0.0,0.0,0,0,0,"-11,000",0,0,0,0,"11,000","-11,000","-11,000"
700684,雍智統一6A購02,0,0,0,0.0,0.0,0.0,0,0,0,"-19,000",0,0,0,"1,000","20,000","-19,000","-19,000"
700687,緯軟統一6A購01,0,0,0,0.0,0.0,0.0,0,0,0,"-5,000",0,0,0,0,"5,000","-5,000","-5,000"
700688,營邦統一6A購01,0,0,0,0.0,0.0,0.0,0,0,0,"-37,000",0,0,0,0,"37,000","-37,000","-37,000"
700706,中光電統一5A購01,0,0,0,0.0,0.0,0.0,0,0,0,"80,000",0,0,0,"80,000",0,"80,000","80,000"
700712,聖暉*統一6A購02,0,0,0,0.0,0.0,0.0,0,0,0,"-146,000",0,0,0,0,"146,000","-146,000","-146,000"
700737,鴻呈國票59購01,0,0,0,0.0,0.0,0.0,0,0,0,"9,000",0,0,0,"400,000","391,000","9,000","9,000"
700756,威剛統一5C購03,0,0,0,0.0,0.0,0.0,0,0,0,"-7,000",0,0,0,0,"7,000","-7,000","-7,000"
700875,良維元大5A購02,0,0,0,0.0,0.0,0.0,0,0,0,"-3,000",0,0,0,"2,000","5,000","-3,000","-3,000"
700898,力旺統一5A購01,0,0,0,0.0,0.0,0.0,0,0,0,"-34,000",0,0,0,0,"34,000","-34,000","-34,000"
700899,力旺統一6A購01,0,0,0,0.0,0.0,0.0,0,0,0,"-902,000",0,0,0,"321,000","1,223,000","-902,000","-902,000"
700900,台半統一5C購03,0,0,0,0.0,0.0,0.0,0,0,0,"2,000",0,0,0,"2,000",0,"2,000","2,000"
700902,光頡統一5A購01,0,0,0,0.0,0.0,0.0,0,0,0,"-15,000",0,0,0,0,"15,000","-15,000","-15,000"
700904,波若威統一6A購01,0,0,0,0.0,0.0,0.0,0,0,0,"-10,000",0,0,0,0,"10,000","-10,000","-10,000"
700920,波若威永豐5A購01,0,0,0,0.0,0.0,0.0,0,0,0,"11,000",0,0,0,"11,000",0,"11,000","11,000"
700955,撼訊元大5A購01,0,0,0,0.0,0.0,0.0,0,0,0,"200,000",0,0,0,"200,000",0,"200,000","200,000"
701097,營邦元大5A購01,0,0,0,0.0,0.0,0.0,0,0,0,"2,510,000",0,0,0,"2,510,000",0,"2,510,000","2,510,000"
701279,雙鴻國票5B購01,0,0,0,0.0,0.0,0.0,0,0,0,"-13,000",0,0,0,"12,000","25,000","-13,000","-13,000"
701398,譜瑞凱基59購02,0,0,0,0.0,0.0,0.0,0,0,0,"-14,000",0,0,0,"11,000","25,000","-14,000","-14,000"
701400,台燿元大5B購02,0,0,0,0.0,0.0,0.0,0,0,0,"1,000",0,0,0,"1,000",0,"1,000","1,000"
701403,神盾元大5B購01,0,0,0,0.0,0.0,0.0,0,0,0,"-1,000",0,0,0,0,"1,000","-1,000","-1,000"
701434,良維統一6B購01,0,0,0,0.0,0.0,0.0,0,0,0,"88,000",0,0,0,"88,000",0,"88,000","88,000"
701437,威剛統一5B購01,0,0,0,0.0,0.0,0.0,0,0,0,"1,000",0,0,0,"1,000",0,"1,000","1,000"
701438,威剛統一6B購01,0,0,0,0.0,0.0,0.0,0,0,0,"-35,000",0,0,0,"2,000","37,000","-35,000","-35,000"
701440,華星光統一5B購04,0,0,0,0.0,0.0,0.0,0,0,0,"5,000",0,0,0,"5,000",0,"5,000","5,000"
701471,台燿統一65購01,0,0,0,0.0,0.0,0.0,0,0,0,"2,000",0,0,0,"2,000",0,"2,000","2,000"
701474,穩懋統一6B購01,0,0,0,0.0,0.0,0.0,0,0,0,"2,000",0,0,0,"2,000",0,"2,000","2,000"
701592,竹陞統一6B購01,0,0,0,0.0,0.0,0.0,0,0,0,"-98,000",0,0,0,"2,000","100,000","-98,000","-98,000"
701593,竹陞統一6B購02,0,0,0,0.0,0.0,0.0,0,0,0,"-49,000",0,0,0,"10,000","59,000","-49,000","-49,000"
701623,元太統一5B購01,0,0,0,0.0,0.0,0.0,0,0,0,"-10,000",0,0,0,0,"10,000","-10,000","-10,000"
701658,信昌電統一5C購02,0,0,0,0.0,0.0,0.0,0,0,0,"-47,000",0,0,0,0,"47,000","-47,000","-47,000"
701692,台燿統一6B購01,0,0,0,0.0,0.0,0.0,0,0,0,"6,000",0,0,0,"6,000",0,"6,000","6,000"
701693,系統電統一5C購01,0,0,0,0.0,0.0,0.0,0,0,0,"-50,000",0,0,0,0,"50,000","-50,000","-50,000"
701694,系統電統一6B購01,0,0,0,0.0,0.0,0.0,0,0,0,"15,000",0,0,0,"15,000",0,"15,000","15,000"
701697,宜鼎統一5C購04,0,0,0,0.0,0.0,0.0,0,0,0,"153,000",0,0,0,"153,000",0,"153,000","153,000"
701752,威剛元大58購03,0,0,0,0.0,0.0,0.0,0,0,0,"2,000",0,0,0,"2,000",0,"2,000","2,000"
701804,巨有統一6B購01,0,0,0,0.0,0.0,0.0,0,0,0,"-1,294,000",0,0,0,"8,000","1,302,000","-1,294,000","-1,294,000"
701836,巨有永豐58購01,0,0,0,0.0,0.0,0.0,0,0,0,"1,996,000",0,0,0,"1,996,000",0,"1,996,000","1,996,000"
701842,華星光中信58購01,0,0,0,0.0,0.0,0.0,0,0,0,"1,000",0,0,0,"1,000",0,"1,000","1,000"
701853,巨有統一6B購02,0,0,0,0.0,0.0,0.0,0,0,0,"19,000",0,0,0,"19,000",0,"19,000","19,000"
702016,華星光元大58購04,0,0,0,0.0,0.0,0.0,0,0,0,"3,000",0,0,0,"3,000",0,"3,000","3,000"
702161,精測中信5A購01,0,0,0,0.0,0.0,0.0,0,0,0,"7,000",0,0,0,"9,000","2,000","7,000","7,000"
702194,博智凱基5A購01,0,0,0,0.0,0.0,0.0,0,0,0,"20,000",0,0,0,"20,000",0,"20,000","20,000"
702364,順達元大5B購02,0,0,0,0.0,0.0,0.0,0,0,0,"30,000",0,0,0,"30,000",0,"30,000","30,000"
702577,順達凱基59購01,0,0,0,0.0,0.0,0.0,0,0,0,"1,000",0,0,0,"1,000",0,"1,000","1,000"
702592,富喬國票5C購01,0,0,0,0.0,0.0,0.0,0,0,0,"-20,000",0,0,0,0,"20,000","-20,000","-20,000"
702615,順達元大58購01,0,0,0,0.0,0.0,0.0,0,0,0,"2,000",0,0,0,"2,000",0,"2,000","2,000"
702649,富喬永豐59購01,0,0,0,0.0,0.0,0.0,0,0,0,"1,000",0,0,0,"1,000",0,"1,000","1,000"
702695,穩懋凱基5A購01,0,0,0,0.0,0.0,0.0,0,0,0,"3,000",0,0,0,"3,000",0,"3,000","3,000"
702719,系統電元大5C購02,0,0,0,0.0,0.0,0.0,0,0,0,"-1,000",0,0,0,0,"1,000","-1,000","-1,000"
702752,台特化統一6C購01,0,0,0,0.0,0.0,0.0,0,0,0,"-10,000",0,0,0,0,"10,000","-10,000","-10,000"
702753,精測統一66購01,0,0,0,0.0,0.0,0.0,0,0,0,"-13,000",0,0,0,0,"13,000","-13,000","-13,000"
702777,精測永豐59購01,0,0,0,0.0,0.0,0.0,0,0,0,"444,000",0,0,0,"444,000",0,"444,000","444,000"
702790,宜鼎凱基58購03,0,0,0,0.0,0.0,0.0,0,0,0,"9,000",0,0,0,"9,000",0,"9,000","9,000"
702813,台星科國票58購01,0,0,0,0.0,0.0,0.0,0,0,0,"7,000",0,0,0,"7,000",0,"7,000","7,000"
702829,勤凱統一6C購01,0,0,0,0.0,0.0,0.0,0,0,0,"-131,000",0,0,0,"53,000","184,000","-131,000","-131,000"
702830,擎亞統一6C購01,0,0,0,0.0,0.0,0.0,0,0,0,"-7,000",0,0,0,"3,000","10,000","-7,000","-7,000"
702837,雙鴻中信59購03,0,0,0,0.0,0.0,0.0,0,0,0,"-217,000",0,0,0,"3,000","220,000","-217,000","-217,000"
702856,家登凱基59購01,0,0,0,0.0,0.0,0.0,0,0,0,"-4,000",0,0,0,0,"4,000","-4,000","-4,000"
702885,高技元大5A購02,0,0,0,0.0,0.0,0.0,0,0,0,"144,000",0,0,0,"144,000",0,"144,000","144,000"
702943,力旺元富59購02,0,0,0,0.0,0.0,0.0,0,0,0,"-76,000",0,0,0,"74,000","150,000","-76,000","-76,000"
702949,順達永豐58購01,0,0,0,0.0,0.0,0.0,0,0,0,"53,000",0,0,0,"53,000",0,"53,000","53,000"
702961,華景電群益58購01,0,0,0,0.0,0.0,0.0,0,0,0,"53,000",0,0,0,"53,000",0,"53,000","53,000"
703006,光頡群益58購01,0,0,0,0.0,0.0,0.0,0,0,0,"33,000",0,0,0,"33,000",0,"33,000","33,000"
703030,金益鼎凱基5A購01,0,0,0,0.0,0.0,0.0,0,0,0,"92,000",0,0,0,"99,000","7,000","92,000","92,000"
703032,順達凱基58購01,0,0,0,0.0,0.0,0.0,0,0,0,0,0,0,0,"92,000","92,000",0,0
703036,元太群益5B購01,0,0,0,0.0,0.0,0.0,0,0,0,"-69,000",0,0,0,"5,000","74,000","-69,000","-69,000"
703045,雙鴻中信5C購02,0,0,0,0.0,0.0,0.0,0,0,0,"-561,000",0,0,0,"123,000","684,000","-561,000","-561,000"
703049,順達永豐5C購01,0,0,0,0.0,0.0,0.0,0,0,0,"6,000",0,0,0,"6,000",0,"6,000","6,000"
703051,穩得永豐5A購01,0,0,0,0.0,0.0,0.0,0,0,0,"4,000",0,0,0,"4,000",0,"4,000","4,000"
703093,順達中信5B購01,0,0,0,0.0,0.0,0.0,0,0,0,"-115,000",0,0,0,"223,000","338,000","-115,000","-115,000"
703095,元太永豐58購01,0,0,0,0.0,0.0,0.0,0,0,0,0,0,0,0,"146,000","146,000",0,0
703132,聖暉*元大5C購01,0,0,0,0.0,0.0,0.0,0,0,0,"-54,000",0,0,0,0,"54,000","-54,000","-54,000"
703135,金山電統一5C購02,0,0,0,0.0,0.0,0.0,0,0,0,"-35,000",0,0,0,"8,000","43,000","-35,000","-35,000"
703136,博智統一5C購01,0,0,0,0.0,0.0,0.0,0,0,0,"10,000",0,0,0,"10,000",0,"10,000","10,000"
703145,千附精永豐59購01,0,0,0,0.0,0.0,0.0,0,0,0,"5,000",0,0,0,"5,000",0,"5,000","5,000"
703181,元太凱基59購01,0,0,0,0.0,0.0,0.0,0,0,0,"-20,000",0,0,0,0,"20,000","-20,000","-20,000"
703197,M31富邦58購02,0,0,0,0.0,0.0,0.0,0,0,0,"10,000",0,0,0,"10,000",0,"10,000","10,000"
703210,威剛群益5A購01,0,0,0,0.0,0.0,0.0,0,0,0,"10,000",0,0,0,"10,000",0,"10,000","10,000"
703224,新應材永豐59購02,0,0,0,0.0,0.0,0.0,0,0,0,"10,000",0,0,0,"10,000",0,"10,000","10,000"
703263,朋億*永豐58購01,0,0,0,0.0,0.0,0.0,0,0,0,"100,000",0,0,0,"100,000",0,"100,000","100,000"
703296,威剛群益5B購01,0,0,0,0.0,0.0,0.0,0,0,0,"-25,000",0,0,0,0,"25,000","-25,000","-25,000"
703307,威剛元大59購05,0,0,0,0.0,0.0,0.0,0,0,0,"103,000",0,0,0,"103,000",0,"103,000","103,000"
703320,鈊象中信61購01,0,0,0,0.0,0.0,0.0,0,0,0,"10,000",0,0,0,"10,000",0,"10,000","10,000"
703321,伍豐永豐59購01,0,0,0,0.0,0.0,0.0,0,0,0,"360,000",0,0,0,"360,000",0,"360,000","360,000"
703326,健喬永豐59購01,0,0,0,0.0,0.0,0.0,0,0,0,"125,000",0,0,0,"125,000",0,"125,000","125,000"
703368,威剛國票59購02,0,0,0,0.0,0.0,0.0,0,0,0,"5,000",0,0,0,"5,000",0,"5,000","5,000"
703399,順達元富61購01,0,0,0,0.0,0.0,0.0,0,0,0,"2,000",0,0,0,"2,000",0,"2,000","2,000"
703400,信驊中信61購01,0,0,0,0.0,0.0,0.0,0,0,0,"7,000",0,0,0,"7,000",0,"7,000","7,000"
703441,晟田國票59購01,0,0,0,0.0,0.0,0.0,0,0,0,"44,000",0,0,0,"45,000","1,000","44,000","44,000"
703459,鏵友益永豐5B購01,0,0,0,0.0,0.0,0.0,0,0,0,"4,000",0,0,0,"4,000",0,"4,000","4,000"
703465,台特化統一71購01,0,0,0,0.0,0.0,0.0,0,0,0,"5,000",0,0,0,"30,000","25,000","5,000","5,000"
703467,台燿統一61購02,0,0,0,0.0,0.0,0.0,0,0,0,"20,000",0,0,0,"20,000",0,"20,000","20,000"
703468,宏捷科統一71購01,0,0,0,0.0,0.0,0.0,0,0,0,"250,000",0,0,0,"250,000",0,"250,000","250,000"
703473,欣銓統一6C購01,0,0,0,0.0,0.0,0.0,0,0,0,"-25,000",0,0,0,0,"25,000","-25,000","-25,000"
703474,金益鼎統一65購01,0,0,0,0.0,0.0,0.0,0,0,0,"-558,000",0,0,0,"50,000","608,000","-558,000","-558,000"
703475,茂迪統一65購01,0,0,0,0.0,0.0,0.0,0,0,0,"-4,000",0,0,0,0,"4,000","-4,000","-4,000"
703478,穩得統一65購01,0,0,0,0.0,0.0,0.0,0,0,0,"-133,000",0,0,0,0,"133,000","-133,000","-133,000"
703581,臺慶科凱基5C購01,0,0,0,0.0,0.0,0.0,0,0,0,"-16,000",0,0,0,"63,000","79,000","-16,000","-16,000"
703617,金益鼎統一6C購01,0,0,0,0.0,0.0,0.0,0,0,0,"-42,000",0,0,0,"10,000","52,000","-42,000","-42,000"
703618,長科*統一64購01,0,0,0,0.0,0.0,0.0,0,0,0,"-30,000",0,0,0,0,"30,000","-30,000","-30,000"
703619,家登統一6C購01,0,0,0,0.0,0.0,0.0,0,0,0,"-2,000",0,0,0,0,"2,000","-2,000","-2,000"
703652,湧德元大61購01,0,0,0,0.0,0.0,0.0,0,0,0,"-253,000",0,0,0,"33,000","286,000","-253,000","-253,000"
703690,家登國票59購01,0,0,0,0.0,0.0,0.0,0,0,0,"50,000",0,0,0,"50,000",0,"50,000","50,000"
703740,精材群益5A購01,0,0,0,0.0,0.0,0.0,0,0,0,"1,000",0,0,0,"1,000",0,"1,000","1,000"
703744,世界永豐59購01,0,0,0,0.0,0.0,0.0,0,0,0,"14,000",0,0,0,"14,000",0,"14,000","14,000"
703747,弘塑永豐59購02,0,0,0,0.0,0.0,0.0,0,0,0,"161,000",0,0,0,"161,000",0,"161,000","161,000"
703754,原相永豐59購01,0,0,0,0.0,0.0,0.0,0,0,0,"15,000",0,0,0,"15,000",0,"15,000","15,000"
703771,系統電凱基5C購01,0,0,0,0.0,0.0,0.0,0,0,0,"31,000",0,0,0,"36,000","5,000","31,000","31,000"
703838,順達元大5A購04,0,0,0,0.0,0.0,0.0,0,0,0,"400,000",0,0,0,"400,000",0,"400,000","400,000"
703839,聖暉*元大5B購01,0,0,0,0.0,0.0,0.0,0,0,0,"-17,000",0,0,0,0,"17,000","-17,000","-17,000"
703842,世界凱基61購01,0,0,0,0.0,0.0,0.0,0,0,0,0,0,0,0,"1,000","1,000",0,0
703854,中光電富邦59購03,0,0,0,0.0,0.0,0.0,0,0,0,"3,000",0,0,0,"3,000",0,"3,000","3,000"
703855,宏捷科富邦59購01,0,0,0,0.0,0.0,0.0,0,0,0,"9,000",0,0,0,"9,000",0,"9,000","9,000"
703863,弘塑統一61購01,0,0,0,0.0,0.0,0.0,0,0,0,"-10,000",0,0,0,0,"10,000","-10,000","-10,000"
703865,光頡統一71購01,0,0,0,0.0,0.0,0.0,0,0,0,"10,000",0,0,0,"10,000",0,"10,000","10,000"
703866,均豪統一61購02,0,0,0,0.0,0.0,0.0,0,0,0,"99,000",0,0,0,"99,000",0,"99,000","99,000"
703870,富強鑫統一61購01,0,0,0,0.0,0.0,0.0,0,0,0,"-150,000",0,0,0,0,"150,000","-150,000","-150,000"
703871,富強鑫統一71購01,0,0,0,0.0,0.0,0.0,0,0,0,"6,000",0,0,0,"6,000",0,"6,000","6,000"
703873,崴寶統一71購01,0,0,0,0.0,0.0,0.0,0,0,0,"40,000",0,0,0,"40,000",0,"40,000","40,000"
703874,鉅橡統一61購01,0,0,0,0.0,0.0,0.0,0,0,0,"-27,000",0,0,0,"3,000","30,000","-27,000","-27,000"
703879,臺慶科統一71購01,0,0,0,0.0,0.0,0.0,0,0,0,"67,000",0,0,0,"194,000","127,000","67,000","67,000"
703881,穩懋統一61購03,0,0,0,0.0,0.0,0.0,0,0,0,"20,000",0,0,0,"20,000",0,"20,000","20,000"
703882,穩懋統一71購01,0,0,0,0.0,0.0,0.0,0,0,0,"-16,000",0,0,0,0,"16,000","-16,000","-16,000"
703895,穩懋國票5A購02,0,0,0,0.0,0.0,0.0,0,0,0,"5,000",0,0,0,"9,000","4,000","5,000","5,000"
703906,鉅橡永豐5A購01,0,0,0,0.0,0.0,0.0,0,0,0,"-160,000",0,0,0,"30,000","190,000","-160,000","-160,000"
703921,神準國票59購01,0,0,0,0.0,0.0,0.0,0,0,0,"2,000",0,0,0,"2,000",0,"2,000","2,000"
703942,聖暉*元大5B購02,0,0,0,0.0,0.0,0.0,0,0,0,"-1,000",0,0,0,0,"1,000","-1,000","-1,000"
703950,雙鴻群益5A購03,0,0,0,0.0,0.0,0.0,0,0,0,"10,000",0,0,0,"10,000",0,"10,000","10,000"
703954,世界永豐5A購01,0,0,0,0.0,0.0,0.0,0,0,0,0,0,0,0,"30,000","30,000",0,0
703957,宜特永豐59購01,0,0,0,0.0,0.0,0.0,0,0,0,"-62,000",0,0,0,0,"62,000","-62,000","-62,000"
703964,世禾統一65購01,0,0,0,0.0,0.0,0.0,0,0,0,"-10,000",0,0,0,0,"10,000","-10,000","-10,000"
703966,台半統一71購01,0,0,0,0.0,0.0,0.0,0,0,0,0,0,0,0,"33,000","33,000",0,0
703967,台半統一71購02,0,0,0,0.0,0.0,0.0,0,0,0,"5,000",0,0,0,"18,000","13,000","5,000","5,000"
703968,台星科統一71購01,0,0,0,0.0,0.0,0.0,0,0,0,"49,000",0,0,0,"53,000","4,000","49,000","49,000"
703969,弘塑統一61購02,0,0,0,0.0,0.0,0.0,0,0,0,"184,000",0,0,0,"296,000","112,000","184,000","184,000"
703970,弘塑統一61購03,0,0,0,0.0,0.0,0.0,0,0,0,"25,000",0,0,0,"40,000","15,000","25,000","25,000"
703971,光頡統一61購02,0,0,0,0.0,0.0,0.0,0,0,0,"-30,000",0,0,0,0,"30,000","-30,000","-30,000"
703974,長科*統一64購02,0,0,0,0.0,0.0,0.0,0,0,0,"1,000",0,0,0,"1,000",0,"1,000","1,000"
703978,富強鑫統一61購02,0,0,0,0.0,0.0,0.0,0,0,0,"-110,000",0,0,0,0,"110,000","-110,000","-110,000"
703980,順達統一61購01,0,0,0,0.0,0.0,0.0,0,0,0,"20,000",0,0,0,"20,000",0,"20,000","20,000"
703983,精材統一61購01,0,0,0,0.0,0.0,0.0,0,0,0,"7,000",0,0,0,"7,000",0,"7,000","7,000"
703984,廣明統一61購01,0,0,0,0.0,0.0,0.0,0,0,0,"-10,000",0,0,0,0,"10,000","-10,000","-10,000"
703985,穩懋統一63購01,0,0,0,0.0,0.0,0.0,0,0,0,"38,000",0,0,0,"66,000","28,000","38,000","38,000"
703991,元債20凱基71購01,0,0,0,0.0,0.0,0.0,0,0,0,"-56,000",0,0,0,0,"56,000","-56,000","-56,000"
704011,元太統一61購01,0,0,0,0.0,0.0,0.0,0,0,0,"-10,000",0,0,0,0,"10,000","-10,000","-10,000"
704014,台星科統一61購01,0,0,0,0.0,0.0,0.0,0,0,0,"-1,000",0,0,0,0,"1,000","-1,000","-1,000"
704015,台燿統一71購01,0,0,0,0.0,0.0,0.0,0,0,0,"15,000",0,0,0,"15,000",0,"15,000","15,000"
704016,巨漢統一61購02,0,0,0,0.0,0.0,0.0,0,0,0,"75,000",0,0,0,"75,000",0,"75,000","75,000"
704017,巨漢統一71購01,0,0,0,0.0,0.0,0.0,0,0,0,"15,000",0,0,0,"15,000",0,"15,000","15,000"
704018,光頡統一61購03,0,0,0,0.0,0.0,0.0,0,0,0,"-44,000",0,0,0,"312,000","356,000","-44,000","-44,000"
704019,均華統一61購01,0,0,0,0.0,0.0,0.0,0,0,0,"-85,000",0,0,0,"108,000","193,000","-85,000","-85,000"
704021,矽科統一61購01,0,0,0,0.0,0.0,0.0,0,0,0,"-10,000",0,0,0,0,"10,000","-10,000","-10,000"
704023,金益鼎統一61購01,0,0,0,0.0,0.0,0.0,0,0,0,"-10,000",0,0,0,0,"10,000","-10,000","-10,000"
704026,精材統一61購02,0,0,0,0.0,0.0,0.0,0,0,0,"5,000",0,0,0,"5,000",0,"5,000","5,000"
704028,穩懋統一65購01,0,0,0,0.0,0.0,0.0,0,0,0,"-35,000",0,0,0,"5,000","40,000","-35,000","-35,000"
704029,穩懋統一71購02,0,0,0,0.0,0.0,0.0,0,0,0,"-1,000",0,0,0,0,"1,000","-1,000","-1,000"
704053,聖暉*群益5A購01,0,0,0,0.0,0.0,0.0,0,0,0,"-2,000",0,0,0,0,"2,000","-2,000","-2,000"
704060,世界永豐59購02,0,0,0,0.0,0.0,0.0,0,0,0,"161,000",0,0,0,"161,000",0,"161,000","161,000"
704062,巨漢永豐59購01,0,0,0,0.0,0.0,0.0,0,0,0,"63,000",0,0,0,"63,000",0,"63,000","63,000"
704085,世界統一61購02,0,0,0,0.0,0.0,0.0,0,0,0,"7,000",0,0,0,"17,000","10,000","7,000","7,000"
704087,世紀*統一71購01,0,0,0,0.0,0.0,0.0,0,0,0,"210,000",0,0,0,"210,000",0,"210,000","210,000"
704090,台半統一71購03,0,0,0,0.0,0.0,0.0,0,0,0,"11,000",0,0,0,"14,000","3,000","11,000","11,000"
704092,光頡統一64購01,0,0,0,0.0,0.0,0.0,0,0,0,"-38,000",0,0,0,0,"38,000","-38,000","-38,000"
704093,系統電統一71購01,0,0,0,0.0,0.0,0.0,0,0,0,0,0,0,0,"10,000","10,000",0,0
704094,佳邦統一71購01,0,0,0,0.0,0.0,0.0,0,0,0,"-170,000",0,0,0,0,"170,000","-170,000","-170,000"
704095,矽科統一71購01,0,0,0,0.0,0.0,0.0,0,0,0,"108,000",0,0,0,"108,000",0,"108,000","108,000"
704096,金山電統一71購01,0,0,0,0.0,0.0,0.0,0,0,0,"-45,000",0,0,0,"259,000","304,000","-45,000","-45,000"
704097,金益鼎統一71購01,0,0,0,0.0,0.0,0.0,0,0,0,"430,000",0,0,0,"555,000","125,000","430,000","430,000"
704101,家登統一61購02,0,0,0,0.0,0.0,0.0,0,0,0,"-1,000",0,0,0,0,"1,000","-1,000","-1,000"
704107,璟德統一65購01,0,0,0,0.0,0.0,0.0,0,0,0,"-280,000",0,0,0,0,"280,000","-280,000","-280,000"
704108,璟德統一71購01,0,0,0,0.0,0.0,0.0,0,0,0,"39,000",0,0,0,"54,000","15,000","39,000","39,000"
704111,家登永豐59購01,0,0,0,0.0,0.0,0.0,0,0,0,"-100,000",0,0,0,0,"100,000","-100,000","-100,000"
704115,金益鼎國票61購01,0,0,0,0.0,0.0,0.0,0,0,0,"7,717,000",0,0,0,"7,759,000","42,000","7,717,000","7,717,000"
704146,穩懋元大5B購03,0,0,0,0.0,0.0,0.0,0,0,0,"35,000",0,0,0,"35,000",0,"35,000","35,000"
704164,華容國票58購02,0,0,0,0.0,0.0,0.0,0,0,0,"5,000",0,0,0,"5,000",0,"5,000","5,000"
704166,鑫科國票58購02,0,0,0,0.0,0.0,0.0,0,0,0,"40,000",0,0,0,"40,000",0,"40,000","40,000"
704170,世界元大5A購01,0,0,0,0.0,0.0,0.0,0,0,0,"135,000",0,0,0,"135,000",0,"135,000","135,000"
704203,中美晶統一71購01,0,0,0,0.0,0.0,0.0,0,0,0,"250,000",0,0,0,"250,000",0,"250,000","250,000"
704204,元太統一61購02,0,0,0,0.0,0.0,0.0,0,0,0,"-39,000",0,0,0,"25,000","64,000","-39,000","-39,000"
704205,世紀*統一61購01,0,0,0,0.0,0.0,0.0,0,0,0,"-4,000",0,0,0,0,"4,000","-4,000","-4,000"
704206,世紀*統一71購03,0,0,0,0.0,0.0,0.0,0,0,0,"-80,000",0,0,0,"20,000","100,000","-80,000","-80,000"
704208,沛亨統一61購01,0,0,0,0.0,0.0,0.0,0,0,0,"10,000",0,0,0,"10,000",0,"10,000","10,000"
704215,松瑞藥統一61購01,0,0,0,0.0,0.0,0.0,0,0,0,"-50,000",0,0,0,"10,000","60,000","-50,000","-50,000"
704221,高鋒統一61購01,0,0,0,0.0,0.0,0.0,0,0,0,"-35,000",0,0,0,"2,000","37,000","-35,000","-35,000"
704222,高鋒統一71購01,0,0,0,0.0,0.0,0.0,0,0,0,"100,000",0,0,0,"100,000",0,"100,000","100,000"
704236,世界元大59購01,0,0,0,0.0,0.0,0.0,0,0,0,0,0,0,0,"2,000","2,000",0,0
704247,精材元大58購01,0,0,0,0.0,0.0,0.0,0,0,0,"6,000",0,0,0,"6,000",0,"6,000","6,000"
704258,富喬永豐64購01,0,0,0,0.0,0.0,0.0,0,0,0,"5,000",0,0,0,"5,000",0,"5,000","5,000"
704259,華容永豐5A購01,0,0,0,0.0,0.0,0.0,0,0,0,0,0,0,0,"2,000","2,000",0,0
704277,鈊象富邦5A購01,0,0,0,0.0,0.0,0.0,0,0,0,"81,000",0,0,0,"127,000","46,000","81,000","81,000"
704280,世界統一71購02,0,0,0,0.0,0.0,0.0,0,0,0,"-369,000",0,0,0,"452,000","821,000","-369,000","-369,000"
704285,高鋒統一64購01,0,0,0,0.0,0.0,0.0,0,0,0,"10,000",0,0,0,"10,000",0,"10,000","10,000"
704287,富喬統一61購01,0,0,0,0.0,0.0,0.0,0,0,0,"-61,000",0,0,0,0,"61,000","-61,000","-61,000"
704288,富喬統一61購02,0,0,0,0.0,0.0,0.0,0,0,0,"1,000",0,0,0,"1,000",0,"1,000","1,000"
704289,富喬統一61購03,0,0,0,0.0,0.0,0.0,0,0,0,"-20,000",0,0,0,0,"20,000","-20,000","-20,000"
704295,富喬統一71購02,0,0,0,0.0,0.0,0.0,0,0,0,"176,000",0,0,0,"176,000",0,"176,000","176,000"
704296,湧德統一71購01,0,0,0,0.0,0.0,0.0,0,0,0,"-5,000",0,0,0,0,"5,000","-5,000","-5,000"
704298,聖暉*統一67購01,0,0,0,0.0,0.0,0.0,0,0,0,"43,000",0,0,0,"61,000","18,000","43,000","43,000"
704308,鈊象兆豐59購01,0,0,0,0.0,0.0,0.0,0,0,0,"-9,000",0,0,0,"1,000","10,000","-9,000","-9,000"
704312,世界元大58購01,0,0,0,0.0,0.0,0.0,0,0,0,"3,000",0,0,0,"3,000",0,"3,000","3,000"
704320,鈊象元大5A購01,0,0,0,0.0,0.0,0.0,0,0,0,"99,000",0,0,0,"99,000",0,"99,000","99,000"
704346,精測富邦59購01,0,0,0,0.0,0.0,0.0,0,0,0,"10,000",0,0,0,"10,000",0,"10,000","10,000"
704347,世界統一5C購02,0,0,0,0.0,0.0,0.0,0,0,0,0,0,0,0,"10,000","10,000",0,0
704351,精測統一61購01,0,0,0,0.0,0.0,0.0,0,0,0,"-20,000",0,0,0,0,"20,000","-20,000","-20,000"
704353,精測統一71購01,0,0,0,0.0,0.0,0.0,0,0,0,"339,000",0,0,0,"571,000","232,000","339,000","339,000"
704362,雷科永豐59購02,0,0,0,0.0,0.0,0.0,0,0,0,"3,000",0,0,0,"3,000",0,"3,000","3,000"
704370,世界國票5B購01,0,0,0,0.0,0.0,0.0,0,0,0,"108,000",0,0,0,"110,000","2,000","108,000","108,000"
704374,精測國票5A購02,0,0,0,0.0,0.0,0.0,0,0,0,"-40,000",0,0,0,0,"40,000","-40,000","-40,000"
704381,鈊象凱基5A購01,0,0,0,0.0,0.0,0.0,0,0,0,"-19,000",0,0,0,0,"19,000","-19,000","-19,000"
704386,信昌電國泰58購02,0,0,0,0.0,0.0,0.0,0,0,0,"1,000",0,0,0,"1,000",0,"1,000","1,000"
704388,中探針元大5B購01,0,0,0,0.0,0.0,0.0,0,0,0,"1,000",0,0,0,"1,000",0,"1,000","1,000"
704396,順達元大5A購05,0,0,0,0.0,0.0,0.0,0,0,0,"200,000",0,0,0,"200,000",0,"200,000","200,000"
704406,亞電永豐59購01,0,0,0,0.0,0.0,0.0,0,0,0,"119,000",0,0,0,"119,000",0,"119,000","119,000"
704409,精測永豐5A購02,0,0,0,0.0,0.0,0.0,0,0,0,"145,000",0,0,0,"165,000","20,000","145,000","145,000"
704419,力旺元大5A購01,0,0,0,0.0,0.0,0.0,0,0,0,"11,000",0,0,0,"11,000",0,"11,000","11,000"
704440,久元國票58購01,0,0,0,0.0,0.0,0.0,0,0,0,"10,000",0,0,0,"10,000",0,"10,000","10,000"
704443,能率亞國票58購02,0,0,0,0.0,0.0,0.0,0,0,0,"45,000",0,0,0,"45,000",0,"45,000","45,000"
704446,群翊國票58購01,0,0,0,0.0,0.0,0.0,0,0,0,"5,000",0,0,0,"5,000",0,"5,000","5,000"
704482,元太元大61購01,0,0,0,0.0,0.0,0.0,0,0,0,"10,000",0,0,0,"10,000",0,"10,000","10,000"
704492,鈊象元大5B購01,0,0,0,0.0,0.0,0.0,0,0,0,"114,000",0,0,0,"124,000","10,000","114,000","114,000"
704495,精材元大5B購02,0,0,0,0.0,0.0,0.0,0,0,0,"5,000",0,0,0,"5,000",0,"5,000","5,000"
704507,亞電永豐5B購01,0,0,0,0.0,0.0,0.0,0,0,0,"11,000",0,0,0,"11,000",0,"11,000","11,000"
704511,萬泰科永豐59購01,0,0,0,0.0,0.0,0.0,0,0,0,"-1,000",0,0,0,0,"1,000","-1,000","-1,000"
704533,大中統一71購01,0,0,0,0.0,0.0,0.0,0,0,0,"-15,000",0,0,0,0,"15,000","-15,000","-15,000"
704537,巨漢統一5C購01,0,0,0,0.0,0.0,0.0,0,0,0,"-46,000",0,0,0,0,"46,000","-46,000","-46,000"
704538,合晶統一61購02,0,0,0,0.0,0.0,0.0,0,0,0,"-35,000",0,0,0,0,"35,000","-35,000","-35,000"
704544,宜鼎統一71購02,0,0,0,0.0,0.0,0.0,0,0,0,"1,000",0,0,0,"1,000",0,"1,000","1,000"
704546,長科*統一71購01,0,0,0,0.0,0.0,0.0,0,0,0,"-1,000",0,0,0,0,"1,000","-1,000","-1,000"
704550,能率亞統一61購02,0,0,0,0.0,0.0,0.0,0,0,0,"7,000",0,0,0,"12,000","5,000","7,000","7,000"
704551,能率亞統一71購01,0,0,0,0.0,0.0,0.0,0,0,0,"-1,000",0,0,0,0,"1,000","-1,000","-1,000"
704552,順達統一63購01,0,0,0,0.0,0.0,0.0,0,0,0,"25,000",0,0,0,"25,000",0,"25,000","25,000"
704553,雍智統一71購01,0,0,0,0.0,0.0,0.0,0,0,0,"1,000",0,0,0,"1,000",0,"1,000","1,000"
704590,能率亞統一63購01,0,0,0,0.0,0.0,0.0,0,0,0,"241,000",0,0,0,"256,000","15,000","241,000","241,000"
704591,能率亞統一71購02,0,0,0,0.0,0.0,0.0,0,0,0,"99,000",0,0,0,"116,000","17,000","99,000","99,000"
704612,台燿群益58購04,0,0,0,0.0,0.0,0.0,0,0,0,"9,000",0,0,0,"9,000",0,"9,000","9,000"
704620,博智群益5B購01,0,0,0,0.0,0.0,0.0,0,0,0,"-10,000",0,0,0,0,"10,000","-10,000","-10,000"
704629,智通*統一61購01,0,0,0,0.0,0.0,0.0,0,0,0,"1,000",0,0,0,"10,000","9,000","1,000","1,000"
704637,智通*永豐59購01,0,0,0,0.0,0.0,0.0,0,0,0,"-19,000",0,0,0,0,"19,000","-19,000","-19,000"
704668,穩得元大5B購01,0,0,0,0.0,0.0,0.0,0,0,0,"316,000",0,0,0,"325,000","9,000","316,000","316,000"
704678,中光電永豐59購01,0,0,0,0.0,0.0,0.0,0,0,0,"-16,000",0,0,0,"73,000","89,000","-16,000","-16,000"
704685,穩懋永豐5A購02,0,0,0,0.0,0.0,0.0,0,0,0,"-25,000",0,0,0,0,"25,000","-25,000","-25,000"
704711,精材元大59購01,0,0,0,0.0,0.0,0.0,0,0,0,"1,000",0,0,0,"1,000",0,"1,000","1,000"
704712,精材元大61購04,0,0,0,0.0,0.0,0.0,0,0,0,"1,000",0,0,0,"1,000",0,"1,000","1,000"
704733,鑫聯永豐5A購01,0,0,0,0.0,0.0,0.0,0,0,0,"8,000",0,0,0,"81,000","73,000","8,000","8,000"
704743,竹陞國票59購01,0,0,0,0.0,0.0,0.0,0,0,0,"28,000",0,0,0,"28,000",0,"28,000","28,000"
704746,長科*國票59購01,0,0,0,0.0,0.0,0.0,0,0,0,"100,000",0,0,0,"100,000",0,"100,000","100,000"
704748,博智國票59購02,0,0,0,0.0,0.0,0.0,0,0,0,"50,000",0,0,0,"50,000",0,"50,000","50,000"
704749,榮剛國票59購01,0,0,0,0.0,0.0,0.0,0,0,0,"320,000",0,0,0,"320,000",0,"320,000","320,000"
704775,博智群益62購01,0,0,0,0.0,0.0,0.0,0,0,0,"-14,000",0,0,0,"6,000","20,000","-14,000","-14,000"
704790,榮剛凱基59購01,0,0,0,0.0,0.0,0.0,0,0,0,"53,000",0,0,0,"53,000",0,"53,000","53,000"
704793,擎亞永豐5A購02,0,0,0,0.0,0.0,0.0,0,0,0,"-65,000",0,0,0,0,"65,000","-65,000","-65,000"
704827,系統電國票59購02,0,0,0,0.0,0.0,0.0,0,0,0,"-590,000",0,0,0,0,"590,000","-590,000","-590,000"
704831,信驊國票5C購01,0,0,0,0.0,0.0,0.0,0,0,0,"-5,000",0,0,0,0,"5,000","-5,000","-5,000"
704840,鑫聯國票59購01,0,0,0,0.0,0.0,0.0,0,0,0,"450,000",0,0,0,"450,000",0,"450,000","450,000"
704842,台星科富邦5B購01,0,0,0,0.0,0.0,0.0,0,0,0,"320,000",0,0,0,"320,000",0,"320,000","320,000"
704846,智通*富邦5A購01,0,0,0,0.0,0.0,0.0,0,0,0,"11,000",0,0,0,"11,000",0,"11,000","11,000"
704852,雙鴻富邦5A購01,0,0,0,0.0,0.0,0.0,0,0,0,"-356,000",0,0,0,"161,000","517,000","-356,000","-356,000"
704883,能率國票59購01,0,0,0,0.0,0.0,0.0,0,0,0,"33,000",0,0,0,"83,000","50,000","33,000","33,000"
704893,青雲永豐5A購01,0,0,0,0.0,0.0,0.0,0,0,0,"200,000",0,0,0,"200,000",0,"200,000","200,000"
704896,台星科統一62購01,0,0,0,0.0,0.0,0.0,0,0,0,"-2,000",0,0,0,0,"2,000","-2,000","-2,000"
704897,台燿統一62購01,0,0,0,0.0,0.0,0.0,0,0,0,"155,000",0,0,0,"155,000",0,"155,000","155,000"
704900,茂達統一62購01,0,0,0,0.0,0.0,0.0,0,0,0,"-60,000",0,0,0,"164,000","224,000","-60,000","-60,000"
704903,智通*統一68購01,0,0,0,0.0,0.0,0.0,0,0,0,"-149,000",0,0,0,"348,000","497,000","-149,000","-149,000"
704906,穩懋統一72購02,0,0,0,0.0,0.0,0.0,0,0,0,"250,000",0,0,0,"317,000","67,000","250,000","250,000"
704907,鑫聯統一62購01,0,0,0,0.0,0.0,0.0,0,0,0,"56,000",0,0,0,"86,000","30,000","56,000","56,000"
704935,雙鴻國泰59購01,0,0,0,0.0,0.0,0.0,0,0,0,"30,000",0,0,0,"30,000",0,"30,000","30,000"
704936,良維富邦59購01,0,0,0,0.0,0.0,0.0,0,0,0,"30,000",0,0,0,"30,000",0,"30,000","30,000"
704944,印能統一65購01,0,0,0,0.0,0.0,0.0,0,0,0,"5,000",0,0,0,"5,000",0,"5,000","5,000"
704947,順達統一65購01,0,0,0,0.0,0.0,0.0,0,0,0,"494,000",0,0,0,"494,000",0,"494,000","494,000"
704950,耀勝統一5C購03,0,0,0,0.0,0.0,0.0,0,0,0,"-10,000",0,0,0,0,"10,000","-10,000","-10,000"
704952,鑫聯統一72購01,0,0,0,0.0,0.0,0.0,0,0,0,"40,000",0,0,0,"40,000",0,"40,000","40,000"
704968,精材群益5A購02,0,0,0,0.0,0.0,0.0,0,0,0,"1,000",0,0,0,"1,000",0,"1,000","1,000"
704983,雙鴻元富5A購02,0,0,0,0.0,0.0,0.0,0,0,0,"-173,000",0,0,0,"123,000","296,000","-173,000","-173,000"
704997,雙鴻元大5B購01,0,0,0,0.0,0.0,0.0,0,0,0,"-360,000",0,0,0,"50,000","410,000","-360,000","-360,000"
704999,凡甲國泰59購01,0,0,0,0.0,0.0,0.0,0,0,0,"9,000",0,0,0,"9,000",0,"9,000","9,000"
705002,世界富邦5C購02,0,0,0,0.0,0.0,0.0,0,0,0,"51,000",0,0,0,"51,000",0,"51,000","51,000"
705003,世界統一72購01,0,0,0,0.0,0.0,0.0,0,0,0,"238,000",0,0,0,"243,000","5,000","238,000","238,000"
705007,智通*統一62購01,0,0,0,0.0,0.0,0.0,0,0,0,"-970,000",0,0,0,0,"970,000","-970,000","-970,000"
705010,穩懋統一72購04,0,0,0,0.0,0.0,0.0,0,0,0,"576,000",0,0,0,"745,000","169,000","576,000","576,000"
705014,宏捷科永豐5A購01,0,0,0,0.0,0.0,0.0,0,0,0,"998,000",0,0,0,"998,000",0,"998,000","998,000"
705015,穩懋永豐59購04,0,0,0,0.0,0.0,0.0,0,0,0,"186,000",0,0,0,"186,000",0,"186,000","186,000"
705023,雙鴻凱基5C購01,0,0,0,0.0,0.0,0.0,0,0,0,"248,000",0,0,0,"260,000","12,000","248,000","248,000"
705042,博大國票59購01,0,0,0,0.0,0.0,0.0,0,0,0,"304,000",0,0,0,"304,000",0,"304,000","304,000"
705043,鑫聯國票59購02,0,0,0,0.0,0.0,0.0,0,0,0,"-591,000",0,0,0,"10,000","601,000","-591,000","-591,000"
705045,五福國票59購01,0,0,0,0.0,0.0,0.0,0,0,0,"18,000",0,0,0,"18,000",0,"18,000","18,000"
705051,精材國票59購02,0,0,0,0.0,0.0,0.0,0,0,0,"2,000",0,0,0,"2,000",0,"2,000","2,000"
705052,精測國票59購05,0,0,0,0.0,0.0,0.0,0,0,0,"4,000",0,0,0,"4,000",0,"4,000","4,000"
705072,新應材凱基5A購01,0,0,0,0.0,0.0,0.0,0,0,0,"-35,000",0,0,0,0,"35,000","-35,000","-35,000"
705084,精測群益62購03,0,0,0,0.0,0.0,0.0,0,0,0,"-194,000",0,0,0,"79,000","273,000","-194,000","-194,000"
705088,新應材富邦59購01,0,0,0,0.0,0.0,0.0,0,0,0,"158,000",0,0,0,"158,000",0,"158,000","158,000"
705089,新應材富邦63購01,0,0,0,0.0,0.0,0.0,0,0,0,"29,000",0,0,0,"29,000",0,"29,000","29,000"
705091,正淩統一62購01,0,0,0,0.0,0.0,0.0,0,0,0,"100,000",0,0,0,"100,000",0,"100,000","100,000"
705092,正淩統一65購01,0,0,0,0.0,0.0,0.0,0,0,0,"-102,000",0,0,0,0,"102,000","-102,000","-102,000"
705094,宜特統一62購01,0,0,0,0.0,0.0,0.0,0,0,0,"-298,000",0,0,0,"32,000","330,000","-298,000","-298,000"
705096,精測統一62購01,0,0,0,0.0,0.0,0.0,0,0,0,"-1,000",0,0,0,0,"1,000","-1,000","-1,000"
705103,弘塑元富5A購02,0,0,0,0.0,0.0,0.0,0,0,0,"-4,000",0,0,0,0,"4,000","-4,000","-4,000"
705126,大中統一62購01,0,0,0,0.0,0.0,0.0,0,0,0,"-4,000",0,0,0,0,"4,000","-4,000","-4,000"
705128,良維統一72購01,0,0,0,0.0,0.0,0.0,0,0,0,"-26,000",0,0,0,"22,000","48,000","-26,000","-26,000"
705129,宜特統一72購01,0,0,0,0.0,0.0,0.0,0,0,0,"42,000",0,0,0,"42,000",0,"42,000","42,000"
705130,長科*統一72購01,0,0,0,0.0,0.0,0.0,0,0,0,"35,000",0,0,0,"35,000",0,"35,000","35,000"
705132,茂迪統一72購02,0,0,0,0.0,0.0,0.0,0,0,0,"495,000",0,0,0,"499,000","4,000","495,000","495,000"
705135,穩懋統一72購05,0,0,0,0.0,0.0,0.0,0,0,0,"92,000",0,0,0,"178,000","86,000","92,000","92,000"
705136,鏵友益統一72購01,0,0,0,0.0,0.0,0.0,0,0,0,"137,000",0,0,0,"137,000",0,"137,000","137,000"
705177,新漢凱基58購01,0,0,0,0.0,0.0,0.0,0,0,0,"5,000",0,0,0,"5,000",0,"5,000","5,000"
705179,雙鴻凱基5C購02,0,0,0,0.0,0.0,0.0,0,0,0,"-7,000",0,0,0,"14,000","21,000","-7,000","-7,000"
705181,家登國泰59購01,0,0,0,0.0,0.0,0.0,0,0,0,"-3,000",0,0,0,"2,000","5,000","-3,000","-3,000"
705188,元太統一62購01,0,0,0,0.0,0.0,0.0,0,0,0,"-230,000",0,0,0,"998,000","1,228,000","-230,000","-230,000"
705190,弘塑統一72購01,0,0,0,0.0,0.0,0.0,0,0,0,"65,000",0,0,0,"73,000","8,000","65,000","65,000"
705192,沛亨統一72購01,0,0,0,0.0,0.0,0.0,0,0,0,"-28,000",0,0,0,"7,000","35,000","-28,000","-28,000"
705193,宜鼎統一72購01,0,0,0,0.0,0.0,0.0,0,0,0,"-13,000",0,0,0,0,"13,000","-13,000","-13,000"
705194,崴寶統一64購01,0,0,0,0.0,0.0,0.0,0,0,0,"-60,000",0,0,0,0,"60,000","-60,000","-60,000"
705195,崴寶統一72購01,0,0,0,0.0,0.0,0.0,0,0,0,"-13,000",0,0,0,0,"13,000","-13,000","-13,000"
705196,雙鴻統一72購01,0,0,0,0.0,0.0,0.0,0,0,0,"-113,000",0,0,0,"5,000","118,000","-113,000","-113,000"
705197,鑫聯統一65購01,0,0,0,0.0,0.0,0.0,0,0,0,"52,000",0,0,0,"52,000",0,"52,000","52,000"
705199,凡甲國票59購01,0,0,0,0.0,0.0,0.0,0,0,0,"-80,000",0,0,0,0,"80,000","-80,000","-80,000"
705202,匯鑽科國票58購02,0,0,0,0.0,0.0,0.0,0,0,0,"1,498,000",0,0,0,"1,498,000",0,"1,498,000","1,498,000"
705203,匯鑽科國票59購02,0,0,0,0.0,0.0,0.0,0,0,0,"805,000",0,0,0,"805,000",0,"805,000","805,000"
705204,鈺太國票58購01,0,0,0,0.0,0.0,0.0,0,0,0,"-2,000",0,0,0,0,"2,000","-2,000","-2,000"
705210,雙鴻元大58購17,0,0,0,0.0,0.0,0.0,0,0,0,"24,000",0,0,0,"24,000",0,"24,000","24,000"
705214,神盾永豐5B購01,0,0,0,0.0,0.0,0.0,0,0,0,"-1,000",0,0,0,"30,000","31,000","-1,000","-1,000"
705223,雙鴻元富5A購06,0,0,0,0.0,0.0,0.0,0,0,0,"78,000",0,0,0,"150,000","72,000","78,000","78,000"
705235,力旺凱基5B購01,0,0,0,0.0,0.0,0.0,0,0,0,"86,000",0,0,0,"86,000",0,"86,000","86,000"
705241,力旺永豐59購01,0,0,0,0.0,0.0,0.0,0,0,0,"54,000",0,0,0,"54,000",0,"54,000","54,000"
705242,宸曜永豐59購01,0,0,0,0.0,0.0,0.0,0,0,0,"-80,000",0,0,0,"75,000","155,000","-80,000","-80,000"
705255,雙鴻富邦5A購03,0,0,0,0.0,0.0,0.0,0,0,0,"35,000",0,0,0,"354,000","319,000","35,000","35,000"
705257,力旺統一65購01,0,0,0,0.0,0.0,0.0,0,0,0,"-1,000",0,0,0,"5,000","6,000","-1,000","-1,000"
705258,力旺統一72購01,0,0,0,0.0,0.0,0.0,0,0,0,"93,000",0,0,0,"272,000","179,000","93,000","93,000"
705260,凡甲統一72購02,0,0,0,0.0,0.0,0.0,0,0,0,"92,000",0,0,0,"92,000",0,"92,000","92,000"
705261,元太統一62購02,0,0,0,0.0,0.0,0.0,0,0,0,"-579,000",0,0,0,"4,000","583,000","-579,000","-579,000"
705262,元太統一72購01,0,0,0,0.0,0.0,0.0,0,0,0,"-252,000",0,0,0,0,"252,000","-252,000","-252,000"
705265,沛亨統一72購02,0,0,0,0.0,0.0,0.0,0,0,0,"27,000",0,0,0,"27,000",0,"27,000","27,000"
705266,博智統一72購01,0,0,0,0.0,0.0,0.0,0,0,0,"27,000",0,0,0,"30,000","3,000","27,000","27,000"
705267,閎康統一72購02,0,0,0,0.0,0.0,0.0,0,0,0,"-1,000",0,0,0,"63,000","64,000","-1,000","-1,000"
705273,穩懋國票59購02,0,0,0,0.0,0.0,0.0,0,0,0,"21,000",0,0,0,"21,000",0,"21,000","21,000"
705276,力旺群益5A購01,0,0,0,0.0,0.0,0.0,0,0,0,"-187,000",0,0,0,"15,000","202,000","-187,000","-187,000"
705282,力旺元大58購03,0,0,0,0.0,0.0,0.0,0,0,0,"10,000",0,0,0,"10,000",0,"10,000","10,000"
705284,力旺元大5A購03,0,0,0,0.0,0.0,0.0,0,0,0,"-275,000",0,0,0,"24,000","299,000","-275,000","-275,000"
705289,鈊象元大5C購02,0,0,0,0.0,0.0,0.0,0,0,0,"3,000",0,0,0,"3,000",0,"3,000","3,000"
705292,宏觀凱基5B購01,0,0,0,0.0,0.0,0.0,0,0,0,0,0,0,0,"10,000","10,000",0,0
705293,亞泰凱基58購01,0,0,0,0.0,0.0,0.0,0,0,0,"1,000",0,0,0,"1,000",0,"1,000","1,000"
705300,鈊象凱基61購01,0,0,0,0.0,0.0,0.0,0,0,0,"-30,000",0,0,0,0,"30,000","-30,000","-30,000"
705303,台星科富邦5A購01,0,0,0,0.0,0.0,0.0,0,0,0,"187,000",0,0,0,"187,000",0,"187,000","187,000"
705304,台燿富邦5C購02,0,0,0,0.0,0.0,0.0,0,0,0,"1,000",0,0,0,"1,000",0,"1,000","1,000"
705310,博智統一72購02,0,0,0,0.0,0.0,0.0,0,0,0,"184,000",0,0,0,"186,000","2,000","184,000","184,000"
705314,精材統一72購01,0,0,0,0.0,0.0,0.0,0,0,0,"10,000",0,0,0,"25,000","15,000","10,000","10,000"
705315,鑫科統一72購02,0,0,0,0.0,0.0,0.0,0,0,0,"-1,000",0,0,0,0,"1,000","-1,000","-1,000"
705321,富強鑫國票59購01,0,0,0,0.0,0.0,0.0,0,0,0,"-34,000",0,0,0,"200,000","234,000","-34,000","-34,000"
705322,富喬國票58購04,0,0,0,0.0,0.0,0.0,0,0,0,"766,000",0,0,0,"776,000","10,000","766,000","766,000"
705324,富喬國票5A購01,0,0,0,0.0,0.0,0.0,0,0,0,"-60,000",0,0,0,0,"60,000","-60,000","-60,000"
705326,寶雅國票59購01,0,0,0,0.0,0.0,0.0,0,0,0,"3,000",0,0,0,"3,000",0,"3,000","3,000"
705332,鈊象元大58購08,0,0,0,0.0,0.0,0.0,0,0,0,"10,000",0,0,0,"10,000",0,"10,000","10,000"
705333,鈊象元大5C購03,0,0,0,0.0,0.0,0.0,0,0,0,"-60,000",0,0,0,"1,000","61,000","-60,000","-60,000"
705337,穩懋元大61購04,0,0,0,0.0,0.0,0.0,0,0,0,0,0,0,0,"5,000","5,000",0,0
705340,富喬群益59購01,0,0,0,0.0,0.0,0.0,0,0,0,"25,000",0,0,0,"25,000",0,"25,000","25,000"
705342,世紀*永豐58購01,0,0,0,0.0,0.0,0.0,0,0,0,"9,000",0,0,0,"9,000",0,"9,000","9,000"
705347,富喬永豐61購01,0,0,0,0.0,0.0,0.0,0,0,0,"3,000",0,0,0,"3,000",0,"3,000","3,000"
705348,富喬永豐65購01,0,0,0,0.0,0.0,0.0,0,0,0,"50,000",0,0,0,"50,000",0,"50,000","50,000"
705355,萬潤凱基58購04,0,0,0,0.0,0.0,0.0,0,0,0,0,0,"1,000","-1,000","1,000",0,"1,000",0
705365,雙鴻元大5B購02,0,0,0,0.0,0.0,0.0,0,0,0,"10,000",0,0,0,"10,000",0,"10,000","10,000"
705372,力致統一64購01,0,0,0,0.0,0.0,0.0,0,0,0,"-10,000",0,0,0,0,"10,000","-10,000","-10,000"
705374,元太統一72購02,0,0,0,0.0,0.0,0.0,0,0,0,"59,000",0,0,0,"68,000","9,000","59,000","59,000"
705376,正基統一64購01,0,0,0,0.0,0.0,0.0,0,0,0,"50,000",0,0,0,"50,000",0,"50,000","50,000"
705378,宏捷科統一61購04,0,0,0,0.0,0.0,0.0,0,0,0,"958,000",0,0,0,"970,000","12,000","958,000","958,000"
705379,沛亨統一68購01,0,0,0,0.0,0.0,0.0,0,0,0,"31,000",0,0,0,"31,000",0,"31,000","31,000"
705380,系統電統一5C購02,0,0,0,0.0,0.0,0.0,0,0,0,"-50,000",0,0,0,0,"50,000","-50,000","-50,000"
705385,前鼎統一72購01,0,0,0,0.0,0.0,0.0,0,0,0,"-2,000",0,0,0,0,"2,000","-2,000","-2,000"
705386,茂達統一72購01,0,0,0,0.0,0.0,0.0,0,0,0,"19,000",0,0,0,"34,000","15,000","19,000","19,000"
705387,原相統一64購01,0,0,0,0.0,0.0,0.0,0,0,0,"-28,000",0,0,0,0,"28,000","-28,000","-28,000"
705388,能率統一72購01,0,0,0,0.0,0.0,0.0,0,0,0,"1,000",0,0,0,"1,000",0,"1,000","1,000"
705389,富強鑫統一72購01,0,0,0,0.0,0.0,0.0,0,0,0,"46,000",0,0,0,"84,000","38,000","46,000","46,000"
705390,新漢統一64購02,0,0,0,0.0,0.0,0.0,0,0,0,"3,000",0,0,0,"3,000",0,"3,000","3,000"
705397,穩得統一72購01,0,0,0,0.0,0.0,0.0,0,0,0,"-13,000",0,0,0,0,"13,000","-13,000","-13,000"
705399,穩懋統一62購01,0,0,0,0.0,0.0,0.0,0,0,0,"22,000",0,0,0,"105,000","83,000","22,000","22,000"
705411,良維永豐59購01,0,0,0,0.0,0.0,0.0,0,0,0,"-10,000",0,0,0,0,"10,000","-10,000","-10,000"
705421,穩懋元富58購02,0,0,0,0.0,0.0,0.0,0,0,0,"4,000",0,0,0,"31,000","27,000","4,000","4,000"
705431,世界台新59購01,0,0,0,0.0,0.0,0.0,0,0,0,"186,000",0,0,0,"190,000","4,000","186,000","186,000"
705437,弘塑凱基5C購01,0,0,0,0.0,0.0,0.0,0,0,0,"12,000",0,0,0,"19,000","7,000","12,000","12,000"
705444,良維國票62購01,0,0,0,0.0,0.0,0.0,0,0,0,"-3,000",0,0,0,"21,000","24,000","-3,000","-3,000"
705446,信驊國票62購01,0,0,0,0.0,0.0,0.0,0,0,0,"-5,000",0,0,0,0,"5,000","-5,000","-5,000"
705447,博智國票5A購01,0,0,0,0.0,0.0,0.0,0,0,0,"7,000",0,0,0,"8,000","1,000","7,000","7,000"
705448,萬潤國票5A購01,0,0,0,0.0,0.0,0.0,0,0,0,"1,000",0,0,0,"1,000",0,"1,000","1,000"
705449,鉅橡國票5B購01,0,0,0,0.0,0.0,0.0,0,0,0,"-5,000",0,0,0,0,"5,000","-5,000","-5,000"
705451,穩懋國票5A購03,0,0,0,0.0,0.0,0.0,0,0,0,"-79,000",0,0,0,"10,000","89,000","-79,000","-79,000"
705475,雙鴻元大5C購03,0,0,0,0.0,0.0,0.0,0,0,0,"-43,000",0,0,0,"118,000","161,000","-43,000","-43,000"
705477,台特化統一63購02,0,0,0,0.0,0.0,0.0,0,0,0,"-90,000",0,0,0,0,"90,000","-90,000","-90,000"
705479,良維統一61購01,0,0,0,0.0,0.0,0.0,0,0,0,"-3,000",0,0,0,0,"3,000","-3,000","-3,000"
705480,良維統一63購01,0,0,0,0.0,0.0,0.0,0,0,0,"210,000",0,0,0,"220,000","10,000","210,000","210,000"
705481,亞泰統一62購01,0,0,0,0.0,0.0,0.0,0,0,0,"-110,000",0,0,0,0,"110,000","-110,000","-110,000"
705483,新應材統一62購02,0,0,0,0.0,0.0,0.0,0,0,0,"-10,000",0,0,0,0,"10,000","-10,000","-10,000"
705485,萬潤統一73購01,0,0,0,0.0,0.0,0.0,0,0,0,"-10,000",0,0,0,0,"10,000","-10,000","-10,000"
705488,穩懋統一73購01,0,0,0,0.0,0.0,0.0,0,0,0,"-111,000",0,0,0,"37,000","148,000","-111,000","-111,000"
705489,穩懋統一73購02,0,0,0,0.0,0.0,0.0,0,0,0,"144,000",0,0,0,"327,000","183,000","144,000","144,000"
705491,世界永豐5A購02,0,0,0,0.0,0.0,0.0,0,0,0,0,0,0,0,"20,000","20,000",0,0
705497,宜鼎永豐5A購02,0,0,0,0.0,0.0,0.0,0,0,0,"30,000",0,0,0,"30,000",0,"30,000","30,000"
705500,原相永豐5B購01,0,0,0,0.0,0.0,0.0,0,0,0,"80,000",0,0,0,"80,000",0,"80,000","80,000"
705504,雙鴻永豐5C購01,0,0,0,0.0,0.0,0.0,0,0,0,"-46,000",0,0,0,"44,000","90,000","-46,000","-46,000"
705505,穩懋永豐5A購03,0,0,0,0.0,0.0,0.0,0,0,0,"-119,000",0,0,0,"39,000","158,000","-119,000","-119,000"
705506,台星科元富59購01,0,0,0,0.0,0.0,0.0,0,0,0,"26,000",0,0,0,"26,000",0,"26,000","26,000"
705515,穩懋元富59購02,0,0,0,0.0,0.0,0.0,0,0,0,"9,000",0,0,0,"19,000","10,000","9,000","9,000"
705519,均華兆豐63購01,0,0,0,0.0,0.0,0.0,0,0,0,"-2,000",0,0,0,0,"2,000","-2,000","-2,000"
705520,宜鼎兆豐63購01,0,0,0,0.0,0.0,0.0,0,0,0,"-1,000",0,0,0,0,"1,000","-1,000","-1,000"
705521,順達兆豐5B購01,0,0,0,0.0,0.0,0.0,0,0,0,"20,000",0,0,0,"20,000",0,"20,000","20,000"
705527,萬潤凱基5B購01,0,0,0,0.0,0.0,0.0,0,0,0,"-1,000",0,0,0,0,"1,000","-1,000","-1,000"
705535,穩懋凱基59購09,0,0,0,0.0,0.0,0.0,0,0,0,"6,000",0,0,0,"6,000",0,"6,000","6,000"
705539,中探針元大5A購02,0,0,0,0.0,0.0,0.0,0,0,0,"4,000",0,0,0,"4,000",0,"4,000","4,000"
705560,萬潤永豐5C購01,0,0,0,0.0,0.0,0.0,0,0,0,"28,000",0,0,0,"28,000",0,"28,000","28,000"
705563,雙鴻永豐59購03,0,0,0,0.0,0.0,0.0,0,0,0,"1,000",0,0,0,"1,000",0,"1,000","1,000"
705565,穩懋永豐5C購02,0,0,0,0.0,0.0,0.0,0,0,0,"-395,000",0,0,0,0,"395,000","-395,000","-395,000"
705570,世界凱基5C購01,0,0,0,0.0,0.0,0.0,0,0,0,"10,000",0,0,0,"10,000",0,"10,000","10,000"
705576,聖暉*凱基59購02,0,0,0,0.0,0.0,0.0,0,0,0,"9,000",0,0,0,"10,000","1,000","9,000","9,000"
705581,良維永豐5B購01,0,0,0,0.0,0.0,0.0,0,0,0,"-17,000",0,0,0,0,"17,000","-17,000","-17,000"
705585,博磊永豐5A購01,0,0,0,0.0,0.0,0.0,0,0,0,"3,000",0,0,0,"3,000",0,"3,000","3,000"
705588,精星永豐59購01,0,0,0,0.0,0.0,0.0,0,0,0,"-1,000",0,0,0,0,"1,000","-1,000","-1,000"
705589,鏵友益永豐5C購01,0,0,0,0.0,0.0,0.0,0,0,0,"-16,000",0,0,0,"9,000","25,000","-16,000","-16,000"
705594,旺矽元大59購04,0,0,0,0.0,0.0,0.0,0,0,0,"38,000",0,0,0,"38,000",0,"38,000","38,000"
705610,精材國票5C購01,0,0,0,0.0,0.0,0.0,0,0,0,"1,000",0,0,0,"1,000",0,"1,000","1,000"
705616,宏捷科群益5A購02,0,0,0,0.0,0.0,0.0,0,0,0,"-1,000",0,0,0,0,"1,000","-1,000","-1,000"
705617,良維群益5B購02,0,0,0,0.0,0.0,0.0,0,0,0,"10,000",0,0,0,"10,000",0,"10,000","10,000"
705633,順達永豐5B購01,0,0,0,0.0,0.0,0.0,0,0,0,"119,000",0,0,0,"119,000",0,"119,000","119,000"
705638,宜鼎群益5B購01,0,0,0,0.0,0.0,0.0,0,0,0,"2,000",0,0,0,"2,000",0,"2,000","2,000"
705652,宜鼎凱基5A購03,0,0,0,0.0,0.0,0.0,0,0,0,"-28,000",0,0,0,0,"28,000","-28,000","-28,000"
705661,茂迪元大59購04,0,0,0,0.0,0.0,0.0,0,0,0,"-1,000",0,0,0,0,"1,000","-1,000","-1,000"
705671,鈊象富邦5B購01,0,0,0,0.0,0.0,0.0,0,0,0,"-68,000",0,0,0,"50,000","118,000","-68,000","-68,000"
705675,雙鴻富邦5C購01,0,0,0,0.0,0.0,0.0,0,0,0,"-229,000",0,0,0,"100,000","329,000","-229,000","-229,000"
705676,雙鴻富邦5C購02,0,0,0,0.0,0.0,0.0,0,0,0,"48,000",0,0,0,"49,000","1,000","48,000","48,000"
705681,沛亨國票5A購01,0,0,0,0.0,0.0,0.0,0,0,0,"-20,000",0,0,0,0,"20,000","-20,000","-20,000"
705682,宜鼎國票5A購02,0,0,0,0.0,0.0,0.0,0,0,0,"3,000",0,0,0,"8,000","5,000","3,000","3,000"
705690,僑威國票5A購01,0,0,0,0.0,0.0,0.0,0,0,0,"10,000",0,0,0,"10,000",0,"10,000","10,000"
705692,臺慶科國票5A購02,0,0,0,0.0,0.0,0.0,0,0,0,"-10,000",0,0,0,"10,000","20,000","-10,000","-10,000"
705693,雙鴻台新59購01,0,0,0,0.0,0.0,0.0,0,0,0,"-20,000",0,0,0,0,"20,000","-20,000","-20,000"
705695,前鼎凱基59購02,0,0,0,0.0,0.0,0.0,0,0,0,"2,000",0,0,0,"2,000",0,"2,000","2,000"
705698,鉅橡凱基5A購02,0,0,0,0.0,0.0,0.0,0,0,0,"30,000",0,0,0,"30,000",0,"30,000","30,000"
705699,聚和凱基5A購01,0,0,0,0.0,0.0,0.0,0,0,0,"-1,000",0,0,0,"100,000","101,000","-1,000","-1,000"
705700,寶雅凱基5A購01,0,0,0,0.0,0.0,0.0,0,0,0,"62,000",0,0,0,"62,000",0,"62,000","62,000"
705711,台特化元大5C購01,0,0,0,0.0,0.0,0.0,0,0,0,"-167,000",0,0,0,0,"167,000","-167,000","-167,000"
705716,正基元大59購03,0,0,0,0.0,0.0,0.0,0,0,0,"40,000",0,0,0,"40,000",0,"40,000","40,000"
705726,雙鴻元大61購08,0,0,0,0.0,0.0,0.0,0,0,0,"-20,000",0,0,0,0,"20,000","-20,000","-20,000"
705728,台特化群益62購01,0,0,0,0.0,0.0,0.0,0,0,0,"-1,000",0,0,0,0,"1,000","-1,000","-1,000"
705731,宏捷科群益59購02,0,0,0,0.0,0.0,0.0,0,0,0,"19,000",0,0,0,"19,000",0,"19,000","19,000"
705739,系統電永豐64購01,0,0,0,0.0,0.0,0.0,0,0,0,"-60,000",0,0,0,0,"60,000","-60,000","-60,000"
705755,雙鴻凱基5C購03,0,0,0,0.0,0.0,0.0,0,0,0,"200,000",0,0,0,"202,000","2,000","200,000","200,000"
705758,世界元大5C購01,0,0,0,0.0,0.0,0.0,0,0,0,"209,000",0,0,0,"224,000","15,000","209,000","209,000"
705763,良維元大59購02,0,0,0,0.0,0.0,0.0,0,0,0,"10,000",0,0,0,"10,000",0,"10,000","10,000"
705764,良維元大59購03,0,0,0,0.0,0.0,0.0,0,0,0,"120,000",0,0,0,"120,000",0,"120,000","120,000"
705768,新應材元大59購01,0,0,0,0.0,0.0,0.0,0,0,0,"8,000",0,0,0,"8,000",0,"8,000","8,000"
705778,鈊象國票5A購01,0,0,0,0.0,0.0,0.0,0,0,0,"3,000",0,0,0,"3,000",0,"3,000","3,000"
705783,良維中信61購01,0,0,0,0.0,0.0,0.0,0,0,0,"-308,000",0,0,0,0,"308,000","-308,000","-308,000"
705784,環球晶中信59購01,0,0,0,0.0,0.0,0.0,0,0,0,"1,000",0,0,0,"1,000",0,"1,000","1,000"
705797,雙鴻元富59購02,0,0,0,0.0,0.0,0.0,0,0,0,"20,000",0,0,0,"20,000",0,"20,000","20,000"
705798,雙鴻元富59購03,0,0,0,0.0,0.0,0.0,0,0,0,"20,000",0,0,0,"20,000",0,"20,000","20,000"
705800,大綜統一73購01,0,0,0,0.0,0.0,0.0,0,0,0,"105,000",0,0,0,"105,000",0,"105,000","105,000"
705804,環球晶統一63購01,0,0,0,0.0,0.0,0.0,0,0,0,"-6,000",0,0,0,0,"6,000","-6,000","-6,000"
705805,環球晶統一63購02,0,0,0,0.0,0.0,0.0,0,0,0,"-3,000",0,0,0,0,"3,000","-3,000","-3,000"
705806,環球晶統一73購01,"1,000",0,"1,000",0.0,0.0,0.0,0,0,0,"-1,000",0,0,0,0,"1,000","-1,000",0
705807,環球晶統一73購02,0,0,0,0.0,0.0,0.0,0,0,0,"82,000",0,0,0,"82,000",0,"82,000","82,000"
705809,元太國票5A購02,0,0,0,0.0,0.0,0.0,0,0,0,"-158,000",0,0,0,"603,000","761,000","-158,000","-158,000"
705811,長佳智國票5A購01,0,0,0,0.0,0.0,0.0,0,0,0,"-168,000",0,0,0,"18,000","186,000","-168,000","-168,000"
705812,前鼎國票61購01,0,0,0,0.0,0.0,0.0,0,0,0,"-10,000",0,0,0,0,"10,000","-10,000","-10,000"
705815,優群國票59購01,0,0,0,0.0,0.0,0.0,0,0,0,"-120,000",0,0,0,0,"120,000","-120,000","-120,000"
705819,台星科永豐5C購01,0,0,0,0.0,0.0,0.0,0,0,0,"42,000",0,0,0,"42,000",0,"42,000","42,000"
705820,宜特永豐5C購01,0,0,0,0.0,0.0,0.0,0,0,0,"-102,000",0,0,0,0,"102,000","-102,000","-102,000"
705823,前鼎永豐5C購01,0,0,0,0.0,0.0,0.0,0,0,0,"22,000",0,0,0,"38,000","16,000","22,000","22,000"
705824,能率永豐5C購01,0,0,0,0.0,0.0,0.0,0,0,0,"15,000",0,0,0,"15,000",0,"15,000","15,000"
705826,順達永豐61購01,0,0,0,0.0,0.0,0.0,0,0,0,"22,000",0,0,0,"22,000",0,"22,000","22,000"
705829,天品元富59購01,0,0,0,0.0,0.0,0.0,0,0,0,"65,000",0,0,0,"65,000",0,"65,000","65,000"
705841,元太元大5B購01,0,0,0,0.0,0.0,0.0,0,0,0,"-10,000",0,0,0,0,"10,000","-10,000","-10,000"
705844,台特化元大59購03,0,0,0,0.0,0.0,0.0,0,0,0,"10,000",0,0,0,"10,000",0,"10,000","10,000"
705851,雙鴻元大59購08,0,0,0,0.0,0.0,0.0,0,0,0,"102,000",0,0,0,"185,000","83,000","102,000","102,000"
705853,雙鴻元大61購10,0,0,0,0.0,0.0,0.0,0,0,0,"-824,000",0,0,0,"616,000","1,440,000","-824,000","-824,000"
705854,台特化統一63購03,0,0,0,0.0,0.0,0.0,0,0,0,"-15,000",0,0,0,0,"15,000","-15,000","-15,000"
705855,弘塑統一73購01,0,0,0,0.0,0.0,0.0,0,0,0,"1,000",0,0,0,"1,000",0,"1,000","1,000"
705857,沛亨統一73購01,0,0,0,0.0,0.0,0.0,0,0,0,"-10,000",0,0,0,0,"10,000","-10,000","-10,000"
705858,良維統一73購01,0,0,0,0.0,0.0,0.0,0,0,0,"872,000",0,0,0,"998,000","126,000","872,000","872,000"
705860,順達統一73購01,0,0,0,0.0,0.0,0.0,0,0,0,"528,000",0,0,0,"1,023,000","495,000","528,000","528,000"
705863,德微統一73購01,0,0,0,0.0,0.0,0.0,0,0,0,"56,000",0,0,0,"56,000",0,"56,000","56,000"
705874,鈊象凱基61購02,0,0,0,0.0,0.0,0.0,0,0,0,"10,000",0,0,0,"10,000",0,"10,000","10,000"
705879,良維富邦5B購01,0,0,0,0.0,0.0,0.0,0,0,0,"-19,000",0,0,0,"596,000","615,000","-19,000","-19,000"
705880,新應材富邦63購02,0,0,0,0.0,0.0,0.0,0,0,0,"84,000",0,0,0,"85,000","1,000","84,000","84,000"
705886,鈊象群益59購01,0,0,0,0.0,0.0,0.0,0,0,0,"35,000",0,0,0,"35,000",0,"35,000","35,000"
705887,新應材群益5A購01,0,0,0,0.0,0.0,0.0,0,0,0,"10,000",0,0,0,"10,000",0,"10,000","10,000"
705894,元太凱基5B購02,0,0,0,0.0,0.0,0.0,0,0,0,"-80,000",0,0,0,0,"80,000","-80,000","-80,000"
705897,巨漢凱基59購01,0,0,0,0.0,0.0,0.0,0,0,0,"138,000",0,0,0,"138,000",0,"138,000","138,000"
705900,新普凱基59購01,0,0,0,0.0,0.0,0.0,0,0,0,"-17,000",0,0,0,"53,000","70,000","-17,000","-17,000"
705911,均華群益59購01,0,0,0,0.0,0.0,0.0,0,0,0,"2,000",0,0,0,"2,000",0,"2,000","2,000"
705917,雙鴻群益63購01,0,0,0,0.0,0.0,0.0,0,0,0,"-752,000",0,0,0,"171,000","923,000","-752,000","-752,000"
705920,新應材元富59購02,0,0,0,0.0,0.0,0.0,0,0,0,"1,000",0,0,0,"1,000",0,"1,000","1,000"
705928,雙鴻永豐63購01,0,0,0,0.0,0.0,0.0,0,0,0,"-1,000",0,0,0,"4,000","5,000","-1,000","-1,000"
705931,台半國票5A購01,0,0,0,0.0,0.0,0.0,0,0,0,"-20,000",0,0,0,0,"20,000","-20,000","-20,000"
705935,胡連國票5A購01,0,0,0,0.0,0.0,0.0,0,0,0,"366,000",0,0,0,"371,000","5,000","366,000","366,000"
705936,順達國票5A購01,0,0,0,0.0,0.0,0.0,0,0,0,"-8,000",0,0,0,0,"8,000","-8,000","-8,000"
705940,新應材國票5C購01,0,0,0,0.0,0.0,0.0,0,0,0,"25,000",0,0,0,"25,000",0,"25,000","25,000"
705944,新應材富邦5C購02,0,0,0,0.0,0.0,0.0,0,0,0,"-110,000",0,0,0,0,"110,000","-110,000","-110,000"
705945,均豪統一73購01,0,0,0,0.0,0.0,0.0,0,0,0,"-1,000",0,0,0,0,"1,000","-1,000","-1,000"
705947,系微統一73購01,0,0,0,0.0,0.0,0.0,0,0,0,"-141,000",0,0,0,0,"141,000","-141,000","-141,000"
705948,良維統一63購02,0,0,0,0.0,0.0,0.0,0,0,0,"162,000",0,0,0,"162,000",0,"162,000","162,000"
705949,良維統一73購02,0,0,0,0.0,0.0,0.0,0,0,0,"20,000",0,0,0,"36,000","16,000","20,000","20,000"
705953,鉅橡統一73購01,0,0,0,0.0,0.0,0.0,0,0,0,"4,000",0,0,0,"4,000",0,"4,000","4,000"
705957,良維元大59購04,0,0,0,0.0,0.0,0.0,0,0,0,"10,000",0,0,0,"10,000",0,"10,000","10,000"
705960,宜鼎元大59購04,0,0,0,0.0,0.0,0.0,0,0,0,"-20,000",0,0,0,0,"20,000","-20,000","-20,000"
705972,雙鴻凱基59購13,0,0,0,0.0,0.0,0.0,0,0,0,"-2,000",0,0,0,"27,000","29,000","-2,000","-2,000"
705986,世紀*國票5A購01,0,0,0,0.0,0.0,0.0,0,0,0,"40,000",0,0,0,"40,000",0,"40,000","40,000"
705989,雙鴻國票5A購02,0,0,0,0.0,0.0,0.0,0,0,0,"-2,000",0,0,0,0,"2,000","-2,000","-2,000"
705992,均華國泰5A購01,0,0,0,0.0,0.0,0.0,0,0,0,"20,000",0,0,0,"20,000",0,"20,000","20,000"
705995,蜜望實統一73購01,0,0,0,0.0,0.0,0.0,0,0,0,"121,000",0,0,0,"182,000","61,000","121,000","121,000"
706006,穩得永豐5B購01,0,0,0,0.0,0.0,0.0,0,0,0,"112,000",0,0,0,"138,000","26,000","112,000","112,000"
706015,緯軟國票5B購01,0,0,0,0.0,0.0,0.0,0,0,0,"-110,000",0,0,0,0,"110,000","-110,000","-110,000"
706016,雙鴻國票5A購03,0,0,0,0.0,0.0,0.0,0,0,0,"-45,000",0,0,0,0,"45,000","-45,000","-45,000"
706028,台特化統一66購01,0,0,0,0.0,0.0,0.0,0,0,0,"-10,000",0,0,0,0,"10,000","-10,000","-10,000"
706030,均華統一62購01,0,0,0,0.0,0.0,0.0,0,0,0,"5,000",0,0,0,"236,000","231,000","5,000","5,000"
706031,均華統一63購03,0,0,0,0.0,0.0,0.0,0,0,0,"-22,000",0,0,0,"28,000","50,000","-22,000","-22,000"
706033,均豪統一63購01,0,0,0,0.0,0.0,0.0,0,0,0,"1,000",0,0,0,"11,000","10,000","1,000","1,000"
706036,新普統一63購01,0,0,0,0.0,0.0,0.0,0,0,0,"-206,000",0,0,0,"519,000","725,000","-206,000","-206,000"
706037,新普統一73購01,0,0,0,0.0,0.0,0.0,0,0,0,"76,000",0,0,0,"164,000","88,000","76,000","76,000"
706040,鑫聯統一62購02,0,0,0,0.0,0.0,0.0,0,0,0,"-39,000",0,0,0,0,"39,000","-39,000","-39,000"
706048,原相富邦59購01,0,0,0,0.0,0.0,0.0,0,0,0,"101,000",0,0,0,"156,000","55,000","101,000","101,000"
706054,台特化元大5B購01,0,0,0,0.0,0.0,0.0,0,0,0,"-44,000",0,0,0,"16,000","60,000","-44,000","-44,000"
706055,台特化元大63購01,0,0,0,0.0,0.0,0.0,0,0,0,"-2,202,000",0,0,0,"5,000","2,207,000","-2,202,000","-2,202,000"
706058,巨漢元大59購02,0,0,0,0.0,0.0,0.0,0,0,0,"10,000",0,0,0,"10,000",0,"10,000","10,000"
706060,弘塑元大63購02,0,0,0,0.0,0.0,0.0,0,0,0,"25,000",0,0,0,"35,000","10,000","25,000","25,000"
706064,宜鼎元大59購08,0,0,0,0.0,0.0,0.0,0,0,0,"69,000",0,0,0,"71,000","2,000","69,000","69,000"
706066,智通*元大59購02,0,0,0,0.0,0.0,0.0,0,0,0,"50,000",0,0,0,"50,000",0,"50,000","50,000"
706069,雙鴻元大59購11,0,0,0,0.0,0.0,0.0,0,0,0,"-496,000",0,0,0,0,"496,000","-496,000","-496,000"
706070,雙鴻元大59購12,0,0,0,0.0,0.0,0.0,0,0,0,"83,000",0,0,0,"98,000","15,000","83,000","83,000"
706072,弘塑凱基5A購01,0,0,0,0.0,0.0,0.0,0,0,0,"72,000",0,0,0,"72,000",0,"72,000","72,000"
706074,鈊象凱基5C購01,0,0,0,0.0,0.0,0.0,0,0,0,"-37,000",0,0,0,"3,000","40,000","-37,000","-37,000"
706078,元太中信59購01,0,0,0,0.0,0.0,0.0,0,0,0,"-49,000",0,0,0,"1,000","50,000","-49,000","-49,000"
706081,雙鴻中信63購01,0,0,0,0.0,0.0,0.0,0,0,0,"-21,000",0,0,0,"68,000","89,000","-21,000","-21,000"
706085,旺矽永豐59購03,0,0,0,0.0,0.0,0.0,0,0,0,"-100,000",0,0,0,0,"100,000","-100,000","-100,000"
706094,均豪國泰5A購01,0,0,0,0.0,0.0,0.0,0,0,0,"1,000",0,0,0,"1,000",0,"1,000","1,000"
706097,弘塑富邦5C購01,0,0,0,0.0,0.0,0.0,0,0,0,"-337,000",0,0,0,"163,000","500,000","-337,000","-337,000"
706098,宜鼎富邦5C購03,0,0,0,0.0,0.0,0.0,0,0,0,"1,000",0,0,0,"1,000",0,"1,000","1,000"
706103,台特化元大63購02,0,0,0,0.0,0.0,0.0,0,0,0,"3,183,000",0,0,0,"3,184,000","1,000","3,183,000","3,183,000"
706106,良維元大59購07,0,0,0,0.0,0.0,0.0,0,0,0,"136,000",0,0,0,"136,000",0,"136,000","136,000"
706108,宜鼎元大59購09,0,0,0,0.0,0.0,0.0,0,0,0,"6,000",0,0,0,"6,000",0,"6,000","6,000"
706109,宜鼎元大59購10,0,0,0,0.0,0.0,0.0,0,0,0,"1,000",0,0,0,"1,000",0,"1,000","1,000"
706113,雙鴻元大59購13,0,0,0,0.0,0.0,0.0,0,0,0,"35,000",0,0,0,"45,000","10,000","35,000","35,000"
706114,雙鴻元大59購14,0,0,0,0.0,0.0,0.0,0,0,0,"-226,000",0,0,0,"556,000","782,000","-226,000","-226,000"
706115,雙鴻元大63購02,0,0,0,0.0,0.0,0.0,0,0,0,"-1,000",0,0,0,0,"1,000","-1,000","-1,000"
706118,台星科國票61購01,0,0,0,0.0,0.0,0.0,0,0,0,"1,000",0,0,0,"1,000",0,"1,000","1,000"
706119,宏捷科國票5A購01,0,0,0,0.0,0.0,0.0,0,0,0,0,0,0,0,"11,000","11,000",0,0
706120,良維國票5A購01,0,0,0,0.0,0.0,0.0,0,0,0,"-17,000",0,0,0,0,"17,000","-17,000","-17,000"
706121,宜鼎國票5A購03,0,0,0,0.0,0.0,0.0,0,0,0,"-29,000",0,0,0,"3,000","32,000","-29,000","-29,000"
706125,鑫聯國票5C購01,0,0,0,0.0,0.0,0.0,0,0,0,"17,000",0,0,0,"17,000",0,"17,000","17,000"
706127,大綜統一66購01,0,0,0,0.0,0.0,0.0,0,0,0,"14,000",0,0,0,"44,000","30,000","14,000","14,000"
706129,巨漢統一63購01,0,0,0,0.0,0.0,0.0,0,0,0,"-6,000",0,0,0,0,"6,000","-6,000","-6,000"
706133,均豪統一66購01,0,0,0,0.0,0.0,0.0,0,0,0,"-101,000",0,0,0,0,"101,000","-101,000","-101,000"
706134,宜鼎統一63購02,0,0,0,0.0,0.0,0.0,0,0,0,"257,000",0,0,0,"489,000","232,000","257,000","257,000"
706135,宜鼎統一63購03,0,0,0,0.0,0.0,0.0,0,0,0,"-58,000",0,0,0,0,"58,000","-58,000","-58,000"
706136,宜鼎統一66購02,0,0,0,0.0,0.0,0.0,0,0,0,"-63,000",0,0,0,"23,000","86,000","-63,000","-63,000"
706137,宜鼎統一73購01,0,0,0,0.0,0.0,0.0,0,0,0,"-13,000",0,0,0,"74,000","87,000","-13,000","-13,000"
706145,元太群益59購03,0,0,0,0.0,0.0,0.0,0,0,0,"91,000",0,0,0,"91,000",0,"91,000","91,000"
706148,宜鼎群益59購05,0,0,0,0.0,0.0,0.0,0,0,0,"1,000",0,0,0,"1,000",0,"1,000","1,000"
706149,宜鼎群益59購06,0,0,0,0.0,0.0,0.0,0,0,0,"-19,000",0,0,0,"1,000","20,000","-19,000","-19,000"
706153,德微群益63購01,0,0,0,0.0,0.0,0.0,0,0,0,"-11,000",0,0,0,0,"11,000","-11,000","-11,000"
706157,均華凱基59購02,0,0,0,0.0,0.0,0.0,0,0,0,"1,000",0,0,0,"1,000",0,"1,000","1,000"
706161,旺矽凱基63購01,0,0,0,0.0,0.0,0.0,0,0,0,"-10,000",0,0,0,0,"10,000","-10,000","-10,000"
706168,雙鴻凱基63購01,0,0,0,0.0,0.0,0.0,0,0,0,0,0,0,0,"10,000","10,000",0,0
706170,良維群益5C購02,0,0,0,0.0,0.0,0.0,0,0,0,"-4,000",0,0,0,"15,000","19,000","-4,000","-4,000"
706173,精測群益5B購01,0,0,0,0.0,0.0,0.0,0,0,0,"-60,000",0,0,0,0,"60,000","-60,000","-60,000"
706176,宜鼎國泰61購01,0,0,0,0.0,0.0,0.0,0,0,0,"188,000",0,0,0,"190,000","2,000","188,000","188,000"
706179,均華富邦5B購01,0,"10,000","-10,000",0.0,0.0,0.0,0,0,0,"-140,000",0,0,0,"60,000","200,000","-140,000","-150,000"
706182,旺矽統一63購05,0,0,0,0.0,0.0,0.0,0,0,0,"11,000",0,0,0,"11,000",0,"11,000","11,000"
706184,台特化元大63購03,0,0,0,0.0,0.0,0.0,0,0,0,"-90,000",0,0,0,0,"90,000","-90,000","-90,000"
706185,均華元大5C購01,0,0,0,0.0,0.0,0.0,0,0,0,"-20,000",0,0,0,0,"20,000","-20,000","-20,000"
706186,宏捷科元大5C購02,0,0,0,0.0,0.0,0.0,0,0,0,"213,000",0,0,0,"213,000",0,"213,000","213,000"
706198,精測元大5C購02,0,0,0,0.0,0.0,0.0,0,0,0,"-30,000",0,0,0,0,"30,000","-30,000","-30,000"
706200,雙鴻元大59購16,0,0,0,0.0,0.0,0.0,0,0,0,"60,000",0,0,0,"60,000",0,"60,000","60,000"
706203,鑫聯元大63購01,0,0,0,0.0,0.0,0.0,0,0,0,"-449,000",0,0,0,"29,000","478,000","-449,000","-449,000"
706205,均華國票59購01,0,0,0,0.0,0.0,0.0,0,0,0,"-1,000",0,0,0,0,"1,000","-1,000","-1,000"
706206,均華國票5B購01,0,0,0,0.0,0.0,0.0,0,0,0,"-2,028,000",0,0,0,"122,000","2,150,000","-2,028,000","-2,028,000"
706207,宜鼎國票65購01,0,0,0,0.0,0.0,0.0,0,0,0,"-50,000",0,0,0,"2,000","52,000","-50,000","-50,000"
706209,旺矽國票67購01,0,0,0,0.0,0.0,0.0,0,0,0,"-7,000",0,0,0,"23,000","30,000","-7,000","-7,000"
706214,宜鼎永豐5B購01,0,0,0,0.0,0.0,0.0,0,0,0,"90,000",0,0,0,"90,000",0,"90,000","90,000"
706216,東捷永豐61購01,0,0,0,0.0,0.0,0.0,0,0,0,"-4,000",0,0,0,"18,000","22,000","-4,000","-4,000"
706223,弘塑元富5C購01,0,0,0,0.0,0.0,0.0,0,0,0,"244,000",0,0,0,"254,000","10,000","244,000","244,000"
706225,宏捷科元富5C購02,0,0,0,0.0,0.0,0.0,0,0,0,"146,000",0,0,0,"146,000",0,"146,000","146,000"
706235,雙鴻元富59購05,0,0,0,0.0,0.0,0.0,0,0,0,"27,000",0,0,0,"100,000","73,000","27,000","27,000"
706237,雙鴻元富59購07,0,0,0,0.0,0.0,0.0,0,0,0,"-100,000",0,0,0,"17,000","117,000","-100,000","-100,000"
706239,中美晶兆豐63購01,0,0,0,0.0,0.0,0.0,0,0,0,"-6,000",0,0,0,0,"6,000","-6,000","-6,000"
706240,元太兆豐63購01,0,0,0,0.0,0.0,0.0,0,0,0,"-116,000",0,0,0,0,"116,000","-116,000","-116,000"
706242,M31凱基59購01,0,0,0,0.0,0.0,0.0,0,0,0,"-20,000",0,0,0,0,"20,000","-20,000","-20,000"
706243,M31凱基59購02,0,0,0,0.0,0.0,0.0,0,0,0,"-15,000",0,0,0,0,"15,000","-15,000","-15,000"
706244,M31凱基59購03,0,0,0,0.0,0.0,0.0,0,0,0,"-10,000",0,0,0,"20,000","30,000","-10,000","-10,000"
706247,巨漢凱基59購02,0,0,0,0.0,0.0,0.0,0,0,0,"13,000",0,0,0,"13,000",0,"13,000","13,000"
706248,弘塑凱基5A購02,0,0,0,0.0,0.0,0.0,0,0,0,"12,000",0,0,0,"17,000","5,000","12,000","12,000"
706257,台燿中信59購04,0,0,0,0.0,0.0,0.0,0,0,0,"5,000",0,0,0,"5,000",0,"5,000","5,000"
706259,M31永豐5B購01,0,0,0,0.0,0.0,0.0,0,0,0,"21,000",0,0,0,"21,000",0,"21,000","21,000"
706260,M31永豐5C購01,0,0,0,0.0,0.0,0.0,0,0,0,"613,000",0,0,0,"623,000","10,000","613,000","613,000"
706261,大中永豐5B購01,0,0,0,0.0,0.0,0.0,0,0,0,"18,000",0,0,0,"18,000",0,"18,000","18,000"
706265,良維永豐5B購02,0,0,0,0.0,0.0,0.0,0,0,0,"-28,000",0,0,0,"11,000","39,000","-28,000","-28,000"
706267,M31元富59購01,0,0,0,0.0,0.0,0.0,0,0,0,"-149,000",0,0,0,"83,000","232,000","-149,000","-149,000"
706269,M31元富5A購01,0,0,0,0.0,0.0,0.0,0,0,0,"-26,000",0,0,0,"174,000","200,000","-26,000","-26,000"
706275,信驊群益5B購05,0,0,0,0.0,0.0,0.0,0,0,0,"93,000",0,0,0,"143,000","50,000","93,000","93,000"
706282,M31統一63購03,0,0,0,0.0,0.0,0.0,0,0,0,"-20,000",0,0,0,0,"20,000","-20,000","-20,000"
706283,M31富邦5B購01,0,0,0,0.0,0.0,0.0,0,0,0,"2,000",0,0,0,"42,000","40,000","2,000","2,000"
706285,信驊富邦5C購01,0,0,0,0.0,0.0,0.0,0,0,0,"28,000",0,0,0,"58,000","30,000","28,000","28,000"
706287,雙鴻富邦5C購03,0,0,0,0.0,0.0,0.0,0,0,0,"-545,000",0,0,0,"440,000","985,000","-545,000","-545,000"
706289,天品國票59購01,0,0,0,0.0,0.0,0.0,0,0,0,"215,000",0,0,0,"215,000",0,"215,000","215,000"
706294,信驊國票5B購03,0,0,0,0.0,0.0,0.0,0,0,0,"19,000",0,0,0,"21,000","2,000","19,000","19,000"
706295,陽程國票59購01,0,0,0,0.0,0.0,0.0,0,0,0,"50,000",0,0,0,"50,000",0,"50,000","50,000"
706299,M31元大59購02,0,0,0,0.0,0.0,0.0,0,0,0,"82,000",0,0,0,"128,000","46,000","82,000","82,000"
706300,M31元大59購03,0,0,0,0.0,0.0,0.0,0,0,0,"47,000",0,0,0,"50,000","3,000","47,000","47,000"
706306,東捷元大59購01,0,0,0,0.0,0.0,0.0,0,0,0,"10,000",0,0,0,"10,000",0,"10,000","10,000"
706308,信驊元大59購03,0,0,0,0.0,0.0,0.0,0,0,0,"131,000",0,0,0,"131,000",0,"131,000","131,000"
706312,雙鴻元大59購19,0,0,0,0.0,0.0,0.0,0,0,0,"29,000",0,0,0,"29,000",0,"29,000","29,000"
706313,雙鴻元大5C購04,0,0,0,0.0,0.0,0.0,0,0,0,"-149,000",0,0,0,"171,000","320,000","-149,000","-149,000"
706320,均豪凱基59購01,0,0,0,0.0,0.0,0.0,0,0,0,"289,000",0,0,0,"289,000",0,"289,000","289,000"
706321,沛亨凱基59購02,0,0,0,0.0,0.0,0.0,0,0,0,"-68,000",0,0,0,"32,000","100,000","-68,000","-68,000"
706327,穩得凱基5C購01,0,0,0,0.0,0.0,0.0,0,0,0,"-13,000",0,0,0,"19,000","32,000","-13,000","-13,000"
706328,弘塑國票65購01,0,0,0,0.0,0.0,0.0,0,0,0,"50,000",0,0,0,"50,000",0,"50,000","50,000"
706329,正德國票59購01,0,0,0,0.0,0.0,0.0,0,0,0,"-20,000",0,0,0,0,"20,000","-20,000","-20,000"
706337,雙鴻元大59購20,0,0,0,0.0,0.0,0.0,0,0,0,"2,000",0,0,0,"2,000",0,"2,000","2,000"
706339,雙鴻元大5C購05,0,0,0,0.0,0.0,0.0,0,0,0,"-314,000",0,0,0,"30,000","344,000","-314,000","-314,000"
706341,鑫聯元大63購02,0,0,0,0.0,0.0,0.0,0,0,0,"75,000",0,0,0,"132,000","57,000","75,000","75,000"
706342,雙鴻國泰61購01,0,0,0,0.0,0.0,0.0,0,0,0,"-159,000",0,0,0,"72,000","231,000","-159,000","-159,000"
706345,世界統一63購01,0,0,0,0.0,0.0,0.0,0,0,0,"16,000",0,0,0,"37,000","21,000","16,000","16,000"
706346,台特化統一63購04,0,0,0,0.0,0.0,0.0,0,0,0,"-15,000",0,0,0,0,"15,000","-15,000","-15,000"
706347,印能統一63購01,0,0,0,0.0,0.0,0.0,0,0,0,"-1,000",0,0,0,0,"1,000","-1,000","-1,000"
706348,亞泰統一62購02,0,0,0,0.0,0.0,0.0,0,0,0,"-125,000",0,0,0,0,"125,000","-125,000","-125,000"
706349,博智統一63購01,0,0,0,0.0,0.0,0.0,0,0,0,"-37,000",0,0,0,0,"37,000","-37,000","-37,000"
706351,弘塑永豐5C購03,0,0,0,0.0,0.0,0.0,0,0,0,"-154,000",0,0,0,"22,000","176,000","-154,000","-154,000"
706353,均豪永豐59購01,0,0,0,0.0,0.0,0.0,0,0,0,"-499,000",0,0,0,0,"499,000","-499,000","-499,000"
706354,雙鴻永豐61購02,0,0,0,0.0,0.0,0.0,0,0,0,"-591,000",0,0,0,"570,000","1,161,000","-591,000","-591,000"
706355,雙鴻永豐64購01,0,0,0,0.0,0.0,0.0,0,0,0,"-571,000",0,0,0,"231,000","802,000","-571,000","-571,000"
706358,亞泰元富59購02,0,0,0,0.0,0.0,0.0,0,0,0,"-3,000",0,0,0,0,"3,000","-3,000","-3,000"
706359,亞泰元富59購03,0,0,0,0.0,0.0,0.0,0,0,0,"-4,000",0,0,0,0,"4,000","-4,000","-4,000"
706375,譜瑞凱基59購04,0,0,0,0.0,0.0,0.0,0,0,0,0,0,0,0,"1,000","1,000",0,0
706383,均豪元富59購01,0,0,0,0.0,0.0,0.0,0,0,0,"121,000",0,0,0,"208,000","87,000","121,000","121,000"
706388,雙鴻元富59購08,0,0,0,0.0,0.0,0.0,0,0,0,"-170,000",0,0,0,0,"170,000","-170,000","-170,000"
706392,雙鴻群益5B購04,0,0,0,0.0,0.0,0.0,0,0,0,"-205,000",0,0,0,0,"205,000","-205,000","-205,000"
706393,雙鴻群益5B購05,0,0,0,0.0,0.0,0.0,0,0,0,"-40,000",0,0,0,0,"40,000","-40,000","-40,000"
706408,良維元大59購16,0,0,0,0.0,0.0,0.0,0,0,0,"-69,000",0,0,0,0,"69,000","-69,000","-69,000"
706411,中美晶凱基5A購01,0,0,0,0.0,0.0,0.0,0,0,0,"-9,000",0,0,0,0,"9,000","-9,000","-9,000"
706419,弘塑富邦61購01,0,0,0,0.0,0.0,0.0,0,0,0,"1,127,000",0,0,0,"2,012,000","885,000","1,127,000","1,127,000"
706420,宏捷科富邦5B購01,0,0,0,0.0,0.0,0.0,0,0,0,"33,000",0,0,0,"103,000","70,000","33,000","33,000"
706421,宏捷科富邦5C購01,0,0,0,0.0,0.0,0.0,0,0,0,"-113,000",0,0,0,"3,140,000","3,253,000","-113,000","-113,000"
706423,智通*富邦5B購02,0,0,0,0.0,0.0,0.0,0,0,0,"8,000",0,0,0,"8,000",0,"8,000","8,000"
706425,雙鴻富邦5C購04,0,0,0,0.0,0.0,0.0,0,0,0,"-181,000",0,0,0,"201,000","382,000","-181,000","-181,000"
706428,印能元大59購07,0,0,0,0.0,0.0,0.0,0,0,0,"240,000",0,0,0,"240,000",0,"240,000","240,000"
706437,雙鴻元大59購23,0,0,0,0.0,0.0,0.0,0,0,0,"-78,000",0,0,0,"113,000","191,000","-78,000","-78,000"
706438,雙鴻元大59購24,0,0,0,0.0,0.0,0.0,0,0,0,"-400,000",0,0,0,"70,000","470,000","-400,000","-400,000"
706441,弘塑群益5A購03,0,0,0,0.0,0.0,0.0,0,0,0,"-140,000",0,0,0,"90,000","230,000","-140,000","-140,000"
706446,湧德群益5C購01,0,0,0,0.0,0.0,0.0,0,0,0,"30,000",0,0,0,"30,000",0,"30,000","30,000"
706447,華宏群益59購01,0,0,0,0.0,0.0,0.0,0,0,0,"20,000",0,0,0,"20,000",0,"20,000","20,000"
706453,弘塑永豐63購02,0,0,0,0.0,0.0,0.0,0,0,0,"151,000",0,0,0,"172,000","21,000","151,000","151,000"
706454,合晶永豐59購01,0,0,0,0.0,0.0,0.0,0,0,0,"10,000",0,0,0,"10,000",0,"10,000","10,000"
706460,雙鴻永豐5B購02,0,0,0,0.0,0.0,0.0,0,0,0,"-278,000",0,0,0,0,"278,000","-278,000","-278,000"
706461,鑫聯永豐61購01,0,0,0,0.0,0.0,0.0,0,0,0,"26,000",0,0,0,"26,000",0,"26,000","26,000"
706468,華宏元富5B購01,0,0,0,0.0,0.0,0.0,0,0,0,"-6,000",0,0,0,0,"6,000","-6,000","-6,000"
706472,中美晶凱基61購01,0,0,0,0.0,0.0,0.0,0,0,0,"-4,000",0,0,0,"5,000","9,000","-4,000","-4,000"
706484,臺慶科凱基5A購01,0,0,0,0.0,0.0,0.0,0,0,0,"-64,000",0,0,0,"15,000","79,000","-64,000","-64,000"
706488,合晶國票5A購01,0,0,0,0.0,0.0,0.0,0,0,0,"10,000",0,0,0,"10,000",0,"10,000","10,000"
706493,九豪群益59購01,0,0,0,0.0,0.0,0.0,0,0,0,"14,000",0,0,0,"14,000",0,"14,000","14,000"
706496,宜特群益63購01,0,0,0,0.0,0.0,0.0,0,0,0,"10,000",0,0,0,"10,000",0,"10,000","10,000"
706498,閎康群益63購02,0,0,0,0.0,0.0,0.0,0,0,0,"-33,000",0,0,0,"2,000","35,000","-33,000","-33,000"
706503,世界富邦61購01,0,0,0,0.0,0.0,0.0,0,0,0,"88,000",0,0,0,"150,000","62,000","88,000","88,000"
706517,萬泰科元大5C購01,0,0,0,0.0,0.0,0.0,0,0,0,"1,000",0,0,0,"1,000",0,"1,000","1,000"
706523,博智中信59購01,0,0,0,0.0,0.0,0.0,0,0,0,"-90,000",0,0,0,"10,000","100,000","-90,000","-90,000"
706524,雙鴻中信63購02,0,0,0,0.0,0.0,0.0,0,0,0,"-1,000",0,0,0,0,"1,000","-1,000","-1,000"
706528,勤凱永豐5C購02,0,0,0,0.0,0.0,0.0,0,0,0,"-10,000",0,0,0,0,"10,000","-10,000","-10,000"
706534,前鼎國票61購02,0,0,0,0.0,0.0,0.0,0,0,0,"20,000",0,0,0,"20,000",0,"20,000","20,000"
706535,閎康國票5A購03,0,0,0,0.0,0.0,0.0,0,0,0,"-1,000",0,0,0,0,"1,000","-1,000","-1,000"
706536,順達國票5A購02,0,0,0,0.0,0.0,0.0,0,0,0,"343,000",0,0,0,"372,000","29,000","343,000","343,000"
706539,點序國票59購02,0,0,0,0.0,0.0,0.0,0,0,0,"30,000",0,0,0,"30,000",0,"30,000","30,000"
706541,台燿凱基59購04,0,0,0,0.0,0.0,0.0,0,0,0,"2,000",0,0,0,"2,000",0,"2,000","2,000"
706543,均豪凱基59購02,0,0,0,0.0,0.0,0.0,0,0,0,"-12,000",0,0,0,0,"12,000","-12,000","-12,000"
706544,博智凱基59購07,0,0,0,0.0,0.0,0.0,0,0,0,"3,000",0,0,0,"3,000",0,"3,000","3,000"
706545,閎康凱基61購01,0,0,0,0.0,0.0,0.0,0,0,0,"-3,000",0,0,0,0,"3,000","-3,000","-3,000"
706548,雙鴻凱基5A購03,0,0,0,0.0,0.0,0.0,0,0,0,"20,000",0,0,0,"20,000",0,"20,000","20,000"
706555,系微永豐5A購01,0,0,0,0.0,0.0,0.0,0,0,0,"-60,000",0,0,0,0,"60,000","-60,000","-60,000"
706559,博智元富59購01,0,0,0,0.0,0.0,0.0,0,0,0,"177,000",0,0,0,"177,000",0,"177,000","177,000"
706561,宜特國泰5A購01,0,0,0,0.0,0.0,0.0,0,0,0,"3,000",0,0,0,"3,000",0,"3,000","3,000"
706562,鑫聯國泰5A購02,0,0,0,0.0,0.0,0.0,0,0,0,"17,000",0,0,0,"22,000","5,000","17,000","17,000"
706564,良維富邦5C購01,0,0,0,0.0,0.0,0.0,0,0,0,"-592,000",0,0,0,"5,000","597,000","-592,000","-592,000"
706565,博智富邦61購01,0,0,0,0.0,0.0,0.0,0,0,0,"-77,000",0,0,0,"621,000","698,000","-77,000","-77,000"
706566,順達富邦5C購01,0,0,0,0.0,0.0,0.0,0,0,0,"40,000",0,0,0,"40,000",0,"40,000","40,000"
706567,精測富邦5B購01,0,0,0,0.0,0.0,0.0,0,0,0,"-352,000",0,0,0,0,"352,000","-352,000","-352,000"
706568,力致群益59購01,0,0,0,0.0,0.0,0.0,0,0,0,"1,000",0,0,0,"1,000",0,"1,000","1,000"
706569,中美晶群益5B購01,0,0,0,0.0,0.0,0.0,0,0,0,"6,000",0,0,0,"6,000",0,"6,000","6,000"
706572,良維群益61購01,0,0,0,0.0,0.0,0.0,0,0,0,"-396,000",0,0,0,"19,000","415,000","-396,000","-396,000"
706573,博智群益63購01,0,0,0,0.0,0.0,0.0,0,0,0,"257,000",0,0,0,"257,000",0,"257,000","257,000"
706575,閎康群益5B購03,0,0,0,0.0,0.0,0.0,0,0,0,"11,000",0,0,0,"11,000",0,"11,000","11,000"
706579,精測群益63購01,0,0,0,0.0,0.0,0.0,0,0,0,"61,000",0,0,0,"81,000","20,000","61,000","61,000"
706590,萬泰科元大5C購02,0,0,0,0.0,0.0,0.0,0,0,0,"1,000",0,0,0,"1,000",0,"1,000","1,000"
706592,鈺太元大59購03,0,0,0,0.0,0.0,0.0,0,0,0,"377,000",0,0,0,"377,000",0,"377,000","377,000"
706600,永信建凱基59購01,0,0,0,0.0,0.0,0.0,0,0,0,"1,000",0,0,0,"1,000",0,"1,000","1,000"
706605,華電網凱基5B購01,0,0,0,0.0,0.0,0.0,0,0,0,"10,000",0,0,0,"30,000","20,000","10,000","10,000"
706606,華電網凱基61購01,0,0,0,0.0,0.0,0.0,0,0,0,0,0,0,0,"5,000","5,000",0,0
706607,閎康凱基5A購02,0,0,0,0.0,0.0,0.0,0,0,0,"12,000",0,0,0,"12,000",0,"12,000","12,000"
706611,元太國票5A購03,0,0,0,0.0,0.0,0.0,0,0,0,"-82,000",0,0,0,0,"82,000","-82,000","-82,000"
706617,美琪瑪國票5A購01,0,0,0,0.0,0.0,0.0,0,0,0,"34,000",0,0,0,"34,000",0,"34,000","34,000"
706618,神盾國票5A購01,0,0,0,0.0,0.0,0.0,0,0,0,"-331,000",0,0,0,0,"331,000","-331,000","-331,000"
706622,鈊象國票5A購02,0,0,0,0.0,0.0,0.0,0,0,0,"110,000",0,0,0,"200,000","90,000","110,000","110,000"
706625,譜瑞國票5A購01,0,0,0,0.0,0.0,0.0,0,0,0,"10,000",0,0,0,"10,000",0,"10,000","10,000"
706631,弘塑元大59購08,0,0,0,0.0,0.0,0.0,0,0,0,"19,000",0,0,0,"19,000",0,"19,000","19,000"
706633,弘塑元大59購10,0,0,0,0.0,0.0,0.0,0,0,0,"178,000",0,0,0,"183,000","5,000","178,000","178,000"
706634,弘塑元大59購11,0,0,0,0.0,0.0,0.0,0,0,0,"538,000",0,0,0,"551,000","13,000","538,000","538,000"
706635,弘塑元大59購12,0,0,0,0.0,0.0,0.0,0,0,0,"6,000",0,0,0,"6,000",0,"6,000","6,000"
706659,弘塑富邦61購02,0,0,0,0.0,0.0,0.0,0,0,0,"396,000",0,0,0,"879,000","483,000","396,000","396,000"
706660,均豪富邦61購01,0,0,0,0.0,0.0,0.0,0,0,0,"1,000",0,0,0,"1,000",0,"1,000","1,000"
706662,沛亨富邦61購01,0,0,0,0.0,0.0,0.0,0,0,0,"120,000",0,0,0,"150,000","30,000","120,000","120,000"
706665,長佳智永豐59購01,0,0,0,0.0,0.0,0.0,0,0,0,"-72,000",0,0,0,0,"72,000","-72,000","-72,000"
706666,華電網永豐5A購01,0,0,0,0.0,0.0,0.0,0,0,0,"-80,000",0,0,0,0,"80,000","-80,000","-80,000"
706673,弘塑元富5C購02,0,0,0,0.0,0.0,0.0,0,0,0,"-43,000",0,0,0,"7,000","50,000","-43,000","-43,000"
706677,順達兆豐5B購02,0,0,0,0.0,0.0,0.0,0,0,0,"251,000",0,0,0,"251,000",0,"251,000","251,000"
706687,台特化凱基63購01,0,0,0,0.0,0.0,0.0,0,0,0,"20,000",0,0,0,"20,000",0,"20,000","20,000"
706689,邑錡凱基59購01,0,0,0,0.0,0.0,0.0,0,0,0,"-10,000",0,0,0,0,"10,000","-10,000","-10,000"
706694,雙鴻凱基59購17,0,0,0,0.0,0.0,0.0,0,0,0,"350,000",0,0,0,"350,000",0,"350,000","350,000"
706696,立碁永豐5B購01,0,0,0,0.0,0.0,0.0,0,0,0,"37,000",0,0,0,"37,000",0,"37,000","37,000"
706698,穩得永豐61購01,0,0,0,0.0,0.0,0.0,0,0,0,"-15,000",0,0,0,"154,000","169,000","-15,000","-15,000"
706701,立碁元富59購03,0,0,0,0.0,0.0,0.0,0,0,0,"-7,000",0,0,0,0,"7,000","-7,000","-7,000"
706703,鈊象中信5C購01,0,0,0,0.0,0.0,0.0,0,0,0,"-22,000",0,0,0,0,"22,000","-22,000","-22,000"
706704,聖暉*中信59購01,0,0,0,0.0,0.0,0.0,0,0,0,"-10,000",0,0,0,0,"10,000","-10,000","-10,000"
706705,立碁國票5A購01,0,0,0,0.0,0.0,0.0,0,0,0,"-258,000",0,0,0,"30,000","288,000","-258,000","-258,000"
706708,閎康國票61購01,0,0,0,0.0,0.0,0.0,0,0,0,"5,000",0,0,0,"5,000",0,"5,000","5,000"
706710,良維統一62購02,0,0,0,0.0,0.0,0.0,0,0,0,"93,000",0,0,0,"100,000","7,000","93,000","93,000"
706711,宜特統一62購02,0,0,0,0.0,0.0,0.0,0,0,0,"32,000",0,0,0,"32,000",0,"32,000","32,000"
706712,信紘科統一63購02,0,0,0,0.0,0.0,0.0,0,0,0,"-10,000",0,0,0,0,"10,000","-10,000","-10,000"
706713,前鼎統一63購01,0,0,0,0.0,0.0,0.0,0,0,0,"-30,000",0,0,0,"30,000","60,000","-30,000","-30,000"
706714,閎康統一63購01,0,0,0,0.0,0.0,0.0,0,0,0,"273,000",0,0,0,"283,000","10,000","273,000","273,000"
706716,中美晶元大59購02,0,0,0,0.0,0.0,0.0,0,0,0,"-1,000",0,0,0,"12,000","13,000","-1,000","-1,000"
706724,良維元大59購18,0,0,0,0.0,0.0,0.0,0,0,0,"130,000",0,0,0,"130,000",0,"130,000","130,000"
706727,宜特元大5C購01,0,0,0,0.0,0.0,0.0,0,0,0,"182,000",0,0,0,"182,000",0,"182,000","182,000"
706732,閎康元大5A購01,0,0,0,0.0,0.0,0.0,0,0,0,"36,000",0,0,0,"56,000","20,000","36,000","36,000"
706735,雙鴻元大59購26,0,0,0,0.0,0.0,0.0,0,0,0,"-621,000",0,0,0,0,"621,000","-621,000","-621,000"
706743,前鼎凱基61購01,0,0,0,0.0,0.0,0.0,0,0,0,"31,000",0,0,0,"42,000","11,000","31,000","31,000"
706746,頎邦凱基59購03,0,0,0,0.0,0.0,0.0,0,0,0,"2,000",0,0,0,"2,000",0,"2,000","2,000"
706749,雙鴻凱基61購01,0,0,0,0.0,0.0,0.0,0,0,0,"-81,000",0,0,0,"93,000","174,000","-81,000","-81,000"
706760,順達國票5B購01,0,0,0,0.0,0.0,0.0,0,0,0,"56,000",0,0,0,"79,000","23,000","56,000","56,000"
706761,聖暉*國票5A購04,0,0,0,0.0,0.0,0.0,0,0,0,"39,000",0,0,0,"41,000","2,000","39,000","39,000"
706767,宏捷科元大59購03,0,0,0,0.0,0.0,0.0,0,0,0,"13,000",0,0,0,"144,000","131,000","13,000","13,000"
706768,良維元大59購20,0,0,0,0.0,0.0,0.0,0,0,0,"128,000",0,0,0,"128,000",0,"128,000","128,000"
706780,臺慶科元大59購04,0,0,0,0.0,0.0,0.0,0,0,0,"-2,000",0,0,0,0,"2,000","-2,000","-2,000"
706781,雙鴻元大59購27,0,0,0,0.0,0.0,0.0,0,0,0,"-38,000",0,0,0,"17,000","55,000","-38,000","-38,000"
706786,世界群益59購03,0,0,0,0.0,0.0,0.0,0,0,0,"1,000",0,0,0,"1,000",0,"1,000","1,000"
706789,前鼎群益5B購01,0,0,0,0.0,0.0,0.0,0,0,0,"235,000",0,0,0,"235,000",0,"235,000","235,000"
706793,元太富邦5B購02,0,0,0,0.0,0.0,0.0,0,0,0,"-2,000",0,0,0,0,"2,000","-2,000","-2,000"
706795,前鼎富邦5B購01,0,0,0,0.0,0.0,0.0,0,0,0,"10,000",0,0,0,"10,000",0,"10,000","10,000"
706796,鈊象富邦5B購02,0,0,0,0.0,0.0,0.0,0,0,0,"-111,000",0,0,0,0,"111,000","-111,000","-111,000"
706798,雙鴻富邦5B購01,0,0,0,0.0,0.0,0.0,0,0,0,"-476,000",0,0,0,"114,000","590,000","-476,000","-476,000"
706801,順達統一63購02,0,0,0,0.0,0.0,0.0,0,0,0,"150,000",0,0,0,"150,000",0,"150,000","150,000"
706803,聖暉*統一65購01,0,0,0,0.0,0.0,0.0,0,0,0,"-40,000",0,0,0,0,"40,000","-40,000","-40,000"
706804,雙鴻統一66購01,0,0,0,0.0,0.0,0.0,0,0,0,"300,000",0,0,0,"300,000",0,"300,000","300,000"
706806,世界永豐59購04,0,0,0,0.0,0.0,0.0,0,0,0,"76,000",0,0,0,"86,000","10,000","76,000","76,000"
706813,勤凱元富59購02,0,0,0,0.0,0.0,0.0,0,0,0,"-34,000",0,0,0,0,"34,000","-34,000","-34,000"
706823,東捷凱基59購02,0,0,0,0.0,0.0,0.0,0,0,0,"74,000",0,0,0,"111,000","37,000","74,000","74,000"
706825,前鼎凱基5B購01,0,0,0,0.0,0.0,0.0,0,0,0,"25,000",0,0,0,"30,000","5,000","25,000","25,000"
706828,凡甲元大59購02,0,0,0,0.0,0.0,0.0,0,0,0,"-3,000",0,0,0,0,"3,000","-3,000","-3,000"
706838,良維元大59購22,0,0,0,0.0,0.0,0.0,0,0,0,"-172,000",0,0,0,0,"172,000","-172,000","-172,000"
706840,東捷元大59購02,0,0,0,0.0,0.0,0.0,0,0,0,0,0,0,0,"69,000","69,000",0,0
706842,鈊象元大59購02,0,0,0,0.0,0.0,0.0,0,0,0,"-368,000",0,0,0,0,"368,000","-368,000","-368,000"
706843,鈊象元大5C購04,0,0,0,0.0,0.0,0.0,0,0,0,"20,000",0,0,0,"20,000",0,"20,000","20,000"
706844,鈊象元大63購04,0,0,0,0.0,0.0,0.0,0,0,0,"37,000",0,0,0,"37,000",0,"37,000","37,000"
706846,雙鴻元大59購28,0,0,0,0.0,0.0,0.0,0,0,0,"28,000",0,0,0,"122,000","94,000","28,000","28,000"
706847,雙鴻元大59購29,0,0,0,0.0,0.0,0.0,0,0,0,"314,000",0,0,0,"402,000","88,000","314,000","314,000"
706850,東捷永豐5C購01,0,0,0,0.0,0.0,0.0,0,0,0,"8,000",0,0,0,"16,000","8,000","8,000","8,000"
706851,前鼎永豐5B購02,0,0,0,0.0,0.0,0.0,0,0,0,"29,000",0,0,0,"51,000","22,000","29,000","29,000"
706852,鈊象永豐5B購01,0,0,0,0.0,0.0,0.0,0,0,0,"-173,000",0,0,0,"155,000","328,000","-173,000","-173,000"
706853,東捷國泰5A購02,0,0,0,0.0,0.0,0.0,0,0,0,"101,000",0,0,0,"106,000","5,000","101,000","101,000"
706856,宜特元富5C購01,0,0,0,0.0,0.0,0.0,0,0,0,"68,000",0,0,0,"68,000",0,"68,000","68,000"
706859,漢科元富5A購01,0,0,0,0.0,0.0,0.0,0,0,0,"7,000",0,0,0,"7,000",0,"7,000","7,000"
706860,廣運元富5C購01,0,0,0,0.0,0.0,0.0,0,0,0,"50,000",0,0,0,"50,000",0,"50,000","50,000"
706862,穩得元富59購02,0,0,0,0.0,0.0,0.0,0,0,0,"-10,000",0,0,0,0,"10,000","-10,000","-10,000"
706865,東捷群益62購01,0,0,0,0.0,0.0,0.0,0,0,0,"-32,000",0,0,0,0,"32,000","-32,000","-32,000"
706866,東捷群益63購02,0,0,0,0.0,0.0,0.0,0,0,0,"-11,000",0,0,0,"30,000","41,000","-11,000","-11,000"
706871,鈊象群益5B購01,0,0,0,0.0,0.0,0.0,0,0,0,"-32,000",0,0,0,"100,000","132,000","-32,000","-32,000"
706872,聖暉*群益5C購01,0,0,0,0.0,0.0,0.0,0,0,0,"-30,000",0,0,0,0,"30,000","-30,000","-30,000"
706874,雙鴻群益59購14,0,0,0,0.0,0.0,0.0,0,0,0,"171,000",0,0,0,"171,000",0,"171,000","171,000"
706878,神盾國票62購01,0,0,0,0.0,0.0,0.0,0,0,0,"-60,000",0,0,0,0,"60,000","-60,000","-60,000"
706879,鈊象國票5A購03,0,0,0,0.0,0.0,0.0,0,0,0,"-60,000",0,0,0,0,"60,000","-60,000","-60,000"
706880,頎邦國票5A購03,0,0,0,0.0,0.0,0.0,0,0,0,"2,000",0,0,0,"2,000",0,"2,000","2,000"
706889,順達元大59購07,0,0,0,0.0,0.0,0.0,0,0,0,"22,000",0,0,0,"32,000","10,000","22,000","22,000"
706892,鈊象元大63購05,0,0,0,0.0,0.0,0.0,0,0,0,"78,000",0,0,0,"78,000",0,"78,000","78,000"
706897,凡甲凱基59購02,0,0,0,0.0,0.0,0.0,0,0,0,"2,000",0,0,0,"2,000",0,"2,000","2,000"
706900,鈊象凱基5B購01,0,0,0,0.0,0.0,0.0,0,0,0,"-27,000",0,0,0,0,"27,000","-27,000","-27,000"
706902,雙鴻凱基59購18,0,0,0,0.0,0.0,0.0,0,0,0,"-1,000",0,0,0,"10,000","11,000","-1,000","-1,000"
706903,台燿國票5B購02,0,0,0,0.0,0.0,0.0,0,0,0,"33,000",0,0,0,"33,000",0,"33,000","33,000"
706904,信音國票59購01,0,0,0,0.0,0.0,0.0,0,0,0,"-3,000",0,0,0,0,"3,000","-3,000","-3,000"
706905,宣德國票5B購01,0,0,0,0.0,0.0,0.0,0,0,0,"-50,000",0,0,0,0,"50,000","-50,000","-50,000"
706907,雙鴻國票5B購02,0,0,0,0.0,0.0,0.0,0,0,0,"2,000",0,0,0,"2,000",0,"2,000","2,000"
706908,台燿群益59購07,0,0,0,0.0,0.0,0.0,0,0,0,"2,000",0,0,0,"2,000",0,"2,000","2,000"
706914,鈊象中信63購01,0,0,0,0.0,0.0,0.0,0,0,0,"-40,000",0,0,0,"10,000","50,000","-40,000","-40,000"
706915,中光電永豐5B購01,0,0,0,0.0,0.0,0.0,0,0,0,"1,000",0,0,0,"1,000",0,"1,000","1,000"
706916,元太永豐5B購01,0,0,0,0.0,0.0,0.0,0,0,0,"-40,000",0,0,0,"20,000","60,000","-40,000","-40,000"
706917,宜特永豐59購03,0,0,0,0.0,0.0,0.0,0,0,0,"15,000",0,0,0,"91,000","76,000","15,000","15,000"
706919,雙鴻永豐5C購02,0,0,0,0.0,0.0,0.0,0,0,0,"-323,000",0,0,0,"622,000","945,000","-323,000","-323,000"
706921,協易機永豐5C購01,0,0,0,0.0,0.0,0.0,0,0,0,"15,000",0,0,0,"55,000","40,000","15,000","15,000"
706922,宜特永豐5C購02,0,0,0,0.0,0.0,0.0,0,0,0,"223,000",0,0,0,"223,000",0,"223,000","223,000"
706924,勤凱永豐61購01,0,0,0,0.0,0.0,0.0,0,0,0,"-41,000",0,0,0,"55,000","96,000","-41,000","-41,000"
706925,匯鑽科永豐61購01,0,0,0,0.0,0.0,0.0,0,0,0,"-20,000",0,0,0,0,"20,000","-20,000","-20,000"
706927,廣閎科永豐5C購01,0,0,0,0.0,0.0,0.0,0,0,0,"10,000",0,0,0,"10,000",0,"10,000","10,000"
706928,台燿凱基5B購03,0,0,0,0.0,0.0,0.0,0,0,0,"1,000",0,0,0,"1,000",0,"1,000","1,000"
706932,順達凱基5A購02,0,0,0,0.0,0.0,0.0,0,0,0,"-48,000",0,0,0,0,"48,000","-48,000","-48,000"
706934,千附國票5B購01,0,0,0,0.0,0.0,0.0,0,0,0,"4,000",0,0,0,"4,000",0,"4,000","4,000"
706935,千附精國票5B購01,0,0,0,0.0,0.0,0.0,0,0,0,"1,000",0,0,0,"1,000",0,"1,000","1,000"
706936,盈正國票5B購01,0,0,0,0.0,0.0,0.0,0,0,0,"-180,000",0,0,0,0,"180,000","-180,000","-180,000"
706940,華電網國泰5B購01,0,0,0,0.0,0.0,0.0,0,0,0,"-30,000",0,0,0,0,"30,000","-30,000","-30,000"
706942,久元富邦5C購01,0,0,0,0.0,0.0,0.0,0,0,0,"-1,000",0,0,0,0,"1,000","-1,000","-1,000"
706948,印能元大64購01,0,0,0,0.0,0.0,0.0,0,0,0,"-110,000",0,0,0,"14,000","124,000","-110,000","-110,000"
706949,良維元大61購01,0,0,0,0.0,0.0,0.0,0,0,0,"61,000",0,0,0,"64,000","3,000","61,000","61,000"
706950,東捷元大61購01,0,0,0,0.0,0.0,0.0,0,0,0,"7,000",0,0,0,"7,000",0,"7,000","7,000"
706952,順達元大64購01,0,0,0,0.0,0.0,0.0,0,0,0,"25,000",0,0,0,"25,000",0,"25,000","25,000"
706953,鈊象元大64購02,0,0,0,0.0,0.0,0.0,0,0,0,"310,000",0,0,0,"310,000",0,"310,000","310,000"
706957,雙鴻元大5A購05,0,0,0,0.0,0.0,0.0,0,0,0,"21,000",0,0,0,"57,000","36,000","21,000","21,000"
706966,千附精凱基5B購01,0,0,0,0.0,0.0,0.0,0,0,0,"10,000",0,0,0,"10,000",0,"10,000","10,000"
706967,世紀*凱基5A購01,0,0,0,0.0,0.0,0.0,0,0,0,"-20,000",0,0,0,0,"20,000","-20,000","-20,000"
706969,神盾凱基63購01,0,0,0,0.0,0.0,0.0,0,0,0,"1,000",0,0,0,"1,000",0,"1,000","1,000"
706971,雙鴻凱基5A購05,0,0,0,0.0,0.0,0.0,0,0,0,"105,000",0,0,0,"105,000",0,"105,000","105,000"
706972,印能國票5A購03,0,0,0,0.0,0.0,0.0,0,0,0,"65,000",0,0,0,"70,000","5,000","65,000","65,000"
706975,高僑國票61購01,0,0,0,0.0,0.0,0.0,0,0,0,"1,000",0,0,0,"1,000",0,"1,000","1,000"
706977,耀勝國票61購01,0,0,0,0.0,0.0,0.0,0,0,0,"-9,000",0,0,0,0,"9,000","-9,000","-9,000"
706979,穩得國泰5B購01,0,0,0,0.0,0.0,0.0,0,0,0,"-1,000",0,0,0,0,"1,000","-1,000","-1,000"
706980,神盾統一64購01,0,0,0,0.0,0.0,0.0,0,0,0,"-241,000",0,0,0,0,"241,000","-241,000","-241,000"
706981,神盾統一64購02,0,0,0,0.0,0.0,0.0,0,0,0,"320,000",0,0,0,"511,000","191,000","320,000","320,000"
706982,印能永豐64購01,0,0,0,0.0,0.0,0.0,0,0,0,"2,000",0,0,0,"102,000","100,000","2,000","2,000"
706984,亞電永豐61購01,0,0,0,0.0,0.0,0.0,0,0,0,"30,000",0,0,0,"30,000",0,"30,000","30,000"
706985,原相永豐5B購02,0,0,0,0.0,0.0,0.0,0,0,0,"-28,000",0,0,0,0,"28,000","-28,000","-28,000"
706986,神盾永豐5C購02,0,0,0,0.0,0.0,0.0,0,0,0,"-62,000",0,0,0,"87,000","149,000","-62,000","-62,000"
706988,撼訊永豐5C購01,0,0,0,0.0,0.0,0.0,0,0,0,0,0,0,0,"1,000","1,000",0,0
706989,元太元大5A購01,0,0,0,0.0,0.0,0.0,0,0,0,"38,000",0,0,0,"38,000",0,"38,000","38,000"
706998,印能群益5A購02,0,0,0,0.0,0.0,0.0,0,0,0,"10,000",0,0,0,"10,000",0,"10,000","10,000"
707000,高僑群益5B購01,0,0,0,0.0,0.0,0.0,0,0,0,"1,000",0,0,0,"1,000",0,"1,000","1,000"
707002,鈊象群益5A購01,0,0,0,0.0,0.0,0.0,0,0,0,"-20,000",0,0,0,0,"20,000","-20,000","-20,000"
707004,雙鴻群益5A購05,0,0,0,0.0,0.0,0.0,0,0,0,"5,000",0,0,0,"5,000",0,"5,000","5,000"
707006,台嘉碩元大5A購01,0,0,0,0.0,0.0,0.0,0,0,0,"-10,000",0,0,0,"20,000","30,000","-10,000","-10,000"
707009,印能元大5A購05,0,0,0,0.0,0.0,0.0,0,0,0,"-3,000",0,0,0,0,"3,000","-3,000","-3,000"
707010,印能元大5A購06,0,0,0,0.0,0.0,0.0,0,0,0,"8,000",0,0,0,"11,000","3,000","8,000","8,000"
707011,印能元大5B購01,0,0,0,0.0,0.0,0.0,0,0,0,"-63,000",0,0,0,0,"63,000","-63,000","-63,000"
707014,印能元大64購02,0,0,0,0.0,0.0,0.0,0,0,0,"-1,000",0,0,0,0,"1,000","-1,000","-1,000"
707017,宏捷科元大5C購03,0,0,0,0.0,0.0,0.0,0,0,0,"19,000",0,0,0,"19,000",0,"19,000","19,000"
707019,宜特元大5A購01,0,0,0,0.0,0.0,0.0,0,0,0,"91,000",0,0,0,"91,000",0,"91,000","91,000"
707022,美琪瑪元大5A購01,0,0,0,0.0,0.0,0.0,0,0,0,"15,000",0,0,0,"15,000",0,"15,000","15,000"
707025,雙鴻元大61購11,0,0,0,0.0,0.0,0.0,0,0,0,"-10,000",0,0,0,0,"10,000","-10,000","-10,000"
707027,台燿凱基5B購04,0,0,0,0.0,0.0,0.0,0,0,0,"6,000",0,0,0,"6,000",0,"6,000","6,000"
707028,印能凱基5A購03,0,0,0,0.0,0.0,0.0,0,0,0,"10,000",0,0,0,"10,000",0,"10,000","10,000"
707030,系微凱基5A購02,0,0,0,0.0,0.0,0.0,0,0,0,"-2,000",0,0,0,0,"2,000","-2,000","-2,000"
707031,協易機凱基5A購01,0,0,0,0.0,0.0,0.0,0,0,0,"-321,000",0,0,0,0,"321,000","-321,000","-321,000"
707033,前鼎凱基5A購03,0,0,0,0.0,0.0,0.0,0,0,0,"10,000",0,0,0,"10,000",0,"10,000","10,000"
707035,陽程凱基5A購01,0,0,0,0.0,0.0,0.0,0,0,0,"-7,000",0,0,0,0,"7,000","-7,000","-7,000"
707036,陽程凱基5A購02,0,0,0,0.0,0.0,0.0,0,0,0,"1,000",0,0,0,"1,000",0,"1,000","1,000"
707038,衛司特凱基5A購01,0,0,0,0.0,0.0,0.0,0,0,0,"10,000",0,0,0,"10,000",0,"10,000","10,000"
707040,千如國票5B購01,0,0,0,0.0,0.0,0.0,0,0,0,"-30,000",0,0,0,0,"30,000","-30,000","-30,000"
707041,台嘉碩國票5A購01,0,0,0,0.0,0.0,0.0,0,0,0,"-3,000",0,0,0,"3,000","6,000","-3,000","-3,000"
707042,印能國票5B購01,0,0,0,0.0,0.0,0.0,0,0,0,"-27,000",0,0,0,"109,000","136,000","-27,000","-27,000"
707044,威聯通國票5B購01,0,0,0,0.0,0.0,0.0,0,0,0,"125,000",0,0,0,"130,000","5,000","125,000","125,000"
707045,茂綸國票5B購01,0,0,0,0.0,0.0,0.0,0,0,0,"-18,000",0,0,0,0,"18,000","-18,000","-18,000"
707047,衛司特國票5B購01,0,0,0,0.0,0.0,0.0,0,0,0,"396,000",0,0,0,"400,000","4,000","396,000","396,000"
707048,雙鴻中信64購01,0,0,0,0.0,0.0,0.0,0,0,0,"-35,000",0,0,0,0,"35,000","-35,000","-35,000"
707050,印能永豐5A購02,0,0,0,0.0,0.0,0.0,0,0,0,"36,000",0,0,0,"36,000",0,"36,000","36,000"
707051,印能永豐61購01,0,0,0,0.0,0.0,0.0,0,0,0,"6,000",0,0,0,"9,000","3,000","6,000","6,000"
707052,同致永豐5C購01,0,0,0,0.0,0.0,0.0,0,0,0,"2,000",0,0,0,"2,000",0,"2,000","2,000"
707056,宜特永豐5B購01,0,0,0,0.0,0.0,0.0,0,0,0,"268,000",0,0,0,"268,000",0,"268,000","268,000"
707057,威聯通永豐5A購01,0,0,0,0.0,0.0,0.0,0,0,0,"114,000",0,0,0,"114,000",0,"114,000","114,000"
707058,晟德永豐5B購01,0,0,0,0.0,0.0,0.0,0,0,0,"667,000",0,0,0,"667,000",0,"667,000","667,000"
707063,台嘉碩國泰5B購01,0,0,0,0.0,0.0,0.0,0,0,0,"20,000",0,0,0,"40,000","20,000","20,000","20,000"
707067,雙鴻富邦5C購05,0,0,0,0.0,0.0,0.0,0,0,0,"-208,000",0,0,0,"10,000","218,000","-208,000","-208,000"
707068,雙鴻富邦5C購06,0,0,0,0.0,0.0,0.0,0,0,0,"-40,000",0,0,0,0,"40,000","-40,000","-40,000"
707070,台燿統一74購01,0,0,0,0.0,0.0,0.0,0,0,0,"9,000",0,0,0,"9,000",0,"9,000","9,000"
707072,立碁統一74購01,0,0,0,0.0,0.0,0.0,0,0,0,"-4,000",0,0,0,0,"4,000","-4,000","-4,000"
707073,印能統一63購02,0,0,0,0.0,0.0,0.0,0,0,0,"-184,000",0,0,0,0,"184,000","-184,000","-184,000"
707074,印能統一74購01,0,0,0,0.0,0.0,0.0,0,0,0,"-11,000",0,0,0,0,"11,000","-11,000","-11,000"
707075,沛亨統一74購01,0,0,0,0.0,0.0,0.0,0,0,0,"-31,000",0,0,0,0,"31,000","-31,000","-31,000"
707076,系統電統一67購01,0,0,0,0.0,0.0,0.0,0,0,0,"8,000",0,0,0,"9,000","1,000","8,000","8,000"
707078,能率統一67購01,0,0,0,0.0,0.0,0.0,0,0,0,"12,000",0,0,0,"32,000","20,000","12,000","12,000"
707080,華電網統一74購01,0,0,0,0.0,0.0,0.0,0,0,0,"98,000",0,0,0,"200,000","102,000","98,000","98,000"
707082,順達統一63購03,0,0,0,0.0,0.0,0.0,0,0,0,"178,000",0,0,0,"188,000","10,000","178,000","178,000"
707083,頎邦統一63購01,0,0,0,0.0,0.0,0.0,0,0,0,"42,000",0,0,0,"42,000",0,"42,000","42,000"
707085,頎邦統一66購01,0,0,0,0.0,0.0,0.0,0,0,0,"-10,000",0,0,0,0,"10,000","-10,000","-10,000"
707087,廣閎科統一74購01,0,0,0,0.0,0.0,0.0,0,0,0,"-75,000",0,0,0,0,"75,000","-75,000","-75,000"
707090,雙鴻統一66購02,0,0,0,0.0,0.0,0.0,0,0,0,"-362,000",0,0,0,"695,000","1,057,000","-362,000","-362,000"
707097,茂綸群益5A購01,0,0,0,0.0,0.0,0.0,0,0,0,"91,000",0,0,0,"91,000",0,"91,000","91,000"
707098,倚強群益5A購01,0,0,0,0.0,0.0,0.0,0,0,0,"3,000",0,0,0,"8,000","5,000","3,000","3,000"
707102,寶雅群益5A購01,0,0,0,0.0,0.0,0.0,0,0,0,"98,000",0,0,0,"98,000",0,"98,000","98,000"
707103,中光電兆豐64購01,0,0,0,0.0,0.0,0.0,0,0,0,"-60,000",0,0,0,0,"60,000","-60,000","-60,000"
707108,群翊群益5C購01,0,0,0,0.0,0.0,0.0,0,0,0,"4,000",0,0,0,"4,000",0,"4,000","4,000"
707119,雙鴻凱基5C購05,0,0,0,0.0,0.0,0.0,0,0,0,"26,000",0,0,0,"26,000",0,"26,000","26,000"
707122,矽科國票5B購01,0,0,0,0.0,0.0,0.0,0,0,0,"100,000",0,0,0,"100,000",0,"100,000","100,000"
707124,翔名國票5B購01,0,0,0,0.0,0.0,0.0,0,0,0,"-10,000",0,0,0,0,"10,000","-10,000","-10,000"
707126,頎邦國票5B購01,0,0,0,0.0,0.0,0.0,0,0,0,"14,000",0,0,0,"17,000","3,000","14,000","14,000"
707127,磐亞國票5B購01,0,0,0,0.0,0.0,0.0,0,0,0,"1,000",0,0,0,"1,000",0,"1,000","1,000"
707128,元太國泰5B購01,0,0,0,0.0,0.0,0.0,0,0,0,"-10,000",0,0,0,0,"10,000","-10,000","-10,000"
707129,宜特富邦5C購01,0,0,0,0.0,0.0,0.0,0,0,0,"156,000",0,0,0,"156,000",0,"156,000","156,000"
707132,聚和富邦5A購01,0,0,0,0.0,0.0,0.0,0,0,0,"10,000",0,0,0,"10,000",0,"10,000","10,000"
707136,協易機統一66購01,0,0,0,0.0,0.0,0.0,0,0,0,"-5,000",0,0,0,0,"5,000","-5,000","-5,000"
707138,陽程統一64購02,0,0,0,0.0,0.0,0.0,0,0,0,"1,000",0,0,0,"1,000",0,"1,000","1,000"
707139,陽程統一74購01,0,0,0,0.0,0.0,0.0,0,0,0,"-50,000",0,0,0,0,"50,000","-50,000","-50,000"
707140,萬泰科統一74購01,0,0,0,0.0,0.0,0.0,0,0,0,"51,000",0,0,0,"81,000","30,000","51,000","51,000"
707141,群翊統一63購01,0,0,0,0.0,0.0,0.0,0,0,0,"-22,000",0,0,0,0,"22,000","-22,000","-22,000"
707142,群翊統一74購01,0,0,0,0.0,0.0,0.0,0,0,0,0,0,0,0,"50,000","50,000",0,0
707146,均豪永豐5A購01,0,0,0,0.0,0.0,0.0,0,0,0,"208,000",0,0,0,"230,000","22,000","208,000","208,000"
707150,茂訊永豐5B購01,0,0,0,0.0,0.0,0.0,0,0,0,"-1,000",0,0,0,0,"1,000","-1,000","-1,000"
707151,茂綸永豐5A購01,0,0,0,0.0,0.0,0.0,0,0,0,"-9,000",0,0,0,"1,000","10,000","-9,000","-9,000"
707152,湧德永豐5B購01,0,0,0,0.0,0.0,0.0,0,0,0,"-100,000",0,0,0,0,"100,000","-100,000","-100,000"
707153,陽程永豐5C購01,0,0,0,0.0,0.0,0.0,0,0,0,"10,000",0,0,0,"10,000",0,"10,000","10,000"
707158,雙鴻永豐5C購03,0,0,0,0.0,0.0,0.0,0,0,0,"-83,000",0,0,0,"29,000","112,000","-83,000","-83,000"
707159,九豪元大5A購01,0,0,0,0.0,0.0,0.0,0,0,0,"-14,000",0,0,0,0,"14,000","-14,000","-14,000"
707178,世界群益5C購01,0,0,0,0.0,0.0,0.0,0,0,0,"8,000",0,0,0,"8,000",0,"8,000","8,000"
707187,台燿國票5B購03,0,0,0,0.0,0.0,0.0,0,0,0,"28,000",0,0,0,"28,000",0,"28,000","28,000"
707189,華景電國票5B購01,0,0,0,0.0,0.0,0.0,0,0,0,"-22,000",0,0,0,"100,000","122,000","-22,000","-22,000"
707193,雙鴻國泰67購01,0,0,0,0.0,0.0,0.0,0,0,0,"125,000",0,0,0,"125,000",0,"125,000","125,000"
707194,久元統一64購01,0,0,0,0.0,0.0,0.0,0,0,0,"-45,000",0,0,0,0,"45,000","-45,000","-45,000"
707196,華景電統一64購01,0,0,0,0.0,0.0,0.0,0,0,0,"41,000",0,0,0,"48,000","7,000","41,000","41,000"
707198,華景電統一65購01,0,0,0,0.0,0.0,0.0,0,0,0,"-3,000",0,0,0,"23,000","26,000","-3,000","-3,000"
707202,陽程統一68購01,0,0,0,0.0,0.0,0.0,0,0,0,"91,000",0,0,0,"152,000","61,000","91,000","91,000"
707204,群翊統一74購02,0,0,0,0.0,0.0,0.0,0,0,0,"58,000",0,0,0,"58,000",0,"58,000","58,000"
707205,頎邦統一64購03,0,0,0,0.0,0.0,0.0,0,0,0,"-18,000",0,0,0,"2,000","20,000","-18,000","-18,000"
707213,良維元大5B購01,0,0,0,0.0,0.0,0.0,0,0,0,"84,000",0,0,0,"91,000","7,000","84,000","84,000"
707215,信紘科元大5A購01,0,0,0,0.0,0.0,0.0,0,0,0,"180,000",0,0,0,"180,000",0,"180,000","180,000"
707218,順達元大5A購07,0,0,0,0.0,0.0,0.0,0,0,0,"108,000",0,0,0,"108,000",0,"108,000","108,000"
707219,順達元大5A購08,0,0,0,0.0,0.0,0.0,0,0,0,"23,000",0,0,0,"23,000",0,"23,000","23,000"
707220,群翊元大5A購01,0,0,0,0.0,0.0,0.0,0,0,0,"-10,000",0,0,0,0,"10,000","-10,000","-10,000"
707221,雙鴻元大64購02,0,0,0,0.0,0.0,0.0,0,0,0,"-135,000",0,0,0,"8,000","143,000","-135,000","-135,000"
707222,世界永豐61購01,0,0,0,0.0,0.0,0.0,0,0,0,"178,000",0,0,0,"178,000",0,"178,000","178,000"
707226,矽科永豐5B購02,0,0,0,0.0,0.0,0.0,0,0,0,"14,000",0,0,0,"14,000",0,"14,000","14,000"
707227,華景電永豐5C購01,0,0,0,0.0,0.0,0.0,0,0,0,"24,000",0,0,0,"24,000",0,"24,000","24,000"
707228,華景電永豐61購01,0,0,0,0.0,0.0,0.0,0,0,0,"-30,000",0,0,0,0,"30,000","-30,000","-30,000"
707230,頎邦永豐5C購01,0,0,0,0.0,0.0,0.0,0,0,0,"-131,000",0,0,0,0,"131,000","-131,000","-131,000"
707231,順達兆豐5C購01,0,0,0,0.0,0.0,0.0,0,0,0,"1,000",0,0,0,"11,000","10,000","1,000","1,000"
707235,新盛力凱基5A購01,0,0,0,0.0,0.0,0.0,0,0,0,"5,000",0,0,0,"5,000",0,"5,000","5,000"
707236,新盛力凱基5A購02,0,0,0,0.0,0.0,0.0,0,0,0,"5,000",0,0,0,"5,000",0,"5,000","5,000"
707237,頎邦凱基5B購01,0,0,0,0.0,0.0,0.0,0,0,0,"2,000",0,0,0,"2,000",0,"2,000","2,000"
707239,雙鴻凱基5A購06,0,0,0,0.0,0.0,0.0,0,0,0,"100,000",0,0,0,"100,000",0,"100,000","100,000"
707245,順達元大64購02,0,0,0,0.0,0.0,0.0,0,0,0,"2,000",0,0,0,"2,000",0,"2,000","2,000"
707246,鈊象元大61購01,0,0,0,0.0,0.0,0.0,0,0,0,"140,000",0,0,0,"140,000",0,"140,000","140,000"
707247,新盛力元大5A購01,0,0,0,0.0,0.0,0.0,0,0,0,"22,000",0,0,0,"22,000",0,"22,000","22,000"
707248,萬泰科元大5A購01,0,0,0,0.0,0.0,0.0,0,0,0,"-30,000",0,0,0,0,"30,000","-30,000","-30,000"
707251,順達國票5B購02,0,0,0,0.0,0.0,0.0,0,0,0,"-179,000",0,0,0,"103,000","282,000","-179,000","-179,000"
707253,新盛力國票5B購01,0,0,0,0.0,0.0,0.0,0,0,0,"-2,000",0,0,0,0,"2,000","-2,000","-2,000"
707255,宏捷科國泰5B購01,0,0,0,0.0,0.0,0.0,0,0,0,"34,000",0,0,0,"34,000",0,"34,000","34,000"
707256,宏捷科國泰5B購02,0,0,0,0.0,0.0,0.0,0,0,0,"22,000",0,0,0,"22,000",0,"22,000","22,000"
707258,東捷永豐64購01,0,0,0,0.0,0.0,0.0,0,0,0,"-11,000",0,0,0,"4,000","15,000","-11,000","-11,000"
707265,宏捷科統一74購01,0,0,0,0.0,0.0,0.0,0,0,0,"5,000",0,0,0,"5,000",0,"5,000","5,000"
707266,東捷統一64購02,0,0,0,0.0,0.0,0.0,0,0,0,"167,000",0,0,0,"420,000","253,000","167,000","167,000"
707268,華景電統一63購01,0,0,0,0.0,0.0,0.0,0,0,0,"261,000",0,0,0,"561,000","300,000","261,000","261,000"
707269,勤凱統一74購01,0,0,0,0.0,0.0,0.0,0,0,0,"-21,000",0,0,0,0,"21,000","-21,000","-21,000"
707270,新盛力統一64購01,0,0,0,0.0,0.0,0.0,0,0,0,"-26,000",0,0,0,"38,000","64,000","-26,000","-26,000"
707271,新盛力統一68購01,0,0,0,0.0,0.0,0.0,0,0,0,"52,000",0,0,0,"53,000","1,000","52,000","52,000"
707272,新盛力統一74購01,0,0,0,0.0,0.0,0.0,0,0,0,"-93,000",0,0,0,"72,000","165,000","-93,000","-93,000"
707273,新盛力統一74購02,0,0,0,0.0,0.0,0.0,0,0,0,"-551,000",0,0,0,"60,000","611,000","-551,000","-551,000"
707275,鉅橡統一66購01,0,0,0,0.0,0.0,0.0,0,0,0,"3,000",0,0,0,"3,000",0,"3,000","3,000"
707276,頎邦統一74購01,0,0,0,0.0,0.0,0.0,0,0,0,"-603,000",0,0,0,"5,000","608,000","-603,000","-603,000"
707277,廣閎科統一74購02,0,0,0,0.0,0.0,0.0,0,0,0,"-2,000",0,0,0,0,"2,000","-2,000","-2,000"
707278,德微統一64購01,0,0,0,0.0,0.0,0.0,0,0,0,"75,000",0,0,0,"229,000","154,000","75,000","75,000"
707282,台燿凱基5A購02,0,0,0,0.0,0.0,0.0,0,0,0,"5,000",0,0,0,"5,000",0,"5,000","5,000"
707285,旺矽凱基5A購04,0,0,0,0.0,0.0,0.0,0,0,0,"20,000",0,0,0,"20,000",0,"20,000","20,000"
707286,順達凱基64購01,0,0,0,0.0,0.0,0.0,0,0,0,"4,000",0,0,0,"5,000","1,000","4,000","4,000"
707288,鑫聯凱基5B購01,0,0,0,0.0,0.0,0.0,0,0,0,"-7,000",0,0,0,0,"7,000","-7,000","-7,000"
707289,台燿兆豐5C購01,0,0,0,0.0,0.0,0.0,0,0,0,"12,000",0,0,0,"12,000",0,"12,000","12,000"
707290,均豪兆豐5C購01,0,0,0,0.0,0.0,0.0,0,0,0,0,0,0,0,"5,000","5,000",0,0
707291,雙鴻兆豐5C購01,0,0,0,0.0,0.0,0.0,0,0,0,"-1,000",0,0,0,0,"1,000","-1,000","-1,000"
707292,台星科元大5A購01,0,0,0,0.0,0.0,0.0,0,0,0,"40,000",0,0,0,"40,000",0,"40,000","40,000"
707302,信驊元大5B購01,0,0,0,0.0,0.0,0.0,0,0,0,0,0,0,0,"30,000","30,000",0,0
707304,陽程元大63購01,0,0,0,0.0,0.0,0.0,0,0,0,"-35,000",0,0,0,"444,000","479,000","-35,000","-35,000"
707306,台燿永豐5C購03,0,0,0,0.0,0.0,0.0,0,0,0,"76,000",0,0,0,"76,000",0,"76,000","76,000"
707307,台燿永豐64購02,0,0,0,0.0,0.0,0.0,0,0,0,"8,000",0,0,0,"8,000",0,"8,000","8,000"
707311,均豪永豐5C購01,0,0,0,0.0,0.0,0.0,0,0,0,"1,000",0,0,0,"14,000","13,000","1,000","1,000"
707312,良維永豐5C購01,0,0,0,0.0,0.0,0.0,0,0,0,"-93,000",0,0,0,"107,000","200,000","-93,000","-93,000"
707313,旺矽永豐5A購03,0,0,0,0.0,0.0,0.0,0,0,0,"10,000",0,0,0,"10,000",0,"10,000","10,000"
707315,旺矽永豐64購02,0,0,0,0.0,0.0,0.0,0,0,0,"100,000",0,0,0,"100,000",0,"100,000","100,000"
707316,長科*永豐5A購01,0,0,0,0.0,0.0,0.0,0,0,0,"1,000",0,0,0,"1,000",0,"1,000","1,000"
707317,信驊永豐5A購03,0,0,0,0.0,0.0,0.0,0,0,0,"9,000",0,0,0,"23,000","14,000","9,000","9,000"
707318,前鼎永豐61購01,0,0,0,0.0,0.0,0.0,0,0,0,"61,000",0,0,0,"61,000",0,"61,000","61,000"
707320,翔名永豐5B購02,0,0,0,0.0,0.0,0.0,0,0,0,"134,000",0,0,0,"378,000","244,000","134,000","134,000"
707321,鉅橡永豐5B購01,0,0,0,0.0,0.0,0.0,0,0,0,"-15,000",0,0,0,"65,000","80,000","-15,000","-15,000"
707323,均豪國泰61購01,0,0,0,0.0,0.0,0.0,0,0,0,"47,000",0,0,0,"47,000",0,"47,000","47,000"
707327,旺矽富邦5C購01,0,0,0,0.0,0.0,0.0,0,0,0,"2,000",0,0,0,"2,000",0,"2,000","2,000"
707328,旺矽富邦64購01,0,0,0,0.0,0.0,0.0,0,0,0,"2,000",0,0,0,"2,000",0,"2,000","2,000"
707330,台燿國票5B購05,0,0,0,0.0,0.0,0.0,0,0,0,"3,000",0,0,0,"3,000",0,"3,000","3,000"
707332,台燿統一64購03,0,0,0,0.0,0.0,0.0,0,0,0,"21,000",0,0,0,"21,000",0,"21,000","21,000"
707333,台燿統一64購04,0,0,0,0.0,0.0,0.0,0,0,0,"-25,000",0,0,0,"18,000","43,000","-25,000","-25,000"
707335,台燿統一74購02,0,0,0,0.0,0.0,0.0,0,0,0,"-59,000",0,0,0,0,"59,000","-59,000","-59,000"
707336,台燿統一74購03,0,0,0,0.0,0.0,0.0,0,0,0,"202,000",0,0,0,"202,000",0,"202,000","202,000"
707337,巨漢統一63購02,0,0,0,0.0,0.0,0.0,0,0,0,"-529,000",0,0,0,0,"529,000","-529,000","-529,000"
707341,旺矽統一64購01,0,0,0,0.0,0.0,0.0,0,0,0,"3,000",0,0,0,"3,000",0,"3,000","3,000"
707342,東捷統一74購01,0,0,0,0.0,0.0,0.0,0,0,0,"44,000",0,0,0,"45,000","1,000","44,000","44,000"
707343,前鼎統一64購01,0,0,0,0.0,0.0,0.0,0,0,0,"56,000",0,0,0,"170,000","114,000","56,000","56,000"
707344,翔名統一74購02,0,0,0,0.0,0.0,0.0,0,0,0,"19,000",0,0,0,"19,000",0,"19,000","19,000"
707346,順達統一64購01,0,0,0,0.0,0.0,0.0,0,0,0,"-174,000",0,0,0,"11,000","185,000","-174,000","-174,000"
707347,勤凱統一74購02,0,0,0,0.0,0.0,0.0,0,0,0,"-64,000",0,0,0,0,"64,000","-64,000","-64,000"
707348,新盛力統一63購01,0,0,0,0.0,0.0,0.0,0,0,0,"20,000",0,0,0,"20,000",0,"20,000","20,000"
707349,新盛力統一64購02,0,0,0,0.0,0.0,0.0,0,0,0,"22,000",0,0,0,"22,000",0,"22,000","22,000"
707350,新盛力統一74購03,0,0,0,0.0,0.0,0.0,0,0,0,"514,000",0,0,0,"642,000","128,000","514,000","514,000"
707352,頎邦統一74購02,0,0,0,0.0,0.0,0.0,0,0,0,"-981,000",0,0,0,"208,000","1,189,000","-981,000","-981,000"
707353,頎邦統一74購03,0,0,0,0.0,0.0,0.0,0,0,0,"-464,000",0,0,0,"164,000","628,000","-464,000","-464,000"
707355,廣閎科統一67購01,0,0,0,0.0,0.0,0.0,0,0,0,"2,000",0,0,0,"2,000",0,"2,000","2,000"
707356,廣閎科統一74購03,0,0,0,0.0,0.0,0.0,0,0,0,"-30,000",0,0,0,0,"30,000","-30,000","-30,000"
707357,勤凱台新5A購01,0,0,0,0.0,0.0,0.0,0,0,0,"-95,000",0,0,0,"27,000","122,000","-95,000","-95,000"
707361,宜特凱基61購01,0,0,0,0.0,0.0,0.0,0,0,0,"-80,000",0,0,0,0,"80,000","-80,000","-80,000"
707362,信紘科凱基5A購01,0,0,0,0.0,0.0,0.0,0,0,0,"15,000",0,0,0,"35,000","20,000","15,000","15,000"
707368,鴻呈凱基5A購01,0,0,0,0.0,0.0,0.0,0,0,0,"-1,000",0,0,0,0,"1,000","-1,000","-1,000"
707370,立碁永豐5C購01,0,0,0,0.0,0.0,0.0,0,0,0,"129,000",0,0,0,"161,000","32,000","129,000","129,000"
707371,前鼎永豐61購02,0,0,0,0.0,0.0,0.0,0,0,0,"-17,000",0,0,0,"35,000","52,000","-17,000","-17,000"
707374,頎邦永豐61購01,0,0,0,0.0,0.0,0.0,0,0,0,"-488,000",0,0,0,"195,000","683,000","-488,000","-488,000"
707376,譜瑞永豐5C購01,0,0,0,0.0,0.0,0.0,0,0,0,"-45,000",0,0,0,"60,000","105,000","-45,000","-45,000"
707381,頎邦國票5B購04,0,0,0,0.0,0.0,0.0,0,0,0,"-67,000",0,0,0,0,"67,000","-67,000","-67,000"
707383,衛司特國票5B購02,0,0,0,0.0,0.0,0.0,0,0,0,"-2,000",0,0,0,0,"2,000","-2,000","-2,000"
707387,前鼎群益5A購01,0,0,0,0.0,0.0,0.0,0,0,0,"499,000",0,0,0,"499,000",0,"499,000","499,000"
707394,廣閎科群益5B購01,0,0,0,0.0,0.0,0.0,0,0,0,"9,000",0,0,0,"50,000","41,000","9,000","9,000"
707397,天品元大61購01,0,0,0,0.0,0.0,0.0,0,0,0,"40,000",0,0,0,"40,000",0,"40,000","40,000"
707404,衛司特元大5A購01,0,0,0,0.0,0.0,0.0,0,0,0,"-2,000",0,0,0,0,"2,000","-2,000","-2,000"
707405,群翊國泰5B購02,0,0,0,0.0,0.0,0.0,0,0,0,"47,000",0,0,0,"48,000","1,000","47,000","47,000"
707408,安葆統一74購01,0,0,0,0.0,0.0,0.0,0,0,0,"5,000",0,0,0,"5,000",0,"5,000","5,000"
707409,均豪統一63購02,0,0,0,0.0,0.0,0.0,0,0,0,"-115,000",0,0,0,0,"115,000","-115,000","-115,000"
707410,均豪統一74購01,0,0,0,0.0,0.0,0.0,0,0,0,"-57,000",0,0,0,0,"57,000","-57,000","-57,000"
707413,東捷統一74購02,0,0,0,0.0,0.0,0.0,0,0,0,"59,000",0,0,0,"67,000","8,000","59,000","59,000"
707414,前鼎統一74購01,0,0,0,0.0,0.0,0.0,0,0,0,"7,000",0,0,0,"10,000","3,000","7,000","7,000"
707416,順達統一64購02,0,0,0,0.0,0.0,0.0,0,0,0,"-71,000",0,0,0,0,"71,000","-71,000","-71,000"
707418,群翊統一74購03,0,0,0,0.0,0.0,0.0,0,0,0,"27,000",0,0,0,"27,000",0,"27,000","27,000"
707421,頎邦富邦5C購02,0,0,0,0.0,0.0,0.0,0,0,0,"3,000",0,0,0,"3,000",0,"3,000","3,000"
707422,頎邦富邦61購02,0,0,0,0.0,0.0,0.0,0,0,0,"-1,076,000",0,0,0,"665,000","1,741,000","-1,076,000","-1,076,000"
707423,廣閎科富邦5B購01,0,0,0,0.0,0.0,0.0,0,0,0,"6,000",0,0,0,"6,000",0,"6,000","6,000"
707426,千附精永豐5B購01,0,0,0,0.0,0.0,0.0,0,0,0,"-11,000",0,0,0,"24,000","35,000","-11,000","-11,000"
707428,兆利永豐5A購01,0,0,0,0.0,0.0,0.0,0,0,0,"-70,000",0,0,0,0,"70,000","-70,000","-70,000"
707433,華景電永豐5B購01,0,0,0,0.0,0.0,0.0,0,0,0,"-2,000",0,0,0,0,"2,000","-2,000","-2,000"
707434,陽程永豐5B購01,0,0,0,0.0,0.0,0.0,0,0,0,"57,000",0,0,0,"69,000","12,000","57,000","57,000"
707435,萬泰科永豐5C購02,0,0,0,0.0,0.0,0.0,0,0,0,"13,000",0,0,0,"13,000",0,"13,000","13,000"
707437,穩得永豐5C購01,0,0,0,0.0,0.0,0.0,0,0,0,"-97,000",0,0,0,0,"97,000","-97,000","-97,000"
707439,台星科群益61購01,0,0,0,0.0,0.0,0.0,0,0,0,"97,000",0,0,0,"97,000",0,"97,000","97,000"
707450,陽程國泰5B購01,0,0,0,0.0,0.0,0.0,0,0,0,"1,000",0,0,0,"1,000",0,"1,000","1,000"
707454,千附精統一74購01,0,0,0,0.0,0.0,0.0,0,0,0,"5,000",0,0,0,"41,000","36,000","5,000","5,000"
707455,台星科統一74購01,0,0,0,0.0,0.0,0.0,0,0,0,"49,000",0,0,0,"49,000",0,"49,000","49,000"
707459,立敦統一74購01,0,0,0,0.0,0.0,0.0,0,0,0,"-284,000",0,0,0,"16,000","300,000","-284,000","-284,000"
707461,金山電統一74購01,0,0,0,0.0,0.0,0.0,0,0,0,"63,000",0,0,0,"72,000","9,000","63,000","63,000"
707464,美琪瑪統一64購02,0,0,0,0.0,0.0,0.0,0,0,0,"1,000",0,0,0,"1,000",0,"1,000","1,000"
707467,陽程統一66購01,0,0,0,0.0,0.0,0.0,0,0,0,"37,000",0,0,0,"52,000","15,000","37,000","37,000"
707468,陽程統一74購02,0,0,0,0.0,0.0,0.0,0,0,0,"76,000",0,0,0,"81,000","5,000","76,000","76,000"
707469,陽程統一74購03,0,0,0,0.0,0.0,0.0,0,0,0,"245,000",0,0,0,"252,000","7,000","245,000","245,000"
707470,順達統一74購01,0,0,0,0.0,0.0,0.0,0,0,0,"-149,000",0,0,0,"69,000","218,000","-149,000","-149,000"
707474,蜜望實統一74購01,0,0,0,0.0,0.0,0.0,0,0,0,"-10,000",0,0,0,"9,000","19,000","-10,000","-10,000"
707477,立敦凱基5A購02,0,0,0,0.0,0.0,0.0,0,0,0,"2,000",0,0,0,"3,000","1,000","2,000","2,000"
707482,順達凱基5C購01,0,0,0,0.0,0.0,0.0,0,0,0,"-50,000",0,0,0,"10,000","60,000","-50,000","-50,000"
707488,巨漢元大5A購02,0,0,0,0.0,0.0,0.0,0,0,0,"-152,000",0,0,0,0,"152,000","-152,000","-152,000"
707491,均豪元大5A購02,0,0,0,0.0,0.0,0.0,0,0,0,"19,000",0,0,0,"19,000",0,"19,000","19,000"
707492,均豪元大5C購01,0,0,0,0.0,0.0,0.0,0,0,0,"1,000",0,0,0,"1,000",0,"1,000","1,000"
707494,沛亨元大5A購01,0,0,0,0.0,0.0,0.0,0,0,0,"100,000",0,0,0,"100,000",0,"100,000","100,000"
707504,新應材元大5A購04,0,0,0,0.0,0.0,0.0,0,0,0,"2,000",0,0,0,"442,000","440,000","2,000","2,000"
707512,東捷國票5A購02,0,0,0,0.0,0.0,0.0,0,0,0,"2,000",0,0,0,"2,000",0,"2,000","2,000"
707514,萬泰科國票5B購01,0,0,0,0.0,0.0,0.0,0,0,0,"2,000",0,0,0,"2,000",0,"2,000","2,000"
707520,湧德富邦5C購01,0,0,0,0.0,0.0,0.0,0,0,0,"18,000",0,0,0,"18,000",0,"18,000","18,000"
707522,萬泰科富邦5B購01,0,0,0,0.0,0.0,0.0,0,0,0,"76,000",0,0,0,"76,000",0,"76,000","76,000"
707523,雙鴻富邦5C購07,0,0,0,0.0,0.0,0.0,0,0,0,"-255,000",0,0,0,"179,000","434,000","-255,000","-255,000"
707524,雙鴻富邦5C購08,0,0,0,0.0,0.0,0.0,0,0,0,"-552,000",0,0,0,"134,000","686,000","-552,000","-552,000"
707526,千附精凱基5A購01,0,0,0,0.0,0.0,0.0,0,0,0,"232,000",0,0,0,"235,000","3,000","232,000","232,000"
707527,元太凱基61購01,0,0,0,0.0,0.0,0.0,0,0,0,"-195,000",0,0,0,"7,000","202,000","-195,000","-195,000"
707531,前鼎凱基5B購02,0,0,0,0.0,0.0,0.0,0,0,0,"74,000",0,0,0,"124,000","50,000","74,000","74,000"
707538,弘塑國票5B購01,0,0,0,0.0,0.0,0.0,0,0,0,"-375,000",0,0,0,"144,000","519,000","-375,000","-375,000"
707539,宜特國票5B購02,0,0,0,0.0,0.0,0.0,0,0,0,"-5,000",0,0,0,0,"5,000","-5,000","-5,000"
707541,前鼎國票5B購03,0,0,0,0.0,0.0,0.0,0,0,0,"52,000",0,0,0,"77,000","25,000","52,000","52,000"
707542,陽程國票5A購01,0,0,0,0.0,0.0,0.0,0,0,0,"-136,000",0,0,0,"27,000","163,000","-136,000","-136,000"
707547,弘塑永豐64購01,0,0,0,0.0,0.0,0.0,0,0,0,"-86,000",0,0,0,0,"86,000","-86,000","-86,000"
707548,新應材永豐5B購02,0,0,0,0.0,0.0,0.0,0,0,0,"-5,000",0,0,0,0,"5,000","-5,000","-5,000"
707552,台星科台新5A購01,0,0,0,0.0,0.0,0.0,0,0,0,"78,000",0,0,0,"78,000",0,"78,000","78,000"
707556,前鼎台新5A購01,0,0,0,0.0,0.0,0.0,0,0,0,"416,000",0,0,0,"418,000","2,000","416,000","416,000"
707557,威聯通台新5A購01,0,0,0,0.0,0.0,0.0,0,0,0,"154,000",0,0,0,"204,000","50,000","154,000","154,000"
707559,新應材台新5A購02,0,0,0,0.0,0.0,0.0,0,0,0,"-3,000",0,0,0,"2,000","5,000","-3,000","-3,000"
707560,群翊台新5A購01,0,0,0,0.0,0.0,0.0,0,0,0,"200,000",0,0,0,"200,000",0,"200,000","200,000"
707566,萬泰科群益5A購02,0,0,0,0.0,0.0,0.0,0,0,0,"3,000",0,0,0,"3,000",0,"3,000","3,000"
707572,弘塑富邦5C購02,0,0,0,0.0,0.0,0.0,0,0,0,"-34,000",0,0,0,"19,000","53,000","-34,000","-34,000"
707573,弘塑富邦64購01,0,0,0,0.0,0.0,0.0,0,0,0,"-130,000",0,0,0,0,"130,000","-130,000","-130,000"
707574,前鼎富邦5C購01,0,0,0,0.0,0.0,0.0,0,0,0,"208,000",0,0,0,"531,000","323,000","208,000","208,000"
707576,中美晶統一64購01,0,0,0,0.0,0.0,0.0,0,0,0,"-10,000",0,0,0,0,"10,000","-10,000","-10,000"
707577,元太統一64購01,0,0,0,0.0,0.0,0.0,0,0,0,"-437,000",0,0,0,"100,000","537,000","-437,000","-437,000"
707578,元太統一74購01,0,0,0,0.0,0.0,0.0,0,0,0,"-34,000",0,0,0,"302,000","336,000","-34,000","-34,000"
707579,弘塑統一62購02,0,0,0,0.0,0.0,0.0,0,0,0,"913,000",0,0,0,"913,000",0,"913,000","913,000"
707580,弘塑統一64購01,0,0,0,0.0,0.0,0.0,0,0,0,"-305,000",0,0,0,"18,000","323,000","-305,000","-305,000"
707590,美琪瑪統一74購01,0,0,0,0.0,0.0,0.0,0,0,0,"396,000",0,0,0,"396,000",0,"396,000","396,000"
707591,陽程統一63購01,0,0,0,0.0,0.0,0.0,0,0,0,"38,000",0,0,0,"38,000",0,"38,000","38,000"
707592,陽程統一64購03,0,0,0,0.0,0.0,0.0,0,0,0,"139,000",0,0,0,"439,000","300,000","139,000","139,000"
707593,意德士統一62購01,0,0,0,0.0,0.0,0.0,0,0,0,"10,000",0,0,0,"10,000",0,"10,000","10,000"
707596,臺慶科統一64購01,0,0,0,0.0,0.0,0.0,0,0,0,"229,000",0,0,0,"352,000","123,000","229,000","229,000"
707598,蜜望實統一64購01,0,0,0,0.0,0.0,0.0,0,0,0,"-10,000",0,0,0,0,"10,000","-10,000","-10,000"
707599,蜜望實統一74購02,0,0,0,0.0,0.0,0.0,0,0,0,"-174,000",0,0,0,"158,000","332,000","-174,000","-174,000"
707605,宜特元大5C購02,0,0,0,0.0,0.0,0.0,0,0,0,"28,000",0,0,0,"38,000","10,000","28,000","28,000"
707611,勤凱元大5A購05,0,0,0,0.0,0.0,0.0,0,0,0,"-16,000",0,0,0,"92,000","108,000","-16,000","-16,000"
707612,勤凱元大5A購06,0,0,0,0.0,0.0,0.0,0,0,0,"51,000",0,0,0,"68,000","17,000","51,000","51,000"
707613,雙鴻元大5A購07,0,0,0,0.0,0.0,0.0,0,0,0,"-254,000",0,0,0,"218,000","472,000","-254,000","-254,000"
707614,雙鴻元大61購13,0,0,0,0.0,0.0,0.0,0,0,0,"-1,515,000",0,0,0,"56,000","1,571,000","-1,515,000","-1,515,000"
707615,穩得元大5A購02,0,0,0,0.0,0.0,0.0,0,0,0,"129,000",0,0,0,"129,000",0,"129,000","129,000"
707617,九豪永豐5C購01,0,0,0,0.0,0.0,0.0,0,0,0,"-4,000",0,0,0,0,"4,000","-4,000","-4,000"
707619,立敦永豐5A購01,0,0,0,0.0,0.0,0.0,0,0,0,"11,000",0,0,0,"12,000","1,000","11,000","11,000"
707622,鈊象永豐5C購01,0,0,0,0.0,0.0,0.0,0,0,0,"-12,000",0,0,0,0,"12,000","-12,000","-12,000"
707624,蜜望實永豐5C購01,0,0,0,0.0,0.0,0.0,0,0,0,"-5,000",0,0,0,"11,000","16,000","-5,000","-5,000"
707626,九豪凱基5A購03,0,0,0,0.0,0.0,0.0,0,0,0,"-30,000",0,0,0,0,"30,000","-30,000","-30,000"
707629,長科*凱基5A購01,0,0,0,0.0,0.0,0.0,0,0,0,"2,000",0,0,0,"2,000",0,"2,000","2,000"
707633,蜜望實凱基5A購01,0,0,0,0.0,0.0,0.0,0,0,0,"340,000",0,0,0,"340,000",0,"340,000","340,000"
707637,九豪台新5A購02,0,0,0,0.0,0.0,0.0,0,0,0,"-150,000",0,0,0,0,"150,000","-150,000","-150,000"
707642,宜特台新61購01,0,0,0,0.0,0.0,0.0,0,0,0,"40,000",0,0,0,"40,000",0,"40,000","40,000"
707644,博磊台新5A購01,0,0,0,0.0,0.0,0.0,0,0,0,"1,000",0,0,0,"1,000",0,"1,000","1,000"
707646,博磊台新5A購03,0,0,0,0.0,0.0,0.0,0,0,0,"3,000",0,0,0,"9,000","6,000","3,000","3,000"
707656,宜特元大5A購03,0,0,0,0.0,0.0,0.0,0,0,0,"-145,000",0,0,0,0,"145,000","-145,000","-145,000"
707657,宜特元大5B購01,0,0,0,0.0,0.0,0.0,0,0,0,"13,000",0,0,0,"13,000",0,"13,000","13,000"
707658,宜特元大5C購03,0,0,0,0.0,0.0,0.0,0,0,0,"235,000",0,0,0,"235,000",0,"235,000","235,000"
707659,宜特元大61購01,0,0,0,0.0,0.0,0.0,0,0,0,"235,000",0,0,0,"235,000",0,"235,000","235,000"
707660,宜特元大63購02,0,0,0,0.0,0.0,0.0,0,0,0,"-37,000",0,0,0,"125,000","162,000","-37,000","-37,000"
707661,朋億*元大5A購01,0,0,0,0.0,0.0,0.0,0,0,0,"6,000",0,0,0,"6,000",0,"6,000","6,000"
707666,新盛力元大5A購02,0,0,0,0.0,0.0,0.0,0,0,0,"123,000",0,0,0,"123,000",0,"123,000","123,000"
707668,蜜望實元大5A購01,0,0,0,0.0,0.0,0.0,0,0,0,"-10,000",0,0,0,0,"10,000","-10,000","-10,000"
707670,九豪群益5A購03,0,0,0,0.0,0.0,0.0,0,0,0,"4,000",0,0,0,"4,000",0,"4,000","4,000"
707673,蜜望實群益5A購01,0,0,0,0.0,0.0,0.0,0,0,0,"20,000",0,0,0,"20,000",0,"20,000","20,000"
707674,優群群益5A購01,0,0,0,0.0,0.0,0.0,0,0,0,"-60,000",0,0,0,0,"60,000","-60,000","-60,000"
707676,加高國票5B購01,0,0,0,0.0,0.0,0.0,0,0,0,"-31,000",0,0,0,"2,000","33,000","-31,000","-31,000"
707677,艾訊國票5B購01,0,0,0,0.0,0.0,0.0,0,0,0,"101,000",0,0,0,"101,000",0,"101,000","101,000"
707680,博磊國票5B購01,0,0,0,0.0,0.0,0.0,0,0,0,"76,000",0,0,0,"76,000",0,"76,000","76,000"
707681,漢達國票5B購01,0,0,0,0.0,0.0,0.0,0,0,0,"146,000",0,0,0,"221,000","75,000","146,000","146,000"
707682,蜜望實國票5A購02,0,0,0,0.0,0.0,0.0,0,0,0,"6,000",0,0,0,"6,000",0,"6,000","6,000"
707683,九豪富邦5C購01,0,0,0,0.0,0.0,0.0,0,0,0,"-1,299,000",0,0,0,"200,000","1,499,000","-1,299,000","-1,299,000"
707686,九豪統一64購02,0,0,0,0.0,0.0,0.0,0,0,0,"-1,000",0,0,0,0,"1,000","-1,000","-1,000"
707687,九豪統一74購01,0,0,0,0.0,0.0,0.0,0,0,0,"-51,000",0,0,0,0,"51,000","-51,000","-51,000"
707688,千附統一74購01,0,0,0,0.0,0.0,0.0,0,0,0,"-10,000",0,0,0,0,"10,000","-10,000","-10,000"
707689,千附精統一74購02,"7,000",0,"7,000",0.0,0.0,0.0,0,0,0,"-489,000",0,0,0,"85,000","574,000","-489,000","-482,000"
707702,臺慶科統一66購01,0,0,0,0.0,0.0,0.0,0,0,0,"-249,000",0,0,0,"5,000","254,000","-249,000","-249,000"
707705,環球晶統一74購01,"2,000",0,"2,000",0.0,0.0,0.0,0,0,0,"-120,000",0,0,0,0,"120,000","-120,000","-118,000"
707706,力致台新5A購01,0,0,0,0.0,0.0,0.0,0,0,0,"3,000",0,0,0,"3,000",0,"3,000","3,000"
707710,千附精國票5B購02,0,0,0,0.0,0.0,0.0,0,0,0,"-50,000",0,0,0,0,"50,000","-50,000","-50,000"
707711,千附精國票5B購03,0,0,0,0.0,0.0,0.0,0,0,0,"62,000",0,0,0,"63,000","1,000","62,000","62,000"
707714,邑昇國票5B購01,0,0,0,0.0,0.0,0.0,0,0,0,"165,000",0,0,0,"165,000",0,"165,000","165,000"
707715,欣銓國票5B購02,0,0,0,0.0,0.0,0.0,0,0,0,"-20,000",0,0,0,"1,000","21,000","-20,000","-20,000"
707718,家登國票5A購01,0,0,0,0.0,0.0,0.0,0,0,0,"-35,000",0,0,0,0,"35,000","-35,000","-35,000"
707721,群聯國票5B購01,0,0,0,0.0,0.0,0.0,0,0,0,"-197,000",0,0,0,"17,000","214,000","-197,000","-197,000"
707722,蜜望實國票5B購01,0,0,0,0.0,0.0,0.0,0,0,0,"-121,000",0,0,0,0,"121,000","-121,000","-121,000"
707724,千附精元大5A購02,0,0,0,0.0,0.0,0.0,0,0,0,"-4,000",0,0,0,0,"4,000","-4,000","-4,000"
707725,千附精元大5A購03,0,0,0,0.0,0.0,0.0,0,0,0,"3,000",0,0,0,"3,000",0,"3,000","3,000"
707727,千附精元大5A購05,0,0,0,0.0,0.0,0.0,0,0,0,0,0,0,0,"3,000","3,000",0,0
707728,千附精元大5A購06,0,0,0,0.0,0.0,0.0,0,0,0,"6,000",0,0,0,"9,000","3,000","6,000","6,000"
707729,欣銓元大5A購02,0,0,0,0.0,0.0,0.0,0,0,0,"22,000",0,0,0,"22,000",0,"22,000","22,000"
707730,欣銓元大63購03,0,0,0,0.0,0.0,0.0,0,0,0,"6,000",0,0,0,"9,000","3,000","6,000","6,000"
707734,群聯元大5A購01,0,0,0,0.0,0.0,0.0,0,0,0,"50,000",0,0,0,"50,000",0,"50,000","50,000"
707735,群聯元大5A購02,0,0,0,0.0,0.0,0.0,0,0,0,"-38,000",0,0,0,0,"38,000","-38,000","-38,000"
707738,蜜望實元大5A購04,0,0,0,0.0,0.0,0.0,0,0,0,"120,000",0,0,0,"125,000","5,000","120,000","120,000"
707750,千附精永豐5C購01,0,0,0,0.0,0.0,0.0,0,0,0,"31,000",0,0,0,"234,000","203,000","31,000","31,000"
707751,方土昶永豐5A購01,0,0,0,0.0,0.0,0.0,0,0,0,"-10,000",0,0,0,0,"10,000","-10,000","-10,000"
707753,立碁永豐61購01,0,0,0,0.0,0.0,0.0,0,0,0,"1,000",0,0,0,"1,000",0,"1,000","1,000"
707756,新盛力永豐5A購01,0,0,0,0.0,0.0,0.0,0,0,0,"2,000",0,0,0,"2,000",0,"2,000","2,000"
707758,群聯永豐64購01,0,0,0,0.0,0.0,0.0,0,0,0,"7,000",0,0,0,"164,000","157,000","7,000","7,000"
707759,蜜望實永豐61購01,0,0,0,0.0,0.0,0.0,0,0,0,"-180,000",0,0,0,"230,000","410,000","-180,000","-180,000"
707762,群翊國泰5C購01,0,0,0,0.0,0.0,0.0,0,0,0,"67,000",0,0,0,"67,000",0,"67,000","67,000"
707763,群聯群益5B購01,0,0,0,0.0,0.0,0.0,0,0,0,"11,000",0,0,0,"11,000",0,"11,000","11,000"
707764,群聯群益61購01,0,0,0,0.0,0.0,0.0,0,0,0,"-379,000",0,0,0,"182,000","561,000","-379,000","-379,000"
707765,群聯群益64購01,0,0,0,0.0,0.0,0.0,0,0,0,"-430,000",0,0,0,"225,000","655,000","-430,000","-430,000"
707766,蜜望實國泰5B購01,0,0,0,0.0,0.0,0.0,0,0,0,"2,000",0,0,0,"2,000",0,"2,000","2,000"
707767,精材兆豐5C購01,0,0,0,0.0,0.0,0.0,0,0,0,"10,000",0,0,0,"10,000",0,"10,000","10,000"
707772,巨有永豐5C購01,0,0,0,0.0,0.0,0.0,0,0,0,"-32,000",0,0,0,"1,000","33,000","-32,000","-32,000"
707775,亞通永豐5A購01,0,0,0,0.0,0.0,0.0,0,0,0,"49,000",0,0,0,"72,000","23,000","49,000","49,000"
707778,信驊永豐5B購04,0,0,0,0.0,0.0,0.0,0,0,0,"9,000",0,0,0,"9,000",0,"9,000","9,000"
707780,精測永豐61購02,0,0,0,0.0,0.0,0.0,0,0,0,"3,000",0,0,0,"15,000","12,000","3,000","3,000"
707781,臺慶科永豐5B購01,0,0,0,0.0,0.0,0.0,0,0,0,"-57,000",0,0,0,"53,000","110,000","-57,000","-57,000"
707785,力旺凱基5B購02,0,0,0,0.0,0.0,0.0,0,0,0,"84,000",0,0,0,"84,000",0,"84,000","84,000"
707787,力旺凱基61購01,0,0,0,0.0,0.0,0.0,0,0,0,"-10,000",0,0,0,0,"10,000","-10,000","-10,000"
707792,旺矽凱基5C購02,0,0,0,0.0,0.0,0.0,0,0,0,"12,000",0,0,0,"12,000",0,"12,000","12,000"
707796,信驊凱基5B購03,0,0,0,0.0,0.0,0.0,0,0,0,"95,000",0,0,0,"95,000",0,"95,000","95,000"
707797,信驊凱基5C購02,0,0,0,0.0,0.0,0.0,0,0,0,"14,000",0,0,0,"19,000","5,000","14,000","14,000"
707799,家登凱基5A購01,0,0,0,0.0,0.0,0.0,0,0,0,"10,000",0,0,0,"10,000",0,"10,000","10,000"
707801,群翊凱基5A購02,0,0,0,0.0,0.0,0.0,0,0,0,"-10,000",0,0,0,0,"10,000","-10,000","-10,000"
707804,精測凱基5A購03,0,0,0,0.0,0.0,0.0,0,0,0,"-197,000",0,0,0,"53,000","250,000","-197,000","-197,000"
707806,世界台新5A購01,0,0,0,0.0,0.0,0.0,0,0,0,"88,000",0,0,0,"88,000",0,"88,000","88,000"
707809,宏捷科台新61購01,0,0,0,0.0,0.0,0.0,0,0,0,"-30,000",0,0,0,0,"30,000","-30,000","-30,000"
707812,信驊台新5A購01,0,0,0,0.0,0.0,0.0,0,0,0,"36,000",0,0,0,"36,000",0,"36,000","36,000"
707813,信驊台新5A購02,0,0,0,0.0,0.0,0.0,0,0,0,"5,000",0,0,0,"5,000",0,"5,000","5,000"
707815,璟德台新5A購01,0,0,0,0.0,0.0,0.0,0,0,0,"58,000",0,0,0,"58,000",0,"58,000","58,000"
707820,旺矽元大5A購04,0,0,0,0.0,0.0,0.0,0,0,0,"122,000",0,0,0,"124,000","2,000","122,000","122,000"
707824,信昌電元大5A購03,0,0,0,0.0,0.0,0.0,0,0,0,"1,000",0,0,0,"1,000",0,"1,000","1,000"
707828,信驊元大5A購02,0,0,0,0.0,0.0,0.0,0,0,0,"100,000",0,0,0,"111,000","11,000","100,000","100,000"
707829,信驊元大63購01,0,0,0,0.0,0.0,0.0,0,0,0,"-2,000",0,0,0,"9,000","11,000","-2,000","-2,000"
707830,美琪瑪元大5A購04,0,0,0,0.0,0.0,0.0,0,0,0,"15,000",0,0,0,"15,000",0,"15,000","15,000"
707834,精測元大5B購02,0,0,0,0.0,0.0,0.0,0,0,0,"-328,000",0,0,0,0,"328,000","-328,000","-328,000"
707836,穩得元大5A購03,0,0,0,0.0,0.0,0.0,0,0,0,"150,000",0,0,0,"150,000",0,"150,000","150,000"
707839,旺矽國泰5B購01,0,0,0,0.0,0.0,0.0,0,0,0,"-220,000",0,0,0,"4,000","224,000","-220,000","-220,000"
707842,新盛力國泰5B購01,0,0,0,0.0,0.0,0.0,0,0,0,"1,000",0,0,0,"1,000",0,"1,000","1,000"
707843,旺矽統一64購02,0,0,0,0.0,0.0,0.0,0,0,0,"115,000",0,0,0,"115,000",0,"115,000","115,000"
707844,群聯統一64購01,0,0,0,0.0,0.0,0.0,0,0,0,"19,000",0,0,0,"90,000","71,000","19,000","19,000"
707845,精測統一64購03,0,0,0,0.0,0.0,0.0,0,0,0,"-220,000",0,0,0,"70,000","290,000","-220,000","-220,000"
707846,力旺富邦5C購01,0,0,0,0.0,0.0,0.0,0,0,0,"-2,453,000",0,0,0,"65,000","2,518,000","-2,453,000","-2,453,000"
707847,良維富邦62購01,0,0,0,0.0,0.0,0.0,0,0,0,"27,000",0,0,0,"321,000","294,000","27,000","27,000"
707848,旺矽富邦64購02,0,0,0,0.0,0.0,0.0,0,0,0,"22,000",0,0,0,"22,000",0,"22,000","22,000"
707851,信紘科富邦62購01,0,0,0,0.0,0.0,0.0,0,0,0,"-1,000",0,0,0,"6,000","7,000","-1,000","-1,000"
707852,信驊富邦61購01,0,0,0,0.0,0.0,0.0,0,0,0,"-269,000",0,0,0,"6,000","275,000","-269,000","-269,000"
707854,順達富邦62購01,0,0,0,0.0,0.0,0.0,0,0,0,"-87,000",0,0,0,0,"87,000","-87,000","-87,000"
707856,新盛力富邦61購01,0,0,0,0.0,0.0,0.0,0,0,0,"9,000",0,0,0,"9,000",0,"9,000","9,000"
707857,群翊富邦5B購01,0,0,0,0.0,0.0,0.0,0,0,0,"-20,000",0,0,0,0,"20,000","-20,000","-20,000"
707859,群聯富邦61購01,0,0,0,0.0,0.0,0.0,0,0,0,"35,000",0,0,0,"35,000",0,"35,000","35,000"
707860,精測富邦61購01,0,0,0,0.0,0.0,0.0,0,0,0,"-20,000",0,0,0,0,"20,000","-20,000","-20,000"
707861,M31凱基5A購02,0,0,0,0.0,0.0,0.0,0,0,0,"-5,000",0,0,0,0,"5,000","-5,000","-5,000"
707865,家登凱基5A購02,0,0,0,0.0,0.0,0.0,0,0,0,"-105,000",0,0,0,0,"105,000","-105,000","-105,000"
707872,M31元大5A購02,0,0,0,0.0,0.0,0.0,0,0,0,0,0,0,0,"2,000","2,000",0,0
707874,M31元大63購01,0,0,0,0.0,0.0,0.0,0,0,0,"-4,000",0,0,0,0,"4,000","-4,000","-4,000"
707875,久元元大5A購02,0,0,0,0.0,0.0,0.0,0,0,0,"2,000",0,0,0,"2,000",0,"2,000","2,000"
707876,千附元大5A購01,0,0,0,0.0,0.0,0.0,0,0,0,"10,000",0,0,0,"10,000",0,"10,000","10,000"
707877,加高元大5A購01,0,0,0,0.0,0.0,0.0,0,0,0,"-3,000",0,0,0,0,"3,000","-3,000","-3,000"
707878,台嘉碩元大5A購02,0,0,0,0.0,0.0,0.0,0,0,0,"-21,000",0,0,0,0,"21,000","-21,000","-21,000"
707883,欣銓元大5A購03,0,0,0,0.0,0.0,0.0,0,0,0,"3,000",0,0,0,"3,000",0,"3,000","3,000"
707895,元太富邦61購01,0,0,0,0.0,0.0,0.0,0,0,0,"-193,000",0,0,0,"16,000","209,000","-193,000","-193,000"
707896,台星科富邦61購01,0,0,0,0.0,0.0,0.0,0,0,0,"20,000",0,0,0,"20,000",0,"20,000","20,000"
707897,均豪富邦62購01,0,0,0,0.0,0.0,0.0,0,0,0,"-166,000",0,0,0,0,"166,000","-166,000","-166,000"
707901,鈊象富邦61購01,0,0,0,0.0,0.0,0.0,0,0,0,0,0,0,0,"37,000","37,000",0,0
707902,萬泰科富邦62購01,0,0,0,0.0,0.0,0.0,0,0,0,"234,000",0,0,0,"234,000",0,"234,000","234,000"
707904,新盛力群益5A購01,0,0,0,0.0,0.0,0.0,0,0,0,"428,000",0,0,0,"428,000",0,"428,000","428,000"
707907,方土昶元大5A購01,0,0,0,0.0,0.0,0.0,0,0,0,"66,000",0,0,0,"66,000",0,"66,000","66,000"
707912,均華元大5A購01,0,0,0,0.0,0.0,0.0,0,0,0,"-75,000",0,0,0,0,"75,000","-75,000","-75,000"
707913,均華元大5A購02,0,0,0,0.0,0.0,0.0,0,0,0,"20,000",0,0,0,"20,000",0,"20,000","20,000"
707914,均豪元大5A購04,0,0,0,0.0,0.0,0.0,0,0,0,"-4,000",0,0,0,0,"4,000","-4,000","-4,000"
707922,新盛力元大5A購03,0,0,0,0.0,0.0,0.0,0,0,0,"8,000",0,0,0,"8,000",0,"8,000","8,000"
707924,久元凱基5A購01,0,0,0,0.0,0.0,0.0,0,0,0,"-50,000",0,0,0,0,"50,000","-50,000","-50,000"
707931,環球晶凱基5A購01,0,0,0,0.0,0.0,0.0,0,0,0,"22,000",0,0,0,"47,000","25,000","22,000","22,000"
707932,世禾富邦5C購02,0,0,0,0.0,0.0,0.0,0,0,0,"500,000",0,0,0,"500,000",0,"500,000","500,000"
707933,均華富邦61購01,0,0,0,0.0,0.0,0.0,0,0,0,"-1,646,000",0,0,0,"438,000","2,084,000","-1,646,000","-1,646,000"
707935,欣銓富邦5B購01,0,0,0,0.0,0.0,0.0,0,0,0,"934,000",0,0,0,"1,643,000","709,000","934,000","934,000"
707936,中美晶兆豐64購01,0,0,0,0.0,0.0,0.0,0,0,0,"-5,000",0,0,0,"5,000","10,000","-5,000","-5,000"
707940,良維群益5A購01,0,0,0,0.0,0.0,0.0,0,0,0,"-3,000",0,0,0,0,"3,000","-3,000","-3,000"
707947,雙鴻群益5B購06,0,0,0,0.0,0.0,0.0,0,0,0,"-24,000",0,0,0,"30,000","54,000","-24,000","-24,000"
707952,艾訊凱基5B購01,0,0,0,0.0,0.0,0.0,0,0,0,"20,000",0,0,0,"20,000",0,"20,000","20,000"
707954,沛亨凱基5A購02,0,0,0,0.0,0.0,0.0,0,0,0,"-150,000",0,0,0,0,"150,000","-150,000","-150,000"
707956,勤凱凱基5A購02,0,0,0,0.0,0.0,0.0,0,0,0,"-5,000",0,0,0,0,"5,000","-5,000","-5,000"
707959,雙鴻凱基5A購07,0,0,0,0.0,0.0,0.0,0,0,0,"148,000",0,0,0,"153,000","5,000","148,000","148,000"
707960,雙鴻凱基61購02,0,0,0,0.0,0.0,0.0,0,0,0,"-15,000",0,0,0,0,"15,000","-15,000","-15,000"
707962,長科*富邦62購01,0,0,0,0.0,0.0,0.0,0,0,0,"-10,000",0,0,0,0,"10,000","-10,000","-10,000"
707963,家登富邦61購01,0,0,0,0.0,0.0,0.0,0,0,0,"5,000",0,0,0,"5,000",0,"5,000","5,000"
707964,富喬富邦61購01,0,0,0,0.0,0.0,0.0,0,0,0,"268,000",0,0,0,"269,000","1,000","268,000","268,000"
707970,雙鴻富邦5C購09,0,0,0,0.0,0.0,0.0,0,0,0,"-492,000",0,0,0,0,"492,000","-492,000","-492,000"
707971,巨有元大5A購01,0,0,0,0.0,0.0,0.0,0,0,0,"1,000",0,0,0,"1,000",0,"1,000","1,000"
707977,富喬國票5A購02,0,0,0,0.0,0.0,0.0,0,0,0,"5,000",0,0,0,"5,000",0,"5,000","5,000"
707981,新盛力國票5A購02,0,0,0,0.0,0.0,0.0,0,0,0,"228,000",0,0,0,"248,000","20,000","228,000","228,000"
707982,雙鴻凱基5A購08,0,0,0,0.0,0.0,0.0,0,0,0,"21,000",0,0,0,"25,000","4,000","21,000","21,000"
707983,良維凱基5A購04,0,0,0,0.0,0.0,0.0,0,0,0,"900,000",0,0,0,"900,000",0,"900,000","900,000"
707984,聖暉*凱基5C購01,0,0,0,0.0,0.0,0.0,0,0,0,"52,000",0,0,0,"52,000",0,"52,000","52,000"
707987,雙鴻凱基5C購06,0,0,0,0.0,0.0,0.0,0,0,0,"-77,000",0,0,0,"88,000","165,000","-77,000","-77,000"
707989,系統電國泰5B購01,0,0,0,0.0,0.0,0.0,0,0,0,"-10,000",0,0,0,0,"10,000","-10,000","-10,000"
707991,群聯國泰5B購01,0,0,0,0.0,0.0,0.0,0,0,0,"111,000",0,0,0,"111,000",0,"111,000","111,000"
707992,群聯國泰5B購02,0,0,0,0.0,0.0,0.0,0,0,0,"-65,000",0,0,0,0,"65,000","-65,000","-65,000"
707995,德微元大5A購02,0,0,0,0.0,0.0,0.0,0,0,0,"5,000",0,0,0,"5,000",0,"5,000","5,000"
707997,新盛力永豐61購01,0,0,0,0.0,0.0,0.0,0,0,0,"-283,000",0,0,0,"43,000","326,000","-283,000","-283,000"
707998,群聯永豐5C購01,0,0,0,0.0,0.0,0.0,0,0,0,"-36,000",0,0,0,"4,000","40,000","-36,000","-36,000"
708000,德微永豐5B購01,0,0,0,0.0,0.0,0.0,0,0,0,"38,000",0,0,0,"38,000",0,"38,000","38,000"
708001,雙鴻永豐5C購04,0,0,0,0.0,0.0,0.0,0,0,0,"-183,000",0,0,0,"234,000","417,000","-183,000","-183,000"
708002,雙鴻永豐61購03,0,0,0,0.0,0.0,0.0,0,0,0,"-42,000",0,0,0,0,"42,000","-42,000","-42,000"
708008,群聯國票5B購03,0,0,0,0.0,0.0,0.0,0,0,0,"426,000",0,0,0,"426,000",0,"426,000","426,000"
708009,聖暉*國票5B購01,0,0,0,0.0,0.0,0.0,0,0,0,"-20,000",0,0,0,0,"20,000","-20,000","-20,000"
708013,富強鑫台新5A購01,0,0,0,0.0,0.0,0.0,0,0,0,"-25,000",0,0,0,0,"25,000","-25,000","-25,000"
708014,崴寶台新5A購01,0,0,0,0.0,0.0,0.0,0,0,0,"-20,000",0,0,0,0,"20,000","-20,000","-20,000"
708016,群聯台新5A購02,0,0,0,0.0,0.0,0.0,0,0,0,"50,000",0,0,0,"62,000","12,000","50,000","50,000"
708017,群聯台新5A購03,0,0,0,0.0,0.0,0.0,0,0,0,"86,000",0,0,0,"160,000","74,000","86,000","86,000"
708023,譜瑞凱基5A購01,0,0,0,0.0,0.0,0.0,0,0,0,0,0,0,0,"10,000","10,000",0,0
708026,太景*國票5B購01,0,0,0,0.0,0.0,0.0,0,0,0,"-270,000",0,0,0,"10,000","280,000","-270,000","-270,000"
708027,良維國票5B購02,0,0,0,0.0,0.0,0.0,0,0,0,"5,000",0,0,0,"5,000",0,"5,000","5,000"
708028,朋程國票5A購01,0,0,0,0.0,0.0,0.0,0,0,0,"30,000",0,0,0,"30,000",0,"30,000","30,000"
708029,崴寶國票5B購01,0,0,0,0.0,0.0,0.0,0,0,0,"-350,000",0,0,0,0,"350,000","-350,000","-350,000"
708031,群聯國票5B購04,0,0,0,0.0,0.0,0.0,0,0,0,0,0,0,0,"2,000","2,000",0,0
708032,環球晶國票5A購02,0,0,0,0.0,0.0,0.0,0,0,0,"20,000",0,0,0,"20,000",0,"20,000","20,000"
708033,譜瑞國票5B購01,0,0,0,0.0,0.0,0.0,0,0,0,"-22,000",0,0,0,0,"22,000","-22,000","-22,000"
708038,雙鴻永豐63購02,0,0,0,0.0,0.0,0.0,0,0,0,"40,000",0,0,0,"186,000","146,000","40,000","40,000"
708042,新盛力元大5A購04,0,0,0,0.0,0.0,0.0,0,0,0,"48,000",0,0,0,"48,000",0,"48,000","48,000"
708044,新盛力富邦61購02,0,0,0,0.0,0.0,0.0,0,0,0,"712,000",0,0,0,"1,316,000","604,000","712,000","712,000"
708047,良維群益5B購03,0,0,0,0.0,0.0,0.0,0,0,0,"65,000",0,0,0,"70,000","5,000","65,000","65,000"
708054,環球晶台新5A購04,0,0,0,0.0,0.0,0.0,0,0,0,"-290,000",0,0,0,"122,000","412,000","-290,000","-290,000"
708056,環球晶元大5A購02,0,0,0,0.0,0.0,0.0,0,0,0,"-67,000",0,0,0,"24,000","91,000","-67,000","-67,000"
708061,欣銓凱基5A購03,0,0,0,0.0,0.0,0.0,0,0,0,"38,000",0,0,0,"38,000",0,"38,000","38,000"
708066,群聯群益5B購02,0,0,0,0.0,0.0,0.0,0,0,0,"48,000",0,0,0,"184,000","136,000","48,000","48,000"
708067,群聯群益5C購01,0,0,0,0.0,0.0,0.0,0,0,0,"385,000",0,0,0,"458,000","73,000","385,000","385,000"
708070,雙鴻群益5B購07,0,0,0,0.0,0.0,0.0,0,0,0,"571,000",0,0,0,"601,000","30,000","571,000","571,000"
708073,中美晶國票5B購01,0,0,0,0.0,0.0,0.0,0,0,0,"25,000",0,0,0,"25,000",0,"25,000","25,000"
708074,欣銓國票5C購01,0,0,0,0.0,0.0,0.0,0,0,0,"3,000",0,0,0,"3,000",0,"3,000","3,000"
708077,精材國票5B購01,0,0,0,0.0,0.0,0.0,0,0,0,"-41,000",0,0,0,"1,000","42,000","-41,000","-41,000"
708079,鴻呈國泰5C購01,0,0,0,0.0,0.0,0.0,0,0,0,"-522,000",0,0,0,"35,000","557,000","-522,000","-522,000"
708083,家登富邦5C購02,0,0,0,0.0,0.0,0.0,0,0,0,"40,000",0,0,0,"46,000","6,000","40,000","40,000"
708084,群聯富邦5C購02,0,0,0,0.0,0.0,0.0,0,0,0,"-732,000",0,0,0,"60,000","792,000","-732,000","-732,000"
708085,群聯富邦61購02,0,0,0,0.0,0.0,0.0,0,0,0,"-1,742,000",0,0,0,"188,000","1,930,000","-1,742,000","-1,742,000"
708088,群聯永豐5C購02,0,0,0,0.0,0.0,0.0,0,0,0,"-28,000",0,0,0,"42,000","70,000","-28,000","-28,000"
708089,群聯永豐64購02,0,0,0,0.0,0.0,0.0,0,0,0,"-318,000",0,0,0,"57,000","375,000","-318,000","-318,000"
708092,矽科凱基5B購01,0,0,0,0.0,0.0,0.0,0,0,0,"-10,000",0,0,0,0,"10,000","-10,000","-10,000"
708096,譜瑞凱基5B購01,0,0,0,0.0,0.0,0.0,0,0,0,"-7,000",0,0,0,"3,000","10,000","-7,000","-7,000"
708100,亞信國票5C購01,0,0,0,0.0,0.0,0.0,0,0,0,"32,000",0,0,0,"32,000",0,"32,000","32,000"
708101,佳邦國票5C購01,0,0,0,0.0,0.0,0.0,0,0,0,"600,000",0,0,0,"600,000",0,"600,000","600,000"
708103,原相國票5B購01,0,0,0,0.0,0.0,0.0,0,0,0,"9,000",0,0,0,"9,000",0,"9,000","9,000"
708105,家登國票5B購01,0,0,0,0.0,0.0,0.0,0,0,0,"100,000",0,0,0,"100,000",0,"100,000","100,000"
708106,新潤國票5C購01,0,0,0,0.0,0.0,0.0,0,0,0,"20,000",0,0,0,"20,000",0,"20,000","20,000"
708109,磐儀國票5C購01,0,0,0,0.0,0.0,0.0,0,0,0,"-79,000",0,0,0,"299,000","378,000","-79,000","-79,000"
708117,群聯台新5B購02,0,0,0,0.0,0.0,0.0,0,0,0,"24,000",0,0,0,"24,000",0,"24,000","24,000"
708120,家登群益5B購01,0,0,0,0.0,0.0,0.0,0,0,0,"4,000",0,0,0,"4,000",0,"4,000","4,000"
708121,家登群益61購01,0,0,0,0.0,0.0,0.0,0,0,0,"100,000",0,0,0,"100,000",0,"100,000","100,000"
708122,世界永豐65購01,0,0,0,0.0,0.0,0.0,0,0,0,"-30,000",0,0,0,0,"30,000","-30,000","-30,000"
708125,群聯永豐65購01,0,0,0,0.0,0.0,0.0,0,0,0,"107,000",0,0,0,"200,000","93,000","107,000","107,000"
708126,群聯中信62購01,0,0,0,0.0,0.0,0.0,0,0,0,"-21,000",0,0,0,"1,000","22,000","-21,000","-21,000"
708128,東捷國泰61購01,0,0,0,0.0,0.0,0.0,0,0,0,"-32,000",0,0,0,"32,000","64,000","-32,000","-32,000"
708129,欣銓國泰5C購01,0,0,0,0.0,0.0,0.0,0,0,0,"178,000",0,0,0,"284,000","106,000","178,000","178,000"
708130,群聯國泰61購01,0,0,0,0.0,0.0,0.0,0,0,0,"51,000",0,0,0,"51,000",0,"51,000","51,000"
708133,中美晶元大5B購02,0,0,0,0.0,0.0,0.0,0,0,0,"-1,000",0,0,0,"12,000","13,000","-1,000","-1,000"
708135,世界元大5B購02,0,0,0,0.0,0.0,0.0,0,0,0,"87,000",0,0,0,"88,000","1,000","87,000","87,000"
708136,世界元大5B購03,0,0,0,0.0,0.0,0.0,0,0,0,"109,000",0,0,0,"149,000","40,000","109,000","109,000"
708140,群聯元大64購01,0,0,0,0.0,0.0,0.0,0,0,0,"-12,000",0,0,0,0,"12,000","-12,000","-12,000"
708141,精材元大5B購03,0,0,0,0.0,0.0,0.0,0,0,0,"1,000",0,0,0,"1,000",0,"1,000","1,000"
708142,精材元大5B購04,0,0,0,0.0,0.0,0.0,0,0,0,"4,000",0,0,0,"4,000",0,"4,000","4,000"
708143,精材元大5B購05,0,0,0,0.0,0.0,0.0,0,0,0,"-5,000",0,0,0,"55,000","60,000","-5,000","-5,000"
708146,世界凱基5B購01,0,0,0,0.0,0.0,0.0,0,0,0,"1,000",0,0,0,"21,000","20,000","1,000","1,000"
708148,欣銓凱基61購01,0,0,0,0.0,0.0,0.0,0,0,0,"8,000",0,0,0,"8,000",0,"8,000","8,000"
708157,鉅橡台新5B購01,0,0,0,0.0,0.0,0.0,0,0,0,"-1,000",0,0,0,0,"1,000","-1,000","-1,000"
708158,華景電國泰5C購01,0,0,0,0.0,0.0,0.0,0,0,0,"-18,000",0,0,0,0,"18,000","-18,000","-18,000"
708159,世界富邦5B購01,0,0,0,0.0,0.0,0.0,0,0,0,"-75,000",0,0,0,"20,000","95,000","-75,000","-75,000"
708164,群聯富邦62購01,0,0,0,0.0,0.0,0.0,0,0,0,"-328,000",0,0,0,"1,193,000","1,521,000","-328,000","-328,000"
708165,群聯富邦62購02,0,0,0,0.0,0.0,0.0,0,0,0,"100,000",0,0,0,"100,000",0,"100,000","100,000"
708167,東捷永豐64購02,0,0,0,0.0,0.0,0.0,0,0,0,"-308,000",0,0,0,"127,000","435,000","-308,000","-308,000"
708168,東捷永豐67購01,0,0,0,0.0,0.0,0.0,0,0,0,"9,000",0,0,0,"57,000","48,000","9,000","9,000"
708172,譜瑞中信5B購01,0,0,0,0.0,0.0,0.0,0,0,0,"20,000",0,0,0,"20,000",0,"20,000","20,000"
708176,東捷國票5C購01,0,0,0,0.0,0.0,0.0,0,0,0,"8,000",0,0,0,"17,000","9,000","8,000","8,000"
708179,群聯國票66購01,0,0,0,0.0,0.0,0.0,0,0,0,"86,000",0,0,0,"286,000","200,000","86,000","86,000"
708181,東捷群益5B購03,0,0,0,0.0,0.0,0.0,0,0,0,"31,000",0,0,0,"541,000","510,000","31,000","31,000"
708183,群聯群益61購03,0,0,0,0.0,0.0,0.0,0,0,0,"-52,000",0,0,0,"9,000","61,000","-52,000","-52,000"
708186,東捷元大5B購01,0,0,0,0.0,0.0,0.0,0,0,0,"-10,000",0,0,0,0,"10,000","-10,000","-10,000"
708187,東捷元大5B購02,0,0,0,0.0,0.0,0.0,0,0,0,"37,000",0,0,0,"38,000","1,000","37,000","37,000"
708188,東捷元大5B購03,0,0,0,0.0,0.0,0.0,0,0,0,"13,000",0,0,0,"13,000",0,"13,000","13,000"
708194,群聯元大5B購03,0,0,0,0.0,0.0,0.0,0,0,0,"-23,000",0,0,0,0,"23,000","-23,000","-23,000"
708196,鈺太元大5B購01,0,0,0,0.0,0.0,0.0,0,0,0,"158,000",0,0,0,"158,000",0,"158,000","158,000"
708198,精材元大61購06,0,0,0,0.0,0.0,0.0,0,0,0,"30,000",0,0,0,"40,000","10,000","30,000","30,000"
708201,凡甲凱基5B購01,0,0,0,0.0,0.0,0.0,0,0,0,"15,000",0,0,0,"20,000","5,000","15,000","15,000"
708209,群聯凱基64購01,0,0,0,0.0,0.0,0.0,0,0,0,"-68,000",0,0,0,"1,000","69,000","-68,000","-68,000"
708210,環球晶凱基5B購03,0,0,0,0.0,0.0,0.0,0,0,0,"-109,000",0,0,0,"15,000","124,000","-109,000","-109,000"
708211,穩得凱基5B購01,0,0,0,0.0,0.0,0.0,0,0,0,"-100,000",0,0,0,0,"100,000","-100,000","-100,000"
708218,湧德台新5B購01,0,0,0,0.0,0.0,0.0,0,0,0,"-13,000",0,0,0,0,"13,000","-13,000","-13,000"
708220,鈊象台新5B購01,0,0,0,0.0,0.0,0.0,0,0,0,"125,000",0,0,0,"134,000","9,000","125,000","125,000"
708222,萬泰科台新5B購02,0,0,0,0.0,0.0,0.0,0,0,0,"28,000",0,0,0,"28,000",0,"28,000","28,000"
708227,群翊國泰5C購02,0,0,0,0.0,0.0,0.0,0,0,0,"47,000",0,0,0,"47,000",0,"47,000","47,000"
708228,凡甲富邦61購01,0,0,0,0.0,0.0,0.0,0,0,0,"-122,000",0,0,0,"10,000","132,000","-122,000","-122,000"
708230,均豪富邦5B購01,0,0,0,0.0,0.0,0.0,0,0,0,"-5,000",0,0,0,"12,000","17,000","-5,000","-5,000"
708232,世界永豐5C購01,0,0,0,0.0,0.0,0.0,0,0,0,"38,000",0,0,0,"115,000","77,000","38,000","38,000"
708235,群聯永豐65購02,0,0,0,0.0,0.0,0.0,0,0,0,"398,000",0,0,0,"630,000","232,000","398,000","398,000"
708238,艾訊國票63購01,0,0,0,0.0,0.0,0.0,0,0,0,"-40,000",0,0,0,0,"40,000","-40,000","-40,000"
708239,美琪瑪國票5C購01,0,0,0,0.0,0.0,0.0,0,0,0,"-20,000",0,0,0,0,"20,000","-20,000","-20,000"
708240,晶宏國票5C購01,0,0,0,0.0,0.0,0.0,0,0,0,"35,000",0,0,0,"40,000","5,000","35,000","35,000"
708241,翔名國票5C購01,0,0,0,0.0,0.0,0.0,0,0,0,"190,000",0,0,0,"190,000",0,"190,000","190,000"
708242,聰泰國票5C購01,0,0,0,0.0,0.0,0.0,0,0,0,"105,000",0,0,0,"108,000","3,000","105,000","105,000"
708246,世界群益5B購06,0,0,0,0.0,0.0,0.0,0,0,0,0,0,0,0,"1,000","1,000",0,0
708247,艾訊群益5B購01,0,0,0,0.0,0.0,0.0,0,0,0,"1,000",0,0,0,"1,000",0,"1,000","1,000"
708249,陽程群益5B購01,0,0,0,0.0,0.0,0.0,0,0,0,"1,000",0,0,0,"3,000","2,000","1,000","1,000"
708250,群聯群益5B購03,0,0,0,0.0,0.0,0.0,0,0,0,"462,000",0,0,0,"462,000",0,"462,000","462,000"
708252,凡甲元大5B購01,0,0,0,0.0,0.0,0.0,0,0,0,"-30,000",0,0,0,0,"30,000","-30,000","-30,000"
708257,群聯元大5B購05,0,0,0,0.0,0.0,0.0,0,0,0,"43,000",0,0,0,"43,000",0,"43,000","43,000"
708266,威剛元大5B購04,0,0,0,0.0,0.0,0.0,0,0,0,"-10,000",0,0,0,0,"10,000","-10,000","-10,000"
708267,威剛元大5B購05,0,0,0,0.0,0.0,0.0,0,0,0,"85,000",0,0,0,"115,000","30,000","85,000","85,000"
708268,威剛元大64購01,0,0,0,0.0,0.0,0.0,0,0,0,"747,000",0,0,0,"917,000","170,000","747,000","747,000"
708269,陽程元大61購03,0,0,0,0.0,0.0,0.0,0,0,0,"-21,000",0,0,0,"7,000","28,000","-21,000","-21,000"
708274,勤凱國泰5C購01,0,0,0,0.0,0.0,0.0,0,0,0,"-377,000",0,0,0,"1,000","378,000","-377,000","-377,000"
708279,威剛凱基5B購03,0,0,0,0.0,0.0,0.0,0,0,0,"-111,000",0,0,0,"10,000","121,000","-111,000","-111,000"
708280,群聯凱基64購02,0,0,0,0.0,0.0,0.0,0,0,0,"33,000",0,0,0,"33,000",0,"33,000","33,000"
708282,寶雅凱基5B購01,0,0,0,0.0,0.0,0.0,0,0,0,"44,000",0,0,0,"44,000",0,"44,000","44,000"
708285,系微兆豐65購01,0,0,0,0.0,0.0,0.0,0,0,0,"180,000",0,0,0,"265,000","85,000","180,000","180,000"
708286,群聯兆豐65購01,0,0,0,0.0,0.0,0.0,0,0,0,"-62,000",0,0,0,0,"62,000","-62,000","-62,000"
708289,方土昶國票5C購01,0,0,0,0.0,0.0,0.0,0,0,0,"31,000",0,0,0,"34,000","3,000","31,000","31,000"
708292,威剛國票5C購01,0,0,0,0.0,0.0,0.0,0,0,0,"-22,000",0,0,0,0,"22,000","-22,000","-22,000"
708294,港建*國票5B購01,0,0,0,0.0,0.0,0.0,0,0,0,"116,000",0,0,0,"166,000","50,000","116,000","116,000"
708297,廣穎國票5C購01,0,0,0,0.0,0.0,0.0,0,0,0,"3,000",0,0,0,"3,000",0,"3,000","3,000"
708299,台星科永豐61購01,0,0,0,0.0,0.0,0.0,0,0,0,"56,000",0,0,0,"56,000",0,"56,000","56,000"
708302,欣銓永豐61購01,0,0,0,0.0,0.0,0.0,0,0,0,"-63,000",0,0,0,"164,000","227,000","-63,000","-63,000"
708303,威剛永豐5B購01,0,0,0,0.0,0.0,0.0,0,0,0,"570,000",0,0,0,"600,000","30,000","570,000","570,000"
708305,威剛永豐61購01,0,0,0,0.0,0.0,0.0,0,0,0,"10,000",0,0,0,"10,000",0,"10,000","10,000"
708306,威剛永豐65購01,0,0,0,0.0,0.0,0.0,0,0,0,"-97,000",0,0,0,0,"97,000","-97,000","-97,000"
708308,鉅橡永豐61購01,0,0,0,0.0,0.0,0.0,0,0,0,"-90,000",0,0,0,"10,000","100,000","-90,000","-90,000"
708309,廣穎永豐65購01,0,0,0,0.0,0.0,0.0,0,0,0,"31,000",0,0,0,"31,000",0,"31,000","31,000"
708312,正淩群益63購01,0,0,0,0.0,0.0,0.0,0,0,0,"-57,000",0,0,0,0,"57,000","-57,000","-57,000"
708313,均豪群益5B購01,0,0,0,0.0,0.0,0.0,0,0,0,"-348,000",0,0,0,"240,000","588,000","-348,000","-348,000"
708315,岳豐群益65購01,0,0,0,0.0,0.0,0.0,0,0,0,"-10,000",0,0,0,0,"10,000","-10,000","-10,000"
708317,威剛群益5C購01,0,0,0,0.0,0.0,0.0,0,0,0,"-70,000",0,0,0,0,"70,000","-70,000","-70,000"
708318,威剛群益61購01,0,0,0,0.0,0.0,0.0,0,0,0,"-110,000",0,0,0,0,"110,000","-110,000","-110,000"
708322,寶雅群益61購01,0,0,0,0.0,0.0,0.0,0,0,0,"1,000",0,0,0,"1,000",0,"1,000","1,000"
708326,方土昶凱基5C購01,0,0,0,0.0,0.0,0.0,0,0,0,"80,000",0,0,0,"90,000","10,000","80,000","80,000"
708329,艾訊凱基5B購02,0,0,0,0.0,0.0,0.0,0,0,0,"-10,000",0,0,0,0,"10,000","-10,000","-10,000"
708330,良維凱基5B購05,0,0,0,0.0,0.0,0.0,0,0,0,"9,000",0,0,0,"10,000","1,000","9,000","9,000"
708331,威剛凱基5B購04,0,0,0,0.0,0.0,0.0,0,0,0,"-70,000",0,0,0,"15,000","85,000","-70,000","-70,000"
708334,港建*凱基5B購01,0,0,0,0.0,0.0,0.0,0,0,0,"-60,000",0,0,0,0,"60,000","-60,000","-60,000"
708335,群聯凱基61購02,0,0,0,0.0,0.0,0.0,0,0,0,"250,000",0,0,0,"310,000","60,000","250,000","250,000"
708336,廣穎凱基5B購01,0,0,0,0.0,0.0,0.0,0,0,0,"1,000",0,0,0,"1,000",0,"1,000","1,000"
708337,環球晶凱基5C購02,0,0,0,0.0,0.0,0.0,0,0,0,"-154,000",0,0,0,0,"154,000","-154,000","-154,000"
708342,艾訊台新5B購01,0,0,0,0.0,0.0,0.0,0,0,0,"15,000",0,0,0,"52,000","37,000","15,000","15,000"
708343,艾訊台新5B購02,0,0,0,0.0,0.0,0.0,0,0,0,"48,000",0,0,0,"48,000",0,"48,000","48,000"
708344,良維台新5B購01,0,0,0,0.0,0.0,0.0,0,0,0,"-22,000",0,0,0,0,"22,000","-22,000","-22,000"
708346,良維台新5B購03,0,0,0,0.0,0.0,0.0,0,0,0,"10,000",0,0,0,"10,000",0,"10,000","10,000"
708347,湧德台新5B購02,0,0,0,0.0,0.0,0.0,0,0,0,"56,000",0,0,0,"106,000","50,000","56,000","56,000"
708349,順達台新5B購01,0,0,0,0.0,0.0,0.0,0,0,0,"136,000",0,0,0,"331,000","195,000","136,000","136,000"
708350,順達台新5B購02,0,0,0,0.0,0.0,0.0,0,0,0,"-96,000",0,0,0,"163,000","259,000","-96,000","-96,000"
708351,鈊象台新5B購02,0,0,0,0.0,0.0,0.0,0,0,0,"-19,000",0,0,0,0,"19,000","-19,000","-19,000"
708352,萬泰科台新5B購03,0,0,0,0.0,0.0,0.0,0,0,0,"-3,000",0,0,0,0,"3,000","-3,000","-3,000"
708353,群聯台新5B購03,0,0,0,0.0,0.0,0.0,0,0,0,"640,000",0,0,0,"660,000","20,000","640,000","640,000"
708354,群聯台新5B購04,0,0,0,0.0,0.0,0.0,0,0,0,"-136,000",0,0,0,0,"136,000","-136,000","-136,000"
708355,精材台新5B購03,0,0,0,0.0,0.0,0.0,0,0,0,"1,000",0,0,0,"1,000",0,"1,000","1,000"
708356,臺慶科台新5B購01,0,0,0,0.0,0.0,0.0,0,0,0,"-19,000",0,0,0,0,"19,000","-19,000","-19,000"
708364,凡甲元大5B購02,0,0,0,0.0,0.0,0.0,0,0,0,"153,000",0,0,0,"153,000",0,"153,000","153,000"
708365,凡甲元大5B購03,0,0,0,0.0,0.0,0.0,0,0,0,"751,000",0,0,0,"760,000","9,000","751,000","751,000"
708366,凡甲元大65購01,0,0,0,0.0,0.0,0.0,0,0,0,"556,000",0,0,0,"616,000","60,000","556,000","556,000"
708370,台星科元大5B購02,0,0,0,0.0,0.0,0.0,0,0,0,"156,000",0,0,0,"156,000",0,"156,000","156,000"
708372,沛亨元大5B購01,0,0,0,0.0,0.0,0.0,0,0,0,"15,000",0,0,0,"15,000",0,"15,000","15,000"
708373,欣銓元大5B購01,0,0,0,0.0,0.0,0.0,0,0,0,"-62,000",0,0,0,"224,000","286,000","-62,000","-62,000"
708377,威剛元大5B購07,0,0,0,0.0,0.0,0.0,0,0,0,"-21,000",0,0,0,"10,000","31,000","-21,000","-21,000"
708378,原相元大5B購01,0,0,0,0.0,0.0,0.0,0,0,0,"-63,000",0,0,0,0,"63,000","-63,000","-63,000"
708391,力領台新5B購01,"2,000",0,"2,000",0.0,0.0,0.0,0,0,0,"-2,000",0,0,0,0,"2,000","-2,000",0
708396,群聯台新5B購05,0,0,0,0.0,0.0,0.0,0,0,0,"327,000",0,0,0,"555,000","228,000","327,000","327,000"
708402,世禾凱基5B購01,0,0,0,0.0,0.0,0.0,0,0,0,"-2,000",0,0,0,0,"2,000","-2,000","-2,000"
708404,尼克森凱基5B購01,0,0,0,0.0,0.0,0.0,0,0,0,"-1,000",0,0,0,0,"1,000","-1,000","-1,000"
708408,威剛凱基5C購01,0,0,0,0.0,0.0,0.0,0,0,0,"-1,000",0,0,0,"10,000","11,000","-1,000","-1,000"
708410,群聯凱基64購03,0,0,0,0.0,0.0,0.0,0,0,0,"98,000",0,0,0,"98,000",0,"98,000","98,000"
708418,順達元大64購04,0,0,0,0.0,0.0,0.0,0,0,0,"-132,000",0,0,0,0,"132,000","-132,000","-132,000"
708419,新盛力元大64購01,0,0,0,0.0,0.0,0.0,0,0,0,"3,000",0,0,0,"3,000",0,"3,000","3,000"
708420,萬泰科元大5B購02,0,0,0,0.0,0.0,0.0,0,0,0,"2,000",0,0,0,"2,000",0,"2,000","2,000"
708422,鈺太元大65購01,0,0,0,0.0,0.0,0.0,0,0,0,"-1,000",0,0,0,0,"1,000","-1,000","-1,000"
708427,朋億*國票5C購01,0,0,0,0.0,0.0,0.0,0,0,0,"-8,000",0,0,0,"37,000","45,000","-8,000","-8,000"
708428,群聯國票61購02,0,0,0,0.0,0.0,0.0,0,0,0,"-201,000",0,0,0,0,"201,000","-201,000","-201,000"
708430,久元富邦61購03,0,0,0,0.0,0.0,0.0,0,0,0,"-5,000",0,0,0,0,"5,000","-5,000","-5,000"
708432,合晶富邦62購01,0,0,0,0.0,0.0,0.0,0,0,0,"-1,000",0,0,0,0,"1,000","-1,000","-1,000"
708433,家登富邦61購02,0,0,0,0.0,0.0,0.0,0,0,0,"460,000",0,0,0,"508,000","48,000","460,000","460,000"
708434,家登富邦62購01,0,0,0,0.0,0.0,0.0,0,0,0,"28,000",0,0,0,"28,000",0,"28,000","28,000"
708436,新盛力富邦61購03,0,0,0,0.0,0.0,0.0,0,0,0,"5,000",0,0,0,"5,000",0,"5,000","5,000"
708442,艾訊群益5B購02,0,0,0,0.0,0.0,0.0,0,0,0,"-3,000",0,0,0,"7,000","10,000","-3,000","-3,000"
708444,新盛力群益5B購01,0,0,0,0.0,0.0,0.0,0,0,0,"4,000",0,0,0,"4,000",0,"4,000","4,000"
708445,群聯群益5B購04,0,0,0,0.0,0.0,0.0,0,0,0,"3,000",0,0,0,"20,000","17,000","3,000","3,000"
708449,台半凱基5C購01,0,0,0,0.0,0.0,0.0,0,0,0,"-6,000",0,0,0,0,"6,000","-6,000","-6,000"
708451,合晶凱基61購01,0,0,0,0.0,0.0,0.0,0,0,0,"-20,000",0,0,0,0,"20,000","-20,000","-20,000"
708452,欣銓凱基64購01,0,0,0,0.0,0.0,0.0,0,0,0,"11,000",0,0,0,"11,000",0,"11,000","11,000"
708453,金山電凱基5B購02,0,0,0,0.0,0.0,0.0,0,0,0,"-10,000",0,0,0,0,"10,000","-10,000","-10,000"
708454,威剛凱基5B購06,0,0,0,0.0,0.0,0.0,0,0,0,"-799,000",0,0,0,"300,000","1,099,000","-799,000","-799,000"
708455,胡連凱基5B購01,0,0,0,0.0,0.0,0.0,0,0,0,"6,000",0,0,0,"8,000","2,000","6,000","6,000"
708457,新盛力凱基5B購02,0,0,0,0.0,0.0,0.0,0,0,0,"1,000",0,0,0,"1,000",0,"1,000","1,000"
708458,群聯凱基5B購03,0,0,0,0.0,0.0,0.0,0,0,0,"-405,000",0,0,0,"10,000","415,000","-405,000","-405,000"
708460,營邦凱基5B購01,0,0,0,0.0,0.0,0.0,0,0,0,"36,000",0,0,0,"36,000",0,"36,000","36,000"
708462,營邦凱基5B購03,0,0,0,0.0,0.0,0.0,0,0,0,"1,919,000",0,0,0,"1,994,000","75,000","1,919,000","1,919,000"
708469,華景電台新5B購03,0,0,0,0.0,0.0,0.0,0,0,0,"-3,000",0,0,0,0,"3,000","-3,000","-3,000"
708470,環球晶台新5B購01,0,0,0,0.0,0.0,0.0,0,0,0,"34,000",0,0,0,"75,000","41,000","34,000","34,000"
708472,環球晶台新62購01,0,0,0,0.0,0.0,0.0,0,0,0,"-74,000",0,0,0,"1,000","75,000","-74,000","-74,000"
708479,世禾元大5B購01,0,0,0,0.0,0.0,0.0,0,0,0,"300,000",0,0,0,"300,000",0,"300,000","300,000"
708480,世界元大64購04,0,0,0,0.0,0.0,0.0,0,0,0,"-27,000",0,0,0,0,"27,000","-27,000","-27,000"
708484,合晶元大5B購05,0,0,0,0.0,0.0,0.0,0,0,0,"-6,000",0,0,0,0,"6,000","-6,000","-6,000"
708485,合晶元大64購01,0,0,0,0.0,0.0,0.0,0,0,0,"-56,000",0,0,0,0,"56,000","-56,000","-56,000"
708486,合晶元大65購01,0,0,0,0.0,0.0,0.0,0,0,0,"-29,000",0,0,0,0,"29,000","-29,000","-29,000"
708491,群聯元大5B購09,0,0,0,0.0,0.0,0.0,0,0,0,"-110,000",0,0,0,0,"110,000","-110,000","-110,000"
708495,環球晶元大5B購07,0,0,0,0.0,0.0,0.0,0,0,0,"-38,000",0,0,0,0,"38,000","-38,000","-38,000"
708500,譜瑞元大61購02,0,0,0,0.0,0.0,0.0,0,0,0,"50,000",0,0,0,"50,000",0,"50,000","50,000"
708501,威剛兆豐65購01,0,0,0,0.0,0.0,0.0,0,0,0,"270,000",0,0,0,"285,000","15,000","270,000","270,000"
708503,群聯國泰62購01,0,0,0,0.0,0.0,0.0,0,0,0,"-8,000",0,0,0,0,"8,000","-8,000","-8,000"
708504,群聯國泰63購01,0,0,0,0.0,0.0,0.0,0,0,0,"-103,000",0,0,0,"35,000","138,000","-103,000","-103,000"
708505,群聯國泰63購02,0,0,0,0.0,0.0,0.0,0,0,0,"310,000",0,0,0,"375,000","65,000","310,000","310,000"
708507,環球晶國泰61購01,0,0,0,0.0,0.0,0.0,0,0,0,"-181,000",0,0,0,"16,000","197,000","-181,000","-181,000"
708508,環球晶國泰61購02,0,0,0,0.0,0.0,0.0,0,0,0,"-49,000",0,0,0,"22,000","71,000","-49,000","-49,000"
708513,合晶國票5C購01,0,0,0,0.0,0.0,0.0,0,0,0,"19,000",0,0,0,"19,000",0,"19,000","19,000"
708514,金山電國票5C購02,0,0,0,0.0,0.0,0.0,0,0,0,"-107,000",0,0,0,"97,000","204,000","-107,000","-107,000"
708516,環球晶國票5C購01,0,0,0,0.0,0.0,0.0,0,0,0,"-129,000",0,0,0,"67,000","196,000","-129,000","-129,000"
708519,營邦富邦61購01,0,0,0,0.0,0.0,0.0,0,0,0,"-1,370,000",0,0,0,0,"1,370,000","-1,370,000","-1,370,000"
708520,環球晶富邦5B購02,0,0,0,0.0,0.0,0.0,0,0,0,"-10,000",0,0,0,0,"10,000","-10,000","-10,000"
708523,世界群益5B購08,0,0,0,0.0,0.0,0.0,0,0,0,"59,000",0,0,0,"69,000","10,000","59,000","59,000"
708525,金山電群益5B購01,0,0,0,0.0,0.0,0.0,0,0,0,"5,000",0,0,0,"5,000",0,"5,000","5,000"
708529,德微群益5B購01,0,0,0,0.0,0.0,0.0,0,0,0,"1,000",0,0,0,"1,000",0,"1,000","1,000"
708530,營邦群益5B購01,0,0,0,0.0,0.0,0.0,0,0,0,"5,000",0,0,0,"5,000",0,"5,000","5,000"
708532,環球晶群益5B購04,0,0,0,0.0,0.0,0.0,0,0,0,"192,000",0,0,0,"321,000","129,000","192,000","192,000"
708533,譜瑞群益5C購02,0,0,0,0.0,0.0,0.0,0,0,0,"-4,000",0,0,0,0,"4,000","-4,000","-4,000"
708536,立碁凱基5C購01,0,0,0,0.0,0.0,0.0,0,0,0,"10,000",0,0,0,"10,000",0,"10,000","10,000"
708537,朋程凱基5B購01,0,0,0,0.0,0.0,0.0,0,0,0,"-10,000",0,0,0,0,"10,000","-10,000","-10,000"
708540,精材凱基5B購04,0,0,0,0.0,0.0,0.0,0,0,0,"8,000",0,0,0,"21,000","13,000","8,000","8,000"
708542,譜瑞凱基61購01,0,0,0,0.0,0.0,0.0,0,0,0,"-27,000",0,0,0,0,"27,000","-27,000","-27,000"
708543,群聯永豐65購03,0,0,0,0.0,0.0,0.0,0,0,0,"243,000",0,0,0,"266,000","23,000","243,000","243,000"
708545,世界兆豐61購01,0,0,0,0.0,0.0,0.0,0,0,0,"5,000",0,0,0,"5,000",0,"5,000","5,000"
708547,群聯群益67購01,0,0,0,0.0,0.0,0.0,0,0,0,"-628,000",0,0,0,"507,000","1,135,000","-628,000","-628,000"
708550,世界元大63購03,0,0,0,0.0,0.0,0.0,0,0,0,"406,000",0,0,0,"406,000",0,"406,000","406,000"
708551,新盛力元大61購02,0,0,0,0.0,0.0,0.0,0,0,0,"-62,000",0,0,0,"75,000","137,000","-62,000","-62,000"
708553,譜瑞元大5B購01,0,0,0,0.0,0.0,0.0,0,0,0,"363,000",0,0,0,"406,000","43,000","363,000","363,000"
708554,譜瑞元大5B購02,0,0,0,0.0,0.0,0.0,0,0,0,"20,000",0,0,0,"22,000","2,000","20,000","20,000"
708557,欣銓國泰5C購02,0,0,0,0.0,0.0,0.0,0,0,0,"352,000",0,0,0,"402,000","50,000","352,000","352,000"
708559,欣銓富邦5B購02,0,0,0,0.0,0.0,0.0,0,0,0,"-1,000",0,0,0,"24,000","25,000","-1,000","-1,000"
708560,威剛富邦5B購01,0,0,0,0.0,0.0,0.0,0,0,0,"-3,000",0,0,0,0,"3,000","-3,000","-3,000"
708561,順達富邦5C購02,0,0,0,0.0,0.0,0.0,0,0,0,"-1,019,000",0,0,0,"188,000","1,207,000","-1,019,000","-1,019,000"
708562,群聯富邦62購04,0,0,0,0.0,0.0,0.0,0,0,0,"50,000",0,0,0,"636,000","586,000","50,000","50,000"
708563,中美晶國票5C購01,0,0,0,0.0,0.0,0.0,0,0,0,"-10,000",0,0,0,0,"10,000","-10,000","-10,000"
708566,立敦國票5B購01,0,0,0,0.0,0.0,0.0,0,0,0,"19,000",0,0,0,"40,000","21,000","19,000","19,000"
708568,宸曜國票5B購01,0,0,0,0.0,0.0,0.0,0,0,0,"-280,000",0,0,0,"43,000","323,000","-280,000","-280,000"
708569,新盛力國票5C購01,0,0,0,0.0,0.0,0.0,0,0,0,"88,000",0,0,0,"90,000","2,000","88,000","88,000"
708570,新漢國票5B購01,0,0,0,0.0,0.0,0.0,0,0,0,"65,000",0,0,0,"65,000",0,"65,000","65,000"
708576,閎康凱基5B購02,0,0,0,0.0,0.0,0.0,0,0,0,"-43,000",0,0,0,0,"43,000","-43,000","-43,000"
708578,閎康凱基5B購04,0,0,0,0.0,0.0,0.0,0,0,0,"-43,000",0,0,0,0,"43,000","-43,000","-43,000"
708579,群聯凱基5B購04,0,0,0,0.0,0.0,0.0,0,0,0,"-106,000",0,0,0,0,"106,000","-106,000","-106,000"
708581,群聯凱基61購03,0,0,0,0.0,0.0,0.0,0,0,0,"335,000",0,0,0,"621,000","286,000","335,000","335,000"
708584,廣穎凱基5B購02,0,0,0,0.0,0.0,0.0,0,0,0,"68,000",0,0,0,"69,000","1,000","68,000","68,000"
708588,群聯富邦62購05,0,0,0,0.0,0.0,0.0,0,0,0,"-1,687,000",0,0,0,"143,000","1,830,000","-1,687,000","-1,687,000"
708589,宏捷科兆豐65購01,0,0,0,0.0,0.0,0.0,0,0,0,"283,000",0,0,0,"499,000","216,000","283,000","283,000"
708590,群聯兆豐65購02,0,0,0,0.0,0.0,0.0,0,0,0,"-590,000",0,0,0,0,"590,000","-590,000","-590,000"
708592,元太元大5B購02,0,0,0,0.0,0.0,0.0,0,0,0,"180,000",0,0,0,"180,000",0,"180,000","180,000"
708595,順達元大5B購03,0,0,0,0.0,0.0,0.0,0,0,0,"1,000",0,0,0,"1,000",0,"1,000","1,000"
708596,新盛力元大61購03,0,0,0,0.0,0.0,0.0,0,0,0,"1,000",0,0,0,"1,000",0,"1,000","1,000"
708597,群聯元大5B購10,0,0,0,0.0,0.0,0.0,0,0,0,"-736,000",0,0,0,0,"736,000","-736,000","-736,000"
708604,群聯元大63購03,0,0,0,0.0,0.0,0.0,0,0,0,"-28,000",0,0,0,0,"28,000","-28,000","-28,000"
708605,精材元大61購07,0,0,0,0.0,0.0,0.0,0,0,0,"-119,000",0,0,0,0,"119,000","-119,000","-119,000"
708606,譜瑞元大5B購03,0,0,0,0.0,0.0,0.0,0,0,0,"-53,000",0,0,0,0,"53,000","-53,000","-53,000"
708610,新盛力永豐63購01,0,0,0,0.0,0.0,0.0,0,0,0,"-79,000",0,0,0,"11,000","90,000","-79,000","-79,000"
708611,群聯永豐5C購03,0,0,0,0.0,0.0,0.0,0,0,0,"-31,000",0,0,0,"490,000","521,000","-31,000","-31,000"
708612,群聯永豐5C購04,0,0,0,0.0,0.0,0.0,0,0,0,"19,000",0,0,0,"19,000",0,"19,000","19,000"
708615,元太群益5B購03,0,0,0,0.0,0.0,0.0,0,0,0,"36,000",0,0,0,"111,000","75,000","36,000","36,000"
708616,方土昶群益5B購02,0,0,0,0.0,0.0,0.0,0,0,0,"-40,000",0,0,0,"40,000","80,000","-40,000","-40,000"
708620,陽程群益5B購02,0,0,0,0.0,0.0,0.0,0,0,0,"152,000",0,0,0,"182,000","30,000","152,000","152,000"
708624,群聯群益61購04,0,0,0,0.0,0.0,0.0,0,0,0,"-1,000",0,0,0,0,"1,000","-1,000","-1,000"
708625,榮剛群益5B購01,0,0,0,0.0,0.0,0.0,0,0,0,"-1,000",0,0,0,0,"1,000","-1,000","-1,000"
708626,精材群益5B購04,0,0,0,0.0,0.0,0.0,0,0,0,"1,000",0,0,0,"1,000",0,"1,000","1,000"
708627,廣穎群益5B購02,0,0,0,0.0,0.0,0.0,0,0,0,"196,000",0,0,0,"196,000",0,"196,000","196,000"
708629,元太凱基5B購04,0,0,0,0.0,0.0,0.0,0,0,0,"163,000",0,0,0,"290,000","127,000","163,000","163,000"
708630,元太凱基5B購05,0,0,0,0.0,0.0,0.0,0,0,0,"-2,000",0,0,0,"116,000","118,000","-2,000","-2,000"
708631,閎康凱基61購02,0,0,0,0.0,0.0,0.0,0,0,0,"-40,000",0,0,0,0,"40,000","-40,000","-40,000"
708632,順達凱基5B購03,0,0,0,0.0,0.0,0.0,0,0,0,"10,000",0,0,0,"10,000",0,"10,000","10,000"
708634,譜瑞凱基5B購03,0,0,0,0.0,0.0,0.0,0,0,0,"-9,000",0,0,0,0,"9,000","-9,000","-9,000"
708635,譜瑞凱基5B購04,0,0,0,0.0,0.0,0.0,0,0,0,"-7,000",0,0,0,0,"7,000","-7,000","-7,000"
708638,威剛元大5B購08,0,0,0,0.0,0.0,0.0,0,0,0,"-25,000",0,0,0,0,"25,000","-25,000","-25,000"
708641,精材元大5B購12,0,0,0,0.0,0.0,0.0,0,0,0,"86,000",0,0,0,"91,000","5,000","86,000","86,000"
708642,優群元大5B購01,0,0,0,0.0,0.0,0.0,0,0,0,"773,000",0,0,0,"773,000",0,"773,000","773,000"
708643,譜瑞元大5B購04,0,0,0,0.0,0.0,0.0,0,0,0,"20,000",0,0,0,"20,000",0,"20,000","20,000"
708645,譜瑞元大5B購06,0,0,0,0.0,0.0,0.0,0,0,0,"-137,000",0,0,0,0,"137,000","-137,000","-137,000"
708648,沛亨永豐5C購01,0,0,0,0.0,0.0,0.0,0,0,0,"-80,000",0,0,0,"200,000","280,000","-80,000","-80,000"
708649,金益鼎永豐5C購01,0,0,0,0.0,0.0,0.0,0,0,0,"34,000",0,0,0,"34,000",0,"34,000","34,000"
708650,廣穎永豐61購01,0,0,0,0.0,0.0,0.0,0,0,0,"777,000",0,0,0,"783,000","6,000","777,000","777,000"
708653,元太富邦62購02,0,0,0,0.0,0.0,0.0,0,0,0,"-4,000",0,0,0,"35,000","39,000","-4,000","-4,000"
708654,系統電富邦5B購01,0,0,0,0.0,0.0,0.0,0,0,0,"-50,000",0,0,0,0,"50,000","-50,000","-50,000"
708655,新盛力富邦62購01,0,0,0,0.0,0.0,0.0,0,0,0,"236,000",0,0,0,"951,000","715,000","236,000","236,000"
708658,廣穎群益61購02,0,0,0,0.0,0.0,0.0,0,0,0,"126,000",0,0,0,"128,000","2,000","126,000","126,000"
708659,元太群益5B購05,0,0,0,0.0,0.0,0.0,0,0,0,"470,000",0,0,0,"580,000","110,000","470,000","470,000"
708660,臺慶科群益5B購02,0,0,0,0.0,0.0,0.0,0,0,0,"-266,000",0,0,0,0,"266,000","-266,000","-266,000"
708664,元太元大5B購06,0,0,0,0.0,0.0,0.0,0,0,0,"1,650,000",0,0,0,"1,650,000",0,"1,650,000","1,650,000"
708665,元太元大5B購07,0,0,0,0.0,0.0,0.0,0,0,0,"425,000",0,0,0,"435,000","10,000","425,000","425,000"
708666,元太元大5B購08,0,0,0,0.0,0.0,0.0,0,0,0,"2,155,000",0,0,0,"2,155,000",0,"2,155,000","2,155,000"
708667,元太元大5B購09,0,0,0,0.0,0.0,0.0,0,0,0,"-40,000",0,0,0,0,"40,000","-40,000","-40,000"
708668,元太元大5B購10,0,0,0,0.0,0.0,0.0,0,0,0,"155,000",0,0,0,"155,000",0,"155,000","155,000"
708669,博盛元大5B購01,0,0,0,0.0,0.0,0.0,0,0,0,"-10,000",0,0,0,0,"10,000","-10,000","-10,000"
708671,新盛力元大5B購03,0,0,0,0.0,0.0,0.0,0,0,0,"95,000",0,0,0,"197,000","102,000","95,000","95,000"
708672,元太永豐5C購01,0,0,0,0.0,0.0,0.0,0,0,0,"441,000",0,0,0,"441,000",0,"441,000","441,000"
708674,威剛永豐67購01,0,0,0,0.0,0.0,0.0,0,0,0,"-1,000",0,0,0,"10,000","11,000","-1,000","-1,000"
708675,智通*永豐61購01,0,0,0,0.0,0.0,0.0,0,0,0,"181,000",0,0,0,"181,000",0,"181,000","181,000"
708677,新漢永豐5C購01,0,0,0,0.0,0.0,0.0,0,0,0,"34,000",0,0,0,"54,000","20,000","34,000","34,000"
708678,臺慶科永豐5C購01,0,0,0,0.0,0.0,0.0,0,0,0,"-323,000",0,0,0,"128,000","451,000","-323,000","-323,000"
708681,元太凱基5B購06,0,0,0,0.0,0.0,0.0,0,0,0,"55,000",0,0,0,"155,000","100,000","55,000","55,000"
708682,威剛凱基5B購07,0,0,0,0.0,0.0,0.0,0,0,0,"-816,000",0,0,0,"200,000","1,016,000","-816,000","-816,000"
708684,陽程凱基5B購01,0,0,0,0.0,0.0,0.0,0,0,0,"180,000",0,0,0,"180,000",0,"180,000","180,000"
708685,新盛力凱基5B購03,0,0,0,0.0,0.0,0.0,0,0,0,"48,000",0,0,0,"57,000","9,000","48,000","48,000"
708686,新盛力凱基61購02,0,0,0,0.0,0.0,0.0,0,0,0,"5,000",0,0,0,"5,000",0,"5,000","5,000"
708693,方土昶台新5B購01,0,0,0,0.0,0.0,0.0,0,0,0,"-2,000",0,0,0,"10,000","12,000","-2,000","-2,000"
708698,順達台新5B購03,0,0,0,0.0,0.0,0.0,0,0,0,"54,000",0,0,0,"54,000",0,"54,000","54,000"
708699,臺慶科台新5B購02,0,0,0,0.0,0.0,0.0,0,0,0,"73,000",0,0,0,"87,000","14,000","73,000","73,000"
708700,凡甲國泰61購02,0,0,0,0.0,0.0,0.0,0,0,0,"39,000",0,0,0,"39,000",0,"39,000","39,000"
708701,元太國泰5C購01,0,0,0,0.0,0.0,0.0,0,0,0,"12,000",0,0,0,"13,000","1,000","12,000","12,000"
708702,元太國泰5C購02,0,0,0,0.0,0.0,0.0,0,0,0,"50,000",0,0,0,"50,000",0,"50,000","50,000"
708704,台半富邦62購01,0,0,0,0.0,0.0,0.0,0,0,0,"-69,000",0,0,0,"147,000","216,000","-69,000","-69,000"
708706,新盛力富邦61購04,0,0,0,0.0,0.0,0.0,0,0,0,"621,000",0,0,0,"1,076,000","455,000","621,000","621,000"
708708,雙鴻富邦61購01,0,0,0,0.0,0.0,0.0,0,0,0,"-101,000",0,0,0,"164,000","265,000","-101,000","-101,000"
708709,元太國票5C購01,0,0,0,0.0,0.0,0.0,0,0,0,"-75,000",0,0,0,0,"75,000","-75,000","-75,000"
708710,元太國票5C購02,0,0,0,0.0,0.0,0.0,0,0,0,"-170,000",0,0,0,"20,000","190,000","-170,000","-170,000"
708711,光頡國票5B購01,0,0,0,0.0,0.0,0.0,0,0,0,"7,000",0,0,0,"36,000","29,000","7,000","7,000"
708712,光頡國票5B購02,0,0,0,0.0,0.0,0.0,0,0,0,"-109,000",0,0,0,"23,000","132,000","-109,000","-109,000"
708715,新盛力國票5B購02,0,0,0,0.0,0.0,0.0,0,0,0,"-389,000",0,0,0,"229,000","618,000","-389,000","-389,000"
708718,台半台新5B購02,0,0,0,0.0,0.0,0.0,0,0,0,"23,000",0,0,0,"36,000","13,000","23,000","23,000"
708720,光頡凱基5B購01,0,"8,000","-8,000",0.0,0.0,0.0,0,0,0,"-49,000",0,0,0,"17,000","66,000","-49,000","-57,000"
708721,陽程凱基61購01,0,0,0,0.0,0.0,0.0,0,0,0,"25,000",0,0,0,"45,000","20,000","25,000","25,000"
708722,陽程凱基63購02,0,0,0,0.0,0.0,0.0,0,0,0,"2,000",0,0,0,"15,000","13,000","2,000","2,000"
708723,勤凱凱基5B購01,0,0,0,0.0,0.0,0.0,0,0,0,"-1,153,000",0,0,0,"55,000","1,208,000","-1,153,000","-1,153,000"
708724,臺慶科凱基5B購02,0,0,0,0.0,0.0,0.0,0,0,0,"10,000",0,0,0,"10,000",0,"10,000","10,000"
708730,閎康元大5B購02,0,0,0,0.0,0.0,0.0,0,0,0,"299,000",0,0,0,"299,000",0,"299,000","299,000"
708731,陽程元大5B購01,0,0,0,0.0,0.0,0.0,0,0,0,"7,000",0,0,0,"8,000","1,000","7,000","7,000"
708734,勤凱元大5B購01,0,0,0,0.0,0.0,0.0,0,0,0,"-221,000",0,0,0,0,"221,000","-221,000","-221,000"
708735,勤凱元大5B購02,0,0,0,0.0,0.0,0.0,0,0,0,"1,000",0,0,0,"1,000",0,"1,000","1,000"
708741,擎亞元大5B購04,0,0,0,0.0,0.0,0.0,0,0,0,"7,000",0,0,0,"7,000",0,"7,000","7,000"
708744,翔名永豐5C購01,0,0,0,0.0,0.0,0.0,0,0,0,"11,000",0,0,0,"11,000",0,"11,000","11,000"
708748,擎亞永豐5C購01,0,0,0,0.0,0.0,0.0,0,0,0,"198,000",0,0,0,"218,000","20,000","198,000","198,000"
708749,擎亞永豐61購01,0,0,0,0.0,0.0,0.0,0,0,0,"-25,000",0,0,0,0,"25,000","-25,000","-25,000"
708750,雙鴻永豐65購01,0,0,0,0.0,0.0,0.0,0,0,0,0,0,0,0,"43,000","43,000",0,0
708754,凡甲群益5B購02,0,0,0,0.0,0.0,0.0,0,0,0,"-10,000",0,0,0,0,"10,000","-10,000","-10,000"
708755,中美晶群益5B購03,0,0,0,0.0,0.0,0.0,0,0,0,"2,000",0,0,0,"2,000",0,"2,000","2,000"
708762,大中國票5B購01,0,0,0,0.0,0.0,0.0,0,0,0,"-33,000",0,0,0,0,"33,000","-33,000","-33,000"
708764,立端國票5C購01,0,0,0,0.0,0.0,0.0,0,0,0,"409,000",0,0,0,"409,000",0,"409,000","409,000"
708772,博盛國票5C購02,0,0,0,0.0,0.0,0.0,0,0,0,"-35,000",0,0,0,0,"35,000","-35,000","-35,000"
708773,陽程國票5B購01,0,0,0,0.0,0.0,0.0,0,0,0,"36,000",0,0,0,"104,000","68,000","36,000","36,000"
708774,新鉅科國票5C購01,0,0,0,0.0,0.0,0.0,0,0,0,"-160,000",0,0,0,0,"160,000","-160,000","-160,000"
708777,精材國票5C購02,0,0,0,0.0,0.0,0.0,0,0,0,"-206,000",0,0,0,"10,000","216,000","-206,000","-206,000"
708779,廣閎科國票5C購01,0,0,0,0.0,0.0,0.0,0,0,0,"-10,000",0,0,0,0,"10,000","-10,000","-10,000"
708780,擎亞國票5B購01,0,0,0,0.0,0.0,0.0,0,0,0,"10,000",0,0,0,"10,000",0,"10,000","10,000"
708781,FH中5G凱基5B購01,0,0,0,0.0,0.0,0.0,0,0,0,"114,000",0,0,0,"114,000",0,"114,000","114,000"
708782,世界凱基64購01,0,0,0,0.0,0.0,0.0,0,0,0,"-10,000",0,0,0,0,"10,000","-10,000","-10,000"
708784,光頡凱基5B購02,0,0,0,0.0,0.0,0.0,0,0,0,"3,000",0,0,0,"3,000",0,"3,000","3,000"
708793,德微凱基5B購01,0,0,0,0.0,0.0,0.0,0,0,0,"-34,000",0,0,0,0,"34,000","-34,000","-34,000"
708794,世界中信5B購02,0,0,0,0.0,0.0,0.0,0,0,0,"44,000",0,0,0,"210,000","166,000","44,000","44,000"
708797,神準永豐5C購01,0,0,0,0.0,0.0,0.0,0,0,0,"56,000",0,0,0,"81,000","25,000","56,000","56,000"
708799,台半元大5B購01,0,0,0,0.0,0.0,0.0,0,0,0,"28,000",0,0,0,"38,000","10,000","28,000","28,000"
708800,光頡元大5B購01,0,0,0,0.0,0.0,0.0,0,0,0,"-20,000",0,0,0,"20,000","40,000","-20,000","-20,000"
708801,光頡元大5B購03,0,0,0,0.0,0.0,0.0,0,0,0,"14,000",0,0,0,"14,000",0,"14,000","14,000"
708802,聖暉*元大5B購03,0,0,0,0.0,0.0,0.0,0,0,0,"-57,000",0,0,0,0,"57,000","-57,000","-57,000"
708804,雷科元大5B購01,0,0,0,0.0,0.0,0.0,0,0,0,"7,000",0,0,0,"7,000",0,"7,000","7,000"
708806,精材元大5B購14,0,0,0,0.0,0.0,0.0,0,0,0,"93,000",0,0,0,"111,000","18,000","93,000","93,000"
708807,精材元大5B購15,0,0,0,0.0,0.0,0.0,0,0,0,"-30,000",0,0,0,"10,000","40,000","-30,000","-30,000"
708808,精材元大5B購16,0,0,0,0.0,0.0,0.0,0,0,0,"-46,000",0,0,0,0,"46,000","-46,000","-46,000"
708809,精材元大5B購17,0,0,0,0.0,0.0,0.0,0,0,0,"6,000",0,0,0,"10,000","4,000","6,000","6,000"
708810,精材元大63購03,0,0,0,0.0,0.0,0.0,0,0,0,"1,000",0,0,0,"1,000",0,"1,000","1,000"
708813,光頡台新5B購01,0,0,0,0.0,0.0,0.0,0,0,0,"-10,000",0,0,0,0,"10,000","-10,000","-10,000"
708814,欣銓台新5B購03,0,0,0,0.0,0.0,0.0,0,0,0,"1,000",0,0,0,"1,000",0,"1,000","1,000"
708817,聖暉*台新5B購03,0,0,0,0.0,0.0,0.0,0,0,0,"59,000",0,0,0,"169,000","110,000","59,000","59,000"
708818,榮剛台新5B購01,0,0,0,0.0,0.0,0.0,0,0,0,"34,000",0,0,0,"34,000",0,"34,000","34,000"
708824,伍豐國票5C購01,0,0,0,0.0,0.0,0.0,0,0,0,"-469,000",0,0,0,0,"469,000","-469,000","-469,000"
708825,光頡國票5B購03,0,0,0,0.0,0.0,0.0,0,0,0,"13,000",0,0,0,"13,000",0,"13,000","13,000"
708826,翔名國票5C購02,0,0,0,0.0,0.0,0.0,0,0,0,"199,000",0,0,0,"199,000",0,"199,000","199,000"
708827,聖暉*兆豐61購01,0,0,0,0.0,0.0,0.0,0,0,0,"-1,000",0,0,0,0,"1,000","-1,000","-1,000"
708828,立敦群益5B購01,0,0,0,0.0,0.0,0.0,0,0,0,"38,000",0,0,0,"39,000","1,000","38,000","38,000"
708829,光頡群益5B購01,0,0,0,0.0,0.0,0.0,0,0,0,"-2,000",0,0,0,0,"2,000","-2,000","-2,000"
708830,金益鼎群益5B購01,0,0,0,0.0,0.0,0.0,0,0,0,"-540,000",0,0,0,0,"540,000","-540,000","-540,000"
708831,茂綸群益5C購01,0,0,0,0.0,0.0,0.0,0,0,0,"-28,000",0,0,0,0,"28,000","-28,000","-28,000"
708836,精材國泰5C購01,0,0,0,0.0,0.0,0.0,0,0,0,"29,000",0,0,0,"29,000",0,"29,000","29,000"
708840,中美晶元大5B購04,0,0,0,0.0,0.0,0.0,0,0,0,"14,000",0,0,0,"14,000",0,"14,000","14,000"
708843,威剛元大5B購10,0,0,0,0.0,0.0,0.0,0,0,0,"374,000",0,0,0,"789,000","415,000","374,000","374,000"
708844,威剛元大5B購11,0,0,0,0.0,0.0,0.0,0,0,0,"-352,000",0,0,0,"4,000","356,000","-352,000","-352,000"
708845,翔名元大5B購01,0,0,0,0.0,0.0,0.0,0,0,0,"10,000",0,0,0,"10,000",0,"10,000","10,000"
708847,新盛力元大5B購04,0,0,0,0.0,0.0,0.0,0,0,0,"13,000",0,0,0,"13,000",0,"13,000","13,000"
708849,擎亞元大5B購05,0,0,0,0.0,0.0,0.0,0,0,0,"-20,000",0,0,0,0,"20,000","-20,000","-20,000"
708850,擎亞元大5B購06,0,0,0,0.0,0.0,0.0,0,0,0,"-361,000",0,0,0,0,"361,000","-361,000","-361,000"
708852,台半凱基5B購01,0,0,0,0.0,0.0,0.0,0,0,0,"-50,000",0,0,0,0,"50,000","-50,000","-50,000"
708857,翔名凱基5B購01,0,0,0,0.0,0.0,0.0,0,0,0,"-50,000",0,0,0,0,"50,000","-50,000","-50,000"
708861,沛亨台新5B購01,0,0,0,0.0,0.0,0.0,0,0,0,"27,000",0,0,0,"27,000",0,"27,000","27,000"
708866,新盛力台新5B購03,0,0,0,0.0,0.0,0.0,0,0,0,"10,000",0,0,0,"30,000","20,000","10,000","10,000"
708867,新盛力台新5C購01,0,0,0,0.0,0.0,0.0,0,0,0,"4,000",0,0,0,"4,000",0,"4,000","4,000"
708868,新盛力台新62購02,0,0,0,0.0,0.0,0.0,0,0,0,"7,000",0,0,0,"7,000",0,"7,000","7,000"
708869,中美晶中信5B購01,0,0,0,0.0,0.0,0.0,0,0,0,"106,000",0,0,0,"107,000","1,000","106,000","106,000"
708870,光頡中信5B購01,0,0,0,0.0,0.0,0.0,0,0,0,"99,000",0,0,0,"129,000","30,000","99,000","99,000"
708871,威剛中信65購01,0,0,0,0.0,0.0,0.0,0,0,0,"10,000",0,0,0,"10,000",0,"10,000","10,000"
708872,台半永豐61購01,0,0,0,0.0,0.0,0.0,0,0,0,"198,000",0,0,0,"208,000","10,000","198,000","198,000"
708873,光頡永豐64購01,0,0,0,0.0,0.0,0.0,0,0,0,"-8,000",0,0,0,0,"8,000","-8,000","-8,000"
708874,雅特力永豐5B購01,0,0,0,0.0,0.0,0.0,0,0,0,0,0,0,0,"2,000","2,000",0,0
708875,千如國票5C購01,0,0,0,0.0,0.0,0.0,0,0,0,"-970,000",0,0,0,"161,000","1,131,000","-970,000","-970,000"
708878,光頡國票5C購01,0,0,0,0.0,0.0,0.0,0,0,0,"5,000",0,0,0,"5,000",0,"5,000","5,000"
708880,亞通國票5B購01,0,0,0,0.0,0.0,0.0,0,0,0,"49,000",0,0,0,"50,000","1,000","49,000","49,000"
708882,能率國票5C購01,0,0,0,0.0,0.0,0.0,0,0,0,"83,000",0,0,0,"98,000","15,000","83,000","83,000"
708884,智通*國票5B購02,0,0,0,0.0,0.0,0.0,0,0,0,"-20,000",0,0,0,"178,000","198,000","-20,000","-20,000"
708885,翔名國票5C購03,0,0,0,0.0,0.0,0.0,0,0,0,"-1,000",0,0,0,0,"1,000","-1,000","-1,000"
708886,雅特力國票5C購01,0,0,0,0.0,0.0,0.0,0,0,0,"14,000",0,0,0,"53,000","39,000","14,000","14,000"
708888,雷科國票5B購02,0,0,0,0.0,0.0,0.0,0,0,0,"-5,000",0,0,0,"5,000","10,000","-5,000","-5,000"
708890,擎亞國票5B購02,0,0,0,0.0,0.0,0.0,0,0,0,"-20,000",0,0,0,0,"20,000","-20,000","-20,000"
708892,世界群益62購02,0,0,0,0.0,0.0,0.0,0,0,0,0,0,0,0,"5,000","5,000",0,0
708897,雷科國泰61購01,0,0,0,0.0,0.0,0.0,0,0,0,"2,000",0,0,0,"2,000",0,"2,000","2,000"
708898,寶雅富邦61購01,0,0,0,0.0,0.0,0.0,0,0,0,"950,000",0,0,0,"950,000",0,"950,000","950,000"
708902,大中統一63購01,0,0,0,0.0,0.0,0.0,0,0,0,"5,000",0,0,0,"5,000",0,"5,000","5,000"
708903,大中統一65購01,0,0,0,0.0,0.0,0.0,0,0,0,"-70,000",0,0,0,0,"70,000","-70,000","-70,000"
708904,世界統一64購02,0,0,0,0.0,0.0,0.0,0,0,0,"20,000",0,0,0,"117,000","97,000","20,000","20,000"
708908,立敦統一63購01,0,0,0,0.0,0.0,0.0,0,0,0,"10,000",0,0,0,"10,000",0,"10,000","10,000"
708911,立敦統一66購01,0,0,0,0.0,0.0,0.0,0,0,0,"-1,000",0,0,0,0,"1,000","-1,000","-1,000"
708912,光頡統一63購01,0,0,0,0.0,0.0,0.0,0,0,0,"-70,000",0,0,0,0,"70,000","-70,000","-70,000"
708914,光頡統一65購02,0,0,0,0.0,0.0,0.0,0,0,0,"-25,000",0,0,0,"212,000","237,000","-25,000","-25,000"
708916,艾訊統一65購01,"14,000",0,"14,000",0.0,0.0,0.0,0,0,0,"853,000",0,0,0,"898,000","45,000","853,000","867,000"
708917,邑錡統一65購01,0,0,0,0.0,0.0,0.0,0,0,0,"-254,000",0,0,0,"53,000","307,000","-254,000","-254,000"
708919,欣銓統一63購01,0,0,0,0.0,0.0,0.0,0,0,0,"12,000",0,0,0,"12,000",0,"12,000","12,000"
708920,欣銓統一65購02,0,0,0,0.0,0.0,0.0,0,0,0,"79,000",0,0,0,"213,000","134,000","79,000","79,000"
708924,威剛統一65購01,0,0,0,0.0,0.0,0.0,0,0,0,"29,000",0,0,0,"430,000","401,000","29,000","29,000"
708925,威剛統一65購02,0,0,0,0.0,0.0,0.0,0,0,0,"13,000",0,0,0,"39,000","26,000","13,000","13,000"
708927,威剛統一69購01,0,0,0,0.0,0.0,0.0,0,0,0,"-70,000",0,0,0,"20,000","90,000","-70,000","-70,000"
708928,茂達統一64購01,0,0,0,0.0,0.0,0.0,0,0,0,"-194,000",0,0,0,0,"194,000","-194,000","-194,000"
708930,翔名統一63購01,0,0,0,0.0,0.0,0.0,0,0,0,"-59,000",0,0,0,0,"59,000","-59,000","-59,000"
708931,翔名統一65購01,0,0,0,0.0,0.0,0.0,0,0,0,"70,000",0,0,0,"70,000",0,"70,000","70,000"
708934,順達統一65購02,0,0,0,0.0,0.0,0.0,0,0,0,"-10,000",0,0,0,0,"10,000","-10,000","-10,000"
708935,新盛力統一69購01,0,0,0,0.0,0.0,0.0,0,0,0,"220,000",0,0,0,"780,000","560,000","220,000","220,000"
708936,聖暉*統一63購02,0,0,0,0.0,0.0,0.0,0,0,0,"39,000",0,0,0,"50,000","11,000","39,000","39,000"
708937,臺慶科統一63購01,0,0,0,0.0,0.0,0.0,0,0,0,"224,000",0,0,0,"307,000","83,000","224,000","224,000"
708938,臺慶科統一65購01,0,0,0,0.0,0.0,0.0,0,0,0,"-240,000",0,0,0,0,"240,000","-240,000","-240,000"
708939,擎亞統一67購01,0,0,0,0.0,0.0,0.0,0,0,0,"-3,000",0,0,0,"190,000","193,000","-3,000","-3,000"
708940,中美晶凱基5B購04,0,0,0,0.0,0.0,0.0,0,0,0,"-1,000",0,0,0,"9,000","10,000","-1,000","-1,000"
708941,世界凱基63購01,0,0,0,0.0,0.0,0.0,0,0,0,"2,000",0,0,0,"107,000","105,000","2,000","2,000"
708944,均豪凱基5B購03,0,0,0,0.0,0.0,0.0,0,0,0,"-10,000",0,0,0,0,"10,000","-10,000","-10,000"
708945,威剛凱基5B購08,0,0,0,0.0,0.0,0.0,0,0,0,"-148,000",0,0,0,"5,000","153,000","-148,000","-148,000"
708947,擎亞凱基5B購04,0,0,0,0.0,0.0,0.0,0,0,0,"-10,000",0,0,0,0,"10,000","-10,000","-10,000"
708949,鈊象台新5B購04,0,0,0,0.0,0.0,0.0,0,0,0,"-24,000",0,0,0,0,"24,000","-24,000","-24,000"
708950,優群台新5B購02,0,0,0,0.0,0.0,0.0,0,0,0,"-67,000",0,0,0,0,"67,000","-67,000","-67,000"
708952,台半元大5B購03,0,0,0,0.0,0.0,0.0,0,0,0,"-5,000",0,0,0,0,"5,000","-5,000","-5,000"
708955,威剛元大5B購13,0,0,0,0.0,0.0,0.0,0,0,0,"-5,000",0,0,0,0,"5,000","-5,000","-5,000"
708956,順達元大5B購06,0,0,0,0.0,0.0,0.0,0,0,0,"64,000",0,0,0,"100,000","36,000","64,000","64,000"
708957,新盛力元大5B購05,0,0,0,0.0,0.0,0.0,0,0,0,"9,000",0,0,0,"16,000","7,000","9,000","9,000"
708960,雷科元大5B購04,0,0,0,0.0,0.0,0.0,0,0,0,"21,000",0,0,0,"21,000",0,"21,000","21,000"
708961,擎亞元大5B購07,0,0,0,0.0,0.0,0.0,0,0,0,"-13,000",0,0,0,"5,000","18,000","-13,000","-13,000"
708963,台半永豐5C購02,0,0,0,0.0,0.0,0.0,0,0,0,"-154,000",0,0,0,"116,000","270,000","-154,000","-154,000"
708964,凌陽創永豐61購01,0,0,0,0.0,0.0,0.0,0,0,0,"-10,000",0,0,0,0,"10,000","-10,000","-10,000"
708970,欣銓群益5B購03,0,0,0,0.0,0.0,0.0,0,0,0,"85,000",0,0,0,"172,000","87,000","85,000","85,000"
708971,鈊象群益5B購03,0,0,0,0.0,0.0,0.0,0,0,0,"-13,000",0,0,0,"15,000","28,000","-13,000","-13,000"
708973,德微群益5B購03,0,0,0,0.0,0.0,0.0,0,0,0,"-10,000",0,0,0,0,"10,000","-10,000","-10,000"
708974,雙鴻群益5B購08,0,0,0,0.0,0.0,0.0,0,0,0,"-136,000",0,0,0,"29,000","165,000","-136,000","-136,000"
708977,台半統一63購01,0,0,0,0.0,0.0,0.0,0,0,0,"-21,000",0,0,0,"7,000","28,000","-21,000","-21,000"
708979,台半統一69購01,0,0,0,0.0,0.0,0.0,0,0,0,"18,000",0,0,0,"30,000","12,000","18,000","18,000"
708980,台星科統一65購01,0,0,0,0.0,0.0,0.0,0,0,0,"114,000",0,0,0,"114,000",0,"114,000","114,000"
708982,沛亨統一69購01,0,0,0,0.0,0.0,0.0,0,0,0,"198,000",0,0,0,"198,000",0,"198,000","198,000"
708987,威剛統一65購04,0,0,0,0.0,0.0,0.0,0,0,0,"-160,000",0,0,0,0,"160,000","-160,000","-160,000"
708988,茂達統一65購01,0,0,0,0.0,0.0,0.0,0,0,0,"-630,000",0,0,0,"474,000","1,104,000","-630,000","-630,000"
708989,茂綸統一65購01,0,0,0,0.0,0.0,0.0,0,0,0,"94,000",0,0,0,"94,000",0,"94,000","94,000"
708991,聖暉*統一65購02,0,0,0,0.0,0.0,0.0,0,0,0,"147,000",0,0,0,"187,000","40,000","147,000","147,000"
708992,德微統一63購02,0,0,0,0.0,0.0,0.0,0,0,0,"-20,000",0,0,0,0,"20,000","-20,000","-20,000"
708994,擎亞統一63購01,0,0,0,0.0,0.0,0.0,0,0,0,"-243,000",0,0,0,"144,000","387,000","-243,000","-243,000"
708995,擎亞統一65購01,0,0,0,0.0,0.0,0.0,0,0,0,"-12,000",0,0,0,"3,000","15,000","-12,000","-12,000"
708996,擎亞統一66購01,0,0,0,0.0,0.0,0.0,0,0,0,"-5,000",0,0,0,"50,000","55,000","-5,000","-5,000"
708997,鑫科統一69購01,0,0,0,0.0,0.0,0.0,0,0,0,"100,000",0,0,0,"100,000",0,"100,000","100,000"
709000,欣銓國票5C購02,0,0,0,0.0,0.0,0.0,0,0,0,"11,000",0,0,0,"11,000",0,"11,000","11,000"
709002,泓格國票5C購01,0,0,0,0.0,0.0,0.0,0,0,0,"103,000",0,0,0,"103,000",0,"103,000","103,000"
709003,雷科國票5B購04,0,0,0,0.0,0.0,0.0,0,0,0,"-19,000",0,0,0,"36,000","55,000","-19,000","-19,000"
709004,漢達國票5C購01,0,0,0,0.0,0.0,0.0,0,0,0,"164,000",0,0,0,"200,000","36,000","164,000","164,000"
709005,德微國票5C購02,0,0,0,0.0,0.0,0.0,0,0,0,"-29,000",0,0,0,"13,000","42,000","-29,000","-29,000"
709006,大中台新5B購01,0,0,0,0.0,0.0,0.0,0,0,0,"-31,000",0,0,0,"4,000","35,000","-31,000","-31,000"
709009,佳邦台新5B購01,0,0,0,0.0,0.0,0.0,0,0,0,"-306,000",0,0,0,"14,000","320,000","-306,000","-306,000"
709010,博大台新5B購01,0,0,0,0.0,0.0,0.0,0,0,0,"-8,000",0,0,0,0,"8,000","-8,000","-8,000"
709011,立敦凱基5B購01,0,0,0,0.0,0.0,0.0,0,0,0,"-75,000",0,0,0,0,"75,000","-75,000","-75,000"
709016,茂達凱基5B購01,0,0,0,0.0,0.0,0.0,0,0,0,"-30,000",0,0,0,0,"30,000","-30,000","-30,000"
709017,鈊象凱基5B購02,0,0,0,0.0,0.0,0.0,0,0,0,"-98,000",0,0,0,0,"98,000","-98,000","-98,000"
709019,臺慶科凱基63購01,0,0,0,0.0,0.0,0.0,0,0,0,"24,000",0,0,0,"24,000",0,"24,000","24,000"
709020,德微凱基5B購03,0,0,0,0.0,0.0,0.0,0,0,0,"-20,000",0,0,0,0,"20,000","-20,000","-20,000"
709021,擎亞凱基5B購05,0,0,0,0.0,0.0,0.0,0,0,0,"-5,000",0,0,0,"5,000","10,000","-5,000","-5,000"
709022,雙鴻凱基61購03,0,0,0,0.0,0.0,0.0,0,0,0,"-511,000",0,0,0,"106,000","617,000","-511,000","-511,000"
709024,世界群益61購01,0,0,0,0.0,0.0,0.0,0,0,0,"107,000",0,0,0,"112,000","5,000","107,000","107,000"
709026,台半群益5B購03,0,0,0,0.0,0.0,0.0,0,0,0,"53,000",0,0,0,"53,000",0,"53,000","53,000"
709027,均豪群益5B購04,0,0,0,0.0,0.0,0.0,0,0,0,"4,000",0,0,0,"4,000",0,"4,000","4,000"
709028,威剛群益5B購03,0,0,0,0.0,0.0,0.0,0,0,0,"-105,000",0,0,0,"95,000","200,000","-105,000","-105,000"
709030,智通*群益5B購01,0,0,0,0.0,0.0,0.0,0,0,0,"250,000",0,0,0,"250,000",0,"250,000","250,000"
709032,新盛力群益61購01,0,0,0,0.0,0.0,0.0,0,0,0,"7,000",0,0,0,"38,000","31,000","7,000","7,000"
709034,台半元大5B購04,0,0,0,0.0,0.0,0.0,0,0,0,"-108,000",0,0,0,"7,000","115,000","-108,000","-108,000"
709036,金益鼎元大5B購01,0,0,0,0.0,0.0,0.0,0,0,0,"112,000",0,0,0,"112,000",0,"112,000","112,000"
709039,順達元大5B購07,0,0,0,0.0,0.0,0.0,0,0,0,"4,000",0,0,0,"34,000","30,000","4,000","4,000"
709043,寶雅元大5B購01,0,0,0,0.0,0.0,0.0,0,0,0,"2,000",0,0,0,"2,000",0,"2,000","2,000"
709044,威剛國泰5C購01,0,0,0,0.0,0.0,0.0,0,0,0,"-80,000",0,0,0,"30,000","110,000","-80,000","-80,000"
709045,威剛國泰5C購02,0,0,0,0.0,0.0,0.0,0,0,0,"-1,000",0,0,0,0,"1,000","-1,000","-1,000"
709047,擎亞國泰62購01,0,0,0,0.0,0.0,0.0,0,0,0,"-4,000",0,0,0,0,"4,000","-4,000","-4,000"
709049,台半富邦62購02,0,0,0,0.0,0.0,0.0,0,0,0,"310,000",0,0,0,"317,000","7,000","310,000","310,000"
709051,新盛力富邦61購05,0,0,0,0.0,0.0,0.0,0,0,0,"493,000",0,0,0,"493,000",0,"493,000","493,000"
709055,正淩統一69購01,0,0,0,0.0,0.0,0.0,0,0,0,"37,000",0,0,0,"37,000",0,"37,000","37,000"
709058,朋程統一63購01,0,0,0,0.0,0.0,0.0,0,0,0,"-10,000",0,0,0,0,"10,000","-10,000","-10,000"
709059,欣銓統一5B購01,0,0,0,0.0,0.0,0.0,0,0,0,"138,000",0,0,0,"144,000","6,000","138,000","138,000"
709060,欣銓統一65購04,0,0,0,0.0,0.0,0.0,0,0,0,"10,000",0,0,0,"10,000",0,"10,000","10,000"
709064,新漢統一61購01,0,0,0,0.0,0.0,0.0,0,0,0,"-1,000",0,0,0,0,"1,000","-1,000","-1,000"
709068,擎亞統一63購02,0,0,0,0.0,0.0,0.0,0,0,0,"-121,000",0,0,0,"86,000","207,000","-121,000","-121,000"
709069,擎亞統一65購02,0,0,0,0.0,0.0,0.0,0,0,0,"-86,000",0,0,0,"54,000","140,000","-86,000","-86,000"
709071,立敦永豐61購01,0,0,0,0.0,0.0,0.0,0,0,0,"-5,000",0,0,0,0,"5,000","-5,000","-5,000"
709072,佳邦永豐63購01,0,0,0,0.0,0.0,0.0,0,0,0,"10,000",0,0,0,"10,000",0,"10,000","10,000"
709075,原相永豐5C購01,0,0,0,0.0,0.0,0.0,0,0,0,"74,000",0,0,0,"74,000",0,"74,000","74,000"
709077,擎亞永豐64購01,0,0,0,0.0,0.0,0.0,0,0,0,"-50,000",0,0,0,0,"50,000","-50,000","-50,000"
709079,台半國票61購01,0,0,0,0.0,0.0,0.0,0,0,0,"-1,000",0,0,0,0,"1,000","-1,000","-1,000"
709080,佳邦國票5C購02,0,0,0,0.0,0.0,0.0,0,0,0,"-10,000",0,0,0,0,"10,000","-10,000","-10,000"
709082,博大國票5C購01,0,0,0,0.0,0.0,0.0,0,0,0,"-2,000",0,0,0,0,"2,000","-2,000","-2,000"
709083,晶宏國票5C購02,0,0,0,0.0,0.0,0.0,0,0,0,0,0,0,0,"25,000","25,000",0,0
709092,智通*元大5B購01,0,0,0,0.0,0.0,0.0,0,0,0,"21,000",0,0,0,"21,000",0,"21,000","21,000"
709093,鈊象元大5B購02,0,0,0,0.0,0.0,0.0,0,0,0,"-255,000",0,0,0,"5,000","260,000","-255,000","-255,000"
709094,群聯元大5B購15,0,0,0,0.0,0.0,0.0,0,0,0,"-4,000",0,0,0,"1,000","5,000","-4,000","-4,000"
709095,群聯元大5B購16,0,0,0,0.0,0.0,0.0,0,0,0,"-557,000",0,0,0,0,"557,000","-557,000","-557,000"
709100,晶宏國票5C購03,0,0,0,0.0,0.0,0.0,0,0,0,"63,000",0,0,0,"63,000",0,"63,000","63,000"
709101,華容國票5C購02,0,0,0,0.0,0.0,0.0,0,0,0,"-11,000",0,0,0,"9,000","20,000","-11,000","-11,000"
709102,群聯國票61購03,0,0,0,0.0,0.0,0.0,0,0,0,"85,000",0,0,0,"85,000",0,"85,000","85,000"
709103,雷科國票5C購01,0,0,0,0.0,0.0,0.0,0,0,0,"19,000",0,0,0,"187,000","168,000","19,000","19,000"
709104,臺慶科國票5C購03,0,0,0,0.0,0.0,0.0,0,0,0,"-180,000",0,0,0,0,"180,000","-180,000","-180,000"
709105,廣穎國票5C購02,0,0,0,0.0,0.0,0.0,0,0,0,"14,000",0,0,0,"19,000","5,000","14,000","14,000"
709107,擎亞國票5C購01,0,0,0,0.0,0.0,0.0,0,0,0,"-227,000",0,0,0,"14,000","241,000","-227,000","-227,000"
709111,凌陽創凱基5B購01,0,0,0,0.0,0.0,0.0,0,0,0,"10,000",0,0,0,"10,000",0,"10,000","10,000"
709115,群聯凱基5B購05,0,0,0,0.0,0.0,0.0,0,0,0,"207,000",0,0,0,"387,000","180,000","207,000","207,000"
709116,群聯凱基5B購06,0,0,0,0.0,0.0,0.0,0,0,0,"207,000",0,0,0,"207,000",0,"207,000","207,000"
709117,群聯凱基5B購07,0,0,0,0.0,0.0,0.0,0,0,0,"-136,000",0,0,0,0,"136,000","-136,000","-136,000"
709118,雙鴻凱基5B購02,0,0,0,0.0,0.0,0.0,0,0,0,"-332,000",0,0,0,"10,000","342,000","-332,000","-332,000"
709121,原相台新5B購01,0,0,0,0.0,0.0,0.0,0,0,0,"93,000",0,0,0,"93,000",0,"93,000","93,000"
709122,博盛台新5B購01,0,0,0,0.0,0.0,0.0,0,0,0,"-2,734,000",0,0,0,0,"2,734,000","-2,734,000","-2,734,000"
709123,博智台新5B購01,0,0,0,0.0,0.0,0.0,0,0,0,"63,000",0,0,0,"63,000",0,"63,000","63,000"
709126,順達台新5B購04,0,0,0,0.0,0.0,0.0,0,0,0,"1,404,000",0,0,0,"1,404,000",0,"1,404,000","1,404,000"
709127,群聯台新5B購09,0,0,0,0.0,0.0,0.0,0,0,0,"33,000",0,0,0,"101,000","68,000","33,000","33,000"
709128,群聯台新5B購10,0,0,0,0.0,0.0,0.0,0,0,0,"485,000",0,0,0,"517,000","32,000","485,000","485,000"
709130,雷科台新5B購01,0,0,0,0.0,0.0,0.0,0,0,0,"28,000",0,0,0,"41,000","13,000","28,000","28,000"
709131,雷科台新5B購02,0,0,0,0.0,0.0,0.0,0,0,0,"19,000",0,0,0,"120,000","101,000","19,000","19,000"
709132,廣穎台新5B購01,0,0,0,0.0,0.0,0.0,0,0,0,"-21,000",0,0,0,0,"21,000","-21,000","-21,000"
709134,鑫科台新5B購01,0,0,0,0.0,0.0,0.0,0,0,0,"20,000",0,0,0,"20,000",0,"20,000","20,000"
709136,博智富邦61購02,0,0,0,0.0,0.0,0.0,0,0,0,"-25,000",0,0,0,0,"25,000","-25,000","-25,000"
709137,群聯富邦61購03,0,0,0,0.0,0.0,0.0,0,0,0,"-101,000",0,0,0,0,"101,000","-101,000","-101,000"
709138,群聯富邦61購04,0,0,0,0.0,0.0,0.0,0,0,0,"145,000",0,0,0,"150,000","5,000","145,000","145,000"
709139,安勤永豐5C購01,0,0,0,0.0,0.0,0.0,0,0,0,"54,000",0,0,0,"74,000","20,000","54,000","54,000"
709142,群聯永豐5C購05,0,0,0,0.0,0.0,0.0,0,0,0,"840,000",0,0,0,"874,000","34,000","840,000","840,000"
709143,群聯永豐63購01,0,0,0,0.0,0.0,0.0,0,0,0,"-146,000",0,0,0,"20,000","166,000","-146,000","-146,000"
709147,中美晶統一66購01,0,0,0,0.0,0.0,0.0,0,0,0,"4,000",0,0,0,"51,000","47,000","4,000","4,000"
709149,沛亨統一63購01,0,0,0,0.0,0.0,0.0,0,0,0,0,0,0,0,"624,000","624,000",0,0
709150,沛亨統一64購01,0,0,0,0.0,0.0,0.0,0,0,0,"50,000",0,0,0,"50,000",0,"50,000","50,000"
709151,沛亨統一65購02,0,0,0,0.0,0.0,0.0,0,0,0,"-49,000",0,0,0,"78,000","127,000","-49,000","-49,000"
709152,佳邦統一63購01,0,0,0,0.0,0.0,0.0,0,0,0,"-184,000",0,0,0,0,"184,000","-184,000","-184,000"
709154,朋程統一65購01,0,0,0,0.0,0.0,0.0,0,0,0,"119,000",0,0,0,"174,000","55,000","119,000","119,000"
709158,茂綸統一65購02,0,0,0,0.0,0.0,0.0,0,0,0,"23,000",0,0,0,"98,000","75,000","23,000","23,000"
709161,博智統一63購02,0,0,0,0.0,0.0,0.0,0,0,0,"-14,000",0,0,0,"6,000","20,000","-14,000","-14,000"
709166,群聯統一63購01,0,0,0,0.0,0.0,0.0,0,0,0,"2,899,000",0,0,0,"3,200,000","301,000","2,899,000","2,899,000"
709167,群聯統一63購02,0,0,0,0.0,0.0,0.0,0,0,0,"-10,000",0,0,0,0,"10,000","-10,000","-10,000"
709168,群聯統一65購01,0,0,0,0.0,0.0,0.0,0,0,0,"31,000",0,0,0,"31,000",0,"31,000","31,000"
709170,群聯統一69購01,0,0,0,0.0,0.0,0.0,0,0,0,"104,000",0,0,0,"556,000","452,000","104,000","104,000"
709171,群聯統一69購02,0,0,0,0.0,0.0,0.0,0,0,0,"-91,000",0,0,0,"54,000","145,000","-91,000","-91,000"
709172,群聯統一6B購01,0,0,0,0.0,0.0,0.0,0,0,0,"-31,000",0,0,0,0,"31,000","-31,000","-31,000"
709173,群聯統一75購01,0,0,0,0.0,0.0,0.0,0,0,0,"-26,000",0,0,0,0,"26,000","-26,000","-26,000"
709176,臺慶科統一65購02,0,0,0,0.0,0.0,0.0,0,0,0,"-2,000",0,0,0,0,"2,000","-2,000","-2,000"
709177,臺慶科統一65購03,0,0,0,0.0,0.0,0.0,0,0,0,"106,000",0,0,0,"106,000",0,"106,000","106,000"
709179,廣穎統一65購01,0,0,0,0.0,0.0,0.0,0,0,0,"25,000",0,0,0,"80,000","55,000","25,000","25,000"
709180,廣穎統一69購01,0,0,0,0.0,0.0,0.0,0,0,0,"4,000",0,0,0,"4,000",0,"4,000","4,000"
709181,擎亞統一65購03,0,0,0,0.0,0.0,0.0,0,0,0,"-143,000",0,0,0,0,"143,000","-143,000","-143,000"
709182,擎亞統一65購04,0,0,0,0.0,0.0,0.0,0,0,0,"-42,000",0,0,0,"3,000","45,000","-42,000","-42,000"
709186,倚強群益5B購01,0,0,0,0.0,0.0,0.0,0,0,0,"4,000",0,0,0,"6,000","2,000","4,000","4,000"
709191,新盛力群益61購02,0,0,0,0.0,0.0,0.0,0,0,0,"29,000",0,0,0,"29,000",0,"29,000","29,000"
709192,群聯群益5B購07,0,0,0,0.0,0.0,0.0,0,0,0,"-378,000",0,0,0,"176,000","554,000","-378,000","-378,000"
709195,擎亞群益62購01,0,0,0,0.0,0.0,0.0,0,0,0,"-577,000",0,0,0,0,"577,000","-577,000","-577,000"
709197,鑫科群益5B購02,0,0,0,0.0,0.0,0.0,0,0,0,"-10,000",0,0,0,0,"10,000","-10,000","-10,000"
709199,威聯通永豐61購01,0,0,0,0.0,0.0,0.0,0,0,0,"29,000",0,0,0,"29,000",0,"29,000","29,000"
709201,富喬永豐66購01,0,0,0,0.0,0.0,0.0,0,0,0,"-1,000",0,0,0,0,"1,000","-1,000","-1,000"
709203,順達永豐64購01,0,0,0,0.0,0.0,0.0,0,0,0,"40,000",0,0,0,"40,000",0,"40,000","40,000"
709205,鈊象永豐63購01,0,0,0,0.0,0.0,0.0,0,0,0,"-86,000",0,0,0,"22,000","108,000","-86,000","-86,000"
709206,新盛力永豐5C購02,0,0,0,0.0,0.0,0.0,0,0,0,"-294,000",0,0,0,"109,000","403,000","-294,000","-294,000"
709207,擎亞永豐63購01,0,0,0,0.0,0.0,0.0,0,0,0,"96,000",0,0,0,"103,000","7,000","96,000","96,000"
709208,沛亨凱基5B購03,0,0,0,0.0,0.0,0.0,0,0,0,"-100,000",0,0,0,"100,000","200,000","-100,000","-100,000"
709209,佳邦凱基5B購01,0,0,0,0.0,0.0,0.0,0,0,0,"-66,000",0,0,0,0,"66,000","-66,000","-66,000"
709211,富喬凱基61購02,0,0,0,0.0,0.0,0.0,0,0,0,"15,000",0,0,0,"15,000",0,"15,000","15,000"
709213,勤凱凱基5B購02,0,0,0,0.0,0.0,0.0,0,0,0,"3,000",0,0,0,"3,000",0,"3,000","3,000"
709214,勤凱凱基5B購03,0,0,0,0.0,0.0,0.0,0,0,0,"10,000",0,0,0,"10,000",0,"10,000","10,000"
709215,勤凱凱基5B購04,0,0,0,0.0,0.0,0.0,0,0,0,"41,000",0,0,0,"41,000",0,"41,000","41,000"
709217,臺慶科凱基5B購03,0,0,0,0.0,0.0,0.0,0,0,0,"-411,000",0,0,0,0,"411,000","-411,000","-411,000"
709218,擎亞凱基61購01,0,0,0,0.0,0.0,0.0,0,0,0,0,0,0,0,"40,000","40,000",0,0
709219,中光電台新5B購02,0,0,0,0.0,0.0,0.0,0,0,0,"-392,000",0,0,0,0,"392,000","-392,000","-392,000"
709220,台星科台新5B購01,0,0,0,0.0,0.0,0.0,0,0,0,"6,000",0,0,0,"6,000",0,"6,000","6,000"
709221,台星科台新5B購02,0,0,0,0.0,0.0,0.0,0,0,0,"92,000",0,0,0,"93,000","1,000","92,000","92,000"
709224,佳邦台新5B購02,0,0,0,0.0,0.0,0.0,0,0,0,"14,000",0,0,0,"14,000",0,"14,000","14,000"
709225,佳邦台新5B購03,0,0,0,0.0,0.0,0.0,0,0,0,"-70,000",0,0,0,0,"70,000","-70,000","-70,000"
709226,順達台新5B購05,0,0,0,0.0,0.0,0.0,0,0,0,"-265,000",0,0,0,"60,000","325,000","-265,000","-265,000"
709230,擎亞台新5B購02,0,0,0,0.0,0.0,0.0,0,0,0,"-115,000",0,0,0,"175,000","290,000","-115,000","-115,000"
709231,雙鴻台新5B購01,0,0,0,0.0,0.0,0.0,0,0,0,"-1,363,000",0,0,0,"50,000","1,413,000","-1,363,000","-1,363,000"
709232,雙鴻台新5B購02,0,0,0,0.0,0.0,0.0,0,0,0,"-36,000",0,0,0,0,"36,000","-36,000","-36,000"
709235,良維國泰5C購02,0,0,0,0.0,0.0,0.0,0,0,0,"3,000",0,0,0,"3,000",0,"3,000","3,000"
709236,富喬國泰5C購01,0,0,0,0.0,0.0,0.0,0,0,0,"-150,000",0,0,0,0,"150,000","-150,000","-150,000"
709237,順達國泰5C購01,0,0,0,0.0,0.0,0.0,0,0,0,"-186,000",0,0,0,"27,000","213,000","-186,000","-186,000"
709238,群聯國泰5C購01,0,0,0,0.0,0.0,0.0,0,0,0,"26,000",0,0,0,"46,000","20,000","26,000","26,000"
709239,群聯國泰5C購02,0,0,0,0.0,0.0,0.0,0,0,0,"-32,000",0,0,0,0,"32,000","-32,000","-32,000"
709241,富喬富邦5B購02,0,0,0,0.0,0.0,0.0,0,0,0,"-588,000",0,0,0,0,"588,000","-588,000","-588,000"
709242,群聯富邦62購06,0,0,0,0.0,0.0,0.0,0,0,0,"7,000",0,0,0,"7,000",0,"7,000","7,000"
709244,欣銓元大5B購03,0,0,0,0.0,0.0,0.0,0,0,0,"131,000",0,0,0,"220,000","89,000","131,000","131,000"
709245,威剛元大5B購15,0,0,0,0.0,0.0,0.0,0,0,0,"12,000",0,0,0,"19,000","7,000","12,000","12,000"
709246,原相元大5B購03,0,0,0,0.0,0.0,0.0,0,0,0,"-10,000",0,0,0,0,"10,000","-10,000","-10,000"
709247,博智元大5B購03,0,0,0,0.0,0.0,0.0,0,0,0,"-281,000",0,0,0,"120,000","401,000","-281,000","-281,000"
709251,勤凱元大5B購04,0,0,0,0.0,0.0,0.0,0,0,0,"402,000",0,0,0,"402,000",0,"402,000","402,000"
709253,新盛力元大5B購07,0,0,0,0.0,0.0,0.0,0,0,0,"2,000",0,0,0,"10,000","8,000","2,000","2,000"
709254,群聯元大5B購17,0,0,0,0.0,0.0,0.0,0,0,0,"-59,000",0,0,0,"41,000","100,000","-59,000","-59,000"
709255,群聯元大5B購18,0,0,0,0.0,0.0,0.0,0,0,0,"-199,000",0,0,0,"95,000","294,000","-199,000","-199,000"
709257,擎亞元大5B購09,0,0,0,0.0,0.0,0.0,0,0,0,"4,000",0,0,0,"15,000","11,000","4,000","4,000"
709259,均豪群益5B購05,0,0,0,0.0,0.0,0.0,0,0,0,"-50,000",0,0,0,"5,000","55,000","-50,000","-50,000"
709262,新盛力群益63購01,0,0,0,0.0,0.0,0.0,0,0,0,"53,000",0,0,0,"65,000","12,000","53,000","53,000"
709264,群聯群益5B購08,0,0,0,0.0,0.0,0.0,0,0,0,"98,000",0,0,0,"119,000","21,000","98,000","98,000"
709266,雙鴻群益5B購09,0,0,0,0.0,0.0,0.0,0,0,0,"-256,000",0,0,0,"136,000","392,000","-256,000","-256,000"
709271,中美晶凱基5B購05,0,0,0,0.0,0.0,0.0,0,0,0,"-144,000",0,0,0,0,"144,000","-144,000","-144,000"
709274,均豪凱基5B購04,0,0,0,0.0,0.0,0.0,0,0,0,"-22,000",0,0,0,0,"22,000","-22,000","-22,000"
709275,沛亨凱基5C購01,0,0,0,0.0,0.0,0.0,0,0,0,"-10,000",0,0,0,0,"10,000","-10,000","-10,000"
709276,原相凱基5B購04,0,0,0,0.0,0.0,0.0,0,0,0,"3,000",0,0,0,"3,000",0,"3,000","3,000"
709277,華容凱基5B購01,0,0,0,0.0,0.0,0.0,0,0,0,"21,000",0,0,0,"221,000","200,000","21,000","21,000"
709278,華容凱基5C購01,0,0,0,0.0,0.0,0.0,0,0,0,"1,000",0,0,0,"1,000",0,"1,000","1,000"
709284,艾訊台新5B購03,0,0,0,0.0,0.0,0.0,0,0,0,"97,000",0,0,0,"107,000","10,000","97,000","97,000"
709285,艾訊台新5B購04,0,0,0,0.0,0.0,0.0,0,0,0,"36,000",0,0,0,"36,000",0,"36,000","36,000"
709287,南俊台新5B購01,0,0,0,0.0,0.0,0.0,0,0,0,0,0,0,0,"280,000","280,000",0,0
709288,南俊台新5B購02,0,0,0,0.0,0.0,0.0,0,0,0,"-292,000",0,0,0,"209,000","501,000","-292,000","-292,000"
709289,順達台新5B購06,0,0,0,0.0,0.0,0.0,0,0,0,"50,000",0,0,0,"50,000",0,"50,000","50,000"
709291,臺慶科台新5B購06,0,0,0,0.0,0.0,0.0,0,0,0,"-318,000",0,0,0,"308,000","626,000","-318,000","-318,000"
709292,臺慶科台新5B購07,0,0,0,0.0,0.0,0.0,0,0,0,"60,000",0,0,0,"260,000","200,000","60,000","60,000"
709293,群聯兆豐65購03,0,0,0,0.0,0.0,0.0,0,0,0,"-335,000",0,0,0,"20,000","355,000","-335,000","-335,000"
709296,世界元大5B購04,0,0,0,0.0,0.0,0.0,0,0,0,"791,000",0,0,0,"831,000","40,000","791,000","791,000"
709297,台半元大5B購05,0,0,0,0.0,0.0,0.0,0,0,0,"80,000",0,0,0,"90,000","10,000","80,000","80,000"
709300,群聯元大61購07,0,0,0,0.0,0.0,0.0,0,0,0,"-1,034,000",0,0,0,"299,000","1,333,000","-1,034,000","-1,034,000"
709302,臺慶科元大5B購02,0,0,0,0.0,0.0,0.0,0,0,0,"3,000",0,0,0,"4,000","1,000","3,000","3,000"
709303,優群元大5B購02,0,0,0,0.0,0.0,0.0,0,0,0,"3,000",0,0,0,"3,000",0,"3,000","3,000"
709308,世界群益5C購02,0,0,0,0.0,0.0,0.0,0,0,0,"50,000",0,0,0,"85,000","35,000","50,000","50,000"
709309,南俊群益5B購01,0,0,0,0.0,0.0,0.0,0,0,0,"15,000",0,0,0,"25,000","10,000","15,000","15,000"
709310,茂達群益5B購02,0,0,0,0.0,0.0,0.0,0,0,0,"60,000",0,0,0,"60,000",0,"60,000","60,000"
709312,群聯群益5B購09,0,0,0,0.0,0.0,0.0,0,0,0,"1,137,000",0,0,0,"1,197,000","60,000","1,137,000","1,137,000"
709313,精材群益5B購09,0,0,0,0.0,0.0,0.0,0,0,0,"49,000",0,0,0,"68,000","19,000","49,000","49,000"
709314,雙鴻群益5B購10,0,0,0,0.0,0.0,0.0,0,0,0,"-10,000",0,0,0,0,"10,000","-10,000","-10,000"
709315,沛亨永豐65購01,0,0,0,0.0,0.0,0.0,0,0,0,"64,000",0,0,0,"64,000",0,"64,000","64,000"
709316,長科*永豐61購01,0,0,0,0.0,0.0,0.0,0,0,0,"7,000",0,0,0,"7,000",0,"7,000","7,000"
709317,順達永豐64購02,0,0,0,0.0,0.0,0.0,0,0,0,"27,000",0,0,0,"27,000",0,"27,000","27,000"
709320,群聯永豐65購05,0,0,0,0.0,0.0,0.0,0,0,0,"-50,000",0,0,0,0,"50,000","-50,000","-50,000"
709328,富喬元大61購03,0,0,0,0.0,0.0,0.0,0,0,0,"-25,000",0,0,0,"17,000","42,000","-25,000","-25,000"
709329,群聯元大61購08,0,0,0,0.0,0.0,0.0,0,0,0,"-499,000",0,0,0,0,"499,000","-499,000","-499,000"
709332,順達富邦61購01,0,0,0,0.0,0.0,0.0,0,0,0,"541,000",0,0,0,"550,000","9,000","541,000","541,000"
709335,均豪群益5B購06,0,0,0,0.0,0.0,0.0,0,0,0,"-55,000",0,0,0,0,"55,000","-55,000","-55,000"
709339,佳邦群益5B購03,0,0,0,0.0,0.0,0.0,0,0,0,"1,897,000",0,0,0,"1,897,000",0,"1,897,000","1,897,000"
709342,順達群益5B購04,0,0,0,0.0,0.0,0.0,0,0,0,"163,000",0,0,0,"163,000",0,"163,000","163,000"
709345,精材群益5B購10,0,0,0,0.0,0.0,0.0,0,0,0,"128,000",0,0,0,"132,000","4,000","128,000","128,000"
709346,台半凱基5B購03,0,0,0,0.0,0.0,0.0,0,0,0,"1,000",0,0,0,"1,000",0,"1,000","1,000"
709351,聖暉*凱基5B購05,0,0,0,0.0,0.0,0.0,0,0,0,"98,000",0,0,0,"98,000",0,"98,000","98,000"
709356,金益鼎台新5B購01,0,0,0,0.0,0.0,0.0,0,0,0,"145,000",0,0,0,"145,000",0,"145,000","145,000"
709357,博盛台新5B購02,0,0,0,0.0,0.0,0.0,0,0,0,"-320,000",0,0,0,0,"320,000","-320,000","-320,000"
709361,穩得台新5B購01,0,0,0,0.0,0.0,0.0,0,0,0,"-102,000",0,0,0,"30,000","132,000","-102,000","-102,000"
709365,長科*凱基5B購01,0,0,0,0.0,0.0,0.0,0,0,0,"-15,000",0,0,0,0,"15,000","-15,000","-15,000"
709367,萊德光凱基5B購01,0,0,0,0.0,0.0,0.0,0,0,0,"-11,000",0,0,0,0,"11,000","-11,000","-11,000"
709369,順達凱基5B購05,0,0,0,0.0,0.0,0.0,0,0,0,"50,000",0,0,0,"50,000",0,"50,000","50,000"
709372,聖暉*凱基5B購06,0,0,0,0.0,0.0,0.0,0,0,0,"70,000",0,0,0,"70,000",0,"70,000","70,000"
709374,廣穎凱基5B購03,0,0,0,0.0,0.0,0.0,0,0,0,"-27,000",0,0,0,0,"27,000","-27,000","-27,000"
709375,雙鴻凱基5B購03,0,0,0,0.0,0.0,0.0,0,0,0,"23,000",0,0,0,"94,000","71,000","23,000","23,000"
709382,廣穎台新5B購02,0,0,0,0.0,0.0,0.0,0,0,0,"161,000",0,0,0,"161,000",0,"161,000","161,000"
709387,順達元大5B購08,0,0,0,0.0,0.0,0.0,0,0,0,"1,000",0,0,0,"1,000",0,"1,000","1,000"
709388,順達元大62購01,0,0,0,0.0,0.0,0.0,0,0,0,"53,000",0,0,0,"53,000",0,"53,000","53,000"
709389,群聯元大5B購19,0,0,0,0.0,0.0,0.0,0,0,0,"-654,000",0,0,0,0,"654,000","-654,000","-654,000"
709395,聖暉*群益5B購03,0,0,0,0.0,0.0,0.0,0,0,0,"80,000",0,0,0,"80,000",0,"80,000","80,000"
709398,威聯通國泰5C購01,0,0,0,0.0,0.0,0.0,0,0,0,"-44,000",0,0,0,"210,000","254,000","-44,000","-44,000"
709399,勤凱國泰5C購02,0,0,0,0.0,0.0,0.0,0,0,0,"11,000",0,0,0,"11,000",0,"11,000","11,000"
709400,台半永豐63購02,0,0,0,0.0,0.0,0.0,0,0,0,"-1,000",0,0,0,0,"1,000","-1,000","-1,000"
709403,萊德光永豐5C購01,0,0,0,0.0,0.0,0.0,0,0,0,"15,000",0,0,0,"35,000","20,000","15,000","15,000"
709404,勤凱永豐5C購04,0,0,0,0.0,0.0,0.0,0,0,0,"-1,000",0,0,0,0,"1,000","-1,000","-1,000"
709409,世界元大5C購02,0,0,0,0.0,0.0,0.0,0,0,0,"83,000",0,0,0,"83,000",0,"83,000","83,000"
709410,台半元大5C購02,0,0,0,0.0,0.0,0.0,0,0,0,"-1,000",0,0,0,0,"1,000","-1,000","-1,000"
709414,順達元大5C購02,0,0,0,0.0,0.0,0.0,0,0,0,"-192,000",0,0,0,0,"192,000","-192,000","-192,000"
709415,勤凱元大5C購01,0,0,0,0.0,0.0,0.0,0,0,0,"-4,000",0,0,0,0,"4,000","-4,000","-4,000"
709416,群聯元大5C購03,0,0,0,0.0,0.0,0.0,0,0,0,"-785,000",0,0,0,"61,000","846,000","-785,000","-785,000"
709417,精材元大5C購01,0,0,0,0.0,0.0,0.0,0,0,0,"5,000",0,0,0,"5,000",0,"5,000","5,000"
709418,中美晶永豐64購01,0,0,0,0.0,0.0,0.0,0,0,0,"39,000",0,0,0,"75,000","36,000","39,000","39,000"
709419,長科*永豐61購02,0,0,0,0.0,0.0,0.0,0,0,0,"27,000",0,0,0,"27,000",0,"27,000","27,000"
709421,華容永豐64購01,0,0,0,0.0,0.0,0.0,0,0,0,"2,000",0,0,0,"2,000",0,"2,000","2,000"
709422,臺慶科永豐66購01,0,0,0,0.0,0.0,0.0,0,0,0,"-229,000",0,0,0,"15,000","244,000","-229,000","-229,000"
709423,廣穎永豐61購02,0,0,0,0.0,0.0,0.0,0,0,0,"-2,000",0,0,0,0,"2,000","-2,000","-2,000"
709424,台半凱基5C購02,0,0,0,0.0,0.0,0.0,0,0,0,"-113,000",0,0,0,0,"113,000","-113,000","-113,000"
709433,勤凱凱基62購01,0,0,0,0.0,0.0,0.0,0,0,0,"-20,000",0,0,0,0,"20,000","-20,000","-20,000"
709434,群聯凱基66購01,0,0,0,0.0,0.0,0.0,0,0,0,"10,000",0,0,0,"10,000",0,"10,000","10,000"
709435,廣穎凱基5C購01,0,0,0,0.0,0.0,0.0,0,0,0,"52,000",0,0,0,"54,000","2,000","52,000","52,000"
709438,湧德台新61購01,0,0,0,0.0,0.0,0.0,0,0,0,"101,000",0,0,0,"101,000",0,"101,000","101,000"
709440,華容台新5C購02,0,0,0,0.0,0.0,0.0,0,0,0,0,0,0,0,"10,000","10,000",0,0
709441,鈊象台新5C購01,0,0,0,0.0,0.0,0.0,0,0,0,"-24,000",0,0,0,"3,000","27,000","-24,000","-24,000"
709443,台半群益5C購01,0,0,0,0.0,0.0,0.0,0,0,0,"11,000",0,0,0,"11,000",0,"11,000","11,000"
709445,立敦群益5C購01,0,0,0,0.0,0.0,0.0,0,0,0,"-120,000",0,0,0,0,"120,000","-120,000","-120,000"
709446,勤凱群益5C購01,0,0,0,0.0,0.0,0.0,0,0,0,"-1,000",0,0,0,0,"1,000","-1,000","-1,000"
709447,廣穎群益5C購01,0,0,0,0.0,0.0,0.0,0,0,0,"210,000",0,0,0,"230,000","20,000","210,000","210,000"
709448,雙鴻群益5C購01,0,0,0,0.0,0.0,0.0,0,0,0,"58,000",0,0,0,"200,000","142,000","58,000","58,000"
709450,雙鴻國泰61購02,0,0,0,0.0,0.0,0.0,0,0,0,"-552,000",0,0,0,"248,000","800,000","-552,000","-552,000"
709452,台半富邦64購01,0,0,0,0.0,0.0,0.0,0,0,0,"-642,000",0,0,0,"781,000","1,423,000","-642,000","-642,000"
709453,台半富邦66購01,0,0,0,0.0,0.0,0.0,0,0,0,"145,000",0,0,0,"150,000","5,000","145,000","145,000"
709455,宏捷科富邦66購02,0,0,0,0.0,0.0,0.0,0,0,0,"307,000",0,0,0,"1,699,000","1,392,000","307,000","307,000"
709456,長科*富邦63購01,0,0,0,0.0,0.0,0.0,0,0,0,"80,000",0,0,0,"83,000","3,000","80,000","80,000"
709457,威剛富邦62購01,0,0,0,0.0,0.0,0.0,0,0,0,"90,000",0,0,0,"100,000","10,000","90,000","90,000"
709459,智通*富邦64購01,0,0,0,0.0,0.0,0.0,0,0,0,"-115,000",0,0,0,"63,000","178,000","-115,000","-115,000"
709460,智通*富邦66購01,0,0,0,0.0,0.0,0.0,0,0,0,"-78,000",0,0,0,"51,000","129,000","-78,000","-78,000"
709462,鈊象富邦66購01,0,0,0,0.0,0.0,0.0,0,0,0,"-102,000",0,0,0,"19,000","121,000","-102,000","-102,000"
709464,雙鴻富邦64購01,0,0,0,0.0,0.0,0.0,0,0,0,"9,000",0,0,0,"161,000","152,000","9,000","9,000"
709465,台半國票61購02,0,0,0,0.0,0.0,0.0,0,0,0,"-1,000",0,0,0,0,"1,000","-1,000","-1,000"
709466,台半國票61購03,0,0,0,0.0,0.0,0.0,0,0,0,"50,000",0,0,0,"50,000",0,"50,000","50,000"
709474,茂綸群益62購01,0,0,0,0.0,0.0,0.0,0,0,0,"-26,000",0,0,0,"10,000","36,000","-26,000","-26,000"
709475,振曜群益5C購01,0,0,0,0.0,0.0,0.0,0,0,0,"-25,000",0,0,0,"4,000","29,000","-25,000","-25,000"
709477,群聯群益5C購02,0,0,0,0.0,0.0,0.0,0,0,0,"118,000",0,0,0,"118,000",0,"118,000","118,000"
709478,鈊象國泰61購01,0,0,0,0.0,0.0,0.0,0,0,0,"-20,000",0,0,0,"4,000","24,000","-20,000","-20,000"
709481,欣銓永豐64購01,0,0,0,0.0,0.0,0.0,0,0,0,"14,000",0,0,0,"74,000","60,000","14,000","14,000"
709483,達航永豐64購01,0,0,0,0.0,0.0,0.0,0,0,0,"3,000",0,0,0,"3,000",0,"3,000","3,000"
709486,順達富邦61購02,0,0,0,0.0,0.0,0.0,0,0,0,"64,000",0,0,0,"114,000","50,000","64,000","64,000"
709492,立敦凱基5C購01,0,0,0,0.0,0.0,0.0,0,0,0,"-7,000",0,0,0,"13,000","20,000","-7,000","-7,000"
709494,朋程凱基61購01,0,0,0,0.0,0.0,0.0,0,0,0,"11,000",0,0,0,"11,000",0,"11,000","11,000"
709495,能率亞凱基5C購01,0,0,0,0.0,0.0,0.0,0,0,0,"4,000",0,0,0,"5,000","1,000","4,000","4,000"
709497,華容凱基5C購02,0,0,0,0.0,0.0,0.0,0,0,0,"-108,000",0,0,0,0,"108,000","-108,000","-108,000"
709499,廣穎凱基61購01,0,0,0,0.0,0.0,0.0,0,0,0,"134,000",0,0,0,"394,000","260,000","134,000","134,000"
709501,立敦台新5C購01,0,0,0,0.0,0.0,0.0,0,0,0,"-80,000",0,0,0,0,"80,000","-80,000","-80,000"
709503,南俊台新5C購01,0,0,0,0.0,0.0,0.0,0,0,0,"-648,000",0,0,0,"45,000","693,000","-648,000","-648,000"
709506,精材台新5C購03,0,0,0,0.0,0.0,0.0,0,0,0,"22,000",0,0,0,"22,000",0,"22,000","22,000"
709514,順達元大5C購03,0,0,0,0.0,0.0,0.0,0,0,0,"-20,000",0,0,0,"150,000","170,000","-20,000","-20,000"
709515,順達元大64購05,0,0,0,0.0,0.0,0.0,0,0,0,"187,000",0,0,0,"190,000","3,000","187,000","187,000"
709516,群聯元大61購09,0,0,0,0.0,0.0,0.0,0,0,0,"308,000",0,0,0,"496,000","188,000","308,000","308,000"
709518,中美晶富邦62購01,0,0,0,0.0,0.0,0.0,0,0,0,"1,000",0,0,0,"1,000",0,"1,000","1,000"
709520,世紀*凱基5C購01,0,0,0,0.0,0.0,0.0,0,0,0,"30,000",0,0,0,"30,000",0,"30,000","30,000"
709521,台半凱基61購02,0,0,0,0.0,0.0,0.0,0,0,0,"-105,000",0,0,0,0,"105,000","-105,000","-105,000"
709522,立端凱基61購01,0,0,0,0.0,0.0,0.0,0,0,0,"-6,000",0,0,0,0,"6,000","-6,000","-6,000"
709526,長科*凱基5C購01,0,0,0,0.0,0.0,0.0,0,0,0,"-31,000",0,0,0,"1,000","32,000","-31,000","-31,000"
709527,宸曜凱基5C購01,0,0,0,0.0,0.0,0.0,0,0,0,"-24,000",0,0,0,"3,000","27,000","-24,000","-24,000"
709528,順達凱基64購02,0,0,0,0.0,0.0,0.0,0,0,0,"231,000",0,0,0,"231,000",0,"231,000","231,000"
709529,群聯凱基5C購03,0,0,0,0.0,0.0,0.0,0,0,0,"-935,000",0,0,0,"20,000","955,000","-935,000","-935,000"
709530,大綜台新5C購01,0,0,0,0.0,0.0,0.0,0,0,0,"119,000",0,0,0,"194,000","75,000","119,000","119,000"
709532,萊德光台新5C購01,0,0,0,0.0,0.0,0.0,0,0,0,"145,000",0,0,0,"145,000",0,"145,000","145,000"
709537,雙鴻永豐64購02,0,0,0,0.0,0.0,0.0,0,0,0,0,0,0,0,"303,000","303,000",0,0
709539,中美晶元大5C購04,0,0,0,0.0,0.0,0.0,0,0,0,"51,000",0,0,0,"51,000",0,"51,000","51,000"
709541,世界元大64購05,0,0,0,0.0,0.0,0.0,0,0,0,"352,000",0,0,0,"352,000",0,"352,000","352,000"
709543,台半元大5C購04,0,0,0,0.0,0.0,0.0,0,0,0,"304,000",0,0,0,"304,000",0,"304,000","304,000"
709546,欣銓元大5C購01,0,0,0,0.0,0.0,0.0,0,0,0,"295,000",0,0,0,"295,000",0,"295,000","295,000"
709547,長科*元大5C購02,0,0,0,0.0,0.0,0.0,0,0,0,"-10,000",0,0,0,0,"10,000","-10,000","-10,000"
709548,長科*元大5C購03,0,0,0,0.0,0.0,0.0,0,0,0,"-10,000",0,0,0,0,"10,000","-10,000","-10,000"
709549,長科*元大66購01,0,0,0,0.0,0.0,0.0,0,0,0,"13,000",0,0,0,"13,000",0,"13,000","13,000"
709551,順達元大5C購04,0,0,0,0.0,0.0,0.0,0,0,0,"11,000",0,0,0,"11,000",0,"11,000","11,000"
709552,順達元大64購06,0,0,0,0.0,0.0,0.0,0,0,0,"-135,000",0,0,0,"25,000","160,000","-135,000","-135,000"
709555,方土昶群益5C購01,0,0,0,0.0,0.0,0.0,0,0,0,"-30,000",0,0,0,"100,000","130,000","-30,000","-30,000"
709556,世界群益5C購03,0,0,0,0.0,0.0,0.0,0,0,0,"545,000",0,0,0,"580,000","35,000","545,000","545,000"
709557,台半群益5C購02,0,0,0,0.0,0.0,0.0,0,0,0,"-100,000",0,0,0,0,"100,000","-100,000","-100,000"
709560,長科*群益61購01,0,0,0,0.0,0.0,0.0,0,0,0,"10,000",0,0,0,"20,000","10,000","10,000","10,000"
709561,南俊群益5C購01,0,0,0,0.0,0.0,0.0,0,0,0,"163,000",0,0,0,"189,000","26,000","163,000","163,000"
709564,臺慶科群益5C購01,0,0,0,0.0,0.0,0.0,0,0,0,"-45,000",0,0,0,"110,000","155,000","-45,000","-45,000"
709568,威剛凱基61購01,0,0,0,0.0,0.0,0.0,0,0,0,"-226,000",0,0,0,"100,000","326,000","-226,000","-226,000"
709570,聰泰凱基5C購01,0,0,0,0.0,0.0,0.0,0,0,0,"10,000",0,0,0,"10,000",0,"10,000","10,000"
709572,雙鴻凱基5C購08,0,0,0,0.0,0.0,0.0,0,0,0,"-50,000",0,0,0,0,"50,000","-50,000","-50,000"
709573,能率台新5C購01,0,0,0,0.0,0.0,0.0,0,0,0,"15,000",0,0,0,"15,000",0,"15,000","15,000"
709574,良維富邦61購02,0,0,0,0.0,0.0,0.0,0,0,0,"-50,000",0,0,0,0,"50,000","-50,000","-50,000"
709575,群聯富邦63購01,0,0,0,0.0,0.0,0.0,0,0,0,"-1,439,000",0,0,0,0,"1,439,000","-1,439,000","-1,439,000"
709576,雙鴻富邦62購01,0,0,0,0.0,0.0,0.0,0,0,0,"235,000",0,0,0,"927,000","692,000","235,000","235,000"
709579,中美晶元大5C購05,0,0,0,0.0,0.0,0.0,0,0,0,"-1,000",0,0,0,0,"1,000","-1,000","-1,000"
709580,世界元大5C購04,0,0,0,0.0,0.0,0.0,0,0,0,"457,000",0,0,0,"457,000",0,"457,000","457,000"
709581,世界元大64購06,0,0,0,0.0,0.0,0.0,0,0,0,"175,000",0,0,0,"180,000","5,000","175,000","175,000"
709583,台半元大66購03,0,0,0,0.0,0.0,0.0,0,0,0,"95,000",0,0,0,"106,000","11,000","95,000","95,000"
709586,富喬元大64購01,0,0,0,0.0,0.0,0.0,0,0,0,"4,000",0,0,0,"4,000",0,"4,000","4,000"
709587,順達元大5C購05,0,0,0,0.0,0.0,0.0,0,0,0,"-176,000",0,0,0,0,"176,000","-176,000","-176,000"
709588,群聯元大61購11,0,0,0,0.0,0.0,0.0,0,0,0,"-6,000",0,0,0,0,"6,000","-6,000","-6,000"
709589,群聯元大64購04,0,0,0,0.0,0.0,0.0,0,0,0,"-96,000",0,0,0,"4,000","100,000","-96,000","-96,000"
709590,精材元大5C購02,0,0,0,0.0,0.0,0.0,0,0,0,"10,000",0,0,0,"10,000",0,"10,000","10,000"
709591,威剛群益5C購03,0,0,0,0.0,0.0,0.0,0,0,0,"-10,000",0,0,0,0,"10,000","-10,000","-10,000"
709592,群聯群益5C購04,0,0,0,0.0,0.0,0.0,0,0,0,"-135,000",0,0,0,0,"135,000","-135,000","-135,000"
709595,富喬國票5C購03,0,0,0,0.0,0.0,0.0,0,0,0,"312,000",0,0,0,"312,000",0,"312,000","312,000"
709598,磐亞國票61購01,0,0,0,0.0,0.0,0.0,0,0,0,0,0,0,0,"50,000","50,000",0,0
709601,世界元大5C購05,0,0,0,0.0,0.0,0.0,0,0,0,"521,000",0,0,0,"521,000",0,"521,000","521,000"
709602,世界元大64購07,0,0,0,0.0,0.0,0.0,0,0,0,"447,000",0,0,0,"778,000","331,000","447,000","447,000"
709603,世界元大66購02,0,0,0,0.0,0.0,0.0,0,0,0,"38,000",0,0,0,"44,000","6,000","38,000","38,000"
709605,威剛元大5C購02,0,0,0,0.0,0.0,0.0,0,0,0,"-30,000",0,0,0,"50,000","80,000","-30,000","-30,000"
709607,群聯元大5C購04,0,0,0,0.0,0.0,0.0,0,0,0,"-555,000",0,0,0,0,"555,000","-555,000","-555,000"
709609,群聯元大61購12,0,0,0,0.0,0.0,0.0,0,0,0,"-20,000",0,0,0,0,"20,000","-20,000","-20,000"
709611,磐亞元大5C購01,0,0,0,0.0,0.0,0.0,0,0,0,"1,000",0,0,0,"1,000",0,"1,000","1,000"
709614,磐亞永豐61購01,0,0,0,0.0,0.0,0.0,0,0,0,"1,000",0,0,0,"1,000",0,"1,000","1,000"
709617,磐亞凱基5C購01,0,0,0,0.0,0.0,0.0,0,0,0,"-10,000",0,0,0,0,"10,000","-10,000","-10,000"
709619,大綜台新5C購02,0,0,0,0.0,0.0,0.0,0,0,0,"69,000",0,0,0,"69,000",0,"69,000","69,000"
709622,順達台新5C購02,0,0,0,0.0,0.0,0.0,0,0,0,"-113,000",0,0,0,"14,000","127,000","-113,000","-113,000"
709623,精材台新62購01,0,0,0,0.0,0.0,0.0,0,0,0,"-32,000",0,0,0,0,"32,000","-32,000","-32,000"
709624,雙鴻台新5C購01,0,0,0,0.0,0.0,0.0,0,0,0,"-42,000",0,0,0,0,"42,000","-42,000","-42,000"
709626,威剛群益5C購04,0,0,0,0.0,0.0,0.0,0,0,0,"-75,000",0,0,0,0,"75,000","-75,000","-75,000"
709631,宜特永豐5C購03,0,0,0,0.0,0.0,0.0,0,0,0,"197,000",0,0,0,"197,000",0,"197,000","197,000"
709633,鈊象永豐64購01,0,0,0,0.0,0.0,0.0,0,0,0,"5,000",0,0,0,"5,000",0,"5,000","5,000"
709635,雙鴻群益5C購03,0,0,0,0.0,0.0,0.0,0,0,0,"-848,000",0,0,0,"309,000","1,157,000","-848,000","-848,000"
709636,大綜國票5C購01,0,0,0,0.0,0.0,0.0,0,0,0,"-25,000",0,0,0,0,"25,000","-25,000","-25,000"
709638,光聚晶國票61購01,0,0,0,0.0,0.0,0.0,0,0,0,"-81,000",0,0,0,"20,000","101,000","-81,000","-81,000"
709640,家登國票5C購01,0,0,0,0.0,0.0,0.0,0,0,0,"-20,000",0,0,0,0,"20,000","-20,000","-20,000"
709644,大綜凱基5C購01,0,0,0,0.0,0.0,0.0,0,0,0,"-99,000",0,0,0,"20,000","119,000","-99,000","-99,000"
709647,朋億*凱基5C購01,0,0,0,0.0,0.0,0.0,0,0,0,"-128,000",0,0,0,0,"128,000","-128,000","-128,000"
709648,威剛凱基5C購03,0,0,0,0.0,0.0,0.0,0,0,0,"-1,915,000",0,0,0,"8,000","1,923,000","-1,915,000","-1,915,000"
709649,茂訊凱基5C購01,0,0,0,0.0,0.0,0.0,0,0,0,"-7,000",0,0,0,0,"7,000","-7,000","-7,000"
709650,富喬凱基5C購02,0,0,0,0.0,0.0,0.0,0,0,0,"200,000",0,0,0,"200,000",0,"200,000","200,000"
709652,雅特力凱基5C購02,0,0,0,0.0,0.0,0.0,0,0,0,"-193,000",0,0,0,"10,000","203,000","-193,000","-193,000"
709654,精確凱基5C購01,0,0,0,0.0,0.0,0.0,0,0,0,"350,000",0,0,0,"350,000",0,"350,000","350,000"
709655,大綜台新5C購03,0,0,0,0.0,0.0,0.0,0,0,0,"95,000",0,0,0,"115,000","20,000","95,000","95,000"
709657,方土昶台新5C購01,0,0,0,0.0,0.0,0.0,0,0,0,"-23,000",0,0,0,0,"23,000","-23,000","-23,000"
709659,富喬台新5C購02,0,0,0,0.0,0.0,0.0,0,0,0,"70,000",0,0,0,"70,000",0,"70,000","70,000"
709665,中美晶元大5C購07,0,0,0,0.0,0.0,0.0,0,0,0,"-2,000",0,0,0,0,"2,000","-2,000","-2,000"
709668,威剛元大61購03,0,0,0,0.0,0.0,0.0,0,0,0,"75,000",0,0,0,"75,000",0,"75,000","75,000"
709670,群聯元大5C購06,0,0,0,0.0,0.0,0.0,0,0,0,"-64,000",0,0,0,0,"64,000","-64,000","-64,000"
709672,群聯元大5C購08,0,0,0,0.0,0.0,0.0,0,0,0,"240,000",0,0,0,"241,000","1,000","240,000","240,000"
709675,聖暉*元大5C購06,0,0,0,0.0,0.0,0.0,0,0,0,"-40,000",0,0,0,0,"40,000","-40,000","-40,000"
709677,正德群益5C購01,0,0,0,0.0,0.0,0.0,0,0,0,"9,000",0,0,0,"9,000",0,"9,000","9,000"
709679,家登群益5C購01,0,0,0,0.0,0.0,0.0,0,0,0,"40,000",0,0,0,"40,000",0,"40,000","40,000"
709682,群聯群益5C購06,0,0,0,0.0,0.0,0.0,0,0,0,"-48,000",0,0,0,0,"48,000","-48,000","-48,000"
709684,立端永豐64購01,0,0,0,0.0,0.0,0.0,0,0,0,"212,000",0,0,0,"212,000",0,"212,000","212,000"
709685,威剛永豐6C購01,0,0,0,0.0,0.0,0.0,0,0,0,"-1,000",0,0,0,"5,000","6,000","-1,000","-1,000"
709686,建榮永豐61購01,0,0,0,0.0,0.0,0.0,0,0,0,"5,000",0,0,0,"30,000","25,000","5,000","5,000"
709687,茂訊永豐5C購01,0,0,0,0.0,0.0,0.0,0,0,0,"-8,000",0,0,0,0,"8,000","-8,000","-8,000"
709688,雅特力永豐61購01,0,0,0,0.0,0.0,0.0,0,0,0,"-349,000",0,0,0,"160,000","509,000","-349,000","-349,000"
709689,群聯永豐5C購09,0,0,0,0.0,0.0,0.0,0,0,0,"48,000",0,0,0,"48,000",0,"48,000","48,000"
709690,綠界*永豐61購01,0,0,0,0.0,0.0,0.0,0,0,0,"250,000",0,0,0,"250,000",0,"250,000","250,000"
709691,聰泰永豐61購01,0,0,0,0.0,0.0,0.0,0,0,0,"5,000",0,0,0,"5,000",0,"5,000","5,000"
709693,立敦國票5C購02,0,0,0,0.0,0.0,0.0,0,0,0,"1,000",0,0,0,"1,000",0,"1,000","1,000"
709694,伍豐國票61購01,0,0,0,0.0,0.0,0.0,0,0,0,"-2,000",0,0,0,0,"2,000","-2,000","-2,000"
709696,安勤國票61購01,0,0,0,0.0,0.0,0.0,0,0,0,"1,000",0,0,0,"1,000",0,"1,000","1,000"
709698,邑昇國票61購01,0,0,0,0.0,0.0,0.0,0,0,0,"100,000",0,0,0,"100,000",0,"100,000","100,000"
709700,建榮國票5C購01,0,0,0,0.0,0.0,0.0,0,0,0,"-270,000",0,0,0,"40,000","310,000","-270,000","-270,000"
709705,雅特力國票61購01,0,0,0,0.0,0.0,0.0,0,0,0,"-200,000",0,0,0,"408,000","608,000","-200,000","-200,000"
709706,雅特力國票61購02,0,0,0,0.0,0.0,0.0,0,0,0,"-546,000",0,0,0,"9,000","555,000","-546,000","-546,000"
709708,聚和國票61購01,0,0,0,0.0,0.0,0.0,0,0,0,"40,000",0,0,0,"40,000",0,"40,000","40,000"
709710,廣閎科國票61購01,0,0,0,0.0,0.0,0.0,0,0,0,"-50,000",0,0,0,0,"50,000","-50,000","-50,000"
709711,騰雲國票61購01,0,0,0,0.0,0.0,0.0,0,0,0,"10,000",0,0,0,"10,000",0,"10,000","10,000"
709712,威剛國泰61購01,0,0,0,0.0,0.0,0.0,0,0,0,"-220,000",0,0,0,0,"220,000","-220,000","-220,000"
709713,湧德國泰61購01,0,0,0,0.0,0.0,0.0,0,0,0,"1,000",0,0,0,"22,000","21,000","1,000","1,000"
709717,雅特力台新5C購01,0,0,0,0.0,0.0,0.0,0,0,0,"10,000",0,0,0,"10,000",0,"10,000","10,000"
709718,雅特力台新5C購02,0,0,0,0.0,0.0,0.0,0,0,0,"199,000",0,0,0,"199,000",0,"199,000","199,000"
709719,鈊象台新5C購02,0,0,0,0.0,0.0,0.0,0,0,0,"-31,000",0,0,0,0,"31,000","-31,000","-31,000"
709720,雙鴻台新5C購02,0,0,0,0.0,0.0,0.0,0,0,0,"30,000",0,0,0,"43,000","13,000","30,000","30,000"
709722,穩得台新5C購01,0,0,0,0.0,0.0,0.0,0,0,0,"-50,000",0,0,0,0,"50,000","-50,000","-50,000"
709724,中美晶元大5C購09,0,0,0,0.0,0.0,0.0,0,0,0,"238,000",0,0,0,"257,000","19,000","238,000","238,000"
709725,方土昶元大5C購01,0,0,0,0.0,0.0,0.0,0,0,0,"-89,000",0,0,0,"11,000","100,000","-89,000","-89,000"
709726,系統電元大5C購05,0,0,0,0.0,0.0,0.0,0,0,0,"100,000",0,0,0,"200,000","100,000","100,000","100,000"
709729,威剛元大61購04,0,0,0,0.0,0.0,0.0,0,0,0,"1,000",0,0,0,"1,000",0,"1,000","1,000"
709731,順達元大5C購06,0,0,0,0.0,0.0,0.0,0,0,0,"-165,000",0,0,0,"62,000","227,000","-165,000","-165,000"
709732,鈊象元大5C購05,0,0,0,0.0,0.0,0.0,0,0,0,"-134,000",0,0,0,"9,000","143,000","-134,000","-134,000"
709733,群聯元大5C購09,0,0,0,0.0,0.0,0.0,0,0,0,"-532,000",0,0,0,"76,000","608,000","-532,000","-532,000"
709735,群聯元大5C購11,0,0,0,0.0,0.0,0.0,0,0,0,"-1,000",0,0,0,0,"1,000","-1,000","-1,000"
709736,群聯元大66購06,0,0,0,0.0,0.0,0.0,0,0,0,"-31,000",0,0,0,"80,000","111,000","-31,000","-31,000"
709737,精材元大5C購03,0,0,0,0.0,0.0,0.0,0,0,0,"40,000",0,0,0,"57,000","17,000","40,000","40,000"
709738,精材元大64購01,0,0,0,0.0,0.0,0.0,0,0,0,0,0,0,0,"10,000","10,000",0,0
709740,順達凱基5C購03,0,0,0,0.0,0.0,0.0,0,0,0,"396,000",0,0,0,"443,000","47,000","396,000","396,000"
709743,精材凱基61購05,0,0,0,0.0,0.0,0.0,0,0,0,"5,000",0,0,0,"5,000",0,"5,000","5,000"
709745,宜鼎元大5C購05,0,0,0,0.0,0.0,0.0,0,0,0,"-157,000",0,0,0,"5,000","162,000","-157,000","-157,000"
709746,宜鼎元大61購04,0,0,0,0.0,0.0,0.0,0,0,0,"73,000",0,0,0,"619,000","546,000","73,000","73,000"
709747,廣閎科元大5C購01,0,0,0,0.0,0.0,0.0,0,0,0,"-94,000",0,0,0,"6,000","100,000","-94,000","-94,000"
709748,宜鼎群益5C購01,0,0,0,0.0,0.0,0.0,0,0,0,"-131,000",0,0,0,0,"131,000","-131,000","-131,000"
709749,宜鼎群益5C購02,0,0,0,0.0,0.0,0.0,0,0,0,"177,000",0,0,0,"177,000",0,"177,000","177,000"
709750,宜鼎群益5C購03,0,0,0,0.0,0.0,0.0,0,0,0,"-476,000",0,0,0,0,"476,000","-476,000","-476,000"
709751,方土昶國票61購01,0,0,0,0.0,0.0,0.0,0,0,0,"2,000",0,0,0,"10,000","8,000","2,000","2,000"
709753,宜鼎國票61購01,0,0,0,0.0,0.0,0.0,0,0,0,"-10,000",0,0,0,0,"10,000","-10,000","-10,000"
709755,凱崴國票61購01,0,0,0,0.0,0.0,0.0,0,0,0,"-31,000",0,0,0,"2,000","33,000","-31,000","-31,000"
709757,華容國票61購01,0,0,0,0.0,0.0,0.0,0,0,0,"9,000",0,0,0,"9,000",0,"9,000","9,000"
709758,萊德光國票61購02,0,0,0,0.0,0.0,0.0,0,0,0,"135,000",0,0,0,"200,000","65,000","135,000","135,000"
709759,萊德光國票61購03,0,0,0,0.0,0.0,0.0,0,0,0,"566,000",0,0,0,"656,000","90,000","566,000","566,000"
709760,宜特國泰61購01,0,0,0,0.0,0.0,0.0,0,0,0,"1,000",0,0,0,"23,000","22,000","1,000","1,000"
709762,宜鼎國泰61購03,0,0,0,0.0,0.0,0.0,0,0,0,"-14,000",0,0,0,"22,000","36,000","-14,000","-14,000"
709766,宜特富邦62購01,0,0,0,0.0,0.0,0.0,0,0,0,"39,000",0,0,0,"39,000",0,"39,000","39,000"
709767,宜鼎富邦5C購04,0,0,0,0.0,0.0,0.0,0,0,0,"-534,000",0,0,0,"177,000","711,000","-534,000","-534,000"
709769,朋程富邦63購01,0,0,0,0.0,0.0,0.0,0,0,0,"78,000",0,0,0,"78,000",0,"78,000","78,000"
709772,鈊象富邦62購01,0,0,0,0.0,0.0,0.0,0,0,0,"-3,000",0,0,0,0,"3,000","-3,000","-3,000"
709774,雙鴻富邦63購01,0,0,0,0.0,0.0,0.0,0,0,0,"-11,000",0,0,0,"87,000","98,000","-11,000","-11,000"
709776,威剛凱基5C購04,0,0,0,0.0,0.0,0.0,0,0,0,"-36,000",0,0,0,"24,000","60,000","-36,000","-36,000"
709779,富喬凱基5C購03,0,0,0,0.0,0.0,0.0,0,0,0,"15,000",0,0,0,"15,000",0,"15,000","15,000"
709781,群聯凱基61購05,0,0,0,0.0,0.0,0.0,0,0,0,"-13,000",0,0,0,"10,000","23,000","-13,000","-13,000"
709783,宜鼎台新5C購01,0,0,0,0.0,0.0,0.0,0,0,0,"-1,937,000",0,0,0,"177,000","2,114,000","-1,937,000","-1,937,000"
709784,宜鼎台新5C購02,0,0,0,0.0,0.0,0.0,0,0,0,"-264,000",0,0,0,"178,000","442,000","-264,000","-264,000"
709785,宜鼎台新5C購03,0,0,0,0.0,0.0,0.0,0,0,0,"10,000",0,0,0,"214,000","204,000","10,000","10,000"
709786,宜鼎中信5C購02,0,0,0,0.0,0.0,0.0,0,0,0,"-2,000",0,0,0,"15,000","17,000","-2,000","-2,000"
709787,宜鼎永豐64購01,0,0,0,0.0,0.0,0.0,0,0,0,"7,000",0,0,0,"15,000","8,000","7,000","7,000"
709788,宜鼎永豐65購01,0,0,0,0.0,0.0,0.0,0,0,0,"-336,000",0,0,0,"10,000","346,000","-336,000","-336,000"
709789,宇峻國泰61購01,0,0,0,0.0,0.0,0.0,0,0,0,"-60,000",0,0,0,0,"60,000","-60,000","-60,000"
709790,華景電國泰61購01,0,0,0,0.0,0.0,0.0,0,0,0,"5,000",0,0,0,"5,000",0,"5,000","5,000"
709791,群聯國泰61購02,0,0,0,0.0,0.0,0.0,0,0,0,"6,000",0,0,0,"56,000","50,000","6,000","6,000"
709792,漢達國泰61購01,0,0,0,0.0,0.0,0.0,0,0,0,"-50,000",0,0,0,0,"50,000","-50,000","-50,000"
709794,宜鼎凱基5C購03,0,0,0,0.0,0.0,0.0,0,0,0,"-350,000",0,0,0,0,"350,000","-350,000","-350,000"
709795,宜鼎凱基5C購04,0,0,0,0.0,0.0,0.0,0,0,0,"104,000",0,0,0,"104,000",0,"104,000","104,000"
709796,宜鼎凱基5C購05,0,0,0,0.0,0.0,0.0,0,0,0,"-166,000",0,0,0,"1,000","167,000","-166,000","-166,000"
709801,璟德凱基5C購01,0,0,0,0.0,0.0,0.0,0,0,0,"-120,000",0,0,0,0,"120,000","-120,000","-120,000"
709804,宜鼎台新5C購04,0,0,0,0.0,0.0,0.0,0,0,0,"-210,000",0,0,0,"41,000","251,000","-210,000","-210,000"
709805,宜鼎台新61購01,0,0,0,0.0,0.0,0.0,0,0,0,"-159,000",0,0,0,0,"159,000","-159,000","-159,000"
709806,東浦台新5C購01,0,0,0,0.0,0.0,0.0,0,0,0,"-2,000",0,0,0,"1,000","3,000","-2,000","-2,000"
709807,家登台新5C購01,0,0,0,0.0,0.0,0.0,0,0,0,"1,000",0,0,0,"1,000",0,"1,000","1,000"
709808,順達台新61購02,0,0,0,0.0,0.0,0.0,0,0,0,"1,000",0,0,0,"1,000",0,"1,000","1,000"
709809,新漢台新5C購01,0,0,0,0.0,0.0,0.0,0,0,0,"6,000",0,0,0,"11,000","5,000","6,000","6,000"
709812,創惟永豐5C購01,0,0,0,0.0,0.0,0.0,0,0,0,"15,000",0,0,0,"15,000",0,"15,000","15,000"
709813,華容永豐61購01,0,0,0,0.0,0.0,0.0,0,0,0,"13,000",0,0,0,"13,000",0,"13,000","13,000"
709816,宜鼎元大5C購06,0,0,0,0.0,0.0,0.0,0,0,0,"-660,000",0,0,0,0,"660,000","-660,000","-660,000"
709817,宜鼎元大5C購07,0,0,0,0.0,0.0,0.0,0,0,0,"-167,000",0,0,0,"183,000","350,000","-167,000","-167,000"
709818,宜鼎元大5C購08,0,0,0,0.0,0.0,0.0,0,0,0,"207,000",0,0,0,"219,000","12,000","207,000","207,000"
709819,威剛元大5C購03,0,0,0,0.0,0.0,0.0,0,0,0,"-10,000",0,0,0,0,"10,000","-10,000","-10,000"
709820,群聯元大5C購12,0,0,0,0.0,0.0,0.0,0,0,0,"-252,000",0,0,0,0,"252,000","-252,000","-252,000"
709821,群聯元大5C購13,0,0,0,0.0,0.0,0.0,0,0,0,"-437,000",0,0,0,"55,000","492,000","-437,000","-437,000"
709822,群聯元大5C購14,0,0,0,0.0,0.0,0.0,0,0,0,"-59,000",0,0,0,"157,000","216,000","-59,000","-59,000"
709823,群聯元大61購13,0,0,0,0.0,0.0,0.0,0,0,0,"-463,000",0,0,0,0,"463,000","-463,000","-463,000"
709825,雙鴻元大61購15,0,0,0,0.0,0.0,0.0,0,0,0,"148,000",0,0,0,"353,000","205,000","148,000","148,000"
709827,加高國票61購02,0,0,0,0.0,0.0,0.0,0,0,0,"1,000",0,0,0,"1,000",0,"1,000","1,000"
709828,立端國票61購01,0,0,0,0.0,0.0,0.0,0,0,0,"190,000",0,0,0,"190,000",0,"190,000","190,000"
709829,邑錡國票5C購01,0,0,0,0.0,0.0,0.0,0,0,0,"-9,000",0,0,0,"117,000","126,000","-9,000","-9,000"
709832,東浦國票61購01,0,0,0,0.0,0.0,0.0,0,0,0,"5,000",0,0,0,"5,000",0,"5,000","5,000"
709833,杰力國票61購01,0,0,0,0.0,0.0,0.0,0,0,0,"-20,000",0,0,0,0,"20,000","-20,000","-20,000"
709835,長聖國票61購01,0,0,0,0.0,0.0,0.0,0,0,0,"110,000",0,0,0,"110,000",0,"110,000","110,000"
709836,胡連國票61購01,0,0,0,0.0,0.0,0.0,0,0,0,"130,000",0,0,0,"130,000",0,"130,000","130,000"
709838,宸曜國票5C購01,0,0,0,0.0,0.0,0.0,0,0,0,"-34,000",0,0,0,0,"34,000","-34,000","-34,000"
709840,凱崴國票61購02,0,0,0,0.0,0.0,0.0,0,0,0,"100,000",0,0,0,"100,000",0,"100,000","100,000"
709841,湧德國票5C購01,0,0,0,0.0,0.0,0.0,0,0,0,"-3,000",0,0,0,0,"3,000","-3,000","-3,000"
709842,湧德國票5C購02,0,0,0,0.0,0.0,0.0,0,0,0,"-1,000",0,0,0,"22,000","23,000","-1,000","-1,000"
709843,華容國票61購02,0,0,0,0.0,0.0,0.0,0,0,0,"-34,000",0,0,0,"153,000","187,000","-34,000","-34,000"
709849,系統電群益5C購01,0,0,0,0.0,0.0,0.0,0,0,0,"-26,000",0,0,0,0,"26,000","-26,000","-26,000"
709850,宜鼎群益5C購04,0,0,0,0.0,0.0,0.0,0,0,0,"899,000",0,0,0,"999,000","100,000","899,000","899,000"
709852,群聯群益5C購07,0,0,0,0.0,0.0,0.0,0,0,0,"-122,000",0,0,0,"25,000","147,000","-122,000","-122,000"
709853,兆利富邦62購01,0,0,0,0.0,0.0,0.0,0,0,0,"-1,000",0,0,0,0,"1,000","-1,000","-1,000"
709854,智通*富邦62購01,0,0,0,0.0,0.0,0.0,0,0,0,"-39,000",0,0,0,"341,000","380,000","-39,000","-39,000"
709855,湧德富邦62購01,0,0,0,0.0,0.0,0.0,0,0,0,"160,000",0,0,0,"312,000","152,000","160,000","160,000"
709856,閎康富邦62購02,0,0,0,0.0,0.0,0.0,0,0,0,"11,000",0,0,0,"11,000",0,"11,000","11,000"
709857,聖暉*富邦5C購02,0,0,0,0.0,0.0,0.0,0,0,0,"85,000",0,0,0,"85,000",0,"85,000","85,000"
709862,永信建國票61購01,0,0,0,0.0,0.0,0.0,0,0,0,"10,000",0,0,0,"10,000",0,"10,000","10,000"
709863,兆利國票61購01,0,0,0,0.0,0.0,0.0,0,0,0,"13,000",0,0,0,"13,000",0,"13,000","13,000"
709866,東浦國票61購02,0,0,0,0.0,0.0,0.0,0,0,0,"4,000",0,0,0,"4,000",0,"4,000","4,000"
709867,順達國票61購02,0,0,0,0.0,0.0,0.0,0,0,0,"-70,000",0,0,0,0,"70,000","-70,000","-70,000"
709868,緯軟國票61購01,0,0,0,0.0,0.0,0.0,0,0,0,"17,000",0,0,0,"17,000",0,"17,000","17,000"
709869,華容群益5C購02,0,0,0,0.0,0.0,0.0,0,0,0,"10,000",0,0,0,"87,000","77,000","10,000","10,000"
709870,廣閎科群益5C購01,0,0,0,0.0,0.0,0.0,0,0,0,"-30,000",0,0,0,0,"30,000","-30,000","-30,000"
709871,順達中信5C購01,0,0,0,0.0,0.0,0.0,0,0,0,"-11,000",0,0,0,0,"11,000","-11,000","-11,000"
709872,聖暉*中信5C購01,0,0,0,0.0,0.0,0.0,0,0,0,"266,000",0,0,0,"266,000",0,"266,000","266,000"
709873,世紀*永豐5C購01,0,0,0,0.0,0.0,0.0,0,0,0,"-116,000",0,0,0,"394,000","510,000","-116,000","-116,000"
709874,博智永豐5C購03,0,0,0,0.0,0.0,0.0,0,0,0,"-10,000",0,0,0,0,"10,000","-10,000","-10,000"
709875,中美晶元大5C購10,0,0,0,0.0,0.0,0.0,0,0,0,0,0,0,0,"14,000","14,000",0,0
709878,博智元大5C購03,0,0,0,0.0,0.0,0.0,0,0,0,"65,000",0,0,0,"65,000",0,"65,000","65,000"
709879,華容元大5C購01,0,0,0,0.0,0.0,0.0,0,0,0,"-74,000",0,0,0,"1,000","75,000","-74,000","-74,000"
709880,順達元大5C購07,0,0,0,0.0,0.0,0.0,0,0,0,"2,000",0,0,0,"2,000",0,"2,000","2,000"
709881,精材元大5C購04,0,0,0,0.0,0.0,0.0,0,0,0,"105,000",0,0,0,"105,000",0,"105,000","105,000"
709882,臺慶科元大5C購02,0,0,0,0.0,0.0,0.0,0,0,0,"499,000",0,0,0,"499,000",0,"499,000","499,000"
709885,泓格凱基5C購01,0,0,0,0.0,0.0,0.0,0,0,0,"255,000",0,0,0,"265,000","10,000","255,000","255,000"
709889,湧德凱基61購01,0,0,0,0.0,0.0,0.0,0,0,0,"21,000",0,0,0,"33,000","12,000","21,000","21,000"
709890,華容凱基61購01,0,0,0,0.0,0.0,0.0,0,0,0,"-67,000",0,0,0,"129,000","196,000","-67,000","-67,000"
709893,廣閎科凱基5C購01,0,0,0,0.0,0.0,0.0,0,0,0,"30,000",0,0,0,"30,000",0,"30,000","30,000"
709894,雙鴻凱基5C購09,0,0,0,0.0,0.0,0.0,0,0,0,"-341,000",0,0,0,"55,000","396,000","-341,000","-341,000"
709896,中美晶統一66購02,0,0,0,0.0,0.0,0.0,0,0,0,"149,000",0,0,0,"227,000","78,000","149,000","149,000"
709900,佳邦統一64購01,0,0,0,0.0,0.0,0.0,0,0,0,"-1,000",0,0,0,0,"1,000","-1,000","-1,000"
709902,宜鼎統一64購01,0,0,0,0.0,0.0,0.0,0,0,0,"177,000",0,0,0,"177,000",0,"177,000","177,000"
709905,宜鼎統一64購04,0,0,0,0.0,0.0,0.0,0,0,0,"-401,000",0,0,0,0,"401,000","-401,000","-401,000"
709906,宜鼎統一66購03,0,0,0,0.0,0.0,0.0,0,0,0,"1,045,000",0,0,0,"1,597,000","552,000","1,045,000","1,045,000"
709907,宜鼎統一66購04,0,0,0,0.0,0.0,0.0,0,0,0,"-143,000",0,0,0,0,"143,000","-143,000","-143,000"
709913,博智統一6C購01,0,0,0,0.0,0.0,0.0,0,0,0,"5,000",0,0,0,"5,000",0,"5,000","5,000"
709914,富喬統一64購02,0,0,0,0.0,0.0,0.0,0,0,0,"10,000",0,0,0,"10,000",0,"10,000","10,000"
709915,富喬統一64購03,0,0,0,0.0,0.0,0.0,0,0,0,"18,000",0,0,0,"18,000",0,"18,000","18,000"
709917,群聯統一64購02,0,0,0,0.0,0.0,0.0,0,0,0,"-20,000",0,0,0,0,"20,000","-20,000","-20,000"
709918,精材統一66購01,0,0,0,0.0,0.0,0.0,0,0,0,"42,000",0,0,0,"157,000","115,000","42,000","42,000"
709919,精材統一6C購01,0,0,0,0.0,0.0,0.0,0,0,0,"47,000",0,0,0,"86,000","39,000","47,000","47,000"
709920,臺慶科統一64購02,0,0,0,0.0,0.0,0.0,0,0,0,"-10,000",0,0,0,0,"10,000","-10,000","-10,000"
709922,臺慶科統一66購03,0,0,0,0.0,0.0,0.0,0,0,0,"-10,000",0,0,0,0,"10,000","-10,000","-10,000"
709923,臺慶科統一6A購02,0,0,0,0.0,0.0,0.0,0,0,0,"5,000",0,0,0,"5,000",0,"5,000","5,000"
709924,廣閎科統一66購01,0,0,0,0.0,0.0,0.0,0,0,0,"-2,000",0,0,0,0,"2,000","-2,000","-2,000"
709927,優群統一66購02,0,0,0,0.0,0.0,0.0,0,0,0,"21,000",0,0,0,"21,000",0,"21,000","21,000"
709928,雙鴻統一64購01,0,0,0,0.0,0.0,0.0,0,0,0,"55,000",0,0,0,"55,000",0,"55,000","55,000"
709929,雙鴻統一65購02,0,0,0,0.0,0.0,0.0,0,0,0,"-249,000",0,0,0,"132,000","381,000","-249,000","-249,000"
709931,金益鼎國泰61購01,0,0,0,0.0,0.0,0.0,0,0,0,"278,000",0,0,0,"348,000","70,000","278,000","278,000"
709933,威剛台新5C購01,0,0,0,0.0,0.0,0.0,0,0,0,"-15,000",0,0,0,"16,000","31,000","-15,000","-15,000"
709935,威剛台新5C購03,0,0,0,0.0,0.0,0.0,0,0,0,"-9,000",0,0,0,0,"9,000","-9,000","-9,000"
709936,威剛台新61購01,0,0,0,0.0,0.0,0.0,0,0,0,"20,000",0,0,0,"55,000","35,000","20,000","20,000"
709938,威剛台新63購01,0,0,0,0.0,0.0,0.0,0,0,0,"21,000",0,0,0,"21,000",0,"21,000","21,000"
709939,威剛台新66購01,0,0,0,0.0,0.0,0.0,0,0,0,"-20,000",0,0,0,0,"20,000","-20,000","-20,000"
709942,華容台新5C購03,0,0,0,0.0,0.0,0.0,0,0,0,"2,000",0,0,0,"2,000",0,"2,000","2,000"
709943,威剛富邦5C購01,0,0,0,0.0,0.0,0.0,0,0,0,"30,000",0,0,0,"80,000","50,000","30,000","30,000"
709944,宜鼎永豐61購01,0,0,0,0.0,0.0,0.0,0,0,0,"-2,000",0,0,0,"18,000","20,000","-2,000","-2,000"
709945,胡連永豐61購01,0,0,0,0.0,0.0,0.0,0,0,0,"532,000",0,0,0,"794,000","262,000","532,000","532,000"
709946,艾訊國票61購01,0,0,0,0.0,0.0,0.0,0,0,0,"28,000",0,0,0,"29,000","1,000","28,000","28,000"
709948,朋億*國票61購01,0,0,0,0.0,0.0,0.0,0,0,0,"50,000",0,0,0,"70,000","20,000","50,000","50,000"
709954,中美晶凱基5C購03,0,0,0,0.0,0.0,0.0,0,0,0,"-20,000",0,0,0,0,"20,000","-20,000","-20,000"
709961,緯軟凱基5C購01,0,0,0,0.0,0.0,0.0,0,0,0,"10,000",0,0,0,"10,000",0,"10,000","10,000"
709962,世界統一6A購01,0,0,0,0.0,0.0,0.0,0,0,0,"10,000",0,0,0,"10,000",0,"10,000","10,000"
709969,順達統一6A購01,0,0,0,0.0,0.0,0.0,0,0,0,"-49,000",0,0,0,0,"49,000","-49,000","-49,000"
709970,群聯統一63購03,0,0,0,0.0,0.0,0.0,0,0,0,"10,000",0,0,0,"10,000",0,"10,000","10,000"
709971,群聯國泰61購03,0,0,0,0.0,0.0,0.0,0,0,0,"-52,000",0,0,0,"39,000","91,000","-52,000","-52,000"
709972,富喬台新5C購04,0,0,0,0.0,0.0,0.0,0,0,0,"9,000",0,0,0,"9,000",0,"9,000","9,000"
709973,世界富邦61購02,0,0,0,0.0,0.0,0.0,0,0,0,"260,000",0,0,0,"1,023,000","763,000","260,000","260,000"
709974,立碁富邦5C購01,0,0,0,0.0,0.0,0.0,0,0,0,"344,000",0,0,0,"344,000",0,"344,000","344,000"
709976,世界元大5C購06,0,0,0,0.0,0.0,0.0,0,0,0,"289,000",0,0,0,"320,000","31,000","289,000","289,000"
709977,宜鼎元大5C購09,0,0,0,0.0,0.0,0.0,0,0,0,"360,000",0,0,0,"360,000",0,"360,000","360,000"
709979,臺慶科元大5C購03,0,0,0,0.0,0.0,0.0,0,0,0,"122,000",0,0,0,"122,000",0,"122,000","122,000"
709980,雙鴻元大5C購06,0,0,0,0.0,0.0,0.0,0,0,0,"56,000",0,0,0,"240,000","184,000","56,000","56,000"
709981,家登永豐5C購02,0,0,0,0.0,0.0,0.0,0,0,0,"5,000",0,0,0,"5,000",0,"5,000","5,000"
709983,宜鼎元大5C購10,0,0,0,0.0,0.0,0.0,0,0,0,"39,000",0,0,0,"186,000","147,000","39,000","39,000"
709984,千附國票61購01,0,0,0,0.0,0.0,0.0,0,0,0,"-6,000",0,0,0,"113,000","119,000","-6,000","-6,000"
709985,世禾國票61購01,0,0,0,0.0,0.0,0.0,0,0,0,"6,000",0,0,0,"6,000",0,"6,000","6,000"
709987,伯特光國票61購01,0,0,0,0.0,0.0,0.0,0,0,0,"-45,000",0,0,0,0,"45,000","-45,000","-45,000"
709988,岱稜國票61購01,0,0,0,0.0,0.0,0.0,0,0,0,"399,000",0,0,0,"399,000",0,"399,000","399,000"
709989,昇佳電國票61購01,0,0,0,0.0,0.0,0.0,0,0,0,"-5,000",0,0,0,0,"5,000","-5,000","-5,000"
709990,朋億*國票61購02,0,0,0,0.0,0.0,0.0,0,0,0,"17,000",0,0,0,"30,000","13,000","17,000","17,000"
709992,信音國票61購01,0,0,0,0.0,0.0,0.0,0,0,0,"-20,000",0,0,0,0,"20,000","-20,000","-20,000"
709993,茂綸國票61購01,0,0,0,0.0,0.0,0.0,0,0,0,"-10,000",0,0,0,0,"10,000","-10,000","-10,000"
709994,新普國票61購01,0,0,0,0.0,0.0,0.0,0,0,0,"-110,000",0,0,0,"73,000","183,000","-110,000","-110,000"
709996,精材國票61購01,0,0,0,0.0,0.0,0.0,0,0,0,"-10,000",0,0,0,0,"10,000","-10,000","-10,000"
709998,中美晶群益5C購03,0,0,0,0.0,0.0,0.0,0,0,0,"6,000",0,0,0,"11,000","5,000","6,000","6,000"
709999,順達群益5C購02,0,0,0,0.0,0.0,0.0,0,0,0,"-137,000",0,0,0,"5,000","142,000","-137,000","-137,000"
710000,精材群益5C購02,0,0,0,0.0,0.0,0.0,0,0,0,"-232,000",0,0,0,"5,000","237,000","-232,000","-232,000"
710002,宜鼎國泰61購05,0,0,0,0.0,0.0,0.0,0,0,0,"22,000",0,0,0,"22,000",0,"22,000","22,000"
710003,宜鼎國泰61購06,0,0,0,0.0,0.0,0.0,0,0,0,"-24,000",0,0,0,"21,000","45,000","-24,000","-24,000"
710005,臺慶科國泰61購02,0,0,0,0.0,0.0,0.0,0,0,0,"117,000",0,0,0,"117,000",0,"117,000","117,000"
710006,中美晶凱基5C購04,0,0,0,0.0,0.0,0.0,0,0,0,"-20,000",0,0,0,0,"20,000","-20,000","-20,000"
710007,台半凱基61購03,0,0,0,0.0,0.0,0.0,0,0,0,"230,000",0,0,0,"260,000","30,000","230,000","230,000"
710008,宜鼎凱基5C購06,0,0,0,0.0,0.0,0.0,0,0,0,"-384,000",0,0,0,"8,000","392,000","-384,000","-384,000"
710009,順達凱基5C購04,0,0,0,0.0,0.0,0.0,0,0,0,"-200,000",0,0,0,0,"200,000","-200,000","-200,000"
710012,雙鴻凱基5C購10,0,0,0,0.0,0.0,0.0,0,0,0,"10,000",0,0,0,"10,000",0,"10,000","10,000"
710014,中美晶統一64購02,0,0,0,0.0,0.0,0.0,0,0,0,"24,000",0,0,0,"45,000","21,000","24,000","24,000"
710016,朋億*統一68購01,0,0,0,0.0,0.0,0.0,0,0,0,"-9,000",0,0,0,"1,000","10,000","-9,000","-9,000"
710018,建榮統一63購01,0,0,0,0.0,0.0,0.0,0,0,0,"20,000",0,0,0,"70,000","50,000","20,000","20,000"
710019,凱崴統一63購01,0,0,0,0.0,0.0,0.0,0,0,0,"75,000",0,0,0,"100,000","25,000","75,000","75,000"
710025,聖暉*統一6A購03,0,0,0,0.0,0.0,0.0,0,0,0,"-200,000",0,0,0,0,"200,000","-200,000","-200,000"
710026,精材統一63購01,0,0,0,0.0,0.0,0.0,0,0,0,"69,000",0,0,0,"69,000",0,"69,000","69,000"
710027,雙鴻統一63購02,0,0,0,0.0,0.0,0.0,0,0,0,"-124,000",0,0,0,"295,000","419,000","-124,000","-124,000"
710030,宜鼎富邦63購02,0,0,0,0.0,0.0,0.0,0,0,0,"-131,000",0,0,0,"58,000","189,000","-131,000","-131,000"
710032,群聯富邦62購07,0,0,0,0.0,0.0,0.0,0,0,0,"-10,000",0,0,0,0,"10,000","-10,000","-10,000"
710041,群聯永豐5C購10,0,0,0,0.0,0.0,0.0,0,0,0,"-239,000",0,0,0,"79,000","318,000","-239,000","-239,000"
710042,群聯永豐5C購11,0,0,0,0.0,0.0,0.0,0,0,0,"-20,000",0,0,0,"37,000","57,000","-20,000","-20,000"
710044,臺慶科永豐5C購02,0,0,0,0.0,0.0,0.0,0,0,0,"-166,000",0,0,0,"10,000","176,000","-166,000","-166,000"
710046,千附國票61購02,0,0,0,0.0,0.0,0.0,0,0,0,"18,000",0,0,0,"37,000","19,000","18,000","18,000"
710047,中美晶國票61購02,0,0,0,0.0,0.0,0.0,0,0,0,"-30,000",0,0,0,0,"30,000","-30,000","-30,000"
710048,加高國票61購03,0,0,0,0.0,0.0,0.0,0,0,0,"-5,000",0,0,0,0,"5,000","-5,000","-5,000"
710049,宏碁資國票61購01,0,0,0,0.0,0.0,0.0,0,0,0,"-258,000",0,0,0,"2,000","260,000","-258,000","-258,000"
710050,朋億*國票61購03,0,0,0,0.0,0.0,0.0,0,0,0,0,0,0,0,"1,000","1,000",0,0
710052,高鋒國票61購01,0,0,0,0.0,0.0,0.0,0,0,0,"41,000",0,0,0,"42,000","1,000","41,000","41,000"
710054,閎康國票61購02,0,0,0,0.0,0.0,0.0,0,0,0,"11,000",0,0,0,"11,000",0,"11,000","11,000"
710060,營邦國票5C購02,0,0,0,0.0,0.0,0.0,0,0,0,"-150,000",0,0,0,0,"150,000","-150,000","-150,000"
710061,鴻呈國票61購01,0,0,0,0.0,0.0,0.0,0,0,0,"9,000",0,0,0,"14,000","5,000","9,000","9,000"
710067,廣閎科凱基5C購02,0,0,0,0.0,0.0,0.0,0,0,0,"-277,000",0,0,0,"3,000","280,000","-277,000","-277,000"
710068,營邦凱基5C購01,0,0,0,0.0,0.0,0.0,0,0,0,"-23,000",0,0,0,0,"23,000","-23,000","-23,000"
710069,營邦凱基5C購02,0,0,0,0.0,0.0,0.0,0,0,0,"696,000",0,0,0,"704,000","8,000","696,000","696,000"
710071,中美晶群益5C購04,0,0,0,0.0,0.0,0.0,0,0,0,"98,000",0,0,0,"105,000","7,000","98,000","98,000"
710074,營邦群益5C購02,0,0,0,0.0,0.0,0.0,0,0,0,"990,000",0,0,0,"998,000","8,000","990,000","990,000"
710075,世界元大5C購07,0,0,0,0.0,0.0,0.0,0,0,0,"168,000",0,0,0,"168,000",0,"168,000","168,000"
710076,世界元大63購04,0,0,0,0.0,0.0,0.0,0,0,0,"-1,385,000",0,0,0,"401,000","1,786,000","-1,385,000","-1,385,000"
710077,宜鼎元大5C購11,0,0,0,0.0,0.0,0.0,0,0,0,"-392,000",0,0,0,"107,000","499,000","-392,000","-392,000"
710078,威剛元大61購05,0,0,0,0.0,0.0,0.0,0,0,0,"-21,000",0,0,0,"9,000","30,000","-21,000","-21,000"
710079,廣閎科元大5C購03,0,0,0,0.0,0.0,0.0,0,0,0,"12,000",0,0,0,"12,000",0,"12,000","12,000"
710080,營邦元大5C購01,0,0,0,0.0,0.0,0.0,0,0,0,"90,000",0,0,0,"170,000","80,000","90,000","90,000"
710082,廣閎科國泰61購01,0,0,0,0.0,0.0,0.0,0,0,0,"65,000",0,0,0,"65,000",0,"65,000","65,000"
710083,營邦國泰61購01,0,0,0,0.0,0.0,0.0,0,0,0,"-72,000",0,0,0,0,"72,000","-72,000","-72,000"
710084,營邦富邦62購01,0,0,0,0.0,0.0,0.0,0,0,0,"8,000",0,0,0,"10,000","2,000","8,000","8,000"
710085,營邦富邦63購01,0,0,0,0.0,0.0,0.0,0,0,0,"1,000",0,0,0,"1,000",0,"1,000","1,000"
710086,中美晶統一66購03,0,0,0,0.0,0.0,0.0,0,0,0,"218,000",0,0,0,"235,000","17,000","218,000","218,000"
710091,威剛統一65購05,0,0,0,0.0,0.0,0.0,0,0,0,"-113,000",0,0,0,"35,000","148,000","-113,000","-113,000"
710096,博智國泰61購01,0,0,0,0.0,0.0,0.0,0,0,0,"-24,000",0,0,0,0,"24,000","-24,000","-24,000"
710097,營邦統一66購01,0,0,0,0.0,0.0,0.0,0,0,0,"10,000",0,0,0,"10,000",0,"10,000","10,000"
710100,營邦統一6C購01,0,0,0,0.0,0.0,0.0,0,0,0,"-50,000",0,0,0,0,"50,000","-50,000","-50,000"
710102,中美晶台新5C購03,0,0,0,0.0,0.0,0.0,0,0,0,"29,000",0,0,0,"29,000",0,"29,000","29,000"
710103,東浦台新5C購02,0,0,0,0.0,0.0,0.0,0,0,0,"9,000",0,0,0,"9,000",0,"9,000","9,000"
710110,銳澤台新5C購01,0,0,0,0.0,0.0,0.0,0,0,0,"100,000",0,0,0,"100,000",0,"100,000","100,000"
710111,騰雲台新5C購01,0,0,0,0.0,0.0,0.0,0,0,0,"-54,000",0,0,0,0,"54,000","-54,000","-54,000"
710118,宜鼎元大5C購12,0,0,0,0.0,0.0,0.0,0,0,0,"-499,000",0,0,0,0,"499,000","-499,000","-499,000"
710119,朋億*元大5C購01,0,0,0,0.0,0.0,0.0,0,0,0,"-7,000",0,0,0,0,"7,000","-7,000","-7,000"
710120,東浦元大5C購01,0,0,0,0.0,0.0,0.0,0,0,0,"-100,000",0,0,0,0,"100,000","-100,000","-100,000"
710121,威剛元大5C購04,0,0,0,0.0,0.0,0.0,0,0,0,"-30,000",0,0,0,0,"30,000","-30,000","-30,000"
710127,東浦國票61購04,0,0,0,0.0,0.0,0.0,0,0,0,"-2,000",0,0,0,0,"2,000","-2,000","-2,000"
710128,宣德國票61購01,0,0,0,0.0,0.0,0.0,0,0,0,"-2,000",0,0,0,0,"2,000","-2,000","-2,000"
710138,中美晶富邦5C購01,0,0,0,0.0,0.0,0.0,0,0,0,"261,000",0,0,0,"485,000","224,000","261,000","261,000"
710139,順達富邦62購02,0,0,0,0.0,0.0,0.0,0,0,0,"160,000",0,0,0,"160,000",0,"160,000","160,000"
710140,聖暉*富邦5C購03,0,0,0,0.0,0.0,0.0,0,0,0,"-299,000",0,0,0,0,"299,000","-299,000","-299,000"
710141,中美晶中信5C購01,0,0,0,0.0,0.0,0.0,0,0,0,"256,000",0,0,0,"292,000","36,000","256,000","256,000"
710144,群聯凱基5C購08,0,0,0,0.0,0.0,0.0,0,0,0,"-458,000",0,0,0,0,"458,000","-458,000","-458,000"
710145,廣閎科凱基5C購03,0,0,0,0.0,0.0,0.0,0,0,0,"-60,000",0,0,0,0,"60,000","-60,000","-60,000"
710146,中美晶台新5C購04,0,0,0,0.0,0.0,0.0,0,0,0,"957,000",0,0,0,"1,475,000","518,000","957,000","957,000"
710150,均豪台新5C購03,0,0,0,0.0,0.0,0.0,0,0,0,"-30,000",0,0,0,0,"30,000","-30,000","-30,000"
710151,宜鼎台新5C購06,0,0,0,0.0,0.0,0.0,0,0,0,"-4,000",0,0,0,"27,000","31,000","-4,000","-4,000"
710152,凱崴台新5C購02,0,0,0,0.0,0.0,0.0,0,0,0,"-26,000",0,0,0,"5,000","31,000","-26,000","-26,000"
710153,廣閎科台新5C購04,0,0,0,0.0,0.0,0.0,0,0,0,"18,000",0,0,0,"30,000","12,000","18,000","18,000"
710155,宜鼎元大5C購13,0,0,0,0.0,0.0,0.0,0,0,0,"66,000",0,0,0,"200,000","134,000","66,000","66,000"
710156,威剛元大5C購05,0,0,0,0.0,0.0,0.0,0,0,0,"2,000",0,0,0,"5,000","3,000","2,000","2,000"
710157,臺慶科元大5C購04,0,0,0,0.0,0.0,0.0,0,0,0,"-56,000",0,0,0,0,"56,000","-56,000","-56,000"
710162,台半富邦63購02,0,0,0,0.0,0.0,0.0,0,0,0,"39,000",0,0,0,"41,000","2,000","39,000","39,000"
710165,鈊象富邦62購02,0,0,0,0.0,0.0,0.0,0,0,0,"1,000",0,0,0,"1,000",0,"1,000","1,000"
710168,宜鼎永豐63購01,0,0,0,0.0,0.0,0.0,0,0,0,"-28,000",0,0,0,"15,000","43,000","-28,000","-28,000"
710169,精確永豐61購01,0,0,0,0.0,0.0,0.0,0,0,0,"-68,000",0,0,0,"22,000","90,000","-68,000","-68,000"
710170,雙鴻永豐66購01,0,0,0,0.0,0.0,0.0,0,0,0,"-7,000",0,0,0,"103,000","110,000","-7,000","-7,000"
710174,臺慶科群益5C購02,0,0,0,0.0,0.0,0.0,0,0,0,"68,000",0,0,0,"72,000","4,000","68,000","68,000"
710175,台半凱基5C購04,0,0,0,0.0,0.0,0.0,0,0,0,"-29,000",0,0,0,"1,000","30,000","-29,000","-29,000"
710179,茂達凱基5C購01,0,0,0,0.0,0.0,0.0,0,0,0,"-300,000",0,0,0,"416,000","716,000","-300,000","-300,000"
710182,大中台新5C購01,0,0,0,0.0,0.0,0.0,0,0,0,"-77,000",0,0,0,0,"77,000","-77,000","-77,000"
710184,宜鼎台新61購02,0,0,0,0.0,0.0,0.0,0,0,0,"-205,000",0,0,0,"27,000","232,000","-205,000","-205,000"
710190,宜鼎元大5C購14,0,0,0,0.0,0.0,0.0,0,0,0,"-131,000",0,0,0,0,"131,000","-131,000","-131,000"
710191,威剛元大5C購06,0,0,0,0.0,0.0,0.0,0,0,0,"-112,000",0,0,0,"6,000","118,000","-112,000","-112,000"
710192,群聯中信64購01,0,0,0,0.0,0.0,0.0,0,0,0,"-576,000",0,0,0,0,"576,000","-576,000","-576,000"
710194,雙鴻中信66購02,0,0,0,0.0,0.0,0.0,0,0,0,"-35,000",0,0,0,"75,000","110,000","-35,000","-35,000"
710195,大中永豐64購01,0,0,0,0.0,0.0,0.0,0,0,0,"-87,000",0,0,0,0,"87,000","-87,000","-87,000"
710197,尼克森永豐64購01,0,0,0,0.0,0.0,0.0,0,0,0,"-5,000",0,0,0,0,"5,000","-5,000","-5,000"
710200,富喬永豐5C購02,0,0,0,0.0,0.0,0.0,0,0,0,"10,000",0,0,0,"10,000",0,"10,000","10,000"
710201,鈊象永豐61購01,0,0,0,0.0,0.0,0.0,0,0,0,0,0,0,0,"38,000","38,000",0,0
710202,鴻呈永豐61購01,0,0,0,0.0,0.0,0.0,0,0,0,"94,000",0,0,0,"134,000","40,000","94,000","94,000"
710204,世紀*國票61購01,0,0,0,0.0,0.0,0.0,0,0,0,"12,000",0,0,0,"12,000",0,"12,000","12,000"
710208,茂達國票61購01,0,0,0,0.0,0.0,0.0,0,0,0,"7,000",0,0,0,"7,000",0,"7,000","7,000"
710212,閎康國票61購03,0,0,0,0.0,0.0,0.0,0,0,0,"12,000",0,0,0,"12,000",0,"12,000","12,000"
710214,漢達國票61購01,0,0,0,0.0,0.0,0.0,0,0,0,"-8,000",0,0,0,0,"8,000","-8,000","-8,000"
710216,廣閎科國票61購05,0,0,0,0.0,0.0,0.0,0,0,0,"5,000",0,0,0,"6,000","1,000","5,000","5,000"
710218,能率亞國泰61購01,0,0,0,0.0,0.0,0.0,0,0,0,"23,000",0,0,0,"23,000",0,"23,000","23,000"
710219,能率國泰61購01,0,0,0,0.0,0.0,0.0,0,0,0,"-10,000",0,0,0,"4,000","14,000","-10,000","-10,000"
710220,廣閎科國泰61購02,0,0,0,0.0,0.0,0.0,0,0,0,"61,000",0,0,0,"61,000",0,"61,000","61,000"
710223,智通*富邦62購02,0,0,0,0.0,0.0,0.0,0,0,0,"-528,000",0,0,0,"166,000","694,000","-528,000","-528,000"
710224,宜鼎群益5C購05,0,0,0,0.0,0.0,0.0,0,0,0,"-103,000",0,0,0,0,"103,000","-103,000","-103,000"
710232,群聯群益5C購08,0,0,0,0.0,0.0,0.0,0,0,0,"-75,000",0,0,0,0,"75,000","-75,000","-75,000"
710234,群聯群益61購05,0,0,0,0.0,0.0,0.0,0,0,0,"-76,000",0,0,0,0,"76,000","-76,000","-76,000"
710235,雙鴻群益62購02,0,0,0,0.0,0.0,0.0,0,0,0,"-25,000",0,0,0,"10,000","35,000","-25,000","-25,000"
710239,中光電永豐61購01,0,0,0,0.0,0.0,0.0,0,0,0,"-7,000",0,0,0,"39,000","46,000","-7,000","-7,000"
710248,宏捷科元大5C購04,0,0,0,0.0,0.0,0.0,0,0,0,"-4,000",0,0,0,"52,000","56,000","-4,000","-4,000"
710251,欣銓元大5C購02,0,0,0,0.0,0.0,0.0,0,0,0,"-139,000",0,0,0,"214,000","353,000","-139,000","-139,000"
710252,欣銓元大5C購03,0,0,0,0.0,0.0,0.0,0,0,0,"107,000",0,0,0,"111,000","4,000","107,000","107,000"
710253,家登元大5C購05,0,0,0,0.0,0.0,0.0,0,0,0,"323,000",0,0,0,"323,000",0,"323,000","323,000"
710255,臺慶科元大5C購05,0,0,0,0.0,0.0,0.0,0,0,0,"336,000",0,0,0,"496,000","160,000","336,000","336,000"
710257,台半國票61購05,0,0,0,0.0,0.0,0.0,0,0,0,"120,000",0,0,0,"120,000",0,"120,000","120,000"
710258,青雲國票5C購01,0,0,0,0.0,0.0,0.0,0,0,0,"-3,000",0,0,0,"10,000","13,000","-3,000","-3,000"
710259,大中台新61購01,0,0,0,0.0,0.0,0.0,0,0,0,"-130,000",0,0,0,"25,000","155,000","-130,000","-130,000"
710263,臺慶科台新5C購03,0,0,0,0.0,0.0,0.0,0,0,0,0,0,0,0,"330,000","330,000",0,0
710265,台半凱基5C購05,0,0,0,0.0,0.0,0.0,0,0,0,"-310,000",0,0,0,"100,000","410,000","-310,000","-310,000"
710266,朋程凱基5C購03,0,0,0,0.0,0.0,0.0,0,0,0,"-10,000",0,0,0,0,"10,000","-10,000","-10,000"
710269,漢達凱基5C購01,0,0,0,0.0,0.0,0.0,0,0,0,"-10,000",0,0,0,"80,000","90,000","-10,000","-10,000"
710272,穩得國泰61購01,0,0,0,0.0,0.0,0.0,0,0,0,"-200,000",0,0,0,"23,000","223,000","-200,000","-200,000"
710273,中光電富邦62購02,0,0,0,0.0,0.0,0.0,0,0,0,"-42,000",0,0,0,"128,000","170,000","-42,000","-42,000"
710277,大中群益5C購01,0,0,0,0.0,0.0,0.0,0,0,0,"998,000",0,0,0,"998,000",0,"998,000","998,000"
710278,中光電群益5C購01,0,0,0,0.0,0.0,0.0,0,0,0,"-10,000",0,0,0,0,"10,000","-10,000","-10,000"
710279,中光電群益5C購02,0,0,0,0.0,0.0,0.0,0,0,0,"22,000",0,0,0,"22,000",0,"22,000","22,000"
710280,世界群益5C購04,0,0,0,0.0,0.0,0.0,0,0,0,"-100,000",0,0,0,"5,000","105,000","-100,000","-100,000"
710287,精材群益61購01,0,0,0,0.0,0.0,0.0,0,0,0,"-9,000",0,0,0,"5,000","14,000","-9,000","-9,000"
710290,博盛元大5C購01,0,0,0,0.0,0.0,0.0,0,0,0,"2,000",0,0,0,"32,000","30,000","2,000","2,000"
710291,世界台新5C購01,0,0,0,0.0,0.0,0.0,0,0,0,"-15,000",0,0,0,"2,000","17,000","-15,000","-15,000"
710295,世界國票61購02,0,0,0,0.0,0.0,0.0,0,0,0,"11,000",0,0,0,"11,000",0,"11,000","11,000"
710301,晶宏國票61購01,0,0,0,0.0,0.0,0.0,0,0,0,"-3,000",0,0,0,0,"3,000","-3,000","-3,000"
710302,漢達國票63購01,0,0,0,0.0,0.0,0.0,0,0,0,"-1,000",0,0,0,0,"1,000","-1,000","-1,000"
710309,欣銓凱基5C購01,0,0,0,0.0,0.0,0.0,0,0,0,"4,000",0,0,0,"5,000","1,000","4,000","4,000"
710310,青雲凱基5C購01,0,0,0,0.0,0.0,0.0,0,0,0,"-58,000",0,0,0,0,"58,000","-58,000","-58,000"
710317,台嘉碩國泰61購01,0,0,0,0.0,0.0,0.0,0,0,0,"-1,000",0,0,0,0,"1,000","-1,000","-1,000"
710319,朋程國泰61購01,0,0,0,0.0,0.0,0.0,0,0,0,"171,000",0,0,0,"171,000",0,"171,000","171,000"
710320,原相國泰61購01,0,0,0,0.0,0.0,0.0,0,0,0,"46,000",0,0,0,"47,000","1,000","46,000","46,000"
710321,博盛國泰61購01,0,0,0,0.0,0.0,0.0,0,0,0,"-569,000",0,0,0,"3,000","572,000","-569,000","-569,000"
710322,世界富邦5C購04,0,0,0,0.0,0.0,0.0,0,0,0,"246,000",0,0,0,"246,000",0,"246,000","246,000"
710327,順達永豐5C購04,0,0,0,0.0,0.0,0.0,0,0,0,"80,000",0,0,0,"80,000",0,"80,000","80,000"
710329,群聯永豐66購01,0,0,0,0.0,0.0,0.0,0,0,0,"20,000",0,0,0,"20,000",0,"20,000","20,000"
710331,中光電台新5C購01,0,0,0,0.0,0.0,0.0,0,0,0,"-73,000",0,0,0,0,"73,000","-73,000","-73,000"
710332,中光電台新5C購02,0,0,0,0.0,0.0,0.0,0,0,0,"-58,000",0,0,0,"11,000","69,000","-58,000","-58,000"
710334,精材台新61購01,0,0,0,0.0,0.0,0.0,0,0,0,"10,000",0,0,0,"10,000",0,"10,000","10,000"
710336,亞通凱基5C購01,0,0,0,0.0,0.0,0.0,0,0,0,"6,000",0,0,0,"6,000",0,"6,000","6,000"
710339,宜鼎元大5C購15,0,0,0,0.0,0.0,0.0,0,0,0,"-124,000",0,0,0,"124,000","248,000","-124,000","-124,000"
710340,富喬元大65購01,0,0,0,0.0,0.0,0.0,0,0,0,"-21,000",0,0,0,"59,000","80,000","-21,000","-21,000"
710342,精材元大5C購05,0,0,0,0.0,0.0,0.0,0,0,0,"1,000",0,0,0,"1,000",0,"1,000","1,000"
710343,臺慶科元大5C購06,0,0,0,0.0,0.0,0.0,0,0,0,"-2,000",0,0,0,"93,000","95,000","-2,000","-2,000"
710351,雙鴻永豐63購03,0,0,0,0.0,0.0,0.0,0,0,0,"58,000",0,0,0,"130,000","72,000","58,000","58,000"
710353,鏵友益永豐64購01,0,0,0,0.0,0.0,0.0,0,0,0,"19,000",0,0,0,"19,000",0,"19,000","19,000"
710354,精材中信64購01,0,0,0,0.0,0.0,0.0,0,0,0,"-32,000",0,0,0,"50,000","82,000","-32,000","-32,000"
710356,元山國票61購01,0,0,0,0.0,0.0,0.0,0,0,0,"2,000",0,0,0,"2,000",0,"2,000","2,000"
710364,智擎國票61購01,0,0,0,0.0,0.0,0.0,0,0,0,"32,000",0,0,0,"34,000","2,000","32,000","32,000"
710366,漢達國票65購01,0,0,0,0.0,0.0,0.0,0,0,0,"68,000",0,0,0,"70,000","2,000","68,000","68,000"
710368,鈊象群益5C購01,0,0,0,0.0,0.0,0.0,0,0,0,"35,000",0,0,0,"99,000","64,000","35,000","35,000"
710369,富喬國泰61購01,0,0,0,0.0,0.0,0.0,0,0,0,"-1,000",0,0,0,0,"1,000","-1,000","-1,000"
710372,宜鼎凱基5C購08,0,0,0,0.0,0.0,0.0,0,0,0,"14,000",0,0,0,"39,000","25,000","14,000","14,000"
710373,群聯凱基5C購10,0,0,0,0.0,0.0,0.0,0,0,0,"50,000",0,0,0,"50,000",0,"50,000","50,000"
710374,群聯凱基61購06,0,0,0,0.0,0.0,0.0,0,0,0,"-658,000",0,0,0,"160,000","818,000","-658,000","-658,000"
710376,世界台新5C購03,0,0,0,0.0,0.0,0.0,0,0,0,"715,000",0,0,0,"1,022,000","307,000","715,000","715,000"
710377,巨有台新5C購01,0,0,0,0.0,0.0,0.0,0,0,0,"-211,000",0,0,0,"14,000","225,000","-211,000","-211,000"
710378,巨有台新5C購02,0,0,0,0.0,0.0,0.0,0,0,0,"-19,000",0,0,0,"14,000","33,000","-19,000","-19,000"
710382,青雲台新5C購01,0,0,0,0.0,0.0,0.0,0,0,0,"-358,000",0,0,0,"162,000","520,000","-358,000","-358,000"
710383,能率亞台新5C購01,0,0,0,0.0,0.0,0.0,0,0,0,"-2,000",0,0,0,0,"2,000","-2,000","-2,000"
710385,宜鼎元大5C購16,0,0,0,0.0,0.0,0.0,0,0,0,"-1,248,000",0,0,0,0,"1,248,000","-1,248,000","-1,248,000"
710387,精材元大5C購06,0,0,0,0.0,0.0,0.0,0,0,0,"24,000",0,0,0,"25,000","1,000","24,000","24,000"
710390,精材元大61購09,0,0,0,0.0,0.0,0.0,0,0,0,"36,000",0,0,0,"656,000","620,000","36,000","36,000"
710391,精材元大63購04,0,0,0,0.0,0.0,0.0,0,0,0,"220,000",0,0,0,"271,000","51,000","220,000","220,000"
710392,世界中信63購01,0,0,0,0.0,0.0,0.0,0,0,0,"40,000",0,0,0,"40,000",0,"40,000","40,000"
710397,巨有永豐5C購02,0,0,0,0.0,0.0,0.0,0,0,0,"2,000",0,0,0,"22,000","20,000","2,000","2,000"
710398,安勤永豐63購01,0,0,0,0.0,0.0,0.0,0,0,0,"65,000",0,0,0,"65,000",0,"65,000","65,000"
710400,均豪永豐5C購04,0,0,0,0.0,0.0,0.0,0,0,0,"-174,000",0,0,0,0,"174,000","-174,000","-174,000"
710403,晶焱永豐5C購01,0,0,0,0.0,0.0,0.0,0,0,0,"200,000",0,0,0,"200,000",0,"200,000","200,000"
710405,智通*永豐63購01,0,0,0,0.0,0.0,0.0,0,0,0,"176,000",0,0,0,"213,000","37,000","176,000","176,000"
710406,湧德永豐5C購01,0,0,0,0.0,0.0,0.0,0,0,0,"-64,000",0,0,0,0,"64,000","-64,000","-64,000"
710407,湧德永豐5C購02,0,0,0,0.0,0.0,0.0,0,0,0,"89,000",0,0,0,"101,000","12,000","89,000","89,000"
710414,雙鴻永豐5C購05,0,0,0,0.0,0.0,0.0,0,0,0,"-20,000",0,0,0,"9,000","29,000","-20,000","-20,000"
710417,巨有國票5C購02,0,0,0,0.0,0.0,0.0,0,0,0,"-43,000",0,0,0,0,"43,000","-43,000","-43,000"
710418,宇峻國票61購01,0,0,0,0.0,0.0,0.0,0,0,0,"-80,000",0,0,0,0,"80,000","-80,000","-80,000"
710420,青雲國票5C購02,0,0,0,0.0,0.0,0.0,0,0,0,"470,000",0,0,0,"480,000","10,000","470,000","470,000"
710421,能率國票61購01,0,0,0,0.0,0.0,0.0,0,0,0,"37,000",0,0,0,"37,000",0,"37,000","37,000"
710424,巨有群益5C購01,0,0,0,0.0,0.0,0.0,0,0,0,0,0,0,0,"540,000","540,000",0,0
710426,智通*群益63購01,0,0,0,0.0,0.0,0.0,0,0,0,"-214,000",0,0,0,"103,000","317,000","-214,000","-214,000"
710427,東浦國泰61購01,0,0,0,0.0,0.0,0.0,0,0,0,"24,000",0,0,0,"24,000",0,"24,000","24,000"
710429,精材國泰61購01,0,0,0,0.0,0.0,0.0,0,0,0,"20,000",0,0,0,"20,000",0,"20,000","20,000"
710430,威剛富邦5C購02,0,0,0,0.0,0.0,0.0,0,0,0,"-150,000",0,0,0,0,"150,000","-150,000","-150,000"
710431,精材富邦5C購01,0,0,0,0.0,0.0,0.0,0,0,0,"861,000",0,0,0,"1,025,000","164,000","861,000","861,000"
710432,安勤凱基62購01,0,0,0,0.0,0.0,0.0,0,0,0,"-100,000",0,0,0,0,"100,000","-100,000","-100,000"
710434,宜鼎凱基5C購09,0,0,0,0.0,0.0,0.0,0,0,0,"-285,000",0,0,0,"487,000","772,000","-285,000","-285,000"
710435,能率凱基62購01,0,0,0,0.0,0.0,0.0,0,0,0,"-31,000",0,0,0,0,"31,000","-31,000","-31,000"
710438,群聯凱基5C購11,0,0,0,0.0,0.0,0.0,0,0,0,"-462,000",0,0,0,"79,000","541,000","-462,000","-462,000"
710439,群聯凱基5C購12,0,0,0,0.0,0.0,0.0,0,0,0,"-841,000",0,0,0,"106,000","947,000","-841,000","-841,000"
710442,世界元大66購03,0,0,0,0.0,0.0,0.0,0,0,0,"74,000",0,0,0,"74,000",0,"74,000","74,000"
710443,宜鼎元大5C購17,0,0,0,0.0,0.0,0.0,0,0,0,"-672,000",0,0,0,"579,000","1,251,000","-672,000","-672,000"
710444,能率亞元大5C購01,0,0,0,0.0,0.0,0.0,0,0,0,"12,000",0,0,0,"12,000",0,"12,000","12,000"
710446,智通*元大5C購01,0,0,0,0.0,0.0,0.0,0,0,0,"325,000",0,0,0,"1,214,000","889,000","325,000","325,000"
710447,智通*元大5C購02,0,0,0,0.0,0.0,0.0,0,0,0,"325,000",0,0,0,"551,000","226,000","325,000","325,000"
710448,智通*元大63購01,0,0,0,0.0,0.0,0.0,0,0,0,"605,000",0,0,0,"930,000","325,000","605,000","605,000"
710450,璟德國票64購01,0,0,0,0.0,0.0,0.0,0,0,0,"49,000",0,0,0,"49,000",0,"49,000","49,000"
710451,磐儀國票64購01,0,0,0,0.0,0.0,0.0,0,0,0,"162,000",0,0,0,"162,000",0,"162,000","162,000"
710452,中光電國票61購01,0,0,0,0.0,0.0,0.0,0,0,0,"-1,000",0,0,0,0,"1,000","-1,000","-1,000"
710454,竹陞國票64購01,0,0,0,0.0,0.0,0.0,0,0,0,"-4,000",0,0,0,0,"4,000","-4,000","-4,000"
710456,富強鑫國票62購01,0,0,0,0.0,0.0,0.0,0,0,0,"96,000",0,0,0,"96,000",0,"96,000","96,000"
710457,千附國票64購01,0,0,0,0.0,0.0,0.0,0,0,0,"-157,000",0,0,0,"69,000","226,000","-157,000","-157,000"
710458,智通*國票61購01,0,0,0,0.0,0.0,0.0,0,0,0,"-23,000",0,0,0,0,"23,000","-23,000","-23,000"
710459,智通*國票61購02,0,0,0,0.0,0.0,0.0,0,0,0,"20,000",0,0,0,"28,000","8,000","20,000","20,000"
710463,中光電永豐5C購01,0,0,0,0.0,0.0,0.0,0,0,0,"-83,000",0,0,0,0,"83,000","-83,000","-83,000"
710464,系統電永豐5C購02,0,0,0,0.0,0.0,0.0,0,0,0,"-33,000",0,0,0,"47,000","80,000","-33,000","-33,000"
710466,營邦永豐5C購02,0,0,0,0.0,0.0,0.0,0,0,0,"-70,000",0,0,0,0,"70,000","-70,000","-70,000"
710470,能率國泰63購01,0,0,0,0.0,0.0,0.0,0,0,0,"-81,000",0,0,0,0,"81,000","-81,000","-81,000"
710472,原相富邦5C購01,0,0,0,0.0,0.0,0.0,0,0,0,"321,000",0,0,0,"450,000","129,000","321,000","321,000"
710474,營邦富邦63購02,0,0,0,0.0,0.0,0.0,0,0,0,"136,000",0,0,0,"136,000",0,"136,000","136,000"
710477,世界元大61購01,0,0,0,0.0,0.0,0.0,0,0,0,"4,000",0,0,0,"4,000",0,"4,000","4,000"
710478,世界元大66購04,0,0,0,0.0,0.0,0.0,0,0,0,"181,000",0,0,0,"188,000","7,000","181,000","181,000"
710479,世界元大67購01,0,0,0,0.0,0.0,0.0,0,0,0,"110,000",0,0,0,"115,000","5,000","110,000","110,000"
710480,巨有元大61購01,0,0,0,0.0,0.0,0.0,0,0,0,"-544,000",0,0,0,0,"544,000","-544,000","-544,000"
710481,宜鼎元大61購05,0,0,0,0.0,0.0,0.0,0,0,0,"-854,000",0,0,0,"8,000","862,000","-854,000","-854,000"
710483,富喬元大62購01,0,0,0,0.0,0.0,0.0,0,0,0,"1,000",0,0,0,"1,000",0,"1,000","1,000"
710485,臺慶科元大61購01,0,0,0,0.0,0.0,0.0,0,0,0,"77,000",0,0,0,"77,000",0,"77,000","77,000"
710486,千附精台新61購01,0,0,0,0.0,0.0,0.0,0,0,0,"20,000",0,0,0,"20,000",0,"20,000","20,000"
710487,元太台新61購01,0,0,0,0.0,0.0,0.0,0,0,0,"-5,000",0,0,0,0,"5,000","-5,000","-5,000"
710489,譜瑞台新61購01,0,0,0,0.0,0.0,0.0,0,0,0,"118,000",0,0,0,"118,000",0,"118,000","118,000"
710490,譜瑞台新61購02,0,0,0,0.0,0.0,0.0,0,0,0,"124,000",0,0,0,"124,000",0,"124,000","124,000"
710491,千附精凱基61購01,0,0,0,0.0,0.0,0.0,0,0,0,"344,000",0,0,0,"344,000",0,"344,000","344,000"
710492,千附精凱基61購02,0,0,0,0.0,0.0,0.0,0,0,0,"-48,000",0,0,0,0,"48,000","-48,000","-48,000"
710493,中光電凱基61購01,0,0,0,0.0,0.0,0.0,0,0,0,"-42,000",0,0,0,"59,000","101,000","-42,000","-42,000"
710497,元太凱基61購05,0,0,0,0.0,0.0,0.0,0,0,0,"65,000",0,0,0,"65,000",0,"65,000","65,000"
710498,元太凱基61購06,0,0,0,0.0,0.0,0.0,0,0,0,"28,000",0,0,0,"78,000","50,000","28,000","28,000"
710499,世紀*凱基61購01,0,0,0,0.0,0.0,0.0,0,0,0,"18,000",0,0,0,"18,000",0,"18,000","18,000"
710500,竹陞凱基61購01,0,0,0,0.0,0.0,0.0,0,0,0,"-3,000",0,0,0,"2,000","5,000","-3,000","-3,000"
710501,原相凱基61購01,0,0,0,0.0,0.0,0.0,0,0,0,"-30,000",0,0,0,0,"30,000","-30,000","-30,000"
710502,譜瑞凱基61購02,0,0,0,0.0,0.0,0.0,0,0,0,"244,000",0,0,0,"247,000","3,000","244,000","244,000"
710503,譜瑞凱基61購03,0,0,0,0.0,0.0,0.0,0,0,0,"-1,000",0,0,0,"2,000","3,000","-1,000","-1,000"
710506,千附精群益61購01,0,0,0,0.0,0.0,0.0,0,0,0,"-16,000",0,0,0,"4,000","20,000","-16,000","-16,000"
710507,譜瑞群益61購01,0,0,0,0.0,0.0,0.0,0,0,0,"-1,000",0,0,0,0,"1,000","-1,000","-1,000"
710508,91APP*國票62購01,0,0,0,0.0,0.0,0.0,0,0,0,"-5,000",0,0,0,0,"5,000","-5,000","-5,000"
710509,千附精國票62購01,0,0,0,0.0,0.0,0.0,0,0,0,"-41,000",0,0,0,"11,000","52,000","-41,000","-41,000"
710510,世紀*國票62購01,0,0,0,0.0,0.0,0.0,0,0,0,"30,000",0,0,0,"30,000",0,"30,000","30,000"
710511,竹陞國票62購01,0,0,0,0.0,0.0,0.0,0,0,0,"50,000",0,0,0,"50,000",0,"50,000","50,000"
710513,長佳智國票62購01,0,0,0,0.0,0.0,0.0,0,0,0,"-2,000",0,0,0,0,"2,000","-2,000","-2,000"
710515,威剛國票62購02,0,0,0,0.0,0.0,0.0,0,0,0,"12,000",0,0,0,"22,000","10,000","12,000","12,000"
710516,建榮國票61購01,0,0,0,0.0,0.0,0.0,0,0,0,"3,000",0,0,0,"3,000",0,"3,000","3,000"
710522,雙鴻國票62購01,0,0,0,0.0,0.0,0.0,0,0,0,"10,000",0,0,0,"10,000",0,"10,000","10,000"
710526,大江永豐61購01,0,0,0,0.0,0.0,0.0,0,0,0,"-440,000",0,0,0,"12,000","452,000","-440,000","-440,000"
710527,元太永豐61購02,0,0,0,0.0,0.0,0.0,0,0,0,"-30,000",0,0,0,"31,000","61,000","-30,000","-30,000"
710528,元太永豐61購03,0,0,0,0.0,0.0,0.0,0,0,0,"34,000",0,0,0,"34,000",0,"34,000","34,000"
710529,邑錡永豐64購01,0,0,0,0.0,0.0,0.0,0,0,0,"-8,000",0,0,0,0,"8,000","-8,000","-8,000"
710531,威剛永豐61購05,0,0,0,0.0,0.0,0.0,0,0,0,"-70,000",0,0,0,0,"70,000","-70,000","-70,000"
710534,新普永豐61購01,0,0,0,0.0,0.0,0.0,0,0,0,"57,000",0,0,0,"73,000","16,000","57,000","57,000"
710539,譜瑞永豐64購01,0,0,0,0.0,0.0,0.0,0,0,0,"50,000",0,0,0,"50,000",0,"50,000","50,000"
710541,譜瑞永豐67購01,0,0,0,0.0,0.0,0.0,0,0,0,"6,000",0,0,0,"7,000","1,000","6,000","6,000"
710544,中光電國泰62購01,0,0,0,0.0,0.0,0.0,0,0,0,"63,000",0,0,0,"152,000","89,000","63,000","63,000"
710545,巨有國泰62購01,0,0,0,0.0,0.0,0.0,0,0,0,"-5,000",0,0,0,0,"5,000","-5,000","-5,000"
710546,竹陞國泰62購01,0,0,0,0.0,0.0,0.0,0,0,0,"21,000",0,0,0,"21,000",0,"21,000","21,000"
710547,青雲國泰62購01,0,0,0,0.0,0.0,0.0,0,0,0,"-194,000",0,0,0,"67,000","261,000","-194,000","-194,000"
710548,青雲國泰62購02,0,0,0,0.0,0.0,0.0,0,0,0,"223,000",0,0,0,"226,000","3,000","223,000","223,000"
710549,智通*國泰62購01,0,0,0,0.0,0.0,0.0,0,0,0,"140,000",0,0,0,"140,000",0,"140,000","140,000"
710550,元太富邦64購01,0,0,0,0.0,0.0,0.0,0,0,0,"27,000",0,0,0,"27,000",0,"27,000","27,000"
710551,安勤富邦62購01,0,0,0,0.0,0.0,0.0,0,0,0,"225,000",0,0,0,"365,000","140,000","225,000","225,000"
710553,譜瑞富邦64購01,0,0,0,0.0,0.0,0.0,0,0,0,"482,000",0,0,0,"532,000","50,000","482,000","482,000"
710554,宜鼎中信61購02,0,0,0,0.0,0.0,0.0,0,0,0,"-40,000",0,0,0,0,"40,000","-40,000","-40,000"
710555,中光電永豐61購02,0,0,0,0.0,0.0,0.0,0,0,0,"-68,000",0,0,0,"20,000","88,000","-68,000","-68,000"
710556,竹陞永豐61購01,0,0,0,0.0,0.0,0.0,0,0,0,"8,000",0,0,0,"8,000",0,"8,000","8,000"
710558,竹陞永豐65購01,0,0,0,0.0,0.0,0.0,0,0,0,"90,000",0,0,0,"100,000","10,000","90,000","90,000"
710559,均豪永豐64購01,0,0,0,0.0,0.0,0.0,0,0,0,"-4,000",0,0,0,0,"4,000","-4,000","-4,000"
710561,宜鼎永豐61購03,0,0,0,0.0,0.0,0.0,0,0,0,"-59,000",0,0,0,"18,000","77,000","-59,000","-59,000"
710562,宜鼎永豐64購02,0,0,0,0.0,0.0,0.0,0,0,0,"67,000",0,0,0,"147,000","80,000","67,000","67,000"
710565,茂達永豐61購02,0,0,0,0.0,0.0,0.0,0,0,0,"15,000",0,0,0,"15,000",0,"15,000","15,000"
710566,家登永豐61購02,0,0,0,0.0,0.0,0.0,0,0,0,"70,000",0,0,0,"70,000",0,"70,000","70,000"
710569,群翊永豐61購01,0,0,0,0.0,0.0,0.0,0,0,0,"30,000",0,0,0,"30,000",0,"30,000","30,000"
710570,群聯永豐61購02,0,0,0,0.0,0.0,0.0,0,0,0,"56,000",0,0,0,"56,000",0,"56,000","56,000"
710572,群聯永豐65購06,0,0,0,0.0,0.0,0.0,0,0,0,"-9,000",0,0,0,0,"9,000","-9,000","-9,000"
710573,雙鴻永豐61購05,0,0,0,0.0,0.0,0.0,0,0,0,"-33,000",0,0,0,"37,000","70,000","-33,000","-33,000"
710574,雙鴻永豐66購02,0,0,0,0.0,0.0,0.0,0,0,0,"-93,000",0,0,0,"87,000","180,000","-93,000","-93,000"
710575,雙鴻永豐67購01,0,0,0,0.0,0.0,0.0,0,0,0,"-145,000",0,0,0,0,"145,000","-145,000","-145,000"
710577,中光電元大61購02,0,0,0,0.0,0.0,0.0,0,0,0,"545,000",0,0,0,"736,000","191,000","545,000","545,000"
710578,中光電元大61購03,0,0,0,0.0,0.0,0.0,0,0,0,"13,000",0,0,0,"13,000",0,"13,000","13,000"
710579,世界元大64購08,0,0,0,0.0,0.0,0.0,0,0,0,"-1,325,000",0,0,0,0,"1,325,000","-1,325,000","-1,325,000"
710580,世界元大66購05,0,0,0,0.0,0.0,0.0,0,0,0,"249,000",0,0,0,"249,000",0,"249,000","249,000"
710582,宏捷科元大67購01,0,0,0,0.0,0.0,0.0,0,0,0,"52,000",0,0,0,"52,000",0,"52,000","52,000"
710584,欣銓元大61購01,0,0,0,0.0,0.0,0.0,0,0,0,"237,000",0,0,0,"353,000","116,000","237,000","237,000"
710585,原相元大61購01,0,0,0,0.0,0.0,0.0,0,0,0,"1,000",0,0,0,"1,000",0,"1,000","1,000"
710588,群聯元大64購06,0,0,0,0.0,0.0,0.0,0,0,0,"13,000",0,0,0,"20,000","7,000","13,000","13,000"
710589,臺慶科元大61購02,0,0,0,0.0,0.0,0.0,0,0,0,"9,000",0,0,0,"65,000","56,000","9,000","9,000"
710590,中美晶群益64購01,0,0,0,0.0,0.0,0.0,0,0,0,"-64,000",0,0,0,"12,000","76,000","-64,000","-64,000"
710593,佳邦群益61購01,0,0,0,0.0,0.0,0.0,0,0,0,"85,000",0,0,0,"92,000","7,000","85,000","85,000"
710594,宜特群益61購01,0,0,0,0.0,0.0,0.0,0,0,0,"165,000",0,0,0,"165,000",0,"165,000","165,000"
710595,青雲群益62購01,0,0,0,0.0,0.0,0.0,0,0,0,"-2,000",0,0,0,0,"2,000","-2,000","-2,000"
710598,家登國泰62購01,0,0,0,0.0,0.0,0.0,0,0,0,"40,000",0,0,0,"40,000",0,"40,000","40,000"
710599,凡甲富邦63購02,0,0,0,0.0,0.0,0.0,0,0,0,"91,000",0,0,0,"143,000","52,000","91,000","91,000"
710600,中光電富邦63購01,0,0,0,0.0,0.0,0.0,0,0,0,"-196,000",0,0,0,"2,000","198,000","-196,000","-196,000"
710601,宏觀富邦63購01,0,0,0,0.0,0.0,0.0,0,0,0,"51,000",0,0,0,"51,000",0,"51,000","51,000"
710603,耕興富邦63購01,0,0,0,0.0,0.0,0.0,0,0,0,"-71,000",0,0,0,"346,000","417,000","-71,000","-71,000"
710604,湧德富邦63購01,0,0,0,0.0,0.0,0.0,0,0,0,"208,000",0,0,0,"339,000","131,000","208,000","208,000"
710605,中光電凱基61購02,0,0,0,0.0,0.0,0.0,0,0,0,"-86,000",0,0,0,"100,000","186,000","-86,000","-86,000"
710606,巨有凱基61購01,0,0,0,0.0,0.0,0.0,0,0,0,"-1,000",0,0,0,0,"1,000","-1,000","-1,000"
710607,宜鼎凱基61購01,0,0,0,0.0,0.0,0.0,0,0,0,"2,178,000",0,0,0,"2,488,000","310,000","2,178,000","2,178,000"
710609,臺慶科凱基61購02,0,0,0,0.0,0.0,0.0,0,0,0,"-80,000",0,0,0,"15,000","95,000","-80,000","-80,000"
710610,雙鴻凱基64購01,0,0,0,0.0,0.0,0.0,0,0,0,"54,000",0,0,0,"124,000","70,000","54,000","54,000"
710612,宜特台新61購02,0,0,0,0.0,0.0,0.0,0,0,0,"13,000",0,0,0,"13,000",0,"13,000","13,000"
710613,宜鼎台新61購03,0,0,0,0.0,0.0,0.0,0,0,0,"40,000",0,0,0,"171,000","131,000","40,000","40,000"
710614,原相台新61購01,0,0,0,0.0,0.0,0.0,0,0,0,"181,000",0,0,0,"181,000",0,"181,000","181,000"
710615,原相台新61購02,0,0,0,0.0,0.0,0.0,0,0,0,"139,000",0,0,0,"139,000",0,"139,000","139,000"
710618,群聯台新61購01,0,0,0,0.0,0.0,0.0,0,0,0,"-153,000",0,0,0,0,"153,000","-153,000","-153,000"
710621,台嘉碩元大61購01,0,0,0,0.0,0.0,0.0,0,0,0,"20,000",0,0,0,"20,000",0,"20,000","20,000"
710622,安可元大61購01,0,0,0,0.0,0.0,0.0,0,0,0,"22,000",0,0,0,"22,000",0,"22,000","22,000"
710623,竹陞元大61購01,0,0,0,0.0,0.0,0.0,0,0,0,"200,000",0,0,0,"200,000",0,"200,000","200,000"
710624,宜鼎元大61購06,0,0,0,0.0,0.0,0.0,0,0,0,"-1,798,000",0,0,0,"207,000","2,005,000","-1,798,000","-1,798,000"
710625,松上元大61購01,0,0,0,0.0,0.0,0.0,0,0,0,"1,050,000",0,0,0,"1,051,000","1,000","1,050,000","1,050,000"
710628,晟田元大61購01,0,0,0,0.0,0.0,0.0,0,0,0,"9,000",0,0,0,"9,000",0,"9,000","9,000"
710629,堡達元大61購01,0,0,0,0.0,0.0,0.0,0,0,0,"-110,000",0,0,0,0,"110,000","-110,000","-110,000"
710632,碩禾元大61購03,0,0,0,0.0,0.0,0.0,0,0,0,"-1,969,000",0,0,0,"250,000","2,219,000","-1,969,000","-1,969,000"
710633,臺慶科元大64購01,0,0,0,0.0,0.0,0.0,0,0,0,"10,000",0,0,0,"10,000",0,"10,000","10,000"
710634,臺慶科元大67購01,0,0,0,0.0,0.0,0.0,0,0,0,"340,000",0,0,0,"496,000","156,000","340,000","340,000"
710637,中美晶國票61購04,0,0,0,0.0,0.0,0.0,0,0,0,"5,000",0,0,0,"5,000",0,"5,000","5,000"
710638,中裕國票65購01,0,0,0,0.0,0.0,0.0,0,0,0,"-65,000",0,0,0,0,"65,000","-65,000","-65,000"
710641,金雨國票65購01,0,0,0,0.0,0.0,0.0,0,0,0,"-17,000",0,0,0,0,"17,000","-17,000","-17,000"
710643,威潤國票65購01,0,0,0,0.0,0.0,0.0,0,0,0,"-607,000",0,0,0,"132,000","739,000","-607,000","-607,000"
710644,茂達國票65購01,0,0,0,0.0,0.0,0.0,0,0,0,"55,000",0,0,0,"55,000",0,"55,000","55,000"
710646,晟田國票61購01,0,0,0,0.0,0.0,0.0,0,0,0,"-12,000",0,0,0,"120,000","132,000","-12,000","-12,000"
710647,崇越電國票65購01,0,0,0,0.0,0.0,0.0,0,0,0,"30,000",0,0,0,"30,000",0,"30,000","30,000"
710651,廣積國票65購01,0,0,0,0.0,0.0,0.0,0,0,0,"75,000",0,0,0,"80,000","5,000","75,000","75,000"
710652,璟德國票65購01,0,0,0,0.0,0.0,0.0,0,0,0,"1,000",0,0,0,"1,000",0,"1,000","1,000"
710653,中光電群益61購01,0,0,0,0.0,0.0,0.0,0,0,0,"-20,000",0,0,0,0,"20,000","-20,000","-20,000"
710654,中美晶群益63購01,0,0,0,0.0,0.0,0.0,0,0,0,0,0,0,0,"499,000","499,000",0,0
710659,宜鼎群益61購01,0,0,0,0.0,0.0,0.0,0,0,0,"191,000",0,0,0,"533,000","342,000","191,000","191,000"
710663,堡達群益61購01,0,0,0,0.0,0.0,0.0,0,0,0,"-60,000",0,0,0,0,"60,000","-60,000","-60,000"
710664,晶宏群益61購01,0,0,0,0.0,0.0,0.0,0,0,0,"5,000",0,0,0,"5,000",0,"5,000","5,000"
710665,陽程群益61購01,0,0,0,0.0,0.0,0.0,0,0,0,"82,000",0,0,0,"98,000","16,000","82,000","82,000"
710667,川寶凱基61購01,0,0,0,0.0,0.0,0.0,0,0,0,"-74,000",0,0,0,"72,000","146,000","-74,000","-74,000"
710675,全宇昕凱基61購01,0,0,0,0.0,0.0,0.0,0,0,0,0,0,0,0,"20,000","20,000",0,0
710676,邑錡凱基61購01,0,0,0,0.0,0.0,0.0,0,0,0,"-156,000",0,0,0,0,"156,000","-156,000","-156,000"
710677,奇鈦科凱基61購01,0,0,0,0.0,0.0,0.0,0,0,0,"10,000",0,0,0,"20,000","10,000","10,000","10,000"
710678,東浦凱基61購01,0,0,0,0.0,0.0,0.0,0,0,0,"1,000",0,0,0,"1,000",0,"1,000","1,000"
710682,高僑凱基61購01,0,0,0,0.0,0.0,0.0,0,0,0,"40,000",0,0,0,"40,000",0,"40,000","40,000"
710686,越峰凱基61購01,0,0,0,0.0,0.0,0.0,0,0,0,"10,000",0,0,0,"10,000",0,"10,000","10,000"
710687,陽程凱基61購02,0,0,0,0.0,0.0,0.0,0,0,0,"48,000",0,0,0,"48,000",0,"48,000","48,000"
710688,碩禾凱基61購01,0,0,0,0.0,0.0,0.0,0,0,0,"-338,000",0,0,0,"12,000","350,000","-338,000","-338,000"
710689,中光電台新61購01,0,0,0,0.0,0.0,0.0,0,0,0,"-4,000",0,0,0,0,"4,000","-4,000","-4,000"
710690,中光電台新61購02,0,0,0,0.0,0.0,0.0,0,0,0,"66,000",0,0,0,"70,000","4,000","66,000","66,000"
710693,世界台新61購01,0,0,0,0.0,0.0,0.0,0,0,0,"10,000",0,0,0,"20,000","10,000","10,000","10,000"
710694,台嘉碩台新61購01,0,0,0,0.0,0.0,0.0,0,0,0,"448,000",0,0,0,"462,000","14,000","448,000","448,000"
710695,台嘉碩台新61購02,0,0,0,0.0,0.0,0.0,0,0,0,"110,000",0,0,0,"110,000",0,"110,000","110,000"
710698,全宇昕台新61購01,0,0,0,0.0,0.0,0.0,0,0,0,"-103,000",0,0,0,"109,000","212,000","-103,000","-103,000"
710699,欣銓台新61購01,0,0,0,0.0,0.0,0.0,0,0,0,"99,000",0,0,0,"99,000",0,"99,000","99,000"
710700,欣銓台新61購02,0,0,0,0.0,0.0,0.0,0,0,0,"19,000",0,0,0,"19,000",0,"19,000","19,000"
710712,全宇昕永豐61購01,0,0,0,0.0,0.0,0.0,0,0,0,"-42,000",0,0,0,"28,000","70,000","-42,000","-42,000"
710713,利機永豐61購01,0,0,0,0.0,0.0,0.0,0,0,0,"-90,000",0,0,0,0,"90,000","-90,000","-90,000"
710714,良維永豐61購01,0,0,0,0.0,0.0,0.0,0,0,0,"118,000",0,0,0,"118,000",0,"118,000","118,000"
710715,奇鈦科永豐61購01,0,0,0,0.0,0.0,0.0,0,0,0,"-25,000",0,0,0,"28,000","53,000","-25,000","-25,000"
710716,奇鈦科永豐61購02,0,0,0,0.0,0.0,0.0,0,0,0,"-48,000",0,0,0,0,"48,000","-48,000","-48,000"
710717,東浦永豐61購01,0,0,0,0.0,0.0,0.0,0,0,0,"6,000",0,0,0,"6,000",0,"6,000","6,000"
710718,杰力永豐61購01,0,0,0,0.0,0.0,0.0,0,0,0,"35,000",0,0,0,"35,000",0,"35,000","35,000"
710719,欣銓永豐64購02,0,0,0,0.0,0.0,0.0,0,0,0,"4,000",0,0,0,"10,000","6,000","4,000","4,000"
710726,堡達永豐64購01,0,0,0,0.0,0.0,0.0,0,0,0,"-16,000",0,0,0,0,"16,000","-16,000","-16,000"
710727,晶宏永豐61購01,0,0,0,0.0,0.0,0.0,0,0,0,"-23,000",0,0,0,"9,000","32,000","-23,000","-23,000"
710729,越峰永豐61購01,0,0,0,0.0,0.0,0.0,0,0,0,"-355,000",0,0,0,"40,000","395,000","-355,000","-355,000"
710730,陽程永豐61購01,0,0,0,0.0,0.0,0.0,0,0,0,"123,000",0,0,0,"123,000",0,"123,000","123,000"
710731,碩禾永豐61購01,0,0,0,0.0,0.0,0.0,0,0,0,"139,000",0,0,0,"214,000","75,000","139,000","139,000"
710733,寬魚永豐61購01,0,0,0,0.0,0.0,0.0,0,0,0,"100,000",0,0,0,"100,000",0,"100,000","100,000"
710736,立碁富邦61購01,0,0,0,0.0,0.0,0.0,0,0,0,"-96,000",0,0,0,0,"96,000","-96,000","-96,000"
710737,均豪富邦61購02,0,0,0,0.0,0.0,0.0,0,0,0,"-128,000",0,0,0,0,"128,000","-128,000","-128,000"
710740,竹陞國票65購01,0,0,0,0.0,0.0,0.0,0,0,0,"15,000",0,0,0,"15,000",0,"15,000","15,000"
710741,松上國票61購01,0,0,0,0.0,0.0,0.0,0,0,0,"-3,000",0,0,0,"5,000","8,000","-3,000","-3,000"
710743,青雲國票61購01,0,0,0,0.0,0.0,0.0,0,0,0,"101,000",0,0,0,"211,000","110,000","101,000","101,000"
710750,勤凱國票61購01,0,0,0,0.0,0.0,0.0,0,0,0,"-10,000",0,0,0,0,"10,000","-10,000","-10,000"
710751,頎邦國票65購01,0,0,0,0.0,0.0,0.0,0,0,0,"1,317,000",0,0,0,"2,722,000","1,405,000","1,317,000","1,317,000"
710753,擎邦國票61購01,0,0,0,0.0,0.0,0.0,0,0,0,"1,000",0,0,0,"1,000",0,"1,000","1,000"
710754,耀穎國票65購01,0,0,0,0.0,0.0,0.0,0,0,0,"3,000",0,0,0,"5,000","2,000","3,000","3,000"
710761,華景電元大64購01,0,0,0,0.0,0.0,0.0,0,0,0,"-69,000",0,0,0,"48,000","117,000","-69,000","-69,000"
710763,頎邦元大61購01,0,0,0,0.0,0.0,0.0,0,0,0,"241,000",0,0,0,"241,000",0,"241,000","241,000"
710768,欣銓凱基61購02,0,0,0,0.0,0.0,0.0,0,0,0,"-126,000",0,0,0,0,"126,000","-126,000","-126,000"
710771,聖暉*凱基61購02,0,0,0,0.0,0.0,0.0,0,0,0,"64,000",0,0,0,"64,000",0,"64,000","64,000"
710773,中美晶永豐61購01,0,0,0,0.0,0.0,0.0,0,0,0,0,0,0,0,"60,000","60,000",0,0
710775,元太永豐61購04,0,0,0,0.0,0.0,0.0,0,0,0,"94,000",0,0,0,"100,000","6,000","94,000","94,000"
710778,宜鼎永豐66購01,0,0,0,0.0,0.0,0.0,0,0,0,"55,000",0,0,0,"177,000","122,000","55,000","55,000"
710781,能率亞永豐61購01,0,0,0,0.0,0.0,0.0,0,0,0,"-15,000",0,0,0,0,"15,000","-15,000","-15,000"
710785,頎邦永豐61購02,0,0,0,0.0,0.0,0.0,0,0,0,"271,000",0,0,0,"747,000","476,000","271,000","271,000"
710786,頎邦永豐64購01,0,0,0,0.0,0.0,0.0,0,0,0,"-41,000",0,0,0,"90,000","131,000","-41,000","-41,000"
710787,璟德永豐61購02,0,0,0,0.0,0.0,0.0,0,0,0,0,0,0,0,"50,000","50,000",0,0
710789,大中台新61購02,0,0,0,0.0,0.0,0.0,0,0,0,"39,000",0,0,0,"39,000",0,"39,000","39,000"
710793,宜鼎台新61購04,0,0,0,0.0,0.0,0.0,0,0,0,"-36,000",0,0,0,"55,000","91,000","-36,000","-36,000"
710794,晟田台新61購01,0,0,0,0.0,0.0,0.0,0,0,0,"-11,000",0,0,0,0,"11,000","-11,000","-11,000"
710795,新漢台新61購01,0,0,0,0.0,0.0,0.0,0,0,0,"66,000",0,0,0,"66,000",0,"66,000","66,000"
710796,新漢台新64購01,0,0,0,0.0,0.0,0.0,0,0,0,"87,000",0,0,0,"137,000","50,000","87,000","87,000"
710797,群聯台新61購02,0,0,0,0.0,0.0,0.0,0,0,0,"-382,000",0,0,0,"20,000","402,000","-382,000","-382,000"
710798,中美晶富邦61購02,0,0,0,0.0,0.0,0.0,0,0,0,"341,000",0,0,0,"503,000","162,000","341,000","341,000"
710800,陽程富邦61購01,0,0,0,0.0,0.0,0.0,0,0,0,"43,000",0,0,0,"195,000","152,000","43,000","43,000"
710801,頎邦富邦63購01,0,0,0,0.0,0.0,0.0,0,0,0,"-738,000",0,0,0,"65,000","803,000","-738,000","-738,000"
710802,頎邦富邦64購01,0,0,0,0.0,0.0,0.0,0,0,0,"2,000",0,0,0,"3,000","1,000","2,000","2,000"
710805,中美晶群益61購01,0,0,0,0.0,0.0,0.0,0,0,0,0,0,0,0,"5,000","5,000",0,0
710806,世界群益61購02,0,0,0,0.0,0.0,0.0,0,0,0,"54,000",0,0,0,"59,000","5,000","54,000","54,000"
710808,均豪群益61購02,0,0,0,0.0,0.0,0.0,0,0,0,"-30,000",0,0,0,0,"30,000","-30,000","-30,000"
710809,良維群益61購03,0,0,0,0.0,0.0,0.0,0,0,0,"-53,000",0,0,0,"20,000","73,000","-53,000","-53,000"
710811,威剛群益61購04,0,0,0,0.0,0.0,0.0,0,0,0,"7,000",0,0,0,"10,000","3,000","7,000","7,000"
710813,能率群益61購01,0,0,0,0.0,0.0,0.0,0,0,0,"13,000",0,0,0,"15,000","2,000","13,000","13,000"
710816,群聯群益67購02,0,0,0,0.0,0.0,0.0,0,0,0,"-54,000",0,0,0,"20,000","74,000","-54,000","-54,000"
710817,頎邦群益61購01,0,0,0,0.0,0.0,0.0,0,0,0,"5,000",0,0,0,"30,000","25,000","5,000","5,000"
710818,頎邦群益61購02,0,0,0,0.0,0.0,0.0,0,0,0,"1,000",0,0,0,"52,000","51,000","1,000","1,000"
710819,雙鴻群益61購01,0,0,0,0.0,0.0,0.0,0,0,0,"-542,000",0,0,0,"140,000","682,000","-542,000","-542,000"
710820,中光電凱基61購03,0,0,0,0.0,0.0,0.0,0,0,0,"101,000",0,0,0,"101,000",0,"101,000","101,000"
710821,世紀*凱基61購02,0,0,0,0.0,0.0,0.0,0,0,0,"26,000",0,0,0,"26,000",0,"26,000","26,000"
710830,朋程台新62購01,0,0,0,0.0,0.0,0.0,0,0,0,"4,000",0,0,0,"4,000",0,"4,000","4,000"
710837,頎邦台新61購01,0,0,0,0.0,0.0,0.0,0,0,0,"-406,000",0,0,0,"18,000","424,000","-406,000","-406,000"
710838,頎邦台新61購02,0,0,0,0.0,0.0,0.0,0,0,0,"-550,000",0,0,0,"162,000","712,000","-550,000","-550,000"
710842,中美晶永豐65購02,0,0,0,0.0,0.0,0.0,0,0,0,"-51,000",0,0,0,0,"51,000","-51,000","-51,000"
710845,翔名永豐61購01,0,0,0,0.0,0.0,0.0,0,0,0,"8,000",0,0,0,"8,000",0,"8,000","8,000"
710847,榮剛永豐61購01,0,0,0,0.0,0.0,0.0,0,0,0,"110,000",0,0,0,"110,000",0,"110,000","110,000"
710848,榮剛永豐61購02,0,0,0,0.0,0.0,0.0,0,0,0,"25,000",0,0,0,"25,000",0,"25,000","25,000"
710851,中菲行國票65購01,0,0,0,0.0,0.0,0.0,0,0,0,"3,000",0,0,0,"3,000",0,"3,000","3,000"
710852,友威科國票65購01,0,0,0,0.0,0.0,0.0,0,0,0,"-22,000",0,0,0,0,"22,000","-22,000","-22,000"
710854,竹陞國票66購01,0,0,0,0.0,0.0,0.0,0,0,0,"-35,000",0,0,0,0,"35,000","-35,000","-35,000"
710855,邑錡國票61購01,0,0,0,0.0,0.0,0.0,0,0,0,"20,000",0,0,0,"20,000",0,"20,000","20,000"
710858,易發國票65購01,0,0,0,0.0,0.0,0.0,0,0,0,"45,000",0,0,0,"45,000",0,"45,000","45,000"
710863,原相國票61購01,0,0,0,0.0,0.0,0.0,0,0,0,"97,000",0,0,0,"97,000",0,"97,000","97,000"
710864,振曜國票65購01,0,0,0,0.0,0.0,0.0,0,0,0,"-3,000",0,0,0,0,"3,000","-3,000","-3,000"
710866,健喬國票65購01,0,0,0,0.0,0.0,0.0,0,0,0,"425,000",0,0,0,"518,000","93,000","425,000","425,000"
710873,碩禾國票65購01,0,0,0,0.0,0.0,0.0,0,0,0,"-67,000",0,0,0,"5,000","72,000","-67,000","-67,000"
710875,鐿鈦國票65購01,0,0,0,0.0,0.0,0.0,0,0,0,"524,000",0,0,0,"554,000","30,000","524,000","524,000"
710877,青雲國泰62購03,0,0,0,0.0,0.0,0.0,0,0,0,"47,000",0,0,0,"59,000","12,000","47,000","47,000"
710878,茂達國泰62購01,0,0,0,0.0,0.0,0.0,0,0,0,"20,000",0,0,0,"40,000","20,000","20,000","20,000"
710879,精材國泰62購01,0,0,0,0.0,0.0,0.0,0,0,0,"5,000",0,0,0,"10,000","5,000","5,000","5,000"
710881,宜鼎富邦61購02,0,0,0,0.0,0.0,0.0,0,0,0,"-248,000",0,0,0,"56,000","304,000","-248,000","-248,000"
710883,宜鼎群益61購02,0,0,0,0.0,0.0,0.0,0,0,0,"-10,000",0,0,0,"80,000","90,000","-10,000","-10,000"
710884,宜鼎群益61購03,0,0,0,0.0,0.0,0.0,0,0,0,"70,000",0,0,0,"70,000",0,"70,000","70,000"
710885,威剛群益61購05,0,0,0,0.0,0.0,0.0,0,0,0,"-72,000",0,0,0,0,"72,000","-72,000","-72,000"
710886,建榮群益62購01,0,0,0,0.0,0.0,0.0,0,0,0,"5,000",0,0,0,"20,000","15,000","5,000","5,000"
710887,群聯群益67購03,0,0,0,0.0,0.0,0.0,0,0,0,"-73,000",0,0,0,"54,000","127,000","-73,000","-73,000"
710888,精材群益64購01,0,0,0,0.0,0.0,0.0,0,0,0,"-562,000",0,0,0,0,"562,000","-562,000","-562,000"
710889,精剛群益61購01,0,0,0,0.0,0.0,0.0,0,0,0,"1,000",0,0,0,"1,000",0,"1,000","1,000"
710892,雙鴻群益61購02,0,0,0,0.0,0.0,0.0,0,0,0,"104,000",0,0,0,"202,000","98,000","104,000","104,000"
710894,中美晶元大66購04,0,0,0,0.0,0.0,0.0,0,0,0,"171,000",0,0,0,"171,000",0,"171,000","171,000"
710897,宜特元大65購01,0,0,0,0.0,0.0,0.0,0,0,0,"656,000",0,0,0,"795,000","139,000","656,000","656,000"
710898,宜特元大67購02,0,0,0,0.0,0.0,0.0,0,0,0,"325,000",0,0,0,"440,000","115,000","325,000","325,000"
710899,欣銓元大61購02,0,0,0,0.0,0.0,0.0,0,0,0,"153,000",0,0,0,"277,000","124,000","153,000","153,000"
710900,家登元大61購02,0,0,0,0.0,0.0,0.0,0,0,0,"179,000",0,0,0,"209,000","30,000","179,000","179,000"
710901,能率元大61購02,0,0,0,0.0,0.0,0.0,0,0,0,"161,000",0,0,0,"161,000",0,"161,000","161,000"
710902,臺慶科元大64購02,0,0,0,0.0,0.0,0.0,0,0,0,"15,000",0,0,0,"15,000",0,"15,000","15,000"
710904,太普高國票65購01,0,0,0,0.0,0.0,0.0,0,0,0,"2,000",0,0,0,"2,000",0,"2,000","2,000"
710905,安碁國票61購01,0,0,0,0.0,0.0,0.0,0,0,0,"70,000",0,0,0,"70,000",0,"70,000","70,000"
710906,利機國票61購01,0,0,0,0.0,0.0,0.0,0,0,0,"40,000",0,0,0,"40,000",0,"40,000","40,000"
710908,倉和國票65購01,0,0,0,0.0,0.0,0.0,0,0,0,"-155,000",0,0,0,"171,000","326,000","-155,000","-155,000"
710909,晟田國票61購02,0,0,0,0.0,0.0,0.0,0,0,0,"-2,000",0,0,0,0,"2,000","-2,000","-2,000"
710910,創泓國票61購01,0,0,0,0.0,0.0,0.0,0,0,0,"-101,000",0,0,0,0,"101,000","-101,000","-101,000"
710912,新普國票65購01,0,0,0,0.0,0.0,0.0,0,0,0,"192,000",0,0,0,"196,000","4,000","192,000","192,000"
710920,宏觀凱基61購04,0,0,0,0.0,0.0,0.0,0,0,0,"-10,000",0,0,0,0,"10,000","-10,000","-10,000"
710922,欣銓凱基61購03,0,0,0,0.0,0.0,0.0,0,0,0,"-1,000",0,0,0,0,"1,000","-1,000","-1,000"
710924,茂達凱基61購03,0,0,0,0.0,0.0,0.0,0,0,0,"-10,000",0,0,0,0,"10,000","-10,000","-10,000"
710925,博大凱基61購01,0,0,0,0.0,0.0,0.0,0,0,0,"-10,000",0,0,0,0,"10,000","-10,000","-10,000"
710926,群聯凱基61購07,0,0,0,0.0,0.0,0.0,0,0,0,"-310,000",0,0,0,"685,000","995,000","-310,000","-310,000"
710927,雙鴻凱基61購05,0,0,0,0.0,0.0,0.0,0,0,0,"-26,000",0,0,0,"10,000","36,000","-26,000","-26,000"
710929,中光電群益61購03,0,0,0,0.0,0.0,0.0,0,0,0,"-28,000",0,0,0,"52,000","80,000","-28,000","-28,000"
710932,家登群益61購04,0,0,0,0.0,0.0,0.0,0,0,0,"10,000",0,0,0,"10,000",0,"10,000","10,000"
710933,新普群益61購01,0,0,0,0.0,0.0,0.0,0,0,0,"14,000",0,0,0,"98,000","84,000","14,000","14,000"
710935,精材群益64購02,0,0,0,0.0,0.0,0.0,0,0,0,"20,000",0,0,0,"20,000",0,"20,000","20,000"
710936,中美晶國泰64購01,0,0,0,0.0,0.0,0.0,0,0,0,"65,000",0,0,0,"65,000",0,"65,000","65,000"
710937,中光電富邦64購01,0,0,0,0.0,0.0,0.0,0,0,0,"-418,000",0,0,0,0,"418,000","-418,000","-418,000"
710938,威剛富邦64購01,0,0,0,0.0,0.0,0.0,0,0,0,"-9,000",0,0,0,"1,000","10,000","-9,000","-9,000"
710940,華電網富邦63購01,0,0,0,0.0,0.0,0.0,0,0,0,"-1,000",0,0,0,0,"1,000","-1,000","-1,000"
710943,中光電永豐61購03,0,0,0,0.0,0.0,0.0,0,0,0,"53,000",0,0,0,"77,000","24,000","53,000","53,000"
710944,艾訊永豐61購01,0,0,0,0.0,0.0,0.0,0,0,0,"305,000",0,0,0,"305,000",0,"305,000","305,000"
710945,杰力永豐64購01,0,0,0,0.0,0.0,0.0,0,0,0,"18,000",0,0,0,"18,000",0,"18,000","18,000"
710948,威剛永豐64購03,0,0,0,0.0,0.0,0.0,0,0,0,"-65,000",0,0,0,0,"65,000","-65,000","-65,000"
710949,茂達永豐65購01,0,0,0,0.0,0.0,0.0,0,0,0,"-10,000",0,0,0,0,"10,000","-10,000","-10,000"
710950,倉和永豐61購01,0,0,0,0.0,0.0,0.0,0,0,0,"-109,000",0,0,0,"98,000","207,000","-109,000","-109,000"
710951,倉和永豐64購01,0,0,0,0.0,0.0,0.0,0,0,0,"-81,000",0,0,0,"8,000","89,000","-81,000","-81,000"
710952,宸曜永豐61購01,0,0,0,0.0,0.0,0.0,0,0,0,"1,000",0,0,0,"1,000",0,"1,000","1,000"
710953,宸曜永豐67購01,0,0,0,0.0,0.0,0.0,0,0,0,"-11,000",0,0,0,"19,000","30,000","-11,000","-11,000"
710954,耕興永豐61購01,0,0,0,0.0,0.0,0.0,0,0,0,"3,000",0,0,0,"3,000",0,"3,000","3,000"
710956,智通*永豐64購01,0,0,0,0.0,0.0,0.0,0,0,0,"35,000",0,0,0,"148,000","113,000","35,000","35,000"
710957,新普永豐61購02,0,0,0,0.0,0.0,0.0,0,0,0,"-7,000",0,0,0,0,"7,000","-7,000","-7,000"
710958,精剛永豐61購01,0,0,0,0.0,0.0,0.0,0,0,0,"12,000",0,0,0,"20,000","8,000","12,000","12,000"
710959,磐儀永豐61購01,0,0,0,0.0,0.0,0.0,0,0,0,"308,000",0,0,0,"308,000",0,"308,000","308,000"
710961,中美晶元大64購02,0,0,0,0.0,0.0,0.0,0,0,0,"56,000",0,0,0,"76,000","20,000","56,000","56,000"
710962,中美晶元大66購05,0,0,0,0.0,0.0,0.0,0,0,0,"84,000",0,0,0,"94,000","10,000","84,000","84,000"
710963,世紀*元大61購01,0,0,0,0.0,0.0,0.0,0,0,0,"-49,000",0,0,0,"61,000","110,000","-49,000","-49,000"
710964,宜鼎元大61購07,0,0,0,0.0,0.0,0.0,0,0,0,"101,000",0,0,0,"235,000","134,000","101,000","101,000"
710965,晟田元大61購02,0,0,0,0.0,0.0,0.0,0,0,0,"410,000",0,0,0,"540,000","130,000","410,000","410,000"
710966,創惟元大61購01,0,0,0,0.0,0.0,0.0,0,0,0,"16,000",0,0,0,"16,000",0,"16,000","16,000"
710968,翔名元大61購01,0,0,0,0.0,0.0,0.0,0,0,0,"30,000",0,0,0,"300,000","270,000","30,000","30,000"
710969,群聯元大64購07,0,0,0,0.0,0.0,0.0,0,0,0,"-400,000",0,0,0,"44,000","444,000","-400,000","-400,000"
710970,頎邦元大61購02,0,0,0,0.0,0.0,0.0,0,0,0,"-4,000",0,0,0,0,"4,000","-4,000","-4,000"
710971,譜瑞元大61購03,0,0,0,0.0,0.0,0.0,0,0,0,"201,000",0,0,0,"201,000",0,"201,000","201,000"
710972,譜瑞元大65購03,0,0,0,0.0,0.0,0.0,0,0,0,"18,000",0,0,0,"68,000","50,000","18,000","18,000"
710975,大中台新61購03,0,0,0,0.0,0.0,0.0,0,0,0,"14,000",0,0,0,"14,000",0,"14,000","14,000"
710977,中光電台新61購04,0,0,0,0.0,0.0,0.0,0,0,0,"28,000",0,0,0,"30,000","2,000","28,000","28,000"
710979,宸曜台新61購01,0,0,0,0.0,0.0,0.0,0,0,0,"-2,130,000",0,0,0,"105,000","2,235,000","-2,130,000","-2,130,000"
710982,精材台新61購03,0,0,0,0.0,0.0,0.0,0,0,0,"-18,000",0,0,0,0,"18,000","-18,000","-18,000"
710985,家登凱基61購02,0,0,0,0.0,0.0,0.0,0,0,0,"51,000",0,0,0,"52,000","1,000","51,000","51,000"
710988,新普凱基61購01,0,0,0,0.0,0.0,0.0,0,0,0,"-41,000",0,0,0,"8,000","49,000","-41,000","-41,000"
710990,精材凱基61購07,0,0,0,0.0,0.0,0.0,0,0,0,"15,000",0,0,0,"15,000",0,"15,000","15,000"
710991,營邦凱基61購01,0,0,0,0.0,0.0,0.0,0,0,0,"15,000",0,0,0,"35,000","20,000","15,000","15,000"
710992,譜瑞凱基61購06,0,0,0,0.0,0.0,0.0,0,0,0,"83,000",0,0,0,"83,000",0,"83,000","83,000"
710993,寶雅凱基61購01,0,0,0,0.0,0.0,0.0,0,0,0,"43,000",0,0,0,"43,000",0,"43,000","43,000"
710994,欣銓台新61購03,0,0,0,0.0,0.0,0.0,0,0,0,"5,000",0,0,0,"49,000","44,000","5,000","5,000"
710996,大江國票65購01,0,0,0,0.0,0.0,0.0,0,0,0,"-283,000",0,0,0,"30,000","313,000","-283,000","-283,000"
710997,大學光國票61購01,0,0,0,0.0,0.0,0.0,0,0,0,"27,000",0,0,0,"27,000",0,"27,000","27,000"
711001,能率國票61購02,0,0,0,0.0,0.0,0.0,0,0,0,"7,000",0,0,0,"7,000",0,"7,000","7,000"
711003,陽程群益61購02,0,0,0,0.0,0.0,0.0,0,0,0,"10,000",0,0,0,"20,000","10,000","10,000","10,000"
711004,系統電國泰62購01,0,0,0,0.0,0.0,0.0,0,0,0,"-62,000",0,0,0,0,"62,000","-62,000","-62,000"
711005,宜鼎國泰62購02,0,0,0,0.0,0.0,0.0,0,0,0,"22,000",0,0,0,"22,000",0,"22,000","22,000"
711006,大中元大61購02,0,0,0,0.0,0.0,0.0,0,0,0,"10,000",0,0,0,"10,000",0,"10,000","10,000"
711009,巨有元大61購02,0,0,0,0.0,0.0,0.0,0,0,0,"210,000",0,0,0,"476,000","266,000","210,000","210,000"
711010,立敦元大61購01,0,0,0,0.0,0.0,0.0,0,0,0,"17,000",0,0,0,"17,000",0,"17,000","17,000"
711011,立敦元大67購01,0,0,0,0.0,0.0,0.0,0,0,0,"9,000",0,0,0,"10,000","1,000","9,000","9,000"
711012,宜鼎元大61購08,0,0,0,0.0,0.0,0.0,0,0,0,"-1,715,000",0,0,0,"70,000","1,785,000","-1,715,000","-1,715,000"
711013,宜鼎元大61購09,0,0,0,0.0,0.0,0.0,0,0,0,"-727,000",0,0,0,"1,021,000","1,748,000","-727,000","-727,000"
711015,朋程元大61購01,0,0,0,0.0,0.0,0.0,0,0,0,"56,000",0,0,0,"56,000",0,"56,000","56,000"
711016,青雲元大61購01,0,0,0,0.0,0.0,0.0,0,0,0,"-22,000",0,0,0,"81,000","103,000","-22,000","-22,000"
711020,家登元大61購03,0,0,0,0.0,0.0,0.0,0,0,0,"516,000",0,0,0,"569,000","53,000","516,000","516,000"
711021,智通*元大61購01,0,0,0,0.0,0.0,0.0,0,0,0,"370,000",0,0,0,"636,000","266,000","370,000","370,000"
711022,群聯元大64購08,0,0,0,0.0,0.0,0.0,0,0,0,"-947,000",0,0,0,0,"947,000","-947,000","-947,000"
711023,譜瑞元大61購04,0,0,0,0.0,0.0,0.0,0,0,0,"154,000",0,0,0,"154,000",0,"154,000","154,000"
711024,中美晶統一65購01,0,0,0,0.0,0.0,0.0,0,0,0,"-50,000",0,0,0,0,"50,000","-50,000","-50,000"
711025,均豪統一65購01,0,0,0,0.0,0.0,0.0,0,0,0,"-36,000",0,0,0,"60,000","96,000","-36,000","-36,000"
711027,茂訊統一67購01,0,0,0,0.0,0.0,0.0,0,0,0,"23,000",0,0,0,"23,000",0,"23,000","23,000"
711029,精材統一67購01,0,0,0,0.0,0.0,0.0,0,0,0,"28,000",0,0,0,"50,000","22,000","28,000","28,000"
711030,營邦統一67購01,0,0,0,0.0,0.0,0.0,0,0,0,"-5,000",0,0,0,"10,000","15,000","-5,000","-5,000"
711031,中光電永豐61購04,0,0,0,0.0,0.0,0.0,0,0,0,"1,000",0,0,0,"74,000","73,000","1,000","1,000"
711032,中光電永豐61購05,0,0,0,0.0,0.0,0.0,0,0,0,"-13,000",0,0,0,"43,000","56,000","-13,000","-13,000"
711036,宜鼎永豐63購02,0,0,0,0.0,0.0,0.0,0,0,0,"-64,000",0,0,0,"18,000","82,000","-64,000","-64,000"
711038,原相永豐61購02,0,0,0,0.0,0.0,0.0,0,0,0,"93,000",0,0,0,"93,000",0,"93,000","93,000"
711039,群聯永豐64購07,0,0,0,0.0,0.0,0.0,0,0,0,"17,000",0,0,0,"50,000","33,000","17,000","17,000"
711040,群聯永豐64購08,0,0,0,0.0,0.0,0.0,0,0,0,"-273,000",0,0,0,"128,000","401,000","-273,000","-273,000"
711042,廣積永豐61購01,0,0,0,0.0,0.0,0.0,0,0,0,"34,000",0,0,0,"37,000","3,000","34,000","34,000"
711043,宜鼎中信61購03,0,0,0,0.0,0.0,0.0,0,0,0,"-77,000",0,0,0,0,"77,000","-77,000","-77,000"
711045,大中凱基61購03,0,0,0,0.0,0.0,0.0,0,0,0,"-50,000",0,0,0,0,"50,000","-50,000","-50,000"
711046,台特化凱基61購01,0,0,0,0.0,0.0,0.0,0,0,0,"-60,000",0,0,0,0,"60,000","-60,000","-60,000"
711047,巨有凱基61購02,0,0,0,0.0,0.0,0.0,0,0,0,"2,000",0,0,0,"32,000","30,000","2,000","2,000"
711048,宜特凱基61購04,0,0,0,0.0,0.0,0.0,0,0,0,"79,000",0,0,0,"79,000",0,"79,000","79,000"
711049,宜鼎凱基61購03,0,0,0,0.0,0.0,0.0,0,0,0,"37,000",0,0,0,"37,000",0,"37,000","37,000"
711051,原相凱基61購02,0,0,0,0.0,0.0,0.0,0,0,0,"37,000",0,0,0,"37,000",0,"37,000","37,000"
711052,智通*凱基61購01,0,0,0,0.0,0.0,0.0,0,0,0,"11,000",0,0,0,"25,000","14,000","11,000","11,000"
711053,順達凱基61購02,0,0,0,0.0,0.0,0.0,0,0,0,"1,579,000",0,0,0,"1,631,000","52,000","1,579,000","1,579,000"
711054,鈊象凱基61購03,0,0,0,0.0,0.0,0.0,0,0,0,"21,000",0,0,0,"21,000",0,"21,000","21,000"
711055,群聯凱基64購04,0,0,0,0.0,0.0,0.0,0,0,0,"-175,000",0,0,0,"49,000","224,000","-175,000","-175,000"
711059,富喬台新61購01,0,0,0,0.0,0.0,0.0,0,0,0,"254,000",0,0,0,"254,000",0,"254,000","254,000"
711060,艾訊群益61購01,0,0,0,0.0,0.0,0.0,0,0,0,"100,000",0,0,0,"105,000","5,000","100,000","100,000"
711063,群聯群益61購06,0,0,0,0.0,0.0,0.0,0,0,0,"-20,000",0,0,0,0,"20,000","-20,000","-20,000"
711064,精材群益61購02,0,0,0,0.0,0.0,0.0,0,0,0,"19,000",0,0,0,"38,000","19,000","19,000","19,000"
711065,大樹國票65購01,0,0,0,0.0,0.0,0.0,0,0,0,"55,000",0,0,0,"55,000",0,"55,000","55,000"
711067,加百裕國票61購01,0,0,0,0.0,0.0,0.0,0,0,0,"10,000",0,0,0,"10,000",0,"10,000","10,000"
711070,艾訊國票61購02,0,0,0,0.0,0.0,0.0,0,0,0,"63,000",0,0,0,"63,000",0,"63,000","63,000"
711073,智崴國票65購01,0,0,0,0.0,0.0,0.0,0,0,0,"-200,000",0,0,0,"100,000","300,000","-200,000","-200,000"
711075,廣明國票65購01,0,0,0,0.0,0.0,0.0,0,0,0,"20,000",0,0,0,"20,000",0,"20,000","20,000"
711076,撼訊國票65購01,0,0,0,0.0,0.0,0.0,0,0,0,"19,000",0,0,0,"19,000",0,"19,000","19,000"
711077,中美晶元大61購03,0,0,0,0.0,0.0,0.0,0,0,0,"36,000",0,0,0,"90,000","54,000","36,000","36,000"
711079,宜鼎元大61購10,0,0,0,0.0,0.0,0.0,0,0,0,"-1,872,000",0,0,0,"372,000","2,244,000","-1,872,000","-1,872,000"
711080,智通*元大61購02,0,0,0,0.0,0.0,0.0,0,0,0,"710,000",0,0,0,"713,000","3,000","710,000","710,000"
711081,群聯元大61購14,0,0,0,0.0,0.0,0.0,0,0,0,"-127,000",0,0,0,"665,000","792,000","-127,000","-127,000"
711082,臺慶科元大61購03,0,0,0,0.0,0.0,0.0,0,0,0,"190,000",0,0,0,"190,000",0,"190,000","190,000"
711083,世界國泰62購01,0,0,0,0.0,0.0,0.0,0,0,0,"58,000",0,0,0,"58,000",0,"58,000","58,000"
711084,博大國泰62購01,0,0,0,0.0,0.0,0.0,0,0,0,"-214,000",0,0,0,"23,000","237,000","-214,000","-214,000"
711085,陽程國泰62購01,0,0,0,0.0,0.0,0.0,0,0,0,"16,000",0,0,0,"56,000","40,000","16,000","16,000"
711086,群聯國泰62購03,0,0,0,0.0,0.0,0.0,0,0,0,0,0,0,0,"19,000","19,000",0,0
711087,精材國泰62購02,0,0,0,0.0,0.0,0.0,0,0,0,"-6,000",0,0,0,0,"6,000","-6,000","-6,000"
711090,翔名富邦61購01,0,0,0,0.0,0.0,0.0,0,0,0,"-47,000",0,0,0,0,"47,000","-47,000","-47,000"
711091,陽程富邦61購02,0,0,0,0.0,0.0,0.0,0,0,0,"221,000",0,0,0,"243,000","22,000","221,000","221,000"
711092,精材富邦61購01,0,0,0,0.0,0.0,0.0,0,0,0,"800,000",0,0,0,"906,000","106,000","800,000","800,000"
711093,精材中信61購02,0,0,0,0.0,0.0,0.0,0,0,0,"63,000",0,0,0,"64,000","1,000","63,000","63,000"
711095,千附永豐61購02,0,0,0,0.0,0.0,0.0,0,0,0,"20,000",0,0,0,"20,000",0,"20,000","20,000"
711096,立端永豐61購01,0,0,0,0.0,0.0,0.0,0,0,0,"121,000",0,0,0,"152,000","31,000","121,000","121,000"
711097,松瑞藥永豐61購01,0,0,0,0.0,0.0,0.0,0,0,0,0,0,0,0,"100,000","100,000",0,0
711098,磐儀永豐61購02,0,0,0,0.0,0.0,0.0,0,0,0,"-120,000",0,0,0,0,"120,000","-120,000","-120,000"
711099,千附精統一67購01,0,0,0,0.0,0.0,0.0,0,0,0,"-1,000",0,0,0,0,"1,000","-1,000","-1,000"
711107,巨有統一6C購01,0,0,0,0.0,0.0,0.0,0,0,0,"-110,000",0,0,0,0,"110,000","-110,000","-110,000"
711111,青雲統一6C購01,0,0,0,0.0,0.0,0.0,0,0,0,"31,000",0,0,0,"37,000","6,000","31,000","31,000"
711115,智通*統一67購01,0,0,0,0.0,0.0,0.0,0,0,0,"-52,000",0,0,0,"47,000","99,000","-52,000","-52,000"
711118,頎邦統一65購01,0,0,0,0.0,0.0,0.0,0,0,0,"2,361,000",0,0,0,"2,914,000","553,000","2,361,000","2,361,000"
711119,頎邦統一67購02,0,0,0,0.0,0.0,0.0,0,0,0,"-107,000",0,0,0,"2,000","109,000","-107,000","-107,000"
711120,頎邦統一67購03,0,0,0,0.0,0.0,0.0,0,0,0,"5,000",0,0,0,"5,000",0,"5,000","5,000"
711121,頎邦統一6C購01,0,0,0,0.0,0.0,0.0,0,0,0,"-106,000",0,0,0,"15,000","121,000","-106,000","-106,000"
711122,精材統一65購02,0,0,0,0.0,0.0,0.0,0,0,0,"714,000",0,0,0,"935,000","221,000","714,000","714,000"
711123,精材統一67購02,0,0,0,0.0,0.0,0.0,0,0,0,"133,000",0,0,0,"196,000","63,000","133,000","133,000"
711125,家登凱基67購01,0,0,0,0.0,0.0,0.0,0,0,0,"1,000",0,0,0,"1,000",0,"1,000","1,000"
711126,陽程凱基61購03,0,0,0,0.0,0.0,0.0,0,0,0,"-20,000",0,0,0,0,"20,000","-20,000","-20,000"
711128,群聯凱基61購08,0,0,0,0.0,0.0,0.0,0,0,0,"-1,246,000",0,0,0,"5,000","1,251,000","-1,246,000","-1,246,000"
711129,群聯凱基61購09,0,0,0,0.0,0.0,0.0,0,0,0,"-93,000",0,0,0,"28,000","121,000","-93,000","-93,000"
711130,頎邦凱基61購03,0,0,0,0.0,0.0,0.0,0,0,0,"11,000",0,0,0,"11,000",0,"11,000","11,000"
711131,精材凱基61購09,0,0,0,0.0,0.0,0.0,0,0,0,"3,000",0,0,0,"3,000",0,"3,000","3,000"
711132,臺慶科凱基61購03,0,0,0,0.0,0.0,0.0,0,0,0,"-43,000",0,0,0,0,"43,000","-43,000","-43,000"
711133,宜鼎台新62購01,0,0,0,0.0,0.0,0.0,0,0,0,"-4,000",0,0,0,"27,000","31,000","-4,000","-4,000"
711137,群聯台新67購04,0,0,0,0.0,0.0,0.0,0,0,0,"-150,000",0,0,0,0,"150,000","-150,000","-150,000"
711138,頎邦台新61購04,0,0,0,0.0,0.0,0.0,0,0,0,"-236,000",0,0,0,"202,000","438,000","-236,000","-236,000"
711139,頎邦台新61購05,0,0,0,0.0,0.0,0.0,0,0,0,"-122,000",0,0,0,"33,000","155,000","-122,000","-122,000"
711140,精材台新61購04,0,0,0,0.0,0.0,0.0,0,0,0,"-5,000",0,0,0,0,"5,000","-5,000","-5,000"
711144,天良國票61購01,0,0,0,0.0,0.0,0.0,0,0,0,"114,000",0,0,0,"210,000","96,000","114,000","114,000"
711147,奇鈦科國票65購01,0,0,0,0.0,0.0,0.0,0,0,0,"-30,000",0,0,0,0,"30,000","-30,000","-30,000"
711148,陽程國票61購01,0,0,0,0.0,0.0,0.0,0,0,0,"-4,000",0,0,0,"19,000","23,000","-4,000","-4,000"
711150,順達國票65購01,0,0,0,0.0,0.0,0.0,0,0,0,"-158,000",0,0,0,"61,000","219,000","-158,000","-158,000"
711152,精材國票65購01,0,0,0,0.0,0.0,0.0,0,0,0,"-5,000",0,0,0,0,"5,000","-5,000","-5,000"
711153,營邦國票61購01,0,0,0,0.0,0.0,0.0,0,0,0,"-30,000",0,0,0,0,"30,000","-30,000","-30,000"
711154,千附群益61購01,0,0,0,0.0,0.0,0.0,0,0,0,"-9,000",0,0,0,0,"9,000","-9,000","-9,000"
711156,台特化群益61購02,0,0,0,0.0,0.0,0.0,0,0,0,"-47,000",0,0,0,"76,000","123,000","-47,000","-47,000"
711157,青雲群益61購01,0,0,0,0.0,0.0,0.0,0,0,0,"112,000",0,0,0,"116,000","4,000","112,000","112,000"
711158,青雲群益61購02,0,0,0,0.0,0.0,0.0,0,0,0,0,0,0,0,"2,000","2,000",0,0
711159,威剛群益61購06,0,0,0,0.0,0.0,0.0,0,0,0,"-32,000",0,0,0,"10,000","42,000","-32,000","-32,000"
711162,群聯群益61購07,0,0,0,0.0,0.0,0.0,0,0,0,"-386,000",0,0,0,"10,000","396,000","-386,000","-386,000"
711163,精材群益63購03,0,0,0,0.0,0.0,0.0,0,0,0,"15,000",0,0,0,"25,000","10,000","15,000","15,000"
711164,中光電元大61購06,0,0,0,0.0,0.0,0.0,0,0,0,"4,000",0,0,0,"4,000",0,"4,000","4,000"
711165,中光電元大61購07,0,0,0,0.0,0.0,0.0,0,0,0,"2,456,000",0,0,0,"2,579,000","123,000","2,456,000","2,456,000"
711167,宜鼎元大63購02,0,0,0,0.0,0.0,0.0,0,0,0,"396,000",0,0,0,"706,000","310,000","396,000","396,000"
711169,智通*元大61購03,0,0,0,0.0,0.0,0.0,0,0,0,"-32,000",0,0,0,"395,000","427,000","-32,000","-32,000"
711170,翔名元大61購02,0,0,0,0.0,0.0,0.0,0,0,0,"215,000",0,0,0,"215,000",0,"215,000","215,000"
711171,順達元大61購01,0,0,0,0.0,0.0,0.0,0,0,0,"-122,000",0,0,0,"10,000","132,000","-122,000","-122,000"
711172,群聯元大61購15,0,0,0,0.0,0.0,0.0,0,0,0,"166,000",0,0,0,"529,000","363,000","166,000","166,000"
711173,頎邦元大61購03,0,0,0,0.0,0.0,0.0,0,0,0,"410,000",0,0,0,"410,000",0,"410,000","410,000"
711174,精材元大61購10,0,0,0,0.0,0.0,0.0,0,0,0,"11,000",0,0,0,"11,000",0,"11,000","11,000"
711175,精材元大61購11,0,0,0,0.0,0.0,0.0,0,0,0,"20,000",0,0,0,"50,000","30,000","20,000","20,000"
711176,精材元大63購05,0,0,0,0.0,0.0,0.0,0,0,0,"285,000",0,0,0,"291,000","6,000","285,000","285,000"
711177,營邦元大61購01,0,0,0,0.0,0.0,0.0,0,0,0,"-10,000",0,0,0,0,"10,000","-10,000","-10,000"
711181,千附精統一67購03,0,0,0,0.0,0.0,0.0,0,0,0,"-99,000",0,0,0,"1,000","100,000","-99,000","-99,000"
711182,大中統一65購03,0,0,0,0.0,0.0,0.0,0,0,0,"-110,000",0,0,0,0,"110,000","-110,000","-110,000"
711183,中光電統一65購01,0,0,0,0.0,0.0,0.0,0,0,0,"-180,000",0,0,0,0,"180,000","-180,000","-180,000"
711186,中美晶統一67購01,0,0,0,0.0,0.0,0.0,0,0,0,"-50,000",0,0,0,0,"50,000","-50,000","-50,000"
711187,中美晶統一6C購01,0,0,0,0.0,0.0,0.0,0,0,0,"-3,000",0,0,0,0,"3,000","-3,000","-3,000"
711190,安勤統一67購01,0,0,0,0.0,0.0,0.0,0,0,0,"157,000",0,0,0,"157,000",0,"157,000","157,000"
711191,系統電統一6C購01,0,0,0,0.0,0.0,0.0,0,0,0,"-12,000",0,0,0,0,"12,000","-12,000","-12,000"
711193,宜鼎統一67購01,0,0,0,0.0,0.0,0.0,0,0,0,"-55,000",0,0,0,"55,000","110,000","-55,000","-55,000"
711196,青雲統一69購02,0,0,0,0.0,0.0,0.0,0,0,0,"40,000",0,0,0,"45,000","5,000","40,000","40,000"
711199,堡達統一65購01,0,0,0,0.0,0.0,0.0,0,0,0,"-126,000",0,0,0,0,"126,000","-126,000","-126,000"
711207,頎邦統一67購04,0,0,0,0.0,0.0,0.0,0,0,0,"-30,000",0,0,0,0,"30,000","-30,000","-30,000"
711208,頎邦統一68購01,0,0,0,0.0,0.0,0.0,0,0,0,"-250,000",0,0,0,0,"250,000","-250,000","-250,000"
711209,碩禾統一67購01,0,0,0,0.0,0.0,0.0,0,0,0,"-1,000",0,0,0,0,"1,000","-1,000","-1,000"
711211,精材統一6C購02,0,0,0,0.0,0.0,0.0,0,0,0,"20,000",0,0,0,"20,000",0,"20,000","20,000"
711212,大樹永豐61購01,0,0,0,0.0,0.0,0.0,0,0,0,"-67,000",0,0,0,"70,000","137,000","-67,000","-67,000"
711213,中美晶永豐61購03,0,0,0,0.0,0.0,0.0,0,0,0,"91,000",0,0,0,"137,000","46,000","91,000","91,000"
711214,宜鼎永豐67購01,0,0,0,0.0,0.0,0.0,0,0,0,"-36,000",0,0,0,"16,000","52,000","-36,000","-36,000"
711215,智通*永豐65購01,0,0,0,0.0,0.0,0.0,0,0,0,"19,000",0,0,0,"169,000","150,000","19,000","19,000"
711217,頎邦永豐65購01,0,0,0,0.0,0.0,0.0,0,0,0,"-49,000",0,0,0,0,"49,000","-49,000","-49,000"
711221,營邦永豐64購01,0,0,0,0.0,0.0,0.0,0,0,0,"-75,000",0,0,0,0,"75,000","-75,000","-75,000"
711222,廣積國泰62購01,0,0,0,0.0,0.0,0.0,0,0,0,"-51,000",0,0,0,"19,000","70,000","-51,000","-51,000"
711223,營邦國泰62購01,0,0,0,0.0,0.0,0.0,0,0,0,"-2,000",0,0,0,0,"2,000","-2,000","-2,000"
711225,元太富邦63購01,0,0,0,0.0,0.0,0.0,0,0,0,"222,000",0,0,0,"222,000",0,"222,000","222,000"
711226,元太富邦63購02,0,0,0,0.0,0.0,0.0,0,0,0,"452,000",0,0,0,"466,000","14,000","452,000","452,000"
711228,宜特富邦63購01,0,0,0,0.0,0.0,0.0,0,0,0,"-164,000",0,0,0,"39,000","203,000","-164,000","-164,000"
711229,智通*富邦64購02,0,0,0,0.0,0.0,0.0,0,0,0,"-200,000",0,0,0,0,"200,000","-200,000","-200,000"
711230,順達富邦63購01,0,0,0,0.0,0.0,0.0,0,0,0,"-247,000",0,0,0,0,"247,000","-247,000","-247,000"
711231,鈊象富邦63購02,0,0,0,0.0,0.0,0.0,0,0,0,"10,000",0,0,0,"10,000",0,"10,000","10,000"
711233,宜鼎台新63購01,0,0,0,0.0,0.0,0.0,0,0,0,"-56,000",0,0,0,0,"56,000","-56,000","-56,000"
711234,宜鼎台新64購01,0,0,0,0.0,0.0,0.0,0,0,0,"-56,000",0,0,0,0,"56,000","-56,000","-56,000"
711236,陽程群益63購01,0,0,0,0.0,0.0,0.0,0,0,0,"76,000",0,0,0,"76,000",0,"76,000","76,000"
711241,宜鼎凱基64購01,0,0,0,0.0,0.0,0.0,0,0,0,"-250,000",0,0,0,"373,000","623,000","-250,000","-250,000"
711242,青雲凱基61購01,0,0,0,0.0,0.0,0.0,0,0,0,"51,000",0,0,0,"128,000","77,000","51,000","51,000"
711248,雙鴻凱基61購06,0,0,0,0.0,0.0,0.0,0,0,0,"-20,000",0,0,0,"10,000","30,000","-20,000","-20,000"
711249,M31國票61購01,0,0,0,0.0,0.0,0.0,0,0,0,"21,000",0,0,0,"21,000",0,"21,000","21,000"
711250,千附國票61購03,0,0,0,0.0,0.0,0.0,0,0,0,"-6,000",0,0,0,"21,000","27,000","-6,000","-6,000"
711252,巨有國票61購01,0,0,0,0.0,0.0,0.0,0,0,0,"-275,000",0,0,0,"45,000","320,000","-275,000","-275,000"
711253,倉和國票66購01,0,0,0,0.0,0.0,0.0,0,0,0,"7,000",0,0,0,"7,000",0,"7,000","7,000"
711254,博智國票61購01,0,0,0,0.0,0.0,0.0,0,0,0,"16,000",0,0,0,"16,000",0,"16,000","16,000"
711255,晶呈國票65購01,0,0,0,0.0,0.0,0.0,0,0,0,"22,000",0,0,0,"22,000",0,"22,000","22,000"
711256,千附元大61購01,0,0,0,0.0,0.0,0.0,0,0,0,"3,000",0,0,0,"26,000","23,000","3,000","3,000"
711258,中光電元大61購09,0,0,0,0.0,0.0,0.0,0,0,0,"1,000",0,0,0,"1,000",0,"1,000","1,000"
711259,中光電元大63購01,0,0,0,0.0,0.0,0.0,0,0,0,"2,000",0,0,0,"14,000","12,000","2,000","2,000"
711261,宜鼎元大63購03,0,0,0,0.0,0.0,0.0,0,0,0,"-444,000",0,0,0,"684,000","1,128,000","-444,000","-444,000"
711262,朋程元大61購02,0,0,0,0.0,0.0,0.0,0,0,0,"52,000",0,0,0,"52,000",0,"52,000","52,000"
711263,家登元大61購04,0,0,0,0.0,0.0,0.0,0,0,0,"57,000",0,0,0,"57,000",0,"57,000","57,000"
711264,家登元大61購05,0,0,0,0.0,0.0,0.0,0,0,0,"319,000",0,0,0,"319,000",0,"319,000","319,000"
711266,群聯元大61購16,0,0,0,0.0,0.0,0.0,0,0,0,"-16,000",0,0,0,"160,000","176,000","-16,000","-16,000"
711267,臺慶科元大61購04,0,0,0,0.0,0.0,0.0,0,0,0,"-62,000",0,0,0,"100,000","162,000","-62,000","-62,000"
711268,營邦元大61購02,0,0,0,0.0,0.0,0.0,0,0,0,"-370,000",0,0,0,0,"370,000","-370,000","-370,000"
711269,中美晶國泰62購01,0,0,0,0.0,0.0,0.0,0,0,0,"-3,000",0,0,0,0,"3,000","-3,000","-3,000"
711273,千附精永豐64購01,0,0,0,0.0,0.0,0.0,0,0,0,"29,000",0,0,0,"29,000",0,"29,000","29,000"
711274,大中永豐61購01,0,0,0,0.0,0.0,0.0,0,0,0,"-10,000",0,0,0,0,"10,000","-10,000","-10,000"
711275,世界永豐61購02,0,0,0,0.0,0.0,0.0,0,0,0,"135,000",0,0,0,"238,000","103,000","135,000","135,000"
711276,家登永豐61購03,0,0,0,0.0,0.0,0.0,0,0,0,"11,000",0,0,0,"11,000",0,"11,000","11,000"
711277,璟德永豐67購01,0,0,0,0.0,0.0,0.0,0,0,0,"67,000",0,0,0,"67,000",0,"67,000","67,000"
711279,千附統一6C購01,0,0,0,0.0,0.0,0.0,0,0,0,"198,000",0,0,0,"201,000","3,000","198,000","198,000"
711281,安勤統一67購02,0,0,0,0.0,0.0,0.0,0,0,0,"200,000",0,0,0,"240,000","40,000","200,000","200,000"
711282,青雲統一67購01,0,0,0,0.0,0.0,0.0,0,0,0,"17,000",0,0,0,"17,000",0,"17,000","17,000"
711283,倉和統一6C購01,0,0,0,0.0,0.0,0.0,0,0,0,"-133,000",0,0,0,0,"133,000","-133,000","-133,000"
711284,神準統一67購02,0,0,0,0.0,0.0,0.0,0,0,0,"22,000",0,0,0,"22,000",0,"22,000","22,000"
711285,翔名統一67購01,0,0,0,0.0,0.0,0.0,0,0,0,"40,000",0,0,0,"40,000",0,"40,000","40,000"
711287,M31台新61購01,0,0,0,0.0,0.0,0.0,0,0,0,"-883,000",0,0,0,"148,000","1,031,000","-883,000","-883,000"
711288,M31台新62購01,0,0,0,0.0,0.0,0.0,0,0,0,"-1,005,000",0,0,0,"1,000","1,006,000","-1,005,000","-1,005,000"
711289,M31台新64購01,0,0,0,0.0,0.0,0.0,0,0,0,"-1,000",0,0,0,0,"1,000","-1,000","-1,000"
711290,千附精台新61購02,0,0,0,0.0,0.0,0.0,0,0,0,"-4,000",0,0,0,"27,000","31,000","-4,000","-4,000"
711291,富喬台新61購02,0,0,0,0.0,0.0,0.0,0,0,0,"15,000",0,0,0,"15,000",0,"15,000","15,000"
711292,頎邦台新61購06,0,0,0,0.0,0.0,0.0,0,0,0,"-1,350,000",0,0,0,"73,000","1,423,000","-1,350,000","-1,350,000"
711295,M31凱基61購03,0,0,0,0.0,0.0,0.0,0,0,0,"-8,000",0,0,0,"5,000","13,000","-8,000","-8,000"
711300,博智凱基63購01,0,0,0,0.0,0.0,0.0,0,0,0,"-10,000",0,0,0,0,"10,000","-10,000","-10,000"
711301,晶呈凱基61購01,0,0,0,0.0,0.0,0.0,0,0,0,"10,000",0,0,0,"15,000","5,000","10,000","10,000"
711302,翔名凱基61購02,0,0,0,0.0,0.0,0.0,0,0,0,"-44,000",0,0,0,0,"44,000","-44,000","-44,000"
711303,群聯凱基65購01,0,0,0,0.0,0.0,0.0,0,0,0,"-67,000",0,0,0,0,"67,000","-67,000","-67,000"
711304,臺慶科凱基64購01,0,0,0,0.0,0.0,0.0,0,0,0,"22,000",0,0,0,"22,000",0,"22,000","22,000"
711305,營邦凱基61購03,0,0,0,0.0,0.0,0.0,0,0,0,"-1,198,000",0,0,0,0,"1,198,000","-1,198,000","-1,198,000"
711306,千附精元大61購01,0,0,0,0.0,0.0,0.0,0,0,0,"49,000",0,0,0,"130,000","81,000","49,000","49,000"
711307,中光電元大61購10,0,0,0,0.0,0.0,0.0,0,0,0,"897,000",0,0,0,"1,033,000","136,000","897,000","897,000"
711308,宏捷科元大66購01,0,0,0,0.0,0.0,0.0,0,0,0,"257,000",0,0,0,"267,000","10,000","257,000","257,000"
711309,宜鼎元大63購04,0,0,0,0.0,0.0,0.0,0,0,0,"192,000",0,0,0,"429,000","237,000","192,000","192,000"
711310,原相元大61購03,0,0,0,0.0,0.0,0.0,0,0,0,"45,000",0,0,0,"45,000",0,"45,000","45,000"
711311,順達元大63購01,0,0,0,0.0,0.0,0.0,0,0,0,"-5,000",0,0,0,0,"5,000","-5,000","-5,000"
711312,群聯元大61購17,0,0,0,0.0,0.0,0.0,0,0,0,"102,000",0,0,0,"215,000","113,000","102,000","102,000"
711313,臺慶科元大61購05,0,0,0,0.0,0.0,0.0,0,0,0,"-70,000",0,0,0,"15,000","85,000","-70,000","-70,000"
711314,世界國泰62購02,0,0,0,0.0,0.0,0.0,0,0,0,"21,000",0,0,0,"21,000",0,"21,000","21,000"
711316,鑫聯國泰62購01,0,0,0,0.0,0.0,0.0,0,0,0,"71,000",0,0,0,"71,000",0,"71,000","71,000"
711321,倉和國票67購01,0,0,0,0.0,0.0,0.0,0,0,0,"-17,000",0,0,0,"4,000","21,000","-17,000","-17,000"
711323,頎邦國票64購01,0,0,0,0.0,0.0,0.0,0,0,0,"50,000",0,0,0,"50,000",0,"50,000","50,000"
711325,M31群益61購01,0,0,0,0.0,0.0,0.0,0,0,0,"-45,000",0,0,0,0,"45,000","-45,000","-45,000"
711326,千附精群益61購02,0,0,0,0.0,0.0,0.0,0,0,0,"-55,000",0,0,0,0,"55,000","-55,000","-55,000"
711327,杰力群益61購02,0,0,0,0.0,0.0,0.0,0,0,0,"135,000",0,0,0,"135,000",0,"135,000","135,000"
711328,博智群益61購02,0,0,0,0.0,0.0,0.0,0,0,0,"2,000",0,0,0,"9,000","7,000","2,000","2,000"
711329,陽程群益61購03,0,0,0,0.0,0.0,0.0,0,0,0,"383,000",0,0,0,"393,000","10,000","383,000","383,000"
711330,群聯群益63購01,0,0,0,0.0,0.0,0.0,0,0,0,"40,000",0,0,0,"40,000",0,"40,000","40,000"
711331,M31富邦63購01,0,0,0,0.0,0.0,0.0,0,0,0,"-55,000",0,0,0,"78,000","133,000","-55,000","-55,000"
711332,九暘統一65購01,0,0,0,0.0,0.0,0.0,0,0,0,"31,000",0,0,0,"31,000",0,"31,000","31,000"
711334,M31永豐63購01,0,0,0,0.0,0.0,0.0,0,0,0,"-51,000",0,0,0,0,"51,000","-51,000","-51,000"
711335,世紀*永豐63購01,0,0,0,0.0,0.0,0.0,0,0,0,"21,000",0,0,0,"21,000",0,"21,000","21,000"
711336,原相永豐61購03,0,0,0,0.0,0.0,0.0,0,0,0,"4,000",0,0,0,"9,000","5,000","4,000","4,000"
711338,晶呈永豐61購01,0,0,0,0.0,0.0,0.0,0,0,0,"-70,000",0,0,0,0,"70,000","-70,000","-70,000"
711339,晶呈永豐64購01,0,0,0,0.0,0.0,0.0,0,0,0,"40,000",0,0,0,"40,000",0,"40,000","40,000"
711340,千附精台新61購03,0,0,0,0.0,0.0,0.0,0,0,0,"-4,000",0,0,0,"27,000","31,000","-4,000","-4,000"
711341,良維台新61購01,0,0,0,0.0,0.0,0.0,0,0,0,"-22,000",0,0,0,0,"22,000","-22,000","-22,000"
711342,創泓台新61購01,0,0,0,0.0,0.0,0.0,0,0,0,0,0,0,0,"25,000","25,000",0,0
711343,中美晶凱基61購09,0,0,0,0.0,0.0,0.0,0,0,0,"-1,000",0,0,0,0,"1,000","-1,000","-1,000"
711344,宜鼎凱基61購04,0,0,0,0.0,0.0,0.0,0,0,0,"-83,000",0,0,0,"24,000","107,000","-83,000","-83,000"
711345,原相凱基61購03,0,0,0,0.0,0.0,0.0,0,0,0,"158,000",0,0,0,"194,000","36,000","158,000","158,000"
711346,智通*凱基61購03,0,0,0,0.0,0.0,0.0,0,0,0,0,0,0,0,"10,000","10,000",0,0
711347,群聯凱基63購02,0,0,0,0.0,0.0,0.0,0,0,0,"-102,000",0,0,0,"130,000","232,000","-102,000","-102,000"
711348,頎邦凱基64購02,0,0,0,0.0,0.0,0.0,0,0,0,"50,000",0,0,0,"50,000",0,"50,000","50,000"
711349,雙鴻凱基63購02,0,0,0,0.0,0.0,0.0,0,0,0,"-44,000",0,0,0,"15,000","59,000","-44,000","-44,000"
711350,中光電元大61購11,0,0,0,0.0,0.0,0.0,0,0,0,"-87,000",0,0,0,"2,776,000","2,863,000","-87,000","-87,000"
711352,創泓元大61購01,0,0,0,0.0,0.0,0.0,0,0,0,"-36,000",0,0,0,0,"36,000","-36,000","-36,000"
711353,智通*元大61購04,0,0,0,0.0,0.0,0.0,0,0,0,"537,000",0,0,0,"587,000","50,000","537,000","537,000"
711354,智通*元大61購05,0,0,0,0.0,0.0,0.0,0,0,0,"426,000",0,0,0,"426,000",0,"426,000","426,000"
711356,世界群益61購04,0,0,0,0.0,0.0,0.0,0,0,0,"39,000",0,0,0,"39,000",0,"39,000","39,000"
711358,巨有群益61購01,0,0,0,0.0,0.0,0.0,0,0,0,"-352,000",0,0,0,"16,000","368,000","-352,000","-352,000"
711359,均豪群益66購01,0,0,0,0.0,0.0,0.0,0,0,0,"-80,000",0,0,0,0,"80,000","-80,000","-80,000"
711360,智通*群益61購01,0,0,0,0.0,0.0,0.0,0,0,0,"-29,000",0,0,0,0,"29,000","-29,000","-29,000"
711361,群聯群益61購08,0,0,0,0.0,0.0,0.0,0,0,0,"-65,000",0,0,0,0,"65,000","-65,000","-65,000"
711362,元太永豐61購05,0,0,0,0.0,0.0,0.0,0,0,0,"8,000",0,0,0,"8,000",0,"8,000","8,000"
711363,加高永豐61購02,0,0,0,0.0,0.0,0.0,0,0,0,"-20,000",0,0,0,0,"20,000","-20,000","-20,000"
711364,良維永豐61購02,0,0,0,0.0,0.0,0.0,0,0,0,"48,000",0,0,0,"124,000","76,000","48,000","48,000"
711365,威剛永豐67購02,0,0,0,0.0,0.0,0.0,0,0,0,0,0,0,0,"60,000","60,000",0,0
711366,敘豐永豐64購01,0,0,0,0.0,0.0,0.0,0,0,0,"-25,000",0,0,0,0,"25,000","-25,000","-25,000"
711369,華電網永豐61購01,0,0,0,0.0,0.0,0.0,0,0,0,"-27,000",0,0,0,"3,000","30,000","-27,000","-27,000"
711370,閎康永豐61購03,0,0,0,0.0,0.0,0.0,0,0,0,"2,000",0,0,0,"2,000",0,"2,000","2,000"
711371,順達永豐64購03,0,0,0,0.0,0.0,0.0,0,0,0,"-20,000",0,0,0,0,"20,000","-20,000","-20,000"
711373,群聯永豐67購02,0,0,0,0.0,0.0,0.0,0,0,0,"-23,000",0,0,0,"108,000","131,000","-23,000","-23,000"
711375,千附國票65購01,0,0,0,0.0,0.0,0.0,0,0,0,"-2,000",0,0,0,"12,000","14,000","-2,000","-2,000"
711377,原相國票61購02,0,0,0,0.0,0.0,0.0,0,0,0,"244,000",0,0,0,"244,000",0,"244,000","244,000"
711379,創泓國票61購02,0,0,0,0.0,0.0,0.0,0,0,0,"-2,000",0,0,0,0,"2,000","-2,000","-2,000"
711380,創泓國票63購01,0,0,0,0.0,0.0,0.0,0,0,0,"7,000",0,0,0,"45,000","38,000","7,000","7,000"
711381,智擎國票65購01,0,0,0,0.0,0.0,0.0,0,0,0,"7,000",0,0,0,"7,000",0,"7,000","7,000"
711384,千附精國泰62購01,0,0,0,0.0,0.0,0.0,0,0,0,"-499,000",0,0,0,0,"499,000","-499,000","-499,000"
711385,世界國泰62購03,0,0,0,0.0,0.0,0.0,0,0,0,"116,000",0,0,0,"116,000",0,"116,000","116,000"
711386,宜鼎國泰62購03,0,0,0,0.0,0.0,0.0,0,0,0,"668,000",0,0,0,"701,000","33,000","668,000","668,000"
711387,青雲國泰62購04,0,0,0,0.0,0.0,0.0,0,0,0,"1,380,000",0,0,0,"1,539,000","159,000","1,380,000","1,380,000"
711388,倉和國泰62購01,0,0,0,0.0,0.0,0.0,0,0,0,"-87,000",0,0,0,"6,000","93,000","-87,000","-87,000"
711389,群聯國泰62購04,0,0,0,0.0,0.0,0.0,0,0,0,"55,000",0,0,0,"55,000",0,"55,000","55,000"
711390,群聯國泰62購05,0,0,0,0.0,0.0,0.0,0,0,0,"58,000",0,0,0,"58,000",0,"58,000","58,000"
711391,系統電富邦61購03,0,0,0,0.0,0.0,0.0,0,0,0,"258,000",0,0,0,"372,000","114,000","258,000","258,000"
711392,宜鼎富邦61購03,0,0,0,0.0,0.0,0.0,0,0,0,"-272,000",0,0,0,"290,000","562,000","-272,000","-272,000"
711393,群聯富邦63購02,0,0,0,0.0,0.0,0.0,0,0,0,"-34,000",0,0,0,"32,000","66,000","-34,000","-34,000"
711394,M31統一67購01,0,0,0,0.0,0.0,0.0,0,0,0,"-29,000",0,0,0,0,"29,000","-29,000","-29,000"
711395,M31統一67購02,0,0,0,0.0,0.0,0.0,0,0,0,"101,000",0,0,0,"103,000","2,000","101,000","101,000"
711396,M31統一6C購01,0,0,0,0.0,0.0,0.0,0,0,0,"30,000",0,0,0,"50,000","20,000","30,000","30,000"
711397,千附統一67購01,0,0,0,0.0,0.0,0.0,0,0,0,"-70,000",0,0,0,0,"70,000","-70,000","-70,000"
711398,千附精統一67購04,0,0,0,0.0,0.0,0.0,0,0,0,"91,000",0,0,0,"92,000","1,000","91,000","91,000"
711399,大中統一67購01,0,0,0,0.0,0.0,0.0,0,0,0,"94,000",0,0,0,"94,000",0,"94,000","94,000"
711402,中美晶統一66購04,0,0,0,0.0,0.0,0.0,0,0,0,"380,000",0,0,0,"380,000",0,"380,000","380,000"
711403,世紀*統一67購01,0,0,0,0.0,0.0,0.0,0,0,0,"98,000",0,0,0,"98,000",0,"98,000","98,000"
711404,杰力統一67購01,0,0,0,0.0,0.0,0.0,0,0,0,"17,000",0,0,0,"17,000",0,"17,000","17,000"
711405,智通*統一6C購01,0,0,0,0.0,0.0,0.0,0,0,0,"132,000",0,0,0,"153,000","21,000","132,000","132,000"
711407,廣穎統一63購01,0,0,0,0.0,0.0,0.0,0,0,0,"50,000",0,0,0,"51,000","1,000","50,000","50,000"
711408,廣穎統一69購02,0,0,0,0.0,0.0,0.0,0,0,0,"499,000",0,0,0,"499,000",0,"499,000","499,000"
711409,千附國票66購01,0,0,0,0.0,0.0,0.0,0,0,0,"48,000",0,0,0,"68,000","20,000","48,000","48,000"
711410,元太國票61購01,0,0,0,0.0,0.0,0.0,0,0,0,"60,000",0,0,0,"60,000",0,"60,000","60,000"
711412,系統電國票64購01,0,0,0,0.0,0.0,0.0,0,0,0,"4,000",0,0,0,"8,000","4,000","4,000","4,000"
711414,青雲國票61購02,0,0,0,0.0,0.0,0.0,0,0,0,"4,940,000",0,0,0,"4,961,000","21,000","4,940,000","4,940,000"
711415,耕興國票65購01,0,0,0,0.0,0.0,0.0,0,0,0,"19,000",0,0,0,"19,000",0,"19,000","19,000"
711416,晟田國票62購01,0,0,0,0.0,0.0,0.0,0,0,0,"14,000",0,0,0,"25,000","11,000","14,000","14,000"
711418,華景電國票65購01,0,0,0,0.0,0.0,0.0,0,0,0,"-9,000",0,0,0,0,"9,000","-9,000","-9,000"
711419,碩禾國票64購01,0,0,0,0.0,0.0,0.0,0,0,0,"-54,000",0,0,0,"5,000","59,000","-54,000","-54,000"
711422,晟田台新61購02,0,0,0,0.0,0.0,0.0,0,0,0,"699,000",0,0,0,"699,000",0,"699,000","699,000"
711423,陽程台新61購01,0,0,0,0.0,0.0,0.0,0,0,0,"116,000",0,0,0,"116,000",0,"116,000","116,000"
711424,陽程台新61購02,0,0,0,0.0,0.0,0.0,0,0,0,"101,000",0,0,0,"132,000","31,000","101,000","101,000"
711426,中光電凱基61購05,0,0,0,0.0,0.0,0.0,0,0,0,"-20,000",0,0,0,0,"20,000","-20,000","-20,000"
711428,世界凱基64購02,0,0,0,0.0,0.0,0.0,0,0,0,"99,000",0,0,0,"99,000",0,"99,000","99,000"
711437,中美晶元大65購04,0,0,0,0.0,0.0,0.0,0,0,0,"-14,000",0,0,0,0,"14,000","-14,000","-14,000"
711438,世界元大63購05,0,0,0,0.0,0.0,0.0,0,0,0,"570,000",0,0,0,"911,000","341,000","570,000","570,000"
711439,家登元大63購01,0,0,0,0.0,0.0,0.0,0,0,0,"184,000",0,0,0,"196,000","12,000","184,000","184,000"
711440,智通*元大61購06,0,0,0,0.0,0.0,0.0,0,0,0,"627,000",0,0,0,"1,270,000","643,000","627,000","627,000"
711441,智通*元大63購02,0,0,0,0.0,0.0,0.0,0,0,0,"421,000",0,0,0,"736,000","315,000","421,000","421,000"
711442,翔名元大61購03,0,0,0,0.0,0.0,0.0,0,0,0,"250,000",0,0,0,"250,000",0,"250,000","250,000"
711444,漢科元大61購01,0,0,0,0.0,0.0,0.0,0,0,0,"-350,000",0,0,0,0,"350,000","-350,000","-350,000"
711449,中美晶永豐61購04,0,0,0,0.0,0.0,0.0,0,0,0,"95,000",0,0,0,"146,000","51,000","95,000","95,000"
711451,世禾永豐61購01,0,0,0,0.0,0.0,0.0,0,0,0,"9,000",0,0,0,"9,000",0,"9,000","9,000"
711453,均豪永豐64購02,0,0,0,0.0,0.0,0.0,0,0,0,"-8,000",0,0,0,0,"8,000","-8,000","-8,000"
711454,宏捷科永豐64購01,0,0,0,0.0,0.0,0.0,0,0,0,"9,000",0,0,0,"9,000",0,"9,000","9,000"
711455,創惟永豐61購01,0,0,0,0.0,0.0,0.0,0,0,0,"55,000",0,0,0,"55,000",0,"55,000","55,000"
711456,智通*永豐61購02,0,0,0,0.0,0.0,0.0,0,0,0,"-109,000",0,0,0,0,"109,000","-109,000","-109,000"
711457,湧德永豐61購01,0,0,0,0.0,0.0,0.0,0,0,0,"57,000",0,0,0,"64,000","7,000","57,000","57,000"
711458,陽程永豐61購02,0,0,0,0.0,0.0,0.0,0,0,0,"111,000",0,0,0,"132,000","21,000","111,000","111,000"
711459,中光電國泰62購02,0,0,0,0.0,0.0,0.0,0,0,0,"62,000",0,0,0,"62,000",0,"62,000","62,000"
711460,中光電國泰62購03,0,0,0,0.0,0.0,0.0,0,0,0,"-8,000",0,0,0,0,"8,000","-8,000","-8,000"
711462,世禾國泰62購01,0,0,0,0.0,0.0,0.0,0,0,0,"15,000",0,0,0,"15,000",0,"15,000","15,000"
711463,翔名國泰62購01,0,0,0,0.0,0.0,0.0,0,0,0,"-1,291,000",0,0,0,"9,000","1,300,000","-1,291,000","-1,291,000"
711464,廣穎國泰62購01,0,0,0,0.0,0.0,0.0,0,0,0,"93,000",0,0,0,"93,000",0,"93,000","93,000"
711465,千附統一67購02,0,0,0,0.0,0.0,0.0,0,0,0,"-50,000",0,0,0,0,"50,000","-50,000","-50,000"
711471,世界統一6C購01,0,0,0,0.0,0.0,0.0,0,0,0,"127,000",0,0,0,"127,000",0,"127,000","127,000"
711477,雙鴻統一6C購01,0,0,0,0.0,0.0,0.0,0,0,0,"-114,000",0,0,0,"54,000","168,000","-114,000","-114,000"
711478,中光電富邦62購03,0,0,0,0.0,0.0,0.0,0,0,0,"-2,000",0,0,0,0,"2,000","-2,000","-2,000"
711479,中美晶富邦61購04,0,0,0,0.0,0.0,0.0,0,0,0,"104,000",0,0,0,"125,000","21,000","104,000","104,000"
711481,宜鼎富邦61購04,0,0,0,0.0,0.0,0.0,0,0,0,"115,000",0,0,0,"187,000","72,000","115,000","115,000"
711482,宜鼎群益61購04,0,0,0,0.0,0.0,0.0,0,0,0,"-63,000",0,0,0,"186,000","249,000","-63,000","-63,000"
711483,茂達群益61購03,0,0,0,0.0,0.0,0.0,0,0,0,"4,000",0,0,0,"4,000",0,"4,000","4,000"
711484,世界台新61購02,0,0,0,0.0,0.0,0.0,0,0,0,"179,000",0,0,0,"179,000",0,"179,000","179,000"
711485,台嘉碩台新61購03,0,0,0,0.0,0.0,0.0,0,0,0,"28,000",0,0,0,"28,000",0,"28,000","28,000"
711487,良維台新61購02,0,0,0,0.0,0.0,0.0,0,0,0,"174,000",0,0,0,"256,000","82,000","174,000","174,000"
711488,亞電台新61購01,0,0,0,0.0,0.0,0.0,0,0,0,"-426,000",0,0,0,"137,000","563,000","-426,000","-426,000"
711489,長科*台新61購01,0,0,0,0.0,0.0,0.0,0,0,0,"-1,000",0,0,0,"79,000","80,000","-1,000","-1,000"
711490,千附精群益61購03,0,0,0,0.0,0.0,0.0,0,0,0,"112,000",0,0,0,"142,000","30,000","112,000","112,000"
711491,亞電群益61購01,0,0,0,0.0,0.0,0.0,0,0,0,"5,000",0,0,0,"5,000",0,"5,000","5,000"
711492,亞電群益61購02,0,0,0,0.0,0.0,0.0,0,0,0,"161,000",0,0,0,"161,000",0,"161,000","161,000"
711493,亞電群益61購03,0,0,0,0.0,0.0,0.0,0,0,0,"63,000",0,0,0,"63,000",0,"63,000","63,000"
711497,系統電凱基61購02,0,0,0,0.0,0.0,0.0,0,0,0,"-90,000",0,0,0,"29,000","119,000","-90,000","-90,000"
711498,宜鼎凱基61購05,0,0,0,0.0,0.0,0.0,0,0,0,"-38,000",0,0,0,"10,000","48,000","-38,000","-38,000"
711499,昇佳電凱基61購02,0,0,0,0.0,0.0,0.0,0,0,0,"10,000",0,0,0,"10,000",0,"10,000","10,000"
711501,威剛凱基61購05,0,0,0,0.0,0.0,0.0,0,0,0,0,0,0,0,"8,000","8,000",0,0
711503,富喬凱基61購06,0,0,0,0.0,0.0,0.0,0,0,0,"30,000",0,0,0,"30,000",0,"30,000","30,000"
711505,順達凱基61購05,0,0,0,0.0,0.0,0.0,0,0,0,"8,000",0,0,0,"8,000",0,"8,000","8,000"
711506,群聯凱基61購11,0,0,0,0.0,0.0,0.0,0,0,0,"-63,000",0,0,0,"7,000","70,000","-63,000","-63,000"
711507,頎邦凱基61購04,0,0,0,0.0,0.0,0.0,0,0,0,"1,000",0,0,0,"1,000",0,"1,000","1,000"
711508,雙鴻凱基63購03,0,0,0,0.0,0.0,0.0,0,0,0,"-30,000",0,0,0,"10,000","40,000","-30,000","-30,000"
711509,千附精元大61購02,0,0,0,0.0,0.0,0.0,0,0,0,"171,000",0,0,0,"452,000","281,000","171,000","171,000"
711511,亞電元大61購01,0,0,0,0.0,0.0,0.0,0,0,0,"9,000",0,0,0,"41,000","32,000","9,000","9,000"
711512,群聯元大61購18,0,0,0,0.0,0.0,0.0,0,0,0,"-166,000",0,0,0,0,"166,000","-166,000","-166,000"
711515,亞電統一69購01,0,0,0,0.0,0.0,0.0,0,0,0,"-15,000",0,0,0,"65,000","80,000","-15,000","-15,000"
711516,宜鼎統一64購05,0,0,0,0.0,0.0,0.0,0,0,0,"-77,000",0,0,0,"119,000","196,000","-77,000","-77,000"
711517,倉和統一65購01,0,0,0,0.0,0.0,0.0,0,0,0,"129,000",0,0,0,"462,000","333,000","129,000","129,000"
711518,方土昶永豐61購01,0,0,0,0.0,0.0,0.0,0,0,0,"1,000",0,0,0,"29,000","28,000","1,000","1,000"
711519,亞電永豐64購01,0,0,0,0.0,0.0,0.0,0,0,0,"12,000",0,0,0,"12,000",0,"12,000","12,000"
711521,長科*永豐64購01,0,0,0,0.0,0.0,0.0,0,0,0,"12,000",0,0,0,"12,000",0,"12,000","12,000"
711523,雙鴻永豐64購03,0,0,0,0.0,0.0,0.0,0,0,0,"-52,000",0,0,0,"73,000","125,000","-52,000","-52,000"
711524,世界國泰62購04,0,0,0,0.0,0.0,0.0,0,0,0,"26,000",0,0,0,"29,000","3,000","26,000","26,000"
711525,良維國泰62購01,0,0,0,0.0,0.0,0.0,0,0,0,"26,000",0,0,0,"97,000","71,000","26,000","26,000"
711526,亞電國泰62購01,0,0,0,0.0,0.0,0.0,0,0,0,"75,000",0,0,0,"100,000","25,000","75,000","75,000"
711527,朋程國泰63購01,0,0,0,0.0,0.0,0.0,0,0,0,"2,000",0,0,0,"2,000",0,"2,000","2,000"
711528,漢科國泰62購01,0,0,0,0.0,0.0,0.0,0,0,0,"-10,000",0,0,0,0,"10,000","-10,000","-10,000"
711529,千附精富邦61購01,0,0,0,0.0,0.0,0.0,0,0,0,"-55,000",0,0,0,"115,000","170,000","-55,000","-55,000"
711531,宜特富邦63購02,0,0,0,0.0,0.0,0.0,0,0,0,"-177,000",0,0,0,"81,000","258,000","-177,000","-177,000"
711532,宜鼎富邦61購05,0,0,0,0.0,0.0,0.0,0,0,0,"-96,000",0,0,0,"18,000","114,000","-96,000","-96,000"
711533,朋程富邦63購04,0,0,0,0.0,0.0,0.0,0,0,0,"1,000",0,0,0,"1,000",0,"1,000","1,000"
711534,欣銓富邦61購02,0,0,0,0.0,0.0,0.0,0,0,0,"264,000",0,0,0,"264,000",0,"264,000","264,000"
711535,長科*富邦62購02,0,0,0,0.0,0.0,0.0,0,0,0,"122,000",0,0,0,"122,000",0,"122,000","122,000"
711536,富喬富邦61購03,0,0,0,0.0,0.0,0.0,0,0,0,"102,000",0,0,0,"127,000","25,000","102,000","102,000"
711537,智通*富邦63購01,0,0,0,0.0,0.0,0.0,0,0,0,"-176,000",0,0,0,"24,000","200,000","-176,000","-176,000"
711538,陽程富邦61購03,0,0,0,0.0,0.0,0.0,0,0,0,"2,000",0,0,0,"63,000","61,000","2,000","2,000"
711540,營邦富邦62購03,0,0,0,0.0,0.0,0.0,0,0,0,"-91,000",0,0,0,0,"91,000","-91,000","-91,000"
711541,雙鴻富邦63購02,0,0,0,0.0,0.0,0.0,0,0,0,"-60,000",0,0,0,0,"60,000","-60,000","-60,000"
711542,譜瑞富邦63購02,0,0,0,0.0,0.0,0.0,0,0,0,"-88,000",0,0,0,"122,000","210,000","-88,000","-88,000"
711546,亞電國票61購01,0,0,0,0.0,0.0,0.0,0,0,0,"-2,000",0,0,0,"5,000","7,000","-2,000","-2,000"
711548,榮田國票61購01,0,0,0,0.0,0.0,0.0,0,0,0,"310,000",0,0,0,"310,000",0,"310,000","310,000"
711550,群聯群益61購09,0,0,0,0.0,0.0,0.0,0,0,0,"-41,000",0,0,0,"16,000","57,000","-41,000","-41,000"
711551,千附精國票64購01,0,0,0,0.0,0.0,0.0,0,0,0,"8,000",0,0,0,"26,000","18,000","8,000","8,000"
711553,亞電國票63購01,0,0,0,0.0,0.0,0.0,0,0,0,"-2,000",0,0,0,0,"2,000","-2,000","-2,000"
711554,亞電國票64購01,0,0,0,0.0,0.0,0.0,0,0,0,"4,000",0,0,0,"6,000","2,000","4,000","4,000"
711555,宜鼎國票66購01,0,0,0,0.0,0.0,0.0,0,0,0,"-9,000",0,0,0,"6,000","15,000","-9,000","-9,000"
711556,朋程國票61購01,0,0,0,0.0,0.0,0.0,0,0,0,"8,000",0,0,0,"8,000",0,"8,000","8,000"
711558,頎邦國票66購01,0,0,0,0.0,0.0,0.0,0,0,0,"-12,000",0,0,0,0,"12,000","-12,000","-12,000"
711560,臺慶科國票66購01,0,0,0,0.0,0.0,0.0,0,0,0,"-17,000",0,0,0,0,"17,000","-17,000","-17,000"
711562,亞電台新61購02,0,0,0,0.0,0.0,0.0,0,0,0,"30,000",0,0,0,"30,000",0,"30,000","30,000"
711563,亞電台新61購03,0,0,0,0.0,0.0,0.0,0,0,0,"8,000",0,0,0,"8,000",0,"8,000","8,000"
711564,青雲台新61購01,0,0,0,0.0,0.0,0.0,0,0,0,"-602,000",0,0,0,"118,000","720,000","-602,000","-602,000"
711566,千附精凱基61購04,0,0,0,0.0,0.0,0.0,0,0,0,"-66,000",0,0,0,"86,000","152,000","-66,000","-66,000"
711567,世界凱基61購03,0,0,0,0.0,0.0,0.0,0,0,0,"6,000",0,0,0,"72,000","66,000","6,000","6,000"
711568,亞電凱基61購01,0,0,0,0.0,0.0,0.0,0,0,0,"30,000",0,0,0,"40,000","10,000","30,000","30,000"
711570,陽程凱基63購03,0,0,0,0.0,0.0,0.0,0,0,0,"-40,000",0,0,0,"30,000","70,000","-40,000","-40,000"
711571,群聯凱基66購02,0,0,0,0.0,0.0,0.0,0,0,0,"-45,000",0,0,0,"20,000","65,000","-45,000","-45,000"
711572,泓格永豐61購01,0,0,0,0.0,0.0,0.0,0,0,0,"19,000",0,0,0,"97,000","78,000","19,000","19,000"
711573,群聯永豐67購03,0,0,0,0.0,0.0,0.0,0,0,0,"-12,000",0,0,0,"5,000","17,000","-12,000","-12,000"
711574,中光電元大61購12,0,0,0,0.0,0.0,0.0,0,0,0,"-172,000",0,0,0,"13,000","185,000","-172,000","-172,000"
711575,元太元大66購04,0,0,0,0.0,0.0,0.0,0,0,0,"39,000",0,0,0,"129,000","90,000","39,000","39,000"
711576,均豪元大61購03,0,0,0,0.0,0.0,0.0,0,0,0,"-10,000",0,0,0,0,"10,000","-10,000","-10,000"
711577,青雲元大61購02,0,0,0,0.0,0.0,0.0,0,0,0,"90,000",0,0,0,"160,000","70,000","90,000","90,000"
711578,晟田元大61購03,0,0,0,0.0,0.0,0.0,0,0,0,"-9,000",0,0,0,0,"9,000","-9,000","-9,000"
711580,群聯元大61購19,0,0,0,0.0,0.0,0.0,0,0,0,"-65,000",0,0,0,"51,000","116,000","-65,000","-65,000"
711581,群聯元大63購05,0,0,0,0.0,0.0,0.0,0,0,0,"-11,000",0,0,0,"156,000","167,000","-11,000","-11,000"
711583,營邦元大61購03,0,0,0,0.0,0.0,0.0,0,0,0,"9,000",0,0,0,"10,000","1,000","9,000","9,000"
711584,雙鴻元大61購16,0,0,0,0.0,0.0,0.0,0,0,0,"-374,000",0,0,0,"146,000","520,000","-374,000","-374,000"
711585,雙鴻元大63購03,0,0,0,0.0,0.0,0.0,0,0,0,"-208,000",0,0,0,"165,000","373,000","-208,000","-208,000"
711586,千附精國泰62購02,0,0,0,0.0,0.0,0.0,0,0,0,"17,000",0,0,0,"47,000","30,000","17,000","17,000"
711587,元太國泰62購01,0,0,0,0.0,0.0,0.0,0,0,0,"-64,000",0,0,0,"58,000","122,000","-64,000","-64,000"
711588,泓格國泰62購01,0,0,0,0.0,0.0,0.0,0,0,0,"37,000",0,0,0,"38,000","1,000","37,000","37,000"
711589,能率亞國泰62購01,0,0,0,0.0,0.0,0.0,0,0,0,"41,000",0,0,0,"56,000","15,000","41,000","41,000"
711590,晟田國泰62購01,0,0,0,0.0,0.0,0.0,0,0,0,"52,000",0,0,0,"55,000","3,000","52,000","52,000"
711591,群聯國泰62購06,0,0,0,0.0,0.0,0.0,0,0,0,"-70,000",0,0,0,"73,000","143,000","-70,000","-70,000"
711592,雙鴻國泰62購01,0,0,0,0.0,0.0,0.0,0,0,0,0,0,0,0,"21,000","21,000",0,0
711593,禾瑞亞統一67購01,0,0,0,0.0,0.0,0.0,0,0,0,"42,000",0,0,0,"42,000",0,"42,000","42,000"
711596,M31富邦63購02,0,0,0,0.0,0.0,0.0,0,0,0,"-80,000",0,0,0,"17,000","97,000","-80,000","-80,000"
711599,宏捷科富邦63購01,0,0,0,0.0,0.0,0.0,0,0,0,"-7,000",0,0,0,"125,000","132,000","-7,000","-7,000"
711600,威剛富邦61購01,0,0,0,0.0,0.0,0.0,0,0,0,"-167,000",0,0,0,0,"167,000","-167,000","-167,000"
711601,茂達富邦63購03,0,0,0,0.0,0.0,0.0,0,0,0,"-1,000",0,0,0,"119,000","120,000","-1,000","-1,000"
711602,頎邦富邦62購01,0,0,0,0.0,0.0,0.0,0,0,0,"-1,045,000",0,0,0,"1,154,000","2,199,000","-1,045,000","-1,045,000"
711603,頎邦富邦63購02,0,0,0,0.0,0.0,0.0,0,0,0,"-824,000",0,0,0,"187,000","1,011,000","-824,000","-824,000"
711604,中光電凱基61購06,0,0,0,0.0,0.0,0.0,0,0,0,"8,000",0,0,0,"38,000","30,000","8,000","8,000"
711606,由田凱基61購01,0,0,0,0.0,0.0,0.0,0,0,0,"40,000",0,0,0,"80,000","40,000","40,000","40,000"
711607,宜鼎凱基65購01,0,0,0,0.0,0.0,0.0,0,0,0,"-172,000",0,0,0,0,"172,000","-172,000","-172,000"
711611,博智凱基63購02,0,0,0,0.0,0.0,0.0,0,0,0,"-152,000",0,0,0,"11,000","163,000","-152,000","-152,000"
711612,雙鴻凱基61購08,0,0,0,0.0,0.0,0.0,0,0,0,"-32,000",0,0,0,"10,000","42,000","-32,000","-32,000"
711613,世界台新61購03,0,0,0,0.0,0.0,0.0,0,0,0,"255,000",0,0,0,"265,000","10,000","255,000","255,000"
711614,台嘉碩台新61購04,0,0,0,0.0,0.0,0.0,0,0,0,"13,000",0,0,0,"28,000","15,000","13,000","13,000"
711617,M31元大61購02,0,0,0,0.0,0.0,0.0,0,0,0,"-10,000",0,0,0,0,"10,000","-10,000","-10,000"
711618,千附精元大61購03,0,0,0,0.0,0.0,0.0,0,0,0,"2,369,000",0,0,0,"3,518,000","1,149,000","2,369,000","2,369,000"
711619,元太元大66購05,0,0,0,0.0,0.0,0.0,0,0,0,"-17,000",0,0,0,"13,000","30,000","-17,000","-17,000"
711620,世禾元大61購01,0,0,0,0.0,0.0,0.0,0,0,0,"47,000",0,0,0,"67,000","20,000","47,000","47,000"
711621,世界元大61購02,0,0,0,0.0,0.0,0.0,0,0,0,"111,000",0,0,0,"448,000","337,000","111,000","111,000"
711622,世界元大63購06,0,0,0,0.0,0.0,0.0,0,0,0,"360,000",0,0,0,"414,000","54,000","360,000","360,000"
711623,艾訊元大61購01,0,0,0,0.0,0.0,0.0,0,0,0,"192,000",0,0,0,"192,000",0,"192,000","192,000"
711624,欣銓元大67購02,0,0,0,0.0,0.0,0.0,0,0,0,"380,000",0,0,0,"750,000","370,000","380,000","380,000"
711625,原相元大61購04,0,0,0,0.0,0.0,0.0,0,0,0,"42,000",0,0,0,"47,000","5,000","42,000","42,000"
711626,家登元大61購06,0,0,0,0.0,0.0,0.0,0,0,0,"10,000",0,0,0,"10,000",0,"10,000","10,000"
711627,家登元大65購01,0,0,0,0.0,0.0,0.0,0,0,0,"386,000",0,0,0,"386,000",0,"386,000","386,000"
711628,陽程元大61購05,0,0,0,0.0,0.0,0.0,0,0,0,"-50,000",0,0,0,"122,000","172,000","-50,000","-50,000"
711629,臺慶科元大61購06,0,0,0,0.0,0.0,0.0,0,0,0,"58,000",0,0,0,"58,000",0,"58,000","58,000"
711630,世界群益61購05,0,0,0,0.0,0.0,0.0,0,0,0,"12,000",0,0,0,"53,000","41,000","12,000","12,000"
711633,群聯群益65購01,0,0,0,0.0,0.0,0.0,0,0,0,"-19,000",0,0,0,"1,000","20,000","-19,000","-19,000"
711634,頎邦群益61購03,0,0,0,0.0,0.0,0.0,0,0,0,"-215,000",0,0,0,"289,000","504,000","-215,000","-215,000"
711635,世界國票61購05,0,0,0,0.0,0.0,0.0,0,0,0,"28,000",0,0,0,"28,000",0,"28,000","28,000"
711636,由田國票61購01,0,0,0,0.0,0.0,0.0,0,0,0,"8,000",0,0,0,"8,000",0,"8,000","8,000"
711638,泓格國票61購01,0,0,0,0.0,0.0,0.0,0,0,0,"-19,000",0,0,0,0,"19,000","-19,000","-19,000"
711640,茂訊國票65購02,0,0,0,0.0,0.0,0.0,0,0,0,"-80,000",0,0,0,0,"80,000","-80,000","-80,000"
711641,茂綸國票65購01,0,0,0,0.0,0.0,0.0,0,0,0,"1,000",0,0,0,"1,000",0,"1,000","1,000"
711644,鈊象國票63購01,0,0,0,0.0,0.0,0.0,0,0,0,"-29,000",0,0,0,0,"29,000","-29,000","-29,000"
711647,家登富邦63購02,0,0,0,0.0,0.0,0.0,0,0,0,"205,000",0,0,0,"253,000","48,000","205,000","205,000"
711648,創惟富邦61購01,0,0,0,0.0,0.0,0.0,0,0,0,"140,000",0,0,0,"140,000",0,"140,000","140,000"
711650,威剛國泰62購02,0,0,0,0.0,0.0,0.0,0,0,0,"-6,000",0,0,0,"2,000","8,000","-6,000","-6,000"
711652,順達國泰62購01,0,0,0,0.0,0.0,0.0,0,0,0,"-75,000",0,0,0,"95,000","170,000","-75,000","-75,000"
711653,勤凱國泰62購01,0,0,0,0.0,0.0,0.0,0,0,0,"307,000",0,0,0,"367,000","60,000","307,000","307,000"
711654,由田統一67購01,0,0,0,0.0,0.0,0.0,0,0,0,"50,000",0,0,0,"50,000",0,"50,000","50,000"
711656,立碁統一67購02,0,0,0,0.0,0.0,0.0,0,0,0,"-11,000",0,0,0,"19,000","30,000","-11,000","-11,000"
711662,世紀*永豐61購02,0,0,0,0.0,0.0,0.0,0,0,0,"31,000",0,0,0,"41,000","10,000","31,000","31,000"
711663,巨有永豐64購01,0,0,0,0.0,0.0,0.0,0,0,0,"7,000",0,0,0,"8,000","1,000","7,000","7,000"
711666,艾訊永豐61購02,0,0,0,0.0,0.0,0.0,0,0,0,"476,000",0,0,0,"576,000","100,000","476,000","476,000"
711667,亞信永豐61購01,0,0,0,0.0,0.0,0.0,0,0,0,"9,000",0,0,0,"9,000",0,"9,000","9,000"
711672,振曜永豐64購01,0,0,0,0.0,0.0,0.0,0,0,0,"-101,000",0,0,0,0,"101,000","-101,000","-101,000"
711675,順達永豐61購03,0,0,0,0.0,0.0,0.0,0,0,0,"-37,000",0,0,0,0,"37,000","-37,000","-37,000"
711676,順達永豐67購02,0,0,0,0.0,0.0,0.0,0,0,0,"-140,000",0,0,0,"59,000","199,000","-140,000","-140,000"
711678,中光電台新61購06,0,0,0,0.0,0.0,0.0,0,0,0,"-646,000",0,0,0,"1,000","647,000","-646,000","-646,000"
711680,高技台新61購01,0,0,0,0.0,0.0,0.0,0,0,0,"-237,000",0,0,0,"212,000","449,000","-237,000","-237,000"
711681,高技台新61購02,0,0,0,0.0,0.0,0.0,0,0,0,"-22,000",0,0,0,"31,000","53,000","-22,000","-22,000"
711683,群聯台新61購05,0,0,0,0.0,0.0,0.0,0,0,0,"-150,000",0,0,0,0,"150,000","-150,000","-150,000"
711684,群聯台新61購06,0,0,0,0.0,0.0,0.0,0,0,0,"-139,000",0,0,0,"58,000","197,000","-139,000","-139,000"
711685,雙鴻台新61購01,0,0,0,0.0,0.0,0.0,0,0,0,"-13,000",0,0,0,0,"13,000","-13,000","-13,000"
711686,雙鴻台新61購02,0,0,0,0.0,0.0,0.0,0,0,0,"30,000",0,0,0,"40,000","10,000","30,000","30,000"
711688,安勤凱基63購01,0,0,0,0.0,0.0,0.0,0,0,0,"124,000",0,0,0,"124,000",0,"124,000","124,000"
711689,宜鼎凱基65購02,0,0,0,0.0,0.0,0.0,0,0,0,"-104,000",0,0,0,0,"104,000","-104,000","-104,000"
711691,鈊象凱基61購04,0,0,0,0.0,0.0,0.0,0,0,0,"-40,000",0,0,0,0,"40,000","-40,000","-40,000"
711692,中光電元大64購01,0,0,0,0.0,0.0,0.0,0,0,0,"-72,000",0,0,0,0,"72,000","-72,000","-72,000"
711693,世界元大61購03,0,0,0,0.0,0.0,0.0,0,0,0,"690,000",0,0,0,"690,000",0,"690,000","690,000"
711694,世界元大61購04,0,0,0,0.0,0.0,0.0,0,0,0,"156,000",0,0,0,"156,000",0,"156,000","156,000"
711695,世界元大63購07,0,0,0,0.0,0.0,0.0,0,0,0,"-1,497,000",0,0,0,"499,000","1,996,000","-1,497,000","-1,497,000"
711696,欣銓元大67購03,0,0,0,0.0,0.0,0.0,0,0,0,"65,000",0,0,0,"345,000","280,000","65,000","65,000"
711697,泓格元大61購01,0,0,0,0.0,0.0,0.0,0,0,0,"322,000",0,0,0,"322,000",0,"322,000","322,000"
711698,家登元大61購07,0,0,0,0.0,0.0,0.0,0,0,0,"296,000",0,0,0,"296,000",0,"296,000","296,000"
711699,家登元大61購08,0,0,0,0.0,0.0,0.0,0,0,0,"340,000",0,0,0,"350,000","10,000","340,000","340,000"
711700,家登元大65購02,0,0,0,0.0,0.0,0.0,0,0,0,"-182,000",0,0,0,0,"182,000","-182,000","-182,000"
711703,群聯元大64購09,0,0,0,0.0,0.0,0.0,0,0,0,"129,000",0,0,0,"136,000","7,000","129,000","129,000"
711707,宏捷科國票64購01,0,0,0,0.0,0.0,0.0,0,0,0,"-6,000",0,0,0,0,"6,000","-6,000","-6,000"
711708,宜特國票63購01,0,0,0,0.0,0.0,0.0,0,0,0,"14,000",0,0,0,"14,000",0,"14,000","14,000"
711709,高技國票65購01,0,0,0,0.0,0.0,0.0,0,0,0,"10,000",0,0,0,"10,000",0,"10,000","10,000"
711710,世界群益61購06,0,0,0,0.0,0.0,0.0,0,0,0,"-77,000",0,0,0,"13,000","90,000","-77,000","-77,000"
711711,欣銓群益61購02,0,0,0,0.0,0.0,0.0,0,0,0,"124,000",0,0,0,"130,000","6,000","124,000","124,000"
711712,威剛群益63購01,0,0,0,0.0,0.0,0.0,0,0,0,"-102,000",0,0,0,0,"102,000","-102,000","-102,000"
711713,高技群益61購01,0,0,0,0.0,0.0,0.0,0,0,0,"-210,000",0,0,0,"330,000","540,000","-210,000","-210,000"
711714,鈊象群益61購03,0,0,0,0.0,0.0,0.0,0,0,0,"-78,000",0,0,0,"47,000","125,000","-78,000","-78,000"
711715,群聯群益65購02,0,0,0,0.0,0.0,0.0,0,0,0,0,0,0,0,"10,000","10,000",0,0
711716,頎邦群益61購04,0,0,0,0.0,0.0,0.0,0,0,0,"-49,000",0,0,0,"61,000","110,000","-49,000","-49,000"
711717,磐儀群益61購01,0,0,0,0.0,0.0,0.0,0,0,0,"5,000",0,0,0,"5,000",0,"5,000","5,000"
711718,營邦群益61購01,0,0,0,0.0,0.0,0.0,0,0,0,"-35,000",0,0,0,0,"35,000","-35,000","-35,000"
711719,雙鴻群益61購04,0,0,0,0.0,0.0,0.0,0,0,0,"-51,000",0,0,0,"101,000","152,000","-51,000","-51,000"
711720,宜鼎中信61購04,0,0,0,0.0,0.0,0.0,0,0,0,"-115,000",0,0,0,"35,000","150,000","-115,000","-115,000"
711722,中光電永豐61購06,0,0,0,0.0,0.0,0.0,0,0,0,"-67,000",0,0,0,0,"67,000","-67,000","-67,000"
711723,元太永豐61購06,0,0,0,0.0,0.0,0.0,0,0,0,"20,000",0,0,0,"20,000",0,"20,000","20,000"
711724,永信建永豐65購01,0,0,0,0.0,0.0,0.0,0,0,0,"8,000",0,0,0,"8,000",0,"8,000","8,000"
711725,由田永豐61購01,0,0,0,0.0,0.0,0.0,0,0,0,"467,000",0,0,0,"587,000","120,000","467,000","467,000"
711727,原相永豐61購05,0,0,0,0.0,0.0,0.0,0,0,0,"85,000",0,0,0,"85,000",0,"85,000","85,000"
711728,順達永豐61購04,0,0,0,0.0,0.0,0.0,0,0,0,"48,000",0,0,0,"81,000","33,000","48,000","48,000"
711730,群翊永豐61購02,0,0,0,0.0,0.0,0.0,0,0,0,"157,000",0,0,0,"157,000",0,"157,000","157,000"
711733,臺慶科永豐61購01,0,0,0,0.0,0.0,0.0,0,0,0,"-9,000",0,0,0,0,"9,000","-9,000","-9,000"
711734,倉和國泰63購01,0,0,0,0.0,0.0,0.0,0,0,0,"-81,000",0,0,0,"7,000","88,000","-81,000","-81,000"
711735,原相國泰62購01,0,0,0,0.0,0.0,0.0,0,0,0,"91,000",0,0,0,"91,000",0,"91,000","91,000"
711736,雙鴻國泰62購02,0,0,0,0.0,0.0,0.0,0,0,0,"-45,000",0,0,0,0,"45,000","-45,000","-45,000"
711737,由田統一65購01,0,0,0,0.0,0.0,0.0,0,0,0,"83,000",0,0,0,"83,000",0,"83,000","83,000"
711738,宏捷科統一65購01,0,0,0,0.0,0.0,0.0,0,0,0,"185,000",0,0,0,"191,000","6,000","185,000","185,000"
711740,茂訊統一65購01,0,0,0,0.0,0.0,0.0,0,0,0,"22,000",0,0,0,"22,000",0,"22,000","22,000"
711741,高技統一67購01,0,0,0,0.0,0.0,0.0,0,0,0,"-124,000",0,0,0,0,"124,000","-124,000","-124,000"
711742,高技統一69購01,0,0,0,0.0,0.0,0.0,0,0,0,"476,000",0,0,0,"499,000","23,000","476,000","476,000"
711743,高技統一6C購01,0,0,0,0.0,0.0,0.0,0,0,0,"-23,000",0,0,0,0,"23,000","-23,000","-23,000"
711745,聖暉*統一65購04,0,0,0,0.0,0.0,0.0,0,0,0,"215,000",0,0,0,"250,000","35,000","215,000","215,000"
711747,敘豐台新61購01,0,0,0,0.0,0.0,0.0,0,0,0,"50,000",0,0,0,"50,000",0,"50,000","50,000"
711749,群聯台新61購08,0,0,0,0.0,0.0,0.0,0,0,0,"-61,000",0,0,0,"20,000","81,000","-61,000","-61,000"
711750,群聯台新63購01,0,0,0,0.0,0.0,0.0,0,0,0,"-10,000",0,0,0,0,"10,000","-10,000","-10,000"
711751,群聯台新64購01,0,0,0,0.0,0.0,0.0,0,0,0,"18,000",0,0,0,"18,000",0,"18,000","18,000"
711752,雙鴻台新61購03,0,0,0,0.0,0.0,0.0,0,0,0,"3,000",0,0,0,"17,000","14,000","3,000","3,000"
711753,雙鴻台新63購01,0,0,0,0.0,0.0,0.0,0,0,0,"-25,000",0,0,0,0,"25,000","-25,000","-25,000"
711754,中光電凱基61購07,0,0,0,0.0,0.0,0.0,0,0,0,"21,000",0,0,0,"21,000",0,"21,000","21,000"
711755,艾訊凱基61購01,0,0,0,0.0,0.0,0.0,0,0,0,"24,000",0,0,0,"24,000",0,"24,000","24,000"
711758,高技凱基61購01,0,0,0,0.0,0.0,0.0,0,0,0,"-265,000",0,0,0,"176,000","441,000","-265,000","-265,000"
711759,博智凱基61購02,0,0,0,0.0,0.0,0.0,0,0,0,0,0,0,0,"1,000","1,000",0,0
711760,群聯凱基61購12,0,0,0,0.0,0.0,0.0,0,0,0,"21,000",0,0,0,"295,000","274,000","21,000","21,000"
711762,雙鴻凱基61購09,0,0,0,0.0,0.0,0.0,0,0,0,"-57,000",0,0,0,0,"57,000","-57,000","-57,000"
711765,好德國票61購01,0,0,0,0.0,0.0,0.0,0,0,0,"30,000",0,0,0,"36,000","6,000","30,000","30,000"
711769,富喬國票63購01,0,0,0,0.0,0.0,0.0,0,0,0,"15,000",0,0,0,"15,000",0,"15,000","15,000"
711770,達航國票65購01,0,0,0,0.0,0.0,0.0,0,0,0,"33,000",0,0,0,"53,000","20,000","33,000","33,000"
711771,蜜望實國票61購01,0,0,0,0.0,0.0,0.0,0,0,0,"-48,000",0,0,0,0,"48,000","-48,000","-48,000"
711772,世禾群益61購01,0,0,0,0.0,0.0,0.0,0,0,0,"39,000",0,0,0,"44,000","5,000","39,000","39,000"
711774,東浦群益61購03,0,0,0,0.0,0.0,0.0,0,0,0,"2,000",0,0,0,"4,000","2,000","2,000","2,000"
711775,家登群益63購03,0,0,0,0.0,0.0,0.0,0,0,0,"10,000",0,0,0,"10,000",0,"10,000","10,000"
711776,神準群益61購01,0,0,0,0.0,0.0,0.0,0,0,0,"55,000",0,0,0,"55,000",0,"55,000","55,000"
711777,博士旺群益61購01,0,0,0,0.0,0.0,0.0,0,0,0,"10,000",0,0,0,"10,000",0,"10,000","10,000"
711778,臺慶科群益61購02,0,0,0,0.0,0.0,0.0,0,0,0,"25,000",0,0,0,"50,000","25,000","25,000","25,000"
711779,蜜望實群益61購01,0,0,0,0.0,0.0,0.0,0,0,0,"-103,000",0,0,0,0,"103,000","-103,000","-103,000"
711780,磐儀群益61購02,0,0,0,0.0,0.0,0.0,0,0,0,"-97,000",0,0,0,"3,000","100,000","-97,000","-97,000"
711781,磐儀群益61購03,0,0,0,0.0,0.0,0.0,0,0,0,"6,000",0,0,0,"6,000",0,"6,000","6,000"
711782,元太元大65購04,0,0,0,0.0,0.0,0.0,0,0,0,"-38,000",0,0,0,"12,000","50,000","-38,000","-38,000"
711784,艾訊元大61購02,0,0,0,0.0,0.0,0.0,0,0,0,"124,000",0,0,0,"124,000",0,"124,000","124,000"
711785,泓格元大61購02,0,0,0,0.0,0.0,0.0,0,0,0,"-52,000",0,0,0,0,"52,000","-52,000","-52,000"
711787,群聯元大64購10,0,0,0,0.0,0.0,0.0,0,0,0,"-17,000",0,0,0,"4,000","21,000","-17,000","-17,000"
711789,蜜望實元大61購01,0,0,0,0.0,0.0,0.0,0,0,0,"-7,000",0,0,0,0,"7,000","-7,000","-7,000"
711790,磐儀元大61購01,0,0,0,0.0,0.0,0.0,0,0,0,"-150,000",0,0,0,"50,000","200,000","-150,000","-150,000"
711794,全宇昕永豐61購02,0,0,0,0.0,0.0,0.0,0,0,0,"-69,000",0,0,0,"9,000","78,000","-69,000","-69,000"
711796,宏碁資永豐61購01,0,0,0,0.0,0.0,0.0,0,0,0,"-82,000",0,0,0,"33,000","115,000","-82,000","-82,000"
711797,宜鼎永豐61購04,0,0,0,0.0,0.0,0.0,0,0,0,"-79,000",0,0,0,"20,000","99,000","-79,000","-79,000"
711798,泓格永豐64購01,0,0,0,0.0,0.0,0.0,0,0,0,"61,000",0,0,0,"73,000","12,000","61,000","61,000"
711799,能率永豐61購01,0,0,0,0.0,0.0,0.0,0,0,0,"6,000",0,0,0,"10,000","4,000","6,000","6,000"
711800,高技永豐61購01,0,0,0,0.0,0.0,0.0,0,0,0,"114,000",0,0,0,"300,000","186,000","114,000","114,000"
711801,高技永豐61購02,0,0,0,0.0,0.0,0.0,0,0,0,"-16,000",0,0,0,"90,000","106,000","-16,000","-16,000"
711802,高技永豐63購01,0,0,0,0.0,0.0,0.0,0,0,0,"-102,000",0,0,0,0,"102,000","-102,000","-102,000"
711803,高技永豐67購01,0,0,0,0.0,0.0,0.0,0,0,0,"-109,000",0,0,0,"21,000","130,000","-109,000","-109,000"
711804,高鋒永豐61購01,0,0,0,0.0,0.0,0.0,0,0,0,"-200,000",0,0,0,0,"200,000","-200,000","-200,000"
711810,僑威永豐61購01,0,0,0,0.0,0.0,0.0,0,0,0,"10,000",0,0,0,"10,000",0,"10,000","10,000"
711812,蜜望實永豐61購03,0,0,0,0.0,0.0,0.0,0,0,0,"-110,000",0,0,0,"225,000","335,000","-110,000","-110,000"
711813,艾訊國泰63購01,0,0,0,0.0,0.0,0.0,0,0,0,"9,000",0,0,0,"9,000",0,"9,000","9,000"
711814,泓格國泰63購01,0,0,0,0.0,0.0,0.0,0,0,0,"20,000",0,0,0,"22,000","2,000","20,000","20,000"
711815,頎邦國泰63購01,0,0,0,0.0,0.0,0.0,0,0,0,"-40,000",0,0,0,0,"40,000","-40,000","-40,000"
711816,頎邦國泰63購02,0,0,0,0.0,0.0,0.0,0,0,0,"-1,000",0,0,0,"95,000","96,000","-1,000","-1,000"
711817,巨漢富邦63購01,0,0,0,0.0,0.0,0.0,0,0,0,"40,000",0,0,0,"40,000",0,"40,000","40,000"
711818,安勤富邦63購01,0,0,0,0.0,0.0,0.0,0,0,0,"187,000",0,0,0,"202,000","15,000","187,000","187,000"
711819,宜鼎富邦67購01,0,0,0,0.0,0.0,0.0,0,0,0,"-69,000",0,0,0,"261,000","330,000","-69,000","-69,000"
711820,富喬富邦67購01,0,0,0,0.0,0.0,0.0,0,0,0,"6,000",0,0,0,"10,000","4,000","6,000","6,000"
711821,蜜望實富邦63購01,0,0,0,0.0,0.0,0.0,0,0,0,"-114,000",0,0,0,"129,000","243,000","-114,000","-114,000"
711822,艾訊統一6C購01,0,0,0,0.0,0.0,0.0,0,0,0,"106,000",0,0,0,"106,000",0,"106,000","106,000"
711823,泓格統一6B購01,0,0,0,0.0,0.0,0.0,0,0,0,"120,000",0,0,0,"120,000",0,"120,000","120,000"
711824,茂達統一65購04,0,0,0,0.0,0.0,0.0,0,0,0,"-12,000",0,0,0,0,"12,000","-12,000","-12,000"
711825,振發統一6C購01,0,0,0,0.0,0.0,0.0,0,0,0,"-50,000",0,0,0,0,"50,000","-50,000","-50,000"
711826,蜜望實統一65購01,0,0,0,0.0,0.0,0.0,0,0,0,"-112,000",0,0,0,0,"112,000","-112,000","-112,000"
711828,蜜望實統一6C購01,0,0,0,0.0,0.0,0.0,0,0,0,"-10,000",0,0,0,0,"10,000","-10,000","-10,000"
711829,泓格群益61購02,0,0,0,0.0,0.0,0.0,0,0,0,"8,000",0,0,0,"8,000",0,"8,000","8,000"
711830,泓格群益61購03,0,0,0,0.0,0.0,0.0,0,0,0,"48,000",0,0,0,"48,000",0,"48,000","48,000"
711831,元債20國票61購01,0,0,0,0.0,0.0,0.0,0,0,0,"-20,000",0,0,0,0,"20,000","-20,000","-20,000"
711834,方土昶國票65購01,0,0,0,0.0,0.0,0.0,0,0,0,"440,000",0,0,0,"514,000","74,000","440,000","440,000"
711835,宏碁資國票65購01,0,0,0,0.0,0.0,0.0,0,0,0,"2,000",0,0,0,"2,000",0,"2,000","2,000"
711836,倚強國票61購01,0,0,0,0.0,0.0,0.0,0,0,0,"-30,000",0,0,0,0,"30,000","-30,000","-30,000"
711837,智通*國票61購03,0,0,0,0.0,0.0,0.0,0,0,0,"3,000",0,0,0,"24,000","21,000","3,000","3,000"
711839,穩得國票61購01,0,0,0,0.0,0.0,0.0,0,0,0,"-20,000",0,0,0,0,"20,000","-20,000","-20,000"
711840,中光電中信61購01,0,0,0,0.0,0.0,0.0,0,0,0,"-268,000",0,0,0,0,"268,000","-268,000","-268,000"
711846,東洋永豐61購01,0,0,0,0.0,0.0,0.0,0,0,0,"36,000",0,0,0,"49,000","13,000","36,000","36,000"
711848,智擎永豐61購01,0,0,0,0.0,0.0,0.0,0,0,0,"12,000",0,0,0,"12,000",0,"12,000","12,000"
711849,頎邦永豐63購01,0,0,0,0.0,0.0,0.0,0,0,0,"-216,000",0,0,0,"48,000","264,000","-216,000","-216,000"
711851,雙鴻永豐61購06,0,0,0,0.0,0.0,0.0,0,0,0,"-14,000",0,0,0,0,"14,000","-14,000","-14,000"
711852,中美晶元大63購04,0,0,0,0.0,0.0,0.0,0,0,0,"-2,000",0,0,0,0,"2,000","-2,000","-2,000"
711853,中美晶元大67購01,0,0,0,0.0,0.0,0.0,0,0,0,"-21,000",0,0,0,0,"21,000","-21,000","-21,000"
711854,安勤元大61購01,0,0,0,0.0,0.0,0.0,0,0,0,"7,000",0,0,0,"12,000","5,000","7,000","7,000"
711855,艾訊元大61購03,0,0,0,0.0,0.0,0.0,0,0,0,"415,000",0,0,0,"568,000","153,000","415,000","415,000"
711856,欣銓元大65購01,0,0,0,0.0,0.0,0.0,0,0,0,"-176,000",0,0,0,"923,000","1,099,000","-176,000","-176,000"
711857,泓格元大67購01,0,0,0,0.0,0.0,0.0,0,0,0,"147,000",0,0,0,"302,000","155,000","147,000","147,000"
711858,晟田元大61購04,0,0,0,0.0,0.0,0.0,0,0,0,"235,000",0,0,0,"330,000","95,000","235,000","235,000"
711859,順達元大63購02,0,0,0,0.0,0.0,0.0,0,0,0,"47,000",0,0,0,"47,000",0,"47,000","47,000"
711860,群聯元大64購11,0,0,0,0.0,0.0,0.0,0,0,0,"-155,000",0,0,0,"74,000","229,000","-155,000","-155,000"
711862,雙鴻元大61購17,0,0,0,0.0,0.0,0.0,0,0,0,"-279,000",0,0,0,"53,000","332,000","-279,000","-279,000"
711863,雙鴻元大61購18,0,0,0,0.0,0.0,0.0,0,0,0,"-321,000",0,0,0,"487,000","808,000","-321,000","-321,000"
711864,雙鴻元大63購04,0,0,0,0.0,0.0,0.0,0,0,0,"-461,000",0,0,0,"668,000","1,129,000","-461,000","-461,000"
711866,智通*台新61購01,0,0,0,0.0,0.0,0.0,0,0,0,"-132,000",0,0,0,"14,000","146,000","-132,000","-132,000"
711867,群聯台新61購09,0,0,0,0.0,0.0,0.0,0,0,0,"13,000",0,0,0,"13,000",0,"13,000","13,000"
711868,頎邦台新61購07,0,0,0,0.0,0.0,0.0,0,0,0,"-430,000",0,0,0,"237,000","667,000","-430,000","-430,000"
711869,蜜望實台新61購01,0,0,0,0.0,0.0,0.0,0,0,0,"-513,000",0,0,0,"46,000","559,000","-513,000","-513,000"
711870,廣積台新61購01,0,0,0,0.0,0.0,0.0,0,0,0,"313,000",0,0,0,"345,000","32,000","313,000","313,000"
711873,元太凱基66購01,0,0,0,0.0,0.0,0.0,0,0,0,"-66,000",0,0,0,0,"66,000","-66,000","-66,000"
711875,宜鼎凱基61購06,0,0,0,0.0,0.0,0.0,0,0,0,"-68,000",0,0,0,"117,000","185,000","-68,000","-68,000"
711876,宜鼎凱基63購01,0,0,0,0.0,0.0,0.0,0,0,0,"-63,000",0,0,0,"20,000","83,000","-63,000","-63,000"
711877,富喬凱基61購07,0,0,0,0.0,0.0,0.0,0,0,0,"-1,000",0,0,0,"2,000","3,000","-1,000","-1,000"
711879,蜜望實凱基61購01,0,0,0,0.0,0.0,0.0,0,0,0,"1,000",0,0,0,"34,000","33,000","1,000","1,000"
711881,雙鴻凱基63購04,0,0,0,0.0,0.0,0.0,0,0,0,"136,000",0,0,0,"295,000","159,000","136,000","136,000"
711884,博智國泰63購01,0,0,0,0.0,0.0,0.0,0,0,0,"11,000",0,0,0,"11,000",0,"11,000","11,000"
711887,智通*國泰63購01,0,0,0,0.0,0.0,0.0,0,0,0,"-220,000",0,0,0,"260,000","480,000","-220,000","-220,000"
711888,廣積國泰63購01,0,0,0,0.0,0.0,0.0,0,0,0,"109,000",0,0,0,"110,000","1,000","109,000","109,000"
711889,中美晶富邦63購02,0,0,0,0.0,0.0,0.0,0,0,0,"28,000",0,0,0,"89,000","61,000","28,000","28,000"
711890,中美晶富邦67購01,0,0,0,0.0,0.0,0.0,0,0,0,"-30,000",0,0,0,0,"30,000","-30,000","-30,000"
711891,中美晶富邦77購01,0,0,0,0.0,0.0,0.0,0,0,0,"-11,000",0,0,0,"80,000","91,000","-11,000","-11,000"
711892,世界富邦61購04,0,0,0,0.0,0.0,0.0,0,0,0,"16,000",0,0,0,"259,000","243,000","16,000","16,000"
711893,世界富邦67購01,0,0,0,0.0,0.0,0.0,0,0,0,"254,000",0,0,0,"271,000","17,000","254,000","254,000"
711894,高技富邦63購01,0,0,0,0.0,0.0,0.0,0,0,0,"-63,000",0,0,0,"40,000","103,000","-63,000","-63,000"
711896,高技統一67購02,0,0,0,0.0,0.0,0.0,0,0,0,"-22,000",0,0,0,0,"22,000","-22,000","-22,000"
711897,蜜望實統一67購01,0,0,0,0.0,0.0,0.0,0,0,0,"85,000",0,0,0,"105,000","20,000","85,000","85,000"
711900,元太群益61購01,0,0,0,0.0,0.0,0.0,0,0,0,"-52,000",0,0,0,0,"52,000","-52,000","-52,000"
711901,高技群益61購02,0,0,0,0.0,0.0,0.0,0,0,0,"-36,000",0,0,0,"8,000","44,000","-36,000","-36,000"
711902,廣積群益61購01,0,0,0,0.0,0.0,0.0,0,0,0,"110,000",0,0,0,"110,000",0,"110,000","110,000"
711904,雙鴻群益61購05,0,0,0,0.0,0.0,0.0,0,0,0,"-320,000",0,0,0,"124,000","444,000","-320,000","-320,000"
711905,中光電凱基61購08,0,0,0,0.0,0.0,0.0,0,0,0,"6,000",0,0,0,"7,000","1,000","6,000","6,000"
711906,中美晶凱基61購12,0,0,0,0.0,0.0,0.0,0,0,0,"-80,000",0,0,0,0,"80,000","-80,000","-80,000"
711908,艾訊凱基61購02,0,0,0,0.0,0.0,0.0,0,0,0,"11,000",0,0,0,"11,000",0,"11,000","11,000"
711909,欣銓凱基65購01,0,0,0,0.0,0.0,0.0,0,0,0,"32,000",0,0,0,"34,000","2,000","32,000","32,000"
711913,智通*凱基61購05,0,0,0,0.0,0.0,0.0,0,0,0,"-40,000",0,0,0,0,"40,000","-40,000","-40,000"
711914,順達凱基63購02,0,0,0,0.0,0.0,0.0,0,0,0,"23,000",0,0,0,"23,000",0,"23,000","23,000"
711915,群聯凱基61購13,0,0,0,0.0,0.0,0.0,0,0,0,"-30,000",0,0,0,"17,000","47,000","-30,000","-30,000"
711916,M31台新67購01,0,0,0,0.0,0.0,0.0,0,0,0,"-8,000",0,0,0,"10,000","18,000","-8,000","-8,000"
711917,世界台新61購04,0,0,0,0.0,0.0,0.0,0,0,0,"166,000",0,0,0,"178,000","12,000","166,000","166,000"
711919,群聯台新67購06,0,0,0,0.0,0.0,0.0,0,0,0,"-116,000",0,0,0,"80,000","196,000","-116,000","-116,000"
711920,M31元大61購03,0,0,0,0.0,0.0,0.0,0,0,0,"40,000",0,0,0,"40,000",0,"40,000","40,000"
711921,中美晶元大61購10,0,0,0,0.0,0.0,0.0,0,0,0,"1,397,000",0,0,0,"1,447,000","50,000","1,397,000","1,397,000"
711923,立碁元大61購02,0,0,0,0.0,0.0,0.0,0,0,0,"4,000",0,0,0,"4,000",0,"4,000","4,000"
711924,宜鼎元大61購11,0,0,0,0.0,0.0,0.0,0,0,0,"112,000",0,0,0,"183,000","71,000","112,000","112,000"
711925,泓格元大61購03,0,0,0,0.0,0.0,0.0,0,0,0,"-419,000",0,0,0,0,"419,000","-419,000","-419,000"
711926,威剛元大61購07,0,0,0,0.0,0.0,0.0,0,0,0,"-106,000",0,0,0,"128,000","234,000","-106,000","-106,000"
711927,鈊象元大61購02,0,0,0,0.0,0.0,0.0,0,0,0,"-209,000",0,0,0,"4,000","213,000","-209,000","-209,000"
711928,群聯元大61購21,0,0,0,0.0,0.0,0.0,0,0,0,"-103,000",0,0,0,"66,000","169,000","-103,000","-103,000"
711929,群聯元大63購06,0,0,0,0.0,0.0,0.0,0,0,0,"-4,000",0,0,0,"43,000","47,000","-4,000","-4,000"
711930,中美晶永豐64購04,0,0,0,0.0,0.0,0.0,0,0,0,"4,000",0,0,0,"9,000","5,000","4,000","4,000"
711931,世界永豐64購01,0,0,0,0.0,0.0,0.0,0,0,0,"102,000",0,0,0,"112,000","10,000","102,000","102,000"
711933,宜鼎永豐63購03,0,0,0,0.0,0.0,0.0,0,0,0,"-105,000",0,0,0,"18,000","123,000","-105,000","-105,000"
711934,鈊象永豐61購02,0,0,0,0.0,0.0,0.0,0,0,0,"2,000",0,0,0,"2,000",0,"2,000","2,000"
711935,廣積永豐61購02,0,0,0,0.0,0.0,0.0,0,0,0,"3,000",0,0,0,"5,000","2,000","3,000","3,000"
711937,立碁國票64購01,0,0,0,0.0,0.0,0.0,0,0,0,"-5,000",0,0,0,0,"5,000","-5,000","-5,000"
711938,泓格國票61購02,0,0,0,0.0,0.0,0.0,0,0,0,"93,000",0,0,0,"103,000","10,000","93,000","93,000"
711939,茂迪國票64購01,0,0,0,0.0,0.0,0.0,0,0,0,"22,000",0,0,0,"22,000",0,"22,000","22,000"
711940,陽程國票61購03,0,0,0,0.0,0.0,0.0,0,0,0,"3,000",0,0,0,"4,000","1,000","3,000","3,000"
711943,磐儀國票66購01,0,0,0,0.0,0.0,0.0,0,0,0,"11,000",0,0,0,"11,000",0,"11,000","11,000"
711944,晟田國泰63購01,0,0,0,0.0,0.0,0.0,0,0,0,"-1,312,000",0,0,0,"768,000","2,080,000","-1,312,000","-1,312,000"
711945,立碁富邦61購03,0,0,0,0.0,0.0,0.0,0,0,0,"146,000",0,0,0,"146,000",0,"146,000","146,000"
711947,頎邦統一6A購01,0,0,0,0.0,0.0,0.0,0,0,0,"-144,000",0,0,0,0,"144,000","-144,000","-144,000"
711948,中光電群益62購01,0,0,0,0.0,0.0,0.0,0,0,0,"186,000",0,0,0,"392,000","206,000","186,000","186,000"
711949,正德國票62購01,0,0,0,0.0,0.0,0.0,0,0,0,"84,000",0,0,0,"105,000","21,000","84,000","84,000"
711953,群聯國票62購02,0,0,0,0.0,0.0,0.0,0,0,0,"-1,000",0,0,0,0,"1,000","-1,000","-1,000"
711954,世界中信62購01,0,0,0,0.0,0.0,0.0,0,0,0,"85,000",0,0,0,"409,000","324,000","85,000","85,000"
711955,宜鼎永豐63購04,0,0,0,0.0,0.0,0.0,0,0,0,"-184,000",0,0,0,"7,000","191,000","-184,000","-184,000"
711957,富喬永豐63購01,0,0,0,0.0,0.0,0.0,0,0,0,"-5,000",0,0,0,0,"5,000","-5,000","-5,000"
711958,台嘉碩國泰63購01,0,0,0,0.0,0.0,0.0,0,0,0,"10,000",0,0,0,"11,000","1,000","10,000","10,000"
711959,宜鼎國泰63購01,0,0,0,0.0,0.0,0.0,0,0,0,"-33,000",0,0,0,"25,000","58,000","-33,000","-33,000"
711960,群聯國泰65購01,0,0,0,0.0,0.0,0.0,0,0,0,"189,000",0,0,0,"259,000","70,000","189,000","189,000"
711961,群聯富邦63購04,0,0,0,0.0,0.0,0.0,0,0,0,"3,000",0,0,0,"3,000",0,"3,000","3,000"
711962,群聯富邦63購05,0,0,0,0.0,0.0,0.0,0,0,0,"27,000",0,0,0,"45,000","18,000","27,000","27,000"
711964,頎邦富邦63購03,0,0,0,0.0,0.0,0.0,0,0,0,"-1,286,000",0,0,0,"308,000","1,594,000","-1,286,000","-1,286,000"
711965,雙鴻富邦63購03,0,0,0,0.0,0.0,0.0,0,0,0,"1,000",0,0,0,"78,000","77,000","1,000","1,000"
711966,雙鴻富邦63購04,0,0,0,0.0,0.0,0.0,0,0,0,"-68,000",0,0,0,"37,000","105,000","-68,000","-68,000"
711967,M31台新62購02,0,0,0,0.0,0.0,0.0,0,0,0,"-111,000",0,0,0,0,"111,000","-111,000","-111,000"
711968,頎邦台新62購01,0,0,0,0.0,0.0,0.0,0,0,0,"-59,000",0,0,0,"103,000","162,000","-59,000","-59,000"
711969,元太凱基65購01,0,0,0,0.0,0.0,0.0,0,0,0,"-9,000",0,0,0,"3,000","12,000","-9,000","-9,000"
711972,高技凱基62購01,0,0,0,0.0,0.0,0.0,0,0,0,"-49,000",0,0,0,"107,000","156,000","-49,000","-49,000"
711975,頎邦凱基63購02,0,0,0,0.0,0.0,0.0,0,0,0,"-6,000",0,0,0,"6,000","12,000","-6,000","-6,000"
711977,磐儀凱基62購01,0,0,0,0.0,0.0,0.0,0,0,0,"-45,000",0,0,0,"106,000","151,000","-45,000","-45,000"
711978,雙鴻凱基62購01,0,0,0,0.0,0.0,0.0,0,0,0,"-36,000",0,0,0,0,"36,000","-36,000","-36,000"
711979,M31元大62購01,0,0,0,0.0,0.0,0.0,0,0,0,"-22,000",0,0,0,0,"22,000","-22,000","-22,000"
711980,M31元大65購01,0,0,0,0.0,0.0,0.0,0,0,0,"-54,000",0,0,0,0,"54,000","-54,000","-54,000"
711982,良維元大62購01,0,0,0,0.0,0.0,0.0,0,0,0,"211,000",0,0,0,"213,000","2,000","211,000","211,000"
711983,威剛元大62購03,0,0,0,0.0,0.0,0.0,0,0,0,"-11,000",0,0,0,"117,000","128,000","-11,000","-11,000"
711985,富喬元大67購01,0,0,0,0.0,0.0,0.0,0,0,0,"6,000",0,0,0,"6,000",0,"6,000","6,000"
711986,鈊象元大62購05,0,0,0,0.0,0.0,0.0,0,0,0,"-126,000",0,0,0,"2,000","128,000","-126,000","-126,000"
711987,鈊象元大62購06,0,0,0,0.0,0.0,0.0,0,0,0,"-171,000",0,0,0,"21,000","192,000","-171,000","-171,000"
711988,群聯元大62購04,0,0,0,0.0,0.0,0.0,0,0,0,"-20,000",0,0,0,"59,000","79,000","-20,000","-20,000"
711994,新應材群益62購01,0,0,0,0.0,0.0,0.0,0,0,0,"-9,000",0,0,0,"10,000","19,000","-9,000","-9,000"
711995,中美晶台新62購01,0,0,0,0.0,0.0,0.0,0,0,0,"-270,000",0,0,0,"70,000","340,000","-270,000","-270,000"
711997,欣銓台新62購01,0,0,0,0.0,0.0,0.0,0,0,0,"227,000",0,0,0,"259,000","32,000","227,000","227,000"
711999,倉和台新68購01,0,0,0,0.0,0.0,0.0,0,0,0,"-156,000",0,0,0,"2,000","158,000","-156,000","-156,000"
712000,臺慶科台新62購01,0,0,0,0.0,0.0,0.0,0,0,0,"44,000",0,0,0,"54,000","10,000","44,000","44,000"
712001,中光電凱基63購01,0,0,0,0.0,0.0,0.0,0,0,0,"8,000",0,0,0,"8,000",0,"8,000","8,000"
712002,中美晶凱基63購04,0,0,0,0.0,0.0,0.0,0,0,0,"-12,000",0,0,0,0,"12,000","-12,000","-12,000"
712003,巨漢凱基63購01,0,0,0,0.0,0.0,0.0,0,0,0,"2,000",0,0,0,"2,000",0,"2,000","2,000"
712004,良維凱基63購01,0,0,0,0.0,0.0,0.0,0,0,0,"146,000",0,0,0,"165,000","19,000","146,000","146,000"
712006,順達凱基63購03,0,0,0,0.0,0.0,0.0,0,0,0,"-76,000",0,0,0,"20,000","96,000","-76,000","-76,000"
712007,鈊象凱基64購03,0,0,0,0.0,0.0,0.0,0,0,0,"-2,000",0,0,0,"7,000","9,000","-2,000","-2,000"
712009,群聯凱基64購05,0,0,0,0.0,0.0,0.0,0,0,0,0,0,0,0,"21,000","21,000",0,0
712011,世紀*國票66購01,0,0,0,0.0,0.0,0.0,0,0,0,"-95,000",0,0,0,"28,000","123,000","-95,000","-95,000"
712014,沛亨國票66購01,0,0,0,0.0,0.0,0.0,0,0,0,"-7,000",0,0,0,"3,000","10,000","-7,000","-7,000"
712015,宜鼎國票68購01,0,0,0,0.0,0.0,0.0,0,0,0,"-24,000",0,0,0,0,"24,000","-24,000","-24,000"
712016,順達國票65購02,0,0,0,0.0,0.0,0.0,0,0,0,"-228,000",0,0,0,"21,000","249,000","-228,000","-228,000"
712019,中美晶元大64購03,0,0,0,0.0,0.0,0.0,0,0,0,"512,000",0,0,0,"515,000","3,000","512,000","512,000"
712020,均華元大64購01,0,0,0,0.0,0.0,0.0,0,0,0,"-101,000",0,0,0,"22,000","123,000","-101,000","-101,000"
712021,均豪元大64購03,0,0,0,0.0,0.0,0.0,0,0,0,"-192,000",0,0,0,0,"192,000","-192,000","-192,000"
712022,系統電元大64購01,0,0,0,0.0,0.0,0.0,0,0,0,"-159,000",0,0,0,"6,000","165,000","-159,000","-159,000"
712023,良維元大63購02,0,0,0,0.0,0.0,0.0,0,0,0,"-1,000",0,0,0,"7,000","8,000","-1,000","-1,000"
712024,良維元大64購01,0,0,0,0.0,0.0,0.0,0,0,0,"297,000",0,0,0,"362,000","65,000","297,000","297,000"
712025,宜鼎元大64購01,0,0,0,0.0,0.0,0.0,0,0,0,"-16,000",0,0,0,"13,000","29,000","-16,000","-16,000"
712026,陽程元大64購01,0,0,0,0.0,0.0,0.0,0,0,0,"328,000",0,0,0,"328,000",0,"328,000","328,000"
712027,鈊象元大63購06,0,0,0,0.0,0.0,0.0,0,0,0,"-147,000",0,0,0,"2,000","149,000","-147,000","-147,000"
712028,鈊象元大63購07,0,0,0,0.0,0.0,0.0,0,0,0,"-36,000",0,0,0,"7,000","43,000","-36,000","-36,000"
712029,鈊象元大64購03,0,0,0,0.0,0.0,0.0,0,0,0,"-335,000",0,0,0,"42,000","377,000","-335,000","-335,000"
712030,新應材元大63購01,0,0,0,0.0,0.0,0.0,0,0,0,"41,000",0,0,0,"49,000","8,000","41,000","41,000"
712031,新應材元大63購02,0,0,0,0.0,0.0,0.0,0,0,0,"-1,000",0,0,0,"26,000","27,000","-1,000","-1,000"
712032,新應材元大63購03,0,0,0,0.0,0.0,0.0,0,0,0,"6,000",0,0,0,"6,000",0,"6,000","6,000"
712033,新應材元大64購01,0,0,0,0.0,0.0,0.0,0,0,0,"-4,000",0,0,0,"14,000","18,000","-4,000","-4,000"
712034,群聯元大63購07,0,0,0,0.0,0.0,0.0,0,0,0,"-24,000",0,0,0,"15,000","39,000","-24,000","-24,000"
712036,群聯元大64購12,0,0,0,0.0,0.0,0.0,0,0,0,"-442,000",0,0,0,"8,000","450,000","-442,000","-442,000"
712038,聖暉*國泰63購01,0,0,0,0.0,0.0,0.0,0,0,0,"-8,000",0,0,0,"22,000","30,000","-8,000","-8,000"
712039,M31富邦65購01,0,0,0,0.0,0.0,0.0,0,0,0,"-134,000",0,0,0,"1,000","135,000","-134,000","-134,000"
712042,艾訊國票67購01,0,0,0,0.0,0.0,0.0,0,0,0,"8,000",0,0,0,"8,000",0,"8,000","8,000"
712043,宏捷科國票69購01,0,0,0,0.0,0.0,0.0,0,0,0,"-15,000",0,0,0,0,"15,000","-15,000","-15,000"
712044,高技國票65購02,0,0,0,0.0,0.0,0.0,0,0,0,"-375,000",0,0,0,"8,000","383,000","-375,000","-375,000"
712045,博磊國票66購01,0,0,0,0.0,0.0,0.0,0,0,0,"-3,000",0,0,0,"22,000","25,000","-3,000","-3,000"
712047,順達群益62購01,0,0,0,0.0,0.0,0.0,0,0,0,"41,000",0,0,0,"66,000","25,000","41,000","41,000"
712048,新應材群益62購02,0,0,0,0.0,0.0,0.0,0,0,0,"4,000",0,0,0,"56,000","52,000","4,000","4,000"
712049,聖暉*群益62購01,0,0,0,0.0,0.0,0.0,0,0,0,"46,000",0,0,0,"46,000",0,"46,000","46,000"
712051,營邦群益62購02,0,0,0,0.0,0.0,0.0,0,0,0,0,0,0,0,"10,000","10,000",0,0
712053,宜鼎元大63購05,0,0,0,0.0,0.0,0.0,0,0,0,"-183,000",0,0,0,"3,000","186,000","-183,000","-183,000"
712054,宜鼎元大64購02,0,0,0,0.0,0.0,0.0,0,0,0,"-816,000",0,0,0,"21,000","837,000","-816,000","-816,000"
712055,威剛元大63購01,0,0,0,0.0,0.0,0.0,0,0,0,"5,000",0,0,0,"5,000",0,"5,000","5,000"
712056,威剛元大64購02,0,0,0,0.0,0.0,0.0,0,0,0,"49,000",0,0,0,"49,000",0,"49,000","49,000"
712057,倉和元大63購01,0,0,0,0.0,0.0,0.0,0,0,0,"-172,000",0,0,0,0,"172,000","-172,000","-172,000"
712058,高技元大63購01,0,0,0,0.0,0.0,0.0,0,0,0,"-38,000",0,0,0,0,"38,000","-38,000","-38,000"
712060,智通*元大63購03,0,0,0,0.0,0.0,0.0,0,0,0,"-150,000",0,0,0,"26,000","176,000","-150,000","-150,000"
712061,智通*元大64購01,0,0,0,0.0,0.0,0.0,0,0,0,"71,000",0,0,0,"177,000","106,000","71,000","71,000"
712062,群聯元大63購09,0,0,0,0.0,0.0,0.0,0,0,0,"-205,000",0,0,0,"38,000","243,000","-205,000","-205,000"
712063,蜜望實元大63購01,0,0,0,0.0,0.0,0.0,0,0,0,"107,000",0,0,0,"167,000","60,000","107,000","107,000"
712064,廣穎元大63購01,0,0,0,0.0,0.0,0.0,0,0,0,"43,000",0,0,0,"83,000","40,000","43,000","43,000"
712065,雙鴻元大63購05,0,0,0,0.0,0.0,0.0,0,0,0,"-235,000",0,0,0,0,"235,000","-235,000","-235,000"
712066,雙鴻元大63購06,0,0,0,0.0,0.0,0.0,0,0,0,"-39,000",0,0,0,"50,000","89,000","-39,000","-39,000"
712067,雙鴻元大64購03,0,0,0,0.0,0.0,0.0,0,0,0,"-547,000",0,0,0,"490,000","1,037,000","-547,000","-547,000"
712068,均華國泰63購01,0,0,0,0.0,0.0,0.0,0,0,0,"-49,000",0,0,0,"1,000","50,000","-49,000","-49,000"
712069,家登國泰63購01,0,0,0,0.0,0.0,0.0,0,0,0,"30,000",0,0,0,"30,000",0,"30,000","30,000"
712070,順達國泰63購01,0,0,0,0.0,0.0,0.0,0,0,0,"5,000",0,0,0,"5,000",0,"5,000","5,000"
712071,順達國泰63購02,0,0,0,0.0,0.0,0.0,0,0,0,"205,000",0,0,0,"207,000","2,000","205,000","205,000"
712072,鈊象國泰63購01,0,0,0,0.0,0.0,0.0,0,0,0,"-49,000",0,0,0,"4,000","53,000","-49,000","-49,000"
712073,新應材國泰63購01,0,0,0,0.0,0.0,0.0,0,0,0,"-43,000",0,0,0,"20,000","63,000","-43,000","-43,000"
712075,新應材中信62購01,0,0,0,0.0,0.0,0.0,0,0,0,"-119,000",0,0,0,"102,000","221,000","-119,000","-119,000"
712076,竑騰永豐63購01,0,0,0,0.0,0.0,0.0,0,0,0,"10,000",0,0,0,"30,000","20,000","10,000","10,000"
712077,博磊永豐63購01,0,0,0,0.0,0.0,0.0,0,0,0,"-23,000",0,0,0,"7,000","30,000","-23,000","-23,000"
712078,順達永豐63購01,0,0,0,0.0,0.0,0.0,0,0,0,"30,000",0,0,0,"39,000","9,000","30,000","30,000"
712079,新應材永豐68購01,0,0,0,0.0,0.0,0.0,0,0,0,"-50,000",0,0,0,0,"50,000","-50,000","-50,000"
712080,新應材永豐68購02,0,0,0,0.0,0.0,0.0,0,0,0,"-68,000",0,0,0,0,"68,000","-68,000","-68,000"
712082,群聯永豐64購11,0,0,0,0.0,0.0,0.0,0,0,0,"-119,000",0,0,0,0,"119,000","-119,000","-119,000"
712083,均華凱基64購01,0,0,0,0.0,0.0,0.0,0,0,0,"-300,000",0,0,0,"400,000","700,000","-300,000","-300,000"
712084,沛亨凱基63購01,0,0,0,0.0,0.0,0.0,0,0,0,"-3,000",0,0,0,"2,000","5,000","-3,000","-3,000"
712085,宜鼎凱基68購01,0,0,0,0.0,0.0,0.0,0,0,0,"-200,000",0,0,0,"49,000","249,000","-200,000","-200,000"
712086,新應材凱基63購01,0,0,0,0.0,0.0,0.0,0,0,0,"-17,000",0,0,0,"6,000","23,000","-17,000","-17,000"
712087,新應材凱基63購02,0,0,0,0.0,0.0,0.0,0,0,0,"13,000",0,0,0,"36,000","23,000","13,000","13,000"
712088,新應材凱基63購03,0,0,0,0.0,0.0,0.0,0,0,0,"-30,000",0,0,0,0,"30,000","-30,000","-30,000"
712089,新應材凱基64購01,0,0,0,0.0,0.0,0.0,0,0,0,"-134,000",0,0,0,"41,000","175,000","-134,000","-134,000"
712090,群聯凱基63購05,0,0,0,0.0,0.0,0.0,0,0,0,"-11,000",0,0,0,0,"11,000","-11,000","-11,000"
712091,臺慶科凱基63購02,0,0,0,0.0,0.0,0.0,0,0,0,"-57,000",0,0,0,"40,000","97,000","-57,000","-57,000"
712094,世界台新65購01,0,0,0,0.0,0.0,0.0,0,0,0,"210,000",0,0,0,"245,000","35,000","210,000","210,000"
712095,巨漢台新62購01,0,0,0,0.0,0.0,0.0,0,0,0,"10,000",0,0,0,"10,000",0,"10,000","10,000"
712097,均華台新62購02,0,0,0,0.0,0.0,0.0,0,0,0,"10,000",0,0,0,"15,000","5,000","10,000","10,000"
712098,宜鼎台新62購03,0,0,0,0.0,0.0,0.0,0,0,0,"-65,000",0,0,0,0,"65,000","-65,000","-65,000"
712099,竑騰台新62購01,0,0,0,0.0,0.0,0.0,0,0,0,"93,000",0,0,0,"125,000","32,000","93,000","93,000"
712102,博磊台新62購01,0,0,0,0.0,0.0,0.0,0,0,0,"-2,000",0,0,0,"3,000","5,000","-2,000","-2,000"
712103,群聯台新68購01,0,0,0,0.0,0.0,0.0,0,0,0,"-5,000",0,0,0,0,"5,000","-5,000","-5,000"
712104,聚和台新62購01,0,0,0,0.0,0.0,0.0,0,0,0,"20,000",0,0,0,"20,000",0,"20,000","20,000"
712109,宜鼎富邦62購01,0,0,0,0.0,0.0,0.0,0,0,0,"-190,000",0,0,0,"12,000","202,000","-190,000","-190,000"
712110,家登富邦64購01,0,0,0,0.0,0.0,0.0,0,0,0,"10,000",0,0,0,"10,000",0,"10,000","10,000"
712112,順達富邦63購02,0,0,0,0.0,0.0,0.0,0,0,0,"-535,000",0,0,0,"15,000","550,000","-535,000","-535,000"
712113,新應材富邦63購03,0,0,0,0.0,0.0,0.0,0,0,0,"-206,000",0,0,0,0,"206,000","-206,000","-206,000"
712114,新應材富邦64購01,0,0,0,0.0,0.0,0.0,0,0,0,"-195,000",0,0,0,0,"195,000","-195,000","-195,000"
712116,新應材統一71購01,0,0,0,0.0,0.0,0.0,0,0,0,"-101,000",0,0,0,0,"101,000","-101,000","-101,000"
712117,新應材統一71購02,0,0,0,0.0,0.0,0.0,0,0,0,"-16,000",0,0,0,0,"16,000","-16,000","-16,000"
712118,群聯統一6A購01,0,0,0,0.0,0.0,0.0,0,0,0,"-15,000",0,0,0,"27,000","42,000","-15,000","-15,000"
712120,系統電國票67購01,0,0,0,0.0,0.0,0.0,0,0,0,"27,000",0,0,0,"27,000",0,"27,000","27,000"
712123,前鼎國票65購01,0,0,0,0.0,0.0,0.0,0,0,0,"2,000",0,0,0,"2,000",0,"2,000","2,000"
712124,能率國票65購01,0,0,0,0.0,0.0,0.0,0,0,0,"-1,000",0,0,0,"2,000","3,000","-1,000","-1,000"
712126,順達國票67購01,0,0,0,0.0,0.0,0.0,0,0,0,"-208,000",0,0,0,0,"208,000","-208,000","-208,000"
712129,宜鼎台新62購04,0,0,0,0.0,0.0,0.0,0,0,0,"-21,000",0,0,0,0,"21,000","-21,000","-21,000"
712130,新應材台新62購01,0,0,0,0.0,0.0,0.0,0,0,0,"-32,000",0,0,0,0,"32,000","-32,000","-32,000"
712131,新應材台新62購02,0,0,0,0.0,0.0,0.0,0,0,0,"-14,000",0,0,0,"11,000","25,000","-14,000","-14,000"
712132,中光電元大64購03,0,0,0,0.0,0.0,0.0,0,0,0,"-10,000",0,0,0,"7,000","17,000","-10,000","-10,000"
712133,中美晶元大64購04,0,0,0,0.0,0.0,0.0,0,0,0,"-77,000",0,0,0,0,"77,000","-77,000","-77,000"
712135,富喬元大64購05,0,0,0,0.0,0.0,0.0,0,0,0,"45,000",0,0,0,"45,000",0,"45,000","45,000"
712138,中美晶中信62購01,0,0,0,0.0,0.0,0.0,0,0,0,"82,000",0,0,0,"149,000","67,000","82,000","82,000"
712139,富喬中信64購01,0,0,0,0.0,0.0,0.0,0,0,0,"8,000",0,0,0,"8,000",0,"8,000","8,000"
712140,中光電永豐63購02,0,0,0,0.0,0.0,0.0,0,0,0,"-7,000",0,0,0,0,"7,000","-7,000","-7,000"
712141,系統電永豐64購02,0,0,0,0.0,0.0,0.0,0,0,0,"-167,000",0,0,0,"95,000","262,000","-167,000","-167,000"
712142,宜鼎永豐63購05,0,0,0,0.0,0.0,0.0,0,0,0,"-15,000",0,0,0,"14,000","29,000","-15,000","-15,000"
712143,宜鼎永豐64購03,0,0,0,0.0,0.0,0.0,0,0,0,"-11,000",0,0,0,0,"11,000","-11,000","-11,000"
712146,耕興永豐63購01,0,0,0,0.0,0.0,0.0,0,0,0,"4,000",0,0,0,"4,000",0,"4,000","4,000"
712147,晟德永豐63購01,0,0,0,0.0,0.0,0.0,0,0,0,"17,000",0,0,0,"18,000","1,000","17,000","17,000"
712148,頎邦永豐63購02,0,0,0,0.0,0.0,0.0,0,0,0,"-46,000",0,0,0,"20,000","66,000","-46,000","-46,000"
712149,雙鴻永豐63購04,0,0,0,0.0,0.0,0.0,0,0,0,"-102,000",0,0,0,"81,000","183,000","-102,000","-102,000"
712150,雙鴻永豐64購04,0,0,0,0.0,0.0,0.0,0,0,0,"-79,000",0,0,0,"47,000","126,000","-79,000","-79,000"
712152,世界群益62購03,0,0,0,0.0,0.0,0.0,0,0,0,"64,000",0,0,0,"88,000","24,000","64,000","64,000"
712153,均華群益68購01,0,0,0,0.0,0.0,0.0,0,0,0,"-19,000",0,0,0,"1,000","20,000","-19,000","-19,000"
712154,宜特群益62購01,0,0,0,0.0,0.0,0.0,0,0,0,"63,000",0,0,0,"63,000",0,"63,000","63,000"
712158,頎邦群益62購01,0,0,0,0.0,0.0,0.0,0,0,0,"-213,000",0,0,0,"2,000","215,000","-213,000","-213,000"
712159,雙鴻群益64購01,0,0,0,0.0,0.0,0.0,0,0,0,"-23,000",0,0,0,"16,000","39,000","-23,000","-23,000"
712161,宏捷科凱基67購01,0,0,0,0.0,0.0,0.0,0,0,0,"-5,000",0,0,0,0,"5,000","-5,000","-5,000"
712163,宜鼎凱基63購02,0,0,0,0.0,0.0,0.0,0,0,0,"6,000",0,0,0,"6,000",0,"6,000","6,000"
712165,倉和凱基63購01,0,0,0,0.0,0.0,0.0,0,0,0,"-75,000",0,0,0,0,"75,000","-75,000","-75,000"
712166,智通*凱基63購01,0,0,0,0.0,0.0,0.0,0,0,0,"-9,000",0,0,0,"1,000","10,000","-9,000","-9,000"
712167,群聯凱基63購06,0,0,0,0.0,0.0,0.0,0,0,0,"-7,000",0,0,0,0,"7,000","-7,000","-7,000"
712170,雙鴻凱基63購06,0,0,0,0.0,0.0,0.0,0,0,0,"-22,000",0,0,0,"14,000","36,000","-22,000","-22,000"
712171,巨漢富邦63購02,0,0,0,0.0,0.0,0.0,0,0,0,"-305,000",0,0,0,0,"305,000","-305,000","-305,000"
712173,頎邦富邦64購02,0,0,0,0.0,0.0,0.0,0,0,0,"14,000",0,0,0,"14,000",0,"14,000","14,000"
712177,雙鴻國泰63購02,0,0,0,0.0,0.0,0.0,0,0,0,"-10,000",0,0,0,0,"10,000","-10,000","-10,000"
712178,元太統一6A購01,0,0,0,0.0,0.0,0.0,0,0,0,"107,000",0,0,0,"107,000",0,"107,000","107,000"
712180,中光電元大64購04,0,0,0,0.0,0.0,0.0,0,0,0,"-37,000",0,0,0,"22,000","59,000","-37,000","-37,000"
712181,弘塑元大63購03,0,0,0,0.0,0.0,0.0,0,0,0,"40,000",0,0,0,"62,000","22,000","40,000","40,000"
712182,弘塑元大64購02,0,0,0,0.0,0.0,0.0,0,0,0,"117,000",0,0,0,"124,000","7,000","117,000","117,000"
712183,艾訊元大63購01,0,0,0,0.0,0.0,0.0,0,0,0,"48,000",0,0,0,"52,000","4,000","48,000","48,000"
712185,威剛元大64購03,0,0,0,0.0,0.0,0.0,0,0,0,"-5,000",0,0,0,0,"5,000","-5,000","-5,000"
712186,博智元大64購01,0,0,0,0.0,0.0,0.0,0,0,0,"-350,000",0,0,0,0,"350,000","-350,000","-350,000"
712187,萬潤元大63購01,0,0,0,0.0,0.0,0.0,0,0,0,"-773,000",0,0,0,"20,000","793,000","-773,000","-773,000"
712188,中光電台新65購01,0,0,0,0.0,0.0,0.0,0,0,0,"-13,000",0,0,0,0,"13,000","-13,000","-13,000"
712191,欣銓台新62購02,0,0,0,0.0,0.0,0.0,0,0,0,"-13,000",0,0,0,"2,000","15,000","-13,000","-13,000"
712192,威剛台新65購01,0,0,0,0.0,0.0,0.0,0,0,0,"9,000",0,0,0,"9,000",0,"9,000","9,000"
712193,威剛台新68購01,0,0,0,0.0,0.0,0.0,0,0,0,"-50,000",0,0,0,0,"50,000","-50,000","-50,000"
712196,萬潤台新62購01,0,0,0,0.0,0.0,0.0,0,0,0,"64,000",0,0,0,"74,000","10,000","64,000","64,000"
712197,萬潤台新62購02,0,0,0,0.0,0.0,0.0,0,0,0,"-816,000",0,0,0,"58,000","874,000","-816,000","-816,000"
712198,萬潤台新62購03,"22,000",0,"22,000",0.0,0.0,0.0,0,0,0,"-868,000",0,0,0,"242,000","1,110,000","-868,000","-846,000"
712199,萬潤台新65購01,0,0,0,0.0,0.0,0.0,0,0,0,"86,000",0,0,0,"106,000","20,000","86,000","86,000"
712200,萬潤台新68購01,0,0,0,0.0,0.0,0.0,0,0,0,"150,000",0,0,0,"152,000","2,000","150,000","150,000"
712201,世禾凱基66購01,0,0,0,0.0,0.0,0.0,0,0,0,"4,000",0,0,0,"4,000",0,"4,000","4,000"
712202,世界凱基63購04,0,0,0,0.0,0.0,0.0,0,0,0,"100,000",0,0,0,"100,000",0,"100,000","100,000"
712203,台特化凱基63購02,0,0,0,0.0,0.0,0.0,0,0,0,0,0,0,0,"120,000","120,000",0,0
712205,高技凱基63購01,0,0,0,0.0,0.0,0.0,0,0,0,"-3,000",0,0,0,0,"3,000","-3,000","-3,000"
712206,博智凱基63購04,0,0,0,0.0,0.0,0.0,0,0,0,"-18,000",0,0,0,0,"18,000","-18,000","-18,000"
712209,廣積凱基63購01,0,0,0,0.0,0.0,0.0,0,0,0,"-11,000",0,0,0,0,"11,000","-11,000","-11,000"
712211,富喬中信64購02,0,0,0,0.0,0.0,0.0,0,0,0,"180,000",0,0,0,"180,000",0,"180,000","180,000"
712214,朋億*永豐63購01,0,0,0,0.0,0.0,0.0,0,0,0,"-301,000",0,0,0,0,"301,000","-301,000","-301,000"
712218,萬潤永豐65購01,0,0,0,0.0,0.0,0.0,0,0,0,"79,000",0,0,0,"79,000",0,"79,000","79,000"
712219,萬潤永豐66購01,0,0,0,0.0,0.0,0.0,0,0,0,"108,000",0,0,0,"108,000",0,"108,000","108,000"
712220,萬潤永豐68購01,0,0,0,0.0,0.0,0.0,0,0,0,"-291,000",0,0,0,"164,000","455,000","-291,000","-291,000"
712221,德昌永豐65購01,0,0,0,0.0,0.0,0.0,0,0,0,"-350,000",0,0,0,0,"350,000","-350,000","-350,000"
712226,金山電國票65購01,0,0,0,0.0,0.0,0.0,0,0,0,"92,000",0,0,0,"125,000","33,000","92,000","92,000"
712230,凱崴國票65購01,0,0,0,0.0,0.0,0.0,0,0,0,"20,000",0,0,0,"20,000",0,"20,000","20,000"
712234,萬潤國票66購01,0,0,0,0.0,0.0,0.0,0,0,0,"1,231,000",0,0,0,"1,331,000","100,000","1,231,000","1,231,000"
712235,萬潤國票68購01,0,0,0,0.0,0.0,0.0,0,0,0,"-6,000",0,0,0,0,"6,000","-6,000","-6,000"
712236,中美晶富邦62購02,0,0,0,0.0,0.0,0.0,0,0,0,"95,000",0,0,0,"95,000",0,"95,000","95,000"
712237,弘塑富邦63購02,0,0,0,0.0,0.0,0.0,0,0,0,"224,000",0,0,0,"230,000","6,000","224,000","224,000"
712241,弘塑群益62購01,0,0,0,0.0,0.0,0.0,0,0,0,"160,000",0,0,0,"160,000",0,"160,000","160,000"
712242,弘塑群益62購02,0,0,0,0.0,0.0,0.0,0,0,0,"40,000",0,0,0,"40,000",0,"40,000","40,000"
712243,宏捷科群益64購01,0,0,0,0.0,0.0,0.0,0,0,0,"6,000",0,0,0,"21,000","15,000","6,000","6,000"
712244,系統電群益62購01,0,0,0,0.0,0.0,0.0,0,0,0,"-16,000",0,0,0,0,"16,000","-16,000","-16,000"
712245,宜鼎群益62購01,0,0,0,0.0,0.0,0.0,0,0,0,"31,000",0,0,0,"75,000","44,000","31,000","31,000"
712246,金山電群益62購01,0,0,0,0.0,0.0,0.0,0,0,0,"-40,000",0,0,0,0,"40,000","-40,000","-40,000"
712248,威剛群益62購03,0,0,0,0.0,0.0,0.0,0,0,0,"163,000",0,0,0,"163,000",0,"163,000","163,000"
712249,原相群益62購01,0,0,0,0.0,0.0,0.0,0,0,0,"241,000",0,0,0,"270,000","29,000","241,000","241,000"
712250,智通*群益62購01,0,0,0,0.0,0.0,0.0,0,0,0,"-273,000",0,0,0,"116,000","389,000","-273,000","-273,000"
712251,新應材群益66購01,0,0,0,0.0,0.0,0.0,0,0,0,"39,000",0,0,0,"44,000","5,000","39,000","39,000"
712252,萬潤群益68購01,0,0,0,0.0,0.0,0.0,0,0,0,"172,000",0,0,0,"172,000",0,"172,000","172,000"
712253,群聯群益68購01,0,0,0,0.0,0.0,0.0,0,0,0,"-34,000",0,0,0,"16,000","50,000","-34,000","-34,000"
712254,頎邦群益62購02,0,0,0,0.0,0.0,0.0,0,0,0,"-69,000",0,0,0,"1,000","70,000","-69,000","-69,000"
712255,雙鴻群益62購03,0,0,0,0.0,0.0,0.0,0,0,0,"-116,000",0,0,0,"108,000","224,000","-116,000","-116,000"
712256,元太統一66購01,0,0,0,0.0,0.0,0.0,0,0,0,"62,000",0,0,0,"97,000","35,000","62,000","62,000"
712257,世禾統一68購01,0,0,0,0.0,0.0,0.0,0,0,0,"40,000",0,0,0,"40,000",0,"40,000","40,000"
712258,沛亨統一68購02,0,0,0,0.0,0.0,0.0,0,0,0,"54,000",0,0,0,"54,000",0,"54,000","54,000"
712259,金山電統一67購01,0,0,0,0.0,0.0,0.0,0,0,0,"-113,000",0,0,0,"12,000","125,000","-113,000","-113,000"
712260,金山電統一6B購01,0,0,0,0.0,0.0,0.0,0,0,0,"30,000",0,0,0,"31,000","1,000","30,000","30,000"
712261,金山電統一6C購01,0,0,0,0.0,0.0,0.0,0,0,0,"42,000",0,0,0,"42,000",0,"42,000","42,000"
712262,能率亞統一68購01,0,0,0,0.0,0.0,0.0,0,0,0,"-20,000",0,0,0,0,"20,000","-20,000","-20,000"
712264,新應材統一68購01,0,0,0,0.0,0.0,0.0,0,0,0,"-20,000",0,0,0,0,"20,000","-20,000","-20,000"
712265,萬潤統一65購01,0,0,0,0.0,0.0,0.0,0,0,0,"1,140,000",0,0,0,"1,293,000","153,000","1,140,000","1,140,000"
712267,萬潤統一6B購01,0,0,0,0.0,0.0,0.0,0,0,0,"5,000",0,0,0,"80,000","75,000","5,000","5,000"
712268,萬潤統一6C購01,0,0,0,0.0,0.0,0.0,0,0,0,"27,000",0,0,0,"80,000","53,000","27,000","27,000"
712269,弘塑國泰63購01,0,0,0,0.0,0.0,0.0,0,0,0,"182,000",0,0,0,"182,000",0,"182,000","182,000"
712270,弘塑國泰63購02,0,0,0,0.0,0.0,0.0,0,0,0,"75,000",0,0,0,"80,000","5,000","75,000","75,000"
712272,金山電國泰63購01,0,0,0,0.0,0.0,0.0,0,0,0,"-12,000",0,0,0,"14,000","26,000","-12,000","-12,000"
712274,萬潤國泰63購01,0,0,0,0.0,0.0,0.0,0,0,0,"557,000",0,0,0,"1,135,000","578,000","557,000","557,000"
712275,弘塑台新62購01,0,0,0,0.0,0.0,0.0,0,0,0,"36,000",0,0,0,"36,000",0,"36,000","36,000"
712279,弘塑台新68購02,0,0,0,0.0,0.0,0.0,0,0,0,"-10,000",0,0,0,0,"10,000","-10,000","-10,000"
712281,沛亨台新62購02,0,0,0,0.0,0.0,0.0,0,0,0,"-10,000",0,0,0,0,"10,000","-10,000","-10,000"
712286,新應材台新62購03,0,0,0,0.0,0.0,0.0,0,0,0,"-19,000",0,0,0,"4,000","23,000","-19,000","-19,000"
712287,群聯台新62購01,0,0,0,0.0,0.0,0.0,0,0,0,"8,000",0,0,0,"13,000","5,000","8,000","8,000"
712288,群聯台新62購02,0,0,0,0.0,0.0,0.0,0,0,0,"-15,000",0,0,0,0,"15,000","-15,000","-15,000"
712290,雙鴻台新68購01,0,0,0,0.0,0.0,0.0,0,0,0,"1,398,000",0,0,0,"1,600,000","202,000","1,398,000","1,398,000"
712291,雙鴻台新68購02,0,0,0,0.0,0.0,0.0,0,0,0,"15,000",0,0,0,"15,000",0,"15,000","15,000"
712292,中光電元大63購02,0,0,0,0.0,0.0,0.0,0,0,0,"121,000",0,0,0,"123,000","2,000","121,000","121,000"
712293,中光電元大64購05,0,0,0,0.0,0.0,0.0,0,0,0,"-23,000",0,0,0,"6,000","29,000","-23,000","-23,000"
712294,世界元大63購08,0,0,0,0.0,0.0,0.0,0,0,0,"220,000",0,0,0,"250,000","30,000","220,000","220,000"
712295,世界元大63購09,0,0,0,0.0,0.0,0.0,0,0,0,"57,000",0,0,0,"57,000",0,"57,000","57,000"
712296,世界元大64購09,0,0,0,0.0,0.0,0.0,0,0,0,"47,000",0,0,0,"47,000",0,"47,000","47,000"
712297,弘塑元大64購03,0,0,0,0.0,0.0,0.0,0,0,0,"209,000",0,0,0,"254,000","45,000","209,000","209,000"
712298,良維元大64購02,0,0,0,0.0,0.0,0.0,0,0,0,"-188,000",0,0,0,"4,000","192,000","-188,000","-188,000"
712299,宜鼎元大64購03,0,0,0,0.0,0.0,0.0,0,0,0,"-66,000",0,0,0,"7,000","73,000","-66,000","-66,000"
712300,陽程元大64購02,0,0,0,0.0,0.0,0.0,0,0,0,"114,000",0,0,0,"114,000",0,"114,000","114,000"
712301,鈊象元大63購08,0,0,0,0.0,0.0,0.0,0,0,0,"-85,000",0,0,0,"2,000","87,000","-85,000","-85,000"
712302,中光電凱基65購01,0,0,0,0.0,0.0,0.0,0,0,0,"2,000",0,0,0,"6,000","4,000","2,000","2,000"
712305,弘塑凱基64購01,0,0,0,0.0,0.0,0.0,0,0,0,"-10,000",0,0,0,0,"10,000","-10,000","-10,000"
712306,金山電凱基63購01,0,0,0,0.0,0.0,0.0,0,0,0,"-99,000",0,0,0,0,"99,000","-99,000","-99,000"
712311,雙鴻凱基63購08,0,0,0,0.0,0.0,0.0,0,0,0,"-60,000",0,0,0,0,"60,000","-60,000","-60,000"
712312,均華國泰64購01,0,0,0,0.0,0.0,0.0,0,0,0,"-7,000",0,0,0,0,"7,000","-7,000","-7,000"
712313,新應材國泰64購01,0,0,0,0.0,0.0,0.0,0,0,0,"-467,000",0,0,0,0,"467,000","-467,000","-467,000"
712314,弘塑統一67購01,0,0,0,0.0,0.0,0.0,0,0,0,"17,000",0,0,0,"42,000","25,000","17,000","17,000"
712317,金山電統一68購01,0,0,0,0.0,0.0,0.0,0,0,0,"-80,000",0,0,0,"10,000","90,000","-80,000","-80,000"
712322,巨漢永豐63購01,0,0,0,0.0,0.0,0.0,0,0,0,"20,000",0,0,0,"20,000",0,"20,000","20,000"
712323,宏碁資永豐63購01,0,0,0,0.0,0.0,0.0,0,0,0,"6,000",0,0,0,"6,000",0,"6,000","6,000"
712324,建榮永豐64購01,0,0,0,0.0,0.0,0.0,0,0,0,"65,000",0,0,0,"65,000",0,"65,000","65,000"
712325,胡連永豐63購01,0,0,0,0.0,0.0,0.0,0,0,0,"-4,000",0,0,0,"56,000","60,000","-4,000","-4,000"
712328,竑騰永豐64購01,0,0,0,0.0,0.0,0.0,0,0,0,"-136,000",0,0,0,"10,000","146,000","-136,000","-136,000"
712332,元太國票66購01,0,0,0,0.0,0.0,0.0,0,0,0,"-1,000",0,0,0,0,"1,000","-1,000","-1,000"
712333,世界國票67購01,0,0,0,0.0,0.0,0.0,0,0,0,"-18,000",0,0,0,"25,000","43,000","-18,000","-18,000"
712334,弘塑國票66購01,0,0,0,0.0,0.0,0.0,0,0,0,"2,000",0,0,0,"2,000",0,"2,000","2,000"
712336,均華國票63購01,0,0,0,0.0,0.0,0.0,0,0,0,"-20,000",0,0,0,0,"20,000","-20,000","-20,000"
712340,智通*國票63購01,0,0,0,0.0,0.0,0.0,0,0,0,"54,000",0,0,0,"80,000","26,000","54,000","54,000"
712345,世界群益67購01,0,0,0,0.0,0.0,0.0,0,0,0,"-5,000",0,0,0,"10,000","15,000","-5,000","-5,000"
712346,台特化群益67購01,0,0,0,0.0,0.0,0.0,0,0,0,"-33,000",0,0,0,0,"33,000","-33,000","-33,000"
712349,沛亨群益62購01,0,0,0,0.0,0.0,0.0,0,0,0,"87,000",0,0,0,"87,000",0,"87,000","87,000"
712350,茂達群益62購01,0,0,0,0.0,0.0,0.0,0,0,0,"-9,000",0,0,0,0,"9,000","-9,000","-9,000"
712352,新應材台新62購04,0,0,0,0.0,0.0,0.0,0,0,0,"-5,000",0,0,0,0,"5,000","-5,000","-5,000"
712354,台特化凱基67購01,0,0,0,0.0,0.0,0.0,0,0,0,"-110,000",0,0,0,0,"110,000","-110,000","-110,000"
712358,青雲元大63購01,0,0,0,0.0,0.0,0.0,0,0,0,"312,000",0,0,0,"322,000","10,000","312,000","312,000"
712362,達航永豐63購02,0,0,0,0.0,0.0,0.0,0,0,0,"-10,000",0,0,0,0,"10,000","-10,000","-10,000"
712364,東洋國票63購01,0,0,0,0.0,0.0,0.0,0,0,0,"-19,000",0,0,0,0,"19,000","-19,000","-19,000"
712365,前鼎國票68購01,0,0,0,0.0,0.0,0.0,0,0,0,"1,000",0,0,0,"1,000",0,"1,000","1,000"
712366,竑騰國票63購01,0,0,0,0.0,0.0,0.0,0,0,0,"-190,000",0,0,0,0,"190,000","-190,000","-190,000"
712370,欣銓群益63購01,0,0,0,0.0,0.0,0.0,0,0,0,"2,000",0,0,0,"2,000",0,"2,000","2,000"
712371,金山電群益63購01,0,0,0,0.0,0.0,0.0,0,0,0,"-1,000",0,0,0,0,"1,000","-1,000","-1,000"
712372,青雲群益63購01,0,0,0,0.0,0.0,0.0,0,0,0,"3,000",0,0,0,"3,000",0,"3,000","3,000"
712375,群聯群益64購03,0,0,0,0.0,0.0,0.0,0,0,0,"-25,000",0,0,0,0,"25,000","-25,000","-25,000"
712376,雙鴻群益64購02,0,0,0,0.0,0.0,0.0,0,0,0,"-10,000",0,0,0,0,"10,000","-10,000","-10,000"
712377,群聯國泰67購01,0,0,0,0.0,0.0,0.0,0,0,0,"-3,000",0,0,0,0,"3,000","-3,000","-3,000"
712380,新應材富邦64購02,0,0,0,0.0,0.0,0.0,0,0,0,"-85,000",0,0,0,0,"85,000","-85,000","-85,000"
712384,前鼎統一68購01,0,0,0,0.0,0.0,0.0,0,0,0,"-7,000",0,0,0,"3,000","10,000","-7,000","-7,000"
712386,頎邦統一66購02,0,0,0,0.0,0.0,0.0,0,0,0,"-395,000",0,0,0,0,"395,000","-395,000","-395,000"
712387,M31國票67購01,0,0,0,0.0,0.0,0.0,0,0,0,"-10,000",0,0,0,0,"10,000","-10,000","-10,000"
712391,宸曜台新62購01,0,0,0,0.0,0.0,0.0,0,0,0,"-3,000",0,0,0,0,"3,000","-3,000","-3,000"
712393,新應材台新64購01,0,0,0,0.0,0.0,0.0,0,0,0,"-6,000",0,0,0,0,"6,000","-6,000","-6,000"
712396,雙鴻台新65購02,0,0,0,0.0,0.0,0.0,0,0,0,"-7,000",0,0,0,0,"7,000","-7,000","-7,000"
712399,方土昶凱基63購01,0,0,0,0.0,0.0,0.0,0,0,0,"-4,000",0,0,0,0,"4,000","-4,000","-4,000"
712406,群聯凱基63購08,0,0,0,0.0,0.0,0.0,0,0,0,"-3,000",0,0,0,0,"3,000","-3,000","-3,000"
712409,雙鴻凱基63購09,0,0,0,0.0,0.0,0.0,0,0,0,"-2,000",0,0,0,0,"2,000","-2,000","-2,000"
712410,方土昶群益63購01,0,0,0,0.0,0.0,0.0,0,0,0,"-15,000",0,0,0,0,"15,000","-15,000","-15,000"
712412,世紀*群益63購01,0,0,0,0.0,0.0,0.0,0,0,0,"-5,000",0,0,0,0,"5,000","-5,000","-5,000"
712414,台特化群益66購01,0,0,0,0.0,0.0,0.0,0,0,0,"-20,000",0,0,0,0,"20,000","-20,000","-20,000"
712422,閎康元大63購04,0,0,0,0.0,0.0,0.0,0,0,0,"-189,000",0,0,0,0,"189,000","-189,000","-189,000"
712424,新應材元大64購02,0,0,0,0.0,0.0,0.0,0,0,0,"-6,000",0,0,0,0,"6,000","-6,000","-6,000"
712436,群聯永豐68購01,0,0,0,0.0,0.0,0.0,0,0,0,"-11,000",0,0,0,0,"11,000","-11,000","-11,000"
712437,雙鴻永豐64購05,0,0,0,0.0,0.0,0.0,0,0,0,"-300,000",0,0,0,0,"300,000","-300,000","-300,000"
712451,雙鴻統一64購02,0,0,0,0.0,0.0,0.0,0,0,0,"-5,000",0,0,0,0,"5,000","-5,000","-5,000"
723287,巨有統一58購01,0,0,0,0.0,0.0,0.0,0,0,0,"30,000",0,0,0,"30,000",0,"30,000","30,000"
723454,原相統一58購01,0,0,0,0.0,0.0,0.0,0,0,0,"100,000",0,0,0,"100,000",0,"100,000","100,000"
723681,雷科元富58購01,0,0,0,0.0,0.0,0.0,0,0,0,"-1,000",0,0,0,0,"1,000","-1,000","-1,000"
724478,千附精統一59購01,"2,000",0,"2,000",0.0,0.0,0.0,0,0,0,"-2,000",0,0,0,0,"2,000","-2,000",0
725744,新復興統一5A購01,0,0,0,0.0,0.0,0.0,0,0,0,"-1,000",0,0,0,0,"1,000","-1,000","-1,000"
726119,華星光統一5B購01,0,0,0,0.0,0.0,0.0,0,0,0,"-43,000",0,0,0,0,"43,000","-43,000","-43,000"
728516,系微統一5C購01,0,0,0,0.0,0.0,0.0,0,0,0,"-10,000",0,0,0,0,"10,000","-10,000","-10,000"
729172,M31統一61購02,0,0,0,0.0,0.0,0.0,0,0,0,"-1,000",0,0,0,0,"1,000","-1,000","-1,000"
729185,華星光統一59購03,0,0,0,0.0,0.0,0.0,0,0,0,"14,000",0,0,0,"14,000",0,"14,000","14,000"
729186,華星光統一61購01,0,0,0,0.0,0.0,0.0,0,0,0,"2,000",0,0,0,"10,000","8,000","2,000","2,000"
729187,華星光統一61購02,0,0,0,0.0,0.0,0.0,0,0,0,"7,000",0,0,0,"16,000","9,000","7,000","7,000"
730135,安勤統一58購01,0,0,0,0.0,0.0,0.0,0,0,0,"3,000",0,0,0,"3,000",0,"3,000","3,000"
730635,鈦昇統一58購01,0,0,0,0.0,0.0,0.0,0,0,0,"266,000",0,0,0,"266,000",0,"266,000","266,000"
731332,大綜統一59購01,0,0,0,0.0,0.0,0.0,0,0,0,"40,000",0,0,0,"40,000",0,"40,000","40,000"
731670,信紘科統一59購01,0,0,0,0.0,0.0,0.0,0,0,0,"148,000",0,0,0,"148,000",0,"148,000","148,000"
731730,順達統一59購03,0,0,0,0.0,0.0,0.0,0,0,0,"-20,000",0,0,0,0,"20,000","-20,000","-20,000"
731945,千附精統一59購02,"4,000",0,"4,000",0.0,0.0,0.0,0,0,0,"-4,000",0,0,0,0,"4,000","-4,000",0
732269,M31統一63購01,0,0,0,0.0,0.0,0.0,0,0,0,"-1,000",0,0,0,0,"1,000","-1,000","-1,000"
732271,千附統一59購01,0,0,0,0.0,0.0,0.0,0,0,0,"42,000",0,0,0,"43,000","1,000","42,000","42,000"
732545,晟德統一5A購01,0,0,0,0.0,0.0,0.0,0,0,0,"20,000",0,0,0,"20,000",0,"20,000","20,000"
733461,先進光統一65購01,0,0,0,0.0,0.0,0.0,0,0,0,"-10,000",0,0,0,0,"10,000","-10,000","-10,000"
733653,創惟統一5B購01,0,0,0,0.0,0.0,0.0,0,0,0,"-10,000",0,0,0,0,"10,000","-10,000","-10,000"
733695,高端統一5B購01,0,0,0,0.0,0.0,0.0,0,0,0,"10,000",0,0,0,"10,000",0,"10,000","10,000"
733696,高端統一65購01,0,0,0,0.0,0.0,0.0,0,0,0,"420,000",0,0,0,"425,000","5,000","420,000","420,000"
733958,新應材統一5C購01,0,0,0,0.0,0.0,0.0,0,0,0,"-54,000",0,0,0,0,"54,000","-54,000","-54,000"
734209,華星光統一66購01,0,0,0,0.0,0.0,0.0,0,0,0,"-59,000",0,0,0,"8,000","67,000","-59,000","-59,000"
734287,鈦昇統一59購01,0,0,0,0.0,0.0,0.0,0,0,0,"28,000",0,0,0,"28,000",0,"28,000","28,000"
734519,建榮統一5C購01,0,0,0,0.0,0.0,0.0,0,0,0,"-10,000",0,0,0,0,"10,000","-10,000","-10,000"
734994,新應材統一62購01,0,0,0,0.0,0.0,0.0,0,0,0,"-30,000",0,0,0,0,"30,000","-30,000","-30,000"
735028,新應材元富63購01,0,0,0,0.0,0.0,0.0,0,0,0,"-93,000",0,0,0,"262,000","355,000","-93,000","-93,000"
735306,順達統一5C購01,0,0,0,0.0,0.0,0.0,0,0,0,"2,000",0,0,0,"2,000",0,"2,000","2,000"
735512,華星光統一61購03,0,0,0,0.0,0.0,0.0,0,0,0,"-25,000",0,0,0,"8,000","33,000","-25,000","-25,000"
735665,意德士統一61購01,0,0,0,0.0,0.0,0.0,0,0,0,"-43,000",0,0,0,0,"43,000","-43,000","-43,000"
735849,均華統一63購01,0,0,0,0.0,0.0,0.0,0,0,0,"-5,000",0,0,0,"6,000","11,000","-5,000","-5,000"
736081,均華統一63購02,0,0,0,0.0,0.0,0.0,0,0,0,"10,000",0,0,0,"10,000",0,"10,000","10,000"
736156,均華統一5C購02,0,0,0,0.0,0.0,0.0,0,0,0,"-1,000",0,0,0,0,"1,000","-1,000","-1,000"
736243,宜特統一61購01,0,0,0,0.0,0.0,0.0,0,0,0,"-5,000",0,0,0,0,"5,000","-5,000","-5,000"
736427,M31統一61購03,0,0,0,0.0,0.0,0.0,0,0,0,"-49,000",0,0,0,0,"49,000","-49,000","-49,000"
736428,立碁統一59購02,0,0,0,0.0,0.0,0.0,0,0,0,"-300,000",0,0,0,0,"300,000","-300,000","-300,000"
736430,宏捷科統一59購01,0,0,0,0.0,0.0,0.0,0,0,0,"19,000",0,0,0,"19,000",0,"19,000","19,000"
736431,宏捷科統一61購01,0,0,0,0.0,0.0,0.0,0,0,0,"-19,000",0,0,0,0,"19,000","-19,000","-19,000"
736478,新盛力統一67購01,0,0,0,0.0,0.0,0.0,0,0,0,"6,000",0,0,0,"6,000",0,"6,000","6,000"
736736,力旺統一61購01,0,0,0,0.0,0.0,0.0,0,0,0,"1,000",0,0,0,"1,000",0,"1,000","1,000"
736834,中光電統一59購01,0,0,0,0.0,0.0,0.0,0,0,0,"101,000",0,0,0,"101,000",0,"101,000","101,000"
737163,新應材統一59購01,0,0,0,0.0,0.0,0.0,0,0,0,"-52,000",0,0,0,0,"52,000","-52,000","-52,000"
737198,智通*國票5B購01,0,0,0,0.0,0.0,0.0,0,0,0,"9,000",0,0,0,"9,000",0,"9,000","9,000"
737321,立碁統一5C購01,0,0,0,0.0,0.0,0.0,0,0,0,"-60,000",0,0,0,0,"60,000","-60,000","-60,000"
737930,晶呈統一5C購01,0,0,0,0.0,0.0,0.0,0,0,0,"3,000",0,0,0,"3,000",0,"3,000","3,000"
738130,大綜統一58購01,0,0,0,0.0,0.0,0.0,0,0,0,"-6,000",0,0,0,0,"6,000","-6,000","-6,000"
738142,順達統一58購01,0,0,0,0.0,0.0,0.0,0,0,0,"120,000",0,0,0,"120,000",0,"120,000","120,000"
738144,順達統一5B購02,0,0,0,0.0,0.0,0.0,0,0,0,"56,000",0,0,0,"56,000",0,"56,000","56,000"
738145,順達統一5C購02,0,0,0,0.0,0.0,0.0,0,0,0,"350,000",0,0,0,"383,000","33,000","350,000","350,000"
738154,廣明統一64購01,0,0,0,0.0,0.0,0.0,0,0,0,"2,000",0,0,0,"3,000","1,000","2,000","2,000"
738183,凡甲統一5C購01,0,0,0,0.0,0.0,0.0,0,0,0,"-2,000",0,0,0,0,"2,000","-2,000","-2,000"
738192,聖暉*統一64購01,0,0,0,0.0,0.0,0.0,0,0,0,"-10,000",0,0,0,0,"10,000","-10,000","-10,000"
738281,M31統一5B購01,0,0,0,0.0,0.0,0.0,0,0,0,"5,000",0,0,0,"5,000",0,"5,000","5,000"
738285,旺矽統一63購01,0,0,0,0.0,0.0,0.0,0,0,0,"2,000",0,0,0,"2,000",0,"2,000","2,000"
738289,聖暉*統一58購02,0,0,0,0.0,0.0,0.0,0,0,0,"-3,000",0,0,0,0,"3,000","-3,000","-3,000"
738299,元債20元富58購01,0,0,0,0.0,0.0,0.0,0,0,0,"-22,000",0,0,0,0,"22,000","-22,000","-22,000"
738503,勤凱元大59購01,0,0,0,0.0,0.0,0.0,0,0,0,"3,000",0,0,0,"3,000",0,"3,000","3,000"
738588,譜瑞元大59購02,0,0,0,0.0,0.0,0.0,0,0,0,"104,000",0,0,0,"104,000",0,"104,000","104,000"
738651,世禾統一59購01,0,0,0,0.0,0.0,0.0,0,0,0,"20,000",0,0,0,"20,000",0,"20,000","20,000"
738757,順達統一5C購03,0,0,0,0.0,0.0,0.0,0,0,0,"122,000",0,0,0,"122,000",0,"122,000","122,000"
738765,緯軟統一59購01,0,0,0,0.0,0.0,0.0,0,0,0,"-20,000",0,0,0,0,"20,000","-20,000","-20,000"
738941,昇達科統一59購04,0,0,0,0.0,0.0,0.0,0,0,0,"3,000",0,0,0,"3,000",0,"3,000","3,000"
738944,順達統一5C購04,0,0,0,0.0,0.0,0.0,0,0,0,"100,000",0,0,0,"101,000","1,000","100,000","100,000"
738947,精測統一65購01,0,0,0,0.0,0.0,0.0,0,0,0,"-32,000",0,0,0,0,"32,000","-32,000","-32,000"
739380,欣銓統一64購01,0,0,0,0.0,0.0,0.0,0,0,0,"-10,000",0,0,0,0,"10,000","-10,000","-10,000"
739385,萬泰科統一64購01,0,0,0,0.0,0.0,0.0,0,0,0,"290,000",0,0,0,"290,000",0,"290,000","290,000"
739460,環球晶統一64購02,0,0,0,0.0,0.0,0.0,0,0,0,"-32,000",0,0,0,0,"32,000","-32,000","-32,000"
739521,茂迪統一59購01,0,0,0,0.0,0.0,0.0,0,0,0,"6,000",0,0,0,"6,000",0,"6,000","6,000"
739581,均華兆豐59購01,0,0,0,0.0,0.0,0.0,0,0,0,"1,000",0,0,0,"1,000",0,"1,000","1,000"
739645,均豪統一5C購01,0,0,0,0.0,0.0,0.0,0,0,0,"5,000",0,0,0,"15,000","10,000","5,000","5,000"
739651,德微統一5C購02,0,0,0,0.0,0.0,0.0,0,0,0,"56,000",0,0,0,"56,000",0,"56,000","56,000"
739856,系微元大59購01,0,0,0,0.0,0.0,0.0,0,0,0,"-8,000",0,0,0,"1,000","9,000","-8,000","-8,000"
739858,昇達科元大59購01,0,0,0,0.0,0.0,0.0,0,0,0,"2,000",0,0,0,"2,000",0,"2,000","2,000"
739986,廣明國票5B購01,0,0,0,0.0,0.0,0.0,0,0,0,"10,000",0,0,0,"10,000",0,"10,000","10,000"
共4783筆,,,,,,,,,,,,,,,,,,
*三大法人買賣超股數合計=外資及陸資淨買股數(不含自營商)+投信淨買股數+自營商淨買股數合計,,,,,,,,,,,,,,,,,,
說明：,,,,,,,,,,,,,,,,,,
外資及陸資表示依「華僑及外國人投資證券管理辦法」及「大陸地區投資人來臺從事證券投資及期貨交易管理辦法」辦理登記等投資人。,,,,,,,,,,,,,,,,,,
因外資自營商買賣金額已計入自營商買賣金額，故不納入三大法人買賣金額之合計數計算。,,,,,,,,,,,,,,,,,,
投信表示本國投資信託基金。,,,,,,,,,,,,,,,,,,
自營商表示證券自營商專戶。,,,,,,,,,,,,,,,,,,
本資訊以當日原始成交情形統計，不以證券商申報錯帳、更正帳號等調整後資料統計。,,,,,,,,,,,,,,,,,,
ETF證券代號第六碼為K、C者，表示該ETF以外幣交易，其一交易單位(張)應為100受益權或其整倍數，請詳其公開說明書。,,,,,,,,,,,,,,,,,,
