證券代號,證券名稱,成交股數,成交筆數,成交金額,開盤價,最高價,最低價,收盤價,漲跌(+/-),漲跌價差,最後揭示買價,最後揭示買量,最後揭示賣價,最後揭示賣量,本益比
00411A,主動統一前沿科技,"30,048,195","5,403","287,667,213",9.64,9.64,9.51,9.61,-,0.23,9.60,1459,9.61,2968,
006201,元大富櫃50,"126,611",185,"5,570,114",44.20,44.39,43.33,44.32,-,0.07,44.32,45,44.37,1,
00679B,元大美債20年,"11,945,377","2,169","309,134,092",25.89,25.92,25.83,25.86,+,0.01,25.85,87,25.86,508,
00687B,國泰20年美債,"10,519,225","1,191","286,358,464",27.20,27.27,27.17,27.21,+,0.02,27.20,544,27.21,79,
00687C,國泰20年美債+櫃U,"25,000",2,"229,000",9.16,9.16,9.16,9.16,-,0.0,9.14,25,9.16,20,
00694B,富邦美債1-3,"202,497",34,"8,429,088",41.39,41.70,41.39,41.63,+,0.02,41.63,2,41.65,140,
00695B,富邦美債7-10,"422,384",84,"14,631,400",34.67,34.69,34.59,34.68,+,0.01,34.68,3,34.71,40,
00696B,富邦美債20年,"1,114,488",153,"31,402,602",28.17,28.24,28.14,28.16,+,0.04,28.16,126,28.18,309,
00697B,元大美債7-10,"678,917",196,"23,910,679",35.24,35.25,35.15,35.21,-,0.03,35.20,18,35.22,40,
00719B,元大美債1-3,"1,380,894",562,"42,775,207",30.97,31.01,30.93,30.99,+,0.02,30.98,48,30.99,86,
00720B,元大投資級公司債,"4,538,269",944,"145,105,554",31.99,32.02,31.93,31.96,+,0.03,31.96,52,31.97,92,
00722B,群益投資級電信債,"2,133,355",188,"73,283,902",34.35,34.40,34.32,34.35,+,0.04,34.35,16,34.36,20,
00723B,群益投資級科技債,"159,000",16,"4,681,860",29.42,29.49,29.41,29.45,+,0.11,29.45,21,29.47,54,
00724B,群益投資級金融債,"4,161,945",196,"136,572,013",32.82,32.89,32.77,32.81,-,0.0,32.81,11,32.84,151,
00725B,國泰投資級公司債,"2,560,623",584,"87,086,875",34.05,34.06,33.96,34.01,+,0.01,34.01,107,34.02,331,
00726B,國泰新興投等債,"163,109",94,"5,248,757",32.16,32.26,32.15,32.18,+,0.04,32.18,3,32.19,2,
00727B,國泰優選非投等債,"119,441",14,"4,676,837",39.13,39.16,39.13,39.16,+,0.07,39.16,2,39.18,1,
00734B,台新JPM新興債,"100,000",2,"1,545,000",15.45,15.45,15.45,15.45,+,0.03,15.44,1,15.46,20,
00740B,富邦全球投等債,"1,449,720",329,"54,227,573",37.37,37.44,37.32,37.41,+,0.04,37.41,3,37.42,11,
00741B,富邦全球非投等債,"121,278",24,"4,501,351",36.93,37.12,36.93,37.11,+,0.01,37.10,2,37.11,2,
00746B,富邦A級公司債,"609,252",15,"20,997,967",34.50,34.50,34.46,34.47,-,0.0,34.47,5,34.49,125,
00749B,凱基新興債10+,"100,000",2,"3,087,000",30.87,30.87,30.87,30.87,+,0.09,30.76,10,30.84,1,
00750B,凱基科技債10+,"100,000",2,"3,175,000",31.75,31.75,31.75,31.75,-,0.0,31.72,1,31.80,8,
00751B,元大AAA至A公司債,"4,045,591",865,"123,366,302",30.50,30.56,30.44,30.50,+,0.03,30.49,42,30.50,58,
00754B,群益AAA-AA公司債,"104,000",7,"3,272,310",31.46,31.47,31.45,31.47,+,0.05,31.42,1,31.45,1,
00755B,群益投資級公用債,"106,419",87,"3,371,077",31.70,31.70,31.68,31.68,+,0.06,31.66,1,31.71,5,
00756B,群益投等新興公債,"317,202",117,"9,665,482",30.50,30.51,30.45,30.46,+,0.06,30.45,1,30.46,58,
00758B,復華能源債,"100,000",2,"5,010,000",50.10,50.10,50.10,50.10,-,0.05,49.93,20,50.20,5,
00759B,復華製藥債,"100,252",6,"5,298,346",52.85,52.85,52.85,52.85,-,0.1,52.70,1,52.75,1,
00760B,復華新興企業債,"102,465",9,"5,363,964",52.25,52.35,52.25,52.35,+,0.05,52.20,10,52.25,1,
00761B,國泰A級公司債,"324,275",97,"10,730,130",33.07,33.13,33.02,33.10,+,0.04,33.08,109,33.10,3,
00764B,群益25年美債,"7,637,913",175,"207,051,014",27.09,27.16,27.06,27.10,+,0.03,27.08,337,27.09,6,
00768B,復華20年美債,"525,707",59,"25,325,676",48.18,48.26,48.13,48.18,+,0.07,48.17,5,48.18,207,
00772B,中信高評級公司債,"1,628,352",507,"52,993,423",32.57,32.59,32.48,32.53,+,0.01,32.53,18,32.54,105,
00773B,中信優先金融債,"232,763",151,"8,111,792",34.86,34.90,34.81,34.84,-,0.02,34.84,1,34.85,2,
00777B,凱基AAA至A公司債,"102,001",5,"3,188,401",31.19,31.26,31.18,31.18,-,0.05,31.18,9,31.21,1,
00778B,凱基金融債20+,"100,025",3,"3,337,834",33.37,33.37,33.37,33.37,+,0.07,33.30,2,33.33,1,
00779B,凱基美債25+,"304,000",6,"8,341,780",27.48,27.48,27.40,27.40,+,0.02,27.39,1,27.40,2,
00780B,國泰A級金融債,"160,001",10,"5,817,525",36.34,36.40,36.33,36.38,-,0.03,36.37,2,36.39,52,
00781B,國泰A級科技債,"237,606",30,"6,464,025",27.22,27.24,27.14,27.20,+,0.05,27.17,61,27.22,61,
00782B,國泰A級公用債,"319,020",24,"9,395,180",29.44,29.48,29.43,29.47,+,0.03,29.48,2,29.49,48,
00785B,富邦金融投等債,"51,000",3,"1,733,990",33.99,34.00,33.99,34.00,-,0.0,34.00,1,34.03,20,
00786B,元大10年IG銀行債,"19,031",6,"605,097",31.80,31.80,31.79,31.80,+,0.03,31.77,1,31.80,10,
00787B,元大10年IG醫療債,"9,001",6,"286,161",31.81,31.83,31.78,31.79,-,0.06,31.80,1,31.81,1,
00788B,元大10年IG電能債,"34,000",5,"992,060",29.22,29.22,29.16,29.16,+,0.02,29.21,1,29.23,40,
00789B,復華公司債A3,"102,999",4,"4,760,613",46.22,46.22,46.22,46.22,+,0.01,46.18,2,46.20,1,
00791B,復華信用債1-5,"112,034",6,"6,345,777",56.55,56.65,56.55,56.65,-,0.0,56.55,13,56.60,1,
00792B,群益A級公司債,"137,430",67,"4,237,813",30.84,30.87,30.83,30.83,+,0.03,30.83,48,30.87,25,
00793B,群益AAA-A醫療債,"112,338",54,"3,348,663",29.81,29.85,29.77,29.82,+,0.1,29.79,20,29.82,6,
00795B,中信美國公債20年,"6,287,992",446,"163,387,855",25.98,26.03,25.95,25.96,+,0.02,25.96,954,25.97,8,
00799B,國泰A級醫療債,"126,187",19,"3,607,349",28.56,28.60,28.56,28.59,+,0.03,28.58,1,28.59,139,
00834B,第一金金融債10+,"100,000",2,"3,320,000",33.20,33.20,33.20,33.20,+,0.08,33.16,20,33.23,20,
00836B,永豐10年A公司債,"1,227",5,"34,367",27.97,27.97,27.97,27.97,+,0.05,27.96,1,27.99,22,
00840B,凱基IG精選15+,"100,960",7,"2,904,542",28.77,28.77,28.77,28.77,-,0.0,28.72,1,28.77,1,
00841B,凱基AAA-AA公司債,"100,410",5,"2,752,184",27.41,27.41,27.41,27.41,-,0.0,27.35,20,27.41,1,
00842B,台新美元銀行債,"463,933",42,"13,634,809",29.41,29.45,29.35,29.35,+,0.01,29.34,3,29.35,10,
00844B,台新15年IG金融債,"81,000",3,"2,476,180",30.57,30.58,30.57,30.58,+,0.07,30.56,1,30.58,19,
00845B,富邦新興投等債,"103,154",6,"3,353,534",32.48,32.52,32.48,32.52,+,0.05,32.51,1,32.52,2,
00846B,富邦歐洲銀行債,"102,238",8,"3,588,387",34.95,35.10,34.95,35.10,-,0.07,35.12,1,35.13,20,
00847B,中信美國市政債,"154,032",9,"3,799,428",24.70,24.70,24.66,24.66,+,0.04,24.65,1,24.69,20,
00848B,中信新興亞洲債,"300,001",7,"10,027,033",33.43,33.43,33.41,33.41,+,0.04,33.42,1,33.43,3,
00849B,中信EM主權債0-5,"144,266",8,"5,361,711",37.15,37.18,37.15,37.16,+,0.05,37.18,1,37.22,21,
00853B,統一美債10年Aa-A,"1,125,462",110,"30,172,826",26.81,26.82,26.76,26.81,-,0.0,26.81,3,26.82,28,
00856B,永豐1-3年美公債,"4,445",9,"165,734",37.22,37.26,37.22,37.26,+,0.02,37.24,21,37.26,1,
00857B,永豐20年美公債,"1,067,587",106,"24,125,862",22.60,22.62,22.56,22.58,+,0.02,22.58,9,22.59,7,
00858,永豐美國500大,"375,910",399,"13,425,736",35.74,35.77,35.65,35.76,-,0.08,35.79,1,35.80,9,
00859B,群益0-1年美債,"2,992,316",153,"122,426,829",40.92,40.95,40.87,40.95,+,0.1,40.94,19,40.95,66,
00860B,群益1-5Y投資級債,"102,000",6,"3,847,930",37.72,37.74,37.71,37.74,+,0.08,37.76,1,37.78,25,
00862B,中信投資級公司債,"142,999",103,"4,403,272",30.79,30.84,30.79,30.84,+,0.09,30.80,1,30.84,50,
00863B,中信全球電信債,"170,031",13,"5,251,301",30.81,30.94,30.81,30.86,-,0.01,30.88,101,30.91,20,
00864B,中信美國公債0-1,"1,021,082",227,"46,774,836",45.80,45.86,45.77,45.83,+,0.03,45.82,9,45.83,2,
00867B,台新A-BBB電信債,0,0,0,---,---,---, ---,,,29.47,1,29.52,20,
00870B,元大15年EM主權債,"20,000",1,"550,400",27.52,27.52,27.52,27.52,+,0.02,27.50,1,27.51,5,
00877,復華中國5G,"1,542,911",763,"57,257,784",37.46,37.51,36.75,37.37,-,0.16,37.37,35,37.39,1,
00884B,中信低碳新興債,"142,380",8,"4,096,988",28.79,28.79,28.77,28.77,+,0.1,28.76,20,28.78,1,
00886,永豐美國科技,"32,243",12,"1,519,614",47.19,47.33,47.00,47.33,-,0.18,47.29,1,47.40,1,
00887,永豐中國科技50大,"2,934,327","1,036","47,178,948",16.19,16.19,15.99,16.18,-,0.12,16.18,32,16.19,5,
00888,永豐台灣ESG,"4,369,136","2,966","145,347,000",33.29,33.57,33.02,33.57,-,0.19,33.57,74,33.58,32,
00890B,凱基ESG BBB債15+,"131,002",11,"4,091,592",31.22,31.25,31.20,31.21,+,0.02,31.17,20,31.26,16,
00928,中信上櫃ESG 30,"360,564",540,"11,748,808",32.50,33.14,32.13,33.14,+,0.15,33.14,82,33.15,264,
00931B,統一美債20年,"2,530,316",267,"33,113,810",13.07,13.10,13.06,13.08,+,0.02,13.07,539,13.08,202,
00933B,國泰10Y+金融債,"5,415,524","1,243","84,465,121",15.60,15.61,15.57,15.59,-,0.01,15.59,372,15.60,30,
00937B,群益ESG投等債20+,"42,427,733","3,486","609,016,981",14.36,14.37,14.33,14.36,+,0.02,14.35,6526,14.36,939,
00942B,台新美A公司債20+,"570,790",105,"7,875,063",13.80,13.82,13.78,13.79,-,0.0,13.79,281,13.80,57,
00948B,中信優息投資級債,"1,587,989",294,"14,550,198",9.16,9.18,9.15,9.16,-,0.0,9.16,569,9.17,2205,
00950B,凱基A級公司債,"2,247,683",298,"30,775,919",13.71,13.72,13.67,13.69,-,0.01,13.69,558,13.70,120,
00955,中信日本商社,"2,883,006",813,"44,633,600",15.44,15.58,15.37,15.56,+,0.02,15.55,866,15.56,17,
00957B,兆豐US優選投等債,"244,558",87,"3,181,248",12.98,13.02,12.98,13.00,+,0.02,13.00,592,13.01,4,
00958B,永豐ESG銀行債15+,"428,371",31,"3,863,951",9.02,9.03,9.02,9.02,-,0.0,9.02,309,9.03,64,
00959B,大華投等美債15Y+,"1,238,444",112,"11,316,018",9.14,9.15,9.13,9.13,-,0.0,9.13,586,9.14,10,
00966B,統一ESG投等債15+,"1,607,286",93,"21,746,043",13.52,13.55,13.52,13.54,+,0.02,13.53,2,13.54,201,
00967B,元大優息美債,"1,734,411",38,"15,466,798",8.91,8.95,8.91,8.91,-,0.02,8.92,25,8.93,213,
00968B,元大優息投等債,"944,987",98,"8,505,754",9.00,9.02,8.99,9.00,-,0.0,8.99,1035,9.00,4,
00969B,元大零息超長美債,"765,531",46,"6,154,313",8.02,8.05,8.02,8.04,+,0.01,8.04,2,8.05,372,
00970B,台新BBB投等債20+,"712,460",150,"6,463,533",9.08,9.08,9.06,9.07,+,0.01,9.07,281,9.08,335,
009806,台新標普500,"65,322",27,"885,703",13.59,13.59,13.54,13.56,-,0.03,13.57,101,13.60,100,
009807,台新標普科技精選,"36,590",16,"611,048",16.75,16.75,16.66,16.73,-,0.22,16.75,155,16.79,251,
00980B,台新特選IG債10+,"11,727",21,"107,940",9.20,9.21,9.20,9.20,+,0.01,9.20,307,9.21,30,
00980D,主動聯博投等入息,"696,308",178,"13,976,365",20.08,20.10,20.06,20.08,-,0.0,20.07,312,20.08,12,
00980T,平衡凱基美國TOP,"246,371",76,"2,898,840",11.74,11.77,11.72,11.77,+,0.02,11.75,608,11.76,2,
009814,富邦標普500,"1,107,245",703,"12,553,982",11.35,11.36,11.31,11.36,-,0.01,11.35,820,11.36,403,
009815,大華美國MAG7+,"1,976,558",600,"22,558,377",11.43,11.46,11.37,11.46,+,0.01,11.45,597,11.46,24,
00981B,第一金優選非投債,"8,743,943","1,410","79,908,887",9.15,9.15,9.13,9.15,+,0.01,9.14,398,9.15,2707,
00981D,主動中信非投等債,"4,202,558",657,"43,209,386",10.29,10.29,10.27,10.27,-,0.02,10.27,976,10.29,101,
009822,華南永昌未來金融,"341,534",85,"3,268,091",9.75,9.75,9.55,9.58,-,0.29,9.56,143,9.58,94,
009823,群益S&P500,"3,441,517","1,348","35,803,092",10.43,10.44,10.38,10.44,-,0.01,10.43,19,10.44,356,
009825,聯邦美國金融創新,"135,601",61,"1,363,297",10.15,10.15,10.04,10.05,-,0.14,10.04,78,10.05,88,
00982B,FT投資級債20+,"50,101",3,"473,955",9.46,9.46,9.46,9.46,+,0.01,9.46,7,9.48,2,
00983B,大華優利美公債20,"447,133",17,"6,793,514",15.20,15.21,15.19,15.19,+,0.02,15.18,116,15.21,915,
00984B,大華優利美A債15,"234,023",85,"3,717,377",15.88,15.94,15.87,15.89,+,0.04,15.89,2,15.90,28,
00985D,主動貝萊德優投等,"840,738",98,"8,273,680",9.83,9.86,9.83,9.85,+,0.02,9.85,10,9.86,543,
00986B,FT金融債10+,"38,197",23,"363,883",9.51,9.55,9.51,9.55,-,0.02,9.55,7,9.65,107,
00986D,主動復華金融債息,"337,172",134,"4,844,619",14.37,14.38,14.35,14.38,-,0.0,14.37,4,14.38,31,
00987B,野村10+澳洲公債,"118,536",49,"1,882,626",15.90,15.90,15.87,15.88,-,0.03,15.87,204,15.88,148,
00987D,主動統一美債量化,"1,668,464",93,"16,733,888",10.02,10.04,10.02,10.03,+,0.01,10.03,111,10.04,1406,
00988B,玉山嚴選非投債,"1,287,102",181,"25,104,818",19.49,19.53,19.49,19.51,+,0.02,19.51,6,19.52,5,
00989B,台新美國非投等債,"3,233,846",245,"32,435,640",10.05,10.05,10.02,10.02,-,0.01,10.02,114,10.03,50,
00990B,國泰收益非投等債,"1,191,700",121,"11,854,850",9.94,9.96,9.93,9.95,+,0.01,9.94,261,9.95,16,
00998A,主動復華金融股息,"1,054,740",677,"18,781,801",17.77,17.84,17.75,17.84,+,0.07,17.84,9,17.85,437,
020001,富邦存股雙十N,0,0,0,---,---,---, ---,,,28.66,50,28.74,50,
020025,統一亞洲半導體N,"7,000",5,"257,170",36.35,37.21,36.35,37.21,-,0.42,37.21,68,37.30,1,
020033,統一恒生科期N,"15,000",2,"54,350",3.61,3.63,3.61,3.63,-,0.05,3.63,135,3.66,195,
020035,元大上櫃ESG高息N,0,0,0,---,---,---, ---,,,13.00,150,13.04,150,
020040,元大上櫃ESG龍頭N,0,0,0,---,---,---, ---,,,11.06,150,11.10,150,
020041,兆豐半導體氣候N,"17,000",4,"328,530",19.48,19.48,19.10,19.37,-,0.13,19.62,111,19.63,111,
1240,茂生農經,"13,613",34,"779,730",57.10,57.40,57.10,57.10,-,0.1,57.10,2,57.30,1,
1259,安心,"14,266",14,"893,665",62.70,63.40,61.30,63.40,+,0.7,62.70,1,64.10,1,
1264,德麥,"22,692",393,"5,707,690",251.00,252.00,251.00,251.50,-,0.5,251.00,6,252.00,8,
1268,漢來美食,"19,507",46,"3,537,479",181.50,182.00,181.00,181.50,+,0.5,181.00,2,181.50,1,
1294,漢田生技,"58,929",85,"3,168,526",54.40,54.40,53.40,53.70,-,0.7,53.40,3,53.90,2,
1295,生合,"24,630",36,"1,130,606",46.30,46.35,45.60,45.65,-,0.65,45.65,2,45.85,1,
1336,台翰,"381,150",220,"6,360,901",16.60,17.00,16.40,16.80,+,0.1,16.80,29,16.85,3,
1565,精華,"99,963",163,"9,808,964",96.70,98.80,96.70,98.40,+,0.6,98.40,1,98.50,19,
1569,濱川,"432,514",498,"19,920,888",46.30,46.95,45.40,45.80,-,0.5,45.80,4,45.90,2,
1570,力肯,"27,016",36,"893,640",33.10,33.20,33.00,33.20,-,0.45,33.05,4,33.35,3,
1580,新麥,"47,721",139,"5,059,162",106.50,106.50,105.50,106.00,-,0.5,105.50,12,106.50,16,
1584,精剛,"250,786",162,"4,535,983",18.30,18.30,17.95,18.00,-,0.2,18.00,9,18.10,5,
1586,和勤,"132,474",110,"2,396,843",18.05,18.15,18.05,18.10,+,0.05,18.10,1,18.15,9,
1591,駿吉-KY,"239,456",195,"8,807,350",36.50,37.65,36.10,36.75,+,0.7,36.75,1,36.85,1,
1593,祺驊,"7,497",15,"236,988",31.65,31.65,31.60,31.60,-,0.05,31.70,1,31.80,1,
1595,川寶,"277,460",521,"17,945,636",66.00,67.30,63.40,64.00,-,2.0,64.00,1,64.10,1,
1599,宏佳騰,"39,774",84,"909,312",23.10,23.10,22.80,22.90,-,0.2,22.80,3,23.00,2,
1742,台蠟,"62,000",33,"1,091,050",17.95,17.95,17.50,17.90,+,0.15,17.50,6,17.90,4,
1777,生泰,"56,168",49,"4,146,027",74.70,74.70,73.50,74.50,-,0.2,74.50,5,74.60,5,
1780,立弘,"42,000",28,"1,022,350",24.50,24.50,24.05,24.50,-,0.0,24.50,19,24.55,2,
1781,合世,"50,105",44,"523,601",10.60,10.60,10.30,10.50,-,0.0,10.45,1,10.50,16,
1784,訊聯,"51,257",78,"3,194,313",63.20,63.20,61.90,62.50,+,0.5,62.20,1,62.60,1,
1785,光洋科,"4,221,170","4,126","434,816,220",103.00,105.00,101.50,103.00,-,0.5,102.50,56,103.00,16,
1788,杏昌,"10,575",80,"1,368,184",130.00,130.00,129.00,129.00,-,0.0,128.50,11,129.00,1,
1796,金穎生技,"4,010",5,"120,448",30.65,30.65,29.70,29.70,+,0.35,29.70,1,29.90,1,
1799,易威,"132,985",200,"4,031,286",30.20,30.75,30.00,30.15,+,0.2,30.15,8,30.20,7,
1813,寶利徠,"4,635",29,"53,793",11.60,11.60,11.60,11.60,-,0.05,11.50,1,11.55,1,
1815,富喬,"80,702,056","53,156","10,128,586,710",124.00,128.00,122.50,126.50,+,1.0,126.50,533,127.00,1027,
2035,唐榮,"1,002",3,"27,052",27.00,27.00,27.00,27.00,-,0.0,26.40,1,27.00,2,
2061,風青,"1,701,692","1,283","87,897,831",51.00,52.60,50.80,51.60,-,0.1,51.50,5,51.60,14,
2063,世鎧,"28,674",21,"690,404",24.05,24.25,24.00,24.00,+,0.05,24.05,1,24.10,1,
2064,晉椿,0,0,0,---,---,---, ---,,,12.20,1,12.25,9,
2065,世豐,"35,065",66,"1,280,107",36.65,36.65,36.45,36.50,-,0.15,36.50,11,37.00,3,
2066,世德,"25,246",43,"1,365,190",54.00,54.30,53.90,53.90,-,0.1,53.80,1,54.00,1,
2067,嘉鋼,"5,257",11,"27,894",5.35,5.35,5.26,5.26,+,0.16,4.90,1,5.26,1,
2070,精湛,"351,349",424,"24,458,607",67.10,70.50,67.10,69.50,+,2.4,69.50,10,69.90,1,
2073,雄順,"1,000",1,"26,400",26.40,26.40,26.40,26.40,-,0.0,26.00,1,26.50,1,
2221,大甲,"2,607,547","2,255","197,522,009",78.50,79.70,71.90,76.00,-,3.7,76.00,4,76.10,2,
2230,泰茂,"111,972",141,"2,535,300",23.40,23.40,22.35,22.50,-,0.5,22.50,1,22.65,1,
2235,謚源,150,2,"4,200",---,---,---, ---,,,27.20,1,27.75,1,
2596,綠意,"49,267",32,"1,712,299",34.85,34.90,34.50,34.75,-,0.0,34.65,1,34.75,3,
2640,大車隊,"35,625",86,"5,570,913",156.50,158.00,155.50,157.00,-,1.0,156.00,20,157.00,4,
2641,正德,"2,330,286","1,048","42,161,991",18.15,18.30,17.90,17.90,-,0.1,17.90,93,18.00,39,
2643,捷迅,"8,643",19,"538,886",63.10,63.10,62.00,62.00,-,1.1,62.30,1,62.70,1,
2718,全心投控,"38,176",51,"1,606,233",41.70,42.65,41.50,41.70,-,0.2,41.90,1,42.10,1,
2719,燦星旅,"5,350",8,"108,750",20.35,20.35,20.35,20.35,+,0.05,20.35,2,20.40,1,
2724,藝舍-KY,"1,199",3,"12,819",10.80,10.80,10.80,10.80,+,0.15,10.15,1,10.85,1,
2726,雅茗-KY,"181,680",112,"1,477,183",8.22,8.27,7.97,8.22,-,0.0,8.18,1,8.23,2,
2729,瓦城,"15,700",42,"2,428,939",154.00,155.50,154.00,155.50,-,0.0,155.00,1,156.00,3,
2732,六角,"17,185",27,"1,111,486",64.80,65.10,64.20,64.30,-,0.5,64.40,1,65.10,21,
2734,易飛網,"97,072",72,"1,443,481",14.85,15.00,14.60,15.00,+,0.15,14.90,3,15.00,4,
2736,富野,"54,564",42,"655,394",12.15,12.20,11.95,12.00,-,0.05,12.00,9,12.05,2,
2740,華軒,"2,816",26,"86,167",30.50,30.95,30.50,30.95,+,0.05,28.40,1,30.50,1,
2743,山富,"35,556",198,"2,089,949",58.80,59.20,58.50,58.80,-,0.5,58.80,1,58.90,1,
2745,五福,"40,454",68,"3,599,666",89.80,89.80,88.10,89.00,-,0.4,88.80,1,89.00,1,
2751,王座,"23,208",35,"1,210,640",52.70,52.70,51.90,51.90,,,51.80,2,52.40,1,
2752,豆府,"6,216",28,"1,115,003",180.00,180.00,179.00,179.00,-,1.0,178.00,1,180.00,3,
2754,亞洲藏壽司,"14,602",30,"1,009,092",69.60,69.60,68.60,68.60,-,1.3,68.70,6,69.50,1,
2755,揚秦,"17,696",68,"1,801,896",102.00,102.00,101.50,102.00,-,0.0,101.50,4,102.00,1,
2756,聯發國際,"9,022",12,"560,061",62.40,62.70,60.50,62.30,-,1.1,62.20,3,62.30,1,
2916,滿心,"44,660",36,"1,788,202",40.10,40.15,40.00,40.00,-,0.05,40.00,8,40.10,1,
2924,宏太-KY,"13,399",22,"229,870",17.95,18.30,16.30,17.70,+,0.35,16.30,5,17.75,3,
2926,誠品生活,"8,043",11,"242,333",30.10,30.35,29.95,30.35,+,0.25,29.95,1,30.35,2,
2937,集雅社,"28,294",37,"1,269,552",45.50,45.50,44.40,44.80,,,44.45,3,45.05,1,
2941,米斯特,1,1,27,---,---,---, ---,,,29.35,2,30.95,1,
2947,振宇五金,"8,970",35,"549,332",61.20,61.20,61.20,61.20,-,0.2,61.10,1,61.40,2,
2948,寶陞,"4,435",23,"165,779",38.45,38.45,36.50,38.30,-,0.15,36.45,1,38.40,2,
2949,欣新網,"1,326",11,"81,109",61.10,61.10,61.10,61.10,-,0.5,59.20,1,61.40,2,
3064,泰偉,117,3,"2,223",---,---,---, ---,,,17.20,1,20.75,1,
3066,李洲,"4,614,943","2,933","124,159,568",27.65,28.60,25.20,25.55,-,1.95,25.50,8,25.55,3,
3067,全域,"1,134",3,"20,578",18.30,18.30,18.30,18.30,+,0.3,16.95,2,18.25,1,
3071,協禧,"72,403",67,"1,762,630",24.60,24.60,24.15,24.45,-,0.0,24.45,3,24.50,1,
3073,天方能源,"6,300",5,"137,085",21.65,21.85,21.65,21.85,-,0.3,22.20,1,22.45,1,
3078,僑威,"2,623,567","1,554","137,316,559",52.80,53.00,51.90,51.90,-,0.7,51.90,9,52.00,3,
3081,聯亞,"4,221,362","16,396","14,402,824,210",3240.00,3550.00,3235.00,3530.00,+,225.0,3525.00,5,3530.00,3,
3083,網龍,"50,059",36,"1,164,127",23.30,23.35,23.20,23.20,-,0.15,23.25,1,23.30,7,
3085,新零售,"9,210",17,"104,501",11.85,11.85,11.10,11.80,-,0.1,11.35,1,11.75,1,
3086,華義*,"304,074",220,"8,836,744",27.50,30.25,27.50,30.25,+,2.75,30.25,203,0.00,0,
3088,艾訊,"488,989",591,"60,103,750",124.00,124.50,122.00,123.00,-,1.0,123.00,1,123.50,10,
3093,港建*,"331,779",310,"15,915,203",48.10,48.95,47.00,47.70,-,1.6,47.70,7,47.80,1,
3095,及成,"10,834",20,"390,615",36.70,36.70,35.55,36.00,+,0.5,35.65,1,36.40,3,
3105,穩懋,"51,770,736","53,169","23,143,798,863",434.50,471.00,425.00,447.50,+,8.5,447.50,14,448.00,43,
3114,好德,"209,519",230,"6,976,216",33.70,33.80,33.00,33.10,-,0.8,33.05,2,33.25,9,
3115,富榮綱,2,2,16,---,---,---, ---,,,8.56,2,8.91,1,
3118,進階,"35,653",39,"1,120,891",31.70,31.75,31.25,31.40,-,0.1,31.30,1,31.55,3,
3122,笙泉,"20,155",124,"517,954",25.95,25.95,25.55,25.90,+,0.05,25.85,1,25.90,5,
3128,昇銳,"72,197",100,"1,469,072",20.70,20.70,20.25,20.35,-,0.35,20.35,1,20.45,1,
3131,弘塑,"762,940","4,012","1,815,370,705",2450.00,2450.00,2335.00,2410.00,-,75.0,2405.00,1,2410.00,3,
3141,晶宏,"3,523,744","3,608","285,990,614",75.00,83.00,74.60,82.30,+,6.6,82.20,5,82.30,1,
3147,大綜,"231,507",612,"50,387,173",218.00,220.50,215.50,218.00,-,1.0,217.50,5,218.00,2,
3152,璟德,"151,095",489,"36,732,203",243.00,247.50,241.00,241.50,-,6.5,241.50,4,243.50,2,
3158,嘉實,"8,511",13,"708,426",83.10,83.50,83.00,83.50,+,0.5,83.60,1,84.30,2,
3162,精確,"978,568",925,"70,485,184",71.80,73.50,71.20,72.70,+,0.1,72.70,3,72.80,1,
3163,波若威,"1,158,627","5,238","854,052,341",731.00,750.00,726.00,741.00,-,13.0,741.00,5,744.00,2,
3169,亞信,"46,229",97,"4,651,497",101.00,101.50,100.00,100.50,-,1.5,100.00,7,101.00,1,
3171,炎洲流通,"10,250",18,"645,129",63.00,63.00,62.80,63.00,-,0.3,62.90,2,63.00,1,
3176,基亞,"1,116,742",804,"41,871,982",38.90,38.90,36.75,37.50,-,1.4,37.10,1,37.50,4,
3178,公準,"40,642",74,"2,488,875",60.60,62.50,60.10,60.60,-,1.9,60.50,1,61.80,1,
3188,鑫龍騰,"173,628",168,"4,280,432",24.65,24.75,24.55,24.70,+,0.05,24.70,1,24.75,7,
3191,雲嘉南,"29,734",30,"521,269",17.55,17.95,17.25,17.95,+,0.2,17.95,4,18.00,1,
3205,佰研,"62,135",45,"2,914,730",47.10,47.10,46.70,47.00,-,0.1,47.00,1,47.05,1,
3206,志豐,"42,798",146,"1,448,916",34.35,34.35,33.70,34.30,-,0.3,34.10,1,34.50,2,
3207,耀勝,"114,404",166,"4,467,583",39.70,39.70,38.70,38.80,-,0.9,38.75,1,38.80,3,
3211,順達,"4,690,322","7,627","1,830,549,212",390.00,401.50,383.00,386.50,-,13.5,386.50,63,387.00,15,
3213,茂訊,"140,880",168,"17,848,648",127.00,128.00,126.00,126.50,-,1.5,126.50,5,127.00,1,
3217,優群,"450,266",506,"61,675,628",137.50,138.50,135.50,136.50,-,1.0,136.00,4,136.50,3,
3218,大學光,"659,481",919,"93,574,149",137.50,144.00,137.50,143.50,+,5.0,143.50,18,144.00,24,
3219,倚強科,"2,007,181","2,675","182,070,834",86.50,93.30,86.30,91.00,+,3.9,90.80,2,91.00,13,
3221,台嘉碩,"921,278","1,136","44,261,908",48.00,49.10,47.25,47.85,-,0.95,47.80,13,47.95,3,
3224,三顧,"20,021",24,"696,827",36.00,36.00,34.65,34.70,-,0.6,34.60,3,34.80,2,
3226,龍鋒,"13,097",14,"693,844",52.60,53.20,52.60,52.90,-,0.2,52.60,1,53.20,6,
3227,原相,"888,990","1,301","171,388,248",195.00,196.00,191.50,192.00,-,5.0,192.00,47,192.50,8,
3228,金麗科,"511,856","2,351","83,798,333",163.00,171.50,159.00,171.50,+,5.0,171.00,1,171.50,2,
3230,錦明,"491,691",484,"22,305,180",45.15,46.05,45.00,45.05,-,1.3,45.05,12,45.10,1,
3232,昱捷,"25,018",24,"489,657",19.75,19.95,19.45,19.65,-,0.05,19.60,1,19.65,1,
3234,光環,"3,365,781","4,279","596,130,554",180.00,185.00,170.00,185.00,+,3.5,184.50,34,185.00,36,
3236,千如,"3,146,878","2,558","143,927,947",45.20,47.50,44.40,44.90,-,1.2,44.85,86,44.95,2,
3252,海灣,13,1,195,---,---,---, ---,,,15.70,3,15.80,1,
3259,鑫創,"33,096",24,"466,539",14.90,14.90,13.55,14.00,-,0.1,13.85,1,14.00,4,
3260,威剛,"4,710,862","5,890","1,943,455,856",408.50,416.50,407.00,413.50,+,1.5,413.50,13,414.00,8,
3264,欣銓,"5,995,374","14,684","1,360,672,505",230.00,230.50,220.50,228.00,-,7.0,228.00,11,228.50,31,
3265,台星科,"2,303,537","6,545","406,460,815",183.50,183.50,170.50,178.00,-,8.5,177.50,38,178.00,1,
3268,海德威,"13,965",35,"243,420",17.40,18.05,17.10,18.05,+,0.35,17.55,1,18.25,1,
3272,東碩,"56,784",52,"814,547",14.30,14.50,14.25,14.45,+,0.35,14.30,1,14.45,1,
3276,宇環,"108,111",83,"1,552,736",14.30,14.50,14.25,14.35,+,0.05,14.30,1,14.35,1,
3284,太普高,"150,562",105,"3,080,884",20.75,20.75,20.30,20.50,-,0.5,20.45,3,20.50,1,
3285,微端,"83,571",116,"3,493,492",40.70,43.00,40.50,42.80,+,1.7,42.50,1,42.85,7,
3287,廣寰科,"317,393",315,"12,085,982",38.60,38.60,37.80,38.10,-,0.3,37.95,2,38.15,3,
3288,點晶,"22,733",75,"477,683",21.40,21.40,20.90,20.90,-,0.5,20.90,5,21.20,1,
3289,宜特,"807,242","1,298","111,816,591",140.50,141.00,135.50,138.00,-,2.5,138.00,56,138.50,1,
3290,東浦,"1,388,086",995,"67,064,736",48.00,49.50,47.20,49.45,+,0.2,49.25,1,49.45,7,
3293,鈊象,"25,878,308","9,813","18,779,520,511",703.00,730.00,701.00,730.00,+,23.0,729.00,312,730.00,76,
3294,英濟,"172,335",307,"5,269,126",31.00,31.20,30.30,30.45,-,0.55,30.40,1,30.50,3,
3297,杭特,"42,263",181,"1,176,241",27.70,28.05,27.65,27.65,+,0.05,27.60,6,27.95,1,
3303,岱稜,"204,509",178,"10,582,315",52.20,52.20,51.60,51.70,-,0.5,51.60,12,51.70,2,
3306,鼎天,"129,078",249,"5,775,893",44.70,45.80,44.15,44.30,-,0.4,44.30,2,44.40,10,
3310,佳穎,"10,045",12,"688,182",68.50,68.60,68.50,68.60,+,0.1,68.40,1,68.60,2,
3313,斐成,"176,868",151,"1,966,497",11.40,11.40,10.90,10.90,-,0.4,10.90,5,11.05,1,
3317,尼克森,"944,289","1,361","60,246,352",66.00,66.00,62.20,63.00,-,3.7,63.00,17,63.20,8,
3322,建舜電,"474,468",283,"5,367,975",10.95,11.95,10.95,11.50,+,0.3,11.45,57,11.50,1,
3323,加百裕,"285,972",316,"8,568,786",30.05,30.75,29.50,29.50,-,0.6,29.50,26,29.65,2,
3324,雙鴻,"9,673,341","28,864","11,754,972,525",1130.00,1250.00,1125.00,1250.00,+,110.0,1250.00,173,0.00,0,
3325,旭品,"114,325",72,"1,296,810",11.25,11.55,11.15,11.55,+,0.3,11.55,1,11.60,5,
3332,幸康,546,6,"33,033",---,---,---, ---,,,60.80,2,61.70,1,
3339,泰谷,"9,229,987","6,108","431,569,198",43.00,47.30,42.90,46.75,+,3.75,46.65,1,46.75,17,
3349,寶德,"55,000",40,"1,254,850",23.00,23.40,22.55,22.95,-,0.0,22.55,1,23.00,8,
3354,律勝,"638,495",614,"15,322,316",24.30,24.90,23.30,23.65,-,1.65,23.65,6,23.80,1,
3357,臺慶科,"1,711,616","3,274","373,656,233",219.50,226.00,211.50,215.50,-,7.5,215.50,7,216.00,13,
3360,尚立,"442,923",254,"6,874,124",15.70,15.80,15.40,15.45,-,0.1,15.40,30,15.45,1,
3362,先進光,"1,875,009","2,205","374,313,466",197.50,204.50,194.50,202.00,+,2.5,201.50,1,202.00,16,
3363,上詮,"6,951,677","10,116","5,028,069,028",683.00,747.00,683.00,747.00,+,46.0,747.00,138,748.00,46,
3372,典範,"332,537",317,"4,963,581",15.20,15.20,14.80,14.95,-,0.4,14.95,2,15.00,6,
3373,熱映,"8,225",20,"135,950",16.55,16.60,16.50,16.50,-,0.15,16.50,1,16.65,3,
3374,精材,"42,286,849","42,020","17,311,098,220",390.50,424.50,388.50,422.50,+,36.5,422.50,102,423.00,301,
3379,彬台,"149,749",129,"4,335,540",29.25,29.70,28.70,28.80,-,0.45,28.80,6,28.95,1,
3388,崇越電,"2,102,181","2,291","193,968,602",95.80,95.80,91.00,91.50,-,4.8,91.50,15,91.60,4,
3390,旭軟,"149,300",118,"3,352,250",22.35,22.70,22.20,22.30,-,0.05,22.30,1,22.40,7,
3402,漢科,"198,038",286,"23,936,794",122.00,122.50,120.00,121.00,-,1.5,121.00,3,121.50,1,
3430,奇鈦科,"174,807",282,"19,764,045",113.50,115.00,112.00,113.00,-,2.0,112.50,3,113.50,7,
3434,哲固,"22,210",47,"660,997",29.80,29.85,29.65,29.85,-,0.0,29.65,1,29.80,1,
3438,類比科,"320,442",443,"20,313,071",60.60,64.80,60.00,64.00,+,2.5,64.00,8,64.30,7,
3441,聯一光,"4,634,492","5,043","621,568,129",127.50,137.50,127.50,136.00,+,6.0,136.00,8,136.50,30,
3444,利機,"193,137",282,"15,989,128",83.00,83.80,81.80,83.60,+,0.6,83.60,3,83.70,1,
3455,由田,"4,217,010","5,051","1,103,813,764",255.00,272.50,245.50,260.50,+,6.5,260.50,6,261.00,3,
3465,進泰電子,"11,072",14,"324,014",29.20,29.50,29.10,29.20,-,0.05,29.20,1,29.30,1,
3466,德晉,"189,423",414,"4,726,135",24.55,25.50,24.50,24.90,+,0.4,24.85,1,24.90,4,
3467,台灣精材,"31,734",52,"1,531,463",47.55,49.35,47.55,49.35,+,1.65,49.35,3,49.40,1,
3479,安勤,"500,379",762,"63,333,926",129.00,129.00,125.50,126.50,-,2.5,126.50,11,127.00,10,
3483,力致,"176,873",305,"13,174,133",74.20,75.70,74.00,74.10,-,0.9,74.00,7,74.10,4,
3484,崧騰,"206,170",264,"10,261,770",50.30,50.30,49.50,49.50,-,0.8,49.50,10,49.55,1,
3485,敘豐,"251,458",668,"54,815,233",227.50,227.50,214.00,217.00,-,17.0,217.00,3,218.50,1,
3489,森寶,"67,755",100,"1,549,610",23.10,23.10,22.70,22.95,-,0.1,22.75,11,22.95,1,
3490,單井,"6,249,588","5,016","294,095,362",48.10,50.20,45.30,45.50,-,4.8,45.50,54,45.55,3,
3491,昇達科,"2,634,712","11,099","3,807,222,530",1555.00,1555.00,1360.00,1380.00,-,130.0,1380.00,2,1385.00,11,
3492,長盛,"54,691",50,"1,055,401",19.60,19.60,19.15,19.20,-,0.5,19.15,6,19.30,4,
3498,陽程,"1,499,542","1,316","302,494,236",191.00,208.00,191.00,208.00,+,18.5,208.00,2317,0.00,0,
3499,環天科,"10,341",30,"128,864",12.50,12.50,12.40,12.50,-,0.05,12.45,1,12.55,4,
3508,位速,"214,714",199,"4,490,713",20.70,21.70,20.10,20.90,+,0.2,20.90,2,21.05,3,
3511,矽瑪,"53,510",69,"1,058,472",20.15,20.15,19.65,19.75,-,0.25,19.75,4,19.90,7,
3512,皇龍,"11,435",18,"222,867",19.45,19.65,19.40,19.55,+,0.05,19.50,1,19.55,2,
3516,亞帝歐,"21,114",28,"544,746",26.30,26.30,25.55,26.15,-,0.1,25.70,1,26.20,2,
3520,華盈,"203,135",105,"3,556,749",17.70,17.70,17.40,17.45,-,0.35,17.45,5,17.50,5,
3521,台鋼建設,"22,065",29,"264,936",12.25,12.25,11.80,12.10,-,0.15,12.00,1,12.10,1,
3522,御嵿,"33,222",32,"387,983",11.85,11.85,11.55,11.75,-,0.1,11.65,3,11.75,2,
3523,迎輝,"12,007",10,"176,057",15.00,15.45,14.30,15.45,+,0.05,14.75,3,15.40,1,
3526,凡甲,"178,211",376,"50,592,243",286.00,288.50,281.50,284.00,-,2.0,283.50,2,285.00,1,
3527,聚積,"107,287",118,"5,447,341",51.10,51.20,50.50,50.70,-,0.7,50.60,13,51.00,1,
3529,力旺,"7,847,065","7,064","18,805,625,490",2500.00,2505.00,2310.00,2400.00,-,140.0,2400.00,100,2415.00,7,
3531,先益,50,1,"1,075",---,---,---, ---,,,21.00,2,21.50,2,
3537,堡達,"349,409",508,"19,403,003",55.90,57.30,54.40,55.10,-,1.1,55.10,4,55.20,2,
3540,曜越,"1,941,807","1,370","48,218,745",23.00,25.50,23.00,25.50,+,2.3,25.50,216,0.00,0,
3541,西柏,"44,388",42,"957,779",21.60,21.80,21.45,21.60,-,0.3,21.55,5,21.75,2,
3546,宇峻,"130,869",185,"9,356,661",71.90,72.20,70.90,71.10,-,0.7,71.10,2,71.50,3,
3548,兆利,"1,065,478","1,452","95,939,939",92.10,92.80,87.50,87.70,-,3.2,87.60,1,87.70,1,
3551,世禾,"285,032",582,"51,064,554",180.50,180.50,177.50,178.50,-,2.0,178.00,5,178.50,10,
3552,同致,"229,727",292,"9,924,842",44.00,44.00,42.95,43.30,-,0.7,43.25,1,43.30,1,
3555,博士旺,"380,353",411,"75,838,398",185.50,202.00,185.00,202.00,+,18.0,202.00,12,0.00,0,
3556,禾瑞亞,"170,761",492,"10,562,201",62.90,62.90,61.40,61.60,-,1.3,61.60,4,62.00,2,
3558,神準,"90,556",216,"11,141,656",124.50,125.00,122.00,122.50,-,3.0,122.00,21,124.50,1,
3564,其陽,"141,545",128,"6,260,163",44.25,45.50,43.70,44.00,-,0.55,44.00,1,44.20,1,
3567,逸昌,"13,028",20,"329,809",25.30,25.40,25.25,25.25,-,0.15,25.30,2,25.35,1,
3570,大塚,"6,496",81,"1,064,351",163.50,164.50,163.00,164.50,-,0.0,164.00,1,164.50,4,
3577,泓格,"668,954",687,"78,254,604",115.00,120.00,113.50,117.00,+,3.0,117.00,17,117.50,2,
3580,友威科,"177,030",235,"14,234,669",82.10,82.20,79.50,80.50,-,1.8,80.50,1,80.60,1,
3581,博磊,"205,438",391,"21,904,331",108.50,109.00,103.50,107.00,-,3.5,107.00,4,107.50,1,
3587,閎康,"296,413","2,238","72,958,164",251.00,251.00,242.00,247.00,-,5.5,246.00,5,247.00,1,
3594,磐儀,"614,432",877,"29,978,473",49.50,49.85,48.25,48.25,-,1.25,48.25,13,48.30,2,
3597,映興,"5,510",7,"144,509",26.00,26.80,26.00,26.40,-,0.0,26.10,4,26.30,1,
3609,三一東林,"383,654",226,"6,857,745",18.50,18.60,17.45,17.55,-,1.25,17.55,3,17.60,2,
3611,鼎翰,"55,529",76,"10,219,685",184.50,185.00,183.00,184.00,-,1.0,183.50,12,185.00,1,
3615,安可,"326,510",482,"12,358,260",37.80,38.60,37.30,37.40,-,0.65,37.40,7,37.50,2,
3623,富晶通,"45,719",55,"1,020,300",22.20,22.65,21.95,22.45,+,0.25,22.35,2,22.45,1,
3624,光頡,"5,249,426","5,915","472,701,282",90.70,94.00,87.30,88.30,-,3.5,88.30,23,88.40,1,
3625,西勝,"332,033",322,"4,379,719",12.05,13.50,12.05,12.85,+,0.55,12.85,8,12.90,2,
3628,盈正,"26,891",49,"1,821,636",68.00,69.20,67.20,67.80,-,0.6,67.80,1,68.10,1,
3629,地心引力,"25,061",25,"495,545",19.65,20.00,19.65,19.90,+,0.25,19.90,1,19.95,1,
3630,新鉅科,"452,459",370,"11,936,501",26.25,26.75,25.95,26.50,+,0.1,26.50,15,26.65,4,
3631,晟楠,"994,913",680,"42,334,955",43.35,44.80,40.65,40.90,-,3.3,40.90,6,40.95,1,
3632,研勤,"2,523",193,"19,196",---,---,---, ---,,,7.52,1,7.97,2,
3646,艾恩特,"19,033",29,"450,862",23.60,23.90,23.55,23.55,+,0.1,23.50,1,23.55,4,
3663,鑫科,"296,232",313,"18,403,684",62.80,63.60,60.90,61.70,-,1.1,61.70,5,61.90,2,
3664,安瑞-KY,"98,677",60,"680,304",6.90,6.90,6.88,6.90,+,0.62,6.90,12,0.00,0,
3666,光耀,"68,201",54,"1,704,813",24.90,25.30,24.70,25.30,+,0.2,25.00,1,25.30,3,
3672,康聯訊,"14,841",15,"190,687",12.90,12.90,12.85,12.90,+,0.45,12.30,1,12.80,3,
3675,德微,"554,211",998,"151,164,122",277.00,279.00,266.50,272.50,-,5.0,272.50,11,273.00,1,
3680,家登,"1,361,464","2,362","678,666,834",500.00,516.00,484.50,493.00,-,7.0,492.50,4,493.00,13,
3684,榮昌,"25,222",33,"1,351,224",52.80,54.00,52.80,54.00,-,0.5,54.00,7,54.30,5,
3685,元創精密,"1,294,663",649,"49,531,410",36.90,39.50,36.55,38.05,+,1.15,38.05,8,38.10,4,
3687,歐買尬,"37,037",59,"2,356,491",63.60,64.40,63.20,63.40,-,0.2,63.40,1,63.80,1,
3689,湧德,"1,622,287","1,597","190,508,531",115.00,119.00,114.50,118.50,+,2.0,118.00,26,118.50,14,
3691,碩禾,"342,219",488,"33,390,566",98.20,98.60,96.80,97.20,-,2.8,97.20,4,97.40,1,
3693,營邦,"1,665,102","3,496","999,125,201",580.00,612.00,578.00,604.00,+,17.0,603.00,17,604.00,7,
3707,漢磊,"2,812,438","2,878","175,624,165",63.10,63.60,61.50,62.50,-,1.3,62.50,21,62.60,26,
3709,鑫聯大投控,"282,865",338,"18,878,024",66.80,67.30,66.40,66.60,-,0.7,66.60,14,66.70,2,
3710,連展投控,"349,608",244,"1,750,351",5.12,5.12,4.96,5.08,-,0.0,5.06,2,5.08,4,
3713,新晶投控,"42,070",26,"600,824",14.20,14.75,14.20,14.75,-,0.0,14.30,1,14.75,17,
4102,永日,"6,798",24,"130,849",19.20,19.45,19.15,19.45,-,0.2,19.20,1,19.25,1,
4105,東洋,"392,382",812,"30,468,432",77.80,78.00,77.50,77.80,-,0.0,77.80,2,77.90,14,
4107,邦特,"27,968",79,"3,173,332",113.50,114.00,113.00,114.00,-,0.0,113.50,2,114.00,21,
4109,加捷生醫,"83,849",70,"941,608",11.25,11.35,11.15,11.20,-,0.05,11.20,1,11.25,11,
4111,濟生,"29,897",178,"858,889",28.75,28.80,28.70,28.80,+,0.05,28.75,1,28.80,2,
4113,聯上,"91,356",44,"1,362,524",14.95,15.05,14.90,15.00,-,0.1,14.95,1,15.00,2,
4114,健喬,"543,392",496,"16,245,779",30.00,30.05,29.80,29.80,-,0.1,29.80,34,29.85,15,
4116,明基醫,"12,127",13,"486,438",40.30,40.30,40.00,40.05,+,0.1,39.95,2,40.10,1,
4120,友華,"9,810",69,"463,317",47.30,47.40,47.10,47.40,+,0.05,46.95,1,47.40,2,
4121,優盛,"13,013",21,"169,768",13.10,13.10,13.00,13.10,-,0.05,13.05,2,13.10,4,
4123,晟德,"1,599,690","1,033","50,223,589",31.80,31.80,31.25,31.25,-,0.45,31.25,105,31.40,2,
4126,太醫,"50,805",47,"3,957,839",77.20,78.20,77.20,77.90,+,0.2,77.70,1,77.80,1,
4127,天良,"487,856",433,"35,946,262",78.80,78.80,71.00,71.30,-,7.5,71.30,1,72.00,1,
4128,中天,"820,237",492,"12,380,207",15.15,15.30,15.00,15.05,-,0.25,15.05,18,15.10,55,
4129,聯合,"257,676",251,"21,115,943",82.30,82.80,81.50,81.70,-,0.7,81.70,18,81.80,1,
4131,浩泰,"19,171",22,"580,604",30.95,30.95,29.20,30.60,-,0.35,29.10,1,30.75,1,
4138,曜亞,"35,999",79,"1,891,250",52.60,52.90,52.10,52.30,-,0.5,52.20,2,52.50,1,
4139,馬光-KY,"76,626",59,"3,135,985",40.00,41.90,40.00,41.90,+,1.9,41.90,1,42.00,3,
4147,中裕,"1,001,978",817,"63,099,959",63.80,64.50,62.30,62.40,-,1.7,62.40,13,62.60,2,
4153,鈺緯,"22,008",19,"717,060",32.65,33.15,32.45,32.45,-,0.8,32.20,2,32.60,1,
4154,樂威科-KY,0,0,0,---,---,---, ---,,,11.90,1,12.65,1,
4157,太景*-KY,"459,895",275,"4,133,873",8.99,9.08,8.91,8.98,-,0.01,8.98,3,8.99,54,
4160,訊聯基因,"17,304",57,"683,726",39.50,39.95,39.35,39.65,-,0.1,39.40,1,39.80,1,
4161,聿新科,"2,068",3,"47,357",22.90,22.90,22.90,22.90,-,0.0,22.85,1,22.90,1,
4162,智擎,"203,597",255,"12,057,299",60.00,60.10,58.80,59.00,-,1.0,58.90,2,59.00,5,
4163,鐿鈦,"25,752",122,"3,570,356",137.00,141.00,137.00,140.00,+,1.0,139.00,1,140.00,1,
4166,友霖,"133,194",96,"3,309,100",24.80,25.20,24.60,24.75,+,0.05,24.65,6,24.75,9,
4167,松瑞藥,"1,029,224","1,025","20,373,075",20.10,20.10,19.60,19.75,-,0.25,19.70,19,19.75,15,
4168,醣聯,"35,848",47,"802,746",22.40,22.55,22.25,22.55,-,0.05,22.55,1,22.60,9,
4171,瑞基,"28,576",40,"488,086",17.05,17.15,17.00,17.15,-,0.0,17.10,1,17.20,1,
4173,久裕,"61,029",112,"1,054,244",17.40,17.40,17.20,17.30,-,0.1,17.30,1,17.35,1,
4174,浩鼎,"457,891",677,"11,758,440",26.05,26.05,25.35,25.40,-,0.75,25.40,7,25.45,2,
4175,杏一,"7,962",34,"406,815",51.50,51.50,50.70,51.10,-,0.5,51.50,1,51.80,1,
4183,福永生技,51,1,716,---,---,---, ---,,,13.45,1,14.30,1,
4188,安克,"669,814",468,"9,810,381",14.60,15.20,14.55,14.85,-,1.3,14.75,1,14.85,7,
4192,杏國,"3,912",11,"74,356",19.05,19.05,19.05,19.05,-,0.0,19.00,1,19.40,1,
4198,欣大健康,"9,135",19,"393,845",42.00,44.00,42.00,44.00,-,0.0,42.00,1,43.50,2,
4205,中華食,"16,497",67,"1,150,508",69.40,70.00,69.30,69.70,+,0.4,69.60,1,69.70,1,
4207,環泰,"43,200",49,"892,213",20.30,20.80,20.30,20.80,+,0.25,20.60,3,20.80,11,
4303,信立,"1,555,998","1,396","58,898,567",38.50,38.50,37.20,38.15,-,0.85,38.15,4,38.20,3,
4304,勝昱,"98,059",51,"2,510,555",22.55,26.00,22.55,25.30,+,0.7,25.25,1,25.30,3,
4305,世坤,"1,015",3,"44,612",43.95,43.95,43.95,43.95,+,0.8,43.55,1,43.75,1,
4401,東隆興,"32,114",39,"445,639",13.75,13.95,13.75,13.95,+,0.05,13.90,1,13.95,1,
4402,郡都開發,"2,051",17,"30,406",14.70,14.95,14.70,14.95,+,0.45,14.95,1,15.00,4,
4406,新昕纖,"18,000",8,"181,150",10.05,10.10,10.05,10.10,+,0.05,10.05,3,10.10,1,
4413,飛寶企業,"44,359",44,"886,187",20.00,20.60,19.80,19.90,+,0.1,19.90,2,20.00,4,
4416,三圓,"2,418,299","1,107","30,825,543",12.65,13.20,12.65,12.70,-,1.35,12.70,58,12.75,3,
4417,金洲,"36,109",44,"1,692,452",46.90,46.90,46.85,46.90,+,0.05,46.90,1,46.95,5,
4419,皇家美食,"41,501",44,"1,904,476",46.10,46.10,45.65,45.70,-,0.4,45.70,1,45.75,1,
4420,光明,"9,968",31,"365,947",36.70,36.90,36.60,36.90,+,0.1,36.75,1,36.90,2,
4430,耀億,"1,902",31,"33,924",17.85,17.85,17.85,17.85,-,0.1,17.65,2,17.75,1,
4432,銘旺實,"11,000",7,"172,800",15.75,15.75,15.65,15.75,+,0.05,15.70,3,15.75,1,
4433,興采,"35,542",110,"665,220",18.70,19.00,18.60,18.95,-,0.05,18.85,1,18.95,2,
4442,竣邦-KY,"23,449",38,"1,196,813",51.40,51.40,50.70,50.70,-,0.7,50.70,2,51.10,10,
4502,健信,"19,056",19,"297,426",15.60,15.70,15.50,15.70,+,0.05,15.65,3,15.70,5,
4503,金雨,"182,334",144,"4,547,027",25.30,25.30,24.60,24.90,-,0.55,24.90,1,24.95,2,
4506,崇友,"23,293",69,"2,837,803",121.50,122.50,121.00,121.50,-,0.0,121.50,1,122.50,6,
4510,高鋒,"1,081,629",960,"48,895,905",45.20,46.35,44.55,44.75,-,1.0,44.70,14,44.75,1,
4513,福裕,"248,634",181,"4,020,325",16.40,16.45,16.10,16.15,-,0.25,16.10,30,16.15,3,
4523,永彰,"53,278",49,"1,267,677",23.90,23.90,23.40,23.80,-,0.25,23.75,1,23.80,2,
4527,方土霖,"7,300",29,"299,867",41.00,41.55,41.00,41.55,+,0.55,40.95,7,41.55,1,
4528,江興鍛,"9,462",39,"143,290",15.05,15.30,15.05,15.05,+,0.05,15.05,2,15.10,1,
4529,淳紳,"200,506",85,"802,115",4.05,4.05,3.77,3.83,+,0.06,3.83,68,3.90,3,
4530,天意能創,"1,002",3,"29,060",29.00,29.00,29.00,29.00,-,0.9,28.15,1,29.00,1,
4533,協易機,"429,479",332,"11,222,099",26.55,26.55,25.85,26.30,-,0.2,26.25,1,26.30,3,
4534,慶騰,"482,632",473,"14,221,762",30.35,30.35,29.10,29.50,-,0.9,29.40,5,29.55,1,
4535,至興,"18,000",8,"500,850",28.20,28.20,27.70,27.95,-,0.85,28.00,2,28.35,1,
4538,大詠城,"10,000",9,"176,350",17.30,17.85,17.30,17.75,-,0.0,17.60,2,17.80,1,
4541,晟田,"1,967,943","1,643","131,404,267",65.50,68.40,64.50,66.60,+,1.1,66.50,14,66.70,18,
4542,科嶠,"1,703,067","2,659","503,392,544",280.50,308.00,280.00,293.00,+,7.0,293.00,9,294.50,5,
4543,萬在,"71,157",57,"2,128,823",30.05,30.30,29.75,30.00,-,0.05,30.00,2,30.25,1,
4549,桓達,"107,724",96,"11,103,004",103.00,104.50,102.00,103.00,-,0.0,103.00,1,103.50,4,
4550,長佳,"19,672",26,"472,397",24.05,24.05,23.95,24.00,-,0.05,24.00,8,24.15,1,
4554,橙的,"43,038",26,"1,275,024",30.00,30.00,29.35,29.85,+,0.05,29.85,1,29.95,2,
4556,旭然,"187,789",265,"13,079,279",72.80,72.80,68.50,69.80,-,0.8,69.80,3,70.40,14,
4558,寶緯,"135,330",107,"2,410,590",18.55,19.05,17.05,17.40,-,1.25,17.40,2,17.50,2,
4561,健椿,"139,982",171,"6,111,405",44.20,44.20,43.45,43.50,-,0.7,43.45,5,43.65,2,
4563,百德,"41,158",160,"1,662,516",40.70,40.70,39.90,40.70,-,0.0,40.25,1,40.75,1,
4568,科際精密,0,0,0,---,---,---, ---,,,39.50,2,40.10,3,
4577,達航科技,"3,066,284","2,448","272,463,264",91.50,93.20,81.30,86.00,-,2.2,85.70,7,86.10,1,
4580,捷流閥業,"66,843",69,"5,270,412",78.40,79.20,78.40,79.10,+,0.7,78.90,2,79.10,4,
4584,君帆,25,1,975,---,---,---, ---,,,38.80,1,39.45,1,
4609,唐鋒,"6,020",7,"26,985",4.50,4.50,4.45,4.45,-,0.14,4.30,2,4.44,3,
4702,中美實,"32,900",33,"315,664",9.66,9.66,9.55,9.64,+,0.02,9.57,1,9.65,12,
4706,大恭,"22,389",21,"718,281",32.05,32.50,31.70,32.10,-,0.9,31.75,1,33.50,3,
4707,磐亞,"3,627,495","2,576","122,645,621",32.80,34.85,32.25,33.40,+,0.85,33.40,38,33.55,1,
4711,永純,"29,603",56,"499,930",16.60,16.95,16.60,16.90,-,0.0,16.80,1,16.90,3,
4714,永捷,"1,366,542",805,"15,237,279",11.25,11.45,11.00,11.15,-,0.25,11.10,12,11.15,48,
4716,大立,"8,320,131","3,886","161,164,913",19.05,20.45,19.00,19.30,+,0.15,19.30,60,19.35,20,
4721,美琪瑪,"274,155",388,"20,441,699",74.80,75.40,73.80,74.40,-,0.4,74.20,8,74.50,2,
4726,永昕,"80,577",59,"1,937,209",24.20,24.20,23.95,24.05,-,0.15,24.05,1,24.25,1,
4728,雙美,"3,315",17,"1,325,251",399.00,402.00,399.00,402.00,+,2.0,391.50,1,400.00,1,
4729,熒茂,"73,099",58,"1,372,789",18.60,18.90,18.60,18.85,+,0.15,18.80,1,18.85,1,
4735,豪展,"122,329",164,"4,684,390",38.85,38.85,37.50,38.00,,,37.90,16,38.00,1,
4741,泓瀚,"118,761",198,"5,132,833",42.40,44.00,42.30,43.15,+,0.75,43.10,5,43.20,1,
4743,合一,"1,249,053","1,238","57,978,505",47.00,47.10,46.05,46.50,-,0.45,46.30,10,46.50,17,
4744,皇將,"32,209",67,"875,601",27.80,27.80,27.05,27.05,-,0.45,27.00,14,27.40,2,
4745,合富-KY,"7,274",11,"86,557",11.90,11.90,11.90,11.90,-,0.0,11.85,1,11.90,10,
4747,強生*,"137,909",141,"3,878,271",29.10,29.15,27.30,27.35,-,0.9,27.35,5,27.55,1,
4749,新應材,"831,878","3,574","639,525,848",793.00,793.00,755.00,769.00,-,21.0,769.00,1,772.00,6,
4754,國碳科,"65,524",78,"2,527,340",38.80,38.80,38.55,38.55,-,0.2,38.50,5,38.55,8,
4760,勤凱,"413,296",631,"105,829,227",262.00,265.00,248.00,261.00,-,1.0,261.00,1,262.00,4,
4767,誠泰科技,"18,357",38,"538,290",30.30,30.30,29.00,29.25,-,0.5,28.90,1,29.30,1,
4768,晶呈科技,"188,059",428,"58,416,155",313.50,315.50,308.00,310.50,-,2.5,309.50,1,310.50,1,
4772,台特化,"662,022","1,306","171,070,531",265.00,265.00,255.00,258.00,-,7.0,257.50,5,258.00,3,
4806,桂田文創,"1,252",156,"11,306",9.17,9.17,9.17,9.17,-,0.01,8.71,3,9.17,23,
4903,聯光通,"410,527",450,"14,968,361",36.75,36.90,36.00,36.40,-,0.35,36.35,7,36.40,1,
4905,台聯電,"67,539",81,"6,085,962",89.70,91.50,88.00,90.30,,,89.90,1,90.30,2,
4907,富宇,"80,809",55,"3,789,344",46.75,47.25,46.40,47.20,-,0.05,46.90,2,47.40,1,
4908,前鼎,"9,149,573","9,107","1,843,903,070",187.50,209.00,187.50,209.00,+,19.0,209.00,364,0.00,0,
4909,新復興,"711,207",697,"27,920,397",40.35,40.65,38.50,38.60,-,1.75,38.60,4,38.85,1,
4911,德英,"17,194",21,"499,028",28.95,29.15,28.95,29.00,+,0.05,29.10,1,29.20,4,
4923,力士,"254,390",348,"14,035,948",56.00,56.80,54.20,55.30,-,1.1,55.30,1,55.80,2,
4924,欣厚-KY,"10,052",10,"100,262",10.00,10.00,9.95,10.00,-,0.25,9.96,6,10.10,1,
4931,新盛力,"12,667,003","16,994","3,438,092,641",268.00,288.00,256.00,259.00,-,13.5,259.00,6,259.50,25,
4933,友輝,"66,241",65,"3,624,153",54.30,55.70,54.20,55.00,-,0.1,54.90,1,55.20,1,
4939,亞電,"30,835,340","27,124","2,778,041,024",89.00,93.20,87.50,89.20,-,3.6,89.20,8,89.30,21,
4946,辣椒,"8,554",26,"795,693",93.80,93.80,92.80,92.90,-,1.0,91.40,1,94.50,2,
4950,金耘國際,"6,092",10,"97,664",16.50,16.50,15.70,16.00,-,0.0,16.00,6,16.45,1,
4951,精拓科,"376,557",326,"30,008,337",79.10,81.20,78.20,78.40,-,0.7,78.30,3,78.40,1,
4953,緯致,"138,361",181,"17,035,962",123.00,124.00,122.50,122.50,-,2.0,122.50,23,123.00,2,
4966,譜瑞-KY,"528,935","1,614","304,666,324",576.00,582.00,570.00,578.00,-,6.0,578.00,1,579.00,48,
4971,IET-KY,"858,475","2,328","502,533,332",555.00,600.00,555.00,600.00,+,32.0,600.00,4,601.00,2,
4972,湯石照明,"20,250",35,"337,546",16.85,16.85,16.50,16.80,+,0.05,16.55,13,16.80,5,
4973,廣穎,"876,685",923,"135,230,905",152.00,157.00,151.00,154.00,+,1.0,154.00,9,155.00,14,
4974,亞泰,"45,552",74,"3,116,442",68.60,69.00,68.00,69.00,+,0.4,68.40,2,69.00,2,
4979,華星光,"2,120,541","4,495","1,268,576,826",606.00,613.00,589.00,609.00,-,1.0,606.00,2,609.00,2,
4991,環宇-KY,"6,144,023","9,516","3,218,737,019",515.00,543.00,505.00,539.00,+,19.0,538.00,12,539.00,5,
4995,晶達,"5,035",7,"251,042",50.00,50.00,49.50,50.00,-,0.5,49.65,2,50.40,2,
5009,榮剛,"1,771,408",806,"58,690,732",33.30,33.60,32.90,33.15,-,0.15,33.10,27,33.15,21,
5011,久陽,"431,786",298,"7,859,192",18.65,18.65,18.00,18.00,-,0.65,18.00,56,18.10,3,
5013,強新,"20,115",19,"593,259",29.40,29.80,28.90,29.55,,,28.00,10,29.55,1,
5014,建錩,"187,998",64,"1,899,320",10.15,10.15,10.10,10.15,+,0.05,10.10,28,10.15,43,
5015,華祺,"13,194",20,"292,087",22.10,22.20,21.95,22.15,+,0.05,21.95,2,22.15,3,
5016,松和,"17,121",12,"423,136",24.75,24.75,24.65,24.70,-,0.1,24.65,3,24.80,1,
5201,凱衛,"18,007",17,"470,083",26.05,26.40,26.00,26.40,+,0.25,26.25,1,26.40,2,
5202,力新,"93,310",61,"1,114,258",11.80,12.25,11.80,11.95,+,0.05,11.90,30,12.00,6,
5205,中茂,195,2,"3,965",---,---,---, ---,,,18.60,1,20.40,2,
5206,坤悅,"420,268",350,"9,784,231",23.60,23.65,23.00,23.20,-,0.5,23.20,5,23.30,4,
5209,新鼎,"41,714",62,"6,507,473",156.50,157.00,155.00,157.00,+,0.5,156.50,1,157.50,2,
5210,寶碩,"60,210",82,"1,741,818",29.05,29.40,28.75,28.80,-,0.6,28.80,10,28.85,1,
5211,蒙恬,"6,443",47,"123,087",19.05,19.10,19.00,19.10,-,0.15,19.10,1,19.20,1,
5212,凌網,"2,008",5,"94,075",47.00,47.00,46.70,46.70,-,0.3,46.40,1,47.00,4,
5213,亞昕,"140,116",194,"2,956,583",21.30,21.30,21.00,21.10,-,0.2,21.05,1,21.10,6,
5220,萬達光電,"21,005",9,"408,347",19.90,20.00,19.30,19.90,-,0.15,19.75,1,19.85,3,
5223,安力-KY,"3,000",3,"69,650",23.35,23.35,23.00,23.30,-,0.0,22.85,10,23.35,3,
5227,立凱-KY,"167,464",210,"5,091,835",30.70,30.75,30.20,30.35,-,0.35,30.35,2,30.60,1,
5228,鈺鎧,"313,347",265,"13,054,574",42.30,43.95,40.60,41.05,-,1.95,41.00,3,41.15,3,
5230,雷笛克光學,"65,104",50,"1,150,403",17.75,17.90,17.50,17.90,+,0.15,17.70,1,17.90,2,
5245,智晶,"15,000",12,"344,150",22.90,23.10,22.90,23.10,-,0.15,23.00,1,23.10,12,
5251,天鉞電,"48,072",100,"1,252,888",25.95,26.35,25.55,26.00,+,0.05,26.00,2,26.25,3,
5263,智崴,"404,497","1,526","40,414,739",99.50,101.50,98.60,99.40,-,0.1,99.10,2,99.40,1,
5272,笙科,"45,553",54,"786,968",17.15,17.60,17.00,17.35,+,0.1,17.30,1,17.35,1,
5274,信驊,"383,392","4,865","6,006,472,465",15630.00,16140.00,15010.00,16065.00,+,435.0,16065.00,1,16070.00,1,
5276,達輝-KY,0,0,0,---,---,---, ---,,,18.20,2,18.65,1,
5278,尚凡*,"56,783",62,"1,382,454",24.40,24.65,24.10,24.40,-,0.0,24.35,1,24.45,17,
5287,數字,"81,473",350,"11,089,568",136.50,136.50,135.50,136.00,-,0.5,136.00,16,136.50,4,
5289,宜鼎,"1,645,638","7,718","2,388,289,010",1460.00,1480.00,1430.00,1450.00,-,20.0,1445.00,32,1450.00,2,
5291,邑昇,"2,651,867","2,274","184,831,283",67.70,71.80,66.50,69.50,+,1.0,69.40,5,69.50,1,
5299,杰力,"235,588",280,"22,963,881",98.00,98.30,96.90,97.10,-,2.2,97.10,2,97.70,7,
5301,寶得利,"13,200",10,"75,996",5.79,5.95,5.67,5.67,-,0.17,5.43,2,5.70,2,
5302,太欣,"294,030",146,"3,032,560",10.70,10.70,10.20,10.25,-,0.25,10.25,27,10.40,1,
5309,系統電,"873,375","1,019","47,001,757",53.90,54.40,53.10,53.90,-,0.3,53.90,13,54.10,3,
5310,天剛,8,3,194,---,---,---, ---,,,24.05,3,24.60,1,
5312,寶島科,"18,776",109,"1,727,382",92.00,92.10,91.80,92.10,-,0.1,92.10,1,92.40,1,
5314,世紀*,"12,104,399","5,934","396,455,973",30.80,36.00,30.80,36.00,+,1.8,36.00,1205,36.05,1,
5315,光聯,"115,588",117,"2,216,597",19.20,19.45,19.10,19.10,-,0.15,19.10,23,19.25,2,
5321,美而快,"1,964,860","2,762","167,010,383",83.40,88.10,78.00,86.70,+,1.7,86.60,2,87.00,1,
5324,士開,"272,001",53,"3,326,462",12.25,12.30,12.10,12.30,-,0.0,12.20,12,12.30,13,
5328,華容,"5,358,226","5,241","336,477,788",62.50,64.50,61.40,62.10,-,0.9,62.10,33,62.20,4,
5340,建榮,"5,921,274","6,175","504,141,997",84.00,87.80,83.00,83.10,-,1.7,83.10,62,83.20,9,
5344,立衛,"10,438",15,"142,656",13.60,13.75,13.60,13.60,+,0.05,13.60,2,13.70,1,
5345,馥鴻,"9,127",9,"204,731",22.40,22.45,22.40,22.40,+,0.1,22.00,1,22.40,1,
5347,世界,"13,462,616","9,687","2,019,901,906",150.50,151.50,148.00,151.50,-,1.5,151.00,125,151.50,136,
5348,正能量智能,"4,038",7,"66,569",16.20,16.80,16.20,16.70,+,0.45,15.65,1,16.70,3,
5351,鈺創,"12,461,222","9,485","1,465,274,354",114.00,119.50,113.50,118.00,+,2.0,118.00,47,118.50,168,
5353,台林,"18,700",66,"523,756",28.40,28.40,27.90,28.00,-,0.05,28.00,1,28.05,3,
5355,佳總,"175,015",58,"996,388",5.89,5.97,5.55,5.84,-,0.15,5.68,3,5.84,6,
5356,協益,"34,491",70,"900,058",26.05,26.25,25.90,26.25,+,0.25,26.15,1,26.25,1,
5364,力麗店,"150,101",43,"1,265,777",8.43,8.56,8.40,8.46,-,0.05,8.46,1,8.47,5,
5381,光譜,"692,341",569,"18,407,138",26.75,27.30,26.20,26.60,-,0.35,26.55,1,26.60,6,
5386,青雲,"3,872,702","10,234","1,060,230,197",260.00,282.50,260.00,280.00,+,21.5,280.00,5,280.50,13,
5392,能率,"2,433,047","3,020","112,680,749",47.15,47.65,45.65,45.80,,,45.80,27,45.90,22,
5398,慕康生醫,"43,559",51,"624,933",14.40,14.55,14.35,14.35,-,0.3,14.35,1,14.45,1,
5403,中菲,"63,633",58,"5,909,791",93.10,93.10,92.20,93.10,+,0.2,93.00,23,93.10,1,
5410,國眾,"178,041",170,"6,394,771",36.15,36.30,35.70,35.85,-,0.4,35.80,1,35.85,1,
5425,台半,"10,199,305","9,091","964,567,224",94.90,96.30,93.20,94.80,-,1.5,94.80,55,94.90,35,
5426,振發,"3,366,541","2,346","102,383,641",28.35,31.45,27.60,30.60,+,2.0,30.60,4,30.65,4,
5432,新門,"288,111",384,"44,842,782",154.00,157.50,153.00,157.00,+,4.5,156.50,1,157.00,1,
5438,東友,"76,071",35,"1,292,707",16.70,17.15,16.70,16.90,+,0.1,16.85,2,17.00,1,
5439,高技,"7,360,015","10,103","1,987,026,321",265.00,279.50,262.00,267.50,+,3.0,267.50,24,268.00,12,
5443,均豪,"3,727,093","4,260","418,291,359",112.00,115.50,108.00,113.00,+,1.0,113.00,39,113.50,38,
5450,南良,"62,252",39,"916,001",14.70,14.90,14.65,14.65,-,0.15,14.60,3,14.75,3,
5452,佶優,"312,369",326,"8,754,590",27.90,28.25,27.75,28.05,-,0.05,28.00,8,28.05,1,
5455,昇益,"5,128",10,"153,992",29.85,30.40,29.85,30.40,+,0.7,29.90,2,30.20,1,
5457,宣德,"257,661",164,"7,188,233",27.90,28.35,27.75,28.00,+,0.05,27.95,2,28.00,5,
5460,同協,"166,519",45,"2,662,032",16.00,16.10,15.80,15.85,-,0.35,15.85,1,15.90,1,
5464,霖宏,"239,207",148,"16,971,283",72.90,72.90,70.00,70.80,-,2.3,70.60,2,70.80,1,
5465,富驊,"29,012",24,"700,642",24.10,24.35,24.05,24.35,+,0.25,24.20,1,24.25,1,
5468,凱鈺,"295,295",209,"7,183,389",25.00,25.00,24.00,24.50,-,0.85,24.45,3,24.50,4,
5474,聰泰,"77,201",135,"11,777,735",155.00,155.00,150.50,150.50,-,3.0,150.50,6,152.00,1,
5475,德宏,"9,244,452","16,073","1,922,068,009",197.00,215.00,196.50,204.50,+,3.5,204.00,62,204.50,12,
5478,智冠,"60,059",120,"5,917,482",99.30,99.30,98.30,98.30,-,0.0,98.30,8,98.90,2,
5481,新華,"161,842",132,"3,327,790",20.65,20.85,20.50,20.80,-,0.0,20.80,1,20.85,1,
5483,中美晶,"15,764,516","17,183","2,784,081,971",181.00,181.00,173.00,178.00,-,5.5,177.50,41,178.00,122,
5487,通泰,"72,340",71,"2,086,851",28.85,29.35,28.50,28.75,+,0.1,28.70,1,28.75,2,
5488,松普,"453,093",255,"5,384,698",12.05,12.05,11.60,11.85,-,0.25,11.85,13,11.90,1,
5489,彩富,"35,005",29,"1,441,320",41.15,41.65,41.00,41.15,-,0.15,41.30,1,41.50,1,
5490,同亨,"578,324",496,"16,066,195",28.00,28.15,27.60,27.60,-,0.55,27.60,37,27.70,3,
5493,三聯,"381,800",412,"33,568,362",89.10,89.50,85.80,86.30,-,2.2,86.30,5,87.00,1,
5498,凱崴,"7,787,128","6,494","450,893,069",56.40,61.30,55.50,56.20,-,1.9,56.20,8,56.30,75,
5508,永信建,"157,648",160,"8,358,404",53.00,53.40,52.70,52.90,-,0.0,52.80,3,52.90,3,
5511,德昌,"124,518",301,"8,858,397",71.50,71.50,70.90,70.90,-,0.3,70.80,3,71.00,1,
5512,力麒,"482,637",184,"3,726,854",7.74,7.76,7.71,7.73,-,0.01,7.73,3,7.74,1,
5514,三豐,"281,024",35,"4,134,549",14.55,15.00,14.40,14.75,+,0.15,14.45,1,14.80,2,
5516,雙喜,"20,853",18,"247,551",11.90,12.00,11.65,12.00,+,0.15,11.90,3,12.00,3,
5520,力泰,"23,028",7,"1,915,629",83.20,83.20,83.10,83.10,-,0.1,82.60,3,83.70,2,
5523,豐謙,"4,142",3,"125,660",30.35,30.35,30.35,30.35,-,0.0,30.00,1,30.35,49,
5529,鉅陞,"97,471",118,"2,154,766",22.45,22.45,21.90,22.25,-,0.25,22.15,3,22.30,2,
5530,龍巖,"290,169",477,"14,659,045",51.30,51.50,50.20,50.50,-,0.7,50.40,2,50.60,1,
5536,聖暉*,"798,166","2,204","693,713,709",880.00,898.00,850.00,864.00,-,7.0,863.00,8,865.00,3,
5543,桓鼎-KY,"43,890",41,"1,282,835",29.90,30.00,28.00,30.00,+,0.1,29.80,5,30.00,1,
5547,久舜,"37,000",24,"729,900",19.85,19.85,19.65,19.65,-,0.2,19.65,3,19.80,1,
5548,安倉,"9,143",12,"188,973",20.60,20.75,20.60,20.60,-,0.05,20.60,1,20.70,1,
5601,台聯櫃,0,0,0,---,---,---, ---,,,30.50,5,30.55,1,
5603,陸海,"81,454",112,"1,152,428",14.20,14.30,14.05,14.10,-,0.15,14.05,22,14.10,116,
5604,中連,"32,092",22,"990,641",30.75,30.95,30.75,30.85,+,0.1,30.85,2,30.90,1,
5609,中菲行,"78,844",138,"6,157,688",77.90,78.50,77.60,78.00,+,0.1,78.00,2,78.10,1,
5701,劍湖山,"180,191",86,"747,055",4.25,4.39,4.01,4.39,+,0.09,4.18,3,4.30,10,
5703,亞都,"4,033",5,"56,238",14.30,14.30,13.75,13.75,-,0.4,13.60,2,14.70,2,
5704,老爺知,"55,527",79,"1,295,314",23.55,23.55,23.00,23.45,-,0.3,23.45,1,23.50,1,
5864,致和證,"2,708,396","2,890","95,385,608",35.60,35.85,34.80,35.75,-,0.2,35.75,4,35.80,23,
5878,台名,"4,170",7,"160,398",38.50,38.50,38.45,38.45,-,0.05,38.40,2,38.50,6,
5902,德記,107,4,"3,705",---,---,---, ---,,,34.55,1,34.75,1,
5903,全家,"12,411",192,"2,296,539",184.00,185.00,184.00,185.00,-,1.0,184.00,9,185.50,5,
5904,寶雅*,"5,519,130","4,611","411,361,677",74.20,75.00,73.70,75.00,+,0.8,74.90,12,75.00,112,
5905,南仁湖,"348,944",181,"2,708,487",7.79,7.86,7.72,7.80,+,0.01,7.80,7,7.82,1,
6015,宏遠證,"1,610,148",629,"25,781,056",16.15,16.20,15.80,16.20,-,0.2,16.15,12,16.20,64,
6016,康和證,"3,745,887","2,501","78,153,906",20.90,21.25,20.55,21.20,-,0.15,21.20,38,21.25,64,
6020,大展證,"10,185",14,"211,656",20.85,20.85,20.70,20.70,-,0.15,20.60,2,20.75,1,
6021,美好證,"163,079",265,"6,298,026",39.00,39.00,38.45,38.65,-,1.1,38.60,11,38.75,5,
6023,元大期,"1,260,445",983,"108,157,578",82.20,87.10,82.00,87.10,+,5.1,86.80,6,87.10,43,
6026,福邦證,"839,762",326,"12,551,811",15.05,15.05,14.85,15.00,-,0.1,15.00,49,15.05,99,
6028,公勝保經,"2,220",7,"211,644",95.20,95.50,95.20,95.50,+,0.4,95.10,1,95.80,1,
6101,寬魚國際,"104,027",84,"3,957,135",37.60,38.40,37.50,38.40,+,0.5,38.25,1,38.40,19,
6103,合邦,"90,783",105,"4,064,848",47.00,47.00,43.15,44.50,-,2.5,44.50,6,47.15,1,
6104,創惟,"644,018",885,"63,047,125",99.30,99.40,97.00,97.20,-,2.1,97.20,10,97.30,1,
6109,亞元,"62,620",45,"682,638",11.00,11.00,10.85,10.90,-,0.0,10.90,3,10.95,8,
6111,光聚晶電,"329,399",357,"12,366,975",36.75,38.40,36.65,38.00,+,0.95,38.00,2,38.05,1,
6113,亞矽,"82,927",96,"1,895,212",23.00,23.00,22.75,22.80,-,0.25,22.75,2,22.80,1,
6114,久威,"8,060",9,"204,173",25.40,25.40,24.95,25.40,-,0.0,25.05,2,25.25,1,
6118,建達,"35,733",51,"545,638",15.30,15.45,15.20,15.30,+,0.1,15.25,1,15.30,4,
6121,新普,"401,000",636,"162,094,980",404.50,408.00,401.50,404.00,-,1.5,404.00,4,404.50,6,
6122,擎邦,"110,112",201,"5,298,340",48.50,48.50,47.80,48.00,-,0.65,48.00,1,48.15,5,
6123,上奇,"10,984",42,"477,954",43.30,43.60,43.30,43.50,-,0.0,43.45,4,43.50,1,
6124,業強,"24,737",41,"661,688",26.70,27.10,26.50,26.90,-,0.25,26.85,1,27.00,1,
6125,廣運,"923,378",896,"46,881,451",52.20,52.20,50.20,50.50,-,0.5,50.50,21,50.60,14,
6126,信音,"234,785",254,"7,010,688",30.00,30.10,29.70,29.95,+,0.1,29.95,2,30.00,1,
6127,九豪,"3,019,703","2,679","149,116,981",50.90,52.00,47.85,48.40,-,2.4,48.35,8,48.40,1,
6129,普誠,"758,034",691,"9,987,763",13.25,13.35,13.05,13.10,-,0.35,13.10,11,13.15,3,
6130,上亞科技,"79,110",59,"2,115,950",26.95,27.35,26.55,26.80,+,0.1,26.80,2,27.05,2,
6134,萬旭,"238,833",260,"6,897,669",28.90,29.45,28.45,28.65,-,0.2,28.65,10,28.75,2,
6138,茂達,"627,531","2,419","181,280,275",291.50,294.00,283.50,292.00,-,5.0,291.50,3,292.00,8,
6140,訊達,"39,648",52,"675,344",17.10,17.20,16.95,17.00,-,0.1,17.00,1,17.05,3,
6143,振曜,"204,888",367,"18,192,158",89.30,89.30,88.50,88.60,-,0.7,88.60,5,88.70,3,
6144,得利影,"17,004",18,"228,055",13.10,13.55,13.10,13.55,+,0.45,13.10,2,13.50,1,
6146,耕興,"143,101",248,"27,491,826",192.00,193.00,191.00,192.50,-,0.0,192.00,3,192.50,12,
6147,頎邦,"21,206,491","19,106","3,702,672,258",176.00,177.50,171.50,175.50,-,7.0,175.50,6,176.00,80,
6148,驊宏資,"41,006",40,"1,148,786",27.75,28.30,27.75,28.00,-,0.3,27.90,5,28.30,9,
6150,撼訊,"86,045",147,"5,237,862",60.90,61.30,60.50,60.50,-,0.6,60.50,1,61.00,1,
6151,晉倫,"95,266",87,"3,419,186",36.00,36.30,35.70,35.70,-,0.6,35.70,2,36.00,5,
6154,順發,"8,981",21,"126,297",14.10,14.10,14.00,14.05,-,0.0,14.05,1,14.10,1,
6156,松上,"523,348",471,"11,080,012",21.35,21.50,20.95,21.30,+,0.05,21.25,4,21.30,15,
6158,禾昌,"38,063",31,"629,181",16.50,16.60,16.50,16.60,+,0.1,16.50,8,16.60,12,
6160,欣技,"36,811",53,"551,398",14.90,15.10,14.90,15.00,-,0.0,14.95,5,15.05,1,
6161,捷波,"78,726",99,"3,910,187",50.60,50.60,49.30,49.55,-,0.75,49.50,2,49.80,1,
6163,華電網,"420,637",573,"17,750,174",42.25,42.75,41.90,42.00,-,1.3,42.00,27,42.10,2,
6167,久正,"539,845",457,"5,655,874",10.60,10.65,10.40,10.50,-,0.3,10.50,4,10.55,2,
6169,昱泉,"10,508",20,"131,268",12.40,12.65,12.40,12.40,-,0.25,12.40,1,12.65,9,
6170,統振,"83,258",111,"4,022,510",48.65,48.65,48.00,48.15,-,0.55,48.10,12,48.15,1,
6171,大城地產,"55,085",44,"1,454,749",26.80,26.80,26.30,26.45,+,0.05,26.40,5,26.50,1,
6173,信昌電,"28,631,748","29,063","7,059,935,401",242.50,259.50,235.50,246.00,+,7.0,246.00,11,246.50,23,
6174,安碁,"419,021",440,"19,038,477",45.15,45.95,44.85,45.25,-,0.3,45.10,3,45.25,2,
6175,立敦,"1,071,140","1,490","79,476,430",75.20,77.20,72.40,73.50,-,3.3,73.50,1,73.60,3,
6179,亞通,"11,108,137","6,401","344,404,395",30.40,32.95,29.65,30.50,+,0.1,30.50,8,30.55,91,
6180,橘子,"443,738",500,"18,528,071",42.35,42.50,41.20,41.20,-,1.1,41.20,15,41.25,1,
6182,合晶,"28,976,236","22,842","3,074,317,140",108.00,108.50,104.00,105.50,-,4.5,105.00,1261,105.50,75,
6185,幃翔,"346,863",422,"4,459,961",12.70,12.95,12.70,12.95,+,0.3,12.95,10,13.00,24,
6186,新潤,"823,569",649,"26,426,634",32.50,32.50,32.00,32.00,-,0.5,32.00,51,32.10,2,
6187,萬潤,"2,812,363","6,891","3,753,125,525",1335.00,1380.00,1280.00,1345.00,-,20.0,1340.00,37,1345.00,25,
6188,廣明,"792,367",874,"53,530,391",68.50,68.50,67.20,67.20,-,1.6,67.20,6,67.40,12,
6190,萬泰科,"1,721,146","1,319","121,413,765",69.80,71.20,69.60,70.60,-,0.0,70.50,20,70.60,2,
6194,育富,"31,018",20,"922,335",29.75,29.80,29.70,29.80,+,0.05,29.75,1,29.80,4,
6195,詩肯,"8,428",17,"234,807",27.80,28.30,27.80,28.30,+,0.4,27.80,4,28.00,1,
6198,瑞築,11,11,187,---,---,---, ---,,,19.45,2,19.90,1,
6199,天品,"412,486",299,"38,240,298",93.30,93.30,91.80,92.80,-,0.5,92.80,1,92.90,30,
6203,海韻電,"61,500",83,"3,668,061",59.60,59.80,59.50,59.80,+,0.2,59.80,1,60.00,5,
6204,艾華,"228,310",865,"19,509,193",88.40,88.40,84.00,84.00,-,4.4,84.00,3,84.40,1,
6207,雷科,"2,569,403","2,748","274,476,824",108.50,111.50,104.00,105.50,-,5.5,105.00,76,105.50,25,
6208,日揚,"160,358",647,"13,085,465",82.20,82.30,81.00,81.70,-,1.0,81.50,3,81.70,2,
6210,慶生,"13,056",12,"233,718",18.00,18.05,17.50,18.00,-,0.05,17.50,6,18.00,1,
6212,理銘,"1,001",2,"30,983",30.95,30.95,30.95,30.95,+,0.2,30.20,1,31.70,1,
6217,中探針,"3,317,102","6,231","563,466,196",172.00,176.00,163.50,172.50,-,2.5,172.00,24,172.50,18,
6218,豪勉,"1,417,347","3,452","58,217,212",41.10,42.80,39.85,40.50,-,0.2,40.50,6,40.60,3,
6219,富旺,"31,669",27,"381,243",12.10,12.10,12.00,12.10,-,0.0,12.05,10,12.10,6,
6220,岳豐,"88,331",92,"2,285,519",25.60,26.05,25.60,25.95,+,0.05,25.95,1,26.00,8,
6221,晉泰,"68,721",87,"1,488,442",21.70,22.00,21.60,21.65,-,0.05,21.60,28,21.65,1,
6222,立軒,"6,000",4,"119,550",20.05,20.05,19.90,19.90,-,0.15,20.05,2,20.10,1,
6223,旺矽,"1,231,887","10,972","6,217,334,975",4930.00,5130.00,4870.00,5130.00,+,100.0,5105.00,1,5130.00,2,
6227,茂綸,"734,848",852,"81,300,420",112.50,113.00,108.00,111.00,-,2.0,111.00,9,111.50,1,
6228,全譜,10,1,172,---,---,---, ---,,,16.10,2,17.55,1,
6229,研通,"18,746",44,"446,659",24.00,24.10,23.60,23.95,-,0.15,23.70,4,24.00,2,
6231,系微,"177,632",736,"38,373,772",219.50,219.50,214.50,217.00,-,3.5,217.00,2,218.00,1,
6233,旺玖,"224,774",131,"4,794,460",21.75,21.75,21.20,21.45,-,0.35,21.35,1,21.45,3,
6234,高僑,"168,064",206,"6,049,499",36.80,37.10,35.50,35.80,-,1.0,35.80,4,35.85,6,
6236,中湛,0,0,0,---,---,---, ---,,,19.05,1,19.15,4,
6237,驊訊,"111,214",261,"3,883,045",35.00,35.55,34.55,34.65,-,0.55,34.55,5,34.65,1,
6240,松崗,"116,509",103,"2,786,297",23.00,25.30,22.30,25.30,+,2.3,25.30,5,0.00,0,
6241,鑫永洋,"156,764",231,"2,685,533",17.90,17.90,16.85,17.05,-,0.9,17.00,2,17.05,8,
6242,立康,10,1,340,---,---,---, ---,,,33.80,1,34.10,3,
6244,茂迪,"1,456,018",998,"35,047,977",24.30,24.45,23.85,24.05,-,0.35,24.00,43,24.05,11,
6245,立端,"973,986","1,371","79,667,544",83.00,83.00,81.30,81.80,-,1.4,81.80,3,81.90,2,
6246,臺龍,"8,023",11,"97,933",12.25,12.25,12.20,12.20,-,0.05,12.20,1,12.25,1,
6248,沛波,"33,780",37,"575,311",17.10,17.10,17.00,17.05,-,0.05,17.05,1,17.10,7,
6259,百徽,"416,498",483,"12,903,150",31.45,32.55,30.30,30.40,-,1.35,30.35,3,30.45,3,
6261,久元,"309,486",463,"24,160,494",79.20,79.70,77.10,78.00,-,1.0,78.00,1,78.10,1,
6263,普萊德,"80,619",108,"13,233,172",164.50,165.50,162.50,164.00,-,1.5,164.00,1,164.50,5,
6264,富裔,"6,771",9,"40,886",6.01,6.08,5.98,6.08,+,0.02,5.99,1,6.07,7,
6265,方土昶,"2,965,947","2,283","170,650,623",57.00,58.60,56.60,57.40,+,0.3,57.40,5,57.50,12,
6266,泰詠,"84,869",117,"2,106,412",24.95,24.95,24.70,24.85,-,0.15,24.85,2,24.90,4,
6270,倍微,"123,759",138,"3,654,841",29.80,29.95,29.35,29.65,-,0.3,29.55,1,29.70,8,
6274,台燿,"7,581,669","26,077","10,777,122,905",1435.00,1485.00,1385.00,1435.00,-,55.0,1430.00,17,1435.00,67,
6275,元山,"455,566",516,"21,096,631",45.65,47.20,45.00,46.30,+,0.6,46.30,2,46.40,1,
6276,安鈦克,"18,228",42,"371,174",20.30,20.65,20.00,20.10,-,0.15,20.05,1,20.45,1,
6279,胡連,"505,864",664,"63,670,496",127.00,127.00,125.00,125.50,-,1.5,125.00,20,125.50,6,
6284,佳邦,"1,419,558","1,720","112,245,949",80.30,82.20,77.50,77.60,-,3.8,77.60,19,77.80,12,
6290,良維,"5,485,215","7,806","1,393,827,672",247.00,259.00,245.50,253.50,+,5.5,253.50,63,254.00,39,
6291,沛亨,"555,383",997,"221,254,566",391.00,407.00,388.00,405.00,+,4.5,403.50,1,405.00,1,
6292,迅德,"108,435",214,"6,709,847",62.90,62.90,61.20,62.20,-,0.7,62.20,5,62.30,3,
6294,智基,"3,116",22,"89,574",28.70,28.75,28.70,28.75,-,0.1,28.75,2,28.80,1,
6411,晶焱,"214,908",366,"17,055,454",79.80,80.10,78.70,79.80,-,0.3,79.80,1,80.00,2,
6417,韋僑,"34,266",43,"3,631,930",105.50,107.00,105.50,106.00,-,0.0,106.00,2,106.50,4,
6418,詠昇,"465,890",588,"16,768,638",37.10,38.60,34.20,34.35,-,3.5,34.35,7,35.10,12,
6419,京晨科,"177,302",249,"27,353,264",154.00,156.50,151.00,154.50,+,0.5,154.50,2,155.00,1,
6423,億而得,"12,683",59,"1,018,298",80.80,81.10,80.00,81.10,+,0.2,80.50,1,82.00,1,
6425,易發,"1,215,140","1,122","81,126,710",64.60,68.00,64.10,67.80,+,2.6,67.70,2,67.80,8,
6432,今展科,"529,083",628,"33,722,393",65.10,67.00,62.00,62.60,-,2.8,62.60,1,63.00,2,
6435,大中,"717,303","1,532","178,036,516",255.50,256.00,243.00,244.00,-,16.0,244.00,1,244.50,5,
6441,廣錠,"38,767",49,"809,966",21.25,21.25,20.50,21.25,-,0.0,21.20,1,21.25,7,
6461,益得,"207,597",456,"3,469,488",16.30,17.40,16.15,16.55,+,0.4,16.50,1,16.55,10,
6462,神盾,"239,083",355,"23,875,466",101.00,101.00,99.30,99.90,-,1.1,99.90,2,100.50,4,
6465,威潤,"152,888",173,"7,355,293",48.40,48.60,47.60,48.45,+,0.05,47.90,1,48.45,12,
6469,大樹,"471,698","1,135","31,980,924",68.40,68.40,67.50,68.20,-,0.2,67.90,4,68.20,4,
6470,宇智,"33,147",44,"1,368,536",41.60,41.60,41.10,41.50,-,0.0,41.45,1,41.50,1,
6474,華豫寧,"88,590",128,"3,244,964",37.50,37.50,36.45,36.50,-,0.7,36.50,4,36.60,1,
6482,弘煜科,"24,043",25,"602,643",24.80,25.55,24.70,24.85,+,0.1,24.80,1,25.40,1,
6485,點序,"236,952",453,"14,665,200",62.90,63.40,60.90,62.30,-,1.5,62.00,1,62.30,3,
6486,互動,"59,843",140,"4,631,477",77.40,77.90,76.70,77.80,+,0.4,77.30,1,77.70,3,
6488,環球晶,"12,101,276","50,805","10,981,932,177",951.00,953.00,875.00,912.00,-,60.0,912.00,2,913.00,10,
6492,生華科,"377,636",348,"12,976,311",34.95,34.95,34.05,34.50,-,0.45,34.35,7,34.50,4,
6494,九齊,"65,655",73,"3,547,006",54.00,54.80,53.70,53.80,-,1.1,53.80,2,53.90,1,
6496,科懋,"23,879",46,"579,417",24.95,25.10,23.90,24.30,-,0.3,24.25,2,24.30,2,
6498,久禾光,"69,271",89,"5,151,874",74.50,75.20,73.80,74.40,-,1.5,74.30,1,74.40,3,
6499,益安,"1,140,040","1,055","87,639,212",75.30,78.70,75.30,77.50,+,2.2,77.50,2,77.80,1,
6506,雙邦,"26,629",32,"474,536",17.80,17.90,17.60,17.90,+,0.1,17.80,1,17.90,7,
6508,惠光,"27,469",82,"713,257",25.80,26.40,25.75,25.90,-,0.1,25.85,1,26.00,2,
6509,聚和,"813,418",782,"37,291,607",45.90,46.25,45.30,45.95,-,0.5,45.95,1,46.00,3,
6510,精測,"952,250","3,172","2,667,938,830",2680.00,2920.00,2605.00,2845.00,+,165.0,2845.00,6,2850.00,4,
6512,啟發電,"4,004",23,"81,493",20.20,20.60,20.15,20.60,-,0.0,20.20,2,20.60,1,
6516,勤崴國際,"22,072",36,"1,277,737",59.40,59.40,57.50,57.90,-,0.4,57.70,1,58.00,1,
6517,保勝光學,"613,711","1,124","44,045,189",70.80,73.00,70.80,70.80,-,0.8,70.80,4,70.90,11,
6523,達爾膚,"17,155",33,"1,538,682",89.80,89.80,89.50,89.70,-,0.1,89.60,3,89.70,1,
6527,明達醫,"7,050",8,"525,344",74.50,74.70,74.30,74.50,-,0.0,74.50,3,74.70,1,
6530,創威,"1,192,198","1,305","104,774,376",86.60,89.30,85.10,88.10,+,1.2,88.10,8,88.20,1,
6532,瑞耘,"1,505,514","2,372","142,389,802",89.10,96.20,89.10,95.30,+,6.1,95.20,9,95.30,1,
6535,順藥,"2,028,262",798,"152,343,499",78.00,80.20,74.80,74.80,-,3.8,74.70,28,74.80,68,
6538,倉和,"3,023,830","2,896","624,622,186",197.50,215.00,197.50,205.50,+,5.5,205.50,8,206.00,5,
6542,隆中,20,1,880,---,---,---, ---,,,43.60,1,44.15,1,
6546,正基,"115,516",116,"7,300,280",63.40,64.00,62.60,62.90,-,0.7,62.90,3,63.30,2,
6547,高端疫苗,"6,904,815","5,960","441,128,292",65.00,65.90,62.80,63.90,-,1.1,63.80,8,63.90,20,
6548,長科*,"2,458,379","2,056","175,783,111",72.80,73.00,70.30,71.40,-,2.1,71.30,73,71.40,5,
6556,勝品,"11,050",11,"670,650",61.00,61.00,60.00,60.50,-,0.8,59.70,1,61.10,1,
6560,欣普羅,"12,258",38,"375,109",30.50,31.00,30.30,31.00,-,0.0,31.00,4,31.35,1,
6561,是方,"33,754",92,"10,829,337",320.00,323.50,319.50,321.00,-,1.5,320.50,1,322.00,1,
6568,宏觀,"43,961",80,"5,691,729",131.00,131.00,128.00,129.00,-,2.0,128.50,4,131.00,2,
6569,醫揚,"36,715",61,"3,363,532",92.20,92.20,91.30,91.50,-,1.1,91.50,1,91.60,1,
6570,維田,"119,599",235,"6,085,273",51.70,51.90,50.10,50.40,-,1.3,50.40,4,51.00,1,
6574,霈方,"20,116",71,"2,426,903",120.50,121.50,120.00,121.50,+,1.0,120.00,2,121.50,3,
6576,逸達,"114,035",100,"9,185,508",80.50,81.40,80.10,81.20,+,1.1,80.80,1,81.20,3,
6577,勁豐,"97,032",107,"7,754,970",80.00,80.70,78.00,80.70,-,0.1,80.50,1,80.80,1,
6578,達邦蛋白,"9,002",9,"161,835",18.00,18.05,17.75,18.05,+,0.05,17.95,1,18.05,1,
6584,南俊國際,"4,276,201","7,377","2,752,799,887",682.00,694.00,614.00,629.00,-,53.0,628.00,165,629.00,5,
6588,東典光電,"2,233,019","2,837","241,904,608",110.00,114.00,105.00,110.50,-,1.5,109.00,1,110.50,11,
6590,普鴻,"6,397",21,"411,506",64.50,64.50,64.00,64.00,-,0.0,64.10,1,64.90,1,
6593,台灣銘板,"27,815",106,"910,281",32.35,32.85,32.35,32.85,+,0.55,32.55,1,32.85,2,
6596,寬宏藝術,"92,236","1,209","8,918,112",96.40,97.10,96.30,96.30,-,0.1,96.30,3,96.40,2,
6597,立誠,"26,077",27,"1,942,787",72.00,76.00,72.00,75.90,+,2.3,72.10,1,75.70,1,
6603,富強鑫,"1,033,869",783,"26,440,129",25.90,25.95,25.20,25.40,-,0.9,25.40,11,25.45,1,
6609,瀧澤科,"79,752",81,"3,143,329",39.15,39.95,39.15,39.60,-,0.25,39.50,1,39.60,1,
6612,奈米醫材,"30,852",44,"2,214,674",72.80,72.80,71.20,71.50,+,0.7,71.50,5,71.90,1,
6613,朋億*,"2,589,175","2,949","726,515,116",280.50,289.50,271.50,278.50,+,3.0,278.00,26,278.50,12,
6615,慧智,"7,116",74,"246,007",34.50,34.50,34.45,34.45,-,0.05,34.45,1,34.60,1,
6616,特昇-KY,"55,022",54,"439,829",8.05,8.15,7.85,8.14,-,0.0,8.02,1,8.15,4,
6617,共信-KY,"746,847",720,"90,237,233",123.00,123.00,118.50,120.50,-,2.0,120.50,8,121.00,4,
6620,漢達,"658,365",331,"61,162,091",92.90,92.90,92.90,92.90,+,8.4,92.90,1185,0.00,0,
6624,萬年清,2,2,75,---,---,---, ---,,,40.45,1,41.30,3,
6629,泰金-KY,"5,003",6,"537,819",107.00,108.50,107.00,108.50,-,0.0,108.00,1,108.50,1,
6637,醫影,"52,805",109,"2,980,553",57.20,57.20,56.00,56.10,-,1.1,56.10,2,56.70,2,
6640,均華,"660,900","2,182","729,512,685",1030.00,1165.00,1030.00,1140.00,+,80.0,1135.00,8,1140.00,3,
6642,富致,"160,760",284,"13,038,693",83.30,83.30,80.10,80.60,-,2.1,80.50,6,80.70,1,
6643,M31,"1,244,474","1,509","514,902,754",428.00,432.00,411.50,411.50,-,25.5,411.50,25,415.00,1,
6649,台生材,"20,002",14,"696,670",34.40,35.05,34.40,34.90,-,0.2,34.80,1,34.95,1,
6651,全宇昕,"135,713",188,"20,143,946",148.00,150.50,147.00,148.50,-,2.0,148.00,2,149.00,1,
6654,天正國際,"110,945",170,"21,138,793",177.00,194.00,177.00,194.00,+,17.5,194.00,11,0.00,0,
6661,威健生技,"4,021",4,"67,157",16.90,17.10,16.40,17.10,+,0.7,16.35,1,17.05,8,
6662,樂斯科,"5,029",5,"146,486",29.05,29.60,29.00,29.60,-,0.15,28.60,1,29.60,1,
6664,群翊,"456,496","1,084","158,486,201",357.00,357.00,342.50,347.50,-,12.0,347.50,4,348.50,1,
6667,信紘科,"211,072",403,"46,430,279",226.50,226.50,216.00,217.50,-,3.5,217.50,6,218.00,6,
6679,鈺太,"203,717",395,"41,237,732",206.00,207.50,200.00,200.50,-,4.5,200.50,1,202.00,3,
6680,鑫創電子,"5,029",6,"261,250",51.90,52.00,51.90,52.00,+,2.0,51.00,2,53.00,1,
6683,雍智科技,"568,799","1,808","676,071,865",1180.00,1225.00,1140.00,1210.00,+,10.0,1210.00,4,1215.00,3,
6684,安格,"41,076",79,"1,908,234",46.60,46.60,46.30,46.55,-,0.75,46.55,4,46.75,1,
6690,安碁資訊,"16,985",53,"2,795,341",164.50,165.00,164.00,164.50,-,0.5,164.00,7,165.00,2,
6692,進能服,"7,600",12,"182,380",23.80,24.30,23.70,24.30,-,0.0,24.05,1,24.40,3,
6693,廣閎科,"954,812","1,097","167,186,347",175.50,179.00,170.50,176.50,-,2.0,176.50,2,177.00,6,
6697,東捷資訊,"20,058",15,"813,760",40.55,41.00,40.35,40.40,-,0.2,40.40,7,40.55,1,
6703,軒郁,"20,113",80,"2,062,283",103.00,103.00,102.50,103.00,-,0.0,102.50,8,103.50,2,
6708,天擎,"23,264",28,"862,802",38.10,38.10,36.55,37.60,+,0.5,36.75,1,37.90,3,
6712,長聖,"348,665","1,201","55,241,575",162.00,162.00,157.00,157.00,-,4.0,157.00,3,157.50,2,
6716,應廣,"465,178","1,144","57,095,720",127.50,127.50,120.00,124.00,-,4.0,123.50,8,124.00,4,
6720,久昌,"8,110",10,"1,073,035",133.50,133.50,132.00,132.50,-,1.0,131.50,2,135.00,1,
6721,信實,"5,712",14,"297,973",52.40,52.40,52.00,52.00,-,0.4,52.00,3,52.80,2,
6725,矽科宏晟,"92,205",256,"20,561,256",226.50,229.50,220.00,222.00,-,9.0,222.00,1,223.00,1,
6727,亞泰金屬,"2,301,888","7,167","1,245,480,359",531.00,563.00,520.00,524.00,-,13.0,524.00,3,525.00,2,
6728,上洋,"11,222",22,"1,217,102",108.50,109.00,108.00,109.00,+,0.5,108.50,1,109.00,10,
6730,常廣,"5,011",6,"165,363",33.00,33.00,33.00,33.00,+,0.05,32.95,1,33.00,3,
6732,昇佳電子,"116,726",178,"17,751,983",152.50,154.50,151.00,151.50,-,2.5,151.50,5,152.00,2,
6733,博晟生醫,"108,291",114,"2,905,039",27.50,27.80,26.20,26.80,-,0.1,26.80,4,26.90,3,
6735,美達科技,"108,989",112,"6,828,449",63.90,63.90,61.90,63.80,-,0.1,63.80,3,64.40,1,
6739,竹陞科技,"289,938","1,331","336,403,030",1120.00,1200.00,1110.00,1180.00,+,40.0,1175.00,3,1185.00,1,
6741,91APP*-KY,"226,577",348,"13,693,680",58.80,61.00,58.80,60.80,+,1.6,60.50,3,60.90,7,
6751,智聯服務,"5,011",4,"214,221",42.75,42.75,42.75,42.75,-,0.1,41.10,2,42.80,1,
6752,叡揚,"9,107",376,"867,603",93.10,97.00,93.10,97.00,+,0.4,96.90,1,97.80,1,
6761,穩得,"292,363",700,"55,003,632",188.00,190.50,186.00,189.00,+,0.5,188.50,6,189.50,7,
6762,達亞,152,4,"24,776",---,---,---, ---,,,160.00,1,164.00,1,
6763,綠界科技*,"133,145",196,"5,547,217",41.85,42.00,41.50,41.55,-,0.3,41.55,3,41.60,1,
6767,台微醫,"1,000",1,"25,500",25.50,25.50,25.50,25.50,+,1.2,25.50,1,25.80,1,
6785,昱展新藥,"65,933",129,"6,172,556",94.10,95.30,93.00,94.70,-,0.6,93.30,2,95.50,1,
6788,華景電,"302,062",644,"108,328,446",364.50,364.50,353.00,361.00,-,7.5,360.00,9,362.00,4,
6791,虎門科技,"11,745",25,"1,174,126",100.00,100.00,99.80,100.00,-,1.0,100.00,1,100.50,1,
6803,崑鼎,"42,808",203,"11,571,875",269.00,271.00,269.00,270.50,-,0.5,269.00,3,271.00,2,
6804,明係,"41,164",28,"761,755",18.70,18.70,18.40,18.45,-,0.15,18.45,2,18.55,1,
6811,宏碁資訊,"73,633",667,"16,448,694",224.00,226.00,222.50,223.50,-,2.0,223.50,2,224.00,1,
6821,聯寶,"70,997",72,"2,972,803",42.00,42.85,41.30,41.55,-,0.4,41.50,2,42.00,1,
6823,濾能,"160,184",123,"9,790,920",61.00,63.10,60.00,62.20,+,0.6,62.20,3,62.50,10,
6829,千附精密,"1,401,871","1,856","346,525,176",235.50,256.50,234.50,245.00,+,7.0,245.00,25,246.00,2,
6840,東研信超,"407,262",868,"38,377,803",97.70,97.70,92.20,94.00,-,4.4,94.00,2,94.80,1,
6841,長佳智能,"134,692",143,"7,223,412",53.90,54.10,53.30,53.40,-,0.9,53.40,22,53.50,1,
6843,進典,"7,000",5,"271,800",39.25,39.25,38.55,39.05,-,1.25,38.70,4,39.80,2,
6844,諾貝兒,"25,000",22,"1,499,100",59.80,60.30,59.60,60.30,-,0.0,60.00,8,60.30,4,
6846,綠茵,"9,010",9,"518,980",59.10,59.10,57.00,57.70,+,0.1,56.90,1,57.60,1,
6855,數泓科,"8,055",17,"930,862",115.50,116.00,115.50,116.00,-,0.0,116.00,1,117.00,2,
6856,鑫傳,0,0,0,---,---,---, ---,,,40.60,2,42.45,1,
6859,伯特光,"95,306",161,"10,401,148",106.00,111.50,106.00,111.00,+,3.0,109.50,1,111.00,5,
6865,偉康科技,"5,229",10,"135,355",25.00,26.70,25.00,26.70,+,0.7,25.10,1,25.90,1,
6870,騰雲,"23,282",195,"5,896,940",251.50,256.50,250.50,252.00,-,3.5,251.50,1,255.50,2,
6872,浩宇生醫,"38,220",37,"536,278",14.05,14.15,14.00,14.15,-,0.2,14.00,7,14.15,1,
6874,倍力,"23,979",58,"1,984,575",83.30,83.30,82.20,82.90,+,0.1,82.70,1,82.90,1,
6875,國邑*,"52,000",43,"1,695,500",32.50,33.00,32.05,33.00,-,0.0,33.00,12,33.20,1,
6877,鏵友益,"47,181",57,"5,365,245",116.50,116.50,112.50,113.50,-,3.0,113.50,1,114.00,1,
6881,潤德,"4,539",27,"985,632",220.00,220.00,216.00,216.00,-,1.0,215.50,1,217.00,1,
6884,海柏特,"5,005",6,"151,151",30.20,30.20,30.20,30.20,-,0.0,29.85,1,30.20,3,
6894,衛司特,"203,105",369,"73,974,238",357.00,374.00,353.00,354.00,+,3.5,354.00,3,358.00,1,
6895,宏碩系統,"341,261",974,"54,994,047",151.50,163.50,151.50,163.50,+,14.5,163.50,2,0.00,0,
6899,創為精密,"15,063",23,"753,850",50.00,50.70,50.00,50.00,-,0.5,50.00,2,50.20,1,
6903,巨漢,"176,835",572,"55,239,189",315.50,315.50,309.00,313.00,-,4.0,313.00,5,313.50,2,
6904,伯鑫,0,0,0,---,---,---, ---,,,123.50,1,125.00,1,
6907,雅特力-KY,"889,989","1,373","163,514,087",181.50,188.00,180.00,184.00,-,2.0,184.00,2,184.50,8,
6910,德鴻,"8,000",5,"196,300",24.55,24.60,24.45,24.60,+,0.2,24.70,1,25.15,1,
6913,鴻呈,"2,418,350","5,065","397,981,131",159.00,169.00,156.50,166.00,+,7.0,165.50,16,166.00,6,
6922,宸曜,"174,552",566,"36,371,769",207.50,212.50,205.50,207.00,-,1.5,207.00,5,207.50,1,
6925,意藍,"25,524",48,"1,267,006",50.10,50.10,49.50,49.60,-,1.3,49.50,2,49.90,1,
6929,佑全,"3,185",6,"70,793",21.90,22.40,21.90,22.35,-,0.15,21.95,1,22.40,3,
6945,圓祥生技,"472,027",764,"47,250,655",105.00,105.50,98.00,98.30,-,5.7,98.30,7,98.60,2,
6953,家碩,"31,241",408,"7,323,697",242.00,242.00,231.00,234.00,-,6.0,234.00,1,236.00,1,
6961,旅天下,"46,399",42,"2,343,849",50.50,50.80,50.40,50.80,-,0.0,50.80,1,51.10,1,
6967,汎瑋材料,"33,443",54,"2,446,821",74.00,74.00,72.30,73.00,-,0.5,72.90,1,73.20,1,
6968,萬達寵物,"30,531",32,"1,272,595",41.40,42.00,41.30,41.95,+,0.15,41.90,1,42.00,4,
6971,惠民實業,"36,104",26,"943,400",26.25,26.30,26.05,26.05,-,0.3,26.05,1,26.10,1,
6982,大井泵浦,"10,000",9,"477,300",47.90,48.00,47.45,47.60,-,0.3,47.60,1,47.75,1,
6983,華洋精機,"69,691",184,"24,280,729",359.50,360.00,332.50,348.00,-,5.0,341.00,1,350.00,3,
6986,和迅,"65,200",45,"2,774,009",40.80,43.50,40.80,42.90,+,1.3,42.50,10,42.90,6,
6996,力領科技,"31,741",44,"5,646,068",178.50,178.50,177.50,177.50,-,1.5,178.00,1,178.50,1,
6997,博弘,"7,000",7,"476,000",68.00,68.00,68.00,68.00,-,0.0,68.00,1,69.00,2,
700019,宏捷科統一5C購01,0,0,0,---,---,---, ---,,,0.13,10,0.23,10,
700020,佳邦統一5C購01,0,0,0,---,---,---, ---,,,0.18,10,0.28,10,
700021,長佳智統一5C購02,0,0,0,---,---,---, ---,,,0.11,10,0.12,10,
700022,華星光統一5C購01,"55,000",16,"190,470",3.44,3.60,3.41,3.42,+,0.01,3.42,2,3.70,2,
700023,新應材統一5B購02,"10,000",1,500,0.05,0.05,0.05,0.05,-,0.01,0.05,10,0.12,84,
700024,新應材統一64購02,"315,000",9,"72,450",0.23,0.23,0.23,0.23,-,0.01,0.23,23,0.24,12,
700025,雙鴻統一5B購01,"326,000",21,"172,710",0.50,0.65,0.49,0.65,+,0.21,0.60,10,0.65,28,
700028,雙鴻中信59購01,"42,000",5,"19,780",0.26,0.60,0.26,0.60,+,0.1,0.47,21,0.70,5,
700043,新應材永豐59購01,0,0,0,---,---,---, ---,,,0.00,0,0.03,10,
700047,宏捷科凱基59購01,0,0,0,---,---,---, ---,,,0.03,100,0.10,170,
700065,系統電統一5A購01,0,0,0,---,---,---, ---,,,0.00,0,0.01,10,
700074,驊訊元富5A購01,"5,000",1,100,0.02,0.02,0.02,0.02,-,0.0,0.01,25,0.03,5,
700079,華義永豐5A購01,0,0,0,---,---,---, ---,,,4.10,10,0.00,0,
700086,博智群益5A購01,0,0,0,---,---,---, ---,,,4.34,100,4.44,10,
700113,雙鴻元大5A購01,"300,000",23,"348,400",0.85,1.43,0.85,1.41,+,0.53,1.41,125,1.54,5,
700126,威剛國票61購01,0,0,0,---,---,---, ---,,,9.80,26,10.60,10,
700173,雙鴻元大5A購02,"574,000",9,"1,099,380",1.75,2.18,1.75,2.18,+,0.85,2.18,125,2.68,12,
700188,中美晶統一5A購02,0,0,0,---,---,---, ---,,,1.20,10,1.21,10,
700189,協易機統一5A購01,0,0,0,---,---,---, ---,,,0.13,10,0.23,10,
700190,昇達科統一65購01,"63,000",17,"256,970",4.48,4.50,3.88,3.92,-,0.33,3.90,5,3.96,2,
700191,朋程統一5A購01,0,0,0,---,---,---, ---,,,0.07,100,0.08,10,
700192,朋程統一6A購01,"754,000",10,"309,090",0.41,0.41,0.40,0.40,-,0.03,0.40,100,0.41,10,
700193,東洋統一61購01,"100,000",1,"28,000",0.28,0.28,0.28,0.28,-,0.0,0.28,10,0.29,10,
700194,長聖統一61購01,"30,000",3,"6,000",0.20,0.20,0.20,0.20,-,0.02,0.20,10,0.21,10,
700195,家登統一5A購01,"423,000",6,"334,170",0.79,0.79,0.79,0.79,-,0.16,0.81,10,0.82,10,
700196,振曜統一5A購01,0,0,0,---,---,---, ---,,,0.00,0,0.01,10,
700197,晶宏統一5A購01,"70,000",3,"51,200",0.71,0.80,0.71,0.80,+,0.15,0.32,31,0.89,10,
700198,智冠統一5C購01,0,0,0,---,---,---, ---,,,0.15,10,0.16,10,
700199,華景電統一61購01,0,0,0,---,---,---, ---,,,0.85,10,0.95,10,
700201,萬潤統一6A購01,"2,000",1,"7,340",3.67,3.67,3.67,3.67,-,0.0,3.65,10,3.66,10,
700202,鈺太統一5A購01,0,0,0,---,---,---, ---,,,0.01,10,0.10,13,
700203,聰泰統一5A購01,0,0,0,---,---,---, ---,,,0.05,10,0.06,10,
700204,雙鴻統一5A購01,"136,000",7,"90,730",0.41,0.72,0.41,0.72,+,0.29,0.72,10,0.87,1,
700205,雙鴻統一61購01,"1,793,000",45,"1,030,410",0.54,0.66,0.52,0.64,+,0.11,0.62,10,0.64,30,
700206,雙鴻統一61購02,"702,000",30,"336,160",0.43,0.58,0.43,0.58,+,0.13,0.51,10,0.58,198,
700207,雙鴻統一6A購01,"1,715,000",60,"1,259,860",0.64,0.85,0.63,0.85,+,0.2,0.80,19,0.85,9,
700208,騰雲統一6A購01,0,0,0,---,---,---, ---,,,0.81,10,0.82,10,
700228,系微元大59購02,0,0,0,---,---,---, ---,,,0.00,0,0.20,1,
700231,旺矽元大5A購01,0,0,0,---,---,---, ---,,,10.30,100,10.50,10,
700243,萬潤元大59購01,0,0,0,---,---,---, ---,,,0.00,0,0.00,0,
700257,大世科統一6A購01,0,0,0,---,---,---, ---,,,0.22,10,0.24,10,
700258,大綜統一6A購01,"62,000",2,"32,880",0.54,0.54,0.53,0.53,-,0.03,0.53,10,0.54,10,
700259,光焱統一5A購02,0,0,0,---,---,---, ---,,,0.74,10,0.84,10,
700260,同致統一5A購01,0,0,0,---,---,---, ---,,,0.00,0,0.04,2,
700261,宜鼎統一6A購01,"30,000",4,"161,500",5.55,5.55,5.30,5.30,+,0.15,5.10,3,5.80,2,
700262,尚凡*統一6A購01,0,0,0,---,---,---, ---,,,0.21,10,0.26,10,
700263,旺矽統一6A購01,"4,000",3,"12,290",3.07,3.10,3.06,3.10,+,0.02,3.24,10,3.25,10,
700264,長聖統一6A購01,"15,000",2,"4,350",0.29,0.29,0.29,0.29,-,0.01,0.28,10,0.29,10,
700267,建榮統一6A購01,"46,000",5,"48,210",1.11,1.11,1.04,1.04,-,0.06,1.03,13,1.04,10,
700269,昱展統一6A購01,"10,000",1,"1,100",0.11,0.11,0.11,0.11,-,0.01,0.10,10,0.11,10,
700270,創惟統一5A購01,0,0,0,---,---,---, ---,,,0.01,509,0.02,10,
700271,新鉅科統一6A購01,"20,000",1,"5,000",0.25,0.25,0.25,0.25,-,0.0,0.24,10,0.25,10,
700272,聖暉*統一59購01,0,0,0,---,---,---, ---,,,0.08,10,0.09,10,
700273,優群統一6A購01,0,0,0,---,---,---, ---,,,0.27,10,0.28,10,
700274,鴻呈統一5A購01,"67,000",8,"12,310",0.13,0.19,0.13,0.19,+,0.09,0.14,10,0.18,10,
700275,雙鴻統一6A購02,"187,000",13,"170,620",0.85,0.94,0.85,0.93,+,0.13,0.93,8,0.94,2,
700276,鏵友益統一6A購01,0,0,0,---,---,---, ---,,,0.45,10,0.48,10,
700277,鑫聯統一5A購01,0,0,0,---,---,---, ---,,,0.92,10,1.00,10,
700279,良維國票5C購01,0,0,0,---,---,---, ---,,,4.53,25,4.63,10,
700300,雙鴻中信5A購01,0,0,0,---,---,---, ---,,,0.50,20,1.91,1,
700330,旺矽凱基5A購01,0,0,0,---,---,---, ---,,,17.90,10,18.90,10,
700342,大世科統一6A購02,0,0,0,---,---,---, ---,,,0.23,100,0.24,10,
700344,尼克森統一5A購01,0,0,0,---,---,---, ---,,,0.37,10,0.47,10,
700345,立碁統一6A購01,"44,000",6,"23,500",0.50,0.57,0.50,0.56,+,0.08,0.56,10,0.62,1,
700346,良維統一6A購01,"4,000",4,"4,980",1.23,1.26,1.23,1.26,+,0.03,0.97,10,1.27,1,
700347,尚凡*統一5A購01,0,0,0,---,---,---, ---,,,0.01,10,0.11,10,
700348,昱展統一6A購02,"10,000",1,"1,600",0.16,0.16,0.16,0.16,-,0.01,0.00,0,0.16,10,
700350,茂達統一61購01,"40,000",1,"22,000",0.55,0.55,0.55,0.55,-,0.11,0.59,10,0.69,10,
700351,竑騰統一5A購01,0,0,0,---,---,---, ---,,,0.00,0,5.20,1,
700352,新鉅科統一5A購01,0,0,0,---,---,---, ---,,,0.00,0,0.18,23,
700353,新鉅科統一6A購02,0,0,0,---,---,---, ---,,,0.19,100,0.20,10,
700354,聖暉*統一6A購01,0,0,0,---,---,---, ---,,,0.43,10,0.44,10,
700355,撼訊統一6A購01,0,0,0,---,---,---, ---,,,0.23,10,0.28,10,
700356,擎亞統一6A購01,0,0,0,---,---,---, ---,,,2.14,10,2.15,10,
700357,聰泰統一6A購01,"10,000",1,"2,800",0.28,0.28,0.28,0.28,-,0.01,0.27,20,0.28,10,
700358,寶島科統一64購01,0,0,0,---,---,---, ---,,,0.29,10,0.30,10,
700359,鏵友益統一5A購01,0,0,0,---,---,---, ---,,,0.22,10,0.31,10,
700360,鑫聯統一5A購02,0,0,0,---,---,---, ---,,,0.92,10,1.02,10,
700402,博智凱基59購01,0,0,0,---,---,---, ---,,,8.20,10,8.70,10,
700412,旺矽統一6A購02,0,0,0,---,---,---, ---,,,0.00,0,0.00,0,
700413,金山電統一5C購01,0,0,0,---,---,---, ---,,,4.39,10,0.00,0,
700414,長聖統一6A購02,0,0,0,---,---,---, ---,,,0.56,10,0.57,10,
700415,建榮統一6A購02,"7,000",3,"5,770",0.82,0.84,0.81,0.81,-,0.0,0.78,10,0.88,10,
700416,高技統一5A購01,0,0,0,---,---,---, ---,,,0.02,10,0.03,10,
700417,聰泰統一6A購02,0,0,0,---,---,---, ---,,,0.34,10,0.35,10,
700419,力旺元大59購01,0,0,0,---,---,---, ---,,,0.01,499,0.00,0,
700451,臺慶科國票5A購01,0,0,0,---,---,---, ---,,,1.84,25,1.94,10,
700482,昇達科元大59購02,0,0,0,---,---,---, ---,,,10.50,50,0.00,0,
700522,宜鼎元大59購02,0,0,0,---,---,---, ---,,,20.90,50,0.00,0,
700542,雙鴻凱基59購03,"30,000",2,"81,600",2.62,2.92,2.62,2.92,+,1.06,3.17,100,0.00,0,
700571,宜鼎元大59購03,0,0,0,---,---,---, ---,,,11.10,50,0.00,0,
700580,宜鼎兆豐5A購01,0,0,0,---,---,---, ---,,,17.00,10,17.10,10,
700582,弘塑國票59購01,0,0,0,---,---,---, ---,,,0.99,25,0.00,0,
700594,原相元大5A購01,0,0,0,---,---,---, ---,,,0.21,499,0.00,0,
700595,華星光元大59購01,0,0,0,---,---,---, ---,,,5.90,25,0.00,0,
700607,宜鼎凱基59購01,0,0,0,---,---,---, ---,,,26.90,100,27.90,10,
700608,昇達科凱基59購01,0,0,0,---,---,---, ---,,,24.80,100,25.80,10,
700638,原相元大5A購02,0,0,0,---,---,---, ---,,,0.03,611,0.20,20,
700671,正德統一5A購01,0,0,0,---,---,---, ---,,,0.02,10,0.04,10,
700672,旺矽統一5A購01,0,0,0,---,---,---, ---,,,5.80,10,5.85,10,
700673,信昌電統一6A購01,"54,000",17,"277,620",5.30,5.40,4.94,5.10,+,0.11,5.05,20,5.10,8,
700674,信昌電統一6A購02,0,0,0,---,---,---, ---,,,0.00,0,9.15,1,
700675,高技統一5A購02,"10,000",10,"1,500",0.15,0.15,0.15,0.15,+,0.08,0.06,10,0.15,10,
700676,高技統一6A購01,"10,000",1,"1,800",0.18,0.18,0.18,0.18,-,0.02,0.18,40,0.25,5,
700677,高技統一6A購02,"1,000",1,390,0.39,0.39,0.39,0.39,-,0.0,0.33,50,0.41,10,
700678,智通*統一6A購01,0,0,0,---,---,---, ---,,,0.52,10,0.54,10,
700679,智擎統一6A購01,0,0,0,---,---,---, ---,,,0.38,10,0.39,10,
700681,鈊象統一6A購01,"12,000",5,"3,800",0.31,0.32,0.31,0.32,+,0.01,0.31,10,0.33,10,
700682,萬潤統一6A購02,"10,000",1,"45,200",4.52,4.52,4.52,4.52,+,0.01,3.84,1,4.68,2,
700683,雍智統一6A購01,0,0,0,---,---,---, ---,,,2.84,1,3.50,1,
700684,雍智統一6A購02,0,0,0,---,---,---, ---,,,3.64,10,3.65,10,
700685,臺慶科統一5A購01,0,0,0,---,---,---, ---,,,0.77,10,0.87,10,
700686,臺慶科統一6A購01,0,0,0,---,---,---, ---,,,0.91,10,1.01,10,
700687,緯軟統一6A購01,"20,000",1,"8,400",0.42,0.42,0.42,0.42,-,0.01,0.41,10,0.42,10,
700688,營邦統一6A購01,"1,465,000",24,"3,388,770",2.30,2.35,2.28,2.31,+,0.04,2.31,10,2.35,11,
700689,聯合統一61購01,0,0,0,---,---,---, ---,,,0.06,10,0.07,10,
700708,信立統一6A購01,"21,000",7,"6,280",0.30,0.30,0.28,0.30,-,0.1,0.30,19,0.35,10,
700709,神盾統一5C購02,0,0,0,---,---,---, ---,,,0.07,10,0.16,8,
700710,智通*統一6A購02,0,0,0,---,---,---, ---,,,0.52,10,0.54,10,
700711,華星光統一6A購01,"15,000",3,"51,600",3.45,3.45,3.42,3.42,-,0.1,3.41,6,3.77,2,
700712,聖暉*統一6A購02,"640,000",8,"241,300",0.38,0.39,0.37,0.37,-,0.01,0.36,10,0.37,10,
700717,宜鼎元大5A購01,0,0,0,---,---,---, ---,,,17.90,50,0.00,0,
700737,鴻呈國票59購01,"745,000",6,"40,110",0.06,0.08,0.05,0.08,+,0.04,0.07,25,0.08,10,
700742,聖暉*永豐5A購01,0,0,0,---,---,---, ---,,,0.20,499,0.21,10,
700746,雙鴻中信5A購02,"6,000",1,720,0.12,0.12,0.12,0.12,+,0.07,0.13,10,0.33,4,
700754,台半統一5C購02,0,0,0,---,---,---, ---,,,1.14,10,1.24,10,
700755,宜鼎統一6A購02,0,0,0,---,---,---, ---,,,0.00,0,5.00,3,
700756,威剛統一5C購03,0,0,0,---,---,---, ---,,,2.53,10,2.54,10,
700757,竑騰統一5C購01,0,0,0,---,---,---, ---,,,3.90,2,4.20,2,
700758,穩得統一5C購01,0,0,0,---,---,---, ---,,,0.60,10,0.69,40,
700786,威剛永豐5A購01,0,0,0,---,---,---, ---,,,7.45,10,7.95,10,
700810,山富統一5C購01,0,0,0,---,---,---, ---,,,0.05,10,0.10,10,
700811,光頡統一5C購01,0,0,0,---,---,---, ---,,,1.70,10,1.80,10,
700812,信昌電統一5C購01,0,0,0,---,---,---, ---,,,0.00,0,7.80,1,
700827,信立永豐5A購01,"63,000",9,"2,810",0.05,0.07,0.04,0.07,+,0.02,0.03,10,0.07,8,
700828,威剛永豐64購01,0,0,0,---,---,---, ---,,,8.25,10,8.55,10,
700830,中美晶元大5A購01,0,0,0,---,---,---, ---,,,1.05,499,0.00,0,
700843,世界統一5C購01,0,0,0,---,---,---, ---,,,0.54,4,0.74,6,
700844,立敦統一5C購01,0,0,0,---,---,---, ---,,,0.68,10,0.73,10,
700845,臺慶科統一5C購01,"20,000",2,"11,700",0.60,0.60,0.57,0.57,-,0.03,0.49,10,0.59,10,
700850,臺慶科國票5C購01,0,0,0,---,---,---, ---,,,1.60,25,0.00,0,
700857,良維元大5A購01,0,0,0,---,---,---, ---,,,2.07,350,0.00,0,
700875,良維元大5A購02,"98,000",4,"185,500",1.90,1.90,1.82,1.82,+,0.19,1.78,450,1.84,10,
700898,力旺統一5A購01,"197,000",9,"10,750",0.16,0.16,0.05,0.06,-,0.04,0.05,110,0.06,50,
700899,力旺統一6A購01,"837,000",56,"370,710",0.45,0.51,0.40,0.40,-,0.14,0.40,42,0.50,628,
700900,台半統一5C購03,0,0,0,---,---,---, ---,,,0.49,10,0.57,3,
700901,尼克森統一5C購01,0,0,0,---,---,---, ---,,,0.28,10,0.33,10,
700902,光頡統一5A購01,0,0,0,---,---,---, ---,,,1.32,10,1.42,10,
700904,波若威統一6A購01,"56,000",18,"243,190",4.50,4.50,4.30,4.30,-,0.0,4.30,3,4.45,3,
700920,波若威永豐5A購01,"20,000",1,"526,000",26.30,26.30,26.30,26.30,-,2.1,26.60,10,32.80,1,
700929,蜜望實國票5A購01,0,0,0,---,---,---, ---,,,9.95,25,10.90,10,
700938,中美晶兆豐5A購01,"594,000",32,"1,446,590",2.47,2.47,2.39,2.45,-,0.35,2.54,10,2.55,10,
700955,撼訊元大5A購01,0,0,0,---,---,---, ---,,,0.02,499,0.12,10,
700983,威剛兆豐5A購01,0,0,0,---,---,---, ---,,,9.30,10,9.35,10,
701010,雙鴻元富5A購01,0,0,0,---,---,---, ---,,,0.56,25,0.00,0,
701037,威剛永豐5C購01,0,0,0,---,---,---, ---,,,5.75,10,6.25,10,
701064,元債20群益61購01,0,0,0,---,---,---, ---,,,0.18,25,0.19,10,
701095,擎亞元大5A購01,0,0,0,---,---,---, ---,,,2.22,25,0.00,0,
701097,營邦元大5A購01,"44,000",4,"60,230",1.21,1.70,1.21,1.36,-,0.33,1.37,499,1.47,10,
701129,元債20元大59購02,0,0,0,---,---,---, ---,,,0.16,499,0.26,10,
701130,元債20元大5B購01,0,0,0,---,---,---, ---,,,0.10,499,0.11,100,
701131,元債20元大61購01,"1,008,000",17,"50,400",0.05,0.05,0.05,0.05,-,0.0,0.04,350,0.05,5,
701150,雙鴻國票59購01,"443,000",3,"4,430",0.01,0.01,0.01,0.01,-,0.0,0.00,0,0.01,20,
701153,雙鴻群益5A購01,0,0,0,---,---,---, ---,,,0.60,998,0.00,0,
701200,雙鴻元大5A購03,0,0,0,---,---,---, ---,,,0.17,125,0.20,17,
701211,威剛凱基5B購01,0,0,0,---,---,---, ---,,,13.10,10,0.00,0,
701221,威剛元大59購01,0,0,0,---,---,---, ---,,,4.23,200,0.00,0,
701227,雙鴻元大5A購04,0,0,0,---,---,---, ---,,,0.17,125,0.24,100,
701253,穩懋國票5B購01,0,0,0,---,---,---, ---,,,17.20,25,0.00,0,
701273,撼訊凱基5B購01,0,0,0,---,---,---, ---,,,0.22,10,0.23,10,
701279,雙鴻國票5B購01,"5,819,000",98,"1,888,810",0.23,0.46,0.22,0.46,+,0.21,0.41,25,0.46,46,
701287,威剛元大5B購01,0,0,0,---,---,---, ---,,,3.65,200,0.00,0,
701288,訊聯元大5B購01,0,0,0,---,---,---, ---,,,0.00,0,0.10,60,
701294,新應材元大5B購01,0,0,0,---,---,---, ---,,,0.02,499,0.40,1,
701298,三聯群益59購01,0,0,0,---,---,---, ---,,,0.00,0,0.20,8,
701311,雙鴻群益5B購01,"50,000",3,"14,100",0.23,0.39,0.23,0.39,+,0.25,0.38,30,0.45,70,
701326,欣銓永豐59購01,0,0,0,---,---,---, ---,,,4.29,499,4.39,10,
701365,力致國票59購01,0,0,0,---,---,---, ---,,,0.00,0,0.01,1314,
701374,台燿元大5B購01,0,0,0,---,---,---, ---,,,7.75,100,7.85,10,
701379,威剛元大5B購02,"1,000",1,"3,300",3.30,3.30,3.30,3.30,-,0.0,3.27,250,3.95,1,
701381,新應材元大5B購02,0,0,0,---,---,---, ---,,,0.04,499,0.14,10,
701386,穩懋元大59購01,0,0,0,---,---,---, ---,,,11.20,50,0.00,0,
701398,譜瑞凱基59購02,0,0,0,---,---,---, ---,,,0.03,100,0.13,10,
701400,台燿元大5B購02,0,0,0,---,---,---, ---,,,8.00,100,8.10,10,
701403,神盾元大5B購01,0,0,0,---,---,---, ---,,,0.08,499,0.18,10,
701412,宏捷科國票59購01,"1,000",1,"10,600",10.60,10.60,10.60,10.60,-,0.0,0.00,0,10.60,13,
701430,台燿統一5B購01,0,0,0,---,---,---, ---,,,7.55,10,7.60,10,
701431,台燿統一5B購02,"12,000",1,"108,000",9.00,9.00,9.00,9.00,-,0.75,9.15,10,9.65,10,
701432,正基統一5C購01,0,0,0,---,---,---, ---,,,0.18,10,0.20,10,
701434,良維統一6B購01,"209,000",4,"148,220",0.70,0.76,0.70,0.74,+,0.04,0.71,10,0.72,10,
701437,威剛統一5B購01,0,0,0,---,---,---, ---,,,0.00,0,3.25,23,
701438,威剛統一6B購01,"2,000",1,"4,460",2.23,2.23,2.23,2.23,+,0.05,2.18,10,2.23,8,
701439,博智統一59購02,0,0,0,---,---,---, ---,,,3.06,10,3.07,10,
701440,華星光統一5B購04,0,0,0,---,---,---, ---,,,5.15,10,5.20,10,
701441,華星光統一61購04,0,0,0,---,---,---, ---,,,5.95,10,0.00,0,
701442,雙鴻統一6B購01,"1,764,000",55,"749,890",0.40,0.45,0.40,0.44,+,0.05,0.44,2,0.45,129,
701460,神盾凱基5B購01,0,0,0,---,---,---, ---,,,0.15,10,0.16,10,
701471,台燿統一65購01,0,0,0,---,---,---, ---,,,4.38,10,0.00,0,
701472,雙鴻統一61購03,"140,000",14,"40,730",0.27,0.35,0.27,0.35,+,0.08,0.30,10,0.35,53,
701473,穩懋統一5B購01,0,0,0,---,---,---, ---,,,0.00,0,0.00,0,
701474,穩懋統一6B購01,"4,000",2,"16,680",4.20,4.20,4.16,4.16,+,0.01,4.29,10,4.30,10,
701479,威剛元大5A購02,0,0,0,---,---,---, ---,,,4.84,150,0.00,0,
701484,擎亞元大5B購01,"2,000",1,"3,680",1.84,1.84,1.84,1.84,-,0.21,1.81,25,2.10,2,
701500,雙鴻中信5B購01,"56,000",4,"13,970",0.27,0.27,0.11,0.26,+,0.05,0.13,20,0.24,74,
701511,新應材凱基5B購01,"180,000",2,"23,400",0.13,0.13,0.13,0.13,-,0.03,0.11,100,0.00,0,
701524,雙鴻群益5A購02,0,0,0,---,---,---, ---,,,0.01,36,0.65,100,
701571,擎亞元大5B購02,0,0,0,---,---,---, ---,,,1.56,25,0.00,0,
701584,宜鼎凱基59購02,0,0,0,---,---,---, ---,,,24.00,100,25.00,10,
701592,竹陞統一6B購01,"264,000",6,"303,140",1.08,1.16,1.08,1.16,+,0.08,1.13,10,1.14,10,
701593,竹陞統一6B購02,"493,000",20,"491,700",1.01,1.08,0.96,1.05,+,0.03,1.04,10,1.05,10,
701594,海韻電統一61購01,0,0,0,---,---,---, ---,,,0.12,10,0.13,10,
701595,雙鴻統一59購03,"30,000",1,"1,800",0.06,0.06,0.06,0.06,+,0.03,0.09,10,0.21,110,
701614,信立元大5B購01,"15,000",4,600,0.04,0.04,0.04,0.04,-,0.0,0.04,5,0.07,14,
701615,威剛元大5B購03,0,0,0,---,---,---, ---,,,0.00,0,3.70,14,
701623,元太統一5B購01,"206,000",10,"17,060",0.09,0.10,0.08,0.10,-,0.03,0.08,101,0.10,55,
701624,竹陞統一5C購03,"3,000",1,"3,030",1.01,1.01,1.01,1.01,+,0.01,0.67,14,1.25,20,
701625,竹陞統一6B購03,"444,000",14,"423,690",0.94,0.99,0.92,0.97,+,0.07,0.89,12,1.12,31,
701626,東捷統一5C購01,0,0,0,---,---,---, ---,,,2.14,10,2.24,10,
701632,宜鼎中信59購01,0,0,0,---,---,---, ---,,,17.60,10,0.00,0,
701650,台燿元大5B購03,0,0,0,---,---,---, ---,,,7.40,100,7.50,10,
701653,威剛元大59購02,0,0,0,---,---,---, ---,,,0.00,0,2.74,499,
701655,雙鴻元大59購01,0,0,0,---,---,---, ---,,,0.19,125,0.35,1,
701658,信昌電統一5C購02,"18,000",3,"74,950",4.16,4.23,4.16,4.23,+,0.58,3.66,1,4.23,1,
701659,穩懋統一59購01,0,0,0,---,---,---, ---,,,6.40,10,6.45,10,
701667,雙鴻群益5B購02,"838,000",7,"280,950",0.26,0.38,0.26,0.36,+,0.08,0.09,111,0.50,60,
701680,宜鼎兆豐5B購01,0,0,0,---,---,---, ---,,,11.70,10,11.80,10,
701692,台燿統一6B購01,0,0,0,---,---,---, ---,,,3.66,10,3.67,10,
701693,系統電統一5C購01,0,0,0,---,---,---, ---,,,0.21,10,0.22,10,
701694,系統電統一6B購01,"30,000",1,"11,100",0.37,0.37,0.37,0.37,-,0.01,0.37,10,0.38,10,
701695,系統電統一6B購02,0,0,0,---,---,---, ---,,,0.40,10,0.41,10,
701696,宜鼎統一5A購01,0,0,0,---,---,---, ---,,,3.88,10,3.89,10,
701697,宜鼎統一5C購04,0,0,0,---,---,---, ---,,,3.31,10,3.96,6,
701698,宜鼎統一6B購01,0,0,0,---,---,---, ---,,,2.54,10,0.00,0,
701699,訊聯統一6B購01,0,0,0,---,---,---, ---,,,0.17,11,0.18,10,
701700,台燿凱基5B購01,0,0,0,---,---,---, ---,,,33.50,100,34.50,10,
701707,威剛凱基59購02,"302,000",4,"996,600",3.30,3.30,3.30,3.30,-,1.39,0.00,0,3.34,10,
701720,系統電永豐5A購01,0,0,0,---,---,---, ---,,,0.07,10,0.17,10,
701725,台燿中信59購01,0,0,0,---,---,---, ---,,,33.60,10,34.60,10,
701762,信昌電國票5B購01,0,0,0,---,---,---, ---,,,21.60,25,0.00,0,
701788,訊聯永豐5B購01,0,0,0,---,---,---, ---,,,0.15,10,0.16,10,
701803,威剛富邦59購01,0,0,0,---,---,---, ---,,,3.81,30,3.91,10,
701804,巨有統一6B購01,"3,000",2,"1,210",0.41,0.41,0.40,0.40,-,0.03,0.39,10,0.40,10,
701805,濱川統一65購01,0,0,0,---,---,---, ---,,,0.24,10,0.00,0,
701806,濱川統一6B購01,0,0,0,---,---,---, ---,,,0.27,1,0.28,10,
701807,濱川統一6B購02,0,0,0,---,---,---, ---,,,0.19,100,0.00,0,
701808,濱川統一6B購03,0,0,0,---,---,---, ---,,,0.29,10,0.30,10,
701822,訊聯元大5B購02,0,0,0,---,---,---, ---,,,0.02,499,0.12,10,
701828,威剛兆豐5B購01,"10,000",1,"55,500",5.55,5.55,5.55,5.55,-,0.0,5.55,20,5.60,10,
701853,巨有統一6B購02,0,0,0,---,---,---, ---,,,0.54,20,0.55,10,
701854,弘塑中信5B購01,0,0,0,---,---,---, ---,,,0.00,0,5.85,10,
701855,威剛中信5B購01,0,0,0,---,---,---, ---,,,2.71,10,2.89,47,
701878,神盾元大59購01,"30,000",1,300,0.01,0.01,0.01,0.01,-,0.01,0.01,499,0.10,20,
701908,信立凱基5B購01,"388,000",14,"31,240",0.08,0.09,0.08,0.08,-,0.04,0.08,10,0.09,10,
701919,信驊元富5B購01,0,0,0,---,---,---, ---,,,9.10,25,9.60,10,
701971,臺慶科凱基59購01,0,0,0,---,---,---, ---,,,2.37,10,2.40,10,
702018,台燿凱基5B購02,0,0,0,---,---,---, ---,,,31.60,100,32.60,10,
702028,昇達科中信5A購01,0,0,0,---,---,---, ---,,,7.45,10,0.00,0,
702047,信立元大59購01,0,0,0,---,---,---, ---,,,0.00,0,0.10,10,
702060,IET中信59購01,0,0,0,---,---,---, ---,,,5.40,10,0.00,0,
702125,旺矽元大5B購01,0,0,0,---,---,---, ---,,,4.18,200,4.28,10,
702133,良維凱基5B購01,0,0,0,---,---,---, ---,,,0.00,0,0.00,0,
702161,精測中信5A購01,0,0,0,---,---,---, ---,,,1.86,10,1.96,10,
702170,昇達科元富5C購01,"8,000",2,"300,000",37.50,37.50,37.50,37.50,-,8.8,38.40,25,39.40,10,
702194,博智凱基5A購01,0,0,0,---,---,---, ---,,,4.45,10,4.55,10,
702212,精測元富59購06,"25,000",1,"60,000",2.40,2.40,2.40,2.40,+,0.75,0.01,100,2.55,10,
702216,穩懋中信5A購01,0,0,0,---,---,---, ---,,,2.34,10,0.00,0,
702222,立碁元大5A購01,"60,000",5,"8,670",0.15,0.28,0.08,0.28,+,0.21,0.08,249,0.28,21,
702223,訊聯元大5A購01,0,0,0,---,---,---, ---,,,0.00,0,0.10,10,
702228,穩懋元大5C購01,0,0,0,---,---,---, ---,,,5.00,150,0.00,0,
702233,力旺凱基59購01,0,0,0,---,---,---, ---,,,0.00,0,0.00,0,
702252,弘塑中信5C購01,0,0,0,---,---,---, ---,,,2.25,10,0.00,0,
702272,弘塑元大59購01,0,0,0,---,---,---, ---,,,2.70,250,0.00,0,
702281,精測元大5C購01,"41,000",5,"50,840",1.24,1.24,1.24,1.24,+,0.24,1.19,28,1.21,10,
702283,穩懋元大5B購01,0,0,0,---,---,---, ---,,,7.30,100,0.00,0,
702284,穩懋元大5C購02,0,0,0,---,---,---, ---,,,6.00,150,0.00,0,
702287,威剛凱基5B購02,0,0,0,---,---,---, ---,,,13.90,10,14.90,10,
702300,順達元大5B購01,0,0,0,---,---,---, ---,,,1.40,450,1.41,10,
702304,穩懋元大5B購02,0,0,0,---,---,---, ---,,,6.75,100,0.00,0,
702306,竑騰國票59購01,0,0,0,---,---,---, ---,,,0.00,0,18.70,10,
702308,華電網國票59購01,0,0,0,---,---,---, ---,,,0.00,0,0.00,0,
702311,雙鴻中信5C購01,0,0,0,---,---,---, ---,,,0.92,10,0.00,0,
702312,穩懋中信5A購02,0,0,0,---,---,---, ---,,,5.10,10,0.00,0,
702321,元太富邦59購01,0,0,0,---,---,---, ---,,,0.00,0,0.00,0,
702322,家登富邦59購01,"72,000",3,"57,630",0.84,0.84,0.79,0.80,-,0.22,0.89,10,0.00,0,
702331,昇達科群益5C購01,0,0,0,---,---,---, ---,,,16.20,5,18.70,1,
702338,雍智凱基59購01,0,0,0,---,---,---, ---,,,0.00,0,0.00,0,
702352,華電網國票5C購01,"310,000",3,"87,800",0.29,0.29,0.28,0.28,-,0.06,0.28,25,0.29,10,
702361,威剛元大59購04,0,0,0,---,---,---, ---,,,4.47,150,0.00,0,
702363,順達元大5A購01,0,0,0,---,---,---, ---,,,0.00,0,0.00,0,
702364,順達元大5B購02,0,0,0,---,---,---, ---,,,1.28,499,2.43,10,
702373,光焱永豐5C購01,0,0,0,---,---,---, ---,,,0.80,10,0.86,10,
702375,訊聯永豐5C購01,0,0,0,---,---,---, ---,,,0.19,499,0.20,10,
702386,訊聯凱基5C購01,0,0,0,---,---,---, ---,,,0.04,10,0.12,2,
702413,順達元大5A購02,0,0,0,---,---,---, ---,,,0.00,0,0.00,0,
702415,雍智元大5C購01,0,0,0,---,---,---, ---,,,5.25,25,6.50,2,
702424,竹陞中信59購01,0,0,0,---,---,---, ---,,,0.94,10,0.00,0,
702441,高技元富5C購01,0,0,0,---,---,---, ---,,,0.21,50,0.98,130,
702445,高技永豐59購01,0,0,0,---,---,---, ---,,,0.00,0,0.01,20,
702450,高技富邦59購01,0,0,0,---,---,---, ---,,,0.00,0,0.01,1230,
702451,新應材富邦5C購01,0,0,0,---,---,---, ---,,,0.20,10,0.29,10,
702459,擎亞元大5A購02,0,0,0,---,---,---, ---,,,2.36,25,0.00,0,
702467,順達凱基5B購01,0,0,0,---,---,---, ---,,,3.89,100,3.99,10,
702490,台燿富邦5C購01,0,0,0,---,---,---, ---,,,12.40,10,13.40,10,
702498,高技元大59購01,0,0,0,---,---,---, ---,,,0.00,0,0.01,189,
702499,順達元大59購02,0,0,0,---,---,---, ---,,,2.22,300,0.00,0,
702505,昇達科群益59購01,0,0,0,---,---,---, ---,,,0.00,0,16.50,10,
702526,昇達科國票5A購01,0,0,0,---,---,---, ---,,,11.50,25,0.00,0,
702550,高技元大59購02,0,0,0,---,---,---, ---,,,0.03,499,0.05,3,
702553,穩懋元大5A購01,0,0,0,---,---,---, ---,,,5.05,150,0.00,0,
702560,昇達科中信5C購01,"41,000",15,"180,550",4.88,4.90,4.00,4.00,-,0.45,4.00,1,4.60,2,
702561,雙鴻中信59購02,0,0,0,---,---,---, ---,,,0.31,10,0.00,0,
702576,富喬凱基5A購01,0,0,0,---,---,---, ---,,,2.96,100,0.00,0,
702577,順達凱基59購01,0,0,0,---,---,---, ---,,,3.10,100,3.20,10,
702578,新應材凱基5B購02,0,0,0,---,---,---, ---,,,0.21,100,0.00,0,
702591,富喬國票59購01,0,0,0,---,---,---, ---,,,1.16,25,0.00,0,
702592,富喬國票5C購01,"384,000",36,"1,290,040",3.80,3.80,3.22,3.51,+,0.16,3.50,1,3.54,10,
702593,富喬國票62購01,"1,814,000",45,"6,035,920",3.60,3.60,3.18,3.35,+,0.09,3.31,5,3.35,75,
702605,系統電元大5C購01,"2,000",1,280,0.14,0.14,0.14,0.14,-,0.1,0.13,499,0.14,10,
702607,旺矽元大59購02,0,0,0,---,---,---, ---,,,3.39,250,0.00,0,
702611,高技元大5C購01,0,0,0,---,---,---, ---,,,0.08,499,0.18,14,
702616,擎亞元大59購01,0,0,0,---,---,---, ---,,,3.24,25,0.00,0,
702627,富喬富邦5C購01,"48,000",10,"72,440",1.48,1.64,1.48,1.64,-,0.13,1.57,10,1.64,1,
702639,IET中信5C購01,"2,000",2,"16,000",8.20,8.20,7.80,7.80,+,0.15,7.70,1,8.20,2,
702641,富喬中信5C購01,"116,000",13,"85,190",0.68,0.75,0.66,0.75,-,0.0,0.73,10,0.75,34,
702642,穩懋中信5C購01,0,0,0,---,---,---, ---,,,4.54,10,0.00,0,
702645,旺矽永豐59購01,0,0,0,---,---,---, ---,,,12.40,10,12.50,10,
702649,富喬永豐59購01,"11,000",2,"16,450",1.45,1.50,1.45,1.50,+,0.06,1.45,10,3.00,1,
702667,系統電元大5B購01,"100,000",1,"4,000",0.04,0.04,0.04,0.04,-,0.01,0.04,499,0.14,10,
702670,家登元大59購01,"234,000",16,"399,580",2.12,2.12,1.34,1.56,-,2.44,1.52,25,0.00,0,
702695,穩懋凱基5A購01,0,0,0,---,---,---, ---,,,14.20,499,15.20,10,
702712,良維中信5B購01,0,0,0,---,---,---, ---,,,0.81,509,0.91,10,
702717,台燿元大59購02,0,0,0,---,---,---, ---,,,14.10,50,0.00,0,
702719,系統電元大5C購02,0,0,0,---,---,---, ---,,,0.05,499,0.15,10,
702724,家登元大59購02,"3,000",1,"1,500",0.50,0.50,0.50,0.50,+,0.03,0.37,25,0.00,0,
702752,台特化統一6C購01,0,0,0,---,---,---, ---,,,0.22,10,0.23,10,
702753,精測統一66購01,"154,000",6,"123,660",0.79,0.83,0.79,0.83,-,0.01,0.63,15,1.09,1,
702775,訊聯永豐5C購02,0,0,0,---,---,---, ---,,,0.00,0,0.30,2,
702776,新應材永豐5C購01,"54,000",6,"71,300",1.35,1.35,1.30,1.30,-,0.08,1.28,1,1.38,2,
702777,精測永豐59購01,0,0,0,---,---,---, ---,,,0.29,10,0.70,4,
702786,威剛中信5C購01,0,0,0,---,---,---, ---,,,3.87,10,5.50,3,
702802,台特化元大59購01,0,0,0,---,---,---, ---,,,0.00,0,0.01,2522,
702804,良維元大59購01,0,0,0,---,---,---, ---,,,0.76,499,0.85,10,
702808,高技元大5A購01,0,0,0,---,---,---, ---,,,0.01,499,0.10,10,
702810,聖暉*元大59購01,0,0,0,---,---,---, ---,,,0.04,499,0.00,0,
702811,聖暉*元大5A購01,"160,000",3,"73,600",0.46,0.46,0.46,0.46,-,0.01,0.42,499,0.43,10,
702828,勤凱統一5C購01,0,0,0,---,---,---, ---,,,0.66,10,0.76,10,
702829,勤凱統一6C購01,"258,000",10,"222,870",0.90,0.90,0.84,0.89,-,0.04,0.90,10,0.91,10,
702830,擎亞統一6C購01,0,0,0,---,---,---, ---,,,1.47,10,1.52,10,
702831,宜鼎元富5C購01,0,0,0,---,---,---, ---,,,17.20,25,18.20,10,
702833,高技元富5C購02,"15,000",3,"7,280",0.46,0.51,0.46,0.51,+,0.06,0.33,25,0.43,10,
702837,雙鴻中信59購03,"161,000",11,"98,050",0.57,0.71,0.56,0.70,+,0.12,0.84,10,0.91,5,
702850,創惟國票59購01,0,0,0,---,---,---, ---,,,0.01,524,0.02,10,
702856,家登凱基59購01,0,0,0,---,---,---, ---,,,2.59,10,2.69,10,
702858,順達凱基59購02,0,0,0,---,---,---, ---,,,4.43,100,4.53,10,
702878,櫃200群益5B購01,"2,000",1,"18,900",9.45,9.45,9.45,9.45,-,0.15,9.50,499,10.00,100,
702884,家登元大5C購01,"2,000",1,"2,760",1.38,1.38,1.38,1.38,-,0.06,1.35,25,1.45,10,
702885,高技元大5A購02,"162,000",7,"74,770",0.48,0.49,0.41,0.49,+,0.05,0.40,25,0.00,0,
702886,高技元大5B購01,"320,000",8,"111,610",0.37,0.38,0.33,0.33,+,0.01,0.32,499,0.33,10,
702888,穩懋元大59購05,0,0,0,---,---,---, ---,,,4.64,150,5.25,3,
702898,穩懋永豐59購02,0,0,0,---,---,---, ---,,,10.10,499,11.00,10,
702912,元太元大59購01,0,0,0,---,---,---, ---,,,0.00,0,0.04,17,
702919,高技元大5B購02,"20,000",1,"3,200",0.16,0.16,0.16,0.16,+,0.01,0.13,499,0.14,10,
702943,力旺元富59購02,"216,000",4,"366,200",2.00,2.00,1.68,1.80,-,1.45,2.03,25,2.11,10,
702951,新應材永豐5C購02,"1,000",1,"2,050",2.05,2.05,2.05,2.05,+,0.63,0.00,0,2.05,4,
702953,力旺中信5C購01,0,0,0,---,---,---, ---,,,1.05,1,0.00,0,
702966,元債20凱基5C購01,0,0,0,---,---,---, ---,,,0.25,100,0.26,50,
702968,系微凱基59購01,0,0,0,---,---,---, ---,,,0.12,10,0.13,10,
702969,宜鼎凱基5C購01,0,0,0,---,---,---, ---,,,24.30,100,25.30,10,
702980,訊聯統一6C購01,0,0,0,---,---,---, ---,,,0.24,10,0.25,10,
702987,穩懋元大5C購03,0,0,0,---,---,---, ---,,,8.25,100,0.00,0,
702990,華景電元富5C購01,0,0,0,---,---,---, ---,,,1.81,25,1.85,10,
702993,宜鼎中信5A購02,0,0,0,---,---,---, ---,,,8.85,10,0.00,0,
703002,新應材永豐5C購03,"30,000",1,"20,400",0.68,0.68,0.68,0.68,-,0.08,0.65,10,0.68,10,
703004,鑫科永豐5C購01,0,0,0,---,---,---, ---,,,1.27,10,1.28,10,
703011,宜特國票5A購01,0,0,0,---,---,---, ---,,,0.52,25,0.62,10,
703030,金益鼎凱基5A購01,"2,000",1,"1,300",0.65,0.65,0.65,0.65,-,0.03,0.64,10,0.66,10,
703036,元太群益5B購01,0,0,0,---,---,---, ---,,,0.06,166,0.00,0,
703043,高技中信5C購01,0,0,0,---,---,---, ---,,,0.09,10,0.00,0,
703045,雙鴻中信5C購02,"1,052,000",31,"1,232,450",1.03,1.35,1.01,1.35,+,0.33,1.35,13,1.68,17,
703048,順達永豐5A購01,0,0,0,---,---,---, ---,,,0.70,10,0.00,0,
703049,順達永豐5C購01,"3,000",1,"10,110",3.37,3.37,3.37,3.37,-,0.63,3.39,10,5.00,1,
703051,穩得永豐5A購01,0,0,0,---,---,---, ---,,,1.22,10,1.28,10,
703062,元太凱基5B購01,0,0,0,---,---,---, ---,,,0.02,499,0.00,0,
703075,台特化元大5A購01,"1,000",1,60,0.06,0.06,0.06,0.06,+,0.01,0.02,899,0.05,80,
703093,順達中信5B購01,"68,000",6,"70,860",1.02,1.08,1.02,1.06,-,0.12,0.98,10,0.99,10,
703102,穩懋永豐5C購01,0,0,0,---,---,---, ---,,,11.70,10,12.70,10,
703112,雙鴻凱基59購04,"12,000",2,"13,880",0.99,1.19,0.99,1.19,+,0.43,1.39,100,0.00,0,
703113,雙鴻凱基5A購01,"176,000",8,"89,260",0.38,0.73,0.37,0.73,+,0.41,0.69,499,0.00,0,
703117,新復興國票59購01,0,0,0,---,---,---, ---,,,0.01,25,0.11,10,
703125,台特化元大5A購02,"1,000",1,100,0.10,0.10,0.10,0.10,+,0.05,0.02,16,0.10,3,
703132,聖暉*元大5C購01,"268,000",8,"341,740",1.30,1.30,1.25,1.25,-,0.04,1.22,499,1.23,10,
703135,金山電統一5C購02,0,0,0,---,---,---, ---,,,1.38,10,1.48,10,
703136,博智統一5C購01,"27,000",3,"37,140",1.36,1.42,1.36,1.36,-,0.06,1.37,10,1.38,10,
703137,璟德統一5C購01,0,0,0,---,---,---, ---,,,0.14,5,0.18,10,
703144,穩懋中信5C購02,0,0,0,---,---,---, ---,,,3.21,10,0.00,0,
703145,千附精永豐59購01,0,0,0,---,---,---, ---,,,4.73,10,4.83,10,
703153,弘塑群益59購01,0,0,0,---,---,---, ---,,,0.00,0,0.00,0,
703171,宜鼎元大5C購03,0,0,0,---,---,---, ---,,,4.60,150,0.00,0,
703178,台星科國票59購01,0,0,0,---,---,---, ---,,,1.31,25,1.41,10,
703181,元太凱基59購01,0,0,0,---,---,---, ---,,,0.00,0,0.00,0,
703210,威剛群益5A購01,0,0,0,---,---,---, ---,,,4.17,2,6.55,10,
703217,欣銓中信59購01,0,0,0,---,---,---, ---,,,0.00,0,0.00,0,
703224,新應材永豐59購02,"78,000",1,"7,800",0.10,0.10,0.10,0.10,-,0.03,0.09,10,0.10,10,
703229,台特化凱基5A購01,0,0,0,---,---,---, ---,,,0.03,10,0.13,10,
703260,雙鴻中信5C購03,"1,000",1,430,0.43,0.43,0.43,0.43,+,0.17,0.43,110,0.68,4,
703266,雙鴻永豐59購01,"2,000",2,800,0.38,0.42,0.38,0.42,+,0.18,0.44,10,0.00,0,
703271,湧德統一5C購02,0,0,0,---,---,---, ---,,,0.20,10,0.21,10,
703295,信驊群益5B購02,0,0,0,---,---,---, ---,,,6.50,100,7.00,10,
703296,威剛群益5B購01,"2,000",1,"5,600",2.80,2.80,2.80,2.80,+,0.04,2.75,25,2.81,10,
703308,家登元大5B購01,0,0,0,---,---,---, ---,,,4.60,25,0.00,0,
703315,欣銓元富5A購01,0,0,0,---,---,---, ---,,,8.25,25,8.75,10,
703320,鈊象中信61購01,0,0,0,---,---,---, ---,,,0.13,10,0.23,10,
703324,金益鼎永豐5A購01,0,0,0,---,---,---, ---,,,0.36,10,0.39,10,
703330,廣明永豐5A購01,0,0,0,---,---,---, ---,,,0.00,0,0.03,10,
703339,台燿富邦61購01,0,0,0,---,---,---, ---,,,8.50,10,9.00,10,
703340,信驊富邦5A購01,0,0,0,---,---,---, ---,,,7.35,10,7.85,10,
703341,新應材富邦61購01,0,0,0,---,---,---, ---,,,0.00,0,0.80,17,
703343,台星科凱基59購01,0,0,0,---,---,---, ---,,,2.47,100,2.57,10,
703351,家登凱基59購02,0,0,0,---,---,---, ---,,,5.25,100,5.45,10,
703353,富喬凱基5A購02,0,0,0,---,---,---, ---,,,1.38,100,1.68,2,
703354,富喬凱基5B購01,"101,000",3,"159,600",1.60,1.60,1.58,1.58,+,0.08,0.36,27,1.60,29,
703355,富喬凱基61購01,0,0,0,---,---,---, ---,,,3.09,100,0.00,0,
703364,欣銓兆豐59購01,0,0,0,---,---,---, ---,,,5.60,10,5.65,10,
703368,威剛國票59購02,"19,000",7,"51,090",2.68,2.79,2.60,2.72,-,0.03,2.66,25,2.73,10,
703371,富喬國票5B購01,"307,000",12,"397,030",1.30,1.33,1.26,1.29,+,0.02,1.32,25,1.34,10,
703372,富喬國票61購01,"33,000",7,"89,560",2.58,2.76,2.58,2.75,+,0.03,2.69,25,2.76,2,
703378,東捷群益59購01,0,0,0,---,---,---, ---,,,0.00,0,8.30,10,
703379,訊聯群益59購01,0,0,0,---,---,---, ---,,,0.00,0,0.00,0,
703380,富喬群益5B購01,"40,000",3,"28,000",0.74,0.74,0.66,0.66,+,0.2,0.70,100,0.00,0,
703386,富喬富邦5A購01,"188,000",13,"110,680",0.60,0.60,0.58,0.59,-,0.05,0.57,10,0.59,60,
703389,富喬統一65購01,"1,207,000",33,"665,400",0.55,0.61,0.54,0.58,+,0.02,0.57,1,0.58,19,
703390,撼訊統一65購01,0,0,0,---,---,---, ---,,,0.32,10,0.33,10,
703395,信驊元富5A購01,0,0,0,---,---,---, ---,,,7.95,25,8.45,10,
703396,信驊元富5A購02,"6,000",2,"31,200",5.20,5.20,5.20,5.20,-,0.15,5.85,25,6.35,10,
703399,順達元富61購01,"5,000",1,"7,800",1.56,1.56,1.56,1.56,-,0.19,1.46,25,1.56,5,
703400,信驊中信61購01,"16,000",3,"116,300",7.25,7.55,7.25,7.55,+,0.9,7.55,10,7.65,10,
703401,富喬中信61購01,"4,000",1,"2,160",0.54,0.54,0.54,0.54,-,0.13,0.56,10,0.66,10,
703402,新應材中信59購01,0,0,0,---,---,---, ---,,,0.01,10,0.04,5,
703403,明安永豐59購01,0,0,0,---,---,---, ---,,,0.00,0,0.10,10,
703407,富喬永豐5A購01,"11,000",2,"4,400",0.40,0.40,0.40,0.40,-,0.0,0.39,10,0.49,10,
703418,富喬元大5B購01,"32,000",2,"22,320",0.63,0.71,0.63,0.71,+,0.01,0.70,499,0.80,10,
703419,富喬元大5C購01,"15,000",4,"14,410",0.83,1.02,0.83,0.98,+,0.01,0.91,499,1.01,10,
703420,富喬元大61購02,"569,000",19,"535,420",0.92,0.97,0.90,0.96,+,0.04,0.96,499,1.03,4,
703427,台特化凱基59購01,0,0,0,---,---,---, ---,,,0.00,0,0.10,10,
703431,健喬凱基59購01,"10,000",1,400,0.04,0.04,0.04,0.04,-,0.12,0.04,10,0.14,10,
703432,湧德凱基59購01,0,0,0,---,---,---, ---,,,0.00,0,0.10,10,
703434,雷科凱基59購01,0,0,0,---,---,---, ---,,,10.10,100,0.00,0,
703436,台特化兆豐59購01,0,0,0,---,---,---, ---,,,0.00,0,0.01,10,
703437,台燿兆豐59購01,"50,000",5,"720,000",14.40,14.40,14.40,14.40,-,1.5,15.10,20,15.20,20,
703438,欣銓國票59購01,"3,000",1,"12,570",4.19,4.19,4.19,4.19,-,0.41,4.15,25,4.25,10,
703439,倚強國票59購01,0,0,0,---,---,---, ---,,,0.06,25,0.07,10,
703441,晟田國票59購01,"42,000",4,"145,080",3.63,3.63,3.45,3.45,+,0.27,3.40,25,3.50,10,
703442,湧德國票59購01,"7,000",1,210,0.03,0.03,0.03,0.03,-,0.02,0.04,25,0.05,10,
703443,安碁元富61購01,"5,000",1,"5,650",1.13,1.13,1.13,1.13,-,0.06,1.11,25,1.14,10,
703449,台特化永豐59購01,0,0,0,---,---,---, ---,,,0.00,0,0.10,10,
703450,生合永豐59購01,0,0,0,---,---,---, ---,,,0.00,0,0.03,10,
703454,欣銓永豐59購02,0,0,0,---,---,---, ---,,,2.46,499,2.56,10,
703455,捷流永豐59購01,0,0,0,---,---,---, ---,,,0.02,499,0.03,10,
703457,醫揚永豐59購01,0,0,0,---,---,---, ---,,,0.00,0,0.03,10,
703458,寶島科永豐59購01,0,0,0,---,---,---, ---,,,0.00,0,0.03,10,
703459,鏵友益永豐5B購01,0,0,0,---,---,---, ---,,,0.85,499,0.90,10,
703463,台特化統一62購01,0,0,0,---,---,---, ---,,,0.15,10,0.16,10,
703464,台特化統一63購01,"10,000",1,900,0.09,0.09,0.09,0.09,-,0.01,0.09,13,0.18,10,
703465,台特化統一71購01,"225,000",3,"71,900",0.32,0.32,0.31,0.32,-,0.03,0.32,10,0.33,10,
703466,台燿統一5C購03,0,0,0,---,---,---, ---,,,6.10,10,6.15,10,
703467,台燿統一61購02,0,0,0,---,---,---, ---,,,5.80,10,5.85,10,
703468,宏捷科統一71購01,"680,000",9,"328,940",0.49,0.50,0.47,0.48,-,0.0,0.48,10,0.49,10,
703469,欣銓統一5A購01,0,0,0,---,---,---, ---,,,2.85,10,2.86,10,
703470,欣銓統一5C購01,"1,000",1,"2,080",2.08,2.08,2.08,2.08,-,0.08,1.99,10,2.00,10,
703471,欣銓統一61購01,"12,000",1,"23,400",1.95,1.95,1.95,1.95,-,0.27,1.97,10,1.98,10,
703472,欣銓統一65購01,0,0,0,---,---,---, ---,,,1.27,10,1.32,10,
703473,欣銓統一6C購01,"502,000",6,"654,800",1.32,1.33,1.26,1.26,-,0.14,1.30,13,1.31,10,
703474,金益鼎統一65購01,0,0,0,---,---,---, ---,,,0.38,10,0.39,45,
703475,茂迪統一65購01,0,0,0,---,---,---, ---,,,0.38,10,0.40,10,
703476,神盾統一61購01,0,0,0,---,---,---, ---,,,0.18,10,0.19,10,
703477,雙鴻統一61購04,"1,511,000",45,"681,460",0.36,0.48,0.36,0.48,+,0.11,0.47,10,0.48,52,
703478,穩得統一65購01,"106,000",3,"64,760",0.61,0.62,0.61,0.62,-,0.0,0.61,10,0.62,10,
703479,穩懋統一5B購02,0,0,0,---,---,---, ---,,,4.10,10,4.11,10,
703480,穩懋統一5C購01,0,0,0,---,---,---, ---,,,3.90,10,3.91,10,
703481,穩懋統一5C購02,0,0,0,---,---,---, ---,,,4.34,10,4.35,10,
703482,穩懋統一5C購03,0,0,0,---,---,---, ---,,,5.00,10,5.05,10,
703483,穩懋統一6C購01,0,0,0,---,---,---, ---,,,2.50,10,2.51,10,
703497,台星科群益59購01,0,0,0,---,---,---, ---,,,0.42,499,0.94,20,
703500,欣銓群益59購02,0,0,0,---,---,---, ---,,,4.57,100,0.00,0,
703515,雍智兆豐61購01,0,0,0,---,---,---, ---,,,8.30,10,8.35,10,
703520,宜鼎富邦5A購01,0,0,0,---,---,---, ---,,,6.85,10,7.35,10,
703522,矽科富邦59購01,0,0,0,---,---,---, ---,,,0.00,0,0.02,27,
703523,能率亞富邦59購01,0,0,0,---,---,---, ---,,,0.67,10,0.88,20,
703527,台星科元大59購01,"10,000",1,"3,200",0.32,0.32,0.32,0.32,-,0.32,0.33,25,0.00,0,
703528,系統電元大5A購01,0,0,0,---,---,---, ---,,,0.00,0,0.09,20,
703534,欣銓元大59購01,0,0,0,---,---,---, ---,,,2.76,250,0.00,0,
703535,欣銓元大5A購01,0,0,0,---,---,---, ---,,,3.02,200,3.12,10,
703548,聖暉*元大59購02,"129,000",3,"6,450",0.05,0.05,0.05,0.05,-,0.05,0.05,499,0.00,0,
703553,加百裕群益59購01,0,0,0,---,---,---, ---,,,0.00,0,0.15,10,
703555,台特化群益59購01,0,0,0,---,---,---, ---,,,0.00,0,0.01,150,
703581,臺慶科凱基5C購01,"142,000",14,"355,090",2.70,2.70,2.22,2.33,-,0.35,1.08,9,0.00,0,
703589,佶優元富5A購01,0,0,0,---,---,---, ---,,,0.03,25,0.13,10,
703599,世禾國票59購01,0,0,0,---,---,---, ---,,,0.00,0,0.01,20,
703604,欣銓國票61購01,0,0,0,---,---,---, ---,,,3.15,25,3.25,10,
703615,宜鼎統一61購01,0,0,0,---,---,---, ---,,,3.97,10,0.00,0,
703616,矽科統一6C購01,0,0,0,---,---,---, ---,,,0.33,10,0.34,10,
703617,金益鼎統一6C購01,"20,000",1,"12,000",0.60,0.60,0.60,0.60,-,0.0,0.60,10,0.61,10,
703618,長科*統一64購01,"6,000",2,"6,630",1.13,1.13,1.10,1.10,-,0.16,1.09,10,1.10,5,
703619,家登統一6C購01,"58,000",2,"42,600",0.70,0.74,0.70,0.74,-,0.03,0.72,10,0.73,10,
703620,捷創統一61購01,0,0,0,---,---,---, ---,,,0.08,10,0.13,10,
703621,世禾凱基59購01,0,0,0,---,---,---, ---,,,0.00,0,0.01,200,
703622,台星科凱基59購02,0,0,0,---,---,---, ---,,,0.98,100,1.08,10,
703628,博智凱基59購02,0,0,0,---,---,---, ---,,,6.65,10,7.15,10,
703630,聖暉*凱基59購01,0,0,0,---,---,---, ---,,,0.06,100,0.16,10,
703632,穩懋凱基5C購01,0,0,0,---,---,---, ---,,,10.60,20,11.60,10,
703637,台星科兆豐59購01,0,0,0,---,---,---, ---,,,2.44,10,2.45,10,
703639,台特化國票5A購01,0,0,0,---,---,---, ---,,,0.00,0,0.00,0,
703642,匯鑽科國票59購01,0,0,0,---,---,---, ---,,,0.00,0,0.03,60,
703643,新應材國票5A購01,0,0,0,---,---,---, ---,,,0.01,25,0.04,10,
703648,宜鼎元大5A購02,0,0,0,---,---,---, ---,,,4.90,150,0.00,0,
703651,家登元大5C購02,0,0,0,---,---,---, ---,,,1.18,25,1.28,10,
703652,湧德元大61購01,"869,000",12,"487,300",0.53,0.58,0.53,0.57,+,0.01,0.57,499,0.58,10,
703654,勤凱元大61購01,"599,000",9,"646,920",1.08,1.08,1.08,1.08,-,0.04,1.11,499,1.21,10,
703660,聖暉*元大5C購02,"358,000",9,"389,320",1.10,1.10,1.07,1.07,-,0.01,1.04,499,1.05,10,
703661,雍智元大61購01,0,0,0,---,---,---, ---,,,0.00,0,0.00,0,
703663,旺矽凱基59購01,0,0,0,---,---,---, ---,,,19.20,10,20.20,10,
703664,家登凱基59購03,0,0,0,---,---,---, ---,,,0.03,10,0.13,10,
703665,家登凱基5C購01,"115,000",6,"115,330",1.21,1.21,0.96,0.99,-,0.14,0.97,100,0.98,10,
703682,家登元大5C購03,"127,000",7,"146,540",1.22,1.22,1.11,1.13,-,0.18,1.10,25,1.12,10,
703684,聖暉*元大5A購02,0,0,0,---,---,---, ---,,,0.14,20,0.22,10,
703690,家登國票59購01,"150,000",3,"9,000",0.07,0.07,0.05,0.05,-,0.07,0.05,25,0.06,10,
703713,訊聯凱基5B購01,0,0,0,---,---,---, ---,,,0.04,10,0.14,10,
703725,宜鼎元大5B購01,0,0,0,---,---,---, ---,,,6.20,100,0.00,0,
703728,順達元大5A購03,0,0,0,---,---,---, ---,,,1.49,450,1.51,10,
703729,聖暉*元大5A購03,"68,000",1,"35,360",0.52,0.52,0.52,0.52,-,0.06,0.54,499,0.55,10,
703734,合晶群益59購01,0,0,0,---,---,---, ---,,,0.00,0,23.50,10,
703740,精材群益5A購01,"1,000",1,"6,400",6.40,6.40,6.40,6.40,+,1.52,6.40,14,0.00,0,
703743,中探針永豐59購01,0,0,0,---,---,---, ---,,,19.50,499,20.50,10,
703744,世界永豐59購01,0,0,0,---,---,---, ---,,,1.19,10,1.26,10,
703745,加百裕永豐5A購01,0,0,0,---,---,---, ---,,,0.03,10,0.08,10,
703747,弘塑永豐59購02,0,0,0,---,---,---, ---,,,0.45,499,0.55,10,
703751,青雲永豐59購01,0,0,0,---,---,---, ---,,,23.80,499,0.00,0,
703754,原相永豐59購01,0,0,0,---,---,---, ---,,,0.07,10,0.17,10,
703755,能率亞永豐59購01,0,0,0,---,---,---, ---,,,3.58,499,3.68,10,
703759,崴寶永豐59購01,"2,000",1,"1,320",0.66,0.66,0.66,0.66,-,0.31,0.68,10,1.99,5,
703762,精材永豐59購01,0,0,0,---,---,---, ---,,,10.80,10,0.00,0,
703765,點序永豐59購01,0,0,0,---,---,---, ---,,,0.00,0,0.02,20,
703767,譜瑞永豐59購01,0,0,0,---,---,---, ---,,,0.01,10,0.11,10,
703771,系統電凱基5C購01,"40,000",3,"7,300",0.18,0.19,0.17,0.19,-,0.02,0.18,10,0.19,10,
703773,新復興凱基5A購01,0,0,0,---,---,---, ---,,,0.00,0,0.10,10,
703779,世界兆豐59購01,"4,000",1,"7,560",1.89,1.89,1.89,1.89,+,0.11,1.89,6,1.90,10,
703780,精材兆豐59購01,"36,000",5,"309,350",8.20,8.85,8.20,8.65,+,1.3,8.80,20,8.85,20,
703785,世界國票61購01,"9,000",3,"18,960",2.13,2.13,2.08,2.08,-,0.17,2.09,25,2.17,10,
703793,點序國票59購01,0,0,0,---,---,---, ---,,,0.00,0,0.00,0,
703802,穩懋群益59購01,0,0,0,---,---,---, ---,,,0.00,0,0.00,0,
703804,譜瑞群益59購01,0,0,0,---,---,---, ---,,,0.00,0,0.10,10,
703813,聖暉*元大5A購04,"64,000",2,"31,360",0.49,0.49,0.49,0.49,-,0.02,0.50,499,0.51,10,
703822,世禾永豐59購01,0,0,0,---,---,---, ---,,,0.01,10,0.11,10,
703823,弘塑永豐5A購01,0,0,0,---,---,---, ---,,,0.68,10,0.78,10,
703824,富強鑫永豐59購01,0,0,0,---,---,---, ---,,,0.00,0,0.05,10,
703826,鉅橡永豐59購01,0,0,0,---,---,---, ---,,,0.04,10,0.05,10,
703827,元太富邦59購02,0,0,0,---,---,---, ---,,,0.00,0,0.02,106,
703828,元太富邦59購03,0,0,0,---,---,---, ---,,,0.00,0,0.02,599,
703829,世界富邦5A購01,"44,000",1,"22,880",0.52,0.52,0.52,0.52,-,0.1,0.53,509,0.63,10,
703831,弘塑富邦59購01,0,0,0,---,---,---, ---,,,1.03,10,0.00,0,
703832,湧德富邦59購01,0,0,0,---,---,---, ---,,,0.02,10,0.00,0,
703835,穩懋兆豐59購01,0,0,0,---,---,---, ---,,,5.65,10,5.70,10,
703837,系統電元大5B購02,0,0,0,---,---,---, ---,,,0.05,499,0.11,10,
703838,順達元大5A購04,"8,000",1,"29,120",3.64,3.64,3.64,3.64,-,0.26,3.37,200,3.46,10,
703839,聖暉*元大5B購01,0,0,0,---,---,---, ---,,,1.79,400,1.89,10,
703842,世界凱基61購01,"77,000",4,"269,000",3.52,3.52,3.44,3.52,-,0.37,3.60,28,3.70,10,
703851,穩懋凱基59購02,0,0,0,---,---,---, ---,,,10.30,499,11.30,10,
703855,宏捷科富邦59購01,0,0,0,---,---,---, ---,,,0.08,10,0.00,0,
703856,聖暉*富邦59購01,0,0,0,---,---,---, ---,,,0.05,30,0.00,0,
703858,廣運富邦59購01,0,0,0,---,---,---, ---,,,0.00,0,0.01,26,
703860,世界統一61購01,0,0,0,---,---,---, ---,,,0.69,10,0.79,10,
703861,世界統一71購01,0,0,0,---,---,---, ---,,,0.68,15,0.75,5,
703862,巨漢統一61購01,"2,000",1,"1,220",0.61,0.61,0.61,0.61,-,0.03,0.60,10,0.61,40,
703863,弘塑統一61購01,"60,000",6,"51,600",0.86,0.86,0.86,0.86,-,0.07,0.81,10,0.82,10,
703864,光頡統一61購01,"74,000",4,"89,370",1.21,1.23,1.12,1.12,-,0.24,1.08,10,1.09,10,
703865,光頡統一71購01,"7,000",3,"8,410",1.19,1.21,1.19,1.21,-,0.06,1.20,10,1.21,10,
703866,均豪統一61購02,0,0,0,---,---,---, ---,,,0.57,10,0.58,10,
703867,金山電統一64購01,"10,000",1,"14,300",1.43,1.43,1.43,1.43,-,0.07,1.36,10,1.37,10,
703868,捷創統一61購02,0,0,0,---,---,---, ---,,,0.13,10,0.14,10,
703869,捷創統一71購01,"1,124,000",15,"373,570",0.34,0.35,0.33,0.33,-,0.0,0.33,150,0.34,10,
703870,富強鑫統一61購01,0,0,0,---,---,---, ---,,,0.13,10,0.18,10,
703871,富強鑫統一71購01,0,0,0,---,---,---, ---,,,0.46,100,0.47,10,
703872,富強鑫統一71購02,0,0,0,---,---,---, ---,,,0.26,10,0.31,10,
703873,崴寶統一71購01,"441,000",16,"486,570",1.11,1.12,1.08,1.12,-,0.03,1.11,91,1.12,10,
703874,鉅橡統一61購01,"13,000",2,"5,460",0.42,0.42,0.42,0.42,-,0.06,0.40,10,0.41,10,
703875,鉅橡統一61購02,"108,000",3,"46,440",0.43,0.43,0.43,0.43,-,0.04,0.40,10,0.41,10,
703876,鉅橡統一61購03,0,0,0,---,---,---, ---,,,0.36,10,0.37,10,
703877,鉅橡統一71購01,0,0,0,---,---,---, ---,,,0.48,10,0.49,10,
703878,精材統一71購01,"10,000",7,"23,350",2.32,2.36,2.32,2.34,+,0.24,2.34,8,2.35,10,
703879,臺慶科統一71購01,"256,000",15,"256,740",1.02,1.02,0.95,0.96,-,0.08,0.96,102,0.97,10,
703880,穩懋統一61購02,0,0,0,---,---,---, ---,,,2.89,10,2.90,10,
703881,穩懋統一61購03,"10,000",3,"25,000",2.50,2.50,2.50,2.50,-,0.04,2.57,10,2.67,10,
703882,穩懋統一71購01,"48,000",5,"95,670",1.97,2.00,1.97,2.00,-,0.0,2.05,10,2.15,10,
703886,精材群益5C購01,"4,000",2,"36,300",8.90,9.60,8.90,9.60,+,1.6,6.10,1,9.90,1,
703887,耀勝群益5A購01,0,0,0,---,---,---, ---,,,0.00,0,0.00,0,
703895,穩懋國票5A購02,"15,000",3,"122,950",8.20,8.20,8.15,8.20,-,1.05,8.70,25,9.20,10,
703902,中美晶永豐5A購01,0,0,0,---,---,---, ---,,,2.31,10,2.41,10,
703905,湧德永豐59購01,0,0,0,---,---,---, ---,,,0.00,0,0.05,10,
703906,鉅橡永豐5A購01,0,0,0,---,---,---, ---,,,0.13,10,0.14,10,
703912,合晶凱基59購01,0,0,0,---,---,---, ---,,,0.00,0,0.00,0,
703914,聖暉*凱基61購01,0,0,0,---,---,---, ---,,,1.37,100,0.00,0,
703917,耀勝凱基5A購01,0,0,0,---,---,---, ---,,,0.00,0,0.10,10,
703920,系統電國票59購01,0,0,0,---,---,---, ---,,,0.00,0,0.00,0,
703921,神準國票59購01,0,0,0,---,---,---, ---,,,0.23,1,0.24,14,
703923,創惟國票61購01,"219,000",9,"70,970",0.35,0.35,0.31,0.31,-,0.06,0.31,25,0.32,10,
703928,弘塑富邦59購02,0,0,0,---,---,---, ---,,,0.81,10,0.00,0,
703930,金山電富邦59購01,0,0,0,---,---,---, ---,,,1.73,10,0.00,0,
703942,聖暉*元大5B購02,"134,000",8,"268,410",2.06,2.06,1.83,1.83,-,0.17,1.88,400,1.90,10,
703950,雙鴻群益5A購03,0,0,0,---,---,---, ---,,,1.14,499,0.00,0,
703954,世界永豐5A購01,"70,000",2,"66,200",0.94,0.96,0.94,0.96,-,0.23,1.00,10,1.02,10,
703955,台半永豐59購01,0,0,0,---,---,---, ---,,,2.90,10,3.00,10,
703957,宜特永豐59購01,0,0,0,---,---,---, ---,,,0.13,499,0.14,10,
703960,雙鴻永豐5A購01,"2,411,000",16,"4,166,960",1.40,2.00,1.40,2.00,+,0.78,2.01,10,2.54,5,
703961,久元統一61購01,0,0,0,---,---,---, ---,,,0.50,10,0.51,10,
703962,中美晶統一61購01,"31,000",4,"37,710",1.23,1.24,1.16,1.24,-,0.16,1.22,10,1.24,10,
703963,中探針統一71購01,"17,000",4,"58,960",3.40,3.54,3.32,3.54,+,0.15,3.40,10,0.00,0,
703964,世禾統一65購01,0,0,0,---,---,---, ---,,,0.26,10,0.27,10,
703965,世界統一5B購01,0,0,0,---,---,---, ---,,,0.81,10,0.82,10,
703966,台半統一71購01,"48,000",5,"65,280",1.35,1.37,1.35,1.35,-,0.24,1.37,10,1.38,10,
703967,台半統一71購02,"409,000",10,"410,000",1.00,1.01,0.97,1.00,-,0.03,1.00,10,1.01,10,
703968,台星科統一71購01,"349,000",11,"322,030",0.96,0.96,0.89,0.89,-,0.09,0.90,10,0.91,10,
703969,弘塑統一61購02,"71,000",6,"72,090",1.00,1.05,1.00,1.04,-,0.15,1.04,10,1.05,10,
703970,弘塑統一61購03,"60,000",3,"71,300",1.22,1.22,1.18,1.18,-,0.16,1.23,10,1.24,10,
703971,光頡統一61購02,0,0,0,---,---,---, ---,,,0.85,10,0.86,10,
703972,合晶統一5C購03,"15,000",1,"88,500",5.90,5.90,5.90,5.90,-,0.6,6.00,10,6.05,10,
703973,均華統一5C購03,0,0,0,---,---,---, ---,,,1.40,10,1.41,10,
703974,長科*統一64購02,0,0,0,---,---,---, ---,,,0.95,10,0.96,10,
703975,佶優統一71購01,"10,000",1,"4,500",0.45,0.45,0.45,0.45,-,0.01,0.45,10,0.46,10,
703976,信昌電統一61購01,0,0,0,---,---,---, ---,,,8.20,10,8.25,10,
703977,捷創統一71購02,0,0,0,---,---,---, ---,,,0.30,10,0.35,10,
703978,富強鑫統一61購02,0,0,0,---,---,---, ---,,,0.10,10,0.11,10,
703979,順達統一5C購05,0,0,0,---,---,---, ---,,,0.86,10,0.00,0,
703980,順達統一61購01,0,0,0,---,---,---, ---,,,0.69,10,0.79,11,
703981,萬潤統一61購01,0,0,0,---,---,---, ---,,,7.45,10,0.00,0,
703982,鉅橡統一64購01,"132,000",1,"69,960",0.53,0.53,0.53,0.53,-,0.04,0.49,100,0.50,10,
703983,精材統一61購01,"32,000",6,"120,060",3.62,3.98,3.62,3.98,+,0.77,3.98,10,0.00,0,
703984,廣明統一61購01,"10,000",1,200,0.02,0.02,0.02,0.02,-,0.01,0.02,5,0.09,39,
703985,穩懋統一63購01,"30,000",3,"83,300",2.80,2.90,2.63,2.63,-,0.05,2.64,10,2.65,10,
703989,穩懋元富5A購01,0,0,0,---,---,---, ---,,,5.35,25,5.85,10,
703991,元債20凱基71購01,0,0,0,---,---,---, ---,,,0.76,100,0.77,50,
704000,穩懋凱基59購03,0,0,0,---,---,---, ---,,,8.45,499,8.95,10,
704009,中探針統一61購01,0,0,0,---,---,---, ---,,,6.50,10,6.55,10,
704010,中探針統一61購02,0,0,0,---,---,---, ---,,,0.00,0,0.00,0,
704011,元太統一61購01,"10,000",1,"1,700",0.17,0.17,0.17,0.17,-,0.04,0.17,499,0.48,10,
704012,世禾統一71購01,"1,140,000",5,"391,000",0.35,0.35,0.34,0.34,-,0.01,0.34,10,0.35,10,
704013,台半統一61購01,0,0,0,---,---,---, ---,,,1.11,10,1.21,10,
704014,台星科統一61購01,"3,000",1,"1,680",0.56,0.56,0.56,0.56,-,0.1,0.56,10,0.59,10,
704015,台燿統一71購01,0,0,0,---,---,---, ---,,,3.25,1,3.68,8,
704016,巨漢統一61購02,0,0,0,---,---,---, ---,,,0.56,10,0.58,10,
704017,巨漢統一71購01,"17,000",1,"14,110",0.83,0.83,0.83,0.83,-,0.03,0.82,10,0.83,10,
704018,光頡統一61購03,"79,000",3,"88,130",1.13,1.14,1.04,1.04,-,0.09,1.02,10,1.03,10,
704019,均華統一61購01,"50,000",5,"47,160",0.91,1.01,0.91,1.01,+,0.23,0.99,10,1.02,10,
704020,宏捷科統一61購02,"10,000",1,"3,400",0.34,0.34,0.34,0.34,-,0.0,0.31,10,0.00,0,
704021,矽科統一61購01,0,0,0,---,---,---, ---,,,0.17,10,0.18,10,
704022,金山電統一61購01,0,0,0,---,---,---, ---,,,0.00,0,2.17,10,
704023,金益鼎統一61購01,0,0,0,---,---,---, ---,,,0.31,10,0.32,10,
704024,佶優統一61購01,0,0,0,---,---,---, ---,,,0.41,10,0.44,10,
704025,創惟統一61購01,"201,000",2,"52,260",0.26,0.26,0.26,0.26,-,0.08,0.26,10,0.27,10,
704026,精材統一61購02,"34,000",3,"106,480",2.92,3.17,2.92,3.17,+,0.48,3.19,10,3.28,30,
704027,穩懋統一61購04,0,0,0,---,---,---, ---,,,2.53,10,2.54,10,
704028,穩懋統一65購01,"15,000",3,"34,190",2.25,2.29,2.25,2.27,-,0.01,2.26,10,2.27,10,
704029,穩懋統一71購02,0,0,0,---,---,---, ---,,,2.16,10,2.17,10,
704030,耀勝統一71購01,0,0,0,---,---,---, ---,,,0.13,10,0.14,10,
704038,湧德元大5A購01,0,0,0,---,---,---, ---,,,0.17,499,0.27,10,
704041,聖暉*元大5C購03,"250,000",5,"237,840",0.97,0.97,0.94,0.94,-,0.0,0.91,499,0.92,10,
704046,台星科群益5A購01,0,0,0,---,---,---, ---,,,0.31,10,1.14,10,
704048,金益鼎群益59購01,0,0,0,---,---,---, ---,,,0.00,0,0.00,0,
704051,信驊群益61購01,0,0,0,---,---,---, ---,,,5.05,1,7.60,1,
704053,聖暉*群益5A購01,0,0,0,---,---,---, ---,,,0.02,10,0.28,10,
704058,信驊元富5A購03,0,0,0,---,---,---, ---,,,7.05,25,7.55,10,
704060,世界永豐59購02,0,0,0,---,---,---, ---,,,0.45,10,0.46,10,
704062,巨漢永豐59購01,0,0,0,---,---,---, ---,,,0.14,10,0.24,10,
704063,金益鼎永豐59購01,0,0,0,---,---,---, ---,,,0.01,10,0.02,5,
704067,世界凱基59購01,0,0,0,---,---,---, ---,,,0.43,100,0.53,10,
704068,台半凱基59購01,0,0,0,---,---,---, ---,,,0.00,0,0.00,0,
704074,世紀*兆豐59購01,"107,000",24,"152,060",1.18,1.76,1.18,1.76,-,0.01,1.76,36,1.78,1,
704075,台星科兆豐59購02,0,0,0,---,---,---, ---,,,1.07,30,1.08,20,
704080,世禾富邦5C購01,0,0,0,---,---,---, ---,,,0.09,10,0.12,28,
704081,家登富邦59購02,"150,000",9,"104,600",0.76,0.79,0.62,0.62,-,0.2,0.60,10,1.40,10,
704082,群翊富邦5A購01,0,0,0,---,---,---, ---,,,0.35,10,0.38,18,
704083,璟德富邦59購01,0,0,0,---,---,---, ---,,,0.00,0,0.01,1,
704084,中探針統一67購01,0,0,0,---,---,---, ---,,,0.00,0,0.00,0,
704085,世界統一61購02,0,0,0,---,---,---, ---,,,0.48,10,0.49,10,
704086,世界統一64購01,0,0,0,---,---,---, ---,,,0.58,10,0.59,10,
704087,世紀*統一71購01,"261,000",62,"248,330",0.95,1.08,0.95,1.08,-,0.04,0.96,16,1.10,1,
704088,世紀*統一71購02,"23,000",7,"22,500",0.98,1.10,0.97,1.10,-,0.05,1.16,4,0.00,0,
704089,台半統一61購02,0,0,0,---,---,---, ---,,,1.07,10,1.17,10,
704090,台半統一71購03,"75,000",7,"90,350",1.21,1.21,1.18,1.19,-,0.11,1.21,10,1.22,10,
704091,巨漢統一71購02,"5,000",1,"3,400",0.68,0.68,0.68,0.68,-,0.03,0.68,100,0.69,10,
704092,光頡統一64購01,0,0,0,---,---,---, ---,,,0.72,10,0.73,10,
704093,系統電統一71購01,0,0,0,---,---,---, ---,,,0.29,10,0.30,10,
704094,佳邦統一71購01,0,0,0,---,---,---, ---,,,0.28,10,0.30,10,
704095,矽科統一71購01,"146,000",4,"57,540",0.41,0.41,0.39,0.39,-,0.03,0.39,100,0.40,10,
704096,金山電統一71購01,"185,000",7,"199,730",1.13,1.13,1.00,1.01,-,0.1,1.00,10,1.01,10,
704097,金益鼎統一71購01,0,0,0,---,---,---, ---,,,0.43,10,0.44,10,
704099,信昌電統一64購01,0,0,0,---,---,---, ---,,,0.00,0,6.75,12,
704100,信昌電統一71購01,0,0,0,---,---,---, ---,,,0.00,0,2.50,8,
704101,家登統一61購02,"12,000",2,"4,220",0.36,0.36,0.35,0.35,-,0.05,0.35,10,0.36,10,
704102,能率亞統一61購01,0,0,0,---,---,---, ---,,,1.26,10,1.31,10,
704103,博智統一61購01,0,0,0,---,---,---, ---,,,2.30,10,2.40,10,
704104,湧德統一61購01,0,0,0,---,---,---, ---,,,0.27,10,0.28,10,
704105,精材統一5B購01,0,0,0,---,---,---, ---,,,4.44,10,0.00,0,
704106,精材統一64購01,"43,000",2,"130,800",3.00,3.18,3.00,3.18,+,0.23,3.39,10,3.56,1,
704107,璟德統一65購01,0,0,0,---,---,---, ---,,,0.23,10,0.24,10,
704108,璟德統一71購01,0,0,0,---,---,---, ---,,,0.32,100,0.33,10,
704109,穩懋統一61購05,0,0,0,---,---,---, ---,,,2.19,10,2.20,10,
704110,鑫科統一71購01,0,0,0,---,---,---, ---,,,0.67,10,0.68,10,
704111,家登永豐59購01,0,0,0,---,---,---, ---,,,0.32,10,0.42,10,
704115,金益鼎國票61購01,0,0,0,---,---,---, ---,,,0.40,25,0.41,10,
704125,合晶群益59購02,0,0,0,---,---,---, ---,,,0.00,0,19.90,10,
704126,佳邦群益59購01,0,0,0,---,---,---, ---,,,0.00,0,0.00,0,
704127,佳邦群益5A購01,"20,000",1,200,0.01,0.01,0.01,0.01,-,0.01,0.01,479,0.11,10,
704134,鑫科群益5A購01,0,0,0,---,---,---, ---,,,0.28,25,0.30,10,
704135,世禾元大5A購01,0,0,0,---,---,---, ---,,,0.05,30,0.11,10,
704141,訊聯元大61購01,0,0,0,---,---,---, ---,,,0.01,998,0.11,10,
704146,穩懋元大5B購03,0,0,0,---,---,---, ---,,,2.58,300,0.00,0,
704151,系統電凱基5A購01,0,0,0,---,---,---, ---,,,0.02,10,0.12,10,
704161,合晶兆豐59購01,0,0,0,---,---,---, ---,,,9.30,20,9.35,20,
704163,旺矽兆豐59購01,0,0,0,---,---,---, ---,,,5.05,10,5.10,10,
704170,世界元大5A購01,"30,000",2,"36,030",1.23,1.23,1.20,1.20,-,0.19,0.58,17,0.00,0,
704176,勤凱元大5A購01,0,0,0,---,---,---, ---,,,0.00,0,0.00,0,
704180,鑫科元大5B購01,0,0,0,---,---,---, ---,,,0.00,0,0.79,2,
704189,旺矽元富5A購02,0,0,0,---,---,---, ---,,,19.00,25,20.00,10,
704191,家登元富5C購01,0,0,0,---,---,---, ---,,,1.31,25,1.41,10,
704196,泓格永豐59購01,0,0,0,---,---,---, ---,,,5.25,10,5.75,10,
704202,鑫科永豐61購01,0,0,0,---,---,---, ---,,,0.38,10,0.39,10,
704203,中美晶統一71購01,"210,000",15,"209,060",1.01,1.01,0.96,1.00,-,0.06,0.99,10,1.00,10,
704204,元太統一61購02,0,0,0,---,---,---, ---,,,0.35,10,0.36,10,
704205,世紀*統一61購01,"627,000",90,"902,880",1.44,1.44,1.44,1.44,-,0.35,1.44,1,1.50,5,
704206,世紀*統一71購03,"616,000",116,"610,920",1.00,1.01,0.99,1.01,-,0.16,1.01,26,1.09,5,
704207,合晶統一71購01,"48,000",16,"154,610",3.09,3.65,3.09,3.28,-,0.1,3.21,2,3.29,10,
704208,沛亨統一61購01,0,0,0,---,---,---, ---,,,2.03,10,2.13,10,
704209,沛亨統一61購02,0,0,0,---,---,---, ---,,,1.74,10,1.84,10,
704210,宜鼎統一61購02,0,0,0,---,---,---, ---,,,2.30,10,2.40,10,
704211,宜鼎統一63購01,0,0,0,---,---,---, ---,,,2.40,10,2.41,10,
704212,旺矽統一61購02,"25,000",4,"55,380",2.20,2.25,2.17,2.25,+,0.07,1.68,5,2.41,10,
704213,旺矽統一63購02,0,0,0,---,---,---, ---,,,2.56,10,2.57,10,
704214,旺矽統一71購01,"10,000",1,"28,600",2.86,2.86,2.86,2.86,+,0.14,2.80,10,3.22,1,
704215,松瑞藥統一61購01,0,0,0,---,---,---, ---,,,0.41,10,0.42,10,
704216,松瑞藥統一71購01,0,0,0,---,---,---, ---,,,0.59,10,0.60,10,
704217,信昌電統一61購03,0,0,0,---,---,---, ---,,,0.00,0,9.30,4,
704218,信昌電統一71購02,"59,000",19,"159,460",2.69,2.78,2.55,2.55,+,0.01,2.54,40,2.55,8,
704219,家登統一61購03,0,0,0,---,---,---, ---,,,0.52,10,0.53,10,
704220,家登統一71購01,"723,000",6,"537,510",0.73,0.75,0.69,0.69,-,0.04,0.70,10,0.71,10,
704221,高鋒統一61購01,0,0,0,---,---,---, ---,,,0.27,10,0.28,10,
704222,高鋒統一71購01,0,0,0,---,---,---, ---,,,0.47,10,0.48,10,
704223,湧德統一61購02,0,0,0,---,---,---, ---,,,0.25,10,0.26,10,
704224,新復興統一71購01,0,0,0,---,---,---, ---,,,0.20,10,0.21,10,
704225,廣運統一71購01,0,0,0,---,---,---, ---,,,0.34,10,0.35,10,
704236,世界元大59購01,0,0,0,---,---,---, ---,,,0.01,499,0.22,10,
704237,世界元大5A購02,"276,000",9,"190,340",0.69,0.70,0.68,0.69,-,0.13,0.01,499,0.00,0,
704244,富喬元大5A購01,"67,000",8,"80,860",1.14,1.27,1.14,1.25,+,0.01,1.25,491,1.30,1,
704256,富喬永豐5B購01,"542,000",16,"645,860",1.27,1.27,1.19,1.19,+,0.03,1.23,10,1.33,10,
704257,富喬永豐5C購01,"1,514,000",58,"2,010,590",1.41,1.41,1.23,1.37,+,0.06,1.38,10,1.39,10,
704258,富喬永豐64購01,"569,000",30,"1,095,800",1.98,1.99,1.82,1.96,+,0.03,1.99,10,2.00,10,
704259,華容永豐5A購01,0,0,0,---,---,---, ---,,,6.80,499,7.30,10,
704260,聖暉*永豐61購01,"71,000",4,"108,310",1.54,1.54,1.37,1.37,-,0.13,1.40,10,1.41,10,
704261,世界兆豐59購02,"1,000",1,620,0.62,0.62,0.62,0.62,+,0.04,0.62,9,0.63,10,
704262,宜鼎兆豐61購01,"10,000",6,"93,000",9.30,9.30,9.30,9.30,-,0.25,9.20,20,0.00,0,
704268,點序群益59購01,0,0,0,---,---,---, ---,,,0.00,0,0.00,0,
704273,台星科富邦59購01,0,0,0,---,---,---, ---,,,0.54,10,0.64,10,
704274,合晶富邦59購01,0,0,0,---,---,---, ---,,,6.40,11,6.90,10,
704275,宜鼎富邦5C購01,0,0,0,---,---,---, ---,,,4.42,10,4.52,10,
704276,鈊象富邦59購01,"100,000",1,"13,000",0.13,0.13,0.13,0.13,-,0.0,0.16,10,0.17,28,
704277,鈊象富邦5A購01,"2,515,000",24,"261,660",0.10,0.12,0.09,0.12,+,0.01,0.11,10,0.12,28,
704278,萬潤富邦59購02,0,0,0,---,---,---, ---,,,14.50,10,15.50,10,
704279,廣明富邦59購01,0,0,0,---,---,---, ---,,,0.00,0,0.10,10,
704280,世界統一71購02,"90,000",1,"48,600",0.54,0.54,0.54,0.54,-,0.06,0.54,30,0.58,10,
704281,台星科統一61購02,"772,000",21,"405,250",0.55,0.55,0.45,0.51,-,0.1,0.50,10,0.51,10,
704282,宜鼎統一71購01,"14,000",5,"35,370",2.52,2.53,2.52,2.53,-,0.17,2.52,10,2.53,1,
704283,東捷統一71購01,0,0,0,---,---,---, ---,,,1.53,10,1.63,10,
704284,佶優統一71購02,0,0,0,---,---,---, ---,,,0.31,10,0.32,10,
704285,高鋒統一64購01,0,0,0,---,---,---, ---,,,0.31,30,0.33,10,
704286,高鋒統一67購01,0,0,0,---,---,---, ---,,,0.33,10,0.37,10,
704287,富喬統一61購01,"156,000",14,"64,980",0.43,0.50,0.41,0.50,+,0.1,0.42,10,0.43,10,
704288,富喬統一61購02,"45,000",10,"31,200",0.66,0.75,0.66,0.69,+,0.02,0.68,10,0.69,1,
704289,富喬統一61購03,"2,000",2,"1,510",0.73,0.78,0.73,0.78,-,0.0,0.77,10,0.87,10,
704290,富喬統一61購04,"538,000",12,"285,900",0.54,0.57,0.51,0.55,+,0.04,0.53,10,0.55,219,
704291,富喬統一64購01,"338,000",7,"220,990",0.64,0.79,0.64,0.67,-,0.03,0.68,10,0.69,10,
704292,富喬統一65購02,"395,000",10,"255,760",0.81,0.81,0.64,0.65,+,0.01,0.65,10,0.66,10,
704293,富喬統一6C購01,"60,000",2,"36,000",0.60,0.60,0.60,0.60,+,0.01,0.61,10,0.62,10,
704294,富喬統一71購01,"648,000",16,"442,740",0.66,0.72,0.66,0.72,+,0.05,0.68,14,0.72,125,
704295,富喬統一71購02,"388,000",13,"230,700",0.59,0.63,0.59,0.61,+,0.03,0.61,3,0.63,50,
704296,湧德統一71購01,"50,000",1,"22,500",0.45,0.45,0.45,0.45,-,0.01,0.46,10,0.47,10,
704297,新復興統一71購02,0,0,0,---,---,---, ---,,,0.26,10,0.27,10,
704298,聖暉*統一67購01,"85,000",9,"49,560",0.62,0.62,0.58,0.59,-,0.02,0.58,12,0.59,7,
704308,鈊象兆豐59購01,0,0,0,---,---,---, ---,,,0.17,30,0.18,20,
704313,世界元大59購02,0,0,0,---,---,---, ---,,,0.02,499,0.00,0,
704315,系統電元大5B購03,0,0,0,---,---,---, ---,,,0.06,499,0.16,10,
704320,鈊象元大5A購01,"1,000",1,350,0.35,0.35,0.35,0.35,-,0.0,0.30,4,0.00,0,
704321,勤凱元大61購02,0,0,0,---,---,---, ---,,,1.11,499,1.21,10,
704322,聖暉*元大61購01,"68,000",6,"199,180",2.99,2.99,2.89,2.89,-,0.02,2.77,250,2.79,10,
704325,精測元大5B購01,"1,000",1,440,0.44,0.44,0.44,0.44,+,0.07,0.44,25,0.45,10,
704339,精測群益59購02,0,0,0,---,---,---, ---,,,0.12,499,0.20,5,
704340,點序群益59購02,0,0,0,---,---,---, ---,,,0.00,0,0.01,42,
704341,力旺富邦59購01,"1,000",1,"1,910",1.91,1.91,1.91,1.91,-,0.69,1.68,10,1.77,10,
704343,世界富邦5C購01,0,0,0,---,---,---, ---,,,0.29,509,0.39,10,
704344,捷創富邦59購01,"100,000",1,"1,000",0.01,0.01,0.01,0.01,-,0.0,0.00,0,0.02,30,
704346,精測富邦59購01,"191,000",21,"111,600",0.43,0.80,0.40,0.75,+,0.12,0.66,10,0.72,10,
704347,世界統一5C購02,"26,000",1,"9,100",0.35,0.35,0.35,0.35,-,0.04,0.36,10,0.37,10,
704348,合晶統一61購01,0,0,0,---,---,---, ---,,,4.48,10,4.49,10,
704349,東捷統一71購02,0,0,0,---,---,---, ---,,,1.60,10,1.61,10,
704350,佶優統一71購03,0,0,0,---,---,---, ---,,,0.46,100,0.47,10,
704351,精測統一61購01,"453,000",52,"116,470",0.23,0.34,0.22,0.31,+,0.06,0.31,1,0.34,19,
704352,精測統一61購02,"184,000",5,"80,320",0.43,0.44,0.43,0.43,+,0.12,0.36,10,0.37,10,
704353,精測統一71購01,"844,000",21,"828,990",0.88,1.02,0.88,1.02,+,0.11,0.98,10,0.99,10,
704358,竹陞永豐5A購01,0,0,0,---,---,---, ---,,,0.00,0,6.80,1,
704359,宜鼎永豐59購02,"1,000",1,"4,720",4.72,4.72,4.72,4.72,-,0.38,4.72,10,0.00,0,
704361,華容永豐5C購01,0,0,0,---,---,---, ---,,,4.15,10,4.24,10,
704362,雷科永豐59購02,0,0,0,---,---,---, ---,,,5.20,10,5.70,10,
704365,精測永豐5A購01,"227,000",16,"81,350",0.27,0.39,0.27,0.37,+,0.29,0.39,10,0.00,0,
704367,點序永豐59購02,0,0,0,---,---,---, ---,,,0.00,0,0.03,1,
704368,點序永豐61購01,0,0,0,---,---,---, ---,,,0.04,10,0.11,10,
704370,世界國票5B購01,0,0,0,---,---,---, ---,,,0.57,25,0.58,10,
704373,精測國票5A購01,"20,000",1,"4,200",0.21,0.21,0.21,0.21,-,0.01,0.22,25,0.24,10,
704374,精測國票5A購02,"435,000",9,"105,490",0.23,0.29,0.22,0.28,+,0.1,0.24,25,0.25,10,
704377,精測兆豐59購01,0,0,0,---,---,---, ---,,,0.19,10,0.20,20,
704379,中探針凱基59購01,0,0,0,---,---,---, ---,,,0.00,0,19.60,10,
704380,宜鼎凱基5B購01,0,0,0,---,---,---, ---,,,8.10,100,8.60,10,
704381,鈊象凱基5A購01,0,0,0,---,---,---, ---,,,0.52,100,0.62,10,
704382,精測凱基5B購01,0,0,0,---,---,---, ---,,,0.00,0,2.00,1,
704388,中探針元大5B購01,0,0,0,---,---,---, ---,,,5.50,150,0.00,0,
704391,世界元大5B購01,0,0,0,---,---,---, ---,,,0.23,499,0.00,0,
704394,系統電元大61購01,0,0,0,---,---,---, ---,,,0.15,504,0.24,4,
704396,順達元大5A購05,"9,000",1,"27,900",3.10,3.10,3.10,3.10,-,0.25,2.86,250,2.88,10,
704400,宜鼎富邦61購01,0,0,0,---,---,---, ---,,,2.64,10,2.74,10,
704401,信昌電富邦5C購01,"6,000",3,"46,950",7.80,7.95,7.80,7.95,+,1.15,7.20,10,7.70,10,
704403,高鋒統一61購02,"6,000",1,"1,740",0.29,0.29,0.29,0.29,+,0.01,0.24,10,0.25,10,
704404,精測統一5C購01,"520,000",13,"150,100",0.28,0.31,0.28,0.30,+,0.07,0.30,10,0.31,10,
704405,尼克森永豐59購01,0,0,0,---,---,---, ---,,,0.11,10,0.12,10,
704406,亞電永豐59購01,"4,000",2,"26,400",6.60,6.60,6.60,6.60,-,1.2,6.10,10,6.15,10,
704409,精測永豐5A購02,"200,000",2,"41,000",0.21,0.21,0.20,0.20,+,0.04,0.21,10,0.22,10,
704416,創惟群益59購01,0,0,0,---,---,---, ---,,,0.01,525,0.18,10,
704418,精測群益59購03,"8,000",1,240,0.03,0.03,0.03,0.03,-,0.0,0.05,499,0.15,10,
704419,力旺元大5A購01,"61,000",4,"106,560",1.66,1.86,1.66,1.86,-,0.39,1.86,77,0.00,0,
704421,中美晶元大5C購01,0,0,0,---,---,---, ---,,,1.65,899,1.75,10,
704424,湧德元大61購02,0,0,0,---,---,---, ---,,,0.25,499,0.35,10,
704426,精材元大5B購01,"3,000",1,"23,400",7.80,7.80,7.80,7.80,+,0.7,8.45,25,0.00,0,
704427,精材元大61購02,"1,000",1,"7,400",7.40,7.40,7.40,7.40,+,0.6,8.05,25,0.00,0,
704430,大中凱基59購01,"122,000",7,"423,520",3.68,3.68,3.21,3.21,-,1.79,0.00,0,3.13,10,
704448,新復興富邦59購01,0,0,0,---,---,---, ---,,,0.00,0,0.10,10,
704450,系統電元富59購01,0,0,0,---,---,---, ---,,,0.00,0,0.10,10,
704453,東捷永豐59購01,0,0,0,---,---,---, ---,,,4.50,499,4.60,10,
704481,中探針元大61購01,0,0,0,---,---,---, ---,,,4.29,150,5.00,4,
704482,元太元大61購01,0,0,0,---,---,---, ---,,,0.27,15,0.00,0,
704491,湧德元大5B購01,"152,000",6,"36,360",0.23,0.28,0.23,0.28,+,0.02,0.27,499,0.28,10,
704492,鈊象元大5B購01,0,0,0,---,---,---, ---,,,0.01,499,0.00,0,
704494,精材元大5A購01,0,0,0,---,---,---, ---,,,9.50,25,0.00,0,
704495,精材元大5B購02,"34,000",5,"257,550",7.20,7.85,7.20,7.85,+,1.3,7.85,25,7.90,10,
704496,精材元大61購03,0,0,0,---,---,---, ---,,,5.90,50,0.00,0,
704502,大中永豐59購01,0,0,0,---,---,---, ---,,,2.86,499,2.96,10,
704506,系統電永豐5C購01,0,0,0,---,---,---, ---,,,0.15,10,0.16,10,
704507,亞電永豐5B購01,"386,000",48,"1,511,990",3.98,4.32,3.64,3.70,-,0.45,3.74,10,3.75,10,
704511,萬泰科永豐59購01,"2,000",1,"3,120",1.56,1.56,1.56,1.56,+,0.01,1.50,10,1.60,10,
704526,能率群益59購01,0,0,0,---,---,---, ---,,,0.00,0,0.11,10,
704529,擎亞群益59購01,0,0,0,---,---,---, ---,,,11.80,50,12.80,10,
704532,大中統一5C購01,"9,000",1,"16,110",1.79,1.79,1.79,1.79,-,0.51,0.00,0,1.71,10,
704533,大中統一71購01,0,0,0,---,---,---, ---,,,1.42,10,1.43,10,
704534,台半統一5C購04,0,0,0,---,---,---, ---,,,1.15,30,1.16,10,
704535,台燿統一66購01,"10,000",1,"46,900",4.69,4.69,4.69,4.69,-,0.66,4.83,10,0.00,0,
704536,尼克森統一5B購01,0,0,0,---,---,---, ---,,,0.61,10,0.62,10,
704537,巨漢統一5C購01,0,0,0,---,---,---, ---,,,0.57,10,0.58,10,
704538,合晶統一61購02,"3,000",1,"12,000",4.00,4.00,4.00,4.00,-,0.37,3.78,10,3.88,10,
704539,竹陞統一64購01,0,0,0,---,---,---, ---,,,1.34,10,1.35,10,
704540,宏捷科統一61購03,"50,000",1,"12,500",0.25,0.25,0.25,0.25,+,0.02,0.22,10,0.23,10,
704541,系統電統一64購01,0,0,0,---,---,---, ---,,,0.27,10,0.28,10,
704542,宜鼎統一5B購01,0,0,0,---,---,---, ---,,,3.09,10,3.10,10,
704543,宜鼎統一66購01,"7,000",1,"12,670",1.81,1.81,1.81,1.81,-,0.02,1.71,10,1.72,10,
704544,宜鼎統一71購02,"20,000",3,"30,000",1.49,1.51,1.49,1.51,-,0.1,1.50,10,0.00,0,
704545,東捷統一64購01,0,0,0,---,---,---, ---,,,1.71,10,1.72,10,
704546,長科*統一71購01,"35,000",4,"25,150",0.72,0.72,0.71,0.71,-,0.04,0.70,10,0.71,10,
704547,佶優統一61購02,0,0,0,---,---,---, ---,,,0.17,10,0.18,10,
704548,昱展統一61購01,0,0,0,---,---,---, ---,,,0.00,0,0.01,10,
704549,茂迪統一5B購01,"40,000",3,"14,750",0.38,0.38,0.36,0.36,-,0.05,0.35,10,0.36,10,
704550,能率亞統一61購02,"37,000",3,"23,410",0.63,0.65,0.63,0.64,+,0.03,0.62,10,0.63,10,
704551,能率亞統一71購01,0,0,0,---,---,---, ---,,,0.68,10,0.69,10,
704552,順達統一63購01,0,0,0,---,---,---, ---,,,1.04,10,0.00,0,
704553,雍智統一71購01,0,0,0,---,---,---, ---,,,3.71,10,4.19,18,
704556,力旺凱基5A購01,"1,000",1,"14,500",14.50,14.50,14.50,14.50,-,1.7,0.00,0,0.00,0,
704560,系統電凱基5B購01,"1,000",1,110,0.11,0.11,0.11,0.11,-,0.01,0.10,10,0.11,9,
704566,天品永豐59購01,0,0,0,---,---,---, ---,,,0.00,0,0.03,10,
704567,萬泰科永豐5B購01,"1,000",1,"3,400",3.40,3.40,3.40,3.40,+,0.08,3.29,499,3.39,10,
704572,家登群益59購01,0,0,0,---,---,---, ---,,,0.28,499,0.38,10,
704578,元太元大61購02,"10,000",1,"5,100",0.51,0.51,0.51,0.51,-,0.05,0.01,499,0.51,1,
704579,合晶元大5A購01,0,0,0,---,---,---, ---,,,12.90,10,0.00,0,
704584,精材元大5A購02,0,0,0,---,---,---, ---,,,9.90,25,0.00,0,
704590,能率亞統一63購01,"16,000",2,"10,720",0.67,0.67,0.67,0.67,-,0.0,0.67,10,0.68,10,
704591,能率亞統一71購02,"2,000",2,"1,890",0.95,0.95,0.94,0.94,+,0.01,0.91,100,0.92,10,
704592,能率統一71購01,"37,000",1,"21,460",0.58,0.58,0.58,0.58,-,0.02,0.57,10,0.58,10,
704605,系統電凱基5B購02,0,0,0,---,---,---, ---,,,0.34,10,0.35,10,
704607,原相凱基5A購01,0,0,0,---,---,---, ---,,,0.29,10,0.00,0,
704609,力旺群益59購01,"1,000",1,"4,290",4.29,4.29,4.29,4.29,-,1.01,4.07,100,4.17,10,
704618,宜鼎群益59購01,0,0,0,---,---,---, ---,,,2.94,3,4.26,10,
704619,旺矽群益59購01,0,0,0,---,---,---, ---,,,3.17,199,0.00,0,
704620,博智群益5B購01,0,0,0,---,---,---, ---,,,2.68,3,0.00,0,
704629,智通*統一61購01,"111,000",2,"42,190",0.37,0.39,0.37,0.39,-,0.01,0.43,10,0.44,10,
704636,博智永豐59購01,0,0,0,---,---,---, ---,,,3.70,499,3.80,10,
704637,智通*永豐59購01,"11,000",1,"3,190",0.29,0.29,0.29,0.29,-,0.12,0.40,10,0.42,10,
704638,廣運永豐61購01,"26,000",8,"3,650",0.15,0.20,0.13,0.13,-,0.01,0.12,10,0.13,10,
704649,宜鼎凱基59購03,0,0,0,---,---,---, ---,,,9.05,100,9.55,10,
704650,聖暉*凱基5B購01,0,0,0,---,---,---, ---,,,2.77,100,2.87,10,
704653,台燿兆豐59購02,0,0,0,---,---,---, ---,,,0.00,0,0.00,0,
704665,鈊象元大5C購01,0,0,0,---,---,---, ---,,,0.38,3,1.68,5,
704668,穩得元大5B購01,0,0,0,---,---,---, ---,,,0.94,499,0.97,10,
704679,中美晶永豐59購01,0,0,0,---,---,---, ---,,,1.91,10,2.01,10,
704683,擎亞永豐59購02,"7,000",1,"26,180",3.74,3.74,3.74,3.74,-,0.13,3.62,499,3.72,10,
704685,穩懋永豐5A購02,"10,000",1,"58,000",5.80,5.80,5.80,5.80,-,0.95,5.95,10,6.45,10,
704686,世界兆豐5A購01,"65,000",2,"5,250",0.08,0.09,0.08,0.09,-,0.03,0.12,10,0.13,20,
704687,M31凱基5A購01,0,0,0,---,---,---, ---,,,0.02,10,0.00,0,
704702,竹陞元大5A購01,"1,000",1,670,0.67,0.67,0.67,0.67,+,0.07,0.64,499,0.99,65,
704707,家登元大5A購01,0,0,0,---,---,---, ---,,,0.07,499,0.17,10,
704712,精材元大61購04,"20,000",6,"72,550",3.38,3.95,3.38,3.95,+,0.61,3.97,75,4.26,2,
704715,M31永豐5A購01,0,0,0,---,---,---, ---,,,0.01,10,0.04,10,
704719,世界永豐5B購01,0,0,0,---,---,---, ---,,,0.10,10,0.11,10,
704721,台燿永豐5A購02,0,0,0,---,---,---, ---,,,20.80,499,21.80,10,
704725,家登永豐5B購01,"35,000",3,"75,160",2.15,2.15,2.12,2.12,-,0.07,1.96,10,1.98,10,
704728,精材永豐5A購01,0,0,0,---,---,---, ---,,,8.75,10,0.00,0,
704730,廣明永豐5A購02,0,0,0,---,---,---, ---,,,0.00,0,0.03,10,
704731,點序永豐5A購01,0,0,0,---,---,---, ---,,,0.00,0,0.05,10,
704733,鑫聯永豐5A購01,"108,000",3,"47,520",0.44,0.44,0.44,0.44,-,0.05,0.42,10,0.43,10,
704736,印能凱基5A購01,0,0,0,---,---,---, ---,,,11.50,100,12.50,10,
704739,博智凱基59購05,0,0,0,---,---,---, ---,,,1.95,10,2.05,10,
704743,竹陞國票59購01,"14,000",2,620,0.05,0.05,0.03,0.03,-,0.02,0.07,25,0.00,0,
704744,沛亨國票59購01,0,0,0,---,---,---, ---,,,1.55,25,1.65,10,
704745,宜特國票5B購01,0,0,0,---,---,---, ---,,,0.15,25,0.16,10,
704746,長科*國票59購01,"80,000",2,800,0.01,0.01,0.01,0.01,-,0.0,0.01,25,0.09,10,
704748,博智國票59購02,0,0,0,---,---,---, ---,,,1.42,25,1.52,10,
704749,榮剛國票59購01,0,0,0,---,---,---, ---,,,0.00,0,0.00,0,
704750,系統電兆豐5A購01,0,0,0,---,---,---, ---,,,0.03,20,0.04,10,
704751,穩懋兆豐5A購01,0,0,0,---,---,---, ---,,,2.76,3,0.00,0,
704756,弘塑元大59購02,0,0,0,---,---,---, ---,,,0.04,549,0.00,0,
704760,宜鼎元大5A購03,0,0,0,---,---,---, ---,,,4.37,150,0.00,0,
704766,精材元大61購05,"9,000",8,"45,200",4.80,5.15,4.80,5.15,+,1.03,5.15,50,0.00,0,
704767,印能永豐5A購01,0,0,0,---,---,---, ---,,,6.35,10,6.85,10,
704768,沛亨永豐59購02,0,0,0,---,---,---, ---,,,0.69,10,0.79,10,
704769,系統電永豐59購01,0,0,0,---,---,---, ---,,,0.00,0,0.10,10,
704770,宜特永豐59購02,0,0,0,---,---,---, ---,,,0.00,0,0.01,81,
704771,東浦永豐5A購01,0,0,0,---,---,---, ---,,,0.25,10,0.28,10,
704772,榮剛永豐59購01,0,0,0,---,---,---, ---,,,0.00,0,0.03,10,
704773,大樹群益62購01,0,0,0,---,---,---, ---,,,0.05,20,0.38,25,
704775,博智群益62購01,"10,000",2,"30,040",3.13,3.13,2.95,2.95,-,0.12,1.95,5,0.00,0,
704778,榮剛群益5A購01,0,0,0,---,---,---, ---,,,0.02,25,0.04,10,
704781,點序群益62購01,0,0,0,---,---,---, ---,,,0.04,26,0.11,200,
704784,沛亨凱基59購01,"50,000",1,"128,500",2.57,2.57,2.57,2.57,-,0.07,2.59,10,2.69,10,
704786,信驊凱基5A購02,"4,000",2,"32,400",8.10,8.10,8.10,8.10,+,0.2,8.55,100,9.05,10,
704789,雍智凱基5A購01,0,0,0,---,---,---, ---,,,0.00,0,31.20,1,
704790,榮剛凱基59購01,0,0,0,---,---,---, ---,,,0.00,0,0.01,1798,
704792,雍智永豐59購01,0,0,0,---,---,---, ---,,,8.65,10,9.15,10,
704793,擎亞永豐5A購02,0,0,0,---,---,---, ---,,,2.30,10,2.40,10,
704794,擎亞永豐5B購01,0,0,0,---,---,---, ---,,,1.68,10,1.76,10,
704795,世紀*群益59購01,0,0,0,---,---,---, ---,,,0.00,0,1.98,13,
704804,弘塑元大59購03,"20,000",1,"8,400",0.42,0.42,0.42,0.42,-,0.28,0.45,499,0.80,100,
704807,宜鼎元大5A購04,0,0,0,---,---,---, ---,,,5.30,150,0.00,0,
704820,印能國泰59購01,0,0,0,---,---,---, ---,,,0.00,0,0.00,0,
704821,宜特國泰59購01,0,0,0,---,---,---, ---,,,0.03,499,0.00,0,
704822,雍智國泰59購01,0,0,0,---,---,---, ---,,,0.00,0,0.00,0,
704823,穩得國泰59購01,0,0,0,---,---,---, ---,,,0.00,0,0.00,0,
704824,大樹國票59購01,0,0,0,---,---,---, ---,,,0.00,0,0.00,0,
704826,宏觀國票59購01,0,0,0,---,---,---, ---,,,0.00,0,0.00,0,
704827,系統電國票59購02,0,0,0,---,---,---, ---,,,0.00,0,0.00,0,
704829,信驊國票59購04,0,0,0,---,---,---, ---,,,5.15,25,5.65,10,
704831,信驊國票5C購01,"18,000",3,"86,880",4.66,4.86,4.66,4.84,+,0.29,4.64,25,4.74,10,
704832,新鉅科國票59購01,0,0,0,---,---,---, ---,,,0.00,0,0.01,846,
704833,鉅橡國票59購01,0,0,0,---,---,---, ---,,,0.01,25,0.02,10,
704834,雍智國票59購01,0,0,0,---,---,---, ---,,,10.60,25,0.00,0,
704837,磐儀國票59購01,0,0,0,---,---,---, ---,,,0.01,25,0.03,10,
704839,擎亞國票5A購01,0,0,0,---,---,---, ---,,,0.00,0,0.00,0,
704840,鑫聯國票59購01,0,0,0,---,---,---, ---,,,0.01,25,0.02,10,
704841,台半富邦5B購01,"11,000",2,"15,190",1.34,1.39,1.34,1.39,-,0.1,1.35,509,1.39,1,
704842,台星科富邦5B購01,"1,865,000",45,"1,041,720",0.64,0.64,0.48,0.48,-,0.23,0.53,10,0.54,28,
704843,合晶富邦5B購01,0,0,0,---,---,---, ---,,,8.95,10,9.45,10,
704844,宜特富邦5A購01,"7,000",1,980,0.14,0.14,0.14,0.14,-,0.03,0.13,10,0.14,28,
704845,信驊富邦5B購01,"6,000",2,"27,420",4.57,4.57,4.57,4.57,-,0.05,4.71,10,4.81,10,
704846,智通*富邦5A購01,0,0,0,---,---,---, ---,,,0.27,10,0.28,28,
704847,智通*富邦5B購01,"422,000",7,"59,080",0.14,0.14,0.14,0.14,-,0.0,0.13,10,0.14,28,
704848,順達富邦5A購01,"6,000",1,"3,780",0.63,0.63,0.63,0.63,-,0.21,0.61,10,0.70,28,
704849,廣明富邦5B購01,0,0,0,---,---,---, ---,,,0.00,0,0.10,38,
704850,廣運富邦5B購01,0,0,0,---,---,---, ---,,,0.00,0,0.10,10,
704851,擎亞富邦59購01,0,0,0,---,---,---, ---,,,1.04,10,0.00,0,
704852,雙鴻富邦5A購01,"627,000",23,"817,430",1.18,1.57,1.10,1.45,+,0.33,1.75,10,1.90,10,
704858,東捷凱基5A購01,0,0,0,---,---,---, ---,,,0.00,0,0.00,0,
704876,萬潤元大59購02,0,0,0,---,---,---, ---,,,0.00,0,0.00,0,
704877,弘塑國泰59購01,0,0,0,---,---,---, ---,,,2.71,10,0.00,0,
704878,智通國泰59購01,0,0,0,---,---,---, ---,,,0.03,10,2.20,4,
704879,聖暉國泰59購01,0,0,0,---,---,---, ---,,,2.86,499,0.00,0,
704880,榮剛富邦5A購01,"50,000",5,"5,000",0.10,0.10,0.10,0.10,-,0.0,0.09,10,0.10,10,
704881,譜瑞兆豐62購01,"57,000",3,"82,660",1.48,1.51,1.44,1.51,-,0.06,1.48,20,1.49,20,
704882,朋億*國票59購01,"315,000",2,"66,600",0.21,0.30,0.21,0.30,+,0.06,0.19,25,0.25,10,
704883,能率國票59購01,0,0,0,---,---,---, ---,,,0.00,0,0.11,9,
704884,廣運國票59購01,0,0,0,---,---,---, ---,,,0.00,0,0.00,0,
704885,雙鴻國票59購02,0,0,0,---,---,---, ---,,,0.49,25,0.00,0,
704886,譜瑞國票59購01,0,0,0,---,---,---, ---,,,0.00,0,0.00,0,
704893,青雲永豐5A購01,"3,000",2,"38,900",12.30,13.30,12.30,13.30,+,1.6,13.10,10,13.60,1,
704895,世界統一62購01,"5,000",1,"2,100",0.42,0.42,0.42,0.42,-,0.04,0.45,10,0.46,10,
704896,台星科統一62購01,"1,325,000",24,"952,770",0.76,0.78,0.67,0.67,-,0.17,0.72,10,0.73,10,
704897,台燿統一62購01,"20,000",2,"85,200",4.25,4.27,4.25,4.27,-,0.52,4.42,10,4.43,10,
704898,光頡統一5C購02,0,0,0,---,---,---, ---,,,0.00,0,1.84,10,
704899,長科*統一61購01,0,0,0,---,---,---, ---,,,0.82,10,0.83,10,
704900,茂達統一62購01,"226,000",3,"143,840",0.64,0.64,0.61,0.63,-,0.05,0.63,10,0.64,10,
704901,茂達統一62購02,0,0,0,---,---,---, ---,,,0.59,10,0.60,10,
704902,訊聯統一72購01,0,0,0,---,---,---, ---,,,0.32,10,0.33,10,
704903,智通*統一68購01,"200,000",1,"104,000",0.52,0.52,0.52,0.52,-,0.01,0.55,10,0.56,10,
704904,新復興統一72購01,"6,000",2,"1,510",0.26,0.26,0.25,0.25,-,0.01,0.23,10,0.24,10,
704905,穩懋統一72購01,"10,000",4,"23,360",2.46,2.46,2.28,2.32,-,0.03,2.27,10,2.28,10,
704906,穩懋統一72購02,0,0,0,---,---,---, ---,,,1.85,10,1.86,10,
704907,鑫聯統一62購01,0,0,0,---,---,---, ---,,,0.58,10,0.59,10,
704910,宏觀凱基59購01,0,0,0,---,---,---, ---,,,0.00,0,0.00,0,
704911,宜鼎凱基5A購02,"1,000",1,"5,750",5.75,5.75,5.75,5.75,-,0.75,5.75,50,6.25,10,
704915,穩懋凱基5B購02,0,0,0,---,---,---, ---,,,6.90,499,7.40,10,
704925,系統電元大62購01,"3,000",1,690,0.23,0.23,0.23,0.23,-,0.0,0.21,549,0.31,10,
704929,勤凱元大5A購02,0,0,0,---,---,---, ---,,,2.47,300,2.56,10,
704934,聖暉*國泰59購02,0,0,0,---,---,---, ---,,,1.75,499,0.00,0,
704935,雙鴻國泰59購01,"10,000",1,"2,100",0.21,0.21,0.21,0.21,-,0.04,0.72,499,0.00,0,
704936,良維富邦59購01,0,0,0,---,---,---, ---,,,1.69,10,0.00,0,
704937,茂迪富邦61購01,"10,000",1,"2,800",0.28,0.28,0.28,0.28,-,0.02,0.25,10,0.26,28,
704940,印能國票59購01,0,0,0,---,---,---, ---,,,6.50,25,7.00,10,
704941,印能國票5A購01,0,0,0,---,---,---, ---,,,5.50,25,6.00,10,
704942,青雲國票59購01,"1,000",1,"25,800",25.80,25.80,25.80,25.80,+,3.8,25.30,25,25.80,1,
704943,昱展國票59購01,0,0,0,---,---,---, ---,,,0.00,0,0.01,11,
704944,印能統一65購01,"102,000",8,"178,760",1.75,2.01,1.75,2.01,-,0.03,0.00,0,2.01,9,
704945,良維統一5C購01,0,0,0,---,---,---, ---,,,1.44,10,1.45,10,
704946,閎康統一72購01,"20,000",1,"12,600",0.63,0.63,0.63,0.63,-,0.04,0.63,10,0.64,10,
704947,順達統一65購01,0,0,0,---,---,---, ---,,,0.76,10,0.98,155,
704948,雙鴻統一5C購01,"189,000",13,"149,500",0.62,0.88,0.62,0.88,+,0.28,0.87,10,0.93,20,
704949,雙鴻統一65購01,"21,000",6,"14,170",0.55,0.72,0.55,0.72,+,0.21,0.71,10,0.82,15,
704950,耀勝統一5C購03,0,0,0,---,---,---, ---,,,0.01,509,0.02,10,
704951,鑫科統一72購01,0,0,0,---,---,---, ---,,,0.65,10,0.66,10,
704952,鑫聯統一72購01,0,0,0,---,---,---, ---,,,0.81,100,0.82,10,
704953,鑫聯統一72購02,0,0,0,---,---,---, ---,,,0.66,10,0.67,10,
704954,系微兆豐62購01,"5,000",1,"9,700",1.94,1.94,1.94,1.94,-,0.19,1.90,20,1.91,20,
704955,正淩永豐59購01,0,0,0,---,---,---, ---,,,0.02,10,0.12,10,
704957,雙鴻永豐5A購02,"1,000",1,890,0.89,0.89,0.89,0.89,+,0.38,0.89,10,0.00,0,
704958,中探針群益5C購01,0,0,0,---,---,---, ---,,,7.95,25,8.30,10,
704962,宏觀群益59購01,0,0,0,---,---,---, ---,,,0.00,0,0.00,0,
704963,協易機群益5A購01,0,0,0,---,---,---, ---,,,0.01,499,0.11,10,
704966,訊聯群益5A購01,0,0,0,---,---,---, ---,,,0.00,0,0.00,0,
704968,精材群益5A購02,0,0,0,---,---,---, ---,,,26.80,10,0.00,0,
704983,雙鴻元富5A購02,"76,000",10,"37,390",0.46,0.80,0.43,0.80,+,0.31,0.80,25,0.00,0,
704984,雙鴻元富5A購03,"617,000",8,"798,140",0.82,1.40,0.82,1.40,+,0.63,1.38,25,1.50,1,
704995,鉅橡元大59購01,0,0,0,---,---,---, ---,,,0.00,0,0.10,10,
704997,雙鴻元大5B購01,"375,000",20,"282,540",0.72,0.86,0.72,0.85,+,0.15,0.98,125,0.00,0,
704998,雙鴻元大61購02,"7,000",5,"3,560",0.42,0.61,0.42,0.61,+,0.19,0.62,125,0.75,2,
704999,凡甲國泰59購01,0,0,0,---,---,---, ---,,,0.49,10,0.00,0,
705000,世紀*國泰59購01,"76,000",9,"316,990",3.53,5.65,3.53,5.65,-,0.0,4.96,10,0.00,0,
705001,良維國泰59購01,0,0,0,---,---,---, ---,,,3.00,499,0.00,0,
705002,世界富邦5C購02,"776,000",18,"471,420",0.60,0.63,0.60,0.63,-,0.08,0.62,10,0.63,23,
705003,世界統一72購01,"187,000",10,"130,020",0.69,0.71,0.68,0.71,-,0.03,0.72,10,0.73,10,
705004,宏觀統一62購01,0,0,0,---,---,---, ---,,,0.15,10,0.16,10,
705005,茂迪統一72購01,0,0,0,---,---,---, ---,,,0.41,10,0.42,10,
705006,茂達統一61購02,0,0,0,---,---,---, ---,,,0.71,10,0.72,10,
705007,智通*統一62購01,"57,000",3,"29,940",0.52,0.55,0.52,0.55,+,0.03,0.49,50,0.55,40,
705008,湧德統一61購03,0,0,0,---,---,---, ---,,,0.34,10,0.35,10,
705009,穩懋統一72購03,"96,000",3,"227,940",2.24,2.43,2.24,2.36,-,0.03,2.29,10,2.32,10,
705010,穩懋統一72購04,"324,000",22,"626,760",1.88,2.06,1.82,1.97,+,0.09,1.95,10,1.97,10,
705011,鑫聯統一61購01,0,0,0,---,---,---, ---,,,0.42,10,0.43,10,
705012,台燿永豐5C購01,0,0,0,---,---,---, ---,,,16.60,10,17.60,10,
705013,台燿永豐61購01,0,0,0,---,---,---, ---,,,14.40,10,15.40,10,
705014,宏捷科永豐5A購01,"10,000",1,"3,000",0.30,0.30,0.30,0.30,+,0.06,0.16,10,0.26,10,
705015,穩懋永豐59購04,0,0,0,---,---,---, ---,,,4.86,499,4.96,10,
705023,雙鴻凱基5C購01,"348,000",17,"477,750",1.21,1.66,1.12,1.66,+,0.5,1.66,400,0.00,0,
705027,系統電群益5A購01,0,0,0,---,---,---, ---,,,0.04,499,0.14,10,
705028,宜特群益5A購01,0,0,0,---,---,---, ---,,,0.09,499,0.19,10,
705029,金山電群益5A購01,"10,000",1,"43,200",4.32,4.32,4.32,4.32,-,0.93,4.36,100,4.46,10,
705030,茂迪群益59購01,0,0,0,---,---,---, ---,,,0.00,0,0.00,0,
705031,訊聯群益5A購02,0,0,0,---,---,---, ---,,,0.00,0,0.77,100,
705034,精材群益5A購03,0,0,0,---,---,---, ---,,,21.50,10,0.00,0,
705037,台燿國票59購01,0,0,0,---,---,---, ---,,,0.00,0,18.50,10,
705038,宏觀國票5C購01,0,0,0,---,---,---, ---,,,0.14,25,0.15,10,
705041,茂迪國票59購01,0,0,0,---,---,---, ---,,,0.00,0,0.00,0,
705042,博大國票59購01,"121,000",2,"4,840",0.04,0.04,0.04,0.04,-,0.02,0.04,25,0.05,10,
705043,鑫聯國票59購02,0,0,0,---,---,---, ---,,,0.01,25,0.02,10,
705044,山富國票59購01,0,0,0,---,---,---, ---,,,0.00,0,0.00,0,
705045,五福國票59購01,0,0,0,---,---,---, ---,,,0.00,0,0.05,50,
705046,世界國票59購02,0,0,0,---,---,---, ---,,,0.29,25,0.35,10,
705047,世界國票59購05,0,0,0,---,---,---, ---,,,0.67,25,0.76,10,
705048,系微國票59購01,0,0,0,---,---,---, ---,,,0.01,25,0.02,10,
705049,宜鼎國票59購01,0,0,0,---,---,---, ---,,,8.75,25,9.25,10,
705050,茂迪國票59購02,0,0,0,---,---,---, ---,,,0.00,0,0.03,24,
705051,精材國票59購02,"10,000",1,"172,000",17.20,17.20,17.20,17.20,+,3.1,17.60,25,0.00,0,
705052,精測國票59購05,"5,000",5,50,0.01,0.01,0.01,0.01,-,0.0,0.00,0,0.01,2112,
705053,精測國票59購06,0,0,0,---,---,---, ---,,,0.00,0,0.00,0,
705054,精測國票59購07,0,0,0,---,---,---, ---,,,0.07,25,0.08,10,
705063,穩懋元大61購02,"20,000",8,"46,370",2.31,2.41,2.07,2.19,+,0.12,2.16,2,2.17,10,
705069,新鉅科凱基59購01,0,0,0,---,---,---, ---,,,0.00,0,0.02,10,
705072,新應材凱基5A購01,"311,000",7,"102,290",0.35,0.35,0.29,0.30,-,0.14,0.30,100,0.40,10,
705077,穩懋凱基59購07,0,0,0,---,---,---, ---,,,8.90,499,9.40,10,
705081,閎康群益5A購01,"5,000",1,"2,300",0.46,0.46,0.46,0.46,-,0.26,0.50,499,0.60,10,
705083,精測群益5A購01,0,0,0,---,---,---, ---,,,0.02,499,0.07,50,
705084,精測群益62購03,"706,000",31,"337,870",0.38,0.56,0.38,0.53,+,0.11,0.49,100,0.53,100,
705085,茂迪國泰59購01,0,0,0,---,---,---, ---,,,0.01,499,0.00,0,
705086,新應材國泰59購01,0,0,0,---,---,---, ---,,,0.01,10,0.00,0,
705087,世界富邦5C購03,0,0,0,---,---,---, ---,,,0.98,10,1.03,28,
705088,新應材富邦59購01,0,0,0,---,---,---, ---,,,0.05,10,0.00,0,
705089,新應材富邦63購01,0,0,0,---,---,---, ---,,,0.20,10,0.26,28,
705090,精測富邦5A購01,"18,000",2,360,0.02,0.02,0.02,0.02,+,0.01,0.01,46,0.02,217,
705091,正淩統一62購01,"262,000",14,"98,940",0.35,0.43,0.35,0.43,+,0.08,0.41,10,0.42,10,
705092,正淩統一65購01,"453,000",13,"181,170",0.38,0.42,0.38,0.42,+,0.05,0.42,10,0.43,10,
705093,宏觀統一72購01,0,0,0,---,---,---, ---,,,0.30,10,0.31,10,
705094,宜特統一62購01,"47,000",1,"20,210",0.43,0.43,0.43,0.43,-,0.03,0.41,10,0.42,10,
705095,新復興統一62購01,"75,000",5,"5,700",0.08,0.08,0.07,0.07,-,0.02,0.07,10,0.08,10,
705096,精測統一62購01,"745,000",17,"71,060",0.08,0.15,0.07,0.15,+,0.07,0.09,50,0.10,10,
705097,精測統一64購02,0,0,0,---,---,---, ---,,,0.17,58,0.00,0,
705098,精測統一72購01,0,0,0,---,---,---, ---,,,0.46,21,0.00,0,
705099,雙鴻統一62購03,"386,000",5,"179,030",0.39,0.50,0.39,0.47,+,0.08,0.54,10,0.00,0,
705100,鑫科統一62購01,0,0,0,---,---,---, ---,,,0.35,10,0.36,10,
705101,世界中信5B購01,0,0,0,---,---,---, ---,,,1.41,10,1.51,10,
705103,弘塑元富5A購02,"114,000",2,"229,140",2.01,2.01,2.01,2.01,-,0.49,2.13,25,2.17,10,
705108,精測元富5B購01,0,0,0,---,---,---, ---,,,0.13,25,0.23,10,
705109,精測元富5B購02,0,0,0,---,---,---, ---,,,0.05,25,0.15,10,
705110,精測元富5B購03,0,0,0,---,---,---, ---,,,0.04,25,0.10,10,
705111,系統電永豐61購01,0,0,0,---,---,---, ---,,,0.52,10,0.53,10,
705112,茂迪永豐5A購01,0,0,0,---,---,---, ---,,,0.04,10,0.05,10,
705114,新應材永豐61購01,"10,000",1,"10,800",1.08,1.08,1.08,1.08,-,0.15,1.00,10,1.01,10,
705117,系統電凱基5A購02,0,0,0,---,---,---, ---,,,0.01,10,0.11,10,
705121,閎康凱基59購01,0,0,0,---,---,---, ---,,,0.14,10,0.24,10,
705123,雙鴻凱基59購06,0,0,0,---,---,---, ---,,,0.55,100,0.00,0,
705124,訊聯國泰59購01,0,0,0,---,---,---, ---,,,0.00,0,0.00,0,
705125,博智富邦59購01,0,0,0,---,---,---, ---,,,3.00,10,0.00,0,
705126,大中統一62購01,0,0,0,---,---,---, ---,,,1.21,10,1.31,10,
705127,宏觀統一72購02,0,0,0,---,---,---, ---,,,0.44,100,0.45,10,
705128,良維統一72購01,"18,000",3,"22,360",1.25,1.25,1.21,1.21,+,0.05,1.20,10,1.21,9,
705129,宜特統一72購01,0,0,0,---,---,---, ---,,,0.64,10,0.65,10,
705130,長科*統一72購01,"2,000",1,"2,280",1.14,1.14,1.14,1.14,-,0.05,1.13,89,1.14,10,
705131,茂迪統一61購01,0,0,0,---,---,---, ---,,,0.17,10,0.18,10,
705132,茂迪統一72購02,0,0,0,---,---,---, ---,,,0.44,10,0.45,10,
705133,博智統一62購01,0,0,0,---,---,---, ---,,,1.51,10,1.52,10,
705134,博智統一62購02,0,0,0,---,---,---, ---,,,1.51,10,1.52,10,
705135,穩懋統一72購05,0,0,0,---,---,---, ---,,,1.94,10,1.95,10,
705136,鏵友益統一72購01,0,0,0,---,---,---, ---,,,0.82,100,0.83,10,
705137,台燿中信5A購01,0,0,0,---,---,---, ---,,,8.35,10,0.00,0,
705138,良維中信5C購01,"103,000",3,"179,220",1.74,1.74,1.74,1.74,+,0.22,1.61,10,1.64,10,
705142,新應材永豐5B購01,0,0,0,---,---,---, ---,,,0.43,10,0.46,10,
705143,正淩國票5B購01,0,0,0,---,---,---, ---,,,0.32,25,0.33,10,
705144,岳豐國票59購01,0,0,0,---,---,---, ---,,,0.00,0,0.00,0,
705145,長佳智國票59購01,0,0,0,---,---,---, ---,,,0.00,0,0.00,0,
705146,前鼎國票59購01,0,0,0,---,---,---, ---,,,11.10,25,0.00,0,
705147,崴寶國票59購01,0,0,0,---,---,---, ---,,,0.32,25,0.36,10,
705148,廣明國票59購01,0,0,0,---,---,---, ---,,,0.00,0,0.00,0,
705149,德勝國票59購01,"320,000",1,"3,200",0.01,0.01,0.01,0.01,-,0.0,0.01,25,0.02,12,
705161,雙鴻元大61購03,"37,000",2,"37,000",1.00,1.00,1.00,1.00,+,0.31,1.06,125,0.00,0,
705169,正淩凱基5B購01,0,0,0,---,---,---, ---,,,0.33,10,0.34,10,
705171,系統電凱基61購01,"586,000",8,"236,860",0.37,0.41,0.37,0.41,-,0.02,0.40,10,0.41,10,
705173,宜鼎凱基59購04,0,0,0,---,---,---, ---,,,7.85,50,8.35,10,
705175,崴寶凱基59購01,0,0,0,---,---,---, ---,,,0.64,10,0.66,10,
705179,雙鴻凱基5C購02,"179,000",14,"159,260",0.77,1.10,0.72,1.08,+,0.32,1.10,499,0.00,0,
705181,家登國泰59購01,"34,000",4,"72,720",2.16,2.16,1.98,1.98,-,0.37,1.96,10,1.97,10,
705182,雙鴻國泰59購02,0,0,0,---,---,---, ---,,,0.46,499,0.00,0,
705183,雙鴻國泰59購03,"25,000",2,"2,550",0.09,0.15,0.09,0.15,+,0.1,0.15,494,0.20,20,
705185,弘塑富邦59購03,0,0,0,---,---,---, ---,,,2.16,10,2.21,10,
705186,閎康富邦5A購01,0,0,0,---,---,---, ---,,,0.00,0,2.68,4,
705188,元太統一62購01,"1,245,000",23,"327,870",0.27,0.28,0.25,0.28,-,0.03,0.27,10,0.28,60,
705190,弘塑統一72購01,"49,000",12,"59,800",1.24,1.25,1.19,1.24,-,0.05,1.24,9,1.25,10,
705191,正淩統一72購01,0,0,0,---,---,---, ---,,,0.60,10,0.61,10,
705192,沛亨統一72購01,0,0,0,---,---,---, ---,,,1.57,64,1.58,10,
705193,宜鼎統一72購01,"51,000",10,"84,180",1.88,1.88,1.58,1.58,-,0.14,1.57,10,1.58,1,
705194,崴寶統一64購01,"105,000",2,"72,450",0.69,0.69,0.69,0.69,-,0.03,0.69,10,0.71,10,
705195,崴寶統一72購01,"260,000",7,"248,760",0.96,0.96,0.95,0.95,-,0.07,0.97,100,0.98,10,
705196,雙鴻統一72購01,"1,730,000",22,"1,549,470",0.79,0.92,0.79,0.92,+,0.13,0.92,10,0.00,0,
705197,鑫聯統一65購01,0,0,0,---,---,---, ---,,,0.51,10,0.52,10,
705199,凡甲國票59購01,0,0,0,---,---,---, ---,,,0.04,25,0.05,10,
705201,加百裕國票59購01,0,0,0,---,---,---, ---,,,0.01,25,0.02,10,
705203,匯鑽科國票59購02,0,0,0,---,---,---, ---,,,0.03,25,0.04,10,
705205,鑫聯國票59購03,"309,000",1,"98,880",0.32,0.32,0.32,0.32,-,0.06,0.31,25,0.32,10,
705212,雙鴻元大5C購01,"1,512,000",37,"1,018,070",0.58,0.81,0.55,0.81,+,0.23,0.82,130,1.14,1,
705213,雙鴻元大61購04,"10,000",1,"6,400",0.64,0.64,0.64,0.64,+,0.24,0.61,125,0.00,0,
705214,神盾永豐5B購01,0,0,0,---,---,---, ---,,,0.24,10,0.25,10,
705215,崴寶永豐5B購01,"217,000",7,"211,730",0.96,1.03,0.95,1.03,-,0.17,1.00,10,1.03,10,
705216,雙鴻永豐61購01,0,0,0,---,---,---, ---,,,0.93,10,1.07,10,
705221,雙鴻元富5A購04,"1,066,000",6,"2,043,350",1.95,2.28,1.86,2.28,+,1.18,2.28,15,0.00,0,
705222,雙鴻元富5A購05,"214,000",14,"234,610",0.88,1.50,0.76,1.50,+,0.64,1.46,25,1.60,1,
705223,雙鴻元富5A購06,"462,000",21,"316,120",0.50,0.83,0.50,0.83,+,0.33,0.85,25,0.00,0,
705224,穩懋元富5A購02,0,0,0,---,---,---, ---,,,9.20,25,9.70,10,
705225,穩懋元富5A購03,0,0,0,---,---,---, ---,,,7.65,25,8.15,10,
705235,力旺凱基5B購01,"10,000",2,"34,000",3.40,3.40,3.40,3.40,-,0.4,3.16,20,0.00,0,
705236,凡甲凱基59購01,"100,000",1,"4,000",0.04,0.04,0.04,0.04,-,0.02,0.04,10,0.14,10,
705238,穩懋凱基61購01,"11,000",3,"29,990",2.95,2.95,2.54,2.54,-,0.03,2.53,100,2.54,4,
705241,力旺永豐59購01,0,0,0,---,---,---, ---,,,0.83,10,0.93,10,
705242,宸曜永豐59購01,"120,000",2,"54,100",0.46,0.46,0.45,0.45,-,0.02,0.43,10,0.44,10,
705243,萬潤永豐62購01,0,0,0,---,---,---, ---,,,26.20,499,27.20,10,
705246,力旺元富5A購01,0,0,0,---,---,---, ---,,,2.84,25,2.94,10,
705249,力旺國泰59購01,"1,000",1,"2,170",2.17,2.17,2.17,2.17,-,0.24,1.93,10,2.03,10,
705250,凡甲國泰59購02,0,0,0,---,---,---, ---,,,0.41,10,0.51,10,
705251,中美晶國泰59購01,0,0,0,---,---,---, ---,,,0.00,0,0.00,0,
705252,神盾國泰59購01,0,0,0,---,---,---, ---,,,0.07,499,0.09,10,
705253,穩懋國泰59購01,0,0,0,---,---,---, ---,,,6.30,499,0.00,0,
705254,雙鴻富邦5A購02,"182,000",9,"102,420",0.54,0.58,0.51,0.58,+,0.25,0.55,10,0.65,1,
705255,雙鴻富邦5A購03,"1,247,000",44,"754,310",0.49,0.72,0.47,0.72,+,0.2,0.76,10,0.96,6,
705257,力旺統一65購01,"634,000",52,"502,300",0.85,0.85,0.74,0.78,-,0.12,0.78,16,1.02,1,
705258,力旺統一72購01,"735,000",27,"681,740",0.97,0.97,0.87,0.94,-,0.09,0.89,18,0.90,10,
705259,凡甲統一72購01,0,0,0,---,---,---, ---,,,0.59,10,0.60,10,
705260,凡甲統一72購02,"83,000",1,"59,760",0.72,0.72,0.72,0.72,-,0.02,0.71,100,0.72,10,
705261,元太統一62購02,"2,000",1,580,0.29,0.29,0.29,0.29,-,0.04,0.30,10,0.31,10,
705262,元太統一72購01,0,0,0,---,---,---, ---,,,0.37,20,0.38,10,
705263,弘塑統一72購02,0,0,0,---,---,---, ---,,,0.00,0,0.00,0,
705264,正淩統一72購02,"45,000",3,"21,200",0.47,0.48,0.47,0.48,+,0.04,0.47,30,0.48,10,
705265,沛亨統一72購02,"230,000",2,"275,400",1.20,1.20,1.18,1.18,-,0.1,1.19,10,1.21,10,
705266,博智統一72購01,0,0,0,---,---,---, ---,,,1.52,10,1.53,10,
705267,閎康統一72購02,"17,000",1,"14,620",0.86,0.86,0.86,0.86,-,0.04,0.84,10,0.85,10,
705268,雙鴻統一62購04,"203,000",5,"88,420",0.39,0.47,0.39,0.47,+,0.13,0.48,10,0.60,26,
705269,穩懋統一65購02,"8,000",7,"18,250",2.39,2.39,2.22,2.22,+,0.21,1.60,10,2.38,30,
705272,世紀*國票59購02,"33,000",7,"45,870",1.39,1.39,1.39,1.39,-,1.27,2.34,25,3.70,12,
705273,穩懋國票59購02,"2,000",2,"10,430",4.53,5.90,4.53,5.90,+,1.25,4.50,25,4.60,10,
705276,力旺群益5A購01,"93,000",11,"122,970",1.57,1.57,1.22,1.24,-,0.54,0.74,13,2.65,4,
705279,良維群益5C購01,"85,000",6,"138,600",1.66,1.68,1.60,1.60,+,0.14,1.55,10,1.65,10,
705284,力旺元大5A購03,"225,000",16,"322,870",1.60,1.60,1.34,1.38,-,0.4,1.35,1,0.00,0,
705289,鈊象元大5C購02,0,0,0,---,---,---, ---,,,0.36,27,0.00,0,
705291,世紀*凱基59購01,"3,000",2,"11,820",3.94,3.94,3.94,3.94,-,1.36,0.00,0,5.25,1,
705292,宏觀凱基5B購01,0,0,0,---,---,---, ---,,,0.16,10,0.18,10,
705300,鈊象凱基61購01,"72,000",13,"128,140",1.74,1.94,1.65,1.94,+,0.22,1.94,78,2.04,10,
705302,雙鴻凱基59購07,0,0,0,---,---,---, ---,,,0.60,499,0.00,0,
705303,台星科富邦5A購01,0,0,0,---,---,---, ---,,,1.14,10,1.18,10,
705304,台燿富邦5C購02,0,0,0,---,---,---, ---,,,5.40,10,5.90,10,
705305,宏觀富邦5A購01,0,0,0,---,---,---, ---,,,0.07,10,0.10,28,
705306,良維富邦59購02,0,0,0,---,---,---, ---,,,1.11,10,1.20,28,
705307,富喬富邦5B購01,"64,000",6,"45,000",0.70,0.71,0.70,0.71,-,0.05,0.72,10,0.76,28,
705308,亞泰統一64購01,"30,000",1,"79,500",2.65,2.65,2.65,2.65,+,0.04,2.65,70,0.00,0,
705309,亞泰統一72購01,0,0,0,---,---,---, ---,,,2.45,1,2.60,1,
705310,博智統一72購02,"44,000",1,"50,160",1.14,1.14,1.14,1.14,+,0.01,1.10,10,1.11,10,
705311,富喬統一62購01,"463,000",15,"263,100",0.56,0.62,0.55,0.60,+,0.02,0.32,31,0.61,40,
705312,富喬統一62購02,"4,154,000",238,"2,471,710",0.57,0.61,0.56,0.61,+,0.04,0.60,10,0.65,11,
705313,精材統一65購01,"3,000",2,"9,540",3.19,3.19,3.16,3.16,+,0.4,3.33,10,0.00,0,
705314,精材統一72購01,"388,000",29,"731,660",1.81,1.93,1.71,1.93,+,0.22,1.92,10,1.95,10,
705315,鑫科統一72購02,"32,000",2,"15,680",0.49,0.49,0.49,0.49,-,0.0,0.47,10,0.48,10,
705316,沛亨國票59購02,0,0,0,---,---,---, ---,,,1.61,25,1.67,10,
705318,宜鼎國票5A購01,0,0,0,---,---,---, ---,,,10.70,25,0.00,0,
705319,泰茂國票59購01,"1,000",1,50,0.05,0.05,0.05,0.05,+,0.04,0.00,0,0.04,20,
705320,泰茂國票59購02,0,0,0,---,---,---, ---,,,0.00,0,0.01,301,
705321,富強鑫國票59購01,"50,000",1,"2,000",0.04,0.04,0.04,0.04,-,0.03,0.04,25,0.05,10,
705323,富喬國票59購02,"696,000",17,"954,930",1.27,1.46,1.24,1.44,+,0.05,1.41,25,1.44,49,
705324,富喬國票5A購01,"505,000",21,"767,790",1.49,1.65,1.41,1.62,+,0.02,1.60,25,1.62,25,
705325,聚和國票59購01,0,0,0,---,---,---, ---,,,0.26,25,0.27,10,
705326,寶雅國票59購01,0,0,0,---,---,---, ---,,,3.46,25,4.90,1,
705330,富喬元大59購01,"21,000",3,"12,440",0.54,0.65,0.54,0.65,-,0.03,0.63,499,0.70,5,
705331,富喬元大5B購02,"265,000",7,"159,340",0.55,0.62,0.55,0.61,-,0.01,0.61,494,0.66,8,
705333,鈊象元大5C購03,0,0,0,---,---,---, ---,,,0.99,10,0.00,0,
705337,穩懋元大61購04,"10,000",1,"20,800",2.08,2.08,2.08,2.08,-,0.0,2.18,350,2.28,10,
705340,富喬群益59購01,"40,000",1,"26,000",0.65,0.65,0.65,0.65,-,0.02,0.64,499,0.74,10,
705341,富喬群益5A購01,"40,000",4,"33,500",0.86,0.91,0.78,0.91,+,0.07,0.78,10,0.92,10,
705343,弘塑永豐5B購01,0,0,0,---,---,---, ---,,,3.40,499,3.45,10,
705346,富喬永豐5A購02,"159,000",18,"105,070",0.66,0.73,0.66,0.73,+,0.02,0.65,10,0.68,10,
705347,富喬永豐61購01,"818,000",43,"798,150",1.01,1.01,0.92,1.00,+,0.03,1.00,10,1.02,10,
705348,富喬永豐65購01,"1,030,000",19,"1,203,450",1.18,1.19,1.12,1.19,+,0.03,1.17,10,1.19,99,
705349,雙鴻永豐5B購01,"30,000",3,"22,300",0.63,0.80,0.63,0.80,+,0.31,0.77,10,0.98,5,
705357,穩懋凱基61購02,0,0,0,---,---,---, ---,,,5.65,50,6.15,10,
705358,良維兆豐5A購01,"10,000",6,"13,240",1.32,1.34,1.32,1.34,+,0.14,1.27,20,1.28,20,
705360,中美晶元大5B購01,0,0,0,---,---,---, ---,,,2.35,300,0.00,0,
705365,雙鴻元大5B購02,"1,143,000",36,"1,013,200",0.77,1.12,0.77,1.12,+,0.33,1.08,125,1.13,5,
705366,雙鴻元大5C購02,"2,000",2,"1,630",0.80,0.83,0.80,0.83,+,0.2,0.87,125,0.95,1,
705370,穩懋元大61購05,"54,000",12,"74,460",1.27,1.55,1.27,1.28,+,0.05,1.29,499,1.39,10,
705371,穩懋富邦59購04,0,0,0,---,---,---, ---,,,1.90,10,0.00,0,
705372,力致統一64購01,0,0,0,---,---,---, ---,,,0.28,10,0.30,10,
705373,凡甲統一61購01,"1,000",1,370,0.37,0.37,0.37,0.37,+,0.01,0.35,10,0.36,10,
705374,元太統一72購02,"20,000",1,"8,200",0.41,0.41,0.41,0.41,-,0.04,0.42,10,0.43,10,
705375,台燿統一62購02,0,0,0,---,---,---, ---,,,4.29,10,4.30,10,
705376,正基統一64購01,0,0,0,---,---,---, ---,,,0.31,10,0.33,10,
705377,兆利統一64購01,"121,000",5,"57,100",0.52,0.52,0.46,0.47,-,0.06,0.46,10,0.48,10,
705378,宏捷科統一61購04,"3,000",2,970,0.33,0.33,0.31,0.31,-,0.0,0.30,11,0.31,9,
705379,沛亨統一68購01,0,0,0,---,---,---, ---,,,0.99,10,1.00,10,
705380,系統電統一5C購02,0,0,0,---,---,---, ---,,,0.20,10,0.21,10,
705381,系微統一64購01,"22,000",2,"12,080",0.55,0.55,0.54,0.54,-,0.04,0.52,10,0.54,10,
705382,亞泰統一72購02,"70,000",7,"227,700",3.23,3.29,3.22,3.22,+,0.18,3.10,10,0.00,0,
705383,宜特統一65購01,0,0,0,---,---,---, ---,,,0.46,10,0.47,10,
705384,東捷統一72購01,0,0,0,---,---,---, ---,,,2.15,10,2.16,10,
705385,前鼎統一72購01,0,0,0,---,---,---, ---,,,1.69,12,0.00,0,
705386,茂達統一72購01,"123,000",4,"101,750",0.86,0.86,0.82,0.82,-,0.09,0.86,10,0.87,10,
705387,原相統一64購01,"491,000",6,"193,550",0.39,0.40,0.38,0.38,-,0.04,0.38,10,0.39,10,
705388,能率統一72購01,0,0,0,---,---,---, ---,,,0.55,10,0.56,10,
705389,富強鑫統一72購01,"30,000",1,"17,100",0.57,0.57,0.57,0.57,-,0.05,0.58,10,0.59,10,
705390,新漢統一64購02,0,0,0,---,---,---, ---,,,0.32,10,0.34,10,
705391,新漢統一72購01,0,0,0,---,---,---, ---,,,0.47,10,0.48,10,
705392,萬潤統一62購01,0,0,0,---,---,---, ---,,,5.20,10,5.25,10,
705393,鈺太統一64購01,"141,000",3,"65,370",0.47,0.47,0.44,0.44,-,0.02,0.44,10,0.45,10,
705394,精材統一5C購02,"4,000",2,"14,800",3.40,3.80,3.40,3.80,+,0.55,3.86,10,3.87,10,
705395,聚和統一64購01,"1,000",1,480,0.48,0.48,0.48,0.48,-,0.03,0.48,10,0.51,10,
705396,廣明統一72購01,0,0,0,---,---,---, ---,,,0.21,10,0.22,10,
705397,穩得統一72購01,"57,000",2,"55,860",0.98,0.98,0.98,0.98,-,0.01,0.98,100,0.99,10,
705398,穩懋統一61購06,"39,000",2,"64,960",1.88,1.88,1.66,1.66,-,0.21,1.81,10,1.82,10,
705399,穩懋統一62購01,"179,000",21,"224,350",1.25,1.35,1.18,1.27,-,0.01,1.20,10,1.35,5,
705400,穩懋統一62購02,"80,000",5,"158,600",2.05,2.06,1.68,1.70,-,0.1,1.89,10,1.90,10,
705401,穩懋統一62購03,"119,000",6,"133,700",1.11,1.30,1.11,1.30,+,0.15,1.18,10,1.19,10,
705402,耀勝統一64購01,0,0,0,---,---,---, ---,,,0.12,10,0.13,10,
705403,耀勝統一72購01,0,0,0,---,---,---, ---,,,0.20,10,0.21,10,
705404,鑫科統一72購03,0,0,0,---,---,---, ---,,,0.43,10,0.44,10,
705405,正基國票59購01,0,0,0,---,---,---, ---,,,0.05,25,0.06,10,
705406,昱展國票59購02,0,0,0,---,---,---, ---,,,0.01,25,0.02,10,
705409,台星科永豐59購01,"200,000",2,"143,000",0.72,0.72,0.71,0.71,-,0.27,0.72,499,0.82,10,
705410,沛亨永豐5B購01,"10,000",1,"12,300",1.23,1.23,1.23,1.23,-,0.2,1.29,10,1.31,10,
705411,良維永豐59購01,0,0,0,---,---,---, ---,,,1.53,10,1.55,10,
705412,萬潤永豐59購01,0,0,0,---,---,---, ---,,,15.20,499,16.20,10,
705413,鉅橡永豐5A購02,0,0,0,---,---,---, ---,,,0.04,10,0.05,10,
705415,鑫科永豐59購01,0,0,0,---,---,---, ---,,,0.08,10,0.11,10,
705422,大中群益59購02,0,0,0,---,---,---, ---,,,0.00,0,3.55,10,
705425,翔名群益59購01,0,0,0,---,---,---, ---,,,2.32,499,2.42,10,
705426,勤凱群益5A購01,0,0,0,---,---,---, ---,,,2.41,499,2.51,10,
705428,萬潤群益59購01,0,0,0,---,---,---, ---,,,0.00,0,15.30,10,
705433,中美晶凱基5C購01,0,0,0,---,---,---, ---,,,3.77,100,3.87,10,
705437,弘塑凱基5C購01,"29,000",8,"134,190",4.73,4.85,4.50,4.85,-,0.75,4.82,10,4.85,9,
705438,沛亨凱基5A購01,0,0,0,---,---,---, ---,,,1.50,10,0.00,0,
705439,信驊凱基5A購03,"7,000",2,"44,800",6.40,6.40,6.40,6.40,+,0.1,6.85,100,7.35,10,
705442,台特化兆豐5B購01,0,0,0,---,---,---, ---,,,0.04,10,0.05,20,
705443,新應材兆豐5B購01,0,0,0,---,---,---, ---,,,0.09,30,0.10,20,
705444,良維國票62購01,0,0,0,---,---,---, ---,,,2.21,25,2.22,10,
705445,東浦國票5A購01,0,0,0,---,---,---, ---,,,0.05,25,0.10,10,
705446,信驊國票62購01,"103,000",17,"491,390",4.40,5.00,4.38,4.94,+,0.24,4.74,25,4.84,10,
705447,博智國票5A購01,0,0,0,---,---,---, ---,,,5.30,25,5.65,10,
705448,萬潤國票5A購01,"2,000",1,"41,000",20.50,20.50,20.50,20.50,+,0.3,19.10,25,20.10,10,
705449,鉅橡國票5B購01,0,0,0,---,---,---, ---,,,0.14,25,0.15,10,
705451,穩懋國票5A購03,"83,000",6,"168,810",2.31,2.31,1.51,2.00,-,0.2,1.86,25,1.96,10,
705452,世界國泰5A購01,"22,000",3,"28,480",1.24,1.30,1.24,1.30,-,0.23,1.28,10,1.30,10,
705453,宏捷科國泰5A購01,0,0,0,---,---,---, ---,,,0.23,10,0.36,3,
705455,世界群益5B購02,"316,000",5,"230,720",0.73,0.74,0.72,0.74,-,0.1,0.27,37,0.00,0,
705457,宏捷科群益5A購01,0,0,0,---,---,---, ---,,,0.15,499,0.25,10,
705458,良維群益5B購01,"70,000",3,"52,800",0.75,0.79,0.75,0.79,+,0.16,0.67,10,0.77,10,
705460,信驊群益5B購04,0,0,0,---,---,---, ---,,,3.15,3,0.00,0,
705461,湧德群益61購01,0,0,0,---,---,---, ---,,,0.48,25,0.49,10,
705462,順達群益5B購01,0,0,0,---,---,---, ---,,,0.00,0,0.00,0,
705475,雙鴻元大5C購03,"703,000",20,"929,020",1.20,1.54,1.15,1.54,+,0.34,1.56,125,1.85,5,
705476,雙鴻元大61購05,"2,203,000",39,"2,249,690",0.90,1.16,0.88,1.16,+,0.25,1.19,125,0.00,0,
705477,台特化統一63購02,0,0,0,---,---,---, ---,,,0.18,10,0.19,10,
705478,台特化統一73購01,"10,000",1,"5,200",0.52,0.52,0.52,0.52,-,0.03,0.52,10,0.53,10,
705479,良維統一61購01,"21,000",2,"19,740",0.94,0.94,0.94,0.94,+,0.02,0.91,10,0.92,10,
705480,良維統一63購01,"364,000",9,"277,340",0.77,0.77,0.74,0.75,+,0.04,0.72,10,0.73,10,
705481,亞泰統一62購01,"41,000",3,"177,200",5.20,5.20,4.30,4.30,-,0.22,4.30,60,5.20,3,
705482,信昌電統一61購04,0,0,0,---,---,---, ---,,,7.75,10,7.80,10,
705483,新應材統一62購02,0,0,0,---,---,---, ---,,,0.19,10,0.20,10,
705484,萬潤統一62購02,"8,000",1,"52,800",6.60,6.60,6.60,6.60,-,0.2,6.55,10,6.60,10,
705485,萬潤統一73購01,"4,000",1,"17,640",4.41,4.41,4.41,4.41,-,0.16,4.38,10,4.39,10,
705486,德微統一63購01,"36,000",2,"50,400",1.40,1.40,1.40,1.40,-,0.25,1.38,10,1.39,10,
705487,穩懋統一66購01,"314,000",23,"344,500",1.20,1.22,0.97,1.08,-,0.06,1.06,10,1.22,185,
705488,穩懋統一73購01,"163,000",12,"240,340",1.45,1.56,1.43,1.50,+,0.03,1.51,10,1.52,10,
705489,穩懋統一73購02,"718,000",40,"1,087,970",1.41,1.59,1.38,1.48,+,0.06,1.47,10,1.48,10,
705491,世界永豐5A購02,0,0,0,---,---,---, ---,,,0.13,10,0.14,10,
705492,世界永豐5B購02,"10,000",1,"26,000",2.60,2.60,2.60,2.60,-,2.8,2.72,10,2.77,10,
705494,台特化永豐5B購01,0,0,0,---,---,---, ---,,,0.07,10,0.09,10,
705496,光頡永豐5A購01,0,0,0,---,---,---, ---,,,0.76,10,0.80,10,
705497,宜鼎永豐5A購02,0,0,0,---,---,---, ---,,,2.91,10,3.01,10,
705500,原相永豐5B購01,"14,000",1,"5,740",0.41,0.41,0.41,0.41,-,0.1,0.39,499,0.40,10,
705502,萬潤永豐5B購01,0,0,0,---,---,---, ---,,,9.80,10,9.85,10,
705503,德微永豐5A購01,0,0,0,---,---,---, ---,,,1.52,10,1.62,10,
705504,雙鴻永豐5C購01,"105,000",5,"109,990",1.01,1.34,1.01,1.34,+,0.34,1.40,10,0.00,0,
705505,穩懋永豐5A購03,"403,000",37,"493,790",1.12,1.40,0.95,1.30,+,0.21,1.15,10,1.30,49,
705508,宜特元富5A購01,0,0,0,---,---,---, ---,,,0.36,25,0.46,10,
705509,信驊元富5A購04,0,0,0,---,---,---, ---,,,4.58,25,4.68,10,
705517,台特化台新59購01,0,0,0,---,---,---, ---,,,0.00,0,0.10,10,
705519,均華兆豐63購01,"12,000",4,"38,250",3.05,3.25,3.05,3.22,+,0.55,3.21,20,3.22,5,
705520,宜鼎兆豐63購01,"19,000",9,"83,720",4.44,4.44,4.40,4.40,-,0.23,3.47,2,4.40,1,
705521,順達兆豐5B購01,0,0,0,---,---,---, ---,,,1.49,10,1.50,20,
705522,雙鴻兆豐5B購01,0,0,0,---,---,---, ---,,,0.23,43,0.65,2,
705523,中探針凱基59購03,"66,000",10,"339,050",5.15,5.80,4.80,5.65,-,0.85,5.65,99,6.15,10,
705524,宏捷科凱基59購02,"84,000",3,840,0.01,0.01,0.01,0.01,-,0.04,0.01,100,0.11,10,
705525,良維凱基5B購02,0,0,0,---,---,---, ---,,,0.86,100,0.87,10,
705526,鈊象凱基59購01,0,0,0,---,---,---, ---,,,0.41,100,0.51,10,
705527,萬潤凱基5B購01,0,0,0,---,---,---, ---,,,22.50,100,23.50,10,
705529,環球晶凱基59購03,0,0,0,---,---,---, ---,,,0.00,0,34.20,10,
705530,環球晶凱基59購04,0,0,0,---,---,---, ---,,,13.70,10,14.70,10,
705531,環球晶凱基59購05,0,0,0,---,---,---, ---,,,10.40,100,11.40,10,
705532,環球晶凱基59購06,"1,000",1,"11,000",11.00,11.00,11.00,11.00,-,3.2,12.10,10,13.10,10,
705533,雙鴻凱基59購09,0,0,0,---,---,---, ---,,,0.00,0,0.00,0,
705534,雙鴻凱基5B購01,"91,000",4,"40,180",0.40,0.53,0.40,0.53,+,0.13,0.64,499,0.00,0,
705535,穩懋凱基59購09,"16,000",3,"2,780",0.13,0.23,0.13,0.23,-,0.0,0.21,100,0.31,10,
705536,穩懋凱基59購10,0,0,0,---,---,---, ---,,,1.79,499,1.89,10,
705537,穩懋凱基59購11,"2,000",1,"2,420",1.21,1.21,1.21,1.21,+,0.5,0.85,100,0.95,10,
705539,中探針元大5A購02,0,0,0,---,---,---, ---,,,2.67,250,0.00,0,
705540,沛亨元大59購01,"24,000",1,"4,320",0.18,0.18,0.18,0.18,-,0.44,0.34,499,0.00,0,
705541,茂迪元大59購01,0,0,0,---,---,---, ---,,,0.00,0,0.10,10,
705544,萬潤元大5B購01,0,0,0,---,---,---, ---,,,0.00,0,0.00,0,
705545,德微元大59購02,0,0,0,---,---,---, ---,,,2.75,250,0.00,0,
705546,雙鴻元大59購03,0,0,0,---,---,---, ---,,,0.00,0,0.01,206,
705547,雙鴻元大59購04,0,0,0,---,---,---, ---,,,0.00,0,0.01,8,
705548,雙鴻元大61購06,"712,000",15,"332,650",0.38,0.48,0.38,0.48,+,0.15,0.48,126,0.53,10,
705549,穩懋元大59購06,"5,000",1,"5,400",1.08,1.08,1.08,1.08,+,0.15,0.81,499,0.00,0,
705550,穩懋元大59購07,"2,000",2,"1,360",0.62,0.74,0.62,0.74,+,0.14,0.41,499,0.70,55,
705551,穩懋元大5A購03,"59,000",12,"66,010",1.14,1.49,0.94,1.49,+,0.49,1.02,4,1.50,11,
705552,穩懋元大5B購04,0,0,0,---,---,---, ---,,,0.00,0,2.00,16,
705553,穩懋元大5C購04,"110,000",13,"147,200",1.28,1.45,1.28,1.35,+,0.07,1.00,2,1.35,66,
705554,宜鼎富邦5C購02,"1,000",1,"1,700",1.70,1.70,1.70,1.70,-,0.17,1.70,10,1.80,10,
705555,中探針永豐5C購01,"18,000",7,"51,100",3.15,3.15,2.45,2.45,-,0.7,0.00,0,2.45,2,
705556,正基永豐5A購01,0,0,0,---,---,---, ---,,,0.13,499,0.14,10,
705557,茂迪永豐5C購01,"60,000",2,"4,300",0.07,0.08,0.07,0.08,-,0.01,0.07,10,0.08,10,
705558,神盾永豐5C購01,0,0,0,---,---,---, ---,,,0.07,10,0.00,0,
705559,博智永豐5B購01,0,0,0,---,---,---, ---,,,10.30,10,11.30,10,
705560,萬潤永豐5C購01,"6,000",2,"22,370",3.76,3.76,3.57,3.57,-,0.56,3.79,10,4.93,3,
705562,環球晶永豐5B購01,0,0,0,---,---,---, ---,,,7.70,499,8.20,10,
705563,雙鴻永豐59購03,0,0,0,---,---,---, ---,,,0.07,499,0.00,0,
705564,雙鴻永豐5A購03,"4,000",3,770,0.17,0.20,0.17,0.20,+,0.05,0.12,10,0.20,37,
705565,穩懋永豐5C購02,"2,956,000",170,"3,724,990",1.14,1.50,1.09,1.23,+,0.06,1.23,6,1.24,10,
705566,耀勝永豐5C購01,0,0,0,---,---,---, ---,,,0.00,0,0.03,10,
705567,宏觀國泰5A購01,0,0,0,---,---,---, ---,,,0.03,10,0.09,10,
705568,沛亨國泰5A購01,0,0,0,---,---,---, ---,,,2.14,499,2.24,15,
705569,宜鼎國泰5A購01,0,0,0,---,---,---, ---,,,8.20,15,8.50,10,
705570,世界凱基5C購01,0,0,0,---,---,---, ---,,,0.81,100,0.82,10,
705571,弘塑凱基59購03,0,0,0,---,---,---, ---,,,0.45,10,0.55,10,
705572,旺矽凱基5A購02,0,0,0,---,---,---, ---,,,6.25,10,6.65,10,
705574,矽科凱基59購01,0,0,0,---,---,---, ---,,,0.00,0,0.10,10,
705575,原相凱基5B購01,0,0,0,---,---,---, ---,,,0.33,10,0.34,10,
705576,聖暉*凱基59購02,0,0,0,---,---,---, ---,,,0.63,100,0.73,10,
705577,鉅橡凱基5B購01,0,0,0,---,---,---, ---,,,0.09,10,0.10,10,
705578,鈺太凱基59購01,0,0,0,---,---,---, ---,,,0.00,0,0.10,10,
705580,宏觀永豐5A購01,0,0,0,---,---,---, ---,,,0.12,499,0.14,10,
705581,良維永豐5B購01,"44,000",1,"51,040",1.16,1.16,1.16,1.16,+,0.24,0.99,10,1.00,10,
705583,旺矽永豐5A購01,0,0,0,---,---,---, ---,,,6.25,10,6.75,10,
705584,旺矽永豐5B購01,0,0,0,---,---,---, ---,,,6.05,10,0.00,0,
705585,博磊永豐5A購01,"4,000",3,"5,340",1.32,1.35,1.32,1.35,-,0.24,1.25,10,1.32,10,
705586,群翊永豐59購01,0,0,0,---,---,---, ---,,,0.00,0,0.00,0,
705587,精材永豐5B購01,"6,000",2,"22,830",3.83,3.83,3.80,3.80,+,0.74,3.83,10,0.00,0,
705588,精星永豐59購01,0,0,0,---,---,---, ---,,,0.00,0,0.06,42,
705589,鏵友益永豐5C購01,0,0,0,---,---,---, ---,,,0.51,10,0.53,10,
705590,鑫聯永豐5C購01,0,0,0,---,---,---, ---,,,0.25,10,0.26,10,
705591,凡甲元大59購01,0,0,0,---,---,---, ---,,,0.03,499,0.13,10,
705592,均華元大59購01,"4,000",1,"4,000",1.00,1.00,1.00,1.00,-,0.16,1.20,499,0.00,0,
705593,旺矽元大59購03,0,0,0,---,---,---, ---,,,0.00,0,0.00,0,
705594,旺矽元大59購04,0,0,0,---,---,---, ---,,,0.00,0,9.50,20,
705595,閎康元大59購01,0,0,0,---,---,---, ---,,,0.00,0,0.10,10,
705596,鈺太元大59購01,0,0,0,---,---,---, ---,,,0.00,0,0.10,10,
705597,雙鴻元大59購05,0,0,0,---,---,---, ---,,,0.00,0,0.00,0,
705598,雙鴻元大59購06,0,0,0,---,---,---, ---,,,0.02,125,0.00,0,
705599,雙鴻元大61購07,"2,000",2,"1,030",0.48,0.55,0.48,0.55,+,0.18,0.55,124,0.00,0,
705600,凡甲國泰5A購01,0,0,0,---,---,---, ---,,,0.32,10,0.37,10,
705601,旺矽國泰5A購01,0,0,0,---,---,---, ---,,,6.20,10,0.00,0,
705602,鑫聯國泰5A購01,0,0,0,---,---,---, ---,,,0.14,100,0.17,15,
705603,元太國票5A購01,0,0,0,---,---,---, ---,,,0.02,45,0.04,10,
705604,良維國票67購01,"1,000",1,"2,070",2.07,2.07,2.07,2.07,+,0.08,2.00,25,2.01,10,
705605,亞信國票5A購01,0,0,0,---,---,---, ---,,,0.04,25,0.05,10,
705606,旺矽國票61購01,0,0,0,---,---,---, ---,,,5.50,25,0.00,0,
705608,是方國票5A購01,0,0,0,---,---,---, ---,,,0.01,25,0.02,10,
705610,精材國票5C購01,0,0,0,---,---,---, ---,,,9.30,25,0.00,0,
705611,雙鴻國票5C購01,0,0,0,---,---,---, ---,,,0.48,25,0.00,0,
705613,中美晶群益59購01,0,0,0,---,---,---, ---,,,0.00,0,0.00,0,
705614,弘塑群益5A購02,"70,000",1,"79,100",1.13,1.13,1.13,1.13,-,0.69,1.34,499,1.44,10,
705615,正基群益5A購01,0,0,0,---,---,---, ---,,,0.01,499,0.11,10,
705616,宏捷科群益5A購02,0,0,0,---,---,---, ---,,,0.03,499,0.13,10,
705617,良維群益5B購02,0,0,0,---,---,---, ---,,,0.75,10,0.85,10,
705618,亞信群益59購01,0,0,0,---,---,---, ---,,,0.00,0,0.00,0,
705619,亞信群益5A購01,0,0,0,---,---,---, ---,,,0.06,499,0.16,10,
705620,宜鼎群益5A購01,0,0,0,---,---,---, ---,,,0.00,0,6.70,10,
705621,旺矽群益5B購01,"48,000",8,"149,840",3.07,3.40,3.01,3.02,-,0.3,3.05,3,0.00,0,
705622,順達群益5A購01,0,0,0,---,---,---, ---,,,0.38,26,0.00,0,
705625,環球晶群益59購03,0,0,0,---,---,---, ---,,,0.00,0,9.30,10,
705626,環球晶群益59購04,"5,000",2,"45,600",9.10,9.15,9.10,9.15,-,2.25,9.15,50,0.00,0,
705627,環球晶群益5A購01,0,0,0,---,---,---, ---,,,0.00,0,8.25,10,
705628,雙鴻群益59購02,0,0,0,---,---,---, ---,,,0.00,0,0.50,100,
705629,雙鴻群益59購03,0,0,0,---,---,---, ---,,,0.00,0,0.00,0,
705630,旺矽兆豐5B購01,0,0,0,---,---,---, ---,,,3.89,10,3.90,10,
705631,大綜永豐5A購01,0,0,0,---,---,---, ---,,,0.36,10,0.46,10,
705632,茂迪永豐59購01,0,0,0,---,---,---, ---,,,0.00,0,0.10,10,
705633,順達永豐5B購01,"23,000",3,"63,360",2.72,2.80,2.72,2.72,-,0.48,2.73,10,2.74,10,
705634,新復興永豐5B購01,0,0,0,---,---,---, ---,,,0.00,0,0.03,10,
705635,穩得永豐59購01,0,0,0,---,---,---, ---,,,0.00,0,0.10,10,
705636,大宇資群益59購02,0,0,0,---,---,---, ---,,,0.00,0,0.00,0,
705637,系統電群益5A購02,0,0,0,---,---,---, ---,,,0.02,499,0.12,10,
705638,宜鼎群益5B購01,"100,000",4,"322,900",3.42,3.42,3.17,3.17,-,0.42,3.24,25,3.34,10,
705640,旺矽群益59購03,0,0,0,---,---,---, ---,,,0.00,0,0.00,0,
705641,前鼎群益59購01,0,0,0,---,---,---, ---,,,0.00,0,0.00,0,
705642,茂迪群益59購02,0,0,0,---,---,---, ---,,,0.00,0,0.01,998,
705643,茂迪群益5A購01,0,0,0,---,---,---, ---,,,0.00,0,0.02,10,
705644,原相群益5C購01,0,0,0,---,---,---, ---,,,0.30,10,0.40,10,
705646,鉅橡群益59購01,0,0,0,---,---,---, ---,,,0.00,0,0.00,0,
705647,台特化凱基59購02,0,0,0,---,---,---, ---,,,0.00,0,0.10,10,
705648,正基凱基5A購01,0,0,0,---,---,---, ---,,,0.01,10,0.11,10,
705649,印能凱基59購01,0,0,0,---,---,---, ---,,,1.63,100,1.73,10,
705650,印能凱基59購02,0,0,0,---,---,---, ---,,,2.72,100,0.00,0,
705652,宜鼎凱基5A購03,0,0,0,---,---,---, ---,,,4.82,50,4.92,10,
705653,前鼎凱基5A購01,"3,000",3,"35,900",10.40,13.00,10.40,13.00,+,3.25,12.50,50,0.00,0,
705654,茂迪凱基59購02,0,0,0,---,---,---, ---,,,0.00,0,0.10,10,
705656,鉅橡凱基5A購01,0,0,0,---,---,---, ---,,,0.06,10,0.07,10,
705657,巨漢元大59購01,0,0,0,---,---,---, ---,,,0.00,0,0.10,10,
705659,印能元大5C購01,0,0,0,---,---,---, ---,,,1.56,400,1.66,10,
705661,茂迪元大59購04,"2,000",1,180,0.09,0.09,0.09,0.09,-,0.0,0.00,0,0.09,8,
705662,茂迪元大59購05,0,0,0,---,---,---, ---,,,0.00,0,0.05,10,
705664,閎康元大59購02,0,0,0,---,---,---, ---,,,0.02,499,0.00,0,
705665,環球晶元大61購01,0,0,0,---,---,---, ---,,,0.00,0,0.00,0,
705666,鑫聯元大61購01,0,0,0,---,---,---, ---,,,0.28,499,0.29,10,
705667,萬泰科國泰5A購01,0,0,0,---,---,---, ---,,,2.39,499,0.00,0,
705668,鉅橡國泰5A購01,0,0,0,---,---,---, ---,,,0.12,499,0.13,15,
705671,鈊象富邦5B購01,"385,000",9,"159,750",0.39,0.44,0.39,0.44,+,0.03,0.43,10,0.44,28,
705672,聖暉*富邦5B購01,"452,000",18,"316,130",0.74,0.74,0.63,0.63,-,0.08,0.65,30,0.66,28,
705673,精材富邦59購01,0,0,0,---,---,---, ---,,,2.36,13,0.00,0,
705674,環球晶富邦5C購01,0,0,0,---,---,---, ---,,,2.66,10,2.76,10,
705675,雙鴻富邦5C購01,"841,000",36,"460,860",0.49,0.70,0.46,0.70,+,0.2,0.69,10,0.00,0,
705676,雙鴻富邦5C購02,"642,000",21,"233,740",0.30,0.46,0.30,0.45,+,0.15,0.47,10,0.80,2,
705677,譜瑞富邦5C購01,"2,000",2,"5,400",2.45,2.95,2.45,2.95,+,0.5,0.00,0,2.90,15,
705678,九豪國票59購01,0,0,0,---,---,---, ---,,,0.86,25,0.91,10,
705679,九豪國票5A購01,"13,000",1,"10,920",0.84,0.84,0.84,0.84,-,0.33,0.65,25,0.66,10,
705680,正基國票5A購01,0,0,0,---,---,---, ---,,,0.01,25,0.02,10,
705681,沛亨國票5A購01,0,0,0,---,---,---, ---,,,1.03,25,1.05,10,
705682,宜鼎國票5A購02,"1,000",1,"5,150",5.15,5.15,5.15,5.15,-,0.65,5.15,25,5.40,10,
705683,岳豐國票5A購01,0,0,0,---,---,---, ---,,,0.00,0,0.00,0,
705684,茂迪國票5A購01,0,0,0,---,---,---, ---,,,0.01,25,0.02,10,
705685,茂迪國票5A購02,0,0,0,---,---,---, ---,,,0.01,25,0.02,10,
705686,晟德國票5A購01,0,0,0,---,---,---, ---,,,0.01,25,0.02,10,
705688,博智國票59購03,0,0,0,---,---,---, ---,,,6.35,25,0.00,0,
705690,僑威國票5A購01,0,0,0,---,---,---, ---,,,0.01,25,0.02,10,
705691,聚和國票5A購01,"15,000",1,"3,900",0.26,0.26,0.26,0.26,-,0.04,0.26,25,0.27,10,
705692,臺慶科國票5A購02,0,0,0,---,---,---, ---,,,0.19,25,0.24,10,
705693,雙鴻台新59購01,"10,000",1,"1,700",0.17,0.17,0.17,0.17,+,0.07,0.21,25,0.27,20,
705694,正基凱基5A購02,0,0,0,---,---,---, ---,,,0.00,0,0.10,10,
705695,前鼎凱基59購02,0,0,0,---,---,---, ---,,,0.00,0,0.00,0,
705696,國金10凱基59購01,0,0,0,---,---,---, ---,,,0.24,1,0.52,1,
705697,新復興凱基5B購01,0,0,0,---,---,---, ---,,,0.00,0,0.10,10,
705698,鉅橡凱基5A購02,0,0,0,---,---,---, ---,,,0.18,10,0.19,10,
705699,聚和凱基5A購01,"100,000",10,"37,700",0.37,0.38,0.37,0.38,-,0.05,0.36,10,0.37,10,
705700,寶雅凱基5A購01,0,0,0,---,---,---, ---,,,3.71,10,3.81,10,
705701,正基國票5B購01,0,0,0,---,---,---, ---,,,0.23,25,0.24,10,
705702,宏捷科國票62購01,0,0,0,---,---,---, ---,,,0.25,25,0.27,10,
705703,亞泰國票59購01,0,0,0,---,---,---, ---,,,12.70,25,13.70,10,
705704,昱展國票5A購01,0,0,0,---,---,---, ---,,,0.00,0,0.25,10,
705705,新復興國票5B購01,0,0,0,---,---,---, ---,,,0.01,105,0.02,10,
705706,萬泰科國票5A購01,0,0,0,---,---,---, ---,,,2.61,25,2.69,10,
705707,德勝國票5A購01,0,0,0,---,---,---, ---,,,0.01,25,0.02,10,
705708,正基國泰5A購01,0,0,0,---,---,---, ---,,,0.01,499,0.02,15,
705709,勤凱國泰5A購01,0,0,0,---,---,---, ---,,,2.19,55,2.25,10,
705711,台特化元大5C購01,0,0,0,---,---,---, ---,,,0.26,499,0.27,10,
705712,台燿元大61購03,0,0,0,---,---,---, ---,,,9.85,50,9.95,10,
705713,弘塑元大59購04,0,0,0,---,---,---, ---,,,1.40,450,0.00,0,
705714,正基元大59購01,0,0,0,---,---,---, ---,,,0.00,0,0.10,10,
705715,正基元大59購02,0,0,0,---,---,---, ---,,,0.00,0,0.10,10,
705716,正基元大59購03,0,0,0,---,---,---, ---,,,0.00,0,0.03,80,
705717,印能元大59購02,0,0,0,---,---,---, ---,,,0.00,0,0.00,0,
705718,宜鼎元大5C購04,0,0,0,---,---,---, ---,,,3.99,200,0.00,0,
705719,宜鼎元大61購02,0,0,0,---,---,---, ---,,,0.00,0,3.35,1,
705720,旺矽元大59購05,0,0,0,---,---,---, ---,,,0.00,0,6.00,6,
705721,新復興元大59購02,0,0,0,---,---,---, ---,,,0.00,0,0.10,10,
705722,新復興元大59購03,0,0,0,---,---,---, ---,,,0.00,0,0.10,10,
705723,新復興元大59購04,0,0,0,---,---,---, ---,,,0.00,0,0.10,10,
705724,新復興元大59購05,0,0,0,---,---,---, ---,,,0.00,0,0.10,212,
705725,環球晶元大59購01,0,0,0,---,---,---, ---,,,0.00,0,0.00,0,
705726,雙鴻元大61購08,"229,000",22,"294,080",1.13,1.42,1.13,1.42,+,0.33,1.42,125,1.55,6,
705727,九豪群益5A購01,0,0,0,---,---,---, ---,,,0.24,41,0.68,10,
705728,台特化群益62購01,"400,000",1,"108,000",0.27,0.27,0.27,0.27,-,0.04,0.26,1,0.00,0,
705729,正基群益5A購02,0,0,0,---,---,---, ---,,,0.00,0,0.00,0,
705730,印能群益59購01,0,0,0,---,---,---, ---,,,0.00,0,2.10,10,
705731,宏捷科群益59購02,0,0,0,---,---,---, ---,,,0.00,0,0.00,0,
705732,宏捷科群益59購03,0,0,0,---,---,---, ---,,,0.00,0,0.02,30,
705733,宜特群益5B購01,0,0,0,---,---,---, ---,,,0.13,25,0.14,10,
705734,新復興群益59購01,0,0,0,---,---,---, ---,,,0.00,0,0.00,0,
705735,鑫聯群益59購01,0,0,0,---,---,---, ---,,,0.00,0,0.00,0,
705736,正基永豐5B購01,0,0,0,---,---,---, ---,,,0.39,499,0.40,10,
705737,印能永豐5C購01,0,0,0,---,---,---, ---,,,2.66,10,3.49,20,
705738,宏捷科永豐59購01,0,0,0,---,---,---, ---,,,0.00,0,0.05,10,
705739,系統電永豐64購01,"30,000",1,"21,600",0.72,0.72,0.72,0.72,-,0.06,0.75,10,0.76,10,
705740,陽程永豐5A購01,0,0,0,---,---,---, ---,,,14.50,2,0.00,0,
705741,正淩元富59購01,0,0,0,---,---,---, ---,,,0.03,25,0.10,10,
705742,穩得元富59購01,0,0,0,---,---,---, ---,,,0.60,25,0.70,10,
705744,台特化凱基59購03,0,0,0,---,---,---, ---,,,0.00,0,0.10,10,
705747,宏捷科凱基59購03,0,0,0,---,---,---, ---,,,0.00,0,0.10,10,
705748,亞信凱基59購01,0,0,0,---,---,---, ---,,,0.11,10,0.21,10,
705749,宜特凱基59購02,0,0,0,---,---,---, ---,,,0.56,100,0.66,10,
705753,晟德凱基5A購01,0,0,0,---,---,---, ---,,,0.00,0,0.10,10,
705754,精材凱基61購01,0,0,0,---,---,---, ---,,,12.50,100,0.00,0,
705755,雙鴻凱基5C購03,"512,000",14,"753,800",1.23,1.75,1.11,1.75,+,0.52,1.75,58,1.95,1,
705757,世界元大59購05,0,0,0,---,---,---, ---,,,0.00,0,0.00,0,
705758,世界元大5C購01,"10,000",2,"17,210",1.73,1.73,1.72,1.72,-,0.19,1.25,8,0.00,0,
705759,台特化元大5C購02,"10,000",1,"1,600",0.16,0.16,0.16,0.16,-,0.03,0.15,499,0.16,10,
705762,宏捷科元大59購01,0,0,0,---,---,---, ---,,,0.00,0,0.20,10,
705763,良維元大59購02,"3,000",1,120,0.04,0.04,0.04,0.04,-,0.05,0.03,499,0.00,0,
705764,良維元大59購03,0,0,0,---,---,---, ---,,,0.19,499,0.25,10,
705766,前鼎元大59購01,0,0,0,---,---,---, ---,,,6.70,5,0.00,0,
705768,新應材元大59購01,0,0,0,---,---,---, ---,,,0.00,0,0.10,10,
705769,新應材元大5A購01,0,0,0,---,---,---, ---,,,0.02,499,0.00,0,
705770,新應材元大61購01,"5,000",1,"1,550",0.31,0.31,0.31,0.31,-,0.0,0.25,499,0.35,10,
705771,環球晶元大59購02,"1,000",1,"9,700",9.70,9.70,9.70,9.70,-,1.6,0.00,0,13.30,1,
705773,雙鴻元大59購07,"3,668,000",11,"4,283,310",1.10,1.27,1.10,1.27,+,0.52,1.27,125,0.00,0,
705774,雙鴻元大61購09,"382,000",27,"448,360",0.96,1.32,0.96,1.32,+,0.32,1.28,125,1.32,3,
705775,宜特國票5A購02,0,0,0,---,---,---, ---,,,0.41,25,0.43,10,
705776,前鼎國票5B購01,0,0,0,---,---,---, ---,,,6.30,3,0.00,0,
705777,閎康國票5A購01,0,0,0,---,---,---, ---,,,1.11,25,1.12,10,
705778,鈊象國票5A購01,0,0,0,---,---,---, ---,,,0.19,25,0.00,0,
705779,榮剛國票5A購01,0,0,0,---,---,---, ---,,,0.07,25,0.08,10,
705780,鏵友益國票59購01,0,0,0,---,---,---, ---,,,0.06,25,0.07,10,
705781,鏵友益國票5B購01,0,0,0,---,---,---, ---,,,0.40,25,0.41,10,
705782,鑫聯國票5A購01,0,0,0,---,---,---, ---,,,0.58,25,0.60,10,
705783,良維中信61購01,"547,000",23,"533,650",1.00,1.01,0.95,0.95,-,0.01,0.93,10,0.94,10,
705784,環球晶中信59購01,0,0,0,---,---,---, ---,,,5.00,10,5.50,10,
705785,新應材永豐63購01,"13,000",4,"11,960",0.92,0.92,0.92,0.92,-,0.07,0.88,4,0.98,10,
705786,中美晶元富59購01,0,0,0,---,---,---, ---,,,6.40,25,6.90,10,
705787,世界元富59購01,0,0,0,---,---,---, ---,,,1.66,25,1.76,10,
705790,印能元富59購02,0,0,0,---,---,---, ---,,,4.27,25,4.37,10,
705791,宏捷科元富5C購01,0,0,0,---,---,---, ---,,,0.59,25,0.69,10,
705792,新漢元富59購01,0,0,0,---,---,---, ---,,,0.15,25,0.25,10,
705793,聚和元富59購01,"105,000",2,"43,050",0.41,0.41,0.41,0.41,-,0.08,0.40,25,0.50,10,
705794,聚和元富59購02,0,0,0,---,---,---, ---,,,0.03,25,0.10,10,
705795,廣明元富59購01,0,0,0,---,---,---, ---,,,0.00,0,0.01,32,
705796,廣運元富59購02,0,0,0,---,---,---, ---,,,0.00,0,0.10,10,
705797,雙鴻元富59購02,0,0,0,---,---,---, ---,,,1.14,25,0.00,0,
705798,雙鴻元富59購03,"60,000",4,"24,640",0.36,0.44,0.36,0.36,+,0.17,0.55,25,0.00,0,
705799,雙鴻元富59購04,"183,000",4,"33,020",0.17,0.22,0.14,0.22,+,0.12,0.23,25,0.00,0,
705800,大綜統一73購01,"46,000",1,"29,440",0.64,0.64,0.64,0.64,-,0.01,0.64,10,0.65,10,
705801,印能統一62購01,0,0,0,---,---,---, ---,,,1.98,10,1.99,10,
705802,旺矽統一63購03,0,0,0,---,---,---, ---,,,1.71,10,1.72,10,
705803,前鼎統一62購01,0,0,0,---,---,---, ---,,,2.53,10,0.00,0,
705804,環球晶統一63購01,"1,000",1,"2,630",2.63,2.63,2.63,2.63,-,0.27,2.62,10,2.63,9,
705805,環球晶統一63購02,"11,000",5,"28,680",2.64,2.65,2.55,2.55,-,0.44,2.60,10,2.70,10,
705806,環球晶統一73購01,"23,000",4,"53,920",2.49,2.50,2.29,2.29,-,0.33,2.42,10,2.43,10,
705807,環球晶統一73購02,"169,000",30,"324,110",1.97,2.03,1.88,1.88,-,0.28,1.88,32,1.96,10,
705808,前鼎國泰5A購01,0,0,0,---,---,---, ---,,,9.60,15,0.00,0,
705809,元太國票5A購02,0,0,0,---,---,---, ---,,,0.10,25,0.11,10,
705810,岳豐國票5A購02,0,0,0,---,---,---, ---,,,0.00,0,0.00,0,
705811,長佳智國票5A購01,"45,000",1,"3,150",0.07,0.07,0.07,0.07,-,0.0,0.06,25,0.07,108,
705812,前鼎國票61購01,"3,000",1,"15,450",5.15,5.15,5.15,5.15,+,0.65,5.55,25,5.80,2,
705813,晟德國票5A購02,0,0,0,---,---,---, ---,,,0.01,25,0.02,20,
705814,精星國票5A購01,0,0,0,---,---,---, ---,,,0.02,25,0.03,10,
705815,優群國票59購01,0,0,0,---,---,---, ---,,,0.01,25,0.02,10,
705816,寶雅國票5A購01,0,0,0,---,---,---, ---,,,2.59,25,2.69,10,
705817,台特化中信59購01,0,0,0,---,---,---, ---,,,0.00,0,0.00,0,
705818,凡甲永豐5B購01,0,0,0,---,---,---, ---,,,0.28,10,0.29,10,
705819,台星科永豐5C購01,"168,000",14,"210,520",1.32,1.35,1.17,1.17,-,0.37,1.29,10,1.30,10,
705820,宜特永豐5C購01,0,0,0,---,---,---, ---,,,0.35,10,0.36,10,
705823,前鼎永豐5C購01,0,0,0,---,---,---, ---,,,3.92,5,0.00,0,
705824,能率永豐5C購01,0,0,0,---,---,---, ---,,,0.53,10,0.54,10,
705825,順達永豐59購02,0,0,0,---,---,---, ---,,,0.21,10,0.22,10,
705826,順達永豐61購01,"68,000",7,"247,600",3.80,3.80,3.50,3.50,-,0.48,3.59,10,3.61,10,
705827,良維兆豐5B購01,0,0,0,---,---,---, ---,,,0.60,20,0.61,20,
705828,雙鴻兆豐5B購02,"31,000",2,"33,240",1.07,1.14,1.07,1.14,+,0.46,1.09,30,1.18,10,
705829,天品元富59購01,0,0,0,---,---,---, ---,,,0.04,25,0.10,10,
705830,台燿元富59購01,0,0,0,---,---,---, ---,,,36.20,25,37.20,10,
705831,弘塑元富59購02,"29,000",2,"24,900",0.85,0.90,0.85,0.90,-,0.5,0.99,25,1.00,10,
705832,系統電元富59購02,0,0,0,---,---,---, ---,,,0.03,25,0.10,10,
705833,旺矽元富59購01,0,0,0,---,---,---, ---,,,6.35,25,6.85,10,
705835,旺矽元富59購03,"2,000",1,"7,380",3.69,3.69,3.69,3.69,-,0.02,3.81,25,3.91,10,
705837,信驊元富59購05,0,0,0,---,---,---, ---,,,5.20,25,5.70,10,
705838,信驊元富59購06,"2,000",1,"6,500",3.25,3.25,3.25,3.25,+,0.22,3.49,25,3.59,10,
705839,新應材元富59購01,0,0,0,---,---,---, ---,,,0.02,25,0.12,10,
705841,元太元大5B購01,"31,000",2,"19,440",0.64,0.64,0.62,0.62,-,0.19,0.22,45,0.00,0,
705842,世界元大59購06,0,0,0,---,---,---, ---,,,0.00,0,0.00,0,
705843,台特化元大59購02,0,0,0,---,---,---, ---,,,0.00,0,0.10,10,
705844,台特化元大59購03,"44,000",10,"5,240",0.19,0.19,0.01,0.12,-,0.18,0.00,0,0.12,97,
705845,信驊元大5C購01,"30,000",3,"256,500",8.35,8.75,8.35,8.75,+,0.25,5.45,1,0.00,0,
705846,新應材元大5A購02,0,0,0,---,---,---, ---,,,0.06,499,0.00,0,
705847,新應材元大61購02,"35,000",1,"11,200",0.32,0.32,0.32,0.32,-,0.07,0.33,499,0.35,10,
705848,臺慶科元大59購02,0,0,0,---,---,---, ---,,,0.77,499,0.00,0,
705849,優群元大59購01,0,0,0,---,---,---, ---,,,0.04,499,0.14,10,
705851,雙鴻元大59購08,0,0,0,---,---,---, ---,,,0.72,125,0.80,30,
705852,雙鴻元大59購09,"36,000",2,"35,640",0.84,1.02,0.84,1.02,+,0.46,0.99,125,1.10,5,
705853,雙鴻元大61購10,"1,238,000",43,"1,324,820",0.99,1.27,0.97,1.27,+,0.29,1.27,125,1.34,1,
705854,台特化統一63購03,0,0,0,---,---,---, ---,,,0.23,10,0.24,10,
705855,弘塑統一73購01,"1,000",1,"1,100",1.10,1.10,1.10,1.10,-,0.0,1.00,15,0.00,0,
705856,印能統一73購01,"10,000",1,"17,100",1.71,1.71,1.71,1.71,-,0.13,1.70,10,1.71,10,
705857,沛亨統一73購01,"56,000",3,"51,600",0.94,0.95,0.88,0.95,+,0.03,0.94,10,0.95,10,
705858,良維統一73購01,"1,268,000",5,"596,360",0.47,0.49,0.47,0.47,+,0.03,0.46,10,0.47,10,
705859,旺矽統一73購01,"25,000",6,"70,160",2.75,2.91,2.75,2.91,+,0.15,2.91,5,2.92,10,
705860,順達統一73購01,"183,000",7,"112,360",0.63,0.63,0.60,0.60,-,0.02,0.59,10,0.69,10,
705861,新應材統一73購01,"110,000",4,"32,400",0.30,0.30,0.29,0.30,-,0.01,0.29,10,0.30,10,
705862,萬泰科統一62購01,0,0,0,---,---,---, ---,,,1.49,10,1.50,10,
705863,德微統一73購01,0,0,0,---,---,---, ---,,,1.44,10,1.45,10,
705864,環球晶統一62購01,0,0,0,---,---,---, ---,,,3.10,10,3.11,10,
705865,穩得統一73購01,"2,000",1,"1,420",0.71,0.71,0.71,0.71,-,0.01,0.69,10,0.70,10,
705866,良維凱基59購03,0,0,0,---,---,---, ---,,,0.01,100,0.00,0,
705867,旺矽凱基59購04,0,0,0,---,---,---, ---,,,7.60,100,8.10,10,
705870,信驊凱基5B購01,"16,000",3,"82,320",4.99,5.30,4.99,5.30,+,0.32,5.50,100,6.00,10,
705871,信驊凱基61購02,"217,000",28,"935,880",3.87,4.66,3.87,4.66,+,0.35,4.56,22,4.66,7,
705872,信驊凱基61購03,0,0,0,---,---,---, ---,,,6.65,100,7.15,10,
705874,鈊象凱基61購02,"126,000",20,"186,750",1.48,1.70,1.45,1.64,+,0.06,1.64,97,1.70,9,
705875,新應材凱基61購01,"10,000",1,"2,500",0.25,0.25,0.25,0.25,-,0.02,0.22,100,0.00,0,
705876,榮剛凱基5A購01,0,0,0,---,---,---, ---,,,0.27,10,0.28,10,
705877,環球晶凱基61購01,0,0,0,---,---,---, ---,,,8.95,10,9.45,10,
705878,弘塑富邦5B購01,0,0,0,---,---,---, ---,,,1.38,10,1.42,10,
705879,良維富邦5B購01,0,0,0,---,---,---, ---,,,0.55,10,0.57,28,
705880,新應材富邦63購02,0,0,0,---,---,---, ---,,,0.17,10,0.20,10,
705881,雙鴻國泰5A購01,"191,000",3,"365,540",1.92,2.14,1.78,2.14,+,0.24,2.14,479,2.60,4,
705882,台特化群益59購02,0,0,0,---,---,---, ---,,,0.00,0,2.00,10,
705883,弘塑群益59購02,0,0,0,---,---,---, ---,,,0.00,0,0.00,0,
705886,鈊象群益59購01,0,0,0,---,---,---, ---,,,0.05,499,0.00,0,
705887,新應材群益5A購01,"10,000",1,300,0.03,0.03,0.03,0.03,-,0.06,0.03,499,0.13,10,
705888,漢科群益59購01,0,0,0,---,---,---, ---,,,0.00,0,0.00,0,
705889,精材群益59購01,0,0,0,---,---,---, ---,,,0.00,0,0.00,0,
705890,精材群益59購02,0,0,0,---,---,---, ---,,,3.17,26,0.00,0,
705891,雙鴻群益59購05,"3,000",1,"1,830",0.61,0.61,0.61,0.61,-,0.06,1.53,499,0.00,0,
705892,雙鴻群益59購06,0,0,0,---,---,---, ---,,,0.00,0,0.00,0,
705893,鑫聯群益59購02,0,0,0,---,---,---, ---,,,0.23,499,0.00,0,
705894,元太凱基5B購02,"230,000",5,"185,100",0.81,0.82,0.79,0.79,-,0.15,0.38,26,0.00,0,
705895,世界凱基59購04,0,0,0,---,---,---, ---,,,1.30,100,1.40,10,
705896,台特化凱基5C購01,"40,000",1,"6,800",0.17,0.17,0.17,0.17,-,0.04,0.17,10,0.18,30,
705897,巨漢凱基59購01,0,0,0,---,---,---, ---,,,0.00,0,0.10,10,
705899,旺矽凱基5B購01,0,0,0,---,---,---, ---,,,5.05,100,5.55,10,
705900,新普凱基59購01,0,0,0,---,---,---, ---,,,1.44,10,1.54,10,
705901,新應材凱基5A購02,0,0,0,---,---,---, ---,,,0.01,100,0.11,10,
705902,聖暉*凱基59購03,0,0,0,---,---,---, ---,,,0.73,100,0.83,10,
705903,精材凱基61購02,0,0,0,---,---,---, ---,,,9.15,50,0.00,0,
705904,寬宏凱基59購01,0,0,0,---,---,---, ---,,,0.00,0,0.10,10,
705905,雙鴻凱基59購10,"34,000",6,"21,970",0.56,1.00,0.56,1.00,+,0.5,1.05,100,0.00,0,
705906,雙鴻凱基59購11,"50,000",1,"18,500",0.37,0.37,0.37,0.37,+,0.21,0.43,100,0.00,0,
705907,鑫聯凱基59購01,0,0,0,---,---,---, ---,,,0.01,10,0.11,10,
705908,旺矽兆豐5B購02,0,0,0,---,---,---, ---,,,3.74,10,3.75,10,
705909,新應材兆豐5B購02,0,0,0,---,---,---, ---,,,0.06,20,0.07,20,
705911,均華群益59購01,"56,000",4,"12,820",0.17,0.26,0.17,0.26,+,0.1,0.00,0,0.00,0,
705913,宜鼎群益5B購02,0,0,0,---,---,---, ---,,,3.70,25,3.80,10,
705914,晟德群益59購01,0,0,0,---,---,---, ---,,,0.00,0,0.00,0,
705915,新普群益59購01,0,0,0,---,---,---, ---,,,0.08,8,0.00,0,
705916,雙鴻群益59購08,0,0,0,---,---,---, ---,,,0.02,26,0.00,0,
705917,雙鴻群益63購01,"2,082,000",41,"1,681,290",0.71,0.87,0.69,0.86,+,0.16,0.55,10,0.86,3,
705918,世界元富59購03,0,0,0,---,---,---, ---,,,1.02,25,1.12,10,
705920,新應材元富59購02,0,0,0,---,---,---, ---,,,0.00,0,0.10,10,
705921,譜瑞元富59購01,"9,000",1,"6,570",0.73,0.73,0.73,0.73,-,0.18,0.70,25,0.80,10,
705922,旺矽中信59購01,0,0,0,---,---,---, ---,,,1.71,10,0.00,0,
705923,弘塑永豐5B購02,"35,000",2,"27,800",0.82,0.82,0.76,0.76,-,0.17,0.81,499,0.82,10,
705924,匯鑽科永豐5A購01,"1,000",1,60,0.06,0.06,0.06,0.06,+,0.01,0.06,10,0.07,10,
705925,新應材永豐5A購01,0,0,0,---,---,---, ---,,,0.01,10,0.03,10,
705926,新應材永豐5C購04,0,0,0,---,---,---, ---,,,0.08,10,0.09,10,
705927,新應材永豐63購02,"10,000",1,"2,000",0.20,0.20,0.20,0.20,-,0.02,0.20,90,0.22,1,
705928,雙鴻永豐63購01,"1,790,000",36,"1,805,180",0.91,1.18,0.88,1.18,+,0.23,1.18,10,1.26,1,
705929,新應材國泰5A購02,0,0,0,---,---,---, ---,,,0.03,10,0.13,10,
705931,台半國票5A購01,0,0,0,---,---,---, ---,,,4.34,25,4.44,10,
705932,弘塑國票5A購01,0,0,0,---,---,---, ---,,,1.26,25,1.36,10,
705933,宜鼎國票5C購01,"47,000",7,"272,500",6.00,6.00,5.60,5.75,-,0.75,5.75,25,6.00,10,
705934,松瑞藥國票5A購01,"523,000",6,"105,890",0.23,0.23,0.20,0.20,-,0.06,0.20,25,0.21,10,
705935,胡連國票5A購01,"2,000",2,640,0.32,0.32,0.32,0.32,-,0.03,0.31,25,0.32,10,
705936,順達國票5A購01,"120,000",3,"170,000",1.40,1.42,1.40,1.42,-,0.35,1.40,25,1.47,10,
705937,新應材國票59購01,0,0,0,---,---,---, ---,,,0.00,0,0.00,0,
705938,新應材國票5A購02,0,0,0,---,---,---, ---,,,0.05,25,0.06,10,
705939,新應材國票5B購01,0,0,0,---,---,---, ---,,,0.10,125,0.26,100,
705940,新應材國票5C購01,"259,000",6,"33,970",0.13,0.14,0.13,0.14,-,0.03,0.14,25,0.15,10,
705941,群翊國票5A購01,0,0,0,---,---,---, ---,,,1.74,25,1.77,10,
705942,聖暉*國票5A購02,0,0,0,---,---,---, ---,,,2.46,25,2.52,10,
705943,德微國票5A購01,0,0,0,---,---,---, ---,,,2.73,25,2.83,10,
705944,新應材富邦5C購02,0,0,0,---,---,---, ---,,,0.10,10,0.12,10,
705945,均豪統一73購01,0,0,0,---,---,---, ---,,,0.54,10,0.55,10,
705946,宏捷科統一63購01,"47,000",8,"15,000",0.32,0.35,0.30,0.30,+,0.01,0.28,10,0.35,2,
705947,系微統一73購01,"5,000",1,"2,850",0.57,0.57,0.57,0.57,-,0.01,0.56,15,0.57,10,
705948,良維統一63購02,"139,000",3,"105,620",0.74,0.76,0.74,0.76,+,0.06,0.71,10,0.72,10,
705949,良維統一73購02,"45,000",1,"34,650",0.77,0.77,0.77,0.77,+,0.04,0.74,10,0.75,10,
705950,宜特統一73購01,0,0,0,---,---,---, ---,,,0.49,10,0.50,10,
705951,信紘科統一63購01,0,0,0,---,---,---, ---,,,0.21,10,0.23,10,
705952,前鼎統一73購01,"90,000",3,"124,270",1.35,1.48,1.35,1.48,+,0.11,1.53,10,0.00,0,
705953,鉅橡統一73購01,0,0,0,---,---,---, ---,,,0.45,10,0.46,10,
705954,鈺太統一66購01,"11,000",2,"2,530",0.23,0.23,0.23,0.23,-,0.03,0.22,10,0.23,9,
705955,世界元大59購07,0,0,0,---,---,---, ---,,,0.00,0,0.00,0,
705956,台特化元大59購04,0,0,0,---,---,---, ---,,,0.00,0,0.10,10,
705957,良維元大59購04,0,0,0,---,---,---, ---,,,0.03,499,0.00,0,
705958,良維元大59購05,0,0,0,---,---,---, ---,,,0.28,499,0.00,0,
705959,良維元大59購06,0,0,0,---,---,---, ---,,,0.00,0,0.20,10,
705960,宜鼎元大59購04,0,0,0,---,---,---, ---,,,4.16,150,4.26,10,
705962,旺矽元大59購07,0,0,0,---,---,---, ---,,,0.00,0,0.00,0,
705965,新應材元大59購02,0,0,0,---,---,---, ---,,,0.00,0,0.04,200,
705966,新應材元大59購03,0,0,0,---,---,---, ---,,,0.00,0,0.10,10,
705967,新應材元大59購04,0,0,0,---,---,---, ---,,,0.00,0,0.01,2,
705968,新應材元大5A購03,0,0,0,---,---,---, ---,,,0.00,0,0.10,10,
705969,新應材元大61購03,"4,000",2,500,0.10,0.20,0.10,0.20,-,0.02,0.10,499,0.20,10,
705972,雙鴻凱基59購13,0,0,0,---,---,---, ---,,,2.52,100,0.00,0,
705974,台特化元大59購05,0,0,0,---,---,---, ---,,,0.02,499,0.12,10,
705975,台特化元大59購06,0,0,0,---,---,---, ---,,,0.08,499,0.18,10,
705982,旺矽元大59購09,0,0,0,---,---,---, ---,,,0.00,0,0.00,0,
705983,旺矽元大59購10,0,0,0,---,---,---, ---,,,0.00,0,0.00,0,
705984,博智元大5C購02,0,0,0,---,---,---, ---,,,5.70,25,0.00,0,
705985,鈊象元大59購01,0,0,0,---,---,---, ---,,,0.00,0,0.00,0,
705986,世紀*國票5A購01,"329,000",69,"2,312,600",6.85,9.80,6.85,9.80,+,0.15,8.85,25,9.80,15,
705987,台特化國票5A購03,0,0,0,---,---,---, ---,,,0.18,25,0.19,10,
705988,閎康國票5A購02,0,0,0,---,---,---, ---,,,1.46,25,1.51,10,
705989,雙鴻國票5A購02,"802,000",7,"2,392,020",2.26,3.53,2.26,3.53,+,1.25,3.52,25,4.70,1,
705991,弘塑國泰5A購01,"2,000",2,"4,410",2.21,2.21,2.20,2.20,-,0.45,2.23,499,2.33,15,
705992,均華國泰5A購01,"32,000",7,"133,450",3.26,4.79,3.26,4.55,+,0.86,4.79,150,4.89,15,
705993,宜鼎富邦63購01,0,0,0,---,---,---, ---,,,1.89,10,1.93,10,
705994,蜜望實統一63購01,0,0,0,---,---,---, ---,,,1.75,10,1.85,10,
705995,蜜望實統一73購01,0,0,0,---,---,---, ---,,,1.59,10,1.64,10,
705996,世界群益5B購03,0,0,0,---,---,---, ---,,,5.20,100,5.70,10,
705997,旺矽群益5B購02,0,0,0,---,---,---, ---,,,7.35,50,7.85,10,
705998,神盾群益5B購01,0,0,0,---,---,---, ---,,,2.33,10,2.43,10,
706000,勤凱群益59購01,0,0,0,---,---,---, ---,,,3.33,199,0.00,0,
706001,雙鴻群益5B購03,"60,000",1,"265,200",4.42,4.42,4.42,4.42,+,1.1,2.29,4,0.00,0,
706002,中美晶中信59購01,0,0,0,---,---,---, ---,,,2.16,10,0.00,0,
706003,世界中信59購01,0,0,0,---,---,---, ---,,,0.65,10,0.00,0,
706004,精材中信61購01,"9,000",3,"32,110",3.42,3.71,3.38,3.71,+,0.51,3.83,10,3.96,10,
706005,蜜望實永豐5B購01,0,0,0,---,---,---, ---,,,3.92,10,4.02,10,
706006,穩得永豐5B購01,0,0,0,---,---,---, ---,,,1.03,10,1.04,10,
706008,均華凱基59購01,0,0,0,---,---,---, ---,,,0.29,100,0.39,10,
706009,宜鼎凱基59購07,"41,000",3,"87,740",2.14,2.14,2.14,2.14,-,0.33,2.14,100,2.24,10,
706010,旺矽凱基5C購01,0,0,0,---,---,---, ---,,,4.03,100,4.13,10,
706011,博智凱基5C購01,0,0,0,---,---,---, ---,,,5.30,10,5.80,10,
706012,雙鴻台新59購02,"2,000",2,"4,450",2.20,2.25,2.20,2.25,-,0.27,2.22,25,2.25,498,
706014,巨漢國票59購01,0,0,0,---,---,---, ---,,,0.13,25,0.14,10,
706015,緯軟國票5B購01,"3,000",1,780,0.26,0.26,0.26,0.26,-,0.03,0.26,25,0.27,10,
706016,雙鴻國票5A購03,"11,000",1,"7,590",0.69,0.69,0.69,0.69,+,0.01,1.13,25,0.00,0,
706017,宜鼎中信61購01,0,0,0,---,---,---, ---,,,1.36,10,1.46,10,
706018,弘塑永豐63購01,0,0,0,---,---,---, ---,,,1.98,10,2.00,10,
706019,均華永豐5B購01,"42,000",5,"195,000",4.32,6.50,4.32,6.50,+,1.4,6.20,12,6.70,10,
706020,旺矽永豐61購01,"44,000",7,"126,430",2.89,2.93,2.84,2.87,+,0.16,2.94,10,3.04,10,
706021,鈊象永豐5A購01,0,0,0,---,---,---, ---,,,0.28,10,0.00,0,
706023,寬宏永豐59購01,0,0,0,---,---,---, ---,,,0.00,0,0.10,10,
706025,前鼎元富59購01,0,0,0,---,---,---, ---,,,8.10,25,0.00,0,
706026,聚和元富59購03,0,0,0,---,---,---, ---,,,0.28,25,0.29,10,
706027,大中統一73購01,"104,000",3,"117,940",1.14,1.14,1.13,1.13,-,0.09,1.06,10,1.07,10,
706028,台特化統一66購01,"10,000",1,"2,700",0.27,0.27,0.27,0.27,-,0.01,0.25,10,0.00,0,
706029,台特化統一68購01,0,0,0,---,---,---, ---,,,0.43,10,0.44,10,
706030,均華統一62購01,"30,000",1,"25,200",0.84,0.84,0.84,0.84,+,0.2,0.82,10,0.83,10,
706031,均華統一63購03,"1,000",1,730,0.73,0.73,0.73,0.73,+,0.11,0.71,10,0.72,10,
706032,均華統一73購01,"670,000",10,"398,820",0.58,0.64,0.58,0.63,+,0.06,0.62,10,0.64,10,
706033,均豪統一63購01,0,0,0,---,---,---, ---,,,0.64,10,0.65,10,
706034,宜鼎統一62購01,0,0,0,---,---,---, ---,,,1.37,10,1.38,10,
706035,旺矽統一63購04,0,0,0,---,---,---, ---,,,1.86,10,1.87,10,
706036,新普統一63購01,"70,000",2,"45,800",0.66,0.66,0.65,0.65,-,0.01,0.65,10,0.67,10,
706037,新普統一73購01,"69,000",2,"45,290",0.65,0.66,0.65,0.66,-,0.02,0.65,10,0.66,10,
706038,聖暉*統一61購01,0,0,0,---,---,---, ---,,,0.76,10,0.77,10,
706039,蜜望實統一62購01,0,0,0,---,---,---, ---,,,2.83,10,2.84,10,
706040,鑫聯統一62購02,0,0,0,---,---,---, ---,,,0.25,10,0.26,10,
706041,加百裕群益59購02,0,0,0,---,---,---, ---,,,0.00,0,0.00,0,
706042,博智群益59購01,0,0,0,---,---,---, ---,,,2.88,3,0.00,0,
706043,富強鑫群益59購01,0,0,0,---,---,---, ---,,,0.16,10,0.00,0,
706044,鈺太群益5A購01,0,0,0,---,---,---, ---,,,0.00,0,0.00,0,
706045,耀勝群益59購02,0,0,0,---,---,---, ---,,,0.00,0,0.00,0,
706046,中美晶富邦59購01,0,0,0,---,---,---, ---,,,3.44,30,0.00,0,
706047,台燿富邦63購01,0,0,0,---,---,---, ---,,,4.95,10,5.25,10,
706048,原相富邦59購01,0,0,0,---,---,---, ---,,,0.26,30,0.00,0,
706049,博智富邦5B購01,0,0,0,---,---,---, ---,,,3.16,10,3.20,10,
706050,蜜望實富邦5B購01,0,0,0,---,---,---, ---,,,3.11,10,3.17,10,
706051,印能國泰5A購01,0,0,0,---,---,---, ---,,,4.23,499,4.29,10,
706052,均華國泰5A購02,0,0,0,---,---,---, ---,,,1.61,499,0.00,0,
706053,鈊象國泰5A購01,0,0,0,---,---,---, ---,,,0.65,10,0.00,0,
706054,台特化元大5B購01,"320,000",2,"150,000",0.47,0.47,0.45,0.45,-,0.09,0.44,499,0.45,10,
706055,台特化元大63購01,"4,000",1,"1,960",0.49,0.49,0.49,0.49,-,0.04,0.48,499,0.49,10,
706057,台燿元大59購05,0,0,0,---,---,---, ---,,,23.20,50,0.00,0,
706058,巨漢元大59購02,0,0,0,---,---,---, ---,,,0.08,499,0.18,10,
706060,弘塑元大63購02,"46,000",12,"139,960",3.11,3.16,2.97,3.12,-,0.31,3.12,250,3.15,10,
706061,印能元大59購04,0,0,0,---,---,---, ---,,,2.92,200,0.00,0,
706062,宏觀元大59購01,0,0,0,---,---,---, ---,,,0.00,0,0.10,10,
706063,宏觀元大59購02,0,0,0,---,---,---, ---,,,0.00,0,0.01,10,
706064,宜鼎元大59購08,"3,000",1,"6,240",2.08,2.08,2.08,2.08,-,0.3,2.00,350,0.00,0,
706066,智通*元大59購02,"23,000",3,"20,680",0.82,0.96,0.82,0.96,-,0.11,0.01,499,2.45,21,
706067,智通*元大59購03,0,0,0,---,---,---, ---,,,0.00,0,0.00,0,
706068,湧德元大59購01,0,0,0,---,---,---, ---,,,0.63,499,0.73,10,
706069,雙鴻元大59購11,"1,000",1,540,0.54,0.54,0.54,0.54,+,0.26,0.54,125,0.00,0,
706070,雙鴻元大59購12,0,0,0,---,---,---, ---,,,0.96,125,0.00,0,
706071,雙鴻元大63購01,"2,490,000",28,"2,627,190",0.92,1.20,0.92,1.20,+,0.3,1.16,10,1.33,26,
706072,弘塑凱基5A購01,"30,000",1,"25,500",0.85,0.85,0.85,0.85,-,0.38,0.97,10,0.98,10,
706073,宜鼎凱基5A購04,"28,000",7,"46,000",1.69,1.72,1.61,1.64,-,0.11,1.62,3,1.64,8,
706074,鈊象凱基5C購01,"81,000",4,"102,650",1.29,1.29,1.25,1.25,-,0.0,1.46,100,1.56,10,
706076,雙鴻凱基59購14,"2,000",2,"1,510",0.70,0.81,0.70,0.81,+,0.38,0.86,100,0.00,0,
706077,鑫科凱基59購01,0,0,0,---,---,---, ---,,,0.01,10,0.11,10,
706078,元太中信59購01,0,0,0,---,---,---, ---,,,0.01,10,0.00,0,
706080,宏捷科中信59購01,0,0,0,---,---,---, ---,,,0.00,0,0.40,500,
706081,雙鴻中信63購01,"253,000",11,"115,360",0.41,0.52,0.41,0.51,+,0.12,0.52,10,0.00,0,
706082,力致元富59購01,0,0,0,---,---,---, ---,,,0.05,25,0.10,10,
706083,印能元富59購03,0,0,0,---,---,---, ---,,,4.38,25,4.48,10,
706084,廣閎科元富59購01,0,0,0,---,---,---, ---,,,5.40,25,5.90,10,
706085,旺矽永豐59購03,0,0,0,---,---,---, ---,,,2.12,10,2.22,10,
706086,旺矽永豐5A購02,"15,000",1,"47,550",3.17,3.17,3.17,3.17,-,0.04,3.27,499,3.37,10,
706087,旺矽永豐61購02,0,0,0,---,---,---, ---,,,2.12,10,2.13,10,
706088,旺矽永豐64購01,0,0,0,---,---,---, ---,,,3.37,5,0.00,0,
706089,茂迪永豐61購01,0,0,0,---,---,---, ---,,,0.25,10,0.26,10,
706090,萬泰科永豐5C購01,0,0,0,---,---,---, ---,,,2.14,499,2.18,10,
706091,雙鴻永豐59購04,"1,000",1,510,0.51,0.51,0.51,0.51,+,0.22,0.56,10,0.00,0,
706092,力致國泰5A購01,0,0,0,---,---,---, ---,,,0.29,300,0.31,100,
706093,弘塑國泰5A購02,0,0,0,---,---,---, ---,,,1.32,499,1.42,100,
706094,均豪國泰5A購01,"143,000",3,"150,800",1.02,1.20,0.98,1.20,+,0.09,1.11,499,1.15,100,
706095,系統電國泰5A購01,0,0,0,---,---,---, ---,,,0.18,499,0.20,100,
706096,東捷國泰5A購01,0,0,0,---,---,---, ---,,,7.20,10,7.50,10,
706097,弘塑富邦5C購01,"212,000",4,"189,110",0.89,0.91,0.88,0.91,-,0.12,0.91,10,0.92,28,
706098,宜鼎富邦5C購03,0,0,0,---,---,---, ---,,,1.24,10,1.28,10,
706099,旺矽富邦5B購02,0,0,0,---,---,---, ---,,,1.28,10,1.37,10,
706100,旺矽富邦63購01,0,0,0,---,---,---, ---,,,1.52,10,1.61,10,
706101,茂迪富邦63購01,"1,000",1,170,0.17,0.17,0.17,0.17,-,0.01,0.16,10,0.17,28,
706103,台特化元大63購02,"54,000",4,"25,620",0.48,0.48,0.47,0.48,-,0.05,0.47,499,0.48,10,
706105,宏捷科元大5C購01,0,0,0,---,---,---, ---,,,0.00,0,0.00,0,
706106,良維元大59購07,0,0,0,---,---,---, ---,,,0.31,499,0.37,10,
706108,宜鼎元大59購09,"51,000",2,"28,540",0.54,0.56,0.54,0.56,-,0.11,0.54,499,0.00,0,
706109,宜鼎元大59購10,"1,000",1,"1,090",1.09,1.09,1.09,1.09,-,0.16,1.09,499,1.19,10,
706110,茂迪元大59購07,0,0,0,---,---,---, ---,,,0.00,0,0.10,10,
706111,環球晶元大59購03,0,0,0,---,---,---, ---,,,0.00,0,0.00,0,
706113,雙鴻元大59購13,"55,000",2,"16,880",0.20,0.34,0.20,0.34,+,0.09,0.42,125,0.00,0,
706114,雙鴻元大59購14,0,0,0,---,---,---, ---,,,0.60,125,0.00,0,
706115,雙鴻元大63購02,"1,840,000",31,"1,476,150",0.70,0.89,0.68,0.89,+,0.18,0.90,125,0.00,0,
706116,力致國票5A購01,0,0,0,---,---,---, ---,,,0.07,25,0.08,10,
706117,台半國票5A購02,0,0,0,---,---,---, ---,,,4.35,25,4.45,10,
706118,台星科國票61購01,"224,000",4,"388,990",1.79,1.79,1.61,1.75,-,0.29,1.71,25,1.75,10,
706119,宏捷科國票5A購01,0,0,0,---,---,---, ---,,,0.09,25,0.10,10,
706120,良維國票5A購01,"49,000",2,"46,050",0.90,0.95,0.90,0.95,+,0.2,0.78,25,0.79,10,
706121,宜鼎國票5A購03,"1,000",1,"1,350",1.35,1.35,1.35,1.35,-,0.16,1.35,25,1.39,10,
706122,旺矽國票5B購02,0,0,0,---,---,---, ---,,,2.98,25,0.00,0,
706124,臺慶科國票61購01,0,0,0,---,---,---, ---,,,0.00,0,0.00,0,
706125,鑫聯國票5C購01,0,0,0,---,---,---, ---,,,0.80,25,0.81,10,
706126,大綜統一63購01,"10,000",1,"7,300",0.73,0.73,0.73,0.73,-,0.03,0.73,10,0.74,10,
706127,大綜統一66購01,"260,000",3,"181,000",0.71,0.71,0.69,0.70,-,0.02,0.69,10,0.70,10,
706128,台特化統一62購02,0,0,0,---,---,---, ---,,,0.18,10,0.19,10,
706129,巨漢統一63購01,0,0,0,---,---,---, ---,,,0.38,10,0.39,10,
706130,正基統一62購01,0,0,0,---,---,---, ---,,,0.21,10,0.22,10,
706131,正基統一63購01,0,0,0,---,---,---, ---,,,0.25,10,0.26,10,
706132,正基統一63購02,0,0,0,---,---,---, ---,,,0.27,10,0.28,10,
706133,均豪統一66購01,0,0,0,---,---,---, ---,,,0.70,10,0.71,10,
706134,宜鼎統一63購02,"301,000",28,"366,060",1.21,1.27,1.19,1.21,-,0.05,1.20,12,1.21,10,
706135,宜鼎統一63購03,"10,000",1,"6,400",0.64,0.64,0.64,0.64,-,0.03,0.64,50,0.65,10,
706136,宜鼎統一66購02,"27,000",6,"25,230",0.92,0.95,0.92,0.94,-,0.03,0.94,11,0.00,0,
706137,宜鼎統一73購01,"597,000",13,"444,160",0.75,0.77,0.74,0.74,-,0.03,0.74,42,0.75,10,
706138,茂迪統一67購01,0,0,0,---,---,---, ---,,,0.27,10,0.28,10,
706139,聚和統一73購01,0,0,0,---,---,---, ---,,,0.63,10,0.64,10,
706140,蜜望實統一66購01,0,0,0,---,---,---, ---,,,0.00,0,0.00,0,
706141,蜜望實統一68購01,0,0,0,---,---,---, ---,,,0.00,0,0.00,0,
706142,雙鴻統一63購01,"404,000",7,"271,760",0.61,0.69,0.60,0.69,+,0.22,0.69,10,0.75,20,
706143,元太群益59購01,"10,000",1,"1,300",0.13,0.13,0.13,0.13,-,0.22,0.14,499,0.00,0,
706144,元太群益59購02,0,0,0,---,---,---, ---,,,0.06,499,0.00,0,
706145,元太群益59購03,0,0,0,---,---,---, ---,,,0.03,499,0.10,4,
706146,台特化群益5A購01,0,0,0,---,---,---, ---,,,0.00,0,0.00,0,
706147,宜鼎群益59購04,"1,000",1,"1,550",1.55,1.55,1.55,1.55,-,0.21,0.61,16,0.00,0,
706148,宜鼎群益59購05,"1,000",1,"1,190",1.19,1.19,1.19,1.19,-,0.26,0.30,33,0.00,0,
706149,宜鼎群益59購06,"1,000",1,"1,380",1.38,1.38,1.38,1.38,-,0.31,1.38,25,0.00,0,
706150,旺矽群益63購01,"186,000",38,"553,280",2.99,3.11,2.84,3.05,+,0.01,2.89,5,3.06,3,
706152,博智群益59購02,0,0,0,---,---,---, ---,,,5.60,100,0.00,0,
706153,德微群益63購01,"45,000",7,"103,180",2.37,2.39,2.23,2.28,-,0.13,2.32,10,2.42,10,
706154,雙鴻群益63購02,"521,000",5,"274,750",0.45,0.53,0.45,0.53,+,0.12,0.24,41,0.00,0,
706155,台特化凱基5C購02,0,0,0,---,---,---, ---,,,0.27,100,0.28,30,
706157,均華凱基59購02,0,0,0,---,---,---, ---,,,0.63,100,0.73,10,
706158,良維凱基59購04,0,0,0,---,---,---, ---,,,0.67,100,0.00,0,
706159,亞泰凱基59購01,0,0,0,---,---,---, ---,,,12.30,10,13.30,10,
706160,宜鼎凱基5C購02,"1,000",1,"2,190",2.19,2.19,2.19,2.19,-,0.17,2.19,100,2.29,10,
706161,旺矽凱基63購01,"10,000",1,"19,300",1.93,1.93,1.93,1.93,-,0.17,2.07,100,0.00,0,
706162,旺矽凱基63購02,0,0,0,---,---,---, ---,,,2.52,100,3.49,30,
706163,東捷凱基63購01,"10,000",1,"47,600",4.76,4.76,4.76,4.76,-,0.22,4.61,10,4.71,10,
706164,聖暉*凱基59購04,0,0,0,---,---,---, ---,,,1.58,100,1.68,10,
706165,精測凱基59購02,0,0,0,---,---,---, ---,,,0.00,0,0.10,10,
706166,德微凱基5A購01,0,0,0,---,---,---, ---,,,0.00,0,0.00,0,
706168,雙鴻凱基63購01,"1,167,000",7,"989,630",0.69,0.85,0.69,0.85,+,0.15,0.93,499,1.25,1,
706169,弘塑群益59購04,0,0,0,---,---,---, ---,,,0.76,10,0.00,0,
706170,良維群益5C購02,"25,000",4,"41,070",1.61,1.72,1.60,1.72,+,0.16,1.55,10,1.65,10,
706171,旺矽群益59購08,0,0,0,---,---,---, ---,,,0.12,83,1.30,5,
706172,精測群益59購04,0,0,0,---,---,---, ---,,,0.00,0,0.01,5,
706173,精測群益5B購01,0,0,0,---,---,---, ---,,,0.04,100,0.06,100,
706174,雙鴻群益59購09,0,0,0,---,---,---, ---,,,0.65,499,0.00,0,
706175,宜鼎國泰5A購02,0,0,0,---,---,---, ---,,,2.68,450,2.78,10,
706176,宜鼎國泰61購01,0,0,0,---,---,---, ---,,,3.05,499,3.15,100,
706177,旺矽國泰5A購02,"30,000",2,"68,800",2.31,2.31,2.26,2.26,+,0.02,2.28,10,2.38,10,
706178,弘塑富邦63購01,0,0,0,---,---,---, ---,,,0.78,10,0.79,28,
706179,均華富邦5B購01,"640,000",45,"487,750",0.67,0.96,0.66,0.96,+,0.24,0.91,10,0.95,28,
706180,均華統一63購04,"20,000",1,"10,600",0.53,0.53,0.53,0.53,+,0.05,0.54,10,0.58,19,
706181,良維統一63購03,"100,000",1,"60,000",0.60,0.60,0.60,0.60,+,0.06,0.55,10,0.56,10,
706182,旺矽統一63購05,0,0,0,---,---,---, ---,,,1.17,10,0.00,0,
706183,茂迪統一63購01,0,0,0,---,---,---, ---,,,0.25,10,0.26,10,
706184,台特化元大63購03,0,0,0,---,---,---, ---,,,0.34,499,0.35,10,
706185,均華元大5C購01,"10,000",1,"5,900",0.59,0.59,0.59,0.59,+,0.18,0.51,499,0.61,10,
706186,宏捷科元大5C購02,0,0,0,---,---,---, ---,,,0.01,499,0.00,0,
706189,宜鼎元大59購11,0,0,0,---,---,---, ---,,,0.93,499,1.02,10,
706190,宜鼎元大59購12,"2,000",2,"1,850",0.95,0.95,0.90,0.90,-,0.13,0.80,499,0.90,47,
706191,宜鼎元大59購13,"1,000",1,"1,410",1.41,1.41,1.41,1.41,-,0.11,1.41,499,0.00,0,
706192,旺矽元大59購12,0,0,0,---,---,---, ---,,,1.18,499,0.00,0,
706193,旺矽元大59購13,0,0,0,---,---,---, ---,,,1.53,499,2.70,1,
706194,旺矽元大59購14,0,0,0,---,---,---, ---,,,0.90,499,0.00,0,
706195,陽程元大59購01,"345,000",23,"3,970,500",11.40,11.80,11.40,11.80,+,2.0,11.70,11,0.00,0,
706196,精測元大59購01,0,0,0,---,---,---, ---,,,0.00,0,0.05,10,
706197,精測元大59購02,0,0,0,---,---,---, ---,,,0.00,0,0.20,26,
706198,精測元大5C購02,"503,000",8,"20,880",0.05,0.15,0.03,0.10,-,0.0,0.10,30,0.15,499,
706199,雙鴻元大59購15,0,0,0,---,---,---, ---,,,0.10,125,0.00,0,
706200,雙鴻元大59購16,"20,000",2,"2,400",0.11,0.13,0.11,0.13,+,0.06,0.16,125,0.00,0,
706201,雙鴻元大59購17,"93,000",7,"55,800",0.50,0.70,0.50,0.70,+,0.27,0.68,125,0.76,5,
706202,鑫科元大59購01,0,0,0,---,---,---, ---,,,0.01,499,0.11,10,
706203,鑫聯元大63購01,"600,000",6,"306,000",0.51,0.51,0.51,0.51,-,0.02,0.50,499,0.51,9,
706204,中美晶國票61購01,0,0,0,---,---,---, ---,,,3.20,25,0.00,0,
706205,均華國票59購01,"125,000",6,"82,750",0.52,0.85,0.52,0.85,+,0.31,0.78,25,0.85,10,
706206,均華國票5B購01,"877,000",14,"781,420",0.80,1.19,0.80,1.14,+,0.28,1.13,25,1.18,10,
706207,宜鼎國票65購01,"403,000",22,"854,930",2.17,2.22,2.09,2.13,-,0.08,2.11,25,2.13,10,
706208,旺矽國票5C購01,"410,000",37,"1,201,330",2.87,3.06,2.70,3.06,+,0.06,3.01,25,3.06,10,
706209,旺矽國票67購01,"354,000",55,"1,044,020",2.98,3.11,2.79,3.11,+,0.07,3.11,10,3.12,1,
706210,德微國票65購01,0,0,0,---,---,---, ---,,,3.33,25,3.35,10,
706212,精測中信59購01,0,0,0,---,---,---, ---,,,0.00,0,0.01,66,
706213,精測中信5B購01,"5,000",1,150,0.03,0.03,0.03,0.03,+,0.01,0.02,10,0.04,10,
706214,宜鼎永豐5B購01,"629,000",15,"687,860",1.11,1.12,1.04,1.08,-,0.2,1.07,5,1.08,10,
706215,旺矽永豐5C購01,"96,000",12,"167,980",1.73,1.89,1.67,1.89,-,0.0,1.94,10,0.00,0,
706216,東捷永豐61購01,"30,000",3,"122,900",4.07,4.15,4.07,4.15,-,0.37,4.20,10,4.29,10,
706217,精測永豐59購02,0,0,0,---,---,---, ---,,,0.00,0,0.03,56,
706218,精測永豐5B購01,"10,000",1,800,0.08,0.08,0.08,0.08,+,0.02,0.07,30,0.08,10,
706219,精測永豐61購01,"16,000",2,"1,920",0.12,0.12,0.12,0.12,+,0.03,0.11,10,0.12,10,
706220,鑫科永豐5C購02,0,0,0,---,---,---, ---,,,0.21,10,0.22,10,
706221,台特化元富59購01,0,0,0,---,---,---, ---,,,0.02,25,0.10,10,
706222,台燿元富59購02,0,0,0,---,---,---, ---,,,34.20,25,35.20,10,
706223,弘塑元富5C購01,"144,000",3,"218,340",1.48,1.52,1.45,1.52,-,0.32,1.59,25,1.62,10,
706224,均華元富59購01,"46,000",4,"28,470",0.47,0.65,0.47,0.60,+,0.26,0.57,25,0.67,60,
706225,宏捷科元富5C購02,"12,000",1,"5,520",0.46,0.46,0.46,0.46,+,0.04,0.42,25,0.43,10,
706226,旺矽元富59購04,0,0,0,---,---,---, ---,,,2.30,25,2.40,10,
706227,旺矽元富59購05,0,0,0,---,---,---, ---,,,1.16,25,1.26,10,
706228,旺矽元富59購06,0,0,0,---,---,---, ---,,,0.57,25,0.67,10,
706229,聖暉*元富59購02,"54,000",3,"64,980",1.37,1.37,1.01,1.01,-,0.23,1.07,25,1.08,10,
706230,頎邦元富59購01,0,0,0,---,---,---, ---,,,22.40,25,23.40,10,
706231,精測元富59購07,0,0,0,---,---,---, ---,,,0.01,25,0.10,10,
706232,精測元富59購08,0,0,0,---,---,---, ---,,,0.00,0,0.10,10,
706233,德微元富59購02,0,0,0,---,---,---, ---,,,2.69,25,2.74,10,
706234,德微元富59購03,0,0,0,---,---,---, ---,,,0.48,25,0.58,10,
706235,雙鴻元富59購05,0,0,0,---,---,---, ---,,,2.18,25,0.00,0,
706236,雙鴻元富59購06,"27,000",3,"29,820",0.87,1.21,0.87,1.21,+,0.61,1.24,25,0.00,0,
706237,雙鴻元富59購07,0,0,0,---,---,---, ---,,,0.96,25,0.00,0,
706238,鑫科元富59購01,0,0,0,---,---,---, ---,,,0.03,25,0.10,10,
706239,中美晶兆豐63購01,"3,000",1,"14,100",4.70,4.70,4.70,4.70,-,0.3,4.77,10,4.78,10,
706240,元太兆豐63購01,"264,000",13,"412,760",1.57,1.59,1.47,1.47,-,0.19,1.70,10,1.71,20,
706241,環球晶兆豐5B購01,0,0,0,---,---,---, ---,,,5.65,10,5.70,20,
706242,M31凱基59購01,0,0,0,---,---,---, ---,,,0.00,0,1.31,1,
706243,M31凱基59購02,0,0,0,---,---,---, ---,,,0.00,0,0.00,0,
706244,M31凱基59購03,0,0,0,---,---,---, ---,,,0.01,26,0.00,0,
706245,M31凱基5B購01,"200,000",1,"42,000",0.21,0.21,0.21,0.21,-,0.08,0.07,142,0.00,0,
706246,台燿凱基61購01,0,0,0,---,---,---, ---,,,14.30,100,15.30,10,
706247,巨漢凱基59購02,0,0,0,---,---,---, ---,,,0.15,10,0.25,10,
706248,弘塑凱基5A購02,0,0,0,---,---,---, ---,,,1.30,10,1.32,10,
706249,宏捷科凱基5C購01,"320,000",3,"82,600",0.26,0.26,0.23,0.23,-,0.01,0.22,100,0.23,10,
706250,信驊凱基59購05,0,0,0,---,---,---, ---,,,5.50,100,6.00,10,
706251,信驊凱基59購06,0,0,0,---,---,---, ---,,,5.65,100,6.15,10,
706252,信驊凱基5B購02,"163,000",25,"937,750",4.80,6.00,4.80,5.30,-,0.2,6.20,17,6.70,10,
706253,信驊凱基5C購01,"183,000",24,"838,550",4.36,4.73,4.30,4.30,-,0.18,4.80,100,4.90,10,
706255,優群凱基59購01,"5,000",1,150,0.03,0.03,0.03,0.03,-,0.01,0.03,10,0.13,10,
706256,譜瑞凱基59購03,0,0,0,---,---,---, ---,,,0.00,0,0.00,0,
706257,台燿中信59購04,0,0,0,---,---,---, ---,,,6.90,10,0.00,0,
706258,信驊中信59購01,0,0,0,---,---,---, ---,,,2.41,10,0.00,0,
706259,M31永豐5B購01,"20,000",1,"6,200",0.31,0.31,0.31,0.31,-,0.06,0.26,10,0.29,10,
706260,M31永豐5C購01,"4,000",1,"1,400",0.35,0.35,0.35,0.35,-,0.05,0.28,10,0.31,10,
706261,大中永豐5B購01,"235,000",3,"312,000",1.36,1.36,1.20,1.20,-,0.3,1.20,10,1.22,10,
706264,台燿永豐5B購01,0,0,0,---,---,---, ---,,,18.90,499,19.90,10,
706265,良維永豐5B購02,"31,000",1,"59,830",1.93,1.93,1.93,1.93,+,0.29,1.78,10,1.79,10,
706267,M31元富59購01,0,0,0,---,---,---, ---,,,0.10,25,0.20,10,
706268,M31元富59購02,0,0,0,---,---,---, ---,,,0.01,25,0.10,10,
706269,M31元富5A購01,"50,000",2,"9,500",0.19,0.19,0.19,0.19,-,0.08,0.13,25,0.23,10,
706271,M31群益59購01,0,0,0,---,---,---, ---,,,0.01,2,0.00,0,
706273,台燿群益59購01,0,0,0,---,---,---, ---,,,0.00,0,21.60,10,
706274,良維群益5C購03,"40,000",4,"62,850",1.56,1.60,1.56,1.60,+,0.21,1.50,10,1.60,10,
706275,信驊群益5B購05,"61,000",11,"214,540",3.34,3.80,3.34,3.80,+,0.3,1.98,5,0.00,0,
706276,聖暉*群益61購01,"221,000",4,"391,600",1.90,1.90,1.70,1.70,-,0.01,1.69,100,1.73,100,
706278,雙鴻群益59購10,0,0,0,---,---,---, ---,,,0.01,499,0.00,0,
706279,台燿國泰5A購01,0,0,0,---,---,---, ---,,,13.10,10,13.70,10,
706280,台燿國泰5A購02,0,0,0,---,---,---, ---,,,12.10,10,12.70,10,
706281,德微國泰5A購01,0,0,0,---,---,---, ---,,,1.89,499,1.92,100,
706282,M31統一63購03,"10,000",1,"3,000",0.30,0.30,0.30,0.30,-,0.05,0.30,10,0.00,0,
706283,M31富邦5B購01,"88,000",5,"13,680",0.16,0.16,0.15,0.15,-,0.06,0.15,10,0.16,28,
706284,台特化富邦5C購01,0,0,0,---,---,---, ---,,,0.08,10,0.11,28,
706285,信驊富邦5C購01,"100,000",18,"378,690",3.70,3.88,3.70,3.70,-,0.05,3.69,10,3.79,10,
706286,茂迪富邦5C購01,0,0,0,---,---,---, ---,,,0.10,10,0.11,28,
706287,雙鴻富邦5C購03,"2,236,000",69,"1,187,910",0.46,0.67,0.46,0.67,+,0.19,0.67,10,0.00,0,
706288,M31國票5A購01,0,0,0,---,---,---, ---,,,0.07,50,0.15,10,
706289,天品國票59購01,"5,000",1,"1,250",0.25,0.25,0.25,0.25,-,0.03,0.25,25,0.26,10,
706291,均豪國票59購01,0,0,0,---,---,---, ---,,,0.82,25,0.00,0,
706292,宏觀國票5C購02,0,0,0,---,---,---, ---,,,0.07,25,0.08,10,
706293,沛亨國票5A購02,"303,000",4,"145,410",0.48,0.53,0.43,0.52,-,0.03,0.52,25,0.53,10,
706294,信驊國票5B購03,0,0,0,---,---,---, ---,,,3.53,25,3.63,10,
706295,陽程國票59購01,"1,000",1,"16,200",16.20,16.20,16.20,16.20,+,1.9,16.30,20,0.00,0,
706296,環球晶國票59購01,0,0,0,---,---,---, ---,,,12.10,25,0.00,0,
706297,環球晶國票5A購01,0,0,0,---,---,---, ---,,,0.00,0,9.75,10,
706298,鑫科國票5A購01,0,0,0,---,---,---, ---,,,0.09,25,0.10,10,
706299,M31元大59購02,0,0,0,---,---,---, ---,,,0.00,0,0.00,0,
706300,M31元大59購03,"1,000",1,180,0.18,0.18,0.18,0.18,-,0.13,0.01,499,0.00,0,
706301,巨漢元大59購03,0,0,0,---,---,---, ---,,,0.02,499,0.12,10,
706302,沛亨元大59購02,0,0,0,---,---,---, ---,,,0.64,25,0.72,10,
706303,良維元大59購11,0,0,0,---,---,---, ---,,,0.23,499,0.29,10,
706305,亞泰元大59購01,0,0,0,---,---,---, ---,,,4.22,150,0.00,0,
706306,東捷元大59購01,0,0,0,---,---,---, ---,,,1.82,25,0.00,0,
706308,信驊元大59購03,"41,000",10,"104,690",2.05,2.71,2.05,2.60,+,0.24,1.83,5,2.76,5,
706310,湧德元大59購02,0,0,0,---,---,---, ---,,,0.15,499,0.22,10,
706311,雙鴻元大59購18,0,0,0,---,---,---, ---,,,0.13,125,0.00,0,
706312,雙鴻元大59購19,"15,000",1,"3,600",0.24,0.24,0.24,0.24,+,0.11,0.25,125,0.00,0,
706313,雙鴻元大5C購04,"579,000",13,"323,180",0.53,0.72,0.50,0.72,+,0.19,0.74,499,0.00,0,
706314,鑫科元大59購02,0,0,0,---,---,---, ---,,,0.02,499,0.12,10,
706316,台燿兆豐5B購01,0,0,0,---,---,---, ---,,,0.00,0,0.00,0,
706317,弘塑兆豐5B購01,"11,000",2,"8,210",0.75,0.75,0.71,0.71,-,0.15,0.73,10,0.74,10,
706318,聖暉*兆豐5B購01,0,0,0,---,---,---, ---,,,1.07,10,1.08,10,
706319,印能凱基5B購01,"22,000",3,"77,700",3.80,3.80,3.28,3.28,-,0.67,3.10,100,3.20,10,
706320,均豪凱基59購01,0,0,0,---,---,---, ---,,,0.05,100,0.00,0,
706321,沛亨凱基59購02,0,0,0,---,---,---, ---,,,0.17,10,0.27,10,
706322,亞泰凱基5A購01,"9,000",2,"49,850",5.40,5.65,5.40,5.65,-,0.05,4.94,10,5.15,10,
706324,聖暉*凱基5B購02,"412,000",30,"864,260",2.28,2.28,1.99,2.08,-,0.13,2.07,49,2.08,10,
706325,環球晶凱基5C購01,0,0,0,---,---,---, ---,,,8.35,10,8.85,10,
706326,雙鴻凱基59購15,"3,000",2,"3,720",1.10,1.31,1.10,1.31,+,0.49,1.31,98,1.40,2,
706327,穩得凱基5C購01,0,0,0,---,---,---, ---,,,1.01,10,1.03,10,
706328,弘塑國票65購01,"6,000",2,"9,960",1.69,1.69,1.63,1.63,-,0.24,1.66,25,1.70,10,
706329,正德國票59購01,"1,000",1,590,0.59,0.59,0.59,0.59,-,0.2,0.08,25,0.09,10,
706330,亞泰國票59購02,0,0,0,---,---,---, ---,,,4.03,25,4.13,10,
706331,亞泰國票5A購01,"151,000",10,"544,990",3.54,4.05,3.40,3.40,-,0.21,3.31,25,3.41,10,
706332,華宏國票5A購01,"1,000",1,150,0.15,0.15,0.15,0.15,+,0.05,0.15,25,0.16,10,
706334,良維元大59購13,0,0,0,---,---,---, ---,,,1.32,499,0.00,0,
706335,前鼎元大59購03,0,0,0,---,---,---, ---,,,3.68,5,0.00,0,
706336,茂迪元大5C購01,0,0,0,---,---,---, ---,,,0.14,499,0.15,10,
706337,雙鴻元大59購20,"295,000",10,"88,400",0.22,0.34,0.22,0.34,+,0.16,0.33,125,0.37,10,
706338,雙鴻元大59購21,"310,000",3,"63,100",0.20,0.21,0.20,0.21,+,0.15,0.23,125,0.00,0,
706339,雙鴻元大5C購05,"1,387,000",24,"1,050,110",0.64,0.84,0.60,0.84,+,0.22,0.84,125,0.00,0,
706340,穩得元大63購01,"723,000",14,"624,160",0.86,0.89,0.85,0.86,-,0.03,0.87,499,0.88,10,
706341,鑫聯元大63購02,0,0,0,---,---,---, ---,,,0.37,499,0.38,10,
706342,雙鴻國泰61購01,"581,000",25,"743,010",1.22,1.53,1.14,1.53,+,0.38,1.58,499,1.82,5,
706343,台燿富邦63購02,0,0,0,---,---,---, ---,,,3.56,10,3.61,10,
706344,德微富邦5C購01,"247,000",6,"168,380",0.71,0.71,0.66,0.66,-,0.12,0.68,10,0.69,28,
706345,世界統一63購01,"60,000",6,"62,600",1.04,1.05,1.04,1.04,-,0.09,1.09,10,1.10,10,
706346,台特化統一63購04,"14,000",2,"3,010",0.21,0.22,0.21,0.22,-,0.01,0.20,10,0.21,10,
706347,印能統一63購01,0,0,0,---,---,---, ---,,,0.94,10,0.95,10,
706348,亞泰統一62購02,"460,000",31,"1,028,390",2.25,2.45,2.06,2.06,-,0.12,2.05,10,2.06,6,
706349,博智統一63購01,"337,000",3,"633,160",1.88,1.88,1.86,1.86,-,0.0,1.78,10,1.79,10,
706350,鈺太統一63購01,0,0,0,---,---,---, ---,,,0.24,10,0.25,10,
706351,弘塑永豐5C購03,"343,000",6,"285,570",0.87,0.87,0.77,0.85,-,0.15,0.86,10,0.87,10,
706353,均豪永豐59購01,0,0,0,---,---,---, ---,,,0.14,10,0.15,10,
706354,雙鴻永豐61購02,"2,392,000",83,"2,928,570",1.09,1.55,1.04,1.40,+,0.32,1.40,12,1.50,25,
706355,雙鴻永豐64購01,"235,000",9,"283,690",1.14,1.33,1.14,1.33,+,0.2,1.44,10,1.79,10,
706357,印能元富59購04,"10,000",1,"32,000",3.20,3.20,3.20,3.20,-,0.29,2.95,25,3.05,10,
706358,亞泰元富59購02,"60,000",1,"462,000",7.70,7.70,7.70,7.70,-,0.1,7.15,25,7.65,10,
706359,亞泰元富59購03,0,0,0,---,---,---, ---,,,4.61,25,4.71,10,
706360,鑫聯元富59購01,0,0,0,---,---,---, ---,,,0.69,25,0.70,10,
706361,台燿群益59購02,0,0,0,---,---,---, ---,,,0.00,0,32.70,10,
706362,弘塑群益59購05,0,0,0,---,---,---, ---,,,0.01,15,0.00,0,
706363,宏捷科群益59購04,0,0,0,---,---,---, ---,,,0.00,0,0.00,0,
706364,宏觀群益59購02,0,0,0,---,---,---, ---,,,0.00,0,0.00,0,
706365,宏觀群益59購03,0,0,0,---,---,---, ---,,,0.00,0,0.00,0,
706366,優群群益59購01,0,0,0,---,---,---, ---,,,0.00,0,0.00,0,
706367,譜瑞群益59購02,0,0,0,---,---,---, ---,,,0.03,333,0.00,0,
706368,天品凱基59購01,0,0,0,---,---,---, ---,,,0.06,10,0.16,10,
706369,台燿凱基59購02,0,0,0,---,---,---, ---,,,19.60,100,20.60,10,
706370,弘塑凱基59購06,0,0,0,---,---,---, ---,,,0.07,10,0.10,5,
706371,良維凱基61購01,"30,000",2,"33,750",1.15,1.15,1.12,1.12,+,0.1,1.11,100,1.12,10,
706372,茂迪凱基59購03,0,0,0,---,---,---, ---,,,0.00,0,0.10,10,
706373,華義凱基59購01,0,0,0,---,---,---, ---,,,0.19,100,0.00,0,
706374,頎邦凱基59購01,0,0,0,---,---,---, ---,,,35.70,100,36.70,10,
706375,譜瑞凱基59購04,0,0,0,---,---,---, ---,,,0.71,100,0.73,10,
706376,鑫聯凱基59購02,0,0,0,---,---,---, ---,,,0.37,10,0.38,10,
706378,正淩永豐5B購01,0,0,0,---,---,---, ---,,,0.21,10,0.22,10,
706379,東捷永豐5A購01,0,0,0,---,---,---, ---,,,1.64,10,1.74,10,
706380,信紘科永豐59購01,0,0,0,---,---,---, ---,,,0.00,0,0.01,54,
706382,中美晶元富59購02,0,0,0,---,---,---, ---,,,4.46,25,4.56,10,
706383,均豪元富59購01,"108,000",6,"55,680",0.53,0.53,0.49,0.51,-,0.08,0.57,25,0.58,10,
706384,華宏元富59購01,"1,000",1,260,0.26,0.26,0.26,0.26,+,0.11,0.22,25,0.23,10,
706385,華宏元富59購02,0,0,0,---,---,---, ---,,,0.01,25,0.10,10,
706386,頎邦元富59購02,0,0,0,---,---,---, ---,,,24.30,25,25.30,10,
706387,廣運元富59購03,0,0,0,---,---,---, ---,,,0.01,25,0.10,10,
706388,雙鴻元富59購08,0,0,0,---,---,---, ---,,,0.38,25,0.00,0,
706389,美琪瑪群益5A購01,0,0,0,---,---,---, ---,,,0.17,25,0.19,10,
706390,湧德群益5B購01,"407,000",7,"207,630",0.48,0.54,0.48,0.54,+,0.02,0.54,25,0.56,10,
706391,環球晶群益59購06,0,0,0,---,---,---, ---,,,0.00,0,9.75,10,
706392,雙鴻群益5B購04,"783,000",13,"321,580",0.41,0.54,0.40,0.54,+,0.13,0.22,45,0.60,2,
706393,雙鴻群益5B購05,"560,000",12,"382,310",0.62,0.80,0.61,0.80,+,0.17,0.36,138,0.00,0,
706394,宏觀國泰5A購02,0,0,0,---,---,---, ---,,,0.03,499,0.04,100,
706395,大學光國票59購01,0,0,0,---,---,---, ---,,,0.18,25,0.19,10,
706396,東捷國票59購01,0,0,0,---,---,---, ---,,,2.70,25,2.80,10,
706398,原相國票59購01,"40,000",4,"5,800",0.16,0.16,0.14,0.14,-,0.1,0.13,35,1.40,1,
706399,華義國票5A購02,0,0,0,---,---,---, ---,,,0.21,25,0.00,0,
706400,陽程國票59購02,0,0,0,---,---,---, ---,,,12.10,20,12.90,1,
706401,頎邦國票5A購01,0,0,0,---,---,---, ---,,,16.00,25,0.00,0,
706402,聚和國票5A購02,0,0,0,---,---,---, ---,,,0.34,25,0.35,10,
706403,正淩元大59購01,0,0,0,---,---,---, ---,,,0.02,499,0.12,10,
706404,均豪元大59購01,0,0,0,---,---,---, ---,,,0.30,25,0.40,10,
706405,均豪元大59購02,0,0,0,---,---,---, ---,,,0.19,25,0.27,10,
706406,良維元大59購14,0,0,0,---,---,---, ---,,,0.89,499,0.99,10,
706407,良維元大59購15,0,0,0,---,---,---, ---,,,1.17,499,1.27,10,
706408,良維元大59購16,0,0,0,---,---,---, ---,,,0.43,499,0.50,10,
706410,雙鴻元大59購22,0,0,0,---,---,---, ---,,,0.50,125,0.00,0,
706411,中美晶凱基5A購01,"56,000",6,"121,280",2.24,2.24,1.99,2.17,-,0.29,2.19,100,2.22,10,
706412,弘塑凱基5B購01,0,0,0,---,---,---, ---,,,0.45,10,0.46,10,
706413,印能凱基5B購02,0,0,0,---,---,---, ---,,,0.00,0,0.00,0,
706414,湧德凱基5A購01,"390,000",6,"50,900",0.12,0.14,0.12,0.14,-,0.0,0.14,100,0.15,10,
706415,閎康凱基5B購01,0,0,0,---,---,---, ---,,,3.92,10,4.02,10,
706416,鈺太凱基59購02,0,0,0,---,---,---, ---,,,0.00,0,0.10,10,
706417,雙鴻凱基59購16,"15,000",3,"6,000",0.35,0.50,0.35,0.50,+,0.27,0.49,100,0.00,0,
706418,精材國泰5A購01,0,0,0,---,---,---, ---,,,15.80,499,0.00,0,
706419,弘塑富邦61購01,"1,674,000",17,"1,078,310",0.65,0.67,0.61,0.65,-,0.09,0.65,10,0.66,28,
706420,宏捷科富邦5B購01,"4,000",1,"1,080",0.27,0.27,0.27,0.27,+,0.02,0.25,10,0.26,28,
706421,宏捷科富邦5C購01,"1,470,000",7,"271,770",0.21,0.21,0.18,0.18,-,0.01,0.18,10,0.19,28,
706422,家登富邦5B購01,0,0,0,---,---,---, ---,,,1.36,10,1.40,10,
706423,智通*富邦5B購02,"1,295,000",19,"1,026,470",0.74,0.81,0.74,0.79,-,0.03,0.78,10,0.82,28,
706424,環球晶富邦5A購01,0,0,0,---,---,---, ---,,,2.40,1,2.42,10,
706425,雙鴻富邦5C購04,"1,589,000",52,"1,188,000",0.64,0.88,0.64,0.88,+,0.17,0.90,10,1.15,5,
706426,弘塑元大59購06,0,0,0,---,---,---, ---,,,0.08,499,0.16,20,
706427,弘塑元大59購07,0,0,0,---,---,---, ---,,,0.41,499,0.48,10,
706428,印能元大59購07,0,0,0,---,---,---, ---,,,0.89,499,0.99,10,
706429,良維元大59購17,0,0,0,---,---,---, ---,,,0.56,499,0.65,10,
706431,茂迪元大59購08,0,0,0,---,---,---, ---,,,0.06,499,0.16,10,
706432,茂迪元大63購05,"32,000",2,"5,760",0.18,0.18,0.18,0.18,-,0.02,0.17,499,0.18,10,
706433,華宏元大59購01,0,0,0,---,---,---, ---,,,0.01,499,0.11,10,
706434,萬泰科元大59購01,0,0,0,---,---,---, ---,,,0.83,499,0.00,0,
706436,臺慶科元大59購03,0,0,0,---,---,---, ---,,,0.85,499,0.95,10,
706437,雙鴻元大59購23,"20,000",1,"10,800",0.54,0.54,0.54,0.54,+,0.2,0.55,125,0.65,40,
706438,雙鴻元大59購24,"3,000",3,"1,750",0.48,0.80,0.47,0.80,+,0.29,0.78,125,0.00,0,
706439,穩得元大5A購01,0,0,0,---,---,---, ---,,,0.18,499,0.28,10,
706441,弘塑群益5A購03,"50,000",1,"47,500",0.95,0.95,0.95,0.95,-,0.21,0.96,10,1.06,10,
706442,印能群益5B購01,0,0,0,---,---,---, ---,,,2.11,10,2.21,10,
706443,系微群益59購01,"70,000",1,"7,000",0.10,0.10,0.10,0.10,-,0.1,0.01,26,0.19,10,
706444,系微群益59購02,0,0,0,---,---,---, ---,,,0.02,499,0.12,10,
706445,良維群益59購02,0,0,0,---,---,---, ---,,,0.80,499,0.90,10,
706446,湧德群益5C購01,"94,000",4,"47,920",0.49,0.52,0.49,0.52,-,0.02,0.54,25,0.55,10,
706447,華宏群益59購01,0,0,0,---,---,---, ---,,,0.01,10,0.11,10,
706448,環球晶群益5A購02,0,0,0,---,---,---, ---,,,0.00,0,6.30,10,
706449,穩得群益5A購01,0,0,0,---,---,---, ---,,,0.30,10,0.40,10,
706450,環球晶中信59購02,0,0,0,---,---,---, ---,,,2.28,10,0.00,0,
706451,中美晶永豐5A購02,0,0,0,---,---,---, ---,,,0.79,10,0.87,10,
706452,中美晶永豐5C購01,0,0,0,---,---,---, ---,,,0.78,10,0.79,10,
706453,弘塑永豐63購02,"41,000",1,"28,290",0.69,0.69,0.69,0.69,-,0.08,0.72,10,0.73,10,
706454,合晶永豐59購01,0,0,0,---,---,---, ---,,,20.20,499,21.20,10,
706455,系微永豐5C購01,0,0,0,---,---,---, ---,,,0.19,10,0.20,10,
706456,博智永豐5C購01,"10,000",2,"30,180",3.13,3.13,2.97,2.97,-,0.1,2.92,10,2.96,10,
706457,華宏永豐5A購01,"18,000",5,780,0.05,0.05,0.04,0.04,-,0.0,0.03,10,0.04,10,
706458,華義永豐59購01,0,0,0,---,---,---, ---,,,0.10,10,0.00,0,
706459,鴻呈永豐59購01,"150,000",8,"114,540",0.75,0.82,0.72,0.82,+,0.4,0.72,10,0.82,10,
706460,雙鴻永豐5B購02,"12,000",5,"10,170",0.87,0.87,0.84,0.84,+,0.28,0.84,2,0.00,0,
706461,鑫聯永豐61購01,"100,000",1,"69,000",0.69,0.69,0.69,0.69,-,0.03,0.69,10,0.70,10,
706462,中美晶元富59購03,0,0,0,---,---,---, ---,,,1.69,25,1.79,10,
706463,台特化元富59購02,0,0,0,---,---,---, ---,,,0.03,25,0.10,35,
706464,台燿元富63購01,0,0,0,---,---,---, ---,,,83.00,25,88.00,10,
706465,弘塑元富59購04,0,0,0,---,---,---, ---,,,0.07,25,0.17,10,
706466,宏觀元富59購01,0,0,0,---,---,---, ---,,,0.00,0,0.10,10,
706467,信昌電元富59購01,0,0,0,---,---,---, ---,,,19.80,25,20.80,10,
706468,華宏元富5B購01,"192,000",7,"27,370",0.11,0.17,0.11,0.15,+,0.04,0.15,25,0.16,10,
706470,頎邦元富59購05,0,0,0,---,---,---, ---,,,30.90,25,31.90,10,
706471,力致凱基59購01,0,0,0,---,---,---, ---,,,0.12,10,0.13,10,
706472,中美晶凱基61購01,"103,000",13,"486,070",4.78,4.81,4.57,4.78,-,0.22,4.71,50,4.81,10,
706474,沛亨凱基5B購01,"215,000",3,"144,700",0.71,0.71,0.62,0.62,-,0.11,0.73,10,0.74,30,
706475,系微凱基59購02,0,0,0,---,---,---, ---,,,0.00,0,0.10,10,
706476,良維凱基5C購01,"28,000",4,"41,570",1.50,1.50,1.44,1.44,+,0.14,1.40,100,1.41,10,
706477,宜特凱基59購03,0,0,0,---,---,---, ---,,,0.01,100,0.08,8,
706479,博智凱基61購01,"143,000",14,"325,560",2.38,2.42,2.17,2.26,-,0.12,2.00,2,0.00,0,
706480,湧德凱基5B購01,0,0,0,---,---,---, ---,,,0.58,100,0.59,10,
706481,閎康凱基5A購01,0,0,0,---,---,---, ---,,,1.20,10,1.23,10,
706482,萬泰科凱基59購02,0,0,0,---,---,---, ---,,,0.54,10,0.55,10,
706484,臺慶科凱基5A購01,"10,000",1,"26,500",2.65,2.65,2.65,2.65,+,0.05,2.32,10,2.38,10,
706485,雙鴻凱基5C購04,"141,000",5,"99,730",0.65,0.90,0.61,0.90,+,0.27,0.92,100,0.00,0,
706486,九豪國票59購02,0,0,0,---,---,---, ---,,,0.18,25,0.19,10,
706488,合晶國票5A購01,0,0,0,---,---,---, ---,,,25.40,25,0.00,0,
706489,均豪國票5A購01,0,0,0,---,---,---, ---,,,0.39,25,0.40,10,
706490,頎邦國票5A購02,0,0,0,---,---,---, ---,,,10.90,25,11.90,10,
706491,鑫聯國票5A購04,0,0,0,---,---,---, ---,,,0.23,25,0.24,10,
706492,廣明兆豐63購01,0,0,0,---,---,---, ---,,,0.34,30,0.35,40,
706493,九豪群益59購01,0,0,0,---,---,---, ---,,,0.42,499,0.52,10,
706496,宜特群益63購01,"47,000",1,"31,960",0.68,0.68,0.68,0.68,-,0.03,0.66,25,0.67,10,
706497,博智群益69購01,0,0,0,---,---,---, ---,,,0.65,15,0.00,0,
706498,閎康群益63購02,0,0,0,---,---,---, ---,,,0.94,10,1.65,10,
706499,頎邦群益59購01,0,0,0,---,---,---, ---,,,0.00,0,16.50,10,
706500,中美晶國泰5A購01,0,0,0,---,---,---, ---,,,3.01,499,3.07,10,
706501,合晶國泰5A購01,"5,000",1,"122,500",24.50,24.50,24.50,24.50,-,1.8,24.50,499,0.00,0,
706502,良維國泰5A購01,"30,000",1,"27,600",0.92,0.92,0.92,0.92,+,0.13,0.78,499,0.88,100,
706503,世界富邦61購01,"393,000",9,"302,620",0.77,0.79,0.76,0.79,-,0.05,0.78,10,0.79,28,
706504,台特化富邦5A購01,0,0,0,---,---,---, ---,,,0.04,10,0.07,28,
706505,台燿富邦63購03,0,0,0,---,---,---, ---,,,3.83,10,3.93,10,
706506,中美晶元大59購01,0,0,0,---,---,---, ---,,,1.71,400,1.81,10,
706507,中美晶元大5C購02,"23,000",4,"51,300",2.24,2.24,2.22,2.24,-,0.11,2.21,300,2.23,10,
706508,中美晶元大63購01,0,0,0,---,---,---, ---,,,1.26,499,1.36,10,
706509,台特化元大5A購03,0,0,0,---,---,---, ---,,,0.02,499,0.12,10,
706510,宜特元大59購01,0,0,0,---,---,---, ---,,,0.15,499,0.21,10,
706511,宜特元大59購02,0,0,0,---,---,---, ---,,,0.06,499,0.16,10,
706512,博智元大59購03,"3,000",1,"2,670",0.89,0.89,0.89,0.89,+,0.04,0.77,25,0.87,10,
706513,博智元大63購01,"37,000",11,"56,250",1.55,1.55,1.44,1.47,-,0.04,1.48,25,1.50,10,
706514,湧德元大59購03,0,0,0,---,---,---, ---,,,0.06,499,0.16,10,
706515,湧德元大59購04,0,0,0,---,---,---, ---,,,0.16,499,0.23,10,
706516,湧德元大59購05,"50,000",1,"19,000",0.38,0.38,0.38,0.38,+,0.07,0.29,499,0.38,10,
706517,萬泰科元大5C購01,"6,000",1,"13,980",2.33,2.33,2.33,2.33,-,0.03,2.40,300,2.47,10,
706519,環球晶元大59購05,0,0,0,---,---,---, ---,,,0.00,0,0.00,0,
706520,環球晶元大59購06,0,0,0,---,---,---, ---,,,0.00,0,0.00,0,
706521,雙鴻元大59購25,"100,000",3,"29,000",0.30,0.30,0.28,0.28,+,0.15,0.29,125,0.40,5,
706522,台燿中信59購05,0,0,0,---,---,---, ---,,,5.30,499,0.00,0,
706523,博智中信59購01,0,0,0,---,---,---, ---,,,0.58,10,0.68,10,
706524,雙鴻中信63購02,"522,000",19,"188,000",0.31,0.42,0.31,0.42,+,0.11,0.41,10,0.42,20,
706526,均豪永豐59購02,"296,000",4,"103,870",0.37,0.42,0.34,0.42,+,0.01,0.40,10,0.41,10,
706528,勤凱永豐5C購02,0,0,0,---,---,---, ---,,,1.03,10,1.04,10,
706530,合晶國票59購01,0,0,0,---,---,---, ---,,,21.40,25,0.00,0,
706531,均豪國票59購02,0,0,0,---,---,---, ---,,,0.36,25,0.38,10,
706532,系微國票5A購01,0,0,0,---,---,---, ---,,,0.07,25,0.08,10,
706533,佶優國票59購01,0,0,0,---,---,---, ---,,,0.00,0,0.00,0,
706534,前鼎國票61購02,"2,000",2,"8,150",4.09,4.09,4.06,4.06,+,0.18,4.65,6,0.00,0,
706535,閎康國票5A購03,0,0,0,---,---,---, ---,,,0.37,25,0.38,10,
706536,順達國票5A購02,"300,000",3,"248,600",0.83,0.83,0.82,0.82,-,0.24,0.85,25,0.88,10,
706537,鈺太國票59購02,0,0,0,---,---,---, ---,,,0.08,25,0.09,10,
706538,鈺太國票5A購01,0,0,0,---,---,---, ---,,,0.05,25,0.06,10,
706539,點序國票59購02,"10,000",1,100,0.01,0.01,0.01,0.01,-,0.01,0.01,25,0.02,10,
706540,台特化凱基59購05,0,0,0,---,---,---, ---,,,0.11,10,0.12,10,
706541,台燿凱基59購04,0,0,0,---,---,---, ---,,,13.30,100,14.30,10,
706543,均豪凱基59購02,"10,000",1,"6,100",0.61,0.61,0.61,0.61,+,0.09,0.65,100,0.67,10,
706544,博智凱基59購07,"5,000",1,"2,050",0.41,0.41,0.41,0.41,-,0.07,0.43,10,0.45,10,
706545,閎康凱基61購01,0,0,0,---,---,---, ---,,,1.17,10,1.19,10,
706547,精測凱基59購03,"447,000",1,"4,470",0.01,0.01,0.01,0.01,-,0.06,0.01,100,0.11,10,
706548,雙鴻凱基5A購03,"5,000",1,"4,200",0.84,0.84,0.84,0.84,+,0.14,1.10,100,0.00,0,
706549,穩得凱基63購01,"20,000",2,"22,400",1.14,1.14,1.10,1.10,-,0.07,1.13,10,1.14,10,
706550,鑫聯凱基61購01,0,0,0,---,---,---, ---,,,0.76,10,0.77,10,
706551,聚和中信59購01,0,0,0,---,---,---, ---,,,0.08,10,0.18,10,
706553,台燿永豐64購01,0,0,0,---,---,---, ---,,,7.40,499,7.90,10,
706554,宏觀永豐59購01,0,0,0,---,---,---, ---,,,0.00,0,0.03,10,
706555,系微永豐5A購01,0,0,0,---,---,---, ---,,,0.02,10,0.03,10,
706557,聖暉*永豐5B購01,"250,000",1,"155,000",0.62,0.62,0.62,0.62,-,0.07,0.65,499,0.66,10,
706558,聚和永豐5B購01,0,0,0,---,---,---, ---,,,0.30,10,0.31,10,
706559,博智元富59購01,0,0,0,---,---,---, ---,,,0.67,25,0.77,10,
706560,台燿國泰5A購03,0,0,0,---,---,---, ---,,,9.00,10,9.30,10,
706561,宜特國泰5A購01,0,0,0,---,---,---, ---,,,0.46,499,0.48,100,
706562,鑫聯國泰5A購02,0,0,0,---,---,---, ---,,,0.65,499,0.66,100,
706563,台燿富邦73購01,0,0,0,---,---,---, ---,,,2.58,10,2.68,10,
706564,良維富邦5C購01,"170,000",6,"80,280",0.48,0.52,0.45,0.46,+,0.05,0.46,10,0.47,28,
706565,博智富邦61購01,"396,000",10,"454,600",1.16,1.17,1.10,1.10,-,0.05,1.15,10,1.16,28,
706566,順達富邦5C購01,"130,000",6,"136,000",1.05,1.05,1.03,1.03,-,0.17,1.02,10,1.03,28,
706567,精測富邦5B購01,"1,039,000",20,"137,140",0.16,0.16,0.11,0.14,+,0.03,0.11,10,0.14,10,
706568,力致群益59購01,0,0,0,---,---,---, ---,,,0.05,499,0.15,10,
706569,中美晶群益5B購01,"18,000",4,"42,180",2.31,2.36,2.31,2.36,-,0.45,2.33,10,2.43,10,
706570,永信建群益59購01,0,0,0,---,---,---, ---,,,0.08,499,0.18,10,
706571,宏觀群益59購04,0,0,0,---,---,---, ---,,,0.00,0,0.20,20,
706572,良維群益61購01,"413,000",20,"537,050",1.31,1.36,1.26,1.30,+,0.06,1.24,10,1.33,30,
706573,博智群益63購01,0,0,0,---,---,---, ---,,,2.43,4,0.00,0,
706574,閎康群益5B購02,0,0,0,---,---,---, ---,,,0.07,10,0.00,0,
706575,閎康群益5B購03,0,0,0,---,---,---, ---,,,0.11,10,0.00,0,
706576,順達群益5C購01,"48,000",16,"93,240",1.99,2.05,1.82,1.87,-,0.34,1.87,10,1.97,10,
706578,精測群益59購05,0,0,0,---,---,---, ---,,,0.00,0,0.00,0,
706579,精測群益63購01,"1,118,000",18,"552,700",0.41,0.52,0.41,0.52,+,0.12,0.46,105,0.52,20,
706580,雙鴻群益59購11,0,0,0,---,---,---, ---,,,0.89,499,0.00,0,
706581,九豪元大59購01,0,0,0,---,---,---, ---,,,0.22,499,0.32,10,
706585,宏捷科元大59購02,0,0,0,---,---,---, ---,,,0.00,0,0.00,0,
706588,博智元大63購02,"111,000",5,"125,940",1.13,1.14,1.04,1.04,-,0.06,1.07,25,1.08,10,
706589,閎康元大59購04,0,0,0,---,---,---, ---,,,0.31,499,0.38,10,
706590,萬泰科元大5C購02,"37,000",4,"43,910",1.17,1.21,1.17,1.21,-,0.0,1.20,499,1.22,10,
706591,鈺太元大59購02,0,0,0,---,---,---, ---,,,0.00,0,0.01,499,
706592,鈺太元大59購03,0,0,0,---,---,---, ---,,,0.08,499,0.18,10,
706593,精測元大59購03,0,0,0,---,---,---, ---,,,0.02,499,0.05,8,
706594,精測元大5C購03,"2,328,000",15,"303,600",0.11,0.14,0.11,0.14,+,0.03,0.13,499,0.15,10,
706595,雙鴻台新59購04,"108,000",3,"100,890",0.86,1.22,0.86,1.22,+,0.32,1.43,25,0.00,0,
706596,中美晶凱基5B購01,"14,000",3,"37,920",2.73,2.73,2.67,2.67,-,0.39,2.76,100,2.79,10,
706597,元太凱基59購02,"5,468,000",11,"2,083,040",0.39,0.39,0.37,0.37,-,0.21,0.12,83,0.00,0,
706599,弘塑凱基59購07,0,0,0,---,---,---, ---,,,0.03,10,0.00,0,
706600,永信建凱基59購01,"1,000",1,680,0.68,0.68,0.68,0.68,-,0.02,0.67,10,0.68,10,
706601,系微凱基5A購01,"45,000",1,900,0.02,0.02,0.02,0.02,-,0.01,0.02,11,0.12,10,
706603,宜特凱基59購04,0,0,0,---,---,---, ---,,,0.07,100,0.08,10,
706604,華電網凱基59購01,0,0,0,---,---,---, ---,,,0.00,0,0.10,10,
706605,華電網凱基5B購01,"50,000",5,"3,000",0.06,0.06,0.06,0.06,-,0.01,0.05,10,0.06,10,
706606,華電網凱基61購01,0,0,0,---,---,---, ---,,,0.23,10,0.24,10,
706607,閎康凱基5A購02,"18,000",2,"4,580",0.26,0.26,0.25,0.25,-,0.06,0.23,10,0.24,10,
706608,順達凱基5A購01,0,0,0,---,---,---, ---,,,0.00,0,3.51,5,
706609,鈺太凱基59購03,0,0,0,---,---,---, ---,,,0.10,100,0.11,10,
706610,精材凱基59購02,0,0,0,---,---,---, ---,,,8.00,25,0.00,0,
706611,元太國票5A購03,"220,000",4,"112,600",0.51,0.54,0.51,0.52,-,0.13,0.52,25,0.55,10,
706612,弘塑國票5C購01,"20,000",2,"7,800",0.40,0.40,0.38,0.38,-,0.11,0.40,25,0.42,10,
706613,弘塑國票63購01,"10,000",3,"8,970",0.89,0.91,0.88,0.91,-,0.11,0.91,25,0.92,10,
706615,宏觀國票5A購02,0,0,0,---,---,---, ---,,,0.01,25,0.02,10,
706616,系微國票5A購02,0,0,0,---,---,---, ---,,,0.07,25,0.08,10,
706617,美琪瑪國票5A購01,0,0,0,---,---,---, ---,,,0.26,25,0.27,10,
706618,神盾國票5A購01,0,0,0,---,---,---, ---,,,0.19,25,0.29,10,
706619,常珵國票59購01,0,0,0,---,---,---, ---,,,0.02,25,0.03,10,
706620,創泓國票59購01,"2,000",1,"3,020",1.51,1.51,1.51,1.51,-,0.35,1.41,25,1.46,10,
706621,華電網國票59購02,0,0,0,---,---,---, ---,,,0.00,0,0.15,270,
706622,鈊象國票5A購02,"590,000",5,"180,500",0.31,0.34,0.28,0.34,+,0.03,0.32,25,0.34,10,
706623,萬泰科國票5A購03,"1,098,000",3,"1,541,190",1.40,1.41,1.39,1.41,-,0.03,1.38,25,1.39,10,
706624,穩得國票5A購01,"26,000",1,"16,380",0.63,0.63,0.63,0.63,-,0.05,0.62,25,0.63,10,
706625,譜瑞國票5A購01,"692,000",17,"596,200",0.84,0.89,0.79,0.85,-,0.09,0.85,25,0.87,10,
706626,元太元大59購02,"4,000",1,880,0.22,0.22,0.22,0.22,-,0.15,0.01,499,0.00,0,
706627,台特化元大59購07,0,0,0,---,---,---, ---,,,0.07,499,0.17,10,
706630,台燿元大59購11,0,0,0,---,---,---, ---,,,6.30,100,6.40,10,
706631,弘塑元大59購08,0,0,0,---,---,---, ---,,,0.69,499,0.77,10,
706632,弘塑元大59購09,0,0,0,---,---,---, ---,,,0.07,499,0.17,10,
706633,弘塑元大59購10,0,0,0,---,---,---, ---,,,0.24,499,0.30,10,
706634,弘塑元大59購11,0,0,0,---,---,---, ---,,,0.29,499,0.35,10,
706635,弘塑元大59購12,0,0,0,---,---,---, ---,,,0.48,499,0.55,10,
706636,弘塑元大59購13,"60,000",1,"2,400",0.04,0.04,0.04,0.04,-,0.06,0.06,499,0.16,10,
706638,弘塑元大59購15,0,0,0,---,---,---, ---,,,0.05,499,0.10,10,
706639,系微元大59購03,0,0,0,---,---,---, ---,,,0.00,0,0.10,10,
706640,系微元大59購04,0,0,0,---,---,---, ---,,,0.02,499,0.12,10,
706641,系微元大59購05,0,0,0,---,---,---, ---,,,0.02,499,0.12,10,
706642,系微元大59購06,0,0,0,---,---,---, ---,,,0.12,499,0.18,10,
706643,佶優元大59購01,0,0,0,---,---,---, ---,,,0.01,499,0.05,40,
706645,華電網元大59購01,0,0,0,---,---,---, ---,,,0.00,0,0.10,20,
706646,台特化群益59購03,0,0,0,---,---,---, ---,,,0.24,499,0.34,10,
706647,弘塑群益5B購02,"75,000",2,"27,850",0.39,0.39,0.37,0.37,-,0.07,0.38,10,0.48,10,
706648,沛亨群益59購01,0,0,0,---,---,---, ---,,,0.98,10,1.08,10,
706649,華電網群益59購01,0,0,0,---,---,---, ---,,,0.00,0,0.01,38,
706650,雙鴻群益59購12,"35,000",4,"11,450",0.25,0.55,0.25,0.55,+,0.3,0.55,499,0.60,5,
706652,華電網中信59購01,0,0,0,---,---,---, ---,,,0.00,0,0.01,10,
706653,弘塑國泰5A購03,0,0,0,---,---,---, ---,,,0.58,499,0.59,90,
706654,弘塑國泰5A購04,"22,000",2,"9,760",0.48,0.48,0.44,0.44,-,0.11,0.46,499,0.47,40,
706655,系微國泰5A購01,0,0,0,---,---,---, ---,,,0.06,499,0.09,110,
706656,佶優國泰5A購01,0,0,0,---,---,---, ---,,,0.12,499,0.13,100,
706657,順達國泰5A購01,0,0,0,---,---,---, ---,,,2.16,499,2.22,10,
706658,中美晶富邦63購01,0,0,0,---,---,---, ---,,,1.95,30,2.00,10,
706659,弘塑富邦61購02,0,0,0,---,---,---, ---,,,0.49,12,0.50,28,
706660,均豪富邦61購01,"676,000",17,"361,190",0.49,0.58,0.49,0.54,-,0.02,0.54,10,0.55,28,
706661,宏觀富邦5B購01,0,0,0,---,---,---, ---,,,0.03,10,0.10,28,
706662,沛亨富邦61購01,"28,000",1,"14,280",0.51,0.51,0.51,0.51,-,0.01,0.51,10,0.52,28,
706663,華電網富邦5C購01,"15,000",1,"1,050",0.07,0.07,0.07,0.07,-,0.0,0.06,5,0.07,28,
706664,系微永豐5C購02,"66,000",2,"17,160",0.26,0.26,0.26,0.26,-,0.05,0.27,10,0.28,10,
706665,長佳智永豐59購01,0,0,0,---,---,---, ---,,,0.02,510,0.03,110,
706666,華電網永豐5A購01,0,0,0,---,---,---, ---,,,0.05,10,0.06,10,
706667,閎康永豐5B購01,0,0,0,---,---,---, ---,,,0.61,10,0.63,10,
706669,聚和永豐59購01,0,0,0,---,---,---, ---,,,0.29,10,0.34,10,
706670,友輝元富59購01,0,0,0,---,---,---, ---,,,0.28,25,0.30,10,
706671,友輝元富59購02,0,0,0,---,---,---, ---,,,0.09,25,0.11,10,
706672,友輝元富59購03,0,0,0,---,---,---, ---,,,0.07,25,0.10,10,
706673,弘塑元富5C購02,"97,000",2,"75,560",0.77,0.78,0.77,0.78,-,0.12,0.79,25,0.80,10,
706674,華義元富5A購01,0,0,0,---,---,---, ---,,,0.86,25,0.00,0,
706675,鑫聯元富59購02,0,0,0,---,---,---, ---,,,0.30,25,0.31,10,
706676,台特化兆豐5B購02,0,0,0,---,---,---, ---,,,0.20,10,0.21,20,
706677,順達兆豐5B購02,"19,000",2,"19,760",1.04,1.04,1.04,1.04,-,0.13,1.03,10,1.04,1,
706678,雙鴻兆豐5B購03,"267,000",4,"278,840",0.92,1.05,0.92,1.05,+,0.33,1.05,30,1.14,10,
706679,立碁群益59購01,0,0,0,---,---,---, ---,,,0.36,499,0.00,0,
706680,茂迪群益59購03,0,0,0,---,---,---, ---,,,0.00,0,0.00,0,
706681,華電網群益59購02,0,0,0,---,---,---, ---,,,0.01,499,0.11,10,
706683,家登國泰5A購01,0,0,0,---,---,---, ---,,,1.78,499,1.80,100,
706684,閎康國泰5A購01,0,0,0,---,---,---, ---,,,0.67,499,0.70,100,
706685,元太富邦5B購01,0,0,0,---,---,---, ---,,,0.84,10,0.94,10,
706686,頎邦富邦5B購01,0,0,0,---,---,---, ---,,,8.10,10,8.50,10,
706687,台特化凱基63購01,0,0,0,---,---,---, ---,,,0.51,10,0.52,30,
706689,邑錡凱基59購01,0,0,0,---,---,---, ---,,,0.06,100,0.00,0,
706690,朋億*凱基59購01,0,0,0,---,---,---, ---,,,1.46,100,1.50,10,
706691,美琪瑪凱基5A購01,0,0,0,---,---,---, ---,,,0.40,10,0.41,10,
706692,茂迪凱基59購04,0,0,0,---,---,---, ---,,,0.07,10,0.08,10,
706693,家登凱基5C購02,"22,000",4,"73,080",3.41,3.41,3.00,3.00,-,0.23,3.01,100,3.06,10,
706694,雙鴻凱基59購17,0,0,0,---,---,---, ---,,,1.02,100,0.00,0,
706695,立碁永豐5A購01,"94,000",5,"57,900",0.52,0.80,0.52,0.71,+,0.29,0.67,10,0.00,0,
706696,立碁永豐5B購01,"1,000",1,900,0.90,0.90,0.90,0.90,+,0.23,0.89,10,0.00,0,
706697,捷創永豐59購01,0,0,0,---,---,---, ---,,,0.03,499,0.13,10,
706698,穩得永豐61購01,"88,000",3,"72,060",0.81,0.82,0.81,0.82,-,0.06,0.83,10,0.84,10,
706699,立碁元富59購01,"39,000",12,"53,130",1.25,1.80,0.85,1.80,+,1.0,1.27,25,1.80,6,
706700,立碁元富59購02,"140,000",10,"64,500",0.39,0.55,0.39,0.55,+,0.23,0.65,25,0.00,0,
706701,立碁元富59購03,"241,000",5,"63,920",0.23,0.32,0.23,0.32,+,0.17,0.32,25,0.36,1,
706702,系統電元富59購03,0,0,0,---,---,---, ---,,,0.09,25,0.19,10,
706703,鈊象中信5C購01,0,0,0,---,---,---, ---,,,0.29,10,0.31,10,
706704,聖暉*中信59購01,"69,000",7,"37,650",0.53,0.55,0.53,0.55,-,0.04,0.54,499,0.55,10,
706705,立碁國票5A購01,"230,000",5,"163,300",0.71,0.71,0.71,0.71,+,0.3,0.71,25,0.00,0,
706707,邑錡國票59購01,0,0,0,---,---,---, ---,,,0.01,25,0.10,11,
706708,閎康國票61購01,"26,000",3,"23,480",0.90,0.92,0.90,0.91,-,0.14,0.94,25,0.95,10,
706710,良維統一62購02,"206,000",7,"155,910",0.73,0.76,0.71,0.71,+,0.01,0.70,10,0.71,10,
706711,宜特統一62購02,"80,000",2,"36,000",0.45,0.45,0.45,0.45,-,0.01,0.43,10,0.44,10,
706712,信紘科統一63購02,0,0,0,---,---,---, ---,,,0.31,10,0.32,10,
706713,前鼎統一63購01,"1,000",1,"2,400",2.40,2.40,2.40,2.40,+,0.44,2.23,10,2.40,5,
706714,閎康統一63購01,"10,000",1,"3,100",0.31,0.31,0.31,0.31,-,0.09,0.31,40,0.44,115,
706715,萬泰科統一62購02,"2,000",1,"1,820",0.91,0.91,0.91,0.91,+,0.02,0.89,10,0.90,10,
706716,中美晶元大59購02,0,0,0,---,---,---, ---,,,2.17,300,2.27,10,
706717,世紀*元大59購01,"19,000",4,"156,500",7.10,8.90,7.10,8.90,-,0.0,7.10,10,9.00,10,
706721,立碁元大59購01,0,0,0,---,---,---, ---,,,0.45,125,1.72,1,
706723,均豪元大59購03,"5,000",1,"1,250",0.25,0.25,0.25,0.25,-,0.02,0.28,25,0.38,10,
706724,良維元大59購18,0,0,0,---,---,---, ---,,,0.44,499,0.51,10,
706726,宜特元大59購03,0,0,0,---,---,---, ---,,,0.15,499,0.22,10,
706727,宜特元大5C購01,0,0,0,---,---,---, ---,,,0.96,499,0.98,10,
706729,閎康元大59購05,0,0,0,---,---,---, ---,,,0.60,499,0.69,10,
706730,閎康元大59購07,0,0,0,---,---,---, ---,,,0.39,499,0.46,10,
706731,閎康元大59購08,0,0,0,---,---,---, ---,,,0.73,499,0.82,10,
706732,閎康元大5A購01,0,0,0,---,---,---, ---,,,0.69,499,0.71,10,
706733,閎康元大63購03,"3,000",1,"1,650",0.55,0.55,0.55,0.55,-,0.11,0.55,499,0.56,10,
706734,雷科元大59購01,0,0,0,---,---,---, ---,,,8.90,50,13.60,1,
706735,雙鴻元大59購26,0,0,0,---,---,---, ---,,,0.79,125,0.83,20,
706736,譜瑞元大59購03,0,0,0,---,---,---, ---,,,0.00,0,6.90,1,
706737,中美晶凱基59購02,0,0,0,---,---,---, ---,,,3.09,100,3.19,10,
706738,世紀*凱基59購03,"19,000",4,"119,700",6.30,6.30,6.30,6.30,-,1.65,6.30,10,0.00,0,
706740,立碁凱基59購01,"430,000",43,"46,700",0.10,0.11,0.10,0.11,+,0.01,0.20,100,0.32,5,
706741,均豪凱基59購03,0,0,0,---,---,---, ---,,,0.42,100,0.44,10,
706742,宜特凱基59購05,0,0,0,---,---,---, ---,,,0.26,100,0.27,10,
706743,前鼎凱基61購01,"95,000",13,"375,060",3.80,4.64,3.80,4.64,+,1.23,4.42,6,0.00,0,
706744,順達凱基59購03,"40,000",4,"21,900",0.52,0.57,0.52,0.53,-,0.19,0.47,100,0.48,10,
706745,聖暉*凱基5A購01,0,0,0,---,---,---, ---,,,0.44,100,0.45,30,
706746,頎邦凱基59購03,0,0,0,---,---,---, ---,,,16.40,100,17.40,10,
706747,精材凱基59購03,0,0,0,---,---,---, ---,,,12.00,1,0.00,0,
706748,聚和凱基5A購02,0,0,0,---,---,---, ---,,,0.42,10,0.43,10,
706749,雙鴻凱基61購01,"915,000",23,"1,159,110",1.16,1.41,1.16,1.41,+,0.35,0.60,16,0.00,0,
706750,鑫聯凱基59購03,0,0,0,---,---,---, ---,,,0.29,10,0.30,10,
706751,聖暉*兆豐5B購02,"133,000",7,"99,760",0.77,0.77,0.67,0.67,-,0.07,0.67,10,0.68,10,
706752,久元國票5A購01,0,0,0,---,---,---, ---,,,0.49,25,0.50,10,
706753,元債20國票59購01,0,0,0,---,---,---, ---,,,0.11,25,0.12,10,
706754,世紀*國票5A購02,"570,000",62,"2,684,800",4.64,7.80,4.64,7.80,+,0.9,6.90,1,7.80,9,
706755,矽科國票5A購01,"4,000",1,160,0.04,0.04,0.04,0.04,-,0.02,0.04,25,0.05,10,
706756,矽科國票5A購02,0,0,0,---,---,---, ---,,,0.05,25,0.06,10,
706757,常珵國票59購02,0,0,0,---,---,---, ---,,,0.06,25,0.07,10,
706758,捷創國票59購01,0,0,0,---,---,---, ---,,,0.20,25,0.21,10,
706759,捷創國票5A購01,"28,000",6,"6,080",0.24,0.24,0.19,0.20,+,0.02,0.20,25,0.21,10,
706760,順達國票5B購01,"24,000",8,"24,490",1.05,1.10,0.95,0.99,-,0.14,0.95,25,0.97,10,
706761,聖暉*國票5A購04,"36,000",2,"21,960",0.61,0.61,0.61,0.61,-,0.06,0.61,25,0.62,10,
706762,久元元大59購01,0,0,0,---,---,---, ---,,,0.00,0,0.00,0,
706765,巨漢元大59購04,0,0,0,---,---,---, ---,,,0.45,499,0.52,10,
706766,立碁元大59購02,"200,000",1,"14,000",0.07,0.07,0.07,0.07,-,0.05,0.08,125,0.99,1,
706767,宏捷科元大59購03,0,0,0,---,---,---, ---,,,0.04,250,0.00,0,
706768,良維元大59購20,"1,000",1,500,0.50,0.50,0.50,0.50,+,0.03,0.40,499,0.47,10,
706769,協易機元大59購02,0,0,0,---,---,---, ---,,,0.03,499,0.13,10,
706770,矽科元大59購01,0,0,0,---,---,---, ---,,,0.05,499,0.15,10,
706771,矽科元大59購02,0,0,0,---,---,---, ---,,,0.03,499,0.13,10,
706772,捷創元大59購01,0,0,0,---,---,---, ---,,,0.05,499,0.15,10,
706773,捷創元大59購02,0,0,0,---,---,---, ---,,,0.01,499,0.11,10,
706774,順達元大59購03,0,0,0,---,---,---, ---,,,0.49,499,0.59,10,
706775,順達元大59購04,0,0,0,---,---,---, ---,,,1.28,499,1.36,10,
706776,順達元大59購05,"8,000",1,"11,760",1.47,1.47,1.47,1.47,-,0.32,1.36,450,1.44,10,
706779,精材元大59購02,"30,000",2,"279,000",9.30,9.30,9.30,9.30,+,1.35,9.35,25,0.00,0,
706780,臺慶科元大59購04,"35,000",1,"23,800",0.68,0.68,0.68,0.68,-,0.54,0.74,499,0.84,10,
706781,雙鴻元大59購27,0,0,0,---,---,---, ---,,,0.82,125,0.90,1,
706782,印能國泰5A購02,0,0,0,---,---,---, ---,,,3.58,499,3.64,10,
706783,前鼎國泰5A購02,0,0,0,---,---,---, ---,,,5.60,499,0.00,0,
706784,聖暉*國泰5A購01,"137,000",5,"133,270",1.00,1.00,0.86,0.86,-,0.08,0.89,499,0.90,90,
706785,聖暉*國泰5A購02,"216,000",6,"157,670",0.74,0.74,0.70,0.70,-,0.03,0.65,499,0.66,100,
706786,世界群益59購03,0,0,0,---,---,---, ---,,,0.56,17,0.00,0,
706787,台特化群益5A購02,0,0,0,---,---,---, ---,,,0.04,260,0.00,0,
706788,宜特群益59購02,0,0,0,---,---,---, ---,,,0.29,25,0.30,10,
706789,前鼎群益5B購01,0,0,0,---,---,---, ---,,,3.30,10,0.00,0,
706790,順達群益5B購02,"59,000",5,"83,320",1.44,1.44,1.30,1.30,-,0.19,1.31,10,1.41,10,
706791,萬泰科群益5A購01,0,0,0,---,---,---, ---,,,1.25,10,1.35,10,
706792,雙鴻群益59購13,0,0,0,---,---,---, ---,,,0.42,499,0.00,0,
706793,元太富邦5B購02,"22,000",3,"14,760",0.69,0.69,0.63,0.63,-,0.15,0.66,10,0.67,28,
706794,宜特富邦5B購01,0,0,0,---,---,---, ---,,,0.11,10,0.21,28,
706795,前鼎富邦5B購01,"1,000",1,"2,340",2.34,2.34,2.34,2.34,+,0.08,2.61,10,0.00,0,
706796,鈊象富邦5B購02,"1,269,000",33,"1,064,050",0.82,0.88,0.81,0.88,+,0.04,0.88,10,0.89,28,
706797,頎邦富邦5C購01,0,0,0,---,---,---, ---,,,6.70,10,7.10,10,
706798,雙鴻富邦5B購01,"212,000",20,"229,750",1.06,1.19,1.02,1.19,+,0.17,1.35,10,0.00,0,
706799,立碁統一63購01,"45,000",4,"27,650",0.59,0.62,0.59,0.62,+,0.18,0.57,10,0.00,0,
706800,立碁統一66購01,"75,000",2,"41,050",0.51,0.59,0.51,0.59,+,0.11,0.59,10,0.00,0,
706801,順達統一63購02,0,0,0,---,---,---, ---,,,0.73,10,0.74,10,
706802,順達統一66購01,0,0,0,---,---,---, ---,,,0.58,10,0.59,10,
706803,聖暉*統一65購01,"172,000",7,"117,460",0.73,0.73,0.64,0.64,-,0.07,0.67,10,0.68,10,
706804,雙鴻統一66購01,"1,353,000",14,"714,460",0.44,0.56,0.44,0.56,+,0.1,0.57,1,0.61,1,
706805,順達中信59購01,0,0,0,---,---,---, ---,,,0.10,10,0.20,10,
706806,世界永豐59購04,0,0,0,---,---,---, ---,,,0.61,499,0.64,10,
706807,矽科永豐5B購01,0,0,0,---,---,---, ---,,,0.31,10,0.32,10,
706808,聖暉*永豐5B購02,0,0,0,---,---,---, ---,,,0.55,10,0.56,10,
706809,頎邦永豐5A購01,0,0,0,---,---,---, ---,,,7.25,499,7.75,10,
706810,久元元富59購01,0,0,0,---,---,---, ---,,,0.90,25,0.92,10,
706812,前鼎元富59購02,0,0,0,---,---,---, ---,,,6.95,25,0.00,0,
706813,勤凱元富59購02,0,0,0,---,---,---, ---,,,1.98,25,2.08,10,
706814,聖暉*元富59購03,"25,000",1,"39,000",1.56,1.56,1.56,1.56,-,0.14,1.57,25,1.58,10,
706815,鑫聯元富59購03,0,0,0,---,---,---, ---,,,0.83,25,0.84,10,
706816,聖暉*台新59購01,"193,000",8,"259,770",1.43,1.43,1.17,1.17,-,0.13,1.22,25,1.23,10,
706819,台特化凱基59購06,0,0,0,---,---,---, ---,,,0.25,10,0.26,10,
706820,台燿凱基59購07,0,0,0,---,---,---, ---,,,13.50,100,14.50,10,
706821,巨漢凱基59購03,0,0,0,---,---,---, ---,,,0.77,10,0.78,10,
706823,東捷凱基59購02,0,0,0,---,---,---, ---,,,1.25,10,1.30,10,
706825,前鼎凱基5B購01,"1,000",1,"5,850",5.85,5.85,5.85,5.85,+,0.65,6.00,100,0.00,0,
706826,順達凱基5B購02,0,0,0,---,---,---, ---,,,0.63,100,0.00,0,
706827,聚和康和59購01,0,0,0,---,---,---, ---,,,0.32,10,0.35,10,
706828,凡甲元大59購02,0,0,0,---,---,---, ---,,,1.07,25,1.17,10,
706829,元債20元大5B購02,"40,000",1,"20,000",0.50,0.50,0.50,0.50,-,0.0,0.48,250,0.49,100,
706830,元債20元大62購01,0,0,0,---,---,---, ---,,,0.33,250,0.35,100,
706831,元債20元大65購01,"1,000",1,200,0.20,0.20,0.20,0.20,-,0.01,0.20,250,0.21,100,
706833,台燿元大59購18,0,0,0,---,---,---, ---,,,9.20,50,9.70,10,
706835,台燿元大59購20,0,0,0,---,---,---, ---,,,5.30,150,5.75,10,
706836,宏捷科元大59購04,0,0,0,---,---,---, ---,,,0.01,499,0.11,10,
706838,良維元大59購22,0,0,0,---,---,---, ---,,,0.36,499,0.42,10,
706839,宜特元大59購04,0,0,0,---,---,---, ---,,,0.50,499,0.58,10,
706840,東捷元大59購02,0,0,0,---,---,---, ---,,,1.56,25,1.66,10,
706841,華電網元大5C購01,0,0,0,---,---,---, ---,,,0.00,0,0.65,1,
706842,鈊象元大59購02,"630,000",8,"185,150",0.29,0.33,0.27,0.33,+,0.02,0.01,499,0.38,100,
706843,鈊象元大5C購04,"885,000",6,"407,870",0.45,0.47,0.43,0.47,+,0.02,0.13,76,0.00,0,
706844,鈊象元大63購04,"126,000",5,"36,590",0.30,0.30,0.29,0.29,-,0.01,0.22,10,0.40,60,
706845,萬泰科元大63購01,"36,000",6,"36,100",1.00,1.02,0.99,1.02,-,0.01,1.01,499,1.02,10,
706846,雙鴻元大59購28,"155,000",8,"95,340",0.61,0.88,0.58,0.88,+,0.28,0.88,125,0.00,0,
706847,雙鴻元大59購29,"605,000",13,"431,050",0.66,0.92,0.62,0.92,+,0.28,0.94,125,0.00,0,
706848,台燿中信59購07,0,0,0,---,---,---, ---,,,3.26,10,0.00,0,
706849,台燿永豐5B購02,0,0,0,---,---,---, ---,,,9.30,499,9.80,10,
706850,東捷永豐5C購01,0,0,0,---,---,---, ---,,,1.92,10,1.95,10,
706851,前鼎永豐5B購02,0,0,0,---,---,---, ---,,,2.22,499,0.00,0,
706852,鈊象永豐5B購01,"742,000",11,"224,220",0.32,0.32,0.30,0.30,-,0.02,0.36,10,0.37,10,
706853,東捷國泰5A購02,"10,000",2,"26,200",2.62,2.62,2.62,2.62,-,0.15,2.44,10,2.47,10,
706855,宜特元富59購01,0,0,0,---,---,---, ---,,,0.47,25,0.48,10,
706856,宜特元富5C購01,0,0,0,---,---,---, ---,,,0.81,25,0.82,10,
706857,匯鑽科元富5A購01,0,0,0,---,---,---, ---,,,0.13,25,0.14,10,
706858,聖暉*元富59購04,0,0,0,---,---,---, ---,,,0.51,25,0.61,10,
706859,漢科元富5A購01,0,0,0,---,---,---, ---,,,0.41,25,0.51,10,
706860,廣運元富5C購01,0,0,0,---,---,---, ---,,,0.55,25,0.65,10,
706861,德微元富59購04,0,0,0,---,---,---, ---,,,2.63,25,2.73,10,
706862,穩得元富59購02,"59,000",2,"32,450",0.55,0.55,0.55,0.55,-,0.01,0.55,25,0.56,10,
706863,中美晶群益62購01,0,0,0,---,---,---, ---,,,2.34,10,2.44,10,
706865,東捷群益62購01,"26,000",3,"111,200",4.36,4.36,4.13,4.13,-,0.31,2.91,3,0.00,0,
706866,東捷群益63購02,"100,000",6,"312,480",3.16,3.17,2.95,2.99,-,0.19,2.21,22,0.00,0,
706868,順達群益5A購02,0,0,0,---,---,---, ---,,,0.48,10,0.58,10,
706869,鈊象群益59購02,0,0,0,---,---,---, ---,,,0.00,0,0.00,0,
706870,鈊象群益59購03,0,0,0,---,---,---, ---,,,0.00,0,0.04,2,
706871,鈊象群益5B購01,"490,000",3,"68,600",0.14,0.14,0.14,0.14,-,0.01,0.02,10,0.60,27,
706872,聖暉*群益5C購01,0,0,0,---,---,---, ---,,,1.15,100,0.00,0,
706873,精材群益59購05,0,0,0,---,---,---, ---,,,0.00,0,0.00,0,
706874,雙鴻群益59購14,0,0,0,---,---,---, ---,,,0.15,10,0.00,0,
706875,鑫科群益5B購01,0,0,0,---,---,---, ---,,,0.26,25,0.00,0,
706876,久元國票5A購02,0,0,0,---,---,---, ---,,,0.30,25,0.31,10,
706877,美琪瑪國票5A購02,0,0,0,---,---,---, ---,,,0.29,25,0.30,10,
706878,神盾國票62購01,"20,000",1,"6,600",0.33,0.33,0.33,0.33,-,0.03,0.34,25,0.35,10,
706879,鈊象國票5A購03,0,0,0,---,---,---, ---,,,0.25,25,0.26,10,
706880,頎邦國票5A購03,0,0,0,---,---,---, ---,,,8.25,25,8.75,10,
706881,世紀*元大59購02,0,0,0,---,---,---, ---,,,0.00,0,6.85,1,
706886,良維元大59購23,0,0,0,---,---,---, ---,,,0.95,499,1.04,10,
706887,東捷元大5C購01,0,0,0,---,---,---, ---,,,3.46,25,3.51,10,
706889,順達元大59購07,"30,000",1,"48,300",1.61,1.61,1.61,1.61,-,0.19,1.41,450,1.48,10,
706890,順達元大59購08,0,0,0,---,---,---, ---,,,0.14,499,0.20,10,
706891,順達元大59購09,0,0,0,---,---,---, ---,,,0.07,499,0.17,10,
706892,鈊象元大63購05,"398,000",16,"441,620",1.11,1.16,1.07,1.16,+,0.05,1.06,20,0.00,0,
706893,頎邦元大59購03,0,0,0,---,---,---, ---,,,6.00,100,0.00,0,
706894,頎邦元大63購05,0,0,0,---,---,---, ---,,,5.10,2,6.10,5,
706895,均豪國泰5B購01,"54,000",5,"68,110",1.24,1.28,1.20,1.20,-,0.05,1.35,499,1.39,100,
706896,宏觀富邦5B購02,0,0,0,---,---,---, ---,,,0.05,10,0.10,10,
706897,凡甲凱基59購02,0,0,0,---,---,---, ---,,,1.01,10,1.04,10,
706898,元債20凱基5B購01,0,0,0,---,---,---, ---,,,0.63,100,0.64,50,
706899,宜特凱基59購06,0,0,0,---,---,---, ---,,,0.13,100,0.14,10,
706900,鈊象凱基5B購01,"556,000",14,"299,380",0.53,0.58,0.51,0.58,+,0.05,0.64,100,0.74,10,
706901,聖暉*凱基5B購03,"38,000",1,"43,320",1.14,1.14,1.14,1.14,+,0.14,0.97,100,0.98,10,
706902,雙鴻凱基59購18,"45,000",5,"87,900",2.00,2.00,1.85,1.96,-,0.04,2.83,270,0.00,0,
706903,台燿國票5B購02,0,0,0,---,---,---, ---,,,10.70,25,11.70,10,
706904,信音國票59購01,0,0,0,---,---,---, ---,,,0.04,25,0.05,10,
706905,宣德國票5B購01,"50,000",1,"4,000",0.08,0.08,0.08,0.08,-,0.0,0.07,25,0.08,10,
706906,蜜望實國票59購01,0,0,0,---,---,---, ---,,,4.82,25,4.92,10,
706907,雙鴻國票5B購02,"54,000",6,"60,030",0.99,1.30,0.93,1.30,+,0.32,1.32,25,0.00,0,
706908,台燿群益59購07,0,0,0,---,---,---, ---,,,9.40,10,9.90,10,
706909,順達群益59購01,0,0,0,---,---,---, ---,,,0.00,0,0.92,10,
706910,元太元富63購01,"205,000",5,"442,500",2.24,2.24,2.13,2.18,-,0.28,2.27,25,2.29,10,
706911,台燿元富59購07,0,0,0,---,---,---, ---,,,16.20,25,17.20,10,
706912,神盾元富59購01,0,0,0,---,---,---, ---,,,0.05,25,0.15,10,
706913,神盾元富59購02,0,0,0,---,---,---, ---,,,0.02,55,0.12,10,
706914,鈊象中信63購01,0,0,0,---,---,---, ---,,,0.18,10,0.19,10,
706916,元太永豐5B購01,"26,000",2,"26,660",1.06,1.06,1.01,1.01,-,0.19,1.02,10,1.04,10,
706917,宜特永豐59購03,0,0,0,---,---,---, ---,,,0.16,499,0.18,10,
706918,環球晶永豐5B購02,0,0,0,---,---,---, ---,,,10.10,499,11.10,10,
706919,雙鴻永豐5C購02,"1,446,000",25,"1,545,340",1.00,1.32,0.98,1.28,+,0.27,1.28,10,1.36,90,
706920,久元永豐5A購01,0,0,0,---,---,---, ---,,,0.56,10,0.57,10,
706921,協易機永豐5C購01,0,0,0,---,---,---, ---,,,0.15,10,0.16,10,
706922,宜特永豐5C購02,"9,000",2,"5,130",0.57,0.57,0.57,0.57,-,0.04,0.55,10,0.56,10,
706923,信音永豐5C購01,0,0,0,---,---,---, ---,,,0.34,10,0.35,10,
706924,勤凱永豐61購01,"300,000",9,"194,000",0.67,0.67,0.62,0.62,-,0.08,0.69,499,0.70,10,
706925,匯鑽科永豐61購01,"119,000",4,"46,830",0.40,0.40,0.35,0.37,+,0.05,0.37,10,0.38,10,
706926,精星永豐5B購01,0,0,0,---,---,---, ---,,,0.14,10,0.16,10,
706927,廣閎科永豐5C購01,0,0,0,---,---,---, ---,,,4.66,499,4.76,10,
706928,台燿凱基5B購03,0,0,0,---,---,---, ---,,,12.80,100,13.80,10,
706929,宏觀凱基5A購01,0,0,0,---,---,---, ---,,,0.00,0,0.10,10,
706930,良維凱基5A購03,"1,000",1,"1,100",1.10,1.10,1.10,1.10,+,0.04,1.07,100,1.09,10,
706932,順達凱基5A購02,0,0,0,---,---,---, ---,,,1.11,100,1.12,10,
706934,千附國票5B購01,0,0,0,---,---,---, ---,,,1.29,25,1.34,10,
706935,千附精國票5B購01,0,0,0,---,---,---, ---,,,4.82,25,4.92,10,
706936,盈正國票5B購01,0,0,0,---,---,---, ---,,,0.21,25,0.23,10,
706937,寬宏國票5A購01,0,0,0,---,---,---, ---,,,0.08,25,0.09,10,
706938,廣閎科國票5B購01,0,0,0,---,---,---, ---,,,2.10,25,2.18,10,
706939,久元國泰5B購01,"16,000",2,"13,430",0.83,0.84,0.83,0.84,-,0.07,0.83,499,0.84,100,
706940,華電網國泰5B購01,"20,000",1,"2,200",0.11,0.11,0.11,0.11,-,0.03,0.09,499,0.10,100,
706941,精材國泰5B購01,0,0,0,---,---,---, ---,,,19.30,499,0.00,0,
706942,久元富邦5C購01,0,0,0,---,---,---, ---,,,0.48,10,0.49,28,
706946,台燿元大64購01,0,0,0,---,---,---, ---,,,3.58,250,3.62,10,
706947,印能元大5A購01,0,0,0,---,---,---, ---,,,1.35,400,1.37,10,
706948,印能元大64購01,"605,000",34,"1,336,230",2.41,2.41,2.14,2.21,-,0.26,2.19,300,2.21,10,
706949,良維元大61購01,"193,000",6,"509,680",2.81,2.81,2.61,2.61,-,0.01,2.62,300,2.65,10,
706950,東捷元大61購01,0,0,0,---,---,---, ---,,,3.91,200,3.96,10,
706951,順達元大5A購06,0,0,0,---,---,---, ---,,,1.00,499,1.01,10,
706952,順達元大64購01,0,0,0,---,---,---, ---,,,0.90,499,0.00,0,
706953,鈊象元大64購02,"977,000",12,"584,040",0.60,0.61,0.58,0.58,-,0.03,0.60,6,0.00,0,
706954,匯鑽科元大5A購01,0,0,0,---,---,---, ---,,,0.10,100,0.16,10,
706955,匯鑽科元大5A購02,"30,000",2,"4,200",0.14,0.14,0.14,0.14,-,0.0,0.12,499,0.16,10,
706956,點序元大5A購01,0,0,0,---,---,---, ---,,,0.00,0,0.10,10,
706957,雙鴻元大5A購05,"13,000",3,"22,780",1.70,2.28,1.70,2.28,+,0.53,2.39,100,0.00,0,
706958,世紀*群益5A購01,"51,000",6,"125,260",2.09,4.06,2.09,2.90,-,0.1,2.09,30,0.00,0,
706959,台燿群益5A購01,0,0,0,---,---,---, ---,,,9.45,10,9.95,10,
706960,印能群益5A購01,0,0,0,---,---,---, ---,,,1.76,499,1.86,10,
706962,亞電群益5C購01,0,0,0,---,---,---, ---,,,0.00,0,17.70,10,
706963,匯鑽科群益5C購01,"170,000",5,"52,600",0.34,0.34,0.30,0.34,+,0.1,0.30,30,0.00,0,
706964,鈺太群益5A購02,0,0,0,---,---,---, ---,,,0.00,0,0.00,0,
706965,千附凱基5B購01,0,0,0,---,---,---, ---,,,1.66,100,1.71,10,
706966,千附精凱基5B購01,"11,000",2,"65,700",5.95,6.20,5.95,6.20,+,0.85,5.50,50,6.00,10,
706967,世紀*凱基5A購01,"30,000",8,"160,100",4.66,6.90,4.66,6.90,+,0.55,6.35,3,7.00,3,
706968,印能凱基64購01,0,0,0,---,---,---, ---,,,1.78,100,0.00,0,
706969,神盾凱基63購01,0,0,0,---,---,---, ---,,,0.43,10,0.00,0,
706970,鈊象凱基64購01,"59,000",3,"55,960",0.94,1.00,0.93,1.00,+,0.05,0.41,24,0.00,0,
706971,雙鴻凱基5A購05,"1,826,000",14,"3,128,510",1.11,1.84,1.11,1.84,+,0.74,1.88,100,0.00,0,
706972,印能國票5A購03,"41,000",5,"43,400",1.13,1.13,0.98,0.98,-,0.34,0.96,25,0.98,10,
706973,宏碩國票5C購01,"1,654,000",12,"361,330",0.18,0.24,0.18,0.23,+,0.06,0.25,25,0.60,10,
706975,高僑國票61購01,0,0,0,---,---,---, ---,,,0.90,25,0.93,10,
706976,新門國票61購01,"1,000",1,530,0.53,0.53,0.53,0.53,+,0.04,0.53,25,0.54,10,
706977,耀勝國票61購01,"40,000",1,"1,600",0.04,0.04,0.04,0.04,-,0.01,0.03,25,0.04,10,
706978,印能國泰5B購01,"3,000",1,"7,560",2.52,2.52,2.52,2.52,-,0.46,2.47,499,2.57,85,
706979,穩得國泰5B購01,"5,000",1,"7,800",1.56,1.56,1.56,1.56,+,0.01,1.49,499,1.52,100,
706980,神盾統一64購01,"24,000",1,"10,080",0.42,0.42,0.42,0.42,-,0.02,0.41,10,0.42,10,
706981,神盾統一64購02,0,0,0,---,---,---, ---,,,0.40,10,0.41,10,
706982,印能永豐64購01,"197,000",14,"469,040",2.66,2.66,2.29,2.34,-,0.4,2.35,10,2.36,10,
706983,宏觀永豐5C購01,0,0,0,---,---,---, ---,,,0.16,10,0.17,10,
706984,亞電永豐61購01,"5,000",1,"68,000",13.60,13.60,13.60,13.60,-,0.0,13.10,499,0.00,0,
706985,原相永豐5B購02,"60,000",1,"54,000",0.90,0.90,0.90,0.90,-,0.6,0.89,10,0.92,10,
706986,神盾永豐5C購02,"167,000",3,"63,460",0.38,0.38,0.38,0.38,-,0.03,0.38,10,0.39,10,
706987,創泓永豐5C購01,"6,000",3,"7,740",1.27,1.31,1.27,1.31,-,0.19,1.20,10,1.30,10,
706988,撼訊永豐5C購01,0,0,0,---,---,---, ---,,,1.78,499,1.85,10,
706989,元太元大5A購01,"11,000",1,"6,820",0.62,0.62,0.62,0.62,-,0.11,0.01,499,0.00,0,
706990,天品元大5A購01,0,0,0,---,---,---, ---,,,0.01,499,0.11,10,
706991,世紀*元大5A購01,"44,000",17,"101,640",2.31,2.31,2.31,2.31,-,0.8,2.31,43,2.70,1,
706994,宏捷科元大5A購01,"100,000",2,"31,000",0.30,0.32,0.30,0.32,+,0.05,0.06,166,0.00,0,
706995,匯鑽科元大5A購03,0,0,0,---,---,---, ---,,,0.13,499,0.16,10,
706996,精材元大5A購03,0,0,0,---,---,---, ---,,,12.10,30,0.00,0,
706997,加百裕群益5A購01,0,0,0,---,---,---, ---,,,0.12,1,0.18,10,
706998,印能群益5A購02,"316,000",6,"269,500",1.17,1.19,0.82,0.87,-,0.25,0.86,10,0.96,10,
706999,均豪群益62購01,"372,000",7,"219,400",0.61,0.65,0.55,0.65,+,0.07,0.30,33,0.00,0,
707000,高僑群益5B購01,"30,000",1,"19,500",0.65,0.65,0.65,0.65,-,0.14,0.64,25,0.68,10,
707001,常珵群益5A購01,0,0,0,---,---,---, ---,,,0.00,0,0.00,0,
707002,鈊象群益5A購01,"5,000",1,"2,100",0.42,0.42,0.42,0.42,+,0.02,0.06,166,0.00,0,
707003,群翊群益5B購01,0,0,0,---,---,---, ---,,,1.41,25,1.47,10,
707004,雙鴻群益5A購05,"165,000",22,"769,330",4.09,6.00,4.01,6.00,+,2.0,5.75,100,6.00,18,
707006,台嘉碩元大5A購01,"30,000",1,"21,000",0.70,0.70,0.70,0.70,-,0.1,0.63,499,0.65,10,
707007,印能元大5A購02,"382,000",4,"300,320",0.86,0.86,0.70,0.72,-,0.68,0.73,499,0.00,0,
707008,印能元大5A購03,0,0,0,---,---,---, ---,,,1.47,400,1.49,10,
707009,印能元大5A購05,"19,000",1,"27,360",1.44,1.44,1.44,1.44,+,0.09,1.31,499,1.33,10,
707010,印能元大5A購06,"54,000",3,"77,200",1.50,1.50,1.30,1.30,-,0.26,1.23,499,1.25,10,
707011,印能元大5B購01,"49,000",4,"84,830",1.73,1.74,1.56,1.56,-,0.29,1.52,400,1.54,10,
707012,印能元大5C購02,"84,000",6,"95,040",1.19,1.19,1.02,1.02,-,0.19,1.02,499,1.03,10,
707013,印能元大61購01,0,0,0,---,---,---, ---,,,0.00,0,2.40,12,
707014,印能元大64購02,"21,000",2,"19,960",0.94,1.16,0.94,1.16,-,0.01,0.92,1,1.12,55,
707015,均豪元大5A購01,0,0,0,---,---,---, ---,,,0.17,25,0.27,10,
707016,宏捷科元大5A購02,"105,000",3,"30,750",0.29,0.30,0.25,0.25,-,0.0,0.24,10,0.00,0,
707017,宏捷科元大5C購03,"10,000",1,"4,900",0.49,0.49,0.49,0.49,-,0.0,0.01,499,0.00,0,
707018,系微元大5A購01,0,0,0,---,---,---, ---,,,0.15,499,0.16,10,
707019,宜特元大5A購01,0,0,0,---,---,---, ---,,,0.78,499,0.80,10,
707020,信立元大5A購01,"26,000",5,"5,720",0.22,0.22,0.22,0.22,-,0.37,0.21,499,0.29,5,
707022,美琪瑪元大5A購01,0,0,0,---,---,---, ---,,,0.44,499,0.46,10,
707024,廣閎科元大5A購01,0,0,0,---,---,---, ---,,,2.72,25,2.82,10,
707025,雙鴻元大61購11,"122,000",6,"227,070",1.70,2.07,1.70,1.91,+,0.3,2.17,125,0.00,0,
707026,久昌凱基5A購01,0,0,0,---,---,---, ---,,,0.07,10,0.09,10,
707027,台燿凱基5B購04,0,0,0,---,---,---, ---,,,10.90,100,11.90,10,
707028,印能凱基5A購03,0,0,0,---,---,---, ---,,,0.51,100,0.00,0,
707029,宏觀凱基5B購02,0,0,0,---,---,---, ---,,,0.01,10,0.11,10,
707030,系微凱基5A購02,0,0,0,---,---,---, ---,,,0.20,10,0.21,10,
707031,協易機凱基5A購01,"10,000",1,700,0.07,0.07,0.07,0.07,-,0.02,0.07,10,0.17,10,
707033,前鼎凱基5A購03,"20,000",1,"65,000",3.25,3.25,3.25,3.25,+,0.29,3.86,6,0.00,0,
707035,陽程凱基5A購01,0,0,0,---,---,---, ---,,,14.20,100,0.00,0,
707036,陽程凱基5A購02,0,0,0,---,---,---, ---,,,17.90,100,0.00,0,
707037,廣閎科凱基5B購01,"30,000",2,"70,020",2.36,2.36,2.23,2.23,-,0.52,2.32,10,2.42,10,
707038,衛司特凱基5A購01,"13,000",2,"11,950",1.05,1.05,0.88,0.88,+,0.06,0.85,10,0.91,10,
707039,久昌國票5B購01,0,0,0,---,---,---, ---,,,0.03,25,0.04,10,
707040,千如國票5B購01,"2,000",1,"2,920",1.46,1.46,1.46,1.46,+,0.04,1.23,35,1.27,10,
707041,台嘉碩國票5A購01,"45,000",5,"32,200",0.75,0.75,0.69,0.69,-,0.13,0.71,25,0.72,10,
707042,印能國票5B購01,"100,000",8,"71,960",0.77,0.81,0.66,0.66,-,0.17,0.65,25,0.66,10,
707043,沛亨國票5B購01,0,0,0,---,---,---, ---,,,0.45,25,0.46,10,
707044,威聯通國票5B購01,0,0,0,---,---,---, ---,,,0.11,25,0.12,10,
707045,茂綸國票5B購01,"328,000",10,"177,010",0.54,0.59,0.52,0.57,-,0.06,0.58,25,0.59,10,
707046,博盛國票5B購01,"154,000",6,"159,680",1.05,1.06,1.02,1.06,-,0.24,1.02,25,1.06,10,
707047,衛司特國票5B購01,"420,000",4,"145,000",0.35,0.35,0.34,0.34,+,0.02,0.33,25,0.36,10,
707048,雙鴻中信64購01,"1,397,000",25,"1,222,100",0.76,0.92,0.76,0.90,+,0.15,0.88,10,0.90,10,
707049,久昌永豐5A購01,0,0,0,---,---,---, ---,,,0.05,10,0.08,10,
707050,印能永豐5A購02,0,0,0,---,---,---, ---,,,0.45,10,0.55,10,
707051,印能永豐61購01,0,0,0,---,---,---, ---,,,1.31,10,0.00,0,
707052,同致永豐5C購01,0,0,0,---,---,---, ---,,,0.18,10,0.19,10,
707053,同致永豐61購01,0,0,0,---,---,---, ---,,,0.26,499,0.27,10,
707054,安葆永豐5B購01,0,0,0,---,---,---, ---,,,0.43,10,0.51,10,
707055,宏碩永豐61購01,"6,000",2,"1,420",0.23,0.27,0.23,0.27,+,0.08,0.28,10,0.54,5,
707056,宜特永豐5B購01,0,0,0,---,---,---, ---,,,0.72,499,0.73,10,
707057,威聯通永豐5A購01,0,0,0,---,---,---, ---,,,0.14,10,0.15,10,
707058,晟德永豐5B購01,"300,000",4,"79,000",0.27,0.27,0.26,0.26,-,0.01,0.24,10,0.26,10,
707060,智通*永豐5C購01,"12,000",2,"17,120",1.41,1.43,1.41,1.43,-,0.04,1.61,10,1.70,10,
707061,鈺太永豐5C購01,0,0,0,---,---,---, ---,,,0.18,10,0.19,10,
707062,磐亞永豐5B購01,0,0,0,---,---,---, ---,,,8.10,499,8.60,10,
707063,台嘉碩國泰5B購01,"52,000",2,"128,180",2.59,2.59,2.46,2.46,-,0.19,2.46,449,2.49,70,
707064,金山電國泰5B購01,0,0,0,---,---,---, ---,,,8.20,499,8.50,10,
707065,群翊國泰5B購01,0,0,0,---,---,---, ---,,,1.20,100,1.29,100,
707066,元太富邦5C購01,"42,000",5,"39,740",1.01,1.01,0.89,0.89,-,0.22,0.92,10,0.94,10,
707067,雙鴻富邦5C購05,"27,000",5,"42,550",1.46,1.85,1.46,1.85,+,0.51,1.86,10,0.00,0,
707068,雙鴻富邦5C購06,"28,000",4,"40,620",1.36,1.72,1.34,1.72,+,0.34,1.69,10,1.82,11,
707069,台燿統一67購01,"10,000",1,"26,500",2.65,2.65,2.65,2.65,-,0.28,2.73,10,0.00,0,
707070,台燿統一74購01,"10,000",1,"26,500",2.65,2.65,2.65,2.65,-,0.24,2.62,10,2.72,10,
707071,立碁統一67購01,"28,000",2,"19,410",0.69,0.72,0.69,0.72,+,0.12,0.72,10,0.00,0,
707072,立碁統一74購01,"80,000",9,"62,150",0.75,0.79,0.74,0.76,+,0.09,0.75,10,0.00,0,
707073,印能統一63購02,"7,000",1,"5,040",0.72,0.72,0.72,0.72,-,0.23,0.72,107,1.00,8,
707074,印能統一74購01,"67,000",10,"101,960",1.55,1.55,1.44,1.44,-,0.19,1.43,1,0.00,0,
707075,沛亨統一74購01,"34,000",2,"20,300",0.60,0.60,0.59,0.59,-,0.01,0.60,10,0.61,10,
707076,系統電統一67購01,0,0,0,---,---,---, ---,,,0.43,10,0.44,10,
707077,東捷統一63購01,0,0,0,---,---,---, ---,,,1.40,10,1.41,10,
707078,能率統一67購01,"230,000",8,"203,440",0.93,0.93,0.87,0.87,-,0.06,0.87,10,0.88,10,
707079,華電網統一64購01,0,0,0,---,---,---, ---,,,0.14,10,0.15,10,
707080,華電網統一74購01,0,0,0,---,---,---, ---,,,0.33,10,0.36,10,
707082,順達統一63購03,"19,000",4,"12,700",0.70,0.70,0.64,0.64,-,0.06,0.64,5,0.70,25,
707083,頎邦統一63購01,0,0,0,---,---,---, ---,,,0.00,0,3.68,10,
707084,頎邦統一64購01,0,0,0,---,---,---, ---,,,3.58,10,3.59,10,
707085,頎邦統一66購01,"2,000",1,"4,540",2.27,2.27,2.27,2.27,-,0.23,2.25,10,0.00,0,
707086,廣閎科統一64購01,0,0,0,---,---,---, ---,,,1.00,10,1.08,10,
707087,廣閎科統一74購01,"36,000",5,"37,060",1.01,1.05,1.01,1.03,-,0.04,1.02,10,1.03,10,
707088,德微統一67購01,"102,000",4,"124,900",1.25,1.25,1.20,1.24,-,0.13,1.23,10,1.24,10,
707089,雙鴻統一62購05,"137,000",8,"131,450",0.85,1.00,0.85,1.00,+,0.16,1.00,10,0.00,0,
707090,雙鴻統一66購02,"1,438,000",33,"1,076,110",0.73,0.90,0.71,0.90,+,0.18,0.87,11,0.90,17,
707091,久元群益5A購01,0,0,0,---,---,---, ---,,,0.26,499,0.36,10,
707092,千附群益5A購01,0,0,0,---,---,---, ---,,,2.52,499,2.62,10,
707093,友輝群益5A購01,0,0,0,---,---,---, ---,,,0.25,499,0.35,10,
707094,正淩群益5A購01,0,0,0,---,---,---, ---,,,0.01,26,0.00,0,
707095,同致群益5A購01,0,0,0,---,---,---, ---,,,0.01,499,0.11,10,
707096,岳豐群益5A購01,0,0,0,---,---,---, ---,,,0.00,0,0.13,10,
707097,茂綸群益5A購01,0,0,0,---,---,---, ---,,,0.39,25,1.15,10,
707098,倚強群益5A購01,"161,000",8,"271,990",1.80,1.80,1.59,1.74,+,0.39,1.62,299,1.72,10,
707100,聚和群益5A購01,0,0,0,---,---,---, ---,,,0.00,0,0.48,10,
707102,寶雅群益5A購01,0,0,0,---,---,---, ---,,,4.93,100,5.15,10,
707106,矽科群益5A購01,0,0,0,---,---,---, ---,,,0.18,499,0.28,10,
707107,矽科群益5A購02,0,0,0,---,---,---, ---,,,0.04,499,0.14,10,
707108,群翊群益5C購01,0,0,0,---,---,---, ---,,,0.61,25,0.63,10,
707110,頎邦群益5B購01,0,0,0,---,---,---, ---,,,4.47,100,4.57,10,
707112,九豪凱基5A購02,0,0,0,---,---,---, ---,,,0.53,10,2.27,350,
707113,元太凱基5A購01,"1,000",1,"1,270",1.27,1.27,1.27,1.27,-,0.31,0.57,17,1.60,1,
707115,矽科凱基5A購01,0,0,0,---,---,---, ---,,,0.28,10,0.29,10,
707116,茂綸凱基5A購01,0,0,0,---,---,---, ---,,,0.00,0,0.00,0,
707117,頎邦凱基64購01,"25,000",6,"118,040",4.69,4.79,4.69,4.69,-,0.41,4.62,100,4.72,10,
707118,廣閎科凱基5A購01,"24,000",3,"71,320",3.18,3.18,2.77,2.77,-,0.55,3.05,10,3.15,10,
707119,雙鴻凱基5C購05,"589,000",24,"1,072,300",1.55,2.30,1.41,2.30,+,0.85,2.12,48,2.30,3,
707120,友輝國票5A購01,0,0,0,---,---,---, ---,,,0.13,25,0.14,10,
707121,正淩國票5B購02,0,0,0,---,---,---, ---,,,0.19,25,0.20,10,
707122,矽科國票5B購01,"10,000",1,"1,200",0.12,0.12,0.12,0.12,-,0.05,0.12,25,0.13,10,
707123,耕興國票5B購01,"80,000",1,"19,200",0.24,0.24,0.24,0.24,-,0.01,0.23,25,0.24,10,
707124,翔名國票5B購01,0,0,0,---,---,---, ---,,,1.02,25,1.04,10,
707125,群翊國票5B購01,"20,000",1,"4,800",0.24,0.24,0.24,0.24,-,0.04,0.24,25,0.25,10,
707126,頎邦國票5B購01,0,0,0,---,---,---, ---,,,6.10,25,6.60,10,
707127,磐亞國票5B購01,"2,000",1,"18,700",9.35,9.35,9.35,9.35,+,0.05,9.35,25,0.00,0,
707128,元太國泰5B購01,"179,000",5,"229,790",1.41,1.41,1.25,1.25,-,0.28,1.29,10,1.39,10,
707129,宜特富邦5C購01,"104,000",3,"58,220",0.56,0.56,0.55,0.55,-,0.02,0.53,10,0.54,28,
707130,頎邦富邦61購01,0,0,0,---,---,---, ---,,,3.98,10,4.07,10,
707131,精材富邦5A購01,0,0,0,---,---,---, ---,,,4.13,2,0.00,0,
707132,聚和富邦5A購01,0,0,0,---,---,---, ---,,,0.14,10,0.15,28,
707133,正淩統一63購01,"144,000",5,"63,090",0.41,0.47,0.41,0.47,+,0.08,0.45,10,0.46,10,
707134,同致統一64購01,"1,000",1,230,0.23,0.23,0.23,0.23,-,0.02,0.23,10,0.24,10,
707135,同致統一74購01,0,0,0,---,---,---, ---,,,0.38,10,0.39,10,
707136,協易機統一66購01,0,0,0,---,---,---, ---,,,0.35,10,0.36,10,
707137,翔名統一74購01,0,0,0,---,---,---, ---,,,0.83,10,0.84,10,
707138,陽程統一64購02,0,0,0,---,---,---, ---,,,3.03,10,0.00,0,
707139,陽程統一74購01,"1,000",1,"1,750",1.75,1.75,1.75,1.75,+,0.22,1.75,10,0.00,0,
707140,萬泰科統一74購01,"70,000",3,"56,700",0.81,0.81,0.81,0.81,-,0.02,0.82,10,0.83,10,
707141,群翊統一63購01,"180,000",7,"86,680",0.50,0.50,0.47,0.47,-,0.1,0.49,10,0.50,10,
707142,群翊統一74購01,0,0,0,---,---,---, ---,,,0.43,10,0.44,10,
707143,頎邦統一64購02,0,0,0,---,---,---, ---,,,2.43,10,2.53,10,
707144,頎邦統一67購01,"5,000",1,"7,700",1.54,1.54,1.54,1.54,-,0.13,1.52,10,1.53,10,
707146,均豪永豐5A購01,"94,000",3,"160,060",1.60,1.81,1.60,1.81,+,0.32,1.67,499,1.71,10,
707147,宏捷科永豐5C購01,0,0,0,---,---,---, ---,,,0.54,10,0.55,10,
707149,美琪瑪永豐5B購01,0,0,0,---,---,---, ---,,,0.38,10,0.39,10,
707150,茂訊永豐5B購01,0,0,0,---,---,---, ---,,,2.52,10,2.59,10,
707151,茂綸永豐5A購01,0,0,0,---,---,---, ---,,,0.54,10,0.00,0,
707152,湧德永豐5B購01,"148,000",2,"61,300",0.40,0.43,0.40,0.43,-,0.03,0.43,10,0.44,10,
707153,陽程永豐5C購01,"1,000",1,"18,600",18.60,18.60,18.60,18.60,+,3.1,18.60,1,0.00,0,
707154,群翊永豐5A購01,0,0,0,---,---,---, ---,,,0.43,499,0.44,10,
707155,衛司特永豐5A購01,0,0,0,---,---,---, ---,,,0.46,499,0.49,10,
707156,璟德永豐5A購01,0,0,0,---,---,---, ---,,,0.03,10,0.13,10,
707157,環球晶永豐5A購01,0,0,0,---,---,---, ---,,,13.50,499,14.50,10,
707158,雙鴻永豐5C購03,"101,000",4,"172,500",1.55,1.89,1.50,1.89,+,0.33,2.11,10,0.00,0,
707159,九豪元大5A購01,"50,000",3,"48,700",1.03,1.03,0.96,0.96,-,0.24,0.81,499,0.82,10,
707161,台燿元大61購04,0,0,0,---,---,---, ---,,,4.72,150,4.78,10,
707163,前鼎元大5A購02,0,0,0,---,---,---, ---,,,3.73,6,0.00,0,
707164,翔名元大5A購01,0,0,0,---,---,---, ---,,,0.01,499,0.00,0,
707166,頎邦元大5A購02,0,0,0,---,---,---, ---,,,5.55,100,0.00,0,
707167,雙鴻元大61購12,"626,000",32,"1,360,750",1.90,2.40,1.85,2.40,+,0.5,2.37,100,2.50,10,
707168,鑫聯元大5A購01,0,0,0,---,---,---, ---,,,1.23,499,1.25,10,
707169,台燿凱基61購02,0,0,0,---,---,---, ---,,,5.10,50,5.60,10,
707170,同致凱基5A購01,0,0,0,---,---,---, ---,,,0.01,10,0.11,10,
707171,捷創凱基5A購01,"10,000",1,"3,300",0.33,0.33,0.33,0.33,+,0.02,0.29,10,0.30,10,
707172,翔名凱基5A購01,0,0,0,---,---,---, ---,,,0.84,10,0.86,10,
707173,華景電凱基5A購01,0,0,0,---,---,---, ---,,,0.08,10,0.09,10,
707174,華景電凱基5A購02,"100,000",1,"21,000",0.21,0.21,0.21,0.21,-,0.09,0.22,10,0.23,10,
707175,鈊象凱基64購02,"5,000",1,"5,700",1.14,1.14,1.14,1.14,+,0.03,1.14,100,1.24,10,
707176,群翊凱基5C購01,0,0,0,---,---,---, ---,,,0.48,10,0.49,30,
707177,頎邦凱基5A購02,0,0,0,---,---,---, ---,,,4.54,100,4.64,10,
707178,世界群益5C購01,"10,000",2,"9,600",0.96,0.96,0.96,0.96,-,0.11,0.61,16,0.00,0,
707179,台半群益5A購01,0,0,0,---,---,---, ---,,,4.99,100,5.45,10,
707180,台燿群益5A購03,0,0,0,---,---,---, ---,,,7.15,10,7.65,10,
707181,台燿群益5B購02,0,0,0,---,---,---, ---,,,6.90,10,7.40,10,
707182,捷創群益5B購01,0,0,0,---,---,---, ---,,,0.47,10,0.57,10,
707183,華景電群益5A購01,0,0,0,---,---,---, ---,,,0.07,152,0.38,10,
707184,陽程群益5A購01,"100,000",9,"1,090,000",10.80,11.00,10.80,11.00,+,1.8,10.80,5,0.00,0,
707185,勤凱群益5B購01,0,0,0,---,---,---, ---,,,1.37,25,1.39,10,
707186,元債20國票5B購01,0,0,0,---,---,---, ---,,,0.07,25,0.08,10,
707187,台燿國票5B購03,0,0,0,---,---,---, ---,,,6.70,25,7.20,10,
707188,安葆國票5B購01,0,0,0,---,---,---, ---,,,0.20,25,0.21,10,
707189,華景電國票5B購01,"200,000",2,"61,000",0.31,0.31,0.30,0.30,-,0.05,0.29,25,0.30,10,
707191,廣閎科國票5B購02,0,0,0,---,---,---, ---,,,2.03,25,2.08,10,
707192,鈺太國泰5B購01,0,0,0,---,---,---, ---,,,0.21,499,0.22,100,
707193,雙鴻國泰67購01,"308,000",27,"1,009,400",2.83,3.50,2.80,3.50,+,0.75,3.48,300,3.60,16,
707194,久元統一64購01,"800,000",3,"400,000",0.50,0.50,0.50,0.50,-,0.0,0.48,10,0.49,10,
707195,湧德統一74購01,0,0,0,---,---,---, ---,,,0.46,10,0.47,10,
707196,華景電統一64購01,"341,000",1,"163,680",0.48,0.48,0.48,0.48,-,0.03,0.48,10,0.49,10,
707197,華景電統一64購02,0,0,0,---,---,---, ---,,,0.39,10,0.40,10,
707198,華景電統一65購01,0,0,0,---,---,---, ---,,,0.62,10,0.63,10,
707199,華景電統一68購01,0,0,0,---,---,---, ---,,,0.41,10,0.42,10,
707200,華景電統一74購01,0,0,0,---,---,---, ---,,,0.54,10,0.55,10,
707201,陽程統一65購01,0,0,0,---,---,---, ---,,,3.27,5,0.00,0,
707202,陽程統一68購01,0,0,0,---,---,---, ---,,,2.84,5,0.00,0,
707203,群翊統一64購01,0,0,0,---,---,---, ---,,,0.47,10,0.48,10,
707204,群翊統一74購02,"72,000",1,"43,920",0.61,0.61,0.61,0.61,-,0.02,0.59,10,0.60,10,
707205,頎邦統一64購03,0,0,0,---,---,---, ---,,,2.07,10,2.08,10,
707206,大中元大5A購01,0,0,0,---,---,---, ---,,,1.86,350,1.96,10,
707208,台燿元大61購05,0,0,0,---,---,---, ---,,,5.45,150,5.50,10,
707209,台燿元大64購04,0,0,0,---,---,---, ---,,,3.07,1,3.09,10,
707210,宏觀元大64購01,"286,000",1,"28,600",0.10,0.10,0.10,0.10,-,0.01,0.11,5,0.19,10,
707211,系微元大5A購02,0,0,0,---,---,---, ---,,,0.14,499,0.15,10,
707213,良維元大5B購01,"41,000",2,"69,330",1.73,1.73,1.68,1.68,+,0.04,1.63,450,1.66,10,
707214,東捷元大5A購01,0,0,0,---,---,---, ---,,,3.03,25,3.13,10,
707215,信紘科元大5A購01,"10,000",1,"1,800",0.18,0.18,0.18,0.18,-,0.03,0.17,499,0.18,16,
707216,華景電元大5A購01,"170,000",1,"17,000",0.10,0.10,0.10,0.10,-,0.05,0.11,499,0.12,10,
707217,華景電元大5A購02,0,0,0,---,---,---, ---,,,0.30,499,0.31,10,
707218,順達元大5A購07,"50,000",3,"67,100",1.35,1.35,1.33,1.34,-,0.25,1.32,499,1.33,10,
707219,順達元大5A購08,0,0,0,---,---,---, ---,,,1.89,350,1.91,10,
707220,群翊元大5A購01,0,0,0,---,---,---, ---,,,0.07,499,0.17,10,
707221,雙鴻元大64購02,"362,000",22,"845,710",2.14,2.60,2.07,2.60,+,0.54,2.60,100,2.78,1,
707222,世界永豐61購01,"10,000",1,"14,400",1.44,1.44,1.44,1.44,-,0.32,1.53,10,1.54,10,
707223,台半永豐5B購01,0,0,0,---,---,---, ---,,,4.25,10,4.35,10,
707224,台燿永豐5A購03,0,0,0,---,---,---, ---,,,5.35,499,5.85,10,
707225,台燿永豐61購02,0,0,0,---,---,---, ---,,,7.30,499,7.80,10,
707226,矽科永豐5B購02,0,0,0,---,---,---, ---,,,0.39,10,0.40,10,
707227,華景電永豐5C購01,"20,000",1,"16,400",0.82,0.82,0.82,0.82,-,0.09,0.81,10,0.83,10,
707228,華景電永豐61購01,"2,000",1,"1,300",0.65,0.65,0.65,0.65,-,0.06,0.64,10,0.65,10,
707229,順達永豐5B購02,0,0,0,---,---,---, ---,,,0.58,10,0.59,10,
707230,頎邦永豐5C購01,0,0,0,---,---,---, ---,,,3.23,10,3.30,10,
707231,順達兆豐5C購01,0,0,0,---,---,---, ---,,,0.56,10,0.57,20,
707232,安葆凱基5A購01,0,0,0,---,---,---, ---,,,0.25,10,0.26,10,
707233,陽程凱基5A購03,0,0,0,---,---,---, ---,,,16.30,2,0.00,0,
707234,順達凱基5A購03,0,0,0,---,---,---, ---,,,0.14,100,0.24,10,
707235,新盛力凱基5A購01,"78,000",6,"401,900",5.45,5.45,5.05,5.05,-,0.95,4.99,10,5.45,10,
707236,新盛力凱基5A購02,0,0,0,---,---,---, ---,,,5.65,10,6.15,10,
707237,頎邦凱基5B購01,"5,000",1,"19,150",3.83,3.83,3.83,3.83,-,0.65,3.70,100,3.80,10,
707238,廣閎科凱基5A購02,0,0,0,---,---,---, ---,,,1.10,10,1.12,10,
707239,雙鴻凱基5A購06,"244,000",6,"73,760",0.22,0.31,0.22,0.31,+,0.09,0.45,100,0.00,0,
707240,久元元大61購01,0,0,0,---,---,---, ---,,,0.50,499,0.51,10,
707242,家登元大5A購02,0,0,0,---,---,---, ---,,,2.78,25,2.86,10,
707243,湧德元大5A購02,0,0,0,---,---,---, ---,,,0.11,499,0.12,10,
707244,湧德元大5A購03,0,0,0,---,---,---, ---,,,0.04,499,0.06,45,
707245,順達元大64購02,"13,000",2,"11,610",0.93,0.93,0.77,0.77,-,0.17,0.76,499,0.77,7,
707246,鈊象元大61購01,"144,000",6,"145,070",1.02,1.10,1.00,1.10,+,0.08,0.42,23,0.00,0,
707247,新盛力元大5A購01,"33,000",5,"128,370",4.74,4.75,3.60,3.62,-,0.62,3.62,180,3.72,10,
707248,萬泰科元大5A購01,0,0,0,---,---,---, ---,,,0.29,499,0.30,10,
707249,台星科國票5B購01,0,0,0,---,---,---, ---,,,0.67,25,0.68,10,
707250,台燿國票5B購04,0,0,0,---,---,---, ---,,,6.85,25,7.35,10,
707251,順達國票5B購02,"350,000",14,"182,400",0.54,0.57,0.49,0.51,-,0.08,0.49,25,0.50,10,
707252,新盛力國票5A購01,0,0,0,---,---,---, ---,,,4.19,25,4.29,10,
707253,新盛力國票5B購01,"10,000",1,"42,500",4.25,4.25,4.25,4.25,-,0.71,4.23,25,4.28,10,
707255,宏捷科國泰5B購01,"3,000",1,900,0.30,0.30,0.30,0.30,-,0.01,0.30,499,0.31,100,
707256,宏捷科國泰5B購02,0,0,0,---,---,---, ---,,,0.20,499,0.21,100,
707257,台特化永豐5C購01,0,0,0,---,---,---, ---,,,0.40,499,0.41,10,
707258,東捷永豐64購01,0,0,0,---,---,---, ---,,,2.38,499,2.40,10,
707259,凌陽創永豐5A購01,"12,000",1,"2,280",0.19,0.19,0.19,0.19,-,0.09,0.20,10,0.30,10,
707260,勤凱永豐5C購03,0,0,0,---,---,---, ---,,,0.61,10,0.62,10,
707261,新盛力永豐5B購01,0,0,0,---,---,---, ---,,,4.35,499,4.45,10,
707262,新盛力永豐5C購01,0,0,0,---,---,---, ---,,,5.15,10,5.65,10,
707263,萬泰科永豐64購01,"86,000",3,"69,780",0.82,0.82,0.81,0.81,-,0.01,0.83,10,0.84,10,
707264,台燿統一64購02,0,0,0,---,---,---, ---,,,2.20,10,2.30,10,
707265,宏捷科統一74購01,0,0,0,---,---,---, ---,,,0.37,10,0.38,10,
707266,東捷統一64購02,"161,000",10,"172,860",1.10,1.10,1.02,1.06,-,0.08,1.04,10,1.05,10,
707267,東捷統一66購01,0,0,0,---,---,---, ---,,,1.11,10,1.12,10,
707268,華景電統一63購01,"568,000",5,"214,300",0.37,0.38,0.35,0.36,-,0.06,0.37,10,0.38,10,
707269,勤凱統一74購01,0,0,0,---,---,---, ---,,,0.71,10,0.72,10,
707270,新盛力統一64購01,0,0,0,---,---,---, ---,,,1.54,10,1.64,10,
707271,新盛力統一68購01,"12,000",2,"26,400",2.20,2.20,2.20,2.20,-,0.03,2.05,10,2.06,10,
707272,新盛力統一74購01,"8,000",1,"11,200",1.40,1.40,1.40,1.40,-,0.04,1.31,10,1.36,10,
707273,新盛力統一74購02,"106,000",7,"137,090",1.37,1.37,1.24,1.24,-,0.08,1.21,10,1.23,10,
707274,群翊統一64購02,"35,000",1,"12,600",0.36,0.36,0.36,0.36,-,0.05,0.37,10,0.38,10,
707275,鉅橡統一66購01,0,0,0,---,---,---, ---,,,0.50,10,0.51,10,
707276,頎邦統一74購01,"71,000",6,"82,410",1.16,1.18,1.15,1.15,-,0.1,1.16,11,1.18,10,
707277,廣閎科統一74購02,"12,000",2,"9,320",0.78,0.78,0.76,0.76,-,0.06,0.79,10,0.80,10,
707278,德微統一64購01,0,0,0,---,---,---, ---,,,0.84,10,0.85,10,
707279,久元凱基61購01,0,0,0,---,---,---, ---,,,0.38,10,1.00,1,
707280,中美晶凱基5A購02,0,0,0,---,---,---, ---,,,0.00,0,0.00,0,
707281,台星科凱基5A購01,"683,000",14,"223,460",0.32,0.36,0.25,0.32,-,0.17,0.31,100,0.32,7,
707282,台燿凱基5A購02,0,0,0,---,---,---, ---,,,5.30,50,5.80,10,
707283,均豪凱基5B購01,"100,000",1,"21,000",0.21,0.21,0.21,0.21,+,0.02,0.20,100,0.21,10,
707284,宏觀凱基64購01,0,0,0,---,---,---, ---,,,0.14,10,0.16,10,
707285,旺矽凱基5A購04,"5,000",1,"4,950",0.99,0.99,0.99,0.99,+,0.58,0.33,100,0.43,10,
707286,順達凱基64購01,0,0,0,---,---,---, ---,,,1.07,100,1.17,10,
707287,廣閎科凱基5A購03,0,0,0,---,---,---, ---,,,0.85,10,0.00,0,
707288,鑫聯凱基5B購01,0,0,0,---,---,---, ---,,,0.92,10,0.93,10,
707289,台燿兆豐5C購01,0,0,0,---,---,---, ---,,,3.09,10,3.10,10,
707290,均豪兆豐5C購01,"190,000",5,"77,300",0.39,0.41,0.39,0.41,-,0.02,0.42,30,0.43,20,
707291,雙鴻兆豐5C購01,0,0,0,---,---,---, ---,,,1.50,10,1.59,10,
707292,台星科元大5A購01,"239,000",7,"107,340",0.47,0.52,0.43,0.45,-,0.14,0.44,25,0.45,10,
707293,台星科元大5A購02,"15,000",3,"14,350",1.00,1.00,0.89,0.89,-,0.25,0.89,25,0.91,10,
707294,台燿元大5A購05,0,0,0,---,---,---, ---,,,5.35,150,5.45,10,
707295,台燿元大5A購06,0,0,0,---,---,---, ---,,,4.73,150,4.80,10,
707296,台燿元大5A購07,0,0,0,---,---,---, ---,,,3.43,200,3.50,10,
707297,台燿元大5A購08,"4,000",3,"11,430",3.00,3.00,2.80,2.83,-,0.46,2.90,250,2.96,10,
707298,台燿元大5A購09,"31,000",2,"56,800",1.83,1.90,1.83,1.90,-,0.66,2.00,300,2.04,10,
707299,台燿元大61購06,"72,000",37,"151,650",2.49,2.49,2.00,2.49,-,0.0,1.92,3,2.49,38,
707300,旺矽元大5A購02,0,0,0,---,---,---, ---,,,0.00,0,3.60,1,
707301,旺矽元大61購01,"1,000",1,"2,200",2.20,2.20,2.20,2.20,+,0.29,1.26,499,2.25,1,
707302,信驊元大5B購01,0,0,0,---,---,---, ---,,,2.41,30,2.95,10,
707303,華景電元大5A購03,0,0,0,---,---,---, ---,,,0.06,499,0.16,10,
707304,陽程元大63購01,0,0,0,---,---,---, ---,,,3.98,5,4.24,1,
707305,頎邦元大63購06,"13,000",3,"32,460",2.50,2.50,2.48,2.48,-,0.29,2.45,300,2.55,10,
707306,台燿永豐5C購03,"53,000",11,"214,640",4.53,4.53,3.80,3.87,-,0.64,4.02,10,4.12,10,
707307,台燿永豐64購02,"139,000",10,"515,750",3.59,3.77,3.48,3.48,-,0.56,3.56,10,3.66,10,
707308,台燿永豐67購01,"561,000",15,"2,361,370",4.28,4.28,4.00,4.03,-,0.38,4.08,10,4.18,10,
707309,巨漢永豐5C購01,0,0,0,---,---,---, ---,,,0.33,10,0.34,10,
707310,安葆永豐5C購01,"4,000",2,"1,020",0.26,0.26,0.25,0.25,-,0.0,0.24,10,0.25,10,
707311,均豪永豐5C購01,"60,000",4,"29,200",0.46,0.49,0.46,0.48,-,0.01,0.48,5,0.49,10,
707312,良維永豐5C購01,"36,000",2,"68,300",1.90,1.90,1.89,1.89,+,0.11,1.69,499,1.72,10,
707313,旺矽永豐5A購03,"177,000",22,"82,830",0.44,0.50,0.40,0.49,-,0.45,0.44,10,0.45,10,
707314,旺矽永豐61購03,"110,000",12,"129,600",1.16,1.18,1.16,1.18,-,0.04,1.22,10,1.23,10,
707315,旺矽永豐64購02,"312,000",28,"624,350",2.02,2.08,1.92,2.08,-,0.0,2.13,10,2.14,10,
707316,長科*永豐5A購01,0,0,0,---,---,---, ---,,,1.82,10,1.92,10,
707317,信驊永豐5A購03,"66,000",4,"93,330",1.47,1.47,1.26,1.26,-,0.04,1.49,10,1.59,10,
707318,前鼎永豐61購01,"4,000",1,"8,960",2.24,2.24,2.24,2.24,+,0.3,2.30,499,0.00,0,
707319,翔名永豐5B購01,0,0,0,---,---,---, ---,,,0.96,499,1.00,10,
707320,翔名永豐5B購02,0,0,0,---,---,---, ---,,,0.41,10,0.42,10,
707321,鉅橡永豐5B購01,"50,000",1,"17,000",0.34,0.34,0.34,0.34,-,0.04,0.29,10,0.30,10,
707322,廣閎科永豐5A購01,0,0,0,---,---,---, ---,,,0.58,499,0.68,10,
707323,均豪國泰61購01,"139,000",9,"150,920",1.03,1.15,1.03,1.15,-,0.01,1.14,499,1.17,100,
707324,精材國泰5B購02,0,0,0,---,---,---, ---,,,17.80,100,0.00,0,
707325,台燿富邦5A購02,0,0,0,---,---,---, ---,,,2.26,10,2.36,10,
707326,台燿富邦64購01,"6,000",2,"9,720",1.62,1.62,1.62,1.62,-,0.18,1.56,11,1.66,10,
707327,旺矽富邦5C購01,"1,139,000",74,"765,630",0.69,0.71,0.61,0.69,-,0.02,0.70,10,0.76,80,
707328,旺矽富邦64購01,"1,136,000",65,"1,015,910",0.91,0.95,0.85,0.93,-,0.03,0.93,8,0.99,4,
707329,群翊富邦62購01,"105,000",3,"51,350",0.50,0.50,0.45,0.45,-,0.09,0.46,10,0.47,28,
707330,台燿國票5B購05,"31,000",9,"138,860",4.66,4.66,4.20,4.30,-,0.9,4.30,24,4.80,3,
707331,台燿統一63購01,0,0,0,---,---,---, ---,,,2.16,10,2.17,10,
707332,台燿統一64購03,"8,000",6,"10,910",1.39,1.39,1.30,1.30,-,0.13,1.33,10,1.43,10,
707333,台燿統一64購04,"86,000",12,"179,240",2.10,2.20,2.02,2.06,-,0.14,2.05,10,2.06,8,
707334,台燿統一66購02,0,0,0,---,---,---, ---,,,1.68,10,2.05,3,
707335,台燿統一74購02,"345,000",37,"497,710",1.50,1.56,1.38,1.42,-,0.16,1.42,122,1.47,10,
707336,台燿統一74購03,"111,000",17,"115,370",1.11,1.11,1.03,1.05,-,0.06,1.02,28,1.05,9,
707337,巨漢統一63購02,"2,845,000",8,"824,550",0.29,0.29,0.28,0.28,-,0.02,0.28,10,0.29,10,
707338,巨漢統一74購01,0,0,0,---,---,---, ---,,,0.37,10,0.38,10,
707339,均豪統一64購01,"554,000",7,"247,970",0.44,0.46,0.43,0.45,+,0.04,0.44,10,0.45,10,
707340,旺矽統一63購06,"46,000",7,"45,290",0.99,0.99,0.95,0.95,+,0.04,0.94,10,0.95,9,
707341,旺矽統一64購01,"68,000",10,"65,500",0.95,1.00,0.90,0.99,+,0.03,0.98,10,0.99,10,
707342,東捷統一74購01,"2,000",1,"1,180",0.59,0.59,0.59,0.59,-,0.03,0.60,10,0.61,10,
707343,前鼎統一64購01,"191,000",19,"300,740",1.48,1.85,1.47,1.85,+,0.45,1.72,6,1.85,8,
707344,翔名統一74購02,0,0,0,---,---,---, ---,,,1.00,10,1.01,10,
707345,華景電統一74購02,0,0,0,---,---,---, ---,,,0.60,10,0.61,10,
707346,順達統一64購01,0,0,0,---,---,---, ---,,,0.59,10,0.60,10,
707347,勤凱統一74購02,"94,000",4,"73,020",0.75,0.78,0.75,0.78,-,0.02,0.78,100,0.79,10,
707348,新盛力統一63購01,"10,000",2,"26,000",2.67,2.67,2.53,2.53,-,0.1,2.38,10,2.39,10,
707349,新盛力統一64購02,0,0,0,---,---,---, ---,,,2.28,10,2.29,10,
707350,新盛力統一74購03,"14,000",4,"27,060",2.15,2.15,1.87,1.87,-,0.25,1.86,54,1.87,7,
707351,鉅橡統一64購02,0,0,0,---,---,---, ---,,,0.35,10,0.36,10,
707352,頎邦統一74購02,"100,000",1,"124,000",1.24,1.24,1.24,1.24,-,0.06,1.24,16,1.26,10,
707353,頎邦統一74購03,"80,000",11,"101,950",1.27,1.29,1.22,1.28,-,0.02,1.23,82,1.24,10,
707354,廣閎科統一64購02,0,0,0,---,---,---, ---,,,0.93,10,0.96,10,
707355,廣閎科統一67購01,0,0,0,---,---,---, ---,,,0.66,10,0.67,10,
707356,廣閎科統一74購03,"250,000",15,"282,600",1.12,1.15,1.09,1.13,-,0.05,1.13,89,1.14,10,
707357,勤凱台新5A購01,"186,000",5,"127,880",0.72,0.72,0.62,0.67,-,0.05,0.68,25,0.70,10,
707358,頎邦台新5A購01,0,0,0,---,---,---, ---,,,6.25,25,6.40,10,
707359,元太凱基5A購02,0,0,0,---,---,---, ---,,,0.45,22,0.00,0,
707360,宏捷科凱基5A購01,"475,000",2,"123,500",0.26,0.26,0.26,0.26,-,0.03,0.27,100,0.28,10,
707361,宜特凱基61購01,"37,000",2,"24,440",0.67,0.67,0.62,0.62,-,0.07,0.63,100,0.65,10,
707362,信紘科凱基5A購01,"68,000",7,"10,960",0.17,0.17,0.16,0.16,-,0.04,0.16,10,0.17,10,
707363,威聯通凱基5A購01,0,0,0,---,---,---, ---,,,0.13,100,0.14,10,
707364,頎邦凱基63購01,"1,000",1,"3,120",3.12,3.12,3.12,3.12,-,1.06,3.17,100,3.27,10,
707365,精材凱基5A購02,0,0,0,---,---,---, ---,,,20.70,20,0.00,0,
707366,衛司特凱基5B購01,"20,000",2,"6,000",0.30,0.30,0.30,0.30,+,0.12,0.24,10,0.25,10,
707367,璟德凱基5A購01,0,0,0,---,---,---, ---,,,0.25,10,0.26,10,
707368,鴻呈凱基5A購01,"2,000",2,"2,760",1.34,1.42,1.34,1.42,+,0.26,1.37,10,1.69,2,
707369,鈊象中信5C購02,0,0,0,---,---,---, ---,,,0.15,10,0.17,10,
707370,立碁永豐5C購01,"320,000",4,"250,200",0.81,0.81,0.77,0.77,+,0.2,0.80,10,0.00,0,
707371,前鼎永豐61購02,"94,000",18,"108,270",1.09,1.27,1.09,1.27,+,0.24,1.34,1,0.00,0,
707372,群翊永豐5B購01,0,0,0,---,---,---, ---,,,0.39,10,0.40,10,
707373,聖暉*永豐5C購01,"98,000",3,"131,880",1.38,1.38,1.24,1.24,-,0.09,1.26,499,1.27,10,
707374,頎邦永豐61購01,"607,000",22,"1,036,760",1.72,1.76,1.65,1.73,-,0.12,1.73,1,2.43,1,
707375,環球晶永豐5C購01,0,0,0,---,---,---, ---,,,4.34,499,4.44,10,
707376,譜瑞永豐5C購01,0,0,0,---,---,---, ---,,,0.88,10,0.91,10,
707377,天品國票5A購01,0,0,0,---,---,---, ---,,,0.02,25,0.03,10,
707378,泓格國票5A購01,0,0,0,---,---,---, ---,,,2.34,25,2.44,10,
707379,前鼎國票5B購02,0,0,0,---,---,---, ---,,,2.44,5,0.00,0,
707380,群翊國票5B購02,0,0,0,---,---,---, ---,,,0.37,25,0.38,10,
707381,頎邦國票5B購04,"6,000",3,"13,250",2.22,2.23,2.18,2.18,-,0.42,2.23,25,2.32,10,
707382,廣閎科國票5B購03,"952,000",11,"892,870",0.92,0.98,0.85,0.95,-,0.08,0.93,25,0.95,10,
707383,衛司特國票5B購02,"7,000",6,"1,340",0.22,0.22,0.17,0.17,+,0.01,0.16,28,0.17,10,
707384,中美晶群益5A購01,"1,000",1,"5,000",5.00,5.00,5.00,5.00,-,0.85,5.05,199,5.55,10,
707385,立敦群益5A購01,0,0,0,---,---,---, ---,,,2.51,499,2.61,10,
707387,前鼎群益5A購01,0,0,0,---,---,---, ---,,,4.89,5,0.00,0,
707388,湧德群益5B購02,0,0,0,---,---,---, ---,,,0.17,25,0.18,10,
707389,順達群益5A購03,0,0,0,---,---,---, ---,,,0.32,499,0.42,10,
707390,群翊群益61購01,"9,000",1,"4,680",0.52,0.52,0.52,0.52,-,0.06,0.49,25,0.50,10,
707392,頎邦群益5A購02,0,0,0,---,---,---, ---,,,3.16,199,3.26,10,
707393,頎邦群益5B購02,0,0,0,---,---,---, ---,,,3.12,199,3.22,10,
707394,廣閎科群益5B購01,"245,000",7,"428,090",1.81,1.84,1.69,1.84,-,0.12,0.93,10,0.00,0,
707395,譜瑞群益5B購01,"5,000",2,"8,050",1.61,1.61,1.61,1.61,-,0.19,1.55,100,1.65,10,
707396,千附精元大5A購01,0,0,0,---,---,---, ---,,,0.00,0,0.00,0,
707397,天品元大61購01,"10,000",1,"1,700",0.17,0.17,0.17,0.17,-,0.01,0.17,499,0.18,10,
707398,東捷元大5A購02,0,0,0,---,---,---, ---,,,0.49,25,0.51,10,
707399,勤凱元大5A購03,"130,000",3,"65,200",0.52,0.52,0.50,0.50,-,0.13,0.51,499,0.52,10,
707400,群翊元大5A購02,0,0,0,---,---,---, ---,,,0.62,499,0.00,0,
707401,頎邦元大5B購01,0,0,0,---,---,---, ---,,,2.53,250,0.00,0,
707402,頎邦元大5C購02,0,0,0,---,---,---, ---,,,2.02,350,2.12,10,
707403,廣閎科元大5A購02,0,0,0,---,---,---, ---,,,0.55,25,0.65,10,
707404,衛司特元大5A購01,0,0,0,---,---,---, ---,,,0.14,499,0.16,10,
707405,群翊國泰5B購02,0,0,0,---,---,---, ---,,,1.00,200,1.01,100,
707406,久元統一64購02,0,0,0,---,---,---, ---,,,0.37,60,0.38,10,
707407,巨漢統一74購02,0,0,0,---,---,---, ---,,,0.53,100,0.54,10,
707408,安葆統一74購01,"23,000",1,"14,490",0.63,0.63,0.63,0.63,-,0.01,0.62,100,0.63,10,
707409,均豪統一63購02,"991,000",14,"499,000",0.48,0.54,0.47,0.53,-,0.0,0.51,10,0.52,10,
707410,均豪統一74購01,"221,000",2,"106,080",0.48,0.48,0.48,0.48,-,0.01,0.50,10,0.51,10,
707411,宜特統一74購01,"20,000",1,"8,600",0.43,0.43,0.43,0.43,-,0.01,0.41,10,0.42,10,
707412,東捷統一63購02,0,0,0,---,---,---, ---,,,0.92,10,0.93,10,
707413,東捷統一74購02,0,0,0,---,---,---, ---,,,0.78,10,0.79,10,
707414,前鼎統一74購01,"678,000",34,"638,490",0.91,1.03,0.89,1.03,+,0.15,0.98,90,0.00,0,
707415,宣德統一74購01,0,0,0,---,---,---, ---,,,0.33,10,0.34,10,
707416,順達統一64購02,"210,000",4,"113,900",0.55,0.55,0.54,0.54,-,0.06,0.54,10,0.55,10,
707417,萬泰科統一74購02,"20,000",1,"15,000",0.75,0.75,0.75,0.75,-,0.01,0.76,10,0.77,10,
707418,群翊統一74購03,0,0,0,---,---,---, ---,,,0.57,10,0.58,10,
707419,鈺太統一74購01,0,0,0,---,---,---, ---,,,0.35,10,0.36,10,
707420,宏觀富邦5C購01,0,0,0,---,---,---, ---,,,0.11,10,0.12,28,
707421,頎邦富邦5C購02,0,0,0,---,---,---, ---,,,1.71,10,1.75,10,
707422,頎邦富邦61購02,"76,000",9,"119,910",1.56,1.64,1.55,1.64,-,0.09,1.60,10,1.64,4,
707423,廣閎科富邦5B購01,"208,000",6,"161,330",0.76,0.81,0.76,0.78,-,0.11,0.79,10,0.81,28,
707424,環球晶兆豐5C購01,0,0,0,---,---,---, ---,,,4.40,10,4.41,10,
707425,譜瑞兆豐64購01,0,0,0,---,---,---, ---,,,0.94,30,0.95,20,
707426,千附精永豐5B購01,"4,000",2,"10,500",2.62,2.64,2.62,2.64,+,0.29,2.68,10,2.77,10,
707427,大車隊永豐5B購01,0,0,0,---,---,---, ---,,,0.25,10,0.26,10,
707428,兆利永豐5A購01,"20,000",2,"1,400",0.07,0.07,0.07,0.07,-,0.02,0.05,10,0.07,10,
707429,沛亨永豐61購01,0,0,0,---,---,---, ---,,,0.45,10,0.46,10,
707430,宜特永豐61購01,0,0,0,---,---,---, ---,,,0.23,10,0.24,10,
707431,朋億*永豐5B購01,"240,000",25,"231,550",0.90,0.99,0.90,0.96,+,0.14,0.96,10,0.00,0,
707433,華景電永豐5B購01,0,0,0,---,---,---, ---,,,0.27,10,0.28,10,
707434,陽程永豐5B購01,"50,000",6,"290,000",5.80,5.80,5.80,5.80,+,1.26,5.80,30,0.00,0,
707435,萬泰科永豐5C購02,"278,000",9,"225,420",0.76,0.83,0.76,0.83,+,0.01,0.80,10,0.81,10,
707436,群翊永豐5C購01,0,0,0,---,---,---, ---,,,0.47,10,0.48,10,
707437,穩得永豐5C購01,0,0,0,---,---,---, ---,,,0.32,10,0.33,10,
707438,元太群益5A購01,"10,000",1,"5,000",0.50,0.50,0.50,0.50,-,0.22,0.51,499,0.61,10,
707439,台星科群益61購01,"76,000",8,"74,900",1.05,1.06,0.96,0.96,-,0.23,0.58,17,0.00,0,
707440,立碁群益5A購01,0,0,0,---,---,---, ---,,,0.01,36,0.00,0,
707441,宜特群益5C購01,"200,000",1,"36,000",0.18,0.18,0.18,0.18,-,0.02,0.17,25,0.18,10,
707442,湧德群益61購02,"28,000",1,"8,960",0.32,0.32,0.32,0.32,-,0.01,0.33,25,0.34,10,
707443,勤凱群益5B購02,0,0,0,---,---,---, ---,,,0.31,25,0.32,10,
707444,新應材群益5A購02,0,0,0,---,---,---, ---,,,0.09,499,0.17,20,
707445,群翊群益64購01,0,0,0,---,---,---, ---,,,0.49,25,0.50,10,
707447,巨漢國泰5B購01,"7,000",1,"1,680",0.24,0.24,0.24,0.24,-,0.02,0.24,499,0.25,100,
707448,正淩國泰5B購01,0,0,0,---,---,---, ---,,,0.32,10,0.00,0,
707449,立碁國泰5B購01,"1,000",1,"2,000",2.00,2.00,2.00,2.00,+,0.96,1.50,499,0.00,0,
707450,陽程國泰5B購01,0,0,0,---,---,---, ---,,,8.50,499,0.00,0,
707451,順達國泰5B購01,0,0,0,---,---,---, ---,,,0.98,499,1.08,100,
707452,穩得國泰5B購02,0,0,0,---,---,---, ---,,,0.41,499,0.42,100,
707453,千附統一64購01,0,0,0,---,---,---, ---,,,0.70,10,0.74,10,
707454,千附精統一74購01,"806,000",10,"906,760",1.06,1.15,1.06,1.11,+,0.04,1.10,10,1.11,10,
707455,台星科統一74購01,"226,000",7,"188,320",0.85,0.85,0.82,0.82,-,0.06,0.81,10,0.82,10,
707456,巨漢統一64購01,0,0,0,---,---,---, ---,,,0.22,10,0.23,10,
707457,巨漢統一67購01,0,0,0,---,---,---, ---,,,0.28,10,0.29,10,
707458,正淩統一74購01,"1,006,000",4,"442,720",0.44,0.45,0.44,0.45,+,0.05,0.44,10,0.45,10,
707459,立敦統一74購01,0,0,0,---,---,---, ---,,,0.84,10,0.85,10,
707460,兆利統一64購02,0,0,0,---,---,---, ---,,,0.27,10,0.28,10,
707461,金山電統一74購01,"39,000",6,"53,400",1.38,1.42,1.32,1.32,-,0.11,1.35,10,1.37,10,
707462,信昌電統一64購02,0,0,0,---,---,---, ---,,,6.60,10,6.65,10,
707463,美琪瑪統一63購01,"2,000",1,"1,040",0.52,0.52,0.52,0.52,-,0.02,0.52,10,0.53,10,
707464,美琪瑪統一64購02,0,0,0,---,---,---, ---,,,0.38,10,0.39,10,
707465,湧德統一64購01,0,0,0,---,---,---, ---,,,0.33,10,0.34,10,
707466,湧德統一64購02,0,0,0,---,---,---, ---,,,0.31,10,0.32,10,
707467,陽程統一66購01,"1,000",1,"2,960",2.96,2.96,2.96,2.96,+,0.51,2.82,10,0.00,0,
707468,陽程統一74購02,"1,000",1,"1,870",1.87,1.87,1.87,1.87,+,0.22,1.66,10,0.00,0,
707469,陽程統一74購03,0,0,0,---,---,---, ---,,,2.05,10,0.00,0,
707470,順達統一74購01,"25,000",5,"15,200",0.62,0.62,0.60,0.60,-,0.04,0.60,10,0.61,10,
707471,新應材統一67購01,"10,000",2,"3,500",0.35,0.35,0.35,0.35,-,0.0,0.31,10,0.32,10,
707472,聖暉*統一63購01,"1,192,000",18,"868,430",0.69,0.77,0.66,0.66,-,0.06,0.68,10,0.69,10,
707473,鉅橡統一64購03,0,0,0,---,---,---, ---,,,0.30,10,0.31,10,
707474,蜜望實統一74購01,"260,000",6,"261,820",1.01,1.02,0.97,0.98,-,0.08,0.99,10,1.01,10,
707475,天品凱基61購01,0,0,0,---,---,---, ---,,,0.29,10,0.30,50,
707476,台星科凱基5A購02,"237,000",5,"176,870",0.74,0.76,0.71,0.72,-,0.14,0.68,100,0.70,10,
707477,立敦凱基5A購02,0,0,0,---,---,---, ---,,,1.85,10,1.86,10,
707478,立碁凱基5A購01,"61,000",5,"55,040",0.94,0.94,0.87,0.93,+,0.33,0.94,11,1.01,5,
707479,宜特凱基5A購01,0,0,0,---,---,---, ---,,,0.03,100,0.13,10,
707480,美琪瑪凱基5A購02,0,0,0,---,---,---, ---,,,0.11,10,0.12,10,
707481,湧德凱基5B購02,0,0,0,---,---,---, ---,,,0.13,100,0.14,30,
707482,順達凱基5C購01,"40,000",2,"63,000",1.58,1.58,1.57,1.57,-,0.19,1.55,100,1.56,10,
707483,勤凱凱基5A購01,0,0,0,---,---,---, ---,,,0.19,10,0.21,10,
707484,萬泰科凱基5A購01,0,0,0,---,---,---, ---,,,0.15,10,0.16,10,
707485,群翊凱基61購01,0,0,0,---,---,---, ---,,,0.32,10,0.33,50,
707487,巨漢元大5A購01,0,0,0,---,---,---, ---,,,0.19,499,0.20,10,
707488,巨漢元大5A購02,"1,158,000",9,"277,330",0.24,0.24,0.23,0.23,-,0.04,0.23,499,0.24,10,
707489,巨漢元大5A購03,0,0,0,---,---,---, ---,,,0.09,499,0.19,10,
707490,巨漢元大5A購04,"310,000",2,"12,100",0.04,0.04,0.03,0.03,-,0.01,0.03,499,0.13,10,
707491,均豪元大5A購02,"5,000",5,450,0.09,0.09,0.09,0.09,-,0.0,0.09,499,0.19,10,
707492,均豪元大5C購01,"1,000",1,210,0.21,0.21,0.21,0.21,-,0.03,0.22,25,0.32,10,
707493,宏觀元大61購01,"125,000",4,"5,000",0.04,0.04,0.04,0.04,-,0.06,0.04,499,0.14,10,
707494,沛亨元大5A購01,0,0,0,---,---,---, ---,,,0.88,25,0.90,10,
707495,沛亨元大5A購02,"106,000",1,"65,720",0.62,0.62,0.62,0.62,-,0.11,0.62,25,0.64,10,
707496,沛亨元大5A購03,"154,000",3,"70,890",0.46,0.47,0.46,0.47,-,0.04,0.46,25,0.47,10,
707497,沛亨元大5A購04,0,0,0,---,---,---, ---,,,0.24,499,0.25,10,
707498,矽科元大5A購01,0,0,0,---,---,---, ---,,,0.00,0,0.10,10,
707499,矽科元大61購01,0,0,0,---,---,---, ---,,,0.07,499,0.17,10,
707500,美琪瑪元大5A購02,0,0,0,---,---,---, ---,,,0.20,499,0.21,10,
707503,華景電元大5A購04,0,0,0,---,---,---, ---,,,0.51,499,0.52,10,
707504,新應材元大5A購04,"1,000",1,360,0.36,0.36,0.36,0.36,-,0.1,0.37,499,0.40,10,
707505,新應材元大5A購05,"24,000",7,"8,290",0.37,0.38,0.31,0.38,-,0.07,0.32,499,0.35,10,
707506,新應材元大5C購01,"35,000",3,"14,540",0.41,0.45,0.41,0.45,-,0.08,0.44,25,0.45,10,
707507,新應材元大61購04,0,0,0,---,---,---, ---,,,0.30,499,0.32,10,
707508,群翊元大5A購06,0,0,0,---,---,---, ---,,,0.02,499,0.12,10,
707509,巨漢國票5A購01,0,0,0,---,---,---, ---,,,0.09,25,0.10,10,
707510,巨漢國票5B購01,0,0,0,---,---,---, ---,,,0.13,25,0.14,10,
707511,沛亨國票5B購02,0,0,0,---,---,---, ---,,,0.23,25,0.24,10,
707512,東捷國票5A購02,"349,000",7,"255,200",0.81,0.81,0.69,0.69,-,0.3,0.74,25,0.75,10,
707513,矽科國票5B購03,0,0,0,---,---,---, ---,,,0.26,25,0.27,10,
707514,萬泰科國票5B購01,"954,000",7,"728,580",0.77,0.77,0.74,0.77,-,0.0,0.76,25,0.77,10,
707515,榮田國票5A購01,0,0,0,---,---,---, ---,,,0.18,25,0.21,10,
707516,久元富邦61購01,0,0,0,---,---,---, ---,,,0.76,10,0.77,28,
707517,宏捷科富邦5C購02,0,0,0,---,---,---, ---,,,0.19,10,0.20,28,
707518,宏捷科富邦61購01,0,0,0,---,---,---, ---,,,0.18,10,0.19,28,
707519,家登富邦5C購01,0,0,0,---,---,---, ---,,,1.25,10,1.26,28,
707520,湧德富邦5C購01,0,0,0,---,---,---, ---,,,0.14,10,0.15,28,
707521,新應材富邦61購02,"11,000",1,"1,650",0.15,0.15,0.15,0.15,-,0.04,0.17,10,0.20,28,
707522,萬泰科富邦5B購01,0,0,0,---,---,---, ---,,,0.41,10,0.42,28,
707523,雙鴻富邦5C購07,0,0,0,---,---,---, ---,,,1.41,10,1.53,1,
707524,雙鴻富邦5C購08,"1,161,000",49,"1,042,370",0.81,1.20,0.81,1.12,+,0.28,1.12,10,0.00,0,
707525,譜瑞富邦5C購02,"379,000",19,"276,040",0.71,0.76,0.71,0.75,-,0.12,0.75,60,0.00,0,
707526,千附精凱基5A購01,"44,000",7,"137,490",2.92,3.43,2.92,3.28,+,0.28,3.21,100,3.29,10,
707527,元太凱基61購01,"259,000",19,"179,080",0.72,0.72,0.67,0.70,-,0.14,0.31,32,0.85,2,
707528,均豪凱基5A購01,0,0,0,---,---,---, ---,,,0.19,100,0.00,0,
707529,宏觀凱基61購01,0,0,0,---,---,---, ---,,,0.15,100,0.16,10,
707530,宜特凱基5A購02,0,0,0,---,---,---, ---,,,0.01,100,0.03,20,
707531,前鼎凱基5B購02,"273,000",10,"583,860",2.01,2.50,2.01,2.50,+,0.6,2.58,6,3.22,10,
707533,華景電凱基5A購03,0,0,0,---,---,---, ---,,,0.15,10,0.16,10,
707534,陽程凱基63購01,"39,000",1,"241,800",6.20,6.20,6.20,6.20,+,0.45,6.45,30,0.00,0,
707535,新應材凱基61購02,0,0,0,---,---,---, ---,,,0.28,100,0.48,12,
707536,萬泰科凱基5B購01,0,0,0,---,---,---, ---,,,1.44,10,1.45,10,
707537,新應材兆豐5C購01,0,0,0,---,---,---, ---,,,0.19,30,0.20,20,
707538,弘塑國票5B購01,"1,678,000",15,"113,970",0.07,0.08,0.06,0.08,-,0.02,0.07,25,0.08,10,
707539,宜特國票5B購02,0,0,0,---,---,---, ---,,,0.06,25,0.07,10,
707541,前鼎國票5B購03,"443,000",43,"569,890",1.08,1.60,1.08,1.60,+,0.6,1.48,1,0.00,0,
707542,陽程國票5A購01,"141,000",2,"1,163,400",8.25,8.40,8.25,8.40,+,1.85,8.40,30,0.00,0,
707543,新應材國票5A購04,0,0,0,---,---,---, ---,,,0.29,25,0.30,10,
707544,弘塑永豐5B購03,"10,000",1,"1,100",0.11,0.11,0.11,0.11,-,0.01,0.07,150,0.00,0,
707545,弘塑永豐5C購04,0,0,0,---,---,---, ---,,,0.08,10,0.13,10,
707546,弘塑永豐61購02,0,0,0,---,---,---, ---,,,0.27,10,0.28,10,
707547,弘塑永豐64購01,"44,000",3,"10,560",0.24,0.24,0.24,0.24,-,0.04,0.25,10,0.26,10,
707548,新應材永豐5B購02,0,0,0,---,---,---, ---,,,0.15,10,0.16,10,
707549,新應材永豐5B購03,0,0,0,---,---,---, ---,,,0.16,10,0.17,10,
707550,新應材永豐64購01,0,0,0,---,---,---, ---,,,0.31,10,0.32,10,
707551,精材永豐5C購01,0,0,0,---,---,---, ---,,,8.10,499,0.00,0,
707552,台星科台新5A購01,"490,000",12,"320,940",0.69,0.69,0.64,0.64,-,0.24,0.63,25,0.64,10,
707553,弘塑台新5A購01,0,0,0,---,---,---, ---,,,0.03,125,0.13,10,
707554,弘塑台新5A購02,0,0,0,---,---,---, ---,,,0.02,25,0.08,6,
707555,安葆台新5A購01,0,0,0,---,---,---, ---,,,0.18,25,0.28,10,
707556,前鼎台新5A購01,"44,000",5,"83,420",1.85,2.01,1.83,2.01,+,0.41,2.22,6,0.00,0,
707557,威聯通台新5A購01,"1,000",1,440,0.44,0.44,0.44,0.44,-,0.03,0.42,25,0.44,10,
707558,新應材台新5A購01,0,0,0,---,---,---, ---,,,0.22,25,0.32,10,
707559,新應材台新5A購02,0,0,0,---,---,---, ---,,,0.20,25,0.30,10,
707560,群翊台新5A購01,0,0,0,---,---,---, ---,,,0.33,25,0.34,10,
707561,群翊台新5A購02,0,0,0,---,---,---, ---,,,0.08,25,0.10,10,
707562,力致群益5B購01,0,0,0,---,---,---, ---,,,0.11,25,0.12,10,
707563,千附精群益5A購01,"6,000",2,"22,480",3.92,3.92,3.66,3.66,+,0.47,3.44,100,3.54,10,
707564,弘塑群益5A購04,0,0,0,---,---,---, ---,,,0.04,10,0.14,10,
707565,弘塑群益5C購01,"100,000",1,"16,000",0.16,0.16,0.16,0.16,-,0.04,0.16,10,0.26,10,
707566,萬泰科群益5A購02,"3,000",1,"1,290",0.43,0.43,0.43,0.43,-,0.0,0.40,10,0.50,10,
707567,鑫聯群益5C購01,0,0,0,---,---,---, ---,,,0.31,25,0.32,10,
707568,弘塑國泰61購01,"80,000",2,"30,400",0.38,0.38,0.38,0.38,-,0.07,0.39,499,0.40,100,
707569,弘塑國泰61購02,0,0,0,---,---,---, ---,,,0.29,499,0.30,100,
707570,環球晶國泰5B購01,0,0,0,---,---,---, ---,,,6.35,10,6.65,10,
707571,環球晶國泰5B購02,0,0,0,---,---,---, ---,,,6.10,10,6.40,10,
707572,弘塑富邦5C購02,"5,000",2,800,0.16,0.16,0.16,0.16,-,0.06,0.17,10,0.18,28,
707573,弘塑富邦64購01,"212,000",8,"39,210",0.19,0.20,0.18,0.20,-,0.02,0.19,10,0.20,26,
707574,前鼎富邦5C購01,"298,000",25,"364,900",1.18,1.40,1.14,1.40,+,0.25,1.40,2,1.56,3,
707575,力致統一74購01,0,0,0,---,---,---, ---,,,0.38,10,0.39,10,
707576,中美晶統一64購01,0,0,0,---,---,---, ---,,,1.30,10,1.31,10,
707577,元太統一64購01,"620,000",28,"396,880",0.66,0.66,0.61,0.63,-,0.07,0.64,10,0.65,10,
707578,元太統一74購01,"149,000",4,"146,700",0.99,0.99,0.96,0.96,-,0.07,0.97,10,0.98,10,
707579,弘塑統一62購02,"678,000",10,"96,560",0.15,0.16,0.14,0.16,-,0.03,0.14,10,0.15,10,
707580,弘塑統一64購01,"359,000",8,"74,050",0.22,0.22,0.20,0.20,-,0.05,0.21,10,0.22,10,
707581,弘塑統一64購02,"492,000",9,"75,970",0.16,0.17,0.15,0.17,-,0.02,0.16,10,0.17,10,
707582,弘塑統一64購03,0,0,0,---,---,---, ---,,,0.26,10,0.29,10,
707583,立敦統一64購01,0,0,0,---,---,---, ---,,,0.86,10,0.87,10,
707584,兆利統一74購01,0,0,0,---,---,---, ---,,,0.37,10,0.38,10,
707585,宜特統一63購01,"17,000",1,"2,550",0.15,0.15,0.15,0.15,-,0.01,0.14,10,0.15,10,
707586,宜特統一64購01,0,0,0,---,---,---, ---,,,0.25,10,0.26,10,
707587,金山電統一63購01,0,0,0,---,---,---, ---,,,0.00,0,3.35,10,
707588,金山電統一64購02,0,0,0,---,---,---, ---,,,0.00,0,0.00,0,
707589,前鼎統一63購02,"123,000",10,"147,660",1.04,1.39,1.04,1.34,+,0.24,1.24,12,1.39,4,
707590,美琪瑪統一74購01,0,0,0,---,---,---, ---,,,0.48,10,0.49,10,
707592,陽程統一64購03,"50,000",4,"153,900",3.05,3.12,3.05,3.12,+,0.44,3.11,1,3.15,5,
707593,意德士統一62購01,"298,000",10,"139,920",0.49,0.49,0.45,0.45,-,0.05,0.44,10,0.45,10,
707594,意德士統一64購01,0,0,0,---,---,---, ---,,,0.00,0,0.00,0,
707595,意德士統一74購01,0,0,0,---,---,---, ---,,,0.00,0,0.00,0,
707596,臺慶科統一64購01,"152,000",7,"164,760",1.11,1.17,1.02,1.05,-,0.12,1.05,10,1.06,10,
707597,蜜望實統一63購02,0,0,0,---,---,---, ---,,,1.96,10,1.97,10,
707598,蜜望實統一64購01,0,0,0,---,---,---, ---,,,1.55,10,1.56,10,
707599,蜜望實統一74購02,0,0,0,---,---,---, ---,,,1.16,87,1.17,15,
707600,環球晶統一63購03,"261,000",2,"566,550",2.35,2.35,2.17,2.17,-,0.59,2.37,10,2.38,10,
707601,弘塑元大5A購02,0,0,0,---,---,---, ---,,,0.04,499,0.13,10,
707602,弘塑元大61購01,0,0,0,---,---,---, ---,,,0.23,16,0.28,10,
707603,立碁元大5C購01,"30,000",1,"7,200",0.24,0.24,0.24,0.24,-,0.01,0.35,125,0.60,55,
707604,宜特元大5A購02,0,0,0,---,---,---, ---,,,0.10,499,0.11,10,
707605,宜特元大5C購02,"100,000",2,"15,500",0.16,0.16,0.15,0.15,-,0.03,0.15,549,0.16,10,
707606,前鼎元大5A購03,"264,000",23,"358,460",1.22,1.51,1.22,1.51,+,0.35,1.52,6,0.00,0,
707607,前鼎元大5B購01,"91,000",9,"219,170",2.33,2.45,2.33,2.44,+,0.31,2.65,6,0.00,0,
707608,前鼎元大5C購02,"29,000",4,"70,580",2.36,2.47,2.36,2.47,+,0.25,2.65,5,0.00,0,
707609,前鼎元大61購01,"306,000",21,"430,600",1.43,1.58,1.37,1.58,+,0.27,1.59,5,1.76,1,
707610,勤凱元大5A購04,0,0,0,---,---,---, ---,,,0.21,499,0.31,10,
707611,勤凱元大5A購05,"127,000",3,"39,260",0.30,0.34,0.30,0.34,-,0.04,0.35,499,0.36,10,
707612,勤凱元大5A購06,0,0,0,---,---,---, ---,,,0.79,499,0.80,10,
707613,雙鴻元大5A購07,"1,116,000",22,"970,310",0.75,1.04,0.70,1.04,+,0.3,1.04,125,1.29,5,
707614,雙鴻元大61購13,"2,060,000",30,"2,019,940",0.89,1.12,0.88,1.12,+,0.25,1.12,125,0.00,0,
707615,穩得元大5A購02,0,0,0,---,---,---, ---,,,0.07,499,0.15,30,
707616,鑫聯元大5A購02,0,0,0,---,---,---, ---,,,0.12,499,0.13,10,
707617,九豪永豐5C購01,"6,000",2,"3,480",0.63,0.63,0.53,0.53,-,0.11,0.52,10,0.53,10,
707618,天品永豐5B購01,0,0,0,---,---,---, ---,,,0.17,499,0.18,10,
707619,立敦永豐5A購01,0,0,0,---,---,---, ---,,,0.52,10,0.53,10,
707620,宜特永豐5B購02,0,0,0,---,---,---, ---,,,0.08,10,0.09,10,
707621,美琪瑪永豐5C購01,0,0,0,---,---,---, ---,,,0.34,499,0.35,10,
707622,鈊象永豐5C購01,0,0,0,---,---,---, ---,,,0.56,10,0.58,10,
707623,精材永豐61購01,"23,000",1,"197,800",8.60,8.60,8.60,8.60,+,0.5,9.90,10,0.00,0,
707624,蜜望實永豐5C購01,"14,000",2,"30,220",2.28,2.28,2.11,2.11,-,0.32,2.07,499,2.09,10,
707625,環球晶永豐5C購02,0,0,0,---,---,---, ---,,,3.65,10,3.71,10,
707626,九豪凱基5A購03,"100,000",10,"70,000",0.70,0.70,0.70,0.70,-,0.28,0.70,10,0.71,10,
707627,力致凱基5B購01,0,0,0,---,---,---, ---,,,0.13,10,0.14,10,
707628,宏捷科凱基5B購01,"240,000",3,"120,000",0.53,0.53,0.47,0.47,-,0.02,0.47,100,0.48,10,
707629,長科*凱基5A購01,0,0,0,---,---,---, ---,,,3.12,10,3.14,10,
707631,群翊凱基5A購01,0,0,0,---,---,---, ---,,,0.02,10,0.12,10,
707632,精材凱基5A購03,0,0,0,---,---,---, ---,,,16.90,20,0.00,0,
707633,蜜望實凱基5A購01,0,0,0,---,---,---, ---,,,2.51,100,2.61,10,
707634,環球晶凱基5B購01,"10,000",1,"75,000",7.50,7.50,7.50,7.50,-,0.5,6.70,10,7.20,10,
707635,穩得凱基5A購01,0,0,0,---,---,---, ---,,,0.11,10,0.12,10,
707636,九豪台新5A購01,"41,000",5,"50,240",1.23,1.26,1.15,1.15,-,0.05,0.93,25,0.94,10,
707637,九豪台新5A購02,"68,000",2,"25,920",0.44,0.44,0.36,0.36,-,0.19,0.35,25,0.36,10,
707638,九豪台新5A購03,0,0,0,---,---,---, ---,,,0.16,25,0.26,10,
707639,中美晶台新5A購01,0,0,0,---,---,---, ---,,,3.34,25,3.40,10,
707640,中美晶台新5B購01,0,0,0,---,---,---, ---,,,4.37,25,4.46,10,
707641,宜特台新5B購01,0,0,0,---,---,---, ---,,,0.14,25,0.22,10,
707642,宜特台新61購01,0,0,0,---,---,---, ---,,,0.25,25,0.26,10,
707643,茂迪台新5A購01,0,0,0,---,---,---, ---,,,0.09,25,0.10,10,
707644,博磊台新5A購01,"25,000",1,"19,750",0.79,0.79,0.79,0.79,-,0.16,0.81,25,0.85,10,
707645,博磊台新5A購02,"27,000",1,"19,710",0.73,0.73,0.73,0.73,-,0.16,0.75,25,0.78,10,
707646,博磊台新5A購03,"37,000",3,"19,020",0.53,0.53,0.44,0.44,-,0.17,0.48,25,0.50,10,
707647,環球晶台新5A購01,0,0,0,---,---,---, ---,,,13.60,25,14.60,10,
707648,環球晶台新5A購02,0,0,0,---,---,---, ---,,,9.35,25,9.85,10,
707649,譜瑞台新5A購01,0,0,0,---,---,---, ---,,,1.00,25,1.10,10,
707650,聖暉*兆豐5C購01,"188,000",6,"137,920",0.74,0.75,0.64,0.64,-,0.05,0.64,15,0.65,10,
707651,九豪元大5A購02,0,0,0,---,---,---, ---,,,0.27,499,0.28,10,
707652,九豪元大5A購03,0,0,0,---,---,---, ---,,,0.30,499,0.40,10,
707653,力致元大5A購01,0,0,0,---,---,---, ---,,,0.09,499,0.19,10,
707654,安葆元大5A購01,"200,000",1,"20,000",0.10,0.10,0.10,0.10,-,0.1,0.08,499,0.18,10,
707655,系統電元大5A購02,"21,000",2,"8,010",0.38,0.41,0.38,0.41,-,0.11,0.39,499,0.41,10,
707656,宜特元大5A購03,0,0,0,---,---,---, ---,,,0.35,499,0.36,10,
707657,宜特元大5B購01,0,0,0,---,---,---, ---,,,0.40,499,0.41,10,
707658,宜特元大5C購03,"400,000",3,"144,010",0.36,0.37,0.36,0.37,-,0.03,0.36,499,0.37,10,
707659,宜特元大61購01,0,0,0,---,---,---, ---,,,0.36,499,0.37,10,
707660,宜特元大63購02,0,0,0,---,---,---, ---,,,0.28,499,0.29,10,
707661,朋億*元大5A購01,0,0,0,---,---,---, ---,,,0.62,25,1.50,6,
707664,博磊元大5A購02,0,0,0,---,---,---, ---,,,0.32,499,0.40,20,
707665,意德士元大5A購01,"10,000",1,"2,600",0.26,0.26,0.26,0.26,-,0.06,0.24,25,0.25,10,
707666,新盛力元大5A購02,"3,000",1,"14,580",4.86,4.86,4.86,4.86,-,0.54,4.47,150,4.57,10,
707667,鉅橡元大5A購01,0,0,0,---,---,---, ---,,,0.07,499,0.17,10,
707668,蜜望實元大5A購01,0,0,0,---,---,---, ---,,,2.46,250,2.56,10,
707669,蜜望實元大5A購02,0,0,0,---,---,---, ---,,,1.50,450,1.60,10,
707670,九豪群益5A購03,0,0,0,---,---,---, ---,,,0.25,10,0.35,10,
707671,元太群益5A購02,0,0,0,---,---,---, ---,,,0.39,499,0.49,10,
707672,美琪瑪群益5A購02,0,0,0,---,---,---, ---,,,0.31,25,0.34,10,
707673,蜜望實群益5A購01,0,0,0,---,---,---, ---,,,2.84,499,2.94,10,
707674,優群群益5A購01,0,0,0,---,---,---, ---,,,0.06,499,0.10,30,
707676,加高國票5B購01,0,0,0,---,---,---, ---,,,0.55,25,0.56,10,
707677,艾訊國票5B購01,0,0,0,---,---,---, ---,,,0.86,25,0.88,10,
707678,均豪國票5A購02,"5,000",1,950,0.19,0.19,0.19,0.19,+,0.02,0.18,25,0.19,10,
707679,宜特國票5B購03,0,0,0,---,---,---, ---,,,0.06,25,0.07,10,
707680,博磊國票5B購01,0,0,0,---,---,---, ---,,,0.37,25,0.38,10,
707681,漢達國票5B購01,"213,000",13,"266,570",1.20,1.30,1.10,1.26,+,0.38,1.02,1,1.26,19,
707682,蜜望實國票5A購02,0,0,0,---,---,---, ---,,,2.89,25,2.99,10,
707683,九豪富邦5C購01,"261,000",8,"105,060",0.44,0.44,0.39,0.40,-,0.08,0.39,10,0.40,28,
707684,宜特富邦61購01,0,0,0,---,---,---, ---,,,0.12,10,0.13,28,
707685,九豪統一64購01,0,0,0,---,---,---, ---,,,0.00,0,0.77,50,
707686,九豪統一64購02,0,0,0,---,---,---, ---,,,0.40,10,0.50,10,
707687,九豪統一74購01,0,0,0,---,---,---, ---,,,0.58,10,0.59,10,
707688,千附統一74購01,0,0,0,---,---,---, ---,,,1.03,10,1.04,10,
707689,千附精統一74購02,"18,000",4,"28,440",1.59,1.59,1.57,1.58,+,0.12,1.55,10,1.56,10,
707690,台星科統一74購02,"734,000",6,"371,170",0.51,0.51,0.47,0.47,-,0.06,0.48,100,0.49,10,
707691,兆利統一74購02,0,0,0,---,---,---, ---,,,0.44,10,0.45,10,
707692,兆利統一74購03,0,0,0,---,---,---, ---,,,0.63,10,0.64,10,
707693,宏觀統一74購01,"10,000",1,"2,700",0.27,0.27,0.27,0.27,-,0.0,0.26,100,0.27,10,
707694,系統電統一64購02,0,0,0,---,---,---, ---,,,0.40,10,0.41,10,
707695,宜特統一64購02,0,0,0,---,---,---, ---,,,0.25,10,0.26,10,
707696,宜特統一65購02,0,0,0,---,---,---, ---,,,0.17,20,0.18,10,
707697,宜特統一74購02,"10,000",1,"4,700",0.47,0.47,0.47,0.47,-,0.0,0.44,10,0.45,10,
707698,茂迪統一67購02,0,0,0,---,---,---, ---,,,0.37,10,0.38,10,
707699,意德士統一65購01,"1,000",1,450,0.45,0.45,0.45,0.45,-,0.04,0.45,10,0.46,10,
707700,意德士統一74購02,0,0,0,---,---,---, ---,,,1.04,10,1.05,10,
707701,萬泰科統一74購03,"84,000",4,"66,360",0.79,0.79,0.79,0.79,-,0.01,0.79,10,0.80,10,
707702,臺慶科統一66購01,0,0,0,---,---,---, ---,,,0.91,10,0.92,10,
707703,優群統一66購01,"280,000",3,"100,800",0.36,0.36,0.36,0.36,-,0.0,0.35,10,0.36,10,
707704,環球晶統一64購03,0,0,0,---,---,---, ---,,,2.08,10,2.09,10,
707705,環球晶統一74購01,"69,000",17,"123,400",1.84,1.84,1.69,1.78,-,0.15,1.76,10,1.77,10,
707706,力致台新5A購01,0,0,0,---,---,---, ---,,,0.08,25,0.10,10,
707707,力致台新5A購02,0,0,0,---,---,---, ---,,,0.07,25,0.10,10,
707708,久元台新5A購01,0,0,0,---,---,---, ---,,,0.16,25,0.17,10,
707709,美琪瑪台新5A購01,0,0,0,---,---,---, ---,,,0.23,25,0.24,10,
707710,千附精國票5B購02,"9,000",3,"9,990",1.16,1.16,1.10,1.11,+,0.1,1.10,25,1.14,10,
707711,千附精國票5B購03,"28,000",4,"43,230",1.41,1.62,1.41,1.62,+,0.25,1.55,25,1.58,10,
707712,方土昶國票5B購01,0,0,0,---,---,---, ---,,,1.37,25,1.41,10,
707713,立碁國票5B購01,0,0,0,---,---,---, ---,,,0.86,25,0.00,0,
707714,邑昇國票5B購01,"193,000",15,"48,660",0.21,0.28,0.21,0.24,+,0.01,0.23,25,0.24,5,
707715,欣銓國票5B購02,"8,000",1,"8,960",1.12,1.12,1.12,1.12,-,0.18,1.09,25,1.16,10,
707716,信紘科國票5A購01,"50,000",1,"4,000",0.08,0.08,0.08,0.08,-,0.03,0.08,25,0.09,10,
707717,信紘科國票5B購01,"30,000",1,"3,000",0.10,0.10,0.10,0.10,-,0.02,0.09,25,0.10,10,
707718,家登國票5A購01,"26,000",1,"31,200",1.20,1.20,1.20,1.20,-,0.15,1.23,25,1.24,10,
707719,能率亞國票5B購01,"13,000",2,"23,300",1.86,1.86,1.75,1.75,+,0.07,1.73,25,1.75,10,
707720,華容國票5B購01,0,0,0,---,---,---, ---,,,5.90,25,6.40,10,
707721,群聯國票5B購01,"520,000",11,"929,770",1.79,1.79,1.66,1.75,+,0.08,1.75,24,1.78,2,
707722,蜜望實國票5B購01,"165,000",9,"275,620",1.82,1.82,1.57,1.58,-,0.37,1.65,25,1.67,10,
707724,千附精元大5A購02,"88,000",2,"179,420",1.99,2.09,1.99,2.09,+,0.21,0.73,13,2.02,5,
707725,千附精元大5A購03,"72,000",2,"178,810",2.43,2.54,2.43,2.54,+,0.47,0.88,11,0.00,0,
707726,千附精元大5A購04,0,0,0,---,---,---, ---,,,0.17,58,0.00,0,
707727,千附精元大5A購05,"70,000",2,"178,740",2.50,2.61,2.50,2.61,+,0.23,1.35,7,0.00,0,
707728,千附精元大5A購06,0,0,0,---,---,---, ---,,,0.00,0,0.00,0,
707729,欣銓元大5A購02,"10,000",1,"16,500",1.65,1.65,1.65,1.65,-,0.18,1.57,400,1.67,10,
707730,欣銓元大63購03,"153,000",10,"339,680",2.23,2.26,2.20,2.23,-,0.17,2.22,300,2.23,10,
707731,美琪瑪元大5A購03,0,0,0,---,---,---, ---,,,0.10,499,0.11,10,
707732,華容元大5A購01,0,0,0,---,---,---, ---,,,8.05,100,0.00,0,
707733,群翊元大5A購07,0,0,0,---,---,---, ---,,,0.24,499,0.25,10,
707734,群聯元大5A購01,"44,000",8,"56,040",1.28,1.28,1.25,1.28,+,0.03,1.26,499,1.36,10,
707735,群聯元大5A購02,"451,000",24,"386,560",0.82,0.90,0.82,0.86,-,0.02,0.85,499,0.90,32,
707736,鈺太元大61購01,"57,000",1,"8,550",0.15,0.15,0.15,0.15,-,0.01,0.14,499,0.15,10,
707738,蜜望實元大5A購04,"1,000",1,"1,510",1.51,1.51,1.51,1.51,-,0.12,1.41,450,1.51,10,
707739,蜜望實元大5A購05,0,0,0,---,---,---, ---,,,1.62,400,0.00,0,
707740,千附精凱基5A購02,"25,000",2,"53,350",2.20,2.20,2.09,2.09,+,0.25,2.03,10,2.08,10,
707741,方土昶凱基5A購01,"25,000",2,"61,250",2.45,2.45,2.45,2.45,-,0.03,2.40,10,2.45,10,
707742,欣銓凱基5A購01,"40,000",1,"58,000",1.45,1.45,1.45,1.45,-,0.55,1.47,100,1.49,10,
707743,欣銓凱基5A購02,"102,000",8,"201,630",2.12,2.12,1.87,2.12,-,0.32,2.03,50,2.06,10,
707744,信紘科凱基5A購02,0,0,0,---,---,---, ---,,,0.03,10,0.13,10,
707746,萬泰科凱基5A購02,"100,000",10,"78,200",0.73,0.81,0.73,0.81,+,0.01,0.81,50,0.00,0,
707747,群聯凱基5A購01,"435,000",8,"685,610",1.69,1.73,1.49,1.71,+,0.05,1.63,100,1.65,10,
707748,群聯凱基5A購02,"1,000",1,"2,030",2.03,2.03,2.03,2.03,+,0.05,2.01,100,2.50,6,
707749,蜜望實凱基5A購02,"39,000",7,"65,590",2.01,2.01,1.51,1.51,-,0.48,1.59,100,1.62,10,
707750,千附精永豐5C購01,"815,000",6,"850,590",1.03,1.06,1.02,1.02,+,0.08,1.00,10,1.01,10,
707751,方土昶永豐5A購01,0,0,0,---,---,---, ---,,,2.14,10,2.24,10,
707752,世禾永豐5B購01,0,0,0,---,---,---, ---,,,0.15,10,0.16,10,
707753,立碁永豐61購01,"709,000",8,"211,910",0.27,0.37,0.27,0.37,+,0.13,0.36,10,0.70,10,
707754,欣銓永豐5A購01,"255,000",9,"322,750",1.31,1.32,1.23,1.32,-,0.17,1.25,10,1.27,10,
707755,欣銓永豐5C購01,"199,000",8,"290,780",1.42,1.50,1.38,1.50,-,0.16,1.46,10,1.47,10,
707756,新盛力永豐5A購01,0,0,0,---,---,---, ---,,,3.56,10,3.66,10,
707757,群聯永豐61購01,"1,810,000",32,"1,735,100",0.96,0.97,0.91,0.95,+,0.02,0.94,20,0.97,15,
707758,群聯永豐64購01,"2,082,000",26,"2,333,100",1.13,1.15,1.09,1.15,+,0.03,1.13,10,1.14,10,
707759,蜜望實永豐61購01,"519,000",16,"616,490",1.25,1.25,1.10,1.10,-,0.16,1.13,10,1.14,10,
707760,信昌電國泰5B購01,0,0,0,---,---,---, ---,,,11.80,499,0.00,0,
707761,信紘科國泰5B購01,0,0,0,---,---,---, ---,,,0.21,499,0.27,10,
707762,群翊國泰5C購01,0,0,0,---,---,---, ---,,,0.58,499,0.59,100,
707763,群聯群益5B購01,"55,000",7,"119,220",2.14,2.24,2.12,2.22,+,0.02,2.17,105,2.22,99,
707764,群聯群益61購01,"456,000",24,"913,910",2.03,2.09,1.93,2.00,-,0.0,2.05,100,2.08,100,
707765,群聯群益64購01,"747,000",28,"1,727,800",2.24,2.35,2.20,2.33,+,0.07,2.32,100,2.34,100,
707766,蜜望實國泰5B購01,0,0,0,---,---,---, ---,,,2.86,499,2.92,100,
707767,精材兆豐5C購01,"12,000",4,"85,500",7.00,7.30,7.00,7.30,+,1.3,7.25,30,7.30,20,
707768,力旺永豐5A購01,0,0,0,---,---,---, ---,,,0.02,3,0.10,100,
707769,力旺永豐5B購01,0,0,0,---,---,---, ---,,,0.05,10,0.10,10,
707770,力旺永豐5C購01,0,0,0,---,---,---, ---,,,0.06,20,0.12,10,
707771,台半永豐5C購01,"25,000",3,"50,950",2.01,2.11,2.01,2.11,-,0.07,2.03,10,2.04,10,
707772,巨有永豐5C購01,0,0,0,---,---,---, ---,,,0.75,10,0.77,10,
707773,立端永豐5A購01,0,0,0,---,---,---, ---,,,0.09,10,0.00,0,
707774,宏捷科永豐5C購02,0,0,0,---,---,---, ---,,,0.18,10,0.19,10,
707775,亞通永豐5A購01,"134,000",17,"90,100",0.60,0.87,0.56,0.66,+,0.04,0.63,10,0.64,10,
707776,旺矽永豐5B購02,"154,000",6,"71,330",0.44,0.58,0.44,0.52,-,0.07,0.51,10,0.52,5,
707777,信昌電永豐5C購01,"5,000",1,"43,500",8.70,8.70,8.70,8.70,+,0.5,8.35,10,9.30,1,
707778,信驊永豐5B購04,"40,000",6,"68,600",1.75,1.75,1.63,1.63,+,0.04,1.80,10,1.90,10,
707779,華景電永豐5C購02,0,0,0,---,---,---, ---,,,0.22,10,0.23,10,
707780,精測永豐61購02,"2,136,000",40,"378,740",0.13,0.19,0.13,0.18,+,0.03,0.18,240,0.25,5,
707781,臺慶科永豐5B購01,"89,000",9,"102,140",1.20,1.20,1.02,1.02,-,0.16,1.05,10,1.06,10,
707782,聰泰永豐5A購01,0,0,0,---,---,---, ---,,,0.17,10,0.18,10,
707783,力旺凱基5A購03,"1,000",1,100,0.10,0.10,0.10,0.10,+,0.04,0.01,20,0.10,9,
707784,力旺凱基5A購04,0,0,0,---,---,---, ---,,,0.01,549,0.06,5,
707785,力旺凱基5B購02,"21,000",3,"2,700",0.20,0.20,0.06,0.19,+,0.09,0.06,10,0.19,49,
707786,力旺凱基5C購01,"26,000",2,"25,480",0.98,0.98,0.98,0.98,+,0.3,0.14,10,0.68,30,
707787,力旺凱基61購01,"51,000",2,"13,280",0.28,0.28,0.26,0.26,-,0.02,0.17,10,0.25,19,
707788,立碁凱基5B購01,"427,000",24,"106,680",0.16,0.34,0.16,0.34,+,0.2,0.25,30,0.34,17,
707789,宏捷科凱基5A購02,0,0,0,---,---,---, ---,,,0.02,100,0.12,10,
707790,旺矽凱基5A購05,0,0,0,---,---,---, ---,,,0.47,100,0.00,0,
707791,旺矽凱基5B購02,"50,000",1,"30,500",0.61,0.61,0.61,0.61,-,0.28,0.61,20,0.00,0,
707792,旺矽凱基5C購02,0,0,0,---,---,---, ---,,,0.72,10,0.90,5,
707793,信昌電凱基5A購02,0,0,0,---,---,---, ---,,,9.85,10,10.70,10,
707794,信昌電凱基5A購03,0,0,0,---,---,---, ---,,,0.00,0,0.00,0,
707795,信驊凱基5A購04,"213,000",20,"472,270",2.09,2.31,2.09,2.13,+,0.02,2.35,100,2.45,10,
707796,信驊凱基5B購03,"196,000",30,"403,860",1.66,2.21,1.65,2.21,+,0.15,2.21,42,2.28,1,
707797,信驊凱基5C購02,"3,000",3,"6,450",2.07,2.19,2.07,2.19,+,0.32,2.19,98,3.10,1,
707798,信驊凱基61購04,0,0,0,---,---,---, ---,,,2.18,100,2.25,10,
707799,家登凱基5A購01,"103,000",16,"109,710",1.34,1.34,1.00,1.05,-,0.14,1.04,110,1.06,10,
707800,華景電凱基5A購04,0,0,0,---,---,---, ---,,,0.11,10,0.12,10,
707801,群翊凱基5A購02,0,0,0,---,---,---, ---,,,0.07,10,0.08,50,
707802,精測凱基5A購01,0,0,0,---,---,---, ---,,,0.05,20,0.13,10,
707803,精測凱基5A購02,"1,000",1,170,0.17,0.17,0.17,0.17,+,0.02,0.07,100,0.17,10,
707804,精測凱基5A購03,0,0,0,---,---,---, ---,,,0.09,100,0.19,10,
707805,力領台新5A購01,0,0,0,---,---,---, ---,,,0.65,25,0.66,10,
707806,世界台新5A購01,"21,000",1,"35,280",1.68,1.68,1.68,1.68,-,0.23,1.73,25,1.75,10,
707807,宏捷科台新5A購01,0,0,0,---,---,---, ---,,,0.12,25,0.22,10,
707808,宏捷科台新5A購02,"998,000",2,"154,690",0.15,0.16,0.15,0.16,+,0.03,0.12,25,0.13,10,
707809,宏捷科台新61購01,"28,000",1,"11,480",0.41,0.41,0.41,0.41,+,0.01,0.38,25,0.39,10,
707810,旺矽台新5A購01,0,0,0,---,---,---, ---,,,0.54,25,0.64,10,
707811,旺矽台新5A購02,"10,000",1,"3,500",0.35,0.35,0.35,0.35,+,0.05,0.25,25,0.00,0,
707812,信驊台新5A購01,"118,000",17,"318,560",2.57,2.87,2.53,2.67,-,0.04,2.92,25,3.01,10,
707813,信驊台新5A購02,"36,000",1,"59,400",1.65,1.65,1.65,1.65,+,0.4,1.71,25,1.77,10,
707814,群翊台新5A購03,0,0,0,---,---,---, ---,,,0.04,25,0.10,10,
707815,璟德台新5A購01,"103,000",4,"43,180",0.42,0.42,0.41,0.42,-,0.14,0.40,25,0.43,10,
707816,力旺元大5A購04,0,0,0,---,---,---, ---,,,0.03,50,0.20,10,
707817,力旺元大5A購05,0,0,0,---,---,---, ---,,,0.00,0,0.10,48,
707818,力旺元大5B購01,0,0,0,---,---,---, ---,,,0.03,20,0.11,10,
707819,均豪元大5A購03,"111,000",5,"38,810",0.33,0.35,0.33,0.35,-,0.03,0.36,25,0.37,10,
707820,旺矽元大5A購04,"57,000",4,"26,220",0.46,0.46,0.46,0.46,+,0.01,0.46,198,0.68,1,
707821,旺矽元大5B購02,0,0,0,---,---,---, ---,,,0.58,499,0.00,0,
707822,旺矽元大61購02,"8,000",3,"8,420",1.07,1.07,1.00,1.00,-,0.05,0.97,2,1.06,10,
707823,長科*元大5A購01,"1,000",1,880,0.88,0.88,0.88,0.88,-,0.3,0.90,25,0.00,0,
707824,信昌電元大5A購03,0,0,0,---,---,---, ---,,,8.15,1,0.00,0,
707825,信昌電元大5A購04,0,0,0,---,---,---, ---,,,11.90,1,0.00,0,
707827,信昌電元大5A購06,0,0,0,---,---,---, ---,,,0.00,0,0.00,0,
707828,信驊元大5A購02,"251,000",9,"316,290",1.26,1.27,1.16,1.17,+,0.02,1.14,1,1.68,15,
707829,信驊元大63購01,"5,000",2,"20,270",4.06,4.06,4.03,4.03,+,0.05,3.43,9,4.15,5,
707830,美琪瑪元大5A購04,0,0,0,---,---,---, ---,,,0.15,499,0.16,10,
707831,華景電元大5A購05,0,0,0,---,---,---, ---,,,0.17,499,0.18,10,
707832,新盛力元大61購01,0,0,0,---,---,---, ---,,,3.76,250,3.84,10,
707833,群翊元大61購01,"557,000",3,"172,940",0.32,0.32,0.31,0.31,-,0.05,0.31,499,0.32,10,
707834,精測元大5B購02,"38,000",4,"15,130",0.42,0.43,0.37,0.40,+,0.06,0.39,499,0.40,10,
707835,精測元大63購04,0,0,0,---,---,---, ---,,,0.27,499,0.76,94,
707836,穩得元大5A購03,0,0,0,---,---,---, ---,,,0.11,499,0.12,10,
707838,立碁國泰5B購02,"18,000",2,"13,600",0.76,0.76,0.75,0.75,+,0.22,0.75,100,1.00,16,
707839,旺矽國泰5B購01,"10,000",2,"7,400",0.68,0.80,0.68,0.80,+,0.13,0.68,20,0.79,5,
707840,旺矽國泰5B購02,"51,000",7,"24,400",0.48,0.50,0.46,0.50,-,0.01,0.50,20,1.00,10,
707841,信昌電國泰5B購02,0,0,0,---,---,---, ---,,,6.90,499,0.00,0,
707842,新盛力國泰5B購01,0,0,0,---,---,---, ---,,,3.55,499,3.61,10,
707843,旺矽統一64購02,"52,000",11,"44,150",0.91,0.91,0.78,0.85,-,0.0,0.85,7,0.86,10,
707844,群聯統一64購01,"133,000",17,"145,020",1.08,1.15,1.07,1.13,+,0.02,1.13,10,1.14,25,
707845,精測統一64購03,"512,000",14,"134,290",0.24,0.29,0.24,0.27,+,0.05,0.24,10,0.25,10,
707846,力旺富邦5C購01,"489,000",11,"63,870",0.13,0.15,0.13,0.15,-,0.01,0.14,20,0.15,2,
707847,良維富邦62購01,"498,000",14,"355,630",0.69,0.73,0.69,0.73,+,0.05,0.66,10,0.67,28,
707848,旺矽富邦64購02,"2,184,000",175,"1,437,650",0.71,0.75,0.61,0.68,-,0.03,0.69,10,0.74,14,
707849,欣銓富邦5A購01,"836,000",31,"674,720",0.81,0.83,0.78,0.82,-,0.11,0.80,10,0.82,28,
707850,欣銓富邦64購01,"1,059,000",51,"894,220",0.85,0.87,0.81,0.87,-,0.07,0.85,10,0.86,28,
707851,信紘科富邦62購01,0,0,0,---,---,---, ---,,,0.21,10,0.22,28,
707852,信驊富邦61購01,"391,000",66,"833,460",1.86,2.27,1.85,2.10,+,0.06,2.10,20,2.15,2,
707853,華電網富邦62購01,0,0,0,---,---,---, ---,,,0.08,10,0.10,28,
707854,順達富邦62購01,"7,000",2,"5,010",0.73,0.73,0.71,0.71,-,0.08,0.70,10,0.71,28,
707855,新盛力富邦5C購01,0,0,0,---,---,---, ---,,,2.71,10,2.76,10,
707856,新盛力富邦61購01,0,0,0,---,---,---, ---,,,2.43,10,2.48,10,
707857,群翊富邦5B購01,"526,000",5,"42,020",0.09,0.09,0.07,0.07,-,0.04,0.08,310,0.09,28,
707858,群聯富邦5C購01,"42,000",9,"43,990",1.06,1.14,1.03,1.14,+,0.11,1.06,10,1.14,3,
707859,群聯富邦61購01,"751,000",16,"985,470",1.31,1.34,1.26,1.33,+,0.02,1.36,1,1.44,28,
707860,精測富邦61購01,"880,000",10,"143,600",0.12,0.18,0.12,0.15,+,0.02,0.15,10,0.16,28,
707861,M31凱基5A購02,0,0,0,---,---,---, ---,,,0.00,0,0.00,0,
707862,M31凱基5A購03,0,0,0,---,---,---, ---,,,0.04,100,0.00,0,
707863,宏觀凱基61購02,0,0,0,---,---,---, ---,,,0.04,10,0.14,10,
707864,良維凱基5B購03,0,0,0,---,---,---, ---,,,0.27,100,0.28,30,
707865,家登凱基5A購02,"10,000",1,"7,300",0.73,0.73,0.73,0.73,-,0.0,0.56,100,0.57,30,
707866,華景電凱基5C購01,0,0,0,---,---,---, ---,,,0.26,10,0.27,10,
707867,新盛力凱基5A購03,"82,000",7,"435,500",5.65,5.65,5.10,5.25,-,0.7,5.15,10,5.65,10,
707868,聖暉*凱基5A購02,0,0,0,---,---,---, ---,,,0.16,100,0.17,30,
707869,鏵友益凱基5A購01,0,0,0,---,---,---, ---,,,0.06,10,0.07,10,
707870,環球晶兆豐5C購02,0,0,0,---,---,---, ---,,,3.10,10,3.11,10,
707871,M31元大5A購01,0,0,0,---,---,---, ---,,,0.00,0,0.00,0,
707872,M31元大5A購02,"58,000",2,"16,920",0.30,0.30,0.29,0.29,-,0.12,0.01,499,0.00,0,
707873,M31元大61購01,"60,000",1,"12,000",0.20,0.20,0.20,0.20,-,0.06,0.18,70,0.54,300,
707874,M31元大63購01,0,0,0,---,---,---, ---,,,0.14,71,0.28,1,
707875,久元元大5A購02,0,0,0,---,---,---, ---,,,0.30,499,0.31,10,
707876,千附元大5A購01,0,0,0,---,---,---, ---,,,0.30,499,0.40,10,
707877,加高元大5A購01,0,0,0,---,---,---, ---,,,0.20,499,0.21,10,
707878,台嘉碩元大5A購02,"25,000",2,"6,300",0.25,0.26,0.25,0.26,-,0.05,0.26,499,0.27,10,
707879,立敦元大5A購01,0,0,0,---,---,---, ---,,,0.55,499,0.65,10,
707881,立碁元大63購01,"192,000",19,"184,810",0.84,1.06,0.84,1.03,+,0.3,0.97,11,1.03,4,
707882,宏觀元大5C購01,0,0,0,---,---,---, ---,,,0.11,499,0.14,10,
707883,欣銓元大5A購03,0,0,0,---,---,---, ---,,,1.20,499,1.30,10,
707884,家登元大61購01,"43,000",5,"75,420",1.86,1.86,1.68,1.68,-,0.12,1.66,25,1.68,10,
707885,華電網元大5A購02,0,0,0,---,---,---, ---,,,0.00,0,0.10,10,
707886,鈺太元大5A購01,0,0,0,---,---,---, ---,,,0.10,499,0.11,10,
707887,鏵友益元大5A購01,0,0,0,---,---,---, ---,,,0.02,499,0.12,10,
707888,元債20群益5A購01,0,0,0,---,---,---, ---,,,0.08,25,0.09,10,
707889,世界群益5A購02,0,0,0,---,---,---, ---,,,0.67,499,0.77,10,
707890,宏觀群益5A購01,0,0,0,---,---,---, ---,,,0.00,0,0.00,0,
707891,欣銓群益5A購01,0,0,0,---,---,---, ---,,,0.73,13,0.00,0,
707892,翔名群益5A購01,0,0,0,---,---,---, ---,,,0.23,43,0.00,0,
707893,環球晶群益5A購04,0,0,0,---,---,---, ---,,,0.00,0,4.65,10,
707894,M31富邦5C購01,"50,000",1,"8,500",0.17,0.17,0.17,0.17,-,0.05,0.17,10,0.18,28,
707895,元太富邦61購01,"630,000",12,"450,310",0.76,0.77,0.71,0.74,-,0.09,0.73,10,0.74,28,
707896,台星科富邦61購01,"1,052,000",39,"511,100",0.54,0.55,0.43,0.47,-,0.13,0.47,10,0.48,28,
707897,均豪富邦62購01,"737,000",15,"230,800",0.30,0.32,0.27,0.31,-,0.0,0.30,10,0.31,28,
707898,宏捷科富邦5C購03,0,0,0,---,---,---, ---,,,0.20,10,0.21,28,
707899,宏捷科富邦61購02,"107,000",3,"10,700",0.10,0.10,0.10,0.10,+,0.03,0.07,10,0.10,28,
707900,華景電富邦61購01,"20,000",2,"2,900",0.15,0.15,0.14,0.14,-,0.02,0.14,10,0.15,28,
707901,鈊象富邦61購01,"545,000",15,"196,780",0.36,0.38,0.33,0.37,+,0.01,0.36,10,0.38,28,
707902,萬泰科富邦62購01,"132,000",5,"90,260",0.67,0.69,0.67,0.69,-,0.01,0.69,10,0.70,28,
707903,欣銓群益5A購02,"1,073,000",5,"530,760",0.55,0.55,0.49,0.49,-,0.17,0.21,47,0.00,0,
707904,新盛力群益5A購01,"26,000",4,"85,830",4.17,4.17,2.93,2.93,-,0.94,2.87,10,2.97,10,
707906,久元元大5A購03,0,0,0,---,---,---, ---,,,0.67,499,0.68,10,
707907,方土昶元大5A購01,"3,000",1,"6,450",2.15,2.15,2.15,2.15,+,0.07,2.05,25,2.08,10,
707908,世界元大5A購03,0,0,0,---,---,---, ---,,,0.01,499,0.00,0,
707909,尼克森元大5A購01,0,0,0,---,---,---, ---,,,0.62,499,0.72,10,
707910,立碁元大5A購03,0,0,0,---,---,---, ---,,,0.06,100,0.32,15,
707911,兆利元大5A購01,0,0,0,---,---,---, ---,,,0.02,499,0.04,30,
707912,均華元大5A購01,0,0,0,---,---,---, ---,,,0.07,100,0.15,15,
707913,均華元大5A購02,0,0,0,---,---,---, ---,,,0.04,499,0.08,10,
707914,均豪元大5A購04,0,0,0,---,---,---, ---,,,0.53,25,0.55,10,
707915,沛亨元大5A購05,0,0,0,---,---,---, ---,,,0.09,499,0.19,10,
707916,邑昇元大5A購01,"269,000",10,"122,550",0.41,0.51,0.40,0.51,+,0.05,0.46,499,0.47,10,
707917,信紘科元大5A購02,0,0,0,---,---,---, ---,,,0.14,499,0.15,10,
707918,家登元大5A購03,"154,000",5,"46,160",0.37,0.37,0.29,0.29,-,0.08,0.28,25,0.29,10,
707919,家登元大5A購04,"7,000",1,"4,690",0.67,0.67,0.67,0.67,-,0.06,0.66,25,0.67,10,
707920,華景電元大5A購06,0,0,0,---,---,---, ---,,,0.14,499,0.15,10,
707921,華景電元大63購01,0,0,0,---,---,---, ---,,,0.17,499,0.18,10,
707922,新盛力元大5A購03,"1,000",1,"4,510",4.51,4.51,4.51,4.51,+,0.07,3.77,150,3.87,10,
707923,德微元大5A購01,"12,000",3,"22,040",1.94,1.94,1.80,1.80,-,0.22,1.84,400,1.86,10,
707924,久元凱基5A購01,0,0,0,---,---,---, ---,,,0.06,10,0.07,10,
707925,合晶凱基5A購01,0,0,0,---,---,---, ---,,,18.70,100,0.00,0,
707926,均華凱基5A購01,0,0,0,---,---,---, ---,,,0.04,100,0.12,10,
707927,系微凱基5A購03,0,0,0,---,---,---, ---,,,0.02,10,0.12,10,
707928,欣銓凱基63購01,"141,000",11,"146,120",1.06,1.10,0.99,1.10,-,0.11,1.05,100,1.06,10,
707929,家登凱基5A購03,"10,000",1,"5,200",0.52,0.52,0.52,0.52,-,0.06,0.44,100,0.45,30,
707930,鈺太凱基61購01,0,0,0,---,---,---, ---,,,0.14,100,0.15,10,
707931,環球晶凱基5A購01,"71,000",8,"307,240",4.72,4.72,3.98,4.44,-,0.81,4.44,5,4.54,10,
707932,世禾富邦5C購02,0,0,0,---,---,---, ---,,,0.13,10,0.14,28,
707933,均華富邦61購01,"1,378,000",16,"333,640",0.20,0.27,0.20,0.27,+,0.06,0.25,10,0.27,28,
707934,沛亨富邦5B購01,0,0,0,---,---,---, ---,,,0.18,10,0.19,28,
707935,欣銓富邦5B購01,"96,000",10,"38,350",0.41,0.42,0.37,0.42,-,0.05,0.40,10,0.41,28,
707936,中美晶兆豐64購01,"193,000",9,"475,540",2.60,2.60,2.44,2.50,-,0.15,2.49,421,2.50,5,
707937,順達兆豐5C購02,"1,000",1,380,0.38,0.38,0.38,0.38,-,0.05,0.37,20,0.38,29,
707938,世界群益5A購03,"237,000",9,"149,320",0.63,0.64,0.60,0.63,-,0.14,0.22,227,0.00,0,
707939,合晶群益5B購01,0,0,0,---,---,---, ---,,,0.00,0,11.60,10,
707940,良維群益5A購01,"11,000",4,"1,910",0.17,0.18,0.17,0.17,+,0.01,0.15,10,0.20,5,
707941,原相群益5A購01,"20,000",1,"2,200",0.11,0.11,0.11,0.11,-,0.09,0.10,10,0.20,10,
707942,創惟群益5B購01,0,0,0,---,---,---, ---,,,0.30,25,0.31,10,
707943,富喬群益5A購03,0,0,0,---,---,---, ---,,,0.55,499,0.65,10,
707944,富喬群益5A購04,"74,000",2,"31,830",0.43,0.44,0.43,0.44,-,0.01,0.16,62,0.56,10,
707945,聖暉*群益5B購01,0,0,0,---,---,---, ---,,,0.37,100,0.38,100,
707946,德微群益5A購01,"98,000",3,"205,860",2.13,2.13,2.07,2.07,-,0.26,2.04,10,2.14,10,
707947,雙鴻群益5B購06,"534,000",8,"280,900",0.45,0.57,0.41,0.53,+,0.12,0.17,68,0.00,0,
707948,久元凱基5A購02,0,0,0,---,---,---, ---,,,0.37,10,0.38,10,
707949,千附凱基5A購01,0,0,0,---,---,---, ---,,,0.10,100,0.11,10,
707950,世界凱基5A購02,"8,000",2,"4,160",0.52,0.52,0.52,0.52,-,0.11,0.55,100,0.56,10,
707951,兆利凱基5A購01,0,0,0,---,---,---, ---,,,0.02,10,0.12,10,
707952,艾訊凱基5B購01,0,0,0,---,---,---, ---,,,1.08,10,1.10,10,
707953,均豪凱基5A購02,0,0,0,---,---,---, ---,,,0.08,100,0.09,30,
707954,沛亨凱基5A購02,0,0,0,---,---,---, ---,,,0.05,10,0.15,10,
707955,家登凱基5A購04,"70,000",2,"15,300",0.23,0.23,0.21,0.21,-,0.04,0.21,100,0.22,50,
707956,勤凱凱基5A購02,0,0,0,---,---,---, ---,,,0.47,10,0.49,10,
707957,新盛力凱基5B購01,"50,000",8,"166,280",3.20,3.72,2.95,2.95,-,0.5,2.86,10,2.96,10,
707958,鉅橡凱基5A購03,0,0,0,---,---,---, ---,,,0.03,10,0.13,10,
707959,雙鴻凱基5A購07,"707,000",9,"196,920",0.26,0.41,0.24,0.41,+,0.16,0.44,100,0.00,0,
707960,雙鴻凱基61購02,"156,000",10,"109,450",0.55,0.75,0.55,0.75,+,0.28,0.72,499,0.75,8,
707961,中美晶富邦5A購01,0,0,0,---,---,---, ---,,,1.21,30,1.25,10,
707962,長科*富邦62購01,"98,000",1,"94,080",0.96,0.96,0.96,0.96,-,0.1,0.95,10,0.97,28,
707963,家登富邦61購01,0,0,0,---,---,---, ---,,,0.50,10,0.51,28,
707964,富喬富邦61購01,"1,449,000",27,"649,920",0.44,0.47,0.41,0.45,+,0.01,0.45,10,0.46,28,
707965,聖暉*富邦5C購01,"158,000",8,"91,530",0.56,0.61,0.56,0.56,-,0.01,0.53,30,0.54,28,
707966,鉅橡富邦5B購01,0,0,0,---,---,---, ---,,,0.06,10,0.07,28,
707967,鈺太富邦5A購01,0,0,0,---,---,---, ---,,,0.03,30,0.04,28,
707968,優群富邦61購01,"30,000",3,"6,800",0.23,0.23,0.22,0.22,-,0.01,0.21,10,0.22,28,
707969,環球晶富邦5B購01,0,0,0,---,---,---, ---,,,12.30,10,13.30,10,
707970,雙鴻富邦5C購09,"876,000",35,"442,190",0.46,0.63,0.45,0.63,+,0.17,0.63,10,0.68,5,
707971,巨有元大5A購01,0,0,0,---,---,---, ---,,,0.24,5,0.33,10,
707972,富喬元大5C購02,"542,000",9,"247,550",0.43,0.50,0.43,0.45,-,0.02,0.46,499,0.47,168,
707973,華義元大5A購01,0,0,0,---,---,---, ---,,,0.07,125,0.00,0,
707974,環球晶元大5A購01,0,0,0,---,---,---, ---,,,0.82,12,2.22,6,
707975,雙鴻兆豐5C購02,"115,000",4,"70,300",0.58,0.69,0.58,0.69,+,0.21,0.70,10,0.75,10,
707976,世界兆豐5C購01,0,0,0,---,---,---, ---,,,0.93,10,0.94,10,
707977,富喬國票5A購02,"835,000",12,"350,240",0.40,0.44,0.40,0.43,-,0.0,0.44,25,0.45,10,
707978,富喬國票5B購02,"101,000",3,"53,670",0.54,0.54,0.51,0.53,-,0.03,0.54,25,0.55,10,
707979,華義國票5B購01,"2,000",2,150,0.07,0.08,0.07,0.08,+,0.04,0.08,9,0.09,1,
707980,華義國票5B購02,0,0,0,---,---,---, ---,,,0.05,25,0.13,5,
707981,新盛力國票5A購02,"117,000",6,"250,610",2.63,2.63,2.00,2.03,-,0.4,1.97,25,1.99,10,
707982,雙鴻凱基5A購08,"50,000",11,"11,520",0.19,0.28,0.19,0.28,+,0.09,0.29,100,0.00,0,
707983,良維凱基5A購04,0,0,0,---,---,---, ---,,,0.15,100,0.16,50,
707984,聖暉*凱基5C購01,"46,000",3,"36,300",0.80,0.80,0.70,0.70,-,0.04,0.72,100,0.73,30,
707985,德微凱基5A購02,"429,000",1,"296,010",0.69,0.69,0.69,0.69,-,0.04,0.64,100,0.65,10,
707986,環球晶凱基5A購02,0,0,0,---,---,---, ---,,,3.81,100,3.91,10,
707987,雙鴻凱基5C購06,"329,000",5,"332,350",0.85,1.07,0.85,1.07,+,0.23,1.17,499,1.50,5,
707988,譜瑞群益5A購01,0,0,0,---,---,---, ---,,,0.41,10,0.51,10,
707989,系統電國泰5B購01,0,0,0,---,---,---, ---,,,0.52,499,0.54,100,
707990,新盛力國泰5B購02,0,0,0,---,---,---, ---,,,3.00,499,3.06,10,
707991,群聯國泰5B購01,0,0,0,---,---,---, ---,,,1.87,499,1.93,25,
707992,群聯國泰5B購02,0,0,0,---,---,---, ---,,,1.48,499,1.54,4,
707993,立碁元大5A購04,"250,000",2,"75,000",0.30,0.30,0.30,0.30,-,0.0,0.30,125,0.00,0,
707994,系微元大5C購01,0,0,0,---,---,---, ---,,,0.10,499,0.11,10,
707995,德微元大5A購02,0,0,0,---,---,---, ---,,,0.39,499,0.49,10,
707996,立碁永豐5B購02,"205,000",4,"84,500",0.41,0.50,0.41,0.50,+,0.2,0.41,10,0.60,10,
707997,新盛力永豐61購01,"226,000",11,"473,050",2.25,2.55,1.97,1.99,-,0.28,1.96,10,1.98,10,
707998,群聯永豐5C購01,"830,000",31,"885,700",1.05,1.10,1.01,1.07,+,0.01,1.06,10,1.07,2,
707999,聖暉*永豐5C購02,0,0,0,---,---,---, ---,,,0.21,10,0.22,10,
708000,德微永豐5B購01,0,0,0,---,---,---, ---,,,0.79,10,0.81,10,
708001,雙鴻永豐5C購04,"230,000",6,"171,460",0.72,1.00,0.71,1.00,+,0.28,0.99,10,0.00,0,
708002,雙鴻永豐61購03,"359,000",11,"242,540",0.64,0.85,0.64,0.85,+,0.24,0.85,10,0.00,0,
708003,立碁國票5B購02,0,0,0,---,---,---, ---,,,0.67,25,0.95,5,
708004,兆利國票5B購01,"140,000",3,"25,000",0.19,0.19,0.16,0.16,-,0.03,0.14,25,0.15,10,
708005,系微國票5B購01,0,0,0,---,---,---, ---,,,0.08,25,0.09,10,
708006,良維國票5B購01,"938,000",4,"188,800",0.22,0.22,0.19,0.19,+,0.01,0.19,25,0.20,10,
708007,凌陽創國票5B購01,0,0,0,---,---,---, ---,,,0.14,25,0.15,10,
708008,群聯國票5B購03,"690,000",27,"816,580",1.19,1.22,1.10,1.19,+,0.03,1.18,25,1.19,2,
708009,聖暉*國票5B購01,"50,000",1,"16,500",0.33,0.33,0.33,0.33,+,0.01,0.30,25,0.31,10,
708010,鉅橡國票5B購02,0,0,0,---,---,---, ---,,,0.30,25,0.31,10,
708011,矽科台新5A購01,0,0,0,---,---,---, ---,,,0.05,25,0.10,10,
708012,捷創台新5A購01,"4,000",2,"2,820",0.75,0.75,0.69,0.69,+,0.08,0.66,25,0.68,10,
708013,富強鑫台新5A購01,"52,000",4,"17,330",0.33,0.35,0.33,0.34,-,0.1,0.33,25,0.34,10,
708014,崴寶台新5A購01,0,0,0,---,---,---, ---,,,0.30,25,0.35,10,
708015,群聯台新5A購01,"22,000",4,"91,880",3.94,4.99,3.94,4.99,-,0.21,4.19,25,4.29,10,
708016,群聯台新5A購02,"78,000",7,"240,340",3.09,3.18,2.98,3.13,+,0.08,3.04,25,3.07,3,
708017,群聯台新5A購03,"79,000",5,"151,280",1.86,1.95,1.86,1.92,+,0.06,1.88,25,1.98,10,
708018,穩得台新5A購01,0,0,0,---,---,---, ---,,,0.30,25,0.40,10,
708019,良維凱基5B購04,"2,000",1,200,0.10,0.10,0.10,0.10,-,0.0,0.10,100,0.11,50,
708020,東捷凱基5A購03,0,0,0,---,---,---, ---,,,0.67,10,0.69,10,
708021,群聯凱基5B購01,"89,000",5,"123,800",1.30,1.41,1.30,1.40,+,0.04,1.40,37,0.00,0,
708022,精材凱基5C購01,"3,000",2,"18,300",6.10,6.10,6.10,6.10,+,0.7,6.70,100,7.00,1,
708023,譜瑞凱基5A購01,0,0,0,---,---,---, ---,,,0.04,100,0.10,25,
708024,三聯國票5A購01,"340,000",3,"78,000",0.25,0.25,0.21,0.21,-,0.05,0.20,25,0.21,10,
708025,大綜國票5A購01,"73,000",4,"44,850",0.63,0.63,0.61,0.61,-,0.09,0.63,25,0.64,10,
708026,太景*國票5B購01,"10,000",1,"1,700",0.17,0.17,0.17,0.17,-,0.0,0.15,25,0.16,10,
708027,良維國票5B購02,"640,000",5,"153,700",0.25,0.25,0.24,0.24,+,0.03,0.22,25,0.23,10,
708028,朋程國票5A購01,"1,000",1,510,0.51,0.51,0.51,0.51,-,0.14,0.51,25,0.53,10,
708029,崴寶國票5B購01,0,0,0,---,---,---, ---,,,0.24,25,0.26,10,
708030,群翊國票5B購03,0,0,0,---,---,---, ---,,,0.41,25,0.42,10,
708031,群聯國票5B購04,"25,000",4,"35,000",1.37,1.41,1.37,1.40,+,0.01,1.41,25,1.42,10,
708032,環球晶國票5A購02,"10,000",3,"25,220",2.51,2.53,2.51,2.53,-,0.82,2.69,25,2.72,10,
708033,譜瑞國票5B購01,"209,000",6,"46,630",0.22,0.23,0.22,0.22,-,0.02,0.22,25,0.23,10,
708034,久元永豐5C購01,0,0,0,---,---,---, ---,,,0.19,10,0.20,10,
708035,良維永豐5C購02,0,0,0,---,---,---, ---,,,0.54,499,0.55,10,
708036,精材永豐5C購02,0,0,0,---,---,---, ---,,,5.75,10,6.00,10,
708037,雙鴻永豐5B購03,"132,000",4,"51,340",0.38,0.40,0.38,0.40,+,0.03,0.53,499,0.00,0,
708038,雙鴻永豐63購02,"60,000",3,"42,800",0.65,0.80,0.65,0.80,+,0.18,0.81,10,0.00,0,
708039,力致國泰5C購01,"2,000",1,680,0.34,0.34,0.34,0.34,-,0.02,0.33,100,0.34,100,
708040,良維元大5A購04,"4,000",1,600,0.15,0.15,0.15,0.15,-,0.0,0.14,499,0.15,10,
708041,良維元大63購01,0,0,0,---,---,---, ---,,,0.38,499,0.39,10,
708042,新盛力元大5A購04,"8,000",1,"16,400",2.05,2.05,2.05,2.05,-,0.18,1.78,350,1.88,10,
708043,良維富邦61購01,"945,000",16,"202,730",0.22,0.23,0.21,0.21,+,0.01,0.20,10,0.21,28,
708044,新盛力富邦61購02,"45,000",6,"74,990",1.54,1.74,1.54,1.59,-,0.11,1.38,10,1.42,10,
708045,兆利群益5A購01,0,0,0,---,---,---, ---,,,0.20,25,0.21,10,
708046,系統電群益5B購01,0,0,0,---,---,---, ---,,,0.40,25,0.45,10,
708047,良維群益5B購03,0,0,0,---,---,---, ---,,,0.22,10,0.32,10,
708048,臺慶科群益5A購01,"200,000",1,"300,000",1.50,1.50,1.50,1.50,-,0.05,1.23,25,1.29,10,
708049,雙鴻群益5A購07,"1,000",1,340,0.34,0.34,0.34,0.34,+,0.21,0.03,333,0.00,0,
708050,中美晶台新5B購02,0,0,0,---,---,---, ---,,,1.45,25,1.55,10,
708051,兆利台新5A購01,"294,000",12,"148,250",0.52,0.54,0.41,0.41,-,0.12,0.41,25,0.42,10,
708052,兆利台新5A購02,"50,000",1,"6,500",0.13,0.13,0.13,0.13,-,0.01,0.09,25,0.10,10,
708053,環球晶台新5A購03,0,0,0,---,---,---, ---,,,0.00,0,0.00,0,
708054,環球晶台新5A購04,"140,000",10,"426,480",3.19,3.19,2.76,3.05,-,0.82,3.14,25,3.16,10,
708055,群聯元大5A購03,"1,054,000",21,"959,920",0.82,0.94,0.82,0.93,+,0.01,0.90,504,0.91,10,
708056,環球晶元大5A購02,"1,000",1,"3,930",3.93,3.93,3.93,3.93,-,0.29,0.00,0,0.00,0,
708057,環球晶元大5A購03,0,0,0,---,---,---, ---,,,0.00,0,0.00,0,
708058,環球晶元大5A購04,"1,000",1,"1,620",1.62,1.62,1.62,1.62,-,0.78,0.00,0,0.00,0,
708059,世界凱基5A購03,0,0,0,---,---,---, ---,,,0.71,100,0.73,10,
708060,系統電凱基5A購03,0,0,0,---,---,---, ---,,,0.10,10,0.11,10,
708061,欣銓凱基5A購03,"21,000",3,"14,730",0.71,0.73,0.69,0.73,-,0.09,0.69,100,0.00,0,
708062,順達凱基5A購04,0,0,0,---,---,---, ---,,,0.36,100,0.00,0,
708063,群聯凱基5B購02,0,0,0,---,---,---, ---,,,0.58,100,0.78,50,
708064,群聯兆豐64購01,"72,000",4,"143,590",1.97,2.05,1.97,1.98,-,0.0,2.02,20,2.03,10,
708065,中美晶群益5C購01,"175,000",14,"226,750",1.35,1.35,1.22,1.30,-,0.18,1.30,10,1.40,10,
708066,群聯群益5B購02,"736,000",7,"589,900",0.81,0.84,0.78,0.83,+,0.02,0.81,100,0.82,100,
708067,群聯群益5C購01,"129,000",16,"169,210",1.33,1.35,1.25,1.33,+,0.04,1.33,100,1.34,106,
708068,精材群益5A購05,"1,000",1,"5,400",5.40,5.40,5.40,5.40,+,1.2,5.70,10,0.00,0,
708069,精材群益5A購06,"2,000",2,"11,700",5.85,5.85,5.85,5.85,+,1.54,5.85,10,0.00,0,
708070,雙鴻群益5B購07,"4,452,000",52,"1,748,520",0.30,0.48,0.27,0.48,+,0.18,0.48,1,0.49,10,
708071,凡甲國票5B購01,"5,000",2,"1,670",0.33,0.34,0.33,0.34,-,0.02,0.32,28,0.33,10,
708072,久元國票5B購01,0,0,0,---,---,---, ---,,,0.25,25,0.26,10,
708073,中美晶國票5B購01,0,0,0,---,---,---, ---,,,1.11,25,1.19,10,
708074,欣銓國票5C購01,"128,000",4,"147,640",1.16,1.16,1.13,1.13,-,0.16,1.13,25,1.16,10,
708075,萬泰科國票5B購02,0,0,0,---,---,---, ---,,,0.51,25,0.52,10,
708076,群聯國票5B購05,"108,000",5,"163,080",1.50,1.56,1.46,1.56,+,0.08,1.50,25,1.52,10,
708077,精材國票5B購01,"59,000",13,"214,860",3.56,3.90,3.56,3.90,+,0.82,3.87,25,3.97,10,
708078,鑫聯國票5B購01,0,0,0,---,---,---, ---,,,0.40,25,0.41,10,
708079,鴻呈國泰5C購01,"386,000",19,"728,680",1.90,2.08,1.84,1.97,+,0.29,1.99,1,2.00,100,
708080,譜瑞國泰5B購01,0,0,0,---,---,---, ---,,,0.52,499,0.00,0,
708081,久元富邦61購02,0,0,0,---,---,---, ---,,,0.56,10,0.57,28,
708082,系統電富邦61購01,0,0,0,---,---,---, ---,,,0.34,10,0.37,10,
708083,家登富邦5C購02,"283,000",23,"230,060",0.83,0.87,0.76,0.76,-,0.09,0.75,10,0.76,28,
708084,群聯富邦5C購02,"279,000",6,"307,300",1.10,1.14,1.09,1.11,+,0.02,1.11,10,1.12,28,
708085,群聯富邦61購02,"1,074,000",11,"1,021,090",0.95,0.98,0.91,0.98,+,0.03,0.97,10,0.98,27,
708086,譜瑞富邦5C購03,"540,000",5,"163,820",0.29,0.31,0.29,0.30,-,0.03,0.30,10,0.31,28,
708087,譜瑞富邦61購01,"93,000",9,"22,640",0.25,0.25,0.24,0.25,-,0.01,0.24,11,0.25,28,
708088,群聯永豐5C購02,"127,000",2,"85,150",0.67,0.69,0.67,0.69,+,0.01,0.67,10,0.68,10,
708089,群聯永豐64購02,"215,000",7,"237,030",1.10,1.11,1.09,1.09,+,0.03,1.08,10,1.09,10,
708090,精材永豐5B購02,"91,000",4,"326,750",3.57,3.94,3.57,3.70,-,0.14,3.70,10,3.95,5,
708091,中美晶凱基61購02,"15,000",3,"25,300",1.72,1.72,1.61,1.61,-,1.05,1.70,100,1.71,10,
708092,矽科凱基5B購01,0,0,0,---,---,---, ---,,,0.02,10,0.12,10,
708093,群聯凱基61購01,"731,000",12,"465,220",0.62,0.66,0.60,0.65,+,0.03,0.63,100,0.64,10,
708094,精材凱基5B購02,"25,000",3,"99,250",3.97,3.97,3.97,3.97,+,1.42,1.48,6,3.97,5,
708095,環球晶凱基5B購02,0,0,0,---,---,---, ---,,,3.01,100,3.11,10,
708096,譜瑞凱基5B購01,0,0,0,---,---,---, ---,,,0.16,100,0.17,50,
708097,久元國票5C購01,0,0,0,---,---,---, ---,,,0.16,25,0.17,10,
708098,台星科國票5C購01,"73,000",3,"43,380",0.64,0.64,0.54,0.58,-,0.17,0.59,25,0.60,10,
708099,正淩國票5C購01,"20,000",2,"2,450",0.12,0.13,0.12,0.13,+,0.02,0.14,25,0.15,10,
708100,亞信國票5C購01,0,0,0,---,---,---, ---,,,0.25,25,0.26,10,
708101,佳邦國票5C購01,"75,000",5,"27,840",0.39,0.39,0.36,0.36,-,0.06,0.30,25,0.34,10,
708102,金山電國票5C購01,0,0,0,---,---,---, ---,,,3.86,25,3.96,10,
708103,原相國票5B購01,0,0,0,---,---,---, ---,,,0.31,25,0.32,10,
708104,原相國票5C購01,0,0,0,---,---,---, ---,,,0.31,125,0.32,10,
708105,家登國票5B購01,"4,000",1,"1,880",0.47,0.47,0.47,0.47,+,0.02,0.38,25,0.39,10,
708106,新潤國票5C購01,0,0,0,---,---,---, ---,,,0.19,25,0.20,10,
708107,群聯國票61購01,"100,000",1,"86,000",0.86,0.86,0.86,0.86,+,0.02,0.86,25,0.87,10,
708108,精華國票5C購01,0,0,0,---,---,---, ---,,,0.21,25,0.22,10,
708109,磐儀國票5C購01,"120,000",3,"29,500",0.25,0.25,0.24,0.24,-,0.02,0.23,25,0.24,10,
708110,世界台新5B購01,"9,000",1,"4,680",0.52,0.52,0.52,0.52,-,0.13,0.54,25,0.64,10,
708111,矽科台新5B購01,0,0,0,---,---,---, ---,,,0.03,25,0.10,10,
708112,家登台新5B購01,0,0,0,---,---,---, ---,,,1.29,25,1.30,10,
708113,家登台新5B購02,0,0,0,---,---,---, ---,,,0.78,25,0.88,10,
708114,家登台新62購01,0,0,0,---,---,---, ---,,,0.89,25,0.99,10,
708115,勤凱台新5B購01,"27,000",1,"29,970",1.11,1.11,1.11,1.11,-,0.19,1.12,25,1.14,10,
708116,群聯台新5B購01,"410,000",7,"429,700",1.05,1.05,0.97,1.05,+,0.03,1.03,25,1.13,10,
708117,群聯台新5B購02,"153,000",9,"88,340",0.60,0.60,0.57,0.60,-,0.0,0.56,25,0.60,19,
708118,世界群益5B購05,"231,000",7,"293,080",1.28,1.28,1.25,1.26,-,0.27,0.49,20,0.00,0,
708119,欣銓群益5B購01,"91,000",8,"206,500",2.34,2.39,2.17,2.36,-,0.43,0.94,10,0.00,0,
708120,家登群益5B購01,"165,000",3,"100,570",0.61,0.61,0.60,0.60,-,0.05,0.23,43,0.00,0,
708121,家登群益61購01,0,0,0,---,---,---, ---,,,0.26,38,0.82,300,
708122,世界永豐65購01,"20,000",4,"12,350",0.62,0.63,0.61,0.61,-,0.06,0.63,10,0.64,10,
708123,台特化永豐62購01,0,0,0,---,---,---, ---,,,0.37,499,0.38,10,
708124,高鋒永豐5C購01,0,0,0,---,---,---, ---,,,0.26,10,0.27,10,
708125,群聯永豐65購01,"174,000",5,"175,080",1.00,1.01,1.00,1.01,+,0.01,1.01,10,1.02,10,
708126,群聯中信62購01,"18,000",3,"12,190",0.69,0.69,0.66,0.67,-,0.01,0.66,10,0.67,10,
708127,凡甲國泰61購01,0,0,0,---,---,---, ---,,,0.88,5,0.97,10,
708128,東捷國泰61購01,"10,000",1,"20,000",2.00,2.00,2.00,2.00,-,0.12,1.98,10,2.00,10,
708129,欣銓國泰5C購01,"239,000",13,"356,610",1.51,1.52,1.37,1.50,-,0.17,1.49,499,1.51,100,
708130,群聯國泰61購01,0,0,0,---,---,---, ---,,,1.91,499,2.01,100,
708131,中美晶富邦61購01,"30,000",2,"40,450",1.35,1.35,1.34,1.34,-,0.17,1.35,30,1.36,28,
708132,環球晶富邦5C購02,0,0,0,---,---,---, ---,,,1.13,10,1.23,10,
708133,中美晶元大5B購02,"16,000",3,"35,600",2.20,2.26,2.20,2.26,-,0.19,2.24,300,2.26,10,
708134,中美晶元大5B購03,0,0,0,---,---,---, ---,,,1.08,499,1.18,10,
708135,世界元大5B購02,"113,000",3,"94,490",0.84,0.84,0.83,0.83,-,0.14,0.01,499,0.00,0,
708136,世界元大5B購03,0,0,0,---,---,---, ---,,,0.34,29,0.00,0,
708137,均豪元大5B購01,"100,000",2,"37,000",0.37,0.37,0.37,0.37,+,0.04,0.35,25,0.45,10,
708138,群聯元大5B購01,0,0,0,---,---,---, ---,,,1.33,499,1.34,10,
708139,群聯元大5B購02,"926,000",16,"1,070,330",1.11,1.20,1.11,1.18,-,0.16,1.17,499,1.18,10,
708140,群聯元大64購01,0,0,0,---,---,---, ---,,,1.07,499,1.17,10,
708141,精材元大5B購03,0,0,0,---,---,---, ---,,,7.10,50,0.00,0,
708142,精材元大5B購04,0,0,0,---,---,---, ---,,,6.30,50,0.00,0,
708143,精材元大5B購05,"1,000",1,"5,250",5.25,5.25,5.25,5.25,+,0.05,6.25,50,0.00,0,
708144,雙鴻元大61購14,"1,267,000",19,"588,810",0.45,0.64,0.43,0.64,+,0.21,0.63,125,0.98,100,
708145,大學光凱基5B購01,"1,000",1,300,0.30,0.30,0.30,0.30,+,0.06,0.30,10,0.31,10,
708146,世界凱基5B購01,"377,000",9,"120,380",0.31,0.33,0.30,0.33,-,0.08,0.34,100,0.35,10,
708147,正淩凱基5C購01,0,0,0,---,---,---, ---,,,0.06,10,0.16,10,
708148,欣銓凱基61購01,"40,000",3,"37,630",1.00,1.03,0.92,1.03,-,0.12,0.98,100,0.99,10,
708149,原相凱基5B購02,"137,000",3,"62,570",0.47,0.47,0.44,0.45,-,0.09,0.44,100,0.45,10,
708150,家登凱基5B購01,"5,000",4,"1,660",0.35,0.35,0.32,0.32,-,0.07,0.34,100,0.35,10,
708151,群翊凱基61購02,0,0,0,---,---,---, ---,,,0.14,100,0.15,50,
708152,群聯凱基63購01,"1,261,000",24,"961,050",0.73,0.79,0.73,0.78,+,0.02,0.77,100,0.78,10,
708153,鈺太凱基5B購01,0,0,0,---,---,---, ---,,,0.06,100,0.07,10,
708154,安葆台新5B購01,0,0,0,---,---,---, ---,,,0.18,25,0.26,40,
708155,家碩台新5B購01,0,0,0,---,---,---, ---,,,0.47,25,0.49,10,
708156,家碩台新5B購02,0,0,0,---,---,---, ---,,,0.21,25,0.22,10,
708157,鉅橡台新5B購01,0,0,0,---,---,---, ---,,,0.15,25,0.16,10,
708158,華景電國泰5C購01,0,0,0,---,---,---, ---,,,0.53,499,0.54,100,
708159,世界富邦5B購01,"70,000",8,"21,260",0.31,0.32,0.30,0.32,-,0.05,0.32,10,0.33,28,
708160,系微富邦63購01,0,0,0,---,---,---, ---,,,0.19,10,0.20,28,
708161,茂迪富邦63購02,0,0,0,---,---,---, ---,,,0.37,10,0.38,28,
708162,原相富邦5B購01,"32,000",3,"7,260",0.24,0.24,0.22,0.22,-,0.05,0.22,30,0.23,28,
708163,萬泰科富邦5B購02,0,0,0,---,---,---, ---,,,0.23,10,0.24,28,
708164,群聯富邦62購01,"896,000",25,"692,710",0.72,0.78,0.72,0.77,+,0.02,0.77,10,0.78,28,
708165,群聯富邦62購02,"1,296,000",15,"755,980",0.58,0.60,0.55,0.59,+,0.01,0.59,10,0.60,28,
708166,凡甲永豐5C購01,0,0,0,---,---,---, ---,,,0.18,10,0.19,10,
708167,東捷永豐64購02,"377,000",7,"353,280",0.96,0.96,0.89,0.92,-,0.05,0.91,10,0.92,10,
708168,東捷永豐67購01,"32,000",2,"35,740",1.12,1.12,1.11,1.11,-,0.03,1.07,10,1.08,10,
708169,華景電永豐61購02,0,0,0,---,---,---, ---,,,0.28,10,0.29,10,
708170,璟德永豐61購01,"100,000",1,"26,000",0.26,0.26,0.26,0.26,-,0.03,0.25,10,0.26,10,
708171,家登中信5B購01,"314,000",13,"89,760",0.30,0.33,0.24,0.25,-,0.05,0.24,10,0.00,0,
708172,譜瑞中信5B購01,"10,000",1,"2,500",0.25,0.25,0.25,0.25,-,0.04,0.25,10,0.26,10,
708173,欣銓兆豐61購01,0,0,0,---,---,---, ---,,,0.93,20,0.94,10,
708174,凡甲國票5C購01,0,0,0,---,---,---, ---,,,0.40,25,0.41,10,
708175,安葆國票5C購01,0,0,0,---,---,---, ---,,,0.15,25,0.16,10,
708176,東捷國票5C購01,"8,000",1,"6,000",0.75,0.75,0.75,0.75,-,0.14,0.79,25,0.81,10,
708177,華景電國票5C購01,0,0,0,---,---,---, ---,,,0.22,25,0.23,10,
708178,群翊國票5C購01,0,0,0,---,---,---, ---,,,0.15,25,0.16,10,
708179,群聯國票66購01,"1,275,000",16,"1,145,210",0.89,0.91,0.87,0.91,+,0.01,0.91,25,0.92,10,
708180,東捷群益5B購02,"41,000",5,"13,410",0.33,0.33,0.31,0.31,-,0.12,0.15,66,0.00,0,
708181,東捷群益5B購03,"187,000",6,"95,140",0.52,0.52,0.50,0.52,-,0.03,0.22,227,0.80,27,
708182,華景電群益5B購01,0,0,0,---,---,---, ---,,,0.14,25,0.16,10,
708183,群聯群益61購03,"75,000",6,"43,100",0.57,0.60,0.56,0.60,+,0.02,0.59,100,0.60,100,
708184,久元元大64購01,0,0,0,---,---,---, ---,,,0.40,499,0.41,10,
708185,正淩元大5B購01,0,0,0,---,---,---, ---,,,0.01,499,0.11,10,
708186,東捷元大5B購01,"65,000",4,"56,400",0.88,0.90,0.83,0.83,-,0.13,0.83,25,0.86,10,
708187,東捷元大5B購02,"65,000",1,"114,400",1.76,1.76,1.76,1.76,-,0.18,1.75,25,1.78,10,
708188,東捷元大5B購03,"89,000",3,"98,190",1.09,1.11,1.09,1.11,-,0.07,1.03,499,1.06,10,
708189,東捷元大5B購04,"436,000",8,"156,860",0.40,0.40,0.33,0.33,-,0.07,0.34,25,0.35,10,
708190,家登元大5B購02,"80,000",8,"54,500",0.76,0.76,0.64,0.65,-,0.1,0.62,25,0.63,10,
708191,順達元大64購03,0,0,0,---,---,---, ---,,,1.21,499,1.22,10,
708192,萬泰科元大5B購01,"1,500,000",10,"390,000",0.26,0.27,0.25,0.25,-,0.0,0.24,499,0.25,10,
708193,群翊元大5B購01,0,0,0,---,---,---, ---,,,0.27,499,0.28,10,
708194,群聯元大5B購03,"792,000",10,"417,160",0.52,0.56,0.51,0.55,-,0.0,0.53,499,0.54,10,
708195,群聯元大64購02,"23,000",5,"38,790",1.69,1.69,1.68,1.68,-,0.02,0.00,0,1.68,3,
708196,鈺太元大5B購01,0,0,0,---,---,---, ---,,,0.16,499,0.17,10,
708197,精材元大5B購07,"1,000",1,"7,000",7.00,7.00,7.00,7.00,+,0.55,7.65,25,0.00,0,
708198,精材元大61購06,"117,000",14,"736,900",5.95,6.70,5.80,6.70,+,1.0,6.70,50,0.00,0,
708199,環球晶元大5B購01,0,0,0,---,---,---, ---,,,0.00,0,0.00,0,
708201,凡甲凱基5B購01,0,0,0,---,---,---, ---,,,0.10,10,0.11,50,
708202,久元凱基5B購01,0,0,0,---,---,---, ---,,,0.25,10,0.26,10,
708203,台特化凱基5B購01,0,0,0,---,---,---, ---,,,0.07,10,0.08,50,
708204,安葆凱基5C購01,"30,000",1,"5,100",0.17,0.17,0.17,0.17,-,0.02,0.17,10,0.18,50,
708205,家登凱基5B購02,0,0,0,---,---,---, ---,,,0.41,100,0.42,50,
708206,華景電凱基5B購01,0,0,0,---,---,---, ---,,,0.17,10,0.18,10,
708207,順達凱基63購01,"120,000",5,"131,100",1.14,1.14,1.05,1.07,-,0.13,1.06,100,1.07,30,
708208,萬泰科凱基5C購01,0,0,0,---,---,---, ---,,,0.46,10,0.47,10,
708209,群聯凱基64購01,"934,000",12,"692,180",0.74,0.76,0.71,0.74,-,0.0,0.73,100,0.74,30,
708210,環球晶凱基5B購03,"65,000",7,"187,800",3.14,3.14,2.71,2.71,-,1.14,3.06,100,3.16,10,
708211,穩得凱基5B購01,0,0,0,---,---,---, ---,,,0.31,10,0.32,10,
708212,鑫聯凱基5C購01,0,0,0,---,---,---, ---,,,0.20,10,0.21,10,
708213,台特化台新5B購01,0,0,0,---,---,---, ---,,,0.43,25,0.53,10,
708214,台特化台新5B購02,0,0,0,---,---,---, ---,,,0.21,25,0.31,10,
708215,系微台新5B購01,0,0,0,---,---,---, ---,,,0.15,25,0.16,10,
708216,欣銓台新5B購01,"529,000",3,"831,030",1.63,1.63,1.50,1.50,-,0.42,1.54,25,1.64,10,
708217,欣銓台新5B購02,0,0,0,---,---,---, ---,,,1.49,25,1.59,10,
708218,湧德台新5B購01,"279,000",4,"124,650",0.42,0.45,0.42,0.45,-,0.07,0.48,25,0.49,10,
708219,華景電台新5B購01,0,0,0,---,---,---, ---,,,0.36,25,0.37,10,
708220,鈊象台新5B購01,"58,000",1,"66,120",1.14,1.14,1.14,1.14,+,0.02,1.30,25,1.40,10,
708221,萬泰科台新5B購01,0,0,0,---,---,---, ---,,,0.95,25,1.05,10,
708222,萬泰科台新5B購02,0,0,0,---,---,---, ---,,,0.77,25,0.78,10,
708223,精材台新5B購01,0,0,0,---,---,---, ---,,,9.90,25,0.00,0,
708225,璟德中信5B購01,0,0,0,---,---,---, ---,,,0.06,10,0.07,10,
708226,安葆國泰5C購01,0,0,0,---,---,---, ---,,,0.41,499,0.00,0,
708227,群翊國泰5C購02,0,0,0,---,---,---, ---,,,0.23,499,0.24,100,
708228,凡甲富邦61購01,0,0,0,---,---,---, ---,,,0.27,10,0.28,28,
708230,均豪富邦5B購01,0,0,0,---,---,---, ---,,,0.16,10,0.17,28,
708231,捷創富邦62購01,"397,000",11,"318,980",0.82,0.87,0.76,0.76,+,0.03,0.77,10,0.79,28,
708232,世界永豐5C購01,"112,000",1,"77,280",0.69,0.69,0.69,0.69,-,0.06,0.70,10,0.71,10,
708233,家登永豐61購01,"652,000",22,"254,560",0.42,0.42,0.35,0.35,-,0.03,0.33,10,0.34,10,
708234,家碩永豐5B購01,0,0,0,---,---,---, ---,,,0.06,10,0.07,10,
708235,群聯永豐65購02,"218,000",9,"151,100",0.69,0.71,0.67,0.70,+,0.02,0.69,20,0.76,10,
708236,鉅橡永豐5C購01,"10,000",1,900,0.09,0.09,0.09,0.09,-,0.02,0.08,10,0.09,10,
708237,環球晶兆豐61購01,0,0,0,---,---,---, ---,,,2.63,10,2.64,10,
708238,艾訊國票63購01,"43,000",2,"35,420",0.83,0.83,0.82,0.82,-,0.04,0.81,25,0.82,10,
708239,美琪瑪國票5C購01,0,0,0,---,---,---, ---,,,0.30,25,0.31,10,
708240,晶宏國票5C購01,"277,000",13,"516,250",1.70,2.05,1.70,2.02,+,0.32,1.97,25,2.01,10,
708241,翔名國票5C購01,0,0,0,---,---,---, ---,,,0.69,25,0.70,10,
708242,聰泰國票5C購01,"12,000",2,"4,060",0.34,0.34,0.33,0.33,-,0.04,0.33,23,0.34,10,
708243,寶雅國票5C購01,0,0,0,---,---,---, ---,,,1.90,25,1.91,10,
708244,久元群益61購01,0,0,0,---,---,---, ---,,,0.27,10,0.37,10,
708245,方土昶群益5B購01,0,0,0,---,---,---, ---,,,1.98,499,2.08,10,
708246,世界群益5B購06,"75,000",4,"80,110",1.07,1.08,1.04,1.08,-,0.19,0.78,64,0.00,0,
708247,艾訊群益5B購01,0,0,0,---,---,---, ---,,,0.77,25,0.82,10,
708248,家登群益5B購02,0,0,0,---,---,---, ---,,,0.08,125,0.00,0,
708249,陽程群益5B購01,"50,000",7,"419,750",8.30,8.50,8.30,8.50,+,1.3,8.40,30,0.00,0,
708250,群聯群益5B購03,"1,318,000",22,"552,780",0.43,0.44,0.40,0.43,+,0.01,0.43,100,0.44,100,
708252,凡甲元大5B購01,0,0,0,---,---,---, ---,,,0.10,100,0.17,20,
708253,均豪元大5B購02,"150,000",3,"45,000",0.30,0.30,0.30,0.30,-,0.02,0.31,25,0.32,10,
708254,均豪元大65購01,"276,000",2,"113,160",0.41,0.41,0.41,0.41,+,0.01,0.40,25,0.41,10,
708255,家登元大5B購03,"553,000",15,"458,220",0.93,0.93,0.79,0.84,-,0.12,0.84,10,0.00,0,
708256,群聯元大5B購04,"308,000",9,"272,840",0.86,0.90,0.86,0.90,+,0.04,0.87,499,0.88,10,
708257,群聯元大5B購05,0,0,0,---,---,---, ---,,,0.49,499,0.50,10,
708258,群聯元大64購03,0,0,0,---,---,---, ---,,,0.00,0,1.40,30,
708259,精材元大5B購08,"1,000",1,"4,890",4.89,4.89,4.89,4.89,+,0.39,5.60,50,0.00,0,
708260,精材元大5B購09,0,0,0,---,---,---, ---,,,7.00,25,0.00,0,
708261,精材元大5B購10,0,0,0,---,---,---, ---,,,8.45,25,0.00,0,
708262,璟德元大5B購01,0,0,0,---,---,---, ---,,,0.08,499,0.18,20,
708263,環球晶元大5B購03,0,0,0,---,---,---, ---,,,0.00,0,0.00,0,
708264,環球晶元大5B購04,0,0,0,---,---,---, ---,,,1.12,8,0.00,0,
708265,大中元大5B購01,0,0,0,---,---,---, ---,,,1.02,499,1.12,10,
708266,威剛元大5B購04,"70,000",2,"24,500",0.35,0.35,0.35,0.35,-,0.0,0.34,499,0.35,10,
708267,威剛元大5B購05,"20,000",1,"8,000",0.40,0.40,0.40,0.40,-,0.0,0.40,499,0.41,10,
708268,威剛元大64購01,"432,000",15,"261,370",0.59,0.61,0.59,0.60,-,0.0,0.60,499,0.61,120,
708269,陽程元大61購03,"20,000",2,"74,000",3.70,3.70,3.70,3.70,+,0.64,3.72,50,3.80,20,
708270,群聯元大5B購06,"32,000",1,"10,880",0.34,0.34,0.34,0.34,-,0.01,0.34,499,0.35,10,
708271,鉅橡元大5B購01,0,0,0,---,---,---, ---,,,0.08,499,0.18,10,
708272,鉅橡元大5B購02,0,0,0,---,---,---, ---,,,0.02,499,0.12,10,
708273,安葆國泰5C購02,"150,000",2,"83,000",0.57,0.57,0.52,0.52,-,0.02,0.51,499,0.52,100,
708274,勤凱國泰5C購01,"54,000",3,"37,880",0.74,0.74,0.66,0.66,-,0.17,0.76,499,0.79,100,
708275,雷科國泰5C購01,0,0,0,---,---,---, ---,,,5.50,499,5.80,10,
708276,久元凱基64購01,0,0,0,---,---,---, ---,,,0.53,10,0.54,10,
708277,均豪凱基65購01,"36,000",1,"13,320",0.37,0.37,0.37,0.37,-,0.02,0.38,100,0.39,10,
708278,金山電凱基5B購01,0,0,0,---,---,---, ---,,,0.00,0,0.00,0,
708279,威剛凱基5B購03,"421,000",40,"90,560",0.22,0.23,0.20,0.22,+,0.01,0.21,20,0.22,10,
708280,群聯凱基64購02,"144,000",7,"93,820",0.66,0.66,0.65,0.66,-,0.0,0.65,100,0.66,10,
708281,精材凱基5B購03,0,0,0,---,---,---, ---,,,6.40,100,0.00,0,
708282,寶雅凱基5B購01,"5,000",1,"7,550",1.51,1.51,1.51,1.51,-,0.0,1.58,10,1.68,10,
708283,鉅橡台新5B購02,0,0,0,---,---,---, ---,,,0.04,25,0.10,10,
708284,鉅橡台新5B購03,0,0,0,---,---,---, ---,,,0.01,25,0.10,10,
708285,系微兆豐65購01,"55,000",2,"27,580",0.52,0.52,0.50,0.50,-,0.06,0.51,30,0.52,30,
708286,群聯兆豐65購01,0,0,0,---,---,---, ---,,,1.46,20,1.47,10,
708287,凡甲國票5C購02,0,0,0,---,---,---, ---,,,0.13,25,0.14,10,
708288,久元國票5C購02,0,0,0,---,---,---, ---,,,0.13,25,0.14,10,
708289,方土昶國票5C購01,"20,000",2,"24,800",1.25,1.25,1.23,1.23,-,0.03,1.25,25,1.26,10,
708290,世界國票5C購02,0,0,0,---,---,---, ---,,,0.41,25,0.42,10,
708291,宏捷科國票5C購01,0,0,0,---,---,---, ---,,,0.13,25,0.14,10,
708292,威剛國票5C購01,"392,000",4,"229,280",0.58,0.59,0.58,0.59,-,0.0,0.58,25,0.59,10,
708293,耕興國票5C購01,0,0,0,---,---,---, ---,,,0.24,25,0.25,10,
708294,港建*國票5B購01,"6,000",1,"1,500",0.25,0.25,0.25,0.25,-,0.04,0.25,25,0.26,10,
708295,華宏國票5C購01,"300,000",3,"37,500",0.13,0.13,0.11,0.11,+,0.01,0.12,25,0.13,10,
708296,鉅橡國票5C購01,0,0,0,---,---,---, ---,,,0.09,25,0.10,10,
708297,廣穎國票5C購01,0,0,0,---,---,---, ---,,,2.99,25,3.09,10,
708298,久元永豐5C購02,0,0,0,---,---,---, ---,,,0.22,10,0.23,10,
708299,台星科永豐61購01,"37,000",4,"18,400",0.50,0.51,0.48,0.48,-,0.09,0.48,10,0.49,10,
708300,合晶永豐5B購01,0,0,0,---,---,---, ---,,,8.15,499,8.65,10,
708301,均豪永豐5C購02,0,0,0,---,---,---, ---,,,0.16,10,0.17,10,
708302,欣銓永豐61購01,"886,000",24,"722,740",0.83,0.88,0.77,0.88,-,0.08,0.84,10,0.85,10,
708303,威剛永豐5B購01,"1,000",1,260,0.26,0.26,0.26,0.26,-,0.0,0.25,10,0.26,10,
708304,威剛永豐5C購02,0,0,0,---,---,---, ---,,,0.48,10,0.49,10,
708305,威剛永豐61購01,"61,000",1,"40,260",0.66,0.66,0.66,0.66,+,0.02,0.64,10,0.65,10,
708306,威剛永豐65購01,"132,000",3,"175,150",1.33,1.33,1.32,1.32,-,0.04,1.32,10,1.33,10,
708307,威剛永豐68購01,0,0,0,---,---,---, ---,,,1.36,10,1.37,10,
708308,鉅橡永豐61購01,"30,000",1,"3,600",0.12,0.12,0.12,0.12,-,0.01,0.10,40,0.11,10,
708309,廣穎永豐65購01,"50,000",1,"75,000",1.50,1.50,1.50,1.50,-,0.05,1.51,10,1.54,10,
708310,凡甲群益5B購01,0,0,0,---,---,---, ---,,,0.13,10,0.23,10,
708311,台特化群益5C購01,0,0,0,---,---,---, ---,,,0.01,10,0.00,0,
708312,正淩群益63購01,"7,000",2,"4,750",0.65,0.69,0.65,0.69,+,0.09,0.28,35,0.00,0,
708313,均豪群益5B購01,"93,000",1,"22,320",0.24,0.24,0.24,0.24,+,0.02,0.07,142,0.00,0,
708314,宏捷科群益5B購01,0,0,0,---,---,---, ---,,,0.01,10,0.93,100,
708315,岳豐群益65購01,"30,000",1,"11,100",0.37,0.37,0.37,0.37,-,0.01,0.37,10,0.47,10,
708316,威剛群益5B購02,"200,000",1,"84,000",0.42,0.42,0.42,0.42,-,0.03,0.42,100,0.43,100,
708317,威剛群益5C購01,0,0,0,---,---,---, ---,,,0.66,100,0.67,100,
708318,威剛群益61購01,0,0,0,---,---,---, ---,,,0.73,100,0.74,100,
708319,茂綸群益5B購01,0,0,0,---,---,---, ---,,,0.69,14,0.00,0,
708320,廣穎群益5B購01,0,0,0,---,---,---, ---,,,4.68,100,4.78,10,
708322,寶雅群益61購01,"37,000",4,"45,500",1.22,1.38,1.22,1.38,+,0.06,0.90,5,1.38,4,
708323,凡甲凱基5B購02,0,0,0,---,---,---, ---,,,0.03,10,0.13,10,
708324,久元凱基5C購01,0,0,0,---,---,---, ---,,,0.06,10,0.16,10,
708325,大中凱基5B購01,0,0,0,---,---,---, ---,,,0.86,10,0.89,10,
708326,方土昶凱基5C購01,"2,000",2,"3,170",1.61,1.61,1.56,1.56,+,0.03,1.55,10,1.56,10,
708327,台特化凱基5B購02,0,0,0,---,---,---, ---,,,0.08,10,0.09,50,
708328,合晶凱基5B購01,0,0,0,---,---,---, ---,,,7.20,100,7.70,10,
708329,艾訊凱基5B購02,"2,000",1,780,0.39,0.39,0.39,0.39,-,0.04,0.39,10,0.40,10,
708330,良維凱基5B購05,"45,000",2,"10,650",0.25,0.25,0.23,0.23,-,0.03,0.23,100,0.24,50,
708331,威剛凱基5B購04,"29,000",5,"4,930",0.17,0.17,0.17,0.17,-,0.0,0.16,10,0.17,50,
708332,家登凱基5B購03,0,0,0,---,---,---, ---,,,0.10,100,0.11,50,
708333,耕興凱基5B購01,0,0,0,---,---,---, ---,,,0.16,10,0.17,50,
708334,港建*凱基5B購01,0,0,0,---,---,---, ---,,,0.06,10,0.08,210,
708335,群聯凱基61購02,"13,000",3,"7,340",0.56,0.59,0.56,0.59,+,0.03,0.56,100,0.57,30,
708336,廣穎凱基5B購01,0,0,0,---,---,---, ---,,,4.10,100,4.20,10,
708337,環球晶凱基5C購02,"131,000",57,"197,990",1.65,1.65,1.37,1.50,-,0.6,1.58,100,1.68,10,
708339,合晶台新5B購02,"41,000",1,"742,100",18.10,18.10,18.10,18.10,-,2.8,18.30,25,19.30,10,
708340,合晶台新5B購03,0,0,0,---,---,---, ---,,,19.00,25,20.00,10,
708341,安葆台新5B購02,"88,000",3,"79,200",0.90,0.90,0.90,0.90,+,0.04,0.79,25,0.80,10,
708342,艾訊台新5B購01,"10,000",1,"13,000",1.30,1.30,1.30,1.30,-,0.06,1.28,25,1.30,10,
708343,艾訊台新5B購02,0,0,0,---,---,---, ---,,,1.09,25,1.11,10,
708344,良維台新5B購01,"40,000",1,"33,600",0.84,0.84,0.84,0.84,+,0.07,0.80,25,0.81,10,
708345,良維台新5B購02,0,0,0,---,---,---, ---,,,0.41,25,0.51,10,
708346,良維台新5B購03,0,0,0,---,---,---, ---,,,0.35,25,0.36,10,
708347,湧德台新5B購02,"169,000",6,"95,650",0.55,0.58,0.55,0.58,-,0.07,0.61,25,0.62,10,
708348,湧德台新5B購03,0,0,0,---,---,---, ---,,,0.36,25,0.46,10,
708349,順達台新5B購01,0,0,0,---,---,---, ---,,,1.64,25,1.65,10,
708350,順達台新5B購02,0,0,0,---,---,---, ---,,,1.78,25,1.79,10,
708351,鈊象台新5B購02,"83,000",3,"71,450",0.85,0.87,0.85,0.87,-,0.0,1.03,25,1.13,10,
708352,萬泰科台新5B購03,0,0,0,---,---,---, ---,,,0.57,25,0.67,10,
708353,群聯台新5B購03,"119,000",5,"71,900",0.61,0.63,0.60,0.61,-,0.01,0.61,25,0.00,0,
708354,群聯台新5B購04,0,0,0,---,---,---, ---,,,0.54,25,0.55,10,
708355,精材台新5B購03,"30,000",1,"381,000",12.70,12.70,12.70,12.70,+,0.7,14.80,25,0.00,0,
708356,臺慶科台新5B購01,0,0,0,---,---,---, ---,,,3.04,25,3.11,10,
708357,璟德台新5B購01,"317,000",4,"53,320",0.17,0.17,0.16,0.16,-,0.05,0.16,25,0.17,10,
708358,台星科兆豐61購01,"2,000",1,"1,100",0.55,0.55,0.55,0.55,-,0.11,0.55,10,0.56,10,
708359,均豪兆豐61購01,"271,000",2,"81,300",0.30,0.30,0.30,0.30,-,0.0,0.31,20,0.32,30,
708360,欣銓群益5B購02,"10,000",1,"3,500",0.35,0.35,0.35,0.35,-,0.05,0.14,71,0.00,0,
708361,精材群益5B購01,0,0,0,---,---,---, ---,,,5.85,11,0.00,0,
708362,環球晶群益5B購02,"30,000",2,"54,200",1.80,1.82,1.80,1.82,-,0.62,0.00,0,0.00,0,
708363,環球晶群益5B購03,"35,000",4,"54,150",1.47,1.56,1.47,1.56,-,0.86,1.46,1,0.00,0,
708364,凡甲元大5B購02,0,0,0,---,---,---, ---,,,0.36,25,0.37,10,
708365,凡甲元大5B購03,"30,000",2,"15,300",0.52,0.52,0.49,0.49,-,0.02,0.47,25,0.49,10,
708366,凡甲元大65購01,"189,000",7,"125,670",0.65,0.68,0.64,0.66,-,0.01,0.63,25,0.65,10,
708367,久元元大5B購01,0,0,0,---,---,---, ---,,,0.11,499,0.12,10,
708368,久元元大61購02,0,0,0,---,---,---, ---,,,0.12,499,0.13,10,
708369,久元元大65購01,0,0,0,---,---,---, ---,,,0.23,499,0.24,10,
708370,台星科元大5B購02,0,0,0,---,---,---, ---,,,0.85,25,0.86,10,
708371,台星科元大65購01,0,0,0,---,---,---, ---,,,0.96,25,1.06,10,
708372,沛亨元大5B購01,"4,000",1,"2,240",0.56,0.56,0.56,0.56,+,0.03,0.55,25,0.56,10,
708373,欣銓元大5B購01,"255,000",7,"250,390",0.97,1.00,0.96,0.96,-,0.16,0.97,499,0.98,10,
708374,欣銓元大64購01,"233,000",12,"175,040",0.76,0.76,0.73,0.76,-,0.06,0.74,499,0.75,10,
708376,威剛元大5B購06,"512,000",2,"128,000",0.25,0.25,0.25,0.25,-,0.0,0.25,499,0.26,10,
708377,威剛元大5B購07,"41,000",2,"18,470",0.45,0.47,0.45,0.47,-,0.0,0.47,498,0.48,10,
708378,原相元大5B購01,"82,000",1,"28,700",0.35,0.35,0.35,0.35,-,0.09,0.32,499,0.33,10,
708379,家登元大5B購04,0,0,0,---,---,---, ---,,,0.20,499,0.21,10,
708380,家登元大64購01,0,0,0,---,---,---, ---,,,0.42,25,0.43,10,
708381,陽程元大61購04,0,0,0,---,---,---, ---,,,3.80,6,4.00,1,
708382,群聯元大5B購07,"279,000",6,"193,970",0.68,0.73,0.68,0.73,-,0.0,0.73,499,0.83,10,
708383,群聯元大61購05,"213,000",6,"200,550",0.93,0.95,0.93,0.95,+,0.02,0.94,499,0.95,10,
708384,凡甲國泰5C購01,0,0,0,---,---,---, ---,,,0.48,10,0.49,10,
708385,合晶國泰61購01,0,0,0,---,---,---, ---,,,9.65,499,9.95,10,
708386,合晶國泰62購01,0,0,0,---,---,---, ---,,,10.40,499,11.00,10,
708387,均豪國泰62購01,"178,000",7,"182,650",0.96,1.07,0.96,1.04,+,0.03,1.05,499,1.06,100,
708388,良維國泰5C購01,0,0,0,---,---,---, ---,,,0.56,499,0.58,100,
708389,家登國泰5C購01,"49,000",5,"22,840",0.47,0.47,0.42,0.42,-,0.06,0.44,499,0.45,100,
708390,家登國泰5C購02,0,0,0,---,---,---, ---,,,0.35,499,0.36,100,
708391,力領台新5B購01,0,0,0,---,---,---, ---,,,0.58,25,0.59,10,
708392,正淩台新5B購01,"4,000",1,400,0.10,0.10,0.10,0.10,-,0.0,0.07,25,0.10,10,
708393,合晶台新5B購04,0,0,0,---,---,---, ---,,,9.75,25,10.50,10,
708395,新盛力台新62購01,0,0,0,---,---,---, ---,,,3.65,25,3.75,10,
708396,群聯台新5B購05,"484,000",10,"432,630",0.88,0.90,0.85,0.90,+,0.03,0.87,25,0.97,10,
708397,群聯台新5B購06,0,0,0,---,---,---, ---,,,0.38,25,0.39,10,
708398,聖暉*台新5B購02,0,0,0,---,---,---, ---,,,0.32,25,0.42,10,
708399,優群台新5B購01,0,0,0,---,---,---, ---,,,0.08,25,0.18,10,
708400,久元凱基5B購02,0,0,0,---,---,---, ---,,,0.01,10,0.11,10,
708401,中美晶凱基61購03,"10,000",1,"13,300",1.33,1.33,1.33,1.33,-,0.25,1.37,100,1.39,10,
708402,世禾凱基5B購01,"170,000",17,"25,500",0.15,0.15,0.15,0.15,-,0.01,0.13,10,0.14,10,
708403,世界凱基5C購03,0,0,0,---,---,---, ---,,,0.33,100,0.34,10,
708404,尼克森凱基5B購01,"100,000",1,"81,000",0.81,0.81,0.81,0.81,-,0.18,0.71,10,0.72,10,
708405,亞信凱基5B購01,0,0,0,---,---,---, ---,,,0.30,10,0.31,10,
708406,欣銓凱基5B購01,"25,000",3,"8,050",0.29,0.33,0.29,0.33,-,0.04,0.30,100,0.31,30,
708407,信立凱基5B購02,"282,000",16,"241,460",0.90,0.90,0.83,0.90,-,0.18,0.89,10,0.90,9,
708408,威剛凱基5C購01,"115,000",6,"21,850",0.19,0.19,0.19,0.19,-,0.0,0.18,174,0.19,50,
708409,智通*凱基5B購01,"29,000",6,"32,570",1.10,1.22,1.10,1.16,-,0.06,1.34,100,1.35,10,
708410,群聯凱基64購03,"150,000",2,"76,000",0.50,0.52,0.50,0.52,-,0.0,0.51,100,0.52,30,
708411,優群凱基5B購01,0,0,0,---,---,---, ---,,,0.10,10,0.11,30,
708412,環球晶兆豐61購02,0,0,0,---,---,---, ---,,,1.58,10,1.59,10,
708413,FH中5G元大5B購01,"40,000",4,"54,700",1.37,1.38,1.36,1.36,-,0.59,1.37,75,1.47,10,
708414,FH中5G元大5C購01,0,0,0,---,---,---, ---,,,2.11,50,2.21,10,
708415,世界元大64購03,"360,000",8,"184,080",0.51,0.52,0.51,0.51,-,0.06,0.23,43,0.00,0,
708416,世界元大65購01,"192,000",8,"86,550",0.45,0.46,0.45,0.46,-,0.04,0.21,238,0.00,0,
708417,合晶元大5B購01,0,0,0,---,---,---, ---,,,4.11,25,0.00,0,
708418,順達元大64購04,"123,000",7,"289,170",2.35,2.41,2.29,2.31,-,0.21,2.30,300,2.31,10,
708419,新盛力元大64購01,"10,000",1,"31,600",3.16,3.16,3.16,3.16,-,0.36,3.05,250,3.08,10,
708420,萬泰科元大5B購02,0,0,0,---,---,---, ---,,,0.74,499,0.00,0,
708421,鈺太元大5B購02,0,0,0,---,---,---, ---,,,0.03,499,0.13,10,
708422,鈺太元大65購01,"11,000",2,"2,540",0.23,0.24,0.23,0.24,-,0.02,0.22,499,0.23,10,
708423,精材元大5B購11,0,0,0,---,---,---, ---,,,8.10,25,0.00,0,
708424,環球晶元大5B購05,0,0,0,---,---,---, ---,,,0.35,28,0.00,0,
708425,世界國票5C購03,0,0,0,---,---,---, ---,,,0.27,25,0.28,10,
708426,台半國票5C購01,"19,000",3,"43,060",2.29,2.29,2.24,2.24,-,0.45,2.30,25,2.31,10,
708427,朋億*國票5C購01,"1,326,000",19,"1,206,390",0.91,1.02,0.90,0.93,+,0.02,0.92,25,0.93,6,
708428,群聯國票61購02,"2,000",1,"1,000",0.50,0.50,0.50,0.50,+,0.02,0.49,25,0.50,10,
708429,雷科國票5B購01,"40,000",4,"117,400",2.98,2.98,2.89,2.89,-,0.39,2.41,25,4.72,3,
708430,久元富邦61購03,0,0,0,---,---,---, ---,,,0.08,10,0.10,28,
708431,久元富邦62購01,0,0,0,---,---,---, ---,,,0.11,10,0.12,28,
708432,合晶富邦62購01,0,0,0,---,---,---, ---,,,4.45,10,4.55,10,
708433,家登富邦61購02,"675,000",5,"250,550",0.45,0.45,0.37,0.37,-,0.05,0.38,10,0.39,28,
708434,家登富邦62購01,"222,000",3,"80,920",0.40,0.42,0.36,0.36,-,0.05,0.36,10,0.37,28,
708435,鈊象富邦61購02,"1,568,000",23,"1,061,370",0.64,0.70,0.63,0.69,+,0.03,0.68,10,0.69,28,
708436,新盛力富邦61購03,0,0,0,---,---,---, ---,,,1.67,10,1.71,10,
708437,群聯富邦62購03,0,0,0,---,---,---, ---,,,0.51,10,0.52,28,
708438,環球晶富邦5C購03,0,0,0,---,---,---, ---,,,0.90,20,0.94,10,
708439,世界群益5B購07,0,0,0,---,---,---, ---,,,0.07,142,0.00,0,
708440,立碁群益5C購01,0,0,0,---,---,---, ---,,,0.57,10,2.05,10,
708441,合晶群益5B購02,0,0,0,---,---,---, ---,,,6.10,10,6.60,10,
708442,艾訊群益5B購02,0,0,0,---,---,---, ---,,,0.40,25,0.43,10,
708443,家登群益61購02,"25,000",4,"9,000",0.37,0.37,0.34,0.34,-,0.05,0.34,10,0.00,0,
708444,新盛力群益5B購01,0,0,0,---,---,---, ---,,,1.08,9,1.84,10,
708445,群聯群益5B購04,"353,000",4,"98,900",0.28,0.30,0.28,0.30,+,0.01,0.29,100,0.30,98,
708446,環球晶群益5C購02,"137,000",19,"260,760",2.17,2.17,1.73,1.90,-,0.49,0.98,10,3.78,2,
708447,久元凱基63購01,0,0,0,---,---,---, ---,,,0.15,10,0.16,10,
708448,世界凱基65購01,"7,000",2,"2,240",0.32,0.32,0.32,0.32,-,0.04,0.33,100,0.34,30,
708449,台半凱基5C購01,0,0,0,---,---,---, ---,,,2.53,100,2.54,10,
708450,合晶凱基5B購02,"31,000",4,"127,080",4.30,4.30,3.92,4.02,-,0.71,3.98,100,4.08,10,
708451,合晶凱基61購01,0,0,0,---,---,---, ---,,,3.65,100,3.75,10,
708452,欣銓凱基64購01,"105,000",3,"49,330",0.45,0.47,0.45,0.47,-,0.05,0.45,100,0.46,30,
708453,金山電凱基5B購02,"23,000",4,"24,190",1.06,1.06,0.89,0.89,-,0.15,0.87,100,0.89,9,
708454,威剛凱基5B購06,"5,000",1,"1,250",0.25,0.25,0.25,0.25,+,0.01,0.24,10,0.25,50,
708455,胡連凱基5B購01,"54,000",3,"23,760",0.44,0.44,0.44,0.44,-,0.05,0.42,499,0.44,499,
708456,家登凱基5B購04,0,0,0,---,---,---, ---,,,0.14,100,0.15,50,
708457,新盛力凱基5B購02,"16,000",3,"44,230",3.23,3.23,2.69,2.69,-,0.26,2.38,10,2.40,10,
708458,群聯凱基5B購03,0,0,0,---,---,---, ---,,,0.22,100,0.23,50,
708459,鈺太凱基5B購02,0,0,0,---,---,---, ---,,,0.01,100,0.11,10,
708460,營邦凱基5B購01,"854,000",6,"200,620",0.24,0.24,0.22,0.22,+,0.01,0.22,100,0.23,50,
708461,營邦凱基5B購02,0,0,0,---,---,---, ---,,,0.34,100,0.35,50,
708462,營邦凱基5B購03,"2,949,000",68,"1,040,490",0.33,0.40,0.32,0.36,+,0.02,0.36,100,0.37,10,
708463,環球晶凱基5B購04,"1,268,000",35,"808,270",0.72,0.72,0.55,0.62,-,0.31,0.68,5,0.76,10,
708464,環球晶凱基5B購05,"1,256,000",40,"1,062,980",0.92,0.92,0.72,0.81,-,0.24,0.85,100,0.87,1,
708465,久元台新5B購01,0,0,0,---,---,---, ---,,,0.07,25,0.10,10,
708466,久元台新5B購02,0,0,0,---,---,---, ---,,,0.02,25,0.10,10,
708467,世界台新5B購02,0,0,0,---,---,---, ---,,,0.17,25,0.18,10,
708468,華景電台新5B購02,"5,000",1,"1,500",0.30,0.30,0.30,0.30,-,0.04,0.30,25,0.31,10,
708469,華景電台新5B購03,0,0,0,---,---,---, ---,,,0.17,25,0.18,10,
708470,環球晶台新5B購01,"361,000",25,"1,111,020",3.47,3.47,2.77,2.99,-,0.78,3.11,25,3.13,10,
708471,環球晶台新5B購02,"25,000",2,"34,900",1.38,1.46,1.38,1.46,-,0.54,1.45,25,1.55,10,
708472,環球晶台新62購01,"272,000",29,"284,610",1.08,1.08,0.95,0.98,-,0.19,1.02,25,1.04,10,
708473,環球晶台新62購02,"2,016,000",173,"1,719,050",1.03,1.37,0.80,0.99,-,0.29,0.99,8,1.00,4,
708474,久元元大5B購02,0,0,0,---,---,---, ---,,,0.05,499,0.15,10,
708475,久元元大5B購03,0,0,0,---,---,---, ---,,,0.01,499,0.11,10,
708476,久元元大5B購04,0,0,0,---,---,---, ---,,,0.05,499,0.15,10,
708477,久元元大5B購05,0,0,0,---,---,---, ---,,,0.04,499,0.14,10,
708478,久元元大5B購06,0,0,0,---,---,---, ---,,,0.00,0,0.10,12,
708479,世禾元大5B購01,0,0,0,---,---,---, ---,,,0.26,499,0.27,10,
708480,世界元大64購04,0,0,0,---,---,---, ---,,,0.54,18,0.00,0,
708482,合晶元大5B購03,0,0,0,---,---,---, ---,,,4.29,25,0.00,0,
708484,合晶元大5B購05,"9,000",2,"33,200",3.80,3.80,3.60,3.60,-,0.43,3.50,5,3.53,10,
708485,合晶元大64購01,0,0,0,---,---,---, ---,,,3.16,25,0.00,0,
708486,合晶元大65購01,"29,000",6,"95,700",3.30,3.30,3.30,3.30,-,0.4,3.30,7,3.70,1,
708487,金山電元大5B購02,0,0,0,---,---,---, ---,,,2.22,300,2.32,10,
708489,金山電元大5B購04,0,0,0,---,---,---, ---,,,1.32,499,1.42,10,
708490,群聯元大5B購08,"4,000",2,"1,100",0.27,0.28,0.27,0.28,-,0.0,0.27,499,0.28,10,
708491,群聯元大5B購09,"105,000",2,"22,050",0.21,0.21,0.21,0.21,-,0.02,0.21,499,0.22,10,
708492,營邦元大5B購01,"1,016,000",22,"479,760",0.45,0.52,0.45,0.51,+,0.05,0.50,499,0.51,10,
708493,營邦元大5B購02,"351,000",7,"115,420",0.30,0.36,0.30,0.36,+,0.07,0.35,998,0.36,10,
708494,環球晶元大5B購06,0,0,0,---,---,---, ---,,,0.00,0,0.00,0,
708495,環球晶元大5B購07,"324,000",29,"593,740",2.04,2.05,1.69,1.84,-,0.35,1.22,8,0.00,0,
708496,環球晶元大5B購08,"22,000",3,"32,560",1.61,1.61,1.34,1.53,-,0.27,0.83,12,0.00,0,
708497,環球晶元大5B購09,0,0,0,---,---,---, ---,,,0.14,71,0.00,0,
708498,環球晶元大61購02,"10,000",3,"21,500",2.15,2.15,2.15,2.15,-,0.0,0.00,0,2.15,14,
708499,環球晶元大64購01,"8,000",3,"14,490",1.83,1.83,1.80,1.80,-,0.03,1.67,3,1.80,13,
708500,譜瑞元大61購02,"15,000",1,"9,000",0.60,0.60,0.60,0.60,-,0.03,0.60,499,0.61,10,
708501,威剛兆豐65購01,"47,000",4,"70,570",1.50,1.51,1.48,1.48,-,0.01,1.49,30,1.50,40,
708502,金山電國泰61購01,"200,000",12,"497,810",2.50,2.88,2.25,2.32,-,0.31,2.32,499,2.34,90,
708503,群聯國泰62購01,"111,000",1,"91,020",0.82,0.82,0.82,0.82,-,0.02,0.86,499,0.87,100,
708504,群聯國泰63購01,"50,000",1,"60,000",1.20,1.20,1.20,1.20,+,0.03,1.20,499,1.21,100,
708505,群聯國泰63購02,"100,000",10,"92,700",0.91,0.96,0.89,0.95,+,0.04,0.93,499,0.94,100,
708506,雷科國泰5C購02,0,0,0,---,---,---, ---,,,5.75,100,0.00,0,
708507,環球晶國泰61購01,"1,131,000",35,"3,019,870",2.96,2.96,2.56,2.72,-,0.41,2.71,10,2.72,5,
708508,環球晶國泰61購02,"591,000",33,"1,822,110",3.34,3.35,2.92,3.12,-,0.48,3.10,20,3.12,10,
708509,久元國票5B購02,0,0,0,---,---,---, ---,,,0.05,25,0.06,10,
708510,久元國票5C購03,0,0,0,---,---,---, ---,,,0.22,25,0.23,10,
708511,久元國票5C購04,0,0,0,---,---,---, ---,,,0.18,25,0.19,10,
708512,合晶國票5B購01,0,0,0,---,---,---, ---,,,3.86,25,3.96,10,
708513,合晶國票5C購01,0,0,0,---,---,---, ---,,,3.28,1,4.10,5,
708514,金山電國票5C購02,"652,000",16,"697,480",1.17,1.17,0.92,0.96,-,0.12,0.94,25,0.96,9,
708515,環球晶國票5B購01,"109,000",5,"145,780",1.34,1.38,1.29,1.38,-,0.41,1.39,25,1.40,10,
708516,環球晶國票5C購01,"2,174,000",137,"3,017,390",1.53,1.53,1.26,1.37,-,0.31,1.36,25,1.37,3,
708517,世界富邦5B購02,"17,000",3,"1,530",0.09,0.09,0.09,0.09,-,0.01,0.08,112,0.09,28,
708518,精材富邦5B購01,0,0,0,---,---,---, ---,,,4.79,30,4.83,10,
708519,營邦富邦61購01,"417,000",19,"157,680",0.36,0.39,0.36,0.39,+,0.03,0.39,17,0.40,120,
708520,環球晶富邦5B購02,"1,468,000",66,"877,240",0.77,0.77,0.56,0.61,-,0.14,0.60,10,0.61,28,
708521,環球晶富邦61購01,"3,664,000",180,"2,445,250",0.76,0.77,0.63,0.68,-,0.13,0.67,10,0.68,26,
708522,中美晶群益5C購02,"178,000",5,"211,610",1.25,1.25,1.13,1.22,-,0.18,1.24,10,1.34,10,
708523,世界群益5B購08,"436,000",10,"50,160",0.12,0.12,0.11,0.11,-,0.03,0.10,150,0.12,50,
708524,朋程群益5B購01,"10,000",1,"5,300",0.53,0.53,0.53,0.53,-,0.07,0.54,25,0.55,10,
708525,金山電群益5B購01,0,0,0,---,---,---, ---,,,1.02,9,0.00,0,
708526,新盛力群益5B購02,"8,000",2,"27,840",3.69,3.69,3.27,3.27,-,0.38,3.14,10,3.24,10,
708527,精材群益5B購02,"11,000",3,"125,300",12.00,12.80,10.50,12.80,+,2.7,13.00,10,0.00,0,
708528,臺慶科群益5B購01,0,0,0,---,---,---, ---,,,1.16,25,1.22,10,
708529,德微群益5B購01,"214,000",6,"239,720",1.22,1.22,1.07,1.16,-,0.19,1.17,10,1.27,10,
708530,營邦群益5B購01,"202,000",4,"90,960",0.42,0.48,0.42,0.48,+,0.04,0.47,10,0.57,10,
708531,營邦群益5B購02,"15,000",2,"5,350",0.37,0.37,0.35,0.35,+,0.01,0.36,10,0.46,10,
708532,環球晶群益5B購04,"496,000",37,"538,030",1.20,1.20,0.97,1.09,-,0.24,1.05,10,1.09,4,
708533,譜瑞群益5C購02,0,0,0,---,---,---, ---,,,0.46,10,0.56,10,
708534,中美晶凱基5B購02,0,0,0,---,---,---, ---,,,1.73,100,1.75,10,
708535,世禾凱基5B購02,"60,000",1,"4,800",0.08,0.08,0.08,0.08,-,0.02,0.07,10,0.08,10,
708536,立碁凱基5C購01,"14,000",5,"12,720",0.88,0.93,0.88,0.91,+,0.19,0.92,100,0.00,0,
708537,朋程凱基5B購01,0,0,0,---,---,---, ---,,,0.59,10,0.60,10,
708538,倚強凱基5B購01,"10,000",1,"19,500",1.95,1.95,1.95,1.95,+,0.43,1.80,10,1.90,10,
708539,原相凱基5B購03,0,0,0,---,---,---, ---,,,0.08,10,0.09,50,
708540,精材凱基5B購04,"34,000",4,"172,420",5.10,5.20,4.94,5.20,+,0.46,5.80,18,6.20,1,
708541,臺慶科凱基5B購01,"20,000",1,"12,000",0.60,0.60,0.60,0.60,-,0.17,0.60,10,0.62,10,
708542,譜瑞凱基61購01,"57,000",4,"16,970",0.29,0.31,0.29,0.31,-,0.02,0.30,100,0.31,10,
708543,群聯永豐65購03,"96,000",3,"46,330",0.49,0.49,0.47,0.48,-,0.0,0.48,10,0.49,10,
708544,精材永豐63購01,"107,000",4,"419,050",3.77,4.15,3.65,4.15,+,0.57,4.26,10,4.32,10,
708545,世界兆豐61購01,"25,000",1,"7,750",0.31,0.31,0.31,0.31,-,0.03,0.36,10,0.37,20,
708546,譜瑞兆豐65購01,0,0,0,---,---,---, ---,,,0.63,20,0.64,20,
708547,群聯群益67購01,"149,000",10,"89,790",0.61,0.61,0.59,0.61,+,0.01,0.60,100,0.61,102,
708548,精材群益5B購03,0,0,0,---,---,---, ---,,,8.50,10,0.00,0,
708549,廣穎群益61購01,0,0,0,---,---,---, ---,,,1.26,7,0.00,0,
708550,世界元大63購03,"28,000",2,"29,720",1.04,1.07,1.04,1.07,-,0.06,1.06,5,0.00,0,
708551,新盛力元大61購02,"58,000",10,"265,300",4.41,4.96,4.15,4.15,-,0.49,4.09,200,4.12,10,
708552,群聯元大5C購01,"78,000",7,"53,630",0.76,0.76,0.67,0.67,-,0.02,0.66,499,0.67,10,
708553,譜瑞元大5B購01,0,0,0,---,---,---, ---,,,0.34,499,0.35,10,
708554,譜瑞元大5B購02,0,0,0,---,---,---, ---,,,0.41,499,0.42,10,
708555,中美晶國泰61購01,"28,000",4,"69,610",2.51,2.51,2.40,2.45,-,0.22,2.43,499,2.44,90,
708556,台半國泰5C購01,"18,000",4,"51,490",2.87,2.96,2.77,2.77,-,0.28,2.90,499,2.91,100,
708557,欣銓國泰5C購02,"94,000",2,"109,040",1.16,1.16,1.16,1.16,-,0.15,1.14,499,1.17,100,
708558,立碁富邦5B購01,"2,177,000",60,"704,300",0.22,0.40,0.22,0.32,+,0.12,0.32,30,0.35,25,
708559,欣銓富邦5B購02,"165,000",6,"42,690",0.27,0.29,0.25,0.29,-,0.03,0.27,10,0.28,28,
708560,威剛富邦5B購01,0,0,0,---,---,---, ---,,,0.27,30,0.28,28,
708561,順達富邦5C購02,"638,000",7,"436,370",0.73,0.73,0.67,0.67,-,0.11,0.67,30,0.68,28,
708562,群聯富邦62購04,"1,020,000",13,"382,960",0.38,0.38,0.36,0.38,+,0.01,0.37,10,0.38,28,
708563,中美晶國票5C購01,0,0,0,---,---,---, ---,,,0.78,25,0.85,10,
708564,台特化國票5C購01,0,0,0,---,---,---, ---,,,0.16,25,0.17,10,
708565,尼克森國票5B購01,0,0,0,---,---,---, ---,,,0.41,25,0.42,10,
708566,立敦國票5B購01,0,0,0,---,---,---, ---,,,0.68,25,0.70,10,
708567,美琪瑪國票5C購02,0,0,0,---,---,---, ---,,,0.22,25,0.23,10,
708568,宸曜國票5B購01,"26,000",7,"19,310",0.80,0.80,0.71,0.71,-,0.04,0.70,25,0.72,10,
708569,新盛力國票5C購01,0,0,0,---,---,---, ---,,,2.66,25,2.68,10,
708570,新漢國票5B購01,0,0,0,---,---,---, ---,,,0.33,25,0.34,10,
708571,群聯國票5C購01,"20,000",1,"6,400",0.32,0.32,0.32,0.32,-,0.03,0.35,25,0.36,10,
708572,世界凱基5B購03,0,0,0,---,---,---, ---,,,0.37,100,0.38,10,
708573,家登凱基5B購05,"509,000",2,"40,820",0.09,0.09,0.08,0.08,-,0.03,0.08,100,0.09,50,
708574,創惟凱基5B購01,0,0,0,---,---,---, ---,,,0.37,10,0.38,10,
708575,華宏凱基5B購01,"30,000",3,"3,600",0.12,0.12,0.12,0.12,+,0.05,0.08,10,0.12,10,
708576,閎康凱基5B購02,"50,000",1,"3,500",0.07,0.07,0.07,0.07,-,0.02,0.06,100,0.07,10,
708577,閎康凱基5B購03,0,0,0,---,---,---, ---,,,0.04,100,0.14,10,
708578,閎康凱基5B購04,"210,000",21,"30,500",0.15,0.15,0.14,0.15,-,0.02,0.14,100,0.15,10,
708579,群聯凱基5B購04,"260,000",4,"69,200",0.27,0.27,0.26,0.26,-,0.01,0.26,100,0.27,50,
708580,群聯凱基5C購01,0,0,0,---,---,---, ---,,,0.21,100,0.22,50,
708581,群聯凱基61購03,"691,000",4,"246,760",0.36,0.36,0.35,0.35,-,0.0,0.35,100,0.36,50,
708582,榮剛凱基5B購01,0,0,0,---,---,---, ---,,,0.23,10,0.24,10,
708583,精材凱基5B購05,"126,000",14,"410,580",2.80,3.62,2.80,3.62,+,0.95,3.61,100,3.65,10,
708584,廣穎凱基5B購02,0,0,0,---,---,---, ---,,,1.49,100,1.51,10,
708585,譜瑞凱基5B購02,0,0,0,---,---,---, ---,,,0.06,100,0.08,15,
708586,美琪瑪富邦5B購01,0,0,0,---,---,---, ---,,,0.07,10,0.08,28,
708587,閎康富邦62購01,0,0,0,---,---,---, ---,,,0.17,10,0.18,28,
708588,群聯富邦62購05,"10,000",2,"2,600",0.26,0.26,0.26,0.26,+,0.02,0.21,32,0.26,622,
708589,宏捷科兆豐65購01,"366,000",9,"171,560",0.46,0.49,0.43,0.45,-,0.01,0.44,20,0.45,30,
708590,群聯兆豐65購02,"7,000",3,"5,280",0.76,0.76,0.74,0.74,+,0.02,0.75,30,0.76,40,
708591,精材兆豐61購01,"37,000",13,"98,360",2.50,2.80,2.50,2.80,+,0.55,2.80,20,2.81,20,
708592,元太元大5B購02,"25,000",2,"11,850",0.49,0.49,0.47,0.47,-,0.11,0.01,499,0.00,0,
708593,世禾元大5B購02,0,0,0,---,---,---, ---,,,0.19,499,0.20,10,
708594,欣銓元大5B購02,"595,000",11,"636,450",1.06,1.08,1.03,1.08,-,0.1,1.04,499,1.06,10,
708595,順達元大5B購03,0,0,0,---,---,---, ---,,,0.58,499,0.59,10,
708596,新盛力元大61購03,"80,000",4,"210,750",3.18,3.18,2.50,2.50,-,0.42,2.43,250,2.45,10,
708597,群聯元大5B購10,0,0,0,---,---,---, ---,,,0.52,499,0.53,10,
708598,群聯元大5B購11,"5,000",1,"1,050",0.21,0.21,0.21,0.21,-,0.01,0.21,504,0.22,10,
708599,群聯元大5B購12,"1,000",1,310,0.31,0.31,0.31,0.31,-,0.0,0.30,499,0.31,10,
708600,群聯元大5B購13,"1,000",1,310,0.31,0.31,0.31,0.31,-,0.04,0.32,499,0.33,10,
708601,群聯元大5B購14,0,0,0,---,---,---, ---,,,0.36,499,0.37,10,
708602,群聯元大5C購02,"921,000",2,"290,420",0.32,0.32,0.31,0.31,-,0.02,0.31,499,0.32,10,
708603,群聯元大61購06,"82,000",2,"45,100",0.55,0.55,0.55,0.55,-,0.02,0.54,499,0.55,10,
708604,群聯元大63購03,"121,000",6,"37,210",0.31,0.31,0.29,0.31,-,0.0,0.31,499,0.32,10,
708605,精材元大61購07,"305,000",11,"1,633,440",4.96,5.50,4.75,5.50,+,0.81,5.55,50,5.60,10,
708606,譜瑞元大5B購03,"50,000",2,"6,900",0.14,0.14,0.13,0.13,-,0.01,0.13,499,0.14,10,
708607,中美晶永豐65購01,"58,000",6,"46,020",0.80,0.81,0.76,0.76,-,0.11,0.81,10,0.82,10,
708608,台半永豐63購01,0,0,0,---,---,---, ---,,,1.15,10,1.25,10,
708609,茂達永豐61購01,0,0,0,---,---,---, ---,,,0.63,10,0.73,10,
708610,新盛力永豐63購01,"273,000",21,"441,470",1.54,1.81,1.40,1.44,-,0.21,1.42,10,1.43,10,
708611,群聯永豐5C購03,"53,000",2,"11,130",0.21,0.21,0.21,0.21,-,0.0,0.20,10,0.21,10,
708612,群聯永豐5C購04,"2,000",1,480,0.24,0.24,0.24,0.24,-,0.02,0.25,10,0.26,10,
708613,精材永豐64購01,"27,000",4,"69,700",2.45,2.59,2.45,2.59,+,0.42,2.63,10,2.68,10,
708614,德微永豐63購01,"51,000",4,"58,150",1.15,1.15,1.10,1.10,-,0.17,1.14,499,1.15,10,
708615,元太群益5B購03,0,0,0,---,---,---, ---,,,0.06,166,0.00,0,
708616,方土昶群益5B購02,"1,000",1,980,0.98,0.98,0.98,0.98,-,0.11,0.43,21,0.00,0,
708617,台半群益5B購01,"86,000",9,"82,910",1.01,1.01,0.92,0.98,-,0.09,0.98,20,1.20,10,
708618,家登群益5B購03,0,0,0,---,---,---, ---,,,0.01,26,0.25,10,
708619,閎康群益61購01,0,0,0,---,---,---, ---,,,0.01,10,0.00,0,
708620,陽程群益5B購02,"110,000",8,"618,000",5.50,5.70,5.50,5.70,+,1.47,5.50,50,5.70,10,
708621,順達群益5B購03,"5,000",1,"2,350",0.47,0.47,0.47,0.47,-,0.14,0.42,10,0.52,10,
708622,新盛力群益5B購03,"104,000",10,"145,310",1.71,1.85,1.30,1.30,-,0.35,1.27,100,1.32,100,
708623,群聯群益5B購05,0,0,0,---,---,---, ---,,,0.24,100,0.25,100,
708624,群聯群益61購04,"50,000",1,"14,500",0.29,0.29,0.29,0.29,-,0.0,0.28,100,0.29,100,
708625,榮剛群益5B購01,0,0,0,---,---,---, ---,,,0.06,25,0.08,10,
708626,精材群益5B購04,"11,000",2,"111,100",10.10,10.10,10.10,10.10,+,3.1,10.10,10,0.00,0,
708627,廣穎群益5B購02,"130,000",11,"249,500",1.91,1.98,1.89,1.91,+,0.03,0.85,11,0.00,0,
708628,譜瑞群益5B購02,0,0,0,---,---,---, ---,,,0.16,10,0.26,10,
708629,元太凱基5B購04,"60,000",3,"6,400",0.11,0.11,0.10,0.10,-,0.04,0.02,36,0.11,20,
708630,元太凱基5B購05,"263,000",8,"42,630",0.18,0.19,0.16,0.17,-,0.03,0.14,14,0.17,9,
708631,閎康凱基61購02,"50,000",1,"3,500",0.07,0.07,0.07,0.07,-,0.01,0.06,100,0.07,50,
708632,順達凱基5B購03,0,0,0,---,---,---, ---,,,0.44,100,0.45,30,
708633,新盛力凱基61購01,"467,000",37,"719,440",1.66,1.70,1.26,1.28,-,0.25,1.27,10,1.28,9,
708634,譜瑞凱基5B購03,0,0,0,---,---,---, ---,,,0.22,100,0.23,50,
708635,譜瑞凱基5B購04,"50,000",1,"5,500",0.11,0.11,0.11,0.11,-,0.02,0.10,100,0.11,50,
708636,中美晶元大63購02,"28,000",4,"51,710",1.87,1.87,1.78,1.78,-,0.26,1.86,350,1.88,10,
708637,沛亨元大5B購02,0,0,0,---,---,---, ---,,,0.08,499,0.18,10,
708638,威剛元大5B購08,"69,000",1,"44,850",0.65,0.65,0.65,0.65,-,0.02,0.64,499,0.65,10,
708639,閎康元大5B購01,0,0,0,---,---,---, ---,,,0.03,499,0.13,10,
708640,順達元大5B購04,"15,000",1,"15,150",1.01,1.01,1.01,1.01,-,0.12,0.97,499,0.98,10,
708641,精材元大5B購12,"2,000",1,"11,600",5.80,5.80,5.80,5.80,+,0.4,6.60,150,6.70,10,
708642,優群元大5B購01,0,0,0,---,---,---, ---,,,0.15,499,0.16,10,
708643,譜瑞元大5B購04,0,0,0,---,---,---, ---,,,0.23,499,0.24,10,
708644,譜瑞元大5B購05,0,0,0,---,---,---, ---,,,0.14,499,0.15,10,
708645,譜瑞元大5B購06,0,0,0,---,---,---, ---,,,0.34,499,0.35,10,
708646,譜瑞元大5B購07,0,0,0,---,---,---, ---,,,0.11,499,0.12,10,
708647,台特化永豐61購01,0,0,0,---,---,---, ---,,,0.32,10,0.33,10,
708648,沛亨永豐5C購01,"300,000",5,"48,000",0.16,0.16,0.16,0.16,-,0.01,0.16,10,0.17,10,
708649,金益鼎永豐5C購01,0,0,0,---,---,---, ---,,,0.44,10,0.45,10,
708650,廣穎永豐61購01,"533,000",5,"419,420",0.78,0.81,0.78,0.80,+,0.02,0.77,10,0.78,10,
708651,中美晶富邦5B購01,0,0,0,---,---,---, ---,,,0.63,30,0.71,5,
708652,元太富邦62購01,"156,000",6,"15,980",0.11,0.11,0.10,0.10,-,0.03,0.09,48,0.10,28,
708653,元太富邦62購02,0,0,0,---,---,---, ---,,,0.36,10,0.37,28,
708654,系統電富邦5B購01,0,0,0,---,---,---, ---,,,0.06,10,0.07,28,
708655,新盛力富邦62購01,"761,000",39,"987,540",1.26,1.47,1.15,1.15,-,0.19,1.14,10,1.15,28,
708656,元太群益5B購04,0,0,0,---,---,---, ---,,,0.00,0,0.00,0,
708657,閎康群益5B購04,0,0,0,---,---,---, ---,,,0.01,604,0.10,30,
708658,廣穎群益61購02,"241,000",5,"296,130",1.23,1.24,1.20,1.20,+,0.02,0.63,15,1.70,10,
708659,元太群益5B購05,"200,000",2,"24,000",0.12,0.12,0.12,0.12,-,0.03,0.11,150,0.00,0,
708660,臺慶科群益5B購02,"5,000",1,"2,050",0.41,0.41,0.41,0.41,-,0.17,0.41,25,0.42,10,
708661,元太元大5B購03,"112,000",3,"9,160",0.18,0.18,0.08,0.18,+,0.07,0.08,499,0.16,9,
708662,元太元大5B購04,0,0,0,---,---,---, ---,,,0.00,0,0.00,0,
708663,元太元大5B購05,0,0,0,---,---,---, ---,,,0.00,0,0.00,0,
708664,元太元大5B購06,0,0,0,---,---,---, ---,,,0.08,499,0.18,10,
708665,元太元大5B購07,0,0,0,---,---,---, ---,,,0.00,0,0.00,0,
708666,元太元大5B購08,0,0,0,---,---,---, ---,,,0.12,1,0.15,10,
708667,元太元大5B購09,0,0,0,---,---,---, ---,,,0.06,499,0.16,10,
708668,元太元大5B購10,"56,000",1,"16,240",0.29,0.29,0.29,0.29,-,0.07,0.01,499,0.00,0,
708669,博盛元大5B購01,0,0,0,---,---,---, ---,,,0.76,499,0.78,10,
708670,陽程元大63購02,0,0,0,---,---,---, ---,,,2.59,100,2.80,10,
708671,新盛力元大5B購03,"180,000",8,"375,010",2.10,2.37,1.96,1.96,-,0.27,1.90,350,1.92,10,
708672,元太永豐5C購01,0,0,0,---,---,---, ---,,,0.23,10,0.24,10,
708673,元太永豐61購01,0,0,0,---,---,---, ---,,,0.19,10,0.20,10,
708674,威剛永豐67購01,"11,000",2,"9,680",0.88,0.88,0.88,0.88,-,0.0,0.88,10,0.89,10,
708675,智通*永豐61購01,0,0,0,---,---,---, ---,,,1.12,10,1.16,10,
708676,閎康永豐61購01,0,0,0,---,---,---, ---,,,0.23,499,0.24,10,
708677,新漢永豐5C購01,0,0,0,---,---,---, ---,,,0.42,499,0.44,10,
708678,臺慶科永豐5C購01,"37,000",2,"17,190",0.47,0.47,0.45,0.45,-,0.11,0.45,10,0.46,10,
708679,凡甲凱基5C購01,0,0,0,---,---,---, ---,,,0.09,10,0.10,50,
708680,中美晶凱基5B購03,0,0,0,---,---,---, ---,,,1.57,100,1.67,10,
708681,元太凱基5B購06,0,0,0,---,---,---, ---,,,0.01,36,0.00,0,
708682,威剛凱基5B購07,"5,000",1,"2,100",0.42,0.42,0.42,0.42,-,0.0,0.41,10,0.42,50,
708683,美琪瑪凱基5C購01,0,0,0,---,---,---, ---,,,0.21,10,0.22,10,
708684,陽程凱基5B購01,"21,000",7,"58,150",2.81,2.81,2.73,2.73,+,0.56,2.73,10,2.90,10,
708685,新盛力凱基5B購03,"221,000",20,"269,890",1.57,1.64,1.09,1.09,-,0.3,1.08,10,1.09,10,
708686,新盛力凱基61購02,"227,000",12,"359,660",1.64,1.82,1.38,1.38,-,0.22,1.36,100,1.37,10,
708687,精材凱基61購03,0,0,0,---,---,---, ---,,,0.00,0,0.00,0,
708688,凡甲台新5B購01,0,0,0,---,---,---, ---,,,0.30,25,0.31,10,
708689,凡甲台新5B購02,0,0,0,---,---,---, ---,,,0.15,25,0.16,10,
708690,凡甲台新5B購03,0,0,0,---,---,---, ---,,,0.09,25,0.10,10,
708691,中美晶台新5B購03,"23,000",1,"65,780",2.86,2.86,2.86,2.86,-,0.45,2.91,25,2.96,10,
708692,元太台新5B購01,"60,000",1,"15,600",0.26,0.26,0.26,0.26,-,0.07,0.24,1,0.26,499,
708693,方土昶台新5B購01,0,0,0,---,---,---, ---,,,2.20,25,2.23,10,
708694,台特化台新5B購03,0,0,0,---,---,---, ---,,,0.38,25,0.39,10,
708695,閎康台新5B購01,"171,000",1,"27,360",0.16,0.16,0.16,0.16,-,0.03,0.15,25,0.16,10,
708696,閎康台新5B購02,0,0,0,---,---,---, ---,,,0.08,25,0.10,10,
708697,閎康台新5B購03,0,0,0,---,---,---, ---,,,0.04,25,0.10,10,
708698,順達台新5B購03,0,0,0,---,---,---, ---,,,1.05,25,1.06,10,
708699,臺慶科台新5B購02,"32,000",5,"64,510",1.91,2.07,1.68,1.68,-,0.3,1.75,25,1.76,10,
708700,凡甲國泰61購02,0,0,0,---,---,---, ---,,,0.58,499,0.59,100,
708701,元太國泰5C購01,0,0,0,---,---,---, ---,,,0.40,10,0.50,10,
708702,元太國泰5C購02,"255,000",4,"70,000",0.27,0.28,0.27,0.28,-,0.05,0.28,10,0.38,10,
708703,元太國泰5C購03,0,0,0,---,---,---, ---,,,0.19,10,0.29,10,
708704,台半富邦62購01,"1,186,000",31,"871,410",0.71,0.76,0.69,0.72,-,0.04,0.72,10,0.73,31,
708705,華景電富邦5B購01,0,0,0,---,---,---, ---,,,0.16,10,0.17,28,
708706,新盛力富邦61購04,"98,000",14,"124,280",1.12,1.50,1.10,1.10,-,0.14,1.01,10,1.05,10,
708707,德微富邦63購01,"234,000",6,"174,290",0.76,0.77,0.72,0.72,-,0.13,0.76,10,0.77,28,
708708,雙鴻富邦61購01,"712,000",21,"592,490",0.74,0.98,0.74,0.98,+,0.21,0.99,10,0.00,0,
708709,元太國票5C購01,"38,000",2,"5,040",0.14,0.14,0.13,0.13,-,0.04,0.14,25,0.15,10,
708710,元太國票5C購02,0,0,0,---,---,---, ---,,,0.13,25,0.14,10,
708711,光頡國票5B購01,0,0,0,---,---,---, ---,,,2.63,25,2.67,10,
708712,光頡國票5B購02,"163,000",4,"444,070",2.91,2.91,2.57,2.61,-,0.72,2.62,25,2.63,10,
708713,朋程國票5B購01,"2,000",1,740,0.37,0.37,0.37,0.37,-,0.15,0.37,25,0.38,10,
708714,閎康國票5C購01,0,0,0,---,---,---, ---,,,0.25,25,0.26,10,
708715,新盛力國票5B購02,"1,735,000",54,"2,496,890",1.40,1.74,1.20,1.24,-,0.28,1.22,25,1.23,10,
708716,中美晶台新5B購04,0,0,0,---,---,---, ---,,,4.75,25,4.85,10,
708717,台半台新5B購01,0,0,0,---,---,---, ---,,,4.28,25,4.32,10,
708718,台半台新5B購02,"28,000",1,"87,080",3.11,3.11,3.11,3.11,-,0.39,3.05,25,3.07,10,
708719,台半台新5B購03,"60,000",6,"109,200",1.86,1.87,1.75,1.75,-,0.33,1.82,25,1.83,10,
708720,光頡凱基5B購01,"20,000",2,"33,700",1.65,1.72,1.65,1.72,-,0.27,1.66,10,1.68,10,
708721,陽程凱基61購01,"27,000",6,"57,160",1.93,2.29,1.93,2.29,+,0.45,2.21,100,2.38,11,
708722,陽程凱基63購02,"48,000",6,"92,760",1.88,2.16,1.87,2.16,+,0.61,1.89,31,2.16,4,
708723,勤凱凱基5B購01,"1,000",1,140,0.14,0.14,0.14,0.14,-,0.02,0.14,10,0.16,10,
708724,臺慶科凱基5B購02,"215,000",18,"40,850",0.22,0.22,0.17,0.19,-,0.05,0.19,10,0.20,10,
708725,擎亞凱基5B購02,0,0,0,---,---,---, ---,,,0.69,100,0.00,0,
708726,擎亞凱基5B購03,0,0,0,---,---,---, ---,,,0.00,0,3.50,12,
708727,台半元大63購02,"10,000",1,"23,700",2.37,2.37,2.37,2.37,-,0.33,2.42,301,2.52,10,
708728,威剛元大5B購09,"82,000",1,"45,100",0.55,0.55,0.55,0.55,+,0.01,0.54,499,0.55,10,
708729,博盛元大5B購02,"220,000",5,"100,400",0.50,0.50,0.45,0.45,-,0.09,0.45,10,0.46,10,
708730,閎康元大5B購02,0,0,0,---,---,---, ---,,,0.12,499,0.13,10,
708731,陽程元大5B購01,"29,000",3,"60,900",2.20,2.20,2.09,2.15,+,0.38,2.12,200,2.18,100,
708732,陽程元大5B購02,0,0,0,---,---,---, ---,,,1.76,5,0.00,0,
708733,陽程元大65購02,0,0,0,---,---,---, ---,,,1.23,5,1.44,110,
708734,勤凱元大5B購01,"549,000",3,"290,940",0.49,0.58,0.49,0.58,-,0.02,0.58,499,0.59,10,
708735,勤凱元大5B購02,"250,000",1,"110,000",0.44,0.44,0.44,0.44,-,0.11,0.52,499,0.53,10,
708736,勤凱元大5B購03,0,0,0,---,---,---, ---,,,0.25,499,0.26,10,
708737,群翊元大5B購02,0,0,0,---,---,---, ---,,,0.34,499,0.35,10,
708738,德微元大5B購01,"7,000",2,"14,610",2.13,2.13,2.03,2.03,-,0.31,2.10,350,2.12,10,
708739,德微元大5B購02,"10,000",3,"10,380",1.04,1.04,1.03,1.03,-,0.13,1.02,499,1.03,10,
708740,擎亞元大5B購03,0,0,0,---,---,---, ---,,,0.61,25,0.71,10,
708741,擎亞元大5B購04,0,0,0,---,---,---, ---,,,0.43,25,0.53,10,
708742,尼克森永豐5C購01,"15,000",3,"3,750",0.26,0.26,0.24,0.24,-,0.05,0.22,10,0.23,10,
708743,光頡永豐61購01,0,0,0,---,---,---, ---,,,1.10,10,1.13,10,
708744,翔名永豐5C購01,0,0,0,---,---,---, ---,,,0.40,10,0.41,10,
708745,陽程永豐5B購02,"7,000",3,"8,550",1.20,1.25,1.20,1.25,+,0.26,1.22,100,1.50,10,
708746,精材永豐61購02,"12,000",6,"34,680",2.55,3.01,2.55,3.01,+,0.48,3.00,10,3.03,1,
708747,臺慶科永豐65購01,0,0,0,---,---,---, ---,,,0.63,499,0.64,10,
708748,擎亞永豐5C購01,0,0,0,---,---,---, ---,,,0.81,10,0.84,10,
708749,擎亞永豐61購01,"24,000",2,"22,800",0.95,0.95,0.95,0.95,-,0.01,0.92,10,0.95,10,
708750,雙鴻永豐65購01,"712,000",22,"908,690",1.20,1.49,1.17,1.48,+,0.31,1.50,10,1.70,2,
708751,精材富邦5B購02,"5,000",4,"14,590",2.90,2.93,2.90,2.93,+,0.73,2.93,30,0.00,0,
708752,博盛國泰5C購01,0,0,0,---,---,---, ---,,,0.66,499,0.67,100,
708753,擎亞國泰61購01,0,0,0,---,---,---, ---,,,0.00,0,0.00,0,
708754,凡甲群益5B購02,0,0,0,---,---,---, ---,,,0.06,10,0.16,10,
708755,中美晶群益5B購03,"44,000",6,"82,380",1.99,1.99,1.81,1.86,-,0.43,1.92,10,2.02,10,
708756,正淩群益5B購01,0,0,0,---,---,---, ---,,,0.01,3,0.00,0,
708757,威剛群益61購02,"16,000",3,"15,860",1.16,1.16,0.98,0.98,+,0.02,0.96,100,0.97,100,
708758,陽程群益5B購03,"1,000",1,"1,850",1.85,1.85,1.85,1.85,+,0.29,0.82,12,0.00,0,
708759,聖暉*群益5B購02,"30,000",1,"3,600",0.12,0.12,0.12,0.12,-,0.03,0.13,100,0.14,100,
708760,精材群益5B購06,"40,000",4,"178,400",4.25,4.72,4.25,4.72,+,1.02,4.71,10,4.81,10,
708761,擎亞群益5B購02,"208,000",2,"99,840",0.47,0.49,0.47,0.49,-,0.01,0.23,43,0.00,0,
708762,大中國票5B購01,"21,000",4,"11,850",0.62,0.62,0.52,0.52,-,0.25,0.51,25,0.52,10,
708763,世界國票5C購04,0,0,0,---,---,---, ---,,,0.28,25,0.29,10,
708764,立端國票5C購01,0,0,0,---,---,---, ---,,,0.32,25,0.33,10,
708765,均豪國票5B購01,0,0,0,---,---,---, ---,,,0.27,25,0.28,10,
708766,沛亨國票5C購01,0,0,0,---,---,---, ---,,,0.30,25,0.31,10,
708767,威剛國票5C購03,0,0,0,---,---,---, ---,,,0.55,25,0.56,10,
708768,原相國票5B購02,0,0,0,---,---,---, ---,,,0.18,25,0.19,10,
708769,家碩國票5C購01,0,0,0,---,---,---, ---,,,0.30,25,0.31,10,
708770,博盛國票5B購02,"269,000",2,"88,970",0.34,0.34,0.31,0.31,-,0.07,0.30,25,0.31,10,
708771,博盛國票5C購01,0,0,0,---,---,---, ---,,,0.44,25,0.45,10,
708772,博盛國票5C購02,"10,000",1,"4,500",0.45,0.45,0.45,0.45,-,0.19,0.45,25,0.46,10,
708773,陽程國票5B購01,"16,000",6,"32,610",1.80,2.23,1.80,2.23,+,0.74,1.91,1,2.23,8,
708774,新鉅科國票5C購01,"50,000",1,"24,500",0.49,0.49,0.49,0.49,-,0.0,0.49,25,0.50,10,
708775,聖暉*國票5C購01,0,0,0,---,---,---, ---,,,0.27,25,0.28,10,
708776,榮剛國票5C購01,0,0,0,---,---,---, ---,,,0.29,25,0.30,10,
708777,精材國票5C購02,"624,000",21,"1,491,330",2.28,2.68,2.15,2.62,+,0.56,2.63,25,2.65,100,
708778,臺慶科國票5C購02,"30,000",2,"11,800",0.40,0.40,0.39,0.39,-,0.06,0.38,25,0.40,10,
708779,廣閎科國票5C購01,"602,000",7,"533,340",0.88,0.89,0.85,0.85,-,0.05,0.85,25,0.87,10,
708780,擎亞國票5B購01,"34,000",3,"27,880",0.82,0.82,0.82,0.82,-,0.04,0.82,25,0.83,10,
708781,FH中5G凱基5B購01,0,0,0,---,---,---, ---,,,0.48,10,0.58,10,
708782,世界凱基64購01,0,0,0,---,---,---, ---,,,0.64,100,0.65,10,
708783,正淩凱基5B購02,0,0,0,---,---,---, ---,,,0.05,10,0.15,10,
708784,光頡凱基5B購02,"41,000",5,"37,020",0.92,0.92,0.87,0.88,-,0.2,0.87,10,0.95,1,
708785,均豪凱基5B購02,0,0,0,---,---,---, ---,,,0.17,100,0.18,30,
708786,沛亨凱基5B購02,0,0,0,---,---,---, ---,,,0.21,10,0.22,50,
708787,群翊凱基5B購01,0,0,0,---,---,---, ---,,,0.33,100,0.34,50,
708788,聖暉*凱基5B購04,"5,000",1,400,0.08,0.08,0.08,0.08,-,0.0,0.07,105,0.00,0,
708789,精材凱基5B購06,"855,000",24,"1,648,520",1.62,2.07,1.59,2.06,+,0.49,2.09,100,2.11,10,
708790,精材凱基5B購07,"2,000",2,"4,230",2.08,2.15,2.08,2.15,+,0.47,2.18,100,0.00,0,
708791,精材凱基5C購02,"245,000",13,"523,130",1.97,2.31,1.88,2.30,+,0.48,2.34,100,2.35,10,
708792,精材凱基61購04,"240,000",6,"414,910",1.80,1.88,1.71,1.88,+,0.21,2.08,100,2.18,10,
708793,德微凱基5B購01,"55,000",3,"63,380",1.20,1.20,1.14,1.14,-,0.12,1.18,100,1.19,10,
708794,世界中信5B購02,"540,000",13,"65,200",0.12,0.13,0.12,0.12,-,0.04,0.12,25,0.13,10,
708795,正淩永豐61購01,0,0,0,---,---,---, ---,,,0.19,499,0.20,10,
708796,茂綸永豐61購01,0,0,0,---,---,---, ---,,,0.36,10,0.46,10,
708797,神準永豐5C購01,0,0,0,---,---,---, ---,,,0.42,10,0.43,10,
708798,精材永豐65購01,"50,000",10,"87,780",1.65,1.82,1.65,1.82,+,0.37,1.82,20,1.83,10,
708799,台半元大5B購01,"12,000",2,"31,160",2.57,2.61,2.57,2.61,-,0.21,2.61,250,2.63,10,
708800,光頡元大5B購01,"9,000",1,"13,860",1.54,1.54,1.54,1.54,-,0.19,1.36,499,1.39,10,
708801,光頡元大5B購03,"5,000",1,"9,450",1.89,1.89,1.89,1.89,-,0.21,1.70,25,1.72,10,
708802,聖暉*元大5B購03,"730,000",11,"321,620",0.46,0.46,0.44,0.44,-,0.0,0.41,499,0.42,10,
708803,聖暉*元大5B購04,0,0,0,---,---,---, ---,,,0.27,499,0.28,10,
708804,雷科元大5B購01,"10,000",2,"20,500",2.05,2.05,2.05,2.05,-,0.52,1.95,300,2.05,10,
708805,精材元大5B購13,"113,000",15,"423,550",3.66,3.81,3.46,3.79,+,0.58,3.97,75,4.04,10,
708806,精材元大5B購14,"57,000",7,"214,400",3.75,4.01,3.60,4.01,+,0.6,4.20,50,4.22,10,
708807,精材元大5B購15,"391,000",20,"1,368,340",3.34,3.61,3.04,3.60,+,0.72,3.64,75,3.66,10,
708808,精材元大5B購16,"73,000",8,"275,210",3.66,3.86,3.49,3.86,+,0.57,4.03,75,4.05,10,
708809,精材元大5B購17,"70,000",9,"256,750",3.69,3.93,3.35,3.93,+,0.75,3.96,75,3.98,10,
708810,精材元大63購03,"1,000",1,"1,740",1.74,1.74,1.74,1.74,+,0.51,1.80,125,0.00,0,
708811,臺慶科元大63購01,0,0,0,---,---,---, ---,,,0.46,499,0.56,10,
708812,世界台新5B購04,"49,000",2,"30,360",0.60,0.62,0.60,0.62,-,0.12,0.64,25,0.65,10,
708813,光頡台新5B購01,"12,000",2,"24,720",2.23,2.23,1.89,1.89,-,0.34,1.89,25,1.99,10,
708814,欣銓台新5B購03,0,0,0,---,---,---, ---,,,0.84,25,0.94,10,
708815,欣銓台新5B購04,0,0,0,---,---,---, ---,,,0.72,25,0.82,10,
708816,倚強台新5B購01,"1,959,000",21,"1,731,280",0.91,0.96,0.77,0.95,+,0.19,0.88,25,0.89,10,
708817,聖暉*台新5B購03,0,0,0,---,---,---, ---,,,0.27,25,0.28,10,
708818,榮剛台新5B購01,0,0,0,---,---,---, ---,,,0.49,25,0.50,10,
708819,精材台新5B購04,0,0,0,---,---,---, ---,,,5.15,25,0.00,0,
708820,精材台新5B購05,"11,000",2,"48,860",3.86,4.50,3.86,4.50,+,1.13,4.58,25,4.68,10,
708821,精材台新5C購01,"41,000",3,"153,060",3.66,3.90,3.66,3.90,+,0.76,4.01,25,4.11,10,
708822,臺慶科台新5B購03,"248,000",13,"245,500",0.96,1.05,0.91,0.91,-,0.13,0.87,25,0.88,10,
708823,臺慶科台新5B購04,"1,228,000",24,"850,450",0.69,0.76,0.68,0.68,-,0.07,0.61,25,0.62,10,
708824,伍豐國票5C購01,"80,000",2,"23,500",0.30,0.30,0.29,0.29,-,0.02,0.29,25,0.30,10,
708825,光頡國票5B購03,"291,000",6,"340,790",1.19,1.19,1.14,1.14,-,0.1,1.05,25,1.06,10,
708826,翔名國票5C購02,0,0,0,---,---,---, ---,,,0.41,25,0.42,10,
708827,聖暉*兆豐61購01,"120,000",2,"34,800",0.29,0.29,0.29,0.29,-,0.02,0.28,10,0.29,20,
708828,立敦群益5B購01,0,0,0,---,---,---, ---,,,0.19,66,0.00,0,
708829,光頡群益5B購01,"33,000",2,"61,400",1.92,1.92,1.85,1.85,-,0.16,0.00,0,0.00,0,
708830,金益鼎群益5B購01,0,0,0,---,---,---, ---,,,0.15,10,0.25,10,
708831,茂綸群益5C購01,0,0,0,---,---,---, ---,,,0.13,76,0.00,0,
708832,翔名群益5B購01,0,0,0,---,---,---, ---,,,0.10,100,0.00,0,
708833,精材群益5B購07,"534,000",23,"1,836,720",3.45,3.93,3.01,3.88,+,1.04,3.97,10,4.07,10,
708834,千如國泰5C購01,0,0,0,---,---,---, ---,,,2.01,200,2.07,10,
708835,聖暉*國泰5C購01,0,0,0,---,---,---, ---,,,0.41,499,0.00,0,
708836,精材國泰5C購01,"157,000",11,"561,710",3.52,4.20,3.45,4.20,+,0.84,4.18,347,4.24,100,
708837,精材國泰5C購02,"11,000",2,"46,140",4.14,4.20,4.14,4.20,+,0.83,4.19,340,4.45,50,
708838,臺慶科國泰5C購01,0,0,0,---,---,---, ---,,,1.00,100,1.10,100,
708839,萬泰科富邦63購01,0,0,0,---,---,---, ---,,,0.35,10,0.36,28,
708840,中美晶元大5B購04,"26,000",4,"50,260",1.93,1.95,1.91,1.95,-,0.18,1.92,350,1.94,10,
708841,台半元大5B購02,"7,000",4,"9,130",1.31,1.31,1.29,1.29,-,0.21,1.22,502,1.32,10,
708842,光頡元大5B購04,0,0,0,---,---,---, ---,,,1.14,25,1.16,10,
708843,威剛元大5B購10,"330,000",18,"530,820",1.58,1.62,1.57,1.61,-,0.01,1.60,450,1.62,10,
708844,威剛元大5B購11,"10,000",1,"8,000",0.80,0.80,0.80,0.80,+,0.01,0.79,499,0.80,10,
708845,翔名元大5B購01,"30,000",1,"7,200",0.24,0.24,0.24,0.24,-,0.02,0.01,499,0.00,0,
708846,順達元大5B購05,0,0,0,---,---,---, ---,,,1.34,499,1.35,10,
708847,新盛力元大5B購04,"47,000",3,"134,510",2.53,2.91,2.53,2.91,+,0.18,2.31,300,2.34,10,
708848,群翊元大5B購03,"300,000",7,"122,220",0.43,0.43,0.40,0.40,-,0.07,0.39,499,0.40,10,
708849,擎亞元大5B購05,"4,000",2,"1,550",0.38,0.39,0.38,0.39,-,0.07,0.37,25,0.38,10,
708850,擎亞元大5B購06,"229,000",2,"153,430",0.67,0.67,0.67,0.67,-,0.01,0.65,25,0.66,10,
708851,久元凱基5B購03,0,0,0,---,---,---, ---,,,0.13,10,0.14,10,
708852,台半凱基5B購01,"60,000",3,"67,200",1.14,1.14,1.08,1.08,-,0.14,1.11,100,1.12,10,
708853,立碁凱基5C購02,"11,000",2,"12,660",1.16,1.16,1.15,1.15,+,0.31,1.15,100,0.00,0,
708854,光頡凱基5B購03,0,0,0,---,---,---, ---,,,0.00,0,2.15,5,
708855,光頡凱基5B購04,"71,000",1,"50,410",0.71,0.71,0.71,0.71,-,0.2,0.70,100,0.71,10,
708856,茂綸凱基5C購01,"90,000",5,"40,300",0.44,0.47,0.43,0.47,-,0.08,0.46,10,0.48,10,
708857,翔名凱基5B購01,0,0,0,---,---,---, ---,,,0.16,10,0.17,50,
708858,德微凱基5B購02,0,0,0,---,---,---, ---,,,0.48,100,0.49,30,
708859,立敦台新5B購01,0,0,0,---,---,---, ---,,,1.37,25,1.38,10,
708860,立敦台新5B購02,"11,000",2,"7,230",0.66,0.66,0.63,0.63,-,0.17,0.63,25,0.64,10,
708861,沛亨台新5B購01,"5,000",1,"2,550",0.51,0.51,0.51,0.51,-,0.02,0.55,25,0.56,10,
708862,沛亨台新5B購02,0,0,0,---,---,---, ---,,,0.56,25,0.57,10,
708863,沛亨台新5B購03,"15,000",1,"3,300",0.22,0.22,0.22,0.22,-,0.09,0.26,25,0.27,10,
708864,捷創台新5B購01,"40,000",1,"26,000",0.65,0.65,0.65,0.65,+,0.06,0.62,25,0.64,10,
708865,新盛力台新5B購02,0,0,0,---,---,---, ---,,,2.00,25,2.04,10,
708866,新盛力台新5B購03,0,0,0,---,---,---, ---,,,2.52,25,2.56,10,
708867,新盛力台新5C購01,"4,000",4,"17,240",4.72,4.72,3.98,3.98,-,0.39,3.52,25,3.62,10,
708868,新盛力台新62購02,"61,000",10,"204,850",3.51,3.57,2.98,2.98,-,0.42,2.79,25,2.89,10,
708869,中美晶中信5B購01,"103,000",5,"92,110",0.90,0.91,0.89,0.89,-,0.15,0.88,10,0.89,10,
708870,光頡中信5B購01,"73,000",7,"31,080",0.60,0.60,0.40,0.48,-,0.0,0.39,40,0.48,64,
708871,威剛中信65購01,0,0,0,---,---,---, ---,,,0.48,10,0.49,10,
708872,台半永豐61購01,"5,000",1,"7,250",1.45,1.45,1.45,1.45,-,0.12,1.41,10,1.44,10,
708873,光頡永豐64購01,"32,000",3,"48,530",1.52,1.52,1.41,1.41,-,0.15,1.40,499,1.41,10,
708874,雅特力永豐5B購01,"15,000",2,"26,900",1.86,1.86,1.76,1.76,-,0.13,1.79,5,1.83,10,
708875,千如國票5C購01,"303,000",17,"184,540",0.64,0.64,0.55,0.56,-,0.08,0.56,25,0.57,10,
708876,台半國票5C購02,"4,000",1,"5,840",1.46,1.46,1.46,1.46,-,0.28,1.44,25,1.45,10,
708877,台星科國票5C購02,0,0,0,---,---,---, ---,,,0.53,25,0.54,10,
708878,光頡國票5C購01,"19,000",3,"18,200",1.05,1.05,0.93,0.94,-,0.28,0.94,25,0.95,10,
708879,均豪國票5B購02,0,0,0,---,---,---, ---,,,0.42,25,0.43,10,
708880,亞通國票5B購01,"272,000",32,"296,450",0.96,1.32,0.93,1.00,-,0.05,1.01,25,1.03,10,
708881,金益鼎國票5C購01,0,0,0,---,---,---, ---,,,0.41,25,0.42,10,
708882,能率國票5C購01,"90,000",4,"61,650",0.69,0.70,0.66,0.66,-,0.09,0.66,25,0.67,10,
708883,晶焱國票5B購01,"10,000",1,"3,200",0.32,0.32,0.32,0.32,-,0.04,0.31,25,0.32,10,
708884,智通*國票5B購02,0,0,0,---,---,---, ---,,,0.40,25,0.41,10,
708885,翔名國票5C購03,"20,000",1,"5,600",0.28,0.28,0.28,0.28,-,0.03,0.30,25,0.31,10,
708886,雅特力國票5C購01,"50,000",7,"92,340",1.93,1.93,1.79,1.79,-,0.08,1.80,25,1.85,10,
708887,萬泰科國票5C購01,"120,000",2,"46,800",0.39,0.39,0.39,0.39,-,0.01,0.39,25,0.40,10,
708888,雷科國票5B購02,"207,000",12,"209,650",1.13,1.19,0.97,1.00,-,0.22,0.98,25,1.00,10,
708889,德微國票5C購01,"550,000",4,"496,400",0.90,0.92,0.86,0.86,-,0.1,0.86,25,0.87,10,
708890,擎亞國票5B購02,"30,000",2,"24,100",0.81,0.81,0.79,0.79,-,0.01,0.79,25,0.80,10,
708891,久元群益61購02,0,0,0,---,---,---, ---,,,0.16,10,0.26,10,
708892,世界群益62購02,"27,000",2,"11,070",0.41,0.41,0.41,0.41,-,0.06,0.21,47,0.00,0,
708893,立碁群益5B購01,"100,000",8,"147,750",1.44,1.55,1.42,1.55,+,0.24,0.00,0,0.00,0,
708894,光頡群益5B購02,"420,000",8,"347,900",0.97,0.97,0.77,0.80,-,0.14,0.41,24,0.00,0,
708895,均豪群益5B購02,"121,000",4,"82,230",0.67,0.71,0.67,0.71,-,0.03,0.25,40,0.00,0,
708896,擎亞群益5C購01,"128,000",5,"48,540",0.37,0.39,0.37,0.39,-,0.01,0.28,3,0.00,0,
708897,雷科國泰61購01,"37,000",5,"102,320",2.82,2.83,2.66,2.66,-,0.47,2.66,5,2.72,20,
708898,寶雅富邦61購01,0,0,0,---,---,---, ---,,,2.12,10,2.16,10,
708899,凡甲統一65購01,0,0,0,---,---,---, ---,,,0.25,10,0.26,10,
708900,久元統一65購01,0,0,0,---,---,---, ---,,,0.20,10,0.21,10,
708901,久元統一65購02,0,0,0,---,---,---, ---,,,0.25,10,0.26,10,
708902,大中統一63購01,"29,000",16,"20,700",0.76,0.76,0.69,0.69,-,0.23,0.69,10,0.70,10,
708903,大中統一65購01,"295,000",10,"187,280",0.68,0.68,0.61,0.62,-,0.11,0.61,10,0.62,10,
708904,世界統一64購02,"25,000",2,"12,100",0.48,0.49,0.48,0.49,-,0.03,0.49,10,0.50,10,
708905,世界統一65購01,"2,000",1,840,0.42,0.42,0.42,0.42,-,0.02,0.43,10,0.44,10,
708906,世界統一65購02,0,0,0,---,---,---, ---,,,0.40,10,0.41,10,
708907,尼克森統一63購01,"20,000",2,"6,000",0.31,0.31,0.27,0.27,-,0.08,0.27,10,0.28,10,
708908,立敦統一63購01,0,0,0,---,---,---, ---,,,0.51,10,0.52,10,
708909,立敦統一65購01,"46,000",1,"23,460",0.51,0.51,0.51,0.51,-,0.08,0.52,10,0.53,10,
708910,立敦統一65購02,0,0,0,---,---,---, ---,,,0.53,10,0.54,10,
708911,立敦統一66購01,"1,000",1,370,0.37,0.37,0.37,0.37,-,0.01,0.34,12,0.35,10,
708912,光頡統一63購01,"19,000",1,"19,950",1.05,1.05,1.05,1.05,-,0.05,0.95,10,0.96,10,
708913,光頡統一65購01,0,0,0,---,---,---, ---,,,0.66,20,0.90,30,
708914,光頡統一65購02,"40,000",2,"19,200",0.50,0.50,0.46,0.46,-,0.04,0.47,10,0.48,10,
708915,安葆統一75購01,0,0,0,---,---,---, ---,,,0.59,100,0.60,10,
708916,艾訊統一65購01,0,0,0,---,---,---, ---,,,0.28,10,0.29,10,
708917,邑錡統一65購01,"302,000",5,"160,060",0.53,0.53,0.53,0.53,-,0.02,0.52,11,0.53,10,
708918,亞通統一65購01,"662,000",23,"479,950",0.69,0.78,0.69,0.72,+,0.02,0.72,10,0.73,10,
708919,欣銓統一63購01,0,0,0,---,---,---, ---,,,0.59,10,0.60,10,
708920,欣銓統一65購02,"618,000",8,"344,890",0.56,0.57,0.54,0.54,-,0.06,0.55,10,0.56,10,
708921,欣銓統一67購01,"741,000",10,"786,170",1.07,1.07,1.04,1.07,-,0.05,1.03,10,1.04,10,
708922,欣銓統一69購01,"5,000",1,"3,850",0.77,0.77,0.77,0.77,-,0.0,0.80,10,0.81,10,
708923,威剛統一64購02,0,0,0,---,---,---, ---,,,0.50,20,0.51,10,
708924,威剛統一65購01,0,0,0,---,---,---, ---,,,0.49,10,0.50,10,
708925,威剛統一65購02,"80,000",5,"54,080",0.67,0.69,0.67,0.69,+,0.02,0.67,46,0.68,10,
708926,威剛統一65購03,"38,000",2,"20,130",0.52,0.53,0.52,0.53,-,0.0,0.53,10,0.54,10,
708927,威剛統一69購01,"56,000",3,"26,370",0.47,0.48,0.47,0.48,+,0.01,0.47,10,0.48,10,
708928,茂達統一64購01,"10,000",1,"7,200",0.72,0.72,0.72,0.72,-,0.06,0.69,10,0.70,10,
708929,茂綸統一63購01,0,0,0,---,---,---, ---,,,0.43,10,0.44,10,
708930,翔名統一63購01,"43,000",2,"15,180",0.36,0.36,0.33,0.33,-,0.04,0.34,10,0.35,10,
708931,翔名統一65購01,"58,000",2,"23,760",0.42,0.42,0.40,0.40,-,0.03,0.41,10,0.42,10,
708932,閎康統一65購01,0,0,0,---,---,---, ---,,,0.27,10,0.28,10,
708933,閎康統一65購02,0,0,0,---,---,---, ---,,,0.37,10,0.38,10,
708934,順達統一65購02,0,0,0,---,---,---, ---,,,0.60,10,0.61,10,
708935,新盛力統一69購01,"393,000",21,"355,040",0.94,0.96,0.81,0.82,-,0.08,0.82,10,0.92,1,
708936,聖暉*統一63購02,"158,000",4,"50,670",0.34,0.34,0.31,0.31,-,0.02,0.31,10,0.32,10,
708937,臺慶科統一63購01,"277,000",6,"189,630",0.73,0.74,0.65,0.65,-,0.13,0.66,10,0.67,10,
708938,臺慶科統一65購01,"125,000",2,"62,550",0.50,0.51,0.50,0.51,-,0.0,0.46,30,0.47,10,
708939,擎亞統一67購01,0,0,0,---,---,---, ---,,,0.49,10,0.50,10,
708940,中美晶凱基5B購04,0,0,0,---,---,---, ---,,,1.61,100,1.63,10,
708941,世界凱基63購01,"4,000",2,"2,260",0.56,0.58,0.56,0.58,-,0.05,0.58,100,0.59,10,
708942,台半凱基61購01,"262,000",11,"273,720",1.03,1.06,0.99,1.04,-,0.08,1.03,105,1.04,30,
708943,台星科凱基5C購01,"237,000",5,"159,960",0.71,0.71,0.66,0.66,-,0.13,0.67,100,0.68,10,
708944,均豪凱基5B購03,0,0,0,---,---,---, ---,,,0.47,100,0.48,10,
708945,威剛凱基5B購08,"828,000",16,"503,330",0.62,0.63,0.59,0.62,+,0.02,0.61,10,0.62,50,
708946,德微凱基5C購01,"531,000",2,"276,440",0.52,0.53,0.52,0.53,-,0.08,0.49,100,0.50,30,
708947,擎亞凱基5B購04,"10,000",1,"4,100",0.41,0.41,0.41,0.41,-,0.01,0.39,100,0.44,3,
708948,順達台新61購01,"40,000",3,"91,000",2.37,2.37,2.21,2.21,-,0.38,2.22,25,2.23,10,
708949,鈊象台新5B購04,"85,000",5,"103,400",1.21,1.38,1.14,1.38,+,0.2,1.38,6,0.00,0,
708950,優群台新5B購02,0,0,0,---,---,---, ---,,,0.18,25,0.19,10,
708951,中美晶元大5B購05,0,0,0,---,---,---, ---,,,1.07,499,1.17,10,
708952,台半元大5B購03,0,0,0,---,---,---, ---,,,0.74,499,0.84,10,
708953,均豪元大5B購03,"767,000",12,"304,930",0.40,0.44,0.39,0.39,-,0.03,0.43,25,0.44,10,
708954,威剛元大5B購12,"160,000",3,"155,200",0.97,0.97,0.97,0.97,-,0.04,0.97,499,0.98,10,
708955,威剛元大5B購13,"209,000",5,"163,010",0.77,0.79,0.77,0.78,-,0.02,0.77,499,0.78,10,
708956,順達元大5B購06,0,0,0,---,---,---, ---,,,1.92,350,1.94,10,
708957,新盛力元大5B購05,0,0,0,---,---,---, ---,,,1.52,400,1.55,10,
708958,雷科元大5B購02,0,0,0,---,---,---, ---,,,1.22,499,1.32,10,
708959,雷科元大5B購03,0,0,0,---,---,---, ---,,,1.32,450,1.42,10,
708960,雷科元大5B購04,"67,000",9,"171,820",2.67,2.67,2.42,2.43,-,0.52,2.43,250,2.47,10,
708961,擎亞元大5B購07,"325,000",3,"240,500",0.74,0.74,0.74,0.74,-,0.02,0.72,25,0.73,20,
708962,點序元大5B購01,0,0,0,---,---,---, ---,,,0.04,499,0.14,10,
708963,台半永豐5C購02,"25,000",1,"20,500",0.82,0.82,0.82,0.82,-,0.26,0.83,10,0.85,10,
708964,凌陽創永豐61購01,0,0,0,---,---,---, ---,,,0.22,10,0.23,10,
708965,萬泰科永豐61購01,0,0,0,---,---,---, ---,,,0.41,10,0.42,10,
708966,久元群益5B購01,"599,000",2,"29,950",0.05,0.05,0.05,0.05,-,0.01,0.04,10,0.14,10,
708967,均豪群益5B購03,"53,000",1,"21,200",0.40,0.40,0.40,0.40,-,0.0,0.01,499,0.00,0,
708968,佳邦群益5B購01,0,0,0,---,---,---, ---,,,0.20,25,0.23,10,
708969,朋程群益5B購02,0,0,0,---,---,---, ---,,,0.26,25,0.27,10,
708970,欣銓群益5B購03,"570,000",9,"466,120",0.83,0.86,0.76,0.86,-,0.11,0.47,106,0.00,0,
708971,鈊象群益5B購03,"392,000",4,"179,120",0.46,0.46,0.43,0.43,-,0.01,0.08,125,0.00,0,
708972,鈺太群益5B購01,0,0,0,---,---,---, ---,,,0.00,0,0.00,0,
708973,德微群益5B購03,"70,000",1,"36,400",0.52,0.52,0.52,0.52,-,0.07,0.51,10,0.61,10,
708974,雙鴻群益5B購08,"143,000",5,"343,250",1.61,2.52,1.61,2.52,+,1.02,2.50,2,0.00,0,
708975,久元統一65購03,0,0,0,---,---,---, ---,,,0.19,10,0.20,10,
708976,久元統一65購04,0,0,0,---,---,---, ---,,,0.20,10,0.21,10,
708977,台半統一63購01,0,0,0,---,---,---, ---,,,1.01,10,1.02,10,
708978,台半統一65購01,"115,000",5,"61,150",0.53,0.55,0.53,0.53,-,0.12,0.53,10,0.54,10,
708979,台半統一69購01,0,0,0,---,---,---, ---,,,0.55,10,0.56,10,
708980,台星科統一65購01,"384,000",4,"231,400",0.61,0.61,0.60,0.60,-,0.04,0.58,10,0.59,10,
708981,立敦統一65購03,0,0,0,---,---,---, ---,,,0.47,10,0.48,10,
708982,沛亨統一69購01,0,0,0,---,---,---, ---,,,0.41,10,0.42,10,
708983,良維統一5B購01,0,0,0,---,---,---, ---,,,0.23,10,0.24,10,
708984,欣銓統一65購03,0,0,0,---,---,---, ---,,,0.56,10,0.57,10,
708985,金益鼎統一65購02,"47,000",1,"18,800",0.40,0.40,0.40,0.40,-,0.02,0.40,10,0.41,10,
708986,威剛統一5B購02,0,0,0,---,---,---, ---,,,0.32,10,0.33,10,
708987,威剛統一65購04,"21,000",1,"14,700",0.70,0.70,0.70,0.70,+,0.01,0.69,10,0.70,10,
708988,茂達統一65購01,"144,000",3,"93,200",0.65,0.65,0.64,0.64,-,0.05,0.64,10,0.65,10,
708989,茂綸統一65購01,"228,000",3,"105,270",0.44,0.47,0.44,0.47,-,0.01,0.45,10,0.46,10,
708990,閎康統一63購02,"50,000",1,"10,500",0.21,0.21,0.21,0.21,-,0.02,0.20,10,0.21,10,
708991,聖暉*統一65購02,"96,000",3,"41,320",0.45,0.45,0.42,0.43,-,0.03,0.43,10,0.44,10,
708992,德微統一63購02,"60,000",6,"24,300",0.42,0.42,0.39,0.39,-,0.09,0.41,10,0.42,10,
708993,德微統一75購01,0,0,0,---,---,---, ---,,,0.59,10,0.60,10,
708994,擎亞統一63購01,"22,000",3,"12,320",0.56,0.56,0.56,0.56,-,0.01,0.55,10,0.56,10,
708995,擎亞統一65購01,0,0,0,---,---,---, ---,,,0.44,10,0.45,10,
708996,擎亞統一66購01,"68,000",2,"39,440",0.58,0.58,0.58,0.58,-,0.01,0.57,10,0.58,10,
708997,鑫科統一69購01,"5,000",1,"1,550",0.31,0.31,0.31,0.31,-,0.01,0.30,10,0.31,10,
708998,台半國票5C購03,"10,000",2,"8,090",0.81,0.81,0.80,0.80,-,0.18,0.83,25,0.84,10,
708999,安葆國票5C購02,"65,000",3,"46,090",0.72,0.72,0.67,0.67,-,0.05,0.68,25,0.69,10,
709000,欣銓國票5C購02,0,0,0,---,---,---, ---,,,1.00,25,1.02,10,
709001,泓格國票5B購01,"121,000",5,"50,190",0.43,0.43,0.39,0.42,+,0.04,0.42,25,0.43,10,
709002,泓格國票5C購01,0,0,0,---,---,---, ---,,,0.50,25,0.51,10,
709003,雷科國票5B購04,"412,000",18,"631,600",1.62,1.69,1.40,1.40,-,0.35,1.42,25,0.00,0,
709004,漢達國票5C購01,"21,000",3,"18,180",0.88,0.88,0.85,0.85,+,0.31,0.78,200,0.88,5,
709005,德微國票5C購02,"62,000",3,"37,620",0.66,0.66,0.60,0.61,-,0.09,0.63,25,0.64,10,
709006,大中台新5B購01,"68,000",5,"90,220",1.38,1.38,1.18,1.18,-,0.34,1.17,25,1.18,10,
709007,元債20台新5B購01,0,0,0,---,---,---, ---,,,1.11,25,1.12,10,
709008,立敦台新5B購03,"20,000",3,"15,100",0.79,0.79,0.72,0.72,-,0.22,0.73,25,0.74,10,
709009,佳邦台新5B購01,"115,000",5,"78,600",0.71,0.71,0.57,0.57,-,0.14,0.56,25,0.57,10,
709010,博大台新5B購01,"33,000",2,"22,140",0.68,0.68,0.67,0.67,-,0.05,0.66,25,0.68,10,
709011,立敦凱基5B購01,0,0,0,---,---,---, ---,,,0.23,10,0.24,10,
709012,安葆凱基5C購02,"125,000",8,"116,420",0.89,0.94,0.83,0.83,-,0.05,0.85,10,0.86,10,
709013,佳邦凱基5C購01,0,0,0,---,---,---, ---,,,0.66,100,0.67,10,
709014,朋程凱基5B購02,0,0,0,---,---,---, ---,,,0.30,10,0.31,10,
709015,威剛凱基5C購02,"9,000",1,"5,310",0.59,0.59,0.59,0.59,-,0.03,0.61,10,0.62,50,
709016,茂達凱基5B購01,"2,000",1,"1,120",0.56,0.56,0.56,0.56,-,0.09,0.58,10,0.59,30,
709017,鈊象凱基5B購02,0,0,0,---,---,---, ---,,,0.67,100,0.77,10,
709018,鈺太凱基5B購03,0,0,0,---,---,---, ---,,,0.05,100,0.15,10,
709019,臺慶科凱基63購01,"129,000",1,"65,790",0.51,0.51,0.51,0.51,-,0.07,0.51,100,0.52,30,
709020,德微凱基5B購03,"100,000",10,"21,000",0.21,0.21,0.21,0.21,-,0.03,0.21,100,0.22,10,
709021,擎亞凱基5B購05,0,0,0,---,---,---, ---,,,0.61,100,0.62,10,
709022,雙鴻凱基61購03,"309,000",16,"410,960",1.21,1.60,1.15,1.60,+,0.43,1.55,65,1.62,10,
709023,中美晶群益5B購04,"10,000",1,"28,200",2.82,2.82,2.82,2.82,-,0.32,2.81,10,2.91,10,
709024,世界群益61購01,"5,000",1,"2,150",0.43,0.43,0.43,0.43,-,0.06,0.22,45,0.00,0,
709025,台半群益5B購02,"91,000",5,"109,040",1.22,1.22,1.19,1.20,-,0.22,1.25,10,1.35,10,
709026,台半群益5B購03,"16,000",2,"27,280",1.73,1.73,1.69,1.69,-,0.55,1.69,10,1.79,10,
709027,均豪群益5B購04,"30,000",2,"20,600",0.68,0.70,0.68,0.70,+,0.05,0.21,47,0.00,0,
709028,威剛群益5B購03,"40,000",2,"39,600",0.99,0.99,0.99,0.99,-,0.0,0.97,100,0.98,100,
709029,茂達群益5B購01,"20,000",1,"16,000",0.80,0.80,0.80,0.80,-,0.18,0.89,25,0.90,10,
709030,智通*群益5B購01,"485,000",5,"310,350",0.62,0.67,0.62,0.64,+,0.01,0.27,37,1.26,5,
709031,華宏群益5B購01,0,0,0,---,---,---, ---,,,0.21,10,0.31,10,
709032,新盛力群益61購01,"240,000",6,"748,790",3.71,3.89,3.01,3.01,-,0.51,2.95,25,3.01,10,
709033,擎亞群益65購01,"151,000",2,"98,130",0.66,0.66,0.63,0.63,+,0.01,0.36,27,0.00,0,
709034,台半元大5B購04,"100,000",3,"243,600",2.47,2.47,2.40,2.43,-,0.23,2.45,300,2.46,10,
709035,正淩元大5B購02,"5,000",1,800,0.16,0.16,0.16,0.16,+,0.01,0.18,499,0.19,10,
709036,金益鼎元大5B購01,"254,000",6,"43,680",0.18,0.18,0.17,0.17,-,0.02,0.17,499,0.18,210,
709037,威剛元大5B購14,"93,000",9,"449,830",4.82,4.90,4.78,4.90,+,0.06,4.82,150,4.83,10,
709038,原相元大5B購02,"20,000",1,"3,200",0.16,0.16,0.16,0.16,-,0.05,0.16,499,0.17,10,
709039,順達元大5B購07,"2,000",2,"19,550",10.20,10.20,9.35,9.35,-,0.95,9.30,50,9.35,10,
709040,雷科元大5B購05,0,0,0,---,---,---, ---,,,1.72,350,1.82,10,
709041,德微元大5B購03,"58,000",3,"34,440",0.62,0.62,0.55,0.55,-,0.13,0.58,499,0.59,10,
709042,擎亞元大5B購08,0,0,0,---,---,---, ---,,,0.80,3,1.20,3,
709043,寶雅元大5B購01,"29,000",3,"69,260",2.38,2.50,2.38,2.50,+,0.12,0.83,12,0.00,0,
709044,威剛國泰5C購01,"99,000",8,"153,560",1.56,1.58,1.53,1.54,+,0.01,1.54,499,1.55,100,
709045,威剛國泰5C購02,"46,000",2,"60,490",1.32,1.32,1.31,1.31,-,0.04,1.30,499,1.31,100,
709046,威剛國泰5C購03,"1,000",1,"1,230",1.23,1.23,1.23,1.23,+,0.1,1.09,499,1.10,100,
709047,擎亞國泰62購01,"37,000",1,"60,680",1.64,1.64,1.64,1.64,-,0.03,1.64,499,1.66,100,
709048,久元富邦61購04,0,0,0,---,---,---, ---,,,0.15,10,0.16,28,
709049,台半富邦62購02,"101,000",7,"79,680",0.78,0.80,0.77,0.77,-,0.06,0.78,10,0.79,28,
709050,閎康富邦61購01,0,0,0,---,---,---, ---,,,0.24,10,0.25,28,
709051,新盛力富邦61購05,"139,000",6,"203,690",1.52,1.52,1.45,1.46,-,0.12,1.37,10,1.41,10,
709052,擎亞富邦5C購01,"200,000",4,"112,790",0.54,0.57,0.54,0.56,-,0.01,0.56,10,0.57,28,
709053,久元統一65購05,0,0,0,---,---,---, ---,,,0.22,100,0.23,10,
709054,正淩統一65購02,0,0,0,---,---,---, ---,,,0.20,10,0.21,10,
709055,正淩統一69購01,0,0,0,---,---,---, ---,,,0.42,10,0.43,10,
709056,立敦統一65購04,0,0,0,---,---,---, ---,,,0.44,10,0.45,10,
709057,沛亨統一65購01,0,0,0,---,---,---, ---,,,0.35,10,0.36,10,
709058,朋程統一63購01,0,0,0,---,---,---, ---,,,0.42,10,0.43,10,
709059,欣銓統一5B購01,"35,000",1,"18,550",0.53,0.53,0.53,0.53,+,0.01,0.50,10,0.51,10,
709060,欣銓統一65購04,"179,000",4,"105,010",0.59,0.59,0.55,0.55,-,0.06,0.57,10,0.58,10,
709061,茂達統一65購02,"20,000",1,"10,000",0.50,0.50,0.50,0.50,-,0.05,0.53,10,0.54,10,
709062,凌陽創統一63購01,"4,000",1,960,0.24,0.24,0.24,0.24,-,0.03,0.24,10,0.25,10,
709063,閎康統一65購03,0,0,0,---,---,---, ---,,,0.34,10,0.35,10,
709064,新漢統一61購01,0,0,0,---,---,---, ---,,,0.37,10,0.38,10,
709065,德微統一5B購01,"79,000",4,"18,850",0.24,0.24,0.21,0.21,-,0.08,0.23,10,0.24,10,
709066,德微統一65購01,0,0,0,---,---,---, ---,,,0.00,0,0.99,13,
709067,德微統一65購02,"20,000",1,"8,000",0.40,0.40,0.40,0.40,-,0.02,0.40,10,0.41,10,
709068,擎亞統一63購02,"93,000",4,"44,640",0.49,0.49,0.47,0.48,-,0.02,0.47,10,0.48,10,
709069,擎亞統一65購02,"163,000",2,"80,800",0.49,0.50,0.49,0.50,-,0.02,0.49,10,0.50,10,
709070,鑫科統一64購01,0,0,0,---,---,---, ---,,,0.21,10,0.22,10,
709071,立敦永豐61購01,"10,000",1,"5,500",0.55,0.55,0.55,0.55,-,0.08,0.55,10,0.56,10,
709072,佳邦永豐63購01,"108,000",3,"77,720",0.74,0.74,0.67,0.67,-,0.1,0.66,10,0.67,10,
709073,威剛永豐5B購02,"105,000",2,"58,800",0.56,0.56,0.56,0.56,-,0.0,0.56,10,0.57,10,
709074,威剛永豐61購02,"100,000",3,"84,000",0.84,0.84,0.84,0.84,-,0.02,0.83,10,0.84,10,
709075,原相永豐5C購01,0,0,0,---,---,---, ---,,,0.49,10,0.50,10,
709076,德微永豐5C購01,"27,000",2,"13,330",0.50,0.50,0.49,0.49,-,0.04,0.47,10,0.48,10,
709077,擎亞永豐64購01,"14,000",1,"11,060",0.79,0.79,0.79,0.79,-,0.01,0.77,499,0.78,10,
709078,元債20國票5B購02,0,0,0,---,---,---, ---,,,1.21,25,1.22,10,
709079,台半國票61購01,"73,000",10,"53,360",0.74,0.75,0.71,0.74,-,0.05,0.73,25,0.74,10,
709080,佳邦國票5C購02,0,0,0,---,---,---, ---,,,0.28,25,0.29,10,
709081,茂達國票5C購01,"263,000",3,"131,440",0.50,0.50,0.48,0.48,-,0.12,0.51,25,0.52,10,
709082,博大國票5C購01,"14,000",2,"5,600",0.40,0.40,0.40,0.40,-,0.02,0.39,25,0.40,10,
709083,晶宏國票5C購02,"469,000",17,"437,980",0.89,1.12,0.89,1.09,+,0.24,1.09,25,1.10,10,
709086,德微國票5C購03,"535,000",4,"240,750",0.45,0.47,0.42,0.45,-,0.04,0.43,25,0.44,10,
709087,點序國票5B購01,0,0,0,---,---,---, ---,,,0.07,25,0.08,10,
709088,點序國票5C購01,0,0,0,---,---,---, ---,,,0.06,25,0.07,10,
709089,世紀*元大5B購01,"9,000",4,"68,750",7.35,9.95,7.35,9.95,+,0.5,7.40,1,10.00,2,
709090,台特化元大5B購02,"3,000",1,"1,560",0.52,0.52,0.52,0.52,-,0.09,0.51,499,0.52,10,
709091,博智元大5B購02,"243,000",6,"113,270",0.48,0.49,0.44,0.44,-,0.04,0.43,25,0.44,10,
709092,智通*元大5B購01,"10,000",1,"8,000",0.80,0.80,0.80,0.80,-,0.06,0.01,499,0.00,0,
709093,鈊象元大5B購02,"129,000",12,"130,190",1.01,1.04,0.97,0.97,-,0.05,0.01,499,0.00,0,
709094,群聯元大5B購15,"6,000",1,"21,300",3.55,3.55,3.55,3.55,+,0.1,3.39,250,3.42,10,
709095,群聯元大5B購16,"92,000",2,"55,200",0.60,0.60,0.60,0.60,-,0.01,0.61,499,0.62,10,
709096,廣穎元大5B購01,"23,000",2,"36,290",1.63,1.63,1.57,1.57,-,0.0,1.55,25,1.57,10,
709097,雙鴻元大5B購03,"373,000",25,"3,510,200",8.30,10.50,7.80,10.50,+,2.65,11.10,30,0.00,0,
709098,尼克森國票5B購02,0,0,0,---,---,---, ---,,,0.30,25,0.31,10,
709099,朋程國票5B購02,0,0,0,---,---,---, ---,,,0.67,25,0.69,10,
709100,晶宏國票5C購03,"31,000",5,"24,630",0.78,0.82,0.75,0.80,+,0.17,0.80,25,0.81,10,
709101,華容國票5C購02,"2,000",1,"6,200",3.10,3.10,3.10,3.10,-,0.14,3.05,25,3.11,10,
709102,群聯國票61購03,0,0,0,---,---,---, ---,,,0.59,25,0.60,10,
709103,雷科國票5C購01,"1,243,000",27,"1,308,320",1.10,1.11,0.98,1.02,-,0.2,1.01,25,1.02,10,
709104,臺慶科國票5C購03,"192,000",2,"48,600",0.25,0.27,0.25,0.27,-,0.07,0.27,25,0.28,10,
709105,廣穎國票5C購02,"16,000",3,"24,330",1.51,1.56,1.51,1.56,+,0.08,1.50,25,1.51,10,
709106,優群國票5B購01,0,0,0,---,---,---, ---,,,0.04,25,0.05,10,
709107,擎亞國票5C購01,"404,000",5,"233,380",0.56,0.59,0.56,0.58,-,0.02,0.58,25,0.59,10,
709108,鑫聯國票5C購02,0,0,0,---,---,---, ---,,,0.26,25,0.27,10,
709109,中美晶凱基63購01,"17,000",2,"20,750",1.27,1.27,1.20,1.20,-,0.18,1.28,100,1.30,10,
709110,均豪凱基5C購01,"20,000",1,"6,600",0.33,0.33,0.33,0.33,-,0.04,0.36,100,0.37,10,
709111,凌陽創凱基5B購01,0,0,0,---,---,---, ---,,,0.17,10,0.18,10,
709112,博智凱基5B購01,0,0,0,---,---,---, ---,,,0.19,10,0.20,50,
709113,博智凱基5B購02,"1,111,000",11,"450,380",0.46,0.46,0.38,0.38,-,0.06,0.39,100,0.40,50,
709114,博智凱基5B購03,0,0,0,---,---,---, ---,,,0.22,100,0.23,10,
709115,群聯凱基5B購05,"937,000",7,"389,540",0.40,0.43,0.39,0.41,+,0.01,0.41,100,0.42,30,
709116,群聯凱基5B購06,0,0,0,---,---,---, ---,,,0.42,100,0.43,30,
709117,群聯凱基5B購07,"105,000",4,"52,300",0.51,0.51,0.49,0.49,-,0.03,0.51,100,0.52,30,
709118,雙鴻凱基5B購02,"540,000",9,"589,740",0.89,1.23,0.82,1.23,+,0.34,1.29,480,0.00,0,
709120,中美晶台新61購01,0,0,0,---,---,---, ---,,,2.42,25,2.52,10,
709121,原相台新5B購01,0,0,0,---,---,---, ---,,,0.54,25,0.55,10,
709122,博盛台新5B購01,"4,000",1,"1,880",0.47,0.47,0.47,0.47,-,0.15,0.47,25,0.49,10,
709123,博智台新5B購01,0,0,0,---,---,---, ---,,,0.70,25,0.71,10,
709124,博智台新5B購02,0,0,0,---,---,---, ---,,,0.43,25,0.44,10,
709125,博智台新5B購03,0,0,0,---,---,---, ---,,,0.34,25,0.35,10,
709126,順達台新5B購04,"44,000",2,"93,500",2.20,2.20,2.10,2.10,-,0.53,2.11,25,2.12,10,
709127,群聯台新5B購09,0,0,0,---,---,---, ---,,,0.92,25,1.02,10,
709128,群聯台新5B購10,0,0,0,---,---,---, ---,,,0.61,25,0.62,10,
709129,群聯台新5B購11,0,0,0,---,---,---, ---,,,0.57,25,0.58,10,
709130,雷科台新5B購01,"40,000",6,"72,900",1.98,1.98,1.75,1.78,-,0.3,1.75,25,1.79,10,
709131,雷科台新5B購02,"225,000",10,"308,400",1.47,1.47,1.32,1.36,-,0.15,1.22,25,1.24,10,
709132,廣穎台新5B購01,"6,000",1,"12,360",2.06,2.06,2.06,2.06,+,0.06,1.97,25,2.07,10,
709133,聯合台新5B購01,0,0,0,---,---,---, ---,,,0.48,25,0.49,10,
709134,鑫科台新5B購01,"60,000",1,"12,600",0.21,0.21,0.21,0.21,-,0.04,0.21,25,0.22,10,
709135,台特化富邦5C購02,0,0,0,---,---,---, ---,,,0.25,10,0.26,28,
709136,博智富邦61購02,"10,000",1,"4,000",0.40,0.40,0.40,0.40,+,0.01,0.38,10,0.39,28,
709137,群聯富邦61購03,"130,000",8,"67,000",0.52,0.52,0.51,0.52,+,0.02,0.51,10,0.52,28,
709138,群聯富邦61購04,0,0,0,---,---,---, ---,,,0.48,10,0.49,28,
709139,安勤永豐5C購01,"5,000",1,"3,000",0.60,0.60,0.60,0.60,-,0.08,0.61,10,0.63,10,
709140,朋程永豐5C購01,0,0,0,---,---,---, ---,,,0.36,10,0.37,10,
709141,博智永豐5C購02,0,0,0,---,---,---, ---,,,0.57,499,0.58,10,
709142,群聯永豐5C購05,"200,000",1,"88,000",0.44,0.44,0.44,0.44,-,0.02,0.45,10,0.46,10,
709143,群聯永豐63購01,0,0,0,---,---,---, ---,,,0.97,10,0.98,10,
709144,群聯永豐64購03,0,0,0,---,---,---, ---,,,0.95,10,0.96,10,
709145,群聯永豐65購04,0,0,0,---,---,---, ---,,,0.54,10,0.55,10,
709146,漢科永豐5C購01,"56,000",2,"15,680",0.28,0.28,0.28,0.28,-,0.02,0.28,10,0.29,10,
709147,中美晶統一66購01,"493,000",7,"354,800",0.72,0.73,0.71,0.72,-,0.04,0.72,10,0.73,10,
709148,正淩統一65購03,0,0,0,---,---,---, ---,,,0.27,10,0.28,10,
709149,沛亨統一63購01,0,0,0,---,---,---, ---,,,0.25,10,0.26,10,
709150,沛亨統一64購01,"103,000",1,"28,840",0.28,0.28,0.28,0.28,-,0.03,0.28,10,0.29,10,
709151,沛亨統一65購02,"201,000",3,"54,290",0.27,0.29,0.27,0.29,-,0.04,0.29,10,0.30,10,
709152,佳邦統一63購01,"191,000",7,"82,250",0.49,0.49,0.41,0.41,-,0.06,0.40,10,0.41,10,
709153,佳邦統一65購01,0,0,0,---,---,---, ---,,,0.28,10,0.29,10,
709154,朋程統一65購01,"50,000",1,"22,000",0.44,0.44,0.44,0.44,-,0.04,0.43,10,0.44,10,
709155,欣銓統一63購02,0,0,0,---,---,---, ---,,,0.47,10,0.48,10,
709156,茂達統一65購03,0,0,0,---,---,---, ---,,,0.48,10,0.49,12,
709157,茂達統一69購01,0,0,0,---,---,---, ---,,,0.61,10,0.62,10,
709158,茂綸統一65購02,"270,000",3,"139,250",0.51,0.52,0.51,0.52,-,0.02,0.52,10,0.53,10,
709159,茂綸統一65購03,"153,000",2,"71,440",0.46,0.47,0.46,0.47,-,0.09,0.46,10,0.47,10,
709160,神準統一66購01,"26,000",1,"13,780",0.53,0.53,0.53,0.53,-,0.04,0.53,10,0.54,10,
709161,博智統一63購02,"90,000",1,"34,200",0.38,0.38,0.38,0.38,-,0.0,0.36,10,0.37,10,
709162,博智統一65購01,"102,000",2,"55,020",0.54,0.54,0.51,0.51,-,0.01,0.51,10,0.52,10,
709163,閎康統一65購04,0,0,0,---,---,---, ---,,,0.26,10,0.27,10,
709164,萬泰科統一75購01,0,0,0,---,---,---, ---,,,0.50,10,0.51,10,
709165,群聯統一5B購02,0,0,0,---,---,---, ---,,,0.23,10,0.24,10,
709166,群聯統一63購01,"200,000",2,"82,000",0.41,0.41,0.41,0.41,+,0.01,0.40,10,0.41,130,
709167,群聯統一63購02,"150,000",3,"52,400",0.34,0.36,0.34,0.35,+,0.02,0.34,10,0.35,10,
709168,群聯統一65購01,0,0,0,---,---,---, ---,,,0.36,10,0.37,10,
709169,群聯統一65購02,0,0,0,---,---,---, ---,,,0.63,10,0.64,10,
709170,群聯統一69購01,"100,000",2,"106,500",1.07,1.07,1.06,1.06,-,0.01,1.05,10,1.06,10,
709171,群聯統一69購02,"197,000",3,"126,860",0.63,0.65,0.62,0.62,-,0.02,0.64,10,0.65,10,
709172,群聯統一6B購01,"221,000",4,"247,830",1.12,1.13,1.11,1.13,+,0.02,1.12,10,1.13,10,
709173,群聯統一75購01,"273,000",6,"325,870",1.19,1.20,1.19,1.20,+,0.02,1.19,20,1.20,15,
709174,聖暉*統一65購03,"2,000",2,890,0.45,0.45,0.44,0.44,-,0.02,0.45,10,0.46,10,
709175,鈺太統一69購01,"96,000",1,"30,720",0.32,0.32,0.32,0.32,-,0.0,0.30,10,0.31,10,
709176,臺慶科統一65購02,0,0,0,---,---,---, ---,,,0.36,10,0.37,10,
709177,臺慶科統一65購03,0,0,0,---,---,---, ---,,,0.57,10,0.58,10,
709178,臺慶科統一69購01,0,0,0,---,---,---, ---,,,0.57,10,0.58,10,
709179,廣穎統一65購01,0,0,0,---,---,---, ---,,,0.78,10,0.79,10,
709180,廣穎統一69購01,"4,000",1,"3,480",0.87,0.87,0.87,0.87,+,0.01,0.86,10,0.87,10,
709181,擎亞統一65購03,"94,000",2,"52,640",0.56,0.56,0.56,0.56,-,0.01,0.56,10,0.57,10,
709182,擎亞統一65購04,"906,000",14,"473,300",0.51,0.54,0.51,0.52,-,0.0,0.51,10,0.52,9,
709183,鑫科統一69購02,0,0,0,---,---,---, ---,,,0.37,10,0.38,10,
709184,鑫聯統一69購01,0,0,0,---,---,---, ---,,,0.34,10,0.35,10,
709185,群聯中信63購01,0,0,0,---,---,---, ---,,,0.49,10,0.50,10,
709186,倚強群益5B購01,"3,970,000",28,"3,181,200",0.83,0.88,0.75,0.85,+,0.13,0.31,32,0.00,0,
709187,原相群益5B購01,0,0,0,---,---,---, ---,,,0.17,10,0.27,10,
709188,博智群益5B購02,0,0,0,---,---,---, ---,,,0.31,32,0.00,0,
709189,博智群益5B購03,0,0,0,---,---,---, ---,,,0.16,62,0.00,0,
709190,華容群益5B購01,0,0,0,---,---,---, ---,,,6.00,100,6.50,10,
709191,新盛力群益61購02,"125,000",16,"357,020",3.33,3.33,2.48,2.57,-,0.51,2.49,100,2.53,100,
709192,群聯群益5B購07,"103,000",4,"126,890",1.23,1.27,1.23,1.23,-,0.0,1.23,100,1.25,100,
709193,臺慶科群益5B購03,"2,685,000",9,"697,080",0.26,0.26,0.20,0.20,-,0.07,0.21,25,0.22,10,
709194,優群群益5B購01,0,0,0,---,---,---, ---,,,0.01,16,0.00,0,
709195,擎亞群益62購01,0,0,0,---,---,---, ---,,,0.29,34,0.00,0,
709196,寶雅群益5B購01,"2,000",1,"5,960",2.98,2.98,2.98,2.98,-,0.12,1.01,9,0.00,0,
709197,鑫科群益5B購02,0,0,0,---,---,---, ---,,,0.14,25,0.15,10,
709198,久元永豐5B購01,0,0,0,---,---,---, ---,,,0.04,10,0.05,10,
709199,威聯通永豐61購01,0,0,0,---,---,---, ---,,,0.27,10,0.28,10,
709200,富喬永豐61購02,"486,000",20,"479,120",1.00,1.02,0.95,1.01,+,0.05,1.02,10,1.03,11,
709201,富喬永豐66購01,"375,000",19,"458,850",1.24,1.25,1.19,1.25,+,0.03,1.24,10,1.25,9,
709202,富喬永豐68購01,"303,000",19,"349,430",1.18,1.18,1.11,1.18,-,0.0,1.19,10,1.20,10,
709203,順達永豐64購01,"55,000",1,"53,900",0.98,0.98,0.98,0.98,-,0.11,0.96,10,0.97,10,
709204,順達永豐67購01,"25,000",1,"27,750",1.11,1.11,1.11,1.11,+,0.01,0.99,35,1.02,10,
709205,鈊象永豐63購01,"122,000",6,"113,670",0.89,0.94,0.89,0.94,+,0.01,1.01,10,1.03,10,
709206,新盛力永豐5C購02,"476,000",21,"567,850",1.18,1.30,0.98,0.99,-,0.18,0.97,10,0.99,10,
709207,擎亞永豐63購01,"1,183,000",9,"606,750",0.50,0.52,0.50,0.51,-,0.01,0.50,10,0.51,10,
709208,沛亨凱基5B購03,"400,000",1,"48,000",0.12,0.12,0.12,0.12,-,0.03,0.14,10,0.15,50,
709209,佳邦凱基5B購01,0,0,0,---,---,---, ---,,,0.12,100,0.13,10,
709210,富喬凱基5B購02,"324,000",12,"309,210",0.99,0.99,0.92,0.95,+,0.03,0.99,100,1.00,10,
709211,富喬凱基61購02,"119,000",9,"145,720",1.17,1.28,1.17,1.25,-,0.02,1.09,9,0.00,0,
709212,富喬凱基61購03,"386,000",9,"408,740",1.05,1.07,0.99,1.06,-,0.01,1.08,100,1.10,10,
709213,勤凱凱基5B購02,0,0,0,---,---,---, ---,,,0.15,10,0.17,10,
709214,勤凱凱基5B購03,0,0,0,---,---,---, ---,,,0.19,10,0.21,109,
709215,勤凱凱基5B購04,0,0,0,---,---,---, ---,,,0.35,10,0.36,10,
709216,群聯凱基61購04,0,0,0,---,---,---, ---,,,0.45,100,0.46,30,
709217,臺慶科凱基5B購03,"40,000",4,"4,800",0.14,0.14,0.11,0.12,-,0.06,0.12,100,0.13,50,
709218,擎亞凱基61購01,"30,000",3,"15,900",0.53,0.53,0.53,0.53,-,0.03,0.51,100,0.52,10,
709220,台星科台新5B購01,"148,000",7,"107,040",0.74,0.76,0.72,0.72,-,0.19,0.71,25,0.72,10,
709221,台星科台新5B購02,"32,000",3,"22,520",0.74,0.74,0.70,0.70,-,0.21,0.69,25,0.70,10,
709222,立碁台新62購01,0,0,0,---,---,---, ---,,,1.15,25,1.26,1,
709223,沛亨台新5B購04,0,0,0,---,---,---, ---,,,0.14,25,0.15,10,
709224,佳邦台新5B購02,"131,000",6,"80,450",0.63,0.63,0.55,0.55,-,0.09,0.49,25,0.50,10,
709225,佳邦台新5B購03,"32,000",2,"8,620",0.29,0.29,0.26,0.26,-,0.05,0.23,25,0.24,10,
709226,順達台新5B購05,"15,000",2,"37,800",2.52,2.52,2.52,2.52,-,0.36,2.43,25,2.44,10,
709227,勤凱台新5B購02,"24,000",1,"8,160",0.34,0.34,0.34,0.34,-,0.02,0.35,25,0.36,10,
709228,勤凱台新5B購03,0,0,0,---,---,---, ---,,,0.21,25,0.22,10,
709229,擎亞台新5B購01,"96,000",3,"93,800",1.00,1.00,0.96,0.96,-,0.02,0.93,25,1.03,10,
709230,擎亞台新5B購02,"333,000",3,"296,240",0.90,0.90,0.86,0.89,-,0.01,0.86,25,0.96,10,
709231,雙鴻台新5B購01,"341,000",9,"718,410",1.87,2.55,1.87,2.49,+,0.55,2.49,25,0.00,0,
709232,雙鴻台新5B購02,"5,000",2,"9,950",1.99,1.99,1.99,1.99,+,0.61,1.94,25,0.00,0,
709233,雙鴻台新5B購03,"158,000",9,"132,720",0.75,1.09,0.75,1.09,+,0.33,1.13,25,1.86,3,
709234,台半國泰5C購02,"11,000",2,"13,150",1.21,1.21,1.05,1.05,-,0.24,1.08,100,1.18,100,
709235,良維國泰5C購02,"42,000",2,"40,280",0.94,0.96,0.94,0.96,+,0.05,0.89,499,0.90,100,
709236,富喬國泰5C購01,"45,000",2,"92,050",2.04,2.05,2.04,2.05,+,0.35,2.02,499,2.07,100,
709237,順達國泰5C購01,"10,000",6,"8,800",0.92,0.92,0.86,0.86,-,0.11,0.86,499,0.87,100,
709238,群聯國泰5C購01,"30,000",2,"21,400",0.71,0.72,0.71,0.72,+,0.01,0.73,499,0.75,100,
709239,群聯國泰5C購02,0,0,0,---,---,---, ---,,,0.90,499,0.91,100,
709240,威剛富邦5B購02,"94,000",1,"49,820",0.53,0.53,0.53,0.53,-,0.02,0.52,30,0.53,28,
709241,富喬富邦5B購02,"3,252,000",106,"2,139,730",0.61,0.71,0.61,0.68,+,0.03,0.67,10,0.00,0,
709242,群聯富邦62購06,0,0,0,---,---,---, ---,,,0.43,10,0.44,28,
709243,均豪元大5B購04,"12,000",4,"40,750",3.34,3.63,3.24,3.63,-,0.06,3.53,200,3.62,10,
709244,欣銓元大5B購03,"91,000",9,"87,650",0.97,0.99,0.95,0.97,-,0.11,0.95,499,0.97,10,
709245,威剛元大5B購15,"443,000",11,"800,500",1.80,1.84,1.78,1.81,-,0.03,1.81,400,1.82,10,
709246,原相元大5B購03,"59,000",1,"30,090",0.51,0.51,0.51,0.51,-,0.1,0.47,499,0.48,10,
709247,博智元大5B購03,"16,000",3,"8,160",0.51,0.51,0.51,0.51,-,0.08,0.54,25,0.55,10,
709248,富喬元大5B購03,"244,000",9,"496,070",2.02,2.13,1.99,2.04,+,0.02,2.09,350,2.13,10,
709249,富喬元大5B購04,"499,000",20,"426,950",0.85,0.89,0.80,0.87,+,0.01,0.88,499,0.89,10,
709250,富喬元大5B購05,"201,000",10,"186,280",0.94,0.98,0.89,0.91,-,0.04,0.97,499,0.99,10,
709251,勤凱元大5B購04,"400,000",2,"126,500",0.31,0.36,0.31,0.36,-,0.07,0.37,499,0.38,10,
709252,新盛力元大5B購06,"42,000",2,"99,420",2.38,2.38,2.11,2.11,-,0.23,1.85,350,1.88,10,
709253,新盛力元大5B購07,0,0,0,---,---,---, ---,,,2.08,300,2.10,10,
709254,群聯元大5B購17,"58,000",5,"196,730",3.40,3.58,3.30,3.30,-,0.13,3.43,250,3.45,10,
709255,群聯元大5B購18,"20,000",2,"12,100",0.60,0.61,0.60,0.61,-,0.0,0.61,499,0.62,10,
709256,臺慶科元大5B購01,"569,000",5,"174,970",0.31,0.31,0.26,0.26,-,0.06,0.27,499,0.28,10,
709257,擎亞元大5B購09,"171,000",2,"51,300",0.30,0.30,0.30,0.30,-,0.1,0.28,25,0.29,10,
709258,中美晶群益5B購05,"10,000",1,"57,500",5.75,5.75,5.75,5.75,-,0.65,5.60,10,6.10,10,
709259,均豪群益5B購05,"150,000",9,"150,140",0.94,1.10,0.94,1.10,+,0.06,0.40,125,0.00,0,
709260,富喬群益5B購02,"600,000",16,"682,690",1.12,1.26,1.09,1.26,+,0.07,1.21,100,1.26,99,
709261,勤凱群益5B購03,0,0,0,---,---,---, ---,,,0.14,25,0.15,10,
709262,新盛力群益63購01,"396,000",22,"707,750",1.80,2.04,1.58,1.58,-,0.25,1.55,100,1.58,100,
709263,萬泰科群益5C購01,0,0,0,---,---,---, ---,,,0.31,10,0.41,10,
709264,群聯群益5B購08,0,0,0,---,---,---, ---,,,1.70,100,1.71,100,
709265,擎亞群益5B購03,"136,000",3,"80,580",0.60,0.60,0.58,0.59,-,0.02,0.29,34,0.00,0,
709266,雙鴻群益5B購09,"754,000",25,"925,990",1.21,1.73,1.17,1.73,+,0.5,0.88,56,1.85,5,
709267,方土昶永豐5C購01,"29,000",7,"18,020",0.63,0.64,0.62,0.64,-,0.0,0.63,10,0.64,9,
709268,茂達永豐63購01,"113,000",4,"66,370",0.59,0.59,0.58,0.59,-,0.07,0.60,10,0.61,10,
709269,精確永豐5B購01,"4,000",2,"1,600",0.40,0.40,0.40,0.40,+,0.01,0.16,3,0.38,49,
709270,優群永豐5C購01,0,0,0,---,---,---, ---,,,0.17,499,0.18,10,
709271,中美晶凱基5B購05,"100,000",3,"70,700",0.71,0.71,0.70,0.71,-,0.17,0.70,100,0.72,10,
709272,台半凱基5B購02,"22,000",2,"12,100",0.55,0.55,0.55,0.55,-,0.09,0.56,100,0.57,50,
709273,立碁凱基5B購02,"78,000",6,"22,790",0.26,0.34,0.26,0.34,+,0.14,0.34,100,0.00,0,
709274,均豪凱基5B購04,"33,000",3,"9,900",0.30,0.30,0.30,0.30,-,0.03,0.33,100,0.34,10,
709275,沛亨凱基5C購01,"1,395,000",4,"320,830",0.22,0.23,0.22,0.23,-,0.02,0.24,10,0.25,50,
709276,原相凱基5B購04,0,0,0,---,---,---, ---,,,0.22,100,0.23,30,
709277,華容凱基5B購01,"12,000",2,"29,780",2.54,2.54,2.47,2.47,-,0.1,2.37,10,2.47,10,
709278,華容凱基5C購01,0,0,0,---,---,---, ---,,,2.44,10,2.54,10,
709279,萬泰科凱基5B購02,0,0,0,---,---,---, ---,,,0.17,100,0.18,10,
709280,精材凱基5B購09,"407,000",19,"665,660",1.52,1.87,1.47,1.84,+,0.42,1.88,54,1.90,10,
709281,大中台新5B購02,"27,000",3,"19,230",0.76,0.76,0.71,0.71,-,0.37,0.70,25,0.71,10,
709282,立碁台新5B購01,"8,000",1,"7,680",0.96,0.96,0.96,0.96,+,0.35,0.96,25,0.00,0,
709283,立碁台新5B購02,"15,000",1,"13,500",0.90,0.90,0.90,0.90,+,0.17,0.95,25,0.00,0,
709284,艾訊台新5B購03,0,0,0,---,---,---, ---,,,0.53,25,0.54,10,
709285,艾訊台新5B購04,0,0,0,---,---,---, ---,,,0.45,25,0.46,10,
709286,佳邦台新5B購04,"70,000",5,"7,200",0.11,0.11,0.10,0.10,-,0.01,0.09,20,0.10,10,
709287,南俊台新5B購01,"931,000",77,"745,700",1.34,1.34,0.55,0.75,-,0.55,0.75,1,0.78,10,
709288,南俊台新5B購02,"1,048,000",39,"822,690",0.90,0.90,0.63,0.71,-,0.24,0.65,5,0.71,8,
709289,順達台新5B購06,0,0,0,---,---,---, ---,,,0.88,25,0.89,10,
709290,勤凱台新5B購04,0,0,0,---,---,---, ---,,,0.17,25,0.18,10,
709291,臺慶科台新5B購06,"445,000",14,"291,320",0.67,0.72,0.58,0.59,-,0.13,0.60,25,0.61,10,
709292,臺慶科台新5B購07,"150,000",3,"96,100",0.71,0.71,0.58,0.58,-,0.11,0.59,25,0.60,10,
709293,群聯兆豐65購03,"1,019,000",14,"619,470",0.60,0.62,0.60,0.61,+,0.01,0.60,30,0.61,40,
709294,中美晶元大5B購06,0,0,0,---,---,---, ---,,,0.55,499,0.65,10,
709295,方土昶元大5B購01,"14,000",2,"15,750",1.19,1.19,1.12,1.12,-,0.01,1.11,25,1.12,10,
709296,世界元大5B購04,"25,000",3,"20,150",0.80,0.81,0.80,0.81,-,0.08,0.81,50,0.00,0,
709297,台半元大5B購05,"7,000",2,"7,460",1.07,1.07,1.06,1.06,-,0.08,1.07,499,1.08,10,
709298,倚強元大5B購01,"324,000",10,"267,800",0.81,0.84,0.71,0.84,+,0.15,0.01,499,0.86,5,
709299,華容元大5B購01,0,0,0,---,---,---, ---,,,4.30,150,4.40,10,
709300,群聯元大61購07,"9,000",3,"5,500",0.60,0.62,0.60,0.62,+,0.02,0.60,499,0.61,10,
709301,聖暉*元大5B購05,0,0,0,---,---,---, ---,,,0.54,499,0.55,10,
709302,臺慶科元大5B購02,"100,000",5,"30,400",0.33,0.33,0.26,0.26,-,0.05,0.27,499,0.28,10,
709303,優群元大5B購02,0,0,0,---,---,---, ---,,,0.08,499,0.11,30,
709304,鑫科元大5B購02,0,0,0,---,---,---, ---,,,0.29,499,0.33,10,
709305,鑫科元大5B購03,0,0,0,---,---,---, ---,,,0.17,499,0.20,10,
709306,久元群益65購01,0,0,0,---,---,---, ---,,,0.21,10,0.31,10,
709307,中美晶群益5B購06,"2,000",1,"3,240",1.62,1.62,1.62,1.62,-,0.26,1.65,10,1.75,10,
709308,世界群益5C購02,"3,000",2,"1,240",0.42,0.42,0.40,0.40,-,0.07,0.21,47,0.80,49,
709309,南俊群益5B購01,"833,000",29,"430,290",0.59,0.60,0.40,0.40,-,0.38,0.40,25,0.75,100,
709310,茂達群益5B購02,0,0,0,---,---,---, ---,,,0.38,25,0.39,10,
709311,富喬群益5B購03,"1,011,000",12,"1,437,850",1.38,1.47,1.33,1.47,+,0.07,1.44,100,1.47,99,
709312,群聯群益5B購09,"539,000",3,"210,810",0.39,0.42,0.39,0.42,+,0.01,0.42,100,0.43,100,
709313,精材群益5B購09,"88,000",5,"281,950",3.46,3.79,3.05,3.79,+,0.84,3.83,10,3.93,10,
709314,雙鴻群益5B購10,"480,000",13,"420,000",0.70,0.95,0.66,0.95,+,0.24,0.26,48,1.68,30,
709315,沛亨永豐65購01,"28,000",1,"9,240",0.33,0.33,0.33,0.33,-,0.01,0.33,10,0.34,10,
709316,長科*永豐61購01,0,0,0,---,---,---, ---,,,1.45,10,1.47,10,
709317,順達永豐64購02,"12,000",2,"6,780",0.57,0.57,0.54,0.54,-,0.08,0.53,10,0.54,10,
709318,群聯永豐5C購06,0,0,0,---,---,---, ---,,,0.41,10,0.42,10,
709319,群聯永豐5C購07,0,0,0,---,---,---, ---,,,0.36,10,0.37,10,
709320,群聯永豐65購05,0,0,0,---,---,---, ---,,,0.52,10,0.53,10,
709321,沛亨元大5B購03,0,0,0,---,---,---, ---,,,0.23,499,0.24,10,
709322,沛亨元大5B購04,0,0,0,---,---,---, ---,,,0.41,499,0.42,10,
709323,沛亨元大5B購05,0,0,0,---,---,---, ---,,,0.29,499,0.30,10,
709324,良維元大5B購02,0,0,0,---,---,---, ---,,,0.26,499,0.27,10,
709325,佳邦元大5B購01,0,0,0,---,---,---, ---,,,0.03,529,0.13,10,
709326,朋程元大5B購01,0,0,0,---,---,---, ---,,,0.13,499,0.14,10,
709327,茂達元大5B購01,0,0,0,---,---,---, ---,,,0.52,499,0.62,10,
709328,富喬元大61購03,"384,000",12,"512,280",1.33,1.38,1.28,1.32,-,0.01,1.37,499,1.39,10,
709329,群聯元大61購08,"636,000",4,"408,640",0.63,0.65,0.63,0.65,+,0.01,0.64,499,0.65,10,
709330,良維富邦5C購02,0,0,0,---,---,---, ---,,,0.18,10,0.19,28,
709331,朋程富邦61購01,0,0,0,---,---,---, ---,,,0.21,10,0.22,28,
709332,順達富邦61購01,"569,000",6,"188,060",0.33,0.34,0.32,0.32,-,0.04,0.31,10,0.32,28,
709333,大中群益5B購01,"82,000",10,"39,770",0.99,0.99,0.42,0.42,-,0.13,0.41,25,0.42,10,
709334,大中群益5B購02,"261,000",4,"127,260",0.51,0.51,0.44,0.44,-,0.15,0.43,25,0.44,10,
709335,均豪群益5B購06,"214,000",3,"96,720",0.42,0.48,0.42,0.48,+,0.02,0.17,58,0.00,0,
709336,宏捷科群益5B購02,0,0,0,---,---,---, ---,,,0.01,10,0.00,0,
709337,良維群益5B購04,"100,000",1,"27,000",0.27,0.27,0.27,0.27,+,0.03,0.25,10,0.35,10,
709338,佳邦群益5B購02,0,0,0,---,---,---, ---,,,0.07,25,0.08,10,
709339,佳邦群益5B購03,0,0,0,---,---,---, ---,,,0.07,25,0.08,10,
709340,朋程群益5B購03,"290,000",3,"47,400",0.17,0.17,0.16,0.16,-,0.04,0.15,25,0.16,10,
709341,長科*群益5B購01,0,0,0,---,---,---, ---,,,0.62,16,0.00,0,
709342,順達群益5B購04,"170,000",1,"52,700",0.31,0.31,0.31,0.31,-,0.07,0.31,10,0.41,10,
709343,群翊群益5B購02,0,0,0,---,---,---, ---,,,0.16,25,0.17,10,
709344,漢科群益5B購01,0,0,0,---,---,---, ---,,,0.09,111,1.19,25,
709345,精材群益5B購10,"16,000",4,"84,540",4.77,5.50,4.77,5.50,+,1.09,5.60,30,6.10,10,
709346,台半凱基5B購03,"1,744,000",23,"552,100",0.31,0.32,0.28,0.31,-,0.03,0.30,100,0.31,50,
709347,沛亨凱基5B購04,0,0,0,---,---,---, ---,,,0.14,10,0.15,50,
709348,朋程凱基5B購03,0,0,0,---,---,---, ---,,,0.13,10,0.14,10,
709349,順達凱基5B購04,0,0,0,---,---,---, ---,,,0.15,100,0.16,50,
709350,群聯凱基5B購09,0,0,0,---,---,---, ---,,,0.33,100,0.34,30,
709351,聖暉*凱基5B購05,0,0,0,---,---,---, ---,,,0.29,100,0.30,30,
709352,優群凱基5B購02,0,0,0,---,---,---, ---,,,0.03,10,0.13,10,
709353,大中台新5B購03,"104,000",3,"48,180",0.51,0.51,0.42,0.42,-,0.17,0.42,25,0.43,10,
709354,台半台新5B購04,0,0,0,---,---,---, ---,,,0.94,25,0.95,10,
709355,台半台新5B購05,"20,000",3,"11,220",0.58,0.58,0.53,0.57,-,0.07,0.57,25,0.58,10,
709356,金益鼎台新5B購01,0,0,0,---,---,---, ---,,,0.23,25,0.24,10,
709357,博盛台新5B購02,"151,000",3,"70,110",0.46,0.47,0.45,0.47,-,0.13,0.47,25,0.48,10,
709358,順達台新5B購07,0,0,0,---,---,---, ---,,,0.40,25,0.50,10,
709359,勤凱台新5B購05,0,0,0,---,---,---, ---,,,0.06,25,0.10,10,
709360,群翊台新5B購01,0,0,0,---,---,---, ---,,,0.15,25,0.16,10,
709361,穩得台新5B購01,0,0,0,---,---,---, ---,,,0.42,25,0.43,10,
709362,台半凱基5B購04,"194,000",5,"79,320",0.40,0.43,0.40,0.41,-,0.18,0.41,100,0.42,50,
709363,台特化凱基5B購03,0,0,0,---,---,---, ---,,,0.22,100,0.23,50,
709364,宏捷科凱基5B購02,0,0,0,---,---,---, ---,,,0.03,100,0.13,10,
709365,長科*凱基5B購01,0,0,0,---,---,---, ---,,,0.70,10,0.71,10,
709366,富喬凱基62購01,"182,000",6,"181,970",1.01,1.01,0.97,0.97,+,0.08,1.01,100,1.02,10,
709367,萊德光凱基5B購01,"10,000",1,"1,400",0.14,0.14,0.14,0.14,-,0.01,0.09,20,0.14,9,
709368,萊德光凱基5B購02,"40,000",5,"4,600",0.12,0.12,0.11,0.11,-,0.03,0.11,10,0.12,10,
709369,順達凱基5B購05,"549,000",30,"101,820",0.19,0.19,0.17,0.17,-,0.03,0.15,100,0.35,499,
709370,勤凱凱基5B購05,0,0,0,---,---,---, ---,,,0.05,10,0.15,10,
709371,群翊凱基62購01,0,0,0,---,---,---, ---,,,0.25,100,0.26,50,
709372,聖暉*凱基5B購06,0,0,0,---,---,---, ---,,,0.11,100,0.12,50,
709373,漢科凱基5B購01,0,0,0,---,---,---, ---,,,0.10,10,0.11,10,
709374,廣穎凱基5B購03,"45,000",1,"26,100",0.58,0.58,0.58,0.58,-,0.04,0.61,100,0.62,10,
709375,雙鴻凱基5B購03,"180,000",8,"168,640",0.85,1.13,0.80,1.13,+,0.31,1.15,499,0.00,0,
709376,系統電台新5B購01,0,0,0,---,---,---, ---,,,0.18,25,0.19,10,
709377,華容台新5B購01,0,0,0,---,---,---, ---,,,4.66,25,4.76,10,
709378,鈺太台新5B購01,0,0,0,---,---,---, ---,,,0.06,25,0.10,10,
709379,鈺太台新5B購02,0,0,0,---,---,---, ---,,,0.15,25,0.16,10,
709380,鈺太台新5B購03,0,0,0,---,---,---, ---,,,0.15,25,0.16,10,
709381,精材台新5B購07,"5,000",2,"24,350",4.87,4.87,4.87,4.87,+,1.27,4.87,25,0.00,0,
709382,廣穎台新5B購02,"17,000",2,"20,480",1.20,1.24,1.20,1.24,+,0.08,1.16,25,1.26,10,
709383,點序台新5B購01,0,0,0,---,---,---, ---,,,0.10,25,0.11,10,
709384,點序台新62購01,0,0,0,---,---,---, ---,,,0.25,25,0.26,10,
709385,佳邦元大5B購02,0,0,0,---,---,---, ---,,,0.08,499,0.18,10,
709386,長科*元大5B購01,0,0,0,---,---,---, ---,,,1.16,25,1.26,10,
709387,順達元大5B購08,0,0,0,---,---,---, ---,,,0.47,499,0.48,10,
709388,順達元大62購01,"396,000",7,"371,420",0.93,0.94,0.87,0.87,-,0.14,0.88,499,0.89,10,
709389,群聯元大5B購19,"2,006,000",5,"1,023,260",0.49,0.53,0.49,0.53,-,0.0,0.52,499,0.53,10,
709390,群聯元大63購04,"119,000",9,"56,710",0.49,0.49,0.47,0.48,+,0.01,0.47,499,0.48,10,
709391,聖暉*元大5B購06,0,0,0,---,---,---, ---,,,0.22,499,0.23,10,
709392,佳邦富邦5B購01,"130,000",5,"9,100",0.07,0.07,0.07,0.07,-,0.01,0.06,50,0.07,28,
709393,精材富邦5B購03,"147,000",9,"284,350",1.99,2.33,1.88,2.33,+,0.5,2.32,30,2.33,36,
709394,台半群益62購01,"91,000",3,"42,050",0.47,0.47,0.45,0.45,-,0.05,0.46,10,0.56,10,
709395,聖暉*群益5B購03,0,0,0,---,---,---, ---,,,0.17,100,0.18,100,
709396,優群群益62購01,0,0,0,---,---,---, ---,,,0.00,0,0.00,0,
709397,佳邦國泰5C購01,0,0,0,---,---,---, ---,,,0.34,499,0.40,10,
709398,威聯通國泰5C購01,"20,000",2,"12,000",0.61,0.61,0.59,0.59,-,0.03,0.59,499,0.60,100,
709399,勤凱國泰5C購02,"2,000",1,640,0.32,0.32,0.32,0.32,-,0.04,0.32,200,0.33,100,
709400,台半永豐63購02,0,0,0,---,---,---, ---,,,0.80,10,0.81,10,
709401,台特化永豐63購01,0,0,0,---,---,---, ---,,,0.24,499,0.25,10,
709402,佳邦永豐5C購01,0,0,0,---,---,---, ---,,,0.19,499,0.20,10,
709403,萊德光永豐5C購01,0,0,0,---,---,---, ---,,,0.14,10,0.15,10,
709404,勤凱永豐5C購04,0,0,0,---,---,---, ---,,,0.14,10,0.15,10,
709405,群聯永豐5B購01,0,0,0,---,---,---, ---,,,0.27,10,0.28,10,
709406,鏵友益永豐5C購02,0,0,0,---,---,---, ---,,,0.14,499,0.15,10,
709407,久元元大5C購01,0,0,0,---,---,---, ---,,,0.15,499,0.16,10,
709408,中美晶元大5C購03,"45,000",5,"63,710",1.41,1.43,1.38,1.41,-,0.2,1.43,450,1.44,10,
709409,世界元大5C購02,"10,000",1,"10,200",1.02,1.02,1.02,1.02,-,0.13,0.39,25,0.00,0,
709410,台半元大5C購02,0,0,0,---,---,---, ---,,,0.25,499,0.35,10,
709411,良維元大5C購02,0,0,0,---,---,---, ---,,,0.20,499,0.21,10,
709412,佳邦元大5C購02,"73,000",1,"2,190",0.03,0.03,0.03,0.03,-,0.06,0.03,499,0.08,2,
709413,富喬元大5C購03,"338,000",18,"356,420",1.06,1.11,1.01,1.07,-,0.01,1.09,499,1.11,10,
709414,順達元大5C購02,"77,000",5,"77,780",1.01,1.04,1.00,1.04,-,0.01,0.93,499,0.94,10,
709415,勤凱元大5C購01,0,0,0,---,---,---, ---,,,0.20,499,0.21,10,
709416,群聯元大5C購03,"161,000",8,"385,620",2.37,2.50,2.29,2.44,+,0.03,2.41,300,2.42,10,
709417,精材元大5C購01,"112,000",10,"302,670",2.68,3.02,2.58,3.02,+,0.57,3.05,75,0.00,0,
709418,中美晶永豐64購01,"103,000",14,"82,280",0.81,0.81,0.77,0.80,-,0.07,0.80,10,0.81,10,
709419,長科*永豐61購02,0,0,0,---,---,---, ---,,,0.99,10,1.00,10,
709420,晶焱永豐61購01,0,0,0,---,---,---, ---,,,0.16,10,0.17,10,
709421,華容永豐64購01,0,0,0,---,---,---, ---,,,4.15,499,4.20,10,
709422,臺慶科永豐66購01,"72,000",1,"28,080",0.39,0.39,0.39,0.39,-,0.03,0.38,10,0.39,10,
709423,廣穎永豐61購02,0,0,0,---,---,---, ---,,,0.51,499,0.52,10,
709424,台半凱基5C購02,"10,000",1,"1,700",0.17,0.17,0.17,0.17,-,0.03,0.17,100,0.18,50,
709425,巨漢凱基5C購01,0,0,0,---,---,---, ---,,,0.17,100,0.18,50,
709426,良維凱基5C購03,0,0,0,---,---,---, ---,,,0.09,100,0.10,50,
709427,佳邦凱基5C購02,0,0,0,---,---,---, ---,,,0.07,100,0.08,10,
709428,佳邦凱基5C購03,0,0,0,---,---,---, ---,,,0.03,100,0.13,10,
709429,威剛凱基64購01,"110,000",1,"74,800",0.68,0.68,0.68,0.68,+,0.01,0.67,10,0.68,50,
709430,順達凱基5C購02,"8,000",2,"2,000",0.25,0.25,0.25,0.25,-,0.07,0.24,100,0.25,50,
709431,勤凱凱基5C購01,0,0,0,---,---,---, ---,,,0.08,10,0.09,10,
709432,勤凱凱基5C購02,0,0,0,---,---,---, ---,,,0.08,10,0.09,10,
709433,勤凱凱基62購01,"5,000",1,750,0.15,0.15,0.15,0.15,-,0.02,0.16,10,0.17,10,
709434,群聯凱基66購01,"200,000",1,"92,000",0.46,0.46,0.46,0.46,-,0.02,0.47,100,0.48,50,
709435,廣穎凱基5C購01,"48,000",1,"20,160",0.42,0.42,0.42,0.42,+,0.01,0.41,100,0.42,10,
709436,巨漢台新5C購01,0,0,0,---,---,---, ---,,,0.27,25,0.28,10,
709437,巨漢台新5C購02,0,0,0,---,---,---, ---,,,0.22,25,0.23,10,
709438,湧德台新61購01,"210,000",8,"206,400",0.96,1.02,0.96,1.02,-,0.01,1.02,25,1.04,10,
709439,華容台新5C購01,0,0,0,---,---,---, ---,,,4.30,25,4.40,10,
709440,華容台新5C購02,0,0,0,---,---,---, ---,,,4.23,25,4.29,10,
709441,鈊象台新5C購01,"78,000",1,"64,740",0.83,0.83,0.83,0.83,+,0.02,0.94,25,0.95,10,
709442,鑫聯台新5C購01,0,0,0,---,---,---, ---,,,0.33,25,0.34,10,
709443,台半群益5C購01,"712,000",6,"272,890",0.39,0.47,0.36,0.47,+,0.04,0.37,10,0.47,9,
709444,台特化群益5C購02,0,0,0,---,---,---, ---,,,0.92,10,1.04,10,
709445,立敦群益5C購01,0,0,0,---,---,---, ---,,,0.05,30,0.12,50,
709446,勤凱群益5C購01,0,0,0,---,---,---, ---,,,0.06,25,0.07,10,
709447,廣穎群益5C購01,"6,000",2,"3,360",0.54,0.58,0.54,0.58,+,0.03,0.26,38,0.00,0,
709448,雙鴻群益5C購01,"270,000",21,"546,520",1.87,2.46,1.79,2.46,+,0.6,1.81,5,0.00,0,
709449,聖暉*國泰61購01,"124,000",5,"53,360",0.44,0.44,0.42,0.43,-,0.03,0.43,499,0.44,100,
709450,雙鴻國泰61購02,"768,000",25,"1,125,770",1.39,1.86,1.33,1.86,+,0.55,1.86,485,2.18,10,
709451,久元富邦66購01,0,0,0,---,---,---, ---,,,0.20,10,0.21,28,
709452,台半富邦64購01,"644,000",13,"228,700",0.36,0.37,0.34,0.34,-,0.03,0.35,10,0.36,28,
709453,台半富邦66購01,"487,000",11,"193,320",0.39,0.40,0.38,0.40,-,0.01,0.39,10,0.40,28,
709454,宏捷科富邦66購01,0,0,0,---,---,---, ---,,,0.19,10,0.20,28,
709455,宏捷科富邦66購02,0,0,0,---,---,---, ---,,,0.22,10,0.23,28,
709456,長科*富邦63購01,"57,000",6,"48,580",0.89,0.89,0.84,0.84,-,0.13,0.87,10,0.88,28,
709457,威剛富邦62購01,0,0,0,---,---,---, ---,,,0.54,30,0.55,28,
709458,富喬富邦66購01,"516,000",45,"487,600",0.93,1.00,0.91,0.95,+,0.03,0.97,10,0.98,28,
709459,智通*富邦64購01,"44,000",2,"54,360",1.20,1.24,1.20,1.24,+,0.02,1.23,10,1.24,28,
709460,智通*富邦66購01,"33,000",1,"22,110",0.67,0.67,0.67,0.67,-,0.0,0.68,10,0.69,28,
709461,閎康富邦66購01,0,0,0,---,---,---, ---,,,0.36,10,0.37,28,
709462,鈊象富邦66購01,"1,254,000",36,"1,022,490",0.81,0.85,0.79,0.85,+,0.03,0.84,10,0.85,28,
709463,群聯富邦64購01,0,0,0,---,---,---, ---,,,0.53,10,0.54,28,
709464,雙鴻富邦64購01,"186,000",15,"245,630",1.24,1.44,1.24,1.44,+,0.22,1.45,10,0.00,0,
709465,台半國票61購02,"20,000",3,"5,300",0.27,0.27,0.26,0.26,-,0.09,0.25,25,0.26,10,
709466,台半國票61購03,"307,000",6,"79,820",0.27,0.27,0.24,0.26,-,0.05,0.26,25,0.27,10,
709467,佳邦國票61購01,0,0,0,---,---,---, ---,,,0.08,25,0.09,10,
709468,佳邦國票61購02,0,0,0,---,---,---, ---,,,0.07,25,0.08,10,
709469,萊德光國票61購01,"480,000",6,"62,500",0.14,0.15,0.11,0.11,-,0.01,0.11,25,0.12,10,
709470,順達國票61購01,0,0,0,---,---,---, ---,,,0.34,25,0.35,10,
709471,中美晶群益62購02,"142,000",14,"86,820",0.64,0.64,0.58,0.62,-,0.05,0.61,10,0.71,10,
709472,台星科群益62購01,"51,000",4,"23,250",0.47,0.47,0.45,0.45,-,0.09,0.24,41,0.00,0,
709473,威剛群益62購01,0,0,0,---,---,---, ---,,,0.00,0,0.67,5,
709474,茂綸群益62購01,"10,000",2,"8,420",0.83,0.87,0.83,0.87,-,0.04,0.60,16,1.15,35,
709475,振曜群益5C購01,"10,000",1,"3,000",0.30,0.30,0.30,0.30,-,0.02,0.29,25,0.30,10,
709476,創惟群益5C購01,"50,000",1,"24,000",0.48,0.48,0.48,0.48,-,0.09,0.45,25,0.46,10,
709477,群聯群益5C購02,0,0,0,---,---,---, ---,,,0.50,100,0.51,100,
709478,鈊象國泰61購01,"140,000",6,"138,800",0.97,1.00,0.97,0.99,+,0.01,1.05,10,1.15,10,
709479,臺慶科國泰61購01,0,0,0,---,---,---, ---,,,0.47,100,0.50,100,
709480,朋程永豐5C購02,0,0,0,---,---,---, ---,,,0.12,10,0.13,10,
709481,欣銓永豐64購01,"128,000",3,"98,610",0.82,0.82,0.77,0.77,-,0.08,0.81,10,0.82,10,
709482,達航永豐61購01,"20,000",1,"6,000",0.30,0.30,0.30,0.30,-,0.03,0.30,10,0.31,10,
709483,達航永豐64購01,"30,000",3,"16,300",0.59,0.59,0.45,0.45,-,0.06,0.47,10,0.48,10,
709484,立敦富邦66購01,0,0,0,---,---,---, ---,,,0.30,10,0.31,28,
709485,宏觀富邦66購01,0,0,0,---,---,---, ---,,,0.07,10,0.10,10,
709486,順達富邦61購02,"562,000",16,"264,900",0.47,0.49,0.45,0.46,-,0.08,0.44,10,0.45,28,
709487,漢科富邦66購01,"171,000",1,"83,790",0.49,0.49,0.49,0.49,-,0.01,0.48,10,0.49,28,
709488,廣明富邦66購01,0,0,0,---,---,---, ---,,,0.39,10,0.40,28,
709489,璟德富邦66購01,0,0,0,---,---,---, ---,,,0.22,10,0.23,28,
709490,久元凱基5C購02,0,0,0,---,---,---, ---,,,0.03,10,0.13,10,
709491,中美晶凱基5C購02,"206,000",10,"82,290",0.41,0.42,0.38,0.42,-,0.07,0.42,100,0.43,10,
709492,立敦凱基5C購01,0,0,0,---,---,---, ---,,,0.06,10,0.07,10,
709493,良維凱基64購01,0,0,0,---,---,---, ---,,,0.20,100,0.21,50,
709494,朋程凱基61購01,0,0,0,---,---,---, ---,,,0.15,10,0.16,10,
709495,能率亞凱基5C購01,"1,000",1,520,0.52,0.52,0.52,0.52,+,0.04,0.48,10,0.49,10,
709496,富喬凱基5C購01,"428,000",9,"340,560",0.79,0.82,0.77,0.82,-,0.03,0.81,100,0.82,9,
709497,華容凱基5C購02,"4,000",1,"8,480",2.12,2.12,2.12,2.12,-,0.04,2.02,10,2.04,10,
709498,群聯凱基5C購02,"265,000",3,"47,700",0.18,0.18,0.18,0.18,+,0.01,0.17,100,0.18,50,
709499,廣穎凱基61購01,"1,000",1,680,0.68,0.68,0.68,0.68,+,0.34,0.33,100,0.34,30,
709500,中美晶台新63購01,0,0,0,---,---,---, ---,,,1.12,25,1.22,10,
709501,立敦台新5C購01,"25,000",5,"5,400",0.23,0.23,0.20,0.20,-,0.06,0.20,25,0.21,10,
709502,宏觀台新5C購01,"10,000",3,"1,830",0.18,0.19,0.18,0.18,-,0.02,0.08,25,0.18,10,
709503,南俊台新5C購01,"364,000",20,"195,470",0.65,0.66,0.46,0.53,-,0.35,0.45,26,0.53,99,
709504,聖暉*台新5C購01,0,0,0,---,---,---, ---,,,0.37,25,0.47,10,
709505,精材台新5C購02,"2,000",1,"9,000",4.50,4.50,4.50,4.50,+,0.62,5.10,25,0.00,0,
709506,精材台新5C購03,"65,000",5,"300,450",4.60,5.05,4.49,5.05,+,1.01,5.15,25,5.20,10,
709507,璟德台新5C購01,0,0,0,---,---,---, ---,,,0.19,25,0.20,10,
709508,久元元大5C購02,0,0,0,---,---,---, ---,,,0.04,499,0.14,10,
709509,宏觀元大5C購02,0,0,0,---,---,---, ---,,,0.04,499,0.14,10,
709510,朋程元大5C購01,"42,000",1,"5,880",0.14,0.14,0.14,0.14,-,0.03,0.14,589,0.15,10,
709511,長科*元大5C購01,"10,000",1,"9,700",0.97,0.97,0.97,0.97,-,0.23,0.96,25,0.97,10,
709512,富喬元大61購04,"2,921,000",27,"2,793,700",0.96,1.00,0.93,0.96,-,0.03,0.99,499,1.02,10,
709513,晶焱元大5C購01,"15,000",1,"1,800",0.12,0.12,0.12,0.12,-,0.01,0.12,499,0.13,10,
709514,順達元大5C購03,0,0,0,---,---,---, ---,,,0.54,499,0.55,10,
709515,順達元大64購05,"340,000",7,"426,730",1.27,1.31,1.25,1.25,-,0.12,1.22,499,1.23,10,
709516,群聯元大61購09,0,0,0,---,---,---, ---,,,0.54,499,0.55,10,
709517,臺慶科元大5C購01,0,0,0,---,---,---, ---,,,0.11,499,0.12,10,
709518,中美晶富邦62購01,0,0,0,---,---,---, ---,,,0.58,30,0.68,10,
709519,世界凱基5C購04,0,0,0,---,---,---, ---,,,0.22,100,0.23,30,
709520,世紀*凱基5C購01,"109,000",31,"490,790",4.21,6.00,4.17,6.00,+,0.7,4.56,10,6.25,10,
709521,台半凱基61購02,"99,000",6,"33,450",0.34,0.34,0.32,0.33,-,0.05,0.33,100,0.34,50,
709522,立端凱基61購01,0,0,0,---,---,---, ---,,,0.37,100,0.38,10,
709523,宏觀凱基61購03,0,0,0,---,---,---, ---,,,0.02,100,0.12,10,
709524,系統電凱基5C購02,0,0,0,---,---,---, ---,,,0.09,10,0.10,10,
709525,宜特凱基61購02,0,0,0,---,---,---, ---,,,0.25,100,0.26,30,
709526,長科*凱基5C購01,"100,000",10,"24,200",0.25,0.25,0.23,0.23,-,0.06,0.23,112,0.24,10,
709527,宸曜凱基5C購01,"48,000",9,"25,350",0.56,0.56,0.49,0.50,-,0.04,0.24,41,0.00,0,
709528,順達凱基64購02,0,0,0,---,---,---, ---,,,0.58,100,0.59,50,
709529,群聯凱基5C購03,"143,000",3,"24,740",0.18,0.18,0.17,0.17,-,0.01,0.17,100,0.18,250,
709530,大綜台新5C購01,0,0,0,---,---,---, ---,,,1.25,25,1.26,10,
709531,系統電台新5C購01,0,0,0,---,---,---, ---,,,0.17,25,0.18,10,
709532,萊德光台新5C購01,"740,000",12,"101,400",0.18,0.18,0.12,0.14,-,0.02,0.13,25,0.14,110,
709533,廣運台新5C購01,0,0,0,---,---,---, ---,,,0.12,25,0.13,10,
709534,台半永豐61購02,0,0,0,---,---,---, ---,,,0.44,10,0.45,10,
709535,安葆永豐63購01,0,0,0,---,---,---, ---,,,1.20,10,1.22,12,
709536,良維永豐5C購03,0,0,0,---,---,---, ---,,,0.17,499,0.18,10,
709537,雙鴻永豐64購02,"679,000",16,"590,600",0.83,0.99,0.83,0.99,+,0.16,1.03,10,0.00,0,
709538,久元元大5C購03,0,0,0,---,---,---, ---,,,0.14,499,0.15,10,
709539,中美晶元大5C購04,"95,000",3,"68,200",0.75,0.75,0.71,0.71,-,0.17,0.73,499,0.74,10,
709540,世界元大5C購03,"258,000",6,"167,810",0.66,0.66,0.65,0.65,-,0.1,0.03,333,0.00,0,
709541,世界元大64購05,"200,000",3,"134,000",0.67,0.67,0.67,0.67,-,0.05,0.24,208,0.00,0,
709542,台半元大5C購03,"48,000",5,"36,520",0.76,0.77,0.75,0.75,-,0.09,0.76,499,0.77,10,
709543,台半元大5C購04,0,0,0,---,---,---, ---,,,0.54,499,0.55,10,
709544,台半元大66購02,"20,000",2,"23,500",1.18,1.18,1.17,1.17,-,0.2,1.16,499,1.17,10,
709545,良維元大5C購03,"930,000",3,"74,700",0.08,0.09,0.08,0.09,-,0.05,0.08,549,0.09,160,
709546,欣銓元大5C購01,"155,000",9,"84,000",0.56,0.56,0.54,0.54,-,0.07,0.54,499,0.55,10,
709547,長科*元大5C購02,0,0,0,---,---,---, ---,,,0.97,25,0.98,10,
709548,長科*元大5C購03,"4,000",1,"4,440",1.11,1.11,1.11,1.11,-,0.2,1.16,25,1.17,10,
709549,長科*元大66購01,"15,000",1,"13,800",0.92,0.92,0.92,0.92,-,0.09,0.95,25,0.96,10,
709550,富喬元大61購05,"3,980,000",26,"3,412,070",0.89,0.89,0.81,0.85,-,0.01,0.88,499,0.98,10,
709551,順達元大5C購04,"501,000",3,"235,270",0.47,0.47,0.43,0.43,-,0.08,0.43,499,0.44,10,
709552,順達元大64購06,"374,000",4,"410,100",1.10,1.10,1.08,1.08,-,0.13,1.08,499,1.09,10,
709553,群聯元大61購10,0,0,0,---,---,---, ---,,,0.50,499,0.51,10,
709554,聖暉*元大5C購04,0,0,0,---,---,---, ---,,,0.31,499,0.32,10,
709555,方土昶群益5C購01,0,0,0,---,---,---, ---,,,0.25,40,0.00,0,
709556,世界群益5C購03,0,0,0,---,---,---, ---,,,0.13,76,0.00,0,
709557,台半群益5C購02,"562,000",8,"364,520",0.64,0.67,0.61,0.61,-,0.2,0.64,10,0.74,10,
709558,台半群益61購01,"527,000",9,"406,190",0.78,0.79,0.74,0.74,-,0.14,0.77,10,0.87,10,
709559,系微群益5C購01,0,0,0,---,---,---, ---,,,0.13,25,0.14,10,
709560,長科*群益61購01,"1,000",1,550,0.55,0.55,0.55,0.55,-,0.1,0.31,32,0.00,0,
709561,南俊群益5C購01,"837,000",87,"459,760",0.70,0.71,0.47,0.52,-,0.2,0.52,8,0.70,3,
709562,富喬群益5C購02,"104,000",13,"214,860",2.07,2.15,2.00,2.13,-,0.06,2.13,100,2.25,3,
709563,群聯群益5C購03,"702,000",4,"238,700",0.35,0.35,0.34,0.35,+,0.01,0.34,100,0.35,100,
709564,臺慶科群益5C購01,0,0,0,---,---,---, ---,,,0.19,25,0.20,10,
709565,廣運群益5C購01,0,0,0,---,---,---, ---,,,0.13,25,0.14,10,
709566,雙鴻群益5C購02,"1,263,000",27,"1,064,040",0.72,0.97,0.67,0.93,+,0.21,0.27,47,0.00,0,
709567,方土昶凱基5C購02,0,0,0,---,---,---, ---,,,0.32,100,0.33,50,
709568,威剛凱基61購01,"2,600,000",221,"676,000",0.26,0.26,0.26,0.26,-,0.0,0.25,1012,0.28,150,
709569,雅特力凱基5C購01,0,0,0,---,---,---, ---,,,1.69,100,1.79,10,
709570,聰泰凱基5C購01,0,0,0,---,---,---, ---,,,0.29,100,0.30,10,
709571,雙鴻凱基5C購07,"113,000",3,"62,390",0.57,0.57,0.55,0.55,+,0.15,0.66,100,0.00,0,
709572,雙鴻凱基5C購08,"129,000",8,"48,830",0.37,0.48,0.34,0.48,+,0.15,0.55,100,0.00,0,
709573,能率台新5C購01,"232,000",24,"223,630",1.01,1.01,0.93,0.93,-,0.1,0.92,25,0.00,0,
709574,良維富邦61購02,0,0,0,---,---,---, ---,,,0.14,10,0.15,28,
709575,群聯富邦63購01,0,0,0,---,---,---, ---,,,0.30,40,0.31,28,
709576,雙鴻富邦62購01,"2,125,000",31,"1,246,310",0.52,0.66,0.52,0.65,+,0.12,0.66,12,0.00,0,
709577,達航國票61購01,0,0,0,---,---,---, ---,,,0.25,25,0.26,10,
709578,久元元大5C購04,0,0,0,---,---,---, ---,,,0.14,499,0.15,10,
709579,中美晶元大5C購05,0,0,0,---,---,---, ---,,,1.71,400,1.72,10,
709580,世界元大5C購04,0,0,0,---,---,---, ---,,,0.43,23,0.98,11,
709581,世界元大64購06,"260,000",3,"153,500",0.60,0.60,0.59,0.59,-,0.05,0.40,25,0.00,0,
709582,台半元大5C購05,0,0,0,---,---,---, ---,,,0.41,499,0.42,10,
709583,台半元大66購03,"116,000",7,"153,160",1.34,1.34,1.30,1.32,-,0.1,1.33,499,1.34,10,
709584,宏觀元大5C購03,0,0,0,---,---,---, ---,,,0.14,499,0.18,10,
709585,威剛元大5C購01,0,0,0,---,---,---, ---,,,0.28,499,0.29,10,
709586,富喬元大64購01,"2,007,000",29,"2,000,740",0.99,1.02,0.95,1.01,+,0.02,1.01,499,1.02,10,
709587,順達元大5C購05,"15,000",1,"20,850",1.39,1.39,1.39,1.39,-,0.15,1.35,499,1.36,10,
709588,群聯元大61購11,"529,000",2,"163,990",0.31,0.31,0.31,0.31,+,0.01,0.30,499,0.31,40,
709589,群聯元大64購04,"152,000",3,"60,810",0.40,0.41,0.40,0.40,-,0.0,0.40,499,0.41,10,
709590,精材元大5C購02,0,0,0,---,---,---, ---,,,5.70,150,0.00,0,
709591,威剛群益5C購03,"1,140,000",6,"671,180",0.59,0.59,0.57,0.58,-,0.0,0.57,100,0.58,10,
709592,群聯群益5C購04,"4,000",1,"4,560",1.14,1.14,1.14,1.14,-,0.12,1.23,100,1.24,100,
709593,桓達永豐61購01,0,0,0,---,---,---, ---,,,0.37,10,0.38,10,
709594,宏觀國票61購01,0,0,0,---,---,---, ---,,,0.14,25,0.15,10,
709595,富喬國票5C購03,"511,000",16,"672,950",1.27,1.37,1.24,1.33,+,0.01,1.33,25,1.35,10,
709596,群聯國票61購04,0,0,0,---,---,---, ---,,,0.45,25,0.46,10,
709597,精確國票61購01,0,0,0,---,---,---, ---,,,0.36,25,0.37,10,
709598,磐亞國票61購01,"312,000",4,"636,480",2.04,2.04,2.04,2.04,+,0.23,1.92,25,1.98,10,
709599,雙鴻國票61購01,0,0,0,---,---,---, ---,,,0.74,25,0.00,0,
709600,中美晶元大5C購06,"19,000",3,"25,780",1.36,1.40,1.33,1.40,-,0.17,1.38,499,1.39,10,
709601,世界元大5C購05,0,0,0,---,---,---, ---,,,0.44,22,0.00,0,
709602,世界元大64購07,"5,000",1,"4,700",0.94,0.94,0.94,0.94,-,0.09,0.69,14,0.00,0,
709603,世界元大66購02,0,0,0,---,---,---, ---,,,0.46,21,0.00,0,
709604,系統電元大5C購03,0,0,0,---,---,---, ---,,,0.07,499,0.17,10,
709605,威剛元大5C購02,"220,000",6,"248,400",1.11,1.13,1.11,1.13,+,0.01,1.12,499,1.13,10,
709606,威剛元大61購02,"151,000",3,"146,470",0.97,0.97,0.97,0.97,-,0.0,0.96,499,0.97,10,
709607,群聯元大5C購04,0,0,0,---,---,---, ---,,,0.63,499,0.64,10,
709608,群聯元大5C購05,0,0,0,---,---,---, ---,,,0.53,499,0.54,10,
709609,群聯元大61購12,0,0,0,---,---,---, ---,,,0.38,499,0.39,10,
709610,群聯元大64購05,0,0,0,---,---,---, ---,,,0.47,499,0.48,10,
709611,磐亞元大5C購01,0,0,0,---,---,---, ---,,,3.63,25,3.73,10,
709612,系統電富邦61購02,0,0,0,---,---,---, ---,,,0.08,10,0.09,28,
709613,大綜永豐61購01,0,0,0,---,---,---, ---,,,0.76,10,0.78,10,
709614,磐亞永豐61購01,"16,000",4,"40,000",2.48,2.59,2.35,2.35,+,0.03,2.35,7,2.45,10,
709615,方土昶凱基5C購03,"5,000",1,"2,300",0.46,0.46,0.46,0.46,-,0.07,0.47,100,0.48,50,
709616,華電網凱基5C購01,0,0,0,---,---,---, ---,,,0.15,100,0.16,10,
709617,磐亞凱基5C購01,"42,000",7,"107,850",2.57,2.71,2.48,2.58,+,0.22,2.52,10,2.62,10,
709618,雙鴻凱基61購04,"72,000",6,"28,670",0.37,0.55,0.37,0.55,+,0.18,0.55,498,0.00,0,
709619,大綜台新5C購02,"3,000",2,"2,350",0.78,0.79,0.78,0.79,-,0.05,0.78,25,0.79,10,
709620,系統電台新61購01,0,0,0,---,---,---, ---,,,0.21,25,0.22,10,
709621,良維台新5C購01,0,0,0,---,---,---, ---,,,0.21,25,0.22,10,
709622,順達台新5C購02,"123,000",2,"82,870",0.69,0.69,0.67,0.67,-,0.09,0.64,25,0.65,10,
709623,精材台新62購01,"284,000",32,"1,140,130",3.80,4.23,3.67,4.21,+,0.74,4.28,25,4.30,10,
709624,雙鴻台新5C購01,"42,000",2,"29,210",0.69,0.70,0.69,0.70,+,0.05,0.96,25,0.00,0,
709625,力致群益5C購01,0,0,0,---,---,---, ---,,,0.12,25,0.13,10,
709626,威剛群益5C購04,0,0,0,---,---,---, ---,,,0.60,100,0.61,100,
709627,群聯群益5C購05,0,0,0,---,---,---, ---,,,1.08,100,1.09,100,
709628,雙鴻群益62購01,"41,000",3,"20,370",0.50,0.50,0.49,0.49,+,0.15,0.22,45,0.00,0,
709629,方土昶永豐63購01,"9,000",2,"4,700",0.54,0.54,0.52,0.52,-,0.01,0.53,10,0.54,10,
709630,系微永豐61購01,0,0,0,---,---,---, ---,,,0.26,10,0.27,10,
709631,宜特永豐5C購03,0,0,0,---,---,---, ---,,,0.50,499,0.51,10,
709632,家登永豐5C購01,"25,000",2,"11,550",0.51,0.51,0.43,0.43,-,0.03,0.42,499,0.43,10,
709633,鈊象永豐64購01,0,0,0,---,---,---, ---,,,0.68,10,0.69,10,
709634,群聯永豐5C購08,0,0,0,---,---,---, ---,,,0.63,10,0.64,10,
709635,雙鴻群益5C購03,"2,723,000",26,"4,864,960",1.42,1.95,1.34,1.93,+,0.51,1.86,8,2.20,1,
709636,大綜國票5C購01,"200,000",1,"72,000",0.36,0.36,0.36,0.36,-,0.05,0.37,25,0.38,10,
709637,台特化國票61購01,0,0,0,---,---,---, ---,,,0.57,25,0.58,10,
709638,光聚晶國票61購01,"113,000",3,"36,060",0.32,0.32,0.31,0.32,+,0.03,0.31,25,0.32,7,
709639,系統電國票61購01,0,0,0,---,---,---, ---,,,0.29,25,0.30,10,
709640,家登國票5C購01,0,0,0,---,---,---, ---,,,0.59,25,0.60,10,
709641,海韻電國票61購01,0,0,0,---,---,---, ---,,,0.35,25,0.36,10,
709642,鈊象國票61購01,0,0,0,---,---,---, ---,,,0.46,25,0.47,10,
709643,聖暉*國票61購01,"60,000",1,"18,000",0.30,0.30,0.30,0.30,-,0.0,0.29,25,0.30,10,
709644,大綜凱基5C購01,"250,000",3,"41,500",0.17,0.17,0.16,0.16,-,0.01,0.16,10,0.17,50,
709645,伍豐凱基5C購01,0,0,0,---,---,---, ---,,,0.09,10,0.10,10,
709646,系統電凱基5C購03,0,0,0,---,---,---, ---,,,0.03,10,0.13,10,
709647,朋億*凱基5C購01,"730,000",21,"388,310",0.53,0.59,0.50,0.54,+,0.03,0.51,100,0.52,10,
709648,威剛凱基5C購03,"286,000",6,"95,680",0.33,0.34,0.33,0.34,-,0.0,0.33,30,0.34,50,
709649,茂訊凱基5C購01,"11,000",2,"6,800",0.62,0.62,0.60,0.60,-,0.03,0.60,9,0.61,10,
709650,富喬凱基5C購02,"17,000",4,"16,980",1.00,1.00,0.99,1.00,+,0.04,1.00,100,1.03,10,
709651,晶焱凱基5C購01,0,0,0,---,---,---, ---,,,0.30,10,0.31,10,
709652,雅特力凱基5C購02,"728,000",21,"498,000",0.66,0.73,0.66,0.68,-,0.03,0.68,100,0.70,10,
709653,群聯凱基5C購04,"30,000",1,"6,900",0.23,0.23,0.23,0.23,-,0.02,0.24,100,0.25,50,
709654,精確凱基5C購01,"32,000",4,"10,240",0.32,0.32,0.32,0.32,+,0.02,0.30,10,0.31,10,
709655,大綜台新5C購03,"130,000",3,"49,800",0.38,0.39,0.38,0.39,-,0.03,0.39,25,0.40,10,
709656,大綜台新5C購04,0,0,0,---,---,---, ---,,,0.33,85,0.43,40,
709657,方土昶台新5C購01,0,0,0,---,---,---, ---,,,0.66,25,0.67,10,
709658,富喬台新5C購01,"1,000",1,"2,070",2.07,2.07,2.07,2.07,+,0.62,1.43,25,0.00,0,
709659,富喬台新5C購02,"328,000",27,"659,780",2.00,2.10,1.87,2.05,+,0.04,2.06,10,2.08,10,
709660,晶焱台新5C購01,0,0,0,---,---,---, ---,,,0.44,25,0.47,10,
709661,晶焱台新5C購02,0,0,0,---,---,---, ---,,,0.27,25,0.28,10,
709662,晶焱台新5C購03,"190,000",1,"30,400",0.16,0.16,0.16,0.16,-,0.03,0.17,25,0.19,10,
709663,群聯台新5C購01,0,0,0,---,---,---, ---,,,0.41,25,0.42,10,
709664,大綜元大5C購01,0,0,0,---,---,---, ---,,,0.21,499,0.31,10,
709665,中美晶元大5C購07,"12,000",5,"19,020",1.63,1.63,1.52,1.60,-,0.14,1.60,450,1.61,10,
709666,台半元大5C購06,"118,000",1,"53,100",0.45,0.45,0.45,0.45,-,0.01,0.43,499,0.44,10,
709667,系統電元大5C購04,0,0,0,---,---,---, ---,,,0.22,499,0.23,10,
709668,威剛元大61購03,0,0,0,---,---,---, ---,,,0.49,499,0.50,10,
709669,家登元大5C購04,"317,000",9,"127,390",0.47,0.47,0.39,0.39,-,0.06,0.38,25,0.39,10,
709670,群聯元大5C購06,"55,000",2,"27,400",0.50,0.50,0.48,0.48,-,0.0,0.47,499,0.48,10,
709671,群聯元大5C購07,0,0,0,---,---,---, ---,,,0.54,499,0.55,10,
709672,群聯元大5C購08,"160,000",4,"64,400",0.39,0.41,0.39,0.39,+,0.01,0.38,499,0.39,10,
709673,群聯元大66購05,"50,000",1,"32,000",0.64,0.64,0.64,0.64,-,0.0,0.63,499,0.64,10,
709674,聖暉*元大5C購05,0,0,0,---,---,---, ---,,,0.22,499,0.23,10,
709675,聖暉*元大5C購06,"20,000",2,"3,900",0.20,0.20,0.19,0.19,-,0.02,0.19,499,0.20,10,
709676,家登富邦63購01,"10,000",1,"5,100",0.51,0.51,0.51,0.51,+,0.03,0.46,10,0.47,28,
709677,正德群益5C購01,"39,000",3,"23,690",0.61,0.61,0.59,0.59,-,0.01,0.56,25,0.58,10,
709678,威剛群益5C購05,0,0,0,---,---,---, ---,,,0.61,100,0.62,100,
709679,家登群益5C購01,"82,000",1,"72,980",0.89,0.89,0.89,0.89,-,0.02,0.40,25,0.00,0,
709680,富喬群益5C購03,"796,000",22,"1,618,840",1.99,2.15,1.98,2.12,+,0.03,2.07,100,2.12,99,
709681,華容群益5C購01,0,0,0,---,---,---, ---,,,3.07,10,3.17,10,
709682,群聯群益5C購06,0,0,0,---,---,---, ---,,,1.90,100,1.91,100,
709683,聖暉*群益5C購02,"140,000",2,"25,200",0.18,0.18,0.18,0.18,-,0.01,0.17,100,0.18,100,
709684,立端永豐64購01,0,0,0,---,---,---, ---,,,0.50,10,0.51,10,
709685,威剛永豐6C購01,"67,000",1,"66,330",0.99,0.99,0.99,0.99,-,0.0,0.99,10,1.00,10,
709686,建榮永豐61購01,"21,000",2,"11,330",0.54,0.54,0.53,0.53,+,0.02,0.46,10,0.47,10,
709687,茂訊永豐5C購01,0,0,0,---,---,---, ---,,,0.42,499,0.43,10,
709688,雅特力永豐61購01,"134,000",11,"155,650",1.15,1.20,1.10,1.14,-,0.02,1.14,10,1.15,10,
709689,群聯永豐5C購09,0,0,0,---,---,---, ---,,,0.58,499,0.59,10,
709690,綠界*永豐61購01,0,0,0,---,---,---, ---,,,0.47,10,0.48,10,
709691,聰泰永豐61購01,"209,000",4,"108,720",0.54,0.54,0.52,0.52,-,0.02,0.50,10,0.53,10,
709692,立敦國票5C購01,0,0,0,---,---,---, ---,,,0.30,25,0.31,10,
709693,立敦國票5C購02,0,0,0,---,---,---, ---,,,0.35,25,0.36,10,
709694,伍豐國票61購01,0,0,0,---,---,---, ---,,,0.26,25,0.27,10,
709695,光焱國票61購01,0,0,0,---,---,---, ---,,,0.29,25,0.31,10,
709696,安勤國票61購01,0,0,0,---,---,---, ---,,,0.50,25,0.51,10,
709697,系統電國票61購02,0,0,0,---,---,---, ---,,,0.26,25,0.27,10,
709698,邑昇國票61購01,"305,000",13,"176,590",0.55,0.62,0.53,0.58,-,0.0,0.58,25,0.59,10,
709699,信音國票5C購01,0,0,0,---,---,---, ---,,,0.20,25,0.21,10,
709700,建榮國票5C購01,"259,000",5,"65,240",0.26,0.27,0.25,0.25,-,0.01,0.22,25,0.23,10,
709701,博士旺國票5C購01,"12,000",4,"3,870",0.28,0.37,0.28,0.35,+,0.09,0.35,20,0.37,5,
709702,博智國票5C購01,0,0,0,---,---,---, ---,,,0.66,25,0.67,10,
709703,博智國票5C購02,0,0,0,---,---,---, ---,,,0.56,25,0.57,10,
709704,晶焱國票5C購01,0,0,0,---,---,---, ---,,,0.27,25,0.28,10,
709705,雅特力國票61購01,"277,000",6,"220,910",0.79,0.81,0.78,0.78,-,0.03,0.78,25,0.79,10,
709706,雅特力國票61購02,"197,000",7,"137,650",0.68,0.73,0.68,0.70,-,0.01,0.70,25,0.71,10,
709707,意德士國票61購01,0,0,0,---,---,---, ---,,,0.41,25,0.43,10,
709708,聚和國票61購01,0,0,0,---,---,---, ---,,,0.55,25,0.56,10,
709709,臺慶科國票61購02,"10,000",1,"2,900",0.29,0.29,0.29,0.29,-,0.02,0.28,25,0.29,10,
709710,廣閎科國票61購01,0,0,0,---,---,---, ---,,,0.85,25,0.87,10,
709711,騰雲國票61購01,"45,000",2,"24,950",0.55,0.57,0.55,0.57,-,0.02,0.55,25,0.57,10,
709712,威剛國泰61購01,"293,000",8,"240,670",0.81,0.83,0.81,0.82,-,0.0,0.82,499,0.83,100,
709713,湧德國泰61購01,0,0,0,---,---,---, ---,,,0.42,499,0.43,100,
709714,光焱台新5C購01,0,0,0,---,---,---, ---,,,0.49,25,0.51,10,
709715,兆利台新5C購01,"227,000",9,"163,070",0.74,0.74,0.65,0.65,-,0.08,0.62,25,0.63,10,
709716,兆利台新5C購02,0,0,0,---,---,---, ---,,,0.53,25,0.54,10,
709717,雅特力台新5C購01,"466,000",14,"503,720",1.07,1.12,1.04,1.07,-,0.03,1.05,25,1.07,5,
709718,雅特力台新5C購02,"139,000",3,"113,080",0.79,0.85,0.79,0.82,-,0.02,0.80,25,0.82,10,
709719,鈊象台新5C購02,"26,000",1,"13,520",0.52,0.52,0.52,0.52,-,0.0,0.62,25,0.64,10,
709720,雙鴻台新5C購02,"118,000",8,"207,170",1.69,1.87,1.69,1.87,+,0.25,2.25,25,0.00,0,
709721,雙鴻台新5C購03,"15,000",3,"17,460",0.86,1.19,0.86,1.16,+,0.27,1.31,25,0.00,0,
709722,穩得台新5C購01,0,0,0,---,---,---, ---,,,0.49,25,0.50,10,
709723,中美晶元大5C購08,0,0,0,---,---,---, ---,,,1.68,400,1.70,10,
709724,中美晶元大5C購09,"286,000",5,"325,860",1.20,1.20,1.13,1.13,-,0.15,1.18,499,1.19,10,
709725,方土昶元大5C購01,"10,000",2,"11,900",1.18,1.20,1.18,1.20,+,0.02,1.17,25,1.18,10,
709726,系統電元大5C購05,0,0,0,---,---,---, ---,,,0.20,499,0.21,10,
709727,系統電元大5C購06,0,0,0,---,---,---, ---,,,0.31,499,0.32,10,
709728,信音元大5C購01,0,0,0,---,---,---, ---,,,0.25,499,0.28,10,
709729,威剛元大61購04,"174,000",4,"207,690",1.19,1.20,1.19,1.19,-,0.02,1.18,499,1.19,10,
709730,富喬元大64購02,"267,000",14,"400,800",1.51,1.55,1.46,1.53,-,0.01,1.54,499,1.56,10,
709731,順達元大5C購06,"22,000",2,"35,120",1.61,1.61,1.46,1.46,-,0.15,1.48,450,1.49,10,
709732,鈊象元大5C購05,"79,000",6,"92,850",1.16,1.25,1.14,1.25,+,0.07,0.45,22,0.00,0,
709733,群聯元大5C購09,0,0,0,---,---,---, ---,,,0.73,499,0.74,10,
709734,群聯元大5C購10,0,0,0,---,---,---, ---,,,0.44,499,0.45,10,
709735,群聯元大5C購11,0,0,0,---,---,---, ---,,,0.43,499,0.44,10,
709736,群聯元大66購06,"170,000",8,"120,930",0.71,0.74,0.71,0.71,-,0.0,0.70,499,0.71,10,
709737,精材元大5C購03,0,0,0,---,---,---, ---,,,5.70,50,0.00,0,
709738,精材元大64購01,"202,000",20,"970,940",4.95,5.30,4.64,5.30,+,0.74,5.25,50,5.30,1,
709739,精材元大66購04,"118,000",16,"485,110",4.08,4.30,3.85,4.26,+,0.55,4.33,50,4.35,10,
709740,順達凱基5C購03,"1,103,000",17,"339,280",0.31,0.31,0.27,0.28,-,0.05,0.27,100,0.28,50,
709741,群聯凱基5C購05,"100,000",1,"35,000",0.35,0.35,0.35,0.35,-,0.01,0.35,100,0.36,50,
709742,聖暉*凱基5C購02,"125,000",2,"13,700",0.11,0.11,0.10,0.10,-,0.01,0.10,100,0.11,50,
709743,精材凱基61購05,0,0,0,---,---,---, ---,,,1.99,100,0.00,0,
709744,臺慶科凱基5C購02,0,0,0,---,---,---, ---,,,0.10,100,0.11,50,
709745,宜鼎元大5C購05,"488,000",3,"264,720",0.56,0.56,0.54,0.54,-,0.07,0.55,499,0.56,10,
709746,宜鼎元大61購04,"571,000",8,"263,700",0.47,0.47,0.45,0.46,-,0.04,0.45,499,0.46,10,
709747,廣閎科元大5C購01,"360,000",5,"308,060",0.85,0.88,0.83,0.87,-,0.09,0.86,25,0.87,10,
709748,宜鼎群益5C購01,"840,000",16,"322,570",0.39,0.41,0.37,0.38,-,0.03,0.37,100,0.38,100,
709749,宜鼎群益5C購02,"356,000",15,"97,720",0.30,0.30,0.27,0.27,-,0.04,0.27,100,0.28,100,
709750,宜鼎群益5C購03,"10,000",1,"3,100",0.31,0.31,0.31,0.31,-,0.04,0.30,100,0.31,100,
709751,方土昶國票61購01,"3,000",3,"3,120",1.03,1.05,1.03,1.05,+,0.04,0.98,25,0.99,10,
709752,加高國票61購01,0,0,0,---,---,---, ---,,,0.38,25,0.39,10,
709753,宜鼎國票61購01,"30,000",2,"17,100",0.57,0.57,0.57,0.57,-,0.05,0.56,25,0.58,10,
709754,威聯通國票61購01,0,0,0,---,---,---, ---,,,0.39,25,0.40,10,
709755,凱崴國票61購01,"170,000",9,"100,760",0.55,0.68,0.55,0.56,-,0.05,0.54,25,0.55,10,
709756,港建*國票61購01,"50,000",1,"18,000",0.36,0.36,0.36,0.36,-,0.03,0.36,25,0.37,10,
709757,華容國票61購01,0,0,0,---,---,---, ---,,,2.48,25,2.50,10,
709758,萊德光國票61購02,"153,000",5,"50,940",0.40,0.40,0.31,0.31,-,0.03,0.31,75,0.32,10,
709759,萊德光國票61購03,"341,000",13,"96,720",0.29,0.30,0.24,0.24,-,0.03,0.25,25,0.26,10,
709760,宜特國泰61購01,0,0,0,---,---,---, ---,,,0.44,499,0.45,100,
709761,宜鼎國泰61購02,"2,000",1,"2,120",1.06,1.06,1.06,1.06,-,0.02,0.73,499,1.06,6,
709762,宜鼎國泰61購03,"38,000",1,"30,400",0.80,0.80,0.80,0.80,-,0.01,0.75,499,0.76,100,
709763,宜鼎國泰61購04,0,0,0,---,---,---, ---,,,0.81,10,0.00,0,
709764,台半富邦62購03,"54,000",1,"30,240",0.56,0.56,0.56,0.56,-,0.02,0.54,10,0.55,28,
709765,台半富邦63購01,"303,000",4,"157,730",0.53,0.53,0.51,0.51,-,0.08,0.52,10,0.53,28,
709766,宜特富邦62購01,0,0,0,---,---,---, ---,,,0.32,10,0.33,28,
709767,宜鼎富邦5C購04,0,0,0,---,---,---, ---,,,0.26,10,0.27,28,
709768,朋程富邦62購01,0,0,0,---,---,---, ---,,,0.40,10,0.41,28,
709769,朋程富邦63購01,"80,000",2,"31,200",0.39,0.39,0.39,0.39,-,0.02,0.38,10,0.39,28,
709770,家登富邦62購02,"56,000",6,"32,860",0.59,0.59,0.56,0.56,-,0.01,0.54,10,0.55,28,
709771,家登富邦62購03,"96,000",11,"54,880",0.56,0.59,0.52,0.52,-,0.07,0.53,10,0.54,28,
709772,鈊象富邦62購01,"27,000",2,"14,850",0.55,0.55,0.55,0.55,-,0.0,0.56,10,0.57,28,
709773,鈊象富邦63購01,0,0,0,---,---,---, ---,,,0.40,10,0.41,28,
709774,雙鴻富邦63購01,"464,000",14,"320,200",0.67,0.76,0.67,0.76,+,0.1,0.81,10,0.00,0,
709775,系統電凱基5C購04,0,0,0,---,---,---, ---,,,0.17,10,0.18,10,
709776,威剛凱基5C購04,"99,000",7,"60,270",0.61,0.62,0.60,0.62,+,0.01,0.60,10,0.61,50,
709777,家登凱基5C購03,"153,000",4,"78,000",0.51,0.51,0.48,0.51,-,0.04,0.50,100,0.51,50,
709778,博智凱基5C購03,0,0,0,---,---,---, ---,,,0.40,100,0.41,50,
709779,富喬凱基5C購03,"24,000",4,"29,380",1.23,1.23,1.19,1.22,+,0.02,1.23,100,1.33,10,
709780,勤凱凱基5C購03,0,0,0,---,---,---, ---,,,0.12,10,0.13,10,
709781,群聯凱基61購05,"3,624,000",21,"1,635,230",0.45,0.46,0.44,0.45,-,0.0,0.44,140,0.45,20,
709782,廣閎科凱基61購01,"135,000",5,"66,750",0.52,0.52,0.47,0.47,-,0.1,0.52,10,0.53,10,
709783,宜鼎台新5C購01,"771,000",10,"474,370",0.62,0.62,0.60,0.60,-,0.05,0.31,32,0.61,10,
709784,宜鼎台新5C購02,0,0,0,---,---,---, ---,,,0.65,25,0.66,10,
709785,宜鼎台新5C購03,"6,000",1,"3,180",0.53,0.53,0.53,0.53,-,0.05,0.52,25,0.53,10,
709786,宜鼎中信5C購02,"3,000",3,520,0.18,0.18,0.17,0.17,-,0.02,0.16,10,0.17,10,
709787,宜鼎永豐64購01,0,0,0,---,---,---, ---,,,0.48,10,0.49,10,
709788,宜鼎永豐65購01,"120,000",3,"49,300",0.41,0.42,0.41,0.42,-,0.01,0.41,10,0.42,10,
709789,宇峻國泰61購01,"250,000",3,"296,000",1.20,1.20,1.16,1.16,-,0.05,1.15,100,1.17,100,
709790,華景電國泰61購01,0,0,0,---,---,---, ---,,,0.44,499,0.45,100,
709791,群聯國泰61購02,0,0,0,---,---,---, ---,,,1.23,499,1.24,100,
709792,漢達國泰61購01,"14,000",8,"43,040",2.77,3.14,2.77,3.14,+,1.02,2.80,10,0.00,0,
709793,世界凱基5C購05,"100,000",1,"36,000",0.36,0.36,0.36,0.36,-,0.03,0.36,100,0.37,10,
709794,宜鼎凱基5C購03,"50,000",1,"8,500",0.17,0.17,0.17,0.17,-,0.02,0.17,100,0.18,50,
709795,宜鼎凱基5C購04,0,0,0,---,---,---, ---,,,0.24,100,0.25,50,
709796,宜鼎凱基5C購05,0,0,0,---,---,---, ---,,,0.28,100,0.29,30,
709797,威聯通凱基61購01,0,0,0,---,---,---, ---,,,0.25,100,0.26,10,
709798,凱崴凱基61購01,"19,000",2,"7,800",0.40,0.42,0.40,0.42,-,0.01,0.39,100,0.40,10,
709799,華景電凱基5C購02,0,0,0,---,---,---, ---,,,0.13,10,0.14,10,
709800,順達凱基61購01,"95,000",3,"34,350",0.37,0.37,0.36,0.36,-,0.08,0.36,100,0.37,50,
709801,璟德凱基5C購01,"640,000",64,"108,000",0.18,0.18,0.16,0.16,-,0.03,0.15,100,0.16,10,
709802,立敦台新5C購02,0,0,0,---,---,---, ---,,,0.24,25,0.25,10,
709803,宏捷科台新5C購01,"100,000",1,"49,000",0.49,0.49,0.49,0.49,+,0.03,0.43,25,0.44,10,
709804,宜鼎台新5C購04,"195,000",4,"129,050",0.73,0.73,0.66,0.66,-,0.06,0.66,25,0.67,10,
709805,宜鼎台新61購01,"53,000",5,"49,490",0.95,0.95,0.93,0.93,-,0.11,0.94,25,0.95,10,
709806,東浦台新5C購01,0,0,0,---,---,---, ---,,,0.68,25,0.70,10,
709807,家登台新5C購01,"69,000",2,"72,020",1.06,1.06,1.04,1.04,+,0.06,0.88,25,0.89,10,
709808,順達台新61購02,"40,000",2,"67,000",1.72,1.72,1.66,1.66,-,0.33,1.64,25,1.65,10,
709809,新漢台新5C購01,"10,000",2,"11,200",1.12,1.12,1.12,1.12,-,0.0,1.10,25,1.12,10,
709810,廣閎科台新5C購01,"15,000",3,"22,850",1.52,1.53,1.52,1.52,-,0.13,1.53,25,1.54,10,
709811,富喬中信5C購03,"186,000",9,"217,360",1.17,1.22,1.14,1.18,+,0.1,1.20,10,1.22,10,
709812,創惟永豐5C購01,"5,000",1,"2,150",0.43,0.43,0.43,0.43,-,0.01,0.40,10,0.41,10,
709813,華容永豐61購01,"37,000",5,"76,650",2.16,2.16,2.00,2.03,-,0.17,1.98,10,1.99,10,
709814,群聯永豐64購04,0,0,0,---,---,---, ---,,,0.90,499,0.91,10,
709815,群聯永豐64購05,0,0,0,---,---,---, ---,,,0.55,499,0.56,10,
709816,宜鼎元大5C購06,"274,000",2,"87,480",0.31,0.32,0.31,0.32,-,0.01,0.30,499,0.31,10,
709817,宜鼎元大5C購07,"660,000",5,"323,330",0.50,0.51,0.48,0.48,-,0.05,0.49,499,0.50,10,
709818,宜鼎元大5C購08,"660,000",4,"280,720",0.43,0.44,0.42,0.42,-,0.04,0.42,499,0.43,10,
709819,威剛元大5C購03,"166,000",4,"229,620",1.38,1.39,1.38,1.39,+,0.01,1.37,499,1.38,10,
709820,群聯元大5C購12,0,0,0,---,---,---, ---,,,0.63,499,0.64,10,
709821,群聯元大5C購13,0,0,0,---,---,---, ---,,,0.86,499,0.87,10,
709822,群聯元大5C購14,"2,191,000",10,"2,007,230",0.92,0.94,0.89,0.93,-,0.0,0.93,499,0.94,10,
709823,群聯元大61購13,0,0,0,---,---,---, ---,,,0.73,499,0.74,10,
709824,廣閎科元大5C購02,"23,000",3,"31,930",1.40,1.43,1.34,1.34,-,0.2,1.43,25,1.45,10,
709825,雙鴻元大61購15,"1,730,000",34,"1,223,410",0.62,0.75,0.60,0.71,+,0.12,0.81,125,0.00,0,
709826,力領國票61購01,0,0,0,---,---,---, ---,,,0.34,25,0.35,10,
709827,加高國票61購02,0,0,0,---,---,---, ---,,,0.22,25,0.23,10,
709828,立端國票61購01,0,0,0,---,---,---, ---,,,0.44,25,0.45,10,
709829,邑錡國票5C購01,"199,000",7,"154,040",0.76,0.80,0.76,0.76,-,0.05,0.74,25,0.76,10,
709830,佳邦國票61購03,"20,000",3,"6,910",0.34,0.35,0.34,0.35,-,0.02,0.30,25,0.31,10,
709831,宜鼎國票61購02,0,0,0,---,---,---, ---,,,0.41,25,0.42,10,
709832,東浦國票61購01,0,0,0,---,---,---, ---,,,0.42,25,0.43,10,
709833,杰力國票61購01,0,0,0,---,---,---, ---,,,0.49,25,0.50,10,
709834,金益鼎國票61購02,0,0,0,---,---,---, ---,,,0.32,25,0.33,10,
709835,長聖國票61購01,0,0,0,---,---,---, ---,,,0.66,25,0.67,10,
709836,胡連國票61購01,0,0,0,---,---,---, ---,,,0.66,25,0.67,10,
709837,韋僑國票61購01,0,0,0,---,---,---, ---,,,0.23,25,0.24,10,
709838,宸曜國票5C購01,0,0,0,---,---,---, ---,,,0.65,25,0.66,10,
709839,能率亞國票61購01,"2,000",2,"1,680",0.85,0.85,0.83,0.83,+,0.02,0.81,25,0.82,10,
709840,凱崴國票61購02,"5,000",4,"1,960",0.40,0.40,0.38,0.39,-,0.04,0.38,25,0.39,10,
709841,湧德國票5C購01,0,0,0,---,---,---, ---,,,0.44,25,0.45,10,
709842,湧德國票5C購02,0,0,0,---,---,---, ---,,,0.49,25,0.50,10,
709843,華容國票61購02,"183,000",7,"349,210",1.95,1.95,1.82,1.82,-,0.14,1.83,25,1.84,10,
709844,華景電國票61購01,0,0,0,---,---,---, ---,,,0.33,25,0.34,10,
709845,華電網國票5C購02,0,0,0,---,---,---, ---,,,0.42,25,0.43,10,
709846,華電網國票5C購03,0,0,0,---,---,---, ---,,,0.36,25,0.37,10,
709847,廣閎科國票61購02,"11,000",2,"6,740",0.61,0.64,0.61,0.64,-,0.11,0.63,25,0.64,9,
709848,騰雲國票61購02,0,0,0,---,---,---, ---,,,0.47,25,0.49,10,
709849,系統電群益5C購01,0,0,0,---,---,---, ---,,,0.25,25,0.26,10,
709850,宜鼎群益5C購04,0,0,0,---,---,---, ---,,,0.24,100,0.25,100,
709851,威剛群益5C購06,0,0,0,---,---,---, ---,,,0.76,100,0.77,100,
709852,群聯群益5C購07,"28,000",2,"80,700",2.88,2.94,2.88,2.94,-,0.0,2.95,100,2.99,100,
709853,兆利富邦62購01,"76,000",9,"23,100",0.33,0.33,0.27,0.27,-,0.04,0.27,10,0.28,28,
709854,智通*富邦62購01,"7,000",1,"4,970",0.71,0.71,0.71,0.71,-,0.02,0.73,10,0.74,28,
709855,湧德富邦62購01,"30,000",1,"12,900",0.43,0.43,0.43,0.43,-,0.03,0.46,10,0.47,28,
709856,閎康富邦62購02,0,0,0,---,---,---, ---,,,0.38,10,0.39,28,
709857,聖暉*富邦5C購02,0,0,0,---,---,---, ---,,,0.25,30,0.26,28,
709858,廣閎科富邦5C購01,"367,000",10,"169,260",0.45,0.48,0.42,0.46,-,0.02,0.46,10,0.47,28,
709859,方土昶國票61購02,0,0,0,---,---,---, ---,,,0.83,25,0.84,10,
709860,台嘉碩國票5C購01,"21,000",3,"8,410",0.41,0.41,0.40,0.40,-,0.06,0.41,25,0.42,10,
709861,台嘉碩國票5C購02,"30,000",2,"11,100",0.38,0.38,0.35,0.35,-,0.06,0.36,25,0.37,10,
709862,永信建國票61購01,0,0,0,---,---,---, ---,,,0.52,25,0.53,10,
709863,兆利國票61購01,"25,000",2,"17,750",0.71,0.71,0.71,0.71,+,0.13,0.62,25,0.63,10,
709864,系統電國票61購03,0,0,0,---,---,---, ---,,,0.26,25,0.27,10,
709865,朋程國票5C購01,0,0,0,---,---,---, ---,,,0.53,25,0.55,10,
709866,東浦國票61購02,0,0,0,---,---,---, ---,,,0.46,25,0.47,10,
709867,順達國票61購02,0,0,0,---,---,---, ---,,,0.70,25,0.71,10,
709868,緯軟國票61購01,"179,000",4,"102,290",0.55,0.58,0.55,0.57,-,0.04,0.56,25,0.57,10,
709869,華容群益5C購02,"66,000",5,"151,580",2.30,2.32,2.25,2.30,-,0.13,2.18,10,2.28,10,
709870,廣閎科群益5C購01,"238,000",4,"224,820",0.94,0.95,0.94,0.95,-,0.23,0.84,20,1.58,110,
709871,順達中信5C購01,"84,000",5,"26,090",0.31,0.33,0.31,0.31,-,0.08,0.30,10,0.31,10,
709872,聖暉*中信5C購01,0,0,0,---,---,---, ---,,,0.13,10,0.14,10,
709873,世紀*永豐5C購01,"171,000",35,"1,169,850",6.80,8.55,6.70,8.35,-,0.05,7.90,10,8.35,6,
709874,博智永豐5C購03,"12,000",1,"10,920",0.91,0.91,0.91,0.91,-,0.01,0.87,10,0.88,10,
709875,中美晶元大5C購10,"21,000",4,"41,860",2.02,2.02,1.94,2.02,-,0.2,2.00,350,2.01,10,
709876,宏觀元大5C購04,0,0,0,---,---,---, ---,,,0.31,499,0.36,10,
709877,良維元大5C購04,"496,000",2,"193,330",0.38,0.39,0.38,0.39,+,0.06,0.35,499,0.36,10,
709878,博智元大5C購03,0,0,0,---,---,---, ---,,,0.80,25,0.82,10,
709879,華容元大5C購01,"9,000",2,"27,360",3.04,3.04,3.04,3.04,-,0.25,2.81,250,2.83,10,
709880,順達元大5C購07,0,0,0,---,---,---, ---,,,0.59,499,0.60,10,
709881,精材元大5C購04,0,0,0,---,---,---, ---,,,4.62,50,0.00,0,
709882,臺慶科元大5C購02,"88,000",1,"23,760",0.27,0.27,0.27,0.27,-,0.03,0.24,499,0.25,10,
709883,系統電凱基5C購05,0,0,0,---,---,---, ---,,,0.07,10,0.08,10,
709884,佳邦凱基5C購04,0,0,0,---,---,---, ---,,,0.20,100,0.21,10,
709885,泓格凱基5C購01,"40,000",4,"15,400",0.38,0.40,0.38,0.40,+,0.04,0.37,100,0.38,10,
709886,金益鼎凱基5C購01,0,0,0,---,---,---, ---,,,0.15,10,0.16,10,
709887,茂迪凱基61購01,0,0,0,---,---,---, ---,,,0.17,100,0.18,10,
709888,創惟凱基61購01,0,0,0,---,---,---, ---,,,0.46,10,0.47,10,
709889,湧德凱基61購01,"52,000",3,"25,460",0.48,0.53,0.48,0.53,+,0.05,0.52,100,0.53,10,
709890,華容凱基61購01,"57,000",10,"62,780",1.16,1.16,1.08,1.11,-,0.05,1.08,11,1.09,10,
709891,群聯凱基5C購06,0,0,0,---,---,---, ---,,,0.60,100,0.61,30,
709892,臺慶科凱基61購01,"19,000",1,"4,750",0.25,0.25,0.25,0.25,-,0.05,0.24,100,0.25,50,
709893,廣閎科凱基5C購01,"116,000",9,"60,950",0.52,0.56,0.51,0.56,-,0.06,0.55,10,0.56,9,
709894,雙鴻凱基5C購09,"323,000",8,"221,750",0.61,0.78,0.58,0.74,+,0.17,0.85,100,1.00,20,
709895,騰雲凱基61購01,0,0,0,---,---,---, ---,,,0.30,10,0.32,10,
709896,中美晶統一66購02,"273,000",14,"224,120",0.83,0.84,0.78,0.82,-,0.06,0.82,10,0.83,10,
709897,立敦統一63購02,0,0,0,---,---,---, ---,,,0.21,10,0.22,10,
709898,立敦統一64購02,0,0,0,---,---,---, ---,,,0.16,10,0.17,10,
709899,立敦統一64購03,"20,000",2,"5,000",0.27,0.27,0.23,0.23,-,0.04,0.23,10,0.24,10,
709900,佳邦統一64購01,0,0,0,---,---,---, ---,,,0.31,10,0.32,10,
709901,佳邦統一66購01,0,0,0,---,---,---, ---,,,0.35,10,0.36,10,
709902,宜鼎統一64購01,"20,000",1,"7,000",0.35,0.35,0.35,0.35,-,0.03,0.36,10,0.37,10,
709903,宜鼎統一64購02,0,0,0,---,---,---, ---,,,0.33,10,0.34,10,
709904,宜鼎統一64購03,0,0,0,---,---,---, ---,,,0.36,10,0.37,10,
709905,宜鼎統一64購04,"5,000",1,"1,300",0.26,0.26,0.26,0.26,-,0.01,0.25,10,0.26,10,
709906,宜鼎統一66購03,"313,000",10,"136,670",0.44,0.44,0.43,0.43,-,0.02,0.42,110,0.43,10,
709907,宜鼎統一66購04,"5,000",1,"2,600",0.52,0.52,0.52,0.52,-,0.01,0.51,10,0.52,10,
709908,威剛統一6A購01,"60,000",2,"46,800",0.78,0.78,0.78,0.78,-,0.0,0.78,30,0.79,10,
709909,建榮統一66購01,0,0,0,---,---,---, ---,,,0.38,10,0.39,10,
709910,建榮統一6A購03,0,0,0,---,---,---, ---,,,0.46,10,0.47,10,
709911,家登統一66購01,"30,000",2,"14,700",0.49,0.49,0.49,0.49,-,0.01,0.48,10,0.49,10,
709912,凱崴統一66購01,"131,000",3,"58,970",0.45,0.47,0.45,0.47,+,0.05,0.44,10,0.45,10,
709913,博智統一6C購01,0,0,0,---,---,---, ---,,,0.59,10,0.60,10,
709914,富喬統一64購02,"291,000",9,"266,510",0.90,0.93,0.90,0.92,+,0.06,0.92,10,0.93,10,
709915,富喬統一64購03,"523,000",13,"465,630",0.87,0.92,0.86,0.90,+,0.07,0.91,10,0.92,10,
709916,富喬統一66購01,"801,000",31,"962,470",1.18,1.25,1.17,1.22,-,0.0,1.23,10,1.24,10,
709917,群聯統一64購02,"100,000",1,"61,000",0.61,0.61,0.61,0.61,+,0.02,0.60,10,0.61,10,
709918,精材統一66購01,"1,321,000",45,"2,297,670",1.74,1.90,1.62,1.88,+,0.27,1.89,10,1.90,10,
709919,精材統一6C購01,"408,000",17,"541,240",1.30,1.39,1.28,1.38,+,0.14,1.40,10,1.41,10,
709920,臺慶科統一64購02,0,0,0,---,---,---, ---,,,0.24,10,0.25,10,
709921,臺慶科統一66購02,"70,000",2,"15,600",0.23,0.23,0.22,0.22,-,0.04,0.21,10,0.22,10,
709922,臺慶科統一66購03,"10,000",1,"2,500",0.25,0.25,0.25,0.25,-,0.01,0.23,10,0.24,10,
709923,臺慶科統一6A購02,0,0,0,---,---,---, ---,,,0.33,10,0.34,10,
709924,廣閎科統一66購01,0,0,0,---,---,---, ---,,,0.55,10,0.56,10,
709925,廣運統一66購01,0,0,0,---,---,---, ---,,,0.32,10,0.33,10,
709926,廣運統一6C購01,0,0,0,---,---,---, ---,,,0.43,10,0.44,10,
709927,優群統一66購02,"107,000",1,"38,520",0.36,0.36,0.36,0.36,-,0.0,0.35,10,0.36,10,
709928,雙鴻統一64購01,"176,000",3,"104,040",0.57,0.60,0.57,0.60,+,0.07,0.66,10,0.00,0,
709929,雙鴻統一65購02,"792,000",17,"605,520",0.75,0.88,0.75,0.88,+,0.17,0.92,10,0.00,0,
709930,宏觀國泰61購01,0,0,0,---,---,---, ---,,,0.35,499,0.36,100,
709931,金益鼎國泰61購01,"10,000",1,"8,500",0.85,0.85,0.85,0.85,-,0.02,0.82,499,0.83,100,
709932,立敦台新5C購03,"60,000",6,"7,800",0.14,0.14,0.12,0.12,-,0.04,0.12,25,0.13,10,
709933,威剛台新5C購01,"61,000",4,"73,080",1.16,1.20,1.16,1.20,+,0.04,1.17,25,1.18,10,
709934,威剛台新5C購02,"52,000",6,"100,060",1.90,1.95,1.90,1.95,+,0.02,1.92,25,1.93,10,
709935,威剛台新5C購03,"7,000",3,"25,230",3.60,3.61,3.60,3.61,-,0.18,3.61,22,3.62,10,
709936,威剛台新61購01,"18,000",1,"24,660",1.37,1.37,1.37,1.37,+,0.01,1.36,25,1.37,10,
709937,威剛台新62購01,"419,000",7,"964,630",2.29,2.33,2.29,2.32,+,0.02,2.30,25,2.31,10,
709938,威剛台新63購01,0,0,0,---,---,---, ---,,,1.04,25,1.05,10,
709939,威剛台新66購01,"35,000",2,"43,560",1.24,1.26,1.24,1.26,+,0.02,1.25,25,1.26,10,
709940,茂迪台新5C購01,0,0,0,---,---,---, ---,,,0.23,25,0.24,10,
709941,凱崴台新5C購01,"329,000",18,"168,600",0.42,0.57,0.41,0.41,-,0.05,0.39,25,0.40,10,
709942,華容台新5C購03,"15,000",2,"37,150",2.48,2.48,2.47,2.47,-,0.26,2.44,25,2.45,10,
709943,威剛富邦5C購01,"82,000",1,"59,860",0.73,0.73,0.73,0.73,-,0.01,0.72,30,0.73,28,
709944,宜鼎永豐61購01,0,0,0,---,---,---, ---,,,0.77,10,0.78,10,
709945,胡連永豐61購01,"7,000",1,"4,060",0.58,0.58,0.58,0.58,-,0.01,0.55,10,0.56,10,
709946,艾訊國票61購01,0,0,0,---,---,---, ---,,,0.38,25,0.39,10,
709947,良維國票61購01,0,0,0,---,---,---, ---,,,0.40,25,0.41,10,
709948,朋億*國票61購01,"26,000",2,"17,370",0.66,0.67,0.66,0.67,+,0.01,0.65,25,0.66,10,
709949,東浦國票61購03,0,0,0,---,---,---, ---,,,0.33,25,0.34,10,
709950,茂迪國票61購01,0,0,0,---,---,---, ---,,,0.30,25,0.31,10,
709951,凱崴國票61購03,0,0,0,---,---,---, ---,,,0.46,25,0.47,10,
709952,寶雅國票61購01,"6,000",1,"10,200",1.70,1.70,1.70,1.70,-,0.02,1.69,25,1.70,10,
709953,台半群益62購02,"78,000",5,"82,000",1.05,1.06,1.03,1.03,-,0.2,1.04,10,1.14,10,
709954,中美晶凱基5C購03,0,0,0,---,---,---, ---,,,1.09,100,1.10,10,
709955,宏觀凱基5C購01,0,0,0,---,---,---, ---,,,0.12,100,0.13,10,
709956,良維凱基5C購04,0,0,0,---,---,---, ---,,,0.37,100,0.38,50,
709957,朋程凱基5C購01,0,0,0,---,---,---, ---,,,0.45,100,0.46,10,
709958,博智凱基5C購04,"63,000",2,"41,670",0.65,0.68,0.65,0.68,-,0.03,0.61,100,0.63,10,
709959,群ESG凱基61購01,0,0,0,---,---,---, ---,,,0.58,100,0.59,50,
709960,精材凱基5C購03,0,0,0,---,---,---, ---,,,2.80,100,0.00,0,
709961,緯軟凱基5C購01,"32,000",4,"14,080",0.44,0.44,0.44,0.44,-,0.02,0.43,100,0.44,8,
709962,世界統一6A購01,0,0,0,---,---,---, ---,,,0.46,10,0.47,10,
709963,正基統一66購01,0,0,0,---,---,---, ---,,,0.39,10,0.40,10,
709964,立敦統一68購01,0,0,0,---,---,---, ---,,,0.35,10,0.36,10,
709965,宏觀統一6A購01,"92,000",1,"34,040",0.37,0.37,0.37,0.37,-,0.02,0.36,10,0.37,10,
709966,家登統一6A購01,0,0,0,---,---,---, ---,,,0.51,10,0.52,10,
709967,富喬統一66購02,"535,000",12,"559,760",1.04,1.10,1.04,1.10,+,0.06,1.06,10,1.07,10,
709968,晶焱統一6A購01,0,0,0,---,---,---, ---,,,0.43,10,0.44,10,
709969,順達統一6A購01,0,0,0,---,---,---, ---,,,0.56,10,0.57,10,
709970,群聯統一63購03,"30,000",1,"15,300",0.51,0.51,0.51,0.51,-,0.0,0.50,10,0.51,10,
709971,群聯國泰61購03,"37,000",1,"60,680",1.64,1.64,1.64,1.64,+,0.05,1.64,499,1.65,100,
709972,富喬台新5C購04,"90,000",4,"343,400",3.74,3.98,3.74,3.98,-,0.01,4.02,25,4.12,10,
709973,世界富邦61購02,"169,000",9,"66,110",0.39,0.40,0.39,0.40,-,0.03,0.40,10,0.41,28,
709974,立碁富邦5C購01,"14,000",3,"15,820",1.08,1.15,1.08,1.15,+,0.27,1.12,30,0.00,0,
709975,良維富邦61購03,0,0,0,---,---,---, ---,,,0.36,10,0.37,28,
709976,世界元大5C購06,"100,000",2,"81,980",0.80,0.82,0.80,0.82,-,0.09,0.30,33,0.00,0,
709977,宜鼎元大5C購09,"461,000",8,"289,780",0.63,0.64,0.60,0.60,-,0.06,0.61,499,0.62,10,
709978,順達元大5C購08,"90,000",4,"96,650",1.11,1.11,1.02,1.02,-,0.11,1.02,499,1.03,10,
709979,臺慶科元大5C購03,0,0,0,---,---,---, ---,,,0.40,499,0.41,10,
709980,雙鴻元大5C購06,"1,355,000",36,"1,039,820",0.75,0.90,0.71,0.90,+,0.17,0.96,125,1.17,10,
709981,家登永豐5C購02,"67,000",3,"57,630",0.87,0.87,0.79,0.79,-,0.07,0.80,10,0.81,10,
709982,漢達永豐61購01,0,0,0,---,---,---, ---,,,1.42,1,0.00,0,
709983,宜鼎元大5C購10,"663,000",5,"369,570",0.58,0.58,0.55,0.55,-,0.04,0.56,499,0.57,10,
709984,千附國票61購01,"5,000",1,"4,850",0.97,0.97,0.97,0.97,-,0.03,0.99,25,1.00,10,
709985,世禾國票61購01,"4,000",1,"2,200",0.55,0.55,0.55,0.55,-,0.04,0.54,25,0.55,10,
709986,台特化國票61購02,0,0,0,---,---,---, ---,,,0.51,25,0.52,10,
709987,伯特光國票61購01,"3,000",1,960,0.32,0.32,0.32,0.32,+,0.01,0.31,25,0.33,10,
709988,岱稜國票61購01,0,0,0,---,---,---, ---,,,0.35,25,0.36,10,
709989,昇佳電國票61購01,"22,000",2,"11,040",0.52,0.52,0.50,0.50,-,0.03,0.49,25,0.50,10,
709990,朋億*國票61購02,0,0,0,---,---,---, ---,,,0.48,25,0.49,10,
709991,欣銓國票61購02,"460,000",8,"319,970",0.71,0.73,0.68,0.73,-,0.07,0.71,25,0.72,10,
709992,信音國票61購01,0,0,0,---,---,---, ---,,,0.34,25,0.35,10,
709993,茂綸國票61購01,0,0,0,---,---,---, ---,,,0.56,25,0.57,10,
709994,新普國票61購01,"1,000",1,630,0.63,0.63,0.63,0.63,-,0.0,0.60,25,0.61,10,
709995,聖暉*國票61購02,0,0,0,---,---,---, ---,,,0.25,25,0.26,10,
709996,精材國票61購01,"16,000",2,"45,440",2.54,3.02,2.54,3.02,+,0.54,2.99,25,3.09,10,
709997,綠界*國票61購01,"2,000",1,680,0.34,0.34,0.34,0.34,-,0.01,0.34,25,0.35,10,
709998,中美晶群益5C購03,"40,000",3,"35,200",0.91,0.91,0.85,0.85,-,0.16,0.89,10,0.99,10,
709999,順達群益5C購02,"30,000",3,"33,700",1.13,1.13,1.12,1.12,-,0.08,1.04,10,1.14,10,
710000,精材群益5C購02,"79,000",12,"446,700",5.55,6.15,5.25,6.05,+,1.05,6.15,10,6.65,10,
710001,加高國泰61購01,0,0,0,---,---,---, ---,,,0.52,499,0.53,100,
710002,宜鼎國泰61購05,"59,000",7,"55,470",0.95,0.95,0.94,0.94,-,0.06,0.93,501,0.94,50,
710003,宜鼎國泰61購06,"47,000",2,"39,950",0.85,0.85,0.85,0.85,-,0.1,0.79,499,0.80,100,
710004,信音國泰61購01,0,0,0,---,---,---, ---,,,0.50,499,0.51,100,
710005,臺慶科國泰61購02,0,0,0,---,---,---, ---,,,0.49,499,0.51,100,
710006,中美晶凱基5C購04,"159,000",5,"104,180",0.68,0.68,0.61,0.66,-,0.07,0.66,100,0.67,10,
710007,台半凱基61購03,"383,000",12,"169,180",0.44,0.46,0.42,0.45,-,0.02,0.44,100,0.45,50,
710008,宜鼎凱基5C購06,0,0,0,---,---,---, ---,,,0.41,100,0.42,30,
710009,順達凱基5C購04,0,0,0,---,---,---, ---,,,0.47,100,0.48,50,
710010,群聯凱基5C購07,0,0,0,---,---,---, ---,,,0.33,100,0.34,50,
710011,臺慶科凱基5C購04,0,0,0,---,---,---, ---,,,0.16,100,0.17,50,
710012,雙鴻凱基5C購10,"218,000",8,"165,570",0.72,0.87,0.69,0.87,+,0.17,0.91,499,0.00,0,
710013,大中統一6A購01,0,0,0,---,---,---, ---,,,0.57,10,0.58,10,
710014,中美晶統一64購02,0,0,0,---,---,---, ---,,,0.82,10,0.83,10,
710015,朋億*統一63購01,"45,000",6,"15,150",0.33,0.37,0.33,0.33,-,0.0,0.32,10,0.33,10,
710016,朋億*統一68購01,"21,000",4,"11,110",0.52,0.54,0.52,0.53,+,0.04,0.51,10,0.52,10,
710017,宣德統一66購01,0,0,0,---,---,---, ---,,,0.40,10,0.41,10,
710018,建榮統一63購01,"50,000",1,"21,500",0.43,0.43,0.43,0.43,-,0.0,0.39,10,0.40,10,
710019,凱崴統一63購01,"136,000",8,"43,360",0.30,0.35,0.30,0.32,-,0.02,0.30,10,0.31,10,
710020,凱崴統一65購01,"84,000",2,"31,680",0.37,0.38,0.37,0.38,-,0.02,0.36,10,0.37,10,
710021,博智統一62購03,0,0,0,---,---,---, ---,,,0.46,10,0.47,10,
710022,富喬統一63購01,"761,000",31,"990,250",1.26,1.37,1.25,1.32,+,0.02,1.33,10,1.34,10,
710023,富喬統一65購03,"1,492,000",52,"1,755,190",1.15,1.23,1.15,1.22,+,0.04,1.22,40,1.23,10,
710024,富喬統一6C購02,"50,000",1,"40,500",0.81,0.81,0.81,0.81,+,0.08,0.81,10,0.85,10,
710025,聖暉*統一6A購03,"208,000",1,"79,040",0.38,0.38,0.38,0.38,-,0.0,0.37,10,0.38,10,
710026,精材統一63購01,0,0,0,---,---,---, ---,,,2.23,10,2.24,10,
710027,雙鴻統一63購02,"787,000",28,"650,130",0.74,0.93,0.74,0.92,+,0.18,0.94,10,0.00,0,
710028,穩得統一68購01,"108,000",1,"62,640",0.58,0.58,0.58,0.58,+,0.01,0.57,10,0.58,10,
710029,佳邦富邦5C購01,0,0,0,---,---,---, ---,,,0.22,10,0.23,28,
710030,宜鼎富邦63購02,0,0,0,---,---,---, ---,,,0.35,10,0.36,28,
710031,富喬富邦63購01,"567,000",42,"520,030",0.89,0.96,0.88,0.93,+,0.01,0.93,10,0.94,28,
710032,群聯富邦62購07,"29,000",1,"23,490",0.81,0.81,0.81,0.81,+,0.02,0.79,10,0.80,28,
710033,群聯富邦62購08,"31,000",1,"22,940",0.74,0.74,0.74,0.74,+,0.02,0.72,10,0.73,28,
710034,中美晶台新5C購01,0,0,0,---,---,---, ---,,,1.43,25,1.53,10,
710035,台半台新5C購01,"90,000",2,"64,800",0.72,0.72,0.72,0.72,-,0.16,0.71,25,0.72,10,
710036,台半台新5C購02,"50,000",1,"33,000",0.66,0.66,0.66,0.66,-,0.14,0.66,25,0.67,10,
710037,廣閎科台新5C購02,"298,000",10,"384,800",1.30,1.34,1.25,1.33,-,0.07,1.33,15,0.00,0,
710038,良維永豐5C購04,"17,000",1,"8,840",0.52,0.52,0.52,0.52,+,0.02,0.49,499,0.50,10,
710039,朋億*永豐61購01,0,0,0,---,---,---, ---,,,0.56,499,0.57,10,
710040,華景電永豐63購01,0,0,0,---,---,---, ---,,,0.46,499,0.47,10,
710041,群聯永豐5C購10,0,0,0,---,---,---, ---,,,0.99,499,1.00,10,
710042,群聯永豐5C購11,0,0,0,---,---,---, ---,,,0.77,499,0.78,10,
710043,群聯永豐5C購12,0,0,0,---,---,---, ---,,,0.44,10,0.45,10,
710044,臺慶科永豐5C購02,"47,000",1,"13,160",0.28,0.28,0.28,0.28,-,0.06,0.27,10,0.28,10,
710045,力致國票61購01,"936,000",9,"399,360",0.43,0.46,0.42,0.42,-,0.03,0.42,25,0.43,10,
710046,千附國票61購02,0,0,0,---,---,---, ---,,,0.76,25,0.77,10,
710047,中美晶國票61購02,"23,000",2,"19,930",0.86,0.87,0.86,0.87,-,0.21,0.90,25,0.91,10,
710048,加高國票61購03,0,0,0,---,---,---, ---,,,0.18,25,0.19,10,
710049,宏碁資國票61購01,0,0,0,---,---,---, ---,,,0.41,25,0.42,10,
710050,朋億*國票61購03,"1,000",1,380,0.38,0.38,0.38,0.38,-,0.0,0.38,27,0.39,10,
710051,美琪瑪國票61購01,0,0,0,---,---,---, ---,,,0.25,25,0.26,10,
710052,高鋒國票61購01,"31,000",1,"16,740",0.54,0.54,0.54,0.54,-,0.05,0.53,25,0.54,10,
710053,博士旺國票5C購02,"998,000",11,"629,520",0.61,0.64,0.61,0.64,+,0.04,0.78,6,0.00,0,
710054,閎康國票61購02,0,0,0,---,---,---, ---,,,0.45,25,0.46,10,
710055,聖暉*國票61購03,0,0,0,---,---,---, ---,,,0.18,25,0.19,10,
710056,臺慶科國票61購03,0,0,0,---,---,---, ---,,,0.22,25,0.23,10,
710057,廣閎科國票61購03,0,0,0,---,---,---, ---,,,0.51,25,0.52,10,
710058,廣運國票61購01,0,0,0,---,---,---, ---,,,0.50,25,0.51,10,
710059,營邦國票5C購01,"83,000",2,"101,430",1.21,1.31,1.21,1.31,+,0.07,1.27,25,1.28,10,
710060,營邦國票5C購02,"121,000",11,"163,590",1.33,1.41,1.33,1.39,+,0.08,1.38,25,1.39,9,
710061,鴻呈國票61購01,"375,000",22,"325,140",0.81,0.89,0.81,0.87,+,0.1,0.85,25,0.86,10,
710062,中美晶凱基61購04,"14,000",1,"6,860",0.49,0.49,0.49,0.49,-,0.06,0.50,100,0.51,30,
710063,威剛凱基5C購06,0,0,0,---,---,---, ---,,,0.39,10,0.40,50,
710064,宣德凱基5C購01,0,0,0,---,---,---, ---,,,0.14,10,0.15,10,
710065,精材凱基5C購04,"130,000",9,"297,720",2.08,2.38,1.96,2.38,+,0.5,2.41,100,2.43,10,
710066,臺慶科凱基5C購05,0,0,0,---,---,---, ---,,,0.10,100,0.11,50,
710067,廣閎科凱基5C購02,"75,000",4,"23,620",0.32,0.34,0.31,0.34,-,0.02,0.34,10,0.35,10,
710068,營邦凱基5C購01,"29,000",9,"25,300",0.84,0.91,0.84,0.91,+,0.07,0.89,100,0.91,10,
710069,營邦凱基5C購02,"14,000",3,"12,200",0.83,0.88,0.83,0.87,+,0.06,0.86,100,0.87,10,
710070,營邦凱基5C購03,"14,000",3,"10,500",0.75,0.75,0.75,0.75,+,0.05,0.74,105,0.75,30,
710071,中美晶群益5C購04,"328,000",12,"244,150",0.78,0.78,0.71,0.76,-,0.11,0.77,10,0.87,10,
710072,兆利群益5C購01,"65,000",6,"90,070",1.58,1.58,1.34,1.35,-,0.18,1.33,25,1.34,10,
710073,營邦群益5C購01,"7,000",3,"9,130",1.29,1.35,1.29,1.35,+,0.07,1.34,10,0.00,0,
710074,營邦群益5C購02,"327,000",16,"389,580",1.13,1.30,1.13,1.30,+,0.14,1.26,10,1.36,10,
710075,世界元大5C購07,"55,000",5,"41,590",0.75,0.76,0.75,0.76,-,0.09,0.16,62,0.00,0,
710076,世界元大63購04,"80,000",2,"46,350",0.57,0.58,0.57,0.58,-,0.08,0.55,1,0.00,0,
710077,宜鼎元大5C購11,0,0,0,---,---,---, ---,,,0.34,499,0.35,10,
710078,威剛元大61購05,0,0,0,---,---,---, ---,,,0.70,499,0.71,10,
710079,廣閎科元大5C購03,"275,000",7,"123,900",0.46,0.46,0.44,0.44,-,0.05,0.46,499,0.47,10,
710080,營邦元大5C購01,"477,000",31,"726,470",1.40,1.58,1.40,1.54,+,0.09,1.53,499,1.55,10,
710081,凱崴國泰61購01,0,0,0,---,---,---, ---,,,0.59,499,0.61,100,
710082,廣閎科國泰61購01,"11,000",1,"9,790",0.89,0.89,0.89,0.89,-,0.13,0.90,499,0.91,100,
710083,營邦國泰61購01,"225,000",9,"474,370",2.01,2.20,2.01,2.15,+,0.06,2.18,499,2.19,100,
710084,營邦富邦62購01,"271,000",6,"180,990",0.60,0.68,0.60,0.66,+,0.04,0.66,10,0.67,28,
710085,營邦富邦63購01,"100,000",1,"50,000",0.50,0.50,0.50,0.50,+,0.03,0.49,10,0.50,28,
710086,中美晶統一66購03,"905,000",19,"497,710",0.56,0.56,0.53,0.55,-,0.05,0.55,10,0.56,10,
710087,台特化統一6C購02,0,0,0,---,---,---, ---,,,0.59,10,0.60,10,
710088,朋程統一65購02,"19,000",1,"7,790",0.41,0.41,0.41,0.41,-,0.04,0.40,10,0.41,10,
710089,朋億*統一66購01,"220,000",3,"102,900",0.44,0.47,0.44,0.47,+,0.06,0.43,10,0.44,10,
710090,威剛統一63購01,0,0,0,---,---,---, ---,,,0.42,10,0.43,10,
710091,威剛統一65購05,"76,000",1,"44,840",0.59,0.59,0.59,0.59,-,0.02,0.58,10,0.59,10,
710092,美琪瑪統一6A購01,0,0,0,---,---,---, ---,,,0.37,10,0.38,10,
710093,華景電統一64購03,0,0,0,---,---,---, ---,,,0.32,10,0.33,10,
710094,群聯統一66購01,0,0,0,---,---,---, ---,,,0.53,10,0.54,10,
710095,聖暉*統一66購01,0,0,0,---,---,---, ---,,,0.25,10,0.26,10,
710096,博智國泰61購01,0,0,0,---,---,---, ---,,,1.22,10,1.23,10,
710097,營邦統一66購01,"1,856,000",19,"1,568,550",0.82,0.88,0.81,0.85,+,0.03,0.85,40,0.86,10,
710098,營邦統一66購02,"209,000",3,"180,840",0.86,0.88,0.86,0.88,+,0.07,0.89,10,0.90,10,
710099,營邦統一66購03,"68,000",1,"44,200",0.65,0.65,0.65,0.65,+,0.01,0.66,10,0.67,10,
710100,營邦統一6C購01,"100,000",2,"76,100",0.77,0.77,0.76,0.76,+,0.02,0.76,10,0.77,10,
710101,中美晶台新5C購02,0,0,0,---,---,---, ---,,,0.81,25,0.82,10,
710102,中美晶台新5C購03,"19,000",2,"70,920",3.72,3.84,3.72,3.84,-,0.63,3.80,25,3.84,10,
710103,東浦台新5C購02,0,0,0,---,---,---, ---,,,0.44,25,0.45,10,
710104,東浦台新5C購03,0,0,0,---,---,---, ---,,,0.24,25,0.25,10,
710105,勤凱台新5C購01,"15,000",1,"2,550",0.17,0.17,0.17,0.17,-,0.02,0.18,25,0.19,10,
710106,聖暉*台新5C購02,0,0,0,---,---,---, ---,,,0.28,25,0.38,10,
710107,聖暉*台新5C購03,0,0,0,---,---,---, ---,,,0.33,25,0.43,10,
710108,聖暉*台新5C購04,0,0,0,---,---,---, ---,,,0.30,25,0.31,10,
710109,廣閎科台新5C購03,"414,000",5,"357,420",0.88,0.90,0.80,0.90,-,0.07,0.89,25,0.91,10,
710110,銳澤台新5C購01,"40,000",2,"19,400",0.49,0.49,0.48,0.48,-,0.04,0.47,25,0.48,10,
710111,騰雲台新5C購01,0,0,0,---,---,---, ---,,,1.03,25,1.08,10,
710112,中美晶凱基61購05,"2,000",2,990,0.50,0.50,0.49,0.49,-,0.06,0.49,100,0.50,30,
710113,世界凱基5C購06,0,0,0,---,---,---, ---,,,0.26,100,0.27,35,
710114,宜鼎凱基5C購07,"5,000",1,"1,250",0.25,0.25,0.25,0.25,-,0.02,0.24,100,0.25,50,
710115,朋億*凱基61購01,"26,000",4,"6,520",0.25,0.27,0.25,0.25,+,0.04,0.24,100,0.25,50,
710116,威剛凱基5C購07,0,0,0,---,---,---, ---,,,0.40,10,0.41,50,
710117,威剛凱基5C購08,0,0,0,---,---,---, ---,,,0.41,10,0.42,50,
710118,宜鼎元大5C購12,0,0,0,---,---,---, ---,,,0.32,499,0.33,10,
710119,朋億*元大5C購01,"287,000",6,"142,190",0.44,0.51,0.44,0.47,+,0.03,0.46,499,0.47,10,
710120,東浦元大5C購01,0,0,0,---,---,---, ---,,,0.00,0,0.00,0,
710121,威剛元大5C購04,"404,000",9,"432,810",1.08,1.08,1.07,1.07,+,0.01,1.06,499,1.07,10,
710122,安碁台新5C購01,"8,000",1,"6,000",0.75,0.75,0.75,0.75,-,0.04,0.75,25,0.76,10,
710123,臺慶科台新5C購01,0,0,0,---,---,---, ---,,,0.26,25,0.27,10,
710124,中美晶國票61購03,"5,000",1,"3,800",0.76,0.76,0.76,0.76,-,0.07,0.76,35,0.77,10,
710125,宏捷科國票61購01,"24,000",1,"7,200",0.30,0.30,0.30,0.30,-,0.0,0.30,25,0.31,10,
710126,朋億*國票61購04,"2,000",1,720,0.36,0.36,0.36,0.36,+,0.02,0.35,25,0.36,10,
710127,東浦國票61購04,0,0,0,---,---,---, ---,,,0.28,25,0.29,10,
710128,宣德國票61購01,"5,000",1,"1,300",0.26,0.26,0.26,0.26,-,0.0,0.25,25,0.26,10,
710129,能率亞國票61購02,0,0,0,---,---,---, ---,,,0.67,25,0.68,10,
710130,宏捷科中信5C購01,0,0,0,---,---,---, ---,,,0.10,499,0.11,10,
710131,博智中信5C購01,0,0,0,---,---,---, ---,,,0.38,499,0.39,10,
710132,中美晶永豐5C購02,0,0,0,---,---,---, ---,,,1.05,10,1.06,10,
710133,中美晶永豐5C購03,0,0,0,---,---,---, ---,,,0.90,499,0.91,10,
710134,世界永豐66購01,0,0,0,---,---,---, ---,,,0.67,10,0.68,10,
710135,亞通永豐64購01,"90,000",8,"98,500",1.02,1.28,1.02,1.11,+,0.05,1.07,10,1.08,10,
710136,宣德永豐61購01,0,0,0,---,---,---, ---,,,0.28,10,0.29,10,
710137,博智永豐61購01,0,0,0,---,---,---, ---,,,0.44,499,0.45,10,
710138,中美晶富邦5C購01,"109,000",6,"73,920",0.68,0.68,0.66,0.66,-,0.1,0.66,30,0.67,28,
710139,順達富邦62購02,"60,000",2,"25,200",0.42,0.42,0.42,0.42,-,0.08,0.42,10,0.43,28,
710140,聖暉*富邦5C購03,0,0,0,---,---,---, ---,,,0.15,30,0.16,28,
710141,中美晶中信5C購01,"22,000",2,"7,480",0.34,0.34,0.34,0.34,-,0.06,0.35,10,0.36,10,
710142,宏捷科凱基5C購02,0,0,0,---,---,---, ---,,,0.22,100,0.23,30,
710143,富喬凱基5C購05,"364,000",9,"435,850",1.21,1.21,1.13,1.13,-,0.04,1.21,83,1.23,10,
710144,群聯凱基5C購08,0,0,0,---,---,---, ---,,,0.71,100,0.72,30,
710145,廣閎科凱基5C購03,"60,000",4,"16,800",0.28,0.29,0.27,0.29,-,0.04,0.29,10,0.30,10,
710146,中美晶台新5C購04,0,0,0,---,---,---, ---,,,0.68,25,0.69,10,
710147,台半台新5C購03,0,0,0,---,---,---, ---,,,0.33,25,0.34,10,
710148,均豪台新5C購01,"6,000",3,"9,600",1.44,1.69,1.44,1.69,+,0.09,1.60,25,1.70,10,
710149,均豪台新5C購02,"4,000",1,"5,000",1.25,1.25,1.25,1.25,+,0.24,1.18,25,1.20,10,
710150,均豪台新5C購03,"158,000",8,"135,370",0.83,0.95,0.82,0.94,+,0.02,0.89,25,0.90,10,
710151,宜鼎台新5C購06,"39,000",2,"40,950",1.05,1.05,1.05,1.05,+,0.01,0.98,25,0.99,10,
710152,凱崴台新5C購02,"164,000",9,"121,790",0.66,0.81,0.63,0.65,-,0.09,0.63,25,0.64,10,
710153,廣閎科台新5C購04,"346,000",8,"264,630",0.76,0.79,0.72,0.78,-,0.0,0.77,25,0.78,10,
710154,台半元大5C購07,"52,000",8,"37,450",0.73,0.73,0.70,0.70,-,0.21,0.72,499,0.73,10,
710155,宜鼎元大5C購13,"177,000",2,"109,740",0.62,0.62,0.62,0.62,-,0.07,0.61,499,0.62,10,
710156,威剛元大5C購05,"392,000",10,"565,560",1.44,1.45,1.43,1.44,-,0.01,1.43,499,1.44,10,
710157,臺慶科元大5C購04,"51,000",1,"14,280",0.28,0.28,0.28,0.28,-,0.05,0.27,499,0.28,10,
710158,台半國泰61購01,"391,000",25,"347,080",0.90,0.93,0.87,0.87,-,0.11,0.90,499,0.91,100,
710159,博智國泰61購02,0,0,0,---,---,---, ---,,,0.99,10,1.00,10,
710160,順達國泰61購01,0,0,0,---,---,---, ---,,,0.93,499,0.94,100,
710161,台半富邦62購04,"215,000",12,"96,130",0.44,0.46,0.43,0.45,-,0.06,0.45,10,0.46,28,
710162,台半富邦63購02,"96,000",6,"38,000",0.39,0.40,0.39,0.39,-,0.04,0.39,10,0.40,28,
710163,朋程富邦62購02,0,0,0,---,---,---, ---,,,0.45,10,0.46,28,
710164,朋程富邦63購02,0,0,0,---,---,---, ---,,,0.21,10,0.22,28,
710165,鈊象富邦62購02,"56,000",7,"36,920",0.65,0.67,0.65,0.67,+,0.01,0.67,10,0.68,28,
710166,營邦富邦62購02,"58,000",8,"56,210",0.91,1.00,0.90,1.00,+,0.08,0.96,10,1.00,10,
710167,兆利永豐64購01,"5,000",2,"3,110",0.64,0.64,0.61,0.61,-,0.06,0.61,10,0.62,10,
710168,宜鼎永豐63購01,"180,000",3,"106,200",0.59,0.59,0.59,0.59,-,0.03,0.58,10,0.59,10,
710169,精確永豐61購01,0,0,0,---,---,---, ---,,,0.41,10,0.42,10,
710170,雙鴻永豐66購01,"273,000",10,"298,760",1.06,1.22,1.05,1.22,+,0.2,1.25,499,0.00,0,
710171,廣閎科國票61購04,0,0,0,---,---,---, ---,,,0.45,25,0.46,10,
710172,台半群益5C購04,0,0,0,---,---,---, ---,,,0.55,10,0.65,10,
710173,宏捷科群益5C購02,0,0,0,---,---,---, ---,,,0.00,0,0.00,0,
710174,臺慶科群益5C購02,"50,000",1,"36,000",0.72,0.72,0.72,0.72,-,0.03,0.65,25,0.66,10,
710175,台半凱基5C購04,0,0,0,---,---,---, ---,,,0.28,100,0.29,50,
710176,尼克森凱基5C購01,0,0,0,---,---,---, ---,,,0.09,100,0.10,10,
710177,宏捷科凱基5C購03,0,0,0,---,---,---, ---,,,0.09,100,0.10,50,
710178,朋程凱基5C購02,0,0,0,---,---,---, ---,,,0.11,100,0.12,10,
710179,茂達凱基5C購01,0,0,0,---,---,---, ---,,,0.30,10,0.31,50,
710180,臺慶科凱基5C購06,0,0,0,---,---,---, ---,,,0.09,100,0.10,50,
710181,廣閎科凱基5C購04,"170,000",1,"37,400",0.22,0.22,0.22,0.22,-,0.06,0.24,10,0.25,10,
710182,大中台新5C購01,"50,000",1,"27,500",0.55,0.55,0.55,0.55,-,0.08,0.47,25,0.48,10,
710183,台半台新5C購04,0,0,0,---,---,---, ---,,,0.21,25,0.22,10,
710184,宜鼎台新61購02,0,0,0,---,---,---, ---,,,0.79,25,0.80,10,
710185,晶焱台新5C購04,0,0,0,---,---,---, ---,,,0.40,25,0.41,10,
710186,晶焱台新5C購05,0,0,0,---,---,---, ---,,,0.29,25,0.30,10,
710187,廣閎科台新61購01,"24,000",1,"14,160",0.59,0.59,0.59,0.59,-,0.06,0.60,25,0.61,10,
710188,中美晶元大5C購11,0,0,0,---,---,---, ---,,,0.71,499,0.72,10,
710189,台半元大5C購08,"547,000",12,"181,400",0.34,0.35,0.33,0.33,-,0.05,0.34,499,0.35,10,
710190,宜鼎元大5C購14,"392,000",3,"191,890",0.49,0.50,0.48,0.48,-,0.03,0.47,499,0.48,10,
710191,威剛元大5C購06,"479,000",12,"505,470",1.06,1.06,1.05,1.05,-,0.0,1.04,499,1.05,10,
710192,群聯中信64購01,"242,000",3,"72,600",0.30,0.30,0.30,0.30,-,0.0,0.29,10,0.30,10,
710193,雙鴻中信66購01,"115,000",5,"66,700",0.58,0.58,0.58,0.58,-,0.0,0.65,10,0.00,0,
710194,雙鴻中信66購02,"448,000",10,"319,050",0.68,0.81,0.66,0.81,+,0.15,0.80,499,0.00,0,
710195,大中永豐64購01,"188,000",2,"88,360",0.47,0.47,0.47,0.47,-,0.13,0.46,10,0.47,10,
710196,台半永豐64購01,"17,000",1,"8,500",0.50,0.50,0.50,0.50,-,0.09,0.50,499,0.51,10,
710197,尼克森永豐64購01,0,0,0,---,---,---, ---,,,0.32,10,0.33,10,
710198,信紘科永豐64購01,0,0,0,---,---,---, ---,,,0.22,499,0.23,10,
710199,家登永豐64購01,"30,000",1,"29,100",0.97,0.97,0.97,0.97,-,0.06,0.98,10,0.99,10,
710200,富喬永豐5C購02,"1,000",1,"1,600",1.60,1.60,1.60,1.60,+,0.1,1.59,10,1.63,10,
710201,鈊象永豐61購01,0,0,0,---,---,---, ---,,,0.56,499,0.57,10,
710202,鴻呈永豐61購01,"571,000",33,"744,790",1.20,1.35,1.17,1.33,+,0.17,1.30,10,1.32,10,
710203,世禾國票61購02,0,0,0,---,---,---, ---,,,0.44,25,0.45,10,
710204,世紀*國票61購01,"382,000",52,"1,695,370",4.42,5.05,4.42,5.05,-,0.35,5.05,1,5.20,7,
710205,亞泰國票61購01,0,0,0,---,---,---, ---,,,0.42,25,0.43,10,
710206,矽科國票61購01,0,0,0,---,---,---, ---,,,0.14,25,0.15,10,
710207,茂迪國票61購02,0,0,0,---,---,---, ---,,,0.38,25,0.39,10,
710208,茂達國票61購01,0,0,0,---,---,---, ---,,,0.48,25,0.49,10,
710209,崧騰國票61購01,"19,000",1,"8,360",0.44,0.44,0.44,0.44,-,0.03,0.43,25,0.44,10,
710210,統振國票61購01,0,0,0,---,---,---, ---,,,0.51,25,0.52,10,
710211,博盛國票61購01,"19,000",1,"6,650",0.35,0.35,0.35,0.35,-,0.05,0.34,25,0.35,10,
710212,閎康國票61購03,0,0,0,---,---,---, ---,,,0.39,25,0.40,10,
710213,萬泰科國票61購01,0,0,0,---,---,---, ---,,,0.53,25,0.54,10,
710214,漢達國票61購01,0,0,0,---,---,---, ---,,,0.71,25,0.00,0,
710215,臺慶科國票61購04,0,0,0,---,---,---, ---,,,0.19,25,0.20,10,
710216,廣閎科國票61購05,"162,000",2,"57,780",0.37,0.37,0.35,0.35,-,0.04,0.36,25,0.37,10,
710217,聰泰國票61購01,0,0,0,---,---,---, ---,,,0.39,25,0.41,10,
710218,能率亞國泰61購01,"106,000",3,"156,850",1.49,1.49,1.46,1.46,-,0.0,1.46,499,1.47,100,
710219,能率國泰61購01,"1,990,000",29,"4,236,010",2.17,2.18,2.10,2.10,-,0.15,2.09,499,2.10,100,
710220,廣閎科國泰61購02,"250,000",5,"164,600",0.66,0.66,0.62,0.66,-,0.18,0.65,200,0.66,100,
710221,凡甲富邦63購01,0,0,0,---,---,---, ---,,,0.39,30,0.40,28,
710222,立碁富邦5C購02,"56,000",3,"82,040",1.39,1.54,1.39,1.54,+,0.18,1.57,30,0.00,0,
710223,智通*富邦62購02,"10,000",1,"7,900",0.79,0.79,0.79,0.79,-,0.0,0.81,10,0.82,28,
710224,宜鼎群益5C購05,0,0,0,---,---,---, ---,,,0.33,100,0.34,100,
710225,威剛群益5C購07,0,0,0,---,---,---, ---,,,0.60,100,0.61,100,
710226,威剛群益62購02,0,0,0,---,---,---, ---,,,0.70,100,0.71,100,
710227,宣德群益5C購01,0,0,0,---,---,---, ---,,,0.25,10,0.35,10,
710228,家登群益63購01,"70,000",2,"74,110",1.06,1.06,0.97,0.97,-,0.06,0.54,18,0.00,0,
710229,凱崴群益5C購01,"84,000",6,"57,970",0.60,0.75,0.60,0.62,-,0.03,0.44,22,0.00,0,
710230,博智群益5C購01,0,0,0,---,---,---, ---,,,0.51,19,0.00,0,
710231,富喬群益5C購04,"171,000",10,"533,480",3.18,3.28,3.00,3.25,-,0.05,3.15,25,3.25,10,
710232,群聯群益5C購08,0,0,0,---,---,---, ---,,,1.00,100,1.01,100,
710233,群聯群益5C購09,0,0,0,---,---,---, ---,,,0.50,100,0.51,100,
710234,群聯群益61購05,0,0,0,---,---,---, ---,,,0.99,100,1.00,100,
710235,雙鴻群益62購02,"88,000",3,"281,320",3.21,3.24,3.17,3.24,+,0.09,1.61,6,0.00,0,
710236,威剛中信66購01,0,0,0,---,---,---, ---,,,0.43,10,0.44,10,
710237,富喬中信66購01,"89,000",9,"64,390",0.71,0.75,0.70,0.73,+,0.06,0.73,10,0.74,10,
710238,大中永豐5C購01,0,0,0,---,---,---, ---,,,0.18,10,0.19,10,
710240,世界永豐5C購02,0,0,0,---,---,---, ---,,,0.32,10,0.33,10,
710241,台半永豐61購03,"17,000",1,"8,330",0.49,0.49,0.49,0.49,-,0.1,0.49,499,0.50,10,
710242,宜鼎永豐61購02,0,0,0,---,---,---, ---,,,0.38,499,0.39,10,
710243,原相永豐61購01,"25,000",1,"11,500",0.46,0.46,0.46,0.46,-,0.09,0.47,10,0.48,10,
710244,達航永豐63購01,"4,000",2,"3,420",0.84,0.87,0.84,0.87,+,0.04,0.76,10,0.77,10,
710245,漢達永豐64購01,0,0,0,---,---,---, ---,,,0.67,499,0.00,0,
710246,台半元大5C購09,"228,000",1,"95,760",0.42,0.42,0.42,0.42,-,0.23,0.40,499,0.41,10,
710247,台半元大63購03,"49,000",4,"20,870",0.43,0.43,0.42,0.43,-,0.03,0.42,499,0.43,10,
710248,宏捷科元大5C購04,0,0,0,---,---,---, ---,,,0.01,499,0.24,5,
710249,佳邦元大5C購01,0,0,0,---,---,---, ---,,,0.27,499,0.28,10,
710250,朋程元大5C購02,"747,000",3,"294,290",0.40,0.40,0.38,0.38,-,0.07,0.39,499,0.40,10,
710251,欣銓元大5C購02,"180,000",4,"188,880",1.05,1.07,1.04,1.06,-,0.09,1.04,499,1.05,10,
710252,欣銓元大5C購03,"369,000",14,"285,890",0.80,0.80,0.77,0.78,-,0.09,0.77,499,0.78,10,
710253,家登元大5C購05,"110,000",7,"108,710",1.07,1.07,0.96,0.97,-,0.11,0.93,25,0.94,10,
710254,家登元大66購01,"159,000",7,"148,980",1.00,1.00,0.92,0.94,-,0.08,0.91,25,0.92,10,
710255,臺慶科元大5C購05,0,0,0,---,---,---, ---,,,0.27,499,0.28,10,
710256,台半國票61購04,0,0,0,---,---,---, ---,,,0.24,25,0.25,10,
710257,台半國票61購05,0,0,0,---,---,---, ---,,,0.19,25,0.20,10,
710258,青雲國票5C購01,"61,000",3,"30,410",0.51,0.51,0.44,0.51,+,0.01,0.51,25,0.52,10,
710259,大中台新61購01,"696,000",10,"404,290",0.65,0.65,0.55,0.55,-,0.15,0.54,25,0.55,5,
710260,台半台新5C購05,0,0,0,---,---,---, ---,,,0.16,25,0.17,10,
710261,晶焱台新5C購06,0,0,0,---,---,---, ---,,,0.21,25,0.22,10,
710262,漢達台新5C購01,0,0,0,---,---,---, ---,,,1.32,25,0.00,0,
710263,臺慶科台新5C購03,"420,000",4,"79,600",0.20,0.20,0.18,0.18,-,0.04,0.18,35,0.19,10,
710264,世界凱基5C購07,0,0,0,---,---,---, ---,,,0.15,100,0.16,50,
710265,台半凱基5C購05,"813,000",10,"160,790",0.20,0.21,0.19,0.19,-,0.02,0.19,300,0.20,50,
710266,朋程凱基5C購03,"40,000",4,"3,200",0.08,0.08,0.08,0.08,-,0.02,0.08,100,0.09,10,
710267,富喬凱基63購01,"493,000",11,"350,640",0.75,0.75,0.68,0.73,+,0.01,0.60,16,0.00,0,
710268,群聯凱基5C購09,0,0,0,---,---,---, ---,,,0.36,100,0.37,50,
710269,漢達凱基5C購01,"2,000",2,"1,570",0.70,0.87,0.70,0.87,+,0.38,0.67,200,0.87,199,
710270,精材凱基63購01,"1,709,000",46,"1,811,630",0.96,1.16,0.96,1.16,+,0.22,1.15,100,1.16,20,
710271,世界國泰61購01,"10,000",2,"6,300",0.63,0.63,0.63,0.63,-,0.05,0.64,10,0.65,10,
710272,穩得國泰61購01,"130,000",3,"188,880",1.46,1.46,1.45,1.45,-,0.05,1.46,499,1.48,100,
710274,台半富邦63購03,"56,000",1,"16,240",0.29,0.29,0.29,0.29,-,0.02,0.28,10,0.29,28,
710275,朋程富邦63購03,0,0,0,---,---,---, ---,,,0.20,10,0.21,28,
710276,FH中5G群益5C購01,"100,000",2,"16,000",0.16,0.16,0.16,0.16,-,0.02,0.16,10,0.26,10,
710277,大中群益5C購01,0,0,0,---,---,---, ---,,,0.19,25,0.20,10,
710280,世界群益5C購04,0,0,0,---,---,---, ---,,,0.21,47,0.00,0,
710281,台半群益62購03,0,0,0,---,---,---, ---,,,0.37,10,0.47,10,
710282,尼克森群益61購01,0,0,0,---,---,---, ---,,,0.14,71,0.00,0,
710283,宏捷科群益5C購03,0,0,0,---,---,---, ---,,,0.00,0,0.00,0,
710284,朋程群益5C購01,0,0,0,---,---,---, ---,,,0.24,25,0.25,10,
710285,茂達群益5C購01,0,0,0,---,---,---, ---,,,0.43,25,0.44,10,
710286,榮剛群益61購01,0,0,0,---,---,---, ---,,,0.60,25,0.61,10,
710287,精材群益61購01,"421,000",21,"940,140",2.00,2.32,1.89,2.29,+,0.45,2.31,10,2.41,10,
710288,世界元大5C購08,"162,000",4,"42,120",0.26,0.26,0.26,0.26,-,0.03,0.01,499,0.00,0,
710289,朋程元大5C購03,0,0,0,---,---,---, ---,,,0.21,499,0.22,10,
710290,博盛元大5C購01,"260,000",8,"139,020",0.58,0.58,0.51,0.54,-,0.11,0.54,499,0.55,10,
710291,世界台新5C購01,0,0,0,---,---,---, ---,,,0.22,25,0.23,10,
710292,萬泰科台新5C購01,0,0,0,---,---,---, ---,,,0.40,25,0.41,10,
710293,大中國票5C購01,0,0,0,---,---,---, ---,,,0.26,25,0.27,10,
710294,天品國票5C購01,0,0,0,---,---,---, ---,,,0.37,25,0.38,10,
710295,世界國票61購02,"5,000",1,"1,900",0.38,0.38,0.38,0.38,-,0.03,0.39,25,0.40,10,
710296,立碁國票61購01,"1,000",1,"1,670",1.67,1.67,1.67,1.67,+,0.28,1.67,25,2.00,10,
710297,亞通國票5C購01,"330,000",12,"385,600",1.12,1.36,1.07,1.23,+,0.07,1.16,25,1.17,10,
710298,朋程國票5C購02,0,0,0,---,---,---, ---,,,0.26,25,0.27,10,
710299,杰力國票61購02,0,0,0,---,---,---, ---,,,0.28,25,0.29,10,
710300,博盛國票61購02,0,0,0,---,---,---, ---,,,0.29,25,0.30,10,
710301,晶宏國票61購01,"17,000",4,"13,240",0.78,0.79,0.76,0.79,+,0.15,0.78,25,0.79,10,
710302,漢達國票63購01,"3,000",3,"2,420",0.80,0.83,0.79,0.83,+,0.23,0.65,22,0.83,1,
710303,寶雅國票61購02,"260,000",2,"325,000",1.25,1.25,1.25,1.25,-,0.0,1.24,25,1.25,10,
710304,大中凱基5C購01,"270,000",5,"17,200",0.07,0.07,0.06,0.06,-,0.03,0.05,100,0.00,0,
710307,世界凱基63購02,0,0,0,---,---,---, ---,,,0.21,100,0.22,50,
710308,宏捷科凱基5C購04,0,0,0,---,---,---, ---,,,0.08,100,0.09,50,
710309,欣銓凱基5C購01,0,0,0,---,---,---, ---,,,0.52,100,0.53,30,
710310,青雲凱基5C購01,"20,000",1,"7,600",0.38,0.38,0.38,0.38,+,0.06,0.38,100,0.48,10,
710311,威剛凱基61購02,"5,000",2,"2,600",0.52,0.52,0.52,0.52,-,0.02,0.52,10,0.53,50,
710312,茂達凱基5C購02,0,0,0,---,---,---, ---,,,0.21,100,0.22,50,
710313,家登凱基5C購04,0,0,0,---,---,---, ---,,,0.27,100,0.28,50,
710314,家登凱基5C購05,"998,000",2,"214,570",0.22,0.22,0.21,0.21,-,0.04,0.20,100,0.21,50,
710315,臺慶科凱基5C購07,0,0,0,---,---,---, ---,,,0.16,100,0.17,50,
710316,聖暉*群益5C購03,0,0,0,---,---,---, ---,,,0.18,100,0.19,100,
710317,台嘉碩國泰61購01,0,0,0,---,---,---, ---,,,1.35,499,1.36,100,
710318,宜鼎國泰62購01,0,0,0,---,---,---, ---,,,0.70,499,0.71,100,
710319,朋程國泰61購01,"20,000",1,"15,600",0.78,0.78,0.78,0.78,-,0.08,0.77,499,0.78,100,
710320,原相國泰61購01,0,0,0,---,---,---, ---,,,0.83,499,0.84,100,
710321,博盛國泰61購01,"30,000",1,"18,600",0.62,0.62,0.62,0.62,-,0.1,0.62,499,0.63,10,
710322,世界富邦5C購04,0,0,0,---,---,---, ---,,,0.19,10,0.20,28,
710323,宜鼎富邦5C購05,0,0,0,---,---,---, ---,,,0.16,10,0.17,28,
710324,信紘科永豐5C購01,0,0,0,---,---,---, ---,,,0.16,499,0.17,10,
710325,順達永豐5C購02,0,0,0,---,---,---, ---,,,0.48,499,0.49,10,
710326,順達永豐5C購03,0,0,0,---,---,---, ---,,,0.83,10,0.84,10,
710327,順達永豐5C購04,0,0,0,---,---,---, ---,,,0.63,499,0.64,10,
710328,群聯永豐64購06,0,0,0,---,---,---, ---,,,0.48,499,0.49,10,
710329,群聯永豐66購01,"20,000",1,"13,400",0.67,0.67,0.67,0.67,+,0.01,0.65,10,0.66,10,
710330,鴻呈永豐5C購01,"416,000",20,"593,560",1.39,1.54,1.34,1.46,+,0.16,1.46,10,1.47,10,
710333,亞信台新5C購01,0,0,0,---,---,---, ---,,,0.59,25,0.60,10,
710334,精材台新61購01,"613,000",52,"1,969,990",3.15,3.45,2.90,3.45,+,0.66,3.45,25,3.47,10,
710335,精材台新61購02,"502,000",36,"1,466,790",2.79,3.09,2.56,3.09,+,0.59,3.11,25,3.12,10,
710336,亞通凱基5C購01,"191,000",17,"175,630",0.87,1.11,0.82,0.92,+,0.02,0.92,1,0.00,0,
710337,朋程凱基5C購04,0,0,0,---,---,---, ---,,,0.19,100,0.20,10,
710338,聖暉*凱基5C購03,0,0,0,---,---,---, ---,,,0.04,100,0.14,10,
710339,宜鼎元大5C購15,"1,609,000",14,"1,255,820",0.78,0.80,0.76,0.77,-,0.04,0.76,499,0.78,10,
710340,富喬元大65購01,"463,000",14,"717,920",1.50,1.60,1.50,1.53,-,0.02,1.59,499,1.60,10,
710341,漢達元大5C購01,"1,000",1,630,0.63,0.63,0.63,0.63,+,0.31,0.53,30,0.63,29,
710342,精材元大5C購05,"755,000",39,"2,145,490",2.83,3.03,2.53,3.03,+,0.54,3.04,75,3.05,10,
710343,臺慶科元大5C購06,"19,000",2,"5,320",0.28,0.28,0.28,0.28,-,0.04,0.28,499,0.29,10,
710344,宜特永豐64購01,"24,000",1,"11,760",0.49,0.49,0.49,0.49,-,0.02,0.48,499,0.49,10,
710345,朋程永豐5C購03,0,0,0,---,---,---, ---,,,0.38,499,0.39,10,
710346,朋程永豐5C購04,0,0,0,---,---,---, ---,,,0.18,499,0.19,10,
710347,威剛永豐64購02,0,0,0,---,---,---, ---,,,0.71,499,0.72,10,
710348,威剛永豐66購01,0,0,0,---,---,---, ---,,,1.26,499,1.27,10,
710349,富喬永豐5C購03,"67,000",7,"83,390",1.27,1.27,1.21,1.23,+,0.16,1.26,499,1.30,10,
710350,漢達永豐5C購01,"2,000",2,"1,310",0.59,0.72,0.59,0.72,+,0.33,0.60,10,0.72,9,
710351,雙鴻永豐63購03,"510,000",12,"524,330",0.98,1.05,0.98,1.05,+,0.13,1.20,499,0.00,0,
710352,寶雅永豐5C購01,0,0,0,---,---,---, ---,,,1.32,10,1.33,10,
710353,鏵友益永豐64購01,0,0,0,---,---,---, ---,,,0.45,499,0.47,10,
710354,精材中信64購01,"101,000",16,"93,100",0.93,0.98,0.84,0.98,+,0.15,0.99,10,1.00,10,
710355,大世科國票61購01,"20,000",1,"11,600",0.58,0.58,0.58,0.58,-,0.0,0.57,25,0.58,10,
710356,元山國票61購01,0,0,0,---,---,---, ---,,,0.46,25,0.47,10,
710357,世界國票61購03,0,0,0,---,---,---, ---,,,0.32,25,0.33,10,
710358,安葆國票61購01,"1,000",1,930,0.93,0.93,0.93,0.93,+,0.01,0.89,25,0.90,10,
710359,亞信國票61購01,0,0,0,---,---,---, ---,,,0.45,25,0.46,10,
710360,明安國票61購01,0,0,0,---,---,---, ---,,,0.44,25,0.45,10,
710361,桓達國票61購01,0,0,0,---,---,---, ---,,,0.53,25,0.54,10,
710362,神準國票61購01,"60,000",1,"25,800",0.43,0.43,0.43,0.43,-,0.05,0.43,25,0.44,10,
710363,晶焱國票5C購02,0,0,0,---,---,---, ---,,,0.30,25,0.31,10,
710364,智擎國票61購01,"1,000",1,530,0.53,0.53,0.53,0.53,-,0.03,0.54,25,0.55,10,
710365,聖暉*國票61購04,0,0,0,---,---,---, ---,,,0.19,25,0.20,10,
710366,漢達國票65購01,"27,000",8,"20,520",0.76,0.76,0.76,0.76,+,0.21,0.68,43,0.76,7,
710367,精材國票61購02,0,0,0,---,---,---, ---,,,2.05,25,2.06,10,
710368,鈊象群益5C購01,"10,000",1,"12,400",1.24,1.24,1.24,1.24,+,0.02,0.32,10,0.00,0,
710369,富喬國泰61購01,"794,000",22,"1,188,120",1.51,1.53,1.43,1.53,-,0.07,1.51,499,1.53,99,
710370,漢達國泰61購02,0,0,0,---,---,---, ---,,,1.65,1,0.00,0,
710371,世界凱基5C購08,0,0,0,---,---,---, ---,,,0.20,100,0.21,50,
710372,宜鼎凱基5C購08,0,0,0,---,---,---, ---,,,0.44,100,0.45,10,
710373,群聯凱基5C購10,0,0,0,---,---,---, ---,,,0.59,100,0.60,30,
710374,群聯凱基61購06,0,0,0,---,---,---, ---,,,0.69,100,0.70,30,
710375,精材凱基5C購05,"315,000",10,"575,780",1.66,2.01,1.57,1.99,+,0.44,2.04,50,2.05,10,
710376,世界台新5C購03,"10,000",1,"2,200",0.22,0.22,0.22,0.22,-,0.04,0.23,25,0.24,10,
710377,巨有台新5C購01,"6,000",2,"4,800",0.80,0.80,0.80,0.80,-,0.05,0.79,25,0.81,10,
710378,巨有台新5C購02,0,0,0,---,---,---, ---,,,0.53,25,0.63,10,
710379,東浦台新5C購04,0,0,0,---,---,---, ---,,,0.17,25,0.18,10,
710380,東浦台新5C購05,0,0,0,---,---,---, ---,,,0.20,25,0.21,10,
710381,杰力台新5C購01,"50,000",1,"20,000",0.40,0.40,0.40,0.40,-,0.05,0.38,25,0.39,10,
710382,青雲台新5C購01,"345,000",19,"146,080",0.40,0.52,0.38,0.45,-,0.1,0.45,25,0.46,10,
710383,能率亞台新5C購01,"152,000",4,"85,520",0.55,0.59,0.55,0.56,+,0.01,0.55,25,0.56,10,
710385,宜鼎元大5C購16,"172,000",5,"114,240",0.68,0.68,0.66,0.67,-,0.04,0.65,499,0.66,10,
710386,富喬元大65購02,"453,000",16,"677,600",1.47,1.52,1.45,1.49,+,0.02,1.51,499,1.53,10,
710387,精材元大5C購06,"301,000",12,"941,170",3.06,3.22,2.80,3.22,+,0.49,3.29,75,3.30,10,
710388,精材元大5C購07,"1,721,000",71,"3,716,940",2.08,2.31,1.88,2.31,+,0.48,2.30,100,0.00,0,
710389,精材元大61購08,"199,000",17,"484,840",2.35,2.70,2.30,2.70,+,0.6,2.72,100,2.73,10,
710390,精材元大61購09,"461,000",16,"1,228,430",2.52,2.72,2.41,2.72,+,0.44,2.73,75,2.74,10,
710391,精材元大63購04,"97,000",16,"223,330",2.28,2.40,2.13,2.40,+,0.42,2.40,100,2.41,10,
710392,世界中信63購01,0,0,0,---,---,---, ---,,,0.17,10,0.18,10,
710393,久元永豐5C購03,0,0,0,---,---,---, ---,,,0.49,499,0.50,10,
710394,久元永豐5C購04,0,0,0,---,---,---, ---,,,0.22,499,0.23,10,
710395,世禾永豐5C購01,"77,000",1,"56,210",0.73,0.73,0.73,0.73,-,0.06,0.70,10,0.72,10,
710396,世界永豐5C購03,0,0,0,---,---,---, ---,,,0.14,10,0.15,10,
710397,巨有永豐5C購02,"10,000",1,"4,000",0.40,0.40,0.40,0.40,-,0.04,0.39,499,0.40,10,
710398,安勤永豐63購01,"10,000",1,"6,500",0.65,0.65,0.65,0.65,-,0.04,0.63,499,0.64,10,
710399,均豪永豐5C購03,"83,000",11,"127,880",1.54,1.72,1.44,1.64,+,0.19,1.59,499,1.61,10,
710400,均豪永豐5C購04,"53,000",4,"91,960",1.64,1.78,1.64,1.78,+,0.06,1.68,499,1.71,10,
710401,宏觀永豐5C購02,0,0,0,---,---,---, ---,,,0.33,499,0.36,10,
710402,宏觀永豐5C購03,0,0,0,---,---,---, ---,,,0.20,499,0.22,10,
710403,晶焱永豐5C購01,0,0,0,---,---,---, ---,,,0.35,10,0.36,10,
710404,晶焱永豐5C購02,0,0,0,---,---,---, ---,,,0.32,499,0.33,10,
710405,智通*永豐63購01,"58,000",2,"38,960",0.68,0.68,0.67,0.67,-,0.02,0.72,499,0.73,10,
710406,湧德永豐5C購01,"956,000",9,"878,360",0.88,0.95,0.88,0.93,+,0.03,0.93,10,1.03,10,
710407,湧德永豐5C購02,"5,000",1,"3,950",0.79,0.79,0.79,0.79,-,0.0,0.84,10,0.85,10,
710408,聖暉*永豐5C購03,0,0,0,---,---,---, ---,,,0.16,499,0.17,10,
710409,聖暉*永豐5C購04,"40,000",1,"5,600",0.14,0.14,0.14,0.14,-,0.02,0.15,10,0.16,10,
710410,精材永豐5C購03,"62,000",6,"138,420",2.21,2.25,2.01,2.25,+,0.36,2.42,10,2.45,10,
710411,精材永豐5C購04,"48,000",6,"119,660",2.54,2.71,2.32,2.71,+,0.5,2.74,10,2.79,10,
710412,精材永豐63購02,"59,000",4,"218,690",3.61,3.75,3.61,3.75,+,0.78,3.80,10,3.81,10,
710413,優群永豐5C購02,0,0,0,---,---,---, ---,,,0.19,10,0.20,10,
710414,雙鴻永豐5C購05,"132,000",3,"160,020",1.19,1.23,1.19,1.23,+,0.09,1.51,499,0.00,0,
710415,世界國票61購04,0,0,0,---,---,---, ---,,,0.23,25,0.24,10,
710416,巨有國票5C購01,0,0,0,---,---,---, ---,,,0.56,25,0.57,10,
710417,巨有國票5C購02,0,0,0,---,---,---, ---,,,0.42,25,0.43,10,
710418,宇峻國票61購01,"250,000",3,"120,500",0.49,0.49,0.47,0.47,-,0.02,0.46,25,0.47,10,
710419,安勤國票61購02,0,0,0,---,---,---, ---,,,0.45,25,0.46,10,
710420,青雲國票5C購02,"931,000",16,"314,150",0.31,0.35,0.31,0.35,+,0.07,0.34,25,0.35,10,
710421,能率國票61購01,"180,000",4,"186,700",1.04,1.05,1.02,1.05,-,0.04,1.00,25,1.01,10,
710422,精材國票61購03,"157,000",10,"292,140",1.67,1.95,1.67,1.95,+,0.52,1.95,25,1.96,10,
710423,鑫科國票5C購01,0,0,0,---,---,---, ---,,,0.31,25,0.32,10,
710424,巨有群益5C購01,0,0,0,---,---,---, ---,,,0.32,26,0.00,0,
710425,智通*群益5C購01,0,0,0,---,---,---, ---,,,0.20,50,0.00,0,
710426,智通*群益63購01,"308,000",12,"625,050",1.97,2.06,1.97,2.04,-,0.03,1.38,36,0.00,0,
710427,東浦國泰61購01,0,0,0,---,---,---, ---,,,0.66,499,0.67,100,
710428,杰力國泰61購01,0,0,0,---,---,---, ---,,,0.48,499,0.49,100,
710429,精材國泰61購01,"274,000",22,"991,750",3.52,3.83,3.35,3.83,+,0.62,3.99,499,4.00,100,
710430,威剛富邦5C購02,"1,000",1,360,0.36,0.36,0.36,0.36,-,0.0,0.35,30,0.36,28,
710431,精材富邦5C購01,"826,000",61,"1,060,620",1.19,1.40,1.13,1.37,+,0.29,1.38,30,1.39,28,
710432,安勤凱基62購01,"1,000",1,390,0.39,0.39,0.39,0.39,-,0.04,0.40,100,0.41,10,
710433,系微凱基5C購01,"10,000",1,"2,900",0.29,0.29,0.29,0.29,-,0.06,0.29,10,0.30,10,
710434,宜鼎凱基5C購09,"402,000",5,"282,240",0.69,0.71,0.68,0.69,-,0.04,0.68,106,0.69,10,
710435,能率凱基62購01,0,0,0,---,---,---, ---,,,0.59,10,0.60,10,
710436,富喬凱基63購02,"244,000",16,"359,540",1.44,1.52,1.40,1.49,-,0.06,1.45,100,1.47,10,
710437,智通*凱基5C購01,"839,000",6,"422,550",0.47,0.52,0.47,0.52,-,0.01,0.57,100,0.58,50,
710438,群聯凱基5C購11,"308,000",2,"208,280",0.66,0.68,0.66,0.68,+,0.02,0.67,100,0.68,10,
710439,群聯凱基5C購12,"696,000",5,"496,660",0.71,0.72,0.71,0.71,-,0.0,0.71,100,0.72,10,
710440,鑫科凱基5C購01,0,0,0,---,---,---, ---,,,0.57,10,0.58,10,
710441,中美晶元大5C購12,"4,000",2,"6,640",1.69,1.69,1.63,1.63,-,0.18,1.65,400,1.67,10,
710442,世界元大66購03,"238,000",7,"157,080",0.66,0.66,0.66,0.66,-,0.03,0.44,113,0.00,0,
710443,宜鼎元大5C購17,"479,000",9,"544,190",1.13,1.15,1.13,1.14,-,0.06,1.12,499,1.13,10,
710444,能率亞元大5C購01,"98,000",5,"111,980",1.14,1.16,1.12,1.12,+,0.03,1.11,499,1.12,10,
710445,富喬元大5C購04,"56,000",9,"67,650",1.28,1.28,1.18,1.21,-,0.01,1.26,499,1.36,10,
710446,智通*元大5C購01,"1,526,000",18,"1,527,240",0.97,1.02,0.97,0.99,-,0.03,0.52,96,1.40,10,
710447,智通*元大5C購02,"1,823,000",22,"1,480,840",0.81,0.83,0.79,0.80,-,0.06,0.38,26,1.00,10,
710448,智通*元大63購01,"654,000",14,"516,360",0.77,0.80,0.77,0.79,-,0.01,0.42,119,1.18,20,
710449,五福國票64購01,0,0,0,---,---,---, ---,,,0.38,25,0.39,10,
710450,璟德國票64購01,0,0,0,---,---,---, ---,,,0.66,25,0.67,10,
710451,磐儀國票64購01,0,0,0,---,---,---, ---,,,0.48,25,0.49,10,
710453,宜鼎國票62購01,"40,000",2,"22,800",0.58,0.58,0.56,0.56,-,0.05,0.56,25,0.57,10,
710454,竹陞國票64購01,"107,000",8,"94,620",0.85,0.91,0.85,0.89,+,0.02,0.88,25,0.89,10,
710455,崴寶國票64購01,0,0,0,---,---,---, ---,,,0.94,25,0.96,10,
710456,富強鑫國票62購01,"17,000",2,"14,960",0.88,0.88,0.88,0.88,-,0.14,0.87,25,0.88,10,
710457,千附國票64購01,0,0,0,---,---,---, ---,,,0.70,25,0.71,10,
710458,智通*國票61購01,0,0,0,---,---,---, ---,,,0.69,25,0.70,10,
710459,智通*國票61購02,0,0,0,---,---,---, ---,,,0.65,25,0.66,10,
710460,久元永豐5C購05,0,0,0,---,---,---, ---,,,0.57,499,0.58,10,
710461,久元永豐63購01,0,0,0,---,---,---, ---,,,0.52,499,0.53,10,
710462,久元永豐66購01,0,0,0,---,---,---, ---,,,1.82,499,1.83,10,
710464,系統電永豐5C購02,0,0,0,---,---,---, ---,,,0.40,499,0.41,10,
710465,營邦永豐5C購01,"2,000",1,"3,240",1.62,1.62,1.62,1.62,+,0.13,1.59,499,1.61,10,
710466,營邦永豐5C購02,"25,000",2,"32,250",1.29,1.29,1.29,1.29,+,0.1,1.26,499,1.28,10,
710467,宏觀台新5C購02,0,0,0,---,---,---, ---,,,0.37,25,0.47,10,
710468,聖暉*台新5C購06,0,0,0,---,---,---, ---,,,0.14,25,0.15,10,
710469,聖暉*台新5C購07,0,0,0,---,---,---, ---,,,0.14,25,0.15,10,
710470,能率國泰63購01,"39,000",2,"69,420",1.78,1.78,1.78,1.78,-,0.02,1.70,499,1.71,100,
710471,久元富邦63購01,0,0,0,---,---,---, ---,,,0.20,10,0.21,28,
710472,原相富邦5C購01,"53,000",1,"24,380",0.46,0.46,0.46,0.46,-,0.06,0.45,30,0.46,28,
710473,達航富邦62購01,"70,000",11,"30,770",0.45,0.46,0.36,0.39,-,0.0,0.38,10,0.39,28,
710474,營邦富邦63購02,"151,000",15,"151,200",0.97,1.05,0.95,1.05,+,0.07,1.02,10,1.03,28,
710475,營邦富邦63購03,"1,033,000",35,"919,770",0.84,0.92,0.82,0.90,+,0.05,0.89,10,0.90,28,
710476,巨有群益5C購02,0,0,0,---,---,---, ---,,,0.00,0,0.00,0,
710477,世界元大61購01,"50,000",3,"25,500",0.51,0.51,0.51,0.51,-,0.06,0.50,2,0.00,0,
710478,世界元大66購04,"1,000",1,660,0.66,0.66,0.66,0.66,-,0.05,0.49,20,0.00,0,
710479,世界元大67購01,"1,000",1,620,0.62,0.62,0.62,0.62,-,0.05,0.59,20,0.00,0,
710480,巨有元大61購01,0,0,0,---,---,---, ---,,,0.29,499,0.30,10,
710481,宜鼎元大61購05,"55,000",2,"57,200",1.04,1.04,1.04,1.04,-,0.05,1.02,499,1.03,10,
710482,富喬元大61購06,"262,000",10,"356,130",1.37,1.38,1.35,1.38,-,0.04,1.41,499,1.43,10,
710483,富喬元大62購01,"760,000",15,"974,210",1.27,1.32,1.23,1.30,+,0.01,1.31,499,1.33,10,
710484,富喬元大62購02,"488,000",18,"667,850",1.41,1.41,1.31,1.38,-,0.01,1.40,499,1.41,10,
710485,臺慶科元大61購01,0,0,0,---,---,---, ---,,,0.57,499,0.58,10,
710486,千附精台新61購01,"42,000",2,"60,510",1.44,1.47,1.44,1.47,+,0.12,1.43,25,1.53,10,
710487,元太台新61購01,0,0,0,---,---,---, ---,,,0.49,25,0.50,10,
710488,竹陞台新61購01,"1,000",1,"1,310",1.31,1.31,1.31,1.31,+,0.16,1.21,25,1.31,10,
710489,譜瑞台新61購01,"117,000",8,"151,780",1.31,1.33,1.26,1.31,-,0.04,1.31,25,1.32,10,
710490,譜瑞台新61購02,"169,000",6,"207,030",1.24,1.26,1.20,1.26,-,0.07,1.24,25,1.26,10,
710491,千附精凱基61購01,"130,000",7,"172,010",1.26,1.48,1.24,1.48,+,0.27,1.33,100,1.35,10,
710492,千附精凱基61購02,"526,000",16,"593,160",1.05,1.26,1.04,1.15,+,0.12,1.13,100,1.15,10,
710494,元太凱基61購02,"10,000",1,"2,000",0.20,0.20,0.20,0.20,-,0.05,0.19,10,0.00,0,
710495,元太凱基61購03,0,0,0,---,---,---, ---,,,0.09,111,0.29,99,
710496,元太凱基61購04,0,0,0,---,---,---, ---,,,0.11,90,0.00,0,
710497,元太凱基61購05,0,0,0,---,---,---, ---,,,0.00,0,0.00,0,
710498,元太凱基61購06,0,0,0,---,---,---, ---,,,0.17,58,0.00,0,
710499,世紀*凱基61購01,"27,000",7,"206,500",6.45,8.65,6.45,8.65,+,0.1,6.50,20,0.00,0,
710500,竹陞凱基61購01,"1,933,000",23,"2,006,140",1.05,1.16,0.98,1.16,+,0.09,1.10,91,1.12,10,
710501,原相凱基61購01,"200,000",2,"73,000",0.36,0.37,0.36,0.37,-,0.07,0.36,10,0.37,10,
710502,譜瑞凱基61購02,"15,000",4,"12,070",0.80,0.84,0.80,0.84,-,0.01,0.82,100,0.84,10,
710503,譜瑞凱基61購03,0,0,0,---,---,---, ---,,,0.80,100,0.82,10,
710504,譜瑞凱基61購04,0,0,0,---,---,---, ---,,,0.75,100,0.76,10,
710505,譜瑞凱基61購05,0,0,0,---,---,---, ---,,,0.78,100,0.79,10,
710506,千附精群益61購01,"571,000",20,"800,110",1.37,1.50,1.35,1.39,+,0.15,1.01,9,0.00,0,
710507,譜瑞群益61購01,"71,000",3,"68,210",0.96,0.97,0.96,0.97,-,0.06,0.97,10,1.07,10,
710508,91APP*國票62購01,"106,000",3,"57,280",0.55,0.55,0.54,0.54,+,0.03,0.53,25,0.54,10,
710509,千附精國票62購01,0,0,0,---,---,---, ---,,,1.05,25,1.07,10,
710510,世紀*國票62購01,"13,000",3,"53,560",4.12,4.12,4.12,4.12,-,0.84,0.00,0,4.70,1,
710511,竹陞國票62購01,"293,000",6,"217,270",0.72,0.79,0.71,0.79,+,0.04,0.77,5,0.78,10,
710512,宜鼎國票62購02,0,0,0,---,---,---, ---,,,0.56,25,0.57,10,
710513,長佳智國票62購01,0,0,0,---,---,---, ---,,,0.40,25,0.41,10,
710514,長聖國票62購01,0,0,0,---,---,---, ---,,,0.62,25,0.63,10,
710515,威剛國票62購02,0,0,0,---,---,---, ---,,,0.77,25,0.78,10,
710516,建榮國票61購01,"38,000",8,"19,490",0.51,0.56,0.43,0.43,-,0.02,0.42,27,0.43,10,
710517,昱展國票62購01,0,0,0,---,---,---, ---,,,0.34,25,0.36,10,
710518,茂迪國票62購01,0,0,0,---,---,---, ---,,,0.40,25,0.41,10,
710519,訊聯國票62購01,0,0,0,---,---,---, ---,,,0.48,25,0.49,10,
710520,博士旺國票61購01,"999,000",11,"747,380",0.73,0.90,0.73,0.90,+,0.18,0.92,3,0.00,0,
710521,精星國票62購01,0,0,0,---,---,---, ---,,,0.34,25,0.35,10,
710522,雙鴻國票62購01,0,0,0,---,---,---, ---,,,1.23,25,0.00,0,
710523,譜瑞國票62購01,0,0,0,---,---,---, ---,,,0.66,25,0.67,10,
710524,元太中信61購01,0,0,0,---,---,---, ---,,,0.10,499,0.11,10,
710525,久元永豐64購01,0,0,0,---,---,---, ---,,,0.58,499,0.59,10,
710526,大江永豐61購01,"573,000",11,"535,320",0.93,0.96,0.92,0.93,-,0.01,0.93,10,0.94,5,
710527,元太永豐61購02,0,0,0,---,---,---, ---,,,0.36,499,0.37,10,
710528,元太永豐61購03,0,0,0,---,---,---, ---,,,0.46,10,0.47,10,
710529,邑錡永豐64購01,"18,000",1,"17,100",0.95,0.95,0.95,0.95,-,0.06,0.93,10,0.95,10,
710530,威剛永豐61購04,"52,000",2,"38,230",0.73,0.74,0.73,0.74,+,0.01,0.73,10,0.74,10,
710531,威剛永豐61購05,"37,000",1,"30,340",0.82,0.82,0.82,0.82,+,0.02,0.81,10,0.82,10,
710532,鈊象永豐65購01,0,0,0,---,---,---, ---,,,0.89,10,0.90,10,
710533,勤凱永豐65購01,"58,000",1,"24,360",0.42,0.42,0.42,0.42,-,0.04,0.42,10,0.43,10,
710534,新普永豐61購01,"13,000",3,"18,600",1.42,1.46,1.42,1.44,-,0.0,1.41,10,1.42,10,
710535,譜瑞永豐61購01,0,0,0,---,---,---, ---,,,0.54,10,0.55,10,
710536,譜瑞永豐61購02,0,0,0,---,---,---, ---,,,0.43,10,0.44,10,
710537,譜瑞永豐61購03,0,0,0,---,---,---, ---,,,0.32,499,0.33,10,
710538,譜瑞永豐61購04,0,0,0,---,---,---, ---,,,0.72,499,0.73,10,
710539,譜瑞永豐64購01,0,0,0,---,---,---, ---,,,1.03,10,1.04,10,
710540,譜瑞永豐64購02,0,0,0,---,---,---, ---,,,0.89,10,0.90,10,
710541,譜瑞永豐67購01,"15,000",2,"20,050",1.31,1.35,1.31,1.35,-,0.07,1.34,10,1.35,10,
710542,久元國泰62購01,0,0,0,---,---,---, ---,,,0.83,499,0.84,100,
710543,久元國泰62購02,0,0,0,---,---,---, ---,,,0.54,499,0.55,100,
710545,巨有國泰62購01,"115,000",2,"67,850",0.59,0.59,0.59,0.59,-,0.04,0.58,499,0.59,100,
710546,竹陞國泰62購01,"400,000",21,"852,890",2.06,2.22,1.97,2.16,+,0.19,2.12,10,2.16,10,
710547,青雲國泰62購01,"302,000",7,"198,100",0.60,0.70,0.60,0.70,+,0.1,0.70,10,0.71,100,
710548,青雲國泰62購02,"120,000",6,"66,110",0.52,0.58,0.52,0.58,+,0.1,0.59,10,0.60,10,
710549,智通*國泰62購01,"10,000",1,"13,300",1.33,1.33,1.33,1.33,+,0.1,1.33,10,1.43,10,
710550,元太富邦64購01,"5,000",1,"1,150",0.23,0.23,0.23,0.23,-,0.03,0.23,10,0.24,28,
710551,安勤富邦62購01,"100,000",4,"44,000",0.44,0.44,0.44,0.44,-,0.04,0.43,10,0.44,28,
710552,譜瑞富邦63購01,0,0,0,---,---,---, ---,,,0.51,10,0.52,28,
710553,譜瑞富邦64購01,"1,000",1,560,0.56,0.56,0.56,0.56,-,0.03,0.56,9,0.57,28,
710554,宜鼎中信61購02,0,0,0,---,---,---, ---,,,0.36,499,0.37,10,
710556,竹陞永豐61購01,0,0,0,---,---,---, ---,,,1.55,499,1.58,10,
710557,竹陞永豐64購01,"59,000",4,"88,810",1.51,1.52,1.47,1.47,-,0.04,1.58,10,1.62,10,
710558,竹陞永豐65購01,"167,000",8,"182,130",1.04,1.11,1.04,1.11,+,0.05,1.10,10,1.12,10,
710559,均豪永豐64購01,"402,000",13,"377,840",0.92,1.01,0.91,0.99,+,0.02,0.96,10,0.98,10,
710560,宏捷科永豐61購01,"97,000",1,"60,140",0.62,0.62,0.62,0.62,+,0.06,0.56,499,0.57,10,
710561,宜鼎永豐61購03,0,0,0,---,---,---, ---,,,0.77,499,0.78,10,
710562,宜鼎永豐64購02,"76,000",2,"61,560",0.81,0.81,0.81,0.81,-,0.01,0.78,499,0.79,10,
710563,威剛永豐61購06,"70,000",1,"49,700",0.71,0.71,0.71,0.71,-,0.02,0.70,499,0.71,10,
710564,威剛永豐61購07,0,0,0,---,---,---, ---,,,0.57,499,0.58,10,
710565,茂達永豐61購02,"30,000",1,"16,500",0.55,0.55,0.55,0.55,-,0.07,0.57,499,0.58,10,
710566,家登永豐61購02,0,0,0,---,---,---, ---,,,1.04,499,1.05,10,
710567,富喬永豐61購03,"228,000",11,"172,490",0.76,0.79,0.71,0.74,-,0.02,0.78,10,0.79,10,
710568,富喬永豐66購02,"613,000",18,"692,440",1.15,1.16,1.07,1.11,+,0.04,1.14,499,1.15,10,
710569,群翊永豐61購01,"10,000",1,"8,800",0.88,0.88,0.88,0.88,-,0.08,0.84,499,0.85,10,
710570,群聯永豐61購02,0,0,0,---,---,---, ---,,,0.51,10,0.52,10,
710571,群聯永豐61購03,0,0,0,---,---,---, ---,,,0.48,499,0.49,10,
710572,群聯永豐65購06,0,0,0,---,---,---, ---,,,0.60,499,0.61,10,
710573,雙鴻永豐61購05,"206,000",13,"261,160",1.18,1.51,1.14,1.51,+,0.4,1.52,10,0.00,0,
710574,雙鴻永豐66購02,"316,000",19,"440,800",1.32,1.57,1.31,1.57,+,0.24,1.58,10,0.00,0,
710575,雙鴻永豐67購01,"354,000",20,"616,880",1.60,1.93,1.59,1.93,+,0.4,1.93,499,0.00,0,
710579,世界元大64購08,0,0,0,---,---,---, ---,,,0.08,125,0.00,0,
710580,世界元大66購05,0,0,0,---,---,---, ---,,,0.31,499,0.32,10,
710581,均豪元大61購01,"262,000",4,"127,480",0.48,0.49,0.45,0.45,-,0.05,0.50,25,0.51,10,
710582,宏捷科元大67購01,"396,000",10,"322,420",0.79,0.83,0.79,0.82,+,0.03,0.39,25,0.88,5,
710583,佳邦元大61購01,0,0,0,---,---,---, ---,,,0.18,499,0.19,10,
710584,欣銓元大61購01,"162,000",9,"174,130",1.10,1.11,1.07,1.11,-,0.09,1.07,499,1.08,10,
710585,原相元大61購01,"33,000",1,"23,760",0.72,0.72,0.72,0.72,-,0.12,0.69,499,0.70,10,
710586,富喬元大64購03,"4,131,000",40,"3,488,960",0.87,0.87,0.83,0.86,+,0.01,0.87,5,0.88,10,
710587,富喬元大65購03,"1,377,000",27,"1,337,220",0.95,1.00,0.93,0.99,+,0.03,0.99,500,1.00,10,
710588,群聯元大64購06,0,0,0,---,---,---, ---,,,1.23,499,1.24,10,
710589,臺慶科元大61購02,"51,000",2,"24,990",0.49,0.49,0.49,0.49,-,0.02,0.44,499,0.45,10,
710590,中美晶群益64購01,"946,000",14,"603,380",0.64,0.64,0.62,0.64,-,0.06,0.64,10,0.74,10,
710591,竹陞群益61購01,"551,000",18,"363,220",0.68,0.75,0.62,0.74,+,0.08,0.38,131,0.00,0,
710592,均豪群益61購01,"483,000",21,"672,770",1.34,1.49,1.24,1.41,+,0.01,0.73,13,0.00,0,
710593,佳邦群益61購01,"80,000",2,"53,600",0.67,0.67,0.67,0.67,-,0.1,0.64,25,0.65,10,
710594,宜特群益61購01,"99,000",2,"125,170",1.25,1.27,1.25,1.27,-,0.08,1.21,25,1.23,10,
710595,青雲群益62購01,"23,000",7,"48,410",1.90,2.18,1.90,2.18,+,0.68,0.00,0,0.00,0,
710596,臺慶科群益61購01,0,0,0,---,---,---, ---,,,0.13,25,0.14,10,
710597,中美晶國泰63購01,0,0,0,---,---,---, ---,,,1.27,499,1.28,100,
710598,家登國泰62購01,"102,000",3,"95,780",0.94,0.94,0.93,0.93,-,0.05,0.90,499,0.91,100,
710599,凡甲富邦63購02,"100,000",1,"51,000",0.51,0.51,0.51,0.51,-,0.0,0.50,10,0.51,28,
710601,宏觀富邦63購01,0,0,0,---,---,---, ---,,,0.26,10,0.27,28,
710602,茂達富邦63購01,0,0,0,---,---,---, ---,,,0.49,10,0.50,28,
710603,耕興富邦63購01,"65,000",2,"38,800",0.60,0.60,0.59,0.59,-,0.02,0.59,10,0.60,28,
710604,湧德富邦63購01,"293,000",17,"203,630",0.68,0.72,0.68,0.72,+,0.01,0.72,10,0.73,28,
710606,巨有凱基61購01,"3,000",3,510,0.17,0.17,0.17,0.17,-,0.02,0.16,100,0.17,10,
710607,宜鼎凱基61購01,0,0,0,---,---,---, ---,,,0.37,100,0.38,10,
710608,富喬凱基61購04,"904,000",11,"915,140",1.01,1.04,0.99,1.03,+,0.01,1.05,100,1.07,10,
710609,臺慶科凱基61購02,0,0,0,---,---,---, ---,,,0.14,100,0.15,50,
710610,雙鴻凱基64購01,"261,000",11,"493,720",1.72,1.99,1.63,1.93,+,0.29,2.13,47,0.00,0,
710611,中美晶台新61購02,"25,000",1,"33,750",1.35,1.35,1.35,1.35,-,0.23,1.37,25,1.39,10,
710612,宜特台新61購02,0,0,0,---,---,---, ---,,,0.54,25,0.55,10,
710613,宜鼎台新61購03,"171,000",1,"152,190",0.89,0.89,0.89,0.89,-,0.12,0.84,25,0.85,10,
710614,原相台新61購01,0,0,0,---,---,---, ---,,,0.92,25,0.93,10,
710615,原相台新61購02,0,0,0,---,---,---, ---,,,0.68,25,0.69,10,
710616,原相台新61購03,0,0,0,---,---,---, ---,,,0.53,25,0.54,10,
710617,鈊象台新61購01,"40,000",2,"29,010",0.73,0.73,0.72,0.72,-,0.02,0.83,25,0.85,10,
710618,群聯台新61購01,0,0,0,---,---,---, ---,,,1.21,25,1.22,10,
710619,九暘元大61購01,0,0,0,---,---,---, ---,,,0.30,499,0.33,10,
710621,台嘉碩元大61購01,0,0,0,---,---,---, ---,,,0.30,499,0.31,10,
710622,安可元大61購01,0,0,0,---,---,---, ---,,,0.52,499,0.56,10,
710623,竹陞元大61購01,"76,000",6,"64,740",0.85,0.87,0.84,0.84,+,0.01,0.89,499,0.90,10,
710624,宜鼎元大61購06,"183,000",4,"165,160",0.92,0.92,0.88,0.88,-,0.06,0.88,499,0.89,10,
710625,松上元大61購01,0,0,0,---,---,---, ---,,,0.29,499,0.32,10,
710626,品安元大61購01,"80,000",1,"22,400",0.28,0.28,0.28,0.28,-,0.02,0.27,499,0.28,10,
710627,茂達元大61購01,0,0,0,---,---,---, ---,,,0.48,499,0.58,10,
710628,晟田元大61購01,"5,000",1,"11,850",2.37,2.37,2.37,2.37,+,0.12,2.30,25,2.37,10,
710629,堡達元大61購01,0,0,0,---,---,---, ---,,,0.50,499,0.51,10,
710630,富喬元大61購08,"1,666,000",23,"1,759,510",1.09,1.09,1.00,1.08,-,0.0,1.08,499,1.09,10,
710631,富喬元大64購04,"903,000",32,"757,870",0.81,0.86,0.80,0.83,-,0.0,0.85,499,0.86,10,
710632,碩禾元大61購03,"100,000",1,"16,000",0.16,0.16,0.16,0.16,-,0.03,0.15,499,0.16,10,
710633,臺慶科元大64購01,"7,000",1,"5,250",0.75,0.75,0.75,0.75,-,0.05,0.72,499,0.73,10,
710634,臺慶科元大67購01,"32,000",1,"19,840",0.62,0.62,0.62,0.62,-,0.03,0.59,499,0.60,10,
710635,寶雅元大61購01,"13,000",3,"26,420",2.04,2.04,2.03,2.03,-,0.01,1.94,15,0.00,0,
710636,川寶國票65購01,0,0,0,---,---,---, ---,,,0.43,28,0.44,10,
710637,中美晶國票61購04,"20,000",1,"8,000",0.40,0.40,0.40,0.40,-,0.08,0.41,25,0.42,10,
710638,中裕國票65購01,"673,000",8,"415,440",0.63,0.64,0.61,0.61,-,0.05,0.61,25,0.62,10,
710639,日揚國票65購01,0,0,0,---,---,---, ---,,,0.46,25,0.47,10,
710640,安可國票61購01,0,0,0,---,---,---, ---,,,0.29,25,0.30,10,
710641,金雨國票65購01,"1,340,000",9,"254,700",0.19,0.20,0.19,0.19,-,0.02,0.19,25,0.20,10,
710642,品安國票65購01,0,0,0,---,---,---, ---,,,0.34,25,0.35,10,
710643,威潤國票65購01,0,0,0,---,---,---, ---,,,0.39,25,0.40,10,
710644,茂達國票65購01,0,0,0,---,---,---, ---,,,0.73,25,0.74,10,
710645,泰藝國票61購01,0,0,0,---,---,---, ---,,,0.35,25,0.36,10,
710646,晟田國票61購01,"26,000",3,"41,220",1.62,1.62,1.55,1.55,+,0.05,1.55,25,1.56,10,
710647,崇越電國票65購01,"15,000",2,"11,030",0.74,0.74,0.73,0.73,-,0.07,0.72,25,0.73,10,
710648,富強鑫國票65購01,0,0,0,---,---,---, ---,,,0.71,25,0.72,10,
710649,瑞耘國票65購01,"90,000",13,"69,890",0.74,0.79,0.74,0.78,+,0.09,0.78,10,0.79,10,
710650,精拓科國票65購01,"49,000",1,"24,010",0.49,0.49,0.49,0.49,-,0.0,0.48,25,0.49,10,
710651,廣積國票65購01,0,0,0,---,---,---, ---,,,0.85,25,0.86,10,
710652,璟德國票65購01,"30,000",1,"20,400",0.68,0.68,0.68,0.68,-,0.05,0.66,25,0.67,10,
710654,中美晶群益63購01,"10,000",1,"7,300",0.73,0.73,0.73,0.73,-,0.06,0.73,10,0.83,10,
710655,世紀*群益62購01,0,0,0,---,---,---, ---,,,0.00,0,0.00,0,
710656,台嘉碩群益61購01,0,0,0,---,---,---, ---,,,0.63,25,0.64,10,
710657,台嘉碩群益61購02,0,0,0,---,---,---, ---,,,0.42,25,0.43,10,
710658,巨漢群益61購01,0,0,0,---,---,---, ---,,,0.45,10,0.55,10,
710659,宜鼎群益61購01,0,0,0,---,---,---, ---,,,0.92,100,0.93,100,
710660,東浦群益61購01,0,0,0,---,---,---, ---,,,0.00,0,0.00,0,
710661,東浦群益61購02,0,0,0,---,---,---, ---,,,0.00,0,0.00,0,
710662,國眾群益64購01,0,0,0,---,---,---, ---,,,0.76,10,0.86,10,
710663,堡達群益61購01,0,0,0,---,---,---, ---,,,0.22,10,0.32,10,
710664,晶宏群益61購01,"122,000",4,"101,400",0.80,0.88,0.80,0.88,+,0.09,0.93,25,0.94,10,
710665,陽程群益61購01,0,0,0,---,---,---, ---,,,0.00,0,0.00,0,
710666,九暘凱基61購01,0,0,0,---,---,---, ---,,,0.13,100,0.14,10,
710667,川寶凱基61購01,"113,000",12,"49,530",0.46,0.46,0.41,0.41,-,0.05,0.41,10,0.42,10,
710668,中美晶凱基61購06,0,0,0,---,---,---, ---,,,0.81,100,0.82,10,
710669,日揚凱基61購01,"150,000",15,"70,500",0.47,0.47,0.47,0.47,-,0.03,0.45,10,0.46,10,
710670,世界凱基66購01,0,0,0,---,---,---, ---,,,0.44,100,0.45,30,
710671,加高凱基61購01,0,0,0,---,---,---, ---,,,0.19,10,0.20,10,
710672,加高凱基61購02,0,0,0,---,---,---, ---,,,0.25,10,0.26,10,
710673,台嘉碩凱基61購01,0,0,0,---,---,---, ---,,,0.23,10,0.24,10,
710674,台嘉碩凱基61購02,0,0,0,---,---,---, ---,,,0.25,10,0.26,10,
710675,全宇昕凱基61購01,"10,000",1,"6,800",0.68,0.68,0.68,0.68,-,0.05,0.67,10,0.68,10,
710676,邑錡凱基61購01,"220,000",21,"111,500",0.51,0.52,0.48,0.50,-,0.03,0.46,100,0.47,10,
710677,奇鈦科凱基61購01,"17,000",7,"6,130",0.36,0.38,0.35,0.35,-,0.04,0.35,10,0.36,10,
710678,東浦凱基61購01,"10,000",1,"3,300",0.33,0.33,0.33,0.33,-,0.03,0.36,10,0.46,10,
710679,杰力凱基61購01,0,0,0,---,---,---, ---,,,0.43,100,0.44,10,
710680,茂達凱基61購01,0,0,0,---,---,---, ---,,,0.40,10,0.41,50,
710681,泰藝凱基61購01,0,0,0,---,---,---, ---,,,0.17,10,0.18,10,
710682,高僑凱基61購01,"30,000",3,"10,500",0.35,0.35,0.35,0.35,-,0.04,0.34,10,0.35,10,
710683,崇越電凱基61購01,"1,137,000",41,"1,039,700",1.00,1.00,0.90,0.91,-,0.19,0.91,10,0.92,30,
710684,堡達凱基61購01,0,0,0,---,---,---, ---,,,0.31,10,0.32,10,
710685,晶宏凱基61購01,"146,000",19,"127,080",0.74,0.91,0.74,0.91,+,0.23,0.89,10,0.90,10,
710686,越峰凱基61購01,0,0,0,---,---,---, ---,,,0.09,100,0.10,10,
710687,陽程凱基61購02,"44,000",12,"152,070",3.35,3.69,3.34,3.69,+,0.79,3.65,10,0.00,0,
710688,碩禾凱基61購01,"53,000",6,"9,740",0.18,0.19,0.18,0.18,-,0.03,0.17,10,0.00,0,
710691,中美晶台新61購03,"400,000",3,"272,000",0.66,0.70,0.66,0.70,-,0.1,0.68,25,0.69,10,
710692,中美晶台新63購02,0,0,0,---,---,---, ---,,,0.69,25,0.70,10,
710693,世界台新61購01,"30,000",1,"8,100",0.27,0.27,0.27,0.27,-,0.05,0.28,25,0.29,10,
710694,台嘉碩台新61購01,0,0,0,---,---,---, ---,,,0.42,25,0.43,10,
710695,台嘉碩台新61購02,0,0,0,---,---,---, ---,,,0.31,25,0.32,10,
710696,巨漢台新61購01,0,0,0,---,---,---, ---,,,0.53,25,0.54,10,
710697,巨漢台新61購02,0,0,0,---,---,---, ---,,,0.30,25,0.31,10,
710698,全宇昕台新61購01,"519,000",11,"388,390",0.74,0.77,0.73,0.73,-,0.1,0.74,25,0.75,10,
710699,欣銓台新61購01,0,0,0,---,---,---, ---,,,0.74,25,0.75,10,
710700,欣銓台新61購02,"8,000",1,"5,840",0.73,0.73,0.73,0.73,-,0.07,0.80,25,0.81,10,
710701,威剛台新61購02,0,0,0,---,---,---, ---,,,0.84,25,0.85,10,
710702,家登台新61購01,"10,000",1,"6,000",0.60,0.60,0.60,0.60,-,0.07,0.60,25,0.61,10,
710703,家登台新64購01,"58,000",2,"50,620",0.89,0.89,0.79,0.79,-,0.07,0.80,25,0.81,10,
710704,威剛中信61購01,0,0,0,---,---,---, ---,,,0.34,499,0.35,10,
710705,九暘永豐61購01,0,0,0,---,---,---, ---,,,0.18,10,0.19,10,
710706,久禾光永豐61購01,0,0,0,---,---,---, ---,,,0.27,499,0.28,10,
710707,川寶永豐61購01,0,0,0,---,---,---, ---,,,0.34,10,0.35,10,
710708,加高永豐61購01,0,0,0,---,---,---, ---,,,0.29,499,0.30,10,
710709,台嘉碩永豐61購01,0,0,0,---,---,---, ---,,,0.30,10,0.31,10,
710710,巨漢永豐61購01,0,0,0,---,---,---, ---,,,0.46,10,0.47,10,
710711,立盈永豐61購01,0,0,0,---,---,---, ---,,,0.63,10,0.69,10,
710712,全宇昕永豐61購01,0,0,0,---,---,---, ---,,,0.35,499,0.36,10,
710713,利機永豐61購01,0,0,0,---,---,---, ---,,,0.92,10,0.93,10,
710714,良維永豐61購01,"80,000",1,"60,000",0.75,0.75,0.75,0.75,+,0.11,0.69,499,0.70,10,
710715,奇鈦科永豐61購01,"3,000",1,930,0.31,0.31,0.31,0.31,-,0.03,0.30,13,0.31,10,
710716,奇鈦科永豐61購02,"2,000",1,700,0.35,0.35,0.35,0.35,-,0.04,0.34,10,0.35,10,
710717,東浦永豐61購01,0,0,0,---,---,---, ---,,,0.35,499,0.36,10,
710718,杰力永豐61購01,"9,000",1,"3,420",0.38,0.38,0.38,0.38,-,0.05,0.38,10,0.39,10,
710719,欣銓永豐64購02,0,0,0,---,---,---, ---,,,0.90,499,0.91,10,
710720,信音永豐61購01,0,0,0,---,---,---, ---,,,0.36,10,0.37,10,
710721,泰藝永豐61購01,0,0,0,---,---,---, ---,,,0.28,10,0.29,10,
710722,泰藝永豐61購02,0,0,0,---,---,---, ---,,,0.19,499,0.20,10,
710723,崇越電永豐61購01,"687,000",45,"633,310",0.98,0.98,0.89,0.90,-,0.16,0.90,8,0.91,10,
710724,崇越電永豐61購02,"566,000",10,"534,520",1.02,1.02,0.92,0.92,-,0.21,0.93,10,0.94,10,
710725,堡達永豐61購01,0,0,0,---,---,---, ---,,,0.48,499,0.49,10,
710726,堡達永豐64購01,0,0,0,---,---,---, ---,,,0.60,499,0.61,10,
710727,晶宏永豐61購01,"21,000",1,"21,000",1.00,1.00,1.00,1.00,+,0.14,1.08,10,1.09,10,
710728,華洋永豐61購01,"230,000",6,"98,800",0.45,0.45,0.41,0.41,-,0.02,0.42,20,0.43,10,
710729,越峰永豐61購01,0,0,0,---,---,---, ---,,,0.12,10,0.13,10,
710730,陽程永豐61購01,0,0,0,---,---,---, ---,,,3.13,499,0.00,0,
710731,碩禾永豐61購01,0,0,0,---,---,---, ---,,,0.16,10,0.17,10,
710732,精星永豐61購01,0,0,0,---,---,---, ---,,,0.62,10,0.63,10,
710733,寬魚永豐61購01,0,0,0,---,---,---, ---,,,0.37,10,0.38,10,
710734,寬魚永豐61購02,0,0,0,---,---,---, ---,,,0.45,10,0.46,10,
710735,威剛國泰62購01,0,0,0,---,---,---, ---,,,1.55,499,1.56,100,
710736,立碁富邦61購01,"178,000",13,"253,480",1.30,1.57,1.30,1.55,+,0.3,1.58,30,0.00,0,
710737,均豪富邦61購02,"441,000",9,"146,460",0.33,0.36,0.30,0.36,+,0.04,0.34,10,0.35,28,
710739,中美晶國票65購01,"3,000",1,"2,790",0.93,0.93,0.93,0.93,-,0.05,0.92,25,0.93,10,
710740,竹陞國票65購01,"65,000",4,"59,700",0.89,0.94,0.89,0.94,+,0.06,0.93,25,0.94,10,
710741,松上國票61購01,0,0,0,---,---,---, ---,,,0.19,25,0.20,10,
710742,欣銓國票61購03,"313,000",8,"215,190",0.70,0.73,0.67,0.73,-,0.07,0.71,25,0.72,10,
710743,青雲國票61購01,"939,000",18,"1,122,980",1.13,1.28,1.09,1.28,+,0.23,1.27,25,1.28,10,
710744,盈正國票65購01,0,0,0,---,---,---, ---,,,0.40,25,0.41,10,
710745,茂達國票65購02,0,0,0,---,---,---, ---,,,0.61,25,0.62,10,
710746,家登國票61購01,0,0,0,---,---,---, ---,,,0.79,25,0.80,10,
710747,堡達國票61購01,0,0,0,---,---,---, ---,,,0.28,25,0.29,10,
710748,翔名國票65購01,"36,000",1,"20,520",0.57,0.57,0.57,0.57,-,0.0,0.55,25,0.56,10,
710749,華洋國票65購01,"499,000",2,"254,490",0.51,0.51,0.51,0.51,-,0.01,0.51,25,0.53,10,
710750,勤凱國票61購01,0,0,0,---,---,---, ---,,,0.43,25,0.44,10,
710751,頎邦國票65購01,"145,000",5,"92,700",0.64,0.64,0.62,0.62,-,0.07,0.63,25,0.64,10,
710752,璟德國票61購01,0,0,0,---,---,---, ---,,,0.57,25,0.58,10,
710753,擎邦國票61購01,"310,000",3,"146,700",0.48,0.48,0.47,0.47,-,0.02,0.47,25,0.48,10,
710754,耀穎國票65購01,"1,558,000",7,"457,400",0.31,0.31,0.28,0.28,-,0.01,0.28,25,0.29,10,
710755,大中元大61購01,0,0,0,---,---,---, ---,,,0.43,499,0.53,10,
710756,大中元大67購01,0,0,0,---,---,---, ---,,,0.49,499,0.59,10,
710757,加高元大61購01,0,0,0,---,---,---, ---,,,0.30,499,0.31,10,
710758,佳邦元大61購02,0,0,0,---,---,---, ---,,,0.30,499,0.31,10,
710759,茂達元大61購02,0,0,0,---,---,---, ---,,,0.40,499,0.50,10,
710760,泰藝元大61購01,0,0,0,---,---,---, ---,,,0.27,499,0.31,10,
710761,華景電元大64購01,0,0,0,---,---,---, ---,,,0.68,499,0.69,10,
710762,聖暉*元大61購02,"200,000",1,"28,000",0.14,0.14,0.14,0.14,-,0.01,0.13,499,0.14,10,
710763,頎邦元大61購01,0,0,0,---,---,---, ---,,,0.75,499,0.85,10,
710764,璟德元大61購02,"30,000",1,"10,200",0.34,0.34,0.34,0.34,-,0.03,0.33,499,0.34,10,
710765,大中凱基61購01,0,0,0,---,---,---, ---,,,0.30,10,0.31,50,
710766,竹陞凱基61購02,"532,000",31,"258,620",0.49,0.55,0.45,0.55,+,0.07,0.53,100,0.54,10,
710767,宜特凱基61購03,0,0,0,---,---,---, ---,,,0.14,100,0.15,50,
710768,欣銓凱基61購02,"204,000",4,"193,520",0.93,0.96,0.93,0.94,-,0.15,0.93,100,0.94,10,
710769,茂達凱基61購02,0,0,0,---,---,---, ---,,,0.41,10,0.42,50,
710770,富喬凱基61購05,"409,000",13,"519,420",1.31,1.31,1.18,1.27,+,0.02,1.29,100,1.31,10,
710771,聖暉*凱基61購02,0,0,0,---,---,---, ---,,,0.09,100,0.10,50,
710772,璟德凱基64購01,"31,000",3,"15,720",0.52,0.52,0.50,0.50,-,0.06,0.50,10,0.52,10,
710773,中美晶永豐61購01,0,0,0,---,---,---, ---,,,0.70,10,0.71,10,
710774,中美晶永豐61購02,0,0,0,---,---,---, ---,,,0.42,10,0.43,10,
710775,元太永豐61購04,"25,000",2,"9,250",0.37,0.37,0.37,0.37,-,0.03,0.37,10,0.38,10,
710776,台嘉碩永豐61購02,0,0,0,---,---,---, ---,,,0.32,499,0.33,10,
710777,竹陞永豐63購01,0,0,0,---,---,---, ---,,,1.19,499,1.21,10,
710778,宜鼎永豐66購01,"260,000",6,"292,000",1.12,1.14,1.12,1.12,-,0.11,1.09,10,1.10,10,
710779,昇佳電永豐61購01,0,0,0,---,---,---, ---,,,0.48,499,0.49,10,
710780,茂達永豐64購01,0,0,0,---,---,---, ---,,,0.48,499,0.49,10,
710781,能率亞永豐61購01,0,0,0,---,---,---, ---,,,0.81,10,0.83,10,
710782,高僑永豐61購01,0,0,0,---,---,---, ---,,,0.27,499,0.28,10,
710783,閎康永豐61購02,0,0,0,---,---,---, ---,,,0.45,10,0.46,10,
710784,新漢永豐61購01,0,0,0,---,---,---, ---,,,0.85,499,0.86,10,
710785,頎邦永豐61購02,"63,000",3,"26,600",0.44,0.44,0.40,0.42,-,0.08,0.42,10,0.43,10,
710786,頎邦永豐64購01,"10,000",1,"7,900",0.79,0.79,0.79,0.79,-,0.11,0.80,10,0.81,10,
710787,璟德永豐61購02,"5,000",1,"2,300",0.46,0.46,0.46,0.46,-,0.05,0.45,10,0.47,10,
710788,寶雅永豐61購01,"132,000",4,"113,490",0.88,0.88,0.85,0.85,-,0.02,0.89,10,0.90,10,
710789,大中台新61購02,0,0,0,---,---,---, ---,,,0.20,25,0.21,10,
710790,巨有台新61購01,0,0,0,---,---,---, ---,,,0.19,25,0.20,10,
710791,立碁台新61購01,"18,000",2,"30,500",1.69,1.77,1.69,1.77,+,0.31,1.76,25,0.00,0,
710792,竹陞台新61購02,0,0,0,---,---,---, ---,,,0.98,25,1.08,10,
710793,宜鼎台新61購04,"154,000",1,"81,620",0.53,0.53,0.53,0.53,-,0.03,0.53,25,0.54,10,
710794,晟田台新61購01,"12,000",2,"14,420",1.21,1.21,1.20,1.20,+,0.04,1.17,25,1.27,10,
710795,新漢台新61購01,0,0,0,---,---,---, ---,,,0.62,25,0.63,10,
710796,新漢台新64購01,0,0,0,---,---,---, ---,,,0.84,25,0.85,10,
710797,群聯台新61購02,0,0,0,---,---,---, ---,,,2.03,25,2.04,10,
710798,中美晶富邦61購02,"50,000",2,"20,300",0.41,0.41,0.40,0.40,-,0.07,0.41,30,0.42,28,
710799,欣銓富邦61購01,"103,000",2,"37,050",0.35,0.36,0.35,0.36,-,0.05,0.35,10,0.36,28,
710800,陽程富邦61購01,"17,000",8,"39,770",2.25,2.77,2.18,2.77,+,0.57,2.62,50,2.85,7,
710801,頎邦富邦63購01,"85,000",4,"38,270",0.45,0.46,0.45,0.45,-,0.04,0.44,10,0.45,28,
710802,頎邦富邦64購01,0,0,0,---,---,---, ---,,,0.46,10,0.47,28,
710803,久元群益63購01,0,0,0,---,---,---, ---,,,0.30,10,0.40,10,
710804,大中群益61購01,0,0,0,---,---,---, ---,,,0.12,25,0.13,10,
710805,中美晶群益61購01,"56,000",5,"105,830",1.97,1.97,1.81,1.81,-,0.45,1.95,10,2.05,10,
710806,世界群益61購02,"123,000",4,"95,890",0.77,0.78,0.77,0.78,-,0.15,0.42,23,0.00,0,
710807,台特化群益61購01,0,0,0,---,---,---, ---,,,0.60,16,0.00,0,
710808,均豪群益61購02,"224,000",10,"382,840",1.68,1.78,1.63,1.72,-,0.07,0.87,11,0.00,0,
710809,良維群益61購03,"10,000",2,"13,200",1.28,1.36,1.28,1.36,+,0.12,1.23,10,1.33,10,
710810,杰力群益61購01,0,0,0,---,---,---, ---,,,0.44,10,0.54,10,
710811,威剛群益61購04,"80,000",1,"75,200",0.94,0.94,0.94,0.94,-,0.03,0.93,100,0.94,100,
710812,茂達群益61購01,0,0,0,---,---,---, ---,,,0.32,25,0.33,10,
710813,能率群益61購01,0,0,0,---,---,---, ---,,,0.88,10,0.98,10,
710814,翔名群益61購01,0,0,0,---,---,---, ---,,,0.00,0,0.00,0,
710815,鈊象群益64購01,"98,000",20,"23,490",0.23,0.25,0.23,0.25,+,0.01,0.24,5,0.26,36,
710816,群聯群益67購02,"180,000",9,"349,220",1.92,1.98,1.92,1.94,+,0.03,1.95,100,1.97,100,
710817,頎邦群益61購01,"234,000",8,"119,820",0.52,0.53,0.50,0.50,-,0.1,0.50,10,0.60,10,
710818,頎邦群益61購02,0,0,0,---,---,---, ---,,,0.41,10,0.51,10,
710819,雙鴻群益61購01,"88,000",3,"244,760",2.69,2.93,2.69,2.93,+,0.51,1.92,26,0.00,0,
710821,世紀*凱基61購02,0,0,0,---,---,---, ---,,,0.00,0,0.00,0,
710822,良維凱基61購02,"102,000",8,"127,370",1.22,1.32,1.17,1.17,+,0.02,1.16,100,1.18,10,
710823,昇佳電凱基61購01,0,0,0,---,---,---, ---,,,0.46,10,0.47,10,
710824,家登凱基61購01,"53,000",2,"50,080",0.95,0.95,0.86,0.86,-,0.1,0.81,100,0.82,30,
710825,翔名凱基61購01,0,0,0,---,---,---, ---,,,0.19,10,0.20,50,
710826,頎邦凱基61購01,"190,000",11,"42,800",0.25,0.25,0.21,0.24,-,0.06,0.22,100,0.32,190,
710827,精材凱基61購06,"366,000",16,"875,140",2.05,2.63,2.05,2.63,+,0.62,2.62,39,2.64,10,
710828,竹陞台新61購03,"55,000",10,"39,860",0.73,0.81,0.67,0.81,+,0.13,0.79,10,0.00,0,
710829,朋程台新61購01,0,0,0,---,---,---, ---,,,0.43,25,0.44,10,
710830,朋程台新62購01,"23,000",1,"12,190",0.53,0.53,0.53,0.53,-,0.11,0.52,25,0.53,10,
710831,朋程台新63購01,0,0,0,---,---,---, ---,,,1.49,25,1.51,10,
710832,朋程台新64購01,0,0,0,---,---,---, ---,,,0.73,25,0.74,10,
710833,博大台新61購01,0,0,0,---,---,---, ---,,,0.64,25,0.66,10,
710834,群聯台新61購03,0,0,0,---,---,---, ---,,,1.25,25,1.35,10,
710835,群聯台新67購01,0,0,0,---,---,---, ---,,,0.76,25,0.77,10,
710836,群聯台新67購02,0,0,0,---,---,---, ---,,,0.55,25,0.56,10,
710837,頎邦台新61購01,"290,000",28,"178,000",0.65,0.65,0.57,0.61,-,0.08,0.60,25,0.94,22,
710838,頎邦台新61購02,"2,339,000",44,"1,194,380",0.52,0.54,0.49,0.51,-,0.08,0.51,25,0.52,10,
710839,驊訊台新61購01,"3,000",1,"1,110",0.37,0.37,0.37,0.37,-,0.03,0.37,25,0.38,10,
710840,驊訊台新61購02,0,0,0,---,---,---, ---,,,0.21,25,0.22,10,
710841,力致永豐61購01,"30,000",1,"13,800",0.46,0.46,0.46,0.46,-,0.02,0.43,499,0.44,10,
710842,中美晶永豐65購02,"8,000",4,"7,680",0.97,0.97,0.93,0.93,-,0.1,0.97,10,0.98,10,
710843,世紀*永豐61購01,"7,000",3,"22,360",3.28,3.28,3.18,3.18,-,0.93,3.79,10,4.87,5,
710844,神準永豐65購01,0,0,0,---,---,---, ---,,,0.72,499,0.75,10,
710845,翔名永豐61購01,0,0,0,---,---,---, ---,,,0.29,499,0.30,10,
710846,翔名永豐65購01,0,0,0,---,---,---, ---,,,0.47,499,0.48,10,
710847,榮剛永豐61購01,"91,000",6,"71,780",0.81,0.81,0.78,0.79,-,0.03,0.78,20,0.79,10,
710848,榮剛永豐61購02,"8,000",2,"4,640",0.58,0.58,0.58,0.58,-,0.05,0.60,499,0.61,10,
710849,九暘國票65購01,0,0,0,---,---,---, ---,,,0.25,25,0.26,10,
710850,大中國票61購01,"35,000",3,"11,000",0.32,0.32,0.30,0.30,-,0.05,0.27,25,0.28,10,
710851,中菲行國票65購01,0,0,0,---,---,---, ---,,,0.53,25,0.54,10,
710852,友威科國票65購01,"5,000",2,"2,000",0.40,0.40,0.40,0.40,+,0.01,0.39,25,0.40,10,
710853,全宇昕國票65購01,"16,000",1,"7,360",0.46,0.46,0.46,0.46,-,0.02,0.45,25,0.47,10,
710854,竹陞國票66購01,"25,000",3,"16,120",0.64,0.66,0.64,0.66,-,0.02,0.67,25,0.68,10,
710855,邑錡國票61購01,"20,000",1,"7,400",0.37,0.37,0.37,0.37,-,0.0,0.35,25,0.36,10,
710856,邑錡國票63購01,"7,000",1,"3,990",0.57,0.57,0.57,0.57,+,0.02,0.54,25,0.55,10,
710857,尚凡*國票65購01,0,0,0,---,---,---, ---,,,0.49,25,0.50,10,
710858,易發國票65購01,"2,838,000",26,"1,382,380",0.49,0.51,0.48,0.51,+,0.08,0.51,1,0.52,10,
710859,昇佳電國票65購01,0,0,0,---,---,---, ---,,,0.35,25,0.36,10,
710860,佶優國票61購01,"100,000",2,"50,000",0.50,0.50,0.50,0.50,-,0.0,0.48,25,0.49,10,
710861,佶優國票63購01,0,0,0,---,---,---, ---,,,0.45,25,0.46,10,
710862,茂訊國票65購01,0,0,0,---,---,---, ---,,,0.59,25,0.60,10,
710863,原相國票61購01,0,0,0,---,---,---, ---,,,0.61,25,0.62,10,
710864,振曜國票65購01,0,0,0,---,---,---, ---,,,0.37,25,0.38,10,
710865,泰詠國票65購01,0,0,0,---,---,---, ---,,,0.48,25,0.49,10,
710866,健喬國票65購01,"207,000",5,"130,410",0.63,0.63,0.63,0.63,+,0.01,0.62,25,0.63,10,
710867,國眾國票65購01,0,0,0,---,---,---, ---,,,0.41,25,0.42,10,
710868,博大國票65購01,0,0,0,---,---,---, ---,,,0.52,25,0.53,10,
710869,普萊德國票65購01,0,0,0,---,---,---, ---,,,0.49,25,0.50,10,
710870,晶宏國票65購01,"16,000",2,"14,570",0.89,0.92,0.89,0.92,+,0.16,0.90,25,0.91,10,
710871,越峰國票65購01,0,0,0,---,---,---, ---,,,0.20,25,0.21,10,
710872,萬泰科國票61購02,0,0,0,---,---,---, ---,,,0.60,25,0.61,10,
710873,碩禾國票65購01,"30,000",2,"6,300",0.21,0.21,0.21,0.21,-,0.01,0.20,45,0.21,10,
710874,聚和國票61購02,0,0,0,---,---,---, ---,,,0.58,25,0.59,10,
710875,鐿鈦國票65購01,"17,000",1,"11,390",0.67,0.67,0.67,0.67,-,0.02,0.67,25,0.69,10,
710876,竹陞國泰63購01,"40,000",3,"38,000",0.94,1.04,0.94,1.04,+,0.09,1.00,10,1.01,10,
710877,青雲國泰62購03,"315,000",9,"433,100",1.30,1.48,1.30,1.48,+,0.25,1.48,10,1.49,10,
710878,茂達國泰62購01,0,0,0,---,---,---, ---,,,0.55,499,0.56,100,
710879,精材國泰62購01,"319,000",18,"1,007,780",2.87,3.36,2.87,3.36,+,0.66,3.39,499,3.40,100,
710880,大中富邦61購01,0,0,0,---,---,---, ---,,,0.12,10,0.13,28,
710881,宜鼎富邦61購02,"532,000",10,"206,380",0.38,0.41,0.38,0.38,-,0.03,0.38,10,0.39,28,
710883,宜鼎群益61購02,0,0,0,---,---,---, ---,,,0.77,100,0.78,100,
710884,宜鼎群益61購03,0,0,0,---,---,---, ---,,,0.66,100,0.67,100,
710885,威剛群益61購05,"91,000",1,"74,620",0.82,0.82,0.82,0.82,+,0.01,0.80,100,0.81,100,
710886,建榮群益62購01,"16,000",2,"9,860",0.61,0.62,0.61,0.62,+,0.04,0.54,25,0.55,10,
710887,群聯群益67購03,"54,000",2,"156,320",2.88,2.92,2.88,2.92,-,0.06,2.91,100,2.93,100,
710888,精材群益64購01,"255,000",16,"343,490",1.35,1.45,1.22,1.45,+,0.26,1.01,9,1.55,20,
710889,精剛群益61購01,0,0,0,---,---,---, ---,,,0.54,25,0.55,10,
710890,精剛群益61購02,0,0,0,---,---,---, ---,,,0.57,25,0.59,10,
710891,聚和群益61購01,0,0,0,---,---,---, ---,,,0.55,25,0.56,10,
710892,雙鴻群益61購02,"213,000",11,"803,600",3.47,4.16,3.32,4.16,+,0.76,3.33,3,0.00,0,
710893,中美晶元大64購01,"10,000",2,"12,620",1.27,1.27,1.26,1.26,-,0.09,1.25,499,1.26,10,
710894,中美晶元大66購04,"5,000",1,"5,700",1.14,1.14,1.14,1.14,-,0.09,1.12,499,1.13,10,
710895,台嘉碩元大61購02,0,0,0,---,---,---, ---,,,0.51,499,0.52,10,
710896,均豪元大61購02,"544,000",18,"327,150",0.57,0.64,0.55,0.63,+,0.02,0.61,10,0.62,10,
710897,宜特元大65購01,0,0,0,---,---,---, ---,,,0.82,499,0.83,10,
710898,宜特元大67購02,0,0,0,---,---,---, ---,,,0.49,499,0.50,10,
710899,欣銓元大61購02,"397,000",7,"356,330",0.91,0.91,0.89,0.90,-,0.08,0.89,499,0.90,10,
710900,家登元大61購02,"38,000",2,"44,660",1.19,1.19,1.17,1.17,-,0.0,1.13,25,1.14,10,
710901,能率元大61購02,"235,000",14,"258,610",1.15,1.15,1.06,1.06,-,0.11,1.05,499,1.07,10,
710902,臺慶科元大64購02,"10,000",1,"5,700",0.57,0.57,0.57,0.57,-,0.12,0.57,499,0.58,10,
710903,鑫科元大61購01,0,0,0,---,---,---, ---,,,0.31,499,0.35,10,
710904,太普高國票65購01,0,0,0,---,---,---, ---,,,0.28,25,0.29,10,
710905,安碁國票61購01,"10,000",1,"5,800",0.58,0.58,0.58,0.58,-,0.03,0.57,25,0.58,10,
710906,利機國票61購01,0,0,0,---,---,---, ---,,,0.68,25,0.69,10,
710907,杰力國票65購01,0,0,0,---,---,---, ---,,,0.38,25,0.39,10,
710908,倉和國票65購01,0,0,0,---,---,---, ---,,,1.71,25,1.73,10,
710909,晟田國票61購02,0,0,0,---,---,---, ---,,,1.07,25,1.08,10,
710910,創泓國票61購01,"150,000",6,"212,600",1.45,1.47,1.37,1.38,-,0.2,1.37,25,1.38,10,
710911,博大國票61購01,0,0,0,---,---,---, ---,,,0.32,25,0.33,10,
710912,新普國票65購01,0,0,0,---,---,---, ---,,,0.59,25,0.60,10,
710913,聖暉*國票65購01,0,0,0,---,---,---, ---,,,0.24,25,0.25,10,
710914,類比科國票61購01,"10,000",1,"4,500",0.45,0.45,0.45,0.45,-,0.01,0.52,25,0.53,10,
710915,寶雅國票61購03,"21,000",3,"19,690",0.94,0.94,0.93,0.93,+,0.02,0.91,25,0.92,10,
710916,驊訊國票61購01,0,0,0,---,---,---, ---,,,0.27,25,0.28,10,
710917,大中凱基61購02,0,0,0,---,---,---, ---,,,0.10,100,0.11,50,
710918,中美晶凱基66購01,0,0,0,---,---,---, ---,,,0.83,100,0.84,10,
710919,台嘉碩凱基61購03,0,0,0,---,---,---, ---,,,0.35,10,0.36,10,
710920,宏觀凱基61購04,0,0,0,---,---,---, ---,,,0.31,10,0.34,10,
710921,宜鼎凱基61購02,"702,000",14,"495,660",0.68,0.73,0.67,0.69,-,0.06,0.67,100,0.69,10,
710922,欣銓凱基61購03,"5,000",1,"3,000",0.60,0.60,0.60,0.60,+,0.03,0.58,100,0.59,10,
710923,威剛凱基61購03,"264,000",11,"316,130",1.20,1.21,1.18,1.19,-,0.0,1.19,10,1.20,30,
710924,茂達凱基61購03,0,0,0,---,---,---, ---,,,0.25,10,0.26,50,
710925,博大凱基61購01,0,0,0,---,---,---, ---,,,0.38,100,0.39,10,
710926,群聯凱基61購07,"217,000",8,"303,930",1.37,1.45,1.37,1.41,+,0.04,1.39,100,1.41,10,
710927,雙鴻凱基61購05,"1,000",1,"2,830",2.83,2.83,2.83,2.83,+,0.73,3.16,100,0.00,0,
710928,大中群益61購02,0,0,0,---,---,---, ---,,,0.18,25,0.19,10,
710930,欣銓群益61購01,0,0,0,---,---,---, ---,,,0.00,0,0.00,0,
710931,茂達群益61購02,0,0,0,---,---,---, ---,,,0.29,25,0.30,10,
710932,家登群益61購04,"25,000",2,"37,600",1.52,1.52,1.50,1.50,+,0.07,0.65,15,0.00,0,
710933,新普群益61購01,"1,000",1,590,0.59,0.59,0.59,0.59,-,0.0,0.56,100,0.57,100,
710934,新普群益61購02,0,0,0,---,---,---, ---,,,0.67,100,0.68,100,
710935,精材群益64購02,"216,000",15,"309,200",1.41,1.57,1.37,1.57,+,0.22,1.61,10,1.68,15,
710936,中美晶國泰64購01,"5,000",1,"5,600",1.12,1.12,1.12,1.12,-,0.17,1.16,499,1.17,100,
710938,威剛富邦64購01,0,0,0,---,---,---, ---,,,0.44,30,0.45,28,
710939,茂達富邦63購02,0,0,0,---,---,---, ---,,,0.39,10,0.40,28,
710940,華電網富邦63購01,0,0,0,---,---,---, ---,,,0.33,10,0.34,28,
710941,萬泰科富邦63購02,0,0,0,---,---,---, ---,,,0.30,10,0.31,28,
710942,群聯中信67購01,0,0,0,---,---,---, ---,,,0.50,10,0.51,10,
710944,艾訊永豐61購01,0,0,0,---,---,---, ---,,,0.29,10,0.30,10,
710945,杰力永豐64購01,"17,000",2,"8,770",0.52,0.52,0.51,0.51,-,0.07,0.51,499,0.52,10,
710946,長聖永豐61購01,"15,000",2,"9,300",0.62,0.62,0.62,0.62,-,0.02,0.58,10,0.59,10,
710947,威剛永豐61購08,0,0,0,---,---,---, ---,,,0.68,499,0.69,10,
710948,威剛永豐64購03,"22,000",1,"19,800",0.90,0.90,0.90,0.90,-,0.0,0.89,10,0.90,10,
710949,茂達永豐65購01,0,0,0,---,---,---, ---,,,0.38,10,0.39,10,
710950,倉和永豐61購01,"7,000",5,"19,560",2.78,2.88,2.77,2.77,+,0.15,2.69,10,2.75,10,
710951,倉和永豐64購01,"101,000",2,"342,390",3.39,3.39,3.39,3.39,+,0.08,3.39,499,3.45,10,
710952,宸曜永豐61購01,"25,000",1,"20,000",0.80,0.80,0.80,0.80,-,0.0,0.77,499,0.78,10,
710953,宸曜永豐67購01,"50,000",1,"71,500",1.43,1.43,1.43,1.43,+,0.01,1.40,10,1.41,10,
710954,耕興永豐61購01,0,0,0,---,---,---, ---,,,0.53,499,0.54,10,
710955,博大永豐61購01,0,0,0,---,---,---, ---,,,0.31,499,0.32,10,
710956,智通*永豐64購01,0,0,0,---,---,---, ---,,,0.80,10,0.81,10,
710957,新普永豐61購02,"20,000",1,"10,000",0.50,0.50,0.50,0.50,-,0.03,0.49,499,0.50,10,
710958,精剛永豐61購01,"8,000",1,"3,280",0.41,0.41,0.41,0.41,-,0.03,0.41,10,0.42,10,
710959,磐儀永豐61購01,"40,000",1,"21,600",0.54,0.54,0.54,0.54,-,0.04,0.53,10,0.54,10,
710961,中美晶元大64購02,"14,000",2,"16,240",1.16,1.16,1.16,1.16,-,0.11,1.17,499,1.18,10,
710962,中美晶元大66購05,"6,000",1,"6,360",1.06,1.06,1.06,1.06,-,0.06,1.05,499,1.06,10,
710963,世紀*元大61購01,"23,000",6,"150,700",8.00,8.00,6.40,6.55,-,1.45,0.00,0,8.45,6,
710964,宜鼎元大61購07,"102,000",4,"80,580",0.78,0.80,0.78,0.80,-,0.01,0.76,499,0.77,10,
710965,晟田元大61購02,0,0,0,---,---,---, ---,,,1.37,25,1.41,10,
710966,創惟元大61購01,"1,000",1,850,0.85,0.85,0.85,0.85,-,0.09,0.84,499,0.85,10,
710967,晶焱元大61購01,0,0,0,---,---,---, ---,,,0.43,499,0.44,10,
710968,翔名元大61購01,0,0,0,---,---,---, ---,,,0.01,499,0.00,0,
710969,群聯元大64購07,"120,000",3,"154,280",1.29,1.29,1.28,1.28,-,0.01,1.28,499,1.29,10,
710970,頎邦元大61購02,0,0,0,---,---,---, ---,,,0.69,499,0.79,10,
710971,譜瑞元大61購03,"50,000",1,"32,500",0.65,0.65,0.65,0.65,-,0.03,0.64,499,0.65,10,
710972,譜瑞元大65購03,"11,000",1,"8,250",0.75,0.75,0.75,0.75,-,0.03,0.76,501,0.77,10,
710973,久元台新61購01,0,0,0,---,---,---, ---,,,0.72,25,0.73,10,
710974,久元台新61購02,0,0,0,---,---,---, ---,,,0.40,25,0.41,10,
710975,大中台新61購03,0,0,0,---,---,---, ---,,,0.13,25,0.14,10,
710976,大中台新61購04,0,0,0,---,---,---, ---,,,0.11,25,0.12,10,
710978,杰力台新61購01,0,0,0,---,---,---, ---,,,0.32,25,0.33,10,
710979,宸曜台新61購01,"267,000",7,"465,850",1.82,1.86,1.72,1.72,-,0.08,1.71,25,1.73,10,
710980,博大台新61購02,0,0,0,---,---,---, ---,,,0.47,25,0.48,10,
710981,博大台新61購03,0,0,0,---,---,---, ---,,,0.26,25,0.27,10,
710982,精材台新61購03,"475,000",25,"816,820",1.62,1.76,1.56,1.76,+,0.39,1.79,25,1.80,10,
710983,立敦凱基61購01,0,0,0,---,---,---, ---,,,0.17,10,0.18,10,
710984,均豪凱基61購01,"92,000",7,"109,800",1.17,1.26,1.15,1.23,-,0.02,1.21,100,1.23,8,
710985,家登凱基61購02,"7,000",2,"9,620",1.37,1.38,1.37,1.38,+,0.02,1.21,100,1.22,30,
710986,振曜凱基61購01,0,0,0,---,---,---, ---,,,0.64,10,0.65,10,
710987,華景電凱基64購01,"15,000",3,"8,840",0.60,0.60,0.58,0.60,-,0.07,0.60,10,0.61,10,
710988,新普凱基61購01,0,0,0,---,---,---, ---,,,0.64,100,0.65,50,
710989,頎邦凱基61購02,"3,000",1,"1,920",0.64,0.64,0.64,0.64,-,0.11,0.64,100,0.74,10,
710990,精材凱基61購07,"28,000",4,"136,900",4.75,5.10,4.68,5.10,+,0.75,5.15,100,0.00,0,
710991,營邦凱基61購01,"1,014,000",33,"1,095,170",1.04,1.15,1.04,1.12,+,0.06,0.54,18,0.00,0,
710992,譜瑞凱基61購06,0,0,0,---,---,---, ---,,,0.85,100,0.86,10,
710993,寶雅凱基61購01,"76,000",4,"113,030",1.49,1.49,1.46,1.46,-,0.01,1.55,10,1.88,100,
710994,欣銓台新61購03,0,0,0,---,---,---, ---,,,0.74,25,0.75,10,
710995,群聯台新61購04,"45,000",2,"39,150",0.87,0.87,0.87,0.87,-,0.0,0.86,25,0.87,10,
710996,大江國票65購01,"91,000",4,"71,890",0.79,0.79,0.79,0.79,-,0.01,0.79,35,0.80,10,
710997,大學光國票61購01,"551,000",16,"390,090",0.61,0.75,0.61,0.75,+,0.09,0.74,25,0.76,10,
710998,佰研國票65購01,0,0,0,---,---,---, ---,,,0.48,25,0.49,10,
710999,宜特國票61購01,0,0,0,---,---,---, ---,,,0.63,25,0.64,10,
711000,長聖國票65購01,0,0,0,---,---,---, ---,,,0.64,25,0.65,10,
711001,能率國票61購02,"4,000",1,"4,720",1.18,1.18,1.18,1.18,-,0.08,1.15,25,1.16,10,
711002,廣積國票66購01,0,0,0,---,---,---, ---,,,0.78,25,0.79,10,
711003,陽程群益61購02,0,0,0,---,---,---, ---,,,1.34,7,0.00,0,
711004,系統電國泰62購01,0,0,0,---,---,---, ---,,,0.62,499,0.63,100,
711005,宜鼎國泰62購02,0,0,0,---,---,---, ---,,,1.15,499,1.16,100,
711006,大中元大61購02,0,0,0,---,---,---, ---,,,0.23,499,0.33,10,
711007,大中元大66購01,0,0,0,---,---,---, ---,,,0.54,499,0.64,10,
711008,尼克森元大61購01,0,0,0,---,---,---, ---,,,0.19,499,0.20,10,
711009,巨有元大61購02,0,0,0,---,---,---, ---,,,0.59,25,0.60,10,
711010,立敦元大61購01,0,0,0,---,---,---, ---,,,0.44,499,0.45,10,
711011,立敦元大67購01,0,0,0,---,---,---, ---,,,0.31,499,0.32,10,
711012,宜鼎元大61購08,"559,000",8,"384,460",0.68,0.71,0.67,0.67,-,0.06,0.67,469,0.68,10,
711013,宜鼎元大61購09,"774,000",11,"845,400",1.10,1.11,1.06,1.07,-,0.06,1.06,499,1.07,10,
711014,昇佳電元大61購01,"10,000",1,"3,200",0.32,0.32,0.32,0.32,-,0.03,0.31,499,0.32,10,
711015,朋程元大61購01,"162,000",3,"84,340",0.53,0.53,0.52,0.52,-,0.11,0.52,499,0.53,10,
711016,青雲元大61購01,"247,000",14,"350,320",1.34,1.50,1.33,1.50,+,0.28,1.48,25,1.50,10,
711017,美琪瑪元大61購01,0,0,0,---,---,---, ---,,,0.80,499,0.81,10,
711018,茂達元大61購03,0,0,0,---,---,---, ---,,,0.51,499,0.61,10,
711019,原相元大61購02,0,0,0,---,---,---, ---,,,0.23,499,0.24,10,
711020,家登元大61購03,"34,000",4,"42,220",1.28,1.28,1.21,1.23,-,0.08,1.19,25,1.20,10,
711021,智通*元大61購01,"433,000",9,"217,870",0.50,0.52,0.50,0.50,-,0.0,0.03,499,0.00,0,
711022,群聯元大64購08,"156,000",6,"121,110",0.78,0.79,0.75,0.77,+,0.01,0.77,499,0.78,10,
711023,譜瑞元大61購04,"82,000",3,"99,860",1.23,1.24,1.21,1.24,-,0.02,1.22,499,1.24,10,
711024,中美晶統一65購01,"60,000",2,"22,100",0.37,0.37,0.36,0.36,-,0.04,0.37,10,0.38,10,
711025,均豪統一65購01,"411,000",7,"218,590",0.52,0.55,0.52,0.55,+,0.01,0.54,10,0.55,10,
711026,朋程統一65購03,0,0,0,---,---,---, ---,,,0.22,10,0.23,10,
711027,茂訊統一67購01,0,0,0,---,---,---, ---,,,0.51,10,0.52,10,
711028,群聯統一67購01,0,0,0,---,---,---, ---,,,0.62,10,0.63,10,
711029,精材統一67購01,"223,000",15,"240,230",1.00,1.13,0.98,1.13,+,0.18,1.12,10,1.13,10,
711030,營邦統一67購01,"303,000",12,"268,580",0.85,0.93,0.85,0.89,+,0.06,0.90,10,0.91,10,
711033,立敦永豐61購02,0,0,0,---,---,---, ---,,,0.13,499,0.14,10,
711034,立敦永豐64購01,0,0,0,---,---,---, ---,,,0.31,10,0.32,10,
711035,立敦永豐64購02,0,0,0,---,---,---, ---,,,0.30,499,0.31,10,
711036,宜鼎永豐63購02,"110,000",3,"83,840",0.76,0.77,0.76,0.76,-,0.02,0.75,499,0.76,10,
711037,長聖永豐61購02,"64,000",3,"23,110",0.37,0.37,0.36,0.36,-,0.05,0.36,10,0.37,10,
711038,原相永豐61購02,0,0,0,---,---,---, ---,,,0.46,499,0.47,10,
711039,群聯永豐64購07,0,0,0,---,---,---, ---,,,1.15,499,1.16,10,
711040,群聯永豐64購08,0,0,0,---,---,---, ---,,,0.94,10,0.95,10,
711041,群聯永豐67購01,0,0,0,---,---,---, ---,,,0.64,10,0.65,10,
711042,廣積永豐61購01,0,0,0,---,---,---, ---,,,0.67,10,0.68,10,
711043,宜鼎中信61購03,0,0,0,---,---,---, ---,,,0.41,499,0.42,10,
711044,群聯中信61購01,"10,000",1,"4,500",0.45,0.45,0.45,0.45,-,0.0,0.44,499,0.45,10,
711045,大中凱基61購03,0,0,0,---,---,---, ---,,,0.22,100,0.23,50,
711046,台特化凱基61購01,0,0,0,---,---,---, ---,,,1.26,10,1.27,10,
711047,巨有凱基61購02,"40,000",3,"22,100",0.55,0.56,0.55,0.55,-,0.05,0.54,110,0.56,10,
711048,宜特凱基61購04,0,0,0,---,---,---, ---,,,0.55,100,0.56,10,
711049,宜鼎凱基61購03,"154,000",6,"166,860",1.09,1.09,1.04,1.04,-,0.04,1.02,100,1.03,10,
711050,茂達凱基61購04,0,0,0,---,---,---, ---,,,0.66,10,0.67,30,
711051,原相凱基61購02,"89,000",2,"41,160",0.47,0.47,0.46,0.46,-,0.04,0.44,105,0.45,10,
711052,智通*凱基61購01,"20,000",1,"11,200",0.56,0.56,0.56,0.56,-,0.01,0.64,100,0.65,50,
711053,順達凱基61購02,"144,000",2,"118,640",0.83,0.83,0.81,0.81,-,0.07,0.77,100,0.78,30,
711054,鈊象凱基61購03,"420,000",15,"471,310",1.13,1.19,1.06,1.19,+,0.06,1.27,100,1.37,10,
711055,群聯凱基64購04,0,0,0,---,---,---, ---,,,2.24,100,2.26,10,
711056,精材凱基61購08,"310,000",21,"877,700",2.66,2.95,2.66,2.95,+,0.69,2.97,100,2.98,10,
711057,廣積凱基65購01,0,0,0,---,---,---, ---,,,0.86,10,0.87,10,
711058,昱展台新61購01,0,0,0,---,---,---, ---,,,0.26,25,0.27,10,
711059,富喬台新61購01,"33,000",5,"68,220",2.04,2.12,2.04,2.08,-,0.01,2.13,25,2.19,10,
711060,艾訊群益61購01,0,0,0,---,---,---, ---,,,0.41,25,0.42,10,
711061,家登群益61購05,0,0,0,---,---,---, ---,,,0.39,25,0.00,0,
711062,順達群益61購01,0,0,0,---,---,---, ---,,,0.75,10,0.85,10,
711063,群聯群益61購06,"55,000",7,"226,610",4.05,4.20,4.05,4.13,+,0.09,4.13,100,4.17,100,
711064,精材群益61購02,"355,000",29,"1,651,330",4.32,5.00,4.07,5.00,+,1.02,5.05,10,5.55,10,
711065,大樹國票65購01,0,0,0,---,---,---, ---,,,0.64,25,0.65,10,
711066,公準國票65購01,0,0,0,---,---,---, ---,,,0.49,25,0.50,10,
711067,加百裕國票61購01,0,0,0,---,---,---, ---,,,0.42,25,0.43,10,
711068,尼克森國票61購01,0,0,0,---,---,---, ---,,,0.19,25,0.20,10,
711069,正基國票65購01,0,0,0,---,---,---, ---,,,0.59,25,0.60,10,
711070,艾訊國票61購02,0,0,0,---,---,---, ---,,,0.50,25,0.51,10,
711071,宜鼎國票65購02,"434,000",10,"502,620",1.16,1.19,1.12,1.14,-,0.04,1.13,25,1.14,10,
711072,高僑國票65購01,0,0,0,---,---,---, ---,,,0.42,25,0.43,10,
711073,智崴國票65購01,"252,000",6,"145,560",0.58,0.60,0.57,0.57,-,0.0,0.57,25,0.58,10,
711074,僑威國票65購01,0,0,0,---,---,---, ---,,,0.56,25,0.57,10,
711075,廣明國票65購01,0,0,0,---,---,---, ---,,,0.48,25,0.49,10,
711076,撼訊國票65購01,0,0,0,---,---,---, ---,,,0.62,25,0.63,10,
711077,中美晶元大61購03,"9,000",3,"7,220",0.82,0.82,0.79,0.79,-,0.11,0.81,499,0.82,10,
711078,台嘉碩元大61購03,"10,000",1,"8,000",0.80,0.80,0.80,0.80,-,0.05,0.79,499,0.80,10,
711079,宜鼎元大61購10,"20,000",1,"19,400",0.97,0.97,0.97,0.97,-,0.05,0.96,499,0.97,10,
711080,智通*元大61購02,"257,000",3,"160,340",0.72,0.72,0.62,0.62,+,0.02,0.11,454,0.00,0,
711081,群聯元大61購14,"491,000",8,"557,980",1.14,1.15,1.12,1.14,-,0.0,1.14,499,1.15,10,
711082,臺慶科元大61購03,"321,000",7,"95,920",0.32,0.32,0.29,0.29,-,0.03,0.29,499,0.30,10,
711083,世界國泰62購01,"23,000",1,"15,410",0.67,0.67,0.67,0.67,-,0.07,0.68,10,0.69,10,
711084,博大國泰62購01,"14,000",3,"8,900",0.63,0.66,0.63,0.66,-,0.02,0.65,499,0.66,100,
711085,陽程國泰62購01,"1,000",1,"6,000",6.00,6.00,6.00,6.00,+,1.0,6.10,50,0.00,0,
711086,群聯國泰62購03,"38,000",1,"59,660",1.57,1.57,1.57,1.57,-,0.06,1.57,499,1.58,100,
711087,精材國泰62購02,"243,000",26,"772,870",2.95,3.53,2.84,3.53,+,0.75,3.52,499,3.53,100,
711088,中美晶富邦61購03,"3,000",1,"1,170",0.39,0.39,0.39,0.39,-,0.08,0.40,30,0.41,28,
711089,立碁富邦64購01,"53,000",4,"55,430",1.02,1.14,1.02,1.14,+,0.18,1.13,30,0.00,0,
711090,翔名富邦61購01,"26,000",1,"5,980",0.23,0.23,0.23,0.23,-,0.01,0.21,30,0.22,28,
711091,陽程富邦61購02,"15,000",7,"24,450",1.54,1.81,1.54,1.81,+,0.35,1.81,32,1.90,3,
711092,精材富邦61購01,"338,000",24,"436,370",1.20,1.43,1.16,1.40,+,0.28,1.42,30,1.43,28,
711093,精材中信61購02,"399,000",45,"321,830",0.78,0.86,0.73,0.86,+,0.15,0.85,10,0.86,10,
711094,千附永豐61購01,0,0,0,---,---,---, ---,,,1.58,10,1.59,10,
711095,千附永豐61購02,0,0,0,---,---,---, ---,,,0.76,10,0.78,10,
711096,立端永豐61購01,"30,000",2,"19,800",0.66,0.66,0.66,0.66,-,0.08,0.67,10,0.68,10,
711097,松瑞藥永豐61購01,"130,000",2,"117,000",0.90,0.90,0.90,0.90,-,0.05,0.90,10,0.93,10,
711098,磐儀永豐61購02,"33,000",3,"18,750",0.55,0.57,0.55,0.55,-,0.05,0.54,10,0.55,8,
711099,千附精統一67購01,"52,000",4,"37,660",0.70,0.73,0.70,0.73,+,0.09,0.67,10,0.68,10,
711100,大中統一65購02,0,0,0,---,---,---, ---,,,0.21,10,0.22,10,
711101,大中統一6C購01,0,0,0,---,---,---, ---,,,0.35,10,0.36,10,
711102,中裕統一69購01,0,0,0,---,---,---, ---,,,0.53,10,0.54,10,
711103,世界統一67購01,0,0,0,---,---,---, ---,,,0.44,10,0.45,10,
711104,台嘉碩統一67購01,0,0,0,---,---,---, ---,,,0.46,10,0.47,10,
711105,台嘉碩統一6C購01,0,0,0,---,---,---, ---,,,0.46,10,0.47,10,
711106,尼克森統一65購01,"10,000",1,"2,000",0.20,0.20,0.20,0.20,-,0.02,0.18,10,0.19,10,
711107,巨有統一6C購01,"7,000",2,"3,480",0.50,0.50,0.49,0.49,-,0.03,0.49,10,0.50,10,
711108,朋程統一65購04,0,0,0,---,---,---, ---,,,0.35,10,0.36,10,
711109,杰力統一6C購01,"27,000",1,"11,610",0.43,0.43,0.43,0.43,-,0.04,0.42,10,0.43,10,
711110,青雲統一69購01,"38,000",2,"31,360",0.82,0.83,0.82,0.83,+,0.06,0.85,10,0.86,10,
711111,青雲統一6C購01,"5,000",2,"3,240",0.64,0.65,0.64,0.65,+,0.03,0.66,10,0.67,10,
711112,泰藝統一6C購01,"50,000",1,"23,500",0.47,0.47,0.47,0.47,-,0.02,0.46,10,0.47,10,
711113,健喬統一69購01,0,0,0,---,---,---, ---,,,0.60,10,0.61,10,
711114,堡達統一6C購01,0,0,0,---,---,---, ---,,,0.39,10,0.40,10,
711115,智通*統一67購01,"10,000",1,"5,300",0.53,0.53,0.53,0.53,+,0.05,0.54,10,0.55,10,
711116,陽程統一6C購01,0,0,0,---,---,---, ---,,,1.26,10,1.33,5,
711117,順達統一65購03,"50,000",1,"25,000",0.50,0.50,0.50,0.50,-,0.05,0.47,10,0.48,10,
711118,頎邦統一65購01,"239,000",3,"106,350",0.45,0.45,0.42,0.42,-,0.07,0.45,110,0.46,10,
711119,頎邦統一67購02,"200,000",2,"94,100",0.47,0.49,0.47,0.49,-,0.06,0.48,10,0.49,10,
711120,頎邦統一67購03,0,0,0,---,---,---, ---,,,0.44,10,0.45,10,
711121,頎邦統一6C購01,"30,000",2,"16,350",0.55,0.55,0.54,0.54,-,0.07,0.55,10,0.56,10,
711122,精材統一65購02,"1,809,000",92,"1,801,560",0.98,1.09,0.90,1.09,+,0.21,1.08,20,1.09,9,
711123,精材統一67購02,"59,000",5,"48,280",0.77,0.82,0.77,0.82,+,0.11,0.82,6,0.83,10,
711124,中美晶凱基64購01,0,0,0,---,---,---, ---,,,0.74,100,0.75,10,
711125,家登凱基67購01,"9,000",1,"9,540",1.06,1.06,1.06,1.06,-,0.01,0.95,100,0.96,50,
711126,陽程凱基61購03,"1,000",1,"2,670",2.67,2.67,2.67,2.67,+,0.49,2.66,100,0.00,0,
711127,順達凱基61購03,"40,000",1,"29,600",0.74,0.74,0.74,0.74,-,0.12,0.76,100,0.77,30,
711128,群聯凱基61購08,"28,000",2,"44,050",1.58,1.58,1.57,1.57,+,0.03,1.53,100,1.54,10,
711129,群聯凱基61購09,0,0,0,---,---,---, ---,,,1.32,100,1.34,10,
711130,頎邦凱基61購03,"313,000",9,"83,970",0.28,0.29,0.26,0.28,-,0.04,0.28,5,0.30,20,
711131,精材凱基61購09,"761,000",26,"988,580",1.24,1.39,1.06,1.39,+,0.35,1.39,72,1.40,30,
711132,臺慶科凱基61購03,"42,000",2,"18,520",0.45,0.45,0.43,0.43,-,0.04,0.42,100,0.43,30,
711133,宜鼎台新62購01,"25,000",1,"23,250",0.93,0.93,0.93,0.93,+,0.01,0.88,25,0.89,10,
711134,茂達台新61購01,0,0,0,---,---,---, ---,,,0.54,25,0.55,10,
711135,茂達台新61購02,0,0,0,---,---,---, ---,,,0.69,25,0.70,10,
711136,群聯台新67購03,"19,000",1,"34,390",1.81,1.81,1.81,1.81,-,0.05,1.83,25,1.84,10,
711137,群聯台新67購04,0,0,0,---,---,---, ---,,,1.52,25,1.53,10,
711138,頎邦台新61購04,"1,205,000",20,"1,008,810",0.82,0.86,0.80,0.85,-,0.11,0.83,25,0.84,10,
711139,頎邦台新61購05,"481,000",25,"392,240",0.83,0.85,0.78,0.83,-,0.11,0.81,25,0.82,10,
711140,精材台新61購04,"97,000",11,"154,100",1.45,1.64,1.44,1.61,+,0.33,1.66,25,1.67,10,
711141,精材台新61購05,"183,000",17,"295,480",1.46,1.72,1.46,1.72,+,0.38,1.72,25,1.73,10,
711142,精材台新62購02,"251,000",13,"375,330",1.52,1.63,1.39,1.63,+,0.34,1.68,25,1.69,10,
711143,力麒國票65購01,0,0,0,---,---,---, ---,,,0.54,25,0.55,10,
711144,天良國票61購01,"196,000",8,"200,090",1.19,1.19,0.99,1.03,-,0.28,1.01,34,1.03,10,
711145,巨漢國票61購01,0,0,0,---,---,---, ---,,,0.60,25,0.61,10,
711146,協禧國票65購01,"20,000",1,"8,200",0.41,0.41,0.41,0.41,-,0.01,0.40,25,0.41,10,
711147,奇鈦科國票65購01,0,0,0,---,---,---, ---,,,0.50,25,0.51,10,
711148,陽程國票61購01,0,0,0,---,---,---, ---,,,3.50,25,0.00,0,
711149,陽程國票61購02,"4,000",2,"13,960",3.33,3.65,3.33,3.65,+,0.59,3.65,25,0.00,0,
711150,順達國票65購01,0,0,0,---,---,---, ---,,,0.95,25,0.96,10,
711151,精材國票61購04,"292,000",17,"487,360",1.67,1.84,1.54,1.84,+,0.39,1.86,25,1.87,10,
711152,精材國票65購01,"357,000",12,"657,640",1.71,1.93,1.71,1.91,+,0.34,1.93,25,1.94,10,
711153,營邦國票61購01,"341,000",8,"640,750",1.82,1.92,1.82,1.89,+,0.06,1.88,25,1.89,10,
711154,千附群益61購01,"20,000",2,"23,000",1.17,1.17,1.13,1.13,-,0.01,1.12,10,1.22,10,
711155,千附群益61購02,0,0,0,---,---,---, ---,,,0.87,10,0.97,10,
711156,台特化群益61購02,"19,000",2,"25,830",1.32,1.37,1.32,1.37,-,0.15,0.75,13,1.88,22,
711157,青雲群益61購01,"340,000",18,"281,500",0.80,0.90,0.78,0.88,+,0.1,0.90,5,0.00,0,
711158,青雲群益61購02,"695,000",17,"887,930",1.17,1.33,1.15,1.33,+,0.24,0.59,16,0.00,0,
711159,威剛群益61購06,"125,000",10,"229,360",1.82,1.86,1.77,1.85,+,0.04,1.82,100,1.83,100,
711160,鈊象群益61購02,"15,000",2,"16,100",1.05,1.12,1.05,1.12,+,0.08,0.98,2,0.00,0,
711161,新漢群益61購01,0,0,0,---,---,---, ---,,,0.76,10,0.86,10,
711162,群聯群益61購07,"113,000",12,"278,410",2.41,2.55,2.34,2.44,-,0.0,2.49,100,2.52,100,
711163,精材群益63購03,"1,235,000",58,"3,181,910",2.51,2.77,2.31,2.77,+,0.56,2.78,10,2.88,10,
711166,中美晶元大61購04,0,0,0,---,---,---, ---,,,0.43,499,0.44,10,
711167,宜鼎元大63購02,"305,000",5,"343,950",1.15,1.15,1.12,1.13,-,0.12,1.12,499,1.13,10,
711168,茂達元大61購04,0,0,0,---,---,---, ---,,,0.53,499,0.63,10,
711169,智通*元大61購03,0,0,0,---,---,---, ---,,,0.08,125,0.00,0,
711170,翔名元大61購02,0,0,0,---,---,---, ---,,,0.00,0,0.00,0,
711171,順達元大61購01,0,0,0,---,---,---, ---,,,0.92,499,0.93,10,
711172,群聯元大61購15,"826,000",13,"851,000",1.01,1.05,1.01,1.04,+,0.02,1.02,499,1.03,10,
711173,頎邦元大61購03,0,0,0,---,---,---, ---,,,0.76,499,0.86,10,
711174,精材元大61購10,"552,000",25,"530,280",1.00,1.08,0.90,1.07,+,0.18,1.08,125,1.09,10,
711175,精材元大61購11,"228,000",11,"476,460",1.98,2.16,1.93,2.15,+,0.3,2.23,100,2.24,10,
711176,精材元大63購05,"231,000",9,"323,250",1.61,1.61,1.34,1.43,+,0.18,1.47,125,1.48,10,
711177,營邦元大61購01,"777,000",23,"946,450",1.16,1.27,1.15,1.23,+,0.04,1.23,499,1.24,10,
711178,九暘統一63購01,0,0,0,---,---,---, ---,,,0.22,10,0.23,10,
711179,九暘統一6C購01,0,0,0,---,---,---, ---,,,0.38,10,0.39,10,
711180,千附精統一67購02,0,0,0,---,---,---, ---,,,0.66,10,0.67,10,
711181,千附精統一67購03,0,0,0,---,---,---, ---,,,0.68,10,0.69,10,
711182,大中統一65購03,0,0,0,---,---,---, ---,,,0.17,10,0.18,10,
711185,中美晶統一65購02,0,0,0,---,---,---, ---,,,0.44,10,0.45,10,
711186,中美晶統一67購01,"60,000",2,"24,600",0.42,0.42,0.40,0.40,-,0.05,0.41,10,0.42,10,
711187,中美晶統一6C購01,0,0,0,---,---,---, ---,,,0.52,10,0.53,10,
711188,台嘉碩統一65購01,0,0,0,---,---,---, ---,,,0.42,10,0.43,10,
711189,立敦統一67購01,0,0,0,---,---,---, ---,,,0.29,10,0.30,10,
711190,安勤統一67購01,0,0,0,---,---,---, ---,,,0.40,10,0.41,10,
711191,系統電統一6C購01,0,0,0,---,---,---, ---,,,0.51,10,0.52,10,
711192,亞通統一67購01,"300,000",3,"210,000",0.71,0.71,0.69,0.69,-,0.0,0.69,10,0.70,10,
711193,宜鼎統一67購01,"29,000",1,"21,460",0.74,0.74,0.74,0.74,-,0.02,0.72,10,0.73,10,
711194,昇佳電統一67購01,"94,000",1,"36,660",0.39,0.39,0.39,0.39,-,0.02,0.39,10,0.40,10,
711195,杰力統一65購01,"200,000",3,"82,000",0.41,0.41,0.41,0.41,-,0.05,0.40,10,0.41,10,
711196,青雲統一69購02,"45,000",2,"32,700",0.72,0.75,0.72,0.75,+,0.06,0.77,10,0.78,10,
711197,茂達統一69購02,0,0,0,---,---,---, ---,,,0.40,10,0.41,10,
711198,神準統一67購01,0,0,0,---,---,---, ---,,,0.44,10,0.45,10,
711199,堡達統一65購01,0,0,0,---,---,---, ---,,,0.45,10,0.46,10,
711200,翔名統一6C購01,0,0,0,---,---,---, ---,,,0.41,10,0.42,10,
711201,順達統一67購01,0,0,0,---,---,---, ---,,,0.48,10,0.49,10,
711202,順達統一67購02,0,0,0,---,---,---, ---,,,0.42,10,0.43,10,
711203,順達統一67購03,0,0,0,---,---,---, ---,,,0.35,10,0.36,10,
711204,順達統一6C購01,0,0,0,---,---,---, ---,,,0.57,10,0.58,10,
711205,群聯統一65購03,0,0,0,---,---,---, ---,,,0.62,10,0.63,10,
711206,頎邦統一65購02,0,0,0,---,---,---, ---,,,0.46,10,0.47,10,
711207,頎邦統一67購04,0,0,0,---,---,---, ---,,,0.44,10,0.45,10,
711208,頎邦統一68購01,0,0,0,---,---,---, ---,,,0.41,10,0.42,10,
711209,碩禾統一67購01,"20,000",1,"5,800",0.29,0.29,0.29,0.29,-,0.01,0.28,10,0.29,10,
711210,精材統一65購03,"26,000",7,"19,920",0.71,0.80,0.71,0.79,+,0.11,0.80,10,0.81,10,
711211,精材統一6C購02,"95,000",4,"86,400",0.90,0.93,0.90,0.90,+,0.04,0.96,10,0.97,10,
711212,大樹永豐61購01,0,0,0,---,---,---, ---,,,0.79,10,0.80,10,
711213,中美晶永豐61購03,0,0,0,---,---,---, ---,,,0.78,499,0.79,10,
711214,宜鼎永豐67購01,"7,000",1,"7,000",1.00,1.00,1.00,1.00,-,0.02,0.96,10,0.97,10,
711215,智通*永豐65購01,0,0,0,---,---,---, ---,,,0.76,499,0.77,10,
711216,順達永豐61購02,0,0,0,---,---,---, ---,,,0.41,499,0.42,10,
711217,頎邦永豐65購01,"20,000",1,"11,800",0.59,0.59,0.59,0.59,-,0.22,0.59,10,0.60,10,
711218,精材永豐61購03,"145,000",10,"137,280",0.83,0.98,0.79,0.95,+,0.17,0.97,10,0.98,20,
711219,精材永豐61購04,"180,000",20,"257,270",1.28,1.52,1.22,1.51,+,0.36,1.53,10,1.54,10,
711220,精材永豐64購02,"66,000",2,"82,530",1.24,1.27,1.24,1.27,+,0.22,1.27,499,1.28,10,
711221,營邦永豐64購01,"9,000",1,"10,080",1.12,1.12,1.12,1.12,+,0.04,1.22,499,1.24,10,
711222,廣積國泰62購01,"7,000",1,"14,070",2.01,2.01,2.01,2.01,-,0.0,1.95,499,1.96,100,
711223,營邦國泰62購01,"163,000",15,"449,660",2.65,2.87,2.65,2.80,+,0.17,2.79,50,2.80,50,
711224,久元富邦63購02,0,0,0,---,---,---, ---,,,0.43,10,0.44,28,
711225,元太富邦63購01,"66,000",3,"25,780",0.42,0.42,0.38,0.38,-,0.05,0.39,10,0.40,28,
711226,元太富邦63購02,"102,000",3,"37,410",0.39,0.39,0.36,0.36,-,0.05,0.37,10,0.38,28,
711227,立敦富邦63購01,0,0,0,---,---,---, ---,,,0.20,10,0.21,28,
711228,宜特富邦63購01,"80,000",1,"32,000",0.40,0.40,0.40,0.40,-,0.03,0.39,10,0.40,28,
711229,智通*富邦64購02,"198,000",10,"96,520",0.47,0.50,0.47,0.49,-,0.01,0.49,10,0.50,28,
711230,順達富邦63購01,"4,000",2,"1,440",0.35,0.37,0.35,0.37,-,0.03,0.35,10,0.36,28,
711231,鈊象富邦63購02,"1,301,000",15,"705,380",0.53,0.56,0.52,0.56,+,0.01,0.56,10,0.57,28,
711232,中美晶台新61購04,0,0,0,---,---,---, ---,,,0.43,25,0.44,10,
711233,宜鼎台新63購01,"45,000",2,"50,850",1.13,1.13,1.13,1.13,-,0.05,1.11,25,1.12,10,
711234,宜鼎台新64購01,0,0,0,---,---,---, ---,,,1.57,25,1.58,10,
711235,千附群益61購03,0,0,0,---,---,---, ---,,,0.77,10,0.87,10,
711236,陽程群益63購01,0,0,0,---,---,---, ---,,,0.00,0,0.00,0,
711237,順達群益61購02,"10,000",1,"8,500",0.85,0.85,0.85,0.85,-,0.06,0.78,10,0.88,10,
711238,璟德群益61購01,"106,000",4,"97,430",0.90,0.92,0.90,0.91,-,0.03,0.47,21,0.00,0,
711239,千附凱基61購01,"4,000",1,"1,840",0.46,0.46,0.46,0.46,+,0.01,0.44,100,0.45,50,
711240,中美晶凱基61購07,"22,000",2,"6,650",0.30,0.31,0.30,0.31,-,0.06,0.32,100,0.33,30,
711241,宜鼎凱基64購01,"206,000",3,"166,820",0.79,0.81,0.79,0.81,-,0.02,0.78,100,0.79,10,
711242,青雲凱基61購01,"13,000",1,"18,590",1.43,1.43,1.43,1.43,+,0.23,1.41,100,1.43,10,
711243,威剛凱基61購04,"59,000",2,"80,830",1.37,1.37,1.37,1.37,+,0.01,1.36,10,1.37,10,
711244,智通*凱基61購02,0,0,0,---,---,---, ---,,,0.88,100,0.89,30,
711245,順達凱基61購04,"14,000",3,"6,320",0.46,0.46,0.42,0.42,-,0.09,0.42,100,0.43,50,
711246,新漢凱基61購01,0,0,0,---,---,---, ---,,,0.68,100,0.69,10,
711247,營邦凱基61購02,"132,000",10,"221,600",1.66,1.75,1.62,1.69,+,0.17,1.71,100,1.72,10,
711248,雙鴻凱基61購06,"2,000",1,"6,020",3.01,3.01,3.01,3.01,+,0.11,3.78,100,0.00,0,
711249,M31國票61購01,"24,000",1,"24,960",1.04,1.04,1.04,1.04,-,0.25,1.06,25,1.07,10,
711250,千附國票61購03,0,0,0,---,---,---, ---,,,0.51,25,0.52,10,
711251,中美晶國票65購02,0,0,0,---,---,---, ---,,,0.65,25,0.66,10,
711252,巨有國票61購01,"16,000",4,"14,540",0.91,0.92,0.90,0.91,-,0.06,0.90,25,0.91,10,
711253,倉和國票66購01,"127,000",4,"183,860",1.45,1.52,1.40,1.40,-,0.19,1.42,25,1.43,10,
711254,博智國票61購01,0,0,0,---,---,---, ---,,,1.48,25,1.49,10,
711255,晶呈國票65購01,"2,000",1,"1,260",0.63,0.63,0.63,0.63,-,0.04,0.64,25,0.65,10,
711256,千附元大61購01,0,0,0,---,---,---, ---,,,0.78,499,0.79,10,
711260,立敦元大61購02,0,0,0,---,---,---, ---,,,0.24,499,0.25,10,
711261,宜鼎元大63購03,"435,000",10,"456,980",1.05,1.08,1.03,1.04,-,0.12,1.03,499,1.04,10,
711262,朋程元大61購02,"393,000",7,"222,620",0.56,0.57,0.56,0.56,-,0.11,0.55,499,0.56,10,
711263,家登元大61購04,0,0,0,---,---,---, ---,,,0.63,499,0.64,10,
711264,家登元大61購05,"156,000",5,"149,190",0.99,0.99,0.95,0.96,-,0.06,0.92,499,0.94,10,
711265,凱崴元大61購01,"61,000",7,"91,010",1.41,1.66,1.37,1.66,+,0.29,1.38,499,1.40,10,
711266,群聯元大61購16,"34,000",2,"45,220",1.33,1.33,1.33,1.33,-,0.02,1.35,499,1.36,10,
711267,臺慶科元大61購04,"222,000",8,"220,630",0.95,1.01,0.86,0.89,-,0.11,0.89,499,0.90,10,
711268,營邦元大61購02,"190,000",9,"332,940",1.63,1.84,1.63,1.78,+,0.09,1.79,450,1.80,10,
711269,中美晶國泰62購01,"10,000",1,"8,500",0.85,0.85,0.85,0.85,-,0.08,0.85,499,0.86,100,
711270,世界富邦61購03,"47,000",2,"14,940",0.32,0.32,0.31,0.31,-,0.03,0.32,10,0.33,28,
711271,博智富邦63購01,"426,000",13,"291,440",0.68,0.70,0.63,0.65,-,0.02,0.66,10,0.67,28,
711272,富喬富邦61購02,"647,000",38,"725,710",1.08,1.17,1.06,1.14,+,0.01,1.14,10,1.15,28,
711273,千附精永豐64購01,"36,000",1,"59,760",1.66,1.66,1.66,1.66,+,0.15,1.60,499,1.61,10,
711274,大中永豐61購01,"20,000",2,"14,800",0.74,0.74,0.74,0.74,-,0.14,0.71,10,0.72,10,
711275,世界永豐61購02,"3,000",1,"1,470",0.49,0.49,0.49,0.49,-,0.08,0.51,10,0.52,10,
711276,家登永豐61購03,"73,000",1,"52,560",0.72,0.72,0.72,0.72,-,0.1,0.69,499,0.70,10,
711277,璟德永豐67購01,"36,000",2,"31,560",0.91,0.91,0.87,0.87,-,0.05,0.86,499,0.88,10,
711278,九暘統一67購01,0,0,0,---,---,---, ---,,,0.35,10,0.36,10,
711279,千附統一6C購01,0,0,0,---,---,---, ---,,,0.42,10,0.43,10,
711281,安勤統一67購02,"80,000",2,"33,900",0.43,0.43,0.42,0.42,-,0.03,0.42,10,0.43,10,
711282,青雲統一67購01,"258,000",18,"295,970",1.10,1.20,1.10,1.20,+,0.13,1.16,10,0.00,0,
711283,倉和統一6C購01,"161,000",4,"159,680",0.97,1.05,0.97,1.04,-,0.05,1.00,10,1.01,10,
711284,神準統一67購02,0,0,0,---,---,---, ---,,,0.42,10,0.43,10,
711285,翔名統一67購01,0,0,0,---,---,---, ---,,,0.30,10,0.31,10,
711286,順達統一65購04,0,0,0,---,---,---, ---,,,0.40,10,0.41,10,
711287,M31台新61購01,"5,000",1,"6,200",1.24,1.24,1.24,1.24,-,0.4,1.15,10,1.24,10,
711288,M31台新62購01,0,0,0,---,---,---, ---,,,1.02,25,1.12,10,
711289,M31台新64購01,0,0,0,---,---,---, ---,,,0.80,25,0.90,10,
711290,千附精台新61購02,"25,000",1,"26,250",1.05,1.05,1.05,1.05,+,0.01,1.07,25,1.08,10,
711291,富喬台新61購02,0,0,0,---,---,---, ---,,,3.14,25,3.21,10,
711292,頎邦台新61購06,"2,175,000",79,"1,985,080",1.00,1.00,0.86,0.92,-,0.1,0.92,40,1.22,15,
711293,M31凱基61購01,"80,000",2,"77,150",0.97,0.97,0.88,0.88,-,0.24,0.49,20,0.00,0,
711294,M31凱基61購02,"204,000",7,"190,720",0.96,0.98,0.89,0.92,-,0.17,0.52,19,0.00,0,
711295,M31凱基61購03,"842,000",5,"942,100",1.13,1.13,1.09,1.09,-,0.13,0.61,16,0.00,0,
711296,千附精凱基61購03,"835,000",21,"731,670",0.87,1.02,0.85,0.97,+,0.11,0.92,100,0.93,10,
711298,中美晶凱基61購08,0,0,0,---,---,---, ---,,,0.55,100,0.56,10,
711299,朋程凱基61購02,"10,000",1,"6,300",0.63,0.63,0.63,0.63,-,0.1,0.63,10,0.64,10,
711300,博智凱基63購01,"92,000",4,"254,350",2.81,2.81,2.75,2.76,+,0.03,2.64,10,2.68,10,
711301,晶呈凱基61購01,"12,000",2,"11,460",0.96,0.96,0.93,0.93,-,0.04,0.93,100,0.94,10,
711302,翔名凱基61購02,0,0,0,---,---,---, ---,,,0.45,10,0.46,30,
711303,群聯凱基65購01,"389,000",7,"824,990",2.12,2.15,2.11,2.15,+,0.05,2.13,100,2.14,10,
711304,臺慶科凱基64購01,"24,000",1,"21,600",0.90,0.90,0.90,0.90,+,0.02,0.79,100,0.80,10,
711305,營邦凱基61購03,"62,000",7,"151,300",2.42,2.56,2.42,2.56,+,0.14,2.55,40,2.65,10,
711306,千附精元大61購01,"290,000",6,"290,220",0.93,1.05,0.93,1.03,+,0.11,0.29,34,0.00,0,
711308,宏捷科元大66購01,"282,000",21,"333,750",1.13,1.22,1.13,1.15,-,0.01,1.10,5,1.17,10,
711309,宜鼎元大63購04,"250,000",2,"297,500",1.19,1.19,1.19,1.19,-,0.03,1.15,499,1.16,10,
711310,原相元大61購03,0,0,0,---,---,---, ---,,,1.35,499,1.37,10,
711311,順達元大63購01,0,0,0,---,---,---, ---,,,1.49,450,1.50,10,
711312,群聯元大61購17,"150,000",5,"275,940",1.83,1.86,1.83,1.86,+,0.05,1.84,400,1.85,10,
711313,臺慶科元大61購05,"167,000",3,"185,720",1.12,1.14,1.11,1.11,-,0.05,1.06,499,1.07,10,
711314,世界國泰62購02,"22,000",1,"18,480",0.84,0.84,0.84,0.84,-,0.06,0.87,10,0.88,10,
711315,陽程國泰62購02,"1,000",1,"5,850",5.85,5.85,5.85,5.85,+,0.96,5.85,4,0.00,0,
711316,鑫聯國泰62購01,0,0,0,---,---,---, ---,,,0.80,499,0.81,100,
711317,久禾光國票61購01,"3,000",1,"1,170",0.39,0.39,0.39,0.39,-,0.03,0.38,25,0.39,10,
711318,千附精國票65購01,0,0,0,---,---,---, ---,,,1.29,25,1.31,10,
711319,中美晶國票61購05,0,0,0,---,---,---, ---,,,0.57,25,0.58,10,
711320,茂達國票61購02,"217,000",6,"192,520",0.92,0.92,0.86,0.86,-,0.18,0.93,25,0.94,10,
711321,倉和國票67購01,0,0,0,---,---,---, ---,,,1.26,25,1.27,10,
711322,晶呈國票64購01,0,0,0,---,---,---, ---,,,0.71,25,0.72,10,
711323,頎邦國票64購01,0,0,0,---,---,---, ---,,,1.13,25,1.14,10,
711324,寬魚國票61購01,"5,000",1,"2,500",0.50,0.50,0.50,0.50,-,0.02,0.52,25,0.53,10,
711325,M31群益61購01,0,0,0,---,---,---, ---,,,0.65,15,1.09,10,
711326,千附精群益61購02,"378,000",10,"465,210",1.14,1.25,1.14,1.25,+,0.13,0.57,17,0.00,0,
711327,杰力群益61購02,0,0,0,---,---,---, ---,,,0.66,10,0.76,10,
711328,博智群益61購02,"100,000",4,"422,800",4.52,4.52,4.08,4.18,-,0.31,2.31,4,0.00,0,
711329,陽程群益61購03,0,0,0,---,---,---, ---,,,0.00,0,0.00,0,
711330,群聯群益63購01,"2,000",1,"3,100",1.55,1.55,1.55,1.55,+,0.02,1.54,100,1.55,100,
711331,M31富邦63購01,"302,000",9,"221,630",0.76,0.76,0.73,0.73,-,0.09,0.70,12,0.71,28,
711332,九暘統一65購01,"15,000",3,"5,250",0.36,0.36,0.34,0.34,-,0.04,0.34,10,0.35,10,
711333,中美晶統一67購02,0,0,0,---,---,---, ---,,,0.26,10,0.27,10,
711334,M31永豐63購01,0,0,0,---,---,---, ---,,,0.80,499,0.84,10,
711335,世紀*永豐63購01,0,0,0,---,---,---, ---,,,8.25,499,0.00,0,
711336,原相永豐61購03,"112,000",5,"175,720",1.55,1.60,1.55,1.60,-,0.25,1.59,499,1.62,10,
711337,家登永豐61購04,"15,000",6,"30,230",2.09,2.09,1.90,1.91,-,0.11,1.87,10,1.89,10,
711338,晶呈永豐61購01,"10,000",1,"6,900",0.69,0.69,0.69,0.69,-,0.02,0.69,10,0.70,10,
711339,晶呈永豐64購01,"76,000",3,"71,820",0.95,0.95,0.92,0.92,-,0.03,0.91,10,0.92,10,
711340,千附精台新61購03,"86,000",3,"79,080",0.93,0.93,0.90,0.93,+,0.07,0.90,55,1.00,10,
711341,良維台新61購01,"28,000",2,"25,200",0.90,0.90,0.90,0.90,+,0.06,0.87,25,0.88,10,
711342,創泓台新61購01,"26,000",1,"13,260",0.51,0.51,0.51,0.51,-,0.07,0.50,25,0.51,10,
711343,中美晶凱基61購09,0,0,0,---,---,---, ---,,,0.27,100,0.28,50,
711344,宜鼎凱基61購04,"144,000",6,"185,180",1.25,1.32,1.25,1.25,-,0.05,1.24,105,1.25,10,
711345,原相凱基61購03,"67,000",3,"94,710",1.42,1.43,1.38,1.38,-,0.22,1.37,73,1.38,10,
711346,智通*凱基61購03,"5,000",1,"1,450",0.29,0.29,0.29,0.29,-,0.0,0.33,100,0.34,50,
711347,群聯凱基63購02,"132,000",3,"231,420",1.75,1.81,1.75,1.81,+,0.04,1.76,100,1.77,10,
711348,頎邦凱基64購02,"24,000",1,"23,760",0.99,0.99,0.99,0.99,-,0.11,1.01,100,1.11,10,
711349,雙鴻凱基63購02,"133,000",9,"432,880",2.93,3.40,2.93,3.23,+,0.37,3.60,230,0.00,0,
711351,中美晶元大61購05,"70,000",2,"35,700",0.51,0.51,0.51,0.51,-,0.06,0.52,499,0.53,10,
711352,創泓元大61購01,"50,000",1,"53,000",1.06,1.06,1.06,1.06,-,0.13,1.06,499,1.08,10,
711353,智通*元大61購04,"69,000",1,"22,080",0.32,0.32,0.32,0.32,-,0.0,0.01,499,0.00,0,
711354,智通*元大61購05,"492,000",2,"211,530",0.40,0.43,0.40,0.43,-,0.04,0.01,499,0.50,100,
711355,中美晶群益61購02,0,0,0,---,---,---, ---,,,0.00,0,1.15,10,
711356,世界群益61購04,"44,000",2,"48,960",1.10,1.12,1.10,1.12,-,0.16,0.65,15,0.00,0,
711357,加高群益61購01,0,0,0,---,---,---, ---,,,1.32,10,1.42,10,
711358,巨有群益61購01,"65,000",5,"78,360",1.21,1.22,1.20,1.21,-,0.06,0.66,15,0.00,0,
711359,均豪群益66購01,"532,000",9,"557,080",1.06,1.13,1.02,1.10,+,0.02,0.77,64,0.00,0,
711360,智通*群益61購01,0,0,0,---,---,---, ---,,,0.01,499,0.00,0,
711361,群聯群益61購08,"27,000",6,"118,700",4.36,4.45,4.36,4.45,+,0.09,4.45,95,4.50,100,
711362,元太永豐61購05,"237,000",5,"151,600",0.69,0.69,0.62,0.62,-,0.14,0.67,10,0.68,10,
711363,加高永豐61購02,0,0,0,---,---,---, ---,,,0.43,499,0.44,10,
711364,良維永豐61購02,"6,000",1,"9,240",1.54,1.54,1.54,1.54,+,0.18,1.41,10,1.42,10,
711365,威剛永豐67購02,"70,000",4,"87,050",1.21,1.25,1.21,1.24,-,0.02,1.23,10,1.24,10,
711366,敘豐永豐64購01,"10,000",1,"7,200",0.72,0.72,0.72,0.72,-,0.12,0.68,10,0.71,10,
711367,凱崴永豐61購01,"267,000",9,"250,150",0.95,1.03,0.83,0.83,-,0.1,0.79,10,0.82,10,
711368,博智永豐61購02,0,0,0,---,---,---, ---,,,1.73,499,1.75,10,
711369,華電網永豐61購01,0,0,0,---,---,---, ---,,,0.68,10,0.69,10,
711370,閎康永豐61購03,"5,000",1,"7,150",1.43,1.43,1.43,1.43,-,0.14,1.39,10,1.42,10,
711371,順達永豐64購03,0,0,0,---,---,---, ---,,,1.38,499,1.39,10,
711372,群聯永豐64購09,0,0,0,---,---,---, ---,,,1.86,10,1.87,10,
711373,群聯永豐67購02,"3,000",1,"4,260",1.42,1.42,1.42,1.42,+,0.03,1.39,10,1.40,10,
711374,聖暉*永豐64購01,"202,000",3,"155,520",0.78,0.78,0.76,0.76,+,0.01,0.72,10,0.73,10,
711375,千附國票65購01,0,0,0,---,---,---, ---,,,1.04,25,1.05,10,
711376,中美晶國票64購01,0,0,0,---,---,---, ---,,,0.65,25,0.66,10,
711377,原相國票61購02,"51,000",3,"62,060",1.26,1.26,1.20,1.20,-,0.17,1.19,25,1.20,10,
711378,敘豐國票61購01,"116,000",8,"85,000",0.74,0.75,0.72,0.74,-,0.15,0.73,25,0.74,10,
711379,創泓國票61購02,0,0,0,---,---,---, ---,,,0.79,25,0.80,10,
711380,創泓國票63購01,"485,000",3,"496,900",0.99,1.03,0.99,1.03,-,0.02,0.94,25,0.95,10,
711381,智擎國票65購01,0,0,0,---,---,---, ---,,,0.53,25,0.54,10,
711382,廣穎國票65購01,0,0,0,---,---,---, ---,,,1.32,25,1.33,10,
711383,營邦國票61購02,0,0,0,---,---,---, ---,,,2.52,25,2.54,10,
711384,千附精國泰62購01,"420,000",12,"634,970",1.45,1.57,1.45,1.53,+,0.18,1.46,10,1.47,10,
711385,世界國泰62購03,"310,000",2,"325,700",1.06,1.06,1.05,1.05,-,0.1,1.07,10,1.08,10,
711386,宜鼎國泰62購03,"29,000",3,"60,900",2.10,2.10,2.10,2.10,+,0.01,1.98,499,2.00,100,
711387,青雲國泰62購04,"167,000",15,"341,220",1.91,2.18,1.90,2.18,+,0.37,2.15,10,2.16,10,
711388,倉和國泰62購01,"100,000",1,"258,000",2.58,2.58,2.58,2.58,-,0.38,2.61,499,2.64,100,
711389,群聯國泰62購04,0,0,0,---,---,---, ---,,,1.94,499,1.95,100,
711390,群聯國泰62購05,0,0,0,---,---,---, ---,,,1.80,499,1.81,100,
711391,系統電富邦61購03,0,0,0,---,---,---, ---,,,0.35,10,0.36,28,
711392,宜鼎富邦61購03,"170,000",7,"105,770",0.61,0.64,0.61,0.61,-,0.03,0.60,10,0.61,28,
711393,群聯富邦63購02,"2,834,000",25,"1,574,650",0.53,0.57,0.53,0.56,+,0.01,0.56,10,0.57,28,
711394,M31統一67購01,"26,000",3,"17,520",0.69,0.69,0.66,0.66,-,0.06,0.60,10,0.61,10,
711395,M31統一67購02,0,0,0,---,---,---, ---,,,0.73,10,0.74,10,
711396,M31統一6C購01,"3,000",2,"1,960",0.66,0.66,0.65,0.65,-,0.07,0.64,10,0.65,10,
711397,千附統一67購01,"1,000",1,330,0.33,0.33,0.33,0.33,-,0.01,0.32,10,0.33,10,
711398,千附精統一67購04,"5,000",1,"3,300",0.66,0.66,0.66,0.66,+,0.04,0.64,10,0.65,10,
711399,大中統一67購01,0,0,0,---,---,---, ---,,,0.34,10,0.35,10,
711402,中美晶統一66購04,0,0,0,---,---,---, ---,,,0.24,15,0.25,10,
711403,世紀*統一67購01,0,0,0,---,---,---, ---,,,1.90,10,0.00,0,
711404,杰力統一67購01,"20,000",1,"11,000",0.55,0.55,0.55,0.55,-,0.03,0.54,10,0.55,10,
711405,智通*統一6C購01,0,0,0,---,---,---, ---,,,0.57,10,0.59,10,
711406,閎康統一67購01,0,0,0,---,---,---, ---,,,0.57,10,0.58,10,
711407,廣穎統一63購01,"50,000",1,"26,000",0.52,0.52,0.52,0.52,-,0.0,0.51,10,0.52,10,
711408,廣穎統一69購02,0,0,0,---,---,---, ---,,,0.59,10,0.60,10,
711409,千附國票66購01,0,0,0,---,---,---, ---,,,0.76,25,0.77,10,
711410,元太國票61購01,"114,000",1,"77,520",0.68,0.68,0.68,0.68,-,0.11,0.72,25,0.73,10,
711411,天品國票61購01,0,0,0,---,---,---, ---,,,0.44,25,0.45,10,
711412,系統電國票64購01,0,0,0,---,---,---, ---,,,0.96,25,0.97,10,
711413,昇佳電國票66購01,0,0,0,---,---,---, ---,,,0.46,25,0.47,10,
711414,青雲國票61購02,"454,000",30,"875,990",1.90,2.01,1.87,2.01,+,0.32,1.99,25,2.00,10,
711415,耕興國票65購01,0,0,0,---,---,---, ---,,,0.68,25,0.69,10,
711416,晟田國票62購01,0,0,0,---,---,---, ---,,,1.39,25,1.40,10,
711417,博士旺國票61購02,"1,000",1,"1,200",1.20,1.20,1.20,1.20,+,0.2,1.21,6,0.00,0,
711418,華景電國票65購01,0,0,0,---,---,---, ---,,,1.05,25,1.06,10,
711419,碩禾國票64購01,"60,000",2,"19,500",0.33,0.33,0.32,0.32,-,0.03,0.32,45,0.33,10,
711420,中美晶台新61購05,0,0,0,---,---,---, ---,,,0.32,25,0.33,10,
711421,中美晶台新63購03,0,0,0,---,---,---, ---,,,0.35,25,0.36,10,
711422,晟田台新61購02,"891,000",7,"676,510",0.71,0.80,0.70,0.77,+,0.05,0.74,25,0.84,10,
711423,陽程台新61購01,0,0,0,---,---,---, ---,,,4.55,25,0.00,0,
711424,陽程台新61購02,0,0,0,---,---,---, ---,,,4.74,25,0.00,0,
711425,千附凱基61購02,"499,000",1,"139,720",0.28,0.28,0.28,0.28,-,0.0,0.26,100,0.27,50,
711427,中美晶凱基61購10,0,0,0,---,---,---, ---,,,0.21,100,0.22,50,
711428,世界凱基64購02,0,0,0,---,---,---, ---,,,0.97,100,0.98,10,
711429,立敦凱基61購02,0,0,0,---,---,---, ---,,,0.11,10,0.12,10,
711430,均豪凱基66購01,"93,000",6,"124,930",1.36,1.41,1.24,1.41,+,0.05,1.39,100,1.41,10,
711431,千附元大61購02,0,0,0,---,---,---, ---,,,0.48,499,0.49,10,
711432,千附元大61購03,"36,000",2,"18,200",0.51,0.51,0.50,0.50,-,0.0,0.48,499,0.49,10,
711433,中美晶元大61購06,"2,000",1,"2,120",1.06,1.06,1.06,1.06,-,0.07,1.04,499,1.05,10,
711434,中美晶元大61購07,"50,000",1,"24,000",0.48,0.48,0.48,0.48,-,0.07,0.51,499,0.52,10,
711435,中美晶元大61購08,"400,000",4,"100,600",0.27,0.27,0.25,0.25,-,0.04,0.26,499,0.27,10,
711436,中美晶元大63購03,0,0,0,---,---,---, ---,,,0.53,499,0.54,10,
711437,中美晶元大65購04,"171,000",8,"89,120",0.53,0.53,0.52,0.52,-,0.05,0.52,499,0.53,10,
711438,世界元大63購05,"269,000",4,"233,050",0.86,0.87,0.86,0.86,-,0.09,0.53,18,0.00,0,
711439,家登元大63購01,"46,000",4,"70,100",1.59,1.59,1.48,1.48,-,0.07,1.46,25,1.47,10,
711440,智通*元大61購06,"4,145,000",18,"2,572,470",0.63,0.63,0.61,0.61,-,0.04,0.28,35,0.00,0,
711441,智通*元大63購02,"552,000",6,"225,920",0.42,0.42,0.40,0.40,-,0.0,0.07,142,0.00,0,
711442,翔名元大61購03,0,0,0,---,---,---, ---,,,0.15,66,0.00,0,
711443,頎邦元大61購04,0,0,0,---,---,---, ---,,,0.48,499,0.58,10,
711444,漢科元大61購01,0,0,0,---,---,---, ---,,,0.55,499,0.56,10,
711445,千附永豐61購03,0,0,0,---,---,---, ---,,,0.44,499,0.45,10,
711446,千附永豐61購04,0,0,0,---,---,---, ---,,,0.50,10,0.51,10,
711447,千附永豐61購05,0,0,0,---,---,---, ---,,,0.48,499,0.49,10,
711448,千附永豐64購01,"10,000",1,"4,600",0.46,0.46,0.46,0.46,-,0.01,0.47,10,0.48,11,
711449,中美晶永豐61購04,"15,000",1,"9,000",0.60,0.60,0.60,0.60,-,0.09,0.63,10,0.64,10,
711450,中美晶永豐64購02,0,0,0,---,---,---, ---,,,0.52,499,0.53,10,
711451,世禾永豐61購01,0,0,0,---,---,---, ---,,,0.44,499,0.45,10,
711452,巨漢永豐61購02,0,0,0,---,---,---, ---,,,0.45,499,0.46,10,
711453,均豪永豐64購02,"143,000",4,"268,030",1.93,2.07,1.80,2.07,+,0.22,1.98,499,2.00,10,
711454,宏捷科永豐64購01,"29,000",2,"24,960",0.87,0.87,0.84,0.84,+,0.02,0.79,499,0.80,10,
711455,創惟永豐61購01,"7,000",3,"7,160",1.03,1.03,1.02,1.02,-,0.09,1.01,499,1.02,10,
711456,智通*永豐61購02,0,0,0,---,---,---, ---,,,0.62,499,0.63,10,
711457,湧德永豐61購01,"1,510,000",36,"1,265,730",0.80,0.88,0.78,0.85,+,0.03,0.85,10,0.87,10,
711458,陽程永豐61購02,0,0,0,---,---,---, ---,,,3.35,499,0.00,0,
711461,中美晶國泰63購02,"41,000",1,"25,420",0.62,0.62,0.62,0.62,-,0.06,0.62,499,0.63,100,
711462,世禾國泰62購01,"24,000",2,"14,120",0.58,0.59,0.58,0.59,-,0.02,0.57,499,0.58,100,
711463,翔名國泰62購01,0,0,0,---,---,---, ---,,,0.75,10,0.76,10,
711464,廣穎國泰62購01,"50,000",2,"64,300",1.31,1.31,1.28,1.28,-,0.02,1.27,499,1.28,100,
711465,千附統一67購02,0,0,0,---,---,---, ---,,,0.33,10,0.34,10,
711466,千附統一6C購02,0,0,0,---,---,---, ---,,,0.43,10,0.44,10,
711467,千附精統一67購05,"105,000",2,"74,100",0.70,0.73,0.70,0.73,+,0.1,0.66,10,0.67,10,
711468,中美晶統一65購03,"90,000",2,"17,600",0.20,0.20,0.19,0.19,-,0.02,0.19,10,0.20,10,
711469,中美晶統一67購03,"100,000",1,"32,000",0.32,0.32,0.32,0.32,-,0.03,0.33,10,0.34,10,
711470,中美晶統一6C購02,"10,000",2,"3,350",0.34,0.34,0.33,0.33,-,0.02,0.33,10,0.34,10,
711471,世界統一6C購01,0,0,0,---,---,---, ---,,,0.53,10,0.54,10,
711472,加高統一67購01,0,0,0,---,---,---, ---,,,0.55,10,0.56,10,
711473,系微統一6C購01,0,0,0,---,---,---, ---,,,0.58,10,0.59,10,
711474,家登統一6C購02,0,0,0,---,---,---, ---,,,0.68,10,0.69,10,
711475,博智統一6C購02,0,0,0,---,---,---, ---,,,0.83,10,0.84,10,
711476,廣穎統一6C購01,0,0,0,---,---,---, ---,,,0.63,10,0.64,10,
711477,雙鴻統一6C購01,"454,000",7,"360,010",0.76,0.87,0.76,0.84,+,0.08,0.84,9,0.00,0,
711479,中美晶富邦61購04,"392,000",9,"50,830",0.13,0.14,0.12,0.14,-,0.01,0.13,53,0.14,28,
711480,台特化富邦61購01,0,0,0,---,---,---, ---,,,0.44,10,0.45,28,
711481,宜鼎富邦61購04,"312,000",4,"185,700",0.60,0.60,0.59,0.59,-,0.09,0.58,10,0.59,28,
711482,宜鼎群益61購04,"10,000",1,"19,700",1.97,1.97,1.97,1.97,-,0.18,1.87,100,1.92,100,
711483,茂達群益61購03,0,0,0,---,---,---, ---,,,1.05,25,1.06,10,
711484,世界台新61購02,"142,000",3,"71,100",0.50,0.51,0.50,0.51,-,0.06,0.51,25,0.52,10,
711485,台嘉碩台新61購03,"100,000",1,"118,000",1.18,1.18,1.18,1.18,-,0.07,1.11,25,1.12,10,
711486,巨漢台新61購03,0,0,0,---,---,---, ---,,,1.58,25,1.59,10,
711487,良維台新61購02,"103,000",4,"122,760",1.22,1.22,1.17,1.19,+,0.06,1.13,25,1.14,10,
711488,亞電台新61購01,"316,000",36,"680,780",2.21,2.30,1.98,2.02,-,0.26,2.07,25,2.09,10,
711489,長科*台新61購01,"5,000",1,"5,250",1.05,1.05,1.05,1.05,-,0.18,1.02,25,1.03,10,
711490,千附精群益61購03,"191,000",8,"324,850",1.57,1.85,1.57,1.72,+,0.13,0.92,10,0.00,0,
711491,亞電群益61購01,"235,000",11,"611,520",2.81,2.81,2.58,2.69,-,0.21,2.01,7,0.00,0,
711492,亞電群益61購02,"1,197,000",28,"2,786,570",2.43,2.59,2.21,2.28,-,0.27,2.05,2,2.85,1,
711493,亞電群益61購03,"888,000",33,"3,173,700",3.74,3.88,3.46,3.50,-,0.33,2.46,4,0.00,0,
711494,陽程群益63購02,0,0,0,---,---,---, ---,,,0.00,0,0.00,0,
711495,世界凱基61購02,"100,000",2,"81,000",0.81,0.81,0.81,0.81,-,0.06,0.83,100,0.84,10,
711496,巨漢凱基61購01,0,0,0,---,---,---, ---,,,0.57,100,0.58,30,
711497,系統電凱基61購02,"2,000",1,"2,020",1.01,1.01,1.01,1.01,-,0.09,1.05,10,1.07,10,
711498,宜鼎凱基61購05,0,0,0,---,---,---, ---,,,2.32,100,2.35,10,
711499,昇佳電凱基61購02,0,0,0,---,---,---, ---,,,0.67,100,0.68,10,
711500,長科*凱基61購01,0,0,0,---,---,---, ---,,,1.47,10,1.48,10,
711501,威剛凱基61購05,"484,000",24,"894,200",1.85,1.89,1.82,1.84,-,0.01,1.84,10,1.85,10,
711502,家登凱基63購01,"159,000",9,"263,970",1.86,1.86,1.60,1.68,-,0.08,1.66,61,1.67,30,
711503,富喬凱基61購06,"97,000",7,"442,810",4.41,4.61,4.41,4.57,-,0.13,4.69,22,4.79,10,
711504,智通*凱基61購04,"111,000",2,"73,260",0.66,0.66,0.66,0.66,-,0.03,0.74,100,0.75,50,
711505,順達凱基61購05,"363,000",10,"557,350",1.63,1.63,1.48,1.49,-,0.18,1.52,66,1.53,10,
711506,群聯凱基61購11,"8,000",6,"24,930",3.08,3.16,3.02,3.02,-,0.01,3.08,100,3.12,10,
711507,頎邦凱基61購04,"24,000",2,"31,040",1.36,1.36,1.28,1.28,-,0.25,1.35,100,1.45,10,
711508,雙鴻凱基63購03,"56,000",7,"267,790",4.50,5.05,4.50,5.05,+,1.13,5.20,499,0.00,0,
711509,千附精元大61購02,"56,000",2,"86,800",1.55,1.55,1.55,1.55,+,0.05,1.03,9,0.00,0,
711510,立敦元大61購03,0,0,0,---,---,---, ---,,,0.26,499,0.27,10,
711511,亞電元大61購01,"234,000",27,"697,030",3.05,3.12,2.89,2.91,-,0.25,2.93,250,2.95,10,
711512,群聯元大61購18,"235,000",8,"339,600",1.47,1.47,1.44,1.46,+,0.03,1.43,499,1.85,1,
711513,千附精統一65購01,"267,000",6,"193,890",0.68,0.75,0.68,0.72,+,0.05,0.72,40,0.88,1,
711514,世界統一66購01,0,0,0,---,---,---, ---,,,0.37,10,0.38,10,
711515,亞電統一69購01,"547,000",40,"597,540",1.10,1.14,1.06,1.09,-,0.04,1.09,5,1.13,62,
711516,宜鼎統一64購05,"165,000",8,"132,560",0.80,0.81,0.78,0.80,-,0.03,0.79,10,0.80,10,
711517,倉和統一65購01,"20,000",2,"25,000",1.25,1.25,1.25,1.25,-,0.02,1.26,10,1.27,10,
711518,方土昶永豐61購01,"30,000",6,"50,900",1.69,1.74,1.63,1.63,-,0.01,1.65,10,1.66,10,
711519,亞電永豐64購01,"5,000",1,"14,300",2.86,2.86,2.86,2.86,-,0.08,2.75,10,2.77,10,
711520,昇佳電永豐63購01,"7,000",1,"4,060",0.58,0.58,0.58,0.58,-,0.02,0.57,499,0.58,10,
711521,長科*永豐64購01,0,0,0,---,---,---, ---,,,0.84,499,0.85,10,
711522,陽程永豐61購03,0,0,0,---,---,---, ---,,,3.78,499,0.00,0,
711523,雙鴻永豐64購03,"389,000",29,"1,640,850",3.84,4.55,3.84,4.55,+,0.74,4.68,499,0.00,0,
711524,世界國泰62購04,"60,000",3,"55,190",0.91,0.92,0.91,0.92,-,0.09,0.94,10,0.95,10,
711525,良維國泰62購01,0,0,0,---,---,---, ---,,,1.91,499,1.92,100,
711526,亞電國泰62購01,"43,000",10,"170,390",4.21,4.21,3.82,3.89,-,0.27,3.86,499,3.89,90,
711527,朋程國泰63購01,"24,000",1,"29,520",1.23,1.23,1.23,1.23,-,0.16,1.21,499,1.23,100,
711528,漢科國泰62購01,0,0,0,---,---,---, ---,,,0.92,499,0.94,100,
711529,千附精富邦61購01,"231,000",9,"186,500",0.79,0.85,0.79,0.79,+,0.1,0.78,10,0.79,28,
711530,立碁富邦61購02,"116,000",12,"160,880",1.24,1.45,1.24,1.43,+,0.32,1.45,30,1.63,5,
711531,宜特富邦63購02,"208,000",3,"101,920",0.49,0.49,0.49,0.49,-,0.03,0.47,10,0.48,28,
711532,宜鼎富邦61購05,"189,000",4,"172,410",0.90,0.93,0.90,0.93,+,0.01,0.88,10,0.89,28,
711533,朋程富邦63購04,"226,000",5,"111,110",0.50,0.50,0.49,0.49,-,0.05,0.49,10,0.50,28,
711534,欣銓富邦61購02,"366,000",10,"198,390",0.56,0.57,0.53,0.57,-,0.05,0.55,10,0.56,28,
711535,長科*富邦62購02,0,0,0,---,---,---, ---,,,0.59,10,0.60,28,
711536,富喬富邦61購03,"501,000",38,"754,660",1.43,1.54,1.43,1.51,+,0.05,1.50,10,1.51,10,
711537,智通*富邦63購01,"39,000",5,"17,550",0.45,0.45,0.45,0.45,-,0.02,0.47,10,0.48,28,
711538,陽程富邦61購03,"26,000",9,"49,210",1.65,2.12,1.65,2.12,+,0.55,1.98,50,2.09,31,
711539,群聯富邦63購03,"96,000",8,"118,280",1.18,1.26,1.18,1.23,+,0.01,1.24,10,1.25,28,
711540,營邦富邦62購03,0,0,0,---,---,---, ---,,,1.27,10,1.31,10,
711541,雙鴻富邦63購02,0,0,0,---,---,---, ---,,,1.83,10,0.00,0,
711542,譜瑞富邦63購02,"44,000",3,"25,340",0.57,0.58,0.56,0.58,-,0.02,0.58,10,0.59,28,
711543,M31國票65購01,"25,000",2,"41,040",1.68,1.68,1.64,1.64,-,0.22,1.63,25,1.64,10,
711544,台特化國票65購01,0,0,0,---,---,---, ---,,,1.74,25,1.75,10,
711545,禾瑞亞國票61購01,0,0,0,---,---,---, ---,,,1.02,25,1.03,10,
711546,亞電國票61購01,"31,000",4,"179,800",5.85,5.85,5.60,5.60,-,0.4,5.50,25,5.55,10,
711547,長科*國票65購01,0,0,0,---,---,---, ---,,,1.23,25,1.24,10,
711548,榮田國票61購01,0,0,0,---,---,---, ---,,,0.69,25,0.73,10,
711549,巨漢群益61購02,0,0,0,---,---,---, ---,,,0.90,10,1.00,10,
711550,群聯群益61購09,"39,000",7,"192,150",5.00,5.00,4.73,4.93,-,0.12,4.99,100,5.05,100,
711551,千附精國票64購01,"89,000",10,"170,960",1.79,2.01,1.79,1.88,+,0.12,1.86,25,1.88,10,
711552,立碁國票65購01,"25,000",4,"102,770",4.00,4.23,4.00,4.23,+,0.77,4.23,25,4.57,2,
711553,亞電國票63購01,"105,000",15,"334,830",3.29,3.34,3.03,3.06,-,0.49,3.09,25,3.11,10,
711554,亞電國票64購01,"687,000",18,"2,025,390",3.02,3.12,2.84,2.88,-,0.32,2.89,25,2.90,10,
711555,宜鼎國票66購01,"330,000",5,"443,200",1.35,1.35,1.34,1.34,-,0.06,1.34,25,1.35,10,
711556,朋程國票61購01,0,0,0,---,---,---, ---,,,1.30,25,1.31,10,
711557,長科*國票64購01,0,0,0,---,---,---, ---,,,1.05,25,1.07,10,
711558,頎邦國票66購01,"135,000",4,"176,300",1.31,1.31,1.30,1.30,-,0.14,1.30,25,1.31,10,
711559,漢科國票61購01,0,0,0,---,---,---, ---,,,0.81,25,0.82,10,
711560,臺慶科國票66購01,0,0,0,---,---,---, ---,,,1.47,25,1.48,10,
711561,磐儀國票65購01,0,0,0,---,---,---, ---,,,0.74,25,0.75,10,
711562,亞電台新61購02,"115,000",16,"260,570",2.30,2.34,2.06,2.06,-,0.3,2.14,25,2.15,10,
711563,亞電台新61購03,"383,000",31,"928,880",2.56,2.62,2.33,2.40,-,0.27,2.40,25,2.41,10,
711564,青雲台新61購01,"360,000",17,"314,040",0.86,0.94,0.81,0.94,+,0.15,0.94,95,1.03,10,
711565,博士旺台新61購01,"356,000",8,"499,320",1.39,1.47,1.39,1.47,+,0.16,1.71,6,0.00,0,
711566,千附精凱基61購04,"33,000",5,"63,840",1.84,2.07,1.84,1.95,+,0.18,1.91,100,1.93,10,
711567,世界凱基61購03,"10,000",1,"13,400",1.34,1.34,1.34,1.34,-,0.11,1.37,100,1.38,10,
711568,亞電凱基61購01,"79,000",10,"272,210",3.63,3.73,3.36,3.36,-,0.46,3.43,100,3.53,10,
711569,泓格凱基61購01,"20,000",2,"13,200",0.65,0.67,0.65,0.67,+,0.04,0.67,5,0.00,0,
711570,陽程凱基63購03,0,0,0,---,---,---, ---,,,4.54,50,0.00,0,
711571,群聯凱基66購02,"64,000",15,"191,660",3.00,3.05,2.97,3.02,+,0.03,2.99,100,3.01,10,
711572,泓格永豐61購01,"1,000",1,430,0.43,0.43,0.43,0.43,+,0.03,0.42,10,0.43,10,
711573,群聯永豐67購03,"1,000",1,"1,620",1.62,1.62,1.62,1.62,-,0.02,1.62,10,1.63,10,
711575,元太元大66購04,"62,000",6,"67,470",1.12,1.12,1.06,1.06,-,0.09,1.05,3,1.53,10,
711576,均豪元大61購03,"34,000",9,"124,540",3.59,3.95,3.41,3.86,-,0.02,3.76,200,3.82,10,
711577,青雲元大61購02,"360,000",12,"802,590",2.02,2.25,2.02,2.25,+,0.34,2.20,25,2.24,10,
711578,晟田元大61購03,"20,000",1,"28,400",1.42,1.42,1.42,1.42,+,0.07,1.37,25,1.40,10,
711579,博智元大61購01,"3,000",2,"10,310",3.47,3.47,3.37,3.37,-,0.13,3.36,200,3.42,10,
711580,群聯元大61購19,"411,000",10,"830,880",1.94,2.04,1.94,2.03,+,0.01,2.02,350,2.03,10,
711581,群聯元大63購05,"210,000",7,"413,680",1.91,1.99,1.91,1.99,+,0.03,1.98,400,1.99,10,
711582,聖暉*元大61購03,0,0,0,---,---,---, ---,,,0.35,499,0.36,10,
711583,營邦元大61購03,"49,000",10,"130,460",2.47,2.78,2.47,2.71,+,0.26,2.70,300,2.72,10,
711584,雙鴻元大61購16,0,0,0,---,---,---, ---,,,3.54,250,0.00,0,
711585,雙鴻元大63購03,"216,000",16,"470,140",2.11,2.49,2.06,2.49,+,0.37,2.51,100,0.00,0,
711586,千附精國泰62購02,"40,000",4,"98,900",2.54,2.54,2.43,2.43,+,0.23,2.34,10,2.39,10,
711587,元太國泰62購01,"442,000",6,"315,010",0.72,0.72,0.69,0.69,-,0.09,0.71,10,0.80,50,
711588,泓格國泰62購01,"22,000",1,"13,860",0.63,0.63,0.63,0.63,+,0.04,0.64,499,0.65,100,
711589,能率亞國泰62購01,"60,000",6,"126,160",2.12,2.17,2.08,2.08,-,0.0,2.07,499,2.08,100,
711590,晟田國泰62購01,"6,000",1,"7,140",1.19,1.19,1.19,1.19,+,0.04,1.15,499,1.16,100,
711591,群聯國泰62購06,"5,000",5,"13,200",2.67,2.68,2.59,2.64,+,0.06,2.64,499,2.66,100,
711592,雙鴻國泰62購01,"3,000",3,"22,900",7.40,7.80,7.40,7.80,+,2.1,7.65,140,0.00,0,
711593,禾瑞亞統一67購01,"229,000",6,"141,540",0.62,0.62,0.61,0.61,-,0.03,0.61,10,0.62,10,
711594,長科*統一6C購01,0,0,0,---,---,---, ---,,,0.62,10,0.63,10,
711595,群聯統一66購02,"23,000",1,"17,250",0.75,0.75,0.75,0.75,-,0.0,0.76,10,0.77,10,
711596,M31富邦63購02,0,0,0,---,---,---, ---,,,0.90,10,0.91,28,
711597,久元富邦62購02,"1,000",1,580,0.58,0.58,0.58,0.58,-,0.02,0.57,10,0.58,28,
711598,立敦富邦63購02,0,0,0,---,---,---, ---,,,0.28,10,0.29,28,
711599,宏捷科富邦63購01,"684,000",21,"494,940",0.70,0.76,0.69,0.70,-,0.0,0.70,10,0.71,28,
711600,威剛富邦61購01,"91,000",6,"70,980",0.78,0.79,0.77,0.78,-,0.02,0.77,30,0.78,28,
711601,茂達富邦63購03,"258,000",6,"162,800",0.64,0.64,0.61,0.61,-,0.09,0.65,10,0.66,28,
711602,頎邦富邦62購01,"672,000",18,"459,970",0.66,0.96,0.64,0.67,-,0.06,0.67,10,0.68,28,
711603,頎邦富邦63購02,"1,241,000",33,"796,670",0.62,0.66,0.61,0.64,-,0.08,0.65,10,0.66,28,
711605,世禾凱基61購01,0,0,0,---,---,---, ---,,,0.45,10,0.46,10,
711606,由田凱基61購01,"31,000",6,"99,670",2.81,3.33,2.81,3.11,+,0.33,3.03,100,3.09,10,
711607,宜鼎凱基65購01,"10,000",1,"22,200",2.22,2.22,2.22,2.22,-,0.03,2.16,100,2.18,10,
711608,長科*凱基64購01,0,0,0,---,---,---, ---,,,1.47,100,1.48,10,
711609,青雲凱基61購02,"206,000",12,"276,580",1.26,1.38,1.26,1.38,+,0.5,1.34,100,1.37,10,
711610,家登凱基61購03,"27,000",3,"45,680",1.74,1.74,1.60,1.62,-,0.21,1.60,100,1.62,10,
711611,博智凱基63購02,"15,000",1,"45,450",3.03,3.03,3.03,3.03,-,0.25,3.17,10,3.22,10,
711612,雙鴻凱基61購08,"165,000",12,"533,040",2.84,3.74,2.71,3.74,+,0.89,3.85,220,0.00,0,
711613,世界台新61購03,"368,000",8,"379,460",1.05,1.05,1.02,1.04,-,0.11,1.07,25,1.08,10,
711614,台嘉碩台新61購04,"20,000",2,"29,760",1.50,1.50,1.38,1.38,-,0.17,1.40,25,1.41,10,
711615,巨漢台新61購04,"5,000",1,"4,850",0.97,0.97,0.97,0.97,-,0.02,0.95,25,0.96,10,
711616,家登台新61購02,0,0,0,---,---,---, ---,,,1.64,25,1.65,10,
711617,M31元大61購02,"11,000",2,"18,890",1.69,1.72,1.69,1.72,-,0.42,1.10,9,0.00,0,
711618,千附精元大61購03,"1,399,000",11,"1,208,720",0.78,0.89,0.78,0.84,+,0.04,0.57,17,0.00,0,
711619,元太元大66購05,"10,000",1,"9,700",0.97,0.97,0.97,0.97,-,0.09,0.63,15,0.00,0,
711620,世禾元大61購01,"875,000",10,"688,280",0.78,0.80,0.78,0.78,-,0.06,0.76,499,0.78,10,
711621,世界元大61購02,"62,000",2,"76,260",1.23,1.23,1.23,1.23,-,0.09,0.78,12,0.00,0,
711622,世界元大63購06,"245,000",4,"194,240",0.80,0.80,0.79,0.79,-,0.06,0.52,96,0.00,0,
711623,艾訊元大61購01,0,0,0,---,---,---, ---,,,0.78,499,0.79,10,
711624,欣銓元大67購02,"253,000",13,"437,200",1.76,1.76,1.68,1.76,-,0.09,1.73,400,1.74,10,
711625,原相元大61購04,0,0,0,---,---,---, ---,,,1.30,499,1.31,10,
711626,家登元大61購06,"49,000",3,"65,850",1.41,1.41,1.29,1.29,-,0.16,1.33,499,1.35,10,
711627,家登元大65購01,"11,000",1,"15,290",1.39,1.39,1.39,1.39,-,0.0,1.30,25,1.31,10,
711628,陽程元大61購05,0,0,0,---,---,---, ---,,,3.82,6,0.00,0,
711629,臺慶科元大61購06,"42,000",6,"63,080",1.47,1.53,1.37,1.37,-,0.2,1.38,499,1.40,10,
711630,世界群益61購05,"52,000",3,"189,900",3.65,3.66,3.65,3.66,-,0.3,2.10,23,0.00,0,
711631,由田群益61購01,"2,065,000",60,"6,945,830",3.40,3.70,3.03,3.37,+,0.2,2.34,4,4.40,2,
711632,泓格群益61購01,"47,000",1,"28,200",0.60,0.60,0.60,0.60,+,0.06,0.28,35,0.00,0,
711633,群聯群益65購01,0,0,0,---,---,---, ---,,,5.15,100,5.20,100,
711634,頎邦群益61購03,"83,000",4,"159,690",1.93,1.93,1.88,1.88,-,0.22,1.91,10,2.01,10,
711635,世界國票61購05,0,0,0,---,---,---, ---,,,0.84,25,0.85,10,
711636,由田國票61購01,"99,000",9,"293,880",2.94,3.29,2.82,2.97,+,0.09,2.96,25,2.97,10,
711637,安勤國票65購01,0,0,0,---,---,---, ---,,,0.55,25,0.56,10,
711638,泓格國票61購01,0,0,0,---,---,---, ---,,,0.58,25,0.59,10,
711639,威剛國票64購01,"88,000",6,"160,170",1.83,1.83,1.78,1.82,-,0.0,1.81,25,1.82,10,
711640,茂訊國票65購02,0,0,0,---,---,---, ---,,,0.59,25,0.60,10,
711641,茂綸國票65購01,0,0,0,---,---,---, ---,,,0.78,25,0.79,10,
711642,神準國票65購01,0,0,0,---,---,---, ---,,,0.51,25,0.52,10,
711643,創惟國票65購01,0,0,0,---,---,---, ---,,,0.95,25,0.96,10,
711644,鈊象國票63購01,"494,000",11,"558,150",1.14,1.16,1.10,1.13,-,0.03,1.18,25,1.20,10,
711645,精確國票65購01,"25,000",2,"17,250",0.69,0.69,0.69,0.69,-,0.0,0.68,25,0.69,10,
711646,銳澤國票65購01,0,0,0,---,---,---, ---,,,0.58,25,0.60,10,
711647,家登富邦63購02,"241,000",9,"204,380",0.90,0.94,0.83,0.83,-,0.05,0.84,11,0.85,28,
711648,創惟富邦61購01,"60,000",2,"55,300",0.93,0.93,0.92,0.92,-,0.06,0.89,30,0.90,28,
711649,巨漢國泰62購01,0,0,0,---,---,---, ---,,,0.71,499,0.72,100,
711650,威剛國泰62購02,"12,000",1,"30,000",2.50,2.50,2.50,2.50,+,0.01,2.49,499,2.50,100,
711651,家登國泰62購02,"20,000",1,"27,200",1.36,1.36,1.36,1.36,-,0.08,1.34,499,1.35,100,
711652,順達國泰62購01,"30,000",3,"43,250",1.49,1.49,1.40,1.40,-,0.18,1.39,499,1.40,100,
711653,勤凱國泰62購01,"82,000",9,"95,240",1.26,1.26,1.09,1.25,+,0.03,1.22,499,1.24,100,
711654,由田統一67購01,"484,000",18,"459,290",0.96,1.01,0.89,1.00,+,0.07,0.94,10,0.95,10,
711655,由田統一6C購01,"28,000",3,"26,520",0.94,0.97,0.93,0.93,+,0.05,0.92,10,0.00,0,
711656,立碁統一67購02,"75,000",3,"70,100",0.87,0.96,0.87,0.96,+,0.12,0.97,10,0.00,0,
711657,立碁統一69購01,"13,000",4,"13,110",1.00,1.02,0.99,1.01,+,0.08,1.01,10,1.07,1,
711658,聖暉*統一69購01,0,0,0,---,---,---, ---,,,0.31,10,0.32,10,
711659,群聯中信61購03,0,0,0,---,---,---, ---,,,0.69,20,0.70,10,
711660,力領永豐61購01,0,0,0,---,---,---, ---,,,0.67,499,0.68,10,
711661,天品永豐64購01,"215,000",2,"141,600",0.64,0.66,0.64,0.66,-,0.01,0.66,10,0.67,10,
711662,世紀*永豐61購02,"12,000",7,"78,400",6.10,7.15,6.10,7.15,-,0.15,0.00,0,8.00,1,
711663,巨有永豐64購01,"35,000",4,"32,110",0.90,0.94,0.90,0.92,-,0.04,0.90,10,0.91,10,
711664,禾瑞亞永豐61購01,0,0,0,---,---,---, ---,,,0.88,499,0.89,10,
711665,禾瑞亞永豐64購01,0,0,0,---,---,---, ---,,,0.97,499,0.98,10,
711666,艾訊永豐61購02,"29,000",3,"16,050",0.56,0.56,0.55,0.55,-,0.04,0.55,10,0.56,10,
711667,亞信永豐61購01,"29,000",4,"18,070",0.63,0.63,0.62,0.62,-,0.04,0.62,10,0.63,10,
711668,朋程永豐61購01,"14,000",2,"15,540",1.11,1.11,1.11,1.11,-,0.12,1.08,499,1.09,10,
711669,昱展永豐64購01,0,0,0,---,---,---, ---,,,0.56,499,0.57,10,
711670,原相永豐61購04,0,0,0,---,---,---, ---,,,1.79,499,1.83,10,
711671,家登永豐61購05,"105,000",9,"272,560",2.96,2.96,2.50,2.50,-,0.43,2.56,10,2.63,10,
711672,振曜永豐64購01,0,0,0,---,---,---, ---,,,0.62,499,0.63,10,
711673,博士旺永豐67購01,"5,000",1,"5,000",1.00,1.00,1.00,1.00,+,0.07,1.09,10,0.00,0,
711674,博智永豐61購03,0,0,0,---,---,---, ---,,,3.09,10,3.12,10,
711675,順達永豐61購03,0,0,0,---,---,---, ---,,,1.18,499,1.19,10,
711676,順達永豐67購02,0,0,0,---,---,---, ---,,,2.15,10,2.16,10,
711677,聖暉*永豐61購02,0,0,0,---,---,---, ---,,,0.40,499,0.41,10,
711679,系微台新61購01,"64,000",3,"58,250",0.92,0.92,0.91,0.91,-,0.1,0.93,25,0.94,10,
711680,高技台新61購01,"657,000",30,"1,105,420",1.72,1.82,1.58,1.64,+,0.05,1.62,25,1.72,10,
711681,高技台新61購02,"166,000",18,"286,060",1.77,1.85,1.65,1.68,+,0.05,1.65,25,1.75,10,
711682,博智台新61購01,0,0,0,---,---,---, ---,,,1.78,25,1.88,10,
711683,群聯台新61購05,"3,000",3,"3,390",1.14,1.14,1.12,1.12,-,0.0,1.13,25,1.14,10,
711684,群聯台新61購06,0,0,0,---,---,---, ---,,,1.03,25,1.04,10,
711685,雙鴻台新61購01,"278,000",9,"436,800",1.58,1.60,1.52,1.52,+,0.11,1.95,25,0.00,0,
711686,雙鴻台新61購02,"9,000",3,"12,710",1.47,1.47,1.39,1.39,+,0.19,1.55,25,0.00,0,
711687,世界凱基61購04,0,0,0,---,---,---, ---,,,0.56,100,0.57,10,
711688,安勤凱基63購01,0,0,0,---,---,---, ---,,,0.46,100,0.47,10,
711689,宜鼎凱基65購02,"42,000",9,"61,830",1.49,1.49,1.45,1.45,-,0.2,1.46,100,1.48,10,
711690,翔名凱基61購03,0,0,0,---,---,---, ---,,,0.53,10,0.54,30,
711691,鈊象凱基61購04,"364,000",15,"398,340",1.06,1.15,1.04,1.14,+,0.04,1.21,100,1.31,10,
711693,世界元大61購03,"30,000",2,"31,200",1.04,1.04,1.04,1.04,-,0.05,0.70,14,1.23,3,
711694,世界元大61購04,"225,000",2,"119,250",0.53,0.53,0.53,0.53,-,0.05,0.54,5,0.00,0,
711695,世界元大63購07,"177,000",2,"53,100",0.30,0.30,0.30,0.30,-,0.02,0.14,357,0.00,0,
711696,欣銓元大67購03,"86,000",5,"134,630",1.58,1.58,1.56,1.57,-,0.1,1.56,450,1.57,10,
711697,泓格元大61購01,"253,000",1,"129,030",0.51,0.51,0.51,0.51,+,0.05,0.48,499,0.49,10,
711698,家登元大61購07,"289,000",11,"279,240",1.04,1.04,0.94,0.96,-,0.09,0.92,499,0.94,10,
711699,家登元大61購08,0,0,0,---,---,---, ---,,,1.08,25,1.09,10,
711700,家登元大65購02,0,0,0,---,---,---, ---,,,0.78,25,0.79,10,
711701,高技元大61購01,"522,000",18,"869,330",1.69,1.76,1.59,1.61,+,0.03,1.58,25,1.59,10,
711702,博智元大61購02,"25,000",4,"58,490",2.35,2.41,2.16,2.25,-,0.08,2.24,25,2.28,10,
711703,群聯元大64購09,"73,000",3,"160,400",2.19,2.21,2.19,2.21,+,0.05,2.18,350,2.19,10,
711704,頎邦元大61購05,0,0,0,---,---,---, ---,,,0.52,499,0.62,10,
711705,巨漢國票61購02,0,0,0,---,---,---, ---,,,0.64,25,0.65,10,
711706,巨漢國票61購03,0,0,0,---,---,---, ---,,,0.73,25,0.74,10,
711707,宏捷科國票64購01,"7,000",1,"5,040",0.72,0.72,0.72,0.72,+,0.05,0.67,25,0.68,10,
711708,宜特國票63購01,0,0,0,---,---,---, ---,,,0.80,25,0.81,10,
711709,高技國票65購01,"21,000",2,"28,630",1.32,1.39,1.32,1.39,+,0.14,1.27,25,1.28,10,
711710,世界群益61購06,"80,000",4,"313,480",3.91,3.93,3.91,3.93,-,0.34,2.36,21,0.00,0,
711711,欣銓群益61購02,"100,000",1,"122,000",1.22,1.22,1.22,1.22,-,0.18,0.77,12,0.00,0,
711712,威剛群益63購01,"25,000",3,"84,900",3.38,3.42,3.38,3.42,+,0.07,3.38,100,3.43,100,
711713,高技群益61購01,"867,000",19,"1,139,520",1.32,1.40,1.23,1.25,-,0.0,0.64,15,0.00,0,
711714,鈊象群益61購03,"67,000",5,"67,310",1.03,1.12,0.97,1.12,+,0.08,0.33,30,1.10,50,
711715,群聯群益65購02,"15,000",2,"35,600",2.36,2.40,2.36,2.40,+,0.06,2.35,25,2.39,10,
711716,頎邦群益61購04,"4,000",3,"3,810",0.92,0.97,0.92,0.97,-,0.17,0.96,10,1.06,10,
711717,磐儀群益61購01,0,0,0,---,---,---, ---,,,0.61,10,0.71,10,
711718,營邦群益61購01,"213,000",10,"379,400",1.67,1.82,1.67,1.78,+,0.07,1.81,10,1.91,10,
711719,雙鴻群益61購04,"97,000",5,"216,200",2.20,2.50,2.20,2.50,+,0.28,1.62,30,0.00,0,
711720,宜鼎中信61購04,0,0,0,---,---,---, ---,,,0.79,10,0.80,10,
711721,威剛中信61購02,"8,000",2,"4,960",0.62,0.62,0.62,0.62,+,0.02,0.61,10,0.62,10,
711723,元太永豐61購06,"207,000",2,"153,640",0.76,0.76,0.74,0.74,-,0.16,0.80,499,0.81,10,
711724,永信建永豐65購01,0,0,0,---,---,---, ---,,,0.42,10,0.43,10,
711725,由田永豐61購01,"391,000",23,"726,220",1.86,1.99,1.62,1.90,+,0.17,1.83,10,1.86,10,
711726,岳豐永豐64購01,0,0,0,---,---,---, ---,,,0.25,499,0.26,10,
711727,原相永豐61購05,0,0,0,---,---,---, ---,,,0.95,499,0.97,10,
711728,順達永豐61購04,0,0,0,---,---,---, ---,,,0.84,499,0.85,10,
711729,順達永豐61購05,0,0,0,---,---,---, ---,,,0.94,499,0.95,10,
711730,群翊永豐61購02,"2,000",1,"2,380",1.19,1.19,1.19,1.19,-,0.08,1.15,10,1.16,10,
711731,群聯永豐67購04,0,0,0,---,---,---, ---,,,1.51,499,1.52,10,
711732,精華永豐61購01,"35,000",2,"20,900",0.58,0.60,0.58,0.60,-,0.01,0.61,10,0.62,10,
711733,臺慶科永豐61購01,"24,000",1,"33,120",1.38,1.38,1.38,1.38,+,0.02,1.24,10,1.25,10,
711734,倉和國泰63購01,"1,000",1,"3,290",3.29,3.29,3.29,3.29,+,0.16,3.24,499,3.33,100,
711735,原相國泰62購01,"241,000",6,"295,600",1.25,1.25,1.22,1.22,-,0.11,1.22,499,1.23,100,
711736,雙鴻國泰62購02,"34,000",6,"129,860",3.72,4.18,3.72,4.18,+,0.71,4.63,499,0.00,0,
711737,由田統一65購01,"2,300,000",91,"2,708,340",1.16,1.26,1.07,1.15,+,0.04,1.16,10,1.17,10,
711738,宏捷科統一65購01,"247,000",4,"132,620",0.53,0.54,0.53,0.54,-,0.0,0.53,10,0.54,10,
711739,長科*統一65購01,0,0,0,---,---,---, ---,,,0.62,10,0.63,10,
711740,茂訊統一65購01,"30,000",2,"16,300",0.54,0.55,0.54,0.55,-,0.02,0.54,10,0.55,10,
711741,高技統一67購01,"274,000",5,"198,720",0.72,0.73,0.69,0.69,+,0.02,0.70,10,0.71,10,
711742,高技統一69購01,0,0,0,---,---,---, ---,,,0.71,10,0.72,10,
711743,高技統一6C購01,"49,000",1,"35,770",0.73,0.73,0.73,0.73,+,0.04,0.71,10,0.72,10,
711744,博智統一65購02,"146,000",4,"139,440",0.95,0.96,0.93,0.93,-,0.0,0.90,10,0.91,10,
711745,聖暉*統一65購04,0,0,0,---,---,---, ---,,,0.29,10,0.30,10,
711746,家登台新61購03,0,0,0,---,---,---, ---,,,1.09,25,1.10,10,
711747,敘豐台新61購01,"5,000",1,"4,100",0.82,0.82,0.82,0.82,-,0.13,0.80,25,0.82,10,
711748,博士旺台新61購02,"56,000",1,"83,440",1.49,1.49,1.49,1.49,+,0.06,1.77,25,0.00,0,
711749,群聯台新61購08,"18,000",5,"141,000",7.55,7.95,7.55,7.95,+,0.1,7.90,25,7.95,10,
711750,群聯台新63購01,"48,000",6,"336,100",7.00,7.05,6.80,7.05,+,0.25,6.90,25,7.40,10,
711751,群聯台新64購01,"39,000",10,"277,650",7.10,7.25,6.95,7.10,+,0.05,7.05,25,7.10,10,
711752,雙鴻台新61購03,"33,000",15,"356,000",9.35,11.80,9.35,11.70,+,2.55,11.60,10,12.00,2,
711753,雙鴻台新63購01,"33,000",4,"326,900",8.70,10.20,8.70,10.20,+,1.55,10.70,10,0.00,0,
711755,艾訊凱基61購01,0,0,0,---,---,---, ---,,,0.41,10,0.42,10,
711756,威剛凱基61購07,"15,000",3,"37,660",2.50,2.52,2.50,2.51,-,0.03,2.49,10,2.50,10,
711757,家登凱基61購04,0,0,0,---,---,---, ---,,,0.96,100,0.97,30,
711758,高技凱基61購01,"278,000",16,"444,110",1.65,1.71,1.47,1.51,+,0.03,1.52,66,1.53,10,
711759,博智凱基61購02,"5,000",2,"11,160",2.26,2.26,2.19,2.19,-,0.02,2.07,10,2.10,10,
711760,群聯凱基61購12,"104,000",2,"224,640",2.15,2.19,2.15,2.19,+,0.06,2.16,100,2.18,10,
711761,磐儀凱基61購01,0,0,0,---,---,---, ---,,,0.46,10,0.47,10,
711762,雙鴻凱基61購09,"132,000",11,"334,580",2.38,2.90,2.26,2.90,+,0.55,3.02,34,0.00,0,
711764,天正國票68購01,"20,000",1,"13,600",0.68,0.68,0.68,0.68,+,0.09,0.69,25,0.00,0,
711765,好德國票61購01,"22,000",1,"11,220",0.51,0.51,0.51,0.51,-,0.05,0.51,25,0.52,10,
711766,系微國票65購01,0,0,0,---,---,---, ---,,,0.70,25,0.71,10,
711767,振發國票65購01,"22,000",3,"19,060",0.87,0.88,0.86,0.88,+,0.11,0.86,25,0.87,10,
711768,富喬國票61購02,"3,000",1,"16,800",5.60,5.60,5.60,5.60,+,0.35,5.25,25,5.50,10,
711769,富喬國票63購01,"32,000",5,"188,550",5.60,6.05,5.45,6.05,+,0.45,5.60,25,5.90,10,
711770,達航國票65購01,"245,000",11,"184,650",0.81,0.81,0.74,0.77,+,0.02,0.76,25,0.77,5,
711771,蜜望實國票61購01,"21,000",2,"25,560",1.32,1.32,1.20,1.20,-,0.17,1.21,25,1.22,10,
711772,世禾群益61購01,"99,000",2,"82,170",0.83,0.83,0.83,0.83,-,0.04,0.81,10,0.91,10,
711773,世禾群益61購02,"90,000",1,"72,000",0.80,0.80,0.80,0.80,-,0.03,0.79,10,0.89,10,
711774,東浦群益61購03,"150,000",1,"49,500",0.33,0.33,0.33,0.33,-,0.05,0.18,55,0.00,0,
711775,家登群益63購03,"71,000",3,"83,440",1.18,1.18,1.17,1.18,+,0.04,0.61,81,0.00,0,
711776,神準群益61購01,0,0,0,---,---,---, ---,,,0.00,0,0.00,0,
711777,博士旺群益61購01,"40,000",1,"82,000",2.05,2.05,2.05,2.05,+,0.12,1.09,9,0.00,0,
711778,臺慶科群益61購02,0,0,0,---,---,---, ---,,,0.65,15,1.13,10,
711779,蜜望實群益61購01,"321,000",7,"371,840",1.17,1.17,1.14,1.17,-,0.23,1.21,100,1.22,100,
711780,磐儀群益61購02,0,0,0,---,---,---, ---,,,0.53,4,1.02,10,
711781,磐儀群益61購03,0,0,0,---,---,---, ---,,,0.86,10,0.96,10,
711782,元太元大65購04,0,0,0,---,---,---, ---,,,0.27,37,0.00,0,
711783,立碁元大61購01,"20,000",4,"33,000",1.54,1.77,1.54,1.77,+,0.27,1.80,5,2.01,1,
711784,艾訊元大61購02,0,0,0,---,---,---, ---,,,0.54,499,0.55,10,
711785,泓格元大61購02,0,0,0,---,---,---, ---,,,0.55,499,0.56,10,
711786,博智元大61購03,"13,000",2,"28,090",2.17,2.17,2.13,2.13,-,0.09,2.07,25,2.10,10,
711787,群聯元大64購10,"64,000",6,"150,000",2.36,2.36,2.33,2.36,+,0.04,2.35,300,2.36,3,
711788,頎邦元大64購01,0,0,0,---,---,---, ---,,,0.00,0,0.66,15,
711789,蜜望實元大61購01,"54,000",2,"76,120",1.53,1.53,1.40,1.40,-,0.17,1.42,499,1.44,10,
711790,磐儀元大61購01,0,0,0,---,---,---, ---,,,0.60,499,0.61,10,
711791,營邦元大61購04,"252,000",11,"254,380",0.96,1.06,0.96,1.03,-,0.01,1.03,499,1.04,10,
711792,大學光永豐61購01,"184,000",5,"134,350",0.65,0.76,0.65,0.75,+,0.05,0.76,499,0.77,10,
711793,立碁永豐61購02,0,0,0,---,---,---, ---,,,2.00,10,0.00,0,
711794,全宇昕永豐61購02,"33,000",3,"35,140",1.13,1.13,1.06,1.08,-,0.17,1.09,10,1.11,10,
711795,伯特光永豐61購01,"196,000",4,"150,640",0.74,0.79,0.74,0.79,+,0.02,0.78,10,0.79,10,
711796,宏碁資永豐61購01,0,0,0,---,---,---, ---,,,0.59,10,0.60,10,
711797,宜鼎永豐61購04,"50,000",1,"66,000",1.32,1.32,1.32,1.32,-,0.05,1.24,10,1.26,10,
711798,泓格永豐64購01,0,0,0,---,---,---, ---,,,0.48,10,0.49,10,
711799,能率永豐61購01,"25,000",1,"24,250",0.97,0.97,0.97,0.97,-,0.02,0.93,10,0.94,10,
711800,高技永豐61購01,"720,000",22,"812,790",1.14,1.19,1.10,1.11,+,0.01,1.09,20,1.54,20,
711801,高技永豐61購02,"145,000",8,"174,710",1.20,1.22,1.16,1.21,+,0.11,1.11,499,1.12,10,
711802,高技永豐63購01,"126,000",12,"152,480",1.23,1.23,1.13,1.15,-,0.0,1.14,499,1.15,9,
711803,高技永豐67購01,"225,000",6,"394,070",1.71,1.77,1.71,1.71,+,0.05,1.66,499,1.67,10,
711804,高鋒永豐61購01,"10,000",1,"9,900",0.99,0.99,0.99,0.99,-,0.06,0.97,10,0.98,10,
711805,凱崴永豐61購02,"153,000",20,"292,830",1.74,2.13,1.68,1.76,-,0.09,1.67,10,1.68,10,
711806,富喬永豐61購04,"5,000",2,"19,500",3.90,3.90,3.90,3.90,+,0.07,3.92,10,4.02,10,
711807,崴寶永豐64購01,"56,000",2,"57,680",1.03,1.03,1.03,1.03,-,0.13,1.06,10,1.07,10,
711808,華電網永豐61購02,0,0,0,---,---,---, ---,,,0.86,499,0.87,10,
711809,聖暉*永豐64購02,0,0,0,---,---,---, ---,,,0.56,10,0.57,10,
711810,僑威永豐61購01,"15,000",1,"8,850",0.59,0.59,0.59,0.59,-,0.03,0.57,10,0.59,10,
711811,蜜望實永豐61購02,"51,000",4,"35,320",0.77,0.77,0.66,0.69,-,0.08,0.63,10,0.69,10,
711812,蜜望實永豐61購03,"147,000",4,"134,150",0.92,0.92,0.89,0.89,-,0.13,0.85,10,0.86,10,
711813,艾訊國泰63購01,0,0,0,---,---,---, ---,,,0.98,499,0.99,100,
711814,泓格國泰63購01,0,0,0,---,---,---, ---,,,0.57,499,0.59,100,
711815,頎邦國泰63購01,"42,000",2,"67,540",1.61,1.61,1.59,1.59,-,0.29,1.61,10,1.62,10,
711816,頎邦國泰63購02,"6,000",1,"8,460",1.41,1.41,1.41,1.41,-,0.16,1.43,10,1.44,10,
711817,巨漢富邦63購01,"300,000",1,"114,000",0.38,0.38,0.38,0.38,-,0.04,0.39,10,0.40,28,
711818,安勤富邦63購01,0,0,0,---,---,---, ---,,,0.30,10,0.31,28,
711819,宜鼎富邦67購01,"79,000",3,"71,190",0.91,0.91,0.89,0.89,-,0.05,0.88,10,0.89,28,
711820,富喬富邦67購01,"107,000",7,"185,480",1.70,1.74,1.70,1.74,-,0.02,1.76,10,1.81,10,
711821,蜜望實富邦63購01,"653,000",19,"396,340",0.65,0.68,0.58,0.59,-,0.08,0.59,10,0.60,28,
711822,艾訊統一6C購01,0,0,0,---,---,---, ---,,,0.43,10,0.44,10,
711823,泓格統一6B購01,0,0,0,---,---,---, ---,,,0.44,10,0.45,10,
711824,茂達統一65購04,0,0,0,---,---,---, ---,,,0.46,10,0.47,10,
711825,振發統一6C購01,"71,000",6,"46,900",0.61,0.70,0.61,0.70,+,0.08,0.68,10,0.69,10,
711826,蜜望實統一65購01,"246,000",5,"118,080",0.49,0.49,0.46,0.49,-,0.04,0.47,10,0.48,10,
711827,蜜望實統一6B購01,"50,000",1,"34,500",0.69,0.69,0.69,0.69,-,0.03,0.65,10,0.66,10,
711828,蜜望實統一6C購01,"57,000",2,"41,310",0.73,0.73,0.70,0.70,-,0.05,0.68,10,0.69,10,
711829,泓格群益61購02,"47,000",1,"45,590",0.97,0.97,0.97,0.97,+,0.1,0.50,20,0.00,0,
711830,泓格群益61購03,0,0,0,---,---,---, ---,,,0.00,0,0.00,0,
711831,元債20國票61購01,0,0,0,---,---,---, ---,,,0.50,25,0.51,10,
711832,天品國票61購02,"10,000",1,"7,200",0.72,0.72,0.72,0.72,-,0.01,0.72,25,0.73,10,
711833,天品國票63購01,0,0,0,---,---,---, ---,,,0.61,25,0.62,10,
711834,方土昶國票65購01,"24,000",3,"25,500",1.09,1.09,1.06,1.06,-,0.02,1.06,25,1.07,10,
711835,宏碁資國票65購01,0,0,0,---,---,---, ---,,,0.63,25,0.64,10,
711836,倚強國票61購01,"27,000",5,"64,800",2.42,2.48,2.37,2.37,+,0.42,2.36,25,2.39,10,
711837,智通*國票61購03,0,0,0,---,---,---, ---,,,0.88,25,0.89,10,
711838,雙鴻國票66購01,"7,000",1,"10,360",1.48,1.48,1.48,1.48,+,0.09,1.67,25,0.00,0,
711839,穩得國票61購01,"66,000",10,"119,040",1.77,1.87,1.74,1.82,-,0.0,1.80,25,1.83,10,
711841,大世科永豐61購01,"15,000",2,"9,600",0.64,0.64,0.64,0.64,-,0.03,0.63,499,0.64,10,
711842,中美晶永豐64購03,0,0,0,---,---,---, ---,,,1.29,499,1.30,10,
711843,友輝永豐61購01,0,0,0,---,---,---, ---,,,0.55,499,0.56,10,
711844,安勤永豐61購01,0,0,0,---,---,---, ---,,,0.43,499,0.44,10,
711845,岱稜永豐61購01,"20,000",1,"11,400",0.57,0.57,0.57,0.57,-,0.02,0.56,10,0.57,10,
711846,東洋永豐61購01,"3,000",2,"2,200",0.74,0.74,0.73,0.73,-,0.01,0.73,10,0.74,10,
711847,統振永豐61購01,0,0,0,---,---,---, ---,,,0.56,499,0.57,10,
711848,智擎永豐61購01,0,0,0,---,---,---, ---,,,0.48,499,0.49,10,
711849,頎邦永豐63購01,0,0,0,---,---,---, ---,,,1.30,10,1.31,10,
711850,銳澤永豐61購01,0,0,0,---,---,---, ---,,,0.54,499,0.55,10,
711851,雙鴻永豐61購06,"36,000",3,"69,750",1.92,2.01,1.92,2.01,+,0.16,2.36,10,0.00,0,
711852,中美晶元大63購04,"254,000",1,"203,200",0.80,0.80,0.80,0.80,-,0.19,0.77,499,0.78,10,
711853,中美晶元大67購01,"10,000",2,"4,750",0.47,0.48,0.47,0.48,-,0.02,0.48,499,0.49,10,
711854,安勤元大61購01,0,0,0,---,---,---, ---,,,0.38,499,0.39,10,
711855,艾訊元大61購03,"418,000",4,"270,320",0.65,0.65,0.64,0.64,-,0.02,0.64,499,0.65,10,
711856,欣銓元大65購01,"532,000",20,"776,450",1.48,1.49,1.44,1.48,-,0.08,1.46,499,1.47,10,
711857,泓格元大67購01,"254,000",2,"206,100",0.85,0.85,0.80,0.80,-,0.0,0.82,499,0.83,10,
711858,晟田元大61購04,"5,000",1,"6,600",1.32,1.32,1.32,1.32,+,0.14,1.21,25,1.23,10,
711859,順達元大63購02,"196,000",2,"299,880",1.53,1.53,1.53,1.53,-,0.12,1.50,450,1.51,10,
711860,群聯元大64購11,"27,000",4,"44,100",1.62,1.65,1.62,1.62,-,0.02,1.64,450,1.65,10,
711861,廣積元大61購01,0,0,0,---,---,---, ---,,,0.58,499,0.59,10,
711862,雙鴻元大61購17,"490,000",19,"1,415,510",2.62,3.10,2.62,2.93,+,0.28,3.21,75,0.00,0,
711863,雙鴻元大61購18,"1,429,000",40,"2,227,160",1.40,1.74,1.37,1.74,+,0.36,1.74,125,0.00,0,
711864,雙鴻元大63購04,"2,258,000",21,"2,108,470",0.85,0.99,0.83,0.95,+,0.11,1.04,125,1.17,1,
711865,中美晶台新65購01,0,0,0,---,---,---, ---,,,0.75,25,0.76,10,
711866,智通*台新61購01,0,0,0,---,---,---, ---,,,1.19,25,1.20,10,
711867,群聯台新61購09,"12,000",1,"30,600",2.55,2.55,2.55,2.55,-,0.05,2.53,25,2.63,10,
711868,頎邦台新61購07,"42,000",6,"84,270",2.01,2.06,1.95,1.95,-,0.26,2.02,3,2.03,10,
711869,蜜望實台新61購01,"69,000",12,"116,340",1.76,1.81,1.56,1.56,-,0.18,1.58,25,1.59,10,
711870,廣積台新61購01,0,0,0,---,---,---, ---,,,1.08,25,1.09,10,
711871,中美晶凱基61購11,"50,000",2,"40,000",0.80,0.80,0.80,0.80,-,0.04,0.78,100,0.79,10,
711872,中美晶凱基63購02,0,0,0,---,---,---, ---,,,1.53,100,1.54,10,
711873,元太凱基66購01,"120,000",6,"131,600",1.10,1.11,1.08,1.11,-,0.1,1.08,50,0.00,0,
711874,立碁凱基61購01,"100,000",2,"132,500",1.31,1.34,1.31,1.34,+,0.41,1.34,100,1.92,1,
711875,宜鼎凱基61購06,"164,000",11,"258,390",1.52,1.61,1.48,1.50,-,0.14,1.51,100,1.53,10,
711876,宜鼎凱基63購01,"103,000",4,"159,080",1.50,1.61,1.50,1.61,-,0.17,1.50,100,1.52,10,
711877,富喬凱基61購07,"71,000",8,"441,750",5.90,6.40,5.75,6.40,+,0.75,6.00,17,6.50,10,
711878,頎邦凱基61購06,"31,000",4,"58,630",1.93,1.93,1.88,1.91,-,0.29,1.92,100,2.02,10,
711879,蜜望實凱基61購01,"29,000",1,"35,090",1.21,1.21,1.21,1.21,-,0.1,1.15,100,1.17,10,
711880,營邦凱基61購04,"186,000",16,"396,760",2.07,2.23,2.07,2.18,+,0.09,2.21,46,2.22,10,
711881,雙鴻凱基63購04,"450,000",3,"1,092,000",2.43,2.55,2.34,2.55,+,0.45,2.60,100,0.00,0,
711883,立碁國泰63購01,"110,000",14,"307,500",2.49,2.94,2.49,2.94,+,0.53,2.83,499,0.00,0,
711884,博智國泰63購01,"6,000",1,"14,280",2.38,2.38,2.38,2.38,-,0.09,2.37,10,2.38,10,
711885,富喬國泰63購01,"2,000",2,"8,650",4.30,4.35,4.30,4.35,+,0.05,4.37,280,4.58,1,
711886,富喬國泰63購02,0,0,0,---,---,---, ---,,,4.25,499,0.00,0,
711887,智通*國泰63購01,"18,000",1,"22,320",1.24,1.24,1.24,1.24,-,0.06,1.24,10,1.34,10,
711888,廣積國泰63購01,0,0,0,---,---,---, ---,,,1.59,499,1.60,100,
711889,中美晶富邦63購02,"8,000",1,"5,760",0.72,0.72,0.72,0.72,-,0.06,0.70,30,0.71,28,
711890,中美晶富邦67購01,"10,000",1,"6,000",0.60,0.60,0.60,0.60,-,0.04,0.58,30,0.59,28,
711891,中美晶富邦77購01,"76,000",7,"63,080",0.83,0.83,0.83,0.83,-,0.04,0.81,30,0.82,28,
711892,世界富邦61購04,"49,000",3,"20,580",0.42,0.42,0.42,0.42,-,0.04,0.43,10,0.44,28,
711893,世界富邦67購01,0,0,0,---,---,---, ---,,,0.62,10,0.63,28,
711894,高技富邦63購01,"2,663,000",64,"2,366,870",0.81,0.93,0.81,0.87,+,0.02,0.86,10,0.87,28,
711895,昱展統一67購01,0,0,0,---,---,---, ---,,,0.48,10,0.49,10,
711896,高技統一67購02,"55,000",2,"43,580",0.78,0.82,0.78,0.82,+,0.02,0.79,10,0.80,10,
711897,蜜望實統一67購01,"103,000",3,"66,260",0.70,0.70,0.62,0.62,-,0.1,0.63,10,0.64,10,
711898,磐儀統一67購01,0,0,0,---,---,---, ---,,,0.46,10,0.47,10,
711899,中美晶群益61購03,"28,000",1,"33,600",1.20,1.20,1.20,1.20,-,0.11,1.19,10,1.29,10,
711900,元太群益61購01,0,0,0,---,---,---, ---,,,0.77,13,1.55,10,
711901,高技群益61購02,"2,040,000",31,"4,279,200",2.08,2.31,2.02,2.05,+,0.03,1.57,31,0.00,0,
711902,廣積群益61購01,0,0,0,---,---,---, ---,,,0.76,25,0.77,10,
711903,廣積群益63購01,0,0,0,---,---,---, ---,,,0.79,25,0.80,10,
711904,雙鴻群益61購05,"519,000",18,"923,850",1.72,1.97,1.70,1.97,+,0.27,0.91,10,2.80,20,
711906,中美晶凱基61購12,"40,000",4,"47,400",1.20,1.20,1.17,1.17,-,0.11,1.19,100,1.20,10,
711907,立碁凱基61購02,0,0,0,---,---,---, ---,,,1.42,100,0.00,0,
711908,艾訊凱基61購02,0,0,0,---,---,---, ---,,,0.52,10,0.53,10,
711909,欣銓凱基65購01,"205,000",13,"289,770",1.40,1.44,1.38,1.43,-,0.1,1.07,9,0.00,0,
711910,泓格凱基61購02,"12,000",2,"10,460",0.87,0.88,0.87,0.88,+,0.04,0.89,100,0.90,10,
711911,威剛凱基63購01,"106,000",3,"155,310",1.47,1.47,1.46,1.46,+,0.03,1.46,10,1.47,10,
711912,振發凱基61購01,"30,000",3,"62,700",1.79,2.31,1.79,2.31,+,0.38,2.26,10,2.27,10,
711913,智通*凱基61購05,"104,000",5,"125,190",1.18,1.21,1.17,1.17,-,0.04,1.28,79,1.29,30,
711914,順達凱基63購02,"22,000",4,"39,570",1.81,1.81,1.69,1.69,-,0.11,1.65,100,1.66,10,
711915,群聯凱基61購13,"73,000",5,"130,540",1.75,1.86,1.75,1.83,-,0.0,1.82,100,1.83,7,
711916,M31台新67購01,"36,000",3,"67,070",1.88,1.88,1.82,1.82,-,0.19,1.67,25,1.77,10,
711917,世界台新61購04,"12,000",2,"14,560",1.21,1.23,1.21,1.23,-,0.13,1.26,25,1.27,10,
711918,群聯台新67購05,"5,000",1,"20,000",4.00,4.00,4.00,4.00,-,0.07,3.96,25,4.06,10,
711919,群聯台新67購06,0,0,0,---,---,---, ---,,,3.47,25,3.57,10,
711920,M31元大61購03,0,0,0,---,---,---, ---,,,0.00,0,0.00,0,
711921,中美晶元大61購10,0,0,0,---,---,---, ---,,,0.93,499,0.94,10,
711922,中美晶元大67購02,"200,000",4,"104,190",0.53,0.53,0.52,0.52,-,0.05,0.52,499,0.53,10,
711923,立碁元大61購02,"119,000",7,"163,390",1.20,1.42,1.20,1.42,+,0.32,1.43,5,1.71,3,
711924,宜鼎元大61購11,"103,000",8,"150,520",1.44,1.49,1.40,1.40,-,0.1,1.43,499,1.44,10,
711925,泓格元大61購03,0,0,0,---,---,---, ---,,,0.72,499,0.73,10,
711926,威剛元大61購07,"61,000",5,"123,070",2.02,2.02,2.00,2.02,-,0.0,2.01,350,2.02,10,
711927,鈊象元大61購02,"199,000",15,"223,380",1.12,1.17,1.08,1.17,+,0.04,0.29,34,0.00,0,
711928,群聯元大61購21,"101,000",7,"165,610",1.62,1.65,1.62,1.65,-,0.01,1.64,450,1.65,10,
711929,群聯元大63購06,"93,000",5,"140,360",1.50,1.52,1.49,1.52,+,0.02,1.51,499,1.52,10,
711930,中美晶永豐64購04,"2,000",1,"2,600",1.30,1.30,1.30,1.30,-,0.1,1.31,10,1.32,10,
711931,世界永豐64購01,0,0,0,---,---,---, ---,,,1.31,10,1.32,10,
711932,宜鼎永豐61購05,"150,000",10,"231,320",1.52,1.60,1.48,1.51,-,0.07,1.50,10,1.51,10,
711933,宜鼎永豐63購03,"2,000",1,"3,200",1.60,1.60,1.60,1.60,-,0.08,1.60,499,1.62,10,
711934,鈊象永豐61購02,"17,000",6,"18,500",1.10,1.10,1.07,1.07,-,0.06,1.22,499,1.23,10,
711935,廣積永豐61購02,"102,000",2,"82,620",0.81,0.81,0.81,0.81,-,0.01,0.80,10,0.81,10,
711936,加高國票65購01,0,0,0,---,---,---, ---,,,0.76,25,0.77,10,
711937,立碁國票64購01,"3,000",1,"3,930",1.31,1.31,1.31,1.31,+,0.18,1.36,5,0.00,0,
711938,泓格國票61購02,0,0,0,---,---,---, ---,,,0.80,25,0.81,10,
711939,茂迪國票64購01,0,0,0,---,---,---, ---,,,1.04,25,1.05,10,
711940,陽程國票61購03,0,0,0,---,---,---, ---,,,4.83,25,0.00,0,
711941,頎邦國票63購01,"70,000",3,"106,030",1.52,1.52,1.51,1.52,-,0.21,1.51,25,1.52,10,
711942,廣積國票67購01,0,0,0,---,---,---, ---,,,0.66,25,0.67,10,
711943,磐儀國票66購01,0,0,0,---,---,---, ---,,,0.51,25,0.52,10,
711944,晟田國泰63購01,"40,000",6,"45,800",1.17,1.17,1.12,1.12,+,0.03,1.12,499,1.13,100,
711945,立碁富邦61購03,"71,000",3,"54,420",0.74,0.78,0.74,0.78,+,0.11,0.79,30,0.00,0,
711946,威剛富邦64購02,"246,000",4,"181,350",0.74,0.74,0.73,0.74,-,0.0,0.72,30,0.73,28,
711947,頎邦統一6A購01,"125,000",5,"111,210",0.89,0.91,0.88,0.89,-,0.07,0.89,10,0.90,10,
711949,正德國票62購01,"1,000",1,"1,300",1.30,1.30,1.30,1.30,+,0.05,1.22,25,1.24,10,
711950,威剛國票62購03,"62,000",10,"98,800",1.60,1.61,1.56,1.60,+,0.01,1.59,25,1.60,10,
711951,美達國票62購01,0,0,0,---,---,---, ---,,,1.02,25,1.05,10,
711952,森鉅國票67購01,0,0,0,---,---,---, ---,,,0.87,25,0.88,10,
711953,群聯國票62購02,0,0,0,---,---,---, ---,,,1.54,25,1.57,10,
711954,世界中信62購01,0,0,0,---,---,---, ---,,,0.33,499,0.34,10,
711955,宜鼎永豐63購04,"2,000",1,"4,500",2.25,2.25,2.25,2.25,-,0.01,2.16,10,2.18,10,
711956,富喬永豐62購01,0,0,0,---,---,---, ---,,,5.95,499,6.10,10,
711957,富喬永豐63購01,0,0,0,---,---,---, ---,,,4.46,499,4.55,10,
711958,台嘉碩國泰63購01,0,0,0,---,---,---, ---,,,1.87,499,1.89,100,
711959,宜鼎國泰63購01,"113,000",13,"327,540",2.84,2.98,2.80,2.80,-,0.17,2.82,499,2.84,100,
711960,群聯國泰65購01,"12,000",2,"34,520",2.79,2.92,2.79,2.92,+,0.06,2.90,499,2.92,100,
711961,群聯富邦63購04,0,0,0,---,---,---, ---,,,1.56,10,1.60,10,
711962,群聯富邦63購05,0,0,0,---,---,---, ---,,,1.52,10,1.56,10,
711963,群聯富邦63購06,0,0,0,---,---,---, ---,,,1.58,10,1.62,10,
711964,頎邦富邦63購03,0,0,0,---,---,---, ---,,,0.99,10,1.03,10,
711965,雙鴻富邦63購03,"10,000",1,"15,300",1.53,1.53,1.53,1.53,+,0.11,1.82,10,0.00,0,
711966,雙鴻富邦63購04,"256,000",16,"385,040",1.45,1.57,1.42,1.57,+,0.15,1.80,10,0.00,0,
711967,M31台新62購02,"5,000",1,"7,550",1.51,1.51,1.51,1.51,-,0.22,1.36,25,1.46,10,
711968,頎邦台新62購01,0,0,0,---,---,---, ---,,,2.73,25,2.77,10,
711969,元太凱基65購01,"10,000",1,"12,100",1.21,1.21,1.21,1.21,-,0.11,0.79,12,0.00,0,
711970,宜鼎凱基62購01,0,0,0,---,---,---, ---,,,2.14,100,2.24,10,
711971,威剛凱基63購02,"28,000",3,"69,870",2.49,2.52,2.49,2.49,+,0.03,2.48,10,2.49,10,
711972,高技凱基62購01,"38,000",3,"113,220",2.97,3.06,2.95,2.95,+,0.1,2.77,100,2.79,10,
711973,富喬凱基62購02,0,0,0,---,---,---, ---,,,7.90,100,8.40,10,
711974,群聯凱基62購01,0,0,0,---,---,---, ---,,,3.75,100,3.85,10,
711975,頎邦凱基63購02,0,0,0,---,---,---, ---,,,2.94,100,3.04,10,
711976,廣積凱基62購01,0,0,0,---,---,---, ---,,,0.87,10,0.88,10,
711977,磐儀凱基62購01,"133,000",1,"146,300",1.10,1.10,1.10,1.10,-,0.1,1.09,10,1.10,10,
711978,雙鴻凱基62購01,0,0,0,---,---,---, ---,,,5.20,100,0.00,0,
711979,M31元大62購01,0,0,0,---,---,---, ---,,,0.54,18,0.00,0,
711980,M31元大65購01,"10,000",1,"9,700",0.97,0.97,0.97,0.97,-,0.12,0.62,16,0.00,0,
711981,巨漢元大62購01,"15,000",3,"20,720",1.40,1.40,1.34,1.34,-,0.12,1.36,499,1.37,10,
711982,良維元大62購01,"110,000",10,"204,560",1.92,1.92,1.80,1.81,-,0.01,1.82,400,1.83,10,
711983,威剛元大62購03,"167,000",12,"379,170",2.28,2.29,2.26,2.29,+,0.01,2.27,350,2.28,10,
711984,博智元大62購01,"1,000",1,"3,630",3.63,3.63,3.63,3.63,-,0.14,3.63,25,3.68,10,
711985,富喬元大67購01,0,0,0,---,---,---, ---,,,4.73,250,0.00,0,
711986,鈊象元大62購05,"469,000",11,"455,670",0.92,1.00,0.92,1.00,+,0.05,0.01,499,0.00,0,
711987,鈊象元大62購06,"130,000",12,"204,810",1.57,1.63,1.53,1.63,+,0.04,0.82,12,0.00,0,
711988,群聯元大62購04,"11,000",2,"25,850",2.35,2.35,2.35,2.35,+,0.03,2.34,300,2.35,3,
711990,家登永豐63購01,0,0,0,---,---,---, ---,,,3.91,10,3.96,10,
711991,富喬永豐65購02,"8,000",1,"38,400",4.80,4.80,4.80,4.80,+,0.94,4.76,499,4.86,10,
711992,富喬永豐68購02,0,0,0,---,---,---, ---,,,4.58,499,4.67,10,
711993,群聯永豐64購10,0,0,0,---,---,---, ---,,,2.27,10,2.30,10,
711994,新應材群益62購01,"25,000",3,"38,100",1.54,1.54,1.50,1.50,-,0.14,0.88,11,0.00,0,
711995,中美晶台新62購01,"264,000",3,"279,950",1.02,1.07,1.02,1.07,-,0.11,1.06,25,1.07,10,
711996,宜鼎台新62購02,0,0,0,---,---,---, ---,,,2.25,25,2.29,10,
711997,欣銓台新62購01,"34,000",6,"104,370",3.07,3.08,3.03,3.08,-,0.25,3.00,25,3.02,10,
711998,威剛台新62購02,"6,000",1,"8,520",1.42,1.42,1.42,1.42,+,0.01,1.42,25,1.44,10,
711999,倉和台新68購01,0,0,0,---,---,---, ---,,,3.35,25,3.45,10,
712000,臺慶科台新62購01,"11,000",2,"25,030",2.23,2.28,2.23,2.28,-,0.04,2.07,25,2.08,10,
712002,中美晶凱基63購04,"52,000",7,"95,190",1.85,1.85,1.83,1.83,-,0.22,1.84,100,1.86,10,
712003,巨漢凱基63購01,"9,000",1,"14,130",1.57,1.57,1.57,1.57,-,0.12,1.61,100,1.62,10,
712004,良維凱基63購01,"15,000",2,"36,500",2.44,2.44,2.43,2.43,+,0.07,2.36,100,2.37,10,
712005,博智凱基63購03,"2,000",2,"6,880",3.55,3.55,3.33,3.33,-,0.13,3.34,10,3.38,10,
712006,順達凱基63購03,0,0,0,---,---,---, ---,,,2.46,100,2.48,10,
712007,鈊象凱基64購03,0,0,0,---,---,---, ---,,,2.43,100,2.53,10,
712008,群聯凱基63購04,0,0,0,---,---,---, ---,,,3.60,100,3.70,10,
712009,群聯凱基64購05,0,0,0,---,---,---, ---,,,4.31,100,4.34,10,
712010,元太國票64購01,0,0,0,---,---,---, ---,,,0.72,25,0.73,10,
712011,世紀*國票66購01,"141,000",30,"814,400",5.65,7.00,5.65,7.00,+,0.25,6.55,25,7.00,2,
712012,光焱國票66購01,0,0,0,---,---,---, ---,,,0.72,25,0.76,10,
712013,光焱國票68購01,"70,000",2,"81,200",1.16,1.16,1.16,1.16,-,0.08,1.17,25,1.22,10,
712014,沛亨國票66購01,"3,000",1,"5,010",1.67,1.67,1.67,1.67,-,0.13,1.76,25,1.77,10,
712015,宜鼎國票68購01,0,0,0,---,---,---, ---,,,1.60,25,1.61,10,
712016,順達國票65購02,"22,000",1,"39,600",1.80,1.80,1.80,1.80,-,0.18,1.76,25,1.77,10,
712017,臺慶科國票64購01,0,0,0,---,---,---, ---,,,1.45,25,1.46,10,
712018,譜瑞國票66購01,0,0,0,---,---,---, ---,,,1.10,25,1.11,10,
712019,中美晶元大64購03,"46,000",4,"30,480",0.68,0.68,0.65,0.66,-,0.07,0.66,499,0.67,10,
712020,均華元大64購01,"233,000",11,"581,940",2.34,2.84,2.34,2.84,+,0.37,2.76,300,2.84,8,
712021,均豪元大64購03,"141,000",9,"198,530",1.38,1.49,1.37,1.49,+,0.02,1.43,25,1.45,10,
712022,系統電元大64購01,"50,000",1,"113,500",2.27,2.27,2.27,2.27,-,0.05,2.27,300,2.30,10,
712023,良維元大63購02,0,0,0,---,---,---, ---,,,2.77,300,2.83,10,
712024,良維元大64購01,"147,000",10,"193,190",1.31,1.35,1.29,1.29,-,0.01,1.29,496,1.30,10,
712025,宜鼎元大64購01,"192,000",5,"297,270",1.55,1.56,1.54,1.55,-,0.03,1.54,450,1.55,10,
712026,陽程元大64購01,0,0,0,---,---,---, ---,,,3.62,6,0.00,0,
712027,鈊象元大63購06,"222,000",10,"295,650",1.31,1.39,1.31,1.39,+,0.07,0.74,13,0.00,0,
712028,鈊象元大63購07,"113,000",10,"113,110",0.98,1.02,0.98,1.02,+,0.04,0.94,10,1.17,15,
712029,鈊象元大64購03,"272,000",6,"187,460",0.68,0.69,0.68,0.69,-,0.01,0.36,27,0.75,140,
712030,新應材元大63購01,"29,000",6,"62,940",2.19,2.21,2.09,2.19,-,0.17,2.11,300,2.18,10,
712031,新應材元大63購02,"13,000",4,"26,440",2.04,2.04,1.99,2.02,-,0.18,1.95,350,2.02,10,
712032,新應材元大63購03,0,0,0,---,---,---, ---,,,1.96,350,2.02,10,
712033,新應材元大64購01,"27,000",7,"57,760",2.14,2.18,2.07,2.15,-,0.13,2.07,350,2.14,10,
712034,群聯元大63購07,"13,000",3,"31,130",2.41,2.41,2.39,2.39,+,0.04,2.38,300,2.39,3,
712035,群聯元大63購08,0,0,0,---,---,---, ---,,,2.78,250,0.00,0,
712036,群聯元大64購12,"240,000",4,"394,200",1.63,1.66,1.63,1.64,-,0.03,1.65,450,1.66,10,
712037,威剛國泰63購01,"15,000",1,"30,150",2.01,2.01,2.01,2.01,-,0.06,2.00,499,2.01,100,
712038,聖暉*國泰63購01,"382,000",17,"379,820",1.08,1.08,0.91,0.92,-,0.07,0.94,499,0.95,100,
712039,M31富邦65購01,"99,000",1,"74,250",0.75,0.75,0.75,0.75,-,0.09,0.73,10,0.74,28,
712040,群聯富邦64購02,0,0,0,---,---,---, ---,,,1.85,10,1.89,10,
712041,台特化國票67購01,0,0,0,---,---,---, ---,,,1.50,25,1.51,10,
712042,艾訊國票67購01,0,0,0,---,---,---, ---,,,0.91,25,0.92,10,
712043,宏捷科國票69購01,"5,000",1,"5,250",1.05,1.05,1.05,1.05,+,0.05,0.99,25,1.00,10,
712044,高技國票65購02,"208,000",11,"406,180",1.99,2.06,1.86,1.92,+,0.06,1.91,25,1.92,10,
712045,博磊國票66購01,"23,000",7,"22,330",0.97,0.99,0.94,0.97,-,0.06,0.96,25,0.97,10,
712046,竑騰群益62購01,"11,000",2,"34,050",3.05,3.10,3.05,3.10,-,0.63,3.05,10,0.00,0,
712047,順達群益62購01,"10,000",1,"29,200",2.92,2.92,2.92,2.92,-,0.24,2.78,10,2.88,10,
712048,新應材群益62購02,"24,000",3,"33,670",1.38,1.47,1.38,1.47,-,0.09,0.83,12,0.00,0,
712049,聖暉*群益62購01,"82,000",2,"82,150",1.07,1.07,0.94,0.94,-,0.03,0.96,100,0.97,100,
712050,營邦群益62購01,0,0,0,---,---,---, ---,,,4.04,10,4.14,10,
712051,營邦群益62購02,"21,000",4,"73,370",3.50,3.67,3.47,3.67,+,0.41,3.65,10,3.75,10,
712053,宜鼎元大63購05,"52,000",5,"91,220",1.73,1.79,1.73,1.77,-,0.03,1.73,400,1.74,10,
712054,宜鼎元大64購02,"582,000",6,"873,170",1.53,1.53,1.48,1.48,-,0.08,1.49,499,1.50,10,
712055,威剛元大63購01,"101,000",5,"191,340",1.90,1.90,1.88,1.88,-,0.01,1.88,400,1.89,10,
712056,威剛元大64購02,"162,000",4,"264,060",1.63,1.63,1.63,1.63,-,0.01,1.63,450,1.64,10,
712057,倉和元大63購01,"108,000",5,"324,730",3.02,3.15,3.00,3.00,-,0.02,3.00,25,3.03,10,
712058,高技元大63購01,"129,000",10,"396,500",3.11,3.21,2.97,2.97,+,0.01,2.92,25,2.95,10,
712059,富喬元大63購02,0,0,0,---,---,---, ---,,,2.71,300,0.00,0,
712060,智通*元大63購03,"2,000",1,"5,360",2.68,2.68,2.68,2.68,-,0.28,1.90,5,0.00,0,
712061,智通*元大64購01,"360,000",13,"687,440",1.84,1.93,1.84,1.91,+,0.02,1.24,40,0.00,0,
712062,群聯元大63購09,"6,000",2,"13,590",2.28,2.28,2.25,2.25,+,0.02,2.26,350,2.27,10,
712063,蜜望實元大63購01,"766,000",14,"721,240",0.97,1.00,0.90,0.90,-,0.08,0.91,499,0.92,10,
712064,廣穎元大63購01,"272,000",4,"258,910",0.98,0.98,0.95,0.97,+,0.01,0.94,25,0.95,10,
712065,雙鴻元大63購05,"100,000",9,"379,150",3.80,4.01,3.66,4.01,+,0.41,4.50,50,0.00,0,
712066,雙鴻元大63購06,"606,000",23,"1,064,380",1.63,1.88,1.58,1.83,+,0.21,1.99,125,0.00,0,
712067,雙鴻元大64購03,"915,000",21,"1,289,890",1.27,1.55,1.25,1.55,+,0.26,1.55,125,1.72,1,
712068,均華國泰63購01,"8,000",3,"36,170",4.36,4.75,4.36,4.75,+,0.82,4.56,250,4.66,100,
712069,家登國泰63購01,0,0,0,---,---,---, ---,,,2.40,499,2.44,100,
712070,順達國泰63購01,0,0,0,---,---,---, ---,,,2.38,499,2.42,100,
712071,順達國泰63購02,"2,000",1,"4,320",2.16,2.16,2.16,2.16,-,0.22,2.12,499,2.15,100,
712072,鈊象國泰63購01,0,0,0,---,---,---, ---,,,1.41,10,1.51,10,
712073,新應材國泰63購01,"21,000",3,"55,660",2.66,2.66,2.60,2.60,-,0.32,2.70,10,2.80,10,
712074,營邦國泰63購01,"26,000",4,"91,420",3.52,3.53,3.49,3.53,+,0.03,3.69,50,3.72,50,
712075,新應材中信62購01,"42,000",5,"42,540",1.04,1.04,0.96,1.02,-,0.13,0.98,10,1.02,10,
712076,竑騰永豐63購01,"497,000",29,"1,061,020",2.51,2.51,2.02,2.13,-,0.59,2.12,1,2.13,9,
712077,博磊永豐63購01,"40,000",1,"57,600",1.44,1.44,1.44,1.44,-,0.05,1.37,499,1.41,10,
712078,順達永豐63購01,"31,000",1,"79,050",2.55,2.55,2.55,2.55,-,0.15,2.45,10,2.47,10,
712079,新應材永豐68購01,0,0,0,---,---,---, ---,,,0.79,10,0.81,10,
712080,新應材永豐68購02,"155,000",5,"141,850",0.93,0.93,0.90,0.90,-,0.08,0.90,10,0.92,10,
712081,新應材永豐68購03,0,0,0,---,---,---, ---,,,0.97,499,0.99,10,
712082,群聯永豐64購11,0,0,0,---,---,---, ---,,,2.46,10,2.51,10,
712083,均華凱基64購01,"349,000",4,"1,128,930",2.94,3.33,2.94,3.33,+,0.39,3.38,100,3.48,10,
712084,沛亨凱基63購01,"134,000",6,"288,950",2.28,2.33,2.11,2.33,+,0.01,2.30,10,2.33,9,
712085,宜鼎凱基68購01,"264,000",20,"756,420",2.88,2.93,2.76,2.82,-,0.09,2.80,100,2.83,10,
712086,新應材凱基63購01,0,0,0,---,---,---, ---,,,1.68,100,1.78,10,
712087,新應材凱基63購02,"6,000",1,"14,580",2.43,2.43,2.43,2.43,-,0.12,2.32,100,2.42,10,
712088,新應材凱基63購03,0,0,0,---,---,---, ---,,,2.48,100,2.58,10,
712089,新應材凱基64購01,"2,000",1,"4,740",2.37,2.37,2.37,2.37,-,0.11,2.28,100,2.38,10,
712090,群聯凱基63購05,"255,000",7,"1,107,520",4.50,4.50,4.31,4.42,+,0.01,4.31,100,4.39,10,
712091,臺慶科凱基63購02,"68,000",8,"184,160",2.89,2.89,2.54,2.54,-,0.35,2.64,10,2.65,10,
712092,雙鴻凱基63購05,0,0,0,---,---,---, ---,,,3.89,100,0.00,0,
712093,譜瑞凱基63購01,"236,000",9,"424,550",1.75,1.82,1.75,1.81,-,0.03,1.79,100,1.81,10,
712094,世界台新65購01,"44,000",4,"85,550",1.96,1.97,1.93,1.97,-,0.13,1.99,25,2.00,10,
712095,巨漢台新62購01,0,0,0,---,---,---, ---,,,2.08,25,2.09,10,
712096,均華台新62購01,"2,000",2,"5,500",2.71,2.79,2.71,2.79,+,0.36,2.85,25,2.95,10,
712097,均華台新62購02,0,0,0,---,---,---, ---,,,3.23,25,3.33,10,
712098,宜鼎台新62購03,"5,000",1,"11,250",2.25,2.25,2.25,2.25,-,0.03,2.17,25,2.20,10,
712099,竑騰台新62購01,"3,000",1,"7,470",2.49,2.49,2.49,2.49,-,0.41,0.00,0,2.56,10,
712100,家登台新62購02,0,0,0,---,---,---, ---,,,1.66,25,1.68,10,
712101,國眾台新65購01,"1,000",1,"1,410",1.41,1.41,1.41,1.41,-,0.05,1.41,25,1.42,10,
712102,博磊台新62購01,"82,000",7,"122,190",1.53,1.53,1.47,1.50,-,0.16,1.50,25,1.53,10,
712103,群聯台新68購01,"11,000",4,"42,010",3.86,3.86,3.80,3.80,+,0.06,3.82,25,3.92,10,
712104,聚和台新62購01,"87,000",4,"129,810",1.48,1.50,1.48,1.49,-,0.07,1.48,30,1.49,10,
712105,營邦台新62購01,"42,000",3,"90,630",2.13,2.26,2.13,2.26,+,0.3,2.21,25,2.25,10,
712106,營邦台新62購02,"100,000",1,"246,000",2.46,2.46,2.46,2.46,+,0.39,2.45,25,2.47,10,
712107,營邦台新65購01,"98,000",2,"255,360",2.52,2.64,2.52,2.64,+,0.31,2.63,25,2.65,10,
712108,均華富邦63購01,"41,000",3,"67,840",1.55,1.66,1.55,1.66,+,0.2,1.72,10,1.77,28,
712109,宜鼎富邦62購01,"38,000",4,"48,310",1.27,1.28,1.25,1.25,-,0.08,1.24,10,1.25,28,
712110,家登富邦64購01,0,0,0,---,---,---, ---,,,1.20,10,1.24,10,
712111,家登富邦64購02,0,0,0,---,---,---, ---,,,1.20,10,1.24,10,
712112,順達富邦63購02,"20,000",3,"26,760",1.30,1.37,1.30,1.37,-,0.03,1.25,10,1.26,28,
712113,新應材富邦63購03,"110,000",5,"112,260",1.02,1.05,1.02,1.05,-,0.05,1.04,10,1.05,28,
712114,新應材富邦64購01,0,0,0,---,---,---, ---,,,0.94,10,0.95,28,
712115,營邦富邦64購01,0,0,0,---,---,---, ---,,,1.79,10,1.83,10,
712116,新應材統一71購01,"17,000",1,"14,790",0.87,0.87,0.87,0.87,-,0.02,0.87,10,0.88,10,
712117,新應材統一71購02,0,0,0,---,---,---, ---,,,0.85,10,0.86,10,
712118,群聯統一6A購01,"112,000",3,"133,320",1.19,1.20,1.16,1.16,-,0.0,1.17,10,1.18,10,
712119,世禾國票66購01,"3,000",1,"2,700",0.90,0.90,0.90,0.90,-,0.04,0.90,25,0.91,10,
712120,系統電國票67購01,0,0,0,---,---,---, ---,,,0.93,25,0.94,10,
712121,系微國票65購02,0,0,0,---,---,---, ---,,,0.90,25,0.91,10,
712122,松上國票65購01,0,0,0,---,---,---, ---,,,0.79,25,0.80,10,
712123,前鼎國票65購01,0,0,0,---,---,---, ---,,,1.79,25,0.00,0,
712124,能率國票65購01,"1,713,000",26,"2,703,310",1.58,1.58,1.54,1.54,-,0.08,1.53,25,1.54,10,
712125,華景電國票65購02,"40,000",1,"52,000",1.30,1.30,1.30,1.30,-,0.1,1.35,25,1.36,10,
712126,順達國票67購01,"2,000",1,"4,100",2.05,2.05,2.05,2.05,-,0.09,2.02,25,2.03,10,
712127,廣穎國票65購02,0,0,0,---,---,---, ---,,,1.12,25,1.13,10,
712128,中美晶台新65購02,0,0,0,---,---,---, ---,,,1.25,25,1.26,10,
712129,宜鼎台新62購04,0,0,0,---,---,---, ---,,,2.28,25,2.30,10,
712130,新應材台新62購01,"4,000",2,"6,240",1.59,1.59,1.53,1.53,-,0.2,1.56,25,1.66,10,
712131,新應材台新62購02,"100,000",4,"269,900",2.76,2.76,2.60,2.67,-,0.26,2.62,25,2.72,10,
712133,中美晶元大64購04,"62,000",5,"93,790",1.53,1.53,1.50,1.51,-,0.1,1.51,450,1.52,10,
712134,台特化元大64購01,"62,000",3,"88,670",1.47,1.47,1.40,1.43,-,0.12,1.44,499,1.45,10,
712135,富喬元大64購05,"6,000",1,"12,960",2.16,2.16,2.16,2.16,-,0.01,2.21,350,2.60,1,
712136,廣積元大63購04,0,0,0,---,---,---, ---,,,2.38,300,2.40,10,
712137,營邦元大64購01,"131,000",12,"285,330",2.10,2.24,2.10,2.24,+,0.08,2.25,350,2.29,10,
712138,中美晶中信62購01,"47,000",1,"36,190",0.77,0.77,0.77,0.77,-,0.05,0.74,10,0.75,10,
712139,富喬中信64購01,"142,000",8,"363,640",2.51,2.60,2.45,2.55,+,0.16,2.59,499,2.67,10,
712141,系統電永豐64購02,0,0,0,---,---,---, ---,,,1.28,10,1.29,10,
712142,宜鼎永豐63購05,"72,000",4,"145,440",2.02,2.02,2.02,2.02,-,0.05,1.91,10,1.92,10,
712143,宜鼎永豐64購03,"36,000",4,"74,800",2.07,2.15,2.05,2.05,-,0.09,2.04,10,2.05,10,
712144,宜鼎永豐65購02,"83,000",4,"128,420",1.53,1.59,1.53,1.59,+,0.02,1.51,499,1.52,10,
712145,倉和永豐63購01,0,0,0,---,---,---, ---,,,1.81,499,1.85,10,
712146,耕興永豐63購01,0,0,0,---,---,---, ---,,,1.01,10,1.02,10,
712147,晟德永豐63購01,0,0,0,---,---,---, ---,,,0.90,10,0.91,10,
712148,頎邦永豐63購02,0,0,0,---,---,---, ---,,,2.13,10,2.14,10,
712149,雙鴻永豐63購04,"88,000",8,"187,640",2.10,2.60,2.04,2.60,+,0.51,2.60,10,0.00,0,
712150,雙鴻永豐64購04,"255,000",12,"626,940",2.34,2.62,2.32,2.62,+,0.39,2.82,499,0.00,0,
712151,M31群益62購01,0,0,0,---,---,---, ---,,,0.00,0,0.00,0,
712152,世界群益62購03,"137,000",5,"244,320",1.79,1.80,1.77,1.80,-,0.15,1.10,9,3.30,10,
712153,均華群益68購01,"55,000",2,"175,100",3.11,3.20,3.11,3.20,-,0.13,3.80,25,3.90,10,
712154,宜特群益62購01,"1,000",1,"1,660",1.66,1.66,1.66,1.66,-,0.16,1.69,25,1.70,10,
712155,家登群益62購01,"71,000",12,"219,910",3.28,3.28,2.87,2.93,-,0.17,1.88,5,0.00,0,
712156,博智群益63購02,"4,000",1,"8,440",2.11,2.11,2.11,2.11,-,0.06,1.45,6,0.00,0,
712157,群聯群益64購02,"43,000",4,"195,920",4.60,4.70,4.49,4.49,-,0.01,4.62,100,4.67,100,
712158,頎邦群益62購01,0,0,0,---,---,---, ---,,,1.57,6,2.15,10,
712159,雙鴻群益64購01,"52,000",3,"204,720",3.88,4.77,3.88,4.77,+,1.07,2.16,23,0.00,0,
712160,中美晶凱基63購05,0,0,0,---,---,---, ---,,,2.24,100,2.25,10,
712161,宏捷科凱基67購01,"84,000",3,"115,920",1.38,1.38,1.38,1.38,-,0.02,1.38,100,1.39,10,
712162,系統電凱基64購01,"6,000",1,"11,100",1.85,1.85,1.85,1.85,-,0.16,1.87,10,1.90,10,
712163,宜鼎凱基63購02,"40,000",4,"98,900",2.56,2.56,2.43,2.43,-,0.35,2.42,100,2.45,10,
712164,威剛凱基64購02,"195,000",9,"316,840",1.62,1.65,1.61,1.61,-,0.16,1.60,10,1.61,10,
712165,倉和凱基63購01,"14,000",2,"33,720",2.42,2.42,2.38,2.38,+,0.15,2.33,100,2.34,10,
712166,智通*凱基63購01,"115,000",3,"308,750",2.51,2.69,2.51,2.69,-,0.06,2.83,100,2.86,10,
712167,群聯凱基63購06,"7,000",1,"10,570",1.51,1.51,1.51,1.51,-,0.02,1.52,100,1.53,10,
712168,蜜望實凱基63購01,"67,000",7,"99,710",1.65,1.65,1.43,1.43,-,0.2,1.47,100,1.48,10,
712169,營邦凱基63購01,"798,000",13,"2,617,200",3.34,3.56,3.24,3.47,+,0.23,3.47,100,3.48,10,
712170,雙鴻凱基63購06,0,0,0,---,---,---, ---,,,3.94,100,0.00,0,
712171,巨漢富邦63購02,"13,000",2,"9,620",0.74,0.74,0.74,0.74,-,0.02,0.72,10,0.73,28,
712172,博智富邦63購02,0,0,0,---,---,---, ---,,,1.42,10,1.43,28,
712173,頎邦富邦64購02,0,0,0,---,---,---, ---,,,1.21,10,1.25,10,
712174,中美晶國泰63購03,"101,000",3,"187,820",1.90,1.90,1.84,1.87,-,0.19,1.85,499,1.86,100,
712175,巨漢國泰63購01,0,0,0,---,---,---, ---,,,2.34,499,2.35,100,
712176,頎邦國泰63購03,0,0,0,---,---,---, ---,,,2.48,10,2.52,10,
712177,雙鴻國泰63購02,"96,000",9,"290,230",2.93,3.68,2.87,3.68,+,0.77,3.71,499,0.00,0,
712178,元太統一6A購01,0,0,0,---,---,---, ---,,,0.50,10,0.51,10,
712179,富喬統一6A購01,0,0,0,---,---,---, ---,,,1.79,10,1.83,10,
712181,弘塑元大63購03,"659,000",8,"649,920",0.95,1.01,0.95,1.01,-,0.1,1.01,11,1.02,10,
712182,弘塑元大64購02,"200,000",10,"217,440",1.11,1.12,1.05,1.12,-,0.08,1.11,500,1.12,9,
712183,艾訊元大63購01,0,0,0,---,---,---, ---,,,1.12,499,1.13,10,
712184,威剛元大63購04,"77,000",4,"129,980",1.69,1.69,1.68,1.69,+,0.02,1.68,450,1.69,10,
712185,威剛元大64購03,"40,000",1,"45,200",1.13,1.13,1.13,1.13,-,0.01,1.12,499,1.13,10,
712186,博智元大64購01,"299,000",4,"302,020",1.04,1.04,1.01,1.01,-,0.03,1.01,28,1.03,10,
712187,萬潤元大63購01,"690,000",37,"954,880",1.44,1.45,1.29,1.37,-,0.05,1.36,5,1.50,5,
712189,中美晶台新65購03,0,0,0,---,---,---, ---,,,1.10,25,1.11,10,
712190,均華台新62購03,"18,000",3,"44,960",2.52,2.67,2.41,2.67,+,0.37,2.69,25,2.79,10,
712191,欣銓台新62購02,0,0,0,---,---,---, ---,,,3.80,25,3.87,10,
712192,威剛台新65購01,"58,000",2,"61,180",1.06,1.06,1.05,1.05,-,0.0,1.04,25,1.05,10,
712193,威剛台新68購01,0,0,0,---,---,---, ---,,,1.36,25,1.37,10,
712194,家登台新62購03,0,0,0,---,---,---, ---,,,1.71,25,1.73,10,
712195,家登台新65購01,"44,000",1,"66,000",1.50,1.50,1.50,1.50,+,0.01,1.37,25,1.38,10,
712196,萬潤台新62購01,0,0,0,---,---,---, ---,,,1.61,25,1.64,10,
712197,萬潤台新62購02,"415,000",6,"929,100",2.38,2.38,2.17,2.30,-,0.21,2.28,25,2.33,10,
712198,萬潤台新62購03,"424,000",20,"1,176,850",3.07,3.07,2.66,2.92,-,0.09,2.91,2,2.92,4,
712199,萬潤台新65購01,"513,000",20,"1,155,810",2.44,2.44,2.16,2.28,-,0.14,2.31,25,2.33,10,
712200,萬潤台新68購01,"408,000",9,"1,056,310",2.59,2.66,2.45,2.45,-,0.33,2.55,25,2.57,10,
712201,世禾凱基66購01,0,0,0,---,---,---, ---,,,0.75,10,0.77,10,
712202,世界凱基63購04,"112,000",4,"92,050",0.83,0.84,0.82,0.84,-,0.08,0.84,91,0.85,10,
712203,台特化凱基63購02,0,0,0,---,---,---, ---,,,2.16,10,2.17,10,
712204,宜特凱基63購01,0,0,0,---,---,---, ---,,,0.75,100,0.77,10,
712205,高技凱基63購01,"465,000",28,"922,330",2.06,2.08,1.87,1.96,+,0.03,1.04,9,0.00,0,
712206,博智凱基63購04,"74,000",3,"180,630",2.47,2.47,2.43,2.43,+,0.02,2.35,10,2.38,10,
712207,智通*凱基63購02,"35,000",2,"39,130",1.05,1.12,1.05,1.12,+,0.07,1.21,100,1.22,30,
712208,新應材凱基63購05,0,0,0,---,---,---, ---,,,0.83,100,0.93,10,
712209,廣積凱基63購01,0,0,0,---,---,---, ---,,,1.24,10,1.25,10,
712210,廣穎凱基63購01,"20,000",1,"20,000",1.00,1.00,1.00,1.00,-,0.04,1.04,100,1.05,10,
712211,富喬中信64購02,"34,000",4,"67,680",1.99,2.02,1.97,2.02,+,0.12,2.09,10,2.14,10,
712212,中美晶永豐64購05,0,0,0,---,---,---, ---,,,1.53,499,1.54,10,
712213,天正永豐65購01,0,0,0,---,---,---, ---,,,0.78,499,0.00,0,
712214,朋億*永豐63購01,"85,000",6,"102,230",1.20,1.23,1.18,1.18,+,0.06,1.14,10,1.15,10,
712215,金山電永豐65購01,"316,000",5,"234,540",0.79,0.81,0.69,0.69,-,0.08,0.70,10,0.71,10,
712216,家登永豐63購02,"17,000",1,"17,340",1.02,1.02,1.02,1.02,-,0.11,1.04,10,1.05,10,
712217,港建*永豐64購01,0,0,0,---,---,---, ---,,,0.64,10,0.65,10,
712218,萬潤永豐65購01,"501,000",20,"664,180",1.38,1.42,1.27,1.36,-,0.04,1.36,10,1.37,10,
712219,萬潤永豐66購01,"2,000",1,"2,580",1.29,1.29,1.29,1.29,-,0.06,1.33,10,1.35,10,
712220,萬潤永豐68購01,"32,000",4,"60,340",1.95,1.95,1.84,1.86,-,0.14,1.89,10,1.90,10,
712221,德昌永豐65購01,0,0,0,---,---,---, ---,,,0.66,10,0.67,10,
712222,營邦永豐63購01,0,0,0,---,---,---, ---,,,1.68,10,1.70,10,
712223,久元國票66購01,0,0,0,---,---,---, ---,,,1.05,25,1.06,10,
712224,互動國票66購01,0,0,0,---,---,---, ---,,,0.65,25,0.66,10,
712225,朋億*國票66購01,"96,000",7,"88,410",0.90,0.95,0.89,0.93,+,0.04,0.90,25,0.91,10,
712226,金山電國票65購01,"36,000",2,"24,660",0.73,0.73,0.64,0.64,-,0.07,0.64,25,0.65,10,
712227,金山電國票67購01,"15,000",1,"13,050",0.87,0.87,0.87,0.87,+,0.02,0.77,25,0.78,10,
712228,家登國票63購01,"61,000",13,"176,970",3.04,3.08,2.77,2.77,-,0.11,2.76,25,2.77,10,
712229,高技國票66購01,"105,000",6,"148,530",1.39,1.46,1.35,1.35,+,0.01,1.34,25,1.35,10,
712230,凱崴國票65購01,"134,000",15,"175,630",1.25,1.41,1.21,1.21,-,0.07,1.21,25,1.22,10,
712231,博磊國票68購01,"76,000",3,"52,020",0.69,0.69,0.66,0.66,-,0.06,0.67,25,0.68,10,
712232,港建*國票63購01,"10,000",1,"12,200",1.22,1.22,1.22,1.22,-,0.08,1.21,25,1.22,10,
712233,瑞穎國票63購01,0,0,0,---,---,---, ---,,,1.25,25,1.27,10,
712234,萬潤國票66購01,"402,000",17,"434,090",1.10,1.10,1.03,1.08,-,0.06,1.07,122,1.09,10,
712235,萬潤國票68購01,"112,000",3,"134,850",1.20,1.21,1.15,1.15,-,0.09,1.16,25,1.17,10,
712236,中美晶富邦62購02,"564,000",13,"462,190",0.84,0.84,0.81,0.82,-,0.1,0.83,30,0.84,28,
712237,弘塑富邦63購02,"30,000",1,"21,900",0.73,0.73,0.73,0.73,-,0.08,0.72,10,0.73,28,
712238,威剛富邦62購02,"48,000",1,"29,760",0.62,0.62,0.62,0.62,-,0.01,0.61,30,0.62,28,
712239,中美晶群益62購03,"28,000",1,"51,800",1.85,1.85,1.85,1.85,-,0.18,1.81,10,1.91,10,
712240,台嘉碩群益62購01,"5,000",1,"6,250",1.25,1.25,1.25,1.25,-,0.13,1.26,25,1.27,10,
712241,弘塑群益62購01,"11,000",1,"9,790",0.89,0.89,0.89,0.89,-,0.18,0.95,10,1.05,10,
712242,弘塑群益62購02,0,0,0,---,---,---, ---,,,0.66,15,1.11,10,
712243,宏捷科群益64購01,"1,793,000",13,"2,457,440",1.36,1.46,1.33,1.34,-,0.01,0.60,16,0.00,0,
712244,系統電群益62購01,0,0,0,---,---,---, ---,,,1.36,25,1.37,10,
712245,宜鼎群益62購01,"61,000",4,"81,940",1.32,1.39,1.32,1.37,-,0.04,1.31,100,1.33,100,
712246,金山電群益62購01,"152,000",5,"219,170",1.61,1.61,1.36,1.36,-,0.12,1.20,50,0.00,0,
712247,前鼎群益68購01,"163,000",15,"617,060",3.66,3.94,3.58,3.92,+,0.44,4.15,5,0.00,0,
712248,威剛群益62購03,"78,000",4,"115,330",1.48,1.49,1.46,1.49,-,0.05,1.46,100,1.47,100,
712249,原相群益62購01,"51,000",2,"87,850",1.72,1.73,1.72,1.73,-,0.18,1.65,10,1.75,10,
712250,智通*群益62購01,"111,000",5,"167,760",1.50,1.56,1.50,1.50,-,0.11,1.50,60,0.00,0,
712251,新應材群益66購01,"30,000",3,"47,900",1.57,1.65,1.57,1.65,-,0.15,1.01,9,0.00,0,
712252,萬潤群益68購01,"569,000",18,"1,217,870",2.19,2.19,1.98,2.11,-,0.07,1.96,100,0.00,0,
712253,群聯群益68購01,"133,000",6,"521,240",3.92,3.96,3.87,3.96,+,0.08,3.95,100,3.97,100,
712254,頎邦群益62購02,"178,000",12,"442,460",2.45,2.52,2.43,2.47,-,0.3,2.47,10,2.57,10,
712255,雙鴻群益62購03,"472,000",20,"821,540",1.63,1.91,1.54,1.89,+,0.35,1.78,28,0.00,0,
712256,元太統一66購01,0,0,0,---,---,---, ---,,,0.38,10,0.39,10,
712257,世禾統一68購01,"114,000",2,"82,080",0.72,0.72,0.72,0.72,-,0.02,0.71,10,0.72,10,
712258,沛亨統一68購02,"17,000",1,"14,960",0.88,0.88,0.88,0.88,-,0.07,0.87,10,0.88,10,
712259,金山電統一67購01,"310,000",6,"145,160",0.48,0.50,0.46,0.47,-,0.06,0.46,10,0.47,10,
712260,金山電統一6B購01,0,0,0,---,---,---, ---,,,0.62,10,0.63,10,
712261,金山電統一6C購01,0,0,0,---,---,---, ---,,,0.63,10,0.64,10,
712262,能率亞統一68購01,0,0,0,---,---,---, ---,,,0.74,10,0.75,10,
712263,港建*統一6B購01,"55,000",2,"37,000",0.70,0.70,0.67,0.67,-,0.05,0.69,10,0.70,10,
712264,新應材統一68購01,0,0,0,---,---,---, ---,,,0.62,10,0.63,10,
712265,萬潤統一65購01,"195,000",22,"243,570",1.28,1.31,1.16,1.22,-,0.05,1.22,10,1.23,20,
712266,萬潤統一6A購03,"378,000",9,"418,230",1.12,1.14,1.07,1.07,-,0.07,1.09,10,1.10,10,
712267,萬潤統一6B購01,"618,000",18,"492,780",0.81,0.82,0.77,0.79,-,0.03,0.79,20,0.80,10,
712268,萬潤統一6C購01,"648,000",18,"499,190",0.78,0.79,0.73,0.76,-,0.03,0.76,10,0.77,10,
712269,弘塑國泰63購01,"39,000",10,"43,790",1.14,1.14,1.04,1.04,-,0.12,1.08,499,1.09,100,
712270,弘塑國泰63購02,0,0,0,---,---,---, ---,,,0.93,499,0.94,100,
712271,泓格國泰63購02,"35,000",2,"37,040",1.04,1.08,1.04,1.08,+,0.04,1.08,499,1.09,100,
712272,金山電國泰63購01,"19,000",3,"41,190",2.19,2.21,2.01,2.01,-,0.19,1.90,499,1.91,100,
712273,金山電國泰64購01,"144,000",6,"284,160",2.07,2.13,1.81,1.81,-,0.19,1.80,499,1.81,100,
712274,萬潤國泰63購01,"1,162,000",27,"2,159,930",1.92,1.93,1.74,1.83,-,0.1,1.83,10,1.85,10,
712275,弘塑台新62購01,"25,000",1,"28,500",1.14,1.14,1.14,1.14,-,0.17,1.17,25,1.18,10,
712276,弘塑台新62購02,"25,000",1,"24,250",0.97,0.97,0.97,0.97,-,0.17,1.01,25,1.02,10,
712277,弘塑台新62購03,"27,000",1,"25,650",0.95,0.95,0.95,0.95,-,0.15,0.98,25,0.99,10,
712278,弘塑台新68購01,0,0,0,---,---,---, ---,,,1.38,25,1.39,10,
712279,弘塑台新68購02,0,0,0,---,---,---, ---,,,1.04,25,1.05,10,
712280,沛亨台新62購01,"281,000",3,"406,510",1.43,1.46,1.43,1.46,-,0.05,1.56,25,1.57,10,
712281,沛亨台新62購02,"24,000",1,"27,840",1.16,1.16,1.16,1.16,-,0.06,1.20,25,1.21,10,
712282,韋僑台新62購01,0,0,0,---,---,---, ---,,,0.94,25,0.96,10,
712283,韋僑台新62購02,0,0,0,---,---,---, ---,,,0.70,25,0.71,10,
712284,竑騰台新62購02,"300,000",18,"536,450",1.95,1.95,1.60,1.79,-,0.51,1.70,5,1.88,10,
712285,博智台新62購01,0,0,0,---,---,---, ---,,,2.25,25,2.35,10,
712286,新應材台新62購03,0,0,0,---,---,---, ---,,,1.33,25,1.43,10,
712287,群聯台新62購01,0,0,0,---,---,---, ---,,,2.46,25,2.47,10,
712288,群聯台新62購02,"15,000",2,"32,240",2.15,2.15,2.14,2.14,-,0.03,2.12,25,2.22,10,
712289,雙鴻台新62購01,"11,000",1,"22,110",2.01,2.01,2.01,2.01,+,0.12,2.59,25,0.00,0,
712290,雙鴻台新68購01,"86,000",6,"161,360",1.86,1.91,1.85,1.91,+,0.06,2.20,25,0.00,0,
712291,雙鴻台新68購02,"109,000",6,"189,550",1.65,1.89,1.65,1.89,+,0.24,1.97,25,0.00,0,
712294,世界元大63購08,"296,000",6,"372,090",1.26,1.27,1.25,1.26,-,0.1,0.94,10,0.00,0,
712295,世界元大63購09,"565,000",4,"490,550",0.85,0.87,0.85,0.87,-,0.05,0.53,18,0.90,1,
712296,世界元大64購09,"708,000",8,"332,530",0.47,0.48,0.46,0.48,-,0.03,0.32,31,0.63,20,
712297,弘塑元大64購03,"340,000",5,"217,830",0.66,0.67,0.64,0.67,-,0.06,0.66,499,0.67,10,
712298,良維元大64購02,"168,000",6,"179,540",1.09,1.11,1.04,1.04,-,0.0,1.04,499,1.05,10,
712299,宜鼎元大64購03,"506,000",7,"670,550",1.35,1.36,1.30,1.33,-,0.08,1.32,499,1.33,10,
712300,陽程元大64購02,0,0,0,---,---,---, ---,,,3.21,6,0.00,0,
712301,鈊象元大63購08,"146,000",4,"125,520",0.84,0.86,0.84,0.86,-,0.0,0.40,25,0.00,0,
712303,中美晶凱基63購06,0,0,0,---,---,---, ---,,,1.54,100,1.55,10,
712304,弘塑凱基63購01,"2,000",1,"2,060",1.03,1.03,1.03,1.03,-,0.13,1.05,100,1.06,10,
712305,弘塑凱基64購01,0,0,0,---,---,---, ---,,,0.92,100,0.93,30,
712306,金山電凱基63購01,"23,000",3,"27,760",1.22,1.34,1.07,1.07,-,0.16,1.09,100,1.10,10,
712307,金山電凱基63購02,"10,000",1,"11,300",1.13,1.13,1.13,1.13,-,0.1,1.13,100,1.14,10,
712308,威剛凱基63購04,"24,000",2,"39,600",1.65,1.65,1.65,1.65,+,0.03,1.63,10,1.64,10,
712309,群聯凱基66購03,0,0,0,---,---,---, ---,,,1.61,100,1.63,10,
712310,頎邦凱基64購03,"180,000",9,"214,660",1.20,1.23,1.17,1.17,-,0.15,1.19,100,1.29,10,
712311,雙鴻凱基63購08,"83,000",3,"110,500",1.30,1.52,1.28,1.52,+,0.31,1.69,390,0.00,0,
712312,均華國泰64購01,"14,000",2,"30,940",2.21,2.21,2.21,2.21,+,0.11,2.45,499,2.50,100,
712313,新應材國泰64購01,"2,000",1,"3,220",1.61,1.61,1.61,1.61,-,0.13,1.64,10,1.74,10,
712314,弘塑統一67購01,"10,000",1,"5,700",0.57,0.57,0.57,0.57,-,0.04,0.57,10,0.58,10,
712315,由田統一68購01,"264,000",17,"287,720",1.07,1.12,1.02,1.12,+,0.1,1.05,10,1.06,10,
712316,金山電統一66購01,"168,000",4,"77,880",0.46,0.49,0.44,0.44,-,0.02,0.41,10,0.42,10,
712317,金山電統一68購01,"201,000",9,"135,010",0.64,0.72,0.63,0.63,-,0.07,0.62,10,0.63,10,
712318,前鼎統一6C購01,"10,000",1,"8,700",0.87,0.87,0.87,0.87,+,0.11,0.87,10,0.00,0,
712319,倉和統一68購01,"651,000",7,"622,160",0.95,1.00,0.94,0.94,-,0.09,0.93,10,0.94,10,
712320,富喬中信64購03,"734,000",17,"931,110",1.24,1.35,1.21,1.30,+,0.01,1.29,10,1.31,10,
712321,元太永豐63購01,"4,000",1,"4,640",1.16,1.16,1.16,1.16,-,0.13,1.14,499,1.15,10,
712322,巨漢永豐63購01,"10,000",1,"8,600",0.86,0.86,0.86,0.86,-,0.03,0.85,499,0.86,10,
712323,宏碁資永豐63購01,0,0,0,---,---,---, ---,,,0.72,499,0.73,10,
712324,建榮永豐64購01,"1,042,000",32,"1,500,410",1.46,1.46,1.35,1.35,-,0.04,1.32,10,1.33,10,
712325,胡連永豐63購01,"200,000",1,"202,000",1.01,1.01,1.01,1.01,-,0.05,0.99,10,1.00,10,
712326,茂綸永豐64購01,"140,000",2,"95,480",0.68,0.69,0.68,0.69,-,0.05,0.67,10,0.69,10,
712327,茂綸永豐65購01,"7,000",1,"6,370",0.91,0.91,0.91,0.91,-,0.13,0.89,499,0.90,10,
712328,竑騰永豐64購01,"127,000",20,"209,580",1.89,1.89,1.30,1.61,-,0.38,1.30,28,1.61,10,
712329,富喬永豐64購02,"166,000",10,"411,240",2.49,2.51,2.41,2.51,+,0.06,2.51,10,2.55,10,
712330,富喬永豐67購01,"43,000",8,"85,620",2.05,2.09,1.93,1.99,-,0.04,2.04,10,2.08,10,
712331,聖暉*永豐63購01,"252,000",11,"381,410",1.58,1.58,1.42,1.42,-,0.04,1.46,10,1.47,10,
712332,元太國票66購01,"15,000",1,"9,600",0.64,0.64,0.64,0.64,-,0.05,0.64,25,0.65,10,
712333,世界國票67購01,0,0,0,---,---,---, ---,,,1.02,25,1.03,10,
712334,弘塑國票66購01,0,0,0,---,---,---, ---,,,1.12,25,1.13,10,
712335,全宇昕國票65購02,0,0,0,---,---,---, ---,,,0.88,25,0.91,10,
712336,均華國票63購01,"292,000",12,"404,570",1.23,1.57,1.23,1.57,+,0.28,1.52,25,0.00,0,
712337,長佳智國票65購01,0,0,0,---,---,---, ---,,,0.58,25,0.59,10,
712338,前鼎國票67購01,"80,000",8,"119,100",1.45,1.55,1.45,1.55,+,0.18,1.60,25,0.00,0,
712339,博智國票63購01,"10,000",1,"29,000",2.90,2.90,2.90,2.90,-,0.11,2.94,25,2.97,10,
712340,智通*國票63購01,"201,000",6,"306,330",1.51,1.55,1.51,1.51,+,0.08,1.51,25,1.53,10,
712341,新應材國票63購01,0,0,0,---,---,---, ---,,,1.66,25,1.67,10,
712342,新應材國票64購01,0,0,0,---,---,---, ---,,,1.81,25,1.82,10,
712343,廣穎國票67購01,0,0,0,---,---,---, ---,,,1.05,25,1.06,10,
712344,德勝國票66購01,0,0,0,---,---,---, ---,,,0.62,25,0.63,10,
712345,世界群益67購01,"57,000",2,"46,070",0.79,0.81,0.79,0.81,-,0.07,0.00,0,0.00,0,
712346,台特化群益67購01,0,0,0,---,---,---, ---,,,0.92,10,0.00,0,
712347,由田群益62購01,"1,000",1,"3,050",3.05,3.05,3.05,3.05,+,0.45,1.70,12,0.00,0,
712348,宏捷科群益62購01,"1,389,000",17,"1,405,970",1.00,1.08,0.96,0.98,-,0.01,0.18,10,0.00,0,
712349,沛亨群益62購01,"5,000",1,"8,100",1.62,1.62,1.62,1.62,+,0.06,1.64,10,1.74,10,
712350,茂達群益62購01,"93,000",12,"112,030",1.23,1.24,1.17,1.24,-,0.17,1.24,25,1.25,10,
712351,矽科台新62購01,0,0,0,---,---,---, ---,,,0.87,25,0.88,10,
712352,新應材台新62購04,0,0,0,---,---,---, ---,,,1.92,25,2.02,10,
712353,世界凱基63購05,0,0,0,---,---,---, ---,,,0.86,100,0.88,10,
712354,台特化凱基67購01,"38,000",4,"74,790",2.03,2.03,1.95,1.98,-,0.15,1.95,10,1.96,10,
712355,宜鼎凱基63購03,"10,000",1,"13,500",1.35,1.35,1.35,1.35,-,0.07,1.35,100,1.37,10,
712356,前鼎凱基67購01,"158,000",11,"260,870",1.57,1.78,1.57,1.78,+,0.31,1.78,3,0.00,0,
712357,新應材凱基64購02,0,0,0,---,---,---, ---,,,1.37,100,1.47,10,
712358,青雲元大63購01,"164,000",11,"121,880",0.72,0.79,0.69,0.79,+,0.09,0.77,25,0.79,10,
712359,鈊象中信62購01,"57,000",2,"22,800",0.40,0.40,0.40,0.40,-,0.01,0.44,499,0.45,10,
712360,前鼎永豐68購01,"53,000",6,"95,830",1.73,1.89,1.73,1.89,+,0.22,1.92,5,0.00,0,
712361,博智永豐63購01,0,0,0,---,---,---, ---,,,2.02,499,2.06,10,
712362,達航永豐63購02,"20,000",3,"27,160",1.56,1.56,1.30,1.30,-,0.04,1.39,10,1.40,10,
712363,廣積永豐63購01,0,0,0,---,---,---, ---,,,0.73,499,0.74,10,
712364,東洋國票63購01,0,0,0,---,---,---, ---,,,1.10,25,1.11,10,
712365,前鼎國票68購01,"53,000",8,"72,870",1.36,1.58,1.36,1.58,+,0.3,1.46,25,0.00,0,
712366,竑騰國票63購01,"760,000",62,"1,322,880",2.00,2.00,1.52,1.76,-,0.44,1.73,25,1.74,10,
712367,聚和國票65購01,0,0,0,---,---,---, ---,,,1.00,25,1.01,10,
712368,廣積國票65購02,0,0,0,---,---,---, ---,,,0.57,25,0.58,10,
712369,中美晶群益64購02,0,0,0,---,---,---, ---,,,0.64,10,0.74,10,
712370,欣銓群益63購01,"227,000",11,"450,990",2.04,2.05,1.95,2.05,-,0.13,1.39,7,0.00,0,
712371,金山電群益63購01,"10,000",1,"11,400",1.14,1.14,1.14,1.14,-,0.01,0.78,12,0.00,0,
712372,青雲群益63購01,"305,000",11,"309,830",0.97,1.07,0.94,1.07,+,0.21,0.54,18,0.00,0,
712373,威剛群益64購01,0,0,0,---,---,---, ---,,,0.70,100,0.71,100,
712374,家登群益63購04,"357,000",6,"718,720",2.04,2.04,1.93,1.93,-,0.1,1.10,9,0.00,0,
712375,群聯群益64購03,0,0,0,---,---,---, ---,,,1.27,100,1.28,100,
712376,雙鴻群益64購02,"3,076,000",39,"3,776,230",1.15,1.44,1.09,1.44,+,0.31,1.23,7,0.00,0,
712377,群聯國泰67購01,"20,000",1,"45,200",2.26,2.26,2.26,2.26,+,0.02,2.28,499,2.29,100,
712378,世界富邦65購01,0,0,0,---,---,---, ---,,,0.60,10,0.61,28,
712379,富喬富邦62購01,"282,000",35,"547,700",1.86,2.01,1.85,1.94,+,0.01,1.96,10,1.98,10,
712380,新應材富邦64購02,"10,000",2,"6,380",0.63,0.64,0.63,0.64,-,0.05,0.64,10,0.65,28,
712381,沛亨統一65購03,"22,000",2,"17,500",0.79,0.83,0.79,0.83,+,0.04,0.82,10,0.83,10,
712382,長科*統一68購01,0,0,0,---,---,---, ---,,,0.64,10,0.65,10,
712383,前鼎統一66購01,"1,261,000",43,"1,342,620",0.99,1.17,0.99,1.16,+,0.21,1.16,10,0.00,0,
712384,前鼎統一68購01,"18,000",3,"14,160",0.75,0.81,0.75,0.81,+,0.07,0.86,1,0.91,11,
712385,富喬統一65購04,"57,000",4,"96,930",1.66,1.74,1.66,1.74,+,0.04,1.76,10,1.77,10,
712386,頎邦統一66購02,"725,000",18,"663,550",0.89,0.93,0.88,0.88,-,0.11,0.91,10,0.92,10,
712387,M31國票67購01,0,0,0,---,---,---, ---,,,0.67,25,0.68,10,
712388,博磊國票65購01,"27,000",2,"14,450",0.55,0.55,0.53,0.53,-,0.08,0.54,25,0.56,10,
712389,宜鼎台新65購01,0,0,0,---,---,---, ---,,,1.55,25,1.56,10,
712390,青雲台新63購01,"79,000",7,"133,870",1.58,1.81,1.58,1.81,+,0.46,1.78,25,1.88,10,
712391,宸曜台新62購01,"6,000",4,"10,280",1.66,1.80,1.66,1.69,-,0.01,1.65,25,1.66,10,
712392,宸曜台新62購02,0,0,0,---,---,---, ---,,,1.27,25,1.28,10,
712393,新應材台新64購01,"1,000",1,"1,990",1.99,1.99,1.99,1.99,-,0.19,1.89,25,1.99,10,
712394,群聯台新65購01,"12,000",1,"16,440",1.37,1.37,1.37,1.37,-,0.0,1.36,25,1.46,10,
712395,雙鴻台新65購01,"80,000",5,"129,040",1.50,1.71,1.50,1.71,+,0.3,1.81,25,0.00,0,
712396,雙鴻台新65購02,"60,000",7,"73,760",1.20,1.36,1.19,1.36,+,0.18,1.49,25,0.00,0,
712397,M31凱基63購01,"5,000",1,"4,150",0.83,0.83,0.83,0.83,-,0.21,0.46,21,0.00,0,
712398,中美晶凱基64購02,0,0,0,---,---,---, ---,,,1.60,100,1.61,10,
712399,方土昶凱基63購01,0,0,0,---,---,---, ---,,,1.14,100,1.15,30,
712400,宜鼎凱基63購04,"17,000",1,"10,710",0.63,0.63,0.63,0.63,-,0.03,0.62,100,0.63,10,
712401,青雲凱基63購01,"276,000",11,"361,130",1.17,1.40,1.17,1.36,+,0.35,1.36,100,1.39,10,
712402,威剛凱基64購03,0,0,0,---,---,---, ---,,,1.30,10,1.31,30,
712403,富喬凱基65購01,"141,000",10,"351,680",2.51,2.58,2.45,2.55,-,0.03,2.53,40,2.57,10,
712404,富喬凱基68購01,"2,000",1,"5,040",2.52,2.52,2.52,2.52,+,0.25,2.57,100,2.67,10,
712405,群聯凱基63購07,0,0,0,---,---,---, ---,,,1.68,100,1.69,10,
712406,群聯凱基63購08,"109,000",3,"156,670",1.43,1.44,1.43,1.44,+,0.01,1.42,100,1.44,10,
712407,群聯凱基63購09,"56,000",2,"90,160",1.61,1.61,1.61,1.61,+,0.02,1.58,100,1.59,10,
712408,群聯凱基63購10,0,0,0,---,---,---, ---,,,1.52,100,1.53,10,
712409,雙鴻凱基63購09,"29,000",2,"46,100",1.50,1.63,1.50,1.63,+,0.37,1.66,100,0.00,0,
712410,方土昶群益63購01,"53,000",1,"78,970",1.49,1.49,1.49,1.49,-,0.05,0.00,0,0.00,0,
712411,世界群益66購02,"69,000",2,"44,850",0.65,0.65,0.65,0.65,-,0.09,0.45,22,0.00,0,
712412,世紀*群益63購01,0,0,0,---,---,---, ---,,,0.00,0,9.25,10,
712413,世紀*群益63購02,"7,000",2,"48,850",6.85,7.30,6.85,7.30,-,0.5,6.15,3,9.40,1,
712414,台特化群益66購01,"37,000",1,"48,840",1.32,1.32,1.32,1.32,-,0.09,0.00,0,0.00,0,
712415,弘塑群益63購01,"60,000",3,"45,750",0.80,0.80,0.75,0.76,-,0.14,0.79,10,0.89,10,
712416,艾訊群益63購01,0,0,0,---,---,---, ---,,,0.60,25,0.61,10,
712417,艾訊群益63購02,0,0,0,---,---,---, ---,,,0.49,25,0.50,10,
712418,倚強群益69購01,"50,000",21,"69,580",1.39,1.46,1.31,1.44,+,0.15,0.87,11,0.00,0,
712419,群聯群益64購04,"25,000",2,"21,500",0.86,0.86,0.86,0.86,+,0.03,0.84,100,0.85,100,
712420,廣穎群益62購01,"28,000",1,"39,760",1.42,1.42,1.42,1.42,-,0.1,0.80,12,0.00,0,
712421,雙鴻群益65購01,"198,000",10,"161,670",0.81,0.90,0.78,0.90,+,0.13,0.45,111,0.00,0,
712422,閎康元大63購04,"28,000",4,"16,120",0.58,0.58,0.56,0.56,-,0.06,0.55,499,0.56,10,
712423,新應材元大63購04,0,0,0,---,---,---, ---,,,0.40,499,0.41,10,
712424,新應材元大64購02,"31,000",5,"29,770",0.99,1.00,0.94,1.00,-,0.06,0.95,499,0.98,10,
712425,營邦元大64購02,"489,000",17,"751,080",1.46,1.59,1.46,1.57,+,0.04,1.57,10,1.58,10,
712426,宜鼎中信62購01,"131,000",7,"98,630",0.75,0.77,0.74,0.74,-,0.07,0.73,10,0.75,10,
712427,威剛中信63購01,"6,000",1,"4,080",0.68,0.68,0.68,0.68,+,0.01,0.66,499,0.67,10,
712428,群聯中信66購01,0,0,0,---,---,---, ---,,,0.56,10,0.57,10,
712429,雙鴻中信63購03,"409,000",16,"285,050",0.64,0.80,0.64,0.80,+,0.15,0.79,499,0.00,0,
712430,均華永豐63購01,0,0,0,---,---,---, ---,,,1.68,499,1.73,10,
712431,沛亨永豐64購01,0,0,0,---,---,---, ---,,,1.55,499,1.57,10,
712432,威剛永豐68購02,"41,000",1,"41,410",1.01,1.01,1.01,1.01,+,0.01,1.01,10,1.02,10,
712433,茂訊永豐63購01,"9,000",1,"6,660",0.74,0.74,0.74,0.74,-,0.03,0.73,499,0.75,10,
712434,新潤永豐63購01,0,0,0,---,---,---, ---,,,0.82,499,0.83,10,
712435,新應材永豐68購04,0,0,0,---,---,---, ---,,,0.78,499,0.80,10,
712436,群聯永豐68購01,"137,000",7,"107,640",0.78,0.81,0.78,0.80,+,0.02,0.79,10,0.80,10,
712437,雙鴻永豐64購05,"125,000",8,"146,960",1.15,1.24,1.15,1.24,+,0.12,1.43,499,0.00,0,
712438,群聯國泰63購03,0,0,0,---,---,---, ---,,,1.90,499,1.91,100,
712439,群聯國泰65購02,0,0,0,---,---,---, ---,,,1.95,499,1.96,100,
712440,聖暉*國泰63購02,"97,000",2,"59,330",0.62,0.62,0.61,0.61,-,0.01,0.63,499,0.64,100,
712441,譜瑞國泰63購01,0,0,0,---,---,---, ---,,,1.56,499,1.57,100,
712442,鑫聯國泰63購01,0,0,0,---,---,---, ---,,,0.78,499,0.79,100,
712443,宏捷科富邦64購01,"1,033,000",37,"695,420",0.64,0.71,0.63,0.65,-,0.01,0.65,10,0.66,28,
712444,宏捷科富邦65購01,"207,000",6,"144,670",0.64,0.71,0.64,0.71,+,0.04,0.65,10,0.66,28,
712445,宜鼎富邦68購01,0,0,0,---,---,---, ---,,,0.52,10,0.53,28,
712446,頎邦富邦64購03,"327,000",14,"232,520",0.70,0.73,0.70,0.71,-,0.07,0.72,10,0.73,28,
712447,頎邦富邦65購01,"320,000",15,"178,900",0.59,0.59,0.54,0.56,-,0.06,0.55,10,0.56,28,
712448,譜瑞富邦64購02,"22,000",3,"14,720",0.67,0.67,0.66,0.66,-,0.04,0.68,10,0.69,28,
712449,M31統一68購01,0,0,0,---,---,---, ---,,,0.54,10,0.55,10,
712450,陽程統一66購02,0,0,0,---,---,---, ---,,,1.83,5,0.00,0,
712451,雙鴻統一64購02,"274,000",5,"182,240",0.66,0.69,0.64,0.69,+,0.04,0.77,10,0.00,0,
712452,台特化台新65購01,"10,000",1,"21,300",2.13,2.13,2.13,2.13,-,0.19,2.13,25,2.23,10,
712453,宜鼎台新64購02,"25,000",2,"39,500",1.58,1.58,1.58,1.58,-,0.04,1.54,25,1.55,10,
712454,富喬台新65購01,"203,000",17,"814,930",3.85,4.11,3.85,4.07,-,0.06,4.05,25,4.11,10,
712455,順達台新64購01,0,0,0,---,---,---, ---,,,1.93,25,1.94,10,
712456,新應材台新64購02,"1,000",1,"1,140",1.14,1.14,1.14,1.14,-,0.11,1.08,25,1.18,10,
712457,頎邦台新68購01,"13,000",2,"34,030",2.59,2.62,2.59,2.62,-,0.2,2.59,25,2.61,10,
712458,營邦台新65購02,"149,000",4,"282,200",1.74,1.93,1.74,1.90,+,0.2,1.90,25,1.91,10,
712459,鴻呈台新62購01,"222,000",10,"275,340",1.21,1.36,1.21,1.30,+,0.13,1.30,25,1.31,10,
712460,雙鴻台新62購02,"15,000",2,"55,290",3.39,3.76,3.39,3.76,+,0.35,4.40,25,0.00,0,
712461,世界凱基66購02,0,0,0,---,---,---, ---,,,1.03,100,1.04,10,
712462,世紀*凱基63購01,0,0,0,---,---,---, ---,,,0.00,0,0.00,0,
712463,弘塑凱基63購02,"23,000",1,"21,160",0.92,0.92,0.92,0.92,-,0.15,0.96,100,0.97,10,
712464,弘塑凱基63購03,0,0,0,---,---,---, ---,,,1.32,100,1.33,10,
712465,艾訊凱基63購01,0,0,0,---,---,---, ---,,,0.54,10,0.55,10,
712466,倚強凱基63購01,"165,000",35,"355,150",2.19,2.30,1.97,2.22,+,0.4,2.07,10,2.17,10,
712467,富喬凱基63購03,"162,000",9,"324,210",2.03,2.03,1.92,2.02,-,0.03,2.03,50,2.05,10,
712468,閎康凱基63購01,0,0,0,---,---,---, ---,,,0.89,10,0.90,10,
712469,順達凱基63購04,"112,000",3,"183,850",1.65,1.65,1.60,1.60,-,0.11,1.54,100,1.55,10,
712470,新應材凱基63購06,"22,000",2,"12,780",0.59,0.59,0.58,0.58,-,0.09,0.56,100,0.66,10,
712471,廣積凱基64購01,0,0,0,---,---,---, ---,,,0.63,10,0.64,10,
712472,順達中信62購01,"94,000",5,"60,620",0.67,0.67,0.62,0.62,-,0.09,0.61,499,0.62,10,
712473,群聯中信62購02,"47,000",3,"30,290",0.61,0.67,0.61,0.67,+,0.04,0.64,10,0.65,10,
712474,均華永豐63購02,"9,000",2,"12,740",1.40,1.42,1.40,1.42,+,0.1,1.51,499,1.56,10,
712475,良維永豐63購01,"5,000",1,"9,950",1.99,1.99,1.99,1.99,+,0.14,1.94,10,1.95,10,
712476,宜鼎永豐66購02,0,0,0,---,---,---, ---,,,0.92,499,0.93,10,
712477,順達永豐63購02,"1,000",1,"1,990",1.99,1.99,1.99,1.99,-,0.23,2.00,499,2.01,10,
712478,順達永豐63購03,0,0,0,---,---,---, ---,,,1.39,499,1.40,10,
712479,群聯永豐65購07,"375,000",8,"530,150",1.40,1.43,1.40,1.40,-,0.03,1.41,10,1.42,10,
712480,群聯永豐65購08,"109,000",4,"141,590",1.31,1.31,1.27,1.31,+,0.04,1.30,10,1.31,10,
712481,群聯永豐68購02,"137,000",6,"247,120",1.79,1.82,1.79,1.81,+,0.02,1.79,10,1.80,10,
712482,廣閎科永豐63購01,"128,000",2,"108,800",0.85,0.85,0.85,0.85,-,0.1,0.84,10,0.85,10,
712483,廣閎科永豐63購02,"17,000",1,"11,730",0.69,0.69,0.69,0.69,-,0.04,0.71,499,0.72,10,
712484,廣閎科永豐65購01,"14,000",1,"11,200",0.80,0.80,0.80,0.80,-,0.02,0.80,499,0.81,10,
712485,廣閎科永豐68購01,0,0,0,---,---,---, ---,,,1.04,499,1.05,10,
712486,廣穎永豐65購02,0,0,0,---,---,---, ---,,,1.54,10,1.55,10,
712487,巨漢元大64購01,"40,000",2,"46,360",1.18,1.18,1.15,1.15,-,0.06,1.16,499,1.17,10,
712488,宜鼎元大63購06,"108,000",3,"114,480",1.04,1.07,1.04,1.07,-,0.01,1.03,499,1.04,10,
712489,宜鼎元大64購04,"368,000",2,"279,680",0.76,0.76,0.76,0.76,-,0.03,0.73,499,0.74,10,
712490,富喬元大63購03,"174,000",7,"350,500",2.01,2.08,1.95,2.01,+,0.02,2.06,350,2.09,10,
712491,富喬元大63購04,"58,000",13,"107,690",1.77,1.94,1.77,1.94,+,0.09,1.85,405,1.95,10,
712492,富喬元大63購05,"17,000",4,"47,830",2.79,2.90,2.73,2.73,-,0.13,2.87,250,2.94,10,
712493,富喬元大63購06,"108,000",13,"323,600",2.99,3.09,2.90,2.93,-,0.01,3.06,250,3.14,10,
712494,富喬元大64購06,"162,000",14,"247,620",1.50,1.57,1.47,1.54,+,0.02,1.55,499,1.57,10,
712495,群聯元大63購10,"108,000",6,"220,680",2.06,2.07,2.03,2.06,+,0.01,2.05,350,2.06,2,
712496,群聯元大63購13,"213,000",6,"213,530",0.99,1.01,0.99,1.01,-,0.23,0.99,499,1.00,10,
712497,廣積元大63購05,0,0,0,---,---,---, ---,,,0.75,499,0.76,10,
712498,廣穎元大63購02,0,0,0,---,---,---, ---,,,0.74,25,0.75,10,
712499,廣穎元大63購03,0,0,0,---,---,---, ---,,,0.48,499,0.49,10,
712500,營邦元大63購01,"277,000",10,"324,450",1.08,1.18,1.08,1.16,+,0.05,1.16,499,1.17,10,
712501,營邦元大63購03,"321,000",12,"254,570",0.72,0.80,0.72,0.79,+,0.05,0.78,499,0.79,10,
712502,營邦元大64購04,"806,000",19,"648,370",0.74,0.82,0.74,0.80,+,0.04,0.80,499,0.81,10,
712503,雙鴻元大64購04,"937,000",11,"1,053,650",1.03,1.19,1.03,1.15,+,0.12,1.26,125,0.00,0,
712504,千如國票66購01,"16,000",1,"16,640",1.04,1.04,1.04,1.04,-,0.05,1.03,25,1.04,10,
712505,富喬國票64購01,0,0,0,---,---,---, ---,,,3.49,25,3.54,10,
712506,富喬國票66購01,"462,000",15,"2,029,440",4.31,4.55,4.28,4.45,+,0.01,4.48,25,4.51,10,
712507,鴻呈國票66購01,"113,000",9,"95,480",0.87,0.87,0.83,0.85,+,0.06,0.84,25,0.85,9,
712508,雙鴻國票69購01,0,0,0,---,---,---, ---,,,1.40,25,0.00,0,
712509,千如國泰63購01,0,0,0,---,---,---, ---,,,2.08,499,2.09,100,
712510,宜鼎國泰63購02,"14,000",2,"28,000",2.00,2.00,2.00,2.00,-,0.05,1.95,499,1.96,100,
712511,富喬國泰63購03,0,0,0,---,---,---, ---,,,3.50,499,3.59,100,
712512,新應材國泰63購02,"37,000",1,"44,770",1.21,1.21,1.21,1.21,-,0.15,1.24,10,1.34,10,
712513,千附精富邦62購01,"344,000",5,"321,060",0.92,0.97,0.92,0.93,+,0.01,0.92,10,0.93,28,
712514,中美晶富邦65購01,"41,000",2,"24,290",0.60,0.60,0.59,0.59,-,0.05,0.59,30,0.60,28,
712515,順達富邦63購03,"174,000",3,"181,950",1.05,1.05,1.00,1.00,-,0.11,0.99,10,1.00,28,
712516,廣閎科富邦62購01,"187,000",2,"78,540",0.42,0.42,0.42,0.42,-,0.02,0.41,10,0.42,28,
712517,營邦富邦65購01,"912,000",35,"907,680",0.97,1.06,0.95,1.04,+,0.06,1.03,10,1.04,28,
712518,中美晶群益63購02,"16,000",3,"36,830",2.35,2.35,2.21,2.21,-,0.36,2.30,10,2.40,10,
712519,宜鼎群益63購01,0,0,0,---,---,---, ---,,,1.45,100,1.47,100,
712520,威剛群益63購02,"82,000",6,"126,930",1.54,1.57,1.54,1.57,-,0.04,1.53,100,1.54,100,
712521,順達群益63購01,"3,000",1,"6,090",2.03,2.03,2.03,2.03,-,0.23,2.05,10,2.15,10,
712522,群聯群益63購03,"121,000",9,"499,220",4.10,4.21,4.06,4.13,+,0.07,4.13,100,4.18,100,
712523,廣閎科群益63購01,"239,000",9,"239,030",1.00,1.02,0.98,1.01,-,0.01,0.60,83,0.00,0,
712524,磐儀群益63購01,0,0,0,---,---,---, ---,,,0.80,10,0.90,10,
712525,雙鴻群益63購04,"1,097,000",37,"1,765,970",1.51,1.90,1.47,1.90,+,0.41,1.10,45,0.00,0,
712526,譜瑞群益62購01,0,0,0,---,---,---, ---,,,1.20,10,1.30,10,
712527,弘塑統一66購01,"577,000",4,"335,510",0.59,0.59,0.57,0.57,-,0.07,0.59,10,0.60,10,
712528,均華統一69購01,"2,992,000",40,"2,195,910",0.70,0.83,0.70,0.83,+,0.12,0.82,10,0.83,10,
712529,高技統一66購01,"823,000",18,"704,000",0.79,0.91,0.79,0.84,+,0.03,0.82,10,0.83,10,
712530,陽程統一66購03,"25,000",3,"42,630",1.70,1.83,1.70,1.83,+,0.24,1.82,10,0.00,0,
712531,順達統一6B購01,"186,000",2,"159,100",0.85,0.86,0.85,0.86,-,0.05,0.83,10,0.84,10,
712532,世界群益62購04,"128,000",4,"170,910",1.33,1.34,1.33,1.34,-,0.14,0.71,14,0.00,0,
712533,台半群益63購01,"32,000",1,"40,960",1.28,1.28,1.28,1.28,-,0.16,1.27,10,1.37,10,
712534,台特化群益62購02,"2,000",2,"7,430",3.83,3.83,3.60,3.60,-,0.47,1.43,6,0.00,0,
712535,東捷群益64購01,"288,000",5,"252,280",0.88,0.89,0.86,0.89,-,0.0,0.54,92,0.00,0,
712536,鉅橡群益63購01,"51,000",2,"63,150",1.25,1.25,1.19,1.19,-,0.14,1.18,10,1.28,10,
712537,臺慶科群益63購01,"50,000",1,"43,500",0.87,0.87,0.87,0.87,-,0.08,0.85,25,0.86,10,
712538,廣閎科群益64購01,"106,000",4,"140,060",1.31,1.34,1.31,1.34,-,0.1,0.71,6,0.00,0,
712539,穩懋群益63購02,"1,056,000",73,"2,196,700",1.96,2.37,1.89,2.10,+,0.09,2.09,100,2.11,100,
712540,穩懋群益64購01,"264,000",16,"834,490",2.82,3.29,2.80,2.98,+,0.05,2.97,100,2.99,100,
712541,中美晶元大64購05,"73,000",3,"49,290",0.69,0.69,0.65,0.67,-,0.04,0.68,499,0.69,87,
712542,方土昶元大63購02,"20,000",1,"14,800",0.74,0.74,0.74,0.74,-,0.0,0.73,499,0.74,10,
712543,均華元大64購02,"2,000",1,"4,100",2.05,2.05,2.05,2.05,+,0.06,2.24,400,2.31,10,
712544,朋億*元大63購01,"335,000",16,"358,600",1.05,1.11,1.05,1.07,+,0.08,1.03,25,1.04,10,
712545,東捷元大63購01,0,0,0,---,---,---, ---,,,0.91,25,0.93,10,
712546,青雲元大63購02,"411,000",12,"209,980",0.49,0.54,0.47,0.54,+,0.11,0.52,25,0.53,10,
712547,高技元大63購02,"678,000",21,"457,170",0.66,0.70,0.62,0.62,-,0.02,0.63,499,0.64,10,
712548,順達元大63購03,"135,000",3,"178,690",1.35,1.40,1.31,1.31,-,0.16,1.30,499,1.31,10,
712549,順達元大63購04,"138,000",7,"221,330",1.64,1.68,1.58,1.58,-,0.2,1.60,450,1.61,10,
712550,順達元大64購07,"69,000",4,"94,060",1.34,1.39,1.34,1.39,-,0.03,1.31,499,1.32,10,
712551,漢達元大64購01,0,0,0,---,---,---, ---,,,2.13,6,0.00,0,
712552,廣閎科元大64購01,"294,000",4,"170,720",0.58,0.60,0.58,0.60,-,0.01,0.59,499,0.60,10,
712553,廣積元大63購06,0,0,0,---,---,---, ---,,,0.70,499,0.71,10,
712554,廣穎元大63購04,"554,000",2,"390,340",0.70,0.71,0.70,0.71,+,0.02,0.68,499,0.69,10,
712555,雙鴻元大63購08,"2,107,000",35,"2,302,850",0.98,1.23,0.95,1.23,+,0.25,1.21,125,1.25,5,
712556,雙鴻元大63購09,"3,451,000",41,"3,020,520",0.78,1.00,0.78,0.98,+,0.19,1.02,125,0.00,0,
712557,雙鴻元大63購10,"520,000",23,"454,970",0.79,0.93,0.79,0.90,+,0.13,0.99,499,0.00,0,
712558,雙鴻元大64購05,"1,203,000",36,"1,247,770",0.96,1.13,0.93,1.09,+,0.12,1.20,125,0.00,0,
712559,寶雅元大63購01,"8,000",1,"7,440",0.93,0.93,0.93,0.93,-,0.02,0.08,125,0.00,0,
712560,東捷統一66購02,"188,000",6,"108,180",0.59,0.59,0.55,0.57,-,0.05,0.56,10,0.57,10,
712561,東捷統一6B購01,"90,000",3,"51,300",0.57,0.57,0.57,0.57,-,0.01,0.55,10,0.56,10,
712562,穩懋統一66購02,"169,000",6,"134,260",0.78,0.84,0.78,0.84,+,0.05,0.82,10,0.83,10,
712563,穩懋統一67購01,"2,279,000",42,"1,730,590",0.74,0.81,0.69,0.74,+,0.02,0.74,10,0.00,0,
712564,穩懋統一68購01,"100,000",2,"81,700",0.79,0.82,0.79,0.82,-,0.0,0.78,10,0.79,10,
712565,穩懋統一6C購02,"156,000",3,"120,840",0.76,0.79,0.76,0.79,-,0.03,0.77,10,0.78,10,
712566,穩懋統一6C購03,"31,000",2,"32,860",1.06,1.06,1.06,1.06,+,0.09,0.99,10,1.00,10,
712567,東捷富邦63購01,"77,000",2,"48,140",0.63,0.63,0.62,0.62,-,0.03,0.60,10,0.61,28,
712568,東捷國泰63購01,"60,000",4,"84,820",1.44,1.44,1.40,1.40,-,0.26,1.41,10,1.42,10,
712569,博盛國泰63購01,"21,000",2,"33,810",1.66,1.66,1.59,1.59,-,0.13,1.57,499,1.58,100,
712570,營邦國泰63購02,"21,000",1,"49,140",2.34,2.34,2.34,2.34,+,0.19,2.29,499,2.30,100,
712571,鴻呈國泰63購01,"519,000",17,"864,650",1.57,1.73,1.57,1.65,+,0.22,1.65,499,1.68,100,
712572,穩懋國泰63購01,"322,000",16,"775,420",2.28,2.60,2.12,2.29,-,0.03,2.29,499,2.30,100,
712573,穩懋國泰63購03,"222,000",16,"572,340",2.44,2.82,2.44,2.44,+,0.04,2.51,499,2.52,100,
712574,穩懋國泰63購04,"180,000",21,"468,060",2.47,2.93,2.45,2.64,+,0.14,2.61,460,2.62,100,
712575,穩懋國泰63購05,"210,000",19,"614,550",2.79,3.33,2.67,2.96,-,0.18,2.94,499,2.95,100,
712576,台半凱基63購01,"114,000",5,"193,580",1.72,1.74,1.64,1.64,-,0.24,1.70,59,1.71,30,
712577,宜鼎凱基64購02,"96,000",5,"109,520",1.13,1.17,1.12,1.12,-,0.04,1.11,100,1.12,10,
712578,威剛凱基63購06,0,0,0,---,---,---, ---,,,1.36,10,1.37,10,
712579,宸曜凱基63購01,"2,000",1,"2,380",1.19,1.19,1.19,1.19,-,0.01,1.16,10,1.18,10,
712580,順達凱基63購05,0,0,0,---,---,---, ---,,,1.19,100,1.20,30,
712581,群聯凱基64購06,"10,000",1,"15,400",1.54,1.54,1.54,1.54,+,0.04,1.52,100,1.54,10,
712582,漢達凱基63購01,"17,000",6,"22,850",1.20,1.36,1.20,1.36,+,0.46,1.18,100,0.00,0,
712583,營邦凱基63購02,"226,000",16,"607,200",2.59,2.74,2.59,2.65,+,0.09,2.71,37,2.73,10,
712584,鴻呈凱基66購01,"31,000",10,"41,530",1.28,1.39,1.24,1.33,+,0.12,1.34,100,1.35,10,
712585,雙鴻凱基64購02,"87,000",6,"138,200",1.36,1.81,1.36,1.81,+,0.45,1.83,100,0.00,0,
712586,穩懋凱基63購01,"378,000",20,"679,040",1.64,2.00,1.60,1.66,+,0.01,1.74,58,1.75,10,
712587,穩懋凱基63購02,"280,000",12,"503,940",1.57,1.83,1.56,1.83,+,0.08,1.65,499,1.66,10,
712588,穩懋凱基63購03,"95,000",7,"245,510",2.38,2.72,2.38,2.51,+,0.09,1.65,6,0.00,0,
712589,穩懋凱基63購04,"253,000",14,"474,140",1.66,1.92,1.66,1.74,+,0.08,1.75,499,1.76,10,
712590,穩懋凱基63購05,"304,000",13,"746,150",2.35,2.65,2.35,2.35,-,0.04,2.47,100,2.48,10,
712591,均華台新63購01,"12,000",1,"22,920",1.91,1.91,1.91,1.91,-,0.01,2.19,25,2.26,10,
712592,宜鼎台新64購03,0,0,0,---,---,---, ---,,,1.58,25,1.59,10,
712593,東捷台新62購01,0,0,0,---,---,---, ---,,,1.05,25,1.06,10,
712594,順達台新64購02,"17,000",1,"26,690",1.57,1.57,1.57,1.57,-,0.13,1.50,25,1.51,10,
712595,鈊象台新64購01,"20,000",1,"13,400",0.67,0.67,0.67,0.67,-,0.0,0.75,25,0.77,10,
712596,穩懋台新62購01,"48,000",7,"82,740",1.76,1.92,1.66,1.76,+,0.08,1.76,25,1.77,10,
712597,穩懋台新63購01,"394,000",21,"877,910",2.12,2.42,2.12,2.16,-,0.16,2.22,25,2.24,10,
712598,穩懋台新65購01,"83,000",4,"98,180",1.15,1.25,1.14,1.25,+,0.1,1.20,25,1.21,10,
712599,穩懋台新65購02,"89,000",4,"134,260",1.41,1.61,1.41,1.61,+,0.09,1.47,25,1.48,10,
712600,穩懋台新68購01,"527,000",15,"895,390",1.70,1.91,1.60,1.78,+,0.09,1.74,25,1.76,10,
712601,弘塑中信64購01,0,0,0,---,---,---, ---,,,0.90,499,0.91,10,
712602,穩懋中信68購01,"763,000",24,"592,120",0.73,0.81,0.70,0.74,+,0.01,0.74,10,0.75,10,
712603,台半永豐64購02,"300,000",6,"371,000",1.24,1.25,1.22,1.22,-,0.13,1.24,499,1.25,10,
712604,台半永豐65購01,"2,000",1,"2,720",1.36,1.36,1.36,1.36,-,0.15,1.39,499,1.40,10,
712605,台星科永豐64購01,"75,000",10,"96,560",1.31,1.33,1.27,1.31,-,0.16,1.29,10,1.30,10,
712606,由田永豐64購01,"216,000",16,"359,140",1.57,1.73,1.56,1.56,+,0.05,1.58,10,1.59,10,
712607,系統電永豐63購01,"144,000",3,"79,200",0.55,0.55,0.55,0.55,-,0.03,0.53,499,0.54,10,
712608,東捷永豐63購01,0,0,0,---,---,---, ---,,,0.92,499,0.94,10,
712609,東捷永豐63購02,"23,000",1,"20,240",0.88,0.88,0.88,0.88,-,0.03,0.82,499,0.84,10,
712610,東捷永豐63購03,"10,000",1,"8,700",0.87,0.87,0.87,0.87,-,0.05,0.82,499,0.83,10,
712611,東捷永豐65購01,"7,000",1,"7,350",1.05,1.05,1.05,1.05,-,0.08,0.99,499,1.00,10,
712612,東捷永豐65購02,"9,000",1,"12,150",1.35,1.35,1.35,1.35,-,0.1,1.28,499,1.29,10,
712613,東捷永豐68購01,"100,000",6,"150,810",1.55,1.57,1.46,1.48,-,0.19,1.49,499,1.50,10,
712614,欣銓永豐66購01,"120,000",7,"177,040",1.50,1.50,1.46,1.47,-,0.14,1.48,499,1.49,10,
712615,欣銓永豐68購01,"201,000",14,"234,360",1.17,1.19,1.15,1.15,-,0.1,1.17,499,1.18,10,
712616,彩富永豐63購01,0,0,0,---,---,---, ---,,,1.03,499,1.04,10,
712617,博盛永豐63購01,"25,000",3,"29,980",1.29,1.29,1.12,1.12,-,0.24,1.19,10,1.20,10,
712618,博盛永豐63購02,"173,000",5,"182,390",1.13,1.13,1.03,1.04,-,0.17,1.04,10,1.05,10,
712619,博盛永豐65購01,"76,000",4,"107,520",1.52,1.52,1.40,1.42,-,0.15,1.42,10,1.43,10,
712620,越峰永豐63購01,"10,000",1,"6,100",0.61,0.61,0.61,0.61,-,0.06,0.62,10,0.63,10,
712621,穩得永豐63購01,"61,000",1,"56,120",0.92,0.92,0.92,0.92,-,0.05,0.93,499,0.94,10,
712622,穩懋永豐64購01,"128,000",8,"287,870",2.12,2.45,2.12,2.13,-,0.23,2.24,10,2.25,10,
712623,穩懋永豐64購02,"35,000",5,"95,210",2.67,2.81,2.64,2.64,-,0.1,2.81,499,2.82,10,
712624,穩懋永豐66購01,"43,000",3,"138,070",3.01,3.40,3.01,3.29,-,0.02,3.16,499,3.17,10,
712625,穩懋永豐68購01,"107,000",22,"365,170",3.28,3.71,3.21,3.43,-,0.18,3.46,499,3.47,10,
712626,均華國票63購02,"21,000",4,"41,040",1.80,2.01,1.80,1.99,+,0.13,2.23,25,2.29,10,
712627,東捷國票63購01,"151,000",6,"165,110",1.16,1.17,1.05,1.05,-,0.12,1.12,25,1.13,10,
712628,東捷國票64購01,"14,000",2,"16,170",1.16,1.16,1.15,1.15,-,0.11,1.11,25,1.12,10,
712629,元太群益63購01,0,0,0,---,---,---, ---,,,0.60,5,0.00,0,
712630,方土昶群益63購02,0,0,0,---,---,---, ---,,,0.00,0,0.00,0,
712631,世界群益63購01,"118,000",8,"207,080",1.75,1.77,1.72,1.77,-,0.15,1.03,9,0.00,0,
712632,巨有群益63購01,0,0,0,---,---,---, ---,,,0.57,17,0.00,0,
712633,威剛群益62購04,"264,000",13,"632,060",2.40,2.44,2.35,2.40,+,0.03,2.39,100,2.41,100,
712634,胡連群益63購01,0,0,0,---,---,---, ---,,,1.02,25,1.03,10,
712635,陽程群益63購03,0,0,0,---,---,---, ---,,,2.21,4,0.00,0,
712636,順達群益63購02,0,0,0,---,---,---, ---,,,0.82,1,1.47,10,
712637,群聯群益62購01,"44,000",5,"211,780",4.81,4.82,4.80,4.80,+,0.06,4.84,100,4.87,100,
712638,漢達群益63購01,"1,000",1,"1,250",1.25,1.25,1.25,1.25,+,0.37,0.58,17,0.00,0,
712639,鴻呈群益63購01,"192,000",11,"339,500",1.71,1.87,1.71,1.78,+,0.18,1.79,25,1.80,10,
712640,雙鴻群益62購04,"237,000",11,"310,630",1.09,1.46,1.04,1.46,+,0.38,0.53,94,0.00,0,
712641,穩懋群益64購03,"436,000",26,"1,194,320",2.58,3.01,2.52,2.74,+,0.14,2.70,100,2.75,100,
712642,雙鴻中信64購02,"1,402,000",34,"1,414,100",0.98,1.23,0.94,1.23,+,0.25,1.22,499,0.00,0,
712643,新應材永豐64購02,0,0,0,---,---,---, ---,,,1.32,499,1.36,10,
712644,新應材永豐65購01,"12,000",2,"18,460",1.54,1.54,1.53,1.53,-,0.09,1.48,10,1.52,10,
712645,群聯永豐63購02,0,0,0,---,---,---, ---,,,1.22,10,1.23,10,
712646,寶雅永豐63購01,0,0,0,---,---,---, ---,,,0.84,499,0.85,10,
712647,台半國泰63購01,"164,000",13,"350,770",2.15,2.17,2.09,2.17,-,0.48,2.14,499,2.15,100,
712648,胡連國泰63購01,0,0,0,---,---,---, ---,,,0.91,499,0.93,100,
712649,千附精元大63購01,"235,000",6,"208,860",0.87,0.94,0.87,0.87,+,0.11,0.46,21,0.94,2,
712650,元太元大63購06,"26,000",1,"25,220",0.97,0.97,0.97,0.97,-,0.09,0.00,0,0.00,0,
712651,元太元大64購02,0,0,0,---,---,---, ---,,,0.93,3,1.68,25,
712652,威剛元大64購04,"10,000",1,"5,800",0.58,0.58,0.58,0.58,+,0.01,0.57,499,0.58,10,
712653,陽程元大63購03,0,0,0,---,---,---, ---,,,3.13,6,0.00,0,
712654,陽程元大64購03,"81,000",13,"127,560",1.32,1.64,1.32,1.64,+,0.33,1.54,38,1.64,1,
712655,順達元大64購08,0,0,0,---,---,---, ---,,,0.41,499,0.42,10,
712656,鈊象元大64購04,"1,485,000",17,"994,140",0.64,0.71,0.64,0.68,+,0.02,0.28,35,0.00,0,
712657,群聯元大64購13,"8,000",1,"5,120",0.64,0.64,0.64,0.64,-,0.0,0.63,499,0.64,10,
712658,良維富邦63購01,"104,000",5,"101,150",0.98,0.98,0.94,0.94,+,0.01,0.91,10,0.92,28,
712659,穩懋富邦63購01,"1,173,000",42,"1,366,800",1.08,1.28,1.07,1.15,+,0.05,1.14,10,1.15,14,
712660,穩懋富邦64購01,"1,427,000",54,"1,484,130",0.97,1.13,0.96,1.03,+,0.07,1.01,10,1.02,28,
712661,台半統一68購01,"25,000",3,"20,700",0.84,0.84,0.81,0.81,-,0.13,0.83,10,0.84,10,
712662,東捷統一68購01,"132,000",2,"68,640",0.53,0.53,0.51,0.51,-,0.07,0.51,10,0.52,10,
712663,新普統一68購01,0,0,0,---,---,---, ---,,,0.56,10,0.57,10,
712664,穩懋統一68購02,"369,000",12,"339,800",0.89,1.02,0.88,0.93,-,0.06,0.93,10,0.94,10,
712665,千如凱基66購01,0,0,0,---,---,---, ---,,,0.77,100,0.78,10,
712666,中美晶凱基68購01,"80,000",2,"125,600",1.57,1.57,1.57,1.57,-,0.13,1.59,100,1.60,10,
712667,世界凱基63購06,"160,000",3,"144,600",0.91,0.91,0.90,0.90,-,0.06,0.92,100,0.93,10,
712668,弘塑凱基63購04,"770,000",3,"771,000",1.01,1.01,1.00,1.00,-,0.09,1.03,100,1.04,10,
712669,均華凱基64購02,"229,000",7,"362,570",1.52,1.93,1.52,1.93,+,0.3,1.89,53,1.96,10,
712670,宜鼎凱基66購01,"13,000",2,"20,080",1.54,1.56,1.54,1.56,-,0.08,1.51,100,1.53,10,
712671,東捷凱基63購02,0,0,0,---,---,---, ---,,,0.63,100,0.64,10,
712672,金益鼎凱基63購01,"2,000",1,"1,440",0.72,0.72,0.72,0.72,-,0.03,0.71,10,0.73,10,
712673,順達凱基63購06,0,0,0,---,---,---, ---,,,0.77,100,0.78,30,
712674,頎邦凱基63購03,"30,000",3,"50,740",1.70,1.70,1.64,1.64,-,0.32,1.67,100,1.77,10,
712675,雙鴻凱基63購10,"385,000",7,"436,060",1.08,1.36,1.07,1.36,+,0.29,1.41,450,1.60,100,
712676,寶雅凱基63購01,"3,000",1,"2,280",0.76,0.76,0.76,0.76,+,0.01,0.76,7,0.86,10,
712677,系統電台新62購01,0,0,0,---,---,---, ---,,,1.07,25,1.08,10,
712678,長科*台新65購01,"18,000",6,"34,130",1.92,1.92,1.88,1.88,-,0.25,1.83,25,1.84,10,
712679,威剛台新62購03,"100,000",1,"136,000",1.36,1.36,1.36,1.36,+,0.02,1.36,25,1.37,10,
712680,威剛台新63購02,"19,000",1,"26,980",1.42,1.42,1.42,1.42,-,0.01,1.44,25,1.45,10,
712681,順達台新62購01,"20,000",1,"25,800",1.29,1.29,1.29,1.29,-,0.09,1.23,25,1.24,10,
712682,中美晶元大64購06,"21,000",2,"11,550",0.55,0.55,0.55,0.55,-,0.04,0.55,499,0.56,10,
712683,元太元大63購07,"4,000",4,"4,740",1.21,1.21,1.16,1.18,-,0.11,1.11,1,0.00,0,
712684,元太元大63購08,0,0,0,---,---,---, ---,,,0.00,0,0.00,0,
712685,元太元大64購03,0,0,0,---,---,---, ---,,,0.00,0,0.00,0,
712686,均華元大64購03,"74,000",1,"74,000",1.00,1.00,1.00,1.00,-,0.07,1.23,499,1.27,10,
712687,宜鼎元大64購05,"311,000",5,"272,560",0.86,0.90,0.85,0.85,-,0.07,0.82,499,0.83,10,
712688,威剛元大64購05,"147,000",3,"86,730",0.59,0.59,0.59,0.59,+,0.01,0.58,499,0.59,10,
712689,順達元大64購09,"3,000",2,"3,730",1.23,1.25,1.23,1.25,-,0.06,1.19,499,1.20,10,
712690,鈊象元大63購09,"543,000",15,"501,470",0.88,0.94,0.88,0.94,+,0.04,0.39,25,0.00,0,
712691,鈊象元大64購05,"674,000",12,"640,920",0.90,0.97,0.89,0.97,+,0.05,0.88,2,0.98,10,
712692,群聯元大64購14,"256,000",6,"252,690",0.99,0.99,0.98,0.98,+,0.01,0.98,499,0.99,10,
712693,蜜望實元大63購02,"890,000",19,"465,460",0.54,0.56,0.49,0.51,-,0.06,0.50,499,0.51,10,
712694,寶雅元大63購02,0,0,0,---,---,---, ---,,,0.36,27,0.00,0,
712695,元太台新65購01,"24,000",1,"35,040",1.46,1.46,1.46,1.46,-,0.2,1.52,25,1.54,10,
712696,沛亨台新65購01,0,0,0,---,---,---, ---,,,1.12,25,1.13,10,
712697,威聯通台新62購01,"17,000",3,"15,720",0.93,0.93,0.91,0.91,-,0.03,0.90,25,0.92,10,
712698,胡連台新62購01,"10,000",1,"10,200",1.02,1.02,1.02,1.02,-,0.05,1.00,25,1.01,10,
712699,倉和台新62購01,"35,000",3,"82,880",2.37,2.39,2.34,2.39,+,0.02,2.37,25,2.41,10,
712700,蜜望實台新62購01,"89,000",8,"119,550",1.42,1.45,1.22,1.22,-,0.34,1.25,25,1.26,10,
712701,蜜望實台新65購01,"55,000",7,"96,550",1.77,1.81,1.58,1.58,-,0.34,1.60,25,1.62,10,
712702,中美晶凱基64購04,0,0,0,---,---,---, ---,,,0.89,100,0.90,10,
712703,朋億*凱基63購01,"146,000",21,"129,970",0.83,0.94,0.83,0.89,+,0.02,0.86,100,0.87,30,
712704,泓格凱基63購01,"24,000",4,"23,880",0.98,1.01,0.98,1.00,+,0.06,1.00,100,1.02,10,
712705,威剛凱基63購07,"463,000",9,"644,720",1.40,1.41,1.36,1.39,+,0.02,1.38,10,1.39,30,
712706,建榮凱基63購01,"158,000",18,"172,180",1.06,1.13,0.99,1.00,-,0.07,0.99,100,1.00,10,
712707,順達凱基66購01,"5,000",1,"7,350",1.47,1.47,1.47,1.47,-,0.54,1.48,100,1.49,30,
712708,鈊象凱基64購04,"20,000",3,"15,700",0.79,0.79,0.78,0.79,+,0.05,0.85,100,0.95,10,
712709,群聯凱基66購04,"6,000",1,"12,600",2.10,2.10,2.10,2.10,+,0.04,2.05,100,2.06,10,
712710,鉅橡凱基63購01,"109,000",2,"100,180",1.02,1.02,0.91,0.91,-,0.17,0.90,10,0.91,10,
712711,廣閎科凱基63購01,0,0,0,---,---,---, ---,,,1.21,10,1.22,10,
712712,穩懋凱基63購08,"849,000",29,"1,182,340",1.30,1.60,1.25,1.31,-,0.01,1.39,72,1.40,10,
712713,中美晶群益62購04,0,0,0,---,---,---, ---,,,1.38,7,2.35,10,
712714,弘塑群益63購02,"51,000",2,"34,830",0.71,0.71,0.68,0.68,-,0.1,0.70,10,0.80,10,
712715,系統電群益63購01,0,0,0,---,---,---, ---,,,1.15,25,1.16,10,
712716,宜鼎群益63購02,"55,000",2,"78,800",1.43,1.46,1.43,1.46,-,0.19,1.41,100,1.43,100,
712717,威剛群益62購05,"3,000",1,"2,250",0.75,0.75,0.75,0.75,+,0.01,0.74,100,0.75,100,
712718,原相群益62購02,"121,000",1,"60,500",0.50,0.50,0.50,0.50,-,0.12,0.50,20,0.60,10,
712719,群聯群益62購02,"23,000",4,"71,890",3.13,3.13,3.11,3.11,+,0.13,3.06,100,3.09,100,
712720,千如永豐63購01,0,0,0,---,---,---, ---,,,1.02,10,1.03,10,
712721,元太永豐63購02,"277,000",6,"229,390",0.82,0.85,0.82,0.85,-,0.12,0.88,499,0.89,10,
712722,世紀*永豐63購02,0,0,0,---,---,---, ---,,,6.65,499,0.00,0,
712723,沛亨永豐64購02,0,0,0,---,---,---, ---,,,0.99,10,1.00,10,
712724,茂迪永豐64購01,0,0,0,---,---,---, ---,,,0.73,499,0.74,10,
712725,頎邦永豐65購02,0,0,0,---,---,---, ---,,,1.19,499,1.20,10,
712726,榮剛永豐63購01,"505,000",3,"454,270",0.90,0.90,0.86,0.87,-,0.03,0.87,10,0.88,10,
712727,雙鴻永豐65購02,"45,000",6,"55,110",1.16,1.31,1.16,1.31,+,0.17,1.39,499,0.00,0,
712728,雙鴻永豐6B購01,"67,000",6,"92,410",1.31,1.51,1.31,1.51,+,0.27,1.51,10,0.00,0,
712729,雙鴻永豐6C購01,"243,000",12,"321,000",1.24,1.45,1.24,1.45,+,0.2,1.46,10,0.00,0,
712730,穩懋永豐65購01,"46,000",3,"73,360",1.59,1.60,1.59,1.60,+,0.06,1.59,499,1.60,10,
712731,三聯國票63購01,"65,000",7,"55,060",0.88,0.89,0.81,0.81,-,0.07,0.80,25,0.81,10,
712732,蜜望實國票63購01,"36,000",4,"61,710",1.81,1.81,1.63,1.63,-,0.31,1.64,25,1.65,10,
712733,寬宏國票63購01,0,0,0,---,---,---, ---,,,0.94,25,0.95,10,
712734,均華國泰63購02,"211,000",6,"231,820",0.98,1.28,0.98,1.27,+,0.21,1.23,10,1.24,10,
712735,順達國泰63購03,0,0,0,---,---,---, ---,,,1.34,499,1.35,100,
712736,順達富邦64購01,"35,000",2,"25,890",0.73,0.74,0.73,0.74,-,0.07,0.71,10,0.72,28,
712737,巨有統一6B購03,0,0,0,---,---,---, ---,,,0.57,10,0.58,10,
712738,倉和統一6B購01,"368,000",8,"340,310",0.91,0.94,0.91,0.93,+,0.03,0.91,10,0.92,10,
712739,堡達統一6A購01,0,0,0,---,---,---, ---,,,0.57,10,0.58,10,
712740,新普統一66購01,"50,000",1,"29,000",0.58,0.58,0.58,0.58,-,0.03,0.58,10,0.59,10,
712741,新普統一6B購01,0,0,0,---,---,---, ---,,,0.57,10,0.58,10,
712742,晶焱國票63購01,"130,000",1,"115,700",0.89,0.89,0.89,0.89,-,0.03,0.89,25,0.90,10,
712743,鈺太國票63購01,"285,000",10,"356,700",1.30,1.30,1.22,1.22,-,0.11,1.22,25,1.25,10,
712744,鈺太國票64購01,"250,000",7,"330,600",1.37,1.37,1.29,1.29,-,0.14,1.30,25,1.33,10,
712745,中美晶群益62購05,"29,000",1,"60,610",2.09,2.09,2.09,2.09,-,0.32,2.08,10,2.18,10,
712746,台特化群益62購03,"100,000",1,"272,000",2.72,2.72,2.72,2.72,-,0.32,0.71,10,0.00,0,
712747,弘塑群益63購03,0,0,0,---,---,---, ---,,,0.42,10,0.52,10,
712748,均華群益64購01,"105,000",7,"199,770",1.71,2.02,1.68,2.02,+,0.27,2.10,25,2.17,10,
712749,茂迪群益63購01,"2,000",1,"1,840",0.92,0.92,0.92,0.92,-,0.13,0.00,0,0.00,0,
712750,鈊象群益62購01,"39,000",11,"75,080",1.96,2.06,1.82,2.06,+,0.13,1.80,2,0.00,0,
712751,群聯群益62購03,0,0,0,---,---,---, ---,,,1.15,100,1.16,100,
712752,營邦群益63購01,"601,000",17,"1,007,790",1.61,1.76,1.60,1.72,+,0.1,1.72,10,1.82,10,
712753,穩懋群益68購01,"217,000",17,"695,690",2.90,3.30,2.81,2.81,-,0.26,3.05,100,3.07,100,
712754,元太凱基63購01,0,0,0,---,---,---, ---,,,1.56,1,0.00,0,
712755,弘塑凱基63購05,0,0,0,---,---,---, ---,,,0.59,100,0.60,30,
712756,均華凱基68購01,"209,000",10,"636,970",2.89,3.18,2.88,3.13,+,0.04,3.49,29,3.59,10,
712757,系統電凱基64購02,0,0,0,---,---,---, ---,,,1.01,10,1.03,10,
712758,宜鼎凱基63購05,"25,000",2,"34,750",1.39,1.39,1.39,1.39,+,0.01,1.29,100,1.31,10,
712759,倉和凱基63購02,"290,000",11,"246,950",0.86,0.92,0.82,0.84,-,0.12,0.83,100,0.84,10,
712760,頎邦凱基66購01,"114,000",10,"161,030",1.43,1.45,1.36,1.41,-,0.14,1.41,100,1.51,10,
712761,臺慶科凱基63購03,"70,000",2,"57,260",0.87,0.87,0.73,0.73,-,0.14,0.77,10,0.78,10,
712762,弘塑台新63購01,"184,000",5,"150,560",0.82,0.84,0.80,0.82,-,0.14,0.86,25,0.87,10,
712763,東捷台新62購02,"12,000",1,"12,960",1.08,1.08,1.08,1.08,-,0.11,1.01,25,1.02,10,
712764,倉和台新62購02,"58,000",11,"92,630",1.34,1.77,1.34,1.60,+,0.11,1.57,25,1.59,10,
712765,家碩台新62購01,0,0,0,---,---,---, ---,,,1.53,25,1.57,10,
712766,家碩台新62購02,0,0,0,---,---,---, ---,,,0.96,25,0.98,10,
712767,順達台新64購03,0,0,0,---,---,---, ---,,,1.73,25,1.74,10,
712768,勤凱台新62購01,0,0,0,---,---,---, ---,,,0.88,25,0.89,10,
712769,營邦台新63購01,"57,000",7,"71,700",1.16,1.29,1.16,1.29,+,0.14,1.27,25,1.28,10,
712770,營邦台新65購03,"21,000",2,"25,030",1.19,1.20,1.19,1.20,+,0.02,1.28,25,1.29,10,
712771,營邦台新66購01,"27,000",5,"38,870",1.36,1.50,1.36,1.50,+,0.16,1.47,25,1.48,10,
712772,元太元大64購04,"22,000",2,"19,120",0.86,0.88,0.86,0.88,-,0.12,0.25,40,0.00,0,
712773,弘塑元大63購04,"588,000",7,"293,910",0.49,0.52,0.49,0.52,-,0.04,0.51,499,0.52,10,
712774,弘塑元大63購05,0,0,0,---,---,---, ---,,,0.75,10,0.76,10,
712775,弘塑元大64購04,"5,000",1,"2,200",0.44,0.44,0.44,0.44,-,0.03,0.46,499,0.47,10,
712776,均華元大64購04,"11,000",1,"10,230",0.93,0.93,0.93,0.93,-,0.03,1.10,499,1.14,10,
712777,威剛元大64購06,"486,000",7,"512,800",1.05,1.06,1.05,1.06,+,0.01,1.05,499,1.06,10,
712778,順達元大63購05,"261,000",3,"300,130",1.13,1.15,1.13,1.15,-,0.09,1.09,499,1.10,10,
712779,順達元大63購06,"130,000",2,"150,810",1.17,1.17,1.16,1.16,-,0.1,1.13,499,1.14,10,
712780,順達元大63購07,"1,208,000",15,"1,167,420",0.97,1.01,0.94,0.95,-,0.07,0.94,499,0.95,10,
712781,順達元大64購10,"367,000",3,"358,180",0.97,0.99,0.96,0.96,-,0.1,0.94,499,0.95,10,
712782,順達元大64購11,"50,000",3,"25,600",0.51,0.52,0.51,0.51,-,0.05,0.49,499,0.50,10,
712783,群聯元大63購14,0,0,0,---,---,---, ---,,,1.33,499,1.34,10,
712784,群聯元大63購15,"214,000",2,"279,400",1.30,1.31,1.30,1.31,+,0.02,1.30,499,1.31,10,
712785,群聯元大63購16,"348,000",8,"335,780",0.95,0.97,0.95,0.96,-,0.0,0.96,499,0.97,10,
712786,群聯元大64購15,0,0,0,---,---,---, ---,,,0.54,499,0.55,10,
712787,寶雅元大63購03,0,0,0,---,---,---, ---,,,0.37,27,0.00,0,
712788,台星科統一6B購01,"221,000",5,"170,400",0.78,0.78,0.76,0.76,-,0.05,0.74,10,0.75,10,
712789,沛亨統一6B購01,0,0,0,---,---,---, ---,,,0.61,10,0.62,10,
712790,宜鼎統一6B購02,0,0,0,---,---,---, ---,,,0.69,10,0.70,10,
712791,倉和統一68購02,"555,000",9,"516,550",0.92,0.95,0.92,0.94,+,0.02,0.92,10,0.93,10,
712792,陽程統一6C購02,"31,000",5,"29,760",0.96,0.96,0.96,0.96,+,0.12,0.94,9,0.00,0,
712793,新普統一66購02,0,0,0,---,---,---, ---,,,0.56,10,0.57,10,
712794,穩懋統一68購03,"180,000",9,"210,530",1.15,1.26,1.14,1.19,+,0.01,1.18,10,1.19,10,
712795,家登中信63購01,"196,000",10,"158,110",0.85,0.87,0.77,0.77,-,0.13,0.78,499,0.79,10,
712796,世禾永豐63購01,"51,000",3,"34,680",0.68,0.68,0.68,0.68,-,0.03,0.66,10,0.67,10,
712797,安葆永豐63購02,"4,000",2,"6,810",1.71,1.71,1.70,1.70,+,0.03,1.67,10,1.71,10,
712798,宏捷科永豐63購01,"101,000",5,"118,500",1.20,1.22,1.14,1.14,-,0.02,1.14,10,1.16,10,
712799,倚強永豐64購01,"278,000",40,"366,460",1.34,1.37,1.21,1.35,+,0.21,1.30,10,1.32,10,
712800,倚強永豐64購02,"69,000",21,"92,980",1.36,1.40,1.25,1.35,+,0.14,1.33,499,1.36,10,
712801,倉和永豐63購02,"1,184,000",14,"1,507,730",1.34,1.42,1.01,1.34,-,0.13,1.33,10,1.34,10,
712802,家登永豐63購03,0,0,0,---,---,---, ---,,,1.11,499,1.12,10,
712803,湧德永豐63購01,"114,000",6,"192,760",1.67,1.75,1.64,1.75,+,0.01,1.75,499,1.78,10,
712804,順達永豐63購04,0,0,0,---,---,---, ---,,,1.28,499,1.29,10,
712805,群聯永豐63購03,0,0,0,---,---,---, ---,,,1.25,10,1.26,10,
712806,磐儀永豐63購01,0,0,0,---,---,---, ---,,,0.76,499,0.77,10,
712807,鴻呈永豐63購01,"253,000",27,"267,070",0.99,1.10,0.99,1.06,+,0.09,1.06,10,1.07,10,
712808,鴻呈永豐64購01,"148,000",6,"134,730",0.93,0.93,0.90,0.91,+,0.14,0.88,20,0.89,10,
712809,弘塑富邦64購02,"90,000",2,"65,910",0.75,0.75,0.72,0.72,-,0.2,0.74,10,0.75,28,
712810,頎邦富邦65購02,"274,000",12,"169,740",0.61,0.64,0.60,0.62,-,0.06,0.63,10,0.64,28,
712811,雙鴻富邦65購01,"185,000",13,"211,050",1.03,1.29,1.03,1.29,+,0.27,1.27,10,0.00,0,
712812,元太台新65購02,"24,000",1,"28,560",1.19,1.19,1.19,1.19,-,0.17,1.24,25,1.25,10,
712813,均華台新62購04,"19,000",5,"18,640",0.99,1.07,0.94,1.07,+,0.18,1.09,25,1.13,10,
712814,竑騰台新62購03,"371,000",25,"721,660",2.23,2.23,1.64,1.92,-,0.5,1.90,10,1.98,10,
712815,崇越電台新62購01,"2,000",1,"1,960",0.98,0.98,0.98,0.98,-,0.11,0.94,25,0.95,10,
712816,博盛台新62購01,"50,000",1,"62,000",1.24,1.24,1.24,1.24,-,0.18,1.26,25,1.27,10,
712817,普萊德台新62購01,0,0,0,---,---,---, ---,,,0.82,25,0.83,10,
712818,晶呈台新62購01,"42,000",6,"79,200",1.92,1.92,1.87,1.88,-,0.1,1.86,25,1.96,10,
712819,晶呈台新62購02,"200,000",2,"288,000",1.44,1.44,1.44,1.44,-,0.35,1.41,25,1.51,10,
712820,晶呈台新65購01,0,0,0,---,---,---, ---,,,1.46,25,1.47,10,
712821,元太群益62購01,0,0,0,---,---,---, ---,,,0.00,0,0.00,0,
712822,均華群益64購02,"146,000",3,"311,900",1.86,2.18,1.86,2.12,+,0.13,2.33,25,2.42,10,
712823,群聯群益62購04,"31,000",1,"51,460",1.66,1.66,1.66,1.66,-,0.03,1.68,100,1.69,100,
712824,世紀*元大62購01,0,0,0,---,---,---, ---,,,0.00,0,0.00,0,
712825,世紀*元大62購02,0,0,0,---,---,---, ---,,,0.00,0,0.00,0,
712826,倉和元大62購01,"12,000",3,"20,430",1.65,1.73,1.65,1.73,-,0.11,1.64,25,1.66,10,
712827,倉和元大62購02,"2,635,000",21,"1,819,460",0.68,0.71,0.66,0.68,-,0.01,0.67,499,0.68,10,
712828,陽程元大62購01,"30,000",1,"30,900",1.03,1.03,1.03,1.03,+,0.09,1.08,7,1.20,1,
712829,陽程元大62購02,"5,000",1,"5,650",1.13,1.13,1.13,1.13,+,0.27,1.04,6,1.13,15,
712830,陽程元大62購03,"1,000",1,"1,020",1.02,1.02,1.02,1.02,+,0.18,1.02,6,0.00,0,
712831,陽程元大63購04,"84,000",8,"90,540",1.06,1.15,1.06,1.15,+,0.26,1.08,62,0.00,0,
712832,陽程元大65購03,"153,000",13,"150,400",0.83,1.04,0.83,1.04,+,0.23,1.03,1,1.04,70,
712833,群聯元大65購01,"288,000",9,"360,760",1.24,1.27,1.24,1.26,+,0.03,1.26,499,1.27,10,
712834,廣閎科元大62購01,"779,000",11,"418,430",0.55,0.55,0.52,0.55,-,0.03,0.54,499,0.55,10,
712835,營邦元大62購02,"449,000",12,"550,410",1.15,1.28,1.15,1.28,+,0.15,1.25,499,1.26,10,
712836,中美晶凱基66購02,"22,000",3,"25,000",1.18,1.18,1.10,1.10,-,0.13,1.11,100,1.13,10,
712837,方土昶凱基63購02,0,0,0,---,---,---, ---,,,0.71,100,0.72,30,
712838,台特化凱基65購01,0,0,0,---,---,---, ---,,,1.65,10,1.66,10,
712839,系統電凱基66購01,0,0,0,---,---,---, ---,,,1.21,10,1.23,10,
712840,威剛凱基64購04,"55,000",2,"103,950",1.89,1.89,1.89,1.89,+,0.03,1.86,10,1.87,10,
712841,茂迪凱基63購01,0,0,0,---,---,---, ---,,,0.92,10,0.94,10,
712842,博智凱基63購05,"100,000",1,"325,000",3.25,3.25,3.25,3.25,-,0.25,3.30,10,3.34,10,
712843,順達凱基63購07,"30,000",2,"56,900",1.93,1.93,1.88,1.88,-,0.23,1.87,100,1.88,10,
712844,鈊象凱基63購01,0,0,0,---,---,---, ---,,,1.52,100,1.62,10,
712845,群聯凱基68購01,"61,000",5,"191,990",3.12,3.20,3.12,3.19,+,0.07,3.15,100,3.17,10,
712846,寶雅*凱基63購02,0,0,0,---,---,---, ---,,,1.51,10,1.61,10,
712847,千附精永豐63購01,"64,000",4,"99,690",1.50,1.70,1.50,1.70,+,0.31,1.57,499,1.60,10,
712848,晶呈永豐64購02,"12,000",2,"10,340",0.87,0.87,0.86,0.86,-,0.04,0.85,10,0.86,10,
712849,群聯永豐63購05,0,0,0,---,---,---, ---,,,1.44,10,1.45,10,
712850,群聯永豐63購06,"440,000",5,"593,340",1.35,1.35,1.33,1.34,-,0.0,1.33,499,1.34,10,
712851,群聯永豐65購09,"51,000",2,"84,660",1.66,1.66,1.66,1.66,-,0.15,1.67,499,1.68,10,
712852,頎邦國泰63購04,"195,000",2,"300,300",1.54,1.54,1.54,1.54,-,0.16,1.57,10,1.58,10,
712853,聖暉*富邦62購01,"575,000",23,"300,820",0.53,0.54,0.51,0.51,-,0.0,0.49,30,0.50,28,
712854,大中國票63購01,"1,000",1,"1,230",1.23,1.23,1.23,1.23,-,0.17,1.16,25,1.17,10,
712855,華義*國票68購01,"2,000",1,"2,020",1.01,1.01,1.01,1.01,+,0.17,1.01,25,0.00,0,
712856,越峰國票68購01,0,0,0,---,---,---, ---,,,0.60,25,0.61,10,
712857,陽程國票64購01,0,0,0,---,---,---, ---,,,2.19,25,0.00,0,
712858,陽程國票65購01,0,0,0,---,---,---, ---,,,2.04,25,2.17,1,
712859,陽程國票68購01,0,0,0,---,---,---, ---,,,2.28,26,0.00,0,
712860,鏵友益國票66購01,0,0,0,---,---,---, ---,,,0.84,25,0.86,10,
712861,鏵友益國票68購01,0,0,0,---,---,---, ---,,,1.01,25,1.03,10,
712862,方土昶台新62購01,0,0,0,---,---,---, ---,,,0.70,25,0.71,10,
712863,巨漢台新65購01,0,0,0,---,---,---, ---,,,2.19,25,2.20,10,
712864,欣銓台新65購01,"338,000",21,"708,220",2.13,2.13,2.06,2.07,-,0.2,2.07,25,2.08,10,
712865,萬泰科台新65購01,"66,000",6,"192,750",2.90,2.97,2.86,2.94,-,0.06,2.92,25,2.93,10,
712866,臺慶科台新65購01,"139,000",11,"248,510",1.85,1.86,1.70,1.70,-,0.12,1.65,25,1.66,10,
712867,元太凱基63購02,0,0,0,---,---,---, ---,,,0.44,9,0.00,0,
712868,世紀*凱基63購02,0,0,0,---,---,---, ---,,,0.00,0,0.00,0,
712869,均華凱基63購01,"80,000",6,"124,630",1.39,1.77,1.39,1.77,+,0.34,1.72,100,1.78,10,
712870,群聯凱基64購07,"71,000",4,"164,110",2.30,2.32,2.23,2.23,-,0.03,2.29,100,2.30,3,
712871,頎邦凱基63購04,"151,000",8,"221,170",1.44,1.49,1.44,1.44,-,0.19,1.45,100,1.55,10,
712872,廣閎科凱基63購02,"10,000",1,"12,700",1.27,1.27,1.27,1.27,-,0.12,1.28,10,1.29,10,
712873,雙鴻凱基67購01,"113,000",10,"184,790",1.58,1.79,1.58,1.79,+,0.23,1.98,51,0.00,0,
712874,中美晶群益62購06,"10,000",1,"14,400",1.44,1.44,1.44,1.44,-,0.25,1.44,10,1.54,10,
712875,方土昶群益63購03,0,0,0,---,---,---, ---,,,0.00,0,0.00,0,
712876,世紀*群益63購03,0,0,0,---,---,---, ---,,,0.00,0,7.00,10,
712877,由田群益63購01,"767,000",24,"886,750",1.09,1.25,1.05,1.12,+,0.07,1.10,1,0.00,0,
712878,威剛群益62購06,"107,000",2,"80,180",0.75,0.75,0.74,0.74,+,0.01,0.74,100,0.75,100,
712879,晶呈群益64購01,"46,000",3,"40,830",0.89,0.89,0.88,0.88,-,0.03,0.52,19,0.00,0,
712880,華電網群益62購01,0,0,0,---,---,---, ---,,,0.72,13,1.32,10,
712881,鈊象群益62購02,"208,000",5,"311,120",1.49,1.52,1.49,1.52,-,0.03,0.35,10,0.00,0,
712882,新應材群益62購03,"15,000",2,"43,050",2.88,2.88,2.85,2.85,-,0.3,1.33,7,0.00,0,
712883,群聯群益62購05,0,0,0,---,---,---, ---,,,1.36,100,1.37,100,
712884,雙鴻群益62購05,"413,000",25,"426,030",0.92,1.32,0.90,1.32,+,0.37,0.45,111,0.00,0,
712885,寶雅*群益62購01,0,0,0,---,---,---, ---,,,0.00,0,1.06,10,
712886,中美晶永豐63購01,0,0,0,---,---,---, ---,,,1.53,499,1.54,10,
712887,方土昶永豐64購01,0,0,0,---,---,---, ---,,,0.96,499,0.97,10,
712888,由田永豐63購01,"268,000",9,"372,380",1.21,1.43,1.21,1.31,+,0.09,1.30,10,1.34,10,
712889,群聯永豐63購07,"69,000",3,"101,430",1.47,1.47,1.47,1.47,-,0.13,1.48,499,1.49,10,
712890,廣運永豐63購01,"1,000",1,"1,700",1.70,1.70,1.70,1.70,-,0.03,1.68,10,1.69,10,
712891,穩懋永豐63購01,"45,000",3,"135,350",3.04,3.06,2.71,2.71,-,0.1,2.91,499,2.92,10,
712892,方土昶國票67購01,"1,000",1,770,0.77,0.77,0.77,0.77,-,0.0,0.76,25,0.77,10,
712893,世紀*國票67購01,"50,000",5,"111,800",2.09,2.47,2.09,2.47,+,0.02,2.37,25,0.00,0,
712894,台半國票66購01,"5,000",1,"5,650",1.13,1.13,1.13,1.13,-,0.13,1.12,25,1.13,10,
712895,由田國票65購01,"114,000",6,"134,500",1.17,1.32,1.15,1.32,+,0.14,1.20,25,1.21,10,
712896,利機國票63購01,"375,000",7,"330,750",0.91,0.91,0.87,0.89,-,0.04,0.91,25,0.92,10,
712897,邑錡國票64購01,"349,000",9,"390,800",1.11,1.15,1.10,1.10,-,0.07,1.09,25,1.11,10,
712898,崇越電國票68購01,"56,000",3,"35,280",0.63,0.63,0.63,0.63,-,0.05,0.60,25,0.61,10,
712899,博盛國票66購01,0,0,0,---,---,---, ---,,,0.99,25,1.00,10,
712900,富強鑫國票67購01,0,0,0,---,---,---, ---,,,0.54,25,0.55,10,
712901,漢達國票66購01,0,0,0,---,---,---, ---,,,1.19,25,0.00,0,
712902,寶雅國票66購01,0,0,0,---,---,---, ---,,,0.73,30,0.74,10,
712903,中美晶元大62購01,"43,000",3,"50,520",1.22,1.22,1.17,1.17,-,0.13,1.20,499,1.21,10,
712904,方土昶元大62購01,0,0,0,---,---,---, ---,,,0.55,499,0.56,10,
712905,均華元大68購01,"1,386,000",19,"1,390,090",0.95,1.14,0.95,1.12,+,0.15,1.11,499,1.14,10,
712906,宜鼎元大65購02,"344,000",7,"403,680",1.14,1.18,1.14,1.18,-,0.01,1.14,499,1.15,10,
712907,建榮元大62購01,"75,000",13,"101,370",1.35,1.45,1.30,1.30,-,0.08,1.30,499,1.31,10,
712908,群聯元大65購02,0,0,0,---,---,---, ---,,,0.69,499,0.70,10,
712909,寶雅元大62購01,"391,000",3,"498,130",1.27,1.29,1.26,1.26,-,0.01,0.38,26,0.00,0,
712910,由田統一68購02,"79,000",3,"44,620",0.56,0.57,0.56,0.57,-,0.0,0.58,10,0.59,10,
712911,均華統一6A購01,"221,000",7,"155,470",0.67,0.79,0.67,0.79,+,0.08,0.76,10,0.78,10,
712912,邑錡統一6C購01,"46,000",1,"23,920",0.52,0.52,0.52,0.52,-,0.06,0.51,10,0.52,10,
712913,晶呈統一68購01,0,0,0,---,---,---, ---,,,0.57,10,0.58,10,
712914,晶呈統一6C購01,0,0,0,---,---,---, ---,,,0.80,10,0.81,10,
712915,晶呈統一6C購02,0,0,0,---,---,---, ---,,,0.80,10,0.81,10,
712916,穩懋富邦65購01,"1,666,000",66,"1,711,360",0.95,1.12,0.93,1.01,+,0.05,1.00,30,1.01,28,
712917,寶雅富邦64購01,0,0,0,---,---,---, ---,,,0.63,10,0.64,28,
712918,寶雅富邦65購01,"16,000",3,"10,140",0.64,0.64,0.63,0.63,-,0.01,0.62,10,0.63,28,
712919,方土昶元大62購02,0,0,0,---,---,---, ---,,,0.67,499,0.68,10,
712920,均華元大68購02,0,0,0,---,---,---, ---,,,1.33,499,1.37,10,
712921,宜鼎元大65購03,"628,000",5,"776,360",1.22,1.25,1.22,1.23,-,0.06,1.22,499,1.23,10,
712922,倉和元大62購03,"784,000",20,"1,236,750",1.52,1.64,1.50,1.60,-,0.04,1.52,25,1.53,10,
712923,群聯元大68購03,"1,000",1,860,0.86,0.86,0.86,0.86,-,0.0,0.86,499,0.87,10,
712924,臺慶科元大62購01,"13,000",2,"19,370",1.49,1.49,1.49,1.49,-,0.09,1.42,499,1.43,10,
712925,川寶國票65購02,0,0,0,---,---,---, ---,,,0.64,25,0.65,10,
712926,世紀*國票69購01,"67,000",9,"111,810",2.16,2.17,1.63,2.17,+,0.27,1.70,25,1.80,10,
712927,宜特國票67購01,0,0,0,---,---,---, ---,,,0.97,25,0.98,10,
712928,倉和國票69購01,"100,000",1,"80,000",0.80,0.80,0.80,0.80,-,0.08,0.78,25,0.79,10,
712929,倉和國票6A購01,0,0,0,---,---,---, ---,,,1.22,25,1.23,10,
712930,倉和國票6C購01,"10,000",1,"11,000",1.10,1.10,1.10,1.10,+,0.03,1.10,25,1.11,10,
712931,晟德國票65購01,0,0,0,---,---,---, ---,,,0.76,25,0.77,10,
712932,崇越電國票67購01,0,0,0,---,---,---, ---,,,0.65,25,0.66,10,
712933,華景電國票68購01,0,0,0,---,---,---, ---,,,1.09,25,1.10,10,
712934,群聯中信62購03,"166,000",10,"189,580",1.08,1.16,1.08,1.15,+,0.01,1.13,499,1.14,10,
712935,雙鴻中信62購01,"745,000",26,"749,540",0.96,1.18,0.93,1.18,+,0.26,1.17,499,0.00,0,
712936,桓達永豐63購01,"56,000",2,"39,760",0.71,0.71,0.71,0.71,+,0.01,0.71,499,0.72,10,
712937,崇越電永豐64購01,"110,000",3,"58,500",0.54,0.54,0.52,0.52,-,0.08,0.52,10,0.53,10,
712938,雙鴻永豐63購05,"148,000",5,"206,580",1.38,1.60,1.37,1.60,+,0.25,1.70,499,0.00,0,
712939,穩懋永豐63購02,"87,000",7,"121,620",1.36,1.56,1.35,1.44,+,0.06,1.44,499,1.45,10,
712940,天良台新62購01,"250,000",3,"201,500",0.84,0.84,0.77,0.77,-,0.19,0.70,25,0.80,10,
712941,崇越電台新62購02,"2,000",2,"1,240",0.62,0.62,0.62,0.62,-,0.13,0.62,25,0.63,10,
712942,崴寶台新62購01,"87,000",5,"106,240",1.22,1.23,1.22,1.23,-,0.18,1.25,25,1.28,10,
712943,新門台新62購01,"48,000",4,"38,940",0.78,0.84,0.78,0.84,+,0.03,0.82,25,0.84,10,
712944,瑞耘台新62購01,"82,000",11,"70,370",0.86,0.87,0.83,0.86,+,0.11,0.86,25,0.87,10,
712945,中美晶凱基64購05,0,0,0,---,---,---, ---,,,1.52,100,1.53,10,
712946,方土昶凱基63購03,0,0,0,---,---,---, ---,,,1.09,100,1.10,10,
712947,台半凱基64購01,"249,000",10,"202,100",0.81,0.83,0.78,0.79,-,0.07,0.80,100,0.81,50,
712948,弘塑凱基68購01,"54,000",4,"86,820",1.63,1.63,1.57,1.57,-,0.25,1.64,100,1.65,10,
712949,均華凱基68購02,"33,000",3,"49,860",1.40,1.57,1.40,1.57,+,0.07,1.73,100,1.78,10,
712950,宜鼎凱基63購06,"12,000",2,"17,520",1.43,1.47,1.43,1.47,+,0.02,1.38,100,1.40,10,
712951,威剛凱基68購01,"25,000",1,"45,750",1.83,1.83,1.83,1.83,-,0.05,1.82,10,1.83,10,
712952,崇越電凱基63購01,0,0,0,---,---,---, ---,,,0.63,10,0.64,50,
712953,博盛凱基66購01,"13,000",2,"14,580",1.14,1.14,1.06,1.06,-,0.15,1.06,10,1.07,10,
712954,鈊象凱基63購02,0,0,0,---,---,---, ---,,,1.93,100,2.03,10,
712955,新應材凱基63購07,"71,000",6,"148,130",2.13,2.15,2.04,2.04,-,0.33,2.04,100,2.14,10,
712956,群聯凱基66購05,"6,000",1,"13,560",2.26,2.26,2.26,2.26,-,0.04,2.24,100,2.25,10,
712957,寶雅*凱基63購03,0,0,0,---,---,---, ---,,,1.35,10,1.45,10,
712958,均華群益62購01,"203,000",6,"251,460",1.02,1.40,1.02,1.33,+,0.26,1.36,25,1.42,10,
712959,群聯群益62購06,"42,000",3,"61,370",1.46,1.47,1.46,1.46,+,0.06,1.44,100,1.45,100,
712960,雙鴻群益62購06,"233,000",10,"276,310",1.06,1.43,1.03,1.43,+,0.37,1.44,50,1.80,10,
712961,元太國泰63購01,"1,000",1,"1,490",1.49,1.49,1.49,1.49,-,0.21,1.54,10,1.64,10,
712962,倉和國泰63購02,"117,000",4,"289,610",2.33,2.55,2.33,2.39,+,0.15,2.34,499,2.36,100,
712963,台特化富邦62購01,"57,000",2,"38,700",0.68,0.68,0.66,0.66,-,0.07,0.68,10,0.69,28,
712964,新應材富邦64購03,"23,000",4,"15,580",0.68,0.68,0.67,0.68,-,0.06,0.68,10,0.69,28,
712965,安葆台新62購01,"60,000",2,"67,810",1.14,1.14,1.13,1.13,+,0.01,1.06,25,1.07,10,
712966,彩富台新62購01,0,0,0,---,---,---, ---,,,0.61,25,0.62,10,
712967,台半凱基63購02,"84,000",6,"104,870",1.29,1.29,1.24,1.24,-,0.38,1.26,100,1.27,30,
712968,安葆凱基63購01,"28,000",2,"35,840",1.28,1.28,1.28,1.28,+,0.1,1.17,10,1.18,10,
712969,矽科凱基63購01,0,0,0,---,---,---, ---,,,0.95,10,0.97,10,
712970,耕興凱基65購01,"1,000",1,840,0.84,0.84,0.84,0.84,-,0.01,0.83,10,0.84,10,
712971,崇越電凱基68購01,"103,000",3,"125,510",1.22,1.22,1.15,1.15,-,0.12,1.13,10,1.14,50,
712972,群聯凱基63購11,0,0,0,---,---,---, ---,,,2.30,100,2.32,10,
712973,群聯凱基63購12,"51,000",4,"156,170",3.07,3.07,3.01,3.01,+,0.05,3.04,100,3.06,10,
712974,群聯凱基64購08,0,0,0,---,---,---, ---,,,2.59,100,2.61,10,
712975,臺慶科凱基63購04,0,0,0,---,---,---, ---,,,1.35,10,1.36,10,
712976,營邦凱基63購03,"120,000",11,"427,690",3.31,3.75,3.31,3.59,+,0.28,3.64,100,3.66,10,
712977,雙鴻凱基63購11,"15,000",2,"49,050",3.27,3.27,3.27,3.27,+,0.26,3.86,100,0.00,0,
712978,穩懋凱基65購01,"150,000",11,"440,490",2.89,3.39,2.77,2.97,+,0.07,3.03,499,3.04,10,
712979,寶雅*凱基63購04,0,0,0,---,---,---, ---,,,0.89,10,0.99,10,
712980,鑫聯凱基63購01,"10,000",1,"9,800",0.98,0.98,0.98,0.98,-,0.04,0.96,10,0.97,10,
712981,千如國票67購01,0,0,0,---,---,---, ---,,,0.79,25,0.80,10,
712982,世紀*國票65購01,"76,000",11,"101,320",1.73,1.73,1.27,1.47,-,0.03,1.38,25,1.47,8,
712983,世紀*國票6B購01,"123,000",6,"179,580",1.36,1.56,1.34,1.56,+,0.02,1.51,25,0.00,0,
712984,安葆國票65購01,0,0,0,---,---,---, ---,,,0.80,25,0.81,10,
712985,松瑞藥國票66購01,0,0,0,---,---,---, ---,,,0.79,25,0.80,10,
712986,宸曜國票63購01,"9,000",1,"12,780",1.42,1.42,1.42,1.42,-,0.02,1.38,25,1.40,10,
712987,博智國票64購01,"25,000",2,"64,000",2.55,2.60,2.55,2.60,-,0.12,2.70,25,2.71,10,
712988,新應材國票63購02,0,0,0,---,---,---, ---,,,1.67,25,1.68,10,
712989,群翊國票65購01,"1,000",1,890,0.89,0.89,0.89,0.89,-,0.09,0.90,25,0.91,10,
712990,世紀*元大62購03,0,0,0,---,---,---, ---,,,0.00,0,0.00,0,
712991,世紀*元大62購04,0,0,0,---,---,---, ---,,,0.00,0,0.00,0,
712992,世紀*元大68購01,"10,000",2,"12,100",1.21,1.21,1.21,1.21,-,0.33,1.87,1,0.00,0,
712993,威剛元大65購12,"414,000",10,"860,210",2.06,2.11,2.06,2.11,+,0.04,2.07,350,2.08,10,
712994,崇越電元大62購02,"315,000",16,"194,820",0.65,0.65,0.60,0.61,-,0.1,0.59,499,0.60,10,
712995,順達元大68購01,"29,000",4,"39,680",1.39,1.39,1.32,1.32,-,0.14,1.34,499,1.35,10,
712996,群聯元大68購04,"131,000",8,"318,690",2.43,2.44,2.43,2.44,+,0.05,2.42,300,2.43,10,
712997,中美晶群益62購07,"10,000",1,"19,700",1.97,1.97,1.97,1.97,-,0.32,1.99,10,2.09,10,
712998,弘塑群益62購03,"82,000",3,"216,900",2.54,2.76,2.54,2.70,-,0.42,2.72,10,2.82,10,
712999,弘塑群益68購01,"24,000",5,"45,530",1.90,1.92,1.85,1.85,-,0.2,1.89,10,1.99,10,
713000,良維群益64購01,"7,000",2,"17,180",2.39,2.48,2.39,2.48,+,0.29,2.32,10,2.42,10,
713001,宜特群益62購03,"127,000",3,"129,540",1.02,1.02,1.02,1.02,-,0.02,0.97,25,0.99,10,
713002,宜鼎群益62購02,"114,000",9,"263,050",2.30,2.37,2.18,2.25,-,0.12,2.22,100,2.25,100,
713003,威剛群益62購07,"15,000",2,"60,700",4.04,4.06,4.04,4.06,-,0.08,4.03,100,4.07,100,
713004,茂綸群益63購01,"146,000",2,"96,360",0.66,0.66,0.66,0.66,-,0.07,0.00,0,0.00,0,
713005,倚強群益64購01,"20,000",11,"113,800",5.75,6.05,5.35,5.80,+,1.01,2.74,3,0.00,0,
713006,原相群益62購03,"38,000",2,"101,950",2.70,2.70,2.65,2.65,-,0.38,2.52,10,2.62,10,
713007,能率群益62購01,"1,073,000",14,"1,917,810",1.85,1.85,1.73,1.82,-,0.06,1.73,10,1.83,10,
713008,高技群益62購01,"249,000",17,"685,220",2.71,2.95,2.60,2.60,+,0.03,1.27,7,0.00,0,
713009,崇越電群益64購01,"1,189,000",9,"1,136,750",0.98,0.98,0.94,0.94,-,0.18,0.94,10,1.04,10,
713010,博智群益62購03,"10,000",1,"53,500",5.35,5.35,5.35,5.35,-,0.2,2.97,3,0.00,0,
713011,閎康群益62購01,"9,000",1,"13,860",1.54,1.54,1.54,1.54,-,0.28,0.07,10,0.00,0,
713012,順達群益62購02,0,0,0,---,---,---, ---,,,0.00,0,1.53,10,
713013,鈊象群益62購03,0,0,0,---,---,---, ---,,,0.01,499,0.00,0,
713014,新應材群益62購04,"7,000",1,"18,690",2.67,2.67,2.67,2.67,-,0.2,1.16,8,0.00,0,
713015,群聯群益62購07,"5,000",1,"8,900",1.78,1.78,1.78,1.78,+,0.09,1.74,100,1.75,100,
713016,榮剛群益68購01,0,0,0,---,---,---, ---,,,0.00,0,3.15,10,
713017,漢達群益62購01,"1,000",1,"2,890",2.89,2.89,2.89,2.89,+,0.84,2.89,3,0.00,0,
713018,臺慶科群益65購01,"33,000",4,"57,890",1.76,1.76,1.71,1.71,-,0.1,1.63,25,1.68,10,
713019,雙鴻群益62購07,"334,000",9,"628,310",1.82,2.29,1.78,2.29,+,0.5,0.95,10,0.00,0,
713020,穩懋群益63購03,"874,000",47,"788,770",0.86,1.05,0.82,0.98,+,0.1,0.93,25,0.98,9,
713021,穩懋群益64購04,"150,000",3,"210,900",1.41,1.41,1.39,1.39,+,0.01,1.42,25,1.46,10,
713022,台星科統一68購01,"26,000",2,"15,080",0.58,0.58,0.58,0.58,-,0.04,0.57,10,0.58,10,
713023,良維中信62購01,"359,000",10,"340,530",0.91,0.98,0.91,0.92,+,0.01,0.88,499,0.89,10,
713024,宏觀永豐63購01,0,0,0,---,---,---, ---,,,1.15,10,1.22,10,
713025,宜鼎永豐62購01,"85,000",2,"61,800",0.72,0.76,0.72,0.76,+,0.01,0.71,499,0.72,10,
713026,宜鼎永豐63購06,"92,000",3,"127,310",1.38,1.43,1.38,1.38,-,0.05,1.36,499,1.37,10,
713027,朋程永豐63購01,"17,000",2,"24,010",1.43,1.43,1.40,1.40,-,0.14,1.39,499,1.40,10,
713028,晶焱永豐63購01,0,0,0,---,---,---, ---,,,1.31,499,1.33,10,
713029,新應材永豐64購03,0,0,0,---,---,---, ---,,,0.86,499,0.89,10,
713030,立敦台新65購01,"1,000",1,"2,140",2.14,2.14,2.14,2.14,-,0.34,2.16,25,2.17,10,
713031,宜鼎台新62購05,"17,000",3,"57,140",3.42,3.42,3.22,3.22,-,0.19,3.18,25,3.21,10,
713032,元太群益62購02,0,0,0,---,---,---, ---,,,0.00,0,1.18,10,
713033,群聯群益62購08,"14,000",2,"24,320",1.68,1.76,1.68,1.76,+,0.09,1.72,100,1.74,100,
713034,廣運群益62購01,0,0,0,---,---,---, ---,,,0.53,25,0.54,10,
713035,雙鴻群益62購08,"1,000",1,"4,800",4.80,4.80,4.80,4.80,+,1.16,2.02,8,0.00,0,
713036,台星科元大62購02,"81,000",8,"117,310",1.48,1.50,1.44,1.44,-,0.26,1.45,25,1.47,10,
713037,台星科元大62購03,"832,000",23,"568,060",0.73,0.74,0.64,0.67,-,0.16,0.70,10,0.71,10,
713038,安葆元大62購01,"50,000",3,"55,860",1.12,1.12,1.11,1.11,+,0.06,1.03,499,1.04,10,
713039,安葆元大62購02,"75,000",3,"47,750",0.64,0.64,0.63,0.63,+,0.03,0.59,499,0.60,10,
713040,竑騰元大62購01,"140,000",10,"174,360",1.43,1.43,1.03,1.24,-,0.16,1.00,99,1.21,10,
713041,雙鴻元大62購02,"701,000",15,"876,340",1.16,1.31,1.12,1.29,+,0.13,1.43,125,0.00,0,
713042,雙鴻元大62購03,"310,000",4,"468,710",1.40,1.55,1.40,1.55,+,0.23,1.70,125,0.00,0,
713043,雙鴻元大62購04,"811,000",16,"931,040",1.05,1.20,1.01,1.17,+,0.13,1.27,125,0.00,0,
713044,中美晶凱基63購07,"5,000",1,"12,450",2.49,2.49,2.49,2.49,-,0.19,2.50,100,2.52,10,
713045,弘塑凱基63購06,"5,000",1,"9,550",1.91,1.91,1.91,1.91,-,0.26,2.06,10,2.08,10,
713046,宜特凱基63購02,"8,000",2,"9,450",1.20,1.20,1.15,1.15,-,0.08,1.15,100,1.16,10,
713047,宜鼎凱基63購07,"24,000",4,"48,840",2.00,2.06,2.00,2.00,-,0.05,1.94,100,1.96,10,
713048,威剛凱基65購02,"16,000",2,"54,590",3.41,3.42,3.41,3.42,+,0.01,3.41,10,3.43,10,
713049,原相凱基63購01,"76,000",8,"140,920",1.86,1.87,1.78,1.78,-,0.27,1.78,10,1.81,10,
713050,能率凱基63購01,0,0,0,---,---,---, ---,,,1.99,10,2.01,10,
713051,順達凱基63購08,0,0,0,---,---,---, ---,,,1.75,100,1.76,10,
713052,鈊象凱基63購03,0,0,0,---,---,---, ---,,,1.64,100,1.74,10,
713053,新應材凱基63購08,"121,000",5,"264,140",2.20,2.20,2.03,2.03,-,0.38,2.09,48,2.19,10,
713054,群聯凱基63購13,0,0,0,---,---,---, ---,,,2.86,100,2.88,10,
713055,群聯凱基63購14,0,0,0,---,---,---, ---,,,2.72,100,2.74,10,
713056,榮剛凱基68購01,0,0,0,---,---,---, ---,,,3.01,10,3.03,10,
713057,大江國票68購01,0,0,0,---,---,---, ---,,,0.76,25,0.77,10,
713058,元太國票65購01,0,0,0,---,---,---, ---,,,0.83,25,0.84,10,
713059,安葆國票63購01,0,0,0,---,---,---, ---,,,0.63,25,0.64,10,
713060,信立國票63購01,"28,000",4,"62,550",2.23,2.25,2.23,2.25,-,0.25,2.29,25,2.30,10,
713061,群聯國票63購01,0,0,0,---,---,---, ---,,,1.13,25,1.14,10,
713062,聖暉*國票65購02,0,0,0,---,---,---, ---,,,0.99,25,1.00,10,
713063,廣運國票65購01,0,0,0,---,---,---, ---,,,0.85,25,0.86,10,
713064,世界永豐63購01,0,0,0,---,---,---, ---,,,1.94,499,1.95,10,
713065,世界永豐64購02,0,0,0,---,---,---, ---,,,1.92,499,1.94,10,
713066,安葆永豐64購01,0,0,0,---,---,---, ---,,,1.16,499,1.17,10,
713067,威剛永豐63購01,"37,000",2,"75,480",2.04,2.04,2.04,2.04,-,0.04,2.02,10,2.03,10,
713068,威剛永豐63購02,"62,000",3,"102,300",1.65,1.65,1.65,1.65,+,0.01,1.64,10,1.65,10,
713069,穩懋永豐63購03,"23,000",3,"69,770",3.00,3.11,3.00,3.11,+,0.15,3.09,10,3.13,10,
713070,元太富邦64購02,"52,000",5,"33,460",0.66,0.66,0.63,0.63,-,0.08,0.63,10,0.64,28,
713071,宜特富邦64購01,0,0,0,---,---,---, ---,,,0.83,10,0.84,28,
713072,威剛富邦68購01,"15,000",2,"11,100",0.74,0.74,0.74,0.74,-,0.02,0.73,30,0.74,28,
713073,高技富邦64購01,"401,000",24,"445,460",1.01,1.14,1.01,1.07,+,0.03,1.06,10,1.07,28,
713074,博智富邦63購03,"18,000",2,"20,340",1.13,1.13,1.13,1.13,-,0.04,1.15,10,1.16,28,
713075,智通*富邦64購03,0,0,0,---,---,---, ---,,,0.81,10,0.82,28,
713076,雙鴻富邦64購02,"173,000",19,"193,090",1.11,1.13,1.10,1.12,+,0.01,1.34,10,0.00,0,
713077,寶雅*富邦64購02,0,0,0,---,---,---, ---,,,0.68,10,0.69,28,
713078,建榮統一6B購01,"102,000",3,"60,820",0.61,0.61,0.58,0.58,+,0.01,0.56,10,0.57,10,
713079,巨有台新62購01,"20,000",1,"36,800",1.84,1.84,1.84,1.84,-,0.15,1.81,25,1.91,10,
713080,巨有台新62購02,0,0,0,---,---,---, ---,,,1.08,25,1.11,10,
713081,竑騰台新62購04,0,0,0,---,---,---, ---,,,0.00,0,1.55,10,
713082,高技台新62購01,"129,000",14,"319,060",2.60,2.60,2.43,2.46,-,0.02,2.39,25,2.49,10,
713083,群翊台新62購01,0,0,0,---,---,---, ---,,,1.85,25,1.87,10,
713084,群翊台新62購02,0,0,0,---,---,---, ---,,,1.37,25,1.38,10,
713085,榮剛台新65購01,0,0,0,---,---,---, ---,,,1.36,25,1.37,10,
713086,穩懋台新62購02,"545,000",21,"2,708,550",5.05,5.85,4.70,5.25,+,0.26,5.20,28,5.25,3,
713087,穩懋台新62購03,"280,000",32,"1,085,980",3.64,4.36,3.46,3.47,-,0.29,3.85,25,3.87,10,
713088,大江凱基65購01,"12,000",2,"10,920",0.91,0.91,0.91,0.91,-,0.0,0.90,100,0.92,10,
713089,元太凱基63購03,0,0,0,---,---,---, ---,,,0.00,0,0.00,0,
713090,台星科凱基63購01,"359,000",14,"546,810",1.57,1.63,1.37,1.37,-,0.44,1.52,66,1.53,10,
713091,正德凱基63購01,"1,000",1,"1,300",1.30,1.30,1.30,1.30,+,0.04,1.22,10,1.25,10,
713092,威剛凱基63購08,"23,000",3,"42,710",1.84,1.87,1.84,1.87,+,0.02,1.85,10,1.86,10,
713093,威剛凱基63購09,"38,000",3,"81,700",2.15,2.15,2.15,2.15,+,0.02,2.13,10,2.14,10,
713094,威剛凱基63購10,"30,000",2,"57,970",1.93,1.94,1.93,1.94,+,0.03,1.91,10,1.92,10,
713095,威剛凱基63購11,"42,000",3,"92,980",2.23,2.23,2.20,2.21,+,0.01,2.20,10,2.21,10,
713096,竑騰凱基63購01,"65,000",4,"71,850",1.24,1.24,1.07,1.09,-,0.09,0.74,109,1.05,10,
713097,群聯凱基63購15,0,0,0,---,---,---, ---,,,2.75,100,2.77,10,
713098,群聯凱基63購16,"387,000",9,"1,102,970",2.86,2.88,2.80,2.82,+,0.06,2.84,100,2.86,10,
713099,聖暉*凱基63購01,"220,000",10,"263,530",1.25,1.25,1.14,1.15,-,0.1,1.18,85,1.19,30,
713100,廣運凱基65購01,0,0,0,---,---,---, ---,,,1.06,10,1.07,10,
713101,雙鴻凱基68購01,0,0,0,---,---,---, ---,,,4.08,100,0.00,0,
713102,高技國泰63購01,"218,000",16,"457,950",2.13,2.21,1.99,1.99,+,0.04,2.01,499,2.02,100,
713103,群翊國泰63購01,0,0,0,---,---,---, ---,,,1.80,499,1.81,100,
713104,大綜國票63購01,"2,000",1,"3,360",1.68,1.68,1.68,1.68,-,0.06,1.68,25,1.69,10,
713105,大綜國票64購01,"3,000",1,"4,530",1.51,1.51,1.51,1.51,-,0.06,1.51,25,1.52,10,
713106,宏捷科國票66購01,"11,000",2,"10,350",0.95,0.95,0.93,0.93,+,0.05,0.89,25,0.90,10,
713107,竑騰國票64購01,"6,000",2,"8,200",1.37,1.37,1.35,1.35,-,0.35,1.36,25,1.37,10,
713108,群翊國票66購01,0,0,0,---,---,---, ---,,,0.74,25,0.75,10,
713109,聖暉*富邦62購02,"192,000",15,"141,750",0.76,0.76,0.73,0.73,-,0.01,0.70,30,0.71,28,
713110,台半中信62購01,"452,000",30,"377,180",0.82,0.85,0.80,0.84,-,0.07,0.84,10,0.85,10,
713111,宜鼎中信62購02,0,0,0,---,---,---, ---,,,0.70,499,0.71,10,
713112,威剛中信62購01,"4,000",1,"4,120",1.03,1.03,1.03,1.03,+,0.01,1.01,499,1.02,10,
713113,大綜永豐63購01,"9,000",1,"9,270",1.03,1.03,1.03,1.03,-,0.04,1.03,499,1.04,10,
713114,宏碩永豐65購01,0,0,0,---,---,---, ---,,,1.26,499,0.00,0,
713115,威剛永豐63購03,"44,000",1,"50,160",1.14,1.14,1.14,1.14,-,0.0,1.13,499,1.14,10,
713116,竑騰永豐63購02,"154,000",15,"107,650",0.71,0.72,0.66,0.68,-,0.21,0.61,1,0.68,10,
713117,頎邦永豐64購02,0,0,0,---,---,---, ---,,,1.58,499,1.59,10,
713118,榮剛永豐63購02,0,0,0,---,---,---, ---,,,0.98,499,0.99,10,
713119,廣運永豐64購01,0,0,0,---,---,---, ---,,,1.48,499,1.49,10,
713120,中美晶群益62購08,0,0,0,---,---,---, ---,,,1.42,5,1.52,10,
713121,元太群益62購03,0,0,0,---,---,---, ---,,,0.00,0,1.25,10,
713122,台半群益62購04,0,0,0,---,---,---, ---,,,0.00,0,3.07,10,
713123,系統電群益64購01,0,0,0,---,---,---, ---,,,1.53,25,1.55,10,
713124,宜鼎群益64購01,"24,000",2,"26,310",1.09,1.12,1.09,1.12,-,0.03,1.08,100,1.10,100,
713125,欣銓群益62購01,"217,000",11,"717,730",3.31,3.37,3.17,3.17,-,0.49,2.06,4,0.00,0,
713126,青雲群益64購01,"379,000",20,"623,750",1.59,1.87,1.56,1.87,+,0.4,1.77,299,1.87,4,
713127,威剛群益62購08,"138,000",6,"258,460",1.88,1.88,1.86,1.87,-,0.05,1.85,100,1.86,100,
713128,博士旺群益62購01,"536,000",6,"425,430",0.78,0.82,0.78,0.82,+,0.09,0.42,23,0.00,0,
713129,順達群益62購03,0,0,0,---,---,---, ---,,,2.06,4,3.65,10,
713130,鈊象群益62購04,"11,000",3,"14,570",1.30,1.35,1.30,1.35,-,0.07,0.28,35,0.00,0,
713131,新應材群益62購05,0,0,0,---,---,---, ---,,,0.24,41,0.00,0,
713132,群翊群益62購01,0,0,0,---,---,---, ---,,,0.00,0,1.60,10,
713133,群聯群益62購09,"5,000",1,"7,900",1.58,1.58,1.58,1.58,-,0.04,1.55,100,1.56,100,
713134,鉅橡群益62購01,"131,000",6,"407,620",3.32,3.42,3.06,3.06,-,0.48,3.04,10,3.14,10,
713135,頎邦群益63購01,"62,000",10,"166,950",2.77,2.82,2.62,2.78,-,0.34,2.77,10,2.87,10,
713136,臺慶科群益62購01,"19,000",6,"68,980",3.73,3.73,3.40,3.40,-,0.38,3.38,25,3.39,10,
713137,廣閎科群益62購01,"1,813,000",28,"4,888,540",2.77,2.80,2.58,2.78,-,0.07,2.62,299,0.00,0,
713138,大綜元大62購01,"11,000",1,"14,080",1.28,1.28,1.28,1.28,-,0.05,1.26,499,1.28,10,
713139,中美晶元大62購02,"2,000",1,"2,480",1.24,1.24,1.24,1.24,-,0.08,1.22,499,1.23,10,
713140,弘塑元大62購02,"51,000",4,"55,830",1.07,1.13,1.07,1.13,-,0.07,1.13,499,1.14,10,
713141,均華元大62購01,"10,000",1,"9,300",0.93,0.93,0.93,0.93,+,0.05,1.00,499,1.04,10,
713142,沛亨元大62購01,"150,000",1,"150,000",1.00,1.00,1.00,1.00,-,0.0,0.99,25,1.01,10,
713143,宜鼎元大62購03,"161,000",6,"138,390",0.84,0.88,0.84,0.84,-,0.14,0.84,499,0.85,10,
713144,威剛元大65購13,"283,000",9,"484,720",1.71,1.74,1.71,1.74,+,0.05,1.70,450,1.71,10,
713145,高技元大62購01,"783,000",17,"664,760",0.88,0.88,0.80,0.80,-,0.0,0.81,25,0.82,10,
713146,群聯元大62購05,"304,000",9,"471,010",1.48,1.56,1.48,1.55,+,0.01,1.54,499,1.55,10,
713147,群聯元大62購06,"440,000",11,"616,640",1.40,1.41,1.40,1.40,-,0.03,1.39,499,1.40,10,
713148,中美晶凱基62購01,0,0,0,---,---,---, ---,,,2.10,100,2.12,10,
713149,台半凱基66購01,"3,000",1,"6,060",2.02,2.02,2.02,2.02,-,0.24,2.02,100,2.03,10,
713150,弘塑凱基65購01,0,0,0,---,---,---, ---,,,3.11,10,3.13,10,
713151,均華凱基62購01,0,0,0,---,---,---, ---,,,2.20,100,2.28,10,
713152,系統電凱基64購03,0,0,0,---,---,---, ---,,,1.69,10,1.72,10,
713153,宜鼎凱基64購03,"56,000",3,"71,680",1.28,1.28,1.28,1.28,-,0.01,1.20,100,1.21,10,
713154,威剛凱基62購01,"90,000",5,"146,680",1.64,1.64,1.62,1.62,-,0.01,1.62,10,1.63,10,
713155,高技凱基65購01,"295,000",9,"742,070",2.57,2.70,2.48,2.48,-,0.07,2.43,100,2.44,10,
713156,鈊象凱基62購01,0,0,0,---,---,---, ---,,,2.69,100,2.79,10,
713157,新應材凱基62購01,0,0,0,---,---,---, ---,,,1.83,100,1.93,10,
713158,群聯凱基62購02,0,0,0,---,---,---, ---,,,1.93,100,1.94,10,
713159,頎邦凱基68購01,"5,000",1,"16,850",3.37,3.37,3.37,3.37,-,0.4,3.47,100,3.57,10,
713160,廣閎科凱基62購01,"1,184,000",122,"3,030,660",2.55,2.68,2.43,2.68,-,0.07,2.64,10,2.66,10,
713161,磐亞凱基62購01,"556,000",57,"1,026,010",1.85,1.85,1.73,1.73,+,0.15,1.69,12,1.71,10,
713162,磐亞凱基62購02,0,0,0,---,---,---, ---,,,1.60,10,1.62,10,
713163,磐亞凱基62購03,0,0,0,---,---,---, ---,,,1.83,10,1.85,10,
713164,磐亞凱基62購04,0,0,0,---,---,---, ---,,,1.67,10,1.69,10,
713165,磐亞凱基62購05,0,0,0,---,---,---, ---,,,1.91,10,1.94,10,
713166,環球晶凱基62購01,"2,000",1,"2,040",1.02,1.02,1.02,1.02,-,0.13,0.94,100,1.04,10,
713167,環球晶凱基62購02,"218,000",7,"226,680",1.07,1.07,0.99,1.02,-,0.23,1.07,100,1.17,10,
713168,環球晶凱基62購03,0,0,0,---,---,---, ---,,,0.98,100,1.08,10,
713169,環球晶凱基62購04,0,0,0,---,---,---, ---,,,1.04,100,1.14,10,
713170,環球晶凱基62購05,0,0,0,---,---,---, ---,,,1.04,100,1.14,10,
713171,環球晶凱基64購01,"70,000",2,"52,500",0.75,0.75,0.75,0.75,-,0.2,0.79,100,0.89,10,
713172,環球晶凱基64購02,0,0,0,---,---,---, ---,,,0.70,100,0.80,10,
713173,環球晶凱基64購03,0,0,0,---,---,---, ---,,,0.91,100,1.01,10,
713174,環球晶凱基64購04,0,0,0,---,---,---, ---,,,0.82,100,0.92,10,
713175,雙鴻凱基68購02,"21,000",5,"42,310",1.89,2.23,1.89,2.23,+,0.4,2.28,100,0.00,0,
713176,宏碩台新62購01,"1,000",1,"1,730",1.73,1.73,1.73,1.73,-,0.03,2.10,25,0.00,0,
713177,順達台新62購02,0,0,0,---,---,---, ---,,,1.93,25,1.94,10,
713178,環球晶台新62購03,"48,000",10,"50,750",1.15,1.15,1.01,1.07,-,0.21,1.09,25,1.10,10,
713179,環球晶台新62購04,"234,000",11,"206,780",0.94,0.94,0.81,0.89,-,0.24,0.88,25,0.89,5,
713180,環球晶台新62購05,"8,000",1,"6,160",0.77,0.77,0.77,0.77,-,0.16,0.71,25,0.72,10,
713181,環球晶台新62購06,"47,000",7,"33,920",0.76,0.76,0.64,0.64,-,0.27,0.70,25,0.71,10,
713182,環球晶台新68購01,"14,000",3,"30,680",2.19,2.21,2.19,2.19,-,0.23,2.10,25,2.11,10,
713183,環球晶台新68購02,"9,000",3,"16,440",1.82,1.83,1.82,1.82,-,0.18,1.73,25,1.74,10,
713184,元太群益62購04,0,0,0,---,---,---, ---,,,0.00,0,1.13,10,
713185,宜鼎群益62購03,"5,000",1,"10,500",2.10,2.10,2.10,2.10,-,0.14,2.03,100,2.06,100,
713186,環球晶群益62購02,"18,000",1,"15,660",0.87,0.87,0.87,0.87,-,0.26,0.00,0,0.00,0,
713187,環球晶群益62購03,"55,000",1,"48,400",0.88,0.88,0.88,0.88,-,0.23,0.55,18,0.00,0,
713188,環球晶群益62購04,0,0,0,---,---,---, ---,,,0.00,0,0.00,0,
713189,環球晶群益63購01,"20,000",7,"22,710",1.15,1.15,1.07,1.14,-,0.29,0.70,14,0.00,0,
713190,環球晶統一66購01,"110,000",6,"81,230",0.75,0.75,0.68,0.68,-,0.11,0.71,10,0.72,10,
713191,環球晶統一6A購01,0,0,0,---,---,---, ---,,,0.65,10,0.66,10,
713192,環球晶統一6A購02,"521,000",9,"283,660",0.59,0.59,0.52,0.54,-,0.08,0.56,10,0.57,10,
713193,環球晶統一6C購01,"134,000",9,"62,800",0.49,0.49,0.45,0.47,-,0.04,0.46,10,0.47,10,
713194,環球晶統一78購01,"405,000",10,"220,130",0.55,0.55,0.52,0.53,-,0.06,0.53,10,0.54,10,
713195,雙鴻統一6A購03,"10,000",1,"8,500",0.85,0.85,0.85,0.85,+,0.16,0.87,10,0.00,0,
713196,威剛國泰63購02,0,0,0,---,---,---, ---,,,1.52,499,1.53,100,
713197,環球晶國泰63購01,0,0,0,---,---,---, ---,,,1.37,10,1.38,10,
713198,環球晶國泰64購01,0,0,0,---,---,---, ---,,,1.38,10,1.39,10,
713199,環球晶國泰67購01,0,0,0,---,---,---, ---,,,1.44,10,1.45,10,
713200,良維富邦64購01,"465,000",14,"437,310",0.93,0.95,0.93,0.95,+,0.05,0.88,10,0.89,28,
713201,群翊富邦65購01,"16,000",2,"9,700",0.61,0.61,0.60,0.60,-,0.04,0.58,10,0.59,28,
713202,環球晶富邦62購01,"10,000",1,"6,100",0.61,0.61,0.61,0.61,-,0.05,0.54,10,0.55,28,
713203,環球晶富邦62購02,"38,000",4,"24,240",0.64,0.64,0.63,0.63,-,0.1,0.57,10,0.58,28,
713204,環球晶富邦65購01,"48,000",2,"23,010",0.48,0.48,0.47,0.47,-,0.08,0.47,10,0.48,28,
713205,環球晶中信62購01,"333,000",10,"116,140",0.39,0.39,0.31,0.32,-,0.11,0.36,10,0.37,10,
713206,環球晶中信62購02,"39,000",2,"24,280",0.63,0.63,0.62,0.62,-,0.09,0.58,499,0.59,10,
713207,磐亞永豐63購01,"10,000",2,"8,150",0.75,0.88,0.75,0.88,+,0.09,0.81,499,0.82,10,
713208,環球晶永豐63購01,"77,000",16,"74,170",1.03,1.03,0.95,0.97,-,0.13,0.99,499,1.01,10,
713209,環球晶永豐63購02,"69,000",4,"53,940",0.78,0.80,0.77,0.80,-,0.14,0.81,10,0.83,10,
713210,環球晶永豐63購03,0,0,0,---,---,---, ---,,,1.10,499,1.13,10,
713211,環球晶永豐63購04,0,0,0,---,---,---, ---,,,1.06,499,1.08,10,
713212,環球晶永豐63購05,0,0,0,---,---,---, ---,,,0.97,499,0.98,10,
713213,環球晶永豐63購06,0,0,0,---,---,---, ---,,,1.06,499,1.08,10,
713214,環球晶永豐65購01,0,0,0,---,---,---, ---,,,1.55,499,1.57,10,
713215,環球晶永豐65購02,0,0,0,---,---,---, ---,,,1.55,499,1.58,10,
713216,環球晶永豐65購03,"5,000",1,"6,550",1.31,1.31,1.31,1.31,-,0.22,1.36,10,1.39,10,
713217,環球晶永豐68購01,0,0,0,---,---,---, ---,,,2.56,499,2.59,10,
713218,環球晶永豐68購02,"20,000",1,"45,600",2.28,2.28,2.28,2.28,-,0.24,2.28,10,2.31,10,
713219,環球晶永豐72購01,0,0,0,---,---,---, ---,,,3.04,499,3.07,10,
713220,雙鴻永豐63購06,"98,000",5,"129,740",1.28,1.43,1.28,1.43,+,0.21,1.49,10,0.00,0,
713221,雙鴻永豐64購06,"319,000",16,"516,000",1.50,1.78,1.50,1.78,+,0.36,1.80,499,0.00,0,
713222,中美晶國票63購02,0,0,0,---,---,---, ---,,,0.99,25,1.00,10,
713223,均華國票65購01,"10,000",1,"24,800",2.48,2.48,2.48,2.48,+,0.03,2.80,25,2.88,10,
713224,沛亨國票68購02,0,0,0,---,---,---, ---,,,1.14,25,1.15,10,
713225,威剛國票64購02,0,0,0,---,---,---, ---,,,0.88,25,0.89,10,
713226,威聯通國票66購01,0,0,0,---,---,---, ---,,,0.78,25,0.79,10,
713227,博盛國票64購01,0,0,0,---,---,---, ---,,,0.78,25,0.79,10,
713228,磐亞國票66購01,"15,000",2,"15,000",1.00,1.00,1.00,1.00,+,0.05,0.96,25,0.97,10,
713229,環球晶國票64購01,0,0,0,---,---,---, ---,,,0.89,25,0.90,10,
713230,雙鴻國票63購02,0,0,0,---,---,---, ---,,,1.18,25,0.00,0,
713231,中美晶元大62購03,"52,000",4,"27,180",0.54,0.54,0.51,0.51,-,0.08,0.53,499,0.54,10,
713232,均華元大62購02,"49,000",3,"57,410",1.11,1.18,1.11,1.16,+,0.08,1.21,499,1.25,10,
713233,均華元大66購01,"652,000",26,"817,280",1.16,1.34,1.16,1.34,+,0.1,1.34,499,1.37,10,
713234,均華元大67購01,"648,000",23,"687,210",1.03,1.10,1.03,1.10,+,0.07,1.10,499,1.14,10,
713235,威剛元大65購14,"274,000",6,"373,300",1.36,1.37,1.36,1.36,+,0.01,1.35,499,1.36,10,
713236,群聯元大62購07,"105,000",3,"178,500",1.70,1.70,1.70,1.70,+,0.01,1.68,450,1.69,10,
713237,群聯元大62購08,"62,000",2,"108,080",1.74,1.76,1.74,1.76,+,0.03,1.72,450,1.73,10,
713238,磐亞元大62購01,"82,000",4,"67,980",0.83,0.83,0.79,0.79,-,0.0,0.77,499,0.78,10,
713239,營邦元大65購01,"177,000",13,"231,980",1.24,1.36,1.24,1.32,+,0.05,1.33,500,1.34,10,
713240,環球晶元大62購01,"92,000",3,"77,000",0.90,0.90,0.83,0.83,-,0.14,0.69,10,0.00,0,
713241,環球晶元大62購02,"421,000",11,"355,570",0.86,0.86,0.76,0.80,-,0.11,0.62,16,0.88,4,
713242,環球晶元大62購03,"209,000",9,"100,710",0.50,0.50,0.46,0.47,-,0.07,0.37,1,0.00,0,
713243,環球晶元大65購03,"74,000",4,"71,830",1.02,1.02,0.96,0.97,-,0.12,0.90,10,0.00,0,
713244,環球晶元大68購09,"244,000",13,"279,240",1.24,1.24,1.11,1.16,-,0.14,0.00,0,0.00,0,
713245,元太凱基63購04,0,0,0,---,---,---, ---,,,0.00,0,0.00,0,
713246,威剛凱基65購03,"22,000",3,"50,620",2.29,2.32,2.29,2.32,+,0.03,2.29,10,2.30,10,
713247,群聯凱基63購17,0,0,0,---,---,---, ---,,,2.31,100,2.33,10,
713248,營邦凱基63購04,0,0,0,---,---,---, ---,,,1.90,100,1.91,10,
713249,雙鴻凱基64購03,"18,000",4,"40,340",2.21,2.39,2.19,2.39,+,0.52,2.43,100,0.00,0,
713250,聖暉*台新63購01,0,0,0,---,---,---, ---,,,2.16,25,2.17,10,
713251,璟德台新65購01,"15,000",1,"21,750",1.45,1.45,1.45,1.45,-,0.11,1.44,25,1.47,10,
713252,優群台新65購01,0,0,0,---,---,---, ---,,,1.80,25,1.82,10,
713253,雙鴻台新63購02,"4,000",2,"19,450",4.45,5.00,4.45,5.00,+,0.67,5.50,20,0.00,0,
713254,雙鴻台新63購03,0,0,0,---,---,---, ---,,,3.60,25,0.00,0,
713255,中美晶群益63購04,"32,000",2,"114,240",3.63,3.63,3.47,3.47,-,0.56,3.68,10,3.78,10,
713256,弘塑群益63購04,"5,000",1,"20,350",4.07,4.07,4.07,4.07,-,0.48,4.04,10,4.14,10,
713257,宜鼎群益63購03,"5,000",1,"5,400",1.08,1.08,1.08,1.08,-,0.11,1.04,100,1.05,100,
713258,威剛群益63購03,0,0,0,---,---,---, ---,,,2.89,100,2.90,100,
713259,順達群益63購03,0,0,0,---,---,---, ---,,,0.00,0,3.73,10,
713260,鈊象群益63購02,"5,000",1,"9,700",1.94,1.94,1.94,1.94,-,0.02,0.00,0,0.00,0,
713261,新應材群益64購01,"5,000",1,"4,550",0.91,0.91,0.91,0.91,-,0.06,0.00,0,0.00,0,
713262,群聯群益63購04,"5,000",1,"8,300",1.66,1.66,1.66,1.66,+,0.13,1.63,100,1.64,100,
713263,雙鴻群益63購05,"39,000",2,"64,380",1.62,1.70,1.62,1.70,+,0.67,0.00,0,0.00,0,
713264,宜鼎中信68購01,"5,000",1,"3,450",0.69,0.69,0.69,0.69,-,0.06,0.68,499,0.69,10,
713265,群聯中信63購02,0,0,0,---,---,---, ---,,,0.78,499,0.79,10,
713266,穩懋中信63購01,"176,000",14,"182,670",1.02,1.15,0.94,1.03,+,0.05,1.02,499,1.03,10,
713267,穩懋中信68購02,"724,000",12,"665,920",0.90,0.99,0.88,0.93,+,0.02,0.92,10,0.93,10,
713268,智通*永豐63購02,0,0,0,---,---,---, ---,,,1.07,499,1.08,10,
713269,雙鴻永豐65購03,"7,000",3,"28,890",3.76,4.30,3.76,4.30,+,0.65,4.59,499,0.00,0,
713270,雙鴻永豐65購04,0,0,0,---,---,---, ---,,,1.86,499,0.00,0,
713271,譜瑞永豐63購01,"11,000",1,"21,230",1.93,1.93,1.93,1.93,-,0.07,1.95,10,1.97,10,
713272,中美晶元大63購05,0,0,0,---,---,---, ---,,,1.29,499,1.30,10,
713273,中美晶元大63購06,0,0,0,---,---,---, ---,,,0.72,499,0.73,10,
713274,中美晶元大63購07,0,0,0,---,---,---, ---,,,0.69,499,0.70,10,
713275,宜鼎元大65購04,"88,000",4,"142,020",1.61,1.62,1.61,1.62,-,0.04,1.58,450,1.59,10,
713276,宜鼎元大66購01,"10,000",1,"13,300",1.33,1.33,1.33,1.33,-,0.13,1.32,499,1.33,10,
713277,威剛元大63購05,"27,000",1,"44,280",1.64,1.64,1.64,1.64,-,0.0,1.64,450,1.65,10,
713278,威剛元大65購15,0,0,0,---,---,---, ---,,,0.90,499,0.91,10,
713279,高技元大63購03,"26,000",3,"57,110",2.20,2.24,2.09,2.09,-,0.06,2.09,10,2.11,10,
713280,高技元大63購04,"32,000",5,"67,180",1.90,2.20,1.90,1.97,-,0.06,1.97,400,1.99,10,
713281,順達元大65購01,0,0,0,---,---,---, ---,,,1.99,350,2.00,10,
713282,鈊象元大63購10,"3,000",2,"5,290",1.67,1.81,1.67,1.81,+,0.11,0.00,0,0.00,0,
713283,群聯元大63購17,"8,000",1,"13,120",1.64,1.64,1.64,1.64,+,0.02,1.63,450,1.64,10,
713284,群聯元大63購18,"11,000",2,"15,400",1.40,1.40,1.40,1.40,+,0.01,1.38,499,1.39,10,
713285,營邦元大65購02,0,0,0,---,---,---, ---,,,1.99,400,2.00,10,
713286,營邦元大66購01,"2,000",1,"3,480",1.74,1.74,1.74,1.74,+,0.13,1.70,450,1.71,10,
713287,弘塑國票63購02,0,0,0,---,---,---, ---,,,1.24,25,1.25,10,
713288,正德國票63購01,"8,000",1,"9,680",1.21,1.21,1.21,1.21,+,0.05,1.13,25,1.15,10,
713289,正德國票64購01,0,0,0,---,---,---, ---,,,1.19,25,1.21,10,
713290,鈊象國票66購01,0,0,0,---,---,---, ---,,,1.10,25,1.11,10,
713291,群翊國票68購01,0,0,0,---,---,---, ---,,,0.77,25,0.78,10,
713292,群聯國票68購01,"8,000",1,"12,480",1.56,1.56,1.56,1.56,+,0.02,1.56,25,1.57,10,
713293,聖暉*國票68購01,0,0,0,---,---,---, ---,,,1.44,25,1.45,10,
713294,頎邦國票64購04,0,0,0,---,---,---, ---,,,1.07,25,1.08,10,
713295,營邦國票63購01,0,0,0,---,---,---, ---,,,2.27,25,2.28,10,
713296,營邦國票64購01,0,0,0,---,---,---, ---,,,2.32,25,2.33,10,
713297,環球晶國票63購01,"5,000",1,"8,400",1.68,1.68,1.68,1.68,-,0.29,1.67,25,1.68,5,
713298,晶呈富邦64購01,0,0,0,---,---,---, ---,,,0.76,10,0.77,28,
713299,廣閎科富邦63購01,0,0,0,---,---,---, ---,,,0.79,10,0.80,10,
713300,穩懋富邦63購02,"83,000",5,"129,960",1.58,1.59,1.34,1.47,+,0.08,1.44,10,1.45,28,
713301,天良國泰63購01,"300,000",4,"292,200",1.05,1.05,0.92,0.94,-,0.23,0.92,10,0.94,10,
713302,晶呈國泰63購01,"215,000",3,"341,550",1.57,1.59,1.57,1.59,-,0.07,1.60,499,1.61,100,
713303,晶呈國泰63購02,0,0,0,---,---,---, ---,,,1.45,499,1.46,100,
713304,磐亞國泰63購01,"1,000",1,"1,020",1.02,1.02,1.02,1.02,+,0.07,1.00,505,1.01,100,
713305,穩懋國泰64購02,"38,000",4,"93,730",2.41,2.48,2.34,2.47,+,0.13,2.45,499,2.46,100,
713306,穩懋國泰65購01,"38,000",5,"54,310",1.42,1.55,1.39,1.39,-,0.01,1.46,499,1.47,100,
713307,環球晶統一67購01,"11,000",2,"6,190",0.59,0.59,0.56,0.56,-,0.06,0.57,10,0.58,10,
713308,千附精凱基65購01,0,0,0,---,---,---, ---,,,1.86,100,1.88,10,
713309,中美晶凱基63購08,0,0,0,---,---,---, ---,,,2.44,100,2.45,10,
713310,台半凱基65購01,0,0,0,---,---,---, ---,,,1.39,100,1.40,10,
713311,弘塑凱基63購07,0,0,0,---,---,---, ---,,,1.92,10,1.93,10,
713312,良維凱基63購02,"2,000",2,"6,840",3.48,3.48,3.36,3.36,+,0.47,3.22,100,3.24,10,
713313,高技凱基63購02,0,0,0,---,---,---, ---,,,2.63,100,2.64,10,
713314,順達凱基63購09,0,0,0,---,---,---, ---,,,4.53,100,4.54,10,
713315,鈊象凱基63購04,"2,000",1,"4,940",2.47,2.47,2.47,2.47,-,0.22,2.93,100,3.03,10,
713316,新應材凱基65購01,0,0,0,---,---,---, ---,,,2.68,2,2.77,10,
713317,群翊凱基63購01,0,0,0,---,---,---, ---,,,1.83,10,1.85,10,
713318,頎邦凱基63購05,0,0,0,---,---,---, ---,,,1.53,100,1.63,10,
713319,頎邦凱基63購06,0,0,0,---,---,---, ---,,,1.34,100,1.44,10,
713320,精材凱基63購03,0,0,0,---,---,---, ---,,,4.42,100,4.44,10,
713321,精材凱基63購04,0,0,0,---,---,---, ---,,,4.53,100,4.55,10,
713322,精材凱基63購05,0,0,0,---,---,---, ---,,,0.00,0,0.00,0,
713323,精材凱基63購06,"3,000",1,"13,530",4.51,4.51,4.51,4.51,+,1.29,0.00,0,0.00,0,
713324,環球晶凱基63購01,0,0,0,---,---,---, ---,,,1.74,100,1.84,10,
713325,高技台新63購01,0,0,0,---,---,---, ---,,,2.13,25,2.23,10,
713326,華宏台新63購01,"45,000",2,"34,350",0.69,0.80,0.69,0.80,+,0.03,0.80,25,0.81,10,
713327,華景電台新63購01,0,0,0,---,---,---, ---,,,1.57,25,1.58,10,
713328,華景電台新63購02,0,0,0,---,---,---, ---,,,1.48,25,1.49,10,
713329,順達台新63購01,0,0,0,---,---,---, ---,,,1.72,25,1.73,10,
713330,頎邦台新65購01,0,0,0,---,---,---, ---,,,1.77,25,1.78,10,
713331,精材台新63購01,"1,000",1,"2,170",2.17,2.17,2.17,2.17,+,0.55,2.31,25,0.00,0,
713332,精材台新63購02,"10,000",1,"26,300",2.63,2.63,2.63,2.63,+,0.81,2.64,25,2.65,10,
713333,雙鴻台新65購03,0,0,0,---,---,---, ---,,,9.80,20,0.00,0,
713334,譜瑞台新65購01,"1,000",1,"2,140",2.14,2.14,2.14,2.14,-,0.11,2.17,25,2.19,10,
713335,千附精元大63購02,0,0,0,---,---,---, ---,,,0.00,0,0.00,0,
713336,元太元大63購09,0,0,0,---,---,---, ---,,,0.00,0,0.00,0,
713337,元太元大65購05,0,0,0,---,---,---, ---,,,0.00,0,0.00,0,
713338,威剛元大63購06,0,0,0,---,---,---, ---,,,0.97,499,0.98,10,
713339,高技元大63購05,"150,000",2,"298,500",1.99,1.99,1.99,1.99,+,0.37,1.81,400,1.83,10,
713340,鈊象元大63購11,"15,000",1,"28,350",1.89,1.89,1.89,1.89,+,0.02,0.00,0,0.00,0,
713341,群聯元大63購19,0,0,0,---,---,---, ---,,,1.47,499,1.48,10,
713342,精材元大65購01,"109,000",9,"145,880",1.25,1.41,1.24,1.40,+,0.33,1.41,499,0.00,0,
713343,環球晶元大63購01,"200,000",2,"270,000",1.35,1.35,1.35,1.35,-,0.36,0.00,0,0.00,0,
713344,環球晶元大63購02,"228,000",2,"298,680",1.31,1.31,1.31,1.31,-,0.27,0.00,0,0.00,0,
713345,環球晶元大63購03,0,0,0,---,---,---, ---,,,0.00,0,0.00,0,
713346,環球晶元大65購04,0,0,0,---,---,---, ---,,,0.00,0,0.00,0,
713347,環球晶元大68購10,"19,000",3,"13,300",0.72,0.72,0.66,0.68,-,0.15,0.67,28,0.00,0,
713348,雙鴻元大63購11,0,0,0,---,---,---, ---,,,1.36,499,0.00,0,
713349,雙鴻元大63購12,"9,000",2,"11,290",1.05,1.28,1.05,1.28,+,0.33,1.32,499,0.00,0,
713350,雙鴻元大63購13,0,0,0,---,---,---, ---,,,1.26,499,0.00,0,
713351,雙鴻元大65購01,"260,000",3,"252,300",0.97,0.98,0.97,0.98,+,0.07,1.19,499,0.00,0,
713352,譜瑞元大63購05,0,0,0,---,---,---, ---,,,1.74,400,1.76,10,
713353,弘塑中信65購01,0,0,0,---,---,---, ---,,,0.64,499,0.65,10,
713354,博智中信65購01,0,0,0,---,---,---, ---,,,0.77,499,0.78,10,
713355,精材中信68購01,0,0,0,---,---,---, ---,,,1.06,499,1.07,10,
713356,千附精永豐63購02,0,0,0,---,---,---, ---,,,0.98,499,1.00,10,
713357,台半永豐63購03,0,0,0,---,---,---, ---,,,0.58,499,0.59,10,
713358,弘塑永豐63購03,0,0,0,---,---,---, ---,,,1.28,499,1.29,10,
713359,弘塑永豐68購01,0,0,0,---,---,---, ---,,,2.55,499,2.56,10,
713360,利機永豐63購01,0,0,0,---,---,---, ---,,,0.91,499,0.92,10,
713361,均華永豐63購03,0,0,0,---,---,---, ---,,,1.03,499,1.06,10,
713362,原相永豐63購01,0,0,0,---,---,---, ---,,,1.16,499,1.19,10,
713363,家登永豐63購04,0,0,0,---,---,---, ---,,,1.79,499,1.80,10,
713364,高技永豐65購01,0,0,0,---,---,---, ---,,,1.27,499,1.28,10,
713365,崇越電永豐65購01,0,0,0,---,---,---, ---,,,0.67,499,0.68,10,
713366,博智永豐63購02,0,0,0,---,---,---, ---,,,1.63,499,1.65,10,
713367,華宏永豐63購01,0,0,0,---,---,---, ---,,,0.95,499,0.96,10,
713368,閎康永豐63購01,0,0,0,---,---,---, ---,,,1.13,499,1.15,10,
713369,新應材永豐66購01,0,0,0,---,---,---, ---,,,1.19,499,1.22,10,
713370,頎邦永豐63購03,0,0,0,---,---,---, ---,,,1.00,499,1.01,10,
713371,頎邦永豐63購04,0,0,0,---,---,---, ---,,,0.79,499,0.80,10,
713372,精材永豐63購03,0,0,0,---,---,---, ---,,,2.10,499,0.00,0,
713373,精材永豐63購04,0,0,0,---,---,---, ---,,,1.79,499,1.80,10,
713374,精材永豐68購01,0,0,0,---,---,---, ---,,,3.12,499,0.00,0,
713375,精材永豐68購02,0,0,0,---,---,---, ---,,,3.42,499,0.00,0,
713376,穩懋永豐63購04,"21,000",5,"59,760",3.10,3.10,2.62,2.84,+,0.43,2.83,499,2.84,10,
713377,中美晶群益63購05,0,0,0,---,---,---, ---,,,0.00,0,3.05,10,
713378,世界群益63購02,0,0,0,---,---,---, ---,,,0.00,0,0.00,0,
713379,台半群益63購02,"100,000",1,"119,000",1.19,1.19,1.19,1.19,-,0.06,1.19,10,1.29,10,
713380,弘塑群益63購05,0,0,0,---,---,---, ---,,,0.00,0,1.13,10,
713381,均華群益66購01,0,0,0,---,---,---, ---,,,4.48,25,4.58,10,
713382,威剛群益63購04,0,0,0,---,---,---, ---,,,1.56,100,1.57,100,
713383,威剛群益63購05,0,0,0,---,---,---, ---,,,0.00,0,1.09,10,
713384,博盛群益63購01,"151,000",3,"176,210",1.21,1.21,1.16,1.16,-,0.44,0.00,0,0.00,0,
713385,鈊象群益63購03,"2,000",1,"3,860",1.93,1.93,1.93,1.93,-,0.21,1.88,2,0.00,0,
713386,新應材群益63購01,0,0,0,---,---,---, ---,,,0.00,0,0.00,0,
713387,群聯群益63購05,"3,000",3,"8,120",2.70,2.74,2.68,2.68,-,0.28,2.75,100,2.78,100,
713388,群聯群益63購06,0,0,0,---,---,---, ---,,,1.18,100,1.19,100,
713389,精材群益63購04,"20,000",5,"64,320",3.21,3.29,3.20,3.20,+,1.2,3.28,10,3.38,10,
713390,雙鴻群益63購06,0,0,0,---,---,---, ---,,,0.00,0,0.00,0,
713391,雙鴻群益66購01,"147,000",16,"120,750",0.78,0.88,0.78,0.88,+,0.14,0.79,6,0.00,0,
713392,穩懋群益65購01,"100,000",1,"133,000",1.33,1.33,1.33,1.33,-,0.03,1.33,100,1.34,100,
713393,元太國票63購01,0,0,0,---,---,---, ---,,,0.95,25,0.96,10,
713394,世界國票65購01,0,0,0,---,---,---, ---,,,0.78,25,0.79,10,
713395,台半國票68購01,0,0,0,---,---,---, ---,,,0.95,25,0.96,10,
713396,沛亨國票63購01,0,0,0,---,---,---, ---,,,0.96,25,0.97,10,
713397,良維國票69購01,0,0,0,---,---,---, ---,,,1.15,25,1.16,10,
713398,宜特國票65購01,0,0,0,---,---,---, ---,,,0.78,25,0.80,10,
713399,杰力國票65購02,0,0,0,---,---,---, ---,,,0.85,25,0.86,10,
713400,長科*國票63購01,0,0,0,---,---,---, ---,,,0.82,25,0.83,10,
713401,茂達國票63購01,0,0,0,---,---,---, ---,,,1.01,25,1.02,10,
713402,晶呈國票63購01,0,0,0,---,---,---, ---,,,0.76,25,0.77,10,
713403,順達國票65購03,0,0,0,---,---,---, ---,,,1.20,25,1.21,10,
713404,萬泰科國票63購01,0,0,0,---,---,---, ---,,,0.93,25,0.94,10,
713405,鉅橡國票65購01,0,0,0,---,---,---, ---,,,0.98,25,0.99,10,
713406,精材國票65購03,0,0,0,---,---,---, ---,,,1.68,25,0.00,0,
713407,環球晶國票63購02,0,0,0,---,---,---, ---,,,1.48,25,1.49,10,
713408,譜瑞國票63購01,0,0,0,---,---,---, ---,,,1.00,25,1.01,10,
713409,頎邦國泰63購05,0,0,0,---,---,---, ---,,,1.29,10,1.30,10,
713410,雙鴻國泰63購03,0,0,0,---,---,---, ---,,,2.13,499,0.00,0,
713411,雙鴻國泰63購04,0,0,0,---,---,---, ---,,,2.23,499,0.00,0,
713412,均華統一67購01,"225,000",3,"153,600",0.64,0.72,0.64,0.72,+,0.08,0.73,10,0.74,10,
713413,東捷統一68購02,0,0,0,---,---,---, ---,,,0.65,10,0.66,10,
713414,精材統一66購02,0,0,0,---,---,---, ---,,,1.06,10,0.00,0,
713415,精材統一67購03,"2,000",1,"2,040",1.02,1.02,1.02,1.02,+,0.21,1.09,10,1.10,10,
713416,精材統一6C購03,0,0,0,---,---,---, ---,,,0.95,11,0.00,0,
713417,雙鴻統一65購03,0,0,0,---,---,---, ---,,,0.96,10,0.00,0,
713418,穩懋統一65購03,0,0,0,---,---,---, ---,,,0.87,10,0.88,10,
713419,弘塑富邦63購03,0,0,0,---,---,---, ---,,,0.85,10,0.86,10,
713420,群聯富邦65購01,"26,000",1,"28,340",1.09,1.09,1.09,1.09,-,0.01,1.11,10,1.12,10,
713421,群聯富邦65購02,"57,000",2,"57,510",1.02,1.02,0.99,0.99,-,0.04,1.03,10,1.04,10,
713422,精材富邦65購01,"5,000",1,"6,150",1.23,1.23,1.23,1.23,+,0.22,0.00,0,0.00,0,
713423,精材富邦68購01,"10,000",1,"14,300",1.43,1.43,1.43,1.43,+,0.38,1.42,30,1.43,10,
713424,廣閎科富邦63購02,0,0,0,---,---,---, ---,,,0.71,10,0.72,10,
72328U,環球晶群益59售01,0,0,0,---,---,---, ---,,,0.00,0,0.15,8,
72348U,良維群益59售01,0,0,0,---,---,---, ---,,,0.00,0,0.00,0,
723779,宏捷科元富59購01,0,0,0,---,---,---, ---,,,0.00,0,0.10,10,
723780,廣運元富59購01,0,0,0,---,---,---, ---,,,0.00,0,0.01,75,
72400U,博智群益5A售02,0,0,0,---,---,---, ---,,,0.00,0,0.00,0,
724017,家登統一59購01,0,0,0,---,---,---, ---,,,0.00,0,0.01,116,
724019,湧德統一59購01,"1,000",1,80,0.08,0.08,0.08,0.08,+,0.01,0.08,10,0.09,10,
724023,新復興統一59購01,0,0,0,---,---,---, ---,,,0.00,0,0.00,0,
724061,波若威統一59購01,0,0,0,---,---,---, ---,,,0.00,0,0.00,0,
724062,波若威統一59購02,0,0,0,---,---,---, ---,,,8.00,10,8.05,10,
724063,波若威統一59購03,0,0,0,---,---,---, ---,,,0.00,0,0.00,0,
724064,振曜統一59購01,0,0,0,---,---,---, ---,,,0.00,0,0.06,50,
724128,能率統一59購01,0,0,0,---,---,---, ---,,,0.19,10,0.23,10,
724130,擎亞統一59購01,0,0,0,---,---,---, ---,,,0.00,0,1.85,10,
72414U,振曜群益5A售01,0,0,0,---,---,---, ---,,,2.90,25,2.97,10,
724240,力致統一59購01,0,0,0,---,---,---, ---,,,0.00,0,0.10,35,
724241,力致統一59購02,0,0,0,---,---,---, ---,,,0.00,0,0.00,0,
724242,前鼎統一59購01,"30,000",4,"19,220",0.68,0.70,0.56,0.70,+,0.2,0.70,10,0.00,0,
724243,華星光統一59購01,0,0,0,---,---,---, ---,,,0.00,0,0.00,0,
724244,華星光統一59購02,0,0,0,---,---,---, ---,,,0.00,0,0.00,0,
724372,正基統一59購01,0,0,0,---,---,---, ---,,,0.00,0,0.00,0,
724374,聰泰統一59購01,0,0,0,---,---,---, ---,,,0.00,0,0.00,0,
724431,原相統一59購01,0,0,0,---,---,---, ---,,,0.00,0,0.00,0,
724436,波若威元富59購01,0,0,0,---,---,---, ---,,,10.60,10,11.60,10,
724478,千附精統一59購01,0,0,0,---,---,---, ---,,,0.61,10,0.63,100,
724481,正基統一59購02,"2,000",1,"1,200",0.60,0.60,0.60,0.60,+,0.02,0.00,0,0.56,100,
724668,昇達科統一59購01,0,0,0,---,---,---, ---,,,7.85,1,8.55,2,
724669,昇達科統一59購02,0,0,0,---,---,---, ---,,,3.50,10,0.00,0,
724670,神盾統一59購01,0,0,0,---,---,---, ---,,,0.00,0,0.00,0,
72479U,擎亞群益5B售01,0,0,0,---,---,---, ---,,,0.00,0,0.11,50,
72485U,信驊群益5B售01,0,0,0,---,---,---, ---,,,0.00,0,0.01,795,
724979,鈊象統一5A購01,0,0,0,---,---,---, ---,,,0.00,0,0.05,83,
72501U,雙鴻中信5B售02,0,0,0,---,---,---, ---,,,0.28,40,0.34,10,
725048,原相統一5A購01,0,0,0,---,---,---, ---,,,0.00,0,0.00,0,
72523U,新應材群益5B售01,"112,000",2,"30,340",0.27,0.28,0.27,0.28,+,0.03,0.22,5,0.00,0,
72572U,精測群益62售01,0,0,0,---,---,---, ---,,,0.08,509,0.18,10,
725744,新復興統一5A購01,"2,000",1,80,0.04,0.04,0.04,0.04,-,0.01,0.00,0,0.04,3,
72587U,華電網國票5A售01,0,0,0,---,---,---, ---,,,0.24,25,0.25,10,
725881,鈊象元富5A購01,0,0,0,---,---,---, ---,,,0.00,0,0.04,499,
72600U,昇達科國票59售01,0,0,0,---,---,---, ---,,,0.00,0,0.01,259,
726037,元債20元富5A購01,0,0,0,---,---,---, ---,,,0.03,25,0.10,10,
726070,元債20元富5A購02,0,0,0,---,---,---, ---,,,0.01,524,0.10,10,
72610U,富喬國票5C售02,"178,000",9,"23,630",0.14,0.14,0.12,0.12,-,0.02,0.12,120,0.13,10,
726119,華星光統一5B購01,0,0,0,---,---,---, ---,,,3.48,2,0.00,0,
72614U,富喬中信5C售02,0,0,0,---,---,---, ---,,,0.19,10,0.20,10,
726194,元債20元富5B購01,0,0,0,---,---,---, ---,,,0.12,25,0.13,10,
72622U,精測群益62售02,"370,000",5,"85,600",0.24,0.24,0.23,0.23,-,0.03,0.22,10,0.32,10,
72629U,櫃200群益5B售02,"73,000",5,"4,420",0.06,0.07,0.06,0.06,-,0.0,0.05,18,0.06,499,
72638U,譜瑞群益5C售01,0,0,0,---,---,---, ---,,,0.38,100,0.48,100,
72650U,雙鴻群益59售01,0,0,0,---,---,---, ---,,,0.01,1,0.20,40,
72667U,富喬凱基59售01,0,0,0,---,---,---, ---,,,0.00,0,0.10,10,
72671U,東捷群益59售02,0,0,0,---,---,---, ---,,,0.00,0,0.00,0,
72675U,東捷凱基59售01,0,0,0,---,---,---, ---,,,0.00,0,0.02,292,
72690U,信驊群益59售02,0,0,0,---,---,---, ---,,,0.00,0,0.03,10,
72691U,信驊群益5B售03,"85,000",2,850,0.01,0.01,0.01,0.01,-,0.0,0.01,124,0.03,527,
726924,金麗科統一5B購01,0,0,0,---,---,---, ---,,,0.10,10,0.12,10,
726925,金麗科統一5B購02,0,0,0,---,---,---, ---,,,0.11,10,0.15,10,
726926,金麗科統一5B購03,"10,000",1,"1,200",0.12,0.12,0.12,0.12,-,0.0,0.10,10,0.12,10,
726927,金麗科統一5B購04,"330,000",33,"54,870",0.17,0.20,0.15,0.20,+,0.05,0.14,6,0.17,10,
72692U,信驊群益61售02,"6,000",6,280,0.05,0.05,0.04,0.05,-,0.0,0.04,197,0.05,568,
72693U,穩懋群益59售02,0,0,0,---,---,---, ---,,,0.00,0,0.00,0,
72697U,穩懋凱基59售04,0,0,0,---,---,---, ---,,,0.00,0,0.10,10,
72700U,博智凱基59售03,0,0,0,---,---,---, ---,,,0.00,0,0.10,10,
72704U,點序群益61售01,0,0,0,---,---,---, ---,,,1.54,2,0.00,0,
727095,高鋒統一5A購01,0,0,0,---,---,---, ---,,,0.00,0,0.00,0,
72713U,世界群益5B售01,0,0,0,---,---,---, ---,,,0.01,499,0.00,0,
72718U,信驊凱基59售01,0,0,0,---,---,---, ---,,,0.00,0,0.01,361,
72721U,信驊國票59售01,0,0,0,---,---,---, ---,,,0.00,0,1.50,3,
72722U,信驊國票59售02,0,0,0,---,---,---, ---,,,0.00,0,0.01,165,
72723U,信驊國票59售03,0,0,0,---,---,---, ---,,,0.00,0,0.01,138,
72724U,信驊國票5B售01,"31,000",4,620,0.02,0.02,0.02,0.02,-,0.0,0.02,69,0.03,140,
72725U,萬潤國票59售01,0,0,0,---,---,---, ---,,,0.00,0,0.01,539,
72726U,擎亞國票59售01,0,0,0,---,---,---, ---,,,0.00,0,0.00,0,
72727U,萬潤凱基59售02,0,0,0,---,---,---, ---,,,0.00,0,0.10,10,
72729U,精材國票59售01,0,0,0,---,---,---, ---,,,0.00,0,0.00,0,
72730U,穩懋國票59售01,"1,000",1,290,0.29,0.29,0.29,0.29,+,0.28,0.00,0,0.01,10,
72731U,精材凱基59售01,0,0,0,---,---,---, ---,,,0.00,0,0.00,0,
72732U,印能國票59售02,0,0,0,---,---,---, ---,,,0.00,0,0.01,28,
72733U,中探針群益62售01,0,0,0,---,---,---, ---,,,0.19,10,0.25,5,
72735U,世界群益5A售01,0,0,0,---,---,---, ---,,,0.07,142,0.00,0,
72736U,精材群益5A售04,0,0,0,---,---,---, ---,,,0.00,0,0.00,0,
72737U,雙鴻群益5A售04,0,0,0,---,---,---, ---,,,0.10,499,0.32,10,
72738U,世界國票59售03,0,0,0,---,---,---, ---,,,0.00,0,0.00,0,
72740U,精測國票59售01,"2,000",1,180,0.09,0.09,0.09,0.09,-,0.18,0.12,25,0.13,10,
72741U,精測國票59售02,0,0,0,---,---,---, ---,,,0.44,25,0.47,10,
72742U,精測國票59售03,0,0,0,---,---,---, ---,,,0.80,25,0.87,10,
72743U,精測國票59售04,0,0,0,---,---,---, ---,,,0.75,25,0.81,10,
72747U,閎康群益5A售02,0,0,0,---,---,---, ---,,,0.02,10,0.12,10,
72748U,精測群益5A售02,"2,000",1,"2,480",1.24,1.24,1.24,1.24,+,0.05,1.04,10,1.14,10,
72749U,精測群益62售04,"8,000",3,"7,700",0.95,0.97,0.95,0.97,-,0.04,0.95,10,1.05,10,
72753U,茂迪國票59售03,0,0,0,---,---,---, ---,,,0.00,0,0.00,0,
72754U,博智群益62售02,"100,000",1,"10,000",0.10,0.10,0.10,0.10,-,0.0,0.07,10,0.12,400,
72759U,茂迪凱基59售01,0,0,0,---,---,---, ---,,,0.19,10,0.20,10,
72763U,譜瑞國票59售02,0,0,0,---,---,---, ---,,,0.23,25,0.24,10,
72766U,富喬群益5A售02,0,0,0,---,---,---, ---,,,0.02,100,0.05,100,
72772U,穩懋群益63售01,"1,742,000",63,"379,480",0.23,0.24,0.20,0.22,-,0.01,0.21,100,0.22,100,
72774U,信驊永豐5A售01,0,0,0,---,---,---, ---,,,0.00,0,0.10,10,
72777U,環球晶凱基59售07,0,0,0,---,---,---, ---,,,0.00,0,0.10,10,
72778U,穩懋凱基59售12,0,0,0,---,---,---, ---,,,0.00,0,0.10,11,
72779U,穩懋元大59售08,0,0,0,---,---,---, ---,,,0.00,0,0.00,0,
72780U,旺矽凱基59售02,0,0,0,---,---,---, ---,,,0.00,0,0.01,553,
72781U,系統電國票5A售01,"10,000",1,"5,400",0.54,0.54,0.54,0.54,+,0.02,0.50,25,0.52,10,
72782U,環球晶群益62售01,"60,000",10,"6,600",0.11,0.11,0.11,0.11,-,0.17,0.10,18,0.11,10,
72783U,旺矽群益59售04,0,0,0,---,---,---, ---,,,0.00,0,3.00,10,
72784U,新復興國票59售02,0,0,0,---,---,---, ---,,,2.13,25,2.23,10,
72785U,旺矽富邦5A售02,0,0,0,---,---,---, ---,,,0.00,0,0.02,603,
72786U,宜特群益59售01,0,0,0,---,---,---, ---,,,0.00,0,0.00,0,
72787U,神盾群益59售01,0,0,0,---,---,---, ---,,,0.00,0,0.00,0,
72788U,能率群益59售02,0,0,0,---,---,---, ---,,,0.00,0,0.10,10,
72789U,能率群益59售03,0,0,0,---,---,---, ---,,,0.01,10,0.11,10,
72790U,閎康群益63售01,"300,000",1,"249,000",0.83,0.83,0.83,0.83,-,0.02,0.81,10,0.91,10,
72791U,榮剛群益63售01,"20,000",1,"28,200",1.41,1.41,1.41,1.41,+,0.02,1.39,25,1.40,10,
72792U,台特化凱基59售04,0,0,0,---,---,---, ---,,,0.48,10,0.58,10,
72793U,宜特凱基59售01,0,0,0,---,---,---, ---,,,0.01,10,0.11,10,
72794U,雙鴻凱基5A售02,"60,000",1,"13,800",0.23,0.23,0.23,0.23,-,0.14,0.01,10,0.20,10,
72795U,神盾群益61售01,0,0,0,---,---,---, ---,,,0.56,25,0.57,10,
72796U,雙鴻群益59售04,0,0,0,---,---,---, ---,,,0.00,0,0.00,0,
72797U,台特化國票5A售02,0,0,0,---,---,---, ---,,,0.55,25,0.56,10,
72798U,宏觀國票5A售01,0,0,0,---,---,---, ---,,,0.37,25,0.39,10,
72799U,雙鴻國票5A售01,0,0,0,---,---,---, ---,,,0.00,0,0.05,10,
728003,金麗科統一5C購01,"104,000",8,"5,300",0.05,0.06,0.05,0.06,-,0.0,0.06,10,0.14,5,
72800U,信驊永豐5B售01,0,0,0,---,---,---, ---,,,0.03,10,0.13,10,
72801U,世界元富59售02,0,0,0,---,---,---, ---,,,0.01,25,0.10,10,
72802U,雙鴻元大59售10,0,0,0,---,---,---, ---,,,0.00,0,0.10,10,
72803U,世界群益59售02,0,0,0,---,---,---, ---,,,0.00,0,0.00,0,
72804U,旺矽群益59售07,0,0,0,---,---,---, ---,,,0.00,0,0.19,1,
72805U,雙鴻群益59售07,0,0,0,---,---,---, ---,,,0.00,0,0.00,0,
72806U,雙鴻凱基59售12,0,0,0,---,---,---, ---,,,0.00,0,0.10,10,
72807U,新應材國泰5A售01,0,0,0,---,---,---, ---,,,1.65,10,0.00,0,
72808U,新應材國票5A售03,0,0,0,---,---,---, ---,,,1.36,25,1.40,10,
72809U,萬泰科國票5A售02,0,0,0,---,---,---, ---,,,0.00,0,0.05,3,
72810U,鑫聯國票5A售02,0,0,0,---,---,---, ---,,,0.33,25,0.34,10,
72811U,台燿中信59售03,0,0,0,---,---,---, ---,,,0.00,0,0.01,499,
72812U,茂迪國票5A售03,"20,000",1,"12,000",0.60,0.60,0.60,0.60,+,0.05,0.57,25,0.58,10,
72813U,宜鼎群益5B售03,0,0,0,---,---,---, ---,,,0.14,100,0.16,100,
72814U,精測群益5B售02,"102,000",3,"61,260",0.58,0.65,0.58,0.65,-,0.08,0.63,10,0.73,10,
72815U,精測元富59售09,"25,000",1,"28,500",1.14,1.14,1.14,1.14,-,0.15,0.96,25,0.98,10,
72816U,精測元富59售10,0,0,0,---,---,---, ---,,,1.57,25,1.67,10,
72817U,雙鴻台新59售03,0,0,0,---,---,---, ---,,,0.00,0,0.10,10,
72818U,信驊永豐5C售01,0,0,0,---,---,---, ---,,,0.06,50,0.12,44,
72819U,鑫科國票59售02,0,0,0,---,---,---, ---,,,0.57,25,0.59,10,
72820U,鑫聯國票5A售03,0,0,0,---,---,---, ---,,,0.25,25,0.26,10,
72821U,信驊元大59售04,"50,000",2,"1,000",0.02,0.02,0.02,0.02,+,0.01,0.01,200,0.06,259,
72822U,信驊元大59售05,0,0,0,---,---,---, ---,,,0.00,0,0.05,10,
72823U,弘塑凱基59售05,0,0,0,---,---,---, ---,,,0.00,0,0.04,100,
72824U,亞泰國票59售03,0,0,0,---,---,---, ---,,,0.01,25,0.05,10,
72825U,頎邦元富59售03,0,0,0,---,---,---, ---,,,0.00,0,0.02,86,
728264,元債20永豐61購01,0,0,0,---,---,---, ---,,,0.04,10,0.05,10,
72826U,頎邦元富59售06,0,0,0,---,---,---, ---,,,0.00,0,0.03,100,
72827U,元太群益5B售02,0,0,0,---,---,---, ---,,,0.04,25,0.00,0,
72828U,台燿群益5B售01,0,0,0,---,---,---, ---,,,0.00,0,0.00,0,
72829U,宏捷科群益5C售01,"3,000",1,"1,920",0.64,0.64,0.64,0.64,-,0.0,0.33,30,0.00,0,
72830U,元太凱基5B售03,"5,000",1,"2,150",0.43,0.43,0.43,0.43,+,0.08,0.13,76,0.45,7,
72831U,台燿凱基59售05,0,0,0,---,---,---, ---,,,0.00,0,0.09,50,
72833U,台燿元富59售04,0,0,0,---,---,---, ---,,,0.00,0,0.05,100,
72834U,台燿中信59售08,0,0,0,---,---,---, ---,,,0.00,0,0.02,5,
72835U,東捷群益59售03,0,0,0,---,---,---, ---,,,0.00,0,0.00,0,
72836U,東捷群益5B售01,0,0,0,---,---,---, ---,,,0.24,41,0.60,2,
72837U,鈊象群益59售04,0,0,0,---,---,---, ---,,,0.11,499,0.21,10,
72838U,鈊象群益5B售02,0,0,0,---,---,---, ---,,,0.00,0,0.00,0,
72839U,台燿元大59售25,0,0,0,---,---,---, ---,,,0.00,0,0.10,10,
72840U,世界群益5B售04,"10,000",1,600,0.06,0.06,0.06,0.06,-,0.0,0.00,0,0.00,0,
72841U,神盾群益5C售01,0,0,0,---,---,---, ---,,,0.55,25,0.56,10,
72842U,鈊象群益63售01,0,0,0,---,---,---, ---,,,0.64,15,0.00,0,
72843U,精材群益63售01,"2,299,000",95,"223,170",0.11,0.11,0.09,0.10,-,0.03,0.10,10,0.11,340,
72844U,雙鴻群益59售15,0,0,0,---,---,---, ---,,,0.00,0,0.00,0,
72845U,雙鴻凱基5A售04,"1,000",1,110,0.11,0.11,0.11,0.11,+,0.07,0.00,0,0.11,299,
72846U,鈊象凱基5A售02,0,0,0,---,---,---, ---,,,0.05,100,0.15,10,
72847U,印能國票5A售04,"7,000",1,910,0.13,0.13,0.13,0.13,+,0.03,0.12,25,0.13,10,
72848U,雙鴻群益5A售06,0,0,0,---,---,---, ---,,,0.00,0,0.00,0,
72849U,印能凱基5A售04,0,0,0,---,---,---, ---,,,0.01,100,0.11,10,
72850U,印能國票5A售05,"91,000",3,"27,360",0.24,0.32,0.24,0.32,+,0.04,0.32,25,0.33,10,
728516,系微統一5C購01,0,0,0,---,---,---, ---,,,0.01,10,0.02,10,
72851U,矽科國票5B售02,0,0,0,---,---,---, ---,,,0.33,25,0.35,10,
728520,金麗科統一5C購02,"260,000",3,"26,000",0.10,0.10,0.10,0.10,-,0.0,0.09,10,0.10,10,
72852U,旺矽元大5A售03,"101,000",2,"59,570",0.59,0.59,0.57,0.57,-,0.06,0.50,499,0.52,107,
72853U,信驊元大5A售01,"161,000",11,"55,350",0.35,0.36,0.33,0.36,-,0.02,0.34,35,0.40,1,
72854U,信驊永豐61售01,"69,000",11,"11,820",0.18,0.18,0.13,0.18,+,0.05,0.15,3,0.18,417,
72855U,信驊富邦5C售02,"321,000",25,"207,830",0.72,0.72,0.63,0.63,-,0.06,0.63,9,0.65,28,
72856U,頎邦凱基5A售03,0,0,0,---,---,---, ---,,,0.02,100,0.12,10,
72857U,雙鴻元大5A售06,"366,000",25,"130,950",0.46,0.46,0.32,0.32,-,0.15,0.30,40,0.00,0,
72858U,巨漢國票5A售02,0,0,0,---,---,---, ---,,,0.85,25,0.86,10,
72859U,弘塑國票5B售02,"5,000",5,"2,670",0.53,0.54,0.53,0.53,+,0.08,0.50,25,0.51,10,
72860U,弘塑元大5A售03,"20,000",1,"26,800",1.34,1.34,1.34,1.34,+,0.24,1.21,499,1.22,200,
72861U,華電網凱基5A售01,0,0,0,---,---,---, ---,,,0.78,10,0.79,10,
72862U,群聯國票5B售02,0,0,0,---,---,---, ---,,,0.09,45,0.10,10,
72863U,蜜望實國票5A售03,0,0,0,---,---,---, ---,,,0.05,25,0.06,10,
72864U,群聯凱基5A售03,0,0,0,---,---,---, ---,,,0.16,100,0.17,50,
72865U,信驊永豐5B售03,0,0,0,---,---,---, ---,,,0.08,10,0.18,10,
72866U,旺矽凱基5A售06,"373,000",18,"275,730",0.99,1.00,0.69,0.69,-,0.03,0.64,100,0.67,50,
72867U,旺矽富邦61售01,"287,000",27,"242,150",0.83,0.90,0.82,0.82,-,0.01,0.81,100,0.82,28,
72868U,富喬群益5C售01,"33,000",7,"16,760",0.51,0.52,0.50,0.50,-,0.02,0.49,100,0.52,100,
72869U,立碁國票5B售03,"211,000",12,"104,880",0.51,0.51,0.48,0.48,-,0.1,0.32,299,0.48,10,
72870U,群聯國票5B售06,"55,000",3,"11,000",0.20,0.20,0.20,0.20,-,0.01,0.19,25,0.20,10,
72871U,群聯群益61售02,0,0,0,---,---,---, ---,,,0.59,100,0.60,100,
72872U,聖暉*台新5B售01,0,0,0,---,---,---, ---,,,0.88,25,0.89,10,
72873U,威剛國票5C售02,0,0,0,---,---,---, ---,,,0.65,25,0.66,10,
72874U,威剛群益5C售02,0,0,0,---,---,---, ---,,,0.54,100,0.55,100,
72875U,威剛凱基5B售05,0,0,0,---,---,---, ---,,,0.23,10,0.24,50,
728767,均豪統一59購01,0,0,0,---,---,---, ---,,,0.03,10,0.08,10,
728768,均豪統一59購02,0,0,0,---,---,---, ---,,,0.00,0,0.00,0,
72876U,合晶台新5B售05,"44,000",9,"10,550",0.17,0.38,0.17,0.18,+,0.05,0.18,9,0.38,10,
72877U,群聯台新5B售07,0,0,0,---,---,---, ---,,,0.80,25,0.81,10,
72878U,群聯台新5B售08,"270,000",1,"351,000",1.30,1.30,1.30,1.30,-,0.02,1.30,25,1.31,10,
72879U,世界凱基5B售02,0,0,0,---,---,---, ---,,,0.47,100,0.48,10,
72880U,良維國票5C售02,0,0,0,---,---,---, ---,,,0.60,25,0.61,10,
72881U,鈊象台新5B售03,0,0,0,---,---,---, ---,,,0.63,25,0.73,10,
72882U,環球晶台新5B售03,"622,000",17,"288,370",0.43,0.53,0.41,0.49,+,0.12,0.45,25,0.49,10,
72883U,環球晶國票5B售02,"257,000",8,"156,380",0.58,0.67,0.58,0.64,+,0.07,0.64,25,0.65,10,
72884U,鈊象群益61售01,0,0,0,---,---,---, ---,,,0.00,0,0.00,0,
72885U,中美晶群益5B售02,"50,000",1,"15,000",0.30,0.30,0.30,0.30,+,0.01,0.30,10,0.40,10,
72886U,群聯群益5B售06,"20,000",1,"19,000",0.95,0.95,0.95,0.95,-,0.06,0.93,100,0.94,100,
72887U,精材群益5B售05,0,0,0,---,---,---, ---,,,0.02,50,0.11,10,
72888U,德微群益5B售02,0,0,0,---,---,---, ---,,,0.58,25,0.59,10,
72889U,新盛力群益5B售04,"373,000",8,"79,380",0.18,0.26,0.18,0.26,+,0.05,0.27,100,0.29,100,
72890U,廣穎群益5B售03,0,0,0,---,---,---, ---,,,0.13,76,0.00,0,
72891U,世界台新5B售03,0,0,0,---,---,---, ---,,,1.77,25,1.79,10,
728920,元債20元富61購01,0,0,0,---,---,---, ---,,,1.06,25,1.07,10,
72892U,台特化台新5B售04,"20,000",1,"58,000",2.90,2.90,2.90,2.90,+,0.2,2.83,25,2.85,10,
72893U,威剛中信64售01,0,0,0,---,---,---, ---,,,0.68,10,0.69,10,
72894U,世界群益62售01,0,0,0,---,---,---, ---,,,0.84,10,0.00,0,
72895U,台特化群益5B售01,"20,000",2,"14,100",0.71,0.71,0.70,0.70,+,0.05,0.07,10,0.00,0,
728967,驊訊統一61購01,0,0,0,---,---,---, ---,,,0.02,10,0.05,9,
72896U,精材凱基5B售08,"43,000",3,"20,140",0.48,0.48,0.46,0.46,-,0.13,0.45,100,0.46,50,
72897U,精材群益5B售08,"669,000",18,"38,740",0.06,0.06,0.05,0.06,-,0.03,0.04,30,0.12,5,
72898U,雷科國票5B售03,"615,000",3,"284,220",0.46,0.50,0.46,0.50,+,0.06,0.50,25,0.51,10,
72899U,立敦台新5B售04,0,0,0,---,---,---, ---,,,2.32,25,2.33,10,
72900U,德微國票5C售04,0,0,0,---,---,---, ---,,,0.70,25,0.71,10,
72901U,德微國票5C售05,"2,000",1,"1,840",0.92,0.92,0.92,0.92,-,0.0,0.95,25,0.96,10,
72902U,擎亞國票5B售03,0,0,0,---,---,---, ---,,,0.67,25,0.68,10,
72903U,群聯凱基5B售08,0,0,0,---,---,---, ---,,,0.86,100,0.87,30,
72904U,欣銓台新5B售05,0,0,0,---,---,---, ---,,,1.05,25,1.06,10,
72905U,臺慶科台新5B售05,0,0,0,---,---,---, ---,,,1.53,25,1.54,10,
72906U,博智群益5B售04,0,0,0,---,---,---, ---,,,0.00,0,0.00,0,
72907U,群聯富邦61售05,"17,000",4,"11,160",0.67,0.67,0.65,0.66,-,0.02,0.65,13,0.66,28,
72908U,威剛群益65售01,"80,000",2,"154,400",1.93,1.93,1.93,1.93,-,0.02,1.93,100,1.94,100,
72909U,威剛凱基65售01,"34,000",5,"20,620",0.61,0.61,0.60,0.60,-,0.01,0.59,10,0.60,50,
72910U,精材台新5B售06,"2,326,000",21,"508,720",0.23,0.24,0.20,0.21,-,0.08,0.20,125,0.21,10,
72911U,威剛元大5B售16,0,0,0,---,---,---, ---,,,0.74,499,0.75,200,
72912U,良維群益61售02,0,0,0,---,---,---, ---,,,1.32,10,1.42,10,
72913U,威剛群益5B售04,0,0,0,---,---,---, ---,,,0.94,100,0.95,100,
72914U,威剛群益5B售05,0,0,0,---,---,---, ---,,,0.78,100,0.79,100,
72915U,威剛群益61售03,0,0,0,---,---,---, ---,,,0.93,100,0.94,100,
72916U,中美晶凱基5B售06,0,0,0,---,---,---, ---,,,0.76,100,0.77,30,
729170,M31統一59購01,0,0,0,---,---,---, ---,,,0.00,0,0.10,5,
729171,M31統一61購01,0,0,0,---,---,---, ---,,,0.04,10,0.14,10,
729172,M31統一61購02,0,0,0,---,---,---, ---,,,0.06,10,0.16,10,
72917U,威剛凱基5B售09,0,0,0,---,---,---, ---,,,0.69,10,0.70,50,
729185,華星光統一59購03,0,0,0,---,---,---, ---,,,0.00,0,0.00,0,
729186,華星光統一61購01,"14,000",5,"40,320",2.80,2.95,2.80,2.95,-,0.01,2.91,1,2.95,4,
729187,華星光統一61購02,"46,000",10,"138,790",3.16,3.16,2.90,2.90,-,0.28,2.91,10,3.00,1,
72918U,威剛永豐61售03,0,0,0,---,---,---, ---,,,0.55,499,0.56,10,
72919U,順達台新5C售01,"1,003,000",8,"848,110",0.84,0.87,0.84,0.85,+,0.04,0.86,25,0.87,10,
72920U,佳邦群益5C售01,0,0,0,---,---,---, ---,,,1.66,10,1.76,10,
72921U,富喬台新5C售03,"391,000",33,"197,550",0.58,0.58,0.48,0.51,-,0.02,0.49,44,0.50,10,
72922U,威剛凱基5C售05,"20,000",2,"8,400",0.42,0.42,0.42,0.42,-,0.01,0.42,110,0.43,50,
72923U,宜鼎台新5C售05,0,0,0,---,---,---, ---,,,2.47,25,2.49,10,
72924U,台半群益5C售03,0,0,0,---,---,---, ---,,,0.80,10,0.90,10,
72925U,台半凱基5C售03,"57,000",5,"40,040",0.73,0.73,0.70,0.72,+,0.01,0.72,100,0.73,50,
72926U,臺慶科凱基5C售03,0,0,0,---,---,---, ---,,,1.41,100,1.42,10,
72927U,聖暉*台新5C售05,0,0,0,---,---,---, ---,,,2.58,25,2.61,10,
72928U,富喬凱基5C售04,"403,000",23,"102,110",0.24,0.27,0.24,0.25,-,0.02,0.24,130,0.25,30,
72929U,臺慶科台新5C售02,0,0,0,---,---,---, ---,,,2.09,25,2.11,10,
72930U,威剛群益5C售08,0,0,0,---,---,---, ---,,,1.35,100,1.36,100,
729313,旺矽統一59購01,0,0,0,---,---,---, ---,,,0.00,0,0.00,0,
72931U,群聯群益5C售10,0,0,0,---,---,---, ---,,,2.12,100,2.13,100,
72932U,威剛國泰61售02,0,0,0,---,---,---, ---,,,1.56,499,1.57,100,
72933U,世界群益66售01,"5,000",1,"15,100",3.02,3.02,3.02,3.02,+,0.08,2.43,4,0.00,0,
72934U,精材群益66售01,"70,000",11,"81,800",1.25,1.25,1.14,1.14,-,0.17,1.13,10,1.23,10,
72935U,世界台新5C售02,"10,000",2,"26,900",2.69,2.69,2.69,2.69,+,0.09,2.64,25,2.67,10,
72936U,宜鼎凱基5C售10,"179,000",5,"289,590",1.61,1.62,1.59,1.62,+,0.01,1.63,100,1.64,10,
72937U,元太國票62售01,0,0,0,---,---,---, ---,,,1.52,25,1.53,10,
72938U,世界國票62售01,"15,000",2,"20,100",1.34,1.34,1.34,1.34,+,0.05,1.32,25,1.33,10,
72939U,威剛國票62售01,0,0,0,---,---,---, ---,,,0.91,25,0.92,10,
72940U,臺慶科國票62售01,0,0,0,---,---,---, ---,,,1.40,25,1.41,10,
72941U,雙鴻永豐61售04,"69,000",4,"47,290",0.77,0.77,0.66,0.66,-,0.14,0.67,9,0.70,10,
72942U,家登群益61售03,"10,000",1,"11,100",1.11,1.11,1.11,1.11,+,0.05,1.09,10,1.19,10,
72943U,頎邦國票61售01,0,0,0,---,---,---, ---,,,1.36,25,1.37,10,
72945U,頎邦台新61售03,"35,000",3,"69,350",1.98,1.99,1.98,1.99,+,0.12,2.00,25,2.01,10,
72946U,世界群益61售03,"5,000",1,"6,550",1.31,1.31,1.31,1.31,+,0.07,0.76,13,0.00,0,
72947U,台星科群益61售02,0,0,0,---,---,---, ---,,,0.00,0,0.00,0,
72948U,精材群益63售02,"589,000",9,"758,010",1.42,1.42,1.27,1.28,-,0.26,1.25,10,1.35,10,
72949U,威剛元大61售06,0,0,0,---,---,---, ---,,,1.79,400,1.80,200,
72950U,精材凱基63售02,"11,000",2,"12,970",1.17,1.18,1.17,1.18,-,0.2,1.15,100,1.16,30,
72952U,精材國票61售05,"144,000",44,"152,050",1.06,1.11,1.00,1.01,-,0.17,1.00,29,1.01,10,
72953U,精材國票65售02,"118,000",20,"147,470",1.28,1.31,1.18,1.18,-,0.16,1.18,25,1.19,10,
72954U,群聯中信61售02,0,0,0,---,---,---, ---,,,0.91,100,0.92,100,
72955U,宜鼎國票61售03,0,0,0,---,---,---, ---,,,1.08,25,1.09,10,
72956U,群聯國票61售05,0,0,0,---,---,---, ---,,,1.07,25,1.08,10,
72957U,良維群益63售01,0,0,0,---,---,---, ---,,,1.10,10,1.20,10,
72958U,群聯群益63售02,0,0,0,---,---,---, ---,,,1.23,100,1.24,100,
72959U,雙鴻群益63售03,0,0,0,---,---,---, ---,,,0.60,238,0.00,0,
72960U,良維凱基61售03,0,0,0,---,---,---, ---,,,1.17,10,1.18,10,
72961U,群聯凱基61售10,"62,000",2,"65,200",1.06,1.06,1.05,1.05,+,0.02,1.03,100,1.04,30,
72962U,宜鼎群益67售01,0,0,0,---,---,---, ---,,,0.99,100,1.02,100,
72963U,中美晶國票61售06,0,0,0,---,---,---, ---,,,1.86,25,1.89,10,
72964U,中美晶國票64售02,"20,000",1,"42,200",2.11,2.11,2.11,2.11,+,0.09,2.06,25,2.07,10,
72965U,青雲國票61售03,"172,000",9,"289,450",1.71,1.76,1.62,1.62,-,0.19,1.60,25,1.61,10,
72966U,雙鴻凱基61售07,"410,000",12,"182,900",0.51,0.51,0.41,0.41,-,0.16,0.40,20,0.41,10,
72967U,順達國票61售03,"21,000",2,"26,350",1.25,1.27,1.25,1.27,+,0.06,1.26,25,1.27,10,
72968U,群聯國票64售01,0,0,0,---,---,---, ---,,,1.21,25,1.22,10,
72969U,聖暉*國票61售05,0,0,0,---,---,---, ---,,,1.44,25,1.45,10,
72970U,雙鴻國票61售02,0,0,0,---,---,---, ---,,,0.10,498,0.60,10,
72971U,良維群益67售01,0,0,0,---,---,---, ---,,,2.14,10,2.24,10,
72972U,雙鴻群益61售03,"4,000",3,"1,860",0.51,0.51,0.45,0.45,-,0.15,0.44,1,0.00,0,
72973U,M31國票61售02,"32,000",2,"32,320",1.01,1.01,1.01,1.01,+,0.05,1.02,25,1.03,10,
72974U,威剛國票65售01,0,0,0,---,---,---, ---,,,1.01,25,1.02,10,
72975U,譜瑞國票61售01,"4,000",1,"4,280",1.07,1.07,1.07,1.07,+,0.02,1.05,25,1.06,10,
72976U,順達凱基61售06,"188,000",7,"222,370",1.17,1.23,1.17,1.23,+,0.05,1.23,100,1.24,50,
72977U,雙鴻國泰63售01,"131,000",16,"111,760",0.94,0.94,0.78,0.78,-,0.21,0.71,199,0.78,499,
72978U,威剛凱基61售06,0,0,0,---,---,---, ---,,,0.86,10,0.87,50,
72979U,群聯台新61售07,"10,000",1,"7,400",0.74,0.74,0.74,0.74,-,0.02,0.74,25,0.75,10,
729804,僑威統一5A購01,0,0,0,---,---,---, ---,,,0.03,300,0.16,10,
729808,騰雲統一5A購01,0,0,0,---,---,---, ---,,,0.35,5,0.43,10,
72980U,頎邦凱基61售05,"27,000",4,"52,730",1.96,1.98,1.95,1.98,+,0.12,1.97,100,2.07,10,
72981U,欣銓國票61售04,"24,000",2,"23,000",0.96,0.96,0.95,0.95,+,0.05,0.94,25,0.95,10,
72982U,華景電國票61售02,0,0,0,---,---,---, ---,,,0.95,25,0.96,10,
72983U,家登群益63售02,0,0,0,---,---,---, ---,,,1.30,10,1.40,10,
72984U,凡甲國票61售01,0,0,0,---,---,---, ---,,,1.07,25,1.08,10,
72985U,中美晶國票63售01,"42,000",3,"50,640",1.22,1.22,1.20,1.20,+,0.04,1.18,25,1.19,10,
72986U,元太國票61售02,0,0,0,---,---,---, ---,,,1.24,25,1.25,10,
72987U,宜特國票61售02,0,0,0,---,---,---, ---,,,0.97,25,0.98,10,
72988U,頎邦國票64售02,"5,000",1,"3,250",0.65,0.65,0.65,0.65,+,0.03,0.63,25,0.64,10,
729890,廣積統一59購01,0,0,0,---,---,---, ---,,,0.00,0,0.05,10,
72989U,廣穎國票61售01,0,0,0,---,---,---, ---,,,0.94,25,0.95,10,
72990U,中美晶元大61售09,0,0,0,---,---,---, ---,,,1.27,499,1.28,200,
72991U,群聯元大61售20,"25,000",3,"29,350",1.18,1.18,1.17,1.17,-,0.02,1.17,494,1.18,200,
72992U,中美晶富邦67售02,0,0,0,---,---,---, ---,,,0.77,30,0.78,28,
72993U,中美晶凱基63售03,"10,000",1,"12,700",1.27,1.27,1.27,1.27,+,0.03,1.26,100,1.27,30,
72994U,元太凱基61售07,"47,000",4,"66,790",1.42,1.43,1.41,1.41,+,0.07,0.98,10,1.59,3,
72995U,群聯凱基63售03,0,0,0,---,---,---, ---,,,0.83,100,0.84,30,
72996U,立碁國票64售02,"70,000",2,"62,500",0.91,0.91,0.88,0.88,-,0.09,0.79,40,0.85,10,
72997U,良維國票61售02,"5,000",1,"3,850",0.77,0.77,0.77,0.77,-,0.04,0.79,25,0.80,10,
72998U,新普國票61售02,0,0,0,---,---,---, ---,,,0.78,25,0.79,10,
72999U,世界國票62售02,"1,000",1,970,0.97,0.97,0.97,0.97,+,0.03,0.95,25,0.96,10,
73000U,宜鼎國票63售01,"10,000",1,"8,700",0.87,0.87,0.87,0.87,+,0.02,0.85,25,0.86,10,
73001U,欣銓國票63售01,"4,000",3,"3,780",0.93,0.96,0.93,0.96,+,0.06,0.93,25,0.94,10,
73002U,順達國票63售01,0,0,0,---,---,---, ---,,,0.76,25,0.77,10,
73003U,鈊象國票62售01,0,0,0,---,---,---, ---,,,1.06,25,1.07,10,
73004U,群翊國票62售01,"10,000",1,"9,500",0.95,0.95,0.95,0.95,+,0.05,0.93,25,0.94,10,
73005U,群聯國票62售01,0,0,0,---,---,---, ---,,,0.58,25,0.59,10,
73006U,雙鴻國票63售01,0,0,0,---,---,---, ---,,,0.10,498,0.71,10,
73007U,世界凱基63售03,"10,000",1,"10,300",1.03,1.03,1.03,1.03,+,0.05,1.01,100,1.02,10,
73008U,中美晶國票64售03,0,0,0,---,---,---, ---,,,0.78,25,0.79,10,
73009U,光焱國票65售01,0,0,0,---,---,---, ---,,,0.47,25,0.48,10,
73010U,頎邦國票64售03,"6,000",1,"3,660",0.61,0.61,0.61,0.61,+,0.03,0.61,25,0.62,10,
73011U,中美晶國票66售01,0,0,0,---,---,---, ---,,,0.82,25,0.83,10,
73012U,威剛國票65售02,0,0,0,---,---,---, ---,,,1.09,25,1.10,10,
73013U,威剛元大63售02,"30,000",3,"34,000",1.14,1.14,1.12,1.12,-,0.07,1.12,499,1.13,200,
73014U,家登凱基63售02,0,0,0,---,---,---, ---,,,0.55,100,0.56,50,
730157,綠界*統一5A購01,0,0,0,---,---,---, ---,,,0.00,0,0.08,62,
73015U,新應材凱基63售04,0,0,0,---,---,---, ---,,,0.96,100,1.06,10,
73016U,宜鼎國票66售02,0,0,0,---,---,---, ---,,,1.00,25,1.01,10,
73017U,順達國票66售01,"115,000",2,"118,300",1.02,1.04,1.02,1.04,+,0.02,1.04,25,1.05,10,
73018U,群聯國票66售02,0,0,0,---,---,---, ---,,,0.83,25,0.84,10,
73019U,雙鴻國票66售02,"60,000",4,"48,100",0.85,0.85,0.78,0.78,-,0.09,0.71,229,0.76,10,
73020U,雙鴻元大63售07,"110,000",3,"89,100",0.81,0.81,0.81,0.81,-,0.17,0.09,198,0.78,10,
73021U,威剛凱基63售03,0,0,0,---,---,---, ---,,,1.06,10,1.07,50,
73022U,威剛元大63售03,0,0,0,---,---,---, ---,,,1.14,499,1.15,200,
73023U,雙鴻凱基63售07,"50,000",3,"36,700",0.79,0.79,0.67,0.67,-,0.13,0.62,279,0.66,10,
73024U,弘塑國票67售01,"2,000",1,"2,200",1.10,1.10,1.10,1.10,+,0.05,1.10,25,1.11,10,
73025U,朋億*國票66售02,0,0,0,---,---,---, ---,,,1.18,25,1.19,10,
73026U,金山電國票68售01,0,0,0,---,---,---, ---,,,1.37,25,1.38,10,
73027U,萬潤國票66售02,"70,000",5,"60,200",0.85,0.88,0.85,0.86,+,0.01,0.85,25,0.86,10,
73028U,萬潤國票68售02,0,0,0,---,---,---, ---,,,1.16,25,1.17,10,
73029U,聖暉*國票66售01,0,0,0,---,---,---, ---,,,1.13,25,1.14,10,
73030U,中美晶台新62售02,0,0,0,---,---,---, ---,,,1.03,25,1.04,10,
73031U,威剛凱基63售05,0,0,0,---,---,---, ---,,,1.10,10,1.11,50,
73032U,M31國票66售01,0,0,0,---,---,---, ---,,,1.05,25,1.06,10,
73033U,富喬台新62售01,"1,000",1,980,0.98,0.98,0.98,0.98,-,0.0,0.95,25,0.96,10,
73034U,中美晶凱基64售03,0,0,0,---,---,---, ---,,,1.06,100,1.07,30,
73035U,群聯永豐64售12,0,0,0,---,---,---, ---,,,1.44,499,1.45,10,
73036U,富喬國票63售02,"26,000",4,"27,240",1.05,1.06,1.04,1.06,-,0.0,1.03,25,1.04,10,
73037U,富喬國票65售01,"14,000",2,"17,780",1.27,1.27,1.27,1.27,-,0.04,1.27,25,1.28,10,
73038U,中美晶群益63售03,0,0,0,---,---,---, ---,,,0.73,10,0.83,10,
73039U,東捷群益64售02,0,0,0,---,---,---, ---,,,0.00,0,0.00,0,
730401,M31統一62購01,0,0,0,---,---,---, ---,,,0.03,10,0.13,10,
730402,M31統一62購02,"10,000",1,600,0.06,0.06,0.06,0.06,-,0.01,0.06,988,0.00,0,
730403,M31統一62購03,0,0,0,---,---,---, ---,,,0.00,0,0.00,0,
73040U,穩懋群益64售02,"235,000",11,"396,100",1.76,1.76,1.58,1.69,-,0.05,1.69,100,1.70,100,
73041U,穩懋國泰64售01,"99,000",4,"128,620",1.32,1.33,1.23,1.33,+,0.08,1.27,499,1.28,100,
73042U,穩懋凱基63售06,"151,000",16,"186,730",1.23,1.27,1.17,1.24,+,0.01,1.19,100,1.20,50,
73043U,穩懋凱基63售07,"50,000",2,"33,800",0.67,0.70,0.67,0.70,+,0.02,0.64,100,0.65,50,
73044U,宏捷科凱基63售01,0,0,0,---,---,---, ---,,,1.02,100,1.03,10,
73045U,蜜望實國票63售02,0,0,0,---,---,---, ---,,,1.74,25,1.75,10,
73046U,中美晶中信62售02,0,0,0,---,---,---, ---,,,0.72,10,0.73,10,
73047U,宜特群益62售02,0,0,0,---,---,---, ---,,,0.00,0,0.00,0,
73048U,東捷群益62售02,"122,000",3,"398,160",3.19,3.35,3.19,3.34,+,0.25,2.31,4,0.00,0,
730493,昇達科統一5C購01,"4,000",1,"13,840",3.46,3.46,3.46,3.46,-,0.6,3.46,6,4.00,6,
73049U,振曜群益66售01,0,0,0,---,---,---, ---,,,3.68,25,3.69,10,
73050U,群聯永豐63售04,"40,000",1,"52,400",1.31,1.31,1.31,1.31,-,0.01,1.31,499,1.32,10,
73051U,陽程國票66售01,"2,000",2,"1,490",0.90,0.90,0.59,0.59,-,0.05,0.48,224,0.59,9,
73052U,世紀*國票6A售01,"2,314,000",332,"2,228,280",1.28,1.28,0.80,0.80,-,0.4,0.00,0,0.80,11,
73053U,頎邦台新62售02,0,0,0,---,---,---, ---,,,1.42,25,1.43,10,
73054U,弘塑群益64售01,"17,000",4,"16,690",0.97,0.99,0.97,0.99,+,0.08,0.70,14,0.00,0,
73055U,世紀*國票68售01,"282,000",63,"337,880",1.35,1.45,1.01,1.01,-,0.34,0.00,0,1.01,9,
73056U,沛亨國票68售01,0,0,0,---,---,---, ---,,,1.03,25,1.04,10,
73057U,宜鼎元大62售02,"40,000",3,"80,500",1.98,2.03,1.98,2.02,+,0.03,2.01,400,2.02,200,
73058U,頎邦群益62售03,"10,000",1,"6,900",0.69,0.69,0.69,0.69,+,0.11,0.67,10,0.77,10,
73059U,安葆國票68售01,0,0,0,---,---,---, ---,,,0.99,25,1.00,10,
73060U,宏捷科國票63售01,0,0,0,---,---,---, ---,,,0.94,25,0.95,10,
73061U,環球晶凱基62售06,"25,000",4,"43,320",1.65,1.78,1.65,1.72,+,0.16,1.66,100,1.76,10,
73062U,環球晶群益64售01,"20,000",1,"15,800",0.79,0.79,0.79,0.79,+,0.06,0.00,0,0.00,0,
73063U,環球晶中信62售03,0,0,0,---,---,---, ---,,,0.84,499,0.85,10,
73064U,環球晶元大62售04,0,0,0,---,---,---, ---,,,0.60,16,1.53,1,
73065U,環球晶台新63售01,"44,000",3,"66,880",1.52,1.52,1.52,1.52,+,0.03,1.50,25,1.60,10,
73066U,千附精國票63售01,"499,000",1,"374,250",0.75,0.75,0.75,0.75,-,0.05,0.77,25,0.78,10,
73067U,晶宏國票63售01,0,0,0,---,---,---, ---,,,0.87,25,0.88,10,
730733,原相統一5B購01,0,0,0,---,---,---, ---,,,0.01,10,0.02,10,
731063,元債20元大59購01,0,0,0,---,---,---, ---,,,0.00,0,0.01,145,
731093,僑威統一59購01,0,0,0,---,---,---, ---,,,0.00,0,0.00,0,
731162,兆利統一59購01,0,0,0,---,---,---, ---,,,0.00,0,0.03,214,
731240,金麗科元富61購01,0,0,0,---,---,---, ---,,,0.00,0,0.00,0,
731248,萬潤元富59購01,0,0,0,---,---,---, ---,,,10.80,25,11.80,10,
731264,順達統一59購01,0,0,0,---,---,---, ---,,,2.20,10,2.30,10,
731265,順達統一5B購01,0,0,0,---,---,---, ---,,,1.97,10,2.07,10,
731277,元債20凱基59購01,0,0,0,---,---,---, ---,,,0.00,0,0.10,10,
731332,大綜統一59購01,0,0,0,---,---,---, ---,,,0.02,10,0.12,10,
731493,亞信統一59購01,0,0,0,---,---,---, ---,,,0.00,0,0.00,0,
731495,英濟統一5B購01,0,0,0,---,---,---, ---,,,0.03,10,0.09,60,
731555,順達統一59購02,0,0,0,---,---,---, ---,,,1.21,10,1.22,10,
731584,群聯統一5B購01,"1,000",1,"6,350",6.35,6.35,6.35,6.35,+,0.5,5.20,26,6.35,30,
731670,信紘科統一59購01,0,0,0,---,---,---, ---,,,0.03,10,0.12,10,
731671,茂綸統一59購01,0,0,0,---,---,---, ---,,,0.10,10,0.20,10,
731730,順達統一59購03,0,0,0,---,---,---, ---,,,1.12,10,1.22,10,
731874,茂訊統一59購01,0,0,0,---,---,---, ---,,,0.08,10,0.09,10,
731877,鈊象統一59購01,0,0,0,---,---,---, ---,,,0.02,10,0.03,10,
731945,千附精統一59購02,"2,000",2,"1,720",0.87,0.87,0.85,0.85,+,0.05,0.85,10,0.95,10,
731949,茂綸統一59購02,0,0,0,---,---,---, ---,,,0.02,10,0.07,10,
732049,系統電統一59購01,0,0,0,---,---,---, ---,,,0.03,10,0.12,20,
732050,信立統一59購01,0,0,0,---,---,---, ---,,,0.00,0,0.10,100,
732051,高鋒統一59購01,0,0,0,---,---,---, ---,,,0.00,0,0.01,90,
732054,博智統一59購01,0,0,0,---,---,---, ---,,,2.00,10,2.10,10,
732069,金山電統一59購01,0,0,0,---,---,---, ---,,,1.71,10,1.81,10,
732167,精剛統一59購01,0,0,0,---,---,---, ---,,,0.00,0,0.00,0,
732269,M31統一63購01,0,0,0,---,---,---, ---,,,0.15,20,0.16,10,
732271,千附統一59購01,0,0,0,---,---,---, ---,,,0.17,10,0.27,10,
732272,千附統一5B購01,0,0,0,---,---,---, ---,,,0.18,10,0.28,10,
732275,萬泰科統一59購01,0,0,0,---,---,---, ---,,,0.93,10,0.94,10,
732277,精剛統一59購02,0,0,0,---,---,---, ---,,,0.00,0,0.17,1,
732332,M31統一63購02,0,0,0,---,---,---, ---,,,0.16,10,0.20,544,
732545,晟德統一5A購01,0,0,0,---,---,---, ---,,,0.16,4,0.25,210,
732586,印能統一5A購01,0,0,0,---,---,---, ---,,,0.00,0,0.00,0,
732653,光焱統一5A購01,0,0,0,---,---,---, ---,,,1.08,10,1.09,10,
733025,華星光統一5B購02,0,0,0,---,---,---, ---,,,5.80,10,0.00,0,
733133,振曜群益59購01,0,0,0,---,---,---, ---,,,0.00,0,0.01,253,
733178,華星光統一59購04,0,0,0,---,---,---, ---,,,7.00,10,0.00,0,
733248,宇峻統一5B購01,0,0,0,---,---,---, ---,,,0.02,10,0.12,10,
733332,大宇資統一5B購01,0,0,0,---,---,---, ---,,,0.00,0,0.00,0,
733411,美琪瑪統一61購01,"20,000",1,"11,400",0.57,0.57,0.57,0.57,-,0.01,0.56,10,0.57,10,
733460,先進光統一5B購01,"76,000",12,"78,490",1.03,1.05,1.00,1.04,+,0.01,0.90,6,1.03,9,
733461,先進光統一65購01,"1,271,000",122,"887,910",0.65,0.73,0.63,0.70,+,0.05,0.69,507,0.70,20,
733467,新應材統一5B購01,0,0,0,---,---,---, ---,,,0.00,0,0.00,0,
733471,營邦統一5B購01,"18,000",1,"33,660",1.87,1.87,1.87,1.87,+,0.12,1.87,10,1.94,1,
733560,大學光統一5B購01,0,0,0,---,---,---, ---,,,0.03,10,0.09,10,
733563,弘塑統一5B購01,"19,000",2,"23,090",1.22,1.22,1.21,1.21,-,0.02,1.14,10,1.24,10,
733653,創惟統一5B購01,"11,000",2,110,0.01,0.01,0.01,0.01,-,0.0,0.01,488,0.06,140,
733654,創惟統一65購01,0,0,0,---,---,---, ---,,,0.13,10,0.18,10,
733655,創惟統一65購02,0,0,0,---,---,---, ---,,,0.10,10,0.15,10,
733656,創惟統一65購03,0,0,0,---,---,---, ---,,,0.06,10,0.07,10,
733695,高端統一5B購01,"18,000",6,"11,820",0.66,0.71,0.63,0.70,+,0.02,0.65,4,0.71,299,
733696,高端統一65購01,"1,305,000",26,"982,590",0.77,0.77,0.73,0.75,-,0.02,0.74,10,0.75,10,
733702,創惟統一5C購01,0,0,0,---,---,---, ---,,,0.01,10,0.02,10,
733760,高端統一65購02,"48,000",6,"35,600",0.72,0.90,0.72,0.90,+,0.11,0.00,0,0.90,335,
733800,華星光統一5B購03,0,0,0,---,---,---, ---,,,3.65,10,0.00,0,
733958,新應材統一5C購01,0,0,0,---,---,---, ---,,,0.20,10,0.21,10,
733959,新應材統一5C購02,0,0,0,---,---,---, ---,,,0.56,10,0.66,10,
733983,富喬統一5C購01,"43,000",3,"160,110",3.72,3.87,3.72,3.87,+,0.1,3.85,10,3.95,10,
734209,華星光統一66購01,"25,000",9,"90,900",3.61,3.65,3.57,3.57,-,0.04,3.58,10,3.59,10,
734284,竹陞統一5C購01,0,0,0,---,---,---, ---,,,6.50,10,0.00,0,
734285,良維統一5A購01,0,0,0,---,---,---, ---,,,2.99,10,3.09,10,
734287,鈦昇統一59購01,"53,000",8,"105,650",2.02,2.02,1.91,1.96,-,0.19,1.96,10,1.97,10,
734294,耀勝統一59購01,0,0,0,---,---,---, ---,,,0.00,0,0.00,0,
734352,竹陞統一5C購02,0,0,0,---,---,---, ---,,,7.15,10,0.00,0,
734355,南俊統一5C購01,0,0,0,---,---,---, ---,,,3.88,2,0.00,0,
734508,台燿統一5C購01,0,0,0,---,---,---, ---,,,0.00,0,0.00,0,
734519,建榮統一5C購01,"80,000",7,"88,500",1.10,1.11,1.10,1.11,+,0.04,1.01,10,1.06,10,
734521,智通*統一5C購01,"12,000",1,"12,960",1.08,1.08,1.08,1.08,-,0.02,1.06,10,1.16,10,
734535,台燿永豐59購01,0,0,0,---,---,---, ---,,,25.60,499,26.60,10,
734707,智通*統一5C購02,0,0,0,---,---,---, ---,,,0.80,10,0.86,10,
734708,新漢統一5C購01,0,0,0,---,---,---, ---,,,0.09,10,0.14,10,
734710,雙鴻統一62購01,"1,000",1,720,0.72,0.72,0.72,0.72,+,0.09,0.80,10,0.85,1,
734782,宇峻統一5C購01,0,0,0,---,---,---, ---,,,0.15,10,0.17,10,
734783,均華統一5C購01,"11,000",2,"11,100",0.99,1.20,0.99,1.20,+,0.17,0.79,12,1.33,2,
734785,萬潤統一5C購01,0,0,0,---,---,---, ---,,,3.81,1,0.00,0,
734873,前鼎統一5C購01,0,0,0,---,---,---, ---,,,2.45,5,0.00,0,
734874,威剛統一5C購01,0,0,0,---,---,---, ---,,,6.25,10,0.00,0,
734994,新應材統一62購01,"69,000",10,"17,330",0.24,0.35,0.24,0.33,-,0.06,0.24,10,0.33,3,
735028,新應材元富63購01,"325,000",11,"295,650",0.95,0.95,0.89,0.95,-,0.05,0.90,25,1.00,10,
735029,新應材元富64購01,0,0,0,---,---,---, ---,,,2.00,25,0.00,0,
735271,波若威統一62購01,"10,000",1,"71,500",7.15,7.15,7.15,7.15,-,0.55,7.30,10,8.20,1,
735304,華景電統一5A購01,0,0,0,---,---,---, ---,,,0.46,10,0.56,10,
735306,順達統一5C購01,"15,000",1,"9,900",0.66,0.66,0.66,0.66,-,0.0,0.42,23,0.91,8,
735512,華星光統一61購03,"8,000",2,"27,580",3.44,3.50,3.44,3.50,+,0.06,3.49,8,3.60,5,
735556,百德統一59購01,0,0,0,---,---,---, ---,,,0.00,0,0.00,0,
735557,波若威統一63購01,0,0,0,---,---,---, ---,,,8.80,1,9.90,1,
735647,久禾光統一61購01,0,0,0,---,---,---, ---,,,0.05,30,0.10,10,
735648,久禾光統一63購01,0,0,0,---,---,---, ---,,,0.09,10,0.11,10,
735650,台特化統一59購01,0,0,0,---,---,---, ---,,,0.32,10,0.42,10,
735654,信紘科統一5A購01,"10,000",1,300,0.03,0.03,0.03,0.03,-,0.11,0.03,10,0.13,10,
735658,彩富統一5B購01,0,0,0,---,---,---, ---,,,0.27,10,0.31,10,
735659,彩富統一61購01,"29,000",1,"5,800",0.20,0.20,0.20,0.20,+,0.01,0.18,10,0.20,10,
735660,彩富統一63購01,0,0,0,---,---,---, ---,,,0.18,10,0.20,10,
735661,富喬統一5A購01,0,0,0,---,---,---, ---,,,7.25,10,0.00,0,
735665,意德士統一61購01,0,0,0,---,---,---, ---,,,0.70,10,0.71,10,
735724,久禾光統一61購02,0,0,0,---,---,---, ---,,,0.05,100,0.06,10,
735848,生合統一63購01,0,0,0,---,---,---, ---,,,0.00,0,0.11,10,
735849,均華統一63購01,"42,000",6,"29,950",0.66,0.77,0.66,0.77,+,0.07,0.80,10,0.91,1,
735852,宏觀統一61購01,0,0,0,---,---,---, ---,,,0.12,10,0.14,10,
735853,旺矽統一61購01,0,0,0,---,---,---, ---,,,0.00,0,0.00,0,
735855,南俊統一61購01,"15,000",6,"60,120",4.32,4.32,3.80,4.00,-,0.38,3.72,2,5.10,10,
735923,創惟統一59購01,0,0,0,---,---,---, ---,,,0.00,0,0.01,10,
735925,雙鴻統一59購01,"15,000",2,"31,500",2.00,2.15,2.00,2.15,-,0.25,2.25,10,0.00,0,
736081,均華統一63購02,"65,000",8,"40,090",0.59,0.64,0.59,0.64,+,0.05,0.67,10,0.70,10,
736082,均豪統一61購01,0,0,0,---,---,---, ---,,,0.46,10,0.56,10,
736084,昇達科統一59購03,0,0,0,---,---,---, ---,,,9.30,10,9.80,10,
736086,創惟統一59購02,0,0,0,---,---,---, ---,,,0.00,0,0.01,10,
736153,台燿統一61購01,0,0,0,---,---,---, ---,,,0.00,0,0.00,0,
736154,立碁統一61購01,"10,000",5,"8,700",0.87,0.87,0.87,0.87,+,0.24,0.77,10,0.00,0,
736156,均華統一5C購02,"30,000",1,"19,200",0.64,0.64,0.64,0.64,+,0.01,0.68,10,0.69,10,
736157,旺矽統一59購02,0,0,0,---,---,---, ---,,,11.60,10,0.00,0,
736158,金居統一59購01,0,0,0,---,---,---, ---,,,17.70,10,0.00,0,
736159,金居統一59購02,0,0,0,---,---,---, ---,,,18.10,10,0.00,0,
736160,金居統一62購01,"12,000",8,"146,200",12.00,12.40,12.00,12.30,-,0.6,11.90,1,12.30,7,
736161,閎康統一59購01,0,0,0,---,---,---, ---,,,0.54,10,0.64,10,
736242,宜特統一59購01,0,0,0,---,---,---, ---,,,0.09,10,0.13,20,
736243,宜特統一61購01,"105,000",3,"27,350",0.26,0.27,0.26,0.26,-,0.03,0.25,60,0.27,10,
736244,金居統一61購01,"5,000",2,"51,400",10.30,10.30,10.20,10.20,-,0.0,10.40,10,10.50,2,
736249,家登統一61購01,0,0,0,---,---,---, ---,,,0.50,10,0.60,10,
736346,立碁統一59購01,"2,000",2,"1,980",0.99,0.99,0.99,0.99,+,0.19,0.99,10,1.11,1,
736349,安國統一63購01,0,0,0,---,---,---, ---,,,0.26,25,0.00,0,
736350,安國統一65購01,"61,000",12,"10,640",0.17,0.30,0.17,0.30,+,0.03,0.00,0,0.30,1,
736351,安國統一66購01,0,0,0,---,---,---, ---,,,0.12,14,0.13,10,
736352,安國統一67購01,0,0,0,---,---,---, ---,,,0.08,18,0.00,0,
736353,安國統一67購02,0,0,0,---,---,---, ---,,,0.08,120,0.00,0,
736354,安國統一67購03,0,0,0,---,---,---, ---,,,0.19,5,0.27,18,
736360,閎康統一5B購01,0,0,0,---,---,---, ---,,,0.32,10,0.42,10,
736427,M31統一61購03,"10,000",1,"1,000",0.10,0.10,0.10,0.10,-,0.0,0.10,20,0.20,30,
736428,立碁統一59購02,"35,000",7,"10,750",0.40,0.43,0.30,0.30,+,0.14,0.29,100,0.41,20,
736430,宏捷科統一59購01,"2,000",1,"1,160",0.58,0.58,0.58,0.58,-,0.0,0.53,10,0.58,1,
736431,宏捷科統一61購01,0,0,0,---,---,---, ---,,,0.48,10,0.55,10,
736433,波若威統一59購04,0,0,0,---,---,---, ---,,,7.70,10,0.00,0,
736434,信紘科統一59購02,0,0,0,---,---,---, ---,,,0.00,0,0.00,0,
736436,晶呈統一59購01,0,0,0,---,---,---, ---,,,0.00,0,3.91,32,
736439,順達統一59購04,0,0,0,---,---,---, ---,,,1.36,10,1.37,10,
736443,雙鴻統一62購02,"80,000",7,"68,390",0.80,0.92,0.80,0.92,+,0.22,0.77,20,0.00,0,
736444,穩懋統一61購01,0,0,0,---,---,---, ---,,,7.50,10,8.00,10,
736474,中美晶統一5A購01,"5,000",1,"3,600",0.72,0.72,0.72,0.72,-,0.05,0.65,3,0.72,4,
736475,立碁統一59購03,0,0,0,---,---,---, ---,,,1.31,10,1.39,1,
736476,系微統一5B購01,0,0,0,---,---,---, ---,,,0.10,5,0.12,10,
736477,神盾統一5A購01,0,0,0,---,---,---, ---,,,0.02,10,0.12,10,
736478,新盛力統一67購01,"10,000",1,"39,400",3.94,3.94,3.94,3.94,-,0.0,0.00,0,0.00,0,
736479,漢磊統一61購01,"23,000",6,"19,240",0.80,0.94,0.80,0.94,-,0.03,0.85,33,1.08,42,
736480,廣運統一61購01,0,0,0,---,---,---, ---,,,0.05,10,0.14,10,
736585,振曜統一59購02,0,0,0,---,---,---, ---,,,0.00,0,0.02,69,
736586,神盾統一5C購01,0,0,0,---,---,---, ---,,,0.02,10,0.03,10,
736604,元債20凱基67購01,0,0,0,---,---,---, ---,,,2.10,100,2.20,10,
736736,力旺統一61購01,"32,000",9,"16,910",0.50,0.82,0.47,0.80,+,0.12,0.52,2,0.80,1,
736740,安國統一59購01,0,0,0,---,---,---, ---,,,0.00,0,0.00,0,
736741,安國統一61購01,0,0,0,---,---,---, ---,,,0.03,18,0.05,10,
736933,系統電統一59購02,0,0,0,---,---,---, ---,,,0.58,10,0.59,10,
736934,金居統一5B購01,"174,000",32,"1,608,050",9.15,9.90,9.00,9.40,-,0.05,9.35,10,9.40,6,
736935,前鼎統一5B購01,0,0,0,---,---,---, ---,,,3.13,10,0.00,0,
736938,晶呈統一5B購01,"1,000",1,"3,160",3.16,3.16,3.16,3.16,-,0.46,3.15,10,3.20,1,
736997,華景電統一59購01,0,0,0,---,---,---, ---,,,0.69,10,0.70,10,
737015,中美晶國票59購01,0,0,0,---,---,---, ---,,,2.85,25,0.00,0,
737086,良維統一62購01,0,0,0,---,---,---, ---,,,1.55,10,1.65,10,
737088,富喬統一5A購02,"21,000",3,"82,580",3.90,4.00,3.90,4.00,+,0.73,4.00,5,4.01,50,
737153,正基統一5A購01,0,0,0,---,---,---, ---,,,0.00,0,0.00,0,
737161,富喬統一5A購03,0,0,0,---,---,---, ---,,,3.50,10,3.51,10,
737163,新應材統一59購01,0,0,0,---,---,---, ---,,,0.17,10,0.18,10,
737197,智通*國票59購01,0,0,0,---,---,---, ---,,,2.58,25,0.00,0,
737198,智通*國票5B購01,0,0,0,---,---,---, ---,,,2.08,25,2.14,10,
737321,立碁統一5C購01,"63,000",12,"32,350",0.47,0.65,0.47,0.65,+,0.22,0.65,1,0.00,0,
737801,漢磊國票5B購01,0,0,0,---,---,---, ---,,,1.95,25,0.00,0,
737929,台燿統一5A購01,0,0,0,---,---,---, ---,,,0.00,0,0.00,0,
737930,晶呈統一5C購01,"2,000",1,"2,980",1.49,1.49,1.49,1.49,-,0.15,1.50,10,1.60,10,
737931,萬泰科統一59購02,0,0,0,---,---,---, ---,,,0.23,10,0.33,10,
737933,譜瑞統一5B購01,"35,000",2,350,0.01,0.01,0.01,0.01,-,0.0,0.01,165,0.10,140,
738135,台燿統一5C購02,0,0,0,---,---,---, ---,,,0.00,0,0.00,0,
738137,亞信統一5B購01,0,0,0,---,---,---, ---,,,0.20,100,0.21,10,
738138,亞信統一64購01,0,0,0,---,---,---, ---,,,0.24,10,0.34,10,
738140,美琪瑪統一64購01,"5,000",1,"1,350",0.27,0.27,0.27,0.27,-,0.01,0.26,10,0.27,10,
738144,順達統一5B購02,0,0,0,---,---,---, ---,,,0.12,10,0.00,0,
738145,順達統一5C購02,"10,000",1,"4,400",0.44,0.44,0.44,0.44,-,0.02,0.38,10,0.41,10,
738150,漢科統一5B購01,"30,000",1,"1,500",0.05,0.05,0.05,0.05,-,0.05,0.05,10,0.15,10,
738151,漢科統一5C購01,"5,000",1,650,0.13,0.13,0.13,0.13,-,0.01,0.12,10,0.13,5,
738152,精測統一5B購01,0,0,0,---,---,---, ---,,,2.34,10,2.35,10,
738153,精測統一64購01,0,0,0,---,---,---, ---,,,1.32,10,1.82,10,
738154,廣明統一64購01,"20,000",1,"1,000",0.05,0.05,0.05,0.05,-,0.02,0.05,90,0.07,10,
738155,擎亞統一5B購01,0,0,0,---,---,---, ---,,,3.95,10,0.00,0,
738156,譜瑞統一5C購01,0,0,0,---,---,---, ---,,,0.12,50,0.21,10,
738157,譜瑞統一64購01,"1,000",1,300,0.30,0.30,0.30,0.30,-,0.0,0.21,10,0.30,8,
738183,凡甲統一5C購01,0,0,0,---,---,---, ---,,,0.50,10,0.60,10,
738184,世禾統一5B購01,0,0,0,---,---,---, ---,,,0.11,10,0.16,10,
738187,昱展統一64購01,0,0,0,---,---,---, ---,,,0.00,0,0.16,10,
738190,順達統一5A購01,0,0,0,---,---,---, ---,,,0.30,10,0.31,10,
738191,聖暉*統一5A購02,0,0,0,---,---,---, ---,,,0.19,10,0.29,10,
738192,聖暉*統一64購01,0,0,0,---,---,---, ---,,,0.29,10,0.39,10,
738281,M31統一5B購01,0,0,0,---,---,---, ---,,,0.10,10,0.11,10,
738282,M31統一5C購01,"10,000",1,800,0.08,0.08,0.08,0.08,-,0.01,0.08,20,0.15,30,
738284,千附精統一59購03,0,0,0,---,---,---, ---,,,2.04,10,0.00,0,
738285,旺矽統一63購01,0,0,0,---,---,---, ---,,,0.00,0,4.95,1,
738286,信紘科統一64購01,0,0,0,---,---,---, ---,,,0.18,10,0.20,10,
738288,新應材統一64購01,"1,000",1,460,0.46,0.46,0.46,0.46,-,0.01,0.00,0,0.61,5,
738291,環球晶統一64購01,"10,000",2,"26,250",2.70,2.70,2.55,2.55,-,0.57,0.00,0,0.00,0,
738557,譜瑞元大59購01,0,0,0,---,---,---, ---,,,0.00,0,0.01,125,
738567,精測國票5B購01,0,0,0,---,---,---, ---,,,7.70,25,8.20,10,
738588,譜瑞元大59購02,"2,000",2,150,0.10,0.10,0.05,0.05,+,0.04,0.00,0,0.03,8,
738605,譜瑞凱基59購01,0,0,0,---,---,---, ---,,,0.00,0,0.00,0,
738619,精測群益59購01,0,0,0,---,---,---, ---,,,0.00,0,0.00,0,
738651,世禾統一59購01,0,0,0,---,---,---, ---,,,0.01,10,0.02,10,
738653,兆利統一59購02,0,0,0,---,---,---, ---,,,0.00,0,0.01,59,
738654,旺矽統一59購03,0,0,0,---,---,---, ---,,,0.00,0,0.00,0,
738655,旺矽統一59購04,0,0,0,---,---,---, ---,,,7.30,10,7.35,10,
738658,順達統一59購05,"30,000",1,600,0.02,0.02,0.02,0.02,-,0.18,0.02,10,0.10,40,
738661,廣明統一59購01,0,0,0,---,---,---, ---,,,0.00,0,0.00,0,
738663,雙鴻統一59購02,0,0,0,---,---,---, ---,,,2.71,10,0.00,0,
738675,振曜國票59購01,0,0,0,---,---,---, ---,,,0.00,0,0.01,35,
738690,群聯元大59購01,0,0,0,---,---,---, ---,,,38.70,10,44.60,2,
738720,群聯凱基59購01,0,0,0,---,---,---, ---,,,41.50,20,42.50,10,
738726,宏捷科國票5B購01,0,0,0,---,---,---, ---,,,0.17,25,0.20,10,
738736,M31統一5C購02,0,0,0,---,---,---, ---,,,0.06,10,0.07,10,
738737,M31統一62購04,0,0,0,---,---,---, ---,,,0.10,10,0.11,10,
738739,弘塑統一59購01,0,0,0,---,---,---, ---,,,0.57,10,0.58,10,
738740,生合統一59購01,0,0,0,---,---,---, ---,,,0.00,0,0.00,0,
738741,生合統一63購02,0,0,0,---,---,---, ---,,,0.02,20,0.05,10,
738742,安勤統一59購01,"10,000",1,700,0.07,0.07,0.07,0.07,-,0.02,0.06,10,0.07,10,
738743,宏觀統一5C購01,0,0,0,---,---,---, ---,,,0.06,26,0.00,0,
738744,良維統一59購01,0,0,0,---,---,---, ---,,,3.32,10,3.33,10,
738745,旺矽統一59購05,0,0,0,---,---,---, ---,,,3.19,10,3.20,10,
738746,朋程統一5C購01,0,0,0,---,---,---, ---,,,0.12,10,0.00,0,
738747,長佳智統一5C購01,0,0,0,---,---,---, ---,,,0.04,10,0.09,10,
738748,信紘科統一5C購01,0,0,0,---,---,---, ---,,,0.03,10,0.08,10,
738749,前鼎統一59購02,0,0,0,---,---,---, ---,,,3.07,5,3.20,1,
738750,威剛統一59購01,0,0,0,---,---,---, ---,,,6.35,10,6.40,10,
738751,茂訊統一59購02,0,0,0,---,---,---, ---,,,0.28,10,0.29,10,
738753,神準統一59購01,0,0,0,---,---,---, ---,,,0.00,0,0.01,10,
738754,晶焱統一5C購01,0,0,0,---,---,---, ---,,,0.16,10,0.20,10,
738755,智擎統一59購01,0,0,0,---,---,---, ---,,,0.00,0,0.01,10,
738756,湧德統一59購02,"40,000",1,"4,400",0.11,0.11,0.11,0.11,-,0.0,0.11,10,0.12,10,
738757,順達統一5C購03,0,0,0,---,---,---, ---,,,0.29,10,0.33,10,
738758,萬泰科統一5C購01,"13,000",1,"6,890",0.53,0.53,0.53,0.53,-,0.03,0.55,10,0.56,10,
738759,群翊統一59購01,0,0,0,---,---,---, ---,,,0.07,10,0.08,10,
738760,群翊統一5C購01,0,0,0,---,---,---, ---,,,0.26,10,0.30,10,
738761,寬宏統一59購01,0,0,0,---,---,---, ---,,,0.00,0,0.00,0,
738762,寬宏統一65購01,0,0,0,---,---,---, ---,,,0.12,10,0.17,10,
738764,廣明統一5C購01,0,0,0,---,---,---, ---,,,0.01,10,0.08,10,
738765,緯軟統一59購01,0,0,0,---,---,---, ---,,,0.01,10,0.02,10,
738767,耀勝統一5C購01,0,0,0,---,---,---, ---,,,0.01,10,0.05,10,
738776,群聯元大59購02,"40,000",4,"2,035,000",50.50,51.00,50.50,51.00,-,3.5,50.50,10,0.00,0,
738781,信驊元富59購01,0,0,0,---,---,---, ---,,,22.00,25,23.00,10,
738802,精測群益5C購01,0,0,0,---,---,---, ---,,,1.93,4,0.00,0,
738807,台半統一59購01,0,0,0,---,---,---, ---,,,0.00,0,0.00,0,
738808,朋程統一59購01,0,0,0,---,---,---, ---,,,0.01,10,0.11,10,
738870,群聯凱基59購02,0,0,0,---,---,---, ---,,,51.00,20,53.50,1,
738874,精測凱基59購01,0,0,0,---,---,---, ---,,,0.00,0,0.00,0,
738898,精測元富59購01,0,0,0,---,---,---, ---,,,9.25,25,9.75,10,
738899,精測元富59購02,0,0,0,---,---,---, ---,,,7.80,25,8.30,10,
738931,M31統一5C購03,0,0,0,---,---,---, ---,,,0.11,10,0.18,10,
738933,世禾統一5C購01,0,0,0,---,---,---, ---,,,0.16,10,0.19,10,
738934,台半統一5C購01,0,0,0,---,---,---, ---,,,1.29,10,1.39,10,
738938,永信建統一5C購01,0,0,0,---,---,---, ---,,,0.02,10,0.00,0,
738939,良維統一59購02,0,0,0,---,---,---, ---,,,3.20,10,3.21,10,
738940,旺矽統一65購01,0,0,0,---,---,---, ---,,,0.00,0,0.00,0,
738941,昇達科統一59購04,0,0,0,---,---,---, ---,,,6.00,10,6.05,10,
738942,威剛統一59購02,0,0,0,---,---,---, ---,,,8.75,10,9.25,10,
738943,湧德統一5C購01,0,0,0,---,---,---, ---,,,0.22,10,0.31,10,
738944,順達統一5C購04,"5,000",1,650,0.13,0.13,0.13,0.13,-,0.08,0.12,15,0.17,10,
738945,鈊象統一59購02,0,0,0,---,---,---, ---,,,0.01,10,0.03,10,
738946,群翊統一59購02,0,0,0,---,---,---, ---,,,0.30,10,0.40,10,
738947,精測統一65購01,"3,000",1,"3,690",1.23,1.23,1.23,1.23,+,0.13,1.23,10,1.27,10,
738963,雙鴻凱基59購01,"4,000",1,"25,200",6.30,6.30,6.30,6.30,+,0.1,8.40,100,0.00,0,
739002,台燿富邦59購01,0,0,0,---,---,---, ---,,,20.00,10,0.00,0,
739045,M31元大59購01,0,0,0,---,---,---, ---,,,0.00,0,0.00,0,
739053,旺矽元大59購01,0,0,0,---,---,---, ---,,,0.00,0,0.00,0,
739057,智通*元大59購01,0,0,0,---,---,---, ---,,,0.00,0,0.01,104,
739063,系統電富邦59購01,0,0,0,---,---,---, ---,,,0.00,0,0.07,20,
739071,旺矽國票5A購01,0,0,0,---,---,---, ---,,,17.10,25,0.00,0,
739073,威剛國票59購01,0,0,0,---,---,---, ---,,,21.40,25,22.40,10,
739105,智通*元富59購01,0,0,0,---,---,---, ---,,,0.00,0,0.01,10,
739106,湧德元富59購01,0,0,0,---,---,---, ---,,,0.15,25,0.25,10,
739116,元債20永豐59購01,0,0,0,---,---,---, ---,,,0.30,499,0.37,10,
739131,宜鼎元大59購01,0,0,0,---,---,---, ---,,,24.70,50,0.00,0,
739217,雙鴻凱基59購02,"34,000",1,"77,860",2.29,2.29,2.29,2.29,+,0.56,2.82,100,0.00,0,
739284,威剛國票5B購01,0,0,0,---,---,---, ---,,,22.30,25,23.30,10,
739303,中美晶凱基59購01,0,0,0,---,---,---, ---,,,0.00,0,12.00,1,
739372,力旺統一5C購01,"24,000",4,"7,060",0.29,0.30,0.29,0.30,-,0.06,0.27,3,0.31,10,
739373,生合統一5C購01,0,0,0,---,---,---, ---,,,0.00,0,0.00,0,
739374,合晶統一59購01,0,0,0,---,---,---, ---,,,0.00,0,0.00,0,
739375,合晶統一5C購01,0,0,0,---,---,---, ---,,,0.00,0,0.00,0,
739376,均豪統一5B購01,"3,000",2,890,0.29,0.30,0.29,0.30,+,0.12,0.19,10,0.20,10,
739378,宜鼎統一5C購01,0,0,0,---,---,---, ---,,,0.00,0,0.00,0,
739379,宜鼎統一5C購02,0,0,0,---,---,---, ---,,,0.00,0,0.00,0,
739380,欣銓統一64購01,0,0,0,---,---,---, ---,,,2.04,10,2.14,10,
739381,信驊統一5C購01,0,0,0,---,---,---, ---,,,0.00,0,0.00,0,
739382,威剛統一5C購02,0,0,0,---,---,---, ---,,,3.36,10,0.00,0,
739383,威剛統一64購01,0,0,0,---,---,---, ---,,,0.00,0,3.95,10,
739384,鈊象統一5C購01,0,0,0,---,---,---, ---,,,0.08,10,0.09,10,
739385,萬泰科統一64購01,"85,000",4,"76,350",0.89,0.92,0.89,0.92,-,0.0,0.91,10,0.00,0,
739386,群翊統一5C購02,0,0,0,---,---,---, ---,,,0.41,10,0.42,10,
739387,精材統一5C購01,"104,000",10,"273,980",2.54,2.73,2.54,2.73,+,0.5,2.73,10,0.00,0,
739388,德微統一5C購01,0,0,0,---,---,---, ---,,,0.00,0,0.00,0,
739389,優群統一59購01,0,0,0,---,---,---, ---,,,0.00,0,0.00,0,
739419,永信建國票59購01,0,0,0,---,---,---, ---,,,0.00,0,0.02,258,
739425,泰茂國票5A購01,"1,000",1,30,0.03,0.03,0.03,0.03,-,0.0,0.00,0,0.03,80,
739433,威剛兆豐59購01,0,0,0,---,---,---, ---,,,15.30,10,15.40,10,
739442,中美晶統一5C購01,"16,000",3,"9,990",0.62,0.69,0.62,0.69,-,0.16,0.00,0,0.69,2,
739443,永信建統一5C購02,0,0,0,---,---,---, ---,,,0.01,10,0.06,10,
739444,合晶統一59購02,0,0,0,---,---,---, ---,,,7.35,10,7.40,10,
739445,合晶統一59購03,0,0,0,---,---,---, ---,,,6.65,10,6.70,10,
739446,宜鼎統一5C購03,0,0,0,---,---,---, ---,,,3.95,10,0.00,0,
739447,朋程統一5C購02,0,0,0,---,---,---, ---,,,0.19,10,0.28,10,
739448,長佳智統一59購01,0,0,0,---,---,---, ---,,,0.00,0,0.02,15,
739451,威剛統一59購03,0,0,0,---,---,---, ---,,,4.83,10,4.84,10,
739452,茂達統一59購01,0,0,0,---,---,---, ---,,,0.23,100,0.24,10,
739453,振曜統一5C購01,0,0,0,---,---,---, ---,,,0.00,0,0.36,111,
739454,能率統一5B購01,0,0,0,---,---,---, ---,,,0.08,10,0.17,10,
739455,鈊象統一59購03,0,0,0,---,---,---, ---,,,0.00,0,0.01,10,
739456,精測統一59購02,0,0,0,---,---,---, ---,,,1.70,10,1.71,10,
739457,營邦統一59購01,"1,000",1,"2,790",2.79,2.79,2.79,2.79,+,0.22,2.74,10,3.00,1,
739458,環球晶統一59購01,"7,000",1,"26,880",3.84,3.84,3.84,3.84,-,0.5,3.84,3,3.85,10,
739459,環球晶統一59購02,0,0,0,---,---,---, ---,,,3.07,10,3.08,10,
739460,環球晶統一64購02,"10,000",1,"18,300",1.83,1.83,1.83,1.83,-,0.21,1.70,3,1.83,89,
739478,大宇資群益59購01,0,0,0,---,---,---, ---,,,0.00,0,0.17,499,
739519,系微統一5C購02,0,0,0,---,---,---, ---,,,0.05,10,0.09,10,
739520,旺矽統一5B購01,0,0,0,---,---,---, ---,,,6.60,10,0.00,0,
739521,茂迪統一59購01,"16,000",3,"3,390",0.19,0.54,0.19,0.54,+,0.3,0.02,66,0.54,5,
739522,廣運統一5C購01,0,0,0,---,---,---, ---,,,0.03,60,0.07,10,
739523,擎亞統一5C購01,0,0,0,---,---,---, ---,,,0.00,0,0.00,0,
739549,聯合國票5A購01,0,0,0,---,---,---, ---,,,0.01,20,0.05,50,
739581,均華兆豐59購01,0,0,0,---,---,---, ---,,,2.88,30,2.89,20,
739598,中美晶國票59購02,0,0,0,---,---,---, ---,,,0.94,25,1.04,10,
739639,大宇資統一5C購01,0,0,0,---,---,---, ---,,,0.07,10,0.12,10,
739641,台燿統一64購01,0,0,0,---,---,---, ---,,,0.00,0,0.00,0,
739642,弘塑統一5C購01,0,0,0,---,---,---, ---,,,0.44,22,0.68,6,
739643,合晶統一5B購01,0,0,0,---,---,---, ---,,,0.00,0,0.00,0,
739644,合晶統一5C購02,0,0,0,---,---,---, ---,,,0.00,0,4.75,1,
739645,均豪統一5C購01,"20,000",1,"3,200",0.16,0.16,0.16,0.16,+,0.02,0.14,30,0.20,5,
739646,昇佳電統一5C購01,0,0,0,---,---,---, ---,,,0.05,10,0.14,10,
739647,昇佳電統一5C購02,0,0,0,---,---,---, ---,,,0.03,10,0.12,10,
739648,創惟統一5C購02,0,0,0,---,---,---, ---,,,0.10,10,0.15,10,
739649,新漢統一64購01,0,0,0,---,---,---, ---,,,0.15,4,0.19,10,
739650,萬泰科統一5C購02,0,0,0,---,---,---, ---,,,1.01,10,1.11,10,
739651,德微統一5C購02,0,0,0,---,---,---, ---,,,0.78,39,0.84,10,
739652,耀勝統一5C購02,0,0,0,---,---,---, ---,,,0.01,260,0.05,10,
739696,鈊象元富59購01,0,0,0,---,---,---, ---,,,0.03,25,0.13,10,
739709,環球晶富邦59購01,0,0,0,---,---,---, ---,,,3.03,10,3.13,10,
739715,台半元富59購01,0,0,0,---,---,---, ---,,,4.33,25,4.43,10,
739716,台半元富59購02,"20,000",2,"54,400",2.75,2.75,2.69,2.69,-,1.23,2.66,25,2.76,10,
739718,精測元富59購03,0,0,0,---,---,---, ---,,,4.87,25,4.97,10,
739723,環球晶元富59購01,0,0,0,---,---,---, ---,,,5.90,25,6.40,10,
739724,環球晶元富59購02,0,0,0,---,---,---, ---,,,5.65,25,6.15,10,
739742,威剛凱基59購01,0,0,0,---,---,---, ---,,,21.40,10,22.40,10,
739750,環球晶凱基59購01,0,0,0,---,---,---, ---,,,6.80,50,7.30,10,
739751,環球晶凱基59購02,0,0,0,---,---,---, ---,,,3.51,100,3.61,10,
739825,雙鴻元富59購01,"5,000",2,"3,900",0.78,0.78,0.78,0.78,+,0.42,0.78,25,1.08,5,
739826,世界群益59購01,0,0,0,---,---,---, ---,,,0.97,499,1.07,10,
739841,世界國票5C購01,"101,000",2,"134,330",1.33,1.33,1.33,1.33,-,0.16,1.35,30,1.45,10,
739842,威剛國票5A購01,0,0,0,---,---,---, ---,,,12.50,25,13.50,10,
739856,系微元大59購01,0,0,0,---,---,---, ---,,,0.00,0,0.08,55,
739858,昇達科元大59購01,0,0,0,---,---,---, ---,,,6.15,25,0.00,0,
739913,旺矽國票5B購01,0,0,0,---,---,---, ---,,,12.80,25,0.00,0,
739986,廣明國票5B購01,0,0,0,---,---,---, ---,,,0.00,0,0.00,0,
7402,邑錡,"523,005","3,367","57,837,462",112.00,113.00,109.50,109.50,-,3.0,109.00,26,109.50,10,
7547,碩網,"11,110",13,"555,112",50.10,50.70,49.65,50.70,+,0.6,49.65,4,51.70,1,
7556,意德士,"39,067",226,"9,897,093",253.00,257.50,248.50,248.50,-,9.0,248.00,1,250.50,1,
7584,樂意,"2,060",7,"53,834",26.25,26.25,26.00,26.00,,,25.90,1,26.25,1,
7642,昶瑞機電,"5,000",4,"388,800",77.90,77.90,77.30,77.30,-,1.7,77.00,1,77.30,1,
7703,銳澤,"40,140",150,"7,190,296",179.50,182.00,177.00,179.00,-,3.0,179.00,3,179.50,2,
7704,明遠精密,"16,103",14,"1,009,472",62.60,63.00,62.40,62.60,-,0.0,62.60,1,62.80,6,
7708,全家餐飲,"2,413",12,"222,170",92.10,92.10,92.00,92.00,-,0.1,92.00,6,92.10,1,
7709,榮田,"21,313",31,"1,492,441",68.80,71.10,68.80,70.40,-,0.6,69.80,1,70.40,1,
7712,博盛半導體,"385,405",981,"58,986,458",159.50,159.50,149.00,152.50,-,7.5,152.50,3,153.00,4,
7713,威力德生醫,24,2,"1,764",---,---,---, ---,,,72.40,2,76.00,1,
7714,創泓科技,"236,828","2,468","40,589,974",174.00,175.50,168.50,169.00,-,5.5,169.00,1,169.50,1,
7715,裕山,"376,999",155,"10,970,515",29.65,30.10,28.60,29.60,+,0.5,29.55,2,29.85,3,
7716,昱臺國際,0,0,0,---,---,---, ---,,,23.10,1,24.20,3,
7717,萊德光電-KY,"338,840",701,"147,838,747",443.50,460.00,413.00,427.00,-,13.0,425.00,2,427.00,2,
7718,友鋮,"14,000",8,"660,650",47.15,47.30,47.15,47.15,-,0.0,47.10,2,47.15,1,
7723,築間,"39,855",33,"774,543",19.60,19.60,19.20,19.20,+,0.05,19.15,1,19.25,1,
7728,光焱科技,"15,722",80,"9,972,689",642.00,642.00,627.00,632.00,-,4.0,628.00,1,634.00,1,
7734,印能科技,"352,747","3,814","1,004,535,030",2965.00,3015.00,2770.00,2825.00,-,170.0,2825.00,3,2830.00,3,
7738,東聯互動,"6,324",34,"1,068,446",168.00,169.00,168.00,169.00,-,1.0,168.50,1,170.00,10,
7743,金利食安,"22,000",12,"463,450",21.00,21.35,21.00,21.00,-,0.0,21.00,1,21.10,6,
7744,崴寶,"117,540",771,"58,471,713",512.00,512.00,491.50,503.00,-,9.0,501.00,1,505.00,4,
7747,昕奇雲端,"2,084",18,"235,906",113.00,113.50,113.00,113.50,-,0.0,112.00,1,113.50,2,
7751,竑騰,"1,372,425","3,676","2,247,812,125",1790.00,1790.00,1615.00,1615.00,-,175.0,0.00,0,1615.00,95,
7753,星亞,"107,000",60,"3,890,800",37.65,37.95,36.00,36.30,-,0.75,36.25,1,36.55,1,
7757,金色三麥,"8,319",24,"737,930",88.70,88.70,88.40,88.40,-,0.3,88.10,2,88.70,1,
7767,仁大資訊,"4,050",4,"180,635",44.60,44.60,44.60,44.60,-,0.0,44.60,5,44.80,1,
7770,君曜,"26,079",29,"933,179",36.10,36.40,35.15,36.20,-,0.35,35.20,1,36.25,1,
7772,耀穎,"70,796",230,"6,345,893",92.00,92.40,87.70,88.50,-,1.5,88.10,1,89.00,1,
7777,能率亞洲,"3,129,500","2,279","127,710,853",40.55,41.45,40.15,40.60,+,0.45,40.60,7,40.65,14,
7782,光速火箭,"8,000",8,"206,300",26.00,26.00,25.65,26.00,-,0.6,25.80,6,26.15,1,
7792,安葆,"321,888","3,457","97,965,563",305.00,312.00,296.50,301.00,-,2.0,301.00,4,301.50,2,
7794,宏碁智新,"11,000",7,"316,400",28.80,28.80,28.70,28.80,+,0.05,28.70,1,29.00,6,
7805,威聯通,"53,841",324,"27,456,219",513.00,513.00,508.00,508.00,-,6.0,508.00,4,512.00,1,
7810,捷創科技,"257,353","1,156","58,991,740",223.00,236.00,223.00,226.00,+,4.0,226.00,3,227.50,2,
7811,民盛,"1,000",1,"72,500",72.50,72.50,72.50,72.50,-,0.0,72.50,1,73.00,1,
7814,海昌生技,"22,202",18,"663,899",29.30,30.00,29.30,29.95,+,0.45,29.55,2,29.95,1,
7819,精誠金融,"61,222",20,"2,119,499",34.50,34.90,34.50,34.60,+,0.1,34.55,4,34.95,1,
7820,立盈,"16,008",24,"1,911,500",120.00,122.00,118.00,122.00,+,1.0,118.50,2,122.50,1,
7828,創新服務,"506,111","4,154","925,201,905",1785.00,1920.00,1750.00,1765.00,-,35.0,1760.00,4,1780.00,1,
7839,達人網,"16,000",13,"697,850",44.65,44.65,43.00,44.50,-,0.15,44.00,5,44.40,1,
7842,天能綠電,"30,045",114,"2,968,394",101.00,101.00,97.10,99.60,-,1.9,97.60,5,99.80,1,
8024,佑華,"18,166",24,"238,440",13.55,13.55,12.70,13.15,-,0.05,12.90,11,13.15,2,
8027,鈦昇,"2,321,815","3,933","413,872,352",182.50,183.00,173.00,179.50,-,5.5,179.00,2,179.50,5,
8032,光菱,"10,119",24,"367,706",36.35,36.60,36.10,36.60,+,0.3,36.35,1,36.60,2,
8034,榮群,"65,318",60,"1,289,885",20.00,20.05,19.50,19.75,-,0.4,19.75,1,19.90,1,
8038,長園科,"159,301",127,"4,956,420",31.90,31.90,30.70,31.50,-,0.4,30.95,26,31.50,1,
8040,九暘,"486,245",640,"33,676,026",71.00,71.00,68.40,68.60,-,3.7,68.60,10,68.70,1,
8042,金山電,"5,657,613","4,407","606,949,573",107.00,115.00,100.50,105.00,-,4.0,104.50,53,105.00,58,
8043,蜜望實,"4,696,234","4,930","676,924,434",144.50,150.50,138.00,142.50,-,5.5,142.00,21,142.50,9,
8044,網家,"239,407",205,"5,808,849",24.35,24.55,24.15,24.15,-,0.25,24.15,23,24.25,1,
8047,星雲,"5,223",11,"229,818",44.00,44.00,44.00,44.00,-,0.0,44.00,7,44.50,6,
8048,德勝,"69,195",91,"3,564,233",51.90,52.00,51.00,51.80,-,0.0,51.40,1,52.00,4,
8049,晶采,"74,333",80,"1,819,514",24.40,24.55,24.40,24.55,+,0.1,24.55,14,24.60,10,
8050,廣積,"806,167",772,"45,383,819",56.50,56.90,56.00,56.10,-,0.3,56.10,14,56.20,5,
8054,安國,"578,054","1,177","48,021,592",83.50,84.90,82.30,82.90,-,1.7,82.90,2,83.00,4,
8059,凱碩,"143,933",147,"1,946,194",13.70,13.90,13.30,13.45,-,0.45,13.45,5,13.80,1,
8064,東捷,"1,712,106","1,752","171,504,766",103.00,103.00,97.90,100.00,-,3.0,100.00,28,100.50,22,
8066,來思達,"8,255",50,"120,831",14.60,14.65,14.60,14.60,-,0.1,14.65,1,14.70,2,
8067,志旭,"17,081",18,"208,359",12.45,12.45,11.95,12.00,-,0.3,11.90,1,12.05,2,
8068,全達,"70,503",55,"1,185,835",17.05,17.05,16.70,16.90,-,0.15,16.80,4,16.90,3,
8069,元太,"12,438,385","10,260","1,933,903,966",159.50,159.50,153.00,156.50,-,4.0,156.50,22,157.00,254,
8071,能率網通,"336,636",262,"8,148,383",24.50,24.55,23.90,24.05,-,0.45,24.05,11,24.10,3,
8074,鉅橡,"549,916",804,"31,114,829",57.70,58.00,55.60,55.90,-,2.2,55.90,6,56.00,1,
8076,伍豐,"500,634",335,"11,612,005",23.25,23.40,23.05,23.20,-,0.05,23.15,12,23.25,2,
8077,洛碁,"4,000",4,"176,550",44.65,44.65,42.90,44.40,+,1.2,42.60,1,44.45,1,
8080,泰霖,"38,252",24,"1,090,948",28.50,29.00,28.00,29.00,+,1.0,28.10,4,28.80,5,
8083,瑞穎,"69,536",74,"11,001,860",158.50,159.00,157.50,158.50,-,0.0,158.00,1,158.50,4,
8084,巨虹,"177,175",150,"8,033,096",46.00,46.25,44.85,46.00,-,0.0,45.65,1,46.00,8,
8085,福華,"819,436",425,"13,032,304",15.55,16.50,15.45,15.85,-,0.25,15.85,15,15.90,3,
8086,宏捷科,"6,150,837","4,728","734,506,490",118.00,122.50,116.50,118.00,+,0.5,118.00,85,118.50,88,
8087,麗升能源,"17,215",21,"458,801",27.25,27.25,26.00,27.00,+,0.9,26.55,1,26.90,1,
8088,品安,"392,276",381,"17,813,462",45.80,46.20,45.00,45.25,-,0.5,45.20,1,45.25,6,
8089,康全電訊,"97,262",121,"1,713,668",17.70,17.90,17.45,17.70,-,0.25,17.60,3,17.70,1,
8091,翔名,"328,426",582,"71,865,974",221.00,226.00,214.00,217.50,-,3.0,217.50,3,218.00,3,
8092,建暐,"36,339",42,"475,520",13.30,13.45,12.90,13.00,-,0.15,12.95,1,13.00,4,
8093,保銳,"47,598",66,"1,338,264",27.50,28.45,27.50,28.05,+,0.6,28.05,1,28.10,7,
8096,擎亞,"1,518,593","1,552","165,690,494",108.00,111.50,107.00,109.00,-,0.5,108.50,56,109.50,22,
8097,常珵,"184,060",83,"9,008,672",49.05,49.35,47.95,49.20,+,0.15,49.05,4,49.20,1,
8099,大世科,"287,675",342,"17,762,963",62.10,62.80,61.30,61.50,-,0.7,61.40,1,61.60,2,
8102,傑霖科技,"2,003",3,"134,901",67.50,67.50,67.20,67.20,-,0.3,66.00,1,67.20,1,
8107,大億金茂,"26,024",25,"324,396",12.55,12.55,12.40,12.55,+,0.1,12.40,5,12.55,6,
8109,博大,"183,844",185,"23,677,938",129.50,130.00,128.00,129.00,-,1.5,129.00,1,129.50,1,
8111,立碁,"13,509,452","8,366","914,926,457",62.40,68.60,62.20,68.60,+,6.2,68.60,502,0.00,0,
8121,越峰,"696,709",561,"19,649,059",28.55,29.50,27.60,27.90,-,0.65,27.90,71,28.00,1,
8147,正淩,"330,192",511,"42,344,490",122.00,132.00,122.00,131.00,+,7.0,130.50,2,131.00,5,
8155,博智,"1,056,464","2,077","386,909,609",367.00,375.00,357.50,365.00,-,7.0,365.00,5,366.50,9,
8171,天宇,"187,705",67,"3,803,888",20.20,20.50,19.95,20.30,+,0.1,20.25,1,20.35,1,
8176,智捷,"62,181",130,"611,270",9.81,9.88,9.81,9.88,+,0.07,9.88,1,10.00,3,
8182,加高,"482,676",489,"19,510,395",40.75,41.10,39.80,40.15,-,0.65,40.10,4,40.20,1,
8183,精星,"240,119",429,"7,024,267",30.05,30.05,28.95,28.95,-,0.7,28.95,22,29.10,15,
8227,巨有科技,"424,474",564,"66,741,072",159.00,160.00,156.00,156.50,-,4.5,156.50,1,157.50,3,
8234,新漢,"327,592",342,"22,285,400",67.60,68.80,67.00,68.10,+,0.1,68.10,2,68.30,2,
8240,華宏,"881,780",776,"41,179,762",44.90,48.50,44.30,47.50,+,2.7,47.50,1,47.60,1,
8255,朋程,"309,951",557,"45,753,006",148.00,149.00,146.00,147.50,-,4.5,147.50,5,148.00,4,
8272,全景軟體,"8,212",11,"513,736",62.70,62.70,62.40,62.50,+,0.5,62.50,60,62.80,1,
8277,商丞,"147,696",159,"1,179,385",7.86,8.18,7.80,8.04,-,0.1,8.00,2,8.04,4,
8279,生展,"22,284",32,"1,777,741",80.50,80.50,79.50,80.00,-,0.5,79.90,1,80.00,55,
8284,三竹,"10,435",23,"697,203",67.00,67.00,66.60,66.80,-,0.3,66.10,6,66.60,1,
8289,泰藝,"232,555",293,"10,608,324",46.35,46.60,45.05,45.50,-,0.85,45.40,1,45.60,1,
8291,尚茂,"3,926",11,"138,270",33.25,37.40,33.25,34.05,-,1.7,33.65,1,36.00,1,
8299,群聯,"20,146,933","14,125","43,582,863,920",2130.00,2185.00,2110.00,2165.00,+,15.0,2160.00,4,2165.00,20,
8342,益張,"1,044",2,"90,850",87.00,87.00,87.00,87.00,-,0.0,85.80,1,86.60,1,
8349,恒耀,"72,578",127,"2,832,291",39.00,39.50,38.50,39.10,-,0.1,38.95,1,39.10,10,
8349A,恒耀甲特,"2,000",2,"91,150",45.60,45.60,45.55,45.55,-,0.05,45.55,1,45.60,6,
8354,冠好,"33,286",50,"573,157",17.15,17.30,17.15,17.20,-,0.05,17.20,5,17.25,4,
8358,金居,"50,006,004","53,064","26,717,183,547",538.00,549.00,515.00,540.00,-,3.0,539.00,1,540.00,118,
8383,千附,"997,730",914,"65,941,554",66.10,67.20,65.00,66.00,-,0.1,66.00,35,66.20,6,
8390,金益鼎,"317,604",407,"31,499,176",99.50,99.90,98.80,99.20,-,0.6,99.00,3,99.30,1,
8401,白紗科,"26,736",18,"609,573",22.80,22.90,22.75,22.75,-,0.05,22.75,7,22.85,1,
8403,盛弘,"36,791",66,"701,544",19.00,19.10,19.00,19.10,+,0.05,19.05,11,19.15,3,
8409,商之器,"4,005",8,"71,538",17.80,18.00,17.80,18.00,-,0.0,17.85,1,18.20,1,
8410,森田,"7,000",7,"213,100",30.55,30.55,30.30,30.45,-,0.05,30.45,1,30.55,2,
8415,大國鋼,"969,511",302,"35,630,983",36.55,37.15,36.50,36.75,-,0.0,36.75,2,36.80,3,
8416,實威,"3,246",12,"547,012",168.00,169.00,168.00,169.00,+,1.0,167.50,2,169.00,2,
8421,旭源,"40,639",48,"555,458",13.60,13.75,13.60,13.65,+,0.05,13.65,1,13.70,7,
8423,保綠-KY,"7,833",30,"139,566",17.85,17.85,17.80,17.85,+,0.05,17.80,2,17.90,5,
8424,惠普,"4,097",9,"281,597",68.70,68.80,68.70,68.80,-,0.0,68.60,3,69.00,1,
8426,紅木-KY,"4,149",7,"87,035",20.85,21.05,20.85,21.05,-,0.0,21.00,3,21.05,9,
8431,匯鑽科,"1,225,312","1,248","65,360,203",51.00,55.50,50.90,53.60,+,1.5,53.50,10,53.60,8,
8432,東生華,"7,155",13,"361,974",50.90,50.90,50.40,50.40,-,0.4,50.50,1,50.60,1,
8433,弘帆,"6,187",13,"343,301",55.50,55.50,55.50,55.50,+,0.2,55.30,1,55.50,1,
8435,鉅邁,"20,289",27,"1,085,522",53.50,53.50,53.50,53.50,-,0.0,53.50,2,53.60,1,
8436,大江,"851,377",849,"106,952,285",125.00,126.50,125.00,126.00,+,0.5,125.50,15,126.00,20,
8437,大地-KY,"3,081",15,"28,726",9.34,9.34,9.29,9.29,-,0.05,9.23,5,9.30,3,
8440,綠電,"22,833",56,"465,876",20.50,20.55,20.30,20.35,-,0.2,20.35,2,20.40,10,
8444,綠河-KY,"8,300",6,"38,940",4.68,4.68,4.68,4.68,-,0.41,4.59,3,4.68,4,
8446,華研,"49,506",63,"4,220,310",85.40,85.70,85.00,85.20,-,0.2,85.10,1,85.30,5,
8450,霹靂,"23,499",42,"341,493",14.75,14.75,14.50,14.55,-,0.0,14.55,1,14.60,7,
8455,大拓-KY,"7,105",7,"162,194",22.70,23.40,22.70,22.70,-,0.75,22.20,4,22.80,1,
8472,夠麻吉,"12,061",18,"783,441",65.30,66.90,64.00,65.00,-,0.7,64.90,1,65.10,1,
8477,創業家,"12,171",16,"186,906",15.50,15.50,15.30,15.35,-,0.1,15.35,1,15.45,2,
8489,三貝德,"15,898",44,"353,654",22.35,22.45,22.05,22.40,-,0.05,22.15,1,22.45,4,
8905,裕國,"2,388",29,"82,622",34.50,34.60,34.50,34.60,-,0.0,34.60,1,34.90,1,
8906,花王,"25,761",22,"724,200",28.35,28.40,28.00,28.20,-,0.15,28.25,1,28.30,1,
8908,欣雄,"28,903",69,"1,170,781",40.35,40.65,40.10,40.55,+,0.2,40.45,1,40.60,2,
8916,光隆,"60,430",67,"2,484,651",41.25,41.30,41.00,41.00,-,0.1,40.95,1,41.20,5,
8917,欣泰,"5,000",2,"262,100",52.40,52.50,52.40,52.50,-,1.5,52.50,1,53.20,1,
8921,沈氏,"5,042",7,"83,072",16.25,17.05,16.25,17.05,-,0.3,16.45,3,17.05,1,
8923,時報,"13,006",8,"247,464",18.85,19.45,18.85,19.45,+,0.85,18.35,2,19.15,1,
8924,大田,"43,160",82,"2,165,696",50.20,50.30,50.10,50.30,-,0.0,50.20,1,50.30,1,
8927,北基,"67,594",76,"1,335,938",19.80,20.15,19.55,19.65,-,0.15,19.65,1,19.75,18,
8928,鉅明,"3,021",4,"73,405",24.30,24.30,24.30,24.30,+,0.1,24.30,2,24.35,2,
8929,富堡,"7,784",41,"103,531",13.40,13.40,13.25,13.25,-,0.05,13.35,1,13.40,1,
8930,青鋼,"45,828",32,"1,385,331",30.10,30.80,29.75,30.65,+,0.4,30.05,1,30.60,2,
8931,大汽電,"91,328",50,"3,765,568",41.30,41.35,41.00,41.35,+,0.25,41.10,3,41.35,3,
8932,智通*,"3,828,251","2,921","358,842,484",94.30,96.00,91.30,96.00,+,1.7,96.00,44,96.10,7,
8933,愛地雅,"57,256",35,"268,024",4.68,4.83,4.60,4.68,-,0.0,4.68,1,4.69,6,
8935,邦泰,"69,524",114,"1,255,364",18.10,18.25,17.95,18.10,-,0.0,18.10,1,18.20,6,
8936,國統,"709,347",668,"35,950,843",50.90,51.10,50.50,50.70,-,0.4,50.70,2,50.80,13,
8937,合騏*,"412,332",276,"12,286,453",28.20,30.50,28.00,29.95,+,1.55,29.95,9,30.10,6,
8938,明安,"255,806",235,"12,929,065",51.10,51.10,50.30,50.60,-,0.8,50.50,9,50.70,40,
8941,關中,"1,095",6,"48,229",44.00,44.00,44.00,44.00,-,0.0,43.50,1,43.75,1,
8942,森鉅,"205,339",367,"8,694,552",42.70,42.80,42.00,42.15,-,0.55,42.10,2,42.30,7,
9949,琉園,"41,555",52,"1,013,182",24.60,25.00,24.20,24.20,-,0.8,24.20,3,24.45,11,
9950,萬國通,"35,110",15,"357,343",10.20,10.35,10.15,10.35,-,0.0,10.15,3,10.35,5,
9951,皇田,"53,113",93,"2,866,492",54.20,54.20,53.90,54.00,-,0.2,54.00,1,54.20,4,
9960,邁達康,"10,664",15,"314,800",29.10,30.25,29.10,30.25,-,0.0,30.25,1,30.75,1,
9962,有益,"10,523",14,"109,385",10.40,10.40,10.40,10.40,+,0.05,10.20,1,10.40,5,
管理股票,,,,,,,,,,,,,,,
代號,名稱,成交股數,成交筆數,成交金額(元),開盤,最高,最低,收盤,,,最後買價,最後買量(千股),最後賣價,最後賣量(千股),
註：ETF證券代號第六碼為K、C者，表示該ETF以外幣交易，其一交易單位(張)應為100受益權或其整倍數，請詳其公開說明書。,,,,,,,,,,,,,,,
