證券代號,證券名稱,成交股數,成交筆數,成交金額,開盤價,最高價,最低價,收盤價,漲跌(+/-),漲跌價差,最後揭示買價,最後揭示買量,最後揭示賣價,最後揭示賣量,本益比
006201,元大富櫃50,"131,389",188,"5,880,892",45.00,45.18,44.30,44.56,-,1.42,44.50,2,44.56,1,
00679B,元大美債20年,"12,268,851","2,399","329,129,961",26.86,26.86,26.80,26.82,+,0.07,26.82,104,26.83,279,
00687B,國泰20年美債,"15,377,718","1,510","429,186,156",27.89,27.94,27.87,27.89,+,0.11,27.89,1436,27.90,715,
00687C,國泰20年美債+櫃U,"25,000",2,"231,250",9.25,9.25,9.25,9.25,+,0.04,9.23,22,9.25,20,
00694B,富邦美債1-3,"202,089",35,"8,520,880",42.17,42.20,42.13,42.18,,,42.17,28,42.21,20,
00695B,富邦美債7-10,"87,086",30,"3,078,785",35.40,35.40,35.32,35.37,,,35.35,27,35.40,26,
00696B,富邦美債20年,"1,594,853",265,"46,074,877",28.86,28.96,28.86,28.93,,,28.92,308,28.93,18,
00697B,元大美債7-10,"249,445",145,"8,960,456",35.87,35.99,35.86,35.94,+,0.07,35.94,9,35.96,2,
00719B,元大美債1-3,"2,339,883","1,132","73,902,165",31.60,31.61,31.53,31.60,+,0.06,31.60,12,31.61,23,
00720B,元大投資級公司債,"3,786,434",968,"125,871,358",33.19,33.28,33.19,33.26,+,0.17,33.25,15,33.26,261,
00722B,群益投資級電信債,"3,596,854",389,"126,932,177",35.31,35.32,35.24,35.32,,,35.31,35,35.32,14,
00723B,群益投資級科技債,"342,099",33,"10,329,273",30.18,30.22,30.15,30.18,,,30.20,3,30.22,61,
00724B,群益投資級金融債,"4,031,864",236,"135,375,808",33.58,33.63,33.52,33.58,,,33.57,4,33.58,18,
00725B,國泰投資級公司債,"2,390,234",841,"83,277,422",34.92,34.92,34.79,34.86,,,34.85,16,34.86,138,
00726B,國泰新興投等債,"182,953",91,"6,103,125",33.45,33.45,33.34,33.36,+,0.05,33.35,3,33.37,176,
00727B,國泰優選非投等債,"29,473",16,"1,164,765",39.51,39.55,39.49,39.55,,,39.52,5,39.54,51,
00734B,台新JPM新興債,0,0,0,---,---,---, ---,,,15.84,20,15.86,1,
00740B,富邦全球投等債,"2,644,360",276,"101,383,293",38.29,38.53,38.29,38.50,,,38.49,80,38.50,190,
00741B,富邦全球非投等債,"113,200",19,"4,266,558",37.60,37.72,37.60,37.70,,,37.71,1,37.72,2,
00746B,富邦A級公司債,"426,873",84,"15,082,678",35.35,35.40,35.30,35.37,,,35.37,1,35.38,9,
00749B,凱基新興債10+,"100,000",2,"3,166,000",31.66,31.66,31.66,31.66,,,31.64,1,31.66,1,
00750B,凱基科技債10+,"100,000",2,"3,273,000",32.73,32.73,32.73,32.73,,,32.71,1,32.80,8,
00751B,元大AAA至A公司債,"3,021,653",903,"94,777,780",31.37,31.40,31.33,31.38,+,0.15,31.37,32,31.38,109,
00754B,群益AAA-AA公司債,"110,000",6,"3,639,290",33.07,33.09,33.07,33.08,+,0.23,33.07,1,33.08,1,
00755B,群益投資級公用債,"119,947",104,"3,959,230",32.98,33.03,32.98,33.01,+,0.17,32.96,1,33.03,1,
00756B,群益投等新興公債,"132,633",97,"4,219,841",31.75,31.84,31.75,31.84,+,0.08,31.83,1,31.84,10,
00758B,復華能源債,"118,000",6,"6,112,750",51.80,51.85,51.65,51.65,-,0.0,51.65,43,51.85,8,
00759B,復華製藥債,"100,021",4,"5,481,153",54.80,54.80,54.80,54.80,+,0.1,54.70,1,54.80,1,
00760B,復華新興企業債,"126,206",20,"6,857,506",54.20,54.40,54.20,54.25,+,0.05,54.25,1,54.35,1,
00761B,國泰A級公司債,"203,956",95,"7,029,175",34.29,34.53,34.29,34.50,+,0.21,34.45,104,34.50,106,
00764B,群益25年美債,"22,604,987",323,"629,363,408",27.78,27.88,27.78,27.85,+,0.1,27.85,215,27.86,5,
00768B,復華20年美債,"1,047,383",79,"52,674,731",50.25,50.30,50.25,50.30,+,0.25,50.20,253,50.30,366,
00772B,中信高評級公司債,"1,124,756",573,"37,736,406",33.51,33.58,33.50,33.57,,,33.56,25,33.57,224,
00773B,中信優先金融債,"485,109",210,"17,381,659",35.80,35.88,35.80,35.86,,,35.85,1,35.87,245,
00777B,凱基AAA至A公司債,"120,868",18,"3,915,728",32.37,32.40,32.37,32.40,,,32.38,1,32.46,10,
00778B,凱基金融債20+,"144,000",10,"4,934,880",34.25,34.28,34.24,34.28,,,34.20,10,34.34,10,
00779B,凱基美債25+,"491,000",31,"13,843,810",28.16,28.21,28.13,28.20,+,0.14,28.20,73,28.21,1,
00780B,國泰A級金融債,"100,261",3,"3,772,957",37.63,37.63,37.63,37.63,+,0.18,37.62,1,37.63,3,
00781B,國泰A級科技債,"124,016",19,"3,473,501",28.04,28.04,28.00,28.03,+,0.12,28.02,15,28.03,19,
00782B,國泰A級公用債,"163,160",17,"4,941,983",30.33,30.33,30.25,30.30,,,30.27,8,30.32,38,
00785B,富邦金融投等債,"278,944",42,"9,726,985",34.86,34.90,34.84,34.88,,,34.87,2,34.89,20,
00786B,元大10年IG銀行債,"25,030",9,"823,509",32.92,32.93,32.88,32.93,+,0.22,32.89,1,32.91,1,
00787B,元大10年IG醫療債,"64,000",13,"2,085,360",32.56,32.66,32.56,32.57,+,0.06,32.55,21,32.58,1,
00788B,元大10年IG電能債,"94,000",20,"2,846,960",30.29,30.30,30.28,30.29,+,0.13,30.29,8,30.30,30,
00789B,復華公司債A3,"127,840",13,"6,171,366",48.25,48.28,48.24,48.28,+,0.26,48.24,20,48.31,10,
00791B,復華信用債1-5,"102,999",5,"5,953,392",57.85,57.85,57.75,57.75,-,0.0,57.75,9,57.80,6,
00792B,群益A級公司債,"269,831",90,"8,529,055",31.62,31.65,31.58,31.65,+,0.2,31.57,20,31.65,20,
00793B,群益AAA-A醫療債,"22,192",16,"681,356",30.70,30.70,30.69,30.69,+,0.13,30.68,20,30.75,21,
00795B,中信美國公債20年,"5,322,077",501,"143,673,764",27.00,27.02,26.97,27.01,+,0.12,27.00,287,27.01,10,
00799B,國泰A級醫療債,"297,557",58,"8,858,883",29.66,29.84,29.66,29.73,+,0.08,29.77,2,29.78,32,
00834B,第一金金融債10+,"117,000",6,"4,017,660",34.27,34.35,34.27,34.28,+,0.09,34.28,4,34.32,1,
00836B,永豐10年A公司債,"9,762",19,"280,613",28.73,28.73,28.69,28.69,+,0.13,28.75,1,28.76,2,
00840B,凱基IG精選15+,"110,000",3,"3,283,200",29.82,29.85,29.82,29.85,,,29.79,1,29.85,1,
00841B,凱基AAA-AA公司債,"100,000",2,"2,874,000",28.74,28.74,28.74,28.74,+,0.14,28.69,11,28.75,1,
00842B,台新美元銀行債,"312,743",85,"9,409,029",30.11,30.15,30.05,30.10,-,0.01,30.11,1,30.13,20,
00844B,台新15年IG金融債,"81,000",3,"2,568,530",31.71,31.73,31.71,31.73,+,0.23,31.66,20,31.76,20,
00845B,富邦新興投等債,"107,178",10,"3,611,600",33.65,33.72,33.65,33.70,+,0.1,33.65,20,33.72,21,
00846B,富邦歐洲銀行債,"195,009",26,"7,076,145",36.15,36.34,36.15,36.34,+,0.18,36.28,20,36.31,1,
00847B,中信美國市政債,"100,000",2,"2,580,000",25.80,25.80,25.80,25.80,+,0.09,25.73,26,25.80,10,
00848B,中信新興亞洲債,"102,000",4,"3,490,440",34.22,34.22,34.22,34.22,,,34.14,30,34.22,3,
00849B,中信EM主權債0-5,"114,400",12,"4,309,862",37.60,37.68,37.60,37.68,,,37.64,21,37.72,1,
00853B,統一美債10年Aa-A,"512,526",70,"14,145,530",27.58,27.61,27.58,27.60,+,0.14,27.57,58,27.61,19,
00856B,永豐1-3年美公債,"18,504",13,"703,568",38.01,38.03,38.01,38.03,+,0.03,38.00,63,38.08,12,
00857B,永豐20年美公債,"855,890",126,"19,842,685",23.20,23.20,23.17,23.18,+,0.07,23.18,245,23.20,35,
00858,永豐美國500大,"229,604",405,"8,538,376",37.12,37.23,37.12,37.19,+,0.08,37.18,1,37.19,2,
00859B,群益0-1年美債,"2,618,398",98,"108,234,128",41.35,41.39,41.29,41.35,+,0.04,41.34,2,41.35,8,
00860B,群益1-5Y投資級債,"101,050",6,"3,911,137",38.71,38.71,38.70,38.70,+,0.07,38.63,2,38.70,1,
00862B,中信投資級公司債,"170,762",83,"5,392,730",31.55,31.60,31.55,31.59,+,0.16,31.58,17,31.59,49,
00863B,中信全球電信債,"217,000",22,"6,898,790",31.79,31.83,31.77,31.83,+,0.2,31.82,2,31.86,20,
00864B,中信美國公債0-1,"623,589",154,"29,222,138",46.87,46.90,46.81,46.86,+,0.04,46.81,31,46.86,16,
00867B,台新A-BBB電信債,"10,150",21,"314,103",30.92,30.92,30.88,30.88,+,0.14,30.94,1,30.95,1,
00870B,元大15年EM主權債,"61,000",7,"1,742,380",28.57,28.58,28.56,28.58,+,0.06,28.60,1,28.63,1,
00877,復華中國5G,"4,184,389","1,350","179,886,080",43.37,43.80,42.09,42.77,-,1.59,42.74,1,42.77,8,
00884B,中信低碳新興債,"6,269",6,"184,670",29.45,29.45,29.45,29.45,,,29.45,20,29.49,1,
00886,永豐美國科技,"32,163",10,"1,474,860",46.02,46.02,45.55,45.56,-,1.06,45.58,20,46.02,3,
00887,永豐中國科技50大,"10,452,881","2,807","190,494,372",18.61,18.61,17.90,18.11,-,0.64,18.10,37,18.11,4,
00888,永豐台灣ESG,"13,908,744","5,504","515,839,204",37.06,37.55,36.70,37.16,-,0.37,37.16,16,37.17,62,
00890B,凱基ESG BBB債15+,"120,194",10,"3,871,497",32.15,32.22,32.15,32.22,,,32.20,1,32.23,20,
00928,中信上櫃ESG 30,"2,314,159","1,639","73,793,467",33.06,33.06,31.50,31.52,,,31.52,79,31.60,500,
00931B,統一美債20年,"2,210,855",429,"30,005,311",13.55,13.58,13.55,13.58,+,0.07,13.56,320,13.58,671,
00933B,國泰10Y+金融債,"5,894,331","1,114","94,341,574",15.99,16.02,15.99,16.00,,,16.00,732,16.01,120,
00937B,群益ESG投等債20+,"29,781,072","4,742","440,052,023",14.78,14.79,14.76,14.79,,,14.78,3588,14.79,2498,
00942B,台新美A公司債20+,"1,040,466",202,"14,779,826",14.14,14.23,14.14,14.22,+,0.08,14.20,316,14.22,217,
00948B,中信優息投資級債,"2,803,415",482,"26,419,525",9.43,9.44,9.41,9.43,,,9.43,554,9.44,3282,
00950B,凱基A級公司債,"2,083,764",211,"29,349,061",14.04,14.10,14.04,14.10,+,0.06,14.09,44,14.10,531,
00955,中信日本商社,"2,696,869","1,199","39,200,492",14.58,14.59,14.47,14.53,-,0.05,14.53,214,14.54,40,
00957B,兆豐US優選投等債,"987,934",116,"13,228,546",13.38,13.42,13.38,13.41,,,13.41,7,13.42,447,
00958B,永豐ESG銀行債15+,"486,948",76,"4,537,269",9.30,9.33,9.30,9.33,+,0.04,9.32,2,9.33,18,
00959B,大華投等美債15Y+,"756,484",188,"7,103,547",9.36,9.40,9.36,9.39,+,0.03,9.38,618,9.39,12,
00966B,統一ESG投等債15+,"820,816",132,"11,410,501",13.92,13.92,13.89,13.91,+,0.04,13.91,1,13.92,202,
00967B,元大優息美債,"984,712",115,"9,055,005",9.21,9.21,9.18,9.19,+,0.04,9.19,337,9.20,9,
00968B,元大優息投等債,"1,000,376",172,"9,275,752",9.25,9.29,9.25,9.29,+,0.06,9.28,1,9.29,669,
00969B,元大零息超長美債,"767,867",92,"6,384,301",8.31,8.33,8.29,8.32,+,0.03,8.32,72,8.33,160,
00970B,台新BBB投等債20+,"621,543",169,"5,804,708",9.33,9.35,9.33,9.35,+,0.04,9.34,12,9.35,352,
009806,台新標普500,"26,601",12,"361,643",13.59,13.61,13.59,13.61,+,0.05,13.60,101,13.63,210,
009807,台新標普科技精選,"24,500",21,"410,263",16.82,16.82,16.72,16.75,-,0.28,16.75,151,16.80,200,
00980B,台新特選IG債10+,"344,748",70,"3,257,108",9.44,9.46,9.44,9.45,+,0.04,9.45,20,9.46,300,
00980D,主動聯博投等入息,"709,495",174,"14,519,783",20.51,20.51,20.45,20.47,,,20.46,545,20.47,4,
00980T,平衡凱基美國TOP,"1,090,409",150,"12,905,102",11.74,11.88,11.74,11.87,+,0.13,11.87,599,11.88,18,
009814,富邦標普500,"598,207",352,"6,758,418",11.32,11.32,11.27,11.30,,,11.30,1089,11.31,11,
009815,大華美國MAG7+,"4,720,071","1,598","54,501,974",11.49,11.58,11.49,11.57,+,0.1,11.57,444,11.58,292,
00981B,第一金優選非投債,"10,931,507",975,"102,102,191",9.35,9.35,9.33,9.35,+,0.01,9.34,641,9.35,3602,
00981D,主動中信非投等債,"1,941,799",548,"20,314,424",10.48,10.48,10.45,10.47,,,10.46,283,10.47,1431,
009822,華南永昌未來金融,"716,330",177,"7,045,779",9.72,9.86,9.72,9.85,+,0.13,9.84,108,9.85,21,
009823,群益S&P500,"4,472,116","1,350","46,567,035",10.41,10.43,10.39,10.43,+,0.02,10.43,31,10.44,518,
00982B,FT投資級債20+,"1,208",4,"11,844",9.80,9.80,9.80,9.80,,,9.79,58,9.83,300,
00983B,大華優利美公債20,"60,750",11,"951,905",15.66,15.67,15.66,15.67,+,0.06,15.66,2,15.67,1,
00984B,大華優利美A債15,"787,208",99,"12,815,816",16.28,16.31,16.27,16.31,+,0.09,16.29,3,16.31,293,
00985D,主動貝萊德優投等,"1,324,814",160,"13,528,349",10.20,10.23,10.20,10.22,+,0.06,10.21,129,10.22,646,
00986B,FT金融債10+,"10,158",5,"99,956",9.84,9.84,9.84,9.84,-,0.02,9.85,1,9.92,103,
00986D,主動復華金融債息,"2,646,418",140,"39,218,582",14.80,14.83,14.80,14.82,+,0.02,14.82,112,14.83,74,
00987B,野村10+澳洲公債,"1,311,723",78,"21,022,087",15.94,16.07,15.94,16.06,+,0.06,16.05,678,16.06,18,
00988B,玉山嚴選非投債,"8,224,857",478,"164,448,329",20.01,20.04,19.96,20.01,,,20.01,44,20.04,23,
00989B,台新美國非投等債,"2,815,010",75,"28,715,342",10.21,10.21,10.20,10.21,+,0.01,10.20,78,10.21,805,
00990B,國泰收益非投等債,"2,987,783",266,"29,908,314",10.01,10.02,10.00,10.01,+,0.01,10.01,1823,10.02,3291,
00998A,主動復華金融股息,"3,381,122",871,"59,399,168",17.42,17.63,17.42,17.63,+,0.22,17.63,52,17.64,30,
020001,富邦存股雙十N,0,0,0,---,---,---, ---,,,25.95,50,26.02,50,
020025,統一亞洲半導體N,"44,000",24,"1,704,310",40.00,40.00,38.35,38.79,-,2.49,38.88,1,39.18,63,
020027,元大上櫃ESG成長N,0,0,0,---,---,---, ---,,,10.27,150,10.31,150,
020033,統一恒生科期N,"110,000",15,"428,540",3.85,3.90,3.85,3.89,+,0.1,3.89,156,3.90,60,
020035,元大上櫃ESG高息N,0,0,0,---,---,---, ---,,,15.14,150,15.16,150,
020040,元大上櫃ESG龍頭N,0,0,0,---,---,---, ---,,,13.49,150,13.52,150,
020041,兆豐半導體氣候N,0,0,0,---,---,---, ---,,,18.31,111,18.32,111,
1240,茂生農經,"10,777",22,"596,470",55.40,55.50,55.30,55.50,+,0.4,55.40,1,55.70,1,
1259,安心,"38,564",29,"2,234,514",56.80,59.10,56.60,59.10,+,1.0,57.40,1,59.10,2,
1264,德麥,"30,049",459,"7,777,548",259.00,259.00,257.00,259.00,-,0.0,259.50,1,260.00,2,
1268,漢來美食,"96,864",107,"16,563,570",166.00,174.00,166.00,170.00,+,3.0,170.00,2,171.00,2,
1294,漢田生技,"18,733",39,"1,079,231",57.50,57.80,57.50,57.50,-,0.0,57.60,1,57.70,1,
1295,生合,"54,980",55,"2,770,671",50.80,51.10,49.85,50.40,-,0.2,49.95,1,50.40,2,
1336,台翰,"572,597",387,"9,012,028",16.05,16.40,15.40,15.40,-,0.7,15.40,9,15.45,1,
1565,精華,"60,681",103,"5,826,096",95.90,96.70,95.80,95.80,-,0.9,95.80,2,96.10,1,
1569,濱川,"373,146",264,"17,390,627",46.95,47.35,46.05,46.30,-,1.0,46.25,23,46.30,2,
1570,力肯,"30,061",35,"1,167,244",39.00,39.05,38.40,38.90,-,0.1,38.70,1,39.05,1,
1580,新麥,"76,867",138,"8,918,719",116.50,116.50,115.50,116.50,-,0.0,116.00,4,117.00,5,
1584,精剛,"924,469",416,"18,732,941",20.00,20.55,20.00,20.05,-,0.15,20.05,4,20.15,5,
1586,和勤,"596,411",410,"10,804,927",18.70,18.70,18.00,18.00,-,0.75,18.00,107,18.05,12,
1593,祺驊,"15,445",18,"469,037",30.40,30.40,30.30,30.40,-,0.0,30.40,1,30.45,8,
1595,川寶,"316,497",343,"20,252,273",63.80,65.10,63.10,63.20,-,2.7,63.10,13,63.70,4,
1599,宏佳騰,"40,597",81,"938,541",23.00,23.50,22.90,23.45,+,0.4,23.30,1,23.45,4,
1742,台蠟,"63,344",47,"1,012,961",16.30,16.30,15.80,16.25,+,0.05,16.20,1,16.25,1,
1777,生泰,"57,591",69,"4,134,818",71.30,72.30,71.30,72.00,,,72.00,4,72.30,1,
1780,立弘,"75,255",76,"1,718,893",23.15,23.15,22.70,22.70,-,0.6,22.60,4,22.75,2,
1781,合世,"93,955",56,"1,143,775",12.40,12.40,12.00,12.10,+,0.2,12.10,1,12.15,4,
1784,訊聯,"113,778",147,"7,337,679",65.40,65.40,63.70,63.80,-,1.2,63.70,3,64.70,1,
1785,光洋科,"8,313,472","7,861","963,346,507",119.00,119.50,114.00,114.00,,,114.00,69,114.50,24,
1788,杏昌,"14,449",94,"1,874,861",130.00,130.00,129.50,129.50,-,0.5,129.00,24,130.00,6,
1796,金穎生技,"20,031",17,"644,252",32.30,32.75,32.00,32.35,-,0.5,32.20,1,32.40,1,
1799,易威,"109,219",88,"3,731,661",34.85,34.85,33.85,34.10,-,0.75,33.90,2,34.10,2,
1813,寶利徠,"16,567",42,"198,518",12.00,12.00,11.90,11.90,-,0.05,11.95,1,12.00,12,
1815,富喬,"7,183,895","6,828","641,512,779",90.70,90.70,88.40,89.10,-,2.2,89.00,23,89.10,16,
2035,唐榮,"2,542",6,"69,040",27.20,27.20,27.10,27.10,-,0.55,27.10,2,27.55,1,
2061,風青,"3,907,049","2,545","252,680,011",66.60,69.30,61.20,63.00,-,5.0,63.00,40,63.10,2,
2063,世鎧,"17,013",10,"409,812",24.05,24.15,24.00,24.15,-,0.0,24.05,5,24.30,7,
2064,晉椿,"272,885",48,"3,596,620",13.15,13.40,13.00,13.25,+,0.1,13.15,2,13.25,2,
2065,世豐,"21,116",42,"675,184",31.85,32.20,31.70,32.20,-,0.0,32.25,1,32.35,1,
2066,世德,"38,611",44,"2,579,880",66.00,67.70,66.00,66.90,-,0.1,66.80,1,66.90,1,
2067,嘉鋼,"22,210",14,"147,624",6.60,6.65,6.60,6.65,+,0.05,6.43,4,6.69,3,
2070,精湛,"89,461",113,"5,056,334",55.60,57.80,55.00,56.40,+,0.3,56.40,15,56.50,1,
2073,雄順,"1,000",1,"25,750",25.75,25.75,25.75,25.75,-,1.2,25.70,1,26.80,1,
2221,大甲,"2,525,703","1,826","140,263,178",55.10,58.40,52.00,58.40,+,5.3,58.40,252,0.00,0,
2230,泰茂,"197,121",248,"4,505,679",22.50,23.95,22.30,22.35,-,0.4,22.35,1,22.60,1,
2235,謚源,"26,158",18,"728,320",27.75,27.90,27.70,27.80,+,0.1,27.75,1,27.90,13,
2596,綠意,"31,640",26,"1,003,430",31.85,32.00,31.55,31.90,+,0.35,31.80,1,31.90,2,
2640,大車隊,"18,262",334,"2,873,437",156.50,158.00,156.50,157.00,-,0.0,157.50,1,158.00,1,
2641,正德,"1,044,482",495,"18,329,545",17.70,17.70,17.50,17.50,-,0.2,17.50,26,17.55,13,
2643,捷迅,"154,884",238,"9,212,088",60.10,61.00,59.00,59.50,-,0.9,59.40,5,59.60,1,
2718,全心投控,"2,001",3,"96,350",48.15,48.15,48.15,48.15,+,0.1,48.00,1,48.15,3,
2719,燦星旅,"194,768",150,"5,074,323",26.10,26.10,25.15,26.10,+,2.35,26.10,94,0.00,0,
2724,藝舍-KY,"67,037",48,"704,497",10.25,10.85,10.15,10.65,+,0.05,10.65,1,11.45,1,
2726,雅茗-KY,"24,110",22,"216,932",9.16,9.19,8.87,9.08,-,0.01,8.70,6,9.08,1,
2729,瓦城,"7,934",41,"1,245,891",156.00,158.00,156.00,157.00,-,0.0,157.50,1,158.00,3,
2732,六角,"27,536",36,"1,788,751",64.50,65.20,64.50,65.00,+,0.5,65.00,2,65.20,2,
2734,易飛網,"290,469",216,"4,600,997",15.85,16.15,15.60,15.65,+,0.05,15.65,3,15.75,2,
2736,富野,"40,649",30,"482,356",11.90,11.95,11.80,11.85,+,0.05,11.75,4,11.90,2,
2740,華軒,"2,101",8,"71,677",34.30,34.30,34.30,34.30,-,0.05,0.00,0,34.25,3,
2743,山富,"47,879",72,"2,964,017",62.00,62.30,61.30,61.80,+,0.3,61.60,1,62.20,2,
2745,五福,"81,417",98,"8,446,149",103.50,104.00,103.00,103.50,-,0.0,103.50,25,104.50,7,
2751,王座,"4,000",4,"213,700",53.70,53.70,53.10,53.20,+,0.1,52.70,1,53.70,2,
2752,豆府,452,17,"80,246",---,---,---, ---,,,177.50,1,179.00,1,
2754,亞洲藏壽司,"13,127",11,"898,186",68.30,69.40,68.30,68.80,+,0.4,68.80,1,69.00,1,
2755,揚秦,"213,110",566,"22,441,560",105.50,106.50,104.00,105.50,,,105.50,1,106.50,2,
2756,聯發國際,"5,193",8,"310,250",59.90,59.90,59.40,59.70,-,0.7,59.60,1,60.00,4,
2916,滿心,"58,122",49,"2,329,919",40.25,40.25,40.00,40.10,-,0.4,40.05,1,40.10,2,
2924,宏太-KY,236,1,"4,212",---,---,---, ---,,,16.20,1,17.85,2,
2926,誠品生活,"7,069",10,"228,044",32.50,32.50,32.00,32.00,-,0.1,31.95,1,32.00,1,
2937,集雅社,"4,000",4,"191,400",47.80,48.00,47.80,48.00,+,0.1,47.70,1,48.15,1,
2941,米斯特,"5,103",7,"161,657",31.50,33.95,31.00,33.95,+,2.5,30.80,1,33.55,1,
2947,振宇五金,"4,415",21,"303,108",68.60,68.60,68.60,68.60,-,0.8,68.50,3,69.00,1,
2948,寶陞,0,0,0,---,---,---, ---,,,37.35,1,37.50,1,
2949,欣新網,"3,030",4,"217,560",72.40,72.40,70.70,70.70,-,1.6,68.40,1,70.80,1,
3064,泰偉,222,3,"3,895",---,---,---, ---,,,19.00,1,21.45,1,
3066,李洲,"463,271",371,"11,385,305",25.30,25.30,23.95,24.20,-,1.15,24.15,6,24.20,1,
3067,全域,0,0,0,---,---,---, ---,,,17.70,2,19.10,2,
3071,協禧,"176,166",144,"4,912,463",28.15,28.45,27.50,27.50,-,0.9,27.50,6,27.65,1,
3073,天方能源,"15,195",16,"335,509",22.25,22.25,22.00,22.05,+,0.1,22.00,3,22.10,2,
3078,僑威,"847,656",722,"45,587,564",54.40,54.40,53.50,53.50,-,0.6,53.50,38,53.60,7,
3081,聯亞,"1,839,755","9,305","3,030,170,145",1715.00,1715.00,1615.00,1620.00,-,135.0,1615.00,23,1620.00,4,
3083,網龍,"109,422",92,"2,929,372",26.10,27.00,26.10,26.70,+,0.35,26.60,1,26.70,8,
3085,新零售,"11,620",7,"139,447",12.00,12.10,12.00,12.10,+,0.25,11.65,1,12.05,1,
3086,華義*,"1,035,367",879,"34,725,967",32.50,34.80,32.20,32.30,+,0.4,32.30,10,32.50,1,
3088,艾訊,"551,298",661,"76,642,749",138.00,141.50,136.00,138.00,-,1.0,138.00,9,138.50,7,
3093,港建*,"555,322",425,"28,431,553",50.50,52.20,50.50,50.90,-,1.1,50.80,23,51.10,1,
3095,及成,"5,392",23,"206,665",37.95,39.25,37.95,38.50,-,0.7,38.45,1,38.70,1,
3105,穩懋,"11,076,373","14,016","4,109,460,255",380.50,381.00,364.50,369.00,-,17.0,369.00,14,369.50,50,
3114,好德,"594,897",456,"21,370,033",36.50,36.60,35.50,35.70,-,1.2,35.70,4,35.80,30,
3115,富榮綱,"2,587",20,"23,044",8.90,9.19,8.90,9.19,+,0.25,8.44,2,9.17,1,
3118,進階,204,13,"6,366",---,---,---, ---,,,31.80,1,32.00,2,
3122,笙泉,"100,496",85,"2,816,054",28.50,28.55,27.70,27.95,-,0.7,27.95,1,28.05,2,
3128,昇銳,"58,797",106,"1,358,659",23.60,23.60,23.00,23.15,-,0.1,23.05,1,23.15,2,
3131,弘塑,"325,981","1,284","1,058,552,620",3155.00,3330.00,3130.00,3255.00,+,50.0,3240.00,2,3255.00,1,
3141,晶宏,"495,462",487,"33,674,112",69.80,69.80,66.90,67.90,-,2.0,67.70,4,68.00,3,
3147,大綜,"129,044",244,"30,365,726",235.00,240.00,231.50,232.00,-,11.0,231.50,1,232.00,1,
3152,璟德,"100,700",298,"25,649,049",256.50,258.50,252.00,253.00,-,4.0,253.00,1,253.50,1,
3158,嘉實,"5,312",13,"440,950",83.00,83.00,83.00,83.00,-,0.3,83.00,2,83.50,1,
3162,精確,"607,011",623,"47,201,756",78.00,79.70,76.90,77.40,-,0.6,77.40,7,77.50,6,
3163,波若威,"1,224,316","3,148","892,520,241",735.00,748.00,715.00,724.00,-,30.0,723.00,6,725.00,3,
3169,亞信,"133,569",156,"13,772,412",105.00,105.50,100.50,103.00,+,1.0,103.00,3,103.50,1,
3171,炎洲流通,"10,730",28,"692,527",64.80,64.80,63.90,64.80,+,1.1,64.70,1,64.80,8,
3176,基亞,"335,708",247,"11,944,289",35.40,36.00,35.05,35.75,+,0.35,35.50,6,35.75,6,
3178,公準,"703,166",775,"49,415,673",64.30,70.70,64.30,70.70,+,6.4,70.70,620,0.00,0,
3188,鑫龍騰,"391,376",218,"9,381,747",24.10,24.15,23.80,23.90,-,0.0,23.90,4,24.00,1,
3191,雲嘉南,"39,698",28,"733,640",17.95,18.85,17.95,18.35,-,0.25,18.35,2,18.60,2,
3205,佰研,"73,037",80,"3,659,695",50.50,50.60,49.85,50.10,-,0.5,50.10,3,50.30,2,
3206,志豐,"116,166",61,"4,272,241",36.80,36.95,36.30,36.80,-,0.05,36.80,1,36.85,5,
3207,耀勝,"219,127",250,"12,603,314",58.20,58.40,57.00,57.10,-,1.4,57.00,14,57.10,4,
3211,順達,"4,802,412","5,689","2,050,960,468",424.50,439.00,416.00,426.50,-,0.5,425.50,1,426.50,10,
3213,茂訊,"171,274",231,"21,589,640",127.50,127.50,125.50,126.00,-,2.0,126.00,14,126.50,4,
3217,優群,"518,342",685,"80,338,854",158.50,158.50,154.00,155.00,-,3.0,154.50,5,155.00,6,
3218,大學光,"170,758",241,"23,892,871",139.50,141.00,138.50,139.50,+,1.0,139.00,7,139.50,4,
3219,倚強科,"122,799",130,"8,986,962",73.70,74.30,72.30,72.30,-,1.4,72.30,8,72.70,1,
3221,台嘉碩,"8,427,675","6,414","467,591,657",52.60,57.50,52.40,54.30,+,1.4,54.30,56,54.40,2,
3224,三顧,"12,062",17,"443,145",36.80,37.20,36.65,36.65,-,0.35,36.60,3,36.70,9,
3226,龍鋒,"3,151",6,"145,118",46.00,46.20,46.00,46.20,-,0.2,46.15,1,46.50,1,
3227,原相,"2,453,980","3,139","466,639,054",195.00,195.00,188.50,190.00,-,6.5,189.50,4,190.00,28,
3228,金麗科,"181,928",291,"30,813,203",174.00,174.00,168.00,168.00,-,4.0,168.00,9,169.00,1,
3230,錦明,"594,595",385,"31,395,717",54.00,54.00,50.50,50.50,-,3.5,50.20,13,50.50,14,
3232,昱捷,"88,195",57,"1,891,203",21.55,21.55,21.20,21.40,-,0.45,21.40,1,21.45,1,
3234,光環,"754,941",936,"82,464,485",110.00,114.50,107.50,108.00,-,5.5,108.00,50,108.50,2,
3236,千如,"5,315,041","4,108","290,232,997",53.00,56.20,53.00,53.70,-,1.0,53.70,18,53.90,1,
3252,海灣,"37,000",8,"640,200",17.25,17.40,17.25,17.30,-,0.05,17.30,6,17.35,4,
3259,鑫創,"24,198",22,"374,954",15.45,15.70,15.40,15.55,-,0.35,15.25,2,15.65,4,
3260,威剛,"4,995,452","6,876","1,995,039,898",403.00,403.00,396.50,400.50,-,7.5,400.00,10,400.50,10,
3264,欣銓,"9,776,137","9,097","2,294,319,412",223.50,243.50,219.50,237.50,+,13.0,237.00,6,237.50,50,
3265,台星科,"780,973",886,"132,360,534",170.00,173.00,164.00,171.00,+,1.0,171.00,1,171.50,9,
3268,海德威,"69,182",74,"1,382,326",20.40,20.40,19.70,19.95,-,0.15,19.85,6,19.95,1,
3272,東碩,"12,050",15,"185,238",15.35,15.40,15.35,15.40,+,0.05,15.35,11,15.50,3,
3276,宇環,"197,005",155,"3,282,380",16.70,16.85,16.45,16.80,+,0.1,16.75,14,16.80,2,
3284,太普高,"435,666",296,"11,249,580",26.10,26.45,25.20,25.95,+,0.15,25.95,8,26.00,11,
3285,微端,"31,852",52,"1,257,736",39.95,40.35,39.00,39.00,-,1.0,39.00,15,39.50,3,
3287,廣寰科,"68,141",47,"2,037,583",30.75,30.75,29.20,30.10,+,0.2,29.90,1,30.10,4,
3288,點晶,"147,883",112,"3,586,151",24.25,24.25,24.25,24.25,+,2.2,24.25,205,0.00,0,
3289,宜特,"805,884",849,"128,971,906",159.50,162.00,158.00,160.50,-,0.0,160.50,2,161.00,12,
3290,東浦,"738,370",609,"50,536,672",67.50,69.80,66.80,68.00,-,0.2,68.00,15,68.30,1,
3293,鈊象,"1,224,076","5,040","860,225,070",704.00,708.00,697.00,704.00,-,0.0,703.00,6,705.00,3,
3294,英濟,"314,360",290,"11,099,376",35.50,35.70,35.00,35.20,-,0.5,35.20,4,35.30,6,
3297,杭特,"61,293",172,"1,825,665",30.30,30.40,29.45,29.45,-,0.75,29.45,21,30.30,1,
3303,岱稜,"4,381,581","4,634","263,439,249",62.40,62.50,57.20,57.40,-,5.3,57.40,28,57.50,9,
3306,鼎天,"124,044",130,"5,708,687",47.00,47.00,45.15,45.85,-,1.1,45.85,1,45.95,1,
3310,佳穎,"13,004",14,"889,752",68.50,68.50,68.30,68.30,-,0.0,68.20,1,68.80,1,
3313,斐成,"34,506",46,"410,545",11.80,12.00,11.80,12.00,+,0.1,11.80,19,11.95,1,
3317,尼克森,"3,776,686","3,453","346,989,346",89.50,95.10,87.60,91.70,+,1.1,91.70,11,91.80,1,
3322,建舜電,"241,099",182,"3,132,073",13.00,13.20,12.90,12.90,-,0.3,12.85,17,12.95,9,
3323,加百裕,"325,184",328,"10,781,879",33.50,33.60,32.80,33.10,-,0.3,33.10,5,33.35,2,
3324,雙鴻,"1,558,141","4,009","1,406,268,604",905.00,922.00,885.00,902.00,+,6.0,901.00,3,902.00,1,
3325,旭品,"133,315",86,"1,726,384",12.85,13.10,12.85,12.85,-,0.1,12.90,2,12.95,1,
3332,幸康,"4,939",28,"333,365",68.60,68.60,67.10,67.10,-,0.0,66.30,1,67.80,1,
3339,泰谷,"2,321,645","1,761","88,718,572",35.70,39.25,35.00,38.45,+,2.75,38.45,15,38.50,10,
3349,寶德,"102,739",94,"2,450,665",24.60,24.60,23.05,24.60,-,0.1,23.05,1,24.60,2,
3354,律勝,"131,774",136,"3,200,397",24.85,24.85,24.05,24.30,-,0.6,24.25,1,24.30,6,
3357,臺慶科,"2,105,397","2,487","507,671,644",248.00,248.50,235.50,236.50,-,13.5,236.00,39,236.50,4,
3360,尚立,"11,649,756","5,873","256,654,471",23.05,23.50,20.60,20.75,-,2.1,20.75,23,20.80,38,
3362,先進光,"5,028,150","4,675","863,654,095",168.00,181.00,164.00,169.50,-,1.5,169.50,4,170.00,103,
3363,上詮,"2,271,305","4,741","1,265,306,651",582.00,582.00,542.00,555.00,-,42.0,555.00,3,556.00,21,
3372,典範,"481,350",378,"8,707,819",18.10,18.50,17.85,17.85,-,0.25,17.85,30,17.95,1,
3373,熱映,"27,386",34,"455,249",16.60,16.70,16.55,16.65,+,0.1,16.60,2,16.65,1,
3374,精材,"31,887,859","30,036","12,771,441,049",413.00,418.00,383.00,395.00,-,7.0,395.00,270,395.50,17,
3379,彬台,"70,645",88,"2,331,831",32.95,33.25,32.70,32.85,-,0.15,32.85,1,33.00,1,
3388,崇越電,"110,985",137,"8,797,527",78.30,80.20,78.10,79.50,+,0.1,79.50,2,80.00,2,
3390,旭軟,"380,386",283,"9,950,100",26.30,26.50,25.50,26.10,-,0.0,26.10,3,26.30,6,
3402,漢科,"2,424,608","2,554","381,365,797",154.50,160.50,153.00,156.50,-,1.5,156.50,18,157.00,23,
3430,奇鈦科,"1,837,474","1,826","262,072,172",143.50,148.00,137.00,139.00,-,4.0,139.00,1,139.50,8,
3434,哲固,"52,298",115,"1,569,579",30.00,30.40,29.60,29.95,-,0.0,29.95,5,30.15,1,
3438,類比科,"314,635",401,"18,549,331",61.50,61.50,58.00,58.20,-,4.0,58.20,6,58.30,2,
3441,聯一光,"5,947,963","4,294","411,118,013",63.80,71.10,63.70,69.70,+,5.0,69.60,15,69.70,2,
3444,利機,"92,015",102,"7,611,961",82.60,84.00,81.60,82.70,-,0.5,82.30,2,83.00,2,
3455,由田,"586,719",835,"128,864,651",220.00,226.00,215.00,218.00,-,7.0,218.00,5,219.00,3,
3465,進泰電子,"37,197",32,"1,160,688",31.05,31.90,31.05,31.15,-,0.55,31.15,1,31.45,5,
3466,德晉,"266,507","1,412","8,270,410",31.35,31.50,30.80,31.00,-,0.35,30.95,7,31.00,1,
3467,台灣精材,"60,409",70,"3,270,437",54.30,56.10,52.80,53.30,-,1.0,52.90,2,53.70,5,
3479,安勤,"2,732,963","2,838","405,772,098",147.50,151.00,146.00,146.00,-,1.5,146.00,38,146.50,6,
3483,力致,"327,238",430,"26,945,796",83.60,83.60,81.10,81.60,-,2.4,81.60,1,81.90,1,
3484,崧騰,"295,073",234,"15,250,332",51.70,52.30,51.00,51.10,-,1.0,51.10,2,51.40,2,
3485,敘豐,"113,513",469,"29,813,864",264.00,267.00,257.50,261.00,-,6.0,261.00,4,262.50,1,
3489,森寶,"233,170",153,"4,567,860",19.70,19.75,19.50,19.60,-,0.1,19.60,13,19.70,1,
3490,單井,"424,140",368,"12,761,351",30.05,30.75,29.50,29.80,-,0.45,29.75,4,29.80,7,
3491,昇達科,"3,060,737","4,772","3,976,900,080",1310.00,1310.00,1255.00,1310.00,+,115.0,1310.00,748,0.00,0,
3492,長盛,"9,094",12,"208,026",22.90,22.95,22.65,22.65,-,0.35,22.60,11,22.75,1,
3498,陽程,"2,235,964","2,033","284,645,999",122.00,131.50,119.00,129.50,+,6.5,129.00,19,129.50,9,
3499,環天科,"28,217",41,"411,371",14.50,14.65,14.45,14.65,-,0.0,14.55,1,14.65,1,
3508,位速,"81,850",72,"1,385,747",16.80,17.25,16.65,16.95,-,0.3,16.90,16,17.05,1,
3511,矽瑪,"395,443",327,"8,820,337",22.60,22.80,22.00,22.00,-,0.6,22.00,16,22.10,3,
3512,皇龍,"69,870",60,"1,376,013",19.75,19.85,19.60,19.70,-,0.15,19.65,1,19.70,4,
3516,亞帝歐,"11,039",29,"285,640",25.90,25.90,25.70,25.70,-,0.25,25.60,1,26.05,2,
3520,華盈,"569,345",327,"9,336,530",16.20,16.80,16.15,16.15,-,0.0,16.15,23,16.45,1,
3521,台鋼建設,"43,303",38,"543,764",12.60,12.95,12.45,12.60,-,0.0,12.55,5,12.70,1,
3522,御嵿,"325,671",174,"4,305,752",12.50,13.55,12.50,13.15,+,0.55,13.15,6,13.25,1,
3523,迎輝,"27,450",26,"412,890",15.00,15.40,15.00,15.40,-,0.0,15.10,6,15.40,4,
3526,凡甲,"183,324",324,"56,688,850",309.50,312.50,304.00,312.50,+,3.5,312.50,5,313.00,3,
3527,聚積,"82,383",95,"4,882,923",60.40,60.40,58.90,58.90,-,1.4,58.90,2,59.50,1,
3529,力旺,"449,464","1,415","1,132,427,145",2590.00,2595.00,2465.00,2530.00,-,0.0,2525.00,1,2545.00,4,
3531,先益,"1,020",3,"23,597",23.15,23.15,23.15,23.15,+,0.2,22.90,1,23.05,1,
3537,堡達,"576,728",562,"36,374,131",63.10,64.10,62.10,62.10,-,1.7,62.10,3,62.30,6,
3540,曜越,"458,199",387,"9,924,571",21.95,21.95,21.45,21.55,-,0.4,21.55,9,21.65,1,
3541,西柏,"15,010",10,"327,070",21.75,21.90,21.75,21.90,-,0.05,21.80,8,22.15,8,
3546,宇峻,"91,380",115,"6,628,680",71.50,73.50,71.50,72.80,+,1.0,72.80,2,73.00,2,
3548,兆利,"175,540",219,"14,075,813",79.50,81.30,79.30,80.10,-,0.4,80.10,1,80.20,3,
3551,世禾,"4,853,169","8,242","1,078,595,117",220.00,230.00,212.00,213.00,,,213.00,17,213.50,2,
3552,同致,"59,252",109,"2,737,668",46.50,46.70,45.80,46.00,-,0.5,46.00,4,46.10,1,
3555,博士旺,"78,087",80,"11,817,962",156.00,156.50,149.00,152.00,-,1.0,151.50,2,154.00,4,
3556,禾瑞亞,"483,649",524,"33,360,477",69.00,69.80,68.00,68.50,-,0.2,68.50,8,68.80,1,
3558,神準,"125,411",251,"17,274,438",139.50,139.50,136.50,137.00,-,3.0,137.00,4,137.50,3,
3564,其陽,"200,698",220,"10,204,148",51.20,51.90,50.10,50.20,-,1.7,50.20,1,50.30,1,
3567,逸昌,"121,952",110,"3,412,882",28.55,28.55,27.75,28.05,-,0.35,28.00,9,28.10,1,
3570,大塚,"19,945",42,"3,318,846",167.00,168.00,165.00,166.00,-,1.0,165.00,3,166.50,1,
3577,泓格,"762,795",736,"103,212,775",126.50,138.50,124.00,138.50,+,12.5,138.50,79,0.00,0,
3580,友威科,"414,024",428,"37,547,362",90.30,92.50,88.60,91.80,+,1.5,91.30,1,91.90,2,
3581,博磊,"223,935",271,"27,814,856",125.00,127.50,121.50,123.50,-,4.0,123.50,6,124.50,1,
3587,閎康,"389,561",761,"106,103,813",273.50,276.50,268.00,272.50,-,6.5,272.50,2,273.00,2,
3594,磐儀,"2,139,782","1,613","113,504,178",53.30,54.00,51.90,52.10,-,0.8,52.10,9,52.40,1,
3597,映興,"15,031",16,"400,815",26.50,26.95,26.50,26.50,-,0.25,26.50,8,26.65,1,
3609,三一東林,"100,010",58,"2,738,650",27.80,27.80,27.00,27.70,+,0.05,27.20,1,27.70,3,
3611,鼎翰,"52,764",324,"10,395,531",197.50,198.00,196.50,197.00,-,1.0,197.00,2,197.50,4,
3615,安可,"1,942,892","1,598","86,995,162",43.20,46.65,42.55,45.65,,,45.65,8,45.70,6,
3623,富晶通,"111,098",55,"2,523,635",23.05,23.05,22.55,22.85,-,0.15,22.85,1,22.90,1,
3624,光頡,"5,508,255","4,555","611,370,470",112.00,115.00,107.50,108.50,-,5.5,108.50,16,109.00,28,
3625,西勝,"1,054,900",967,"18,687,320",16.70,18.35,16.60,18.00,+,1.25,17.95,8,18.00,17,
3628,盈正,"194,006",187,"13,595,992",70.30,71.00,69.00,69.00,,,69.00,4,69.60,1,
3629,地心引力,"1,010",2,"14,190",14.05,14.05,14.05,14.05,-,0.75,14.10,1,15.95,1,
3630,新鉅科,"533,954",416,"14,430,310",27.00,27.50,26.70,26.85,-,0.15,26.85,1,26.90,2,
3631,晟楠,"18,301",19,"599,152",33.30,33.30,32.20,32.85,+,0.05,32.80,1,32.90,3,
3632,研勤,"1,902",19,"15,748",8.29,8.29,8.29,8.29,+,0.22,8.08,1,8.27,1,
3646,艾恩特,"30,111",39,"694,842",23.15,23.15,23.00,23.15,-,0.1,23.15,1,23.20,4,
3663,鑫科,"631,977",639,"48,270,070",77.40,78.00,75.00,76.00,-,1.3,76.00,3,76.10,3,
3664,安瑞-KY,"5,020",6,"31,826",6.01,6.58,6.01,6.58,-,0.0,6.60,1,7.19,5,
3666,光耀,"46,006",37,"1,150,705",24.95,25.25,24.65,25.25,-,0.0,25.20,10,25.25,13,
3672,康聯訊,"78,667",160,"1,084,901",13.90,14.45,12.90,14.00,+,0.5,14.00,5,14.15,6,
3675,德微,"1,114,670","1,987","353,846,033",318.50,326.50,307.00,317.00,-,7.0,317.00,2,317.50,1,
3680,家登,"3,812,588","5,791","1,950,094,887",520.00,534.00,490.50,516.00,-,15.0,515.00,21,516.00,20,
3684,榮昌,"8,159",14,"416,831",52.30,52.30,50.30,50.60,-,0.2,50.20,3,50.80,1,
3685,元創精密,"4,311,831","1,374","172,544,353",40.05,40.90,38.60,39.60,-,0.4,39.50,2,39.60,1,
3687,歐買尬,"210,789",219,"15,772,387",74.50,76.00,73.00,73.00,,,73.00,4,73.50,1,
3689,湧德,"987,825",717,"113,156,882",116.50,116.50,113.00,114.50,-,2.5,114.00,59,114.50,1,
3691,碩禾,"769,363",760,"99,140,711",128.00,132.00,124.50,130.50,+,1.5,130.00,9,130.50,3,
3693,營邦,"324,766",754,"156,910,913",484.50,489.50,477.50,480.50,-,7.5,480.00,7,480.50,4,
3707,漢磊,"9,393,470","8,272","724,991,545",79.30,80.10,75.50,75.50,-,4.5,75.50,148,75.60,90,
3709,鑫聯大投控,"910,664",766,"71,063,191",77.50,79.90,76.20,78.00,-,0.3,77.70,1,78.10,2,
3710,連展投控,"124,482",80,"703,825",5.80,5.80,5.61,5.63,-,0.17,5.63,2,5.68,8,
3713,新晶投控,"7,072",9,"103,512",14.55,14.85,14.35,14.75,-,0.0,14.75,1,14.80,1,
4102,永日,"34,022",35,"692,996",20.45,20.45,20.25,20.45,+,0.05,20.35,5,20.45,5,
4105,東洋,"1,021,768",768,"80,660,037",78.40,79.50,78.30,78.70,+,0.3,78.60,9,78.70,7,
4107,邦特,"56,205",65,"6,657,373",118.00,119.00,118.00,119.00,+,1.0,118.50,1,119.00,2,
4109,加捷生醫,"117,795",103,"1,429,893",12.30,12.30,12.05,12.10,-,0.1,12.10,32,12.20,5,
4111,濟生,"19,363",31,"582,866",30.20,30.25,30.05,30.05,-,0.1,30.00,4,30.15,1,
4113,聯上,"342,083",159,"5,153,583",15.00,15.30,14.95,14.95,-,0.05,14.95,2,15.00,13,
4114,健喬,"2,887,020","2,888","96,591,416",33.75,33.75,33.25,33.25,-,0.35,33.25,24,33.30,71,
4116,明基醫,"38,121",38,"1,483,451",38.40,39.50,38.40,38.60,+,0.15,38.60,2,38.80,2,
4120,友華,"39,915",58,"1,917,486",48.00,48.50,47.85,48.05,+,0.2,47.80,2,48.05,1,
4121,優盛,"33,196",43,"444,164",13.35,13.45,13.35,13.40,+,0.05,13.40,3,13.45,6,
4123,晟德,"764,809",578,"29,112,392",37.90,38.20,37.90,38.00,-,0.05,38.00,14,38.05,10,
4126,太醫,"36,859",64,"2,868,383",77.40,78.20,77.00,78.20,+,0.8,78.10,2,78.30,2,
4127,天良,"955,408",953,"79,025,491",81.20,89.00,79.50,83.00,+,1.8,82.70,5,83.00,6,
4128,中天,"1,048,876",826,"16,749,795",16.10,16.20,15.85,15.85,-,0.25,15.85,69,15.90,1,
4129,聯合,"86,756",63,"8,049,422",91.70,93.20,91.70,92.60,+,0.4,92.60,4,92.90,1,
4130,健亞,"58,025",109,"1,598,283",28.00,28.00,27.25,27.40,-,0.15,27.40,4,27.50,3,
4131,浩泰,"27,608",27,"891,283",32.50,32.75,32.00,32.50,-,0.2,32.50,2,32.55,1,
4138,曜亞,"23,650",39,"1,202,753",50.80,51.00,50.80,50.90,-,0.0,50.80,10,51.00,1,
4139,馬光-KY,"43,238",42,"1,493,869",34.55,34.55,34.55,34.55,+,3.1,34.55,238,0.00,0,
4147,中裕,"1,536,028","1,068","101,402,873",65.90,67.40,65.00,66.00,+,0.7,66.00,5,66.30,3,
4153,鈺緯,"3,030",4,"95,248",31.60,31.60,31.30,31.30,-,0.1,31.05,1,31.30,1,
4154,樂威科-KY,"6,000",6,"70,400",11.50,11.95,11.40,11.95,-,0.0,11.35,1,12.00,2,
4157,太景*-KY,"408,044",218,"3,613,521",8.87,8.90,8.75,8.90,+,0.03,8.88,5,8.90,20,
4160,訊聯基因,"16,191",82,"663,478",41.00,41.10,40.65,40.65,-,0.3,40.60,1,41.00,2,
4161,聿新科,"33,491",38,"756,542",22.60,22.75,22.30,22.75,,,22.65,1,22.75,1,
4162,智擎,"789,813",712,"52,349,465",67.40,67.40,65.60,66.40,-,1.0,66.30,7,66.40,1,
4163,鐿鈦,"52,527",85,"6,712,937",127.00,129.00,126.50,127.50,+,0.5,127.50,1,128.50,1,
4166,友霖,"234,263",141,"6,192,072",26.55,26.90,26.15,26.15,-,0.5,26.15,8,26.25,5,
4167,松瑞藥,"1,975,358",922,"42,542,850",21.50,21.75,21.20,21.55,+,0.25,21.50,22,21.55,5,
4168,醣聯,"169,596",105,"4,076,094",24.05,24.10,23.95,23.95,-,0.45,23.95,11,24.05,4,
4171,瑞基,"50,882",134,"852,587",17.00,17.00,16.55,16.75,-,0.25,16.75,2,16.95,2,
4173,久裕,"80,460",126,"1,437,262",18.00,18.00,17.80,17.95,-,0.05,17.90,4,17.95,1,
4174,浩鼎,"285,261",310,"8,274,417",29.40,29.40,28.50,28.65,-,0.8,28.65,6,28.80,1,
4175,杏一,"15,455",119,"781,449",50.40,50.60,50.30,50.60,+,0.4,50.50,1,50.60,1,
4183,福永生技,0,0,0,---,---,---, ---,,,13.85,1,14.60,1,
4188,安克,"18,165",23,"187,749",10.35,10.45,10.20,10.35,+,0.15,10.30,1,10.35,2,
4192,杏國,"7,829",16,"158,109",20.95,20.95,19.60,19.90,-,0.05,19.75,2,19.95,6,
4198,欣大健康,"7,088",11,"290,904",42.20,42.30,40.10,40.10,-,3.5,40.05,1,40.95,1,
4205,中華食,"155,402",272,"11,510,819",73.70,74.70,73.20,74.70,+,1.6,74.70,3,74.80,1,
4207,環泰,"241,287",79,"4,825,459",20.00,20.10,19.85,19.95,-,0.1,19.90,3,19.95,1,
4303,信立,"422,168",539,"18,890,246",45.60,45.65,44.10,44.30,-,1.3,44.20,3,44.30,3,
4304,勝昱,"13,015",13,"265,758",21.00,21.00,20.00,20.00,+,0.5,19.60,3,20.80,7,
4305,世坤,0,0,0,---,---,---, ---,,,41.30,1,42.35,1,
4401,東隆興,"24,118",22,"360,069",15.20,15.20,14.85,15.00,+,0.05,14.95,2,15.00,1,
4402,郡都開發,"14,058",17,"229,694",16.35,16.35,16.25,16.35,+,0.05,16.30,1,16.35,14,
4406,新昕纖,"14,356",6,"141,524",9.90,9.90,9.83,9.83,-,0.02,9.83,2,9.84,1,
4413,飛寶企業,"21,148",26,"303,665",14.90,14.90,14.15,14.40,,,14.30,3,14.40,3,
4416,三圓,"165,004",120,"1,729,305",10.35,10.60,10.35,10.50,+,0.15,10.50,9,10.55,3,
4417,金洲,"45,030",29,"1,972,120",43.80,43.90,43.70,43.90,+,0.1,43.85,1,43.90,4,
4419,皇家美食,"2,020",3,"92,499",45.20,46.40,45.20,46.40,-,0.05,45.10,1,46.45,1,
4420,光明,"10,644",30,"380,357",35.60,36.00,35.60,36.00,+,0.4,35.90,1,36.10,1,
4430,耀億,"13,621",56,"230,434",16.80,17.10,16.80,17.00,+,0.2,16.95,1,17.00,4,
4432,銘旺實,"7,000",7,"115,750",16.60,16.60,16.45,16.45,+,0.05,16.40,1,16.60,6,
4433,興采,"99,166",268,"1,970,742",19.95,20.00,19.70,19.70,-,0.5,19.70,6,19.80,1,
4442,竣邦-KY,"7,024",7,"344,379",49.10,49.10,49.00,49.00,-,0.1,49.10,1,49.45,4,
4502,健信,"16,000",11,"249,850",15.60,15.70,15.60,15.70,-,0.0,15.65,1,15.70,4,
4503,金雨,"74,086",82,"2,879,713",39.25,39.25,38.25,38.70,-,0.3,38.70,7,38.80,1,
4506,崇友,"39,589",155,"4,847,013",122.50,123.00,122.00,122.00,-,0.5,122.00,9,123.00,21,
4510,高鋒,"445,822",412,"18,298,645",41.20,41.50,40.65,41.15,-,0.6,41.15,4,41.20,4,
4513,福裕,"9,774,447","5,634","221,989,765",22.05,23.95,21.50,21.60,-,0.75,21.55,1,21.60,3,
4523,永彰,"44,219",53,"1,106,233",24.85,25.25,24.80,25.10,+,0.15,25.00,1,25.10,4,
4527,方土霖,"19,064",20,"752,680",39.60,39.75,39.10,39.55,-,0.0,39.55,1,39.75,1,
4528,江興鍛,"60,636",82,"967,939",15.80,16.25,15.70,15.95,-,0.05,15.95,1,16.10,1,
4529,淳紳,"24,000",14,"104,070",4.50,4.50,4.26,4.33,-,0.17,4.35,4,4.46,3,
4530,宏易,"4,315",8,"112,799",26.60,26.60,25.70,26.40,+,0.7,25.25,1,25.85,1,
4533,協易機,"572,341",383,"16,038,791",28.55,28.55,27.80,27.80,-,0.75,27.80,10,27.85,2,
4534,慶騰,"4,516,264","2,839","185,691,899",38.60,42.35,37.75,42.35,+,3.85,42.35,3747,0.00,0,
4535,至興,"4,000",3,"109,900",27.30,28.00,27.30,28.00,+,0.8,27.35,1,27.70,1,
4538,大詠城,"13,685",15,"252,016",18.50,18.60,18.25,18.55,-,0.05,18.45,1,18.55,2,
4541,晟田,"18,473,969","14,203","1,350,833,857",72.90,76.20,71.00,71.30,-,1.6,71.30,89,71.40,3,
4542,科嶠,"147,406",264,"53,748,885",353.00,368.00,353.00,363.50,-,8.5,360.50,1,363.50,1,
4543,萬在,"137,977",117,"4,682,443",33.75,34.35,33.70,33.85,-,0.5,33.85,1,34.05,2,
4549,桓達,"28,869",51,"2,858,256",99.50,99.90,98.10,98.30,-,1.2,98.10,5,99.40,1,
4550,長佳,"3,034",5,"76,202",25.35,25.35,25.00,25.00,-,0.4,25.00,4,25.15,1,
4554,橙的,"29,747",32,"943,206",32.10,32.10,31.50,31.75,-,0.15,31.75,1,31.80,1,
4556,旭然,"323,057",451,"39,894,379",123.00,131.50,116.50,116.50,-,10.5,116.50,4,117.00,1,
4558,寶緯,"97,315",79,"1,738,010",18.50,18.50,17.55,17.55,-,0.35,17.55,4,17.80,1,
4561,健椿,"99,366",95,"3,889,814",39.05,39.75,38.35,39.00,-,0.55,39.00,20,39.50,1,
4563,百德,"38,056",34,"1,588,957",42.30,42.30,41.60,41.60,-,0.7,41.60,1,42.00,1,
4568,科際精密,"48,455",55,"1,917,128",38.65,40.50,38.65,39.75,,,39.70,1,40.20,2,
4577,達航科技,"317,681",404,"24,546,490",79.00,79.00,76.20,76.90,-,2.2,76.90,1,77.00,3,
4580,捷流閥業,"29,012",28,"2,373,782",81.70,82.20,81.30,81.70,-,0.0,81.70,1,81.90,1,
4584,君帆,"2,140",6,"86,915",40.60,40.60,40.60,40.60,-,0.25,40.10,2,40.85,5,
4609,唐鋒,"1,005",2,"5,308",5.28,5.28,5.28,5.28,-,0.0,4.89,2,5.28,1,
4702,中美實,"111,983",123,"1,089,781",9.73,9.77,9.71,9.73,-,0.05,9.72,2,9.73,1,
4706,大恭,100,1,"2,940",---,---,---, ---,,,31.60,8,32.20,1,
4707,磐亞,"2,819,302","1,419","125,797,019",42.50,45.00,42.50,45.00,+,3.05,44.95,30,45.00,160,
4711,永純,"91,625",65,"1,517,024",16.60,16.65,16.50,16.60,-,0.0,16.50,5,16.60,3,
4714,永捷,"2,607,198","1,715","29,158,040",11.05,11.35,10.95,11.25,-,0.05,11.20,31,11.25,24,
4716,大立,"843,002",544,"17,253,976",20.95,21.05,19.85,20.20,-,0.9,20.20,18,20.30,3,
4721,美琪瑪,"468,963",492,"36,399,592",78.50,78.80,76.50,76.70,-,0.7,76.60,5,76.70,1,
4726,永昕,"146,576",87,"3,748,224",25.10,26.10,25.00,25.70,+,0.6,25.65,1,25.75,2,
4728,雙美,"3,006",4,"1,142,777",380.50,380.50,380.00,380.00,-,1.0,380.00,2,392.00,5,
4729,熒茂,"219,098",144,"4,424,601",20.25,20.55,19.85,20.10,-,0.0,20.10,9,20.15,2,
4735,豪展,"8,296",15,"256,544",31.00,31.00,30.75,30.90,+,0.25,30.70,2,30.90,2,
4741,泓瀚,"198,263",222,"9,877,370",49.95,50.30,49.20,49.50,-,1.2,49.50,2,49.55,1,
4743,合一,"1,246,070","1,096","62,537,087",50.70,51.00,49.70,50.30,-,0.4,50.30,3,50.40,12,
4744,皇將,"481,976",328,"15,175,708",30.00,32.25,29.50,31.90,+,2.55,31.85,1,31.90,1,
4745,合富-KY,"35,237",24,"500,014",14.15,14.25,14.15,14.25,+,0.1,14.20,2,14.25,2,
4747,強生,"7,077",14,"341,945",48.05,48.50,48.05,48.45,-,0.55,48.30,1,48.50,1,
4749,新應材,"542,348","2,283","470,878,959",860.00,884.00,850.00,860.00,-,6.0,860.00,4,862.00,1,
4754,國碳科,"42,557",73,"1,562,342",36.65,37.10,36.55,36.90,-,0.2,36.90,1,37.10,1,
4760,勤凱,"350,886",636,"97,654,678",281.00,284.00,274.00,275.50,-,9.0,275.00,5,275.50,2,
4767,誠泰科技,"7,000",5,"191,800",27.40,27.40,27.40,27.40,+,0.05,27.00,12,27.20,1,
4768,晶呈科技,"264,117",432,"88,108,176",340.50,340.50,327.50,330.50,-,6.0,330.00,12,333.00,1,
4772,台特化,"401,638",850,"106,516,833",267.50,268.50,263.00,264.50,-,5.0,264.50,8,265.50,1,
4806,桂田文創,"6,012",14,"60,091",10.00,10.00,9.98,9.98,+,0.02,9.85,1,10.00,1,
4903,聯光通,"561,399",477,"21,700,215",39.00,39.25,38.20,38.50,-,0.6,38.45,3,38.50,3,
4905,台聯電,"11,416",14,"785,001",68.30,70.60,68.30,69.80,+,2.4,68.90,3,70.50,2,
4907,富宇,"59,420",73,"2,389,469",39.75,40.70,39.75,40.35,+,0.6,40.35,2,40.40,1,
4908,前鼎,"764,516",869,"115,213,682",152.00,154.00,148.00,151.50,-,4.0,151.00,9,152.00,11,
4909,新復興,"273,920",315,"11,417,505",42.05,42.45,41.15,41.15,-,0.9,41.15,1,41.70,2,
4911,德英,"126,586",148,"4,375,062",35.10,35.25,33.90,34.70,-,0.4,34.55,2,34.70,2,
4923,力士,"544,198",501,"29,650,663",56.40,56.80,53.60,53.60,-,3.0,53.60,10,54.00,6,
4924,欣厚-KY,"107,600",80,"1,115,480",10.45,10.65,10.20,10.25,-,0.65,10.20,8,10.25,1,
4931,新盛力,"2,547,767","3,146","563,255,754",221.50,227.50,215.00,221.00,-,3.0,220.50,2,221.00,19,
4933,友輝,"122,369",155,"7,358,682",60.90,60.90,59.70,59.70,-,1.2,59.70,1,59.80,2,
4939,亞電,"31,705,308","21,493","2,039,733,819",60.30,66.80,60.30,66.80,+,6.0,66.80,4547,0.00,0,
4946,辣椒,"9,027",35,"885,306",98.10,98.20,98.10,98.10,-,1.0,98.10,3,98.90,1,
4950,金耘國際,"13,720",12,"218,750",16.00,16.00,15.95,16.00,-,0.0,16.00,2,16.70,3,
4951,精拓科,"159,199",207,"13,223,810",84.40,84.40,82.30,82.70,-,1.3,82.60,1,82.70,3,
4953,緯軟,"214,851",285,"27,106,691",124.50,128.00,124.00,125.50,+,0.5,125.50,5,126.50,4,
4966,譜瑞-KY,"624,374","1,641","393,015,136",629.00,638.00,621.00,631.00,-,5.0,631.00,2,632.00,11,
4971,IET-KY,"387,263",758,"160,346,981",422.50,422.50,406.00,416.50,-,8.0,411.00,2,416.50,1,
4972,湯石照明,"19,448",85,"328,872",16.90,16.90,16.85,16.85,-,0.05,16.85,6,16.90,6,
4973,廣穎,"1,423,432","1,805","216,854,485",155.50,156.00,150.50,151.00,-,8.5,151.00,17,151.50,8,
4974,亞泰,"77,467",130,"5,408,589",69.90,70.70,69.40,69.50,-,1.3,69.20,3,69.70,2,
4979,華星光,"5,001,521","7,215","1,972,523,281",401.00,404.00,385.00,392.00,-,18.0,391.50,4,392.00,4,
4991,環宇-KY,"3,065,062","5,110","1,234,710,824",414.50,415.00,394.50,400.00,-,26.0,399.50,16,400.00,1,
4995,晶達,"28,130",20,"1,296,603",46.20,46.20,46.00,46.00,-,0.2,45.95,1,46.00,1,
5009,榮剛,"3,052,811","1,648","107,245,387",35.10,35.60,34.60,34.95,+,0.05,34.90,33,34.95,3,
5011,久陽,"249,165",168,"5,313,448",20.95,21.80,20.95,21.20,-,0.3,21.20,5,21.30,5,
5013,強新,"19,065",10,"491,995",25.90,25.95,25.60,25.65,-,0.25,25.65,1,25.80,1,
5014,建錩,"266,563",140,"2,959,361",11.15,11.25,11.00,11.15,-,0.1,11.10,34,11.15,1,
5015,華祺,"44,827",37,"951,847",21.45,21.55,21.15,21.15,-,0.4,21.15,7,21.30,1,
5016,松和,"2,976",5,"72,474",24.00,24.10,24.00,24.10,+,0.15,24.10,4,24.20,1,
5201,凱衛,"30,121",33,"815,166",26.90,27.60,26.85,27.15,-,0.2,26.90,2,27.15,2,
5202,力新,"161,167",99,"2,211,295",13.75,13.85,13.60,13.85,+,0.05,13.80,1,13.85,11,
5205,中茂,"8,999",10,"191,977",21.40,22.10,20.45,21.45,-,0.7,20.45,1,21.30,1,
5206,坤悅,"202,952",139,"4,187,588",20.70,20.95,20.50,20.75,,,20.65,51,20.75,1,
5209,新鼎,"18,271",31,"2,842,668",155.50,157.00,155.00,157.00,+,1.5,155.50,4,158.00,3,
5210,寶碩,"659,026",398,"20,638,523",30.95,31.95,30.70,31.45,+,0.6,31.45,15,31.65,9,
5211,蒙恬,"86,503",128,"1,862,679",22.85,22.85,21.00,21.05,-,0.3,21.05,4,21.25,7,
5212,凌網,0,0,0,---,---,---, ---,,,46.80,1,47.85,1,
5213,亞昕,"295,358",253,"6,635,089",22.30,22.55,22.30,22.50,+,0.25,22.40,2,22.50,1,
5220,萬達光電,"35,365",32,"737,969",21.15,21.15,20.60,21.05,+,0.05,21.00,1,21.05,13,
5223,安力-KY,"5,070",7,"124,674",24.65,24.65,24.55,24.55,-,0.05,24.50,2,24.55,1,
5227,立凱-KY,"851,015",592,"26,594,183",32.45,32.45,30.00,31.25,-,0.35,31.05,3,31.35,3,
5228,鈺鎧,"450,697",471,"22,207,636",48.85,50.50,47.85,48.35,-,0.95,48.35,5,48.40,11,
5230,雷笛克光學,"288,600",245,"5,608,545",19.70,19.75,19.20,19.30,-,0.5,19.30,4,19.35,3,
5245,智晶,"51,015",45,"1,316,127",25.75,26.30,25.25,25.35,-,0.35,25.35,1,25.45,1,
5251,天鉞電,"155,171",290,"4,398,554",29.10,29.10,27.80,27.80,-,0.6,27.80,7,28.00,2,
5263,智崴,"157,688",173,"15,670,844",99.80,100.00,98.30,99.40,-,0.6,98.80,1,99.40,1,
5272,笙科,"122,476",132,"2,432,047",20.00,20.20,19.60,19.70,-,0.45,19.70,1,19.85,1,
5274,信驊,"259,919","3,811","3,609,560,325",13900.00,14295.00,13550.00,13905.00,+,5.0,13885.00,1,13905.00,1,
5276,達輝-KY,"3,080",4,"58,648",18.60,19.25,18.60,19.25,-,0.1,18.55,1,19.30,4,
5278,尚凡*,"279,628",162,"6,938,918",24.65,25.15,24.55,24.75,+,0.2,24.70,2,24.75,2,
5287,數字,"15,041",84,"2,248,063",149.50,149.50,149.00,149.50,-,0.0,149.50,2,150.00,2,
5289,宜鼎,"2,469,597","8,640","3,451,160,625",1430.00,1430.00,1375.00,1395.00,-,75.0,1395.00,8,1400.00,8,
5291,邑昇,"2,287,027","1,331","129,759,119",58.30,58.30,53.40,54.70,+,1.7,54.70,11,54.90,3,
5299,杰力,"689,762",717,"71,117,468",102.00,107.00,99.70,105.50,+,2.0,104.50,8,105.50,4,
5301,寶得利,"3,440",5,"21,106",6.29,6.29,6.13,6.13,-,0.16,6.14,1,6.29,1,
5302,太欣,"1,001,554",405,"12,188,559",12.50,12.50,11.85,11.90,-,0.3,11.90,87,12.05,4,
5309,系統電,"1,724,133","1,451","99,921,968",59.00,59.00,57.20,58.00,-,1.1,58.00,35,58.20,19,
5310,天剛,"8,512",11,"213,423",24.90,25.25,24.90,25.25,-,0.0,24.45,2,25.50,1,
5312,寶島科,"36,416",38,"3,270,280",89.50,90.00,89.50,90.00,+,0.2,89.40,2,90.00,4,
5314,世紀*,"3,441,367","3,121","223,534,959",66.60,66.60,64.10,64.20,-,2.4,64.20,46,64.30,4,
5315,光聯,"244,076",159,"4,858,337",19.95,20.05,19.80,19.85,-,0.15,19.85,5,19.90,1,
5321,美而快,"308,116",256,"17,605,013",57.60,58.70,56.20,57.60,-,0.4,57.00,3,57.60,2,
5324,士開,"204,477",81,"2,470,266",12.05,12.20,12.00,12.20,+,0.2,12.00,10,12.20,34,
5328,華容,"39,169,806","27,212","2,693,345,467",65.50,72.50,65.20,67.00,+,0.8,67.00,65,67.10,20,
5340,建榮,"575,160",714,"44,738,374",79.80,79.80,77.10,77.70,-,1.9,77.60,1,77.70,3,
5344,立衛,"15,115",14,"238,823",15.75,15.85,15.75,15.80,-,0.4,15.80,1,15.95,2,
5345,馥鴻,"19,875",54,"404,562",20.20,21.00,20.10,20.40,+,0.2,20.30,3,21.00,1,
5347,世界,"41,509,598","29,248","7,807,698,148",185.00,192.00,183.00,187.50,+,1.0,187.00,57,187.50,150,
5348,正能量智能,"13,167",15,"210,425",16.55,16.55,15.55,15.55,-,1.1,15.55,1,16.50,1,
5351,鈺創,"43,115,771","28,101","4,335,082,460",103.00,105.50,96.60,97.70,-,6.8,97.70,46,97.80,31,
5353,台林,"70,201",48,"2,008,760",28.65,28.80,28.50,28.60,-,0.15,28.60,2,28.75,1,
5355,佳總,"29,002",16,"177,082",6.29,6.29,6.06,6.26,-,0.03,6.06,3,6.26,1,
5356,協益,"67,930",76,"1,715,539",25.20,25.40,25.20,25.20,-,0.0,25.20,18,25.30,2,
5364,力麗店,"57,500",25,"508,840",8.73,8.96,8.73,8.92,+,0.19,8.81,2,8.86,2,
5371,中光電,"32,903,473","22,877","3,087,687,862",94.30,98.30,89.60,89.60,-,5.3,89.60,52,89.70,300,
5381,光譜,"298,650",294,"7,631,015",25.60,25.95,25.40,25.40,-,0.7,25.40,6,25.45,1,
5386,青雲,"1,367,224","2,417","519,651,940",371.00,391.50,365.00,383.00,+,9.5,382.50,2,384.00,3,
5392,能率,"1,237,709","1,050","55,442,042",45.70,45.70,44.35,44.55,-,1.25,44.55,7,44.65,1,
5398,慕康生醫,"22,199",46,"330,644",14.65,15.00,14.65,14.85,+,0.2,14.75,1,14.95,3,
5403,中菲,"80,548",108,"7,696,294",95.20,95.90,95.00,95.70,+,0.5,95.70,2,95.80,1,
5410,國眾,"488,203",470,"18,588,104",38.45,38.70,37.60,37.60,-,0.85,37.55,20,37.60,6,
5425,台半,"11,783,280","9,978","1,215,422,435",105.50,107.00,101.00,102.00,-,5.5,101.50,243,102.00,39,
5426,振發,"530,300",571,"14,925,715",28.25,28.65,27.70,28.05,-,0.2,28.05,5,28.10,1,
5432,新門,"69,238",104,"8,950,089",130.50,130.50,128.50,128.50,-,4.0,128.50,2,129.00,1,
5438,東友,"100,086",74,"1,901,494",18.95,19.20,18.85,18.85,-,0.2,18.85,7,18.90,1,
5439,高技,"918,294","1,585","267,053,859",293.00,294.00,287.00,289.00,-,7.0,289.00,2,289.50,2,
5443,均豪,"2,602,633","2,263","281,222,304",106.00,111.00,105.50,108.50,+,0.5,108.00,54,108.50,13,
5450,南良,"1,052,155","1,272","16,427,168",14.65,15.85,14.65,15.50,+,1.05,15.50,17,15.55,24,
5452,佶優,"836,739",641,"24,369,650",29.60,29.60,28.85,28.85,-,0.75,28.85,81,28.90,14,
5455,昇益,"4,154",11,"114,689",27.60,27.65,27.60,27.65,+,0.05,27.35,3,28.00,2,
5457,宣德,"374,905",331,"11,803,812",30.95,32.10,30.85,31.40,+,0.05,31.35,6,31.40,1,
5460,同協,"579,020",447,"9,957,624",17.10,18.00,16.55,17.25,+,0.05,17.20,3,17.30,4,
5464,霖宏,"563,854",668,"49,637,671",89.30,90.40,85.40,85.40,-,4.4,85.40,4,85.60,1,
5465,富驊,"44,117",53,"1,036,884",23.75,23.75,23.35,23.60,-,0.05,23.50,1,23.65,1,
5468,凱鈺,"222,699",215,"5,738,382",26.55,26.55,25.50,25.75,-,0.85,25.75,41,25.80,6,
5474,聰泰,"85,592",154,"13,078,683",156.00,156.00,151.50,151.50,-,4.5,151.50,13,153.00,6,
5475,德宏,"1,722,284","1,992","300,930,837",179.00,179.00,170.00,175.50,-,2.5,175.00,6,175.50,3,
5478,智冠,"59,495",105,"5,954,817",99.60,101.00,99.50,100.50,+,0.7,100.00,3,100.50,3,
5481,新華,"127,900",68,"2,680,801",21.00,21.05,20.85,20.85,-,0.15,20.85,18,20.90,1,
5483,中美晶,"41,701,220","37,586","11,114,624,048",272.50,279.50,257.00,259.00,-,19.0,258.50,126,259.00,335,
5487,通泰,"85,014",60,"2,402,896",28.25,28.70,27.90,28.40,+,0.25,28.40,1,28.45,1,
5488,松普,"3,262,598","1,640","55,251,068",17.45,18.05,16.35,16.40,-,1.3,16.40,23,16.45,5,
5489,彩富,"301,565",265,"14,939,640",48.00,51.30,47.80,48.60,-,0.5,48.55,2,49.00,1,
5490,同亨,"405,620",323,"12,391,219",31.00,31.00,30.25,30.45,-,0.4,30.40,4,30.45,1,
5493,三聯,"123,854",110,"10,372,078",83.40,84.70,82.70,83.80,-,1.3,83.80,5,84.00,1,
5498,凱崴,"1,460,740","1,423","79,428,291",55.30,55.60,53.80,54.00,-,2.4,54.00,3,54.10,1,
5508,永信建,"632,523",604,"35,884,250",56.10,57.80,55.90,56.50,+,0.8,56.50,3,56.60,3,
5511,德昌,"495,464",277,"33,038,410",67.40,68.30,66.30,66.40,-,1.4,66.40,5,66.60,5,
5512,力麒,"717,303",348,"5,786,321",8.05,8.13,8.01,8.01,-,0.05,8.01,19,8.05,1,
5514,三豐,"3,000",3,"40,700",13.50,13.70,13.50,13.70,+,0.15,13.50,8,14.00,1,
5516,雙喜,"31,651",20,"335,426",10.55,10.65,10.55,10.55,-,0.05,10.55,2,10.65,5,
5520,力泰,"1,169",4,"96,068",82.20,82.20,82.20,82.20,+,0.1,82.10,3,82.60,1,
5523,豐謙,"20,059",18,"608,728",30.25,30.40,30.25,30.40,-,0.0,30.30,1,30.40,40,
5529,鉅陞,"91,234",115,"2,022,656",22.20,22.60,21.65,22.05,-,0.2,22.05,1,22.45,1,
5530,龍巖,"289,885",314,"14,043,259",48.35,48.95,47.65,48.50,+,0.6,48.50,5,48.55,1,
5536,聖暉*,"918,257","1,810","1,161,350,355",1250.00,1300.00,1235.00,1265.00,+,15.0,1260.00,2,1270.00,11,
5543,桓鼎-KY,"6,146",8,"175,240",29.00,29.00,28.15,28.80,-,0.2,28.15,2,28.85,1,
5547,久舜,"100,034",13,"2,016,684",20.15,20.30,20.15,20.20,+,0.1,20.20,1,20.30,2,
5548,安倉,"40,816",43,"974,523",23.90,23.95,23.85,23.85,+,0.05,23.85,3,23.90,8,
5601,台聯櫃,"11,000",4,"343,200",31.00,32.30,30.95,32.10,+,0.35,31.50,3,31.70,1,
5603,陸海,"88,591",192,"1,276,794",14.55,14.55,14.30,14.40,-,0.1,14.40,2,14.45,2,
5604,中連,"6,057",26,"186,887",30.90,30.90,30.70,30.70,-,0.2,30.70,2,30.80,1,
5609,中菲行,"91,514",193,"7,190,217",79.00,79.00,78.20,78.20,-,1.1,78.20,11,78.40,1,
5701,劍湖山,"89,186",81,"391,695",4.35,4.44,4.35,4.40,+,0.05,4.38,2,4.42,5,
5703,亞都,"25,188",15,"347,849",13.60,14.00,13.50,14.00,-,0.2,13.65,2,14.10,1,
5704,老爺知,"27,237",28,"591,993",21.75,21.90,21.70,21.80,+,0.15,21.70,2,21.85,1,
5864,致和證,"2,099,445","1,178","75,948,143",35.85,37.20,35.50,36.05,-,0.2,36.05,13,36.10,10,
5878,台名,"2,200",7,"85,439",38.85,38.85,38.85,38.85,+,0.15,38.80,5,39.20,2,
5902,德記,"50,649",14,"1,730,881",34.35,34.35,33.95,34.15,-,0.0,34.05,1,34.15,4,
5903,全家,"20,729",164,"3,902,977",188.00,188.50,188.00,188.00,-,1.5,188.00,8,188.50,1,
5904,寶雅,"1,102,494","5,574","697,110,110",652.00,658.00,622.00,623.00,,,623.00,5,626.00,1,
5905,南仁湖,"1,974,304",809,"18,062,642",9.00,9.30,8.95,9.09,+,0.1,9.09,5,9.10,9,
6015,宏遠證,"1,481,026",675,"25,774,971",17.40,17.75,17.20,17.30,-,0.25,17.30,129,17.35,2,
6016,康和證,"2,964,969","1,457","75,489,464",25.55,25.80,25.25,25.45,-,0.3,25.45,15,25.50,12,
6020,大展證,"34,159",28,"740,988",21.40,22.55,21.35,21.75,+,0.15,21.70,1,21.75,1,
6021,美好證,"74,724",76,"2,916,583",39.00,39.45,38.70,39.05,-,0.35,39.05,1,39.10,2,
6023,元大期,"1,224,923","1,090","130,227,795",106.00,107.50,104.50,106.00,-,0.0,105.50,16,106.00,17,
6026,福邦證,"1,073,106",519,"15,928,397",15.00,15.00,14.70,14.70,-,0.3,14.70,42,14.75,9,
6028,公勝保經,670,11,"53,159",---,---,---, ---,,,79.70,1,79.90,1,
6101,寬魚國際,"527,307",453,"20,807,998",40.70,40.70,38.85,39.10,-,0.95,39.10,6,39.15,1,
6103,合邦,"1,018",6,"30,733",30.20,30.20,30.20,30.20,+,1.0,30.20,5,32.05,5,
6104,創惟,"1,818,783","1,938","177,466,738",99.40,99.40,96.50,97.20,-,2.7,97.10,13,97.20,7,
6109,亞元,"222,612",154,"2,723,663",12.80,12.80,12.15,12.20,-,0.4,12.15,3,12.20,5,
6111,光聚晶電,"243,155",192,"9,995,134",40.60,42.00,40.05,41.40,+,0.85,41.30,3,41.45,2,
6113,亞矽,"197,261",198,"4,933,471",25.20,25.35,24.60,24.60,-,1.0,24.55,1,24.60,1,
6114,久威,"20,147",21,"577,914",28.40,29.70,28.40,29.05,+,0.45,28.95,1,29.05,1,
6118,建達,"205,478",114,"3,506,794",17.00,17.25,16.90,16.95,-,0.1,16.90,8,16.95,1,
6121,新普,"774,739","1,096","300,259,192",387.00,391.50,383.50,386.50,+,2.0,386.50,9,387.50,6,
6122,擎邦,"470,496",423,"24,606,686",53.00,53.00,51.80,51.90,-,1.2,51.80,12,51.90,1,
6123,上奇,"55,520",72,"2,349,908",42.45,42.50,42.00,42.40,+,0.15,42.40,6,42.45,2,
6124,業強,"24,543",50,"680,501",27.60,27.80,27.60,27.75,+,0.05,27.75,1,27.80,2,
6125,廣運,"627,151",723,"34,415,843",55.70,55.70,54.50,54.80,-,0.9,54.70,19,54.80,4,
6126,信音,"358,524",353,"11,682,605",32.65,33.00,32.35,32.45,-,0.55,32.45,4,32.55,3,
6127,九豪,"5,337,501","4,356","363,292,510",66.40,69.60,66.30,66.70,-,2.0,66.70,6,66.90,1,
6129,普誠,"850,925",570,"14,309,835",17.30,17.30,16.60,16.65,-,0.65,16.65,27,16.70,1,
6130,上亞科技,"404,405",330,"11,150,283",27.40,28.45,26.90,27.35,-,0.05,27.30,3,27.40,18,
6134,萬旭,"328,313",255,"9,295,733",28.85,28.85,28.05,28.15,-,0.8,28.15,3,28.20,1,
6138,茂達,"1,251,089","1,748","405,404,771",329.00,331.50,317.50,327.00,-,6.5,326.00,3,327.00,2,
6140,訊達,"37,080",64,"689,083",18.40,19.30,18.35,18.50,-,0.05,18.55,1,18.70,4,
6143,振曜,"1,055,059","1,097","108,590,845",103.00,104.00,101.00,103.50,-,0.0,103.00,154,103.50,2,
6144,得利影,"3,204",8,"44,847",13.85,14.25,13.85,13.85,-,0.0,13.85,3,14.05,1,
6146,耕興,"167,275",280,"31,733,863",189.50,191.00,188.50,190.50,-,0.0,190.00,3,190.50,2,
6147,頎邦,"20,598,650","18,472","4,135,644,154",203.00,204.50,197.00,198.00,-,6.5,198.00,136,198.50,6,
6148,驊宏資,"115,457",100,"3,566,934",30.90,31.20,30.50,30.75,-,0.2,30.75,2,30.80,1,
6150,撼訊,"149,362",183,"9,035,431",61.20,61.20,60.10,60.40,,,60.40,1,60.70,4,
6151,晉倫,"149,960",168,"5,704,532",38.40,38.40,37.60,37.70,-,0.85,37.70,16,37.90,1,
6154,順發,"18,424",52,"253,711",13.80,13.80,13.70,13.70,-,0.1,13.70,5,13.75,1,
6156,松上,"1,586,458",947,"42,235,093",26.80,27.20,26.20,26.30,-,0.5,26.25,13,26.40,4,
6158,禾昌,"33,130",44,"615,994",18.50,18.80,18.45,18.75,-,0.05,18.65,2,18.75,5,
6160,欣技,"107,662",84,"1,659,318",15.50,15.90,15.20,15.75,-,0.2,15.70,3,15.80,2,
6161,捷波,"181,622",164,"9,435,323",51.60,52.30,51.60,51.70,,,51.70,4,51.90,1,
6163,華電網,"630,365",480,"28,181,987",44.50,45.30,44.00,44.55,-,0.25,44.50,53,44.75,46,
6167,久正,"216,079",152,"2,484,809",11.55,11.60,11.45,11.45,-,0.15,11.45,10,11.50,1,
6169,昱泉,"19,007",18,"274,742",14.50,14.55,14.40,14.55,+,0.15,14.40,1,14.55,2,
6170,統振,"191,834",140,"9,058,124",47.00,47.50,46.90,47.20,-,0.0,47.20,4,47.45,2,
6171,大城地產,"22,177",15,"514,476",23.30,23.60,23.10,23.60,+,0.3,23.40,1,23.50,1,
6173,信昌電,"8,454,987","7,588","1,874,300,691",228.00,233.50,213.00,215.50,-,16.0,215.50,119,216.00,6,
6174,安碁,"1,185,825","1,206","71,837,560",58.30,61.90,58.30,59.80,+,1.3,59.70,2,59.90,16,
6175,立敦,"17,559,915","10,525","1,967,583,733",104.50,113.00,104.00,110.00,+,7.0,110.00,55,110.50,12,
6179,亞通,"1,522,709",873,"42,279,760",28.10,28.45,27.00,27.00,-,0.75,27.00,34,27.05,1,
6180,橘子,"403,861",410,"18,531,232",45.90,46.35,45.45,45.60,-,0.3,45.60,2,45.65,2,
6182,合晶,"110,095,511","87,646","19,261,866,105",174.50,184.00,165.00,166.00,-,13.5,165.50,527,166.00,104,
6185,幃翔,"76,891",94,"1,096,953",14.20,14.35,14.20,14.20,-,0.05,14.20,2,14.25,1,
6186,新潤,"501,984",431,"21,795,747",43.20,43.75,42.95,43.45,+,0.25,43.45,2,43.50,3,
6187,萬潤,"3,174,376","5,361","3,418,922,670",1055.00,1110.00,1045.00,1075.00,-,5.0,1075.00,1,1080.00,16,
6188,廣明,"887,338",912,"65,418,239",74.80,74.80,73.10,73.70,-,1.1,73.60,1,73.70,5,
6190,萬泰科,"1,876,786","1,913","141,551,990",75.90,76.80,74.30,75.20,,,75.20,5,75.30,1,
6194,育富,"48,314",51,"1,519,903",31.40,31.65,31.10,31.40,+,0.45,31.30,1,31.40,2,
6195,詩肯,"12,324",44,"328,482",26.55,26.75,26.40,26.40,-,0.15,26.40,2,26.55,1,
6198,瑞築,61,3,"1,256",---,---,---, ---,,,20.45,5,20.80,1,
6199,天品,"692,437",433,"71,530,795",101.50,105.00,100.50,104.00,+,1.5,103.50,4,104.00,2,
6203,海韻電,"115,425",328,"7,517,960",65.60,65.60,65.00,65.00,-,0.7,65.00,19,65.40,1,
6204,艾華,"206,372",252,"17,618,741",86.20,87.30,83.50,84.10,-,2.1,83.80,1,84.10,1,
6207,雷科,"13,834,368","11,829","2,053,433,711",145.50,154.00,139.50,140.50,-,8.0,140.50,85,141.00,3,
6208,日揚,"561,245",570,"49,857,811",87.80,90.40,86.30,88.30,-,0.1,88.30,1,88.40,1,
6210,慶生,"4,051",4,"78,781",19.40,19.90,19.25,19.90,+,0.65,19.25,4,19.95,4,
6212,理銘,"6,020",7,"179,699",30.00,30.00,29.55,29.55,+,0.75,29.15,1,29.50,1,
6217,中探針,"1,384,896","3,481","303,262,122",224.50,224.50,214.50,218.00,-,11.0,218.00,33,218.50,2,
6218,豪勉,"923,566",816,"34,074,198",35.90,37.90,35.25,37.25,+,0.8,37.10,6,37.25,1,
6219,富旺,"171,461",85,"2,195,507",13.00,13.00,12.70,12.70,-,0.1,12.70,10,12.85,2,
6220,岳豐,"391,556",222,"13,718,373",35.20,35.35,34.50,35.10,+,0.1,35.05,12,35.10,1,
6221,晉泰,"75,449",90,"1,643,237",21.60,21.95,21.55,21.70,-,0.2,21.65,17,21.90,1,
6222,立軒,"14,000",9,"290,950",21.15,21.15,20.45,20.45,-,0.7,20.45,1,20.95,1,
6223,旺矽,"632,358","5,071","3,907,186,515",6205.00,6345.00,6005.00,6220.00,-,110.0,6190.00,2,6220.00,1,
6227,茂綸,"202,353",239,"22,954,192",115.00,115.00,112.00,113.00,-,2.0,113.00,5,113.50,1,
6228,全譜,"2,017",5,"37,717",18.70,18.70,18.70,18.70,-,0.05,18.65,2,19.30,1,
6229,研通,"73,374",67,"1,862,447",25.75,25.75,25.15,25.25,,,25.25,4,25.30,1,
6231,系微,"225,804",559,"56,445,944",252.00,253.00,247.00,248.50,-,8.0,248.00,1,248.50,1,
6233,旺玖,"283,500",185,"6,897,634",24.30,24.55,23.80,24.35,-,0.2,24.30,4,24.35,16,
6234,高僑,"903,398",811,"36,708,011",41.75,42.00,40.00,40.00,-,2.1,40.00,21,40.15,1,
6236,中湛,0,0,0,---,---,---, ---,,,0.00,0,18.75,8,
6237,驊訊,"544,586",494,"21,025,820",39.70,39.70,37.00,38.45,-,1.15,38.45,1,38.60,5,
6240,松崗,"116,051",19,"2,092,590",18.35,18.55,17.85,18.55,+,0.4,18.05,1,18.25,1,
6241,鑫永洋,"1,207,860",665,"22,222,037",19.00,19.10,17.70,17.70,-,1.1,17.70,8,18.15,23,
6242,立康,0,0,0,---,---,---, ---,,,35.65,1,36.05,1,
6244,茂迪,"2,071,282","1,211","55,204,078",26.80,27.10,26.25,26.50,-,0.2,26.45,8,26.50,6,
6245,立端,"476,303",515,"38,829,547",82.10,82.80,80.60,80.60,-,2.2,80.60,5,80.70,3,
6246,臺龍,"54,407",61,"805,045",14.70,15.25,14.60,14.70,-,0.0,14.70,1,14.75,1,
6248,沛波,"150,813",109,"2,677,411",17.90,17.95,17.60,17.95,-,0.05,17.85,14,17.95,1,
6259,百徽,"2,656,371","1,854","93,387,666",36.60,37.20,33.05,36.85,+,0.2,36.85,3,36.90,11,
6261,久元,"512,776",526,"46,607,623",89.50,92.30,88.60,90.90,+,0.7,90.90,1,91.10,4,
6263,普萊德,"185,263",410,"29,119,156",157.00,159.50,154.00,158.00,+,0.5,157.50,4,158.00,9,
6264,富裔,"47,480",43,"285,045",6.00,6.07,5.99,5.99,-,0.06,6.00,1,6.05,3,
6265,方土昶,"2,489,836","1,813","129,818,059",53.00,53.50,51.20,51.70,-,2.1,51.70,38,51.80,23,
6266,泰詠,"106,536",113,"2,762,776",26.00,26.05,25.80,26.00,-,0.1,25.90,3,26.00,4,
6270,倍微,"582,426",471,"19,522,027",34.20,34.20,33.15,33.20,-,1.0,33.20,18,33.35,5,
6274,台燿,"9,563,890","28,234","12,626,350,070",1410.00,1415.00,1295.00,1295.00,-,140.0,0.00,0,1295.00,542,
6275,元山,"149,789",155,"7,104,048",47.25,48.15,47.00,47.20,-,0.5,47.20,1,47.30,1,
6276,安鈦克,"16,441",33,"353,926",21.30,21.85,21.30,21.70,-,0.3,21.35,1,21.70,2,
6279,胡連,"200,158",303,"23,945,828",120.00,120.50,118.50,119.50,-,0.5,119.00,45,120.00,13,
6284,佳邦,"1,577,115","1,656","142,253,900",91.10,92.40,88.80,88.80,-,3.5,88.80,2,88.90,2,
6290,良維,"1,997,806","3,046","517,001,417",264.00,264.00,253.00,257.50,-,6.5,257.50,10,258.00,2,
6291,沛亨,"371,489",832,"154,285,107",418.00,425.00,407.00,412.50,-,13.5,412.50,1,416.00,2,
6292,迅德,"108,580",104,"5,811,704",54.20,54.30,53.00,53.00,-,1.2,53.00,4,53.30,1,
6294,智基,"16,348",26,"448,776",27.80,27.80,27.15,27.60,-,0.05,27.50,1,27.60,1,
6411,晶焱,"544,952",618,"47,183,946",88.60,88.60,85.50,86.20,-,2.5,86.10,6,86.20,1,
6417,韋僑,"52,227",57,"6,417,988",123.00,123.50,122.00,123.50,-,0.0,122.00,5,124.00,6,
6418,詠昇,"41,992",106,"1,340,766",33.05,33.05,31.70,31.85,-,1.15,31.80,3,31.90,1,
6419,京晨科,"161,496",188,"23,463,707",147.00,148.50,142.00,143.50,-,3.5,143.50,3,144.50,1,
6423,億而得,"63,594",83,"4,634,760",73.80,73.90,72.10,72.30,-,1.5,72.30,5,72.50,2,
6425,易發,"301,075",339,"19,773,934",67.80,67.80,65.00,65.00,-,2.7,64.90,1,65.00,3,
6432,今展科,"1,212,739","1,033","90,140,656",74.00,75.90,73.00,73.00,-,0.7,73.00,12,73.50,1,
6435,大中,"683,715","1,462","214,698,646",319.00,322.00,308.00,308.50,-,16.0,308.50,4,309.00,1,
6441,廣錠,"13,019",46,"284,495",22.00,22.00,21.75,21.80,-,0.2,21.80,7,22.10,1,
6461,益得,"98,070",99,"1,536,459",15.70,15.75,15.55,15.55,-,0.0,15.55,22,15.75,2,
6462,神盾,"560,836",580,"57,527,604",102.00,104.00,101.00,101.50,-,2.0,101.50,19,102.50,5,
6465,威潤,"130,462",142,"7,414,149",57.70,58.50,55.80,56.40,-,1.6,56.40,3,56.60,2,
6469,大樹,"398,690",662,"31,389,641",78.50,79.30,78.10,78.50,+,0.6,78.50,3,78.60,3,
6470,宇智,"5,122",12,"244,780",47.80,47.90,47.60,47.90,+,0.15,47.90,1,48.10,1,
6474,華豫寧,"50,612",40,"1,918,720",37.60,38.00,37.60,37.85,+,0.1,37.75,1,38.00,1,
6482,弘煜科,"37,640",38,"1,050,939",27.85,28.15,27.35,28.00,+,0.55,27.65,1,28.00,6,
6485,點序,"265,262",311,"18,454,806",70.20,70.40,69.00,69.10,-,3.0,69.10,11,69.30,1,
6486,互動,"115,534",216,"9,153,531",80.50,80.50,78.60,78.60,-,1.9,78.50,13,78.60,1,
6488,環球晶,"6,938,810","17,230","9,762,541,370",1420.00,1460.00,1355.00,1370.00,,,1365.00,53,1370.00,5,
6492,生華科,"131,957",120,"5,781,648",43.00,44.30,43.00,44.30,+,0.8,44.05,1,44.35,1,
6494,九齊,"284,142",280,"16,429,636",60.30,60.30,56.80,56.80,-,3.6,56.80,2,57.30,8,
6496,科懋,"2,910",19,"72,899",25.00,25.00,25.00,25.00,-,0.0,24.75,1,25.00,3,
6498,久禾光,"107,733",118,"9,189,946",85.60,86.70,83.90,85.00,-,0.5,84.90,3,85.00,2,
6499,益安,"127,086",129,"8,773,294",70.20,70.20,68.00,68.50,-,1.5,68.40,1,68.90,2,
6506,雙邦,"169,003",92,"3,079,600",18.30,18.35,18.15,18.20,-,0.2,18.15,1,18.25,6,
6508,惠光,"69,207",77,"1,782,325",26.00,26.00,25.40,25.80,,,25.55,1,25.80,2,
6509,聚和,"1,090,817",819,"55,298,106",50.90,51.40,50.10,50.30,-,0.8,50.30,32,50.40,1,
6510,精測,"194,307","1,577","528,021,440",2810.00,2810.00,2680.00,2680.00,-,130.0,2680.00,3,2685.00,1,
6512,啟發電,"5,812",57,"116,446",20.00,20.05,20.00,20.05,-,0.35,20.00,2,20.40,3,
6516,勤崴國際,"16,627",22,"961,458",58.10,58.10,57.50,57.80,-,0.3,57.70,1,57.80,2,
6517,保勝光學,"1,556,143","1,379","112,677,397",69.10,75.80,68.80,71.00,+,1.2,71.00,1,71.50,1,
6523,達爾膚,"46,528",95,"4,291,693",96.80,96.80,91.00,92.40,+,2.5,92.10,1,92.40,1,
6527,明達醫,"9,176",11,"650,855",70.70,71.00,70.70,71.00,-,0.2,71.00,1,71.40,1,
6530,創威,"365,697",353,"27,492,878",75.40,76.30,74.50,74.50,-,2.4,74.50,11,74.70,3,
6532,瑞耘,"158,762",239,"11,838,203",75.80,75.90,73.50,73.90,-,1.5,73.80,2,74.10,1,
6535,順藥,"118,752",172,"11,392,209",96.40,96.90,95.40,96.00,-,0.4,95.90,1,96.20,1,
6538,倉和,"900,339",913,"134,473,147",151.50,152.50,146.50,148.00,-,3.5,148.00,6,148.50,1,
6542,隆中,"9,064",73,"402,466",46.00,46.00,43.60,44.15,-,0.55,43.35,1,44.15,1,
6546,正基,"94,778",120,"6,095,811",65.00,65.00,63.90,64.20,-,1.3,64.20,5,64.60,2,
6547,高端疫苗,"1,913,741","1,433","90,278,511",48.00,48.00,46.35,47.70,-,0.1,47.70,19,47.75,4,
6548,長科*,"5,958,801","4,859","459,271,101",79.30,79.60,75.30,77.50,-,2.9,77.20,3,77.50,14,
6556,勝品,"7,298",14,"475,089",65.10,65.20,65.00,65.20,-,1.1,65.20,1,66.10,1,
6560,欣普羅,"59,647",48,"2,097,416",35.05,35.50,35.00,35.40,-,0.15,35.30,5,35.55,12,
6561,是方,"21,358",67,"6,912,160",322.00,326.00,322.00,323.50,-,1.5,323.50,1,327.00,1,
6568,宏觀,"79,345",148,"12,108,838",154.50,155.00,149.50,151.00,-,3.5,151.00,4,154.00,3,
6569,醫揚,"33,440",68,"3,356,322",99.80,101.50,99.80,100.50,+,0.7,100.00,1,100.50,1,
6570,維田,"126,066",92,"6,224,554",51.60,51.60,48.60,49.70,-,0.2,49.50,1,49.70,2,
6574,霈方,"98,441",242,"13,087,680",132.00,136.00,127.50,134.00,+,3.0,133.50,1,134.50,1,
6576,逸達,"108,663",130,"8,828,354",81.40,81.70,80.50,81.60,-,0.1,81.00,2,81.60,1,
6577,勁豐,"33,686",80,"2,604,071",77.60,77.80,76.70,77.50,-,0.6,77.90,1,78.50,11,
6578,達邦蛋白,"122,840",103,"2,053,200",17.25,17.25,16.40,16.45,-,0.85,16.40,28,16.65,3,
6584,南俊國際,"320,483",907,"208,850,824",668.00,668.00,641.00,643.00,-,23.0,643.00,3,646.00,1,
6588,東典光電,"257,226",361,"20,303,019",80.50,80.50,77.60,78.40,-,2.3,78.20,2,79.20,2,
6590,普鴻,"4,240",9,"287,326",68.00,68.00,67.70,67.70,+,0.1,67.10,1,68.00,2,
6593,台灣銘板,"21,291",78,"724,315",33.85,34.15,33.80,34.10,-,0.05,33.95,4,34.30,1,
6596,寬宏藝術,"87,065",268,"7,785,405",90.10,90.10,89.10,89.30,-,1.0,89.20,1,89.30,2,
6597,立誠,"6,267",14,"412,120",68.10,68.10,65.00,66.70,-,1.4,64.30,1,67.00,1,
6603,富強鑫,"647,189",422,"16,446,942",25.45,25.85,25.05,25.30,-,0.15,25.25,2,25.30,23,
6609,瀧澤科,"412,298",477,"17,668,471",43.80,44.00,42.25,42.35,-,2.2,42.35,2,42.40,1,
6612,奈米醫材,"6,189",9,"446,202",72.50,72.50,71.90,72.00,-,0.8,72.00,1,72.50,1,
6613,朋億*,"450,894",819,"165,746,191",368.50,376.50,360.00,365.00,-,3.5,365.00,3,366.00,3,
6615,慧智,"11,050",58,"384,750",34.85,34.85,34.60,34.85,-,0.55,34.75,1,35.30,1,
6616,特昇-KY,"17,030",17,"151,412",9.10,9.10,8.76,9.05,-,0.04,8.81,1,9.00,2,
6617,共信-KY,"674,064",801,"76,566,659",108.50,118.50,105.00,115.50,+,7.0,115.00,2,115.50,3,
6620,漢達,"733,691",630,"65,564,731",86.30,92.90,85.80,89.40,+,2.2,89.40,5,89.50,1,
6624,萬年清,"8,018",10,"344,801",43.80,44.45,42.95,44.45,+,2.1,40.30,2,42.25,1,
6629,泰金-KY,"11,007",14,"1,157,235",105.00,106.00,104.00,105.50,-,0.5,105.00,2,106.00,3,
6637,醫影,"44,647",49,"2,877,890",64.30,65.30,63.70,65.20,+,0.6,64.90,1,65.20,1,
6640,均華,"272,148","1,211","277,839,097",972.00,1070.00,957.00,1030.00,+,50.0,1030.00,2,1040.00,2,
6642,富致,"225,224",145,"17,985,300",78.00,81.20,78.00,80.60,+,1.5,80.20,2,80.60,1,
6643,M31,"391,427","1,152","163,836,369",423.00,436.50,410.00,412.00,-,14.0,412.00,1,416.00,1,
6649,台生材,"6,192",11,"241,299",39.15,39.30,38.50,39.30,+,0.15,38.90,1,39.35,1,
6651,全宇昕,"197,718",200,"26,395,509",135.00,136.00,131.00,132.00,-,5.5,132.00,10,133.00,2,
6654,天正國際,"30,046",64,"5,422,815",190.00,190.00,177.50,181.00,-,2.0,180.50,1,182.50,3,
6661,威健生技,"1,000",1,"18,450",18.45,18.45,18.45,18.45,+,0.5,17.60,1,18.00,1,
6662,樂斯科,"16,143",20,"473,059",29.00,30.50,29.00,30.50,+,0.5,29.05,2,29.95,1,
6664,群翊,"356,999",703,"139,488,148",393.50,396.50,383.50,390.00,-,4.5,389.50,3,390.00,9,
6667,信紘科,"196,628",344,"50,812,235",260.00,262.00,254.00,257.50,-,1.0,257.00,1,257.50,1,
6679,鈺太,"157,714",228,"37,808,178",243.00,246.50,233.50,239.00,-,4.0,238.50,5,240.50,1,
6680,鑫創電子,"87,300",96,"5,023,754",56.20,58.30,56.20,57.60,+,2.9,57.20,1,58.00,1,
6683,雍智科技,"1,133,307","3,957","1,555,145,455",1410.00,1425.00,1345.00,1350.00,-,120.0,1350.00,4,1355.00,1,
6684,安格,"485,602",428,"25,454,119",51.80,53.80,51.40,51.40,-,0.1,51.40,8,51.50,2,
6690,安碁資訊,"37,642",78,"6,171,020",163.00,164.50,163.00,164.00,+,0.5,163.50,1,164.00,1,
6692,進能服,"6,355",11,"156,103",24.95,24.95,24.30,24.85,+,0.05,24.65,1,24.90,1,
6693,廣閎科,"492,478",735,"104,335,170",217.50,217.50,207.50,212.00,-,5.0,212.00,42,212.50,3,
6697,東捷資訊,"14,120",17,"583,238",41.60,41.60,41.00,41.15,+,0.2,40.95,1,41.40,1,
6703,軒郁,"130,809",300,"13,847,838",106.00,108.50,104.50,105.00,,,105.00,14,105.50,1,
6708,天擎,"10,100",15,"393,799",39.00,39.50,38.60,38.75,-,0.95,38.50,2,38.75,1,
6712,長聖,"1,153,131","1,676","180,765,891",163.00,163.00,153.50,154.50,-,9.0,154.50,4,155.00,6,
6716,應廣,"228,396",370,"20,646,886",93.80,93.80,89.10,89.10,-,4.8,89.10,1,89.80,1,
6720,久昌,"13,275",15,"1,847,362",138.50,140.00,138.00,140.00,-,0.0,139.00,1,139.50,1,
6721,信實,"14,238",23,"756,991",53.10,53.30,53.00,53.30,-,0.0,53.10,1,53.30,5,
6725,矽科宏晟,"152,115",267,"48,784,027",317.00,331.50,309.50,320.00,+,4.0,320.00,5,320.50,1,
6727,亞泰金屬,"707,667","1,307","291,404,695",411.50,430.50,398.00,408.00,,,408.00,11,412.00,1,
6728,上洋,"6,072",12,"664,920",109.50,110.00,109.00,110.00,-,0.0,109.50,1,110.00,4,
6730,常廣,250,1,"9,225",---,---,---, ---,,,36.20,1,37.10,1,
6732,昇佳電子,"1,203,503","1,760","249,195,867",200.00,217.00,193.00,214.00,+,13.0,213.50,2,214.00,5,
6733,博晟生醫,"107,114",87,"2,707,766",25.30,25.65,25.05,25.05,-,0.5,25.05,2,25.30,1,
6735,美達科技,"88,197",125,"6,527,568",75.50,75.50,72.50,73.60,-,1.7,73.60,3,74.50,2,
6739,竹陞科技,"336,914","2,505","397,583,135",1115.00,1215.00,1090.00,1215.00,+,110.0,1215.00,12,0.00,0,
6741,91APP*-KY,"226,320",218,"13,135,773",58.00,58.50,57.40,58.50,+,0.5,58.40,2,58.50,3,
6751,智聯服務,"6,111",5,"249,654",40.85,40.85,40.85,40.85,-,0.0,41.00,1,41.80,1,
6752,叡揚,"17,221",26,"1,719,116",101.50,101.50,99.20,99.90,+,0.7,99.20,8,100.50,1,
6761,穩得,"132,748",251,"22,392,230",169.00,171.50,167.00,167.50,-,4.0,167.00,5,168.00,1,
6762,達亞,"2,000",2,"332,000",162.00,170.00,162.00,170.00,-,0.0,161.00,1,169.00,2,
6763,綠界科技*,"162,419",185,"7,055,813",43.40,43.70,43.10,43.40,-,0.3,43.40,1,43.55,3,
6767,台微醫,"4,000",4,"101,850",25.50,25.50,25.45,25.45,-,0.0,25.10,2,25.45,17,
6785,昱展新藥,"39,310",49,"4,492,037",115.00,115.50,113.00,115.00,-,1.0,115.00,1,116.00,1,
6788,華景電,"344,146",969,"131,323,287",387.00,389.50,376.00,384.00,-,7.0,384.00,4,384.50,2,
6791,虎門科技,"19,593",32,"2,042,039",105.00,105.00,103.00,104.50,-,2.0,104.00,1,104.50,2,
6803,崑鼎,"65,279",272,"17,700,622",270.50,272.00,270.00,272.00,+,1.5,271.50,1,272.00,2,
6804,明係,"734,430",390,"12,482,111",16.00,17.40,16.00,16.45,+,0.6,16.45,3,16.55,7,
6811,宏碁資訊,"256,198",376,"58,431,763",219.50,232.00,218.50,228.50,+,7.5,228.00,5,229.00,3,
6821,聯寶,"176,053",172,"8,557,522",48.55,49.30,48.00,48.10,-,0.35,48.10,1,48.50,2,
6823,濾能,"88,570",113,"6,100,139",70.00,70.00,68.00,68.30,-,1.7,67.90,3,68.50,2,
6829,千附精密,"2,397,657","5,437","581,058,116",248.50,256.50,231.50,231.50,-,25.5,0.00,0,231.50,174,
6840,東研信超,"11,271",14,"695,670",61.00,62.80,61.00,62.10,-,0.4,61.60,1,63.00,2,
6841,長佳智能,"507,861",553,"31,638,793",63.70,63.80,61.50,61.50,-,2.3,61.50,15,61.60,2,
6843,進典,"11,451",19,"447,921",39.10,39.40,39.00,39.10,-,0.0,39.05,1,39.15,1,
6844,諾貝兒,"27,387",32,"1,690,661",61.60,62.00,61.40,62.00,-,0.1,61.30,2,62.00,2,
6846,綠茵,"12,000",12,"754,800",62.60,63.70,62.50,63.40,-,0.0,63.20,1,63.50,1,
6855,數泓科,"1,000",1,"118,500",118.50,118.50,118.50,118.50,-,0.5,117.00,3,119.00,2,
6856,鑫傳,"32,072",28,"1,348,675",42.15,43.15,41.50,43.15,-,0.35,43.10,1,43.20,2,
6859,伯特光,"49,840",87,"5,320,429",108.50,108.50,105.50,105.50,-,3.0,105.50,1,106.50,2,
6865,偉康科技,"14,226",16,"361,448",25.80,25.80,25.15,25.40,-,0.4,25.40,2,25.55,1,
6870,騰雲,"422,771","1,087","138,109,158",306.50,334.50,300.00,330.00,+,25.5,330.00,3,332.00,1,
6872,浩宇生醫,"13,700",15,"223,159",16.30,16.35,16.20,16.30,-,0.0,16.30,1,16.50,5,
6874,倍力,"7,043",10,"587,420",84.00,84.00,83.10,83.50,+,0.5,83.50,1,83.60,3,
6875,國邑*,"34,791",40,"1,240,408",36.60,36.60,35.35,35.55,-,0.0,35.55,11,35.80,2,
6877,鏵友益,"70,585",76,"9,739,291",137.00,140.00,134.50,136.50,+,0.5,136.50,1,137.00,3,
6881,潤德,"21,689",47,"4,557,023",210.50,211.00,209.00,209.00,-,1.0,208.50,1,209.50,1,
6884,海柏特,0,0,0,---,---,---, ---,,,32.70,1,33.20,2,
6894,衛司特,"17,234",56,"5,970,996",345.00,351.00,344.50,348.00,-,2.0,347.50,1,350.00,1,
6895,宏碩系統,"46,600",58,"6,039,977",130.00,131.50,128.50,129.00,+,0.5,129.00,4,130.00,1,
6899,創為精密,"15,061",19,"790,965",52.50,53.00,52.10,52.20,-,0.4,52.10,7,52.30,1,
6903,巨漢,"637,502",972,"252,044,514",401.00,404.50,388.50,395.00,-,11.0,395.00,5,395.50,1,
6904,伯鑫,0,0,0,---,---,---, ---,,,126.00,1,128.00,1,
6907,雅特力-KY,"6,436,981","5,838","1,529,291,716",236.00,246.00,227.50,239.00,+,6.5,239.00,3,239.50,4,
6910,德鴻,"8,050",10,"207,809",26.00,26.00,25.70,25.80,-,0.2,25.80,1,26.05,1,
6913,鴻呈,"107,702",166,"13,623,878",125.00,129.00,123.50,127.00,+,1.5,126.00,5,127.00,14,
6922,宸曜,"103,614",167,"17,854,126",176.00,176.00,170.50,171.50,-,4.5,171.00,1,172.00,14,
6925,意藍,"10,223",19,"580,098",57.50,57.50,56.30,57.20,+,0.5,56.70,1,57.20,1,
6929,佑全,"6,001",6,"139,221",23.20,23.20,23.20,23.20,-,0.1,22.15,2,23.20,1,
6945,圓祥生技,"348,858",404,"37,695,487",110.50,112.50,106.00,107.00,-,5.0,106.50,1,107.00,4,
6953,家碩,"27,210",52,"6,119,048",230.00,230.00,221.00,228.00,-,3.5,226.50,1,228.00,1,
6961,旅天下,"26,141",31,"1,401,609",53.50,54.00,53.40,53.40,-,0.6,53.40,1,54.00,7,
6967,汎瑋材料,"402,117",408,"32,110,845",80.00,81.50,77.60,79.60,+,0.8,79.60,3,80.00,3,
6968,萬達寵物,"45,010",45,"1,947,301",43.50,43.50,43.00,43.10,+,0.2,43.05,1,43.10,3,
6971,惠民實業,"38,480",28,"1,045,631",27.10,27.35,27.10,27.20,+,0.1,27.15,6,27.25,3,
6982,大井泵浦,"31,334",32,"1,591,871",51.20,51.20,50.60,50.80,-,0.4,50.70,3,51.10,7,
6983,華洋精機,"18,424",68,"6,524,220",354.00,358.00,352.00,354.00,-,4.0,354.00,2,358.00,1,
6986,和迅,"65,078",52,"2,984,788",45.75,46.30,45.40,46.00,-,0.0,45.35,2,45.80,1,
6996,力領科技,"38,389",53,"6,895,518",179.00,181.50,176.50,180.50,-,1.0,180.00,1,181.00,1,
6997,博弘,"4,198",9,"310,538",75.00,75.00,73.00,73.00,-,3.7,73.00,3,74.70,2,
700019,宏捷科統一5C購01,"150,000",1,"34,500",0.23,0.23,0.23,0.23,-,0.04,0.22,10,0.31,31,
700020,佳邦統一5C購01,0,0,0,---,---,---, ---,,,0.38,10,0.48,10,
700021,長佳智統一5C購02,0,0,0,---,---,---, ---,,,0.21,10,0.22,10,
700022,華星光統一5C購01,"27,000",8,"60,650",2.25,2.28,2.20,2.27,-,0.38,2.27,4,2.59,5,
700023,新應材統一5B購02,"18,000",3,"3,340",0.20,0.20,0.17,0.17,-,0.01,0.16,10,0.17,2,
700024,新應材統一64購02,"1,662,000",18,"536,490",0.32,0.34,0.32,0.32,-,0.01,0.31,15,0.40,22,
700025,雙鴻統一5B購01,"41,000",6,"8,750",0.20,0.25,0.20,0.20,-,0.0,0.18,10,0.25,16,
700027,新應材中信57購01,0,0,0,---,---,---, ---,,,0.00,0,0.50,4,
700028,雙鴻中信59購01,0,0,0,---,---,---, ---,,,0.00,0,0.90,38,
700043,新應材永豐59購01,"2,000",1,380,0.19,0.19,0.19,0.19,-,0.01,0.09,10,0.19,10,
700047,宏捷科凱基59購01,"3,000",2,"1,220",0.41,0.41,0.40,0.40,-,0.1,0.39,101,0.40,10,
700058,弘塑國票58購01,0,0,0,---,---,---, ---,,,8.15,25,8.65,10,
700065,系統電統一5A購01,0,0,0,---,---,---, ---,,,0.03,10,0.04,10,
700074,驊訊元富5A購01,0,0,0,---,---,---, ---,,,0.27,25,0.37,10,
700077,系統電永豐58購01,0,0,0,---,---,---, ---,,,0.00,0,0.00,0,
700079,華義永豐5A購01,0,0,0,---,---,---, ---,,,5.05,10,0.00,0,
700086,博智群益5A購01,0,0,0,---,---,---, ---,,,3.60,10,3.70,10,
700092,中光電凱基58購01,0,0,0,---,---,---, ---,,,0.00,0,0.10,12,
700103,中光電元大5A購01,0,0,0,---,---,---, ---,,,0.12,2,0.20,12,
700113,雙鴻元大5A購01,"24,000",4,"10,540",0.44,0.44,0.42,0.44,+,0.05,0.43,1,0.44,2,
700126,威剛國票61購01,0,0,0,---,---,---, ---,,,9.30,35,9.80,10,
700143,台燿凱基58購04,0,0,0,---,---,---, ---,,,0.00,0,0.00,0,
700155,中光電元大5A購02,"1,000",1,240,0.24,0.24,0.24,0.24,+,0.01,0.16,10,0.22,10,
700173,雙鴻元大5A購02,0,0,0,---,---,---, ---,,,0.62,25,0.72,10,
700176,中光電群益5A購01,0,0,0,---,---,---, ---,,,0.11,499,0.31,2,
700184,M31統一58購03,0,0,0,---,---,---, ---,,,0.02,10,0.03,10,
700185,中光電統一59購04,"294,000",13,"19,500",0.05,0.08,0.05,0.05,-,0.01,0.04,10,0.05,7,
700186,中光電統一6A購01,"366,000",12,"99,930",0.25,0.32,0.24,0.24,-,0.04,0.23,10,0.24,10,
700187,中美晶統一58購02,"156,000",6,"656,800",4.48,4.48,4.08,4.08,-,0.32,3.99,10,4.00,10,
700188,中美晶統一5A購02,"15,000",2,"67,450",4.73,4.73,4.38,4.38,+,0.26,4.38,190,0.00,0,
700189,協易機統一5A購01,0,0,0,---,---,---, ---,,,0.35,10,0.45,10,
700190,昇達科統一65購01,"179,000",49,"771,730",4.40,4.51,3.78,4.51,+,0.46,4.51,2,0.00,0,
700191,朋程統一5A購01,"10,000",2,"3,880",0.40,0.40,0.36,0.36,-,0.14,0.35,100,0.36,7,
700192,朋程統一6A購01,"91,000",2,"53,850",0.60,0.60,0.59,0.59,-,0.03,0.58,100,0.59,10,
700193,東洋統一61購01,0,0,0,---,---,---, ---,,,0.36,10,0.37,10,
700194,長聖統一61購01,0,0,0,---,---,---, ---,,,0.26,10,0.27,10,
700195,家登統一5A購01,"10,000",1,"11,600",1.16,1.16,1.16,1.16,-,0.0,1.11,10,0.00,0,
700196,振曜統一5A購01,"10,000",1,200,0.02,0.02,0.02,0.02,-,0.0,0.02,90,0.10,40,
700197,晶宏統一5A購01,0,0,0,---,---,---, ---,,,0.52,10,0.61,10,
700198,智冠統一5C購01,0,0,0,---,---,---, ---,,,0.23,10,0.24,10,
700199,華景電統一61購01,0,0,0,---,---,---, ---,,,1.09,10,1.19,10,
700200,萬潤統一58購04,0,0,0,---,---,---, ---,,,6.40,10,6.45,10,
700201,萬潤統一6A購01,"11,000",3,"30,600",2.60,2.80,2.60,2.80,+,0.01,2.80,20,3.05,83,
700202,鈺太統一5A購01,0,0,0,---,---,---, ---,,,0.22,10,0.32,10,
700203,聰泰統一5A購01,0,0,0,---,---,---, ---,,,0.15,40,0.16,10,
700204,雙鴻統一5A購01,"529,000",6,"90,130",0.18,0.18,0.17,0.17,-,0.01,0.17,90,0.25,25,
700205,雙鴻統一61購01,"20,000",1,"7,600",0.38,0.38,0.38,0.38,-,0.0,0.29,10,0.39,10,
700206,雙鴻統一61購02,"1,000",1,330,0.33,0.33,0.33,0.33,+,0.02,0.26,22,0.33,10,
700207,雙鴻統一6A購01,"89,000",3,"38,860",0.44,0.44,0.43,0.43,-,0.0,0.43,10,0.44,10,
700208,騰雲統一6A購01,"85,000",7,"91,650",1.06,1.11,1.06,1.07,+,0.17,1.04,10,1.11,10,
700228,系微元大59購02,0,0,0,---,---,---, ---,,,0.00,0,0.54,8,
700231,旺矽元大5A購01,0,0,0,---,---,---, ---,,,0.00,0,0.00,0,
700243,萬潤元大59購01,0,0,0,---,---,---, ---,,,16.10,50,0.00,0,
700257,大世科統一6A購01,0,0,0,---,---,---, ---,,,0.21,10,0.23,10,
700258,大綜統一6A購01,0,0,0,---,---,---, ---,,,0.66,10,0.67,10,
700259,光焱統一5A購02,0,0,0,---,---,---, ---,,,1.01,10,1.11,10,
700260,同致統一5A購01,0,0,0,---,---,---, ---,,,0.03,10,0.10,10,
700261,宜鼎統一6A購01,"19,000",5,"90,140",4.77,4.84,4.70,4.70,-,0.45,4.69,10,4.70,2,
700262,尚凡*統一6A購01,0,0,0,---,---,---, ---,,,0.24,10,0.29,10,
700263,旺矽統一6A購01,0,0,0,---,---,---, ---,,,4.19,10,4.20,10,
700264,長聖統一6A購01,"63,000",5,"19,690",0.33,0.33,0.31,0.31,-,0.04,0.23,27,0.31,10,
700265,信昌電統一58購01,0,0,0,---,---,---, ---,,,0.00,0,0.00,0,
700266,信昌電統一58購02,0,0,0,---,---,---, ---,,,10.70,10,10.80,10,
700267,建榮統一6A購01,"30,000",1,"29,400",0.98,0.98,0.98,0.98,-,0.04,0.96,10,0.97,10,
700268,昱展統一58購06,0,0,0,---,---,---, ---,,,0.00,0,0.08,170,
700269,昱展統一6A購01,0,0,0,---,---,---, ---,,,0.16,10,0.17,10,
700270,創惟統一5A購01,0,0,0,---,---,---, ---,,,0.06,10,0.07,10,
700271,新鉅科統一6A購01,0,0,0,---,---,---, ---,,,0.27,10,0.28,10,
700272,聖暉*統一59購01,0,0,0,---,---,---, ---,,,1.54,10,1.55,10,
700273,優群統一6A購01,"1,000",1,370,0.37,0.37,0.37,0.37,-,0.02,0.36,10,0.37,10,
700274,鴻呈統一5A購01,0,0,0,---,---,---, ---,,,0.10,10,0.11,10,
700275,雙鴻統一6A購02,"1,000",1,640,0.64,0.64,0.64,0.64,+,0.1,0.54,20,0.64,3,
700276,鏵友益統一6A購01,0,0,0,---,---,---, ---,,,0.67,10,0.72,10,
700277,鑫聯統一5A購01,0,0,0,---,---,---, ---,,,1.42,10,1.50,10,
700279,良維國票5C購01,0,0,0,---,---,---, ---,,,4.81,25,4.91,10,
700300,雙鴻中信5A購01,"10,000",1,"5,400",0.54,0.54,0.54,0.54,+,0.06,0.47,8,0.00,0,
700310,中光電群益58購01,0,0,0,---,---,---, ---,,,0.02,499,0.68,10,
700330,旺矽凱基5A購01,0,0,0,---,---,---, ---,,,25.50,20,26.50,10,
700342,大世科統一6A購02,0,0,0,---,---,---, ---,,,0.22,100,0.23,10,
700343,中光電統一6A購02,"6,000",2,"1,920",0.32,0.32,0.32,0.32,-,0.08,0.32,293,0.36,10,
700344,尼克森統一5A購01,0,0,0,---,---,---, ---,,,1.61,10,1.71,10,
700345,立碁統一6A購01,"100,000",1,"30,000",0.30,0.30,0.30,0.30,-,0.04,0.32,10,0.33,10,
700346,良維統一6A購01,0,0,0,---,---,---, ---,,,0.00,0,1.43,8,
700347,尚凡*統一5A購01,0,0,0,---,---,---, ---,,,0.07,10,0.17,10,
700348,昱展統一6A購02,0,0,0,---,---,---, ---,,,0.20,10,0.28,10,
700350,茂達統一61購01,0,0,0,---,---,---, ---,,,0.87,10,0.97,10,
700351,竑騰統一5A購01,0,0,0,---,---,---, ---,,,0.00,0,4.27,2,
700352,新鉅科統一5A購01,"33,000",3,"1,680",0.06,0.06,0.05,0.06,-,0.0,0.05,100,0.06,10,
700353,新鉅科統一6A購02,0,0,0,---,---,---, ---,,,0.24,100,0.25,10,
700354,聖暉*統一6A購01,"24,000",2,"25,200",1.05,1.05,1.05,1.05,+,0.05,1.04,10,1.05,10,
700355,撼訊統一6A購01,0,0,0,---,---,---, ---,,,0.26,10,0.31,10,
700356,擎亞統一6A購01,0,0,0,---,---,---, ---,,,3.20,10,3.21,10,
700357,聰泰統一6A購01,"23,000",2,"7,490",0.33,0.33,0.32,0.32,-,0.01,0.31,20,0.32,10,
700358,寶島科統一64購01,0,0,0,---,---,---, ---,,,0.32,10,0.33,10,
700359,鏵友益統一5A購01,0,0,0,---,---,---, ---,,,0.63,10,0.72,10,
700360,鑫聯統一5A購02,0,0,0,---,---,---, ---,,,1.50,10,1.60,10,
700385,中光電元富5A購01,"161,000",5,"38,640",0.24,0.24,0.24,0.24,+,0.03,0.24,53,0.89,5,
700402,博智凱基59購01,0,0,0,---,---,---, ---,,,6.05,10,6.55,10,
700410,中光電統一5C購01,0,0,0,---,---,---, ---,,,0.14,10,0.24,10,
700412,旺矽統一6A購02,0,0,0,---,---,---, ---,,,0.00,0,0.00,0,
700413,金山電統一5C購01,0,0,0,---,---,---, ---,,,7.90,10,0.00,0,
700414,長聖統一6A購02,0,0,0,---,---,---, ---,,,0.58,10,0.59,10,
700415,建榮統一6A購02,"419,000",3,"313,870",0.74,0.75,0.74,0.75,-,0.04,0.74,10,0.75,10,
700416,高技統一5A購01,"15,000",2,"2,800",0.22,0.22,0.17,0.17,-,0.03,0.17,20,0.22,25,
700417,聰泰統一6A購02,"380,000",1,"152,000",0.40,0.40,0.40,0.40,-,0.02,0.39,10,0.40,10,
700418,力旺元大58購01,"4,000",1,"3,440",0.86,0.86,0.86,0.86,+,0.04,0.86,499,0.96,10,
700419,力旺元大59購01,0,0,0,---,---,---, ---,,,0.00,0,0.00,0,
700421,宜鼎元大58購01,0,0,0,---,---,---, ---,,,27.30,50,0.00,0,
700451,臺慶科國票5A購01,0,0,0,---,---,---, ---,,,3.29,25,3.39,10,
700469,中光電凱基59購01,"39,000",3,"6,460",0.16,0.30,0.16,0.30,-,0.09,0.10,100,0.20,10,
700481,宜鼎元大58購02,0,0,0,---,---,---, ---,,,32.80,10,0.00,0,
700482,昇達科元大59購02,0,0,0,---,---,---, ---,,,9.50,100,0.00,0,
700522,宜鼎元大59購02,0,0,0,---,---,---, ---,,,18.50,50,0.00,0,
700534,良維凱基58購01,0,0,0,---,---,---, ---,,,8.20,10,8.70,10,
700542,雙鴻凱基59購03,0,0,0,---,---,---, ---,,,0.00,0,0.00,0,
700571,宜鼎元大59購03,0,0,0,---,---,---, ---,,,10.20,50,0.00,0,
700580,宜鼎兆豐5A購01,0,0,0,---,---,---, ---,,,14.90,10,15.00,10,
700582,弘塑國票59購01,0,0,0,---,---,---, ---,,,5.40,25,5.90,10,
700585,神盾國票58購01,0,0,0,---,---,---, ---,,,0.00,0,0.00,0,
700594,原相元大5A購01,"575,000",6,"237,780",0.41,0.52,0.41,0.44,-,0.18,0.42,25,0.52,10,
700595,華星光元大59購01,0,0,0,---,---,---, ---,,,0.00,0,2.89,10,
700607,宜鼎凱基59購01,0,0,0,---,---,---, ---,,,24.10,100,25.10,10,
700608,昇達科凱基59購01,0,0,0,---,---,---, ---,,,0.00,0,0.00,0,
700638,原相元大5A購02,0,0,0,---,---,---, ---,,,0.20,10,0.23,130,
700670,中光電統一6A購03,"65,000",11,"22,300",0.34,0.38,0.31,0.31,-,0.01,0.31,6,0.34,50,
700671,正德統一5A購01,0,0,0,---,---,---, ---,,,0.07,10,0.09,10,
700672,旺矽統一5A購01,0,0,0,---,---,---, ---,,,8.00,10,8.05,10,
700673,信昌電統一6A購01,"10,000",1,"47,600",4.76,4.76,4.76,4.76,+,0.03,4.23,10,4.33,10,
700674,信昌電統一6A購02,0,0,0,---,---,---, ---,,,0.00,0,0.00,0,
700675,高技統一5A購02,"40,000",4,"12,000",0.30,0.30,0.30,0.30,+,0.09,0.19,10,0.29,10,
700676,高技統一6A購01,"31,000",3,"7,740",0.24,0.25,0.24,0.25,-,0.01,0.24,230,0.25,5,
700677,高技統一6A購02,0,0,0,---,---,---, ---,,,0.38,10,0.48,10,
700678,智通*統一6A購01,"1,833,000",14,"1,328,450",0.72,0.75,0.71,0.75,+,0.02,0.73,10,0.75,190,
700679,智擎統一6A購01,"48,000",4,"22,360",0.46,0.47,0.46,0.47,-,0.01,0.47,10,0.48,10,
700680,華星光統一58購03,0,0,0,---,---,---, ---,,,0.00,0,0.00,0,
700681,鈊象統一6A購01,0,0,0,---,---,---, ---,,,0.35,2,0.42,10,
700682,萬潤統一6A購02,0,0,0,---,---,---, ---,,,3.06,7,3.65,16,
700683,雍智統一6A購01,0,0,0,---,---,---, ---,,,0.00,0,6.70,1,
700684,雍智統一6A購02,"35,000",4,"155,700",4.41,4.58,4.32,4.32,-,0.58,4.31,10,0.00,0,
700685,臺慶科統一5A購01,0,0,0,---,---,---, ---,,,1.06,10,1.16,10,
700686,臺慶科統一6A購01,0,0,0,---,---,---, ---,,,1.11,10,1.21,10,
700687,緯軟統一6A購01,"232,000",3,"107,800",0.46,0.47,0.46,0.46,+,0.01,0.46,10,0.47,10,
700688,營邦統一6A購01,"121,000",9,"230,670",2.19,2.19,1.70,2.14,+,0.16,1.70,13,2.14,2,
700689,聯合統一61購01,0,0,0,---,---,---, ---,,,0.12,10,0.13,10,
700706,中光電統一5A購01,"27,000",4,"3,900",0.20,0.20,0.14,0.20,+,0.01,0.09,10,0.16,10,
700707,弘塑統一58購01,"7,000",2,"18,260",2.63,2.63,2.60,2.60,+,0.1,2.61,10,2.71,10,
700708,信立統一6A購01,0,0,0,---,---,---, ---,,,0.19,10,0.29,10,
700709,神盾統一5C購02,0,0,0,---,---,---, ---,,,0.12,20,0.20,200,
700710,智通*統一6A購02,"85,000",8,"60,500",0.71,0.74,0.70,0.74,+,0.02,0.71,11,0.73,10,
700711,華星光統一6A購01,0,0,0,---,---,---, ---,,,3.14,2,3.63,20,
700712,聖暉*統一6A購02,"185,000",15,"131,610",0.69,0.72,0.68,0.70,+,0.01,0.69,70,0.70,10,
700717,宜鼎元大5A購01,0,0,0,---,---,---, ---,,,15.80,50,0.00,0,
700734,良維國票57購01,0,0,0,---,---,---, ---,,,2.70,25,2.80,10,
700737,鴻呈國票59購01,0,0,0,---,---,---, ---,,,0.06,25,0.07,10,
700738,系微永豐57購01,0,0,0,---,---,---, ---,,,0.00,0,0.00,0,
700742,聖暉*永豐5A購01,0,0,0,---,---,---, ---,,,1.32,499,1.42,10,
700745,雍智元富57購01,0,0,0,---,---,---, ---,,,0.00,0,25.20,10,
700746,雙鴻中信5A購02,0,0,0,---,---,---, ---,,,0.03,200,0.12,10,
700754,台半統一5C購02,"1,000",1,"1,450",1.45,1.45,1.45,1.45,-,0.26,1.44,1,1.53,10,
700755,宜鼎統一6A購02,0,0,0,---,---,---, ---,,,0.00,0,5.30,5,
700756,威剛統一5C購03,"11,000",2,"27,830",2.53,2.53,2.53,2.53,-,0.01,2.42,10,2.43,10,
700757,竑騰統一5C購01,"1,000",1,"4,380",4.38,4.38,4.38,4.38,+,0.06,4.33,1,4.38,4,
700758,穩得統一5C購01,0,0,0,---,---,---, ---,,,0.50,10,0.60,10,
700786,威剛永豐5A購01,0,0,0,---,---,---, ---,,,7.40,10,0.00,0,
700789,臺慶科永豐57購01,0,0,0,---,---,---, ---,,,2.46,499,0.00,0,
700790,旺矽中信57購02,0,0,0,---,---,---, ---,,,17.70,10,0.00,0,
700791,威剛中信57購02,0,0,0,---,---,---, ---,,,6.50,10,0.00,0,
700795,良維群益58購01,0,0,0,---,---,---, ---,,,0.00,0,3.58,10,
700810,山富統一5C購01,"30,000",3,"4,200",0.14,0.14,0.14,0.14,+,0.02,0.11,8,0.19,1,
700811,光頡統一5C購01,0,0,0,---,---,---, ---,,,0.00,0,0.00,0,
700812,信昌電統一5C購01,0,0,0,---,---,---, ---,,,0.00,0,8.80,2,
700820,威剛群益57購02,0,0,0,---,---,---, ---,,,9.15,10,0.00,0,
700827,信立永豐5A購01,0,0,0,---,---,---, ---,,,0.03,10,0.04,10,
700828,威剛永豐64購01,0,0,0,---,---,---, ---,,,8.20,10,0.00,0,
700830,中美晶元大5A購01,"51,000",15,"289,200",6.00,6.00,5.40,5.40,-,0.75,5.10,2,7.70,5,
700843,世界統一5C購01,0,0,0,---,---,---, ---,,,0.90,10,1.21,7,
700844,立敦統一5C購01,"5,000",4,"9,270",1.85,1.87,1.85,1.85,+,0.22,1.77,10,1.87,10,
700845,臺慶科統一5C購01,0,0,0,---,---,---, ---,,,0.77,10,0.87,10,
700850,臺慶科國票5C購01,0,0,0,---,---,---, ---,,,0.00,0,0.00,0,
700857,良維元大5A購01,0,0,0,---,---,---, ---,,,2.01,350,2.21,10,
700864,弘塑富邦57購01,0,0,0,---,---,---, ---,,,0.00,0,0.00,0,
700875,良維元大5A購02,0,0,0,---,---,---, ---,,,1.67,400,1.77,10,
700898,力旺統一5A購01,"166,000",5,"29,810",0.19,0.20,0.17,0.20,+,0.02,0.19,10,0.20,60,
700899,力旺統一6A購01,"87,000",6,"48,800",0.56,0.58,0.55,0.57,+,0.01,0.57,10,0.58,10,
700900,台半統一5C購03,"2,000",1,"1,480",0.74,0.74,0.74,0.74,-,0.04,0.68,1,0.77,10,
700901,尼克森統一5C購01,"20,000",1,"20,200",1.01,1.01,1.01,1.01,+,0.01,1.03,10,1.06,25,
700902,光頡統一5A購01,0,0,0,---,---,---, ---,,,0.00,0,3.21,12,
700903,宜鼎統一57購02,0,0,0,---,---,---, ---,,,0.00,0,0.00,0,
700904,波若威統一6A購01,"152,000",17,"484,130",3.30,3.30,3.15,3.18,-,0.2,3.18,1,3.19,10,
700907,力旺元富57購03,"40,000",1,400,0.01,0.01,0.01,0.01,-,0.03,0.01,25,0.10,10,
700913,德微元富57購02,0,0,0,---,---,---, ---,,,4.60,25,4.70,10,
700920,波若威永豐5A購01,0,0,0,---,---,---, ---,,,19.60,10,0.00,0,
700928,蜜望實國票58購01,0,0,0,---,---,---, ---,,,12.30,25,13.30,10,
700929,蜜望實國票5A購01,0,0,0,---,---,---, ---,,,11.40,25,12.40,10,
700938,中美晶兆豐5A購01,"1,000",1,"8,500",8.50,8.50,8.50,8.50,+,0.45,7.75,110,7.80,10,
700955,撼訊元大5A購01,0,0,0,---,---,---, ---,,,0.07,499,0.17,10,
700956,擎亞元大58購01,0,0,0,---,---,---, ---,,,0.00,0,0.00,0,
700973,台半元富57購01,0,0,0,---,---,---, ---,,,2.87,25,2.97,10,
700983,威剛兆豐5A購01,0,0,0,---,---,---, ---,,,8.95,10,9.00,10,
701005,信昌電國票58購01,0,0,0,---,---,---, ---,,,0.00,0,27.60,10,
701010,雙鴻元富5A購01,0,0,0,---,---,---, ---,,,0.15,25,0.25,10,
701016,雍智永豐58購01,0,0,0,---,---,---, ---,,,0.00,0,0.00,0,
701024,晶焱國票58購01,0,0,0,---,---,---, ---,,,0.04,25,0.14,10,
701037,威剛永豐5C購01,0,0,0,---,---,---, ---,,,5.30,10,7.00,1,
701041,新應材永豐57購01,0,0,0,---,---,---, ---,,,0.12,10,0.00,0,
701064,元債20群益61購01,"5,000",1,"1,950",0.39,0.39,0.39,0.39,+,0.01,0.38,25,0.39,10,
701091,威剛元大57購01,0,0,0,---,---,---, ---,,,3.54,200,4.00,1,
701095,擎亞元大5A購01,0,0,0,---,---,---, ---,,,0.00,0,0.00,0,
701097,營邦元大5A購01,"2,000",1,"1,460",0.73,0.73,0.73,0.73,-,0.13,0.70,500,0.80,10,
701099,雙鴻元大57購01,0,0,0,---,---,---, ---,,,0.00,0,0.01,658,
701124,良維兆豐58購01,"32,000",3,"58,920",1.86,1.86,1.81,1.81,-,0.19,1.77,10,1.78,10,
701129,元債20元大59購02,0,0,0,---,---,---, ---,,,1.17,499,1.27,10,
701130,元債20元大5B購01,0,0,0,---,---,---, ---,,,0.39,499,0.41,100,
701131,元債20元大61購01,0,0,0,---,---,---, ---,,,0.17,250,0.19,100,
701135,威剛元大58購01,0,0,0,---,---,---, ---,,,5.50,150,0.00,0,
701142,雙鴻元大58購03,0,0,0,---,---,---, ---,,,0.00,0,0.00,0,
701150,雙鴻國票59購01,"50,000",4,"5,000",0.10,0.10,0.10,0.10,+,0.05,0.03,25,0.10,485,
701153,雙鴻群益5A購01,0,0,0,---,---,---, ---,,,0.00,0,0.00,0,
701191,力旺元大58購02,0,0,0,---,---,---, ---,,,0.65,499,0.00,0,
701192,宜鼎元大58購03,0,0,0,---,---,---, ---,,,0.00,0,0.00,0,
701193,威剛元大58購02,"15,000",2,"63,250",4.18,4.29,4.18,4.29,-,0.41,4.25,150,4.55,5,
701200,雙鴻元大5A購03,0,0,0,---,---,---, ---,,,0.05,499,0.45,2,
701204,雙鴻富邦58購01,0,0,0,---,---,---, ---,,,0.00,0,0.00,0,
701205,雙鴻富邦58購02,0,0,0,---,---,---, ---,,,0.00,0,0.10,10,
701211,威剛凱基5B購01,0,0,0,---,---,---, ---,,,12.40,10,0.00,0,
701219,宜鼎元大58購04,0,0,0,---,---,---, ---,,,9.05,100,0.00,0,
701221,威剛元大59購01,0,0,0,---,---,---, ---,,,3.97,200,0.00,0,
701226,新應材元大58購01,0,0,0,---,---,---, ---,,,0.06,499,0.00,0,
701227,雙鴻元大5A購04,0,0,0,---,---,---, ---,,,0.05,499,0.00,0,
701253,穩懋國票5B購01,0,0,0,---,---,---, ---,,,12.40,25,13.40,10,
701273,撼訊凱基5B購01,"60,000",2,"29,600",0.51,0.51,0.49,0.49,-,0.06,0.49,10,0.50,10,
701279,雙鴻國票5B購01,"1,091,000",14,"159,520",0.15,0.15,0.13,0.15,-,0.05,0.14,25,0.15,15,
701287,威剛元大5B購01,0,0,0,---,---,---, ---,,,3.49,200,0.00,0,
701288,訊聯元大5B購01,0,0,0,---,---,---, ---,,,0.02,499,0.12,20,
701293,新應材元大58購02,0,0,0,---,---,---, ---,,,0.03,499,0.00,0,
701294,新應材元大5B購01,0,0,0,---,---,---, ---,,,0.20,499,0.90,25,
701298,三聯群益59購01,0,0,0,---,---,---, ---,,,0.22,10,0.32,10,
701311,雙鴻群益5B購01,0,0,0,---,---,---, ---,,,0.11,499,0.00,0,
701318,信驊元富58購01,0,0,0,---,---,---, ---,,,15.30,25,16.30,10,
701322,昇達科中信58購01,0,0,0,---,---,---, ---,,,23.20,10,0.00,0,
701326,欣銓永豐59購01,0,0,0,---,---,---, ---,,,0.00,0,6.30,1,
701365,力致國票59購01,"155,000",3,"3,310",0.02,0.04,0.02,0.04,-,0.01,0.02,913,0.05,291,
701374,台燿元大5B購01,0,0,0,---,---,---, ---,,,0.00,0,7.05,10,
701379,威剛元大5B購02,0,0,0,---,---,---, ---,,,3.11,250,0.00,0,
701381,新應材元大5B購02,0,0,0,---,---,---, ---,,,0.50,1,1.24,10,
701386,穩懋元大59購01,0,0,0,---,---,---, ---,,,8.10,25,0.00,0,
701388,中光電凱基5A購01,"39,000",5,"10,460",0.34,0.34,0.26,0.26,-,0.05,0.22,100,0.32,10,
701398,譜瑞凱基59購02,0,0,0,---,---,---, ---,,,1.21,10,1.22,10,
701400,台燿元大5B購02,0,0,0,---,---,---, ---,,,0.00,0,7.25,10,
701403,神盾元大5B購01,"56,000",1,"8,400",0.15,0.15,0.15,0.15,-,0.02,0.15,499,0.25,10,
701412,宏捷科國票59購01,"1,000",1,"4,590",4.59,4.59,4.59,4.59,+,1.03,0.00,0,2.52,60,
701422,中光電兆豐5B購01,"260,000",14,"143,520",0.90,0.90,0.44,0.46,-,0.15,0.45,10,0.46,8,
701430,台燿統一5B購01,0,0,0,---,---,---, ---,,,0.00,0,0.00,0,
701431,台燿統一5B購02,"12,000",3,"116,400",9.70,9.70,9.70,9.70,-,1.4,0.00,0,9.70,9,
701432,正基統一5C購01,0,0,0,---,---,---, ---,,,0.28,10,0.29,10,
701434,良維統一6B購01,"5,000",2,"4,000",0.80,0.80,0.80,0.80,-,0.02,0.78,10,0.79,10,
701435,佳邦統一58購01,0,0,0,---,---,---, ---,,,0.19,10,0.29,10,
701437,威剛統一5B購01,0,0,0,---,---,---, ---,,,2.42,10,2.52,10,
701438,威剛統一6B購01,"3,000",1,"6,690",2.23,2.23,2.23,2.23,-,0.03,2.17,1,2.24,10,
701439,博智統一59購02,0,0,0,---,---,---, ---,,,2.38,10,2.39,10,
701440,華星光統一5B購04,"15,000",2,"33,900",2.26,2.26,2.26,2.26,-,0.26,2.18,10,2.28,10,
701441,華星光統一61購04,0,0,0,---,---,---, ---,,,0.00,0,0.00,0,
701442,雙鴻統一6B購01,"21,000",3,"6,900",0.30,0.36,0.30,0.30,-,0.06,0.30,59,0.37,20,
701443,穩懋統一58購03,0,0,0,---,---,---, ---,,,6.95,10,7.00,10,
701444,雍智中信58購01,0,0,0,---,---,---, ---,,,18.90,10,0.00,0,
701446,晶焱元富58購01,0,0,0,---,---,---, ---,,,0.03,25,0.13,10,
701447,威剛永豐58購01,0,0,0,---,---,---, ---,,,17.70,10,0.00,0,
701460,神盾凱基5B購01,"104,000",8,"30,300",0.29,0.31,0.29,0.29,-,0.03,0.29,10,0.30,10,
701471,台燿統一65購01,0,0,0,---,---,---, ---,,,4.11,3,0.00,0,
701472,雙鴻統一61購03,"84,000",3,"9,560",0.09,0.19,0.09,0.19,+,0.09,0.09,20,0.10,10,
701473,穩懋統一5B購01,0,0,0,---,---,---, ---,,,0.00,0,0.00,0,
701474,穩懋統一6B購01,0,0,0,---,---,---, ---,,,3.25,10,3.26,10,
701475,台燿元大58購02,"21,000",2,"168,850",8.05,8.05,7.85,7.85,-,1.35,0.00,0,7.85,10,
701477,立碁元大58購01,0,0,0,---,---,---, ---,,,0.00,0,0.02,201,
701479,威剛元大5A購02,0,0,0,---,---,---, ---,,,4.61,150,0.00,0,
701484,擎亞元大5B購01,0,0,0,---,---,---, ---,,,0.00,0,0.00,0,
701500,雙鴻中信5B購01,0,0,0,---,---,---, ---,,,0.00,0,0.13,10,
701511,新應材凱基5B購01,0,0,0,---,---,---, ---,,,0.81,10,0.00,0,
701524,雙鴻群益5A購02,0,0,0,---,---,---, ---,,,0.07,499,0.17,10,
701525,台燿元大58購03,0,0,0,---,---,---, ---,,,0.00,0,14.00,10,
701527,良維元大58購01,0,0,0,---,---,---, ---,,,0.29,499,0.39,15,
701555,威剛元富5B購01,0,0,0,---,---,---, ---,,,9.65,25,10.30,10,
701561,竹陞永豐58購01,0,0,0,---,---,---, ---,,,2.72,10,0.00,0,
701565,台燿元大58購04,0,0,0,---,---,---, ---,,,0.00,0,13.60,20,
701571,擎亞元大5B購02,0,0,0,---,---,---, ---,,,2.68,3,3.35,1,
701582,台燿凱基58購05,0,0,0,---,---,---, ---,,,0.00,0,0.00,0,
701584,宜鼎凱基59購02,0,0,0,---,---,---, ---,,,21.40,100,22.40,10,
701592,竹陞統一6B購01,"184,000",7,"200,380",1.08,1.26,1.06,1.26,+,0.13,1.26,10,1.35,1,
701593,竹陞統一6B購02,"190,000",11,"197,550",1.02,1.27,1.00,1.27,+,0.22,1.19,10,1.27,20,
701594,海韻電統一61購01,0,0,0,---,---,---, ---,,,0.18,10,0.19,10,
701595,雙鴻統一59購03,0,0,0,---,---,---, ---,,,0.04,110,0.05,10,
701600,威剛群益58購01,0,0,0,---,---,---, ---,,,3.81,10,3.91,10,
701609,新應材凱基58購01,0,0,0,---,---,---, ---,,,0.19,110,0.00,0,
701614,信立元大5B購01,0,0,0,---,---,---, ---,,,0.01,998,0.11,10,
701615,威剛元大5B購03,0,0,0,---,---,---, ---,,,2.90,1,3.60,1,
701623,元太統一5B購01,"33,000",7,"14,430",0.50,0.50,0.24,0.32,+,0.02,0.32,10,0.48,1,
701624,竹陞統一5C購03,0,0,0,---,---,---, ---,,,1.07,9,1.50,10,
701625,竹陞統一6B購03,"320,000",20,"325,570",0.98,1.08,0.91,1.08,+,0.12,1.08,10,1.16,4,
701626,東捷統一5C購01,0,0,0,---,---,---, ---,,,3.71,1,0.00,0,
701631,威剛元富58購01,0,0,0,---,---,---, ---,,,3.55,25,3.65,10,
701632,宜鼎中信59購01,0,0,0,---,---,---, ---,,,15.30,10,0.00,0,
701636,中光電凱基58購02,0,0,0,---,---,---, ---,,,0.06,100,0.16,10,
701650,台燿元大5B購03,0,0,0,---,---,---, ---,,,0.00,0,6.75,10,
701653,威剛元大59購02,0,0,0,---,---,---, ---,,,2.60,250,4.00,10,
701655,雙鴻元大59購01,0,0,0,---,---,---, ---,,,0.07,499,0.17,10,
701658,信昌電統一5C購02,"1,000",1,"5,250",5.25,5.25,5.25,5.25,-,0.55,0.00,0,5.80,2,
701659,穩懋統一59購01,0,0,0,---,---,---, ---,,,4.73,10,4.74,10,
701667,雙鴻群益5B購02,0,0,0,---,---,---, ---,,,0.04,10,0.00,0,
701677,台燿永豐58購01,0,0,0,---,---,---, ---,,,0.00,0,0.00,0,
701680,宜鼎兆豐5B購01,0,0,0,---,---,---, ---,,,10.80,10,10.90,10,
701692,台燿統一6B購01,0,0,0,---,---,---, ---,,,0.00,0,6.10,10,
701693,系統電統一5C購01,0,0,0,---,---,---, ---,,,0.38,10,0.39,10,
701694,系統電統一6B購01,0,0,0,---,---,---, ---,,,0.45,10,0.46,10,
701695,系統電統一6B購02,0,0,0,---,---,---, ---,,,0.49,10,0.50,10,
701696,宜鼎統一5A購01,0,0,0,---,---,---, ---,,,0.00,0,5.55,1,
701697,宜鼎統一5C購04,0,0,0,---,---,---, ---,,,3.01,10,3.02,10,
701698,宜鼎統一6B購01,"25,000",2,"63,750",2.55,2.55,2.55,2.55,-,0.11,2.24,4,2.50,10,
701699,訊聯統一6B購01,0,0,0,---,---,---, ---,,,0.20,10,0.21,10,
701700,台燿凱基5B購01,0,0,0,---,---,---, ---,,,0.00,0,0.00,0,
701707,威剛凱基59購02,0,0,0,---,---,---, ---,,,3.23,100,0.00,0,
701720,系統電永豐5A購01,"2,000",1,"1,160",0.58,0.58,0.58,0.58,-,0.04,0.53,10,0.63,10,
701725,台燿中信59購01,0,0,0,---,---,---, ---,,,28.00,10,29.00,10,
701730,威剛群益58購02,0,0,0,---,---,---, ---,,,5.00,10,5.50,10,
701741,建榮凱基58購01,0,0,0,---,---,---, ---,,,0.77,10,0.79,10,
701748,良維元大58購02,0,0,0,---,---,---, ---,,,0.95,499,1.05,10,
701752,威剛元大58購03,0,0,0,---,---,---, ---,,,2.52,300,0.00,0,
701756,華星光元大58購02,0,0,0,---,---,---, ---,,,0.00,0,4.57,10,
701762,信昌電國票5B購01,0,0,0,---,---,---, ---,,,0.00,0,18.30,10,
701763,建榮國票57購01,0,0,0,---,---,---, ---,,,0.00,0,0.00,0,
701765,高端國票57購01,"1,109,000",6,"11,090",0.01,0.01,0.01,0.01,-,0.01,0.01,25,0.02,10,
701774,鈊象富邦57購03,0,0,0,---,---,---, ---,,,0.00,0,0.00,0,
701777,萬潤富邦57購01,0,0,0,---,---,---, ---,,,10.80,10,0.00,0,
701778,譜瑞富邦57購01,0,0,0,---,---,---, ---,,,0.00,0,0.21,10,
701784,建榮永豐58購01,0,0,0,---,---,---, ---,,,0.35,10,0.45,10,
701788,訊聯永豐5B購01,0,0,0,---,---,---, ---,,,0.32,10,0.38,10,
701789,濱川永豐58購01,0,0,0,---,---,---, ---,,,0.00,0,0.00,0,
701793,威剛凱基57購02,0,0,0,---,---,---, ---,,,8.35,10,8.85,10,
701794,威剛凱基58購02,0,0,0,---,---,---, ---,,,7.90,10,8.40,10,
701802,威剛富邦57購01,"62,000",4,"202,780",3.25,3.30,3.25,3.28,-,0.37,3.28,30,3.50,10,
701803,威剛富邦59購01,0,0,0,---,---,---, ---,,,3.79,30,3.89,10,
701804,巨有統一6B購01,"6,000",3,"2,920",0.49,0.49,0.48,0.49,-,0.02,0.48,10,0.49,9,
701805,濱川統一65購01,0,0,0,---,---,---, ---,,,0.33,30,0.36,10,
701806,濱川統一6B購01,0,0,0,---,---,---, ---,,,0.29,10,0.30,10,
701807,濱川統一6B購02,0,0,0,---,---,---, ---,,,0.25,20,0.00,0,
701808,濱川統一6B購03,0,0,0,---,---,---, ---,,,0.33,10,0.34,10,
701822,訊聯元大5B購02,0,0,0,---,---,---, ---,,,0.05,499,0.15,10,
701824,華星光元大58購03,0,0,0,---,---,---, ---,,,2.57,25,0.00,0,
701828,威剛兆豐5B購01,0,0,0,---,---,---, ---,,,5.45,10,5.50,10,
701830,訊聯群益57購01,0,0,0,---,---,---, ---,,,0.00,0,0.00,0,
701836,巨有永豐58購01,0,0,0,---,---,---, ---,,,0.18,10,0.26,1,
701839,雙鴻永豐57購02,0,0,0,---,---,---, ---,,,0.00,0,0.00,0,
701842,華星光中信58購01,0,0,0,---,---,---, ---,,,2.53,10,0.00,0,
701853,巨有統一6B購02,"10,000",1,"6,300",0.63,0.63,0.63,0.63,-,0.02,0.60,39,0.74,9,
701854,弘塑中信5B購01,0,0,0,---,---,---, ---,,,0.00,0,0.00,0,
701855,威剛中信5B購01,0,0,0,---,---,---, ---,,,2.63,10,0.00,0,
701857,光頡永豐57購01,0,0,0,---,---,---, ---,,,0.00,0,0.00,0,
701868,信音國票57購01,0,0,0,---,---,---, ---,,,0.00,0,0.00,0,
701876,威剛元大57購03,0,0,0,---,---,---, ---,,,5.70,100,0.00,0,
701878,神盾元大59購01,"4,000",1,400,0.10,0.10,0.10,0.10,-,0.01,0.09,499,0.19,10,
701892,優群群益57購01,0,0,0,---,---,---, ---,,,0.00,0,0.00,0,
701908,信立凱基5B購01,0,0,0,---,---,---, ---,,,0.06,10,0.16,10,
701917,信驊富邦57購01,0,0,0,---,---,---, ---,,,0.00,0,6.95,1,
701918,信驊元富58購02,0,0,0,---,---,---, ---,,,11.00,25,12.00,10,
701919,信驊元富5B購01,0,0,0,---,---,---, ---,,,7.05,25,7.55,10,
701920,光頡永豐58購01,0,0,0,---,---,---, ---,,,0.00,0,0.00,0,
701928,台燿兆豐57購02,0,0,0,---,---,---, ---,,,0.00,0,15.30,10,
701931,光頡國票57購01,0,0,0,---,---,---, ---,,,0.00,0,7.15,10,
701949,元太群益57購01,0,0,0,---,---,---, ---,,,0.00,0,0.00,0,
701971,臺慶科凱基59購01,"90,000",9,"426,000",4.81,4.81,4.68,4.68,-,1.02,4.59,10,4.69,10,
701991,華電網國票57購01,0,0,0,---,---,---, ---,,,0.34,25,0.00,0,
702001,優群群益57購02,0,0,0,---,---,---, ---,,,0.18,499,0.00,0,
702002,譜瑞群益57購02,0,0,0,---,---,---, ---,,,0.08,100,0.00,0,
702005,台半富邦57購01,0,0,0,---,---,---, ---,,,0.00,0,7.00,10,
702006,家登富邦57購01,0,0,0,---,---,---, ---,,,3.05,10,0.00,0,
702007,智通*富邦57購01,0,0,0,---,---,---, ---,,,1.53,10,0.00,0,
702016,華星光元大58購04,0,0,0,---,---,---, ---,,,2.73,25,0.00,0,
702018,台燿凱基5B購02,0,0,0,---,---,---, ---,,,0.00,0,0.00,0,
702028,昇達科中信5A購01,0,0,0,---,---,---, ---,,,6.75,10,0.00,0,
702035,鈊象凱基57購01,0,0,0,---,---,---, ---,,,0.00,0,0.01,106,
702046,昇達科元大57購05,0,0,0,---,---,---, ---,,,8.50,25,0.00,0,
702047,信立元大59購01,0,0,0,---,---,---, ---,,,0.00,0,0.10,10,
702060,IET中信59購01,0,0,0,---,---,---, ---,,,2.55,10,3.48,1,
702061,宜鼎中信5A購01,0,0,0,---,---,---, ---,,,4.03,10,0.00,0,
702073,昇達科兆豐57購01,0,0,0,---,---,---, ---,,,12.90,10,0.00,0,
702074,鈊象兆豐57購01,0,0,0,---,---,---, ---,,,0.00,0,0.01,10,
702079,凱崴群益57購01,0,0,0,---,---,---, ---,,,0.00,0,0.00,0,
702092,新應材凱基57購03,0,0,0,---,---,---, ---,,,0.20,10,0.30,10,
702096,千附精國票57購01,0,0,0,---,---,---, ---,,,0.00,0,0.00,0,
702111,旺矽元富58購02,0,0,0,---,---,---, ---,,,24.50,25,25.50,10,
702117,旺矽永豐57購01,0,0,0,---,---,---, ---,,,21.40,499,0.00,0,
702118,旺矽永豐58購01,0,0,0,---,---,---, ---,,,31.00,10,0.00,0,
702125,旺矽元大5B購01,0,0,0,---,---,---, ---,,,0.00,0,0.00,0,
702131,元太兆豐58購01,0,0,0,---,---,---, ---,,,0.03,20,0.04,10,
702133,良維凱基5B購01,0,0,0,---,---,---, ---,,,0.00,0,0.00,0,
702142,精測富邦58購01,0,0,0,---,---,---, ---,,,1.11,10,0.00,0,
702145,信昌電群益58購01,0,0,0,---,---,---, ---,,,0.00,0,0.00,0,
702148,華星光群益58購01,0,0,0,---,---,---, ---,,,0.00,0,3.47,10,
702152,良維元大58購03,0,0,0,---,---,---, ---,,,0.30,499,0.00,0,
702157,華星光元大58購05,"35,000",2,"55,660",1.60,1.60,1.59,1.59,-,0.6,1.63,25,0.00,0,
702158,鈊象元大58購01,0,0,0,---,---,---, ---,,,0.00,0,0.01,1,
702161,精測中信5A購01,"41,000",4,"95,430",2.43,2.43,2.23,2.23,-,0.31,2.11,10,2.21,10,
702162,昇達科永豐59購01,0,0,0,---,---,---, ---,,,8.55,10,0.00,0,
702170,昇達科元富5C購01,0,0,0,---,---,---, ---,,,35.30,25,0.00,0,
702185,精測元富59購05,"63,000",14,"309,850",5.00,5.00,4.74,4.81,-,0.44,4.74,5,4.75,10,
702191,立碁凱基58購01,0,0,0,---,---,---, ---,,,0.00,0,0.01,1060,
702194,博智凱基5A購01,0,0,0,---,---,---, ---,,,3.56,10,3.66,10,
702212,精測元富59購06,0,0,0,---,---,---, ---,,,3.85,25,3.95,10,
702215,精測中信58購01,0,0,0,---,---,---, ---,,,1.04,499,0.00,0,
702216,穩懋中信5A購01,"11,000",2,"17,880",1.62,1.68,1.62,1.68,-,0.13,1.64,10,2.19,10,
702217,立碁永豐58購01,0,0,0,---,---,---, ---,,,0.01,499,0.03,10,
702222,立碁元大5A購01,0,0,0,---,---,---, ---,,,0.03,499,0.12,10,
702223,訊聯元大5A購01,0,0,0,---,---,---, ---,,,0.02,499,0.12,10,
702226,鈊象元大58購02,"2,000",1,100,0.05,0.05,0.05,0.05,-,0.04,0.06,499,0.00,0,
702228,穩懋元大5C購01,0,0,0,---,---,---, ---,,,0.00,0,0.00,0,
702232,力旺凱基58購01,0,0,0,---,---,---, ---,,,0.00,0,0.00,0,
702233,力旺凱基59購01,0,0,0,---,---,---, ---,,,0.00,0,0.00,0,
702241,力旺國票58購01,"109,000",6,"113,520",1.05,1.23,1.00,1.11,-,0.23,1.14,25,1.17,10,
702242,陽程國票58購01,0,0,0,---,---,---, ---,,,10.40,25,11.40,10,
702252,弘塑中信5C購01,0,0,0,---,---,---, ---,,,0.00,0,0.00,0,
702259,力旺富邦58購01,0,0,0,---,---,---, ---,,,0.83,10,0.00,0,
702265,新應材群益58購01,0,0,0,---,---,---, ---,,,0.29,499,0.00,0,
702272,弘塑元大59購01,0,0,0,---,---,---, ---,,,5.95,150,0.00,0,
702281,精測元大5C購01,0,0,0,---,---,---, ---,,,1.00,10,0.00,0,
702283,穩懋元大5B購01,0,0,0,---,---,---, ---,,,0.00,0,5.70,10,
702284,穩懋元大5C購02,0,0,0,---,---,---, ---,,,0.00,0,4.59,10,
702287,威剛凱基5B購02,0,0,0,---,---,---, ---,,,13.30,10,14.30,10,
702300,順達元大5B購01,"95,000",3,"227,110",2.39,2.41,2.39,2.39,-,0.15,1.56,6,3.45,1,
702304,穩懋元大5B購02,0,0,0,---,---,---, ---,,,0.00,0,5.00,10,
702306,竑騰國票59購01,0,0,0,---,---,---, ---,,,7.90,25,8.40,10,
702308,華電網國票59購01,0,0,0,---,---,---, ---,,,0.22,25,0.25,10,
702309,擎亞國票58購01,0,0,0,---,---,---, ---,,,23.00,25,24.00,10,
702311,雙鴻中信5C購01,0,0,0,---,---,---, ---,,,0.26,10,0.36,10,
702312,穩懋中信5A購02,0,0,0,---,---,---, ---,,,3.44,10,0.00,0,
702319,M31富邦58購01,0,0,0,---,---,---, ---,,,0.01,100,0.00,0,
702320,元太富邦58購01,0,0,0,---,---,---, ---,,,0.04,10,0.00,0,
702321,元太富邦59購01,0,0,0,---,---,---, ---,,,0.05,10,0.15,10,
702322,家登富邦59購01,0,0,0,---,---,---, ---,,,1.95,110,2.05,10,
702324,智通*富邦58購01,0,0,0,---,---,---, ---,,,1.43,10,0.00,0,
702327,譜瑞富邦58購01,0,0,0,---,---,---, ---,,,0.04,10,0.22,38,
702331,昇達科群益5C購01,"1,000",1,"13,900",13.90,13.90,13.90,13.90,+,2.4,13.20,10,0.00,0,
702333,華電網群益58購01,0,0,0,---,---,---, ---,,,0.02,499,0.00,0,
702334,順達群益58購01,0,0,0,---,---,---, ---,,,9.35,50,0.00,0,
702338,雍智凱基59購01,0,0,0,---,---,---, ---,,,0.00,0,0.00,0,
702341,中美晶群益58購01,"3,000",2,"39,600",13.20,13.20,13.20,13.20,-,0.0,12.40,50,0.00,0,
702342,竹陞群益58購01,0,0,0,---,---,---, ---,,,0.17,58,2.15,20,
702344,湧德群益58購01,0,0,0,---,---,---, ---,,,0.04,27,0.61,10,
702351,華電網國票58購01,0,0,0,---,---,---, ---,,,0.05,25,0.07,10,
702352,華電網國票5C購01,0,0,0,---,---,---, ---,,,0.65,25,0.68,10,
702361,威剛元大59購04,0,0,0,---,---,---, ---,,,4.18,150,0.00,0,
702363,順達元大5A購01,0,0,0,---,---,---, ---,,,4.03,2,0.00,0,
702364,順達元大5B購02,0,0,0,---,---,---, ---,,,0.00,0,2.42,30,
702365,穩懋元大58購01,0,0,0,---,---,---, ---,,,0.00,0,8.60,10,
702373,光焱永豐5C購01,"5,000",1,"5,100",1.02,1.02,1.02,1.02,+,0.02,0.75,13,0.00,0,
702375,訊聯永豐5C購01,0,0,0,---,---,---, ---,,,0.27,499,0.32,10,
702386,訊聯凱基5C購01,"85,000",1,"6,800",0.08,0.08,0.08,0.08,-,0.01,0.08,10,0.09,10,
702413,順達元大5A購02,0,0,0,---,---,---, ---,,,0.00,0,0.00,0,
702415,雍智元大5C購01,0,0,0,---,---,---, ---,,,0.00,0,8.20,10,
702424,竹陞中信59購01,"12,000",2,"18,920",1.50,1.96,1.50,1.96,+,0.54,1.98,10,0.00,0,
702425,昇達科永豐58購01,0,0,0,---,---,---, ---,,,18.40,10,0.00,0,
702428,天品國票58購01,"12,000",1,"1,560",0.13,0.13,0.13,0.13,-,0.01,0.12,25,0.15,10,
702434,中光電群益58購02,0,0,0,---,---,---, ---,,,0.24,499,0.85,50,
702441,高技元富5C購01,"54,000",2,"25,920",0.48,0.48,0.48,0.48,-,0.04,0.46,25,0.47,10,
702445,高技永豐59購01,0,0,0,---,---,---, ---,,,0.14,10,0.23,10,
702449,高技富邦58購01,"1,000",1,320,0.32,0.32,0.32,0.32,+,0.19,0.02,10,0.12,10,
702450,高技富邦59購01,0,0,0,---,---,---, ---,,,0.02,50,0.18,20,
702451,新應材富邦5C購01,0,0,0,---,---,---, ---,,,0.60,100,1.76,1,
702459,擎亞元大5A購02,0,0,0,---,---,---, ---,,,0.00,0,0.00,0,
702467,順達凱基5B購01,"1,000",1,"7,150",7.15,7.15,7.15,7.15,-,0.25,6.80,10,7.30,10,
702469,櫃200凱基58購02,0,0,0,---,---,---, ---,,,0.00,0,0.00,0,
702483,新應材凱基58購02,0,0,0,---,---,---, ---,,,0.42,110,0.00,0,
702490,台燿富邦5C購01,0,0,0,---,---,---, ---,,,0.00,0,11.50,10,
702496,昇達科元大58購01,"43,000",8,"238,650",5.55,5.55,5.55,5.55,+,1.49,5.55,50,0.00,0,
702498,高技元大59購01,0,0,0,---,---,---, ---,,,0.05,599,0.15,42,
702499,順達元大59購02,0,0,0,---,---,---, ---,,,0.00,0,0.00,0,
702504,昇達科群益58購01,0,0,0,---,---,---, ---,,,14.40,2,0.00,0,
702505,昇達科群益59購01,0,0,0,---,---,---, ---,,,13.70,10,0.00,0,
702508,創惟群益58購01,"20,000",1,"2,000",0.10,0.10,0.10,0.10,-,0.06,0.10,499,0.20,10,
702515,凡甲永豐58購01,0,0,0,---,---,---, ---,,,0.00,0,0.00,0,
702526,昇達科國票5A購01,0,0,0,---,---,---, ---,,,10.30,25,0.00,0,
702538,穩懋兆豐58購01,0,0,0,---,---,---, ---,,,6.20,10,6.25,10,
702550,高技元大59購02,0,0,0,---,---,---, ---,,,0.00,0,2.01,30,
702553,穩懋元大5A購01,0,0,0,---,---,---, ---,,,0.00,0,3.59,10,
702560,昇達科中信5C購01,"28,000",9,"99,580",3.54,3.58,3.19,3.58,+,0.8,3.58,101,0.00,0,
702561,雙鴻中信59購02,0,0,0,---,---,---, ---,,,0.00,0,0.00,0,
702566,雙鴻永豐58購01,0,0,0,---,---,---, ---,,,0.15,10,0.00,0,
702568,中光電凱基58購03,0,0,0,---,---,---, ---,,,0.57,100,0.00,0,
702575,富喬凱基58購01,0,0,0,---,---,---, ---,,,0.08,110,0.43,99,
702576,富喬凱基5A購01,0,0,0,---,---,---, ---,,,0.73,110,0.00,0,
702577,順達凱基59購01,0,0,0,---,---,---, ---,,,5.15,10,5.45,1,
702578,新應材凱基5B購02,0,0,0,---,---,---, ---,,,1.30,100,0.00,0,
702590,富喬國票58購01,"5,000",1,"2,050",0.41,0.41,0.41,0.41,-,0.09,0.40,25,0.46,10,
702591,富喬國票59購01,0,0,0,---,---,---, ---,,,0.00,0,0.00,0,
702592,富喬國票5C購01,0,0,0,---,---,---, ---,,,1.53,25,1.54,10,
702593,富喬國票62購01,"62,000",6,"99,960",1.60,1.62,1.53,1.53,-,0.13,1.52,25,1.58,10,
702597,擎亞國票58購02,0,0,0,---,---,---, ---,,,17.20,25,18.20,10,
702598,FH中5G元大58購01,0,0,0,---,---,---, ---,,,8.15,75,8.65,10,
702605,系統電元大5C購01,0,0,0,---,---,---, ---,,,0.24,499,0.34,10,
702607,旺矽元大59購02,0,0,0,---,---,---, ---,,,4.89,2,0.00,0,
702610,高技元大58購01,0,0,0,---,---,---, ---,,,0.01,499,0.11,20,
702611,高技元大5C購01,"10,000",1,"3,200",0.32,0.32,0.32,0.32,-,0.04,0.22,499,0.32,10,
702615,順達元大58購01,"1,000",1,"2,580",2.58,2.58,2.58,2.58,-,0.01,1.12,8,0.00,0,
702616,擎亞元大59購01,0,0,0,---,---,---, ---,,,0.00,0,0.00,0,
702623,元太富邦58購02,0,0,0,---,---,---, ---,,,0.20,110,0.30,10,
702625,高技富邦58購02,0,0,0,---,---,---, ---,,,0.00,0,0.10,10,
702627,富喬富邦5C購01,"2,000",1,"1,960",0.98,0.98,0.98,0.98,+,0.04,0.88,5,0.98,58,
702639,IET中信5C購01,0,0,0,---,---,---, ---,,,0.00,0,3.37,10,
702641,富喬中信5C購01,0,0,0,---,---,---, ---,,,0.24,110,0.34,10,
702642,穩懋中信5C購01,0,0,0,---,---,---, ---,,,0.00,0,3.19,10,
702645,旺矽永豐59購01,0,0,0,---,---,---, ---,,,21.30,10,0.00,0,
702649,富喬永豐59購01,"7,000",1,"3,850",0.55,0.55,0.55,0.55,-,0.13,0.55,10,0.58,10,
702655,竹陞群益58購02,"3,000",1,"3,930",1.31,1.31,1.31,1.31,-,0.42,0.63,15,0.00,0,
702656,旺矽群益58購02,0,0,0,---,---,---, ---,,,0.00,0,9.10,10,
702667,系統電元大5B購01,0,0,0,---,---,---, ---,,,0.14,499,0.24,10,
702670,家登元大59購01,0,0,0,---,---,---, ---,,,3.68,100,0.00,0,
702678,立敦富邦58購01,"1,000",1,"4,170",4.17,4.17,4.17,4.17,+,0.67,3.89,10,3.99,10,
702685,家登國票58購01,0,0,0,---,---,---, ---,,,4.85,25,0.00,0,
702695,穩懋凱基5A購01,0,0,0,---,---,---, ---,,,9.10,20,9.60,10,
702699,系統電群益58購01,0,0,0,---,---,---, ---,,,0.00,0,0.00,0,
702712,良維中信5B購01,0,0,0,---,---,---, ---,,,0.99,100,1.08,10,
702713,信昌電中信58購01,0,0,0,---,---,---, ---,,,0.00,0,12.60,10,
702717,台燿元大59購02,0,0,0,---,---,---, ---,,,0.00,0,12.70,10,
702719,系統電元大5C購02,"242,000",1,"33,880",0.14,0.14,0.14,0.14,-,0.02,0.14,502,0.24,10,
702724,家登元大59購02,"118,000",18,"156,370",1.09,1.55,1.07,1.34,-,0.43,1.24,599,1.34,9,
702730,擎亞元大58購02,0,0,0,---,---,---, ---,,,0.00,0,0.00,0,
702732,CT債20凱基58購01,0,0,0,---,---,---, ---,,,0.06,100,0.16,10,
702746,精測凱基58購02,"5,000",1,"9,000",1.80,1.80,1.80,1.80,-,0.2,1.04,100,2.00,3,
702751,新應材富邦58購01,0,0,0,---,---,---, ---,,,0.04,10,0.14,10,
702752,台特化統一6C購01,"10,000",2,"2,900",0.29,0.29,0.29,0.29,-,0.01,0.29,21,0.30,7,
702753,精測統一66購01,"100,000",1,"83,000",0.83,0.83,0.83,0.83,-,0.06,0.75,10,0.00,0,
702760,台特化群益58購01,0,0,0,---,---,---, ---,,,0.01,499,0.11,10,
702763,高技群益58購01,0,0,0,---,---,---, ---,,,0.01,499,0.11,10,
702770,世禾永豐58購01,0,0,0,---,---,---, ---,,,0.03,10,0.13,10,
702773,台特化永豐58購01,0,0,0,---,---,---, ---,,,0.10,10,0.12,60,
702775,訊聯永豐5C購02,0,0,0,---,---,---, ---,,,0.00,0,0.35,100,
702776,新應材永豐5C購01,"4,000",3,"8,280",2.08,2.08,2.06,2.08,-,0.0,2.00,2,2.10,2,
702777,精測永豐59購01,"10,000",1,"7,100",0.71,0.71,0.71,0.71,-,0.15,0.66,10,0.76,10,
702786,威剛中信5C購01,0,0,0,---,---,---, ---,,,3.66,10,0.00,0,
702790,宜鼎凱基58購03,0,0,0,---,---,---, ---,,,27.80,10,28.80,10,
702800,台特化兆豐58購01,0,0,0,---,---,---, ---,,,0.02,20,0.03,10,
702802,台特化元大59購01,"40,000",8,"3,840",0.12,0.12,0.09,0.11,+,0.01,0.08,10,0.10,115,
702804,良維元大59購01,0,0,0,---,---,---, ---,,,0.91,499,1.01,10,
702808,高技元大5A購01,0,0,0,---,---,---, ---,,,0.14,1,0.22,10,
702810,聖暉*元大59購01,0,0,0,---,---,---, ---,,,1.91,400,2.01,10,
702811,聖暉*元大5A購01,0,0,0,---,---,---, ---,,,1.80,450,1.90,10,
702813,台星科國票58購01,"2,000",2,"3,340",1.67,1.67,1.67,1.67,-,0.19,1.83,25,1.93,10,
702814,立敦國票58購01,0,0,0,---,---,---, ---,,,12.20,25,13.20,10,
702828,勤凱統一5C購01,0,0,0,---,---,---, ---,,,0.85,10,0.95,10,
702829,勤凱統一6C購01,0,0,0,---,---,---, ---,,,1.04,10,1.06,10,
702830,擎亞統一6C購01,0,0,0,---,---,---, ---,,,0.00,0,3.03,15,
702831,宜鼎元富5C購01,0,0,0,---,---,---, ---,,,15.10,25,16.10,10,
702833,高技元富5C購02,"10,000",1,"10,000",1.00,1.00,1.00,1.00,-,0.31,0.90,10,1.20,10,
702837,雙鴻中信59購03,"723,000",5,"238,590",0.33,0.33,0.33,0.33,-,0.02,0.34,10,0.35,10,
702842,勤凱永豐58購01,0,0,0,---,---,---, ---,,,2.50,10,0.00,0,
702849,信紘科國票57購01,0,0,0,---,---,---, ---,,,0.00,0,0.00,0,
702850,創惟國票59購01,"60,000",2,"10,300",0.18,0.18,0.17,0.17,-,0.06,0.16,25,0.17,10,
702851,璟德國票58購01,0,0,0,---,---,---, ---,,,0.14,25,0.00,0,
702855,茂迪凱基58購01,0,0,0,---,---,---, ---,,,0.80,30,2.00,1,
702856,家登凱基59購01,0,0,0,---,---,---, ---,,,6.20,50,6.70,10,
702857,華景電凱基57購01,0,0,0,---,---,---, ---,,,0.42,10,0.43,10,
702858,順達凱基59購02,0,0,0,---,---,---, ---,,,6.10,10,6.60,10,
702859,鈊象凱基58購01,0,0,0,---,---,---, ---,,,0.36,100,0.38,10,
702860,新復興凱基58購01,0,0,0,---,---,---, ---,,,0.00,0,0.10,10,
702866,東捷國泰57購01,0,0,0,---,---,---, ---,,,0.00,0,0.00,0,
702867,聖暉*國泰57購02,0,0,0,---,---,---, ---,,,0.00,0,0.00,0,
702874,高技群益58購02,0,0,0,---,---,---, ---,,,0.02,499,0.12,10,
702876,凱崴群益57購02,0,0,0,---,---,---, ---,,,0.96,10,0.00,0,
702878,櫃200群益5B購01,"1,000",1,"10,000",10.00,10.00,10.00,10.00,-,1.0,10.10,499,11.10,10,
702883,家登元大58購01,0,0,0,---,---,---, ---,,,2.06,100,0.00,0,
702884,家登元大5C購01,"133,000",16,"238,530",1.77,2.11,1.77,2.11,+,0.11,1.82,450,1.92,10,
702885,高技元大5A購02,0,0,0,---,---,---, ---,,,0.85,499,0.95,10,
702886,高技元大5B購01,"8,000",4,"5,680",0.62,0.73,0.62,0.72,-,0.02,0.60,502,0.70,10,
702888,穩懋元大59購05,0,0,0,---,---,---, ---,,,3.07,25,0.00,0,
702891,新復興元富57購01,0,0,0,---,---,---, ---,,,0.00,0,0.10,10,
702895,茂迪永豐58購01,0,0,0,---,---,---, ---,,,0.55,10,0.65,10,
702897,榮剛永豐57購01,"300,000",1,"81,000",0.27,0.27,0.27,0.27,-,0.1,0.28,10,0.00,0,
702898,穩懋永豐59購02,0,0,0,---,---,---, ---,,,7.25,499,0.00,0,
702901,元山國票57購01,0,0,0,---,---,---, ---,,,0.00,0,0.01,99,
702903,巨漢國票58購01,0,0,0,---,---,---, ---,,,4.33,25,4.43,10,
702904,系微國票57購01,"10,000",2,"1,800",0.18,0.18,0.18,0.18,-,0.09,0.11,25,0.17,10,
702905,凱崴國票57購02,0,0,0,---,---,---, ---,,,2.54,25,2.64,10,
702906,華義國票57購01,0,0,0,---,---,---, ---,,,0.44,25,0.00,0,
702908,雍智國票57購02,0,0,0,---,---,---, ---,,,0.00,0,46.90,10,
702910,群翊兆豐58購01,0,0,0,---,---,---, ---,,,1.40,10,1.41,10,
702912,元太元大59購01,0,0,0,---,---,---, ---,,,0.25,3,0.80,7,
702919,高技元大5B購02,0,0,0,---,---,---, ---,,,0.35,499,0.45,10,
702924,信紘科國泰57購01,0,0,0,---,---,---, ---,,,0.00,0,0.00,0,
702925,茂迪國泰57購01,0,0,0,---,---,---, ---,,,1.05,100,0.00,0,
702926,力旺富邦58購02,0,0,0,---,---,---, ---,,,1.95,10,2.05,10,
702928,高技富邦58購03,0,0,0,---,---,---, ---,,,0.00,0,0.00,0,
702935,高技凱基58購01,"111,000",2,"3,440",0.03,0.14,0.03,0.14,-,0.37,0.04,10,0.13,10,
702938,新復興凱基57購01,0,0,0,---,---,---, ---,,,0.00,0,0.01,20,
702941,力旺元富57購08,0,0,0,---,---,---, ---,,,5.25,25,5.75,10,
702943,力旺元富59購02,"2,000",1,"8,700",4.35,4.35,4.35,4.35,+,0.17,4.47,25,4.51,10,
702949,順達永豐58購01,"18,000",5,"75,760",4.29,4.74,4.01,4.74,-,0.71,4.02,10,0.00,0,
702950,新復興永豐57購01,0,0,0,---,---,---, ---,,,0.00,0,0.01,170,
702951,新應材永豐5C購02,0,0,0,---,---,---, ---,,,0.00,0,2.45,20,
702953,力旺中信5C購01,0,0,0,---,---,---, ---,,,1.16,10,1.26,10,
702957,金益鼎群益57購01,0,0,0,---,---,---, ---,,,0.00,0,0.00,0,
702961,華景電群益58購01,0,0,0,---,---,---, ---,,,0.52,10,1.82,10,
702966,元債20凱基5C購01,0,0,0,---,---,---, ---,,,0.59,100,0.60,50,
702968,系微凱基59購01,0,0,0,---,---,---, ---,,,1.21,10,0.00,0,
702969,宜鼎凱基5C購01,0,0,0,---,---,---, ---,,,21.80,100,22.80,10,
702973,華景電國票57購02,0,0,0,---,---,---, ---,,,0.10,25,0.12,10,
702974,順達國票57購01,0,0,0,---,---,---, ---,,,0.51,25,0.00,0,
702975,中美晶國泰57購01,0,0,0,---,---,---, ---,,,11.40,130,0.00,0,
702976,金山電國泰57購01,0,0,0,---,---,---, ---,,,0.00,0,0.00,0,
702977,新復興國泰57購01,0,0,0,---,---,---, ---,,,0.00,0,0.20,15,
702978,萬潤國泰57購01,0,0,0,---,---,---, ---,,,34.50,499,0.00,0,
702980,訊聯統一6C購01,0,0,0,---,---,---, ---,,,0.26,10,0.27,10,
702987,穩懋元大5C購03,0,0,0,---,---,---, ---,,,0.00,0,6.40,10,
702990,華景電元富5C購01,0,0,0,---,---,---, ---,,,2.75,25,2.85,10,
702993,宜鼎中信5A購02,0,0,0,---,---,---, ---,,,0.00,0,8.50,10,
702996,立敦永豐58購01,"1,000",1,"5,400",5.40,5.40,5.40,5.40,+,0.81,4.99,10,5.70,1,
702998,家登永豐57購02,0,0,0,---,---,---, ---,,,8.40,499,0.00,0,
702999,順達永豐57購01,0,0,0,---,---,---, ---,,,0.00,0,0.00,0,
703000,鈊象永豐57購01,0,0,0,---,---,---, ---,,,0.14,10,0.00,0,
703001,新普永豐58購01,"5,000",1,"9,600",1.92,1.92,1.92,1.92,-,0.02,0.57,10,4.10,2,
703002,新應材永豐5C購03,0,0,0,---,---,---, ---,,,0.89,10,0.99,10,
703003,萬泰科永豐57購01,0,0,0,---,---,---, ---,,,3.95,10,0.00,0,
703004,鑫科永豐5C購01,"20,000",2,"52,200",2.51,2.71,2.51,2.71,+,0.15,2.45,10,2.55,10,
703006,光頡群益58購01,0,0,0,---,---,---, ---,,,0.00,0,7.45,10,
703011,宜特國票5A購01,0,0,0,---,---,---, ---,,,1.52,25,1.62,10,
703012,東浦國票57購01,0,0,0,---,---,---, ---,,,1.38,25,1.48,10,
703013,高技國票57購03,0,0,0,---,---,---, ---,,,0.01,25,0.04,10,
703021,弘塑國泰57購02,0,0,0,---,---,---, ---,,,0.00,0,0.00,0,
703022,合晶國泰57購01,0,0,0,---,---,---, ---,,,0.00,0,0.00,0,
703023,宜特國泰57購01,0,0,0,---,---,---, ---,,,0.00,0,0.00,0,
703024,順達國泰57購01,0,0,0,---,---,---, ---,,,3.40,10,0.00,0,
703025,弘塑富邦57購03,0,0,0,---,---,---, ---,,,0.00,0,0.00,0,
703027,穩懋富邦57購02,0,0,0,---,---,---, ---,,,0.00,0,0.00,0,
703030,金益鼎凱基5A購01,0,0,0,---,---,---, ---,,,0.79,10,0.83,10,
703032,順達凱基58購01,0,0,0,---,---,---, ---,,,2.86,10,0.00,0,
703036,元太群益5B購01,"14,000",2,"9,300",0.67,0.67,0.66,0.66,-,0.1,0.66,10,0.76,10,
703038,順達群益58購02,0,0,0,---,---,---, ---,,,1.84,499,1.94,10,
703041,雙鴻元富57購03,0,0,0,---,---,---, ---,,,0.00,0,0.00,0,
703043,高技中信5C購01,0,0,0,---,---,---, ---,,,0.21,100,0.30,10,
703045,雙鴻中信5C購02,0,0,0,---,---,---, ---,,,0.65,10,0.66,10,
703046,台特化永豐57購02,0,0,0,---,---,---, ---,,,0.01,10,0.11,25,
703047,順達永豐58購02,"50,000",1,"86,000",1.72,1.72,1.72,1.72,-,0.48,1.28,7,0.00,0,
703048,順達永豐5A購01,"64,000",8,"118,190",1.78,1.90,1.75,1.90,-,0.0,1.89,10,2.08,2,
703049,順達永豐5C購01,"1,000",1,"7,500",7.50,7.50,7.50,7.50,+,0.35,6.60,1,11.40,4,
703051,穩得永豐5A購01,0,0,0,---,---,---, ---,,,0.98,10,1.02,10,
703052,世禾國泰57購01,"1,000",1,360,0.36,0.36,0.36,0.36,-,0.18,0.35,10,0.00,0,
703053,勤凱國泰57購01,0,0,0,---,---,---, ---,,,0.00,0,0.00,0,
703054,新應材國泰57購04,0,0,0,---,---,---, ---,,,0.00,0,0.00,0,
703056,台燿富邦57購02,0,0,0,---,---,---, ---,,,0.00,0,0.00,0,
703058,台星科國票57購02,0,0,0,---,---,---, ---,,,1.36,25,0.00,0,
703060,璟德國票57購01,0,0,0,---,---,---, ---,,,0.00,0,0.00,0,
703062,元太凱基5B購01,0,0,0,---,---,---, ---,,,0.50,100,1.40,1,
703065,良維凱基57購05,"4,000",1,"3,880",0.97,0.97,0.97,0.97,-,0.62,1.05,10,1.15,10,
703067,萬泰科凱基58購01,0,0,0,---,---,---, ---,,,2.74,10,2.84,10,
703068,璟德凱基58購01,0,0,0,---,---,---, ---,,,0.10,10,0.20,10,
703069,雙鴻凱基57購02,0,0,0,---,---,---, ---,,,0.00,0,0.08,10,
703075,台特化元大5A購01,"28,000",3,"3,640",0.13,0.13,0.13,0.13,-,0.02,0.12,509,0.13,10,
703083,穩懋元大58購02,0,0,0,---,---,---, ---,,,2.09,25,2.19,10,
703085,廣運群益58購01,0,0,0,---,---,---, ---,,,0.00,0,0.11,10,
703086,璟德群益57購01,0,0,0,---,---,---, ---,,,0.00,0,0.00,0,
703091,雙鴻元富57購04,0,0,0,---,---,---, ---,,,0.16,25,0.17,10,
703093,順達中信5B購01,0,0,0,---,---,---, ---,,,1.62,499,1.64,10,
703094,璟德中信58購01,0,0,0,---,---,---, ---,,,0.02,110,0.00,0,
703095,元太永豐58購01,0,0,0,---,---,---, ---,,,1.00,20,0.00,0,
703097,台燿永豐57購03,0,0,0,---,---,---, ---,,,0.00,0,0.00,0,
703098,宏捷科永豐57購01,0,0,0,---,---,---, ---,,,0.00,0,0.00,0,
703100,雙鴻永豐58購02,0,0,0,---,---,---, ---,,,0.03,10,0.13,10,
703102,穩懋永豐5C購01,0,0,0,---,---,---, ---,,,6.60,1,0.00,0,
703110,新應材凱基58購03,0,0,0,---,---,---, ---,,,1.06,100,0.00,0,
703111,廣運凱基58購01,0,0,0,---,---,---, ---,,,0.02,10,0.12,10,
703112,雙鴻凱基59購04,0,0,0,---,---,---, ---,,,0.00,0,0.00,0,
703113,雙鴻凱基5A購01,"485,000",5,"87,300",0.18,0.18,0.18,0.18,-,0.0,0.18,100,0.20,30,
703114,世紀*國票57購01,0,0,0,---,---,---, ---,,,0.00,0,0.01,87,
703115,台特化國票58購01,"100,000",1,"6,000",0.06,0.06,0.06,0.06,-,0.0,0.05,25,0.06,10,
703116,新復興國票58購01,0,0,0,---,---,---, ---,,,0.01,25,0.02,10,
703117,新復興國票59購01,0,0,0,---,---,---, ---,,,0.02,25,0.12,10,
703118,廣運國票57購01,0,0,0,---,---,---, ---,,,0.00,0,0.00,0,
703119,順達國泰57購02,0,0,0,---,---,---, ---,,,2.66,10,0.00,0,
703120,雙鴻國泰57購02,0,0,0,---,---,---, ---,,,0.00,0,0.00,0,
703125,台特化元大5A購02,0,0,0,---,---,---, ---,,,0.11,499,0.12,10,
703132,聖暉*元大5C購01,0,0,0,---,---,---, ---,,,2.77,300,2.87,10,
703135,金山電統一5C購02,0,0,0,---,---,---, ---,,,0.00,0,0.00,0,
703136,博智統一5C購01,0,0,0,---,---,---, ---,,,1.16,10,1.26,10,
703137,璟德統一5C購01,"200,000",2,"43,000",0.22,0.22,0.21,0.21,-,0.01,0.20,20,0.21,10,
703144,穩懋中信5C購02,0,0,0,---,---,---, ---,,,2.14,10,2.66,1,
703145,千附精永豐59購01,0,0,0,---,---,---, ---,,,0.00,0,0.00,0,
703146,世紀*永豐57購01,0,0,0,---,---,---, ---,,,0.00,0,0.40,35,
703147,撼訊永豐58購01,0,0,0,---,---,---, ---,,,0.36,10,0.46,10,
703149,中光電群益5A購02,0,0,0,---,---,---, ---,,,0.77,12,1.68,10,
703151,世紀*群益57購01,0,0,0,---,---,---, ---,,,0.00,0,0.00,0,
703153,弘塑群益59購01,0,0,0,---,---,---, ---,,,8.65,50,0.00,0,
703154,良維群益58購02,"70,000",7,"265,500",3.95,4.03,3.47,3.47,-,0.64,1.27,27,3.62,10,
703155,訊聯群益57購02,0,0,0,---,---,---, ---,,,0.00,0,0.00,0,
703156,湧德群益58購02,0,0,0,---,---,---, ---,,,0.03,10,0.35,10,
703160,鑫科群益57購01,0,0,0,---,---,---, ---,,,0.00,0,0.00,0,
703171,宜鼎元大5C購03,0,0,0,---,---,---, ---,,,4.27,150,0.00,0,
703173,威剛元大58購04,0,0,0,---,---,---, ---,,,2.90,250,0.00,0,
703178,台星科國票59購01,0,0,0,---,---,---, ---,,,1.59,25,1.69,10,
703180,永信建國票57購01,0,0,0,---,---,---, ---,,,0.00,0,0.00,0,
703181,元太凱基59購01,"294,000",2,"141,120",0.48,0.48,0.48,0.48,-,0.11,0.44,1,0.47,10,
703182,世禾凱基57購03,0,0,0,---,---,---, ---,,,0.01,10,0.11,10,
703183,台星科凱基57購01,0,0,0,---,---,---, ---,,,1.28,10,1.38,10,
703184,台燿凱基57購03,0,0,0,---,---,---, ---,,,0.00,0,0.00,0,
703185,弘塑凱基57購04,0,0,0,---,---,---, ---,,,14.40,100,15.40,10,
703186,光頡凱基58購01,0,0,0,---,---,---, ---,,,11.20,10,12.20,10,
703191,雙鴻凱基57購03,0,0,0,---,---,---, ---,,,0.00,0,0.00,0,
703192,家登國泰57購01,0,0,0,---,---,---, ---,,,8.45,499,0.00,0,
703193,湧德國泰57購02,0,0,0,---,---,---, ---,,,0.12,499,0.00,0,
703194,廣運國泰57購01,"1,000",1,"1,980",1.98,1.98,1.98,1.98,-,0.01,0.00,0,1.17,20,
703195,雙鴻國泰57購03,0,0,0,---,---,---, ---,,,0.01,499,0.00,0,
703196,穩懋國泰57購04,0,0,0,---,---,---, ---,,,0.00,0,0.00,0,
703197,M31富邦58購02,"20,000",2,"14,200",0.73,0.73,0.69,0.69,-,0.09,0.58,10,0.68,10,
703198,台星科富邦58購01,0,0,0,---,---,---, ---,,,2.21,10,2.31,10,
703200,智通*富邦58購02,"50,000",1,"114,000",2.28,2.28,2.28,2.28,+,0.15,2.31,10,2.41,10,
703202,雙鴻富邦58購03,0,0,0,---,---,---, ---,,,0.00,0,0.00,0,
703203,雙鴻富邦58購04,0,0,0,---,---,---, ---,,,0.14,10,0.00,0,
703204,譜瑞富邦58購02,0,0,0,---,---,---, ---,,,0.76,110,0.86,10,
703206,台星科群益58購01,0,0,0,---,---,---, ---,,,0.00,0,2.88,10,
703207,台燿群益57購02,0,0,0,---,---,---, ---,,,0.00,0,0.00,0,
703209,威剛群益59購01,0,0,0,---,---,---, ---,,,5.20,10,5.70,10,
703210,威剛群益5A購01,0,0,0,---,---,---, ---,,,0.00,0,6.80,10,
703212,廣運群益58購02,0,0,0,---,---,---, ---,,,0.05,499,0.15,10,
703217,欣銓中信59購01,0,0,0,---,---,---, ---,,,12.10,10,0.00,0,
703221,台燿永豐58購02,0,0,0,---,---,---, ---,,,0.00,0,0.00,0,
703222,湧德永豐57購01,0,0,0,---,---,---, ---,,,0.10,10,0.00,0,
703223,鈊象永豐58購01,0,0,0,---,---,---, ---,,,0.51,10,0.61,10,
703224,新應材永豐59購02,"4,000",3,"2,830",0.71,0.72,0.70,0.70,+,0.17,0.55,10,0.65,10,
703229,台特化凱基5A購01,0,0,0,---,---,---, ---,,,0.21,10,0.23,30,
703231,聖暉*凱基58購01,0,0,0,---,---,---, ---,,,3.82,100,3.92,10,
703232,廣運凱基58購02,"192,000",21,"23,040",0.12,0.12,0.12,0.12,-,0.02,0.11,10,0.12,10,
703234,巨漢國票57購02,0,0,0,---,---,---, ---,,,4.99,25,5.45,10,
703249,湧德群益58購03,0,0,0,---,---,---, ---,,,0.05,499,0.13,10,
703260,雙鴻中信5C購03,0,0,0,---,---,---, ---,,,0.11,10,0.21,10,
703261,巨漢永豐58購01,0,0,0,---,---,---, ---,,,12.40,499,13.40,10,
703263,朋億*永豐58購01,0,0,0,---,---,---, ---,,,6.00,10,6.80,5,
703264,泰茂永豐58購01,0,0,0,---,---,---, ---,,,0.00,0,0.01,3,
703265,智通*永豐58購01,0,0,0,---,---,---, ---,,,2.06,10,2.16,10,
703266,雙鴻永豐59購01,0,0,0,---,---,---, ---,,,0.12,10,0.00,0,
703267,騰雲永豐58購01,"11,000",3,"11,400",0.91,1.30,0.91,1.11,+,0.25,0.82,60,1.29,20,
703268,台星科國泰57購01,0,0,0,---,---,---, ---,,,3.26,499,0.00,0,
703269,欣銓國泰57購01,0,0,0,---,---,---, ---,,,17.30,10,0.00,0,
703271,湧德統一5C購02,0,0,0,---,---,---, ---,,,0.23,10,0.24,10,
703274,欣銓凱基59購01,0,0,0,---,---,---, ---,,,12.30,10,13.30,10,
703277,順達凱基58購02,0,0,0,---,---,---, ---,,,0.42,10,0.00,0,
703279,雙鴻凱基59購05,0,0,0,---,---,---, ---,,,0.03,100,0.13,10,
703284,信驊國票58購02,0,0,0,---,---,---, ---,,,12.70,25,13.70,10,
703286,倚強國票58購01,0,0,0,---,---,---, ---,,,0.43,25,0.44,10,
703287,湧德國票58購01,0,0,0,---,---,---, ---,,,0.04,25,0.05,10,
703288,華宏國票58購01,0,0,0,---,---,---, ---,,,0.41,25,0.45,10,
703289,順達國票58購01,0,0,0,---,---,---, ---,,,0.57,25,0.00,0,
703290,聖暉*國票58購01,0,0,0,---,---,---, ---,,,5.00,25,0.00,0,
703291,譜瑞國票58購01,"2,000",2,100,0.05,0.05,0.05,0.05,-,0.04,0.05,23,0.09,10,
703292,鑫科國票59購01,"10,000",1,"23,400",2.34,2.34,2.34,2.34,-,0.14,2.30,25,2.33,10,
703293,欣銓群益59購01,0,0,0,---,---,---, ---,,,5.75,100,6.25,10,
703295,信驊群益5B購02,"29,000",4,"130,310",4.50,4.71,4.37,4.71,-,0.03,4.70,10,4.73,10,
703296,威剛群益5B購01,"5,000",3,"15,240",3.03,3.06,3.03,3.06,-,0.24,2.96,100,3.06,10,
703307,威剛元大59購05,"11,000",2,"22,000",2.00,2.00,2.00,2.00,-,0.07,2.00,19,2.03,5,
703308,家登元大5B購01,0,0,0,---,---,---, ---,,,5.35,150,0.00,0,
703315,欣銓元富5A購01,0,0,0,---,---,---, ---,,,9.70,25,10.40,10,
703319,宜鼎中信59購02,0,0,0,---,---,---, ---,,,0.00,0,7.85,10,
703320,鈊象中信61購01,"21,000",3,"5,080",0.20,0.28,0.20,0.28,-,0.14,0.20,10,0.28,9,
703321,伍豐永豐59購01,0,0,0,---,---,---, ---,,,0.14,10,0.00,0,
703324,金益鼎永豐5A購01,0,0,0,---,---,---, ---,,,0.48,10,0.52,10,
703325,信驊永豐59購02,0,0,0,---,---,---, ---,,,6.70,499,0.00,0,
703326,健喬永豐59購01,"300,000",2,"198,000",0.66,0.66,0.66,0.66,-,0.02,0.62,10,0.66,10,
703327,順達永豐59購01,"10,000",1,"13,900",1.39,1.39,1.39,1.39,-,0.17,0.73,13,0.00,0,
703328,聖暉*永豐58購01,0,0,0,---,---,---, ---,,,3.40,499,0.00,0,
703329,雷科永豐59購01,0,0,0,---,---,---, ---,,,14.30,499,0.00,0,
703330,廣明永豐5A購01,0,0,0,---,---,---, ---,,,0.04,10,0.05,10,
703332,雙鴻永豐59購02,"10,000",1,700,0.07,0.07,0.07,0.07,-,0.0,0.07,10,0.12,10,
703333,東捷國泰58購01,0,0,0,---,---,---, ---,,,25.70,100,0.00,0,
703334,鈊象國泰58購01,0,0,0,---,---,---, ---,,,0.05,10,0.00,0,
703335,群翊國泰58購01,0,0,0,---,---,---, ---,,,1.57,10,0.00,0,
703336,聖暉*國泰58購01,0,0,0,---,---,---, ---,,,5.35,100,0.00,0,
703337,穩懋國泰58購01,0,0,0,---,---,---, ---,,,0.00,0,0.00,0,
703339,台燿富邦61購01,0,0,0,---,---,---, ---,,,0.00,0,7.65,10,
703340,信驊富邦5A購01,0,0,0,---,---,---, ---,,,5.65,10,6.15,10,
703341,新應材富邦61購01,0,0,0,---,---,---, ---,,,0.43,110,0.00,0,
703343,台星科凱基59購01,0,0,0,---,---,---, ---,,,3.18,10,3.28,10,
703347,金益鼎凱基58購01,"21,000",2,"1,050",0.05,0.05,0.05,0.05,-,0.01,0.05,10,0.09,10,
703349,信驊凱基58購01,0,0,0,---,---,---, ---,,,14.70,20,15.70,10,
703350,倚強凱基58購01,0,0,0,---,---,---, ---,,,0.07,10,0.17,10,
703351,家登凱基59購02,0,0,0,---,---,---, ---,,,7.30,100,7.80,10,
703353,富喬凱基5A購02,0,0,0,---,---,---, ---,,,0.41,50,1.97,20,
703354,富喬凱基5B購01,0,0,0,---,---,---, ---,,,0.44,110,0.80,100,
703355,富喬凱基61購01,0,0,0,---,---,---, ---,,,0.00,0,0.00,0,
703357,雙鴻凱基58購01,0,0,0,---,---,---, ---,,,0.08,100,0.18,10,
703364,欣銓兆豐59購01,0,0,0,---,---,---, ---,,,6.40,10,6.45,10,
703365,中光電國票58購01,0,0,0,---,---,---, ---,,,0.10,25,0.00,0,
703366,威剛國票58購01,0,0,0,---,---,---, ---,,,3.43,25,3.53,10,
703367,威剛國票58購02,"1,000",1,"3,430",3.43,3.43,3.43,3.43,-,0.73,3.43,25,0.00,0,
703368,威剛國票59購02,"12,000",3,"50,180",4.09,4.20,4.09,4.09,-,0.6,4.04,25,4.11,10,
703370,富喬國票58購03,0,0,0,---,---,---, ---,,,0.01,25,0.00,0,
703371,富喬國票5B購01,"18,000",1,"9,000",0.50,0.50,0.50,0.50,-,0.07,0.49,25,0.52,10,
703372,富喬國票61購01,0,0,0,---,---,---, ---,,,1.06,25,3.10,27,
703374,穩得國票58購01,0,0,0,---,---,---, ---,,,0.89,25,0.96,10,
703375,鑫科國票58購01,"44,000",8,"87,330",1.99,2.18,1.95,1.99,-,0.17,1.89,25,1.99,9,
703378,東捷群益59購01,0,0,0,---,---,---, ---,,,0.00,0,15.50,10,
703379,訊聯群益59購01,0,0,0,---,---,---, ---,,,0.00,0,0.00,0,
703380,富喬群益5B購01,0,0,0,---,---,---, ---,,,0.20,599,0.37,4,
703381,威剛國泰58購01,0,0,0,---,---,---, ---,,,4.40,30,0.00,0,
703382,富喬國泰58購01,0,0,0,---,---,---, ---,,,0.00,0,0.00,0,
703383,富喬國泰58購02,0,0,0,---,---,---, ---,,,0.03,499,1.30,1,
703384,廣明國泰58購01,0,0,0,---,---,---, ---,,,0.00,0,0.02,585,
703386,富喬富邦5A購01,"30,000",1,"7,500",0.25,0.25,0.25,0.25,-,0.03,0.15,115,0.24,10,
703388,穩懋富邦58購01,0,0,0,---,---,---, ---,,,4.13,10,0.00,0,
703389,富喬統一65購01,"232,000",9,"73,030",0.32,0.32,0.30,0.31,-,0.02,0.30,10,0.31,10,
703390,撼訊統一65購01,"114,000",1,"41,040",0.36,0.36,0.36,0.36,-,0.03,0.36,10,0.37,10,
703395,信驊元富5A購01,0,0,0,---,---,---, ---,,,5.85,25,6.35,10,
703396,信驊元富5A購02,0,0,0,---,---,---, ---,,,3.93,25,4.03,10,
703397,倉和元富58購01,0,0,0,---,---,---, ---,,,12.50,25,13.50,10,
703399,順達元富61購01,0,0,0,---,---,---, ---,,,2.48,25,2.58,10,
703400,信驊中信61購01,0,0,0,---,---,---, ---,,,5.75,499,0.00,0,
703401,富喬中信61購01,"160,000",8,"33,600",0.19,0.24,0.19,0.24,-,0.01,0.19,151,0.24,100,
703402,新應材中信59購01,"80,000",6,"40,700",0.51,0.52,0.49,0.49,+,0.04,0.47,10,0.00,0,
703403,明安永豐59購01,"34,000",1,"8,500",0.25,0.25,0.25,0.25,-,0.0,0.25,10,0.26,10,
703404,信驊永豐58購02,0,0,0,---,---,---, ---,,,4.68,2,0.00,0,
703407,富喬永豐5A購01,0,0,0,---,---,---, ---,,,0.11,10,0.21,10,
703410,鑫科永豐58購01,0,0,0,---,---,---, ---,,,0.22,10,0.00,0,
703418,富喬元大5B購01,"4,000",1,"1,440",0.36,0.36,0.36,0.36,-,0.04,0.35,10,0.37,10,
703419,富喬元大5C購01,0,0,0,---,---,---, ---,,,0.37,499,0.47,10,
703420,富喬元大61購02,"22,000",2,"9,390",0.42,0.43,0.42,0.43,-,0.05,0.43,6,0.52,10,
703427,台特化凱基59購01,0,0,0,---,---,---, ---,,,0.03,10,0.13,10,
703431,健喬凱基59購01,"148,000",12,"97,670",0.67,0.67,0.64,0.65,-,0.07,0.63,10,0.65,9,
703432,湧德凱基59購01,0,0,0,---,---,---, ---,,,0.19,100,0.21,10,
703434,雷科凱基59購01,0,0,0,---,---,---, ---,,,17.10,499,18.10,10,
703436,台特化兆豐59購01,"10,000",1,300,0.03,0.03,0.03,0.03,-,0.0,0.03,40,0.10,19,
703437,台燿兆豐59購01,0,0,0,---,---,---, ---,,,0.00,0,12.60,10,
703438,欣銓國票59購01,0,0,0,---,---,---, ---,,,5.20,25,0.00,0,
703439,倚強國票59購01,"130,000",1,"27,300",0.21,0.21,0.21,0.21,-,0.01,0.19,25,0.20,10,
703441,晟田國票59購01,"13,000",4,"69,700",5.45,6.00,5.25,5.25,-,0.25,4.89,25,5.50,3,
703442,湧德國票59購01,0,0,0,---,---,---, ---,,,0.34,25,0.36,10,
703443,安碁元富61購01,0,0,0,---,---,---, ---,,,1.53,25,1.63,10,
703449,台特化永豐59購01,0,0,0,---,---,---, ---,,,0.08,10,0.00,0,
703450,生合永豐59購01,0,0,0,---,---,---, ---,,,0.03,10,0.06,10,
703454,欣銓永豐59購02,0,0,0,---,---,---, ---,,,0.00,0,0.00,0,
703455,捷流永豐59購01,0,0,0,---,---,---, ---,,,0.44,499,0.45,10,
703457,醫揚永豐59購01,0,0,0,---,---,---, ---,,,0.29,499,0.31,10,
703458,寶島科永豐59購01,"772,000",5,"177,560",0.23,0.23,0.23,0.23,-,0.01,0.23,10,0.32,10,
703459,鏵友益永豐5B購01,"73,000",2,"200,230",2.67,2.81,2.67,2.81,-,0.03,2.75,499,2.79,10,
703460,倚強國泰58購01,0,0,0,---,---,---, ---,,,0.14,499,0.00,0,
703461,新應材國泰58購01,0,0,0,---,---,---, ---,,,0.02,499,0.00,0,
703462,欣銓富邦58購01,0,0,0,---,---,---, ---,,,6.50,10,0.00,0,
703463,台特化統一62購01,"1,000",1,230,0.23,0.23,0.23,0.23,-,0.02,0.22,15,0.23,10,
703464,台特化統一63購01,"10,000",1,"1,400",0.14,0.14,0.14,0.14,-,0.01,0.14,10,0.20,10,
703465,台特化統一71購01,"61,000",7,"23,270",0.40,0.40,0.37,0.37,-,0.01,0.37,10,0.38,96,
703466,台燿統一5C購03,"2,000",1,"10,400",5.20,5.20,5.20,5.20,-,0.85,0.00,0,5.20,8,
703467,台燿統一61購02,0,0,0,---,---,---, ---,,,5.35,2,0.00,0,
703468,宏捷科統一71購01,"60,000",2,"37,700",0.63,0.63,0.62,0.62,-,0.02,0.60,10,0.61,10,
703469,欣銓統一5A購01,"7,000",1,"22,260",3.18,3.18,3.18,3.18,+,0.34,3.23,10,3.33,10,
703470,欣銓統一5C購01,0,0,0,---,---,---, ---,,,2.41,10,2.51,10,
703471,欣銓統一61購01,0,0,0,---,---,---, ---,,,2.31,10,0.00,0,
703472,欣銓統一65購01,"1,000",1,"1,530",1.53,1.53,1.53,1.53,+,0.2,1.43,10,1.53,10,
703473,欣銓統一6C購01,"20,000",3,"32,950",1.66,1.66,1.62,1.62,+,0.14,1.52,10,1.53,10,
703474,金益鼎統一65購01,0,0,0,---,---,---, ---,,,0.42,10,0.43,10,
703475,茂迪統一65購01,"29,000",2,"16,240",0.56,0.56,0.56,0.56,-,0.01,0.55,10,0.57,10,
703476,神盾統一61購01,"30,000",1,"8,100",0.27,0.27,0.27,0.27,-,0.02,0.26,10,0.27,10,
703477,雙鴻統一61購04,0,0,0,---,---,---, ---,,,0.18,20,0.19,10,
703478,穩得統一65購01,"4,000",1,"2,160",0.54,0.54,0.54,0.54,-,0.02,0.53,10,0.54,10,
703479,穩懋統一5B購02,0,0,0,---,---,---, ---,,,0.00,0,5.00,1,
703480,穩懋統一5C購01,0,0,0,---,---,---, ---,,,0.00,0,0.00,0,
703481,穩懋統一5C購02,0,0,0,---,---,---, ---,,,2.90,10,2.91,10,
703482,穩懋統一5C購03,0,0,0,---,---,---, ---,,,0.00,0,0.00,0,
703483,穩懋統一6C購01,"1,000",1,"1,850",1.85,1.85,1.85,1.85,-,0.24,1.84,10,1.85,9,
703497,台星科群益59購01,0,0,0,---,---,---, ---,,,1.30,499,1.40,10,
703498,巨漢群益58購01,"3,000",1,"8,790",2.93,2.93,2.93,2.93,-,0.6,3.10,10,0.00,0,
703500,欣銓群益59購02,0,0,0,---,---,---, ---,,,6.25,100,0.00,0,
703504,雙鴻群益58購02,0,0,0,---,---,---, ---,,,0.00,0,0.00,0,
703505,中探針國泰58購01,0,0,0,---,---,---, ---,,,36.10,499,36.70,10,
703506,台特化國泰58購01,0,0,0,---,---,---, ---,,,0.01,499,0.00,0,
703507,台特化國泰58購02,0,0,0,---,---,---, ---,,,0.00,0,0.00,0,
703508,弘塑國泰58購01,0,0,0,---,---,---, ---,,,12.40,120,0.00,0,
703509,印能國泰58購01,0,0,0,---,---,---, ---,,,22.70,10,0.00,0,
703510,均華國泰58購01,0,0,0,---,---,---, ---,,,5.75,499,0.00,0,
703511,宜鼎國泰58購01,0,0,0,---,---,---, ---,,,21.30,499,21.90,10,
703512,欣銓國泰58購01,0,0,0,---,---,---, ---,,,8.05,10,0.00,0,
703513,金益鼎國泰58購01,0,0,0,---,---,---, ---,,,0.53,10,0.59,10,
703514,新應材國泰58購02,0,0,0,---,---,---, ---,,,0.09,499,0.50,100,
703515,雍智兆豐61購01,0,0,0,---,---,---, ---,,,9.85,10,9.90,10,
703520,宜鼎富邦5A購01,0,0,0,---,---,---, ---,,,6.15,10,6.65,10,
703522,矽科富邦59購01,"596,000",15,"268,610",0.40,0.51,0.40,0.46,+,0.04,0.43,10,0.45,28,
703523,能率亞富邦59購01,"1,000",1,920,0.92,0.92,0.92,0.92,+,0.1,0.92,9,0.96,10,
703527,台星科元大59購01,0,0,0,---,---,---, ---,,,0.74,499,0.00,0,
703528,系統電元大5A購01,"26,000",1,"5,200",0.20,0.20,0.20,0.20,+,0.02,0.16,499,0.20,5,
703534,欣銓元大59購01,"10,000",1,"35,700",3.57,3.57,3.57,3.57,+,0.38,3.83,25,3.93,10,
703535,欣銓元大5A購01,0,0,0,---,---,---, ---,,,4.05,25,5.00,1,
703548,聖暉*元大59購02,"75,000",13,"361,650",4.72,5.10,4.52,4.82,+,0.05,4.85,150,4.95,10,
703552,加百裕群益58購01,0,0,0,---,---,---, ---,,,0.00,0,0.09,36,
703553,加百裕群益59購01,0,0,0,---,---,---, ---,,,0.02,499,0.10,13,
703554,台特化群益58購02,0,0,0,---,---,---, ---,,,0.00,0,0.00,0,
703555,台特化群益59購01,0,0,0,---,---,---, ---,,,0.01,499,0.10,200,
703558,捷創群益58購01,0,0,0,---,---,---, ---,,,0.00,0,0.00,0,
703561,湧德群益58購04,0,0,0,---,---,---, ---,,,0.05,499,0.15,10,
703564,新應材群益58購02,"10,000",1,100,0.01,0.01,0.01,0.01,-,0.0,0.01,499,0.10,11,
703581,臺慶科凱基5C購01,"91,000",4,"403,360",4.66,4.66,4.36,4.36,-,0.69,4.26,10,4.28,10,
703589,佶優元富5A購01,"1,000",1,680,0.68,0.68,0.68,0.68,+,0.03,0.28,10,0.37,10,
703598,中探針國票58購01,0,0,0,---,---,---, ---,,,42.90,25,0.00,0,
703599,世禾國票59購01,"597,000",58,"324,230",0.65,0.67,0.46,0.47,-,0.12,0.47,11,0.48,10,
703600,台特化國票58購02,0,0,0,---,---,---, ---,,,0.00,0,0.00,0,
703601,宏碩國票58購01,0,0,0,---,---,---, ---,,,0.00,0,0.00,0,
703602,亞電國票58購01,"22,000",9,"80,280",2.77,4.20,2.77,4.20,+,1.54,3.97,25,4.46,29,
703603,宜特國票58購01,0,0,0,---,---,---, ---,,,0.41,25,0.48,10,
703604,欣銓國票61購01,"1,000",1,"3,870",3.87,3.87,3.87,3.87,+,0.44,3.77,25,3.87,10,
703605,矽科國票58購01,"200,000",1,"22,000",0.11,0.11,0.11,0.11,+,0.03,0.08,25,0.09,10,
703606,青雲國票58購01,0,0,0,---,---,---, ---,,,61.00,25,68.00,1,
703607,是方國票58購01,0,0,0,---,---,---, ---,,,0.23,25,0.24,10,
703608,能率亞國票58購01,0,0,0,---,---,---, ---,,,1.49,25,1.58,10,
703609,創泓國票58購01,"30,000",2,"6,500",0.25,0.25,0.21,0.21,+,0.03,0.14,33,0.24,10,
703610,富強鑫國票58購01,0,0,0,---,---,---, ---,,,0.00,0,0.03,1,
703611,崴寶國票58購01,"70,000",1,"49,000",0.70,0.70,0.70,0.70,-,0.09,0.68,25,0.78,10,
703612,華容國票58購01,0,0,0,---,---,---, ---,,,13.80,25,14.80,10,
703613,匯鑽科國票58購01,0,0,0,---,---,---, ---,,,0.00,0,0.69,5,
703614,新門國票58購01,0,0,0,---,---,---, ---,,,0.00,0,0.01,470,
703615,宜鼎統一61購01,0,0,0,---,---,---, ---,,,3.67,10,0.00,0,
703616,矽科統一6C購01,"47,000",1,"29,140",0.62,0.62,0.62,0.62,+,0.02,0.61,10,0.62,10,
703617,金益鼎統一6C購01,"106,000",2,"65,160",0.61,0.62,0.61,0.62,+,0.01,0.60,10,0.61,10,
703618,長科*統一64購01,"11,000",2,"17,190",1.53,1.89,1.53,1.89,+,0.12,1.41,11,1.51,10,
703619,家登統一6C購01,"289,000",26,"254,470",0.90,0.94,0.82,0.91,-,0.03,0.89,10,0.90,10,
703620,捷創統一61購01,0,0,0,---,---,---, ---,,,0.08,10,0.13,10,
703621,世禾凱基59購01,"211,000",22,"67,670",0.37,0.38,0.25,0.25,-,0.04,0.23,100,0.25,30,
703622,台星科凱基59購02,0,0,0,---,---,---, ---,,,2.16,10,2.25,10,
703623,台特化凱基58購01,0,0,0,---,---,---, ---,,,0.00,0,0.09,60,
703627,宜特凱基58購01,0,0,0,---,---,---, ---,,,0.86,10,0.88,10,
703628,博智凱基59購02,0,0,0,---,---,---, ---,,,4.81,10,4.91,10,
703629,新應材凱基58購04,0,0,0,---,---,---, ---,,,0.00,0,0.10,10,
703630,聖暉*凱基59購01,"39,000",3,"208,300",5.20,5.40,5.20,5.40,+,0.48,5.60,18,5.75,10,
703631,擎亞凱基58購01,0,0,0,---,---,---, ---,,,19.00,10,20.00,10,
703632,穩懋凱基5C購01,"6,000",3,"46,150",7.60,7.85,7.50,7.50,-,0.65,7.30,50,7.80,10,
703633,台特化國泰58購03,0,0,0,---,---,---, ---,,,0.00,0,0.09,15,
703634,光頡國泰58購01,0,0,0,---,---,---, ---,,,7.05,10,7.35,10,
703635,宜特國泰58購01,0,0,0,---,---,---, ---,,,0.00,0,0.00,0,
703636,漢科國泰58購01,0,0,0,---,---,---, ---,,,0.51,499,0.61,15,
703637,台星科兆豐59購01,0,0,0,---,---,---, ---,,,0.00,0,0.00,0,
703638,萬潤兆豐58購01,0,0,0,---,---,---, ---,,,14.00,20,14.10,10,
703639,台特化國票5A購01,"15,000",3,850,0.06,0.06,0.05,0.05,-,0.0,0.04,25,0.05,5,
703640,弘塑國票58購02,0,0,0,---,---,---, ---,,,6.10,25,6.60,10,
703641,宜鼎國票58購01,0,0,0,---,---,---, ---,,,23.50,25,24.50,10,
703642,匯鑽科國票59購01,0,0,0,---,---,---, ---,,,0.02,25,0.03,10,
703643,新應材國票5A購01,"15,000",1,"5,700",0.38,0.38,0.38,0.38,+,0.03,0.28,25,0.34,10,
703648,宜鼎元大5A購02,0,0,0,---,---,---, ---,,,4.41,150,0.00,0,
703651,家登元大5C購02,"50,000",5,"105,700",1.86,2.42,1.86,2.42,+,0.45,2.02,300,2.12,10,
703652,湧德元大61購01,0,0,0,---,---,---, ---,,,0.34,499,0.44,10,
703654,勤凱元大61購01,0,0,0,---,---,---, ---,,,0.00,0,2.38,30,
703660,聖暉*元大5C購02,0,0,0,---,---,---, ---,,,2.51,300,2.61,10,
703661,雍智元大61購01,0,0,0,---,---,---, ---,,,0.00,0,9.50,3,
703663,旺矽凱基59購01,0,0,0,---,---,---, ---,,,30.10,100,31.10,10,
703664,家登凱基59購03,"130,000",7,"183,500",1.48,1.50,1.34,1.34,-,0.71,1.72,59,1.82,10,
703665,家登凱基5C購01,"4,000",1,"8,120",2.03,2.03,2.03,2.03,+,0.2,1.86,100,2.80,1,
703682,家登元大5C購03,"7,000",1,"12,530",1.79,1.79,1.79,1.79,-,0.25,1.79,400,1.89,10,
703684,聖暉*元大5A購02,0,0,0,---,---,---, ---,,,2.75,300,2.85,10,
703686,旺矽國票58購02,0,0,0,---,---,---, ---,,,33.00,25,34.00,10,
703688,金益鼎國票58購01,"3,000",1,330,0.11,0.11,0.11,0.11,-,0.01,0.09,25,0.10,10,
703690,家登國票59購01,"550,000",8,"565,170",1.03,1.58,0.99,1.58,-,0.22,1.26,25,1.31,10,
703691,華宏國票58購02,0,0,0,---,---,---, ---,,,0.17,25,0.18,10,
703692,萬潤國票58購01,0,0,0,---,---,---, ---,,,23.50,25,24.50,10,
703693,耀勝國票58購01,0,0,0,---,---,---, ---,,,0.00,0,0.01,100,
703695,中探針群益58購01,0,0,0,---,---,---, ---,,,0.00,0,64.00,10,
703697,合晶群益58購01,0,0,0,---,---,---, ---,,,31.30,10,0.00,0,
703698,宜鼎群益58購01,0,0,0,---,---,---, ---,,,0.00,0,9.60,10,
703702,富強鑫群益58購01,0,0,0,---,---,---, ---,,,0.03,499,0.13,10,
703710,宜鼎凱基58購04,0,0,0,---,---,---, ---,,,13.40,100,14.40,10,
703711,宜鼎凱基58購05,0,0,0,---,---,---, ---,,,14.90,100,15.90,10,
703713,訊聯凱基5B購01,0,0,0,---,---,---, ---,,,0.15,10,0.17,10,
703716,宜鼎國泰58購02,0,0,0,---,---,---, ---,,,0.00,0,0.00,0,
703717,金山電國泰58購01,0,0,0,---,---,---, ---,,,14.00,10,14.60,10,
703718,湧德國泰58購01,0,0,0,---,---,---, ---,,,0.05,499,0.11,10,
703719,萬潤國泰58購01,0,0,0,---,---,---, ---,,,26.30,499,0.00,0,
703720,精材國泰58購01,0,0,0,---,---,---, ---,,,18.70,100,0.00,0,
703721,廣明國泰58購02,0,0,0,---,---,---, ---,,,0.00,0,0.09,499,
703722,穩懋國泰58購02,0,0,0,---,---,---, ---,,,11.00,499,11.60,10,
703725,宜鼎元大5B購01,0,0,0,---,---,---, ---,,,5.70,100,0.00,0,
703728,順達元大5A購03,0,0,0,---,---,---, ---,,,1.60,6,0.00,0,
703729,聖暉*元大5A購03,0,0,0,---,---,---, ---,,,2.57,300,2.67,10,
703734,合晶群益59購01,0,0,0,---,---,---, ---,,,0.00,0,0.00,0,
703735,亞電群益58購01,"1,000",1,"4,650",4.65,4.65,4.65,4.65,+,0.9,5.60,10,0.00,0,
703738,富強鑫群益58購02,0,0,0,---,---,---, ---,,,0.00,0,0.00,0,
703739,華容群益58購01,0,0,0,---,---,---, ---,,,0.00,0,0.00,0,
703740,精材群益5A購01,"2,000",2,"16,150",8.10,8.10,8.05,8.05,+,0.4,7.25,100,0.00,0,
703742,M31永豐58購01,0,0,0,---,---,---, ---,,,0.00,0,0.00,0,
703743,中探針永豐59購01,0,0,0,---,---,---, ---,,,0.00,0,0.00,0,
703744,世界永豐59購01,0,0,0,---,---,---, ---,,,2.73,3,5.70,3,
703745,加百裕永豐5A購01,"80,000",1,"23,200",0.29,0.29,0.29,0.29,-,0.03,0.29,10,0.30,10,
703746,台半永豐58購01,0,0,0,---,---,---, ---,,,0.00,0,0.00,0,
703747,弘塑永豐59購02,"4,000",1,"16,720",4.18,4.18,4.18,4.18,+,0.24,3.97,499,4.07,10,
703751,青雲永豐59購01,0,0,0,---,---,---, ---,,,21.30,499,0.00,0,
703754,原相永豐59購01,"250,000",3,"198,500",0.83,0.83,0.78,0.79,-,0.22,0.26,10,0.00,0,
703755,能率亞永豐59購01,0,0,0,---,---,---, ---,,,3.84,10,0.00,0,
703758,富強鑫永豐58購01,0,0,0,---,---,---, ---,,,0.03,10,0.12,10,
703759,崴寶永豐59購01,0,0,0,---,---,---, ---,,,0.80,10,0.90,10,
703762,精材永豐59購01,0,0,0,---,---,---, ---,,,9.45,10,11.80,1,
703763,精星永豐58購01,0,0,0,---,---,---, ---,,,0.17,10,0.27,10,
703765,點序永豐59購01,0,0,0,---,---,---, ---,,,0.01,10,0.10,2,
703767,譜瑞永豐59購01,"1,000",1,"1,090",1.09,1.09,1.09,1.09,-,0.74,1.07,10,0.00,0,
703771,系統電凱基5C購01,"13,000",1,"7,670",0.59,0.59,0.59,0.59,-,0.08,0.60,10,0.61,10,
703772,富強鑫凱基58購01,0,0,0,---,---,---, ---,,,0.01,10,0.11,10,
703773,新復興凱基5A購01,0,0,0,---,---,---, ---,,,0.07,10,0.08,10,
703776,精材凱基58購01,"12,000",2,"245,500",20.40,20.50,20.40,20.50,-,1.3,20.80,20,21.80,10,
703779,世界兆豐59購01,0,0,0,---,---,---, ---,,,3.84,10,3.85,10,
703780,精材兆豐59購01,"16,000",3,"124,950",8.20,8.20,7.65,7.65,+,0.25,7.65,90,0.00,0,
703781,弘塑國泰58購02,0,0,0,---,---,---, ---,,,8.65,499,0.00,0,
703782,譜瑞國泰58購01,0,0,0,---,---,---, ---,,,0.37,499,0.00,0,
703783,鑫科國泰58購01,0,0,0,---,---,---, ---,,,2.89,499,2.95,10,
703784,M31國票58購01,0,0,0,---,---,---, ---,,,0.03,25,0.12,10,
703785,世界國票61購01,"109,000",13,"486,820",4.44,4.72,4.38,4.38,-,0.07,4.38,25,4.48,10,
703786,宏觀國票58購01,"22,000",1,"5,500",0.25,0.25,0.25,0.25,-,0.1,0.28,25,0.30,10,
703788,捷創國票58購01,0,0,0,---,---,---, ---,,,0.01,25,0.02,10,
703789,鉅橡國票58購01,0,0,0,---,---,---, ---,,,0.32,25,0.33,10,
703790,精材國票58購01,0,0,0,---,---,---, ---,,,15.00,25,0.00,0,
703792,點序國票58購01,"257,000",8,"2,620",0.01,0.02,0.01,0.02,-,0.03,0.01,25,0.02,5,
703793,點序國票59購01,0,0,0,---,---,---, ---,,,0.02,25,0.04,10,
703794,穩懋國票58購01,0,0,0,---,---,---, ---,,,6.45,25,6.95,10,
703801,穩懋群益58購02,0,0,0,---,---,---, ---,,,0.00,0,6.80,10,
703802,穩懋群益59購01,0,0,0,---,---,---, ---,,,0.00,0,6.00,10,
703803,譜瑞群益58購02,0,0,0,---,---,---, ---,,,0.00,0,0.00,0,
703804,譜瑞群益59購01,"1,000",1,"1,280",1.28,1.28,1.28,1.28,+,0.04,0.03,333,1.28,1,
703813,聖暉*元大5A購04,0,0,0,---,---,---, ---,,,2.57,300,2.67,10,
703822,世禾永豐59購01,"6,000",2,"6,060",1.06,1.06,0.76,0.76,-,0.14,0.75,10,0.85,10,
703823,弘塑永豐5A購01,0,0,0,---,---,---, ---,,,2.05,4,0.00,0,
703824,富強鑫永豐59購01,0,0,0,---,---,---, ---,,,0.23,499,0.24,10,
703825,鉅橡永豐58購01,0,0,0,---,---,---, ---,,,1.06,499,1.15,10,
703826,鉅橡永豐59購01,0,0,0,---,---,---, ---,,,0.99,10,1.06,10,
703827,元太富邦59購02,0,0,0,---,---,---, ---,,,0.14,110,0.24,10,
703828,元太富邦59購03,0,0,0,---,---,---, ---,,,0.23,110,0.33,10,
703829,世界富邦5A購01,0,0,0,---,---,---, ---,,,2.04,110,2.14,10,
703831,弘塑富邦59購01,0,0,0,---,---,---, ---,,,4.17,10,4.27,10,
703832,湧德富邦59購01,0,0,0,---,---,---, ---,,,0.11,10,0.21,28,
703834,穩懋兆豐58購02,0,0,0,---,---,---, ---,,,0.00,0,0.00,0,
703835,穩懋兆豐59購01,0,0,0,---,---,---, ---,,,0.00,0,0.00,0,
703837,系統電元大5B購02,0,0,0,---,---,---, ---,,,0.18,499,0.19,10,
703838,順達元大5A購04,0,0,0,---,---,---, ---,,,2.97,3,0.00,0,
703839,聖暉*元大5B購01,"18,000",4,"105,200",5.65,6.00,5.65,6.00,+,0.4,5.75,150,6.00,10,
703842,世界凱基61購01,0,0,0,---,---,---, ---,,,7.70,50,8.20,10,
703851,穩懋凱基59購02,0,0,0,---,---,---, ---,,,6.05,50,6.55,10,
703853,均豪國泰58購01,0,0,0,---,---,---, ---,,,0.98,499,0.00,0,
703854,中光電富邦59購03,0,0,0,---,---,---, ---,,,0.19,10,0.29,10,
703855,宏捷科富邦59購01,0,0,0,---,---,---, ---,,,0.49,10,0.59,10,
703856,聖暉*富邦59購01,0,0,0,---,---,---, ---,,,2.28,130,2.38,10,
703858,廣運富邦59購01,0,0,0,---,---,---, ---,,,0.03,30,0.12,68,
703860,世界統一61購01,0,0,0,---,---,---, ---,,,1.53,10,1.80,10,
703861,世界統一71購01,"11,000",3,"11,560",1.01,1.10,1.01,1.10,+,0.06,1.05,5,1.12,10,
703862,巨漢統一61購01,0,0,0,---,---,---, ---,,,1.37,10,1.47,10,
703863,弘塑統一61購01,"2,000",1,"4,200",2.10,2.10,2.10,2.10,+,0.07,2.10,10,2.11,10,
703864,光頡統一61購01,0,0,0,---,---,---, ---,,,0.00,0,0.00,0,
703865,光頡統一71購01,"11,000",1,"15,950",1.45,1.45,1.45,1.45,-,0.17,1.41,10,1.51,10,
703866,均豪統一61購02,0,0,0,---,---,---, ---,,,0.57,10,0.62,10,
703867,金山電統一64購01,0,0,0,---,---,---, ---,,,2.66,10,0.00,0,
703868,捷創統一61購02,0,0,0,---,---,---, ---,,,0.11,10,0.12,10,
703869,捷創統一71購01,"60,000",1,"16,800",0.28,0.28,0.28,0.28,-,0.02,0.28,100,0.29,10,
703870,富強鑫統一61購01,0,0,0,---,---,---, ---,,,0.18,10,0.23,10,
703871,富強鑫統一71購01,0,0,0,---,---,---, ---,,,0.49,100,0.50,10,
703872,富強鑫統一71購02,0,0,0,---,---,---, ---,,,0.28,10,0.33,10,
703873,崴寶統一71購01,"30,000",2,"30,400",1.02,1.02,1.01,1.01,-,0.04,1.04,97,1.05,10,
703874,鉅橡統一61購01,"23,000",1,"14,490",0.63,0.63,0.63,0.63,-,0.03,0.61,10,0.62,10,
703875,鉅橡統一61購02,0,0,0,---,---,---, ---,,,0.58,10,0.59,10,
703876,鉅橡統一61購03,0,0,0,---,---,---, ---,,,0.56,10,0.58,10,
703877,鉅橡統一71購01,0,0,0,---,---,---, ---,,,0.58,10,0.59,10,
703878,精材統一71購01,"95,000",19,"212,520",2.32,2.35,2.10,2.16,-,0.12,2.17,10,2.18,10,
703879,臺慶科統一71購01,0,0,0,---,---,---, ---,,,1.18,85,1.19,10,
703880,穩懋統一61購02,"45,000",2,"87,000",2.04,2.04,1.92,1.92,-,0.24,1.93,10,2.03,10,
703881,穩懋統一61購03,0,0,0,---,---,---, ---,,,1.81,10,1.91,10,
703882,穩懋統一71購01,0,0,0,---,---,---, ---,,,1.56,5,1.63,10,
703883,富強鑫群益58購03,0,0,0,---,---,---, ---,,,0.00,0,0.00,0,
703884,聖暉*群益58購01,0,0,0,---,---,---, ---,,,7.60,50,8.10,10,
703886,精材群益5C購01,"48,000",1,"439,200",9.15,9.15,9.15,9.15,+,0.3,8.35,100,0.00,0,
703887,耀勝群益5A購01,0,0,0,---,---,---, ---,,,0.00,0,0.14,10,
703888,元太國票58購01,0,0,0,---,---,---, ---,,,0.53,25,0.00,0,
703889,台星科國票58購02,"10,000",1,"5,800",0.58,0.58,0.58,0.58,-,0.08,0.65,25,0.74,10,
703890,金山電國票58購01,"1,000",1,"11,800",11.80,11.80,11.80,11.80,-,2.1,11.20,25,12.20,10,
703891,長科*國票58購01,0,0,0,---,---,---, ---,,,3.63,25,0.00,0,
703892,佶優國票58購01,0,0,0,---,---,---, ---,,,0.10,25,0.00,0,
703893,晟德國票58購01,0,0,0,---,---,---, ---,,,0.01,25,0.02,10,
703894,萬泰科國票58購01,0,0,0,---,---,---, ---,,,3.57,25,3.67,10,
703895,穩懋國票5A購02,0,0,0,---,---,---, ---,,,5.40,25,5.85,10,
703902,中美晶永豐5A購01,"1,000",1,"11,800",11.80,11.80,11.80,11.80,+,0.9,10.10,10,0.00,0,
703904,松瑞藥永豐58購01,0,0,0,---,---,---, ---,,,0.33,10,0.35,10,
703905,湧德永豐59購01,0,0,0,---,---,---, ---,,,0.19,499,0.20,10,
703906,鉅橡永豐5A購01,0,0,0,---,---,---, ---,,,0.59,10,0.61,10,
703907,漢科永豐58購01,"8,000",2,"3,680",0.46,0.46,0.46,0.46,+,0.18,0.44,10,0.50,10,
703908,穩懋永豐58購01,"2,000",1,"7,080",3.54,3.54,3.54,3.54,-,0.63,2.44,4,0.00,0,
703912,合晶凱基59購01,0,0,0,---,---,---, ---,,,0.00,0,73.00,10,
703914,聖暉*凱基61購01,0,0,0,---,---,---, ---,,,5.65,100,6.15,10,
703917,耀勝凱基5A購01,0,0,0,---,---,---, ---,,,0.09,499,0.10,10,
703918,宇峻國票58購01,0,0,0,---,---,---, ---,,,0.03,25,0.04,10,
703920,系統電國票59購01,0,0,0,---,---,---, ---,,,0.10,25,0.11,10,
703921,神準國票59購01,"18,000",2,"3,090",0.17,0.20,0.17,0.20,-,0.03,0.17,83,0.20,9,
703923,創惟國票61購01,"92,000",6,"45,680",0.51,0.51,0.48,0.48,-,0.07,0.47,25,0.48,10,
703924,富強鑫國票58購02,0,0,0,---,---,---, ---,,,0.00,0,0.01,50,
703925,鉅橡國票58購02,0,0,0,---,---,---, ---,,,0.28,25,0.29,10,
703926,耀勝國票58購02,0,0,0,---,---,---, ---,,,0.01,25,0.02,10,
703927,東捷國泰58購02,0,0,0,---,---,---, ---,,,14.40,499,15.00,10,
703928,弘塑富邦59購02,0,0,0,---,---,---, ---,,,3.88,10,3.98,10,
703929,均華富邦58購01,0,0,0,---,---,---, ---,,,0.81,10,0.91,10,
703930,金山電富邦59購01,0,0,0,---,---,---, ---,,,3.99,10,4.09,10,
703939,湧德元大58購01,0,0,0,---,---,---, ---,,,0.00,0,0.10,10,
703942,聖暉*元大5B購02,"22,000",3,"112,600",4.96,5.25,4.96,5.25,+,1.21,5.05,150,0.00,0,
703950,雙鴻群益5A購03,0,0,0,---,---,---, ---,,,0.35,499,0.45,10,
703952,耀勝群益58購01,0,0,0,---,---,---, ---,,,0.00,0,0.00,0,
703953,中美晶永豐58購01,0,0,0,---,---,---, ---,,,11.00,10,0.00,0,
703954,世界永豐5A購01,"8,000",1,"35,760",4.47,4.47,4.47,4.47,+,0.19,2.03,4,6.50,10,
703955,台半永豐59購01,0,0,0,---,---,---, ---,,,5.35,110,6.85,3,
703956,均華永豐58購01,0,0,0,---,---,---, ---,,,2.76,499,2.86,10,
703957,宜特永豐59購01,"14,000",2,"28,980",2.07,2.07,2.07,2.07,-,0.01,2.10,10,2.13,10,
703959,精材永豐58購01,0,0,0,---,---,---, ---,,,11.10,10,0.00,0,
703960,雙鴻永豐5A購01,0,0,0,---,---,---, ---,,,0.00,0,0.00,0,
703961,久元統一61購01,0,0,0,---,---,---, ---,,,0.78,10,0.88,10,
703962,中美晶統一61購01,"33,000",9,"117,600",3.70,3.70,3.30,3.30,-,0.51,3.22,10,3.32,10,
703963,中探針統一71購01,0,0,0,---,---,---, ---,,,0.00,0,6.45,2,
703964,世禾統一65購01,"915,000",15,"472,080",0.54,0.54,0.47,0.47,-,0.05,0.46,10,0.47,10,
703965,世界統一5B購01,"24,000",4,"44,840",1.79,1.91,1.79,1.85,+,0.04,1.85,10,2.20,2,
703966,台半統一71購01,0,0,0,---,---,---, ---,,,1.52,10,1.53,10,
703967,台半統一71購02,"228,000",11,"264,070",1.18,1.18,1.11,1.11,-,0.1,1.10,12,1.12,10,
703968,台星科統一71購01,"323,000",32,"274,820",0.82,0.87,0.82,0.87,+,0.02,0.84,10,0.86,10,
703969,弘塑統一61購02,0,0,0,---,---,---, ---,,,2.37,10,2.43,10,
703970,弘塑統一61購03,0,0,0,---,---,---, ---,,,2.46,10,2.56,10,
703971,光頡統一61購02,0,0,0,---,---,---, ---,,,0.00,0,2.57,10,
703972,合晶統一5C購03,"1,000",1,"13,200",13.20,13.20,13.20,13.20,-,0.3,12.10,10,13.10,10,
703973,均華統一5C購03,"2,000",1,"2,680",1.34,1.34,1.34,1.34,+,0.44,1.13,10,1.23,10,
703974,長科*統一64購02,0,0,0,---,---,---, ---,,,1.20,10,1.30,10,
703975,佶優統一71購01,0,0,0,---,---,---, ---,,,0.51,10,0.52,10,
703976,信昌電統一61購01,0,0,0,---,---,---, ---,,,6.75,10,6.80,10,
703977,捷創統一71購02,0,0,0,---,---,---, ---,,,0.25,10,0.30,10,
703978,富強鑫統一61購02,0,0,0,---,---,---, ---,,,0.15,10,0.23,10,
703979,順達統一5C購05,0,0,0,---,---,---, ---,,,1.25,10,1.35,10,
703980,順達統一61購01,"31,000",4,"32,130",0.73,1.06,0.73,1.04,-,0.09,1.00,1,1.17,10,
703981,萬潤統一61購01,"3,000",2,"15,020",5.20,5.20,4.91,4.91,-,0.44,5.15,10,0.00,0,
703982,鉅橡統一64購01,"21,000",1,"14,910",0.71,0.71,0.71,0.71,-,0.02,0.68,100,0.69,10,
703983,精材統一61購01,"25,000",6,"95,420",3.95,3.95,3.67,3.67,-,0.21,3.66,10,3.67,9,
703984,廣明統一61購01,"10,000",1,800,0.08,0.08,0.08,0.08,-,0.0,0.08,20,0.10,30,
703985,穩懋統一63購01,0,0,0,---,---,---, ---,,,1.80,10,1.90,10,
703989,穩懋元富5A購01,0,0,0,---,---,---, ---,,,3.08,25,3.18,10,
703991,元債20凱基71購01,0,0,0,---,---,---, ---,,,1.06,100,1.07,50,
703992,台星科凱基58購01,"21,000",2,"29,040",1.38,1.44,1.38,1.44,+,0.11,1.30,10,1.38,10,
703998,信驊凱基5A購01,"1,000",1,"9,300",9.30,9.30,9.30,9.30,-,0.2,9.45,100,9.95,10,
704000,穩懋凱基59購03,0,0,0,---,---,---, ---,,,5.45,100,5.95,10,
704001,宇峻國泰58購01,0,0,0,---,---,---, ---,,,0.29,499,0.00,0,
704002,創惟國泰58購01,0,0,0,---,---,---, ---,,,0.16,499,0.22,10,
704003,精材國泰58購02,0,0,0,---,---,---, ---,,,18.40,20,19.00,10,
704004,擎亞國泰58購01,0,0,0,---,---,---, ---,,,15.40,10,16.00,10,
704005,穩懋國泰58購03,0,0,0,---,---,---, ---,,,5.60,499,5.90,10,
704009,中探針統一61購01,0,0,0,---,---,---, ---,,,9.35,10,9.40,10,
704010,中探針統一61購02,0,0,0,---,---,---, ---,,,0.00,0,0.00,0,
704011,元太統一61購01,"10,000",2,"4,000",0.40,0.40,0.40,0.40,-,0.09,0.40,92,0.00,0,
704012,世禾統一71購01,"266,000",11,"152,150",0.57,0.58,0.56,0.57,+,0.04,0.52,10,0.53,10,
704013,台半統一61購01,0,0,0,---,---,---, ---,,,1.29,1,1.38,10,
704014,台星科統一61購01,"8,000",4,"4,650",0.55,0.60,0.55,0.59,+,0.02,0.58,10,0.60,10,
704015,台燿統一71購01,"402,000",9,"991,420",2.47,2.47,2.46,2.46,-,0.33,2.41,8,2.47,10,
704016,巨漢統一61購02,"1,000",1,"1,200",1.20,1.20,1.20,1.20,-,0.02,1.14,10,1.19,10,
704017,巨漢統一71購01,"37,000",3,"47,020",1.28,1.28,1.27,1.27,-,0.08,1.27,10,1.29,10,
704018,光頡統一61購03,"50,000",1,"85,500",1.71,1.71,1.71,1.71,-,0.21,1.71,10,1.72,10,
704019,均華統一61購01,0,0,0,---,---,---, ---,,,0.85,10,0.91,10,
704020,宏捷科統一61購02,0,0,0,---,---,---, ---,,,0.50,10,0.60,10,
704021,矽科統一61購01,"389,000",8,"218,870",0.55,0.58,0.55,0.57,+,0.05,0.53,10,0.55,10,
704022,金山電統一61購01,0,0,0,---,---,---, ---,,,0.00,0,5.05,1,
704023,金益鼎統一61購01,0,0,0,---,---,---, ---,,,0.39,10,0.40,10,
704024,佶優統一61購01,"1,000",1,570,0.57,0.57,0.57,0.57,-,0.02,0.55,10,0.64,10,
704025,創惟統一61購01,"4,000",1,"1,360",0.34,0.34,0.34,0.34,-,0.05,0.33,10,0.34,10,
704026,精材統一61購02,"102,000",7,"302,670",3.10,3.10,2.80,2.80,-,0.16,2.82,10,2.92,10,
704027,穩懋統一61購04,0,0,0,---,---,---, ---,,,0.00,0,0.00,0,
704028,穩懋統一65購01,0,0,0,---,---,---, ---,,,1.55,10,1.56,10,
704029,穩懋統一71購02,0,0,0,---,---,---, ---,,,1.63,10,1.64,10,
704030,耀勝統一71購01,0,0,0,---,---,---, ---,,,0.27,10,0.28,10,
704038,湧德元大5A購01,0,0,0,---,---,---, ---,,,0.20,499,0.30,10,
704041,聖暉*元大5C購03,0,0,0,---,---,---, ---,,,2.24,350,2.34,10,
704046,台星科群益5A購01,"205,000",3,"321,320",1.36,1.60,1.36,1.60,-,0.07,1.59,25,1.67,10,
704048,金益鼎群益59購01,0,0,0,---,---,---, ---,,,0.16,499,0.26,10,
704051,信驊群益61購01,"10,000",3,"49,500",4.79,4.97,4.79,4.95,-,0.1,4.94,10,5.20,10,
704053,聖暉*群益5A購01,0,0,0,---,---,---, ---,,,1.18,3,3.30,10,
704054,璟德群益58購01,0,0,0,---,---,---, ---,,,0.00,0,0.00,0,
704058,信驊元富5A購03,0,0,0,---,---,---, ---,,,5.15,25,5.65,10,
704060,世界永豐59購02,"212,000",26,"681,290",3.20,3.34,3.06,3.10,-,0.08,3.06,10,3.10,10,
704061,台半永豐58購02,0,0,0,---,---,---, ---,,,2.05,10,2.11,10,
704062,巨漢永豐59購01,"98,000",9,"209,830",2.21,2.31,2.03,2.31,-,0.23,2.19,10,2.26,10,
704063,金益鼎永豐59購01,"10,000",1,"2,400",0.24,0.24,0.24,0.24,-,0.01,0.18,10,0.25,15,
704066,家登台新57購01,"12,000",1,"7,320",0.61,0.61,0.61,0.61,-,0.12,0.35,25,0.45,10,
704067,世界凱基59購01,"69,000",12,"301,080",4.53,4.71,4.15,4.29,-,0.06,4.29,24,4.39,10,
704068,台半凱基59購01,0,0,0,---,---,---, ---,,,0.00,0,0.00,0,
704069,巨漢凱基58購01,"313,000",8,"452,130",1.50,1.64,1.37,1.64,-,0.08,1.46,10,1.49,10,
704070,均豪凱基57購02,0,0,0,---,---,---, ---,,,0.05,100,0.07,10,
704071,家登凱基57購02,"5,000",1,"2,900",0.58,0.58,0.58,0.58,+,0.11,0.31,100,0.41,10,
704072,璟德凱基57購01,0,0,0,---,---,---, ---,,,0.00,0,0.10,10,
704073,耀勝凱基57購01,0,0,0,---,---,---, ---,,,0.00,0,0.02,10,
704074,世紀*兆豐59購01,0,0,0,---,---,---, ---,,,0.01,10,0.02,10,
704075,台星科兆豐59購02,0,0,0,---,---,---, ---,,,1.11,10,1.12,10,
704076,台半國泰58購01,0,0,0,---,---,---, ---,,,4.58,499,4.64,10,
704077,均華國泰58購02,0,0,0,---,---,---, ---,,,0.00,0,0.00,0,
704078,家登國泰58購01,0,0,0,---,---,---, ---,,,1.74,100,0.00,0,
704079,博智國泰58購01,0,0,0,---,---,---, ---,,,7.20,499,7.50,10,
704080,世禾富邦5C購01,"1,331,000",24,"564,720",0.43,0.46,0.36,0.36,-,0.03,0.35,10,0.36,28,
704081,家登富邦59購02,"1,526,000",54,"2,110,530",1.49,1.63,1.24,1.51,-,0.2,1.46,10,1.48,28,
704082,群翊富邦5A購01,0,0,0,---,---,---, ---,,,0.83,10,0.85,10,
704083,璟德富邦59購01,0,0,0,---,---,---, ---,,,0.09,10,0.19,10,
704084,中探針統一67購01,0,0,0,---,---,---, ---,,,0.00,0,7.70,5,
704085,世界統一61購02,"20,000",1,"23,800",1.19,1.19,1.19,1.19,+,0.05,1.15,10,1.16,10,
704086,世界統一64購01,"1,000",1,"1,140",1.14,1.14,1.14,1.14,+,0.05,1.10,10,1.20,11,
704087,世紀*統一71購01,"1,000",1,300,0.30,0.30,0.30,0.30,-,0.0,0.26,6,0.30,10,
704088,世紀*統一71購02,0,0,0,---,---,---, ---,,,0.24,10,0.33,10,
704089,台半統一61購02,"6,000",1,"8,460",1.41,1.41,1.41,1.41,-,0.14,1.37,10,1.47,10,
704090,台半統一71購03,"168,000",6,"232,780",1.40,1.40,1.34,1.38,-,0.06,1.31,10,1.32,10,
704091,巨漢統一71購02,"789,000",13,"874,460",1.10,1.12,1.08,1.11,-,0.05,1.11,91,1.12,10,
704092,光頡統一64購01,0,0,0,---,---,---, ---,,,0.00,0,2.00,20,
704093,系統電統一71購01,0,0,0,---,---,---, ---,,,0.37,10,0.38,10,
704094,佳邦統一71購01,"202,000",5,"82,310",0.41,0.41,0.39,0.40,-,0.03,0.39,10,0.40,6,
704095,矽科統一71購01,0,0,0,---,---,---, ---,,,0.80,100,0.81,10,
704096,金山電統一71購01,"6,000",1,"10,020",1.67,1.67,1.67,1.67,-,0.21,1.66,10,1.67,4,
704097,金益鼎統一71購01,0,0,0,---,---,---, ---,,,0.46,10,0.47,10,
704099,信昌電統一64購01,0,0,0,---,---,---, ---,,,7.45,1,0.00,0,
704100,信昌電統一71購01,"21,000",6,"47,880",2.30,2.30,2.06,2.30,-,0.02,2.25,5,0.00,0,
704101,家登統一61購02,"3,000",3,"1,890",0.62,0.66,0.61,0.61,-,0.09,0.51,10,0.61,9,
704102,能率亞統一61購01,"7,000",7,"9,510",1.24,1.46,1.24,1.44,+,0.27,1.41,10,1.46,10,
704103,博智統一61購01,0,0,0,---,---,---, ---,,,1.89,10,1.99,10,
704104,湧德統一61購01,0,0,0,---,---,---, ---,,,0.27,10,0.37,10,
704105,精材統一5B購01,"7,000",1,"30,100",4.30,4.30,4.30,4.30,+,0.37,4.06,10,4.16,10,
704106,精材統一64購01,"3,000",3,"9,340",3.12,3.23,2.99,2.99,-,0.07,3.01,10,3.02,10,
704107,璟德統一65購01,0,0,0,---,---,---, ---,,,0.29,10,0.30,10,
704108,璟德統一71購01,0,0,0,---,---,---, ---,,,0.41,100,0.42,10,
704109,穩懋統一61購05,"5,000",2,"7,150",1.45,1.45,1.40,1.40,-,0.17,1.39,10,1.40,8,
704110,鑫科統一71購01,"15,000",1,"15,000",1.00,1.00,1.00,1.00,-,0.02,0.99,10,1.00,10,
704111,家登永豐59購01,"93,000",5,"124,020",1.32,1.36,1.06,1.36,-,0.1,1.31,10,1.32,10,
704112,世界國票58購01,0,0,0,---,---,---, ---,,,1.98,25,0.00,0,
704113,台半國票58購01,0,0,0,---,---,---, ---,,,0.00,0,0.00,0,
704114,佳邦國票58購01,"100,000",1,"8,000",0.08,0.08,0.08,0.08,-,0.02,0.06,25,0.07,10,
704115,金益鼎國票61購01,"300,000",6,"183,000",0.62,0.62,0.60,0.60,+,0.01,0.59,25,0.60,10,
704116,茂迪國票58購01,0,0,0,---,---,---, ---,,,0.21,25,0.00,0,
704117,高鋒國票58購01,0,0,0,---,---,---, ---,,,0.03,25,0.04,10,
704118,廣閎科國票58購01,0,0,0,---,---,---, ---,,,5.60,25,0.00,0,
704119,廣運國票58購01,0,0,0,---,---,---, ---,,,0.01,25,0.02,10,
704120,璟德國票58購02,"65,000",65,"1,010",0.01,0.03,0.01,0.02,-,0.01,0.01,25,0.02,14,
704121,擎邦國票58購01,"30,000",1,900,0.03,0.03,0.03,0.03,-,0.01,0.02,26,0.03,10,
704122,中美晶群益57購03,0,0,0,---,---,---, ---,,,9.50,50,0.00,0,
704123,世界群益57購01,"52,000",2,"118,740",2.62,2.62,2.27,2.27,+,0.72,2.35,499,0.00,0,
704124,台星科群益57購01,"79,000",1,"36,340",0.46,0.46,0.46,0.46,-,0.7,0.01,100,0.00,0,
704125,合晶群益59購02,0,0,0,---,---,---, ---,,,0.00,0,44.30,10,
704126,佳邦群益59購01,0,0,0,---,---,---, ---,,,0.01,499,0.00,0,
704127,佳邦群益5A購01,0,0,0,---,---,---, ---,,,0.22,20,0.24,10,
704128,朋程群益57購01,0,0,0,---,---,---, ---,,,0.94,499,0.00,0,
704129,家登群益57購04,0,0,0,---,---,---, ---,,,0.00,0,0.00,0,
704130,華容群益58購02,"1,000",1,"16,500",16.50,16.50,16.50,16.50,+,1.3,11.90,1,18.50,1,
704131,漢科群益57購01,0,0,0,---,---,---, ---,,,0.00,0,0.00,0,
704132,璟德群益58購02,0,0,0,---,---,---, ---,,,0.02,499,0.12,10,
704133,優群群益57購03,0,0,0,---,---,---, ---,,,0.00,0,0.01,26,
704134,鑫科群益5A購01,"130,000",4,"136,150",1.03,1.07,1.03,1.07,-,0.02,1.04,10,1.14,10,
704135,世禾元大5A購01,"198,000",8,"117,310",0.65,0.65,0.51,0.51,-,0.08,0.46,499,0.56,10,
704136,台半元大57購02,0,0,0,---,---,---, ---,,,0.00,0,0.00,0,
704137,巨漢元大57購01,0,0,0,---,---,---, ---,,,0.64,499,0.00,0,
704138,佳邦元大57購01,0,0,0,---,---,---, ---,,,0.00,0,0.00,0,
704139,茂迪元大57購03,0,0,0,---,---,---, ---,,,0.00,0,0.05,39,
704140,茂迪元大57購04,"330,000",3,"9,600",0.03,0.03,0.02,0.02,-,0.14,0.03,499,0.13,10,
704141,訊聯元大61購01,0,0,0,---,---,---, ---,,,0.03,499,0.13,10,
704142,湧德元大58購02,0,0,0,---,---,---, ---,,,0.07,499,0.17,10,
704143,璟德元大57購01,0,0,0,---,---,---, ---,,,0.00,0,0.00,0,
704144,穩懋元大57購10,0,0,0,---,---,---, ---,,,0.00,0,0.00,0,
704146,穩懋元大5B購03,"13,000",2,"21,240",1.68,1.68,1.62,1.62,-,0.13,1.53,25,1.63,10,
704148,中美晶凱基57購02,0,0,0,---,---,---, ---,,,11.40,50,12.40,10,
704149,世禾凱基57購04,0,0,0,---,---,---, ---,,,0.00,0,0.10,10,
704151,系統電凱基5A購01,0,0,0,---,---,---, ---,,,0.14,100,0.15,50,
704152,佳邦凱基58購01,0,0,0,---,---,---, ---,,,0.05,10,0.15,10,
704153,佶優凱基58購01,"30,000",3,"3,700",0.12,0.13,0.12,0.13,-,0.02,0.10,499,0.11,10,
704154,高鋒凱基58購01,0,0,0,---,---,---, ---,,,0.04,10,0.14,10,
704155,智通*凱基57購01,"1,000",1,130,0.13,0.13,0.13,0.13,-,0.01,0.13,29,0.22,10,
704156,萬泰科凱基57購01,0,0,0,---,---,---, ---,,,2.73,10,2.83,10,
704157,聖暉*凱基57購03,0,0,0,---,---,---, ---,,,1.74,100,1.84,10,
704159,漢科凱基57購01,0,0,0,---,---,---, ---,,,0.00,0,0.02,10,
704160,優群凱基57購01,0,0,0,---,---,---, ---,,,0.00,0,0.10,10,
704161,合晶兆豐59購01,0,0,0,---,---,---, ---,,,18.40,10,18.50,10,
704162,旺矽兆豐58購01,0,0,0,---,---,---, ---,,,7.65,10,7.70,10,
704163,旺矽兆豐59購01,0,0,0,---,---,---, ---,,,7.05,10,7.10,10,
704164,華容國票58購02,0,0,0,---,---,---, ---,,,9.20,25,9.70,10,
704165,鑫科國票57購01,0,0,0,---,---,---, ---,,,0.01,25,0.02,10,
704166,鑫科國票58購02,"16,000",2,"6,700",0.40,0.45,0.40,0.45,-,0.01,0.39,25,0.40,10,
704167,佳邦國泰58購01,0,0,0,---,---,---, ---,,,0.36,10,0.37,10,
704168,璟德國泰58購01,0,0,0,---,---,---, ---,,,0.07,499,0.13,10,
704169,世界元大57購05,0,0,0,---,---,---, ---,,,1.97,25,0.00,0,
704170,世界元大5A購01,"20,000",2,"54,200",2.76,2.76,2.66,2.66,+,0.14,2.50,25,2.60,10,
704171,系微元大57購04,0,0,0,---,---,---, ---,,,0.11,499,0.00,0,
704172,佳邦元大57購02,0,0,0,---,---,---, ---,,,0.00,0,0.01,300,
704173,宜鼎元大57購05,0,0,0,---,---,---, ---,,,0.00,0,6.20,20,
704176,勤凱元大5A購01,0,0,0,---,---,---, ---,,,0.00,0,0.00,0,
704177,聖暉*元大57購05,"3,000",2,"18,350",6.05,6.15,6.05,6.15,-,1.55,6.05,150,0.00,0,
704178,璟德元大57購02,0,0,0,---,---,---, ---,,,0.00,0,0.30,12,
704179,譜瑞元大57購05,0,0,0,---,---,---, ---,,,0.00,0,0.00,0,
704180,鑫科元大5B購01,0,0,0,---,---,---, ---,,,0.00,0,1.02,1,
704181,亞電群益58購02,"111,000",17,"237,510",1.92,2.39,1.92,2.32,+,0.71,2.56,10,0.00,0,
704182,金山電群益57購01,0,0,0,---,---,---, ---,,,0.00,0,0.00,0,
704183,家登群益57購05,"360,000",2,"4,100",0.02,0.02,0.01,0.01,-,1.36,0.00,0,0.00,0,
704184,智通*群益58購01,0,0,0,---,---,---, ---,,,1.34,499,1.44,10,
704185,華宏群益57購02,0,0,0,---,---,---, ---,,,0.00,0,0.01,17,
704186,華容群益57購02,0,0,0,---,---,---, ---,,,14.00,50,16.90,1,
704187,台星科元富57購03,0,0,0,---,---,---, ---,,,0.22,25,0.32,10,
704188,旺矽元富5A購01,0,0,0,---,---,---, ---,,,11.10,25,12.10,10,
704189,旺矽元富5A購02,0,0,0,---,---,---, ---,,,27.70,25,28.70,10,
704190,家登元富58購01,0,0,0,---,---,---, ---,,,1.77,25,1.87,10,
704191,家登元富5C購01,0,0,0,---,---,---, ---,,,1.91,25,2.01,10,
704192,華容元富57購01,0,0,0,---,---,---, ---,,,15.80,25,16.80,10,
704193,鑫科元富57購02,0,0,0,---,---,---, ---,,,0.00,0,0.01,10,
704194,佳邦永豐58購01,"20,000",2,"2,800",0.14,0.14,0.14,0.14,-,0.01,0.04,20,0.13,10,
704196,泓格永豐59購01,"1,000",1,"8,950",8.95,8.95,8.95,8.95,+,2.2,8.95,10,0.00,0,
704197,家登永豐57購03,0,0,0,---,---,---, ---,,,0.00,0,0.00,0,
704198,華容永豐58購01,0,0,0,---,---,---, ---,,,0.00,0,0.00,0,
704199,璟德永豐57購01,0,0,0,---,---,---, ---,,,0.00,0,0.00,0,
704201,耀勝永豐57購01,0,0,0,---,---,---, ---,,,0.00,0,0.00,0,
704202,鑫科永豐61購01,0,0,0,---,---,---, ---,,,0.94,10,0.98,10,
704203,中美晶統一71購01,"105,000",17,"225,700",2.24,2.25,2.10,2.10,-,0.16,2.02,11,2.03,10,
704204,元太統一61購02,"125,000",1,"90,000",0.72,0.72,0.72,0.72,-,0.03,0.68,13,0.69,10,
704205,世紀*統一61購01,"230,000",21,"26,600",0.12,0.12,0.11,0.12,-,0.04,0.11,60,0.12,10,
704206,世紀*統一71購03,"25,000",1,"5,750",0.23,0.23,0.23,0.23,-,0.03,0.23,100,0.24,10,
704207,合晶統一71購01,"225,000",94,"1,290,650",5.50,6.05,5.20,5.90,+,0.1,5.30,2,5.90,4,
704208,沛亨統一61購01,0,0,0,---,---,---, ---,,,2.16,10,2.26,10,
704209,沛亨統一61購02,0,0,0,---,---,---, ---,,,1.91,10,2.01,10,
704210,宜鼎統一61購02,"10,000",1,"21,600",2.16,2.16,2.16,2.16,-,0.32,2.16,10,2.25,10,
704211,宜鼎統一63購01,"8,000",1,"18,720",2.34,2.34,2.34,2.34,-,0.25,2.26,6,2.35,10,
704212,旺矽統一61購02,0,0,0,---,---,---, ---,,,3.32,10,3.42,10,
704213,旺矽統一63購02,0,0,0,---,---,---, ---,,,0.00,0,4.80,5,
704214,旺矽統一71購01,0,0,0,---,---,---, ---,,,3.86,10,3.96,10,
704215,松瑞藥統一61購01,"204,000",5,"95,860",0.47,0.48,0.45,0.47,+,0.01,0.46,10,0.47,10,
704216,松瑞藥統一71購01,0,0,0,---,---,---, ---,,,0.60,10,0.61,10,
704217,信昌電統一61購03,0,0,0,---,---,---, ---,,,0.00,0,8.40,3,
704218,信昌電統一71購02,"73,000",17,"175,160",2.46,2.50,2.33,2.34,-,0.15,2.26,1,2.36,3,
704219,家登統一61購03,0,0,0,---,---,---, ---,,,0.70,10,0.80,10,
704220,家登統一71購01,"1,063,000",18,"860,630",0.80,0.83,0.74,0.81,-,0.07,0.80,10,0.81,10,
704221,高鋒統一61購01,"29,000",2,"8,270",0.28,0.29,0.28,0.29,-,0.01,0.28,10,0.29,10,
704222,高鋒統一71購01,0,0,0,---,---,---, ---,,,0.44,10,0.45,10,
704223,湧德統一61購02,0,0,0,---,---,---, ---,,,0.26,10,0.28,10,
704224,新復興統一71購01,0,0,0,---,---,---, ---,,,0.25,10,0.26,10,
704225,廣運統一71購01,0,0,0,---,---,---, ---,,,0.41,10,0.42,10,
704227,世界凱基57購04,"10,000",1,"1,500",0.15,0.15,0.15,0.15,+,0.06,0.06,30,0.00,0,
704228,富喬凱基57購04,0,0,0,---,---,---, ---,,,0.00,0,0.00,0,
704229,翔名凱基57購01,0,0,0,---,---,---, ---,,,8.40,10,8.90,10,
704231,精材凱基57購02,0,0,0,---,---,---, ---,,,18.90,20,0.00,0,
704233,譜瑞凱基57購05,0,0,0,---,---,---, ---,,,0.42,10,0.43,10,
704234,中美晶元大57購03,0,0,0,---,---,---, ---,,,7.00,100,0.00,0,
704235,世界元大57購06,0,0,0,---,---,---, ---,,,1.92,25,0.00,0,
704236,世界元大59購01,0,0,0,---,---,---, ---,,,1.69,25,1.79,10,
704237,世界元大5A購02,"217,000",19,"576,550",2.68,2.75,2.53,2.57,-,0.11,2.59,25,2.64,10,
704238,台星科元大57購07,0,0,0,---,---,---, ---,,,0.00,0,0.00,0,
704239,均豪元大57購05,0,0,0,---,---,---, ---,,,0.44,499,0.00,0,
704240,宜鼎元大57購06,0,0,0,---,---,---, ---,,,4.95,150,0.00,0,
704241,富喬元大57購05,0,0,0,---,---,---, ---,,,0.00,0,0.00,0,
704242,富喬元大57購06,0,0,0,---,---,---, ---,,,0.00,0,0.12,80,
704243,富喬元大57購07,0,0,0,---,---,---, ---,,,0.00,0,0.00,0,
704244,富喬元大5A購01,"118,000",5,"64,580",0.55,0.55,0.53,0.54,-,0.16,0.53,499,0.54,8,
704245,聖暉*元大57購06,0,0,0,---,---,---, ---,,,3.38,250,0.00,0,
704246,精材元大57購04,"120,000",9,"1,406,200",12.40,12.40,11.60,11.60,+,0.6,11.30,50,0.00,0,
704247,精材元大58購01,0,0,0,---,---,---, ---,,,7.95,100,0.00,0,
704248,廣明元大57購03,0,0,0,---,---,---, ---,,,0.00,0,0.10,10,
704249,穩懋元大57購12,0,0,0,---,---,---, ---,,,0.00,0,0.00,0,
704250,世界永豐57購01,0,0,0,---,---,---, ---,,,0.16,10,0.00,0,
704251,世界永豐58購01,"2,000",1,"3,280",1.64,1.64,1.64,1.64,+,0.09,1.56,10,1.66,10,
704253,佶優永豐58購01,0,0,0,---,---,---, ---,,,0.02,10,0.10,1,
704254,富喬永豐57購03,0,0,0,---,---,---, ---,,,0.00,0,0.01,518,
704255,富喬永豐58購02,"101,000",2,"3,730",0.10,0.10,0.03,0.03,-,0.03,0.03,10,0.10,90,
704256,富喬永豐5B購01,0,0,0,---,---,---, ---,,,0.40,10,0.50,10,
704257,富喬永豐5C購01,"40,000",3,"22,550",0.58,0.58,0.56,0.56,-,0.05,0.56,10,0.57,10,
704258,富喬永豐64購01,"72,000",2,"64,230",0.89,0.90,0.89,0.90,-,0.05,0.88,10,0.89,10,
704259,華容永豐5A購01,0,0,0,---,---,---, ---,,,8.70,10,10.80,1,
704260,聖暉*永豐61購01,0,0,0,---,---,---, ---,,,4.02,499,4.12,10,
704261,世界兆豐59購02,0,0,0,---,---,---, ---,,,0.88,11,0.00,0,
704262,宜鼎兆豐61購01,"10,000",2,"85,000",8.50,8.50,8.50,8.50,-,0.95,8.50,1,0.00,0,
704263,世界群益57購02,"260,000",10,"131,800",0.45,0.52,0.45,0.52,-,0.21,0.29,499,0.00,0,
704266,佶優群益57購02,0,0,0,---,---,---, ---,,,0.00,0,0.00,0,
704267,訊聯群益57購04,0,0,0,---,---,---, ---,,,0.00,0,0.00,0,
704268,點序群益59購01,"343,000",3,"3,430",0.01,0.01,0.01,0.01,-,0.12,0.01,998,0.11,10,
704269,世界國泰58購01,0,0,0,---,---,---, ---,,,2.96,480,0.00,0,
704270,茂迪國泰58購01,0,0,0,---,---,---, ---,,,0.00,0,0.00,0,
704271,富喬國泰58購03,0,0,0,---,---,---, ---,,,0.39,499,0.42,15,
704272,富喬國泰58購04,0,0,0,---,---,---, ---,,,0.21,499,0.25,15,
704273,台星科富邦59購01,0,0,0,---,---,---, ---,,,0.67,10,0.77,10,
704274,合晶富邦59購01,0,0,0,---,---,---, ---,,,0.00,0,14.00,10,
704275,宜鼎富邦5C購01,0,0,0,---,---,---, ---,,,4.12,10,4.22,10,
704276,鈊象富邦59購01,"40,000",1,"14,800",0.37,0.37,0.37,0.37,-,0.08,0.35,10,0.45,28,
704277,鈊象富邦5A購01,"400,000",2,"134,000",0.33,0.34,0.33,0.34,-,0.02,0.34,10,0.35,60,
704278,萬潤富邦59購02,0,0,0,---,---,---, ---,,,10.20,10,11.20,10,
704279,廣明富邦59購01,0,0,0,---,---,---, ---,,,0.03,10,0.10,28,
704280,世界統一71購02,"1,773,000",34,"1,541,680",0.87,0.90,0.84,0.86,-,0.0,0.86,2,0.90,10,
704281,台星科統一61購02,0,0,0,---,---,---, ---,,,0.52,10,0.62,11,
704282,宜鼎統一71購01,"10,000",2,"24,200",2.42,2.42,2.42,2.42,-,0.21,2.41,10,0.00,0,
704283,東捷統一71購01,0,0,0,---,---,---, ---,,,2.24,10,2.34,10,
704284,佶優統一71購02,0,0,0,---,---,---, ---,,,0.35,10,0.36,10,
704285,高鋒統一64購01,0,0,0,---,---,---, ---,,,0.27,10,0.28,10,
704286,高鋒統一67購01,0,0,0,---,---,---, ---,,,0.31,10,0.32,10,
704287,富喬統一61購01,"4,000",2,840,0.21,0.21,0.21,0.21,+,0.01,0.17,18,0.18,10,
704288,富喬統一61購02,"145,000",4,"41,250",0.29,0.29,0.28,0.29,-,0.01,0.27,110,0.28,10,
704289,富喬統一61購03,0,0,0,---,---,---, ---,,,0.35,10,0.45,10,
704290,富喬統一61購04,"127,000",10,"35,160",0.20,0.29,0.20,0.28,-,0.12,0.22,50,0.28,43,
704291,富喬統一64購01,0,0,0,---,---,---, ---,,,0.27,110,0.28,10,
704292,富喬統一65購02,"3,000",1,"1,590",0.53,0.53,0.53,0.53,+,0.02,0.26,110,0.27,10,
704293,富喬統一6C購01,"55,000",2,"19,350",0.35,0.36,0.35,0.36,-,0.02,0.35,10,0.36,10,
704294,富喬統一71購01,"65,000",3,"26,000",0.40,0.40,0.40,0.40,-,0.02,0.39,20,0.40,10,
704295,富喬統一71購02,"85,000",2,"29,750",0.35,0.35,0.35,0.35,-,0.01,0.34,15,0.35,10,
704296,湧德統一71購01,0,0,0,---,---,---, ---,,,0.45,10,0.46,10,
704297,新復興統一71購02,0,0,0,---,---,---, ---,,,0.32,10,0.33,10,
704298,聖暉*統一67購01,"40,000",3,"56,510",1.40,1.42,1.40,1.42,+,0.05,1.42,10,1.43,10,
704299,力旺凱基57購03,0,0,0,---,---,---, ---,,,0.00,0,8.60,29,
704300,力旺凱基57購04,0,0,0,---,---,---, ---,,,0.00,0,0.00,0,
704301,元山凱基57購02,0,0,0,---,---,---, ---,,,0.00,0,0.10,10,
704304,宜鼎凱基57購05,0,0,0,---,---,---, ---,,,5.40,50,5.65,10,
704305,佶優凱基57購02,0,0,0,---,---,---, ---,,,0.00,0,0.02,1,
704306,華義凱基57購01,0,0,0,---,---,---, ---,,,0.48,10,0.54,10,
704307,穩懋凱基58購03,0,0,0,---,---,---, ---,,,0.00,0,0.00,0,
704308,鈊象兆豐59購01,"10,000",1,"3,200",0.32,0.32,0.32,0.32,-,0.01,0.31,20,0.40,10,
704309,中探針元大57購02,0,0,0,---,---,---, ---,,,0.00,0,0.00,0,
704310,中探針元大57購03,0,0,0,---,---,---, ---,,,0.00,0,0.00,0,
704311,世界元大57購07,0,0,0,---,---,---, ---,,,1.77,25,2.00,50,
704312,世界元大58購01,"2,000",2,"2,560",1.27,1.29,1.27,1.29,+,0.09,1.22,30,1.35,1,
704313,世界元大59購02,0,0,0,---,---,---, ---,,,1.18,25,0.00,0,
704315,系統電元大5B購03,0,0,0,---,---,---, ---,,,0.19,499,0.29,10,
704316,宜鼎元大57購07,0,0,0,---,---,---, ---,,,0.00,0,5.35,1,
704317,佶優元大57購01,0,0,0,---,---,---, ---,,,0.00,0,0.10,10,
704318,華容元大57購02,0,0,0,---,---,---, ---,,,6.45,100,8.00,20,
704319,華容元大57購03,"7,000",1,"61,250",8.75,8.75,8.75,8.75,+,1.8,8.15,100,0.00,0,
704320,鈊象元大5A購01,0,0,0,---,---,---, ---,,,0.67,25,0.68,10,
704321,勤凱元大61購02,"20,000",2,"30,800",1.56,1.56,1.52,1.52,-,0.08,1.40,25,1.50,10,
704322,聖暉*元大61購01,"30,000",3,"173,100",6.00,6.00,5.65,5.70,-,0.35,5.80,150,6.30,10,
704323,頎邦元大57購01,0,0,0,---,---,---, ---,,,31.10,10,0.00,0,
704324,精測元大57購01,0,0,0,---,---,---, ---,,,0.02,499,1.00,160,
704325,精測元大5B購01,"54,000",4,"33,260",0.59,0.65,0.59,0.63,-,0.05,0.61,8,0.00,0,
704327,元山國泰58購01,"3,000",1,60,0.02,0.02,0.02,0.02,-,0.0,0.02,596,0.07,34,
704328,高鋒國泰58購01,0,0,0,---,---,---, ---,,,0.05,499,0.11,10,
704329,德微國泰58購01,0,0,0,---,---,---, ---,,,10.90,499,11.50,10,
704332,巨有群益57購01,0,0,0,---,---,---, ---,,,0.00,0,0.10,10,
704334,協易機群益57購01,0,0,0,---,---,---, ---,,,0.00,0,0.15,2,
704335,協易機群益57購02,0,0,0,---,---,---, ---,,,0.00,0,0.02,50,
704336,茂迪群益57購01,0,0,0,---,---,---, ---,,,0.10,499,0.00,0,
704337,高鋒群益57購03,0,0,0,---,---,---, ---,,,0.00,0,0.00,0,
704338,精材群益57購01,"1,000",1,"12,600",12.60,12.60,12.60,12.60,+,1.0,0.00,0,0.00,0,
704339,精測群益59購02,0,0,0,---,---,---, ---,,,0.18,10,0.60,10,
704340,點序群益59購02,"10,000",1,300,0.03,0.03,0.03,0.03,-,0.0,0.01,499,0.12,10,
704341,力旺富邦59購01,"4,000",1,"10,880",2.72,2.72,2.72,2.72,+,0.15,2.66,10,2.72,10,
704343,世界富邦5C購01,0,0,0,---,---,---, ---,,,1.00,100,1.09,10,
704344,捷創富邦59購01,0,0,0,---,---,---, ---,,,0.04,10,0.05,28,
704345,聖暉*富邦58購01,0,0,0,---,---,---, ---,,,2.48,30,2.58,10,
704346,精測富邦59購01,"221,000",8,"183,270",0.84,0.85,0.78,0.83,-,0.08,0.78,10,0.80,10,
704347,世界統一5C購02,"10,000",1,"10,700",1.07,1.07,1.07,1.07,+,0.04,1.07,10,0.00,0,
704348,合晶統一61購01,0,0,0,---,---,---, ---,,,9.85,1,0.00,0,
704349,東捷統一71購02,0,0,0,---,---,---, ---,,,2.33,10,2.34,10,
704350,佶優統一71購03,0,0,0,---,---,---, ---,,,0.51,100,0.52,10,
704351,精測統一61購01,"85,000",9,"36,250",0.42,0.43,0.42,0.42,-,0.04,0.40,50,0.41,10,
704352,精測統一61購02,"3,000",1,"1,200",0.40,0.40,0.40,0.40,-,0.08,0.38,10,0.45,17,
704353,精測統一71購01,"263,000",13,"273,190",1.05,1.05,1.02,1.02,-,0.1,1.01,20,1.39,10,
704355,中探針永豐57購01,0,0,0,---,---,---, ---,,,0.00,0,0.00,0,
704356,中探針永豐58購01,0,0,0,---,---,---, ---,,,0.00,0,0.00,0,
704358,竹陞永豐5A購01,"2,000",1,"17,800",8.90,8.90,8.90,8.90,+,1.05,5.85,10,8.80,15,
704359,宜鼎永豐59購02,0,0,0,---,---,---, ---,,,4.37,10,4.41,10,
704360,訊聯永豐58購01,0,0,0,---,---,---, ---,,,0.04,499,0.12,10,
704361,華容永豐5C購01,"7,000",1,"34,580",4.94,4.94,4.94,4.94,-,0.0,5.10,10,6.25,5,
704362,雷科永豐59購02,"1,000",1,"12,100",12.10,12.10,12.10,12.10,+,0.1,10.50,10,0.00,0,
704363,頎邦永豐58購01,0,0,0,---,---,---, ---,,,28.90,10,0.00,0,
704365,精測永豐5A購01,0,0,0,---,---,---, ---,,,0.62,10,0.72,10,
704366,臺慶科永豐58購01,"5,000",1,"7,550",1.51,1.51,1.51,1.51,-,0.15,1.25,10,1.35,10,
704367,點序永豐59購02,0,0,0,---,---,---, ---,,,0.02,10,0.12,10,
704368,點序永豐61購01,0,0,0,---,---,---, ---,,,0.11,10,0.18,64,
704369,大江國票58購01,0,0,0,---,---,---, ---,,,0.01,25,0.30,30,
704370,世界國票5B購01,"268,000",10,"496,010",1.81,1.93,1.79,1.79,-,0.03,1.76,25,1.79,10,
704371,宜鼎國票58購02,0,0,0,---,---,---, ---,,,0.00,0,0.00,0,
704372,長科*國票58購02,"2,000",1,"3,740",1.87,1.87,1.87,1.87,-,0.43,1.70,25,1.80,10,
704373,精測國票5A購01,0,0,0,---,---,---, ---,,,0.43,25,0.44,10,
704374,精測國票5A購02,0,0,0,---,---,---, ---,,,0.39,25,0.43,10,
704375,臺慶科國票58購01,0,0,0,---,---,---, ---,,,0.00,0,6.40,5,
704376,擎邦國票58購02,0,0,0,---,---,---, ---,,,0.02,25,0.03,10,
704377,精測兆豐59購01,0,0,0,---,---,---, ---,,,0.35,10,0.36,10,
704378,力旺台新57購01,0,0,0,---,---,---, ---,,,5.55,25,6.05,10,
704379,中探針凱基59購01,0,0,0,---,---,---, ---,,,0.00,0,0.00,0,
704380,宜鼎凱基5B購01,0,0,0,---,---,---, ---,,,7.80,100,8.30,10,
704381,鈊象凱基5A購01,0,0,0,---,---,---, ---,,,1.40,100,1.41,10,
704382,精測凱基5B購01,0,0,0,---,---,---, ---,,,0.90,25,2.15,5,
704385,信昌電國泰58購01,0,0,0,---,---,---, ---,,,19.80,10,20.40,10,
704386,信昌電國泰58購02,0,0,0,---,---,---, ---,,,18.30,11,18.90,10,
704387,家登國泰58購02,"107,000",12,"201,290",1.90,2.54,1.65,2.54,-,0.45,2.14,499,2.17,15,
704388,中探針元大5B購01,0,0,0,---,---,---, ---,,,0.00,0,9.95,10,
704389,世界元大57購08,0,0,0,---,---,---, ---,,,1.41,499,0.00,0,
704390,世界元大58購02,0,0,0,---,---,---, ---,,,0.89,25,0.00,0,
704391,世界元大5B購01,0,0,0,---,---,---, ---,,,1.41,125,0.00,0,
704392,台星科元大57購08,0,0,0,---,---,---, ---,,,0.00,0,0.00,0,
704393,宏捷科元大57購01,0,0,0,---,---,---, ---,,,0.00,0,0.01,362,
704394,系統電元大61購01,"13,000",2,"4,350",0.35,0.35,0.33,0.33,-,0.05,0.27,529,0.35,40,
704395,長科*元大57購03,0,0,0,---,---,---, ---,,,0.00,0,0.00,0,
704396,順達元大5A購05,"322,000",2,"1,209,500",3.76,3.76,3.75,3.75,-,0.55,2.74,3,0.00,0,
704397,精測元大57購03,0,0,0,---,---,---, ---,,,0.00,0,0.01,700,
704398,廣明元大57購05,0,0,0,---,---,---, ---,,,0.00,0,0.01,2,
704399,廣運元大57購03,0,0,0,---,---,---, ---,,,0.00,0,0.01,96,
704400,宜鼎富邦61購01,0,0,0,---,---,---, ---,,,2.41,110,2.51,10,
704401,信昌電富邦5C購01,0,0,0,---,---,---, ---,,,0.00,0,6.20,10,
704403,高鋒統一61購02,"10,000",1,"2,400",0.24,0.24,0.24,0.24,-,0.04,0.24,10,0.27,10,
704404,精測統一5C購01,0,0,0,---,---,---, ---,,,0.34,10,0.00,0,
704405,尼克森永豐59購01,0,0,0,---,---,---, ---,,,2.64,10,0.00,0,
704406,亞電永豐59購01,"16,000",5,"42,520",2.11,2.99,2.11,2.99,+,1.0,2.76,5,2.99,7,
704407,長科*永豐58購01,0,0,0,---,---,---, ---,,,1.07,9,0.00,0,
704408,能率亞永豐58購01,"100,000",1,"235,000",2.35,2.35,2.35,2.35,+,0.49,2.20,10,2.30,10,
704409,精測永豐5A購02,"50,000",3,"21,700",0.43,0.44,0.43,0.43,-,0.08,0.40,10,0.41,10,
704413,台半群益57購02,0,0,0,---,---,---, ---,,,0.03,20,1.18,10,
704414,宏捷科群益57購01,0,0,0,---,---,---, ---,,,0.00,0,0.00,0,
704415,常珵群益57購01,0,0,0,---,---,---, ---,,,0.00,0,0.00,0,
704416,創惟群益59購01,0,0,0,---,---,---, ---,,,0.11,10,0.41,10,
704417,鈊象群益57購02,0,0,0,---,---,---, ---,,,0.00,0,0.00,0,
704418,精測群益59購03,0,0,0,---,---,---, ---,,,0.29,499,0.00,0,
704419,力旺元大5A購01,"39,000",6,"81,950",1.98,2.25,1.98,2.25,-,0.05,2.16,350,2.25,9,
704420,中美晶元大57購04,0,0,0,---,---,---, ---,,,5.50,100,0.00,0,
704421,中美晶元大5C購01,0,0,0,---,---,---, ---,,,5.45,200,0.00,0,
704422,世界元大57購09,0,0,0,---,---,---, ---,,,0.08,25,0.60,2,
704423,家登元大57購02,0,0,0,---,---,---, ---,,,0.10,499,0.00,0,
704424,湧德元大61購02,0,0,0,---,---,---, ---,,,0.26,499,0.36,10,
704426,精材元大5B購01,"5,000",2,"37,850",7.65,7.65,7.45,7.45,-,0.35,7.55,100,0.00,0,
704427,精材元大61購02,0,0,0,---,---,---, ---,,,7.20,100,8.00,1,
704428,廣明元大57購06,0,0,0,---,---,---, ---,,,0.00,0,0.10,10,
704430,大中凱基59購01,0,0,0,---,---,---, ---,,,6.80,10,7.30,10,
704431,中光電凱基57購03,"10,000",1,"1,300",0.13,0.13,0.13,0.13,+,0.06,0.00,0,0.00,0,
704432,中美晶凱基57購03,0,0,0,---,---,---, ---,,,11.70,499,12.70,10,
704433,世界凱基57購05,0,0,0,---,---,---, ---,,,0.15,100,1.31,1,
704434,宏捷科凱基58購02,0,0,0,---,---,---, ---,,,0.28,100,0.30,10,
704435,長科*凱基57購02,0,0,0,---,---,---, ---,,,0.06,27,3.06,4,
704436,湧德凱基58購01,0,0,0,---,---,---, ---,,,0.37,100,0.39,10,
704437,勤凱凱基57購01,"9,000",1,"16,110",1.79,1.79,1.79,1.79,-,0.68,1.70,10,1.73,10,
704438,頎邦凱基57購01,0,0,0,---,---,---, ---,,,0.00,0,0.00,0,
704439,穩得凱基58購01,0,0,0,---,---,---, ---,,,2.23,10,2.33,10,
704440,久元國票58購01,"162,000",8,"81,960",0.52,0.58,0.47,0.58,+,0.05,0.54,25,0.55,10,
704441,台星科國票58購03,0,0,0,---,---,---, ---,,,0.59,25,0.65,10,
704442,系統電國票58購01,"700,000",8,"133,000",0.19,0.19,0.19,0.19,-,0.03,0.18,25,0.19,10,
704443,能率亞國票58購02,"1,748,000",14,"1,161,790",0.66,0.85,0.66,0.79,+,0.16,0.77,25,0.79,9,
704444,高僑國票58購01,0,0,0,---,---,---, ---,,,0.90,2,1.61,2,
704445,健亞國票58購01,0,0,0,---,---,---, ---,,,0.01,25,0.02,10,
704446,群翊國票58購01,0,0,0,---,---,---, ---,,,1.32,25,1.37,10,
704447,頎邦國票58購01,0,0,0,---,---,---, ---,,,39.80,25,0.00,0,
704448,新復興富邦59購01,0,0,0,---,---,---, ---,,,0.03,10,0.10,28,
704450,系統電元富59購01,0,0,0,---,---,---, ---,,,0.24,25,0.34,10,
704451,博大元富57購01,"50,000",1,"63,000",1.26,1.26,1.26,1.26,-,0.09,1.23,25,1.33,10,
704452,大江永豐58購01,0,0,0,---,---,---, ---,,,0.11,10,0.12,10,
704453,東捷永豐59購01,0,0,0,---,---,---, ---,,,9.40,499,0.00,0,
704454,盈正永豐57購01,0,0,0,---,---,---, ---,,,0.00,0,0.05,10,
704455,陽程永豐57購01,0,0,0,---,---,---, ---,,,10.30,499,0.00,0,
704456,擎邦永豐57購01,0,0,0,---,---,---, ---,,,0.08,499,0.00,0,
704457,中光電群益57購01,0,0,0,---,---,---, ---,,,0.00,0,0.00,0,
704458,弘塑群益57購08,0,0,0,---,---,---, ---,,,11.20,50,0.00,0,
704459,長科*群益58購01,0,0,0,---,---,---, ---,,,0.53,10,1.83,10,
704460,盈正群益57購01,0,0,0,---,---,---, ---,,,0.02,499,0.00,0,
704461,大中凱基57購01,0,0,0,---,---,---, ---,,,10.30,10,11.30,10,
704462,台半凱基57購02,0,0,0,---,---,---, ---,,,0.75,100,0.85,10,
704463,長科*凱基58購01,0,0,0,---,---,---, ---,,,1.00,1,4.00,4,
704464,信昌電凱基58購01,0,0,0,---,---,---, ---,,,20.30,499,21.30,10,
704465,能率亞凱基58購01,"62,000",7,"40,430",0.46,0.72,0.45,0.67,+,0.13,0.66,10,0.67,9,
704467,精材凱基57購03,0,0,0,---,---,---, ---,,,18.40,100,19.40,10,
704468,穩懋凱基57購06,0,0,0,---,---,---, ---,,,1.85,100,1.87,10,
704469,凡甲國票58購01,"134,000",1,"100,500",0.75,0.75,0.75,0.75,-,0.0,0.72,25,0.75,10,
704470,大中國票57購01,0,0,0,---,---,---, ---,,,0.00,0,9.40,10,
704471,大中國票58購01,0,0,0,---,---,---, ---,,,0.00,0,7.45,10,
704472,台半國票58購02,0,0,0,---,---,---, ---,,,0.00,0,2.55,10,
704473,系統電國票58購02,0,0,0,---,---,---, ---,,,0.04,25,0.05,10,
704474,亞電國票57購01,"227,000",15,"148,530",0.52,0.88,0.52,0.88,+,0.49,0.82,25,0.88,40,
704475,亞電國票58購02,"580,000",41,"608,960",0.81,1.65,0.80,1.65,+,0.8,1.26,5,1.66,150,
704476,高鋒國票58購02,0,0,0,---,---,---, ---,,,0.03,25,0.00,0,
704477,博磊國票58購01,0,0,0,---,---,---, ---,,,1.67,25,1.77,10,
704479,力旺元大5A購02,0,0,0,---,---,---, ---,,,3.85,200,0.00,0,
704480,中美晶元大57購05,0,0,0,---,---,---, ---,,,6.55,100,0.00,0,
704481,中探針元大61購01,"1,000",1,"6,400",6.40,6.40,6.40,6.40,-,0.9,6.50,1,8.25,1,
704482,元太元大61購01,0,0,0,---,---,---, ---,,,0.71,3,0.78,10,
704483,台半元大57購03,0,0,0,---,---,---, ---,,,0.00,0,0.00,0,
704484,台半元大57購04,0,0,0,---,---,---, ---,,,0.00,0,0.00,0,
704485,合晶元大57購04,0,0,0,---,---,---, ---,,,0.00,0,0.00,0,
704486,合晶元大57購05,0,0,0,---,---,---, ---,,,0.00,0,0.00,0,
704487,亞電元大57購02,0,0,0,---,---,---, ---,,,0.91,125,0.00,0,
704488,佳邦元大57購04,0,0,0,---,---,---, ---,,,0.00,0,0.00,0,
704489,信音元大57購01,0,0,0,---,---,---, ---,,,0.00,0,0.01,250,
704490,家登元大57購03,0,0,0,---,---,---, ---,,,0.12,499,0.00,0,
704491,湧德元大5B購01,"245,000",1,"88,200",0.36,0.36,0.36,0.36,-,0.06,0.35,499,0.36,10,
704492,鈊象元大5B購01,"3,000",2,"2,340",0.78,0.78,0.78,0.78,-,0.03,0.80,25,1.03,5,
704494,精材元大5A購01,"3,000",1,"25,500",8.50,8.50,8.50,8.50,-,0.15,8.40,100,0.00,0,
704495,精材元大5B購02,"31,000",4,"227,050",7.70,7.70,7.10,7.45,+,0.55,6.95,100,8.40,3,
704496,精材元大61購03,0,0,0,---,---,---, ---,,,5.35,150,0.00,0,
704497,穩懋元大57購13,0,0,0,---,---,---, ---,,,0.00,0,0.00,0,
704498,中光電國泰58購01,0,0,0,---,---,---, ---,,,0.07,10,0.13,10,
704499,勤凱國泰58購01,0,0,0,---,---,---, ---,,,2.48,499,2.54,10,
704500,中光電富邦58購01,0,0,0,---,---,---, ---,,,0.06,10,0.15,28,
704501,系統電富邦58購01,0,0,0,---,---,---, ---,,,0.05,10,0.12,30,
704502,大中永豐59購01,0,0,0,---,---,---, ---,,,5.35,499,0.00,0,
704503,中光電永豐58購01,0,0,0,---,---,---, ---,,,0.15,10,0.00,0,
704505,加百裕永豐58購01,0,0,0,---,---,---, ---,,,0.02,10,0.10,10,
704506,系統電永豐5C購01,0,0,0,---,---,---, ---,,,0.43,10,0.00,0,
704507,亞電永豐5B購01,"1,460,000",118,"2,631,940",1.70,2.40,1.60,2.40,+,0.42,2.19,10,2.43,15,
704509,博磊永豐58購01,0,0,0,---,---,---, ---,,,0.00,0,0.00,0,
704510,順達永豐57購02,0,0,0,---,---,---, ---,,,0.00,0,0.00,0,
704511,萬泰科永豐59購01,0,0,0,---,---,---, ---,,,3.75,10,3.82,10,
704512,聖暉*永豐58購02,0,0,0,---,---,---, ---,,,4.26,10,0.00,0,
704513,中光電元富57購01,"10,000",1,"2,200",0.22,0.22,0.22,0.22,+,0.02,0.04,25,0.14,10,
704515,亞電元富57購01,"34,000",3,"59,740",1.36,1.91,1.36,1.91,+,0.72,1.84,25,1.91,20,
704516,亞電元富57購02,"21,000",2,"41,050",1.65,1.97,1.65,1.97,+,0.87,1.97,25,2.28,20,
704517,亞電元富57購03,"21,000",1,"7,560",0.36,0.36,0.36,0.36,-,0.03,0.37,10,0.59,1,
704518,富強鑫元富57購02,0,0,0,---,---,---, ---,,,0.00,0,0.10,10,
704519,凡甲群益57購01,0,0,0,---,---,---, ---,,,0.81,499,0.00,0,
704520,大江群益57購01,0,0,0,---,---,---, ---,,,0.00,0,0.00,0,
704521,中光電群益58購03,0,0,0,---,---,---, ---,,,0.03,499,0.00,0,
704522,中美晶群益57購04,0,0,0,---,---,---, ---,,,0.00,0,17.40,10,
704523,世界群益57購03,0,0,0,---,---,---, ---,,,3.00,199,0.00,0,
704524,宏捷科群益57購02,0,0,0,---,---,---, ---,,,0.05,499,0.00,0,
704525,亞電群益58購03,"40,000",8,"48,870",2.20,2.65,1.07,2.65,+,0.85,0.00,0,2.75,19,
704526,能率群益59購01,0,0,0,---,---,---, ---,,,0.03,37,0.24,10,
704527,博智群益57購01,0,0,0,---,---,---, ---,,,0.00,0,12.30,10,
704528,博磊群益57購01,0,0,0,---,---,---, ---,,,4.07,10,0.00,0,
704529,擎亞群益59購01,0,0,0,---,---,---, ---,,,0.00,0,21.90,10,
704530,雙鴻群益57購06,0,0,0,---,---,---, ---,,,0.00,0,0.00,0,
704531,穩懋群益57購05,0,0,0,---,---,---, ---,,,0.00,0,9.05,10,
704532,大中統一5C購01,0,0,0,---,---,---, ---,,,2.87,10,2.97,10,
704533,大中統一71購01,0,0,0,---,---,---, ---,,,1.99,10,2.09,10,
704534,台半統一5C購04,0,0,0,---,---,---, ---,,,1.54,3,1.55,10,
704535,台燿統一66購01,0,0,0,---,---,---, ---,,,0.00,0,0.00,0,
704536,尼克森統一5B購01,"10,000",1,"19,700",1.97,1.97,1.97,1.97,-,0.03,2.02,10,2.12,10,
704537,巨漢統一5C購01,0,0,0,---,---,---, ---,,,1.24,10,1.34,10,
704538,合晶統一61購02,"10,000",1,"96,000",9.60,9.60,9.60,9.60,+,0.55,8.50,5,8.60,10,
704539,竹陞統一64購01,0,0,0,---,---,---, ---,,,1.51,10,0.00,0,
704540,宏捷科統一61購03,0,0,0,---,---,---, ---,,,0.39,10,0.42,10,
704541,系統電統一64購01,0,0,0,---,---,---, ---,,,0.39,10,0.40,10,
704542,宜鼎統一5B購01,"40,000",5,"115,180",2.91,2.91,2.85,2.85,-,0.32,2.84,10,0.00,0,
704543,宜鼎統一66購01,"51,000",6,"86,990",1.71,1.72,1.59,1.59,-,0.28,1.58,10,1.59,9,
704544,宜鼎統一71購02,"11,000",3,"17,050",1.56,1.56,1.50,1.50,-,0.11,1.50,1,1.54,10,
704545,東捷統一64購01,0,0,0,---,---,---, ---,,,0.00,0,0.00,0,
704546,長科*統一71購01,"113,000",8,"96,690",0.86,0.87,0.85,0.85,-,0.07,0.83,10,0.85,10,
704547,佶優統一61購02,0,0,0,---,---,---, ---,,,0.25,10,0.26,10,
704548,昱展統一61購01,"190,000",1,"5,700",0.03,0.03,0.03,0.03,-,0.01,0.03,499,0.04,499,
704549,茂迪統一5B購01,"377,000",7,"246,620",0.68,0.69,0.64,0.69,+,0.01,0.65,10,0.66,10,
704550,能率亞統一61購02,"126,000",5,"88,800",0.65,0.75,0.65,0.75,+,0.04,0.75,10,0.76,10,
704551,能率亞統一71購01,"720,000",9,"537,170",0.71,0.75,0.71,0.74,+,0.06,0.72,10,0.73,10,
704552,順達統一63購01,"19,000",5,"28,320",1.48,1.51,1.48,1.48,+,0.02,1.40,10,1.41,10,
704553,雍智統一71購01,"2,000",2,"8,900",4.30,4.60,4.30,4.60,-,0.2,4.22,10,4.80,1,
704554,博智元富57購01,0,0,0,---,---,---, ---,,,5.40,25,5.90,10,
704555,華義元富57購01,0,0,0,---,---,---, ---,,,3.27,25,3.37,10,
704556,力旺凱基5A購01,0,0,0,---,---,---, ---,,,0.00,0,0.00,0,
704557,中光電凱基57購05,0,0,0,---,---,---, ---,,,0.00,0,0.10,20,
704558,元太凱基57購02,0,0,0,---,---,---, ---,,,0.03,100,0.13,10,
704560,系統電凱基5B購01,0,0,0,---,---,---, ---,,,0.33,100,0.35,30,
704561,創惟凱基57購01,0,0,0,---,---,---, ---,,,0.00,0,0.02,10,
704563,順達凱基58購03,0,0,0,---,---,---, ---,,,1.79,10,4.26,1,
704564,雙鴻凱基57購06,0,0,0,---,---,---, ---,,,0.03,100,0.04,10,
704565,穩得凱基57購01,0,0,0,---,---,---, ---,,,0.01,10,0.11,10,
704566,天品永豐59購01,0,0,0,---,---,---, ---,,,0.12,10,0.16,10,
704567,萬泰科永豐5B購01,"3,000",1,"17,100",5.70,5.70,5.70,5.70,-,0.0,5.45,10,5.70,10,
704570,加百裕群益57購01,0,0,0,---,---,---, ---,,,0.00,0,0.00,0,
704571,亞信群益57購01,0,0,0,---,---,---, ---,,,0.13,499,0.00,0,
704572,家登群益59購01,"10,000",1,"11,500",1.15,1.15,1.15,1.15,-,0.43,1.33,499,1.43,10,
704573,高鋒群益57購04,0,0,0,---,---,---, ---,,,0.00,0,0.00,0,
704574,力旺元大57購02,0,0,0,---,---,---, ---,,,3.12,250,0.00,0,
704576,大江元大57購01,0,0,0,---,---,---, ---,,,0.00,0,0.05,40,
704577,元太元大57購03,0,0,0,---,---,---, ---,,,0.05,499,0.00,0,
704578,元太元大61購02,0,0,0,---,---,---, ---,,,0.94,2,0.00,0,
704579,合晶元大5A購01,0,0,0,---,---,---, ---,,,25.80,10,32.30,2,
704580,長科*元大57購04,0,0,0,---,---,---, ---,,,0.00,0,0.00,0,
704581,原相元大57購01,"388,000",3,"35,120",0.09,0.11,0.09,0.11,-,0.34,0.10,25,0.11,10,
704582,高鋒元大57購01,0,0,0,---,---,---, ---,,,0.00,0,0.02,50,
704583,精材元大57購05,0,0,0,---,---,---, ---,,,8.35,100,0.00,0,
704584,精材元大5A購02,"5,000",1,"42,750",8.55,8.55,8.55,8.55,-,0.45,8.70,100,0.00,0,
704585,廣明元大57購07,0,0,0,---,---,---, ---,,,0.00,0,0.10,10,
704587,力旺國泰58購01,0,0,0,---,---,---, ---,,,4.18,499,4.24,10,
704588,長科*富邦58購01,0,0,0,---,---,---, ---,,,1.15,10,1.24,10,
704589,順達富邦58購01,0,0,0,---,---,---, ---,,,1.15,10,1.24,10,
704590,能率亞統一63購01,"416,000",8,"319,960",0.69,0.80,0.69,0.80,+,0.08,0.79,10,0.80,10,
704591,能率亞統一71購02,"516,000",5,"515,900",0.99,1.05,0.99,1.05,+,0.09,1.02,99,1.03,10,
704592,能率統一71購01,"110,000",1,"60,500",0.55,0.55,0.55,0.55,-,0.02,0.58,10,0.59,10,
704593,旺矽國票58購03,0,0,0,---,---,---, ---,,,19.80,25,20.80,10,
704597,台半元大57購05,0,0,0,---,---,---, ---,,,0.00,0,0.00,0,
704598,合晶元大57購06,0,0,0,---,---,---, ---,,,0.00,0,0.00,0,
704599,均華元大57購03,0,0,0,---,---,---, ---,,,0.30,25,0.00,0,
704601,旺矽元大57購07,0,0,0,---,---,---, ---,,,0.00,0,0.00,0,
704602,智通*元大57購02,"10,000",1,900,0.09,0.09,0.09,0.09,-,0.06,0.09,499,0.16,41,
704603,智通*元大57購03,"50,000",1,"20,500",0.41,0.41,0.41,0.41,-,0.0,0.47,499,0.00,0,
704604,廣運元大57購04,0,0,0,---,---,---, ---,,,0.00,0,0.10,10,
704605,系統電凱基5B購02,0,0,0,---,---,---, ---,,,0.56,100,0.57,30,
704606,旺矽凱基57購01,0,0,0,---,---,---, ---,,,24.10,100,25.10,10,
704607,原相凱基5A購01,0,0,0,---,---,---, ---,,,0.58,110,0.98,1,
704608,精材凱基57購04,0,0,0,---,---,---, ---,,,12.40,100,0.00,0,
704609,力旺群益59購01,0,0,0,---,---,---, ---,,,5.65,10,6.15,10,
704610,中光電群益58購04,"586,000",3,"134,780",0.23,0.23,0.23,0.23,-,0.07,0.23,80,0.30,10,
704612,台燿群益58購04,0,0,0,---,---,---, ---,,,0.00,0,23.50,1,
704613,尼克森群益57購01,0,0,0,---,---,---, ---,,,4.81,100,0.00,0,
704614,尼克森群益57購02,0,0,0,---,---,---, ---,,,0.00,0,0.00,0,
704615,弘塑群益57購09,0,0,0,---,---,---, ---,,,15.40,50,0.00,0,
704617,宜鼎群益58購02,0,0,0,---,---,---, ---,,,0.00,0,6.60,10,
704618,宜鼎群益59購01,0,0,0,---,---,---, ---,,,0.00,0,3.91,10,
704619,旺矽群益59購01,0,0,0,---,---,---, ---,,,5.95,100,0.00,0,
704620,博智群益5B購01,0,0,0,---,---,---, ---,,,0.00,0,3.51,10,
704621,智通*群益58購02,"1,000",1,580,0.58,0.58,0.58,0.58,+,0.02,0.61,499,0.71,10,
704622,萬泰科群益58購01,0,0,0,---,---,---, ---,,,1.09,499,1.19,10,
704623,雙鴻群益57購07,0,0,0,---,---,---, ---,,,0.01,499,0.00,0,
704624,旺矽國泰58購01,0,0,0,---,---,---, ---,,,16.30,10,16.90,10,
704625,旺矽國泰58購02,0,0,0,---,---,---, ---,,,15.20,10,15.80,10,
704626,東捷國泰58購03,0,0,0,---,---,---, ---,,,9.60,499,9.90,10,
704627,雍智國泰58購01,0,0,0,---,---,---, ---,,,30.70,499,31.30,10,
704628,中光電統一61購01,"12,000",3,"4,590",0.39,0.39,0.34,0.34,-,0.06,0.31,2,0.36,11,
704629,智通*統一61購01,"24,000",3,"17,520",0.70,0.79,0.70,0.79,+,0.07,0.79,5,0.85,10,
704630,旺矽元富58購03,0,0,0,---,---,---, ---,,,14.50,25,15.50,10,
704632,台燿永豐57購04,0,0,0,---,---,---, ---,,,0.00,0,0.00,0,
704634,旺矽永豐57購02,"1,000",1,"16,100",16.10,16.10,16.10,16.10,-,1.3,16.30,10,21.80,2,
704635,金山電永豐57購01,0,0,0,---,---,---, ---,,,0.00,0,0.00,0,
704636,博智永豐59購01,"76,000",8,"238,270",3.32,3.32,3.07,3.07,-,0.2,3.12,499,3.19,10,
704637,智通*永豐59購01,"837,000",29,"991,420",1.17,1.25,1.09,1.25,+,0.15,1.21,10,1.24,10,
704638,廣運永豐61購01,0,0,0,---,---,---, ---,,,0.14,50,0.18,10,
704639,驊訊永豐58購01,0,0,0,---,---,---, ---,,,0.21,10,0.31,10,
704640,中光電凱基57購06,0,0,0,---,---,---, ---,,,0.34,100,0.44,10,
704642,世界凱基58購01,0,0,0,---,---,---, ---,,,0.72,100,0.82,10,
704643,台星科凱基57購02,"10,000",1,"1,300",0.13,0.13,0.13,0.13,-,0.02,0.00,0,0.23,10,
704645,尼克森凱基57購01,0,0,0,---,---,---, ---,,,5.70,10,6.20,10,
704646,巨有凱基57購01,0,0,0,---,---,---, ---,,,0.02,10,0.12,10,
704647,合晶凱基57購02,0,0,0,---,---,---, ---,,,54.50,20,59.50,10,
704648,竹陞凱基57購04,0,0,0,---,---,---, ---,,,4.73,100,0.00,0,
704649,宜鼎凱基59購03,0,0,0,---,---,---, ---,,,8.30,100,8.80,10,
704650,聖暉*凱基5B購01,0,0,0,---,---,---, ---,,,8.25,100,8.75,10,
704651,精材凱基57購05,"1,000",1,"15,200",15.20,15.20,15.20,15.20,+,3.7,13.60,20,14.60,10,
704652,廣明凱基57購03,0,0,0,---,---,---, ---,,,0.00,0,0.02,10,
704653,台燿兆豐59購02,0,0,0,---,---,---, ---,,,0.00,0,8.20,10,
704654,宜鼎國泰58購03,0,0,0,---,---,---, ---,,,9.95,15,10.50,10,
704655,臺慶科國泰58購01,0,0,0,---,---,---, ---,,,4.36,10,4.42,10,
704656,中美晶元大57購06,0,0,0,---,---,---, ---,,,6.60,100,0.00,0,
704657,中美晶元大57購07,0,0,0,---,---,---, ---,,,5.25,100,0.00,0,
704658,世界元大57購10,0,0,0,---,---,---, ---,,,0.04,499,0.25,5,
704659,合晶元大57購07,0,0,0,---,---,---, ---,,,26.90,10,0.00,0,
704661,宜特元大57購02,0,0,0,---,---,---, ---,,,0.45,499,0.00,0,
704662,博智元大57購01,0,0,0,---,---,---, ---,,,1.18,499,0.00,0,
704664,智通*元大57購05,"43,000",1,"30,960",0.72,0.72,0.72,0.72,+,0.02,0.79,499,0.00,0,
704665,鈊象元大5C購01,"152,000",5,"107,460",0.71,0.71,0.69,0.71,-,0.01,0.71,25,0.72,10,
704666,萬泰科元大57購03,0,0,0,---,---,---, ---,,,1.68,400,1.78,10,
704667,精材元大58購02,"1,000",1,"11,000",11.00,11.00,11.00,11.00,+,0.5,9.70,50,0.00,0,
704668,穩得元大5B購01,0,0,0,---,---,---, ---,,,0.58,499,0.68,10,
704669,台星科群益58購02,0,0,0,---,---,---, ---,,,0.10,10,0.56,10,
704671,系統電群益57購02,0,0,0,---,---,---, ---,,,0.00,0,0.00,0,
704672,原相群益57購01,0,0,0,---,---,---, ---,,,0.00,0,0.00,0,
704674,精材群益57購02,0,0,0,---,---,---, ---,,,4.94,10,0.00,0,
704675,擎亞群益57購02,0,0,0,---,---,---, ---,,,0.00,0,19.80,10,
704676,點序群益57購02,0,0,0,---,---,---, ---,,,0.00,0,0.00,0,
704677,穩得群益57購01,0,0,0,---,---,---, ---,,,0.00,0,0.00,0,
704678,中光電永豐59購01,"614,000",31,"761,480",1.19,1.50,1.01,1.01,-,0.36,1.01,5,1.02,10,
704679,中美晶永豐59購01,0,0,0,---,---,---, ---,,,5.70,10,0.00,0,
704680,世界永豐58購02,0,0,0,---,---,---, ---,,,0.49,10,0.59,10,
704683,擎亞永豐59購02,0,0,0,---,---,---, ---,,,0.00,0,0.00,0,
704684,點序永豐57購01,0,0,0,---,---,---, ---,,,0.00,0,0.00,0,
704685,穩懋永豐5A購02,"12,000",2,"49,960",4.18,4.18,4.16,4.16,-,0.56,2.81,3,0.00,0,
704686,世界兆豐5A購01,"23,000",2,"20,470",0.89,0.89,0.89,0.89,-,0.0,0.87,10,1.13,15,
704687,M31凱基5A購01,0,0,0,---,---,---, ---,,,0.42,10,0.00,0,
704688,弘塑凱基58購02,0,0,0,---,---,---, ---,,,7.15,10,7.50,10,
704689,印能凱基58購01,0,0,0,---,---,---, ---,,,0.00,0,0.00,0,
704690,竹陞凱基59購01,"12,000",5,"26,620",2.10,2.30,2.10,2.29,+,0.92,2.21,100,2.30,3,
704691,均華凱基58購01,"4,000",3,"7,680",1.92,1.92,1.92,1.92,+,0.56,1.87,10,1.97,10,
704693,智通*凱基58購01,0,0,0,---,---,---, ---,,,0.39,499,0.49,10,
704695,擎亞凱基58購03,0,0,0,---,---,---, ---,,,12.90,10,13.90,10,
704696,穩懋凱基59購06,0,0,0,---,---,---, ---,,,0.00,0,11.50,6,
704697,鑫聯凱基58購01,0,0,0,---,---,---, ---,,,1.76,10,1.86,10,
704698,M31元大58購01,0,0,0,---,---,---, ---,,,0.00,0,0.08,1,
704699,中美晶元大58購01,"1,000",1,"6,500",6.50,6.50,6.50,6.50,+,0.45,5.55,100,7.45,1,
704700,合晶元大58購01,0,0,0,---,---,---, ---,,,0.00,0,0.00,0,
704702,竹陞元大5A購01,"8,000",3,"10,270",1.95,1.95,1.07,1.90,+,0.1,1.28,125,1.95,16,
704703,均華元大58購01,0,0,0,---,---,---, ---,,,0.58,25,0.00,0,
704704,宏捷科元大58購01,0,0,0,---,---,---, ---,,,0.02,499,0.00,0,
704705,宏捷科元大58購02,0,0,0,---,---,---, ---,,,0.26,499,0.00,0,
704706,家登元大58購02,0,0,0,---,---,---, ---,,,0.66,499,2.00,1,
704707,家登元大5A購01,0,0,0,---,---,---, ---,,,0.49,499,1.00,1,
704710,精材元大58購03,"4,000",1,"20,200",5.05,5.05,5.05,5.05,-,0.25,4.96,150,6.30,20,
704711,精材元大59購01,"17,000",3,"92,700",5.90,5.90,5.30,5.50,+,0.05,5.15,150,5.90,10,
704712,精材元大61購04,"30,000",7,"113,860",3.97,4.18,3.42,3.50,-,0.37,3.55,200,0.00,0,
704713,穩懋元大58購03,0,0,0,---,---,---, ---,,,0.49,25,0.00,0,
704714,譜瑞元大58購02,0,0,0,---,---,---, ---,,,0.23,499,0.00,0,
704715,M31永豐5A購01,0,0,0,---,---,---, ---,,,0.13,10,0.22,10,
704716,大樹永豐59購01,0,0,0,---,---,---, ---,,,0.02,1,0.18,40,
704717,中光電永豐58購02,0,0,0,---,---,---, ---,,,0.73,10,0.00,0,
704719,世界永豐5B購01,0,0,0,---,---,---, ---,,,0.79,10,0.89,10,
704720,世紀*永豐59購01,0,0,0,---,---,---, ---,,,0.01,529,0.11,10,
704721,台燿永豐5A購02,0,0,0,---,---,---, ---,,,0.00,0,0.00,0,
704722,巨漢永豐58購02,0,0,0,---,---,---, ---,,,2.15,10,0.00,0,
704723,竹陞永豐59購02,0,0,0,---,---,---, ---,,,1.51,10,0.00,0,
704724,沛亨永豐59購01,0,0,0,---,---,---, ---,,,1.89,5,0.00,0,
704725,家登永豐5B購01,"64,000",4,"249,760",3.85,4.01,3.69,4.01,-,0.26,3.88,10,3.90,10,
704726,高鋒永豐59購01,0,0,0,---,---,---, ---,,,0.12,10,0.22,10,
704728,精材永豐5A購01,"1,000",1,"7,650",7.65,7.65,7.65,7.65,-,0.3,7.65,10,0.00,0,
704729,廣明永豐59購01,0,0,0,---,---,---, ---,,,0.02,499,0.03,10,
704730,廣明永豐5A購02,0,0,0,---,---,---, ---,,,0.02,110,0.03,10,
704731,點序永豐5A購01,0,0,0,---,---,---, ---,,,0.01,10,0.06,10,
704732,鑫聯永豐58購01,0,0,0,---,---,---, ---,,,0.00,0,0.00,0,
704733,鑫聯永豐5A購01,"28,000",7,"66,930",2.34,2.65,2.30,2.65,+,0.18,2.11,4,2.70,5,
704734,大樹凱基58購01,0,0,0,---,---,---, ---,,,0.00,0,0.10,10,
704735,中美晶凱基58購01,0,0,0,---,---,---, ---,,,9.45,20,9.95,10,
704736,印能凱基5A購01,0,0,0,---,---,---, ---,,,15.30,10,16.30,10,
704737,合晶凱基58購01,0,0,0,---,---,---, ---,,,0.00,0,37.20,10,
704738,竹陞凱基58購01,"3,000",2,"2,130",0.99,0.99,0.57,0.57,+,0.36,0.57,100,1.00,7,
704739,博智凱基59購05,0,0,0,---,---,---, ---,,,2.60,20,0.00,0,
704741,萬泰科凱基58購02,0,0,0,---,---,---, ---,,,3.65,10,3.75,10,
704743,竹陞國票59購01,"172,000",14,"270,210",1.00,1.71,1.00,1.71,+,0.63,1.71,25,2.00,29,
704744,沛亨國票59購01,0,0,0,---,---,---, ---,,,2.65,25,2.75,10,
704745,宜特國票5B購01,0,0,0,---,---,---, ---,,,0.74,25,0.79,10,
704746,長科*國票59購01,"186,000",4,"135,700",0.75,0.80,0.72,0.72,-,0.34,0.72,25,0.80,10,
704748,博智國票59購02,0,0,0,---,---,---, ---,,,1.91,25,1.96,10,
704749,榮剛國票59購01,"52,000",2,"5,340",0.10,0.17,0.10,0.17,+,0.06,0.10,25,0.17,1,
704750,系統電兆豐5A購01,0,0,0,---,---,---, ---,,,0.21,10,0.22,10,
704751,穩懋兆豐5A購01,"184,000",8,"313,820",1.72,1.77,1.61,1.74,-,0.21,1.66,10,1.67,10,
704752,中美晶元大58購02,0,0,0,---,---,---, ---,,,5.75,100,0.00,0,
704753,中美晶元大58購03,"31,000",4,"181,400",5.85,5.90,5.85,5.85,+,0.5,5.45,100,6.50,1,
704754,世界元大58購03,0,0,0,---,---,---, ---,,,1.28,25,0.00,0,
704755,世紀*元大58購01,0,0,0,---,---,---, ---,,,0.00,0,0.02,29,
704756,弘塑元大59購02,"40,000",4,"138,100",3.28,3.55,3.28,3.52,+,0.05,3.51,200,3.61,10,
704757,印能元大58購01,0,0,0,---,---,---, ---,,,9.55,100,0.00,0,
704758,竹陞元大58購02,"6,000",1,"2,400",0.40,0.40,0.40,0.40,-,0.1,0.40,125,0.50,23,
704759,宜特元大58購01,0,0,0,---,---,---, ---,,,0.04,499,0.00,0,
704760,宜鼎元大5A購03,0,0,0,---,---,---, ---,,,4.05,150,0.00,0,
704761,長科*元大58購01,0,0,0,---,---,---, ---,,,0.00,0,0.00,0,
704764,精材元大58購04,0,0,0,---,---,---, ---,,,8.80,100,11.00,3,
704765,精材元大58購05,"20,000",1,"166,000",8.30,8.30,8.30,8.30,-,0.2,8.25,100,0.00,0,
704766,精材元大61購05,0,0,0,---,---,---, ---,,,4.60,150,5.50,2,
704767,印能永豐5A購01,"2,000",1,"16,800",8.40,8.40,8.40,8.40,+,0.6,8.40,8,0.00,0,
704768,沛亨永豐59購02,0,0,0,---,---,---, ---,,,0.00,0,0.00,0,
704769,系統電永豐59購01,0,0,0,---,---,---, ---,,,0.22,10,0.32,10,
704770,宜特永豐59購02,"50,000",5,"12,500",0.25,0.25,0.25,0.25,+,0.02,0.24,10,0.25,10,
704771,東浦永豐5A購01,0,0,0,---,---,---, ---,,,1.89,10,1.93,10,
704772,榮剛永豐59購01,0,0,0,---,---,---, ---,,,0.27,10,0.00,0,
704773,大樹群益62購01,0,0,0,---,---,---, ---,,,0.12,300,0.48,25,
704774,系統電群益58購02,0,0,0,---,---,---, ---,,,0.01,499,0.00,0,
704775,博智群益62購01,"265,000",5,"690,550",2.66,2.69,2.59,2.59,-,0.26,2.58,10,2.68,10,
704776,閎康群益58購01,0,0,0,---,---,---, ---,,,0.46,399,0.00,0,
704778,榮剛群益5A購01,0,0,0,---,---,---, ---,,,0.33,499,0.00,0,
704779,精材群益58購01,"2,000",2,"43,000",23.30,23.30,19.70,19.70,-,0.3,20.70,50,25.00,1,
704780,精剛群益58購01,0,0,0,---,---,---, ---,,,0.00,0,0.05,10,
704781,點序群益62購01,"50,000",2,"11,000",0.22,0.22,0.22,0.22,-,0.1,0.21,25,0.23,10,
704782,鑫聯群益58購01,0,0,0,---,---,---, ---,,,0.72,499,0.00,0,
704783,世紀*凱基58購01,0,0,0,---,---,---, ---,,,0.00,0,0.04,33,
704784,沛亨凱基59購01,0,0,0,---,---,---, ---,,,3.93,10,4.03,10,
704785,宜特凱基58購02,0,0,0,---,---,---, ---,,,0.11,10,0.21,10,
704786,信驊凱基5A購02,0,0,0,---,---,---, ---,,,6.05,100,6.55,10,
704787,信驊凱基61購01,"12,000",2,"106,600",8.55,9.35,8.55,9.35,+,0.85,8.65,100,8.95,10,
704789,雍智凱基5A購01,0,0,0,---,---,---, ---,,,0.00,0,46.00,4,
704790,榮剛凱基59購01,0,0,0,---,---,---, ---,,,0.15,10,0.00,0,
704791,擎亞凱基58購04,"4,000",1,"33,600",8.40,8.40,8.40,8.40,+,0.05,6.80,10,7.30,10,
704792,雍智永豐59購01,0,0,0,---,---,---, ---,,,0.00,0,0.00,0,
704793,擎亞永豐5A購02,0,0,0,---,---,---, ---,,,8.30,10,8.80,10,
704794,擎亞永豐5B購01,0,0,0,---,---,---, ---,,,0.00,0,0.00,0,
704795,世紀*群益59購01,0,0,0,---,---,---, ---,,,0.01,210,0.02,50,
704796,沛亨群益58購01,0,0,0,---,---,---, ---,,,3.71,10,0.00,0,
704797,信驊群益58購01,0,0,0,---,---,---, ---,,,2.28,4,0.00,0,
704798,世界元大58購05,0,0,0,---,---,---, ---,,,0.63,25,0.00,0,
704799,世界元大58購06,0,0,0,---,---,---, ---,,,1.58,25,2.30,10,
704800,世界元大58購07,"91,000",13,"170,650",1.78,1.95,1.78,1.92,+,0.02,1.85,25,1.95,8,
704801,世紀*元大58購02,0,0,0,---,---,---, ---,,,0.00,0,0.00,0,
704802,弘塑元大58購01,0,0,0,---,---,---, ---,,,5.40,150,0.00,0,
704803,弘塑元大58購02,0,0,0,---,---,---, ---,,,5.25,150,0.00,0,
704804,弘塑元大59購03,"30,000",3,"130,400",4.17,4.49,4.17,4.38,+,0.17,4.45,150,0.00,0,
704805,均華元大58購02,0,0,0,---,---,---, ---,,,0.29,25,0.00,0,
704806,宜特元大58購02,0,0,0,---,---,---, ---,,,0.26,499,0.00,0,
704807,宜鼎元大5A購04,0,0,0,---,---,---, ---,,,4.54,150,4.64,10,
704808,信驊元大58購01,"6,000",4,"20,800",3.36,4.00,3.36,4.00,-,0.75,0.00,0,4.00,18,
704809,信驊元大58購04,0,0,0,---,---,---, ---,,,8.20,25,0.00,0,
704810,智通*元大58購01,"10,000",1,"9,700",0.97,0.97,0.97,0.97,+,0.07,1.05,499,0.00,0,
704811,聖暉*元大58購01,0,0,0,---,---,---, ---,,,9.85,100,0.00,0,
704814,精材元大58購06,0,0,0,---,---,---, ---,,,8.35,100,0.00,0,
704815,擎亞元大58購03,"3,000",2,"7,500",2.50,2.50,2.50,2.50,-,0.3,0.00,0,3.00,16,
704816,雙鴻元大58購04,0,0,0,---,---,---, ---,,,0.00,0,0.00,0,
704817,雙鴻元大58購05,0,0,0,---,---,---, ---,,,0.02,499,0.12,10,
704818,雙鴻元大58購06,0,0,0,---,---,---, ---,,,0.43,25,0.00,0,
704819,譜瑞元大58購03,0,0,0,---,---,---, ---,,,0.00,0,0.00,0,
704820,印能國泰59購01,0,0,0,---,---,---, ---,,,15.30,499,0.00,0,
704821,宜特國泰59購01,0,0,0,---,---,---, ---,,,1.57,499,1.61,100,
704822,雍智國泰59購01,0,0,0,---,---,---, ---,,,13.80,499,14.40,10,
704823,穩得國泰59購01,0,0,0,---,---,---, ---,,,0.00,0,0.00,0,
704824,大樹國票59購01,"50,000",1,"1,000",0.02,0.02,0.02,0.02,-,0.0,0.02,70,0.12,480,
704826,宏觀國票59購01,0,0,0,---,---,---, ---,,,0.23,25,0.24,10,
704827,系統電國票59購02,0,0,0,---,---,---, ---,,,0.23,25,0.24,10,
704828,亞電國票58購03,0,0,0,---,---,---, ---,,,5.05,25,0.00,0,
704829,信驊國票59購04,"2,000",2,"8,260",4.13,4.13,4.13,4.13,+,0.03,3.99,25,4.09,10,
704831,信驊國票5C購01,"12,000",2,"45,400",3.75,3.85,3.75,3.85,-,0.15,3.72,25,3.82,10,
704832,新鉅科國票59購01,0,0,0,---,---,---, ---,,,0.02,30,0.03,10,
704833,鉅橡國票59購01,0,0,0,---,---,---, ---,,,0.54,25,0.55,10,
704834,雍智國票59購01,0,0,0,---,---,---, ---,,,0.00,0,16.80,10,
704837,磐儀國票59購01,"230,000",9,"114,700",0.48,0.54,0.47,0.47,-,0.07,0.44,25,0.46,10,
704838,擎亞國票58購03,"10,000",1,"54,500",5.45,5.45,5.45,5.45,-,0.0,4.68,25,4.78,10,
704839,擎亞國票5A購01,0,0,0,---,---,---, ---,,,4.07,25,4.17,10,
704840,鑫聯國票59購01,0,0,0,---,---,---, ---,,,1.26,25,1.27,10,
704841,台半富邦5B購01,0,0,0,---,---,---, ---,,,1.88,110,1.98,10,
704842,台星科富邦5B購01,"1,216,000",19,"872,120",0.65,0.74,0.60,0.71,-,0.02,0.69,10,0.72,28,
704843,合晶富邦5B購01,0,0,0,---,---,---, ---,,,0.00,0,20.30,10,
704844,宜特富邦5A購01,"9,000",3,"5,520",0.62,0.62,0.59,0.59,-,0.05,0.62,10,0.63,28,
704845,信驊富邦5B購01,0,0,0,---,---,---, ---,,,4.00,10,4.10,10,
704846,智通*富邦5A購01,"2,422,000",83,"1,878,140",0.74,1.00,0.73,0.90,+,0.05,0.81,10,0.90,9,
704847,智通*富邦5B購01,"102,000",10,"61,600",0.50,0.62,0.50,0.62,+,0.02,0.52,10,0.62,10,
704848,順達富邦5A購01,"15,000",1,"21,450",1.43,1.43,1.43,1.43,-,0.23,1.43,10,1.47,10,
704849,廣明富邦5B購01,0,0,0,---,---,---, ---,,,0.01,599,0.11,28,
704850,廣運富邦5B購01,0,0,0,---,---,---, ---,,,0.06,8,0.14,30,
704851,擎亞富邦59購01,0,0,0,---,---,---, ---,,,3.06,10,3.16,10,
704852,雙鴻富邦5A購01,"59,000",3,"37,380",0.65,0.65,0.63,0.63,-,0.03,0.65,10,0.66,28,
704854,世界凱基58購02,0,0,0,---,---,---, ---,,,2.12,100,2.22,10,
704855,世紀*凱基58購02,"100,000",1,"1,000",0.01,0.01,0.01,0.01,-,0.0,0.00,0,0.05,10,
704856,均華凱基58購02,0,0,0,---,---,---, ---,,,0.92,10,1.02,10,
704858,東捷凱基5A購01,0,0,0,---,---,---, ---,,,9.95,20,10.90,10,
704859,智通*凱基58購02,"64,000",2,"88,720",1.33,1.39,1.33,1.39,+,0.09,1.43,499,1.53,10,
704861,精材凱基58購02,0,0,0,---,---,---, ---,,,16.10,20,17.10,10,
704862,雙鴻凱基58購02,0,0,0,---,---,---, ---,,,0.06,100,0.16,10,
704863,譜瑞凱基58購01,0,0,0,---,---,---, ---,,,0.00,0,0.00,0,
704864,鑫科凱基58購02,0,0,0,---,---,---, ---,,,2.36,10,2.46,10,
704866,中光電元大58購05,0,0,0,---,---,---, ---,,,0.26,25,0.00,0,
704867,中光電元大58購06,0,0,0,---,---,---, ---,,,0.32,25,0.00,0,
704868,世界元大58購08,0,0,0,---,---,---, ---,,,1.91,25,0.00,0,
704869,世界元大58購09,"20,000",2,"17,600",0.87,0.89,0.87,0.89,-,0.01,0.80,25,0.00,0,
704870,世紀*元大58購03,0,0,0,---,---,---, ---,,,0.00,0,0.00,0,
704871,加百裕元大58購01,0,0,0,---,---,---, ---,,,0.00,0,0.09,15,
704873,協易機元大58購01,0,0,0,---,---,---, ---,,,0.00,0,0.10,10,
704876,萬潤元大59購02,0,0,0,---,---,---, ---,,,18.00,50,0.00,0,
704877,弘塑國泰59購01,0,0,0,---,---,---, ---,,,5.95,499,0.00,0,
704878,智通國泰59購01,"5,000",1,"10,650",2.13,2.13,2.13,2.13,-,0.04,2.32,499,3.40,1,
704879,聖暉國泰59購01,0,0,0,---,---,---, ---,,,10.80,499,0.00,0,
704880,榮剛富邦5A購01,0,0,0,---,---,---, ---,,,0.48,2,0.57,10,
704881,譜瑞兆豐62購01,"10,000",1,"22,800",2.28,2.28,2.28,2.28,-,0.08,2.32,20,2.33,10,
704882,朋億*國票59購01,"24,000",10,"85,150",3.47,3.68,3.28,3.50,-,0.09,3.37,25,3.47,10,
704883,能率國票59購01,"228,000",9,"79,860",0.33,0.37,0.33,0.34,-,0.06,0.32,25,0.33,10,
704884,廣運國票59購01,0,0,0,---,---,---, ---,,,0.05,25,0.06,10,
704885,雙鴻國票59購02,0,0,0,---,---,---, ---,,,0.19,25,0.25,10,
704886,譜瑞國票59購01,0,0,0,---,---,---, ---,,,1.68,25,0.00,0,
704887,協易機群益58購01,0,0,0,---,---,---, ---,,,0.00,0,0.00,0,
704888,聖暉*群益58購02,0,0,0,---,---,---, ---,,,8.20,50,0.00,0,
704892,點序元富58購01,0,0,0,---,---,---, ---,,,0.01,25,0.11,10,
704893,青雲永豐5A購01,"107,000",4,"1,237,400",10.80,11.70,10.80,11.60,+,0.8,11.50,10,12.60,3,
704894,穩得永豐58購01,0,0,0,---,---,---, ---,,,0.45,499,0.00,0,
704895,世界統一62購01,"15,000",2,"15,400",1.03,1.03,1.02,1.02,-,0.02,0.95,10,1.05,10,
704896,台星科統一62購01,"811,000",10,"592,860",0.69,0.75,0.65,0.73,-,0.01,0.72,10,0.73,10,
704897,台燿統一62購01,0,0,0,---,---,---, ---,,,0.00,0,3.80,10,
704898,光頡統一5C購02,0,0,0,---,---,---, ---,,,0.00,0,0.00,0,
704899,長科*統一61購01,0,0,0,---,---,---, ---,,,1.19,10,1.29,10,
704900,茂達統一62購01,"351,000",6,"306,140",0.89,0.90,0.84,0.90,-,0.02,0.89,10,0.91,10,
704901,茂達統一62購02,0,0,0,---,---,---, ---,,,0.86,10,0.96,10,
704902,訊聯統一72購01,0,0,0,---,---,---, ---,,,0.35,10,0.36,10,
704903,智通*統一68購01,"1,184,000",9,"882,720",0.74,0.77,0.73,0.77,+,0.04,0.76,10,0.77,10,
704904,新復興統一72購01,"1,000",1,310,0.31,0.31,0.31,0.31,+,0.01,0.28,10,0.29,10,
704905,穩懋統一72購01,0,0,0,---,---,---, ---,,,1.80,10,1.81,10,
704906,穩懋統一72購02,"155,000",5,"229,570",1.48,1.50,1.44,1.50,-,0.09,1.45,10,1.46,10,
704907,鑫聯統一62購01,"5,000",1,"4,750",0.95,0.95,0.95,0.95,+,0.04,0.88,10,0.91,10,
704908,弘塑凱基58購03,0,0,0,---,---,---, ---,,,10.40,100,11.40,10,
704909,印能凱基58購02,0,0,0,---,---,---, ---,,,12.50,1,0.00,0,
704910,宏觀凱基59購01,0,0,0,---,---,---, ---,,,0.53,10,0.56,10,
704911,宜鼎凱基5A購02,0,0,0,---,---,---, ---,,,5.40,50,5.90,10,
704912,萬潤凱基58購01,"2,000",1,"58,000",29.00,29.00,29.00,29.00,-,0.0,28.80,100,29.80,10,
704913,群翊凱基58購01,0,0,0,---,---,---, ---,,,2.66,10,2.76,10,
704914,廣運凱基58購03,0,0,0,---,---,---, ---,,,0.05,10,0.15,10,
704915,穩懋凱基5B購02,"5,000",1,"25,000",5.00,5.00,5.00,5.00,-,0.4,4.74,100,4.84,10,
704916,中光電元大58購07,0,0,0,---,---,---, ---,,,0.78,25,1.78,5,
704918,中光電元大58購09,0,0,0,---,---,---, ---,,,0.40,6,0.86,5,
704919,世界元大58購10,0,0,0,---,---,---, ---,,,1.40,25,0.00,0,
704920,世界元大58購11,0,0,0,---,---,---, ---,,,0.71,25,0.00,0,
704921,印能元大58購02,"10,000",1,"74,000",7.40,7.40,7.40,7.40,+,0.75,7.30,100,0.00,0,
704924,宏觀元大58購01,0,0,0,---,---,---, ---,,,0.01,499,0.00,0,
704925,系統電元大62購01,"5,000",5,"2,750",0.55,0.55,0.55,0.55,+,0.18,0.35,30,0.45,45,
704926,宜鼎元大58購05,0,0,0,---,---,---, ---,,,4.29,150,0.00,0,
704927,智通*元大58購02,0,0,0,---,---,---, ---,,,0.90,499,1.00,80,
704928,智通*元大58購03,"147,000",8,"37,260",0.26,0.30,0.21,0.30,+,0.05,0.28,499,0.30,8,
704929,勤凱元大5A購02,0,0,0,---,---,---, ---,,,0.00,0,3.20,10,
704930,雙鴻元大58購07,0,0,0,---,---,---, ---,,,0.00,0,0.10,56,
704931,雙鴻元大58購08,0,0,0,---,---,---, ---,,,0.00,0,0.00,0,
704932,雙鴻元大58購09,0,0,0,---,---,---, ---,,,0.03,499,0.00,0,
704933,鑫聯元大58購01,0,0,0,---,---,---, ---,,,0.47,25,0.54,10,
704934,聖暉*國泰59購02,0,0,0,---,---,---, ---,,,9.65,499,0.00,0,
704935,雙鴻國泰59購01,0,0,0,---,---,---, ---,,,0.22,499,0.00,0,
704936,良維富邦59購01,0,0,0,---,---,---, ---,,,1.99,10,2.05,10,
704937,茂迪富邦61購01,"295,000",7,"147,580",0.51,0.51,0.49,0.50,-,0.0,0.48,10,0.49,28,
704940,印能國票59購01,0,0,0,---,---,---, ---,,,8.60,25,8.65,2,
704941,印能國票5A購01,0,0,0,---,---,---, ---,,,7.85,25,8.35,10,
704942,青雲國票59購01,0,0,0,---,---,---, ---,,,21.40,25,0.00,0,
704943,昱展國票59購01,0,0,0,---,---,---, ---,,,0.00,0,0.13,5,
704944,印能統一65購01,"61,000",4,"104,920",1.72,1.72,1.72,1.72,+,0.1,1.36,7,1.92,1,
704945,良維統一5C購01,0,0,0,---,---,---, ---,,,1.52,10,1.62,10,
704946,閎康統一72購01,0,0,0,---,---,---, ---,,,0.78,10,0.80,10,
704947,順達統一65購01,"2,000",1,"2,080",1.04,1.04,1.04,1.04,-,0.02,1.05,10,1.06,10,
704948,雙鴻統一5C購01,"20,000",2,"6,200",0.31,0.31,0.31,0.31,+,0.01,0.31,30,0.55,79,
704949,雙鴻統一65購01,0,0,0,---,---,---, ---,,,0.30,10,0.31,10,
704950,耀勝統一5C購03,0,0,0,---,---,---, ---,,,0.19,10,0.21,10,
704951,鑫科統一72購01,"15,000",1,"14,700",0.98,0.98,0.98,0.98,-,0.02,0.96,10,0.97,10,
704952,鑫聯統一72購01,"14,000",1,"14,560",1.04,1.04,1.04,1.04,-,0.03,1.04,97,1.05,10,
704953,鑫聯統一72購02,0,0,0,---,---,---, ---,,,0.85,10,0.86,10,
704954,系微兆豐62購01,"3,000",1,"8,700",2.90,2.90,2.90,2.90,-,0.14,2.80,20,2.81,10,
704955,正淩永豐59購01,0,0,0,---,---,---, ---,,,0.71,10,0.81,10,
704956,宏觀永豐58購01,0,0,0,---,---,---, ---,,,0.03,10,0.09,20,
704957,雙鴻永豐5A購02,0,0,0,---,---,---, ---,,,0.22,10,0.32,10,
704958,中探針群益5C購01,0,0,0,---,---,---, ---,,,0.00,0,13.50,10,
704959,天品群益58購01,"10,000",1,"1,100",0.11,0.11,0.11,0.11,-,0.09,0.11,499,0.00,0,
704960,巨有群益58購01,0,0,0,---,---,---, ---,,,0.00,0,1.20,20,
704961,均華群益58購01,0,0,0,---,---,---, ---,,,0.00,0,0.00,0,
704962,宏觀群益59購01,0,0,0,---,---,---, ---,,,0.24,499,0.34,10,
704963,協易機群益5A購01,0,0,0,---,---,---, ---,,,0.04,37,0.00,0,
704964,金山電群益58購01,0,0,0,---,---,---, ---,,,0.00,0,0.00,0,
704965,佶優群益58購01,0,0,0,---,---,---, ---,,,0.10,499,0.00,0,
704966,訊聯群益5A購01,0,0,0,---,---,---, ---,,,0.03,499,0.13,10,
704968,精材群益5A購02,0,0,0,---,---,---, ---,,,23.30,10,0.00,0,
704969,雙鴻群益58購03,"100,000",1,"2,000",0.02,0.02,0.02,0.02,-,0.1,0.02,499,0.00,0,
704970,雙鴻群益58購04,"100,000",1,"1,000",0.01,0.01,0.01,0.01,-,0.0,0.00,0,0.00,0,
704971,中美晶元富58購01,"620,000",3,"24,825,600",45.40,45.40,39.80,39.80,-,1.2,39.50,25,40.50,10,
704972,中探針元富58購01,0,0,0,---,---,---, ---,,,28.30,10,29.30,10,
704973,弘塑元富58購02,0,0,0,---,---,---, ---,,,8.70,25,9.20,10,
704974,印能元富58購02,0,0,0,---,---,---, ---,,,17.20,25,18.20,10,
704975,印能元富58購03,0,0,0,---,---,---, ---,,,15.80,25,16.80,10,
704976,均華元富58購02,0,0,0,---,---,---, ---,,,2.43,25,2.53,10,
704977,宜鼎元富58購01,0,0,0,---,---,---, ---,,,5.00,25,5.50,10,
704978,宜鼎元富58購02,0,0,0,---,---,---, ---,,,4.05,25,4.15,10,
704980,茂迪元富58購01,"228,000",10,"128,540",0.58,0.60,0.53,0.53,-,0.07,0.54,25,0.55,10,
704981,勤凱元富58購01,0,0,0,---,---,---, ---,,,4.59,25,4.69,10,
704982,聖暉*元富58購01,0,0,0,---,---,---, ---,,,12.60,25,13.60,10,
704983,雙鴻元富5A購02,0,0,0,---,---,---, ---,,,0.37,25,0.38,10,
704984,雙鴻元富5A購03,0,0,0,---,---,---, ---,,,0.36,25,0.46,10,
704986,中光電元大58購11,0,0,0,---,---,---, ---,,,0.52,25,0.00,0,
704987,中光電元大58購12,0,0,0,---,---,---, ---,,,0.34,25,0.00,0,
704988,世界元大58購12,0,0,0,---,---,---, ---,,,2.29,25,0.00,0,
704989,宏觀元大58購02,0,0,0,---,---,---, ---,,,0.04,499,0.14,10,
704990,宜特元大58購03,0,0,0,---,---,---, ---,,,1.11,499,1.21,10,
704991,鈊象元大58購03,0,0,0,---,---,---, ---,,,0.24,25,0.30,10,
704992,萬潤元大58購04,0,0,0,---,---,---, ---,,,15.80,50,0.00,0,
704993,萬潤元大58購05,0,0,0,---,---,---, ---,,,13.60,50,0.00,0,
704995,鉅橡元大59購01,0,0,0,---,---,---, ---,,,0.17,499,0.18,10,
704996,雙鴻元大58購10,0,0,0,---,---,---, ---,,,0.00,0,0.10,10,
704997,雙鴻元大5B購01,0,0,0,---,---,---, ---,,,0.16,499,0.26,10,
704998,雙鴻元大61購02,0,0,0,---,---,---, ---,,,0.21,499,0.31,10,
704999,凡甲國泰59購01,0,0,0,---,---,---, ---,,,1.99,150,2.06,100,
705000,世紀*國泰59購01,"150,000",2,"8,500",0.07,0.07,0.05,0.05,-,0.04,0.04,499,0.06,100,
705001,良維國泰59購01,0,0,0,---,---,---, ---,,,4.58,499,0.00,0,
705002,世界富邦5C購02,"464,000",45,"705,800",1.52,1.59,1.44,1.50,-,0.0,1.49,10,1.50,7,
705003,世界統一72購01,"592,000",36,"664,740",1.10,1.14,1.09,1.09,-,0.01,1.09,10,1.10,10,
705004,宏觀統一62購01,"102,000",1,"31,620",0.31,0.31,0.31,0.31,-,0.02,0.31,10,0.32,10,
705005,茂迪統一72購01,"30,000",2,"16,200",0.54,0.54,0.54,0.54,+,0.01,0.52,41,0.53,10,
705006,茂達統一61購02,0,0,0,---,---,---, ---,,,0.98,10,1.08,10,
705007,智通*統一62購01,"134,000",9,"116,900",0.85,0.94,0.85,0.91,+,0.04,0.90,10,0.91,9,
705008,湧德統一61購03,0,0,0,---,---,---, ---,,,0.34,10,0.42,10,
705009,穩懋統一72購03,0,0,0,---,---,---, ---,,,1.73,10,1.83,10,
705010,穩懋統一72購04,"300,000",16,"471,250",1.61,1.61,1.53,1.53,-,0.16,1.52,10,1.53,10,
705011,鑫聯統一61購01,0,0,0,---,---,---, ---,,,0.76,10,0.83,10,
705012,台燿永豐5C購01,0,0,0,---,---,---, ---,,,0.00,0,0.00,0,
705013,台燿永豐61購01,0,0,0,---,---,---, ---,,,0.00,0,0.00,0,
705014,宏捷科永豐5A購01,"485,000",8,"450,470",0.97,0.97,0.91,0.91,-,0.28,0.89,10,0.95,10,
705015,穩懋永豐59購04,0,0,0,---,---,---, ---,,,0.00,0,0.00,0,
705016,凡甲凱基58購01,0,0,0,---,---,---, ---,,,1.31,10,1.35,10,
705017,世界凱基58購03,"17,000",3,"42,210",2.23,2.66,2.23,2.66,+,0.35,2.33,100,2.36,10,
705018,弘塑凱基58購04,0,0,0,---,---,---, ---,,,11.30,10,12.30,10,
705019,宏觀凱基58購01,0,0,0,---,---,---, ---,,,0.04,10,0.14,10,
705020,宜特凱基58購03,0,0,0,---,---,---, ---,,,1.12,10,1.15,10,
705021,茂迪凱基58購02,0,0,0,---,---,---, ---,,,0.04,20,0.14,10,
705022,智通*凱基58購03,0,0,0,---,---,---, ---,,,1.12,100,0.00,0,
705023,雙鴻凱基5C購01,0,0,0,---,---,---, ---,,,0.67,100,0.68,30,
705024,台燿群益58購05,"2,000",2,"40,500",20.10,20.40,20.10,20.40,-,4.2,0.00,0,0.00,0,
705026,宏觀群益58購01,0,0,0,---,---,---, ---,,,0.03,499,0.13,10,
705027,系統電群益5A購01,0,0,0,---,---,---, ---,,,0.24,499,0.34,10,
705028,宜特群益5A購01,0,0,0,---,---,---, ---,,,0.85,100,0.95,10,
705029,金山電群益5A購01,0,0,0,---,---,---, ---,,,0.00,0,13.00,10,
705030,茂迪群益59購01,0,0,0,---,---,---, ---,,,0.06,10,0.38,10,
705031,訊聯群益5A購02,0,0,0,---,---,---, ---,,,0.00,0,0.69,10,
705032,鈊象群益58購01,"10,000",1,600,0.06,0.06,0.06,0.06,-,0.04,0.06,499,0.16,10,
705033,萬潤群益58購03,0,0,0,---,---,---, ---,,,29.30,10,30.30,10,
705034,精材群益5A購03,0,0,0,---,---,---, ---,,,19.00,50,20.00,10,
705036,鑫聯群益58購02,0,0,0,---,---,---, ---,,,0.01,499,4.30,3,
705037,台燿國票59購01,0,0,0,---,---,---, ---,,,0.00,0,15.30,10,
705038,宏觀國票5C購01,0,0,0,---,---,---, ---,,,0.52,25,0.54,10,
705039,青雲國票58購02,0,0,0,---,---,---, ---,,,14.20,25,0.00,0,
705040,青雲國票58購03,0,0,0,---,---,---, ---,,,16.00,25,17.00,10,
705041,茂迪國票59購01,0,0,0,---,---,---, ---,,,0.16,25,0.17,10,
705042,博大國票59購01,"40,000",5,"25,860",0.65,0.65,0.63,0.63,-,0.02,0.60,25,0.63,10,
705043,鑫聯國票59購02,0,0,0,---,---,---, ---,,,0.97,25,0.98,10,
705044,山富國票59購01,"1,000",1,40,0.04,0.04,0.04,0.04,+,0.01,0.02,75,0.03,10,
705045,五福國票59購01,"800,000",2,"64,000",0.08,0.08,0.08,0.08,-,0.02,0.09,25,0.10,10,
705046,世界國票59購02,"3,000",1,"10,440",3.48,3.48,3.48,3.48,-,0.03,3.44,25,3.54,10,
705047,世界國票59購05,0,0,0,---,---,---, ---,,,2.20,25,2.30,10,
705048,系微國票59購01,"80,000",6,"61,500",0.81,0.81,0.74,0.77,-,0.17,0.71,25,0.78,10,
705049,宜鼎國票59購01,0,0,0,---,---,---, ---,,,7.50,25,8.00,10,
705050,茂迪國票59購02,"15,000",2,"1,500",0.10,0.10,0.10,0.10,-,0.01,0.09,25,0.10,10,
705051,精材國票59購02,"28,000",6,"435,300",16.80,16.80,15.30,15.40,-,0.8,15.00,25,16.00,10,
705052,精測國票59購05,"175,000",48,"9,370",0.05,0.07,0.05,0.05,-,0.02,0.05,169,0.07,6,
705053,精測國票59購06,"38,000",1,"2,660",0.07,0.07,0.07,0.07,-,0.01,0.06,25,0.07,10,
705054,精測國票59購07,0,0,0,---,---,---, ---,,,0.07,25,0.08,10,
705055,宜鼎元大58購06,"40,000",4,"109,200",2.64,2.82,2.64,2.82,-,0.62,2.72,200,0.00,0,
705056,茂迪元大58購01,0,0,0,---,---,---, ---,,,0.16,499,0.22,10,
705057,精測元大58購02,0,0,0,---,---,---, ---,,,0.00,0,0.01,2192,
705058,精測元大58購03,0,0,0,---,---,---, ---,,,0.00,0,0.10,10,
705059,雙鴻元大58購11,0,0,0,---,---,---, ---,,,0.01,499,0.07,30,
705060,雙鴻元大58購12,0,0,0,---,---,---, ---,,,0.03,499,0.13,10,
705062,穩懋元大58購05,0,0,0,---,---,---, ---,,,1.46,25,1.56,10,
705063,穩懋元大61購02,"5,000",1,"8,000",1.60,1.60,1.60,1.60,-,0.02,1.45,25,1.55,10,
705064,鑫聯元大58購02,0,0,0,---,---,---, ---,,,0.49,25,0.56,10,
705065,新應材台新58購01,0,0,0,---,---,---, ---,,,0.32,25,0.42,10,
705066,中光電凱基58購04,0,0,0,---,---,---, ---,,,1.10,100,1.20,10,
705068,鈊象凱基58購02,0,0,0,---,---,---, ---,,,0.24,100,0.34,10,
705069,新鉅科凱基59購01,"5,000",5,100,0.02,0.02,0.02,0.02,-,0.01,0.02,10,0.12,10,
705070,新應材凱基58購05,"38,000",1,"3,420",0.09,0.09,0.09,0.09,-,0.09,0.06,10,0.08,10,
705071,新應材凱基58購06,"3,000",1,"2,460",0.82,0.82,0.82,0.82,-,0.0,0.76,200,0.86,10,
705072,新應材凱基5A購01,"102,000",8,"164,970",1.55,1.75,1.55,1.66,-,0.04,1.61,10,1.63,10,
705074,精測凱基58購03,0,0,0,---,---,---, ---,,,0.00,0,0.10,110,
705075,精測凱基58購04,0,0,0,---,---,---, ---,,,0.00,0,0.10,12,
705076,精測凱基58購05,0,0,0,---,---,---, ---,,,0.00,0,0.10,60,
705077,穩懋凱基59購07,0,0,0,---,---,---, ---,,,5.50,100,5.65,10,
705078,鑫聯凱基58購02,0,0,0,---,---,---, ---,,,1.20,10,1.21,10,
705079,弘塑群益58購02,0,0,0,---,---,---, ---,,,15.10,50,0.00,0,
705080,茂迪群益58購01,0,0,0,---,---,---, ---,,,0.00,0,0.12,10,
705081,閎康群益5A購01,"3,000",2,"5,810",1.92,1.97,1.92,1.97,-,0.08,0.06,10,0.00,0,
705082,新應材群益58購03,0,0,0,---,---,---, ---,,,0.23,499,0.33,10,
705083,精測群益5A購01,"250,000",1,"30,000",0.12,0.12,0.12,0.12,-,0.04,0.04,10,0.00,0,
705084,精測群益62購03,"620,000",13,"446,020",0.72,0.73,0.68,0.68,-,0.14,0.59,16,0.00,0,
705085,茂迪國泰59購01,0,0,0,---,---,---, ---,,,0.49,499,0.50,100,
705086,新應材國泰59購01,0,0,0,---,---,---, ---,,,0.00,0,0.00,0,
705087,世界富邦5C購03,0,0,0,---,---,---, ---,,,1.95,10,1.99,10,
705088,新應材富邦59購01,"358,000",12,"258,130",0.68,0.76,0.66,0.71,-,0.02,0.69,10,0.70,28,
705089,新應材富邦63購01,"9,000",3,"3,990",0.43,0.45,0.43,0.45,+,0.04,0.45,84,0.48,18,
705090,精測富邦5A購01,"47,000",2,"4,090",0.09,0.09,0.07,0.07,-,0.04,0.07,492,0.10,20,
705091,正淩統一62購01,0,0,0,---,---,---, ---,,,0.62,10,0.72,10,
705092,正淩統一65購01,"151,000",3,"79,820",0.52,0.53,0.52,0.53,-,0.0,0.52,10,0.53,10,
705093,宏觀統一72購01,0,0,0,---,---,---, ---,,,0.45,10,0.46,10,
705094,宜特統一62購01,"273,000",7,"198,860",0.72,0.74,0.70,0.74,-,0.01,0.73,10,0.74,10,
705095,新復興統一62購01,0,0,0,---,---,---, ---,,,0.13,10,0.16,10,
705096,精測統一62購01,0,0,0,---,---,---, ---,,,0.19,5,0.22,10,
705097,精測統一64購02,0,0,0,---,---,---, ---,,,0.00,0,0.83,10,
705098,精測統一72購01,"1,000",1,640,0.64,0.64,0.64,0.64,-,0.28,0.65,21,0.00,0,
705099,雙鴻統一62購03,0,0,0,---,---,---, ---,,,0.22,10,0.32,10,
705100,鑫科統一62購01,"110,000",2,"80,300",0.73,0.73,0.73,0.73,-,0.04,0.74,10,0.75,10,
705101,世界中信5B購01,0,0,0,---,---,---, ---,,,3.29,10,3.39,10,
705103,弘塑元富5A購02,0,0,0,---,---,---, ---,,,6.55,25,7.05,10,
705104,茂迪元富58購02,0,0,0,---,---,---, ---,,,0.12,25,0.17,10,
705105,茂迪元富58購03,0,0,0,---,---,---, ---,,,0.09,25,0.14,10,
705106,精測元富58購01,0,0,0,---,---,---, ---,,,0.00,0,0.10,28,
705107,精測元富58購02,0,0,0,---,---,---, ---,,,0.00,0,0.10,10,
705108,精測元富5B購01,"16,000",2,"5,700",0.36,0.36,0.35,0.35,-,0.05,0.24,25,0.34,10,
705109,精測元富5B購02,0,0,0,---,---,---, ---,,,0.12,25,0.22,10,
705110,精測元富5B購03,0,0,0,---,---,---, ---,,,0.11,25,0.21,10,
705111,系統電永豐61購01,"10,000",1,"10,100",1.01,1.01,1.01,1.01,-,0.03,0.98,10,1.00,10,
705112,茂迪永豐5A購01,0,0,0,---,---,---, ---,,,0.41,10,0.42,10,
705113,閎康永豐58購01,0,0,0,---,---,---, ---,,,0.76,499,0.86,10,
705114,新應材永豐61購01,0,0,0,---,---,---, ---,,,2.60,13,5.55,77,
705115,雙鴻台新58購01,0,0,0,---,---,---, ---,,,0.06,25,0.16,10,
705116,弘塑凱基58購05,0,0,0,---,---,---, ---,,,11.50,100,12.50,10,
705117,系統電凱基5A購02,"34,000",1,"7,820",0.23,0.23,0.23,0.23,-,0.03,0.23,10,0.24,30,
705118,茂迪凱基58購03,0,0,0,---,---,---, ---,,,0.46,10,0.47,10,
705120,湧德凱基58購02,0,0,0,---,---,---, ---,,,0.53,100,0.55,10,
705121,閎康凱基59購01,0,0,0,---,---,---, ---,,,2.24,10,2.28,10,
705123,雙鴻凱基59購06,0,0,0,---,---,---, ---,,,0.31,100,0.32,30,
705124,訊聯國泰59購01,0,0,0,---,---,---, ---,,,0.07,499,0.08,100,
705125,博智富邦59購01,0,0,0,---,---,---, ---,,,2.22,10,2.28,10,
705126,大中統一62購01,"10,000",1,"20,100",2.01,2.01,2.01,2.01,-,0.1,1.91,10,2.01,10,
705127,宏觀統一72購02,0,0,0,---,---,---, ---,,,0.62,100,0.63,10,
705128,良維統一72購01,"6,000",1,"7,860",1.31,1.31,1.31,1.31,-,0.03,1.28,10,1.29,10,
705129,宜特統一72購01,"41,000",3,"35,500",0.86,0.87,0.86,0.87,-,0.01,0.86,10,0.87,10,
705130,長科*統一72購01,0,0,0,---,---,---, ---,,,1.33,76,1.34,10,
705131,茂迪統一61購01,"103,000",3,"34,690",0.34,0.34,0.33,0.33,-,0.0,0.33,7,0.34,10,
705132,茂迪統一72購02,0,0,0,---,---,---, ---,,,0.56,10,0.57,10,
705133,博智統一62購01,"10,000",1,"12,800",1.28,1.28,1.28,1.28,-,0.02,1.22,10,1.30,10,
705134,博智統一62購02,0,0,0,---,---,---, ---,,,1.27,10,1.37,10,
705135,穩懋統一72購05,"121,000",8,"184,530",1.52,1.54,1.51,1.54,-,0.07,1.49,10,1.50,10,
705136,鏵友益統一72購01,"194,000",9,"214,460",1.09,1.12,1.09,1.12,-,0.01,1.11,91,1.12,10,
705137,台燿中信5A購01,0,0,0,---,---,---, ---,,,0.00,0,7.65,10,
705138,良維中信5C購01,0,0,0,---,---,---, ---,,,1.73,499,1.83,10,
705140,元太元富58購01,0,0,0,---,---,---, ---,,,0.72,25,0.82,10,
705141,新應材永豐58購01,0,0,0,---,---,---, ---,,,0.50,10,0.60,10,
705142,新應材永豐5B購01,"5,000",1,"8,250",1.65,1.65,1.65,1.65,+,0.02,1.53,10,1.63,10,
705143,正淩國票5B購01,0,0,0,---,---,---, ---,,,0.80,25,0.82,10,
705144,岳豐國票59購01,"10,000",1,"4,800",0.48,0.48,0.48,0.48,-,0.04,0.51,25,0.52,10,
705145,長佳智國票59購01,0,0,0,---,---,---, ---,,,0.10,25,0.11,10,
705146,前鼎國票59購01,0,0,0,---,---,---, ---,,,5.10,25,5.60,10,
705147,崴寶國票59購01,0,0,0,---,---,---, ---,,,0.60,25,0.66,10,
705148,廣明國票59購01,0,0,0,---,---,---, ---,,,0.02,25,0.03,10,
705149,德勝國票59購01,"10,000",1,"2,500",0.25,0.25,0.25,0.25,-,0.03,0.24,25,0.25,10,
705150,加百裕元大58購02,"1,000",1,160,0.16,0.16,0.16,0.16,-,0.28,0.06,499,0.16,10,
705152,宜特元大58購04,0,0,0,---,---,---, ---,,,0.26,499,0.36,10,
705153,宜鼎元大58購07,0,0,0,---,---,---, ---,,,3.75,150,0.00,0,
705155,鈊象元大58購04,0,0,0,---,---,---, ---,,,1.36,25,1.46,10,
705156,鈊象元大58購05,0,0,0,---,---,---, ---,,,0.91,25,0.99,10,
705157,勤凱元大58購01,0,0,0,---,---,---, ---,,,0.00,0,4.42,10,
705159,雙鴻元大58購14,0,0,0,---,---,---, ---,,,0.00,0,0.10,10,
705160,雙鴻元大58購15,0,0,0,---,---,---, ---,,,0.00,0,0.20,95,
705161,雙鴻元大61購03,0,0,0,---,---,---, ---,,,0.35,25,0.45,10,
705163,鑫聯元大58購03,0,0,0,---,---,---, ---,,,1.30,25,1.40,10,
705164,中光電群益58購05,0,0,0,---,---,---, ---,,,0.48,499,0.00,0,
705165,台燿群益58購06,0,0,0,---,---,---, ---,,,0.00,0,0.00,0,
705167,茂迪台新58購01,0,0,0,---,---,---, ---,,,0.46,25,0.47,10,
705169,正淩凱基5B購01,0,0,0,---,---,---, ---,,,0.83,10,0.84,10,
705170,均華凱基58購04,"10,000",2,"34,710",2.49,3.58,2.49,3.58,+,0.86,3.30,10,3.40,10,
705171,系統電凱基61購01,"220,000",1,"162,800",0.74,0.74,0.74,0.74,-,0.09,0.77,100,0.80,10,
705173,宜鼎凱基59購04,0,0,0,---,---,---, ---,,,7.40,50,7.90,10,
705174,信立凱基58購01,"15,000",2,"1,200",0.08,0.08,0.08,0.08,-,0.01,0.06,10,0.08,10,
705175,崴寶凱基59購01,"10,000",1,"8,000",0.80,0.80,0.80,0.80,-,0.19,0.80,10,0.89,10,
705176,鈊象凱基58購03,0,0,0,---,---,---, ---,,,1.60,100,0.00,0,
705177,新漢凱基58購01,"12,000",3,"5,760",0.48,0.48,0.48,0.48,-,0.11,0.47,10,0.48,10,
705178,萬潤凱基58購03,0,0,0,---,---,---, ---,,,34.50,100,35.50,10,
705179,雙鴻凱基5C購02,0,0,0,---,---,---, ---,,,0.44,100,0.45,30,
705181,家登國泰59購01,0,0,0,---,---,---, ---,,,3.49,499,3.55,10,
705182,雙鴻國泰59購02,0,0,0,---,---,---, ---,,,0.17,499,0.00,0,
705183,雙鴻國泰59購03,0,0,0,---,---,---, ---,,,0.08,499,0.17,100,
705184,中美晶富邦58購01,0,0,0,---,---,---, ---,,,7.75,30,8.00,10,
705185,弘塑富邦59購03,0,0,0,---,---,---, ---,,,5.35,10,5.85,10,
705186,閎康富邦5A購01,0,0,0,---,---,---, ---,,,1.52,10,2.02,1,
705187,精材富邦58購01,0,0,0,---,---,---, ---,,,9.20,30,9.70,10,
705188,元太統一62購01,"644,000",11,"360,480",0.55,0.58,0.53,0.58,-,0.02,0.54,20,0.55,10,
705190,弘塑統一72購01,0,0,0,---,---,---, ---,,,1.95,10,1.96,10,
705191,正淩統一72購01,"30,000",1,"21,600",0.72,0.72,0.72,0.72,-,0.01,0.71,10,0.72,10,
705192,沛亨統一72購01,0,0,0,---,---,---, ---,,,1.70,1,1.76,10,
705193,宜鼎統一72購01,"32,000",4,"49,840",1.57,1.57,1.53,1.53,-,0.13,1.52,10,0.00,0,
705194,崴寶統一64購01,0,0,0,---,---,---, ---,,,0.63,10,0.65,10,
705195,崴寶統一72購01,0,0,0,---,---,---, ---,,,0.91,100,0.92,10,
705196,雙鴻統一72購01,0,0,0,---,---,---, ---,,,0.58,10,0.59,10,
705197,鑫聯統一65購01,"93,000",4,"75,810",0.77,0.83,0.77,0.83,+,0.01,0.80,10,0.81,10,
705198,九豪國票58購01,0,0,0,---,---,---, ---,,,6.80,25,7.30,10,
705199,凡甲國票59購01,0,0,0,---,---,---, ---,,,0.81,25,0.84,10,
705200,加百裕國票58購01,0,0,0,---,---,---, ---,,,0.12,25,0.22,10,
705201,加百裕國票59購01,"98,000",1,"22,540",0.23,0.23,0.23,0.23,-,0.03,0.23,25,0.24,10,
705202,匯鑽科國票58購02,0,0,0,---,---,---, ---,,,0.08,25,0.09,10,
705203,匯鑽科國票59購02,"130,000",2,"19,500",0.15,0.15,0.15,0.15,-,0.0,0.14,25,0.15,10,
705204,鈺太國票58購01,0,0,0,---,---,---, ---,,,1.56,25,1.66,10,
705205,鑫聯國票59購03,"8,000",2,"15,680",1.96,1.96,1.96,1.96,+,0.09,1.74,25,1.75,10,
705206,九豪元大58購01,0,0,0,---,---,---, ---,,,3.94,200,0.00,0,
705207,茂迪元大58購02,0,0,0,---,---,---, ---,,,0.21,499,0.22,10,
705208,鈊象元大58購06,0,0,0,---,---,---, ---,,,0.00,0,0.00,0,
705209,雙鴻元大58購16,0,0,0,---,---,---, ---,,,0.08,499,0.18,10,
705210,雙鴻元大58購17,0,0,0,---,---,---, ---,,,0.09,10,0.00,0,
705211,雙鴻元大58購18,0,0,0,---,---,---, ---,,,0.17,499,0.18,10,
705212,雙鴻元大5C購01,"76,000",4,"27,300",0.38,0.38,0.35,0.35,+,0.02,0.35,499,0.45,10,
705213,雙鴻元大61購04,0,0,0,---,---,---, ---,,,0.20,499,0.30,10,
705214,神盾永豐5B購01,"148,000",5,"59,660",0.40,0.41,0.40,0.41,-,0.04,0.40,10,0.41,10,
705215,崴寶永豐5B購01,0,0,0,---,---,---, ---,,,0.82,10,0.91,10,
705216,雙鴻永豐61購01,0,0,0,---,---,---, ---,,,0.00,0,2.48,3,
705218,新應材元富58購01,0,0,0,---,---,---, ---,,,0.00,0,0.00,0,
705219,新應材元富58購02,0,0,0,---,---,---, ---,,,0.28,125,0.00,0,
705220,萬潤元富58購01,0,0,0,---,---,---, ---,,,18.20,25,19.20,10,
705221,雙鴻元富5A購04,0,0,0,---,---,---, ---,,,0.64,25,0.74,10,
705222,雙鴻元富5A購05,0,0,0,---,---,---, ---,,,0.51,25,0.55,1,
705223,雙鴻元富5A購06,0,0,0,---,---,---, ---,,,0.38,25,0.39,10,
705224,穩懋元富5A購02,0,0,0,---,---,---, ---,,,6.65,25,7.15,10,
705225,穩懋元富5A購03,0,0,0,---,---,---, ---,,,5.25,25,5.30,10,
705226,凡甲群益58購01,0,0,0,---,---,---, ---,,,1.37,499,1.47,10,
705230,雙鴻群益58購05,0,0,0,---,---,---, ---,,,0.01,499,1.00,40,
705231,雙鴻群益58購06,0,0,0,---,---,---, ---,,,0.06,499,0.16,10,
705233,力旺凱基58購02,"15,000",2,"37,350",2.47,2.53,2.47,2.53,+,0.64,2.50,10,2.53,10,
705235,力旺凱基5B購01,0,0,0,---,---,---, ---,,,0.00,0,0.00,0,
705236,凡甲凱基59購01,"20,000",2,"15,200",0.76,0.76,0.76,0.76,-,0.06,0.87,10,0.89,10,
705237,東捷凱基58購01,0,0,0,---,---,---, ---,,,15.60,100,16.60,10,
705238,穩懋凱基61購01,0,0,0,---,---,---, ---,,,1.71,11,3.12,21,
705239,鑫聯凱基58購03,0,0,0,---,---,---, ---,,,1.08,10,1.09,10,
705241,力旺永豐59購01,"1,000",1,"2,230",2.23,2.23,2.23,2.23,-,0.11,2.26,10,2.31,10,
705242,宸曜永豐59購01,"100,000",1,"41,000",0.41,0.41,0.41,0.41,-,0.07,0.41,10,0.45,10,
705243,萬潤永豐62購01,0,0,0,---,---,---, ---,,,17.80,499,0.00,0,
705245,力旺元富58購02,0,0,0,---,---,---, ---,,,1.95,25,1.97,10,
705246,力旺元富5A購01,0,0,0,---,---,---, ---,,,3.89,25,3.99,10,
705247,系統電元富58購01,0,0,0,---,---,---, ---,,,0.15,25,0.16,10,
705248,新應材元富58購03,0,0,0,---,---,---, ---,,,0.41,25,0.51,10,
705249,力旺國泰59購01,0,0,0,---,---,---, ---,,,2.81,499,0.00,0,
705250,凡甲國泰59購02,0,0,0,---,---,---, ---,,,1.58,499,1.68,100,
705251,中美晶國泰59購01,0,0,0,---,---,---, ---,,,9.55,150,0.00,0,
705252,神盾國泰59購01,0,0,0,---,---,---, ---,,,0.40,499,0.44,100,
705253,穩懋國泰59購01,"2,000",1,"8,260",4.13,4.13,4.13,4.13,-,0.65,3.90,499,3.95,100,
705254,雙鴻富邦5A購02,"22,000",2,"3,760",0.17,0.18,0.17,0.18,-,0.0,0.17,10,0.18,26,
705255,雙鴻富邦5A購03,0,0,0,---,---,---, ---,,,0.30,10,0.31,28,
705257,力旺統一65購01,"13,000",4,"12,760",0.95,0.99,0.95,0.99,-,0.19,0.99,10,1.00,10,
705258,力旺統一72購01,"82,000",7,"90,820",1.10,1.13,1.09,1.13,-,0.0,1.12,10,1.13,20,
705259,凡甲統一72購01,0,0,0,---,---,---, ---,,,0.73,10,0.74,10,
705260,凡甲統一72購02,"35,000",3,"30,090",0.85,0.87,0.85,0.87,-,0.0,0.87,100,0.88,10,
705261,元太統一62購02,0,0,0,---,---,---, ---,,,0.54,10,0.55,10,
705262,元太統一72購01,"100,000",7,"49,560",0.49,0.51,0.49,0.50,-,0.02,0.50,10,0.61,1,
705263,弘塑統一72購02,0,0,0,---,---,---, ---,,,1.83,10,1.93,10,
705264,正淩統一72購02,0,0,0,---,---,---, ---,,,0.58,10,0.59,10,
705265,沛亨統一72購02,0,0,0,---,---,---, ---,,,1.26,10,1.29,10,
705266,博智統一72購01,"27,000",4,"39,310",1.48,1.48,1.42,1.42,-,0.05,1.40,10,1.41,10,
705267,閎康統一72購02,"43,000",3,"46,160",1.07,1.09,1.06,1.06,-,0.05,1.05,10,1.06,10,
705268,雙鴻統一62購04,"68,000",4,"14,760",0.22,0.22,0.20,0.20,-,0.03,0.20,40,0.47,20,
705269,穩懋統一65購02,"221,000",14,"247,640",1.12,1.14,1.10,1.10,-,0.18,1.09,10,1.10,10,
705272,世紀*國票59購02,0,0,0,---,---,---, ---,,,0.03,25,0.04,10,
705273,穩懋國票59購02,"14,000",2,"44,170",3.12,3.19,3.12,3.19,-,0.48,2.92,25,2.94,10,
705276,力旺群益5A購01,"70,000",5,"172,560",2.43,2.52,2.37,2.50,+,0.02,2.51,10,2.61,10,
705279,良維群益5C購01,0,0,0,---,---,---, ---,,,1.80,499,1.90,10,
705280,萬潤群益58購06,0,0,0,---,---,---, ---,,,15.90,10,0.00,0,
705281,雙鴻群益58購07,0,0,0,---,---,---, ---,,,0.03,499,0.13,10,
705282,力旺元大58購03,0,0,0,---,---,---, ---,,,10.20,50,11.20,10,
705284,力旺元大5A購03,0,0,0,---,---,---, ---,,,1.87,400,1.97,10,
705285,正淩元大58購01,0,0,0,---,---,---, ---,,,0.60,25,0.62,10,
705286,長科*元大58購02,0,0,0,---,---,---, ---,,,2.42,4,0.00,0,
705287,閎康元大58購02,0,0,0,---,---,---, ---,,,2.02,25,2.12,10,
705288,鈊象元大58購07,"2,000",1,"1,420",0.71,0.71,0.71,0.71,-,0.08,0.72,25,0.73,10,
705289,鈊象元大5C購02,"4,000",1,"5,480",1.37,1.37,1.37,1.37,-,0.04,1.40,25,0.00,0,
705291,世紀*凱基59購01,0,0,0,---,---,---, ---,,,0.04,100,0.10,20,
705292,宏觀凱基5B購01,"10,000",1,"6,300",0.63,0.63,0.63,0.63,-,0.04,0.63,10,0.66,10,
705293,亞泰凱基58購01,0,0,0,---,---,---, ---,,,16.60,10,17.60,10,
705295,泰茂凱基58購01,"1,000",1,90,0.09,0.09,0.09,0.09,+,0.04,0.00,0,0.07,29,
705296,富喬凱基58購02,0,0,0,---,---,---, ---,,,0.07,10,0.17,10,
705297,富喬凱基58購03,"10,000",1,"1,300",0.13,0.13,0.13,0.13,-,0.07,0.14,10,0.23,30,
705298,富喬凱基58購04,0,0,0,---,---,---, ---,,,0.26,100,0.36,10,
705299,閎康凱基58購02,0,0,0,---,---,---, ---,,,0.00,0,0.00,0,
705300,鈊象凱基61購01,"5,000",4,"11,720",2.33,2.36,2.33,2.35,-,0.06,2.31,10,2.41,10,
705301,雙鴻凱基58購04,"50,000",1,500,0.01,0.01,0.01,0.01,-,0.06,0.01,100,0.11,10,
705302,雙鴻凱基59購07,0,0,0,---,---,---, ---,,,0.25,100,0.26,30,
705303,台星科富邦5A購01,0,0,0,---,---,---, ---,,,1.19,10,1.25,10,
705304,台燿富邦5C購02,0,0,0,---,---,---, ---,,,0.00,0,4.77,10,
705305,宏觀富邦5A購01,0,0,0,---,---,---, ---,,,0.30,10,0.31,28,
705306,良維富邦59購02,0,0,0,---,---,---, ---,,,1.43,10,1.48,10,
705307,富喬富邦5B購01,"152,000",2,"39,580",0.29,0.29,0.26,0.26,-,0.06,0.26,10,0.28,28,
705308,亞泰統一64購01,0,0,0,---,---,---, ---,,,1.80,10,1.90,10,
705309,亞泰統一72購01,"2,000",1,"3,620",1.81,1.81,1.81,1.81,-,0.02,1.73,10,1.78,10,
705310,博智統一72購02,"32,000",4,"32,480",0.99,1.04,0.99,1.04,-,0.01,0.98,10,0.99,10,
705311,富喬統一62購01,"10,000",1,"2,700",0.27,0.27,0.27,0.27,-,0.07,0.27,30,0.55,10,
705312,富喬統一62購02,0,0,0,---,---,---, ---,,,0.26,10,0.28,10,
705313,精材統一65購01,"209,000",15,"680,840",3.38,3.38,3.07,3.31,+,0.06,3.07,10,3.08,10,
705314,精材統一72購01,"64,000",18,"119,840",1.93,1.93,1.75,1.78,-,0.11,1.78,10,1.81,10,
705315,鑫科統一72購02,0,0,0,---,---,---, ---,,,0.67,10,0.68,10,
705316,沛亨國票59購02,0,0,0,---,---,---, ---,,,2.71,25,2.81,10,
705318,宜鼎國票5A購01,0,0,0,---,---,---, ---,,,9.60,25,0.00,0,
705319,泰茂國票59購01,0,0,0,---,---,---, ---,,,0.00,0,0.05,42,
705320,泰茂國票59購02,0,0,0,---,---,---, ---,,,0.00,0,0.03,221,
705321,富強鑫國票59購01,"649,000",5,"193,590",0.31,0.32,0.29,0.29,-,0.03,0.29,25,0.30,10,
705322,富喬國票58購04,"10,000",1,"1,600",0.16,0.16,0.16,0.16,-,0.04,0.15,25,0.16,10,
705323,富喬國票59購02,"1,000",1,"1,150",1.15,1.15,1.15,1.15,+,0.25,0.47,25,1.14,5,
705324,富喬國票5A購01,"2,000",1,"1,320",0.66,0.66,0.66,0.66,-,0.06,0.63,25,0.64,10,
705325,聚和國票59購01,"864,000",13,"866,680",1.00,1.05,0.98,0.98,-,0.1,0.97,25,0.98,10,
705326,寶雅國票59購01,0,0,0,---,---,---, ---,,,1.89,25,1.99,10,
705327,富喬元大58購01,"3,000",1,300,0.10,0.10,0.10,0.10,-,0.04,0.11,499,0.60,25,
705328,富喬元大58購02,"13,000",2,"2,240",0.18,0.18,0.17,0.17,-,0.05,0.17,499,0.27,20,
705329,富喬元大58購03,0,0,0,---,---,---, ---,,,0.39,499,0.49,10,
705330,富喬元大59購01,0,0,0,---,---,---, ---,,,0.25,499,0.35,10,
705331,富喬元大5B購02,0,0,0,---,---,---, ---,,,0.25,10,0.34,10,
705332,鈊象元大58購08,0,0,0,---,---,---, ---,,,1.46,25,2.00,5,
705333,鈊象元大5C購03,"49,000",6,"67,750",1.39,1.43,1.36,1.39,-,0.03,1.40,25,1.41,10,
705335,穩懋元大58購06,0,0,0,---,---,---, ---,,,2.65,25,2.75,10,
705337,穩懋元大61購04,0,0,0,---,---,---, ---,,,1.41,5,1.46,10,
705338,富喬群益58購01,0,0,0,---,---,---, ---,,,0.49,499,0.59,10,
705339,富喬群益58購02,0,0,0,---,---,---, ---,,,0.19,499,0.29,10,
705340,富喬群益59購01,"30,000",1,"7,500",0.25,0.25,0.25,0.25,-,0.04,0.23,499,0.33,10,
705341,富喬群益5A購01,0,0,0,---,---,---, ---,,,0.12,93,1.00,5,
705342,世紀*永豐58購01,"10,000",1,"1,600",0.16,0.16,0.16,0.16,-,0.05,0.14,10,0.16,10,
705343,弘塑永豐5B購01,0,0,0,---,---,---, ---,,,7.15,499,0.00,0,
705344,富喬永豐58購04,"15,000",1,"1,200",0.08,0.08,0.08,0.08,-,0.04,0.08,10,0.10,10,
705345,富喬永豐58購05,0,0,0,---,---,---, ---,,,0.07,10,0.09,10,
705346,富喬永豐5A購02,"10,000",1,"2,500",0.25,0.25,0.25,0.25,-,0.02,0.24,10,0.00,0,
705347,富喬永豐61購01,"9,000",2,"4,170",0.47,0.47,0.46,0.46,-,0.04,0.46,10,0.47,10,
705348,富喬永豐65購01,"100,000",2,"62,500",0.62,0.63,0.62,0.63,-,0.03,0.61,10,0.62,10,
705349,雙鴻永豐5B購01,0,0,0,---,---,---, ---,,,0.28,10,0.29,10,
705350,亞泰元富58購01,0,0,0,---,---,---, ---,,,9.25,25,9.75,10,
705351,久元凱基58購01,0,0,0,---,---,---, ---,,,1.31,10,0.00,0,
705352,台特化凱基58購02,0,0,0,---,---,---, ---,,,0.09,10,0.10,10,
705353,台特化凱基58購03,0,0,0,---,---,---, ---,,,0.02,10,0.11,10,
705354,湧德凱基58購03,0,0,0,---,---,---, ---,,,0.19,100,0.20,10,
705355,萬潤凱基58購04,0,0,0,---,---,---, ---,,,29.50,100,30.50,10,
705356,穩懋凱基58購04,0,0,0,---,---,---, ---,,,0.00,0,9.90,10,
705357,穩懋凱基61購02,0,0,0,---,---,---, ---,,,0.00,0,0.00,0,
705358,良維兆豐5A購01,"12,000",1,"19,920",1.66,1.66,1.66,1.66,-,0.16,1.57,10,1.58,10,
705360,中美晶元大5B購01,"10,000",1,"55,500",5.55,5.55,5.55,5.55,+,0.2,5.15,250,0.00,0,
705362,世紀*元大58購04,0,0,0,---,---,---, ---,,,0.02,499,0.03,200,
705363,宏觀元大58購03,0,0,0,---,---,---, ---,,,0.00,0,0.00,0,
705364,臺慶科元大58購01,0,0,0,---,---,---, ---,,,2.15,250,0.00,0,
705365,雙鴻元大5B購02,0,0,0,---,---,---, ---,,,0.45,25,0.55,10,
705366,雙鴻元大5C購02,0,0,0,---,---,---, ---,,,0.36,499,0.46,10,
705367,穩懋元大58購08,0,0,0,---,---,---, ---,,,1.07,25,1.17,10,
705368,穩懋元大58購09,0,0,0,---,---,---, ---,,,1.09,25,1.19,10,
705369,穩懋元大58購10,0,0,0,---,---,---, ---,,,0.60,25,0.70,10,
705370,穩懋元大61購05,0,0,0,---,---,---, ---,,,0.00,0,2.00,19,
705371,穩懋富邦59購04,0,0,0,---,---,---, ---,,,0.00,0,0.00,0,
705372,力致統一64購01,0,0,0,---,---,---, ---,,,0.41,10,0.43,10,
705373,凡甲統一61購01,0,0,0,---,---,---, ---,,,0.63,10,0.71,10,
705374,元太統一72購02,"35,000",1,"21,700",0.62,0.62,0.62,0.62,-,0.03,0.61,10,0.62,10,
705375,台燿統一62購02,0,0,0,---,---,---, ---,,,0.00,0,0.00,0,
705376,正基統一64購01,0,0,0,---,---,---, ---,,,0.37,10,0.47,10,
705377,兆利統一64購01,0,0,0,---,---,---, ---,,,0.18,55,0.00,0,
705378,宏捷科統一61購04,"545,000",5,"295,640",0.56,0.56,0.52,0.52,-,0.06,0.50,10,0.51,10,
705379,沛亨統一68購01,0,0,0,---,---,---, ---,,,1.08,10,1.09,10,
705380,系統電統一5C購02,"50,000",1,"19,000",0.38,0.38,0.38,0.38,+,0.03,0.36,10,0.37,10,
705381,系微統一64購01,0,0,0,---,---,---, ---,,,0.76,10,0.80,10,
705382,亞泰統一72購02,"1,000",1,"2,350",2.35,2.35,2.35,2.35,-,0.0,2.20,10,2.30,10,
705383,宜特統一65購01,0,0,0,---,---,---, ---,,,0.78,10,0.79,10,
705384,東捷統一72購01,0,0,0,---,---,---, ---,,,3.05,10,3.06,10,
705385,前鼎統一72購01,0,0,0,---,---,---, ---,,,1.08,10,1.18,10,
705386,茂達統一72購01,"81,000",3,"84,670",1.04,1.07,1.04,1.07,-,0.03,1.05,10,1.07,10,
705387,原相統一64購01,"213,000",10,"94,300",0.44,0.45,0.43,0.43,-,0.04,0.43,10,0.44,10,
705388,能率統一72購01,"50,000",1,"26,500",0.53,0.53,0.53,0.53,-,0.02,0.53,10,0.54,10,
705389,富強鑫統一72購01,0,0,0,---,---,---, ---,,,0.60,10,0.61,10,
705390,新漢統一64購02,"28,000",1,"10,640",0.38,0.38,0.38,0.38,-,0.01,0.36,10,0.38,10,
705391,新漢統一72購01,0,0,0,---,---,---, ---,,,0.48,10,0.49,10,
705392,萬潤統一62購01,"6,000",2,"20,670",3.40,3.49,3.40,3.49,-,0.1,3.55,10,3.65,10,
705393,鈺太統一64購01,0,0,0,---,---,---, ---,,,0.70,10,0.75,10,
705394,精材統一5C購02,"27,000",3,"97,620",3.64,3.64,3.53,3.53,-,0.05,3.43,10,3.53,4,
705395,聚和統一64購01,"85,000",6,"55,100",0.63,0.66,0.63,0.63,-,0.03,0.63,10,0.64,10,
705396,廣明統一72購01,0,0,0,---,---,---, ---,,,0.26,10,0.27,10,
705397,穩得統一72購01,0,0,0,---,---,---, ---,,,0.85,100,0.86,10,
705398,穩懋統一61購06,"5,000",1,"6,650",1.33,1.33,1.33,1.33,-,0.05,1.19,10,1.29,10,
705399,穩懋統一62購01,"43,000",10,"36,370",0.84,0.86,0.83,0.83,-,0.12,0.83,10,0.84,10,
705400,穩懋統一62購02,"177,000",11,"236,210",1.37,1.37,1.31,1.36,-,0.14,1.28,10,1.32,10,
705401,穩懋統一62購03,0,0,0,---,---,---, ---,,,0.90,5,0.00,0,
705402,耀勝統一64購01,0,0,0,---,---,---, ---,,,0.39,10,0.40,10,
705403,耀勝統一72購01,0,0,0,---,---,---, ---,,,0.44,10,0.45,10,
705404,鑫科統一72購03,0,0,0,---,---,---, ---,,,0.65,10,0.66,10,
705405,正基國票59購01,0,0,0,---,---,---, ---,,,0.28,25,0.29,10,
705406,昱展國票59購02,0,0,0,---,---,---, ---,,,0.14,25,0.15,10,
705408,台星科永豐58購01,0,0,0,---,---,---, ---,,,0.87,499,0.97,10,
705409,台星科永豐59購01,0,0,0,---,---,---, ---,,,0.98,10,1.08,10,
705410,沛亨永豐5B購01,0,0,0,---,---,---, ---,,,0.00,0,0.00,0,
705411,良維永豐59購01,0,0,0,---,---,---, ---,,,3.46,10,3.51,10,
705412,萬潤永豐59購01,0,0,0,---,---,---, ---,,,10.60,10,0.00,0,
705413,鉅橡永豐5A購02,0,0,0,---,---,---, ---,,,0.20,10,0.21,10,
705415,鑫科永豐59購01,0,0,0,---,---,---, ---,,,0.89,10,0.93,10,
705416,台星科元富58購01,0,0,0,---,---,---, ---,,,1.30,25,1.40,10,
705417,茂迪元富58購04,0,0,0,---,---,---, ---,,,0.51,25,0.52,10,
705418,新應材元富58購05,0,0,0,---,---,---, ---,,,0.50,100,0.00,0,
705419,鉅橡元富58購01,0,0,0,---,---,---, ---,,,0.14,25,0.24,10,
705421,穩懋元富58購02,"114,000",5,"248,570",2.28,2.39,2.14,2.39,-,0.59,2.23,25,2.24,10,
705422,大中群益59購02,0,0,0,---,---,---, ---,,,0.00,0,7.55,10,
705423,台特化群益58購03,0,0,0,---,---,---, ---,,,0.06,499,0.12,50,
705425,翔名群益59購01,0,0,0,---,---,---, ---,,,7.45,10,7.95,10,
705426,勤凱群益5A購01,0,0,0,---,---,---, ---,,,3.51,100,3.61,10,
705427,新應材群益58購05,"10,000",1,"4,600",0.46,0.46,0.46,0.46,+,0.03,0.08,10,0.00,0,
705428,萬潤群益59購01,0,0,0,---,---,---, ---,,,9.20,10,10.50,10,
705429,德微群益58購01,0,0,0,---,---,---, ---,,,0.00,0,7.70,10,
705430,穩懋群益58購04,0,0,0,---,---,---, ---,,,2.21,499,2.31,10,
705431,世界台新59購01,"47,000",7,"147,150",3.12,3.16,3.05,3.05,+,0.03,2.98,25,3.02,10,
705432,中光電凱基59購02,"10,000",1,"5,200",0.52,0.52,0.52,0.52,-,0.06,0.52,190,0.00,0,
705433,中美晶凱基5C購01,0,0,0,---,---,---, ---,,,8.40,150,8.90,10,
705434,世界凱基59購02,"149,000",11,"359,430",2.43,2.67,2.34,2.49,+,0.08,2.37,43,2.43,10,
705435,世界凱基59購03,"22,000",3,"66,640",3.17,3.17,2.86,2.86,-,0.03,2.87,100,2.95,10,
705436,世紀*凱基59購02,"400,000",1,"16,000",0.04,0.04,0.04,0.04,-,0.03,0.04,100,0.14,10,
705437,弘塑凱基5C購01,0,0,0,---,---,---, ---,,,10.90,100,11.90,10,
705438,沛亨凱基5A購01,0,0,0,---,---,---, ---,,,2.75,10,2.83,10,
705439,信驊凱基5A購03,"47,000",5,"231,390",4.79,5.35,4.79,5.35,+,0.38,5.05,20,5.25,10,
705440,前鼎凱基59購01,0,0,0,---,---,---, ---,,,0.00,0,0.00,0,
705441,雙鴻凱基59購08,0,0,0,---,---,---, ---,,,0.05,100,0.15,10,
705442,台特化兆豐5B購01,0,0,0,---,---,---, ---,,,0.16,10,0.17,10,
705443,新應材兆豐5B購01,"10,000",1,"4,300",0.43,0.43,0.43,0.43,-,0.0,0.41,120,0.50,10,
705444,良維國票62購01,"4,000",2,"8,860",2.19,2.24,2.19,2.24,-,0.16,2.20,25,2.23,10,
705445,東浦國票5A購01,"345,000",6,"580,280",1.56,1.79,1.56,1.59,-,0.69,1.53,25,1.63,10,
705446,信驊國票62購01,"9,000",5,"36,530",4.16,4.16,3.91,3.91,-,0.25,3.90,25,4.00,10,
705447,博智國票5A購01,"11,000",2,"58,500",5.50,5.50,5.10,5.10,-,0.25,4.83,25,4.92,10,
705448,萬潤國票5A購01,"5,000",1,"62,500",12.50,12.50,12.50,12.50,-,0.1,11.70,25,12.70,10,
705449,鉅橡國票5B購01,0,0,0,---,---,---, ---,,,0.54,25,0.55,10,
705450,鈺太國票59購01,0,0,0,---,---,---, ---,,,0.56,25,0.60,10,
705451,穩懋國票5A購03,"42,000",6,"57,040",1.42,1.42,1.33,1.33,-,0.33,1.32,25,1.34,10,
705452,世界國泰5A購01,0,0,0,---,---,---, ---,,,3.87,499,0.00,0,
705453,宏捷科國泰5A購01,0,0,0,---,---,---, ---,,,0.67,499,0.77,100,
705455,世界群益5B購02,"22,000",3,"54,160",2.47,2.47,2.43,2.43,-,0.05,2.39,4,0.00,0,
705456,宏捷科群益59購01,0,0,0,---,---,---, ---,,,0.67,499,0.77,10,
705457,宏捷科群益5A購01,0,0,0,---,---,---, ---,,,0.72,499,0.82,10,
705458,良維群益5B購01,0,0,0,---,---,---, ---,,,1.14,10,1.24,10,
705459,信驊群益59購03,0,0,0,---,---,---, ---,,,0.00,0,4.50,11,
705460,信驊群益5B購04,"24,000",2,"126,000",5.25,5.25,5.25,5.25,+,0.1,5.30,10,5.80,10,
705461,湧德群益61購01,"262,000",6,"142,460",0.53,0.56,0.53,0.55,-,0.02,0.53,25,0.54,10,
705462,順達群益5B購01,0,0,0,---,---,---, ---,,,3.08,199,3.18,10,
705463,穩懋群益59購03,"17,000",2,"44,370",2.61,2.61,2.61,2.61,-,0.51,1.23,8,0.00,0,
705464,耀勝群益59購01,0,0,0,---,---,---, ---,,,0.03,499,0.13,10,
705466,世界元大59購03,"1,000",1,"1,910",1.91,1.91,1.91,1.91,-,0.09,1.98,25,2.08,10,
705467,協易機元大59購01,0,0,0,---,---,---, ---,,,0.04,499,0.14,10,
705468,信昌電元大59購01,"9,000",2,"171,000",19.40,19.40,18.50,18.50,-,2.5,0.00,0,17.70,10,
705469,創惟元大59購01,0,0,0,---,---,---, ---,,,0.11,499,0.12,10,
705471,新復興元大59購01,0,0,0,---,---,---, ---,,,0.00,0,0.10,10,
705472,臺慶科元大59購01,0,0,0,---,---,---, ---,,,2.02,300,3.43,10,
705473,德微元大59購01,0,0,0,---,---,---, ---,,,0.00,0,4.10,10,
705474,雙鴻元大59購02,0,0,0,---,---,---, ---,,,0.00,0,1.25,7,
705475,雙鴻元大5C購03,"129,000",3,"100,140",0.79,0.79,0.76,0.76,-,0.04,0.79,25,0.80,10,
705476,雙鴻元大61購05,0,0,0,---,---,---, ---,,,0.54,25,0.64,10,
705477,台特化統一63購02,0,0,0,---,---,---, ---,,,0.25,10,0.26,10,
705478,台特化統一73購01,0,0,0,---,---,---, ---,,,0.59,10,0.60,10,
705479,良維統一61購01,0,0,0,---,---,---, ---,,,0.00,0,2.00,1,
705480,良維統一63購01,"62,000",4,"53,810",0.83,0.88,0.83,0.86,-,0.04,0.85,10,0.86,10,
705481,亞泰統一62購01,"1,000",1,"2,660",2.66,2.66,2.66,2.66,+,0.09,2.47,10,2.57,10,
705482,信昌電統一61購04,0,0,0,---,---,---, ---,,,0.00,0,0.00,0,
705483,新應材統一62購02,"763,000",8,"300,240",0.39,0.42,0.38,0.40,+,0.01,0.38,10,0.39,10,
705484,萬潤統一62購02,"50,000",3,"231,200",4.63,4.63,4.60,4.60,-,0.04,4.52,10,4.53,10,
705485,萬潤統一73購01,"62,000",8,"202,680",3.24,3.30,3.18,3.23,-,0.1,3.23,23,0.00,0,
705486,德微統一63購01,0,0,0,---,---,---, ---,,,0.00,0,0.00,0,
705487,穩懋統一66購01,"158,000",19,"121,880",0.75,0.85,0.74,0.74,-,0.09,0.73,16,0.80,10,
705488,穩懋統一73購01,"204,000",9,"249,090",1.21,1.23,1.19,1.20,-,0.09,1.20,10,1.21,10,
705489,穩懋統一73購02,"229,000",13,"269,910",1.19,1.21,1.16,1.16,-,0.09,1.17,10,1.18,10,
705490,世界永豐59購03,0,0,0,---,---,---, ---,,,0.00,0,0.00,0,
705491,世界永豐5A購02,"197,000",12,"241,600",1.21,1.33,1.17,1.17,-,0.04,0.88,11,0.00,0,
705492,世界永豐5B購02,"68,000",13,"667,700",9.90,10.30,9.55,10.10,+,0.45,9.50,10,9.65,10,
705494,台特化永豐5B購01,0,0,0,---,---,---, ---,,,0.22,10,0.23,10,
705496,光頡永豐5A購01,"10,000",1,"32,800",3.28,3.28,3.28,3.28,-,1.3,0.00,0,0.00,0,
705497,宜鼎永豐5A購02,0,0,0,---,---,---, ---,,,2.86,10,0.00,0,
705500,原相永豐5B購01,"20,000",1,"13,800",0.69,0.69,0.69,0.69,-,0.13,0.67,499,0.68,10,
705501,新復興永豐59購01,0,0,0,---,---,---, ---,,,0.01,499,0.11,10,
705502,萬潤永豐5B購01,0,0,0,---,---,---, ---,,,6.25,10,0.00,0,
705503,德微永豐5A購01,0,0,0,---,---,---, ---,,,0.00,0,0.00,0,
705504,雙鴻永豐5C購01,0,0,0,---,---,---, ---,,,0.54,10,0.56,10,
705505,穩懋永豐5A購03,"29,000",4,"28,800",0.99,1.00,0.99,1.00,-,0.15,0.95,21,1.29,15,
705506,台星科元富59購01,"22,000",3,"78,540",3.00,3.73,3.00,3.69,-,0.05,3.54,25,3.64,10,
705507,宏捷科元富59購02,0,0,0,---,---,---, ---,,,0.75,25,0.85,10,
705508,宜特元富5A購01,0,0,0,---,---,---, ---,,,2.02,25,2.12,10,
705509,信驊元富5A購04,"5,000",2,"17,600",3.52,3.52,3.52,3.52,+,0.02,3.47,25,3.57,10,
705510,茂迪元富59購01,0,0,0,---,---,---, ---,,,0.07,25,0.11,10,
705511,順達元富59購01,0,0,0,---,---,---, ---,,,3.74,25,3.84,10,
705512,萬泰科元富59購01,0,0,0,---,---,---, ---,,,2.85,25,2.95,10,
705513,萬泰科元富59購02,0,0,0,---,---,---, ---,,,2.60,25,2.64,10,
705515,穩懋元富59購02,"140,000",3,"215,560",1.61,1.61,1.53,1.53,-,0.49,1.58,25,1.59,10,
705516,穩懋元富59購03,"93,000",6,"58,080",0.66,0.66,0.61,0.61,-,0.17,0.60,25,0.63,10,
705517,台特化台新59購01,0,0,0,---,---,---, ---,,,0.20,25,0.21,10,
705519,均華兆豐63購01,"33,000",3,"88,700",2.40,2.75,2.40,2.70,+,0.3,2.67,20,2.68,10,
705520,宜鼎兆豐63購01,"10,000",1,"39,900",3.99,3.99,3.99,3.99,-,0.55,3.99,1,5.65,10,
705521,順達兆豐5B購01,0,0,0,---,---,---, ---,,,2.39,10,2.40,10,
705522,雙鴻兆豐5B購01,0,0,0,---,---,---, ---,,,0.09,20,0.10,10,
705523,中探針凱基59購03,"3,000",3,"36,900",12.60,13.00,11.30,13.00,+,0.4,12.00,5,12.30,10,
705524,宏捷科凱基59購02,"150,000",2,"149,000",0.98,1.02,0.98,1.02,-,0.12,0.90,100,0.92,10,
705525,良維凱基5B購02,0,0,0,---,---,---, ---,,,1.45,499,1.47,10,
705526,鈊象凱基59購01,0,0,0,---,---,---, ---,,,0.96,100,1.06,10,
705527,萬潤凱基5B購01,"2,000",2,"31,000",15.20,15.80,15.20,15.80,+,0.9,14.80,1,15.70,10,
705529,環球晶凱基59購03,"1,000",1,"46,000",46.00,46.00,46.00,46.00,-,7.5,0.00,0,0.00,0,
705530,環球晶凱基59購04,0,0,0,---,---,---, ---,,,33.00,10,0.00,0,
705531,環球晶凱基59購05,0,0,0,---,---,---, ---,,,0.00,0,0.00,0,
705532,環球晶凱基59購06,0,0,0,---,---,---, ---,,,27.00,10,28.00,10,
705533,雙鴻凱基59購09,0,0,0,---,---,---, ---,,,0.04,100,0.14,10,
705534,雙鴻凱基5B購01,0,0,0,---,---,---, ---,,,0.26,100,0.27,50,
705535,穩懋凱基59購09,"4,000",2,"3,000",0.75,0.75,0.75,0.75,-,0.2,0.72,100,2.48,15,
705536,穩懋凱基59購10,0,0,0,---,---,---, ---,,,1.17,100,1.19,10,
705537,穩懋凱基59購11,"63,000",4,"62,780",1.06,1.07,0.97,0.97,-,0.26,0.98,100,0.99,10,
705539,中探針元大5A購02,0,0,0,---,---,---, ---,,,0.00,0,6.45,10,
705540,沛亨元大59購01,0,0,0,---,---,---, ---,,,1.34,499,1.44,10,
705541,茂迪元大59購01,0,0,0,---,---,---, ---,,,0.04,499,0.14,10,
705544,萬潤元大5B購01,"3,000",3,"20,050",6.65,6.75,6.65,6.75,+,0.25,6.40,100,0.00,0,
705545,德微元大59購02,"34,000",3,"149,470",4.40,4.50,4.33,4.50,-,0.8,4.55,150,0.00,0,
705546,雙鴻元大59購03,0,0,0,---,---,---, ---,,,0.01,499,0.10,6,
705547,雙鴻元大59購04,0,0,0,---,---,---, ---,,,0.03,499,0.13,10,
705548,雙鴻元大61購06,"52,000",3,"11,220",0.22,0.22,0.21,0.21,-,0.0,0.20,509,0.21,10,
705549,穩懋元大59購06,0,0,0,---,---,---, ---,,,0.93,25,1.03,10,
705550,穩懋元大59購07,"3,000",1,"2,070",0.69,0.69,0.69,0.69,-,0.11,0.69,27,0.74,10,
705551,穩懋元大5A購03,"16,000",3,"14,340",0.82,0.94,0.82,0.93,-,0.32,0.94,5,1.24,1,
705552,穩懋元大5B購04,0,0,0,---,---,---, ---,,,0.00,0,1.58,11,
705553,穩懋元大5C購04,0,0,0,---,---,---, ---,,,0.00,0,1.76,2,
705554,宜鼎富邦5C購02,"2,000",1,"3,280",1.64,1.64,1.64,1.64,-,0.18,1.64,3,1.69,10,
705555,中探針永豐5C購01,"3,000",3,"16,800",5.45,6.00,5.35,6.00,-,0.25,5.35,2,6.25,15,
705556,正基永豐5A購01,0,0,0,---,---,---, ---,,,0.31,499,0.32,10,
705557,茂迪永豐5C購01,0,0,0,---,---,---, ---,,,0.24,10,0.25,10,
705558,神盾永豐5C購01,0,0,0,---,---,---, ---,,,0.16,10,0.00,0,
705559,博智永豐5B購01,0,0,0,---,---,---, ---,,,8.60,10,8.90,10,
705560,萬潤永豐5C購01,"14,000",3,"37,480",2.66,2.70,2.58,2.70,+,0.03,2.58,30,3.00,30,
705562,環球晶永豐5B購01,0,0,0,---,---,---, ---,,,19.90,10,0.00,0,
705563,雙鴻永豐59購03,0,0,0,---,---,---, ---,,,0.09,10,0.19,10,
705564,雙鴻永豐5A購03,"14,000",2,"1,010",0.07,0.10,0.07,0.10,-,0.0,0.07,10,0.10,10,
705565,穩懋永豐5C購02,"463,000",31,"457,490",1.05,1.05,0.93,0.93,-,0.14,0.94,10,0.99,10,
705566,耀勝永豐5C購01,0,0,0,---,---,---, ---,,,0.09,10,0.10,10,
705567,宏觀國泰5A購01,0,0,0,---,---,---, ---,,,0.47,150,0.53,10,
705568,沛亨國泰5A購01,0,0,0,---,---,---, ---,,,3.27,499,0.00,0,
705569,宜鼎國泰5A購01,0,0,0,---,---,---, ---,,,6.95,20,7.25,10,
705570,世界凱基5C購01,"156,000",20,"415,040",2.51,2.78,2.51,2.53,-,0.14,2.57,39,2.60,10,
705571,弘塑凱基59購03,0,0,0,---,---,---, ---,,,7.75,100,8.05,10,
705572,旺矽凱基5A購02,0,0,0,---,---,---, ---,,,12.90,20,13.90,10,
705574,矽科凱基59購01,"4,000",2,"4,840",1.21,1.21,1.21,1.21,+,0.07,1.17,10,1.18,10,
705575,原相凱基5B購01,"1,000",1,600,0.60,0.60,0.60,0.60,-,0.12,0.58,10,0.59,10,
705576,聖暉*凱基59購02,"10,000",1,"62,000",6.20,6.20,6.20,6.20,+,0.15,6.55,100,7.05,10,
705577,鉅橡凱基5B購01,0,0,0,---,---,---, ---,,,0.40,10,0.41,10,
705578,鈺太凱基59購01,0,0,0,---,---,---, ---,,,0.45,10,0.47,10,
705580,宏觀永豐5A購01,0,0,0,---,---,---, ---,,,1.12,499,1.18,10,
705581,良維永豐5B購01,0,0,0,---,---,---, ---,,,1.56,10,1.58,10,
705583,旺矽永豐5A購01,0,0,0,---,---,---, ---,,,10.50,10,0.00,0,
705584,旺矽永豐5B購01,0,0,0,---,---,---, ---,,,11.40,10,0.00,0,
705585,博磊永豐5A購01,0,0,0,---,---,---, ---,,,3.41,499,3.51,10,
705586,群翊永豐59購01,0,0,0,---,---,---, ---,,,0.00,0,0.00,0,
705587,精材永豐5B購01,"30,000",2,"109,300",3.69,3.69,3.55,3.55,+,0.05,3.55,1,4.30,20,
705588,精星永豐59購01,"110,000",2,"10,400",0.10,0.10,0.09,0.09,-,0.02,0.08,70,0.11,10,
705589,鏵友益永豐5C購01,"53,000",3,"65,510",1.17,1.24,1.17,1.24,-,0.0,1.21,10,1.24,10,
705590,鑫聯永豐5C購01,"4,000",1,"3,120",0.78,0.78,0.78,0.78,-,0.03,0.71,10,0.72,10,
705591,凡甲元大59購01,0,0,0,---,---,---, ---,,,1.17,499,1.19,10,
705592,均華元大59購01,0,0,0,---,---,---, ---,,,1.52,25,1.59,10,
705593,旺矽元大59購03,0,0,0,---,---,---, ---,,,0.00,0,11.60,1,
705594,旺矽元大59購04,0,0,0,---,---,---, ---,,,0.00,0,0.00,0,
705595,閎康元大59購01,0,0,0,---,---,---, ---,,,1.57,25,1.60,10,
705596,鈺太元大59購01,0,0,0,---,---,---, ---,,,0.71,499,0.75,10,
705597,雙鴻元大59購05,0,0,0,---,---,---, ---,,,0.10,499,0.11,10,
705598,雙鴻元大59購06,0,0,0,---,---,---, ---,,,0.16,499,0.17,10,
705599,雙鴻元大61購07,0,0,0,---,---,---, ---,,,0.22,5,0.31,10,
705600,凡甲國泰5A購01,0,0,0,---,---,---, ---,,,1.31,499,1.38,100,
705601,旺矽國泰5A購01,0,0,0,---,---,---, ---,,,10.90,10,11.50,10,
705602,鑫聯國泰5A購01,0,0,0,---,---,---, ---,,,0.77,10,0.82,10,
705603,元太國票5A購01,0,0,0,---,---,---, ---,,,0.35,25,0.36,10,
705604,良維國票67購01,0,0,0,---,---,---, ---,,,2.36,25,2.38,10,
705605,亞信國票5A購01,0,0,0,---,---,---, ---,,,0.28,25,0.29,10,
705606,旺矽國票61購01,0,0,0,---,---,---, ---,,,0.00,0,0.00,0,
705608,是方國票5A購01,0,0,0,---,---,---, ---,,,0.16,25,0.17,10,
705610,精材國票5C購01,"3,000",2,"26,000",8.40,8.80,8.40,8.80,-,0.65,8.25,25,8.75,10,
705611,雙鴻國票5C購01,0,0,0,---,---,---, ---,,,0.19,25,0.20,10,
705612,中光電群益59購01,0,0,0,---,---,---, ---,,,0.31,499,1.00,20,
705613,中美晶群益59購01,"5,000",1,"54,000",10.80,10.80,10.80,10.80,+,1.2,7.40,1,0.00,0,
705614,弘塑群益5A購02,0,0,0,---,---,---, ---,,,7.55,50,0.00,0,
705615,正基群益5A購01,0,0,0,---,---,---, ---,,,0.03,27,0.00,0,
705616,宏捷科群益5A購02,0,0,0,---,---,---, ---,,,0.34,499,0.44,10,
705617,良維群益5B購02,0,0,0,---,---,---, ---,,,1.35,10,1.45,10,
705618,亞信群益59購01,0,0,0,---,---,---, ---,,,0.28,499,0.38,10,
705619,亞信群益5A購01,0,0,0,---,---,---, ---,,,0.11,90,0.00,0,
705620,宜鼎群益5A購01,0,0,0,---,---,---, ---,,,0.00,0,6.10,10,
705621,旺矽群益5B購01,"10,000",1,"66,000",6.60,6.60,6.60,6.60,-,0.75,6.70,25,7.20,10,
705622,順達群益5A購01,0,0,0,---,---,---, ---,,,3.18,199,3.28,10,
705625,環球晶群益59購03,0,0,0,---,---,---, ---,,,0.00,0,0.00,0,
705626,環球晶群益59購04,0,0,0,---,---,---, ---,,,0.00,0,23.90,10,
705627,環球晶群益5A購01,0,0,0,---,---,---, ---,,,0.00,0,22.40,10,
705628,雙鴻群益59購02,0,0,0,---,---,---, ---,,,0.01,37,0.00,0,
705629,雙鴻群益59購03,0,0,0,---,---,---, ---,,,0.01,37,0.00,0,
705630,旺矽兆豐5B購01,"10,000",1,"59,500",5.95,5.95,5.95,5.95,+,0.1,5.90,10,5.95,10,
705631,大綜永豐5A購01,"2,000",1,"1,800",0.90,0.90,0.90,0.90,-,0.2,0.79,10,1.20,10,
705632,茂迪永豐59購01,0,0,0,---,---,---, ---,,,0.04,10,0.09,10,
705633,順達永豐5B購01,"119,000",19,"547,670",4.46,4.82,4.41,4.50,-,0.17,4.34,5,0.00,0,
705634,新復興永豐5B購01,0,0,0,---,---,---, ---,,,0.02,10,0.04,10,
705635,穩得永豐59購01,"8,000",1,"1,600",0.20,0.20,0.20,0.20,-,0.15,0.20,10,0.30,10,
705636,大宇資群益59購02,0,0,0,---,---,---, ---,,,0.11,10,0.21,10,
705637,系統電群益5A購02,0,0,0,---,---,---, ---,,,0.22,499,0.32,10,
705638,宜鼎群益5B購01,0,0,0,---,---,---, ---,,,3.24,10,3.34,10,
705640,旺矽群益59購03,"6,000",2,"102,000",16.50,17.10,16.50,17.10,-,1.0,0.00,0,17.20,10,
705641,前鼎群益59購01,0,0,0,---,---,---, ---,,,0.00,0,0.00,0,
705642,茂迪群益59購02,0,0,0,---,---,---, ---,,,0.02,10,0.00,0,
705643,茂迪群益5A購01,0,0,0,---,---,---, ---,,,0.14,10,0.24,10,
705644,原相群益5C購01,0,0,0,---,---,---, ---,,,0.53,30,0.59,10,
705646,鉅橡群益59購01,0,0,0,---,---,---, ---,,,0.16,10,0.26,10,
705647,台特化凱基59購02,0,0,0,---,---,---, ---,,,0.09,10,0.11,50,
705648,正基凱基5A購01,0,0,0,---,---,---, ---,,,0.08,10,0.09,10,
705649,印能凱基59購01,"108,000",21,"465,130",4.32,5.30,3.59,4.83,+,0.49,4.89,21,4.99,10,
705650,印能凱基59購02,"145,000",20,"629,580",4.36,4.99,3.72,4.99,+,0.31,4.83,21,4.93,10,
705652,宜鼎凱基5A購03,"2,000",1,"9,940",4.97,4.97,4.97,4.97,-,1.03,4.97,100,5.00,10,
705653,前鼎凱基5A購01,"16,000",2,"79,800",4.96,5.00,4.96,5.00,-,0.4,4.96,10,5.25,10,
705654,茂迪凱基59購02,0,0,0,---,---,---, ---,,,0.05,10,0.15,10,
705656,鉅橡凱基5A購01,0,0,0,---,---,---, ---,,,0.48,10,0.49,10,
705657,巨漢元大59購01,"166,000",13,"223,280",1.42,1.51,1.31,1.51,-,0.11,1.40,450,1.41,10,
705659,印能元大5C購01,0,0,0,---,---,---, ---,,,2.26,350,0.00,0,
705661,茂迪元大59購04,"1,000",1,120,0.12,0.12,0.12,0.12,-,0.0,0.02,499,0.12,10,
705662,茂迪元大59購05,0,0,0,---,---,---, ---,,,0.13,499,0.14,10,
705664,閎康元大59購02,0,0,0,---,---,---, ---,,,1.09,25,1.19,10,
705665,環球晶元大61購01,0,0,0,---,---,---, ---,,,14.50,10,0.00,0,
705666,鑫聯元大61購01,"807,000",6,"466,890",0.55,0.59,0.55,0.57,-,0.01,0.57,12,0.58,10,
705667,萬泰科國泰5A購01,0,0,0,---,---,---, ---,,,3.61,499,3.67,10,
705668,鉅橡國泰5A購01,0,0,0,---,---,---, ---,,,0.54,499,0.55,100,
705671,鈊象富邦5B購01,0,0,0,---,---,---, ---,,,0.68,10,0.69,28,
705672,聖暉*富邦5B購01,0,0,0,---,---,---, ---,,,3.13,30,3.20,10,
705673,精材富邦59購01,0,0,0,---,---,---, ---,,,4.93,30,5.00,10,
705674,環球晶富邦5C購01,0,0,0,---,---,---, ---,,,6.60,10,7.10,10,
705675,雙鴻富邦5C購01,"10,000",1,"3,300",0.33,0.33,0.33,0.33,+,0.02,0.31,10,0.32,28,
705676,雙鴻富邦5C購02,"1,000",1,200,0.20,0.20,0.20,0.20,+,0.01,0.19,10,0.20,28,
705677,譜瑞富邦5C購01,"1,000",1,"3,200",3.20,3.20,3.20,3.20,-,0.0,0.00,0,3.20,15,
705678,九豪國票59購01,0,0,0,---,---,---, ---,,,4.59,25,4.69,10,
705679,九豪國票5A購01,0,0,0,---,---,---, ---,,,3.91,25,4.01,10,
705680,正基國票5A購01,0,0,0,---,---,---, ---,,,0.15,25,0.16,10,
705681,沛亨國票5A購01,0,0,0,---,---,---, ---,,,1.56,25,1.66,10,
705682,宜鼎國票5A購02,"10,000",1,"54,500",5.45,5.45,5.45,5.45,-,0.45,5.10,25,5.45,10,
705683,岳豐國票5A購01,0,0,0,---,---,---, ---,,,0.28,25,0.29,10,
705684,茂迪國票5A購01,0,0,0,---,---,---, ---,,,0.14,25,0.15,10,
705685,茂迪國票5A購02,0,0,0,---,---,---, ---,,,0.11,25,0.12,10,
705686,晟德國票5A購01,0,0,0,---,---,---, ---,,,0.13,25,0.14,10,
705687,健亞國票5A購01,0,0,0,---,---,---, ---,,,0.15,25,0.16,10,
705688,博智國票59購03,0,0,0,---,---,---, ---,,,4.80,25,4.90,10,
705689,華義國票5A購01,0,0,0,---,---,---, ---,,,1.34,25,1.38,10,
705690,僑威國票5A購01,"8,000",2,"1,230",0.16,0.16,0.15,0.15,-,0.02,0.14,25,0.15,10,
705691,聚和國票5A購01,0,0,0,---,---,---, ---,,,1.03,25,1.04,10,
705692,臺慶科國票5A購02,"136,000",6,"169,980",1.31,1.31,1.22,1.23,-,0.27,1.12,25,1.19,10,
705693,雙鴻台新59購01,0,0,0,---,---,---, ---,,,0.30,25,0.31,10,
705694,正基凱基5A購02,0,0,0,---,---,---, ---,,,0.03,10,0.13,10,
705695,前鼎凱基59購02,"47,000",7,"91,960",2.01,2.05,1.87,1.87,-,0.45,2.01,10,2.11,10,
705696,國金10凱基59購01,0,0,0,---,---,---, ---,,,0.84,100,0.85,50,
705697,新復興凱基5B購01,0,0,0,---,---,---, ---,,,0.04,10,0.14,10,
705698,鉅橡凱基5A購02,0,0,0,---,---,---, ---,,,0.72,10,0.73,10,
705699,聚和凱基5A購01,0,0,0,---,---,---, ---,,,1.19,10,1.21,10,
705700,寶雅凱基5A購01,"35,000",5,"73,250",2.17,2.17,2.05,2.05,-,0.35,2.03,10,2.07,10,
705701,正基國票5B購01,0,0,0,---,---,---, ---,,,0.21,25,0.22,10,
705702,宏捷科國票62購01,0,0,0,---,---,---, ---,,,0.48,25,0.49,10,
705703,亞泰國票59購01,0,0,0,---,---,---, ---,,,7.15,25,7.65,10,
705704,昱展國票5A購01,0,0,0,---,---,---, ---,,,0.04,25,0.05,10,
705705,新復興國票5B購01,"20,000",1,"1,400",0.07,0.07,0.07,0.07,-,0.0,0.06,25,0.07,10,
705706,萬泰科國票5A購01,0,0,0,---,---,---, ---,,,3.71,25,3.81,10,
705707,德勝國票5A購01,0,0,0,---,---,---, ---,,,0.16,25,0.17,10,
705708,正基國泰5A購01,0,0,0,---,---,---, ---,,,0.13,499,0.14,100,
705709,勤凱國泰5A購01,0,0,0,---,---,---, ---,,,3.06,40,3.12,10,
705711,台特化元大5C購01,"65,000",5,"33,590",0.52,0.53,0.48,0.53,-,0.03,0.50,499,0.51,10,
705712,台燿元大61購03,0,0,0,---,---,---, ---,,,0.00,0,8.65,10,
705713,弘塑元大59購04,0,0,0,---,---,---, ---,,,4.66,150,0.00,0,
705714,正基元大59購01,0,0,0,---,---,---, ---,,,0.03,499,0.13,10,
705715,正基元大59購02,0,0,0,---,---,---, ---,,,0.06,499,0.16,10,
705716,正基元大59購03,0,0,0,---,---,---, ---,,,0.09,519,0.19,10,
705717,印能元大59購02,0,0,0,---,---,---, ---,,,3.38,250,0.00,0,
705718,宜鼎元大5C購04,"30,000",1,"112,500",3.75,3.75,3.75,3.75,-,0.6,3.81,150,3.91,10,
705719,宜鼎元大61購02,0,0,0,---,---,---, ---,,,0.00,0,0.00,0,
705720,旺矽元大59購05,0,0,0,---,---,---, ---,,,0.00,0,0.00,0,
705721,新復興元大59購02,0,0,0,---,---,---, ---,,,0.09,499,0.19,10,
705722,新復興元大59購03,0,0,0,---,---,---, ---,,,0.02,499,0.12,10,
705723,新復興元大59購04,0,0,0,---,---,---, ---,,,0.04,499,0.14,10,
705724,新復興元大59購05,"1,000",1,120,0.12,0.12,0.12,0.12,+,0.01,0.00,0,0.10,10,
705725,環球晶元大59購01,0,0,0,---,---,---, ---,,,21.60,10,0.00,0,
705726,雙鴻元大61購08,"10,000",1,"7,400",0.74,0.74,0.74,0.74,+,0.09,0.66,10,0.74,10,
705727,九豪群益5A購01,"1,000",1,"3,100",3.10,3.10,3.10,3.10,+,0.01,2.84,10,2.94,10,
705728,台特化群益62購01,0,0,0,---,---,---, ---,,,0.41,10,0.51,10,
705729,正基群益5A購02,0,0,0,---,---,---, ---,,,0.00,0,0.00,0,
705730,印能群益59購01,"21,000",4,"85,200",4.06,4.09,4.02,4.02,+,0.59,3.81,25,3.91,10,
705731,宏捷科群益59購02,0,0,0,---,---,---, ---,,,0.16,499,0.26,10,
705732,宏捷科群益59購03,0,0,0,---,---,---, ---,,,0.02,10,0.00,0,
705733,宜特群益5B購01,0,0,0,---,---,---, ---,,,0.55,499,0.65,10,
705734,新復興群益59購01,0,0,0,---,---,---, ---,,,0.00,0,0.00,0,
705735,鑫聯群益59購01,0,0,0,---,---,---, ---,,,0.11,10,0.00,0,
705736,正基永豐5B購01,0,0,0,---,---,---, ---,,,0.19,499,0.20,10,
705737,印能永豐5C購01,"27,000",5,"106,110",3.84,4.32,3.49,4.32,+,0.7,4.06,10,4.16,10,
705738,宏捷科永豐59購01,0,0,0,---,---,---, ---,,,0.18,10,0.19,10,
705739,系統電永豐64購01,0,0,0,---,---,---, ---,,,1.16,10,1.17,10,
705740,陽程永豐5A購01,0,0,0,---,---,---, ---,,,5.50,10,5.90,10,
705741,正淩元富59購01,0,0,0,---,---,---, ---,,,0.58,25,0.68,10,
705742,穩得元富59購01,0,0,0,---,---,---, ---,,,0.92,25,1.02,10,
705744,台特化凱基59購03,0,0,0,---,---,---, ---,,,0.34,100,0.35,30,
705747,宏捷科凱基59購03,"6,000",1,"1,320",0.22,0.22,0.22,0.22,-,0.08,0.21,100,0.22,10,
705748,亞信凱基59購01,0,0,0,---,---,---, ---,,,0.81,10,0.83,10,
705749,宜特凱基59購02,0,0,0,---,---,---, ---,,,2.38,10,2.48,10,
705753,晟德凱基5A購01,0,0,0,---,---,---, ---,,,0.13,10,0.14,50,
705754,精材凱基61購01,"37,000",5,"425,100",12.20,12.20,11.30,11.50,-,0.3,11.50,1,12.40,10,
705755,雙鴻凱基5C購03,0,0,0,---,---,---, ---,,,0.68,100,0.69,30,
705757,世界元大59購05,0,0,0,---,---,---, ---,,,2.39,25,0.00,0,
705758,世界元大5C購01,0,0,0,---,---,---, ---,,,2.75,25,2.85,10,
705759,台特化元大5C購02,"340,000",7,"118,100",0.33,0.37,0.33,0.37,-,0.0,0.35,499,0.36,10,
705762,宏捷科元大59購01,0,0,0,---,---,---, ---,,,0.54,499,0.64,10,
705763,良維元大59購02,0,0,0,---,---,---, ---,,,0.67,499,0.77,10,
705764,良維元大59購03,0,0,0,---,---,---, ---,,,1.31,499,1.33,10,
705766,前鼎元大59購01,0,0,0,---,---,---, ---,,,2.37,25,2.47,10,
705768,新應材元大59購01,0,0,0,---,---,---, ---,,,0.54,25,0.64,10,
705769,新應材元大5A購01,0,0,0,---,---,---, ---,,,0.44,25,0.00,0,
705770,新應材元大61購01,"1,000",1,"1,400",1.40,1.40,1.40,1.40,+,0.2,0.71,4,1.38,4,
705771,環球晶元大59購02,0,0,0,---,---,---, ---,,,0.00,0,0.00,0,
705772,環球晶元大5C購01,0,0,0,---,---,---, ---,,,13.40,50,0.00,0,
705773,雙鴻元大59購07,0,0,0,---,---,---, ---,,,0.40,25,0.00,0,
705774,雙鴻元大61購09,"30,000",1,"17,100",0.57,0.57,0.57,0.57,+,0.01,0.58,25,0.68,10,
705775,宜特國票5A購02,0,0,0,---,---,---, ---,,,1.12,25,1.19,10,
705776,前鼎國票5B購01,0,0,0,---,---,---, ---,,,2.39,25,2.49,10,
705777,閎康國票5A購01,0,0,0,---,---,---, ---,,,3.13,25,3.21,10,
705778,鈊象國票5A購01,"170,000",3,"126,000",0.70,0.75,0.70,0.74,-,0.0,0.72,25,0.00,0,
705779,榮剛國票5A購01,0,0,0,---,---,---, ---,,,0.39,25,0.49,10,
705780,鏵友益國票59購01,"90,000",5,"114,300",1.27,1.27,1.27,1.27,-,0.0,1.27,210,0.00,0,
705781,鏵友益國票5B購01,"99,000",2,"132,130",1.30,1.37,1.30,1.37,+,0.02,1.31,25,1.33,10,
705782,鑫聯國票5A購01,0,0,0,---,---,---, ---,,,1.56,25,1.58,10,
705783,良維中信61購01,"1,000",1,"1,190",1.19,1.19,1.19,1.19,-,0.13,1.16,10,1.18,10,
705784,環球晶中信59購01,"1,000",1,"15,300",15.30,15.30,15.30,15.30,-,0.3,13.90,10,14.90,10,
705785,新應材永豐63購01,"133,000",10,"127,540",0.96,0.96,0.95,0.96,-,0.01,0.90,40,0.98,100,
705786,中美晶元富59購01,0,0,0,---,---,---, ---,,,16.80,25,17.80,10,
705787,世界元富59購01,0,0,0,---,---,---, ---,,,4.70,25,4.80,10,
705790,印能元富59購02,0,0,0,---,---,---, ---,,,6.55,25,0.00,0,
705791,宏捷科元富5C購01,0,0,0,---,---,---, ---,,,0.95,25,1.05,10,
705792,新漢元富59購01,0,0,0,---,---,---, ---,,,0.85,25,0.95,10,
705793,聚和元富59購01,"10,000",3,"14,860",1.48,1.52,1.45,1.45,-,0.05,1.34,25,1.44,10,
705794,聚和元富59購02,0,0,0,---,---,---, ---,,,0.71,25,0.81,10,
705795,廣明元富59購01,0,0,0,---,---,---, ---,,,0.08,25,0.18,10,
705796,廣運元富59購02,0,0,0,---,---,---, ---,,,0.24,25,0.34,10,
705797,雙鴻元富59購02,0,0,0,---,---,---, ---,,,0.47,25,0.48,10,
705798,雙鴻元富59購03,0,0,0,---,---,---, ---,,,0.27,25,0.28,10,
705799,雙鴻元富59購04,0,0,0,---,---,---, ---,,,0.22,25,0.23,10,
705800,大綜統一73購01,"10,000",1,"7,500",0.75,0.75,0.75,0.75,-,0.03,0.65,3,0.80,26,
705801,印能統一62購01,"8,000",3,"19,680",2.28,2.72,2.28,2.72,+,0.27,2.65,10,2.66,10,
705802,旺矽統一63購03,0,0,0,---,---,---, ---,,,2.71,10,2.81,10,
705803,前鼎統一62購01,0,0,0,---,---,---, ---,,,1.32,10,1.42,10,
705804,環球晶統一63購01,"4,000",2,"21,800",5.45,5.45,5.45,5.45,-,0.85,0.00,0,5.45,6,
705805,環球晶統一63購02,"20,000",2,"123,500",6.25,6.25,6.10,6.10,-,0.15,5.60,10,6.10,10,
705806,環球晶統一73購01,"31,000",14,"143,290",4.75,4.85,4.38,4.38,-,0.72,0.00,0,5.20,2,
705807,環球晶統一73購02,"7,000",3,"26,960",3.95,3.95,3.60,3.60,-,0.54,3.60,1,4.50,3,
705808,前鼎國泰5A購01,0,0,0,---,---,---, ---,,,4.30,30,4.40,10,
705809,元太國票5A購02,0,0,0,---,---,---, ---,,,1.15,25,1.17,10,
705810,岳豐國票5A購02,0,0,0,---,---,---, ---,,,0.22,25,0.23,10,
705811,長佳智國票5A購01,"522,000",17,"229,560",0.45,0.48,0.43,0.43,-,0.07,0.42,125,0.43,10,
705812,前鼎國票61購01,0,0,0,---,---,---, ---,,,2.40,25,2.50,10,
705813,晟德國票5A購02,0,0,0,---,---,---, ---,,,0.09,25,0.10,10,
705814,精星國票5A購01,"535,000",16,"136,120",0.26,0.26,0.24,0.24,-,0.09,0.25,25,0.26,10,
705815,優群國票59購01,0,0,0,---,---,---, ---,,,0.39,25,0.40,10,
705816,寶雅國票5A購01,"213,000",4,"351,170",1.65,1.65,1.62,1.62,-,0.4,1.62,25,1.66,10,
705817,台特化中信59購01,0,0,0,---,---,---, ---,,,0.12,10,0.13,10,
705818,凡甲永豐5B購01,"47,000",9,"38,460",0.82,0.87,0.80,0.87,+,0.02,0.87,10,0.88,10,
705819,台星科永豐5C購01,"135,000",8,"192,190",1.35,1.49,1.32,1.49,+,0.1,1.42,10,1.46,10,
705820,宜特永豐5C購01,"53,000",1,"46,640",0.88,0.88,0.88,0.88,-,0.03,0.89,10,0.90,10,
705823,前鼎永豐5C購01,0,0,0,---,---,---, ---,,,1.57,2,0.00,0,
705824,能率永豐5C購01,0,0,0,---,---,---, ---,,,0.61,10,0.62,10,
705825,順達永豐59購02,"159,000",10,"479,110",2.94,3.10,2.78,3.10,+,0.12,1.02,9,0.00,0,
705826,順達永豐61購01,"7,000",2,"42,850",6.15,6.15,6.05,6.05,+,0.05,3.72,2,6.15,1,
705827,良維兆豐5B購01,0,0,0,---,---,---, ---,,,0.79,10,0.80,10,
705828,雙鴻兆豐5B購02,0,0,0,---,---,---, ---,,,0.30,20,0.31,10,
705829,天品元富59購01,"195,000",4,"152,010",0.72,0.86,0.72,0.83,+,0.01,0.83,25,0.86,20,
705830,台燿元富59購01,0,0,0,---,---,---, ---,,,0.00,0,31.80,10,
705831,弘塑元富59購02,0,0,0,---,---,---, ---,,,6.30,25,6.80,10,
705832,系統電元富59購02,0,0,0,---,---,---, ---,,,0.68,25,0.78,10,
705833,旺矽元富59購01,0,0,0,---,---,---, ---,,,9.70,25,10.40,10,
705835,旺矽元富59購03,0,0,0,---,---,---, ---,,,8.65,25,9.15,10,
705837,信驊元富59購05,"31,000",4,"112,380",3.65,3.65,3.58,3.58,+,0.01,3.54,25,3.64,10,
705838,信驊元富59購06,"7,000",3,"18,420",2.63,2.64,2.63,2.64,+,0.07,2.58,25,2.68,10,
705839,新應材元富59購01,0,0,0,---,---,---, ---,,,1.09,25,1.19,10,
705841,元太元大5B購01,"10,000",1,"14,500",1.45,1.45,1.45,1.45,-,0.15,1.37,499,1.47,10,
705842,世界元大59購06,0,0,0,---,---,---, ---,,,2.63,25,0.00,0,
705843,台特化元大59購02,"500,000",9,"171,500",0.34,0.35,0.33,0.35,-,0.03,0.33,499,0.34,10,
705844,台特化元大59購03,"10,000",1,"1,600",0.16,0.16,0.16,0.16,-,0.03,0.15,509,0.16,10,
705845,信驊元大5C購01,0,0,0,---,---,---, ---,,,6.90,25,7.40,10,
705846,新應材元大5A購02,"100,000",1,"66,000",0.66,0.66,0.66,0.66,+,0.1,0.58,25,0.00,0,
705847,新應材元大61購02,"208,000",7,"164,560",0.77,0.84,0.76,0.81,-,0.01,0.78,25,0.00,0,
705848,臺慶科元大59購02,0,0,0,---,---,---, ---,,,2.21,300,2.31,10,
705849,優群元大59購01,0,0,0,---,---,---, ---,,,0.68,499,0.00,0,
705850,環球晶元大5C購02,0,0,0,---,---,---, ---,,,13.10,50,0.00,0,
705851,雙鴻元大59購08,"496,000",5,"188,140",0.42,0.42,0.37,0.38,-,0.0,0.39,25,0.40,10,
705852,雙鴻元大59購09,0,0,0,---,---,---, ---,,,0.33,25,0.34,10,
705853,雙鴻元大61購10,0,0,0,---,---,---, ---,,,0.64,25,0.65,10,
705854,台特化統一63購03,"44,000",11,"14,080",0.32,0.32,0.32,0.32,-,0.02,0.31,66,0.32,10,
705855,弘塑統一73購01,"18,000",1,"31,140",1.73,1.73,1.73,1.73,+,0.06,1.37,7,1.90,10,
705856,印能統一73購01,"41,000",4,"83,080",2.01,2.10,1.92,2.03,+,0.23,2.03,10,2.04,10,
705857,沛亨統一73購01,"7,000",1,"7,140",1.02,1.02,1.02,1.02,-,0.04,1.00,10,1.01,10,
705858,良維統一73購01,"75,000",3,"38,250",0.51,0.51,0.51,0.51,-,0.02,0.51,10,0.52,10,
705859,旺矽統一73購01,"4,000",2,"15,220",3.81,3.81,3.79,3.79,-,0.13,3.81,10,3.82,10,
705860,順達統一73購01,"253,000",24,"189,710",0.73,0.78,0.73,0.74,-,0.01,0.73,10,0.74,2,
705861,新應材統一73購01,"141,000",6,"53,860",0.40,0.40,0.36,0.38,+,0.01,0.37,20,0.38,10,
705862,萬泰科統一62購01,0,0,0,---,---,---, ---,,,1.86,10,1.94,10,
705863,德微統一73購01,"3,000",2,"5,610",1.95,1.95,1.83,1.83,-,0.06,1.82,10,1.83,8,
705864,環球晶統一62購01,"2,000",2,"14,100",7.45,7.45,6.65,6.65,-,0.75,6.60,10,6.65,9,
705865,穩得統一73購01,0,0,0,---,---,---, ---,,,0.60,10,0.61,10,
705866,良維凱基59購03,"100,000",1,"43,000",0.43,0.43,0.43,0.43,-,0.13,0.43,10,0.45,10,
705867,旺矽凱基59購04,0,0,0,---,---,---, ---,,,13.20,100,14.20,10,
705870,信驊凱基5B購01,"119,000",12,"472,860",3.79,4.25,3.79,4.10,-,0.25,4.07,25,4.17,10,
705871,信驊凱基61購02,"215,000",30,"743,380",3.28,3.62,3.18,3.35,-,0.33,3.41,30,3.51,10,
705872,信驊凱基61購03,"30,000",4,"147,500",4.77,5.15,4.77,5.15,-,0.15,5.05,20,5.55,10,
705874,鈊象凱基61購02,"217,000",13,"375,400",1.79,1.80,1.71,1.72,-,0.1,1.73,100,1.75,1,
705875,新應材凱基61購01,0,0,0,---,---,---, ---,,,0.64,100,0.00,0,
705876,榮剛凱基5A購01,0,0,0,---,---,---, ---,,,0.91,10,0.00,0,
705877,環球晶凱基61購01,0,0,0,---,---,---, ---,,,22.30,10,23.30,10,
705878,弘塑富邦5B購01,0,0,0,---,---,---, ---,,,3.56,10,3.66,10,
705879,良維富邦5B購01,"27,000",3,"22,040",0.81,0.82,0.81,0.82,-,0.02,0.76,10,0.77,28,
705880,新應材富邦63購02,"2,000",1,880,0.44,0.44,0.44,0.44,-,0.0,0.35,20,0.44,28,
705881,雙鴻國泰5A購01,0,0,0,---,---,---, ---,,,0.00,0,0.00,0,
705882,台特化群益59購02,0,0,0,---,---,---, ---,,,0.16,499,0.26,10,
705883,弘塑群益59購02,0,0,0,---,---,---, ---,,,9.00,50,9.50,10,
705886,鈊象群益59購01,0,0,0,---,---,---, ---,,,0.11,10,0.00,0,
705887,新應材群益5A購01,"215,000",4,"96,620",0.42,0.47,0.42,0.47,-,0.0,0.12,93,0.00,0,
705888,漢科群益59購01,"20,000",2,"19,000",0.95,0.95,0.95,0.95,+,0.29,0.22,10,0.94,10,
705889,精材群益59購01,0,0,0,---,---,---, ---,,,12.80,50,13.80,10,
705890,精材群益59購02,"303,000",15,"3,063,400",10.70,10.70,9.70,10.10,+,0.75,6.70,1,9.95,10,
705891,雙鴻群益59購05,"33,000",2,"27,810",0.87,0.87,0.84,0.84,-,0.0,0.21,10,0.00,0,
705892,雙鴻群益59購06,0,0,0,---,---,---, ---,,,0.05,10,0.00,0,
705893,鑫聯群益59購02,0,0,0,---,---,---, ---,,,0.00,0,0.00,0,
705894,元太凱基5B購02,"6,000",2,"11,400",1.86,1.94,1.86,1.94,-,0.08,1.83,100,1.84,10,
705895,世界凱基59購04,"10,000",1,"32,100",3.21,3.21,3.21,3.21,+,0.02,3.20,100,3.30,10,
705896,台特化凱基5C購01,0,0,0,---,---,---, ---,,,0.39,100,0.40,30,
705897,巨漢凱基59購01,"98,000",3,"146,820",1.40,1.59,1.40,1.48,+,0.05,1.46,10,1.47,10,
705899,旺矽凱基5B購01,0,0,0,---,---,---, ---,,,10.20,20,11.20,10,
705900,新普凱基59購01,"3,000",1,"6,720",2.24,2.24,2.24,2.24,+,0.1,2.05,100,2.15,10,
705901,新應材凱基5A購02,0,0,0,---,---,---, ---,,,0.29,10,0.30,30,
705902,聖暉*凱基59購03,0,0,0,---,---,---, ---,,,11.60,100,12.60,10,
705903,精材凱基61購02,"1,000",1,"8,800",8.80,8.80,8.80,8.80,+,0.1,8.20,50,0.00,0,
705904,寬宏凱基59購01,0,0,0,---,---,---, ---,,,0.04,10,0.14,10,
705905,雙鴻凱基59購10,"1,000",1,310,0.31,0.31,0.31,0.31,+,0.01,0.30,100,0.31,50,
705906,雙鴻凱基59購11,0,0,0,---,---,---, ---,,,0.20,100,0.21,50,
705907,鑫聯凱基59購01,0,0,0,---,---,---, ---,,,0.78,10,0.79,10,
705908,旺矽兆豐5B購02,0,0,0,---,---,---, ---,,,5.70,110,5.75,10,
705909,新應材兆豐5B購02,0,0,0,---,---,---, ---,,,0.29,10,0.30,10,
705911,均華群益59購01,"177,000",2,"160,610",0.88,0.93,0.88,0.93,+,0.46,0.86,25,0.95,10,
705913,宜鼎群益5B購02,0,0,0,---,---,---, ---,,,3.62,10,3.72,10,
705914,晟德群益59購01,0,0,0,---,---,---, ---,,,0.00,0,0.19,10,
705915,新普群益59購01,0,0,0,---,---,---, ---,,,1.67,499,1.77,10,
705916,雙鴻群益59購08,"10,000",1,"2,400",0.24,0.24,0.24,0.24,-,0.01,0.07,10,0.00,0,
705917,雙鴻群益63購01,0,0,0,---,---,---, ---,,,0.33,15,0.56,2,
705918,世界元富59購03,0,0,0,---,---,---, ---,,,4.58,25,4.68,10,
705920,新應材元富59購02,0,0,0,---,---,---, ---,,,0.27,25,0.37,10,
705921,譜瑞元富59購01,0,0,0,---,---,---, ---,,,2.26,25,0.00,0,
705922,旺矽中信59購01,0,0,0,---,---,---, ---,,,4.02,10,0.00,0,
705923,弘塑永豐5B購02,0,0,0,---,---,---, ---,,,3.01,499,3.10,10,
705924,匯鑽科永豐5A購01,0,0,0,---,---,---, ---,,,0.14,10,0.15,10,
705925,新應材永豐5A購01,0,0,0,---,---,---, ---,,,0.12,10,0.21,10,
705926,新應材永豐5C購04,0,0,0,---,---,---, ---,,,0.24,10,0.25,10,
705927,新應材永豐63購02,"156,000",8,"58,030",0.37,0.40,0.37,0.37,-,0.02,0.37,11,0.38,10,
705928,雙鴻永豐63購01,"12,000",2,"6,760",0.56,0.58,0.56,0.58,+,0.01,0.57,10,0.58,10,
705929,新應材國泰5A購02,0,0,0,---,---,---, ---,,,0.35,499,0.45,10,
705930,力領國票5A購01,"100,000",1,"41,000",0.41,0.41,0.41,0.41,-,0.04,0.44,25,0.46,10,
705931,台半國票5A購01,"15,000",3,"101,250",6.75,6.75,6.75,6.75,-,1.65,6.55,25,7.05,10,
705932,弘塑國票5A購01,"5,000",1,"35,750",7.15,7.15,7.15,7.15,+,0.25,7.10,25,7.60,10,
705933,宜鼎國票5C購01,0,0,0,---,---,---, ---,,,0.00,0,0.00,0,
705934,松瑞藥國票5A購01,"18,000",6,"9,680",0.52,0.55,0.52,0.55,+,0.05,0.52,25,0.53,10,
705935,胡連國票5A購01,"50,000",1,"22,500",0.45,0.45,0.45,0.45,-,0.02,0.45,25,0.46,10,
705936,順達國票5A購01,0,0,0,---,---,---, ---,,,3.24,25,3.30,10,
705937,新應材國票59購01,"50,000",1,"16,000",0.32,0.32,0.32,0.32,+,0.02,0.29,25,0.32,10,
705938,新應材國票5A購02,0,0,0,---,---,---, ---,,,0.36,25,0.37,10,
705939,新應材國票5B購01,"620,000",7,"261,700",0.41,0.47,0.41,0.43,-,0.01,0.41,25,0.42,10,
705940,新應材國票5C購01,"93,000",8,"43,820",0.45,0.51,0.45,0.49,+,0.01,0.45,25,0.46,10,
705941,群翊國票5A購01,"70,000",6,"254,100",3.59,3.78,3.44,3.77,-,0.01,3.69,25,3.79,10,
705942,聖暉*國票5A購02,0,0,0,---,---,---, ---,,,9.95,25,10.90,10,
705943,德微國票5A購01,0,0,0,---,---,---, ---,,,6.70,25,7.20,10,
705944,新應材富邦5C購02,"503,000",8,"155,240",0.31,0.32,0.29,0.29,-,0.02,0.28,10,0.29,28,
705945,均豪統一73購01,0,0,0,---,---,---, ---,,,0.53,10,0.54,10,
705946,宏捷科統一63購01,"10,000",2,"4,600",0.46,0.46,0.46,0.46,-,0.05,0.46,1,0.78,13,
705947,系微統一73購01,"94,000",3,"70,440",0.76,0.76,0.74,0.75,-,0.04,0.74,50,0.76,10,
705948,良維統一63購02,"2,000",1,"1,720",0.86,0.86,0.86,0.86,-,0.02,0.82,10,0.83,10,
705949,良維統一73購02,"14,000",2,"11,380",0.82,0.82,0.81,0.81,-,0.03,0.80,10,0.81,10,
705950,宜特統一73購01,"33,000",2,"21,820",0.66,0.67,0.66,0.67,-,0.01,0.66,10,0.67,10,
705951,信紘科統一63購01,"522,000",5,"208,680",0.39,0.41,0.39,0.40,-,0.0,0.39,10,0.40,10,
705952,前鼎統一73購01,0,0,0,---,---,---, ---,,,0.98,10,1.08,10,
705953,鉅橡統一73購01,0,0,0,---,---,---, ---,,,0.53,10,0.54,10,
705954,鈺太統一66購01,0,0,0,---,---,---, ---,,,0.43,10,0.44,10,
705955,世界元大59購07,0,0,0,---,---,---, ---,,,1.99,25,2.09,10,
705956,台特化元大59購04,0,0,0,---,---,---, ---,,,0.07,499,0.17,10,
705957,良維元大59購04,0,0,0,---,---,---, ---,,,0.61,499,0.71,10,
705958,良維元大59購05,0,0,0,---,---,---, ---,,,1.13,499,1.23,10,
705959,良維元大59購06,"3,000",1,"1,020",0.34,0.34,0.34,0.34,-,0.04,0.23,499,0.33,10,
705960,宜鼎元大59購04,0,0,0,---,---,---, ---,,,4.26,150,4.36,10,
705962,旺矽元大59購07,0,0,0,---,---,---, ---,,,0.00,0,0.00,0,
705965,新應材元大59購02,0,0,0,---,---,---, ---,,,0.06,499,0.16,10,
705966,新應材元大59購03,0,0,0,---,---,---, ---,,,0.09,499,0.19,10,
705967,新應材元大59購04,0,0,0,---,---,---, ---,,,0.19,499,0.29,10,
705968,新應材元大5A購03,0,0,0,---,---,---, ---,,,0.12,499,0.35,3,
705969,新應材元大61購03,"7,000",1,"2,800",0.40,0.40,0.40,0.40,+,0.07,0.30,499,0.40,113,
705972,雙鴻凱基59購13,0,0,0,---,---,---, ---,,,0.92,100,0.93,30,
705974,台特化元大59購05,"1,187,000",13,"491,630",0.42,0.44,0.40,0.41,-,0.07,0.41,499,0.42,10,
705975,台特化元大59購06,"30,000",2,"17,900",0.59,0.60,0.59,0.60,-,0.06,0.58,499,0.60,10,
705982,旺矽元大59購09,0,0,0,---,---,---, ---,,,6.55,1,0.00,0,
705983,旺矽元大59購10,0,0,0,---,---,---, ---,,,0.00,0,0.00,0,
705984,博智元大5C購02,0,0,0,---,---,---, ---,,,4.48,150,0.00,0,
705985,鈊象元大59購01,0,0,0,---,---,---, ---,,,0.27,25,0.58,42,
705986,世紀*國票5A購01,"512,000",12,"161,880",0.31,0.32,0.29,0.29,-,0.09,0.28,25,0.32,10,
705987,台特化國票5A購03,0,0,0,---,---,---, ---,,,0.54,25,0.56,10,
705988,閎康國票5A購02,0,0,0,---,---,---, ---,,,3.19,25,3.29,10,
705989,雙鴻國票5A購02,"30,000",1,"35,700",1.19,1.19,1.19,1.19,+,0.02,1.22,25,1.23,10,
705991,弘塑國泰5A購01,0,0,0,---,---,---, ---,,,6.05,499,0.00,0,
705992,均華國泰5A購01,"55,000",2,"229,400",4.12,4.19,4.12,4.19,+,0.64,4.15,499,4.25,100,
705993,宜鼎富邦63購01,0,0,0,---,---,---, ---,,,1.79,10,1.83,10,
705994,蜜望實統一63購01,0,0,0,---,---,---, ---,,,1.99,10,2.09,10,
705995,蜜望實統一73購01,0,0,0,---,---,---, ---,,,1.78,10,1.88,10,
705996,世界群益5B購03,0,0,0,---,---,---, ---,,,8.15,50,8.65,10,
705997,旺矽群益5B購02,0,0,0,---,---,---, ---,,,0.00,0,12.40,10,
705998,神盾群益5B購01,0,0,0,---,---,---, ---,,,2.92,499,3.02,10,
706000,勤凱群益59購01,0,0,0,---,---,---, ---,,,0.00,0,4.58,10,
706001,雙鴻群益5B購03,"14,000",2,"38,280",2.76,2.76,2.67,2.67,+,0.01,1.77,5,0.00,0,
706002,中美晶中信59購01,"40,000",6,"347,000",8.95,8.95,8.30,8.30,-,0.6,7.65,10,9.50,10,
706003,世界中信59購01,"424,000",55,"1,431,700",3.35,3.54,3.13,3.30,-,0.01,3.24,10,3.27,10,
706004,精材中信61購01,0,0,0,---,---,---, ---,,,3.43,10,4.00,5,
706005,蜜望實永豐5B購01,0,0,0,---,---,---, ---,,,3.97,2,0.00,0,
706006,穩得永豐5B購01,"50,000",1,"46,000",0.92,0.92,0.92,0.92,-,0.09,0.90,10,0.91,10,
706008,均華凱基59購01,"128,000",8,"93,930",0.54,0.94,0.54,0.87,+,0.23,0.80,10,0.85,30,
706009,宜鼎凱基59購07,"1,000",1,"4,480",4.48,4.48,4.48,4.48,-,0.0,4.48,4,6.10,5,
706010,旺矽凱基5C購01,0,0,0,---,---,---, ---,,,6.20,100,6.70,10,
706011,博智凱基5C購01,"11,000",2,"56,650",5.15,5.15,5.15,5.15,+,0.27,4.58,10,4.68,10,
706012,雙鴻台新59購02,0,0,0,---,---,---, ---,,,0.00,0,0.00,0,
706014,巨漢國票59購01,0,0,0,---,---,---, ---,,,2.24,25,2.27,10,
706015,緯軟國票5B購01,"15,000",1,"9,000",0.60,0.60,0.60,0.60,+,0.05,0.56,25,0.57,10,
706016,雙鴻國票5A購03,0,0,0,---,---,---, ---,,,0.48,25,0.49,10,
706017,宜鼎中信61購01,"10,000",1,"14,100",1.41,1.41,1.41,1.41,-,0.08,1.33,10,1.43,10,
706018,弘塑永豐63購01,0,0,0,---,---,---, ---,,,0.00,0,0.00,0,
706019,均華永豐5B購01,"30,000",9,"176,300",5.15,6.65,5.15,6.50,+,1.05,6.40,10,6.75,10,
706020,旺矽永豐61購01,0,0,0,---,---,---, ---,,,4.85,10,0.00,0,
706021,鈊象永豐5A購01,0,0,0,---,---,---, ---,,,0.80,10,0.81,10,
706023,寬宏永豐59購01,0,0,0,---,---,---, ---,,,0.03,10,0.07,10,
706025,前鼎元富59購01,0,0,0,---,---,---, ---,,,3.73,25,3.83,10,
706026,聚和元富59購03,0,0,0,---,---,---, ---,,,1.33,25,1.43,10,
706027,大中統一73購01,0,0,0,---,---,---, ---,,,1.54,10,1.59,10,
706028,台特化統一66購01,"11,000",2,"3,780",0.38,0.38,0.34,0.34,-,0.01,0.34,16,0.00,0,
706029,台特化統一68購01,0,0,0,---,---,---, ---,,,0.51,10,0.52,10,
706030,均華統一62購01,"1,169,000",45,"815,670",0.63,0.79,0.62,0.75,+,0.1,0.72,10,0.73,10,
706031,均華統一63購03,"16,000",3,"10,040",0.54,0.64,0.54,0.64,+,0.08,0.62,10,0.68,10,
706032,均華統一73購01,"130,000",4,"72,450",0.50,0.56,0.50,0.56,+,0.03,0.52,4,0.62,25,
706033,均豪統一63購01,"1,000",1,700,0.70,0.70,0.70,0.70,+,0.04,0.65,10,0.66,10,
706034,宜鼎統一62購01,"20,000",2,"28,000",1.40,1.40,1.40,1.40,-,0.17,1.30,10,1.31,10,
706035,旺矽統一63購04,0,0,0,---,---,---, ---,,,2.81,10,2.91,10,
706036,新普統一63購01,"578,000",17,"392,270",0.68,0.69,0.67,0.68,+,0.01,0.67,10,0.68,10,
706037,新普統一73購01,"115,000",5,"74,980",0.65,0.66,0.65,0.66,+,0.02,0.63,10,0.64,10,
706038,聖暉*統一61購01,0,0,0,---,---,---, ---,,,0.00,0,0.00,0,
706039,蜜望實統一62購01,0,0,0,---,---,---, ---,,,3.36,10,3.46,10,
706040,鑫聯統一62購02,"100,000",2,"51,500",0.56,0.56,0.51,0.51,-,0.03,0.52,10,0.53,10,
706041,加百裕群益59購02,0,0,0,---,---,---, ---,,,0.15,10,0.00,0,
706042,博智群益59購01,0,0,0,---,---,---, ---,,,5.00,10,5.50,10,
706043,富強鑫群益59購01,"11,000",1,"8,250",0.75,0.75,0.75,0.75,+,0.02,0.69,10,0.78,2,
706044,鈺太群益5A購01,0,0,0,---,---,---, ---,,,0.39,10,0.49,10,
706045,耀勝群益59購02,0,0,0,---,---,---, ---,,,0.06,499,0.16,10,
706046,中美晶富邦59購01,0,0,0,---,---,---, ---,,,9.00,30,9.50,10,
706047,台燿富邦63購01,"2,000",1,"8,920",4.46,4.46,4.46,4.46,-,0.84,0.00,0,4.46,8,
706048,原相富邦59購01,0,0,0,---,---,---, ---,,,0.79,30,0.80,28,
706049,博智富邦5B購01,0,0,0,---,---,---, ---,,,2.71,10,2.77,10,
706050,蜜望實富邦5B購01,0,0,0,---,---,---, ---,,,3.65,10,3.70,10,
706051,印能國泰5A購01,0,0,0,---,---,---, ---,,,5.70,499,0.00,0,
706052,均華國泰5A購02,"3,000",1,"4,740",1.58,1.58,1.58,1.58,+,0.26,1.53,250,1.63,35,
706053,鈊象國泰5A購01,0,0,0,---,---,---, ---,,,1.01,10,1.07,10,
706054,台特化元大5B購01,"231,000",10,"181,530",0.82,0.82,0.77,0.79,-,0.06,0.78,499,0.80,10,
706055,台特化元大63購01,"559,000",18,"363,730",0.66,0.66,0.65,0.66,-,0.04,0.65,513,0.66,10,
706057,台燿元大59購05,0,0,0,---,---,---, ---,,,0.00,0,19.90,10,
706058,巨漢元大59購02,"154,000",19,"283,190",2.00,2.01,1.76,1.89,-,0.23,1.87,350,1.89,10,
706060,弘塑元大63購02,"18,000",3,"84,580",4.61,4.81,4.61,4.81,+,0.06,4.78,150,4.88,10,
706061,印能元大59購04,0,0,0,---,---,---, ---,,,4.33,250,0.00,0,
706062,宏觀元大59購01,0,0,0,---,---,---, ---,,,0.00,0,0.14,10,
706063,宏觀元大59購02,0,0,0,---,---,---, ---,,,0.08,499,0.18,10,
706064,宜鼎元大59購08,"211,000",11,"524,430",2.39,2.58,2.39,2.55,-,0.51,2.48,250,2.58,10,
706066,智通*元大59購02,"177,000",13,"566,100",3.06,3.34,3.06,3.34,+,0.29,3.24,250,3.34,9,
706067,智通*元大59購03,"82,000",3,"124,140",1.50,1.62,1.47,1.62,+,0.18,1.55,499,1.65,10,
706068,湧德元大59購01,0,0,0,---,---,---, ---,,,0.72,499,0.74,10,
706069,雙鴻元大59購11,0,0,0,---,---,---, ---,,,0.29,499,0.30,10,
706070,雙鴻元大59購12,"100,000",2,"44,100",0.45,0.45,0.44,0.44,+,0.02,0.45,25,0.46,10,
706071,雙鴻元大63購01,0,0,0,---,---,---, ---,,,0.55,25,0.99,16,
706072,弘塑凱基5A購01,"237,000",21,"1,182,710",4.99,5.15,4.54,5.10,+,0.28,4.96,21,5.00,10,
706073,宜鼎凱基5A購04,"269,000",2,"523,340",1.93,1.96,1.93,1.96,-,0.43,1.96,100,0.00,0,
706074,鈊象凱基5C購01,0,0,0,---,---,---, ---,,,1.92,100,1.93,10,
706076,雙鴻凱基59購14,0,0,0,---,---,---, ---,,,0.32,100,0.33,30,
706077,鑫科凱基59購01,0,0,0,---,---,---, ---,,,0.98,10,0.99,10,
706078,元太中信59購01,"10,000",1,"5,700",0.57,0.57,0.57,0.57,-,0.08,0.55,13,0.60,10,
706080,宏捷科中信59購01,0,0,0,---,---,---, ---,,,0.06,10,0.16,10,
706081,雙鴻中信63購01,"20,000",2,"5,400",0.27,0.27,0.27,0.27,+,0.01,0.26,40,0.27,10,
706082,力致元富59購01,0,0,0,---,---,---, ---,,,0.48,25,0.58,10,
706083,印能元富59購03,0,0,0,---,---,---, ---,,,7.65,25,8.15,10,
706084,廣閎科元富59購01,0,0,0,---,---,---, ---,,,8.35,25,8.85,10,
706085,旺矽永豐59購03,0,0,0,---,---,---, ---,,,5.30,10,5.80,10,
706086,旺矽永豐5A購02,0,0,0,---,---,---, ---,,,4.58,499,0.00,0,
706087,旺矽永豐61購02,0,0,0,---,---,---, ---,,,3.95,10,0.00,0,
706088,旺矽永豐64購01,0,0,0,---,---,---, ---,,,5.10,10,5.60,10,
706089,茂迪永豐61購01,0,0,0,---,---,---, ---,,,0.46,10,0.47,10,
706090,萬泰科永豐5C購01,0,0,0,---,---,---, ---,,,2.86,499,2.89,10,
706091,雙鴻永豐59購04,0,0,0,---,---,---, ---,,,0.23,10,0.25,10,
706092,力致國泰5A購01,"5,000",4,"4,240",0.86,0.86,0.82,0.82,-,0.09,0.81,200,0.83,100,
706093,弘塑國泰5A購02,0,0,0,---,---,---, ---,,,4.20,499,0.00,0,
706094,均豪國泰5A購01,"5,000",1,"7,250",1.45,1.45,1.45,1.45,-,0.06,1.48,400,1.53,100,
706095,系統電國泰5A購01,0,0,0,---,---,---, ---,,,0.58,499,0.61,100,
706096,東捷國泰5A購01,0,0,0,---,---,---, ---,,,14.00,499,14.60,10,
706097,弘塑富邦5C購01,0,0,0,---,---,---, ---,,,2.23,10,2.29,10,
706098,宜鼎富邦5C購03,"1,000",1,"1,400",1.40,1.40,1.40,1.40,-,0.13,1.30,1,1.34,10,
706099,旺矽富邦5B購02,0,0,0,---,---,---, ---,,,2.38,10,2.47,10,
706100,旺矽富邦63購01,0,0,0,---,---,---, ---,,,2.52,10,2.61,10,
706101,茂迪富邦63購01,0,0,0,---,---,---, ---,,,0.27,10,0.28,28,
706103,台特化元大63購02,"480,000",9,"319,060",0.69,0.69,0.65,0.67,-,0.04,0.66,499,0.67,10,
706105,宏捷科元大5C購01,"4,000",1,"1,880",0.47,0.47,0.47,0.47,-,0.12,0.46,499,0.56,10,
706106,良維元大59購07,0,0,0,---,---,---, ---,,,1.19,499,1.20,10,
706108,宜鼎元大59購09,"123,000",13,"116,200",0.90,0.96,0.90,0.94,-,0.31,0.93,5,0.95,10,
706109,宜鼎元大59購10,0,0,0,---,---,---, ---,,,1.24,499,1.34,10,
706110,茂迪元大59購07,0,0,0,---,---,---, ---,,,0.19,499,0.20,10,
706111,環球晶元大59購03,0,0,0,---,---,---, ---,,,22.00,10,0.00,0,
706113,雙鴻元大59購13,0,0,0,---,---,---, ---,,,0.17,499,0.27,10,
706114,雙鴻元大59購14,"500,000",3,"145,000",0.29,0.29,0.29,0.29,-,0.02,0.30,499,0.31,10,
706115,雙鴻元大63購02,"1,465,000",5,"620,340",0.42,0.44,0.42,0.44,+,0.03,0.42,509,0.00,0,
706116,力致國票5A購01,0,0,0,---,---,---, ---,,,0.35,25,0.37,10,
706117,台半國票5A購02,0,0,0,---,---,---, ---,,,0.00,0,0.00,0,
706118,台星科國票61購01,"1,000",1,"1,870",1.87,1.87,1.87,1.87,+,0.06,1.83,25,1.88,10,
706119,宏捷科國票5A購01,"3,000",2,"1,070",0.36,0.36,0.35,0.35,-,0.09,0.35,25,0.36,10,
706120,良維國票5A購01,0,0,0,---,---,---, ---,,,1.64,25,1.67,10,
706121,宜鼎國票5A購03,"704,000",21,"1,081,630",1.64,1.64,1.48,1.54,-,0.3,1.52,35,1.54,10,
706122,旺矽國票5B購02,0,0,0,---,---,---, ---,,,6.10,25,6.60,10,
706124,臺慶科國票61購01,0,0,0,---,---,---, ---,,,3.95,10,0.00,0,
706125,鑫聯國票5C購01,0,0,0,---,---,---, ---,,,1.75,25,1.76,10,
706126,大綜統一63購01,0,0,0,---,---,---, ---,,,0.91,10,1.01,10,
706127,大綜統一66購01,0,0,0,---,---,---, ---,,,0.84,10,0.85,10,
706128,台特化統一62購02,0,0,0,---,---,---, ---,,,0.26,10,0.27,10,
706129,巨漢統一63購01,"22,000",3,"20,530",0.96,0.97,0.93,0.93,-,0.02,0.89,10,0.90,10,
706130,正基統一62購01,0,0,0,---,---,---, ---,,,0.29,10,0.30,10,
706131,正基統一63購01,0,0,0,---,---,---, ---,,,0.33,10,0.34,10,
706132,正基統一63購02,0,0,0,---,---,---, ---,,,0.36,10,0.37,10,
706133,均豪統一66購01,0,0,0,---,---,---, ---,,,0.68,10,0.69,10,
706134,宜鼎統一63購02,"64,000",7,"75,180",1.22,1.22,1.17,1.17,-,0.19,1.19,8,1.21,10,
706135,宜鼎統一63購03,0,0,0,---,---,---, ---,,,0.65,10,0.75,10,
706136,宜鼎統一66購02,"600,000",19,"553,760",0.93,0.97,0.92,0.92,-,0.1,0.92,1,1.10,30,
706137,宜鼎統一73購01,0,0,0,---,---,---, ---,,,0.77,5,0.84,10,
706138,茂迪統一67購01,0,0,0,---,---,---, ---,,,0.38,10,0.39,10,
706139,聚和統一73購01,"1,000",1,750,0.75,0.75,0.75,0.75,-,0.0,0.73,10,0.74,10,
706140,蜜望實統一66購01,"15,000",2,"57,300",3.82,3.82,3.82,3.82,-,0.48,0.00,0,0.00,0,
706141,蜜望實統一68購01,"2,000",1,"6,260",3.13,3.13,3.13,3.13,-,0.42,0.00,0,0.00,0,
706142,雙鴻統一63購01,0,0,0,---,---,---, ---,,,0.27,10,0.37,10,
706143,元太群益59購01,"10,000",1,"12,300",1.23,1.23,1.23,1.23,-,0.1,1.13,50,1.23,10,
706144,元太群益59購02,0,0,0,---,---,---, ---,,,0.00,0,0.00,0,
706145,元太群益59購03,"214,000",8,"247,790",1.11,1.23,1.11,1.20,-,0.13,1.13,10,1.23,10,
706146,台特化群益5A購01,0,0,0,---,---,---, ---,,,0.26,10,0.36,10,
706147,宜鼎群益59購04,0,0,0,---,---,---, ---,,,0.00,0,5.55,5,
706148,宜鼎群益59購05,"5,000",1,"9,450",1.89,1.89,1.89,1.89,-,0.21,1.78,100,1.88,10,
706149,宜鼎群益59購06,"2,000",2,"4,950",2.49,2.49,2.46,2.46,-,0.29,2.40,1,2.46,100,
706150,旺矽群益63購01,"3,000",1,"14,520",4.84,4.84,4.84,4.84,-,0.51,5.05,25,5.40,10,
706151,東捷群益63購01,0,0,0,---,---,---, ---,,,5.95,10,6.45,10,
706152,博智群益59購02,0,0,0,---,---,---, ---,,,4.59,10,4.69,10,
706153,德微群益63購01,"163,000",7,"563,000",3.42,3.46,3.40,3.46,-,0.8,0.00,0,0.00,0,
706154,雙鴻群益63購02,0,0,0,---,---,---, ---,,,0.13,27,0.00,0,
706155,台特化凱基5C購02,0,0,0,---,---,---, ---,,,0.46,100,0.49,30,
706157,均華凱基59購02,"11,000",2,"11,040",0.94,1.01,0.94,1.01,+,0.2,0.94,100,0.98,30,
706158,良維凱基59購04,0,0,0,---,---,---, ---,,,1.43,499,1.45,10,
706159,亞泰凱基59購01,0,0,0,---,---,---, ---,,,6.55,10,7.05,10,
706160,宜鼎凱基5C購02,0,0,0,---,---,---, ---,,,2.13,100,2.18,10,
706161,旺矽凱基63購01,0,0,0,---,---,---, ---,,,3.79,100,3.89,10,
706162,旺矽凱基63購02,0,0,0,---,---,---, ---,,,4.33,100,4.43,10,
706163,東捷凱基63購01,0,0,0,---,---,---, ---,,,7.95,50,8.45,10,
706164,聖暉*凱基59購04,0,0,0,---,---,---, ---,,,7.25,100,7.75,10,
706165,精測凱基59購02,0,0,0,---,---,---, ---,,,0.02,100,0.12,10,
706166,德微凱基5A購01,0,0,0,---,---,---, ---,,,0.00,0,0.00,0,
706168,雙鴻凱基63購01,"25,000",1,"10,000",0.40,0.40,0.40,0.40,+,0.01,0.40,100,0.41,10,
706169,弘塑群益59購04,0,0,0,---,---,---, ---,,,3.46,100,3.56,10,
706170,良維群益5C購02,0,0,0,---,---,---, ---,,,1.94,10,2.04,10,
706171,旺矽群益59購08,"407,000",3,"1,762,450",4.33,4.35,4.33,4.35,-,0.5,4.00,4,0.00,0,
706172,精測群益59購04,0,0,0,---,---,---, ---,,,0.03,3,0.12,120,
706173,精測群益5B購01,"251,000",2,"22,590",0.09,0.09,0.09,0.09,-,0.01,0.08,41,0.00,0,
706174,雙鴻群益59購09,0,0,0,---,---,---, ---,,,0.29,499,0.39,10,
706175,宜鼎國泰5A購02,0,0,0,---,---,---, ---,,,2.65,499,4.06,3,
706176,宜鼎國泰61購01,0,0,0,---,---,---, ---,,,2.97,499,3.03,10,
706177,旺矽國泰5A購02,0,0,0,---,---,---, ---,,,4.58,10,4.64,10,
706178,弘塑富邦63購01,0,0,0,---,---,---, ---,,,1.92,10,2.02,10,
706179,均華富邦5B購01,"579,000",33,"494,440",0.76,0.99,0.74,0.91,+,0.12,0.89,10,0.91,13,
706180,均華統一63購04,"5,000",1,"2,700",0.54,0.54,0.54,0.54,+,0.12,0.54,5,0.57,10,
706181,良維統一63購03,0,0,0,---,---,---, ---,,,0.64,10,0.74,10,
706182,旺矽統一63購05,"412,000",12,"819,780",1.98,1.99,1.98,1.99,-,0.08,2.01,10,2.11,10,
706183,茂迪統一63購01,0,0,0,---,---,---, ---,,,0.41,10,0.42,10,
706184,台特化元大63購03,"920,000",8,"492,600",0.53,0.55,0.53,0.53,-,0.04,0.53,499,0.54,10,
706185,均華元大5C購01,"5,000",2,"2,630",0.55,0.55,0.52,0.52,-,0.0,0.53,2,0.68,1,
706186,宏捷科元大5C購02,0,0,0,---,---,---, ---,,,0.50,499,0.60,10,
706189,宜鼎元大59購11,0,0,0,---,---,---, ---,,,1.10,499,1.20,10,
706190,宜鼎元大59購12,0,0,0,---,---,---, ---,,,1.22,100,1.38,30,
706191,宜鼎元大59購13,0,0,0,---,---,---, ---,,,1.37,499,0.00,0,
706192,旺矽元大59購12,"32,000",5,"148,750",4.67,4.67,4.42,4.42,-,0.49,3.04,3,0.00,0,
706193,旺矽元大59購13,0,0,0,---,---,---, ---,,,0.00,0,0.00,0,
706194,旺矽元大59購14,"5,000",1,"19,400",3.88,3.88,3.88,3.88,-,0.05,2.08,4,0.00,0,
706195,陽程元大59購01,"24,000",3,"77,340",2.96,3.59,2.96,3.59,+,0.25,3.62,250,3.72,10,
706196,精測元大59購01,0,0,0,---,---,---, ---,,,0.02,499,0.12,10,
706197,精測元大59購02,"115,000",2,"10,350",0.09,0.09,0.09,0.09,-,0.09,0.09,499,0.19,10,
706198,精測元大5C購02,"890,000",13,"96,900",0.15,0.20,0.10,0.15,-,0.21,0.14,25,0.19,10,
706199,雙鴻元大59購15,0,0,0,---,---,---, ---,,,0.07,499,0.17,10,
706200,雙鴻元大59購16,0,0,0,---,---,---, ---,,,0.09,499,0.19,10,
706201,雙鴻元大59購17,"10,000",1,"2,400",0.24,0.24,0.24,0.24,-,0.0,0.24,499,0.34,10,
706202,鑫科元大59購01,"59,000",3,"42,980",0.77,0.77,0.72,0.72,-,0.05,0.71,499,0.72,10,
706203,鑫聯元大63購01,"210,000",6,"160,030",0.77,0.83,0.76,0.83,+,0.01,0.78,25,0.79,10,
706204,中美晶國票61購01,0,0,0,---,---,---, ---,,,8.65,25,0.00,0,
706205,均華國票59購01,"43,000",5,"49,940",1.01,1.18,1.01,1.18,+,0.22,1.14,25,1.18,10,
706206,均華國票5B購01,"94,000",8,"125,820",1.28,1.38,1.28,1.32,+,0.26,1.24,25,1.28,10,
706207,宜鼎國票65購01,"371,000",27,"794,200",2.19,2.21,2.08,2.13,-,0.24,2.12,28,2.13,10,
706208,旺矽國票5C購01,0,0,0,---,---,---, ---,,,5.95,25,6.15,10,
706209,旺矽國票67購01,0,0,0,---,---,---, ---,,,0.00,0,0.00,0,
706210,德微國票65購01,0,0,0,---,---,---, ---,,,4.26,25,4.34,10,
706212,精測中信59購01,0,0,0,---,---,---, ---,,,0.02,10,0.11,10,
706213,精測中信5B購01,0,0,0,---,---,---, ---,,,0.05,10,0.15,10,
706214,宜鼎永豐5B購01,"123,000",7,"155,040",1.28,1.28,1.21,1.24,-,0.17,1.24,10,1.26,10,
706215,旺矽永豐5C購01,0,0,0,---,---,---, ---,,,3.52,10,3.62,10,
706216,東捷永豐61購01,0,0,0,---,---,---, ---,,,7.70,499,0.00,0,
706217,精測永豐59購02,0,0,0,---,---,---, ---,,,0.06,10,0.08,10,
706218,精測永豐5B購01,0,0,0,---,---,---, ---,,,0.13,10,0.14,10,
706219,精測永豐61購01,0,0,0,---,---,---, ---,,,0.16,50,0.26,100,
706220,鑫科永豐5C購02,"6,000",1,"3,540",0.59,0.59,0.59,0.59,-,0.0,0.57,10,0.62,10,
706221,台特化元富59購01,0,0,0,---,---,---, ---,,,0.23,25,0.24,10,
706222,台燿元富59購02,0,0,0,---,---,---, ---,,,0.00,0,29.90,10,
706223,弘塑元富5C購01,"4,000",2,"18,360",4.54,4.64,4.54,4.64,+,0.26,4.51,25,4.59,10,
706224,均華元富59購01,"15,000",3,"14,150",0.79,1.09,0.79,1.09,-,0.62,1.02,25,1.50,10,
706225,宏捷科元富5C購02,"48,000",2,"47,040",0.98,0.98,0.98,0.98,-,0.1,0.90,25,0.91,10,
706226,旺矽元富59購04,0,0,0,---,---,---, ---,,,4.57,25,4.67,10,
706227,旺矽元富59購05,0,0,0,---,---,---, ---,,,3.37,25,3.65,1,
706228,旺矽元富59購06,"1,000",1,"2,550",2.55,2.55,2.55,2.55,-,0.33,2.59,25,2.69,10,
706229,聖暉*元富59購02,0,0,0,---,---,---, ---,,,11.50,25,12.50,10,
706230,頎邦元富59購01,0,0,0,---,---,---, ---,,,27.10,25,28.10,10,
706231,精測元富59購07,0,0,0,---,---,---, ---,,,0.09,25,0.19,10,
706232,精測元富59購08,0,0,0,---,---,---, ---,,,0.07,25,0.17,10,
706233,德微元富59購02,0,0,0,---,---,---, ---,,,5.40,25,5.90,10,
706234,德微元富59購03,0,0,0,---,---,---, ---,,,2.49,25,2.59,10,
706235,雙鴻元富59購05,"85,000",2,"76,650",0.91,0.91,0.89,0.89,+,0.04,0.83,25,0.84,10,
706236,雙鴻元富59購06,0,0,0,---,---,---, ---,,,0.37,25,0.47,10,
706237,雙鴻元富59購07,0,0,0,---,---,---, ---,,,0.53,25,0.54,10,
706238,鑫科元富59購01,"50,000",2,"48,700",0.97,0.98,0.97,0.98,-,0.08,0.96,25,0.97,10,
706239,中美晶兆豐63購01,0,0,0,---,---,---, ---,,,9.00,10,9.05,10,
706240,元太兆豐63購01,"322,000",9,"752,020",2.28,2.38,2.28,2.29,-,0.16,2.28,20,2.29,5,
706241,環球晶兆豐5B購01,0,0,0,---,---,---, ---,,,11.10,10,11.20,10,
706242,M31凱基59購01,0,0,0,---,---,---, ---,,,0.13,10,0.14,50,
706243,M31凱基59購02,0,0,0,---,---,---, ---,,,0.22,100,0.24,30,
706244,M31凱基59購03,0,0,0,---,---,---, ---,,,0.00,0,0.00,0,
706245,M31凱基5B購01,"20,000",2,"7,800",0.39,0.39,0.39,0.39,-,0.01,0.35,100,0.38,10,
706246,台燿凱基61購01,0,0,0,---,---,---, ---,,,0.00,0,0.00,0,
706247,巨漢凱基59購02,"36,000",3,"65,410",1.81,1.82,1.73,1.73,-,0.21,1.70,10,1.71,10,
706248,弘塑凱基5A購02,"20,000",4,"110,650",5.55,5.55,5.50,5.55,+,0.5,5.55,100,5.70,10,
706249,宏捷科凱基5C購01,"25,000",4,"16,100",0.68,0.68,0.63,0.63,-,0.09,0.62,100,0.63,10,
706250,信驊凱基59購05,"77,000",9,"313,840",4.12,4.22,3.88,3.88,-,0.64,4.02,25,4.12,10,
706251,信驊凱基59購06,"59,000",6,"228,860",3.75,4.10,3.75,4.10,-,0.11,3.92,26,4.02,10,
706252,信驊凱基5B購02,"235,000",27,"1,058,550",4.37,4.84,4.21,4.47,-,0.17,4.58,22,4.68,10,
706253,信驊凱基5C購01,"71,000",13,"253,760",3.37,3.65,3.37,3.63,-,0.11,3.59,100,3.69,10,
706255,優群凱基59購01,0,0,0,---,---,---, ---,,,0.74,10,0.78,10,
706256,譜瑞凱基59購03,0,0,0,---,---,---, ---,,,0.00,0,0.00,0,
706257,台燿中信59購04,0,0,0,---,---,---, ---,,,0.00,0,6.45,10,
706258,信驊中信59購01,"63,000",10,"122,190",1.75,2.06,1.75,1.85,-,0.02,1.89,10,1.98,10,
706259,M31永豐5B購01,"100,000",1,"50,000",0.50,0.50,0.50,0.50,-,0.0,0.44,10,0.46,10,
706260,M31永豐5C購01,"103,000",3,"50,410",0.49,0.49,0.47,0.47,-,0.04,0.46,10,0.47,10,
706261,大中永豐5B購01,0,0,0,---,---,---, ---,,,2.50,10,2.55,10,
706264,台燿永豐5B購01,0,0,0,---,---,---, ---,,,0.00,0,0.00,0,
706265,良維永豐5B購02,0,0,0,---,---,---, ---,,,2.21,10,2.24,10,
706267,M31元富59購01,"322,000",23,"190,550",0.64,0.64,0.54,0.55,-,0.08,0.53,25,0.56,10,
706268,M31元富59購02,0,0,0,---,---,---, ---,,,0.23,25,0.25,10,
706269,M31元富5A購01,"10,000",1,"5,400",0.54,0.54,0.54,0.54,-,0.02,0.40,25,0.50,10,
706271,M31群益59購01,0,0,0,---,---,---, ---,,,0.19,10,0.00,0,
706273,台燿群益59購01,0,0,0,---,---,---, ---,,,0.00,0,0.00,0,
706274,良維群益5C購03,"10,000",1,"18,200",1.82,1.82,1.82,1.82,-,0.07,1.75,10,1.85,10,
706275,信驊群益5B購05,"132,000",10,"420,900",3.13,3.30,2.99,3.11,-,0.29,3.14,10,3.24,10,
706276,聖暉*群益61購01,0,0,0,---,---,---, ---,,,4.93,100,5.15,10,
706278,雙鴻群益59購10,0,0,0,---,---,---, ---,,,0.18,10,0.00,0,
706279,台燿國泰5A購01,0,0,0,---,---,---, ---,,,0.00,0,11.90,10,
706280,台燿國泰5A購02,0,0,0,---,---,---, ---,,,0.00,0,11.00,10,
706281,德微國泰5A購01,0,0,0,---,---,---, ---,,,3.76,499,3.82,10,
706282,M31統一63購03,"10,000",4,"3,700",0.37,0.37,0.37,0.37,-,0.03,0.36,57,0.00,0,
706283,M31富邦5B購01,"10,000",1,"3,100",0.31,0.31,0.31,0.31,+,0.01,0.26,10,0.27,28,
706284,台特化富邦5C購01,"50,000",1,"8,500",0.17,0.17,0.17,0.17,-,0.01,0.16,10,0.17,28,
706285,信驊富邦5C購01,"15,000",3,"47,100",3.16,3.16,3.11,3.11,-,0.04,3.07,10,3.17,28,
706286,茂迪富邦5C購01,0,0,0,---,---,---, ---,,,0.31,10,0.32,28,
706287,雙鴻富邦5C購03,"6,000",1,"1,860",0.31,0.31,0.31,0.31,-,0.0,0.31,10,0.32,28,
706288,M31國票5A購01,0,0,0,---,---,---, ---,,,0.28,25,0.38,10,
706289,天品國票59購01,"627,000",12,"770,090",1.24,1.37,1.18,1.32,+,0.04,1.32,24,1.35,10,
706291,均豪國票59購01,"16,000",2,"22,400",1.40,1.40,1.40,1.40,+,0.03,1.40,25,1.50,10,
706292,宏觀國票5C購02,0,0,0,---,---,---, ---,,,0.31,25,0.32,10,
706293,沛亨國票5A購02,"15,000",1,"16,050",1.07,1.07,1.07,1.07,-,0.19,1.03,25,1.10,10,
706294,信驊國票5B購03,"57,000",6,"168,990",2.84,3.10,2.84,2.94,-,0.06,2.93,25,3.03,10,
706295,陽程國票59購01,0,0,0,---,---,---, ---,,,5.45,25,0.00,0,
706296,環球晶國票59購01,0,0,0,---,---,---, ---,,,26.00,25,0.00,0,
706297,環球晶國票5A購01,0,0,0,---,---,---, ---,,,23.10,25,0.00,0,
706298,鑫科國票5A購01,"4,000",1,"3,400",0.85,0.85,0.85,0.85,-,0.01,0.80,25,0.81,10,
706299,M31元大59購02,"128,000",2,"66,400",0.51,0.53,0.51,0.53,-,0.0,0.45,499,0.48,10,
706300,M31元大59購03,"220,000",6,"157,650",0.73,0.73,0.69,0.73,-,0.02,0.65,499,0.68,10,
706301,巨漢元大59購03,"930,000",18,"778,310",0.87,0.92,0.81,0.92,-,0.05,0.86,499,0.87,10,
706302,沛亨元大59購02,"52,000",1,"90,480",1.74,1.74,1.74,1.74,-,0.09,1.63,400,1.68,10,
706303,良維元大59購11,0,0,0,---,---,---, ---,,,0.96,499,0.98,10,
706305,亞泰元大59購01,"90,000",9,"222,500",2.45,2.50,2.45,2.50,-,0.09,2.39,25,2.49,10,
706306,東捷元大59購01,0,0,0,---,---,---, ---,,,4.61,150,0.00,0,
706308,信驊元大59購03,"22,000",5,"49,960",2.26,2.29,2.20,2.20,-,0.14,2.20,24,2.30,10,
706310,湧德元大59購02,"68,000",1,"34,000",0.50,0.50,0.50,0.50,-,0.06,0.49,499,0.50,10,
706311,雙鴻元大59購18,0,0,0,---,---,---, ---,,,0.08,499,0.18,10,
706312,雙鴻元大59購19,0,0,0,---,---,---, ---,,,0.11,499,0.21,10,
706313,雙鴻元大5C購04,0,0,0,---,---,---, ---,,,0.47,499,0.48,10,
706314,鑫科元大59購02,0,0,0,---,---,---, ---,,,0.81,499,0.82,10,
706316,台燿兆豐5B購01,0,0,0,---,---,---, ---,,,0.00,0,8.20,10,
706317,弘塑兆豐5B購01,0,0,0,---,---,---, ---,,,2.05,10,2.06,10,
706318,聖暉*兆豐5B購01,0,0,0,---,---,---, ---,,,3.82,10,3.83,10,
706319,印能凱基5B購01,"43,000",9,"209,420",4.00,5.10,4.00,5.10,+,0.75,4.91,100,5.00,10,
706320,均豪凱基59購01,0,0,0,---,---,---, ---,,,0.32,100,0.41,1,
706321,沛亨凱基59購02,"5,000",1,"4,250",0.85,0.85,0.85,0.85,-,0.19,0.79,10,0.89,10,
706322,亞泰凱基5A購01,"18,000",3,"50,470",2.74,2.89,2.74,2.89,-,0.16,2.83,6,2.89,7,
706324,聖暉*凱基5B購02,0,0,0,---,---,---, ---,,,7.50,100,8.00,10,
706325,環球晶凱基5C購01,"1,000",1,"23,600",23.60,23.60,23.60,23.60,-,0.4,0.00,0,20.90,10,
706326,雙鴻凱基59購15,0,0,0,---,---,---, ---,,,0.50,100,0.51,30,
706327,穩得凱基5C購01,0,0,0,---,---,---, ---,,,0.84,100,0.85,10,
706328,弘塑國票65購01,"30,000",4,"114,430",3.73,3.98,3.73,3.85,+,0.1,3.78,25,3.85,10,
706329,正德國票59購01,"100,000",1,"38,000",0.38,0.38,0.38,0.38,-,0.03,0.38,25,0.41,10,
706330,亞泰國票59購02,0,0,0,---,---,---, ---,,,2.23,25,0.00,0,
706331,亞泰國票5A購01,"421,000",28,"930,900",2.06,2.41,1.91,2.06,-,0.11,2.05,25,2.10,10,
706332,華宏國票5A購01,0,0,0,---,---,---, ---,,,0.36,25,0.38,10,
706334,良維元大59購13,0,0,0,---,---,---, ---,,,1.82,350,1.92,10,
706335,前鼎元大59購03,0,0,0,---,---,---, ---,,,1.67,25,1.77,10,
706336,茂迪元大5C購01,0,0,0,---,---,---, ---,,,0.34,499,0.35,10,
706337,雙鴻元大59購20,0,0,0,---,---,---, ---,,,0.19,499,0.20,10,
706338,雙鴻元大59購21,0,0,0,---,---,---, ---,,,0.11,499,0.00,0,
706339,雙鴻元大5C購05,"130,000",5,"54,400",0.44,0.44,0.40,0.40,-,0.01,0.41,499,0.42,10,
706340,穩得元大63購01,0,0,0,---,---,---, ---,,,0.51,499,0.61,10,
706341,鑫聯元大63購02,"127,000",11,"81,410",0.65,0.71,0.63,0.67,-,0.03,0.66,11,0.67,10,
706342,雙鴻國泰61購01,"50,000",1,"36,000",0.72,0.72,0.72,0.72,+,0.03,0.70,100,0.71,100,
706343,台燿富邦63購02,0,0,0,---,---,---, ---,,,0.00,0,3.23,10,
706344,德微富邦5C購01,0,0,0,---,---,---, ---,,,1.21,10,1.31,10,
706345,世界統一63購01,0,0,0,---,---,---, ---,,,1.67,10,1.77,10,
706346,台特化統一63購04,0,0,0,---,---,---, ---,,,0.28,10,0.29,10,
706347,印能統一63購01,"1,000",1,"1,070",1.07,1.07,1.07,1.07,-,0.24,1.26,10,1.36,10,
706348,亞泰統一62購02,"7,000",4,"9,580",1.30,1.40,1.28,1.28,-,0.07,1.27,10,1.28,10,
706349,博智統一63購01,0,0,0,---,---,---, ---,,,1.54,10,1.64,10,
706350,鈺太統一63購01,0,0,0,---,---,---, ---,,,0.50,10,0.51,10,
706351,弘塑永豐5C購03,"140,000",12,"407,770",2.82,3.04,2.82,3.04,+,0.22,1.61,6,0.00,0,
706353,均豪永豐59購01,0,0,0,---,---,---, ---,,,0.40,10,0.42,10,
706354,雙鴻永豐61購02,"117,000",15,"81,820",0.72,0.72,0.69,0.71,+,0.01,0.70,23,0.71,6,
706355,雙鴻永豐64購01,"15,000",3,"10,500",0.70,0.70,0.70,0.70,+,0.02,0.69,10,0.70,10,
706357,印能元富59購04,"36,000",3,"179,380",5.05,5.05,4.94,4.94,+,0.52,5.55,25,6.05,10,
706358,亞泰元富59購02,0,0,0,---,---,---, ---,,,3.69,25,3.79,10,
706359,亞泰元富59購03,0,0,0,---,---,---, ---,,,2.29,25,2.38,10,
706360,鑫聯元富59購01,0,0,0,---,---,---, ---,,,2.96,25,2.97,10,
706361,台燿群益59購02,0,0,0,---,---,---, ---,,,0.00,0,27.70,10,
706362,弘塑群益59購05,"10,000",2,"23,700",2.45,2.45,2.29,2.29,+,0.45,2.18,499,2.28,10,
706363,宏捷科群益59購04,0,0,0,---,---,---, ---,,,0.30,499,0.40,10,
706364,宏觀群益59購02,0,0,0,---,---,---, ---,,,0.06,10,0.00,0,
706365,宏觀群益59購03,"5,000",1,750,0.15,0.15,0.15,0.15,-,0.01,0.04,10,0.00,0,
706366,優群群益59購01,0,0,0,---,---,---, ---,,,0.62,499,0.72,10,
706367,譜瑞群益59購02,0,0,0,---,---,---, ---,,,1.22,50,1.32,10,
706368,天品凱基59購01,0,0,0,---,---,---, ---,,,0.63,10,0.65,10,
706369,台燿凱基59購02,0,0,0,---,---,---, ---,,,0.00,0,0.00,0,
706370,弘塑凱基59購06,0,0,0,---,---,---, ---,,,2.46,100,2.56,10,
706371,良維凱基61購01,0,0,0,---,---,---, ---,,,1.48,100,1.49,10,
706372,茂迪凱基59購03,0,0,0,---,---,---, ---,,,0.17,10,0.18,10,
706373,華義凱基59購01,"10,000",1,"16,600",1.66,1.66,1.66,1.66,+,0.43,1.28,10,1.32,10,
706374,頎邦凱基59購01,0,0,0,---,---,---, ---,,,46.60,100,47.60,10,
706375,譜瑞凱基59購04,"3,000",2,"8,910",2.85,3.03,2.85,3.03,-,0.08,3.01,10,3.03,10,
706376,鑫聯凱基59購02,0,0,0,---,---,---, ---,,,1.35,10,1.36,10,
706378,正淩永豐5B購01,0,0,0,---,---,---, ---,,,0.56,10,0.57,10,
706379,東捷永豐5A購01,0,0,0,---,---,---, ---,,,4.58,10,4.68,10,
706380,信紘科永豐59購01,"5,000",1,"1,600",0.32,0.32,0.32,0.32,-,0.09,0.29,10,0.37,5,
706382,中美晶元富59購02,0,0,0,---,---,---, ---,,,13.10,25,14.10,10,
706383,均豪元富59購01,"150,000",10,"155,930",0.97,1.13,0.93,1.06,-,0.01,1.01,25,1.03,10,
706384,華宏元富59購01,0,0,0,---,---,---, ---,,,0.69,25,0.71,10,
706385,華宏元富59購02,"1,000",1,300,0.30,0.30,0.30,0.30,-,0.0,0.20,25,0.30,10,
706386,頎邦元富59購02,0,0,0,---,---,---, ---,,,30.20,25,31.20,10,
706387,廣運元富59購03,0,0,0,---,---,---, ---,,,0.25,25,0.26,10,
706388,雙鴻元富59購08,"10,000",1,"2,100",0.21,0.21,0.21,0.21,-,0.02,0.23,25,0.24,10,
706389,美琪瑪群益5A購01,0,0,0,---,---,---, ---,,,0.41,10,0.51,10,
706390,湧德群益5B購01,"125,000",4,"77,860",0.63,0.64,0.61,0.63,-,0.05,0.63,25,0.65,10,
706391,環球晶群益59購06,0,0,0,---,---,---, ---,,,27.90,10,0.00,0,
706392,雙鴻群益5B購04,0,0,0,---,---,---, ---,,,0.12,27,0.00,0,
706393,雙鴻群益5B購05,0,0,0,---,---,---, ---,,,0.22,27,0.00,0,
706394,宏觀國泰5A購02,0,0,0,---,---,---, ---,,,0.30,499,0.31,100,
706395,大學光國票59購01,0,0,0,---,---,---, ---,,,0.43,25,0.45,10,
706396,東捷國票59購01,0,0,0,---,---,---, ---,,,6.05,25,6.55,10,
706397,東捷國票5A購01,0,0,0,---,---,---, ---,,,0.00,0,0.00,0,
706398,原相國票59購01,0,0,0,---,---,---, ---,,,0.52,25,0.62,10,
706399,華義國票5A購02,"26,000",4,"22,160",0.85,0.88,0.76,0.76,+,0.11,0.67,25,0.69,10,
706400,陽程國票59購02,0,0,0,---,---,---, ---,,,4.45,25,4.55,10,
706401,頎邦國票5A購01,0,0,0,---,---,---, ---,,,20.50,25,21.50,10,
706402,聚和國票5A購02,0,0,0,---,---,---, ---,,,0.60,45,0.61,10,
706403,正淩元大59購01,"22,000",3,"8,960",0.41,0.43,0.40,0.43,-,0.02,0.42,18,0.43,10,
706404,均豪元大59購01,0,0,0,---,---,---, ---,,,0.48,499,0.58,10,
706405,均豪元大59購02,"210,000",6,"102,560",0.51,0.52,0.47,0.47,-,0.07,0.51,499,0.52,10,
706406,良維元大59購14,0,0,0,---,---,---, ---,,,1.87,350,1.90,10,
706407,良維元大59購15,0,0,0,---,---,---, ---,,,2.02,350,2.05,10,
706408,良維元大59購16,"9,000",1,"10,080",1.12,1.12,1.12,1.12,-,0.04,1.05,499,1.07,10,
706410,雙鴻元大59購22,0,0,0,---,---,---, ---,,,0.19,499,0.00,0,
706411,中美晶凱基5A購01,"36,000",4,"298,100",8.85,9.10,8.15,8.15,-,0.85,6.30,1,0.00,0,
706412,弘塑凱基5B購01,0,0,0,---,---,---, ---,,,2.78,100,2.88,10,
706413,印能凱基5B購02,"1,000",1,"7,000",7.00,7.00,7.00,7.00,+,0.45,0.00,0,8.05,10,
706414,湧德凱基5A購01,"10,000",1,"3,200",0.32,0.32,0.32,0.32,-,0.03,0.30,100,0.31,10,
706415,閎康凱基5B購01,0,0,0,---,---,---, ---,,,5.20,10,5.70,10,
706416,鈺太凱基59購02,0,0,0,---,---,---, ---,,,0.29,10,0.31,10,
706417,雙鴻凱基59購16,0,0,0,---,---,---, ---,,,0.24,100,0.25,50,
706418,精材國泰5A購01,0,0,0,---,---,---, ---,,,13.70,110,14.30,10,
706419,弘塑富邦61購01,"175,000",11,"297,300",1.78,1.84,1.63,1.79,+,0.06,1.76,10,1.79,10,
706420,宏捷科富邦5B購01,"192,000",10,"91,970",0.52,0.52,0.46,0.46,-,0.08,0.46,10,0.47,28,
706421,宏捷科富邦5C購01,"94,000",2,"38,340",0.42,0.42,0.40,0.40,-,0.07,0.39,10,0.40,28,
706422,家登富邦5B購01,0,0,0,---,---,---, ---,,,1.72,10,1.77,10,
706423,智通*富邦5B購02,"170,000",18,"251,400",1.53,1.56,1.43,1.54,-,0.01,1.46,10,1.54,10,
706424,環球晶富邦5A購01,0,0,0,---,---,---, ---,,,5.70,1,6.05,10,
706425,雙鴻富邦5C購04,"162,000",3,"65,100",0.43,0.43,0.40,0.40,-,0.0,0.41,10,0.42,28,
706426,弘塑元大59購06,"41,000",5,"74,090",1.79,1.88,1.76,1.77,+,0.07,1.77,445,1.87,10,
706427,弘塑元大59購07,0,0,0,---,---,---, ---,,,2.51,300,2.61,10,
706428,印能元大59購07,0,0,0,---,---,---, ---,,,2.12,400,2.22,10,
706429,良維元大59購17,0,0,0,---,---,---, ---,,,1.32,499,1.34,10,
706431,茂迪元大59購08,0,0,0,---,---,---, ---,,,0.47,499,0.48,10,
706432,茂迪元大63購05,0,0,0,---,---,---, ---,,,0.32,499,0.40,3,
706433,華宏元大59購01,0,0,0,---,---,---, ---,,,0.17,509,0.21,10,
706434,萬泰科元大59購01,"1,000",1,"2,210",2.21,2.21,2.21,2.21,-,0.4,2.30,300,2.34,10,
706436,臺慶科元大59購03,0,0,0,---,---,---, ---,,,2.28,250,2.38,10,
706437,雙鴻元大59購23,0,0,0,---,---,---, ---,,,0.18,499,0.28,10,
706438,雙鴻元大59購24,"182,000",3,"70,960",0.39,0.39,0.38,0.38,+,0.01,0.37,499,0.38,10,
706439,穩得元大5A購01,0,0,0,---,---,---, ---,,,0.23,499,0.00,0,
706441,弘塑群益5A購03,0,0,0,---,---,---, ---,,,2.66,499,2.76,10,
706442,印能群益5B購01,"22,000",7,"70,090",3.31,3.63,2.88,3.63,+,0.53,3.53,25,3.63,10,
706443,系微群益59購01,0,0,0,---,---,---, ---,,,0.31,10,0.86,10,
706444,系微群益59購02,0,0,0,---,---,---, ---,,,0.51,10,0.61,10,
706445,良維群益59購02,0,0,0,---,---,---, ---,,,1.47,10,1.57,10,
706446,湧德群益5C購01,"29,000",1,"18,560",0.64,0.64,0.64,0.64,-,0.05,0.63,25,0.64,10,
706447,華宏群益59購01,0,0,0,---,---,---, ---,,,0.15,25,0.18,10,
706448,環球晶群益5A購02,0,0,0,---,---,---, ---,,,0.00,0,17.90,10,
706449,穩得群益5A購01,0,0,0,---,---,---, ---,,,0.33,499,0.43,10,
706450,環球晶中信59購02,"1,000",1,"7,400",7.40,7.40,7.40,7.40,-,1.05,7.40,9,7.60,10,
706451,中美晶永豐5A購02,0,0,0,---,---,---, ---,,,2.92,10,0.00,0,
706452,中美晶永豐5C購01,"25,000",2,"70,250",2.81,2.81,2.81,2.81,-,0.22,2.60,10,3.00,1,
706453,弘塑永豐63購02,"7,000",2,"12,340",1.76,1.78,1.76,1.78,+,0.08,1.75,10,1.78,10,
706454,合晶永豐59購01,"2,000",1,"89,600",44.80,44.80,44.80,44.80,-,6.2,44.60,10,0.00,0,
706455,系微永豐5C購01,"210,000",5,"98,400",0.47,0.47,0.46,0.46,-,0.04,0.45,10,0.46,10,
706456,博智永豐5C購01,"100,000",2,"275,000",2.71,2.79,2.71,2.79,-,0.02,2.63,10,2.66,10,
706457,華宏永豐5A購01,"3,000",1,360,0.12,0.12,0.12,0.12,-,0.0,0.10,10,0.11,10,
706458,華義永豐59購01,0,0,0,---,---,---, ---,,,0.70,10,0.80,10,
706459,鴻呈永豐59購01,0,0,0,---,---,---, ---,,,0.31,10,0.41,10,
706460,雙鴻永豐5B購02,0,0,0,---,---,---, ---,,,0.31,10,0.32,10,
706461,鑫聯永豐61購01,"410,000",8,"516,150",1.19,1.33,1.18,1.31,-,0.11,1.25,10,1.26,10,
706462,中美晶元富59購03,0,0,0,---,---,---, ---,,,10.80,25,11.80,10,
706463,台特化元富59購02,0,0,0,---,---,---, ---,,,0.34,25,0.44,10,
706464,台燿元富63購01,0,0,0,---,---,---, ---,,,0.00,0,75.50,10,
706465,弘塑元富59購04,0,0,0,---,---,---, ---,,,2.20,25,2.30,10,
706466,宏觀元富59購01,0,0,0,---,---,---, ---,,,0.20,25,0.30,10,
706467,信昌電元富59購01,0,0,0,---,---,---, ---,,,16.80,1,0.00,0,
706468,華宏元富5B購01,0,0,0,---,---,---, ---,,,0.32,25,0.33,10,
706469,頎邦元富59購04,"1,000",1,"33,300",33.30,33.30,33.30,33.30,-,2.0,33.30,25,34.30,10,
706470,頎邦元富59購05,0,0,0,---,---,---, ---,,,40.50,25,41.50,10,
706471,力致凱基59購01,0,0,0,---,---,---, ---,,,0.69,10,0.71,10,
706472,中美晶凱基61購01,0,0,0,---,---,---, ---,,,9.70,499,10.40,10,
706474,沛亨凱基5B購01,"13,000",3,"55,220",4.16,5.30,4.16,5.30,+,0.1,0.00,0,5.30,3,
706475,系微凱基59購02,"24,000",1,"6,960",0.29,0.29,0.29,0.29,-,0.07,0.29,76,0.00,0,
706476,良維凱基5C購01,0,0,0,---,---,---, ---,,,1.85,100,1.87,10,
706477,宜特凱基59購03,0,0,0,---,---,---, ---,,,0.62,10,0.72,10,
706479,博智凱基61購01,"202,000",20,"409,030",2.20,2.20,1.93,1.95,-,0.21,1.95,10,1.98,10,
706480,湧德凱基5B購01,"60,000",3,"40,200",0.67,0.67,0.67,0.67,-,0.06,0.31,32,0.00,0,
706481,閎康凱基5A購01,"7,000",2,"20,490",2.87,2.95,2.87,2.95,-,0.17,2.87,10,2.91,10,
706482,萬泰科凱基59購02,0,0,0,---,---,---, ---,,,1.99,10,2.01,10,
706484,臺慶科凱基5A購01,0,0,0,---,---,---, ---,,,3.46,10,3.56,10,
706485,雙鴻凱基5C購04,0,0,0,---,---,---, ---,,,0.41,100,0.42,50,
706486,九豪國票59購02,"124,000",3,"325,560",2.75,2.75,2.60,2.60,-,0.09,2.42,25,2.43,10,
706487,台燿國票5A購02,0,0,0,---,---,---, ---,,,0.00,0,12.30,10,
706488,合晶國票5A購01,0,0,0,---,---,---, ---,,,0.00,0,61.00,10,
706489,均豪國票5A購01,0,0,0,---,---,---, ---,,,0.65,25,0.75,10,
706490,頎邦國票5A購02,0,0,0,---,---,---, ---,,,14.40,25,15.40,10,
706491,鑫聯國票5A購04,0,0,0,---,---,---, ---,,,0.95,25,0.96,10,
706492,廣明兆豐63購01,"25,000",2,"12,000",0.48,0.48,0.48,0.48,-,0.01,0.47,20,0.48,20,
706493,九豪群益59購01,0,0,0,---,---,---, ---,,,3.20,10,3.30,10,
706496,宜特群益63購01,"106,000",3,"124,730",1.16,1.19,1.16,1.19,-,0.06,0.65,15,0.00,0,
706497,博智群益69購01,0,0,0,---,---,---, ---,,,0.72,1,0.00,0,
706498,閎康群益63購02,0,0,0,---,---,---, ---,,,1.51,6,0.00,0,
706499,頎邦群益59購01,0,0,0,---,---,---, ---,,,17.60,1,20.90,10,
706500,中美晶國泰5A購01,0,0,0,---,---,---, ---,,,10.30,499,10.90,10,
706501,合晶國泰5A購01,0,0,0,---,---,---, ---,,,0.00,0,50.50,10,
706502,良維國泰5A購01,0,0,0,---,---,---, ---,,,1.26,499,1.33,100,
706503,世界富邦61購01,"13,000",3,"20,960",1.58,1.62,1.58,1.59,+,0.06,1.53,10,1.57,10,
706504,台特化富邦5A購01,0,0,0,---,---,---, ---,,,0.14,10,0.15,28,
706505,台燿富邦63購03,0,0,0,---,---,---, ---,,,0.00,0,3.44,10,
706506,中美晶元大59購01,0,0,0,---,---,---, ---,,,4.96,150,0.00,0,
706507,中美晶元大5C購02,0,0,0,---,---,---, ---,,,4.20,150,0.00,0,
706508,中美晶元大63購01,"24,000",7,"85,280",4.00,4.00,3.41,3.46,-,0.51,3.41,200,3.46,7,
706509,台特化元大5A購03,0,0,0,---,---,---, ---,,,0.17,499,0.18,10,
706510,宜特元大59購01,0,0,0,---,---,---, ---,,,1.10,499,1.12,10,
706511,宜特元大59購02,0,0,0,---,---,---, ---,,,0.33,499,0.43,10,
706512,博智元大59購03,"10,000",2,"8,450",0.85,0.85,0.84,0.84,-,0.31,0.85,499,0.86,10,
706513,博智元大63購01,0,0,0,---,---,---, ---,,,1.29,499,0.00,0,
706514,湧德元大59購03,0,0,0,---,---,---, ---,,,0.22,499,0.23,10,
706515,湧德元大59購04,"539,000",7,"177,970",0.34,0.34,0.33,0.33,-,0.04,0.32,499,0.33,10,
706516,湧德元大59購05,0,0,0,---,---,---, ---,,,0.45,499,0.47,10,
706517,萬泰科元大5C購01,0,0,0,---,---,---, ---,,,2.80,250,2.87,10,
706519,環球晶元大59購05,0,0,0,---,---,---, ---,,,19.20,10,0.00,0,
706520,環球晶元大59購06,0,0,0,---,---,---, ---,,,0.00,0,0.00,0,
706521,雙鴻元大59購25,0,0,0,---,---,---, ---,,,0.12,499,0.58,3,
706522,台燿中信59購05,0,0,0,---,---,---, ---,,,0.00,0,4.74,12,
706523,博智中信59購01,"1,098,000",9,"717,660",0.68,0.68,0.61,0.61,-,0.08,0.61,10,0.63,10,
706524,雙鴻中信63購02,0,0,0,---,---,---, ---,,,0.19,10,0.20,10,
706526,均豪永豐59購02,0,0,0,---,---,---, ---,,,0.62,10,0.65,10,
706528,勤凱永豐5C購02,0,0,0,---,---,---, ---,,,1.41,499,1.51,10,
706529,天品國票59購02,0,0,0,---,---,---, ---,,,0.33,25,0.34,10,
706530,合晶國票59購01,0,0,0,---,---,---, ---,,,42.70,25,0.00,0,
706531,均豪國票59購02,0,0,0,---,---,---, ---,,,0.77,25,0.81,10,
706532,系微國票5A購01,"20,000",1,"9,400",0.47,0.47,0.47,0.47,-,0.06,0.44,25,0.46,10,
706533,佶優國票59購01,0,0,0,---,---,---, ---,,,0.09,25,0.10,10,
706534,前鼎國票61購02,0,0,0,---,---,---, ---,,,2.65,25,2.68,10,
706535,閎康國票5A購03,0,0,0,---,---,---, ---,,,1.19,25,1.22,10,
706536,順達國票5A購02,"1,065,000",8,"2,196,710",2.05,2.33,2.05,2.10,-,0.09,2.09,30,2.10,5,
706537,鈺太國票59購02,0,0,0,---,---,---, ---,,,0.69,25,0.71,10,
706538,鈺太國票5A購01,0,0,0,---,---,---, ---,,,0.48,25,0.49,10,
706539,點序國票59購02,0,0,0,---,---,---, ---,,,0.22,25,0.23,10,
706540,台特化凱基59購05,0,0,0,---,---,---, ---,,,0.47,100,0.49,10,
706541,台燿凱基59購04,0,0,0,---,---,---, ---,,,0.00,0,0.00,0,
706543,均豪凱基59購02,"43,000",2,"43,140",0.99,1.02,0.99,1.02,-,0.07,0.99,100,1.01,10,
706544,博智凱基59購07,"10,000",1,"5,900",0.59,0.59,0.59,0.59,-,0.16,0.58,10,0.59,10,
706545,閎康凱基61購01,"72,000",2,"151,090",2.09,2.10,2.09,2.10,-,0.04,2.04,10,2.07,10,
706547,精測凱基59購03,"587,000",12,"66,370",0.12,0.12,0.11,0.11,-,0.04,0.10,180,0.11,10,
706548,雙鴻凱基5A購03,0,0,0,---,---,---, ---,,,0.46,100,0.47,50,
706549,穩得凱基63購01,0,0,0,---,---,---, ---,,,0.87,10,0.89,10,
706550,鑫聯凱基61購01,"40,000",2,"67,900",1.68,1.75,1.68,1.75,+,0.06,1.66,10,1.67,10,
706551,聚和中信59購01,0,0,0,---,---,---, ---,,,0.42,10,0.47,10,
706553,台燿永豐64購01,0,0,0,---,---,---, ---,,,0.00,0,0.00,0,
706554,宏觀永豐59購01,0,0,0,---,---,---, ---,,,0.08,499,0.09,10,
706555,系微永豐5A購01,"139,000",4,"20,900",0.16,0.16,0.15,0.15,-,0.03,0.15,10,0.17,10,
706557,聖暉*永豐5B購01,0,0,0,---,---,---, ---,,,3.32,10,3.42,10,
706558,聚和永豐5B購01,0,0,0,---,---,---, ---,,,0.59,10,0.60,10,
706559,博智元富59購01,0,0,0,---,---,---, ---,,,0.91,25,0.93,10,
706560,台燿國泰5A購03,0,0,0,---,---,---, ---,,,0.00,0,8.05,10,
706561,宜特國泰5A購01,0,0,0,---,---,---, ---,,,1.61,499,1.64,100,
706562,鑫聯國泰5A購02,"2,000",1,"3,360",1.68,1.68,1.68,1.68,+,0.07,1.52,10,1.55,10,
706563,台燿富邦73購01,0,0,0,---,---,---, ---,,,2.25,8,2.41,10,
706564,良維富邦5C購01,"5,000",1,"3,250",0.65,0.65,0.65,0.65,-,0.06,0.63,10,0.66,28,
706565,博智富邦61購01,"360,000",5,"388,200",1.09,1.13,1.07,1.07,-,0.07,1.02,10,1.03,28,
706566,順達富邦5C購01,"290,000",8,"517,680",1.70,1.85,1.70,1.81,-,0.0,1.67,10,1.68,28,
706567,精測富邦5B購01,"351,000",7,"67,710",0.21,0.21,0.19,0.21,-,0.03,0.19,30,0.20,28,
706568,力致群益59購01,0,0,0,---,---,---, ---,,,0.21,47,0.00,0,
706569,中美晶群益5B購01,"447,000",30,"4,266,700",9.90,10.20,8.80,8.80,-,1.2,8.70,25,9.10,10,
706570,永信建群益59購01,0,0,0,---,---,---, ---,,,0.49,499,0.59,10,
706571,宏觀群益59購04,"80,000",9,"7,600",0.09,0.10,0.09,0.10,-,0.01,0.09,7,0.11,5,
706572,良維群益61購01,"30,000",4,"46,600",1.56,1.56,1.55,1.55,-,0.11,1.53,10,1.63,10,
706573,博智群益63購01,"433,000",20,"1,575,960",3.79,3.92,3.56,3.56,-,0.36,3.56,10,3.66,10,
706574,閎康群益5B購02,0,0,0,---,---,---, ---,,,0.36,10,0.00,0,
706575,閎康群益5B購03,"6,000",1,"14,400",2.40,2.40,2.40,2.40,-,0.14,0.69,10,0.00,0,
706576,順達群益5C購01,"116,000",16,"375,990",3.24,3.53,3.12,3.21,-,0.07,2.50,3,4.25,5,
706577,精材群益59購03,0,0,0,---,---,---, ---,,,0.00,0,0.00,0,
706578,精測群益59購05,0,0,0,---,---,---, ---,,,0.05,499,0.15,10,
706579,精測群益63購01,"153,000",2,"91,710",0.60,0.60,0.57,0.57,-,0.05,0.32,31,0.00,0,
706580,雙鴻群益59購11,"91,000",4,"34,000",0.37,0.40,0.37,0.40,-,0.1,0.10,10,0.00,0,
706581,九豪元大59購01,"2,000",1,"4,080",2.04,2.04,2.04,2.04,-,0.1,1.89,350,1.99,10,
706585,宏捷科元大59購02,"2,000",2,"1,100",0.55,0.55,0.55,0.55,-,0.06,0.53,499,0.54,10,
706588,博智元大63購02,"489,000",8,"467,810",0.93,1.00,0.93,0.94,-,0.06,0.94,59,1.30,49,
706589,閎康元大59購04,0,0,0,---,---,---, ---,,,1.45,25,1.55,10,
706590,萬泰科元大5C購02,"12,000",2,"17,020",1.42,1.42,1.41,1.41,-,0.09,1.39,499,1.41,10,
706591,鈺太元大59購02,"342,000",4,"147,080",0.40,0.47,0.38,0.47,-,0.0,0.39,499,0.41,10,
706592,鈺太元大59購03,0,0,0,---,---,---, ---,,,0.89,499,0.92,10,
706593,精測元大59購03,0,0,0,---,---,---, ---,,,0.15,499,0.25,10,
706594,精測元大5C購03,"46,000",4,"9,290",0.20,0.29,0.20,0.20,-,0.11,0.20,15,0.27,10,
706595,雙鴻台新59購04,0,0,0,---,---,---, ---,,,0.65,25,0.66,10,
706596,中美晶凱基5B購01,0,0,0,---,---,---, ---,,,9.45,20,9.95,10,
706597,元太凱基59購02,"36,000",3,"92,880",2.58,2.58,2.58,2.58,-,0.32,2.49,100,2.52,10,
706599,弘塑凱基59購07,0,0,0,---,---,---, ---,,,1.99,100,2.80,2,
706600,永信建凱基59購01,"100,000",10,"144,100",1.42,1.47,1.42,1.47,+,0.11,1.39,10,1.40,10,
706601,系微凱基5A購01,0,0,0,---,---,---, ---,,,0.25,10,0.26,30,
706603,宜特凱基59購04,0,0,0,---,---,---, ---,,,0.81,10,0.83,10,
706604,華電網凱基59購01,0,0,0,---,---,---, ---,,,0.13,10,0.14,10,
706605,華電網凱基5B購01,0,0,0,---,---,---, ---,,,0.30,10,0.31,10,
706606,華電網凱基61購01,0,0,0,---,---,---, ---,,,0.46,10,0.47,10,
706607,閎康凱基5A購02,0,0,0,---,---,---, ---,,,1.05,10,1.45,8,
706608,順達凱基5A購01,0,0,0,---,---,---, ---,,,3.31,10,4.72,3,
706609,鈺太凱基59購03,0,0,0,---,---,---, ---,,,0.92,10,0.95,10,
706610,精材凱基59購02,0,0,0,---,---,---, ---,,,13.00,20,14.00,10,
706611,元太國票5A購03,0,0,0,---,---,---, ---,,,0.00,0,1.80,10,
706612,弘塑國票5C購01,"76,000",6,"105,190",1.25,1.40,1.25,1.39,+,0.07,1.34,25,1.37,10,
706613,弘塑國票63購01,"95,000",6,"221,280",2.30,2.41,2.18,2.41,+,0.12,2.34,25,2.38,10,
706615,宏觀國票5A購02,0,0,0,---,---,---, ---,,,0.16,25,0.17,10,
706616,系微國票5A購02,0,0,0,---,---,---, ---,,,0.50,25,0.52,10,
706617,美琪瑪國票5A購01,0,0,0,---,---,---, ---,,,0.64,25,0.66,10,
706618,神盾國票5A購01,"267,000",2,"115,680",0.43,0.44,0.43,0.44,-,0.04,0.42,25,0.43,10,
706619,常珵國票59購01,0,0,0,---,---,---, ---,,,0.25,25,0.31,10,
706620,創泓國票59購01,"1,000",1,"2,990",2.99,2.99,2.99,2.99,-,0.0,2.80,25,2.90,10,
706621,華電網國票59購02,0,0,0,---,---,---, ---,,,0.12,25,0.13,10,
706622,鈊象國票5A購02,"10,000",1,"5,800",0.58,0.58,0.58,0.58,-,0.0,0.57,25,0.58,10,
706623,萬泰科國票5A購03,0,0,0,---,---,---, ---,,,2.79,25,2.80,10,
706624,穩得國票5A購01,"5,000",3,"3,280",0.67,0.67,0.65,0.65,-,0.06,0.63,25,0.64,10,
706625,譜瑞國票5A購01,"36,000",3,"86,750",2.39,2.60,2.39,2.49,-,0.21,2.48,25,2.49,10,
706626,元太元大59購02,0,0,0,---,---,---, ---,,,1.23,499,1.33,10,
706627,台特化元大59購07,"912,000",9,"412,390",0.48,0.48,0.44,0.45,-,0.06,0.45,499,0.46,10,
706630,台燿元大59購11,0,0,0,---,---,---, ---,,,0.00,0,5.65,10,
706631,弘塑元大59購08,0,0,0,---,---,---, ---,,,2.51,300,2.61,10,
706632,弘塑元大59購09,0,0,0,---,---,---, ---,,,1.29,499,1.39,10,
706633,弘塑元大59購10,"10,000",1,"14,500",1.45,1.45,1.45,1.45,-,0.06,1.50,499,1.60,10,
706634,弘塑元大59購11,0,0,0,---,---,---, ---,,,1.88,400,1.98,10,
706635,弘塑元大59購12,0,0,0,---,---,---, ---,,,2.10,350,2.20,10,
706636,弘塑元大59購13,"10,000",1,"12,600",1.26,1.26,1.26,1.26,+,0.09,1.22,499,1.32,10,
706638,弘塑元大59購15,"17,000",3,"19,410",1.15,1.18,1.11,1.18,+,0.1,1.13,499,1.23,10,
706639,系微元大59購03,0,0,0,---,---,---, ---,,,0.20,499,0.30,10,
706640,系微元大59購04,0,0,0,---,---,---, ---,,,0.41,499,0.42,10,
706641,系微元大59購05,0,0,0,---,---,---, ---,,,0.43,499,0.53,10,
706642,系微元大59購06,0,0,0,---,---,---, ---,,,0.85,499,0.86,10,
706643,佶優元大59購01,0,0,0,---,---,---, ---,,,0.18,499,0.19,10,
706645,華電網元大59購01,0,0,0,---,---,---, ---,,,0.05,499,0.00,0,
706646,台特化群益59購03,0,0,0,---,---,---, ---,,,0.92,10,1.02,10,
706647,弘塑群益5B購02,"302,000",15,"590,310",1.94,2.06,1.77,2.06,+,0.21,1.92,1,0.00,0,
706648,沛亨群益59購01,0,0,0,---,---,---, ---,,,1.75,10,1.85,10,
706649,華電網群益59購01,0,0,0,---,---,---, ---,,,0.07,10,0.17,10,
706650,雙鴻群益59購12,0,0,0,---,---,---, ---,,,0.05,10,0.00,0,
706652,華電網中信59購01,0,0,0,---,---,---, ---,,,0.03,10,0.04,10,
706653,弘塑國泰5A購03,0,0,0,---,---,---, ---,,,2.37,499,0.00,0,
706654,弘塑國泰5A購04,"83,000",3,"176,710",2.03,2.17,2.03,2.11,+,0.03,2.13,499,2.21,45,
706655,系微國泰5A購01,"2,000",1,"1,020",0.51,0.51,0.51,0.51,-,0.01,0.43,499,0.48,100,
706656,佶優國泰5A購01,"18,000",2,"7,640",0.43,0.43,0.42,0.42,-,0.04,0.41,499,0.42,100,
706657,順達國泰5A購01,0,0,0,---,---,---, ---,,,3.26,10,3.32,10,
706658,中美晶富邦63購01,0,0,0,---,---,---, ---,,,4.61,30,4.65,10,
706659,弘塑富邦61購02,"409,000",17,"620,900",1.51,1.58,1.42,1.55,+,0.09,1.48,11,1.52,28,
706660,均豪富邦61購01,"638,000",12,"373,990",0.56,0.62,0.56,0.60,+,0.02,0.60,10,0.61,28,
706661,宏觀富邦5B購01,0,0,0,---,---,---, ---,,,0.16,10,0.17,28,
706662,沛亨富邦61購01,0,0,0,---,---,---, ---,,,0.67,10,0.73,10,
706663,華電網富邦5C購01,"20,000",1,"3,000",0.15,0.15,0.15,0.15,+,0.01,0.13,10,0.14,28,
706664,系微永豐5C購02,"916,000",12,"508,900",0.58,0.58,0.55,0.55,-,0.06,0.55,10,0.57,10,
706665,長佳智永豐59購01,"20,000",2,"5,800",0.29,0.29,0.29,0.29,-,0.02,0.25,110,0.26,10,
706666,華電網永豐5A購01,0,0,0,---,---,---, ---,,,0.28,10,0.29,10,
706667,閎康永豐5B購01,0,0,0,---,---,---, ---,,,1.23,10,1.25,10,
706669,聚和永豐59購01,0,0,0,---,---,---, ---,,,0.66,10,0.69,10,
706670,友輝元富59購01,0,0,0,---,---,---, ---,,,0.85,25,0.87,10,
706671,友輝元富59購02,0,0,0,---,---,---, ---,,,0.51,25,0.53,10,
706672,友輝元富59購03,"1,000",1,480,0.48,0.48,0.48,0.48,-,0.03,0.46,25,0.48,10,
706673,弘塑元富5C購02,"202,000",22,"534,420",2.65,2.80,2.48,2.61,+,0.02,2.63,25,2.66,10,
706674,華義元富5A購01,"8,000",1,"15,440",1.93,1.93,1.93,1.93,+,0.16,1.84,25,1.88,10,
706675,鑫聯元富59購02,0,0,0,---,---,---, ---,,,1.51,25,1.52,10,
706676,台特化兆豐5B購02,"78,000",1,"31,200",0.40,0.40,0.40,0.40,-,0.0,0.38,10,0.39,10,
706677,順達兆豐5B購02,"10,000",1,"18,200",1.82,1.82,1.82,1.82,+,0.04,1.57,100,1.83,10,
706678,雙鴻兆豐5B購03,0,0,0,---,---,---, ---,,,0.36,10,0.37,10,
706679,立碁群益59購01,0,0,0,---,---,---, ---,,,0.14,499,0.24,10,
706680,茂迪群益59購03,"17,000",3,"7,380",0.44,0.44,0.43,0.43,-,0.04,0.43,10,0.53,10,
706681,華電網群益59購02,0,0,0,---,---,---, ---,,,0.14,10,0.24,10,
706682,精材群益59購04,0,0,0,---,---,---, ---,,,15.00,50,0.00,0,
706683,家登國泰5A購01,0,0,0,---,---,---, ---,,,2.48,499,2.54,10,
706684,閎康國泰5A購01,"29,000",2,"43,860",1.51,1.52,1.51,1.52,-,0.04,1.52,10,1.57,10,
706685,元太富邦5B購01,0,0,0,---,---,---, ---,,,1.25,10,1.35,10,
706686,頎邦富邦5B購01,0,0,0,---,---,---, ---,,,9.90,10,10.80,10,
706687,台特化凱基63購01,0,0,0,---,---,---, ---,,,0.76,100,0.78,10,
706689,邑錡凱基59購01,0,0,0,---,---,---, ---,,,0.78,100,0.88,10,
706690,朋億*凱基59購01,"15,000",2,"70,100",4.56,4.73,4.56,4.73,+,0.39,4.46,100,4.56,10,
706691,美琪瑪凱基5A購01,0,0,0,---,---,---, ---,,,0.75,10,0.76,10,
706692,茂迪凱基59購04,"10,000",1,"6,200",0.62,0.62,0.62,0.62,-,0.02,0.57,10,0.58,10,
706693,家登凱基5C購02,0,0,0,---,---,---, ---,,,3.94,100,4.04,10,
706694,雙鴻凱基59購17,0,0,0,---,---,---, ---,,,0.33,100,0.34,50,
706695,立碁永豐5A購01,0,0,0,---,---,---, ---,,,0.23,10,0.28,10,
706696,立碁永豐5B購01,0,0,0,---,---,---, ---,,,0.31,10,0.36,10,
706697,捷創永豐59購01,0,0,0,---,---,---, ---,,,0.12,499,0.13,10,
706698,穩得永豐61購01,"49,000",1,"36,750",0.75,0.75,0.75,0.75,-,0.03,0.73,10,0.74,10,
706699,立碁元富59購01,0,0,0,---,---,---, ---,,,0.49,25,0.50,10,
706700,立碁元富59購02,0,0,0,---,---,---, ---,,,0.27,25,0.28,10,
706701,立碁元富59購03,0,0,0,---,---,---, ---,,,0.22,25,0.23,10,
706702,系統電元富59購03,0,0,0,---,---,---, ---,,,0.59,25,0.69,10,
706703,鈊象中信5C購01,0,0,0,---,---,---, ---,,,0.36,10,0.37,10,
706704,聖暉*中信59購01,"10,000",1,"27,600",2.76,2.76,2.76,2.76,+,0.15,2.73,10,2.83,10,
706705,立碁國票5A購01,"40,000",1,"10,000",0.25,0.25,0.25,0.25,-,0.07,0.28,25,0.29,10,
706707,邑錡國票59購01,"30,000",4,"15,120",0.56,0.57,0.48,0.48,-,0.25,0.48,25,0.58,129,
706708,閎康國票61購01,"39,000",4,"64,200",1.60,1.66,1.60,1.66,-,0.03,1.64,25,1.67,10,
706709,台燿統一61購03,0,0,0,---,---,---, ---,,,0.00,0,0.00,0,
706710,良維統一62購02,0,0,0,---,---,---, ---,,,0.75,10,0.78,10,
706711,宜特統一62購02,"405,000",6,"307,670",0.75,0.77,0.75,0.77,-,0.02,0.76,10,0.77,10,
706712,信紘科統一63購02,0,0,0,---,---,---, ---,,,0.59,10,0.60,10,
706713,前鼎統一63購01,0,0,0,---,---,---, ---,,,1.19,10,1.21,10,
706714,閎康統一63購01,"2,000",2,"1,030",0.52,0.52,0.51,0.51,-,0.06,0.49,55,0.50,10,
706715,萬泰科統一62購02,0,0,0,---,---,---, ---,,,1.18,10,1.22,10,
706716,中美晶元大59購02,0,0,0,---,---,---, ---,,,5.70,100,0.00,0,
706717,世紀*元大59購01,"18,000",3,"13,720",0.78,0.78,0.75,0.75,-,0.11,0.71,499,0.72,10,
706721,立碁元大59購01,0,0,0,---,---,---, ---,,,0.09,499,0.19,10,
706723,均豪元大59購03,"10,000",1,"6,300",0.63,0.63,0.63,0.63,+,0.13,0.49,499,0.59,10,
706724,良維元大59購18,"7,000",2,"7,930",1.14,1.14,1.13,1.13,-,0.06,1.07,499,1.09,10,
706726,宜特元大59購03,0,0,0,---,---,---, ---,,,0.88,499,0.98,10,
706727,宜特元大5C購01,0,0,0,---,---,---, ---,,,1.77,400,1.79,10,
706729,閎康元大59購05,"8,000",1,"13,680",1.71,1.71,1.71,1.71,-,0.08,1.70,25,1.73,10,
706730,閎康元大59購07,"3,000",1,"3,900",1.30,1.30,1.30,1.30,-,0.09,1.32,25,1.35,10,
706731,閎康元大59購08,0,0,0,---,---,---, ---,,,1.49,450,1.59,10,
706732,閎康元大5A購01,0,0,0,---,---,---, ---,,,1.48,25,1.51,10,
706733,閎康元大63購03,0,0,0,---,---,---, ---,,,0.84,25,0.94,10,
706734,雷科元大59購01,0,0,0,---,---,---, ---,,,17.60,1,25.00,5,
706735,雙鴻元大59購26,"5,000",1,"1,850",0.37,0.37,0.37,0.37,-,0.02,0.38,499,0.39,10,
706736,譜瑞元大59購03,"1,000",1,"6,950",6.95,6.95,6.95,6.95,-,0.0,0.00,0,7.50,1,
706737,中美晶凱基59購02,0,0,0,---,---,---, ---,,,8.95,20,9.45,10,
706738,世紀*凱基59購03,"20,000",2,"9,200",0.47,0.47,0.45,0.45,+,0.02,0.33,100,0.43,10,
706740,立碁凱基59購01,0,0,0,---,---,---, ---,,,0.15,10,0.16,10,
706741,均豪凱基59購03,"58,000",2,"47,300",0.89,0.89,0.80,0.80,-,0.18,0.87,100,0.89,10,
706742,宜特凱基59購05,"15,000",1,"20,250",1.35,1.35,1.35,1.35,-,0.02,1.38,10,1.41,10,
706743,前鼎凱基61購01,"60,000",4,"138,150",2.33,2.35,2.20,2.24,-,0.25,2.30,10,2.40,10,
706744,順達凱基59購03,"22,000",1,"49,280",2.24,2.24,2.24,2.24,-,0.01,2.05,10,2.15,10,
706745,聖暉*凱基5A購01,"119,000",8,"652,800",5.30,5.75,5.30,5.60,+,1.38,5.45,19,5.60,10,
706746,頎邦凱基59購03,0,0,0,---,---,---, ---,,,21.90,100,22.90,10,
706747,精材凱基59購03,0,0,0,---,---,---, ---,,,17.80,100,18.80,10,
706748,聚和凱基5A購02,"31,000",3,"34,720",1.12,1.12,1.12,1.12,-,0.08,1.09,10,1.10,10,
706749,雙鴻凱基61購01,0,0,0,---,---,---, ---,,,0.66,100,0.67,30,
706750,鑫聯凱基59購03,0,0,0,---,---,---, ---,,,1.48,10,1.49,10,
706751,聖暉*兆豐5B購02,"111,000",6,"323,990",2.81,2.98,2.78,2.78,+,0.37,2.83,10,2.84,10,
706752,久元國票5A購01,0,0,0,---,---,---, ---,,,1.20,25,1.21,10,
706753,元債20國票59購01,"31,000",2,"19,210",0.62,0.62,0.61,0.61,+,0.01,0.61,25,0.62,10,
706754,世紀*國票5A購02,"60,000",2,"21,000",0.35,0.35,0.35,0.35,-,0.08,0.34,25,0.35,10,
706755,矽科國票5A購01,0,0,0,---,---,---, ---,,,0.67,25,0.70,10,
706756,矽科國票5A購02,0,0,0,---,---,---, ---,,,0.67,25,0.70,10,
706757,常珵國票59購02,"3,000",1,"1,650",0.55,0.55,0.55,0.55,-,0.1,0.51,25,0.61,10,
706758,捷創國票59購01,0,0,0,---,---,---, ---,,,0.25,25,0.26,10,
706759,捷創國票5A購01,0,0,0,---,---,---, ---,,,0.23,25,0.24,10,
706760,順達國票5B購01,"587,000",10,"1,148,060",1.93,2.14,1.87,1.93,-,0.04,1.91,25,1.92,10,
706761,聖暉*國票5A購04,"42,000",5,"223,400",5.20,5.70,5.05,5.50,+,0.79,5.30,25,5.40,10,
706762,久元元大59購01,0,0,0,---,---,---, ---,,,2.23,350,0.00,0,
706765,巨漢元大59購04,"69,000",5,"146,730",2.22,2.22,2.08,2.12,-,0.24,2.20,300,2.22,10,
706766,立碁元大59購02,0,0,0,---,---,---, ---,,,0.04,499,0.14,10,
706767,宏捷科元大59購03,0,0,0,---,---,---, ---,,,0.72,499,0.73,10,
706768,良維元大59購20,0,0,0,---,---,---, ---,,,1.12,499,1.13,10,
706769,協易機元大59購02,0,0,0,---,---,---, ---,,,0.31,499,0.32,10,
706770,矽科元大59購01,0,0,0,---,---,---, ---,,,0.00,0,0.00,0,
706771,矽科元大59購02,"100,000",2,"92,000",0.92,0.92,0.92,0.92,+,0.11,0.19,52,0.00,0,
706772,捷創元大59購01,0,0,0,---,---,---, ---,,,0.15,499,0.16,10,
706773,捷創元大59購02,0,0,0,---,---,---, ---,,,0.06,499,0.16,10,
706774,順達元大59購03,0,0,0,---,---,---, ---,,,0.78,12,0.00,0,
706775,順達元大59購04,"52,000",6,"164,240",3.06,3.30,3.06,3.30,-,0.02,1.76,5,0.00,0,
706776,順達元大59購05,"13,000",3,"39,860",3.10,3.10,3.06,3.06,-,0.34,0.00,0,0.00,0,
706779,精材元大59購02,0,0,0,---,---,---, ---,,,8.35,100,0.00,0,
706780,臺慶科元大59購04,"20,000",1,"33,800",1.69,1.69,1.69,1.69,-,0.36,1.67,350,1.77,10,
706781,雙鴻元大59購27,0,0,0,---,---,---, ---,,,0.38,499,0.39,10,
706782,印能國泰5A購02,0,0,0,---,---,---, ---,,,5.10,499,0.00,0,
706783,前鼎國泰5A購02,0,0,0,---,---,---, ---,,,2.33,499,2.43,100,
706784,聖暉*國泰5A購01,0,0,0,---,---,---, ---,,,4.17,499,0.00,0,
706785,聖暉*國泰5A購02,0,0,0,---,---,---, ---,,,3.68,499,0.00,0,
706786,世界群益59購03,"10,000",1,"86,000",8.60,8.60,8.60,8.60,+,0.4,4.66,2,0.00,0,
706787,台特化群益5A購02,0,0,0,---,---,---, ---,,,0.53,10,0.63,10,
706788,宜特群益59購02,"80,000",5,"160,290",2.02,2.02,1.99,1.99,-,0.15,0.91,54,0.00,0,
706789,前鼎群益5B購01,"20,000",2,"30,700",1.53,1.54,1.53,1.54,-,0.13,0.82,10,0.00,0,
706790,順達群益5B購02,"20,000",2,"45,700",2.25,2.32,2.25,2.32,-,0.33,1.55,6,0.00,0,
706791,萬泰科群益5A購01,0,0,0,---,---,---, ---,,,1.16,6,2.10,10,
706792,雙鴻群益59購13,0,0,0,---,---,---, ---,,,0.05,10,0.00,0,
706793,元太富邦5B購02,"1,000",1,"1,110",1.11,1.11,1.11,1.11,-,0.17,1.09,10,1.19,10,
706794,宜特富邦5B購01,0,0,0,---,---,---, ---,,,0.43,10,0.53,10,
706795,前鼎富邦5B購01,0,0,0,---,---,---, ---,,,1.15,10,1.24,10,
706796,鈊象富邦5B購02,0,0,0,---,---,---, ---,,,1.10,10,1.11,28,
706797,頎邦富邦5C購01,0,0,0,---,---,---, ---,,,8.40,10,8.90,10,
706798,雙鴻富邦5B購01,"228,000",9,"153,800",0.70,0.70,0.66,0.67,+,0.02,0.67,10,0.68,28,
706799,立碁統一63購01,0,0,0,---,---,---, ---,,,0.25,10,0.26,10,
706800,立碁統一66購01,0,0,0,---,---,---, ---,,,0.27,10,0.28,10,
706801,順達統一63購02,"1,264,000",8,"1,151,270",0.91,1.01,0.91,0.95,-,0.03,0.95,10,0.98,10,
706802,順達統一66購01,"2,033,000",7,"1,547,380",0.83,0.84,0.75,0.84,+,0.04,0.78,10,0.79,10,
706803,聖暉*統一65購01,0,0,0,---,---,---, ---,,,1.58,10,1.68,10,
706804,雙鴻統一66購01,0,0,0,---,---,---, ---,,,0.28,10,0.29,10,
706805,順達中信59購01,"1,338,000",9,"722,920",0.57,0.61,0.53,0.61,-,0.01,0.57,10,0.61,10,
706806,世界永豐59購04,"1,000",1,"1,720",1.72,1.72,1.72,1.72,-,0.0,0.00,0,0.00,0,
706807,矽科永豐5B購01,0,0,0,---,---,---, ---,,,1.78,499,1.81,10,
706808,聖暉*永豐5B購02,"22,000",2,"56,640",2.52,2.60,2.52,2.60,+,0.12,2.55,10,2.61,10,
706809,頎邦永豐5A購01,0,0,0,---,---,---, ---,,,9.75,499,0.00,0,
706810,久元元富59購01,0,0,0,---,---,---, ---,,,2.64,25,2.67,10,
706812,前鼎元富59購02,0,0,0,---,---,---, ---,,,3.27,25,3.33,10,
706813,勤凱元富59購02,"10,000",2,"39,400",3.94,3.94,3.94,3.94,-,0.22,3.63,25,3.73,10,
706814,聖暉*元富59購03,0,0,0,---,---,---, ---,,,8.45,25,8.75,10,
706815,鑫聯元富59購03,0,0,0,---,---,---, ---,,,2.38,25,2.40,10,
706816,聖暉*台新59購01,0,0,0,---,---,---, ---,,,6.35,25,6.85,10,
706819,台特化凱基59購06,"75,000",2,"55,450",0.74,0.74,0.73,0.73,-,0.08,0.73,100,0.76,10,
706820,台燿凱基59購07,0,0,0,---,---,---, ---,,,0.00,0,12.10,10,
706821,巨漢凱基59購03,0,0,0,---,---,---, ---,,,2.85,10,2.95,10,
706823,東捷凱基59購02,0,0,0,---,---,---, ---,,,5.90,50,6.40,10,
706825,前鼎凱基5B購01,"60,000",5,"164,670",2.78,2.78,2.69,2.72,-,0.3,2.78,10,2.88,10,
706826,順達凱基5B購02,"73,000",5,"107,770",1.46,1.65,1.46,1.47,-,0.06,1.49,10,1.59,10,
706827,聚和康和59購01,0,0,0,---,---,---, ---,,,0.91,10,0.94,10,
706828,凡甲元大59購02,0,0,0,---,---,---, ---,,,1.98,400,2.01,10,
706829,元債20元大5B購02,0,0,0,---,---,---, ---,,,1.00,499,1.05,100,
706830,元債20元大62購01,0,0,0,---,---,---, ---,,,0.67,250,0.74,100,
706831,元債20元大65購01,0,0,0,---,---,---, ---,,,0.38,250,0.44,100,
706833,台燿元大59購18,"10,000",1,"78,500",7.85,7.85,7.85,7.85,-,1.4,7.05,3,0.00,0,
706835,台燿元大59購20,0,0,0,---,---,---, ---,,,0.00,0,4.65,11,
706836,宏捷科元大59購04,"1,000",1,360,0.36,0.36,0.36,0.36,+,0.06,0.24,499,0.34,10,
706838,良維元大59購22,0,0,0,---,---,---, ---,,,0.77,499,0.78,10,
706839,宜特元大59購04,0,0,0,---,---,---, ---,,,1.44,499,1.46,10,
706840,東捷元大59購02,"11,000",2,"44,100",4.03,4.03,3.80,3.80,-,0.66,3.80,199,3.90,10,
706841,華電網元大5C購01,0,0,0,---,---,---, ---,,,0.00,0,1.03,2,
706842,鈊象元大59購02,"112,000",3,"99,690",0.89,0.90,0.89,0.89,-,0.03,0.90,25,0.91,10,
706843,鈊象元大5C購04,"45,000",3,"26,950",0.59,0.62,0.59,0.61,-,0.01,0.61,25,0.62,10,
706844,鈊象元大63購04,"274,000",15,"106,230",0.37,0.39,0.37,0.38,-,0.01,0.38,499,0.39,10,
706845,萬泰科元大63購01,"17,000",2,"22,870",1.31,1.35,1.31,1.35,-,0.05,1.30,499,1.31,10,
706846,雙鴻元大59購28,0,0,0,---,---,---, ---,,,0.41,25,0.42,10,
706847,雙鴻元大59購29,"440,000",8,"179,100",0.44,0.44,0.40,0.41,+,0.02,0.41,25,0.42,10,
706848,台燿中信59購07,0,0,0,---,---,---, ---,,,0.00,0,2.89,10,
706849,台燿永豐5B購02,0,0,0,---,---,---, ---,,,0.00,0,0.00,0,
706850,東捷永豐5C購01,0,0,0,---,---,---, ---,,,3.80,10,3.90,10,
706851,前鼎永豐5B購02,0,0,0,---,---,---, ---,,,0.92,10,1.75,1,
706852,鈊象永豐5B購01,"93,000",4,"43,670",0.46,0.49,0.46,0.49,+,0.01,0.48,20,0.49,10,
706853,東捷國泰5A購02,0,0,0,---,---,---, ---,,,6.10,499,6.50,100,
706854,台燿元富59購06,0,0,0,---,---,---, ---,,,0.00,0,16.00,10,
706855,宜特元富59購01,0,0,0,---,---,---, ---,,,1.49,25,1.59,10,
706856,宜特元富5C購01,"43,000",4,"78,640",1.82,1.84,1.82,1.84,-,0.08,1.86,25,1.87,10,
706857,匯鑽科元富5A購01,0,0,0,---,---,---, ---,,,0.22,25,0.23,10,
706858,聖暉*元富59購04,0,0,0,---,---,---, ---,,,8.00,25,8.50,10,
706859,漢科元富5A購01,"329,000",13,"732,120",2.05,2.34,2.05,2.08,-,0.11,2.10,10,2.18,10,
706860,廣運元富5C購01,0,0,0,---,---,---, ---,,,1.05,25,1.15,10,
706861,德微元富59購04,0,0,0,---,---,---, ---,,,7.00,25,7.50,10,
706862,穩得元富59購02,0,0,0,---,---,---, ---,,,0.61,25,0.63,10,
706863,中美晶群益62購01,0,0,0,---,---,---, ---,,,0.00,0,6.15,10,
706865,東捷群益62購01,0,0,0,---,---,---, ---,,,7.65,10,8.15,10,
706866,東捷群益63購02,0,0,0,---,---,---, ---,,,0.00,0,0.00,0,
706868,順達群益5A購02,"537,000",9,"790,660",1.45,1.67,1.45,1.46,-,0.05,1.41,1,0.00,0,
706869,鈊象群益59購02,0,0,0,---,---,---, ---,,,0.63,499,0.73,10,
706870,鈊象群益59購03,0,0,0,---,---,---, ---,,,0.18,499,0.28,10,
706871,鈊象群益5B購01,"51,000",2,"17,340",0.34,0.34,0.34,0.34,-,0.0,0.08,10,1.81,25,
706872,聖暉*群益5C購01,0,0,0,---,---,---, ---,,,3.44,100,3.54,10,
706873,精材群益59購05,0,0,0,---,---,---, ---,,,16.70,50,0.00,0,
706874,雙鴻群益59購14,0,0,0,---,---,---, ---,,,0.16,10,0.00,0,
706875,鑫科群益5B購01,"40,000",2,"38,250",0.93,1.00,0.93,1.00,-,0.02,0.95,10,1.05,10,
706876,久元國票5A購02,"2,000",2,"2,110",1.07,1.07,1.04,1.04,-,0.04,1.09,25,1.10,10,
706877,美琪瑪國票5A購02,0,0,0,---,---,---, ---,,,0.73,25,0.75,10,
706878,神盾國票62購01,"85,000",5,"42,470",0.48,0.51,0.48,0.51,-,0.03,0.48,25,0.49,10,
706879,鈊象國票5A購03,0,0,0,---,---,---, ---,,,0.61,25,0.62,10,
706880,頎邦國票5A購03,0,0,0,---,---,---, ---,,,10.80,25,11.10,1,
706881,世紀*元大59購02,"30,000",1,"12,300",0.41,0.41,0.41,0.41,-,0.06,0.38,499,0.39,10,
706886,良維元大59購23,0,0,0,---,---,---, ---,,,1.48,450,1.58,10,
706887,東捷元大5C購01,0,0,0,---,---,---, ---,,,4.81,150,0.00,0,
706889,順達元大59購07,"7,000",2,"19,300",2.78,2.78,2.74,2.74,-,0.28,0.00,0,0.00,0,
706890,順達元大59購08,"53,000",1,"46,110",0.87,0.87,0.87,0.87,-,0.1,0.01,499,0.96,10,
706891,順達元大59購09,"45,000",2,"23,450",0.51,0.56,0.51,0.56,-,0.05,0.03,333,1.20,1,
706892,鈊象元大63購05,"306,000",11,"386,570",1.26,1.27,1.24,1.26,-,0.03,1.26,25,1.27,10,
706893,頎邦元大59購03,0,0,0,---,---,---, ---,,,7.55,100,0.00,0,
706894,頎邦元大63購05,0,0,0,---,---,---, ---,,,5.80,100,6.30,3,
706895,均豪國泰5B購01,0,0,0,---,---,---, ---,,,1.45,499,1.49,100,
706896,宏觀富邦5B購02,0,0,0,---,---,---, ---,,,0.18,10,0.19,28,
706897,凡甲凱基59購02,0,0,0,---,---,---, ---,,,2.29,10,2.33,10,
706898,元債20凱基5B購01,0,0,0,---,---,---, ---,,,1.20,100,1.21,50,
706899,宜特凱基59購06,0,0,0,---,---,---, ---,,,1.24,10,1.26,10,
706900,鈊象凱基5B購01,0,0,0,---,---,---, ---,,,1.05,100,1.06,10,
706901,聖暉*凱基5B購03,"5,000",1,"32,750",6.55,6.55,6.55,6.55,+,0.15,6.75,50,7.25,10,
706902,雙鴻凱基59購18,0,0,0,---,---,---, ---,,,1.01,100,1.02,30,
706903,台燿國票5B購02,"10,000",1,"96,500",9.65,9.65,9.65,9.65,-,2.25,9.10,11,9.65,10,
706904,信音國票59購01,0,0,0,---,---,---, ---,,,0.45,25,0.47,10,
706905,宣德國票5B購01,0,0,0,---,---,---, ---,,,0.28,25,0.29,10,
706906,蜜望實國票59購01,0,0,0,---,---,---, ---,,,6.20,25,6.70,10,
706907,雙鴻國票5B購02,"30,000",1,"16,500",0.55,0.55,0.55,0.55,-,0.01,0.57,25,0.58,10,
706908,台燿群益59購07,0,0,0,---,---,---, ---,,,0.00,0,11.00,1,
706909,順達群益59購01,0,0,0,---,---,---, ---,,,0.00,0,1.78,10,
706910,元太元富63購01,"10,000",1,"35,700",3.57,3.57,3.57,3.57,-,0.28,3.50,25,0.00,0,
706911,台燿元富59購07,0,0,0,---,---,---, ---,,,0.00,0,14.00,10,
706912,神盾元富59購01,0,0,0,---,---,---, ---,,,0.37,25,0.47,10,
706913,神盾元富59購02,0,0,0,---,---,---, ---,,,0.21,25,0.31,10,
706914,鈊象中信63購01,"29,000",3,"6,190",0.21,0.22,0.21,0.21,-,0.0,0.21,10,0.22,10,
706915,中光電永豐5B購01,"31,000",11,"72,540",2.75,2.75,2.19,2.19,-,0.27,1.99,10,2.59,2,
706916,元太永豐5B購01,0,0,0,---,---,---, ---,,,2.33,499,2.39,10,
706917,宜特永豐59購03,"70,000",1,"49,000",0.70,0.70,0.70,0.70,-,0.02,0.71,499,0.73,10,
706918,環球晶永豐5B購02,0,0,0,---,---,---, ---,,,20.30,499,0.00,0,
706919,雙鴻永豐5C購02,"47,000",5,"29,700",0.67,0.67,0.63,0.66,+,0.01,0.64,10,0.65,10,
706920,久元永豐5A購01,"1,000",1,"2,730",2.73,2.73,2.73,2.73,+,0.14,2.61,10,2.67,10,
706921,協易機永豐5C購01,0,0,0,---,---,---, ---,,,0.41,10,0.42,10,
706922,宜特永豐5C購02,0,0,0,---,---,---, ---,,,1.30,10,1.33,10,
706923,信音永豐5C購01,"20,000",3,"18,250",0.92,0.92,0.91,0.91,-,0.01,0.90,10,0.92,150,
706924,勤凱永豐61購01,"2,000",1,"2,020",1.01,1.01,1.01,1.01,-,0.07,0.97,10,0.99,10,
706925,匯鑽科永豐61購01,0,0,0,---,---,---, ---,,,0.39,10,0.40,10,
706926,精星永豐5B購01,0,0,0,---,---,---, ---,,,0.50,10,0.53,10,
706927,廣閎科永豐5C購01,0,0,0,---,---,---, ---,,,0.00,0,0.00,0,
706928,台燿凱基5B購03,0,0,0,---,---,---, ---,,,0.00,0,11.70,10,
706929,宏觀凱基5A購01,0,0,0,---,---,---, ---,,,0.14,10,0.15,10,
706930,良維凱基5A購03,0,0,0,---,---,---, ---,,,1.88,10,1.90,10,
706932,順達凱基5A購02,0,0,0,---,---,---, ---,,,2.48,10,2.58,10,
706934,千附國票5B購01,"52,000",21,"196,710",3.79,4.10,3.21,3.21,-,0.59,3.23,25,3.33,10,
706935,千附精國票5B購01,0,0,0,---,---,---, ---,,,0.00,0,4.32,10,
706936,盈正國票5B購01,"25,000",1,"13,250",0.53,0.53,0.53,0.53,+,0.01,0.49,25,0.50,10,
706937,寬宏國票5A購01,0,0,0,---,---,---, ---,,,0.19,25,0.20,10,
706938,廣閎科國票5B購01,0,0,0,---,---,---, ---,,,3.56,25,0.00,0,
706939,久元國泰5B購01,0,0,0,---,---,---, ---,,,1.80,499,1.82,100,
706940,華電網國泰5B購01,0,0,0,---,---,---, ---,,,0.36,499,0.37,100,
706941,精材國泰5B購01,0,0,0,---,---,---, ---,,,16.90,499,17.50,10,
706942,久元富邦5C購01,"1,000",1,960,0.96,0.96,0.96,0.96,+,0.03,0.94,10,0.95,28,
706946,台燿元大64購01,0,0,0,---,---,---, ---,,,0.00,0,0.00,0,
706947,印能元大5A購01,"190,000",19,"600,700",3.10,3.21,3.10,3.21,+,1.04,3.03,250,3.13,10,
706948,印能元大64購01,"34,000",4,"68,760",2.04,2.24,1.96,2.24,+,0.17,2.18,350,2.28,10,
706949,良維元大61購01,"1,000",1,"2,890",2.89,2.89,2.89,2.89,-,0.06,2.77,250,2.80,10,
706950,東捷元大61購01,0,0,0,---,---,---, ---,,,5.40,150,0.00,0,
706951,順達元大5A購06,"37,000",6,"95,490",2.47,2.61,2.39,2.39,-,0.14,1.22,8,0.00,0,
706952,順達元大64購01,"86,000",1,"110,940",1.29,1.29,1.29,1.29,-,0.17,1.32,20,0.00,0,
706953,鈊象元大64購02,"234,000",4,"173,260",0.74,0.75,0.74,0.74,-,0.01,0.74,25,0.75,10,
706954,匯鑽科元大5A購01,0,0,0,---,---,---, ---,,,0.20,499,0.24,10,
706955,匯鑽科元大5A購02,0,0,0,---,---,---, ---,,,0.32,499,0.36,10,
706956,點序元大5A購01,0,0,0,---,---,---, ---,,,0.17,499,0.27,10,
706957,雙鴻元大5A購05,"303,000",9,"331,630",1.14,1.14,1.05,1.10,-,0.01,1.11,25,1.12,10,
706958,世紀*群益5A購01,"30,000",4,"4,150",0.14,0.14,0.13,0.13,-,0.03,0.12,10,0.22,10,
706959,台燿群益5A購01,"2,000",2,"16,650",8.60,8.60,8.05,8.05,-,2.05,8.05,1,8.40,10,
706960,印能群益5A購01,0,0,0,---,---,---, ---,,,2.54,10,2.64,10,
706962,亞電群益5C購01,0,0,0,---,---,---, ---,,,9.80,10,0.00,0,
706963,匯鑽科群益5C購01,0,0,0,---,---,---, ---,,,0.38,10,0.48,10,
706964,鈺太群益5A購02,0,0,0,---,---,---, ---,,,0.84,10,0.94,10,
706965,千附凱基5B購01,"2,000",1,"8,640",4.32,4.32,4.32,4.32,+,0.67,3.71,100,3.81,10,
706966,千附精凱基5B購01,0,0,0,---,---,---, ---,,,0.00,0,5.55,10,
706967,世紀*凱基5A購01,"2,000",1,560,0.28,0.28,0.28,0.28,-,0.05,0.25,100,0.26,50,
706968,印能凱基64購01,"107,000",10,"266,280",2.22,2.85,2.22,2.69,+,0.3,2.68,1,0.00,0,
706969,神盾凱基63購01,"10,000",1,"6,200",0.62,0.62,0.62,0.62,-,0.08,0.59,10,0.00,0,
706970,鈊象凱基64購01,"15,000",3,"19,650",1.32,1.32,1.30,1.30,-,0.04,1.31,100,1.32,10,
706971,雙鴻凱基5A購05,"10,000",1,"6,500",0.65,0.65,0.65,0.65,+,0.03,0.64,100,0.65,30,
706972,印能國票5A購03,"39,000",7,"87,060",2.28,2.71,2.06,2.59,+,0.36,2.50,25,2.56,10,
706973,宏碩國票5C購01,0,0,0,---,---,---, ---,,,0.16,31,0.17,10,
706975,高僑國票61購01,"75,000",2,"120,700",1.61,1.61,1.60,1.60,-,0.19,1.55,25,1.57,10,
706976,新門國票61購01,"1,000",1,360,0.36,0.36,0.36,0.36,-,0.06,0.36,25,0.38,10,
706977,耀勝國票61購01,"10,000",3,"3,630",0.37,0.37,0.36,0.36,-,0.03,0.35,25,0.36,10,
706978,印能國泰5B購01,"23,000",5,"87,540",3.84,4.06,3.29,4.06,+,0.3,3.96,499,4.06,35,
706979,穩得國泰5B購01,"20,000",1,"28,200",1.41,1.41,1.41,1.41,-,0.02,1.33,499,1.35,100,
706980,神盾統一64購01,"246,000",3,"127,890",0.52,0.52,0.51,0.51,-,0.02,0.51,10,0.52,10,
706981,神盾統一64購02,"1,000",1,490,0.49,0.49,0.49,0.49,-,0.02,0.50,10,0.52,10,
706982,印能永豐64購01,"99,000",10,"324,490",3.10,3.42,3.07,3.39,+,0.3,3.30,10,3.32,10,
706983,宏觀永豐5C購01,0,0,0,---,---,---, ---,,,0.61,10,0.64,10,
706984,亞電永豐61購01,0,0,0,---,---,---, ---,,,7.20,10,0.00,0,
706985,原相永豐5B購02,"10,000",1,"12,400",1.24,1.24,1.24,1.24,-,0.18,1.22,10,0.00,0,
706986,神盾永豐5C購02,"52,000",3,"29,660",0.57,0.58,0.57,0.58,-,0.02,0.56,10,0.57,10,
706987,創泓永豐5C購01,"116,000",21,"321,740",2.46,2.97,2.46,2.56,+,0.38,2.46,10,2.56,5,
706988,撼訊永豐5C購01,0,0,0,---,---,---, ---,,,2.36,499,2.40,10,
706989,元太元大5A購01,0,0,0,---,---,---, ---,,,1.44,450,1.54,10,
706990,天品元大5A購01,"40,000",3,"8,100",0.21,0.21,0.20,0.20,-,0.03,0.23,499,0.24,10,
706991,世紀*元大5A購01,0,0,0,---,---,---, ---,,,0.14,20,0.20,12,
706994,宏捷科元大5A購01,0,0,0,---,---,---, ---,,,0.56,499,0.66,10,
706995,匯鑽科元大5A購03,0,0,0,---,---,---, ---,,,0.25,499,0.29,10,
706996,精材元大5A購03,"5,000",1,"53,500",10.70,10.70,10.70,10.70,-,0.5,10.70,50,0.00,0,
706997,加百裕群益5A購01,0,0,0,---,---,---, ---,,,0.63,499,0.73,10,
706998,印能群益5A購02,0,0,0,---,---,---, ---,,,2.31,25,3.85,10,
706999,均豪群益62購01,0,0,0,---,---,---, ---,,,0.69,499,0.79,10,
707000,高僑群益5B購01,0,0,0,---,---,---, ---,,,1.60,10,2.18,3,
707001,常珵群益5A購01,0,0,0,---,---,---, ---,,,0.16,62,0.00,0,
707002,鈊象群益5A購01,0,0,0,---,---,---, ---,,,0.70,499,0.80,10,
707003,群翊群益5B購01,0,0,0,---,---,---, ---,,,2.49,499,2.59,10,
707004,雙鴻群益5A購05,0,0,0,---,---,---, ---,,,2.03,499,2.13,10,
707006,台嘉碩元大5A購01,"13,000",3,"21,360",1.58,1.66,1.58,1.59,+,0.18,1.43,501,1.53,10,
707007,印能元大5A購02,0,0,0,---,---,---, ---,,,0.00,0,3.45,10,
707008,印能元大5A購03,0,0,0,---,---,---, ---,,,2.72,300,2.82,10,
707009,印能元大5A購05,0,0,0,---,---,---, ---,,,2.43,350,2.53,10,
707010,印能元大5A購06,0,0,0,---,---,---, ---,,,2.36,350,2.46,10,
707011,印能元大5B購01,"341,000",11,"918,760",2.35,2.88,2.35,2.81,+,0.27,2.74,300,0.00,0,
707012,印能元大5C購02,0,0,0,---,---,---, ---,,,0.00,0,2.56,1,
707013,印能元大61購01,"2,000",1,"3,620",1.81,1.81,1.81,1.81,-,0.59,1.81,1,2.33,3,
707014,印能元大64購02,"1,000",1,"1,470",1.47,1.47,1.47,1.47,+,0.12,1.22,10,1.40,2,
707015,均豪元大5A購01,0,0,0,---,---,---, ---,,,0.39,499,0.49,10,
707016,宏捷科元大5A購02,0,0,0,---,---,---, ---,,,0.51,499,0.61,10,
707017,宏捷科元大5C購03,0,0,0,---,---,---, ---,,,0.60,499,0.70,10,
707018,系微元大5A購01,"15,000",2,"13,550",0.91,0.91,0.89,0.89,-,0.09,0.85,499,0.86,10,
707019,宜特元大5A購01,0,0,0,---,---,---, ---,,,1.39,499,1.49,10,
707020,信立元大5A購01,0,0,0,---,---,---, ---,,,0.13,499,0.14,10,
707022,美琪瑪元大5A購01,0,0,0,---,---,---, ---,,,0.88,499,0.98,10,
707023,華電網元大5A購01,0,0,0,---,---,---, ---,,,0.24,499,0.25,10,
707024,廣閎科元大5A購01,0,0,0,---,---,---, ---,,,6.15,100,0.00,0,
707025,雙鴻元大61購11,"20,000",2,"19,400",0.99,0.99,0.95,0.95,-,0.03,0.97,25,1.07,10,
707026,久昌凱基5A購01,0,0,0,---,---,---, ---,,,0.46,10,0.47,10,
707027,台燿凱基5B購04,"9,000",5,"90,800",11.00,11.00,9.90,9.90,-,1.6,8.70,3,9.55,10,
707028,印能凱基5A購03,"34,000",7,"64,500",1.90,2.22,1.52,2.22,+,0.38,2.03,100,2.08,10,
707029,宏觀凱基5B購02,0,0,0,---,---,---, ---,,,0.18,10,0.20,10,
707030,系微凱基5A購02,"231,000",9,"232,070",1.07,1.07,0.96,0.96,-,0.18,0.98,10,0.99,10,
707031,協易機凱基5A購01,0,0,0,---,---,---, ---,,,0.39,10,0.40,10,
707033,前鼎凱基5A購03,"22,000",1,"38,720",1.76,1.76,1.76,1.76,-,0.18,1.76,10,1.86,10,
707034,健亞凱基5A購01,0,0,0,---,---,---, ---,,,0.18,10,0.19,10,
707035,陽程凱基5A購01,"33,000",4,"153,480",4.61,4.81,4.56,4.81,-,0.16,5.30,10,5.80,10,
707036,陽程凱基5A購02,"40,000",4,"196,700",4.81,5.30,4.75,5.30,+,0.3,5.70,10,5.80,10,
707037,廣閎科凱基5B購01,0,0,0,---,---,---, ---,,,4.40,100,4.50,10,
707038,衛司特凱基5A購01,0,0,0,---,---,---, ---,,,1.35,10,1.39,10,
707039,久昌國票5B購01,0,0,0,---,---,---, ---,,,0.13,25,0.14,10,
707040,千如國票5B購01,"18,000",3,"52,680",2.86,2.96,2.86,2.96,+,0.13,2.69,25,2.76,10,
707041,台嘉碩國票5A購01,"130,000",18,"286,650",2.05,2.40,2.03,2.04,+,0.17,2.04,24,2.05,10,
707042,印能國票5B購01,"681,000",36,"903,130",1.20,1.48,1.06,1.36,+,0.11,1.34,25,1.37,10,
707043,沛亨國票5B購01,0,0,0,---,---,---, ---,,,0.83,25,0.89,10,
707044,威聯通國票5B購01,"40,000",1,"8,400",0.21,0.21,0.21,0.21,-,0.02,0.22,25,0.23,10,
707045,茂綸國票5B購01,"62,000",2,"48,260",0.79,0.79,0.77,0.77,-,0.07,0.77,25,0.79,10,
707046,博盛國票5B購01,"114,000",7,"181,120",1.63,1.63,1.52,1.52,-,0.17,1.47,35,1.54,10,
707047,衛司特國票5B購01,0,0,0,---,---,---, ---,,,0.55,25,0.57,10,
707048,雙鴻中信64購01,"43,000",7,"21,000",0.48,0.50,0.48,0.49,-,0.0,0.48,10,0.50,10,
707049,久昌永豐5A購01,0,0,0,---,---,---, ---,,,0.31,10,0.32,10,
707050,印能永豐5A購02,"421,000",28,"568,590",1.26,1.58,1.07,1.49,-,0.0,1.42,12,1.52,10,
707051,印能永豐61購01,"570,000",31,"1,300,920",2.05,2.40,1.79,2.32,-,0.03,2.22,10,2.35,10,
707052,同致永豐5C購01,0,0,0,---,---,---, ---,,,0.26,10,0.27,10,
707053,同致永豐61購01,0,0,0,---,---,---, ---,,,0.39,499,0.40,10,
707054,安葆永豐5B購01,0,0,0,---,---,---, ---,,,0.21,10,0.22,10,
707055,宏碩永豐61購01,0,0,0,---,---,---, ---,,,0.18,10,0.50,50,
707056,宜特永豐5B購01,0,0,0,---,---,---, ---,,,1.52,10,1.56,10,
707057,威聯通永豐5A購01,"100,000",1,"34,000",0.34,0.34,0.34,0.34,-,0.04,0.16,62,0.00,0,
707058,晟德永豐5B購01,"4,000",1,"3,440",0.86,0.86,0.86,0.86,-,0.02,0.86,10,0.88,10,
707059,健亞永豐5B購01,"14,000",2,"2,170",0.15,0.16,0.15,0.16,-,0.0,0.15,10,0.25,10,
707060,智通*永豐5C購01,"29,000",4,"80,910",2.85,2.91,2.72,2.91,+,0.06,2.81,30,2.91,9,
707061,鈺太永豐5C購01,0,0,0,---,---,---, ---,,,0.53,10,0.54,10,
707062,磐亞永豐5B購01,0,0,0,---,---,---, ---,,,11.60,10,0.00,0,
707063,台嘉碩國泰5B購01,"58,000",5,"253,700",4.33,4.63,4.22,4.22,+,0.28,4.16,499,4.23,100,
707064,金山電國泰5B購01,0,0,0,---,---,---, ---,,,15.90,10,16.50,10,
707065,群翊國泰5B購01,0,0,0,---,---,---, ---,,,2.47,10,2.57,10,
707066,元太富邦5C購01,0,0,0,---,---,---, ---,,,1.70,10,1.80,10,
707067,雙鴻富邦5C購05,"107,000",11,"93,890",0.88,0.89,0.85,0.85,-,0.01,0.85,10,0.86,28,
707068,雙鴻富邦5C購06,"529,000",25,"445,860",0.85,0.88,0.82,0.82,-,0.02,0.84,10,0.85,28,
707069,台燿統一67購01,0,0,0,---,---,---, ---,,,0.00,0,5.10,2,
707070,台燿統一74購01,"21,000",3,"51,730",2.53,2.53,2.46,2.46,-,0.34,2.41,2,2.46,10,
707071,立碁統一67購01,0,0,0,---,---,---, ---,,,0.39,10,0.40,10,
707072,立碁統一74購01,"134,000",3,"61,640",0.46,0.46,0.46,0.46,-,0.02,0.47,10,0.48,10,
707073,印能統一63購02,"597,000",20,"535,520",0.93,1.10,0.83,0.99,+,0.03,0.98,10,0.99,9,
707074,印能統一74購01,"94,000",8,"164,380",1.74,1.84,1.64,1.78,+,0.07,1.78,1,1.85,2,
707075,沛亨統一74購01,"21,000",2,"14,280",0.68,0.68,0.68,0.68,-,0.03,0.66,20,0.67,10,
707076,系統電統一67購01,"150,000",4,"86,300",0.57,0.60,0.57,0.60,-,0.0,0.58,10,0.59,10,
707077,東捷統一63購01,0,0,0,---,---,---, ---,,,0.00,0,0.00,0,
707078,能率統一67購01,"128,000",1,"111,360",0.87,0.87,0.87,0.87,+,0.01,0.85,10,0.86,10,
707079,華電網統一64購01,0,0,0,---,---,---, ---,,,0.21,10,0.22,10,
707080,華電網統一74購01,0,0,0,---,---,---, ---,,,0.39,10,0.40,10,
707082,順達統一63購03,"2,828,000",263,"2,902,800",0.93,1.08,0.93,1.01,-,0.01,1.01,30,1.20,10,
707083,頎邦統一63購01,"7,000",3,"31,990",4.63,4.63,4.51,4.51,-,0.18,4.41,10,4.51,7,
707084,頎邦統一64購01,0,0,0,---,---,---, ---,,,0.00,0,0.00,0,
707085,頎邦統一66購01,"1,000",1,"3,130",3.13,3.13,3.13,3.13,-,0.48,0.00,0,3.13,10,
707086,廣閎科統一64購01,0,0,0,---,---,---, ---,,,1.39,10,1.42,10,
707087,廣閎科統一74購01,0,0,0,---,---,---, ---,,,1.32,10,1.34,10,
707088,德微統一67購01,"6,000",3,"13,080",2.18,2.18,2.18,2.18,-,0.38,0.00,0,0.00,0,
707089,雙鴻統一62購05,"23,000",3,"10,830",0.41,0.48,0.41,0.48,+,0.07,0.43,14,0.44,10,
707090,雙鴻統一66購02,"96,000",4,"45,780",0.49,0.49,0.46,0.48,-,0.0,0.47,10,0.48,10,
707091,久元群益5A購01,0,0,0,---,---,---, ---,,,1.22,499,1.32,10,
707092,千附群益5A購01,"11,000",2,"88,950",8.10,8.10,7.95,7.95,+,0.7,6.65,100,7.15,10,
707093,友輝群益5A購01,0,0,0,---,---,---, ---,,,0.30,33,0.96,10,
707094,正淩群益5A購01,0,0,0,---,---,---, ---,,,0.67,499,0.77,10,
707095,同致群益5A購01,0,0,0,---,---,---, ---,,,0.03,27,0.25,10,
707096,岳豐群益5A購01,"18,000",4,"15,980",0.84,2.00,0.82,2.00,+,0.47,0.00,0,0.86,10,
707097,茂綸群益5A購01,0,0,0,---,---,---, ---,,,1.31,399,0.00,0,
707098,倚強群益5A購01,0,0,0,---,---,---, ---,,,0.28,27,0.87,10,
707099,健亞群益5A購01,0,0,0,---,---,---, ---,,,0.00,0,0.00,0,
707100,聚和群益5A購01,0,0,0,---,---,---, ---,,,1.07,499,1.17,10,
707102,寶雅群益5A購01,0,0,0,---,---,---, ---,,,2.55,199,2.65,10,
707103,中光電兆豐64購01,"10,000",2,"25,050",2.75,2.75,2.40,2.40,-,0.25,2.42,20,2.43,10,
707104,九豪群益5A購02,0,0,0,---,---,---, ---,,,3.09,10,0.00,0,
707106,矽科群益5A購01,0,0,0,---,---,---, ---,,,1.82,499,1.92,10,
707107,矽科群益5A購02,"80,000",8,"81,400",1.04,1.04,1.00,1.00,+,0.06,0.44,22,0.00,0,
707108,群翊群益5C購01,0,0,0,---,---,---, ---,,,0.67,14,1.68,5,
707110,頎邦群益5B購01,0,0,0,---,---,---, ---,,,6.30,10,6.80,10,
707111,九豪凱基5A購01,0,0,0,---,---,---, ---,,,3.34,10,0.00,0,
707112,九豪凱基5A購02,"1,000",1,"4,420",4.42,4.42,4.42,4.42,+,0.14,3.91,10,3.97,10,
707113,元太凱基5A購01,"10,000",1,"28,900",2.89,2.89,2.89,2.89,-,0.3,2.82,100,2.89,10,
707115,矽科凱基5A購01,0,0,0,---,---,---, ---,,,2.33,10,2.34,10,
707116,茂綸凱基5A購01,0,0,0,---,---,---, ---,,,1.66,10,1.73,10,
707117,頎邦凱基64購01,0,0,0,---,---,---, ---,,,5.90,100,6.40,10,
707118,廣閎科凱基5A購01,0,0,0,---,---,---, ---,,,5.25,100,5.75,10,
707119,雙鴻凱基5C購05,"449,000",19,"378,200",0.90,0.90,0.83,0.84,-,0.01,0.84,95,0.85,30,
707120,友輝國票5A購01,0,0,0,---,---,---, ---,,,0.62,25,0.63,10,
707121,正淩國票5B購02,"27,000",1,"16,470",0.61,0.61,0.61,0.61,+,0.03,0.55,25,0.57,10,
707122,矽科國票5B購01,0,0,0,---,---,---, ---,,,1.03,25,1.06,10,
707123,耕興國票5B購01,0,0,0,---,---,---, ---,,,0.43,25,0.44,10,
707124,翔名國票5B購01,0,0,0,---,---,---, ---,,,3.27,25,3.37,10,
707125,群翊國票5B購01,"53,000",2,"37,690",0.73,0.73,0.71,0.71,-,0.01,0.69,25,0.71,10,
707126,頎邦國票5B購01,0,0,0,---,---,---, ---,,,8.45,25,8.95,10,
707127,磐亞國票5B購01,0,0,0,---,---,---, ---,,,14.50,25,14.80,1,
707128,元太國泰5B購01,0,0,0,---,---,---, ---,,,2.90,499,2.93,70,
707129,宜特富邦5C購01,0,0,0,---,---,---, ---,,,1.24,10,0.00,0,
707130,頎邦富邦61購01,0,0,0,---,---,---, ---,,,5.10,10,5.60,10,
707131,精材富邦5A購01,0,0,0,---,---,---, ---,,,7.00,30,7.50,10,
707132,聚和富邦5A購01,0,0,0,---,---,---, ---,,,0.43,10,0.44,28,
707133,正淩統一63購01,"266,000",5,"173,640",0.64,0.67,0.64,0.66,-,0.01,0.65,10,0.66,10,
707134,同致統一64購01,"1,000",1,350,0.35,0.35,0.35,0.35,+,0.02,0.32,10,0.33,10,
707135,同致統一74購01,0,0,0,---,---,---, ---,,,0.44,10,0.45,10,
707136,協易機統一66購01,0,0,0,---,---,---, ---,,,0.44,10,0.45,10,
707137,翔名統一74購01,"27,000",3,"34,140",1.24,1.30,1.24,1.30,+,0.02,1.29,10,1.31,10,
707138,陽程統一64購02,"7,000",2,"8,980",1.28,1.29,1.28,1.29,-,0.0,1.42,10,1.47,10,
707139,陽程統一74購01,0,0,0,---,---,---, ---,,,1.02,10,1.04,10,
707140,萬泰科統一74購01,0,0,0,---,---,---, ---,,,0.94,10,0.95,10,
707141,群翊統一63購01,"283,000",3,"200,730",0.71,0.71,0.67,0.71,-,0.01,0.68,10,0.70,10,
707142,群翊統一74購01,0,0,0,---,---,---, ---,,,0.53,10,0.54,10,
707143,頎邦統一64購02,0,0,0,---,---,---, ---,,,3.22,10,3.32,10,
707144,頎邦統一67購01,0,0,0,---,---,---, ---,,,1.93,10,1.94,10,
707146,均豪永豐5A購01,0,0,0,---,---,---, ---,,,1.99,499,2.09,10,
707147,宏捷科永豐5C購01,0,0,0,---,---,---, ---,,,0.95,10,0.98,10,
707149,美琪瑪永豐5B購01,0,0,0,---,---,---, ---,,,0.57,10,0.67,10,
707150,茂訊永豐5B購01,0,0,0,---,---,---, ---,,,3.05,10,3.13,10,
707151,茂綸永豐5A購01,"299,000",8,"324,570",1.14,1.14,1.06,1.10,-,0.13,1.10,10,1.15,10,
707152,湧德永豐5B購01,"11,000",1,"6,270",0.57,0.57,0.57,0.57,-,0.04,0.54,10,0.56,10,
707153,陽程永豐5C購01,"5,000",3,"34,000",6.80,6.80,6.80,6.80,+,0.35,6.75,10,6.95,10,
707154,群翊永豐5A購01,0,0,0,---,---,---, ---,,,1.64,10,1.74,10,
707155,衛司特永豐5A購01,0,0,0,---,---,---, ---,,,0.40,3,0.00,0,
707156,璟德永豐5A購01,0,0,0,---,---,---, ---,,,0.20,10,0.30,10,
707157,環球晶永豐5A購01,0,0,0,---,---,---, ---,,,26.70,499,0.00,0,
707158,雙鴻永豐5C購03,0,0,0,---,---,---, ---,,,0.85,10,0.86,10,
707159,九豪元大5A購01,0,0,0,---,---,---, ---,,,2.42,300,2.52,10,
707161,台燿元大61購04,"2,000",1,"8,840",4.42,4.42,4.42,4.42,-,0.68,4.17,4,0.00,0,
707163,前鼎元大5A購02,0,0,0,---,---,---, ---,,,0.00,0,2.07,10,
707164,翔名元大5A購01,"60,000",6,"291,800",4.58,4.92,4.58,4.92,+,0.45,4.67,150,6.20,50,
707166,頎邦元大5A購02,0,0,0,---,---,---, ---,,,7.40,100,0.00,0,
707167,雙鴻元大61購12,0,0,0,---,---,---, ---,,,0.00,0,1.95,1,
707168,鑫聯元大5A購01,0,0,0,---,---,---, ---,,,2.48,25,2.55,10,
707169,台燿凱基61購02,"15,000",3,"73,030",4.91,4.91,4.60,4.60,-,1.35,0.00,0,0.00,0,
707170,同致凱基5A購01,0,0,0,---,---,---, ---,,,0.20,10,0.21,10,
707171,捷創凱基5A購01,0,0,0,---,---,---, ---,,,0.31,10,0.33,10,
707172,翔名凱基5A購01,"52,000",6,"219,180",3.83,4.77,3.83,4.69,+,0.44,4.62,10,4.72,10,
707173,華景電凱基5A購01,"95,000",7,"59,200",0.60,0.64,0.60,0.61,-,0.19,0.66,10,0.68,10,
707174,華景電凱基5A購02,"1,000",1,890,0.89,0.89,0.89,0.89,-,0.11,0.88,10,0.90,10,
707175,鈊象凱基64購02,"1,000",1,"1,270",1.27,1.27,1.27,1.27,+,0.06,1.18,100,1.28,10,
707176,群翊凱基5C購01,"47,000",3,"53,540",1.12,1.21,1.12,1.21,-,0.01,1.15,10,1.16,10,
707177,頎邦凱基5A購02,0,0,0,---,---,---, ---,,,6.25,100,6.75,10,
707178,世界群益5C購01,"15,000",3,"31,150",2.07,2.10,2.06,2.06,+,0.07,1.90,1,0.00,0,
707179,台半群益5A購01,0,0,0,---,---,---, ---,,,0.00,0,6.70,10,
707180,台燿群益5A購03,0,0,0,---,---,---, ---,,,0.00,0,6.65,10,
707181,台燿群益5B購02,"4,000",1,"26,400",6.60,6.60,6.60,6.60,-,1.45,5.95,4,6.60,10,
707182,捷創群益5B購01,0,0,0,---,---,---, ---,,,0.43,25,0.47,10,
707183,華景電群益5A購01,0,0,0,---,---,---, ---,,,0.97,499,1.07,10,
707184,陽程群益5A購01,0,0,0,---,---,---, ---,,,3.78,10,3.88,10,
707185,勤凱群益5B購01,0,0,0,---,---,---, ---,,,2.43,499,2.53,10,
707186,元債20國票5B購01,0,0,0,---,---,---, ---,,,0.31,25,0.32,10,
707187,台燿國票5B購03,0,0,0,---,---,---, ---,,,0.00,0,6.30,10,
707188,安葆國票5B購01,0,0,0,---,---,---, ---,,,0.11,25,0.12,10,
707189,華景電國票5B購01,"131,000",13,"105,750",0.85,0.85,0.79,0.80,-,0.17,0.82,25,0.85,10,
707191,廣閎科國票5B購02,0,0,0,---,---,---, ---,,,3.60,25,0.00,0,
707192,鈺太國泰5B購01,0,0,0,---,---,---, ---,,,0.99,499,1.02,100,
707193,雙鴻國泰67購01,"8,000",3,"13,830",1.72,1.77,1.72,1.73,+,0.11,1.68,499,1.78,100,
707194,久元統一64購01,"4,000",4,"3,200",0.78,0.82,0.78,0.82,+,0.02,0.70,10,0.80,10,
707195,湧德統一74購01,"1,000",1,440,0.44,0.44,0.44,0.44,-,0.03,0.45,10,0.46,10,
707196,華景電統一64購01,"446,000",4,"290,420",0.66,0.66,0.65,0.65,-,0.04,0.64,10,0.65,10,
707197,華景電統一64購02,"5,000",1,"2,750",0.55,0.55,0.55,0.55,-,0.03,0.55,10,0.58,10,
707198,華景電統一65購01,0,0,0,---,---,---, ---,,,0.79,10,0.80,10,
707199,華景電統一68購01,0,0,0,---,---,---, ---,,,0.55,10,0.56,10,
707200,華景電統一74購01,"28,000",2,"17,920",0.64,0.64,0.64,0.64,-,0.03,0.63,11,0.64,10,
707201,陽程統一65購01,0,0,0,---,---,---, ---,,,1.60,10,1.61,10,
707202,陽程統一68購01,"108,000",2,"146,880",1.36,1.36,1.36,1.36,-,0.07,1.46,10,1.47,10,
707203,群翊統一64購01,"367,000",4,"261,450",0.71,0.73,0.69,0.73,-,0.0,0.71,10,0.72,10,
707204,群翊統一74購02,"20,000",1,"14,600",0.73,0.73,0.73,0.73,-,0.02,0.73,10,0.74,10,
707205,頎邦統一64購03,0,0,0,---,---,---, ---,,,2.74,10,0.00,0,
707206,大中元大5A購01,0,0,0,---,---,---, ---,,,3.31,200,0.00,0,
707208,台燿元大61購05,"2,000",1,"7,720",3.86,3.86,3.86,3.86,-,1.12,3.86,1,0.00,0,
707209,台燿元大64購04,"4,000",2,"11,080",2.77,2.77,2.77,2.77,-,0.55,2.75,1,2.77,10,
707210,宏觀元大64購01,"42,000",1,"8,400",0.20,0.20,0.20,0.20,-,0.02,0.21,499,0.22,20,
707211,系微元大5A購02,0,0,0,---,---,---, ---,,,0.64,499,0.74,10,
707213,良維元大5B購01,0,0,0,---,---,---, ---,,,1.73,400,1.83,10,
707214,東捷元大5A購01,0,0,0,---,---,---, ---,,,6.05,100,0.00,0,
707215,信紘科元大5A購01,"118,000",3,"103,820",0.87,0.96,0.87,0.96,+,0.01,0.92,499,0.95,10,
707216,華景電元大5A購01,0,0,0,---,---,---, ---,,,0.54,499,0.55,10,
707217,華景電元大5A購02,"59,000",5,"55,540",0.94,0.97,0.94,0.97,-,0.13,0.99,499,1.00,10,
707218,順達元大5A購07,"106,000",19,"272,240",2.42,2.66,2.38,2.48,-,0.04,1.46,6,0.00,0,
707219,順達元大5A購08,"23,000",1,"58,420",2.54,2.54,2.54,2.54,-,0.43,0.00,0,0.00,0,
707220,群翊元大5A購01,"125,000",7,"67,140",0.56,0.56,0.52,0.52,-,0.06,0.54,25,0.55,10,
707221,雙鴻元大64購02,"89,000",6,"126,190",1.43,1.43,1.38,1.41,-,0.0,1.41,25,1.42,10,
707222,世界永豐61購01,"151,000",5,"458,630",3.15,3.27,2.98,2.98,-,0.05,2.26,4,0.00,0,
707223,台半永豐5B購01,0,0,0,---,---,---, ---,,,0.00,0,0.00,0,
707224,台燿永豐5A購03,"1,000",1,"4,880",4.88,4.88,4.88,4.88,-,1.32,4.52,5,4.74,11,
707225,台燿永豐61購02,0,0,0,---,---,---, ---,,,0.00,0,8.10,10,
707226,矽科永豐5B購02,"1,000",1,"2,690",2.69,2.69,2.69,2.69,+,0.34,2.44,10,2.50,10,
707227,華景電永豐5C購01,"114,000",9,"140,390",1.23,1.26,1.20,1.24,-,0.13,1.26,10,1.28,10,
707228,華景電永豐61購01,0,0,0,---,---,---, ---,,,1.16,10,1.19,10,
707229,順達永豐5B購02,0,0,0,---,---,---, ---,,,0.72,13,0.00,0,
707230,頎邦永豐5C購01,0,0,0,---,---,---, ---,,,4.57,10,4.67,10,
707231,順達兆豐5C購01,"11,000",2,"12,430",1.13,1.13,1.13,1.13,+,0.01,1.11,10,1.12,10,
707232,安葆凱基5A購01,"10,000",1,"1,600",0.16,0.16,0.16,0.16,-,0.02,0.14,10,0.15,10,
707233,陽程凱基5A購03,"10,000",1,"48,800",4.88,4.88,4.88,4.88,-,0.09,5.65,10,6.15,10,
707234,順達凱基5A購03,0,0,0,---,---,---, ---,,,0.86,50,0.00,0,
707235,新盛力凱基5A購01,"10,000",1,"34,600",3.46,3.46,3.46,3.46,-,0.26,3.51,10,3.57,10,
707236,新盛力凱基5A購02,"15,000",1,"58,800",3.92,3.92,3.92,3.92,-,0.4,4.00,10,4.10,10,
707237,頎邦凱基5B購01,"2,000",1,"11,600",5.80,5.80,5.80,5.80,-,0.95,5.85,50,6.35,10,
707238,廣閎科凱基5A購02,"10,000",1,"32,500",3.25,3.25,3.25,3.25,-,0.36,3.28,100,3.38,10,
707239,雙鴻凱基5A購06,"20,000",1,"3,000",0.15,0.15,0.15,0.15,-,0.01,0.15,100,0.16,50,
707240,久元元大61購01,0,0,0,---,---,---, ---,,,1.05,499,1.15,10,
707241,中美晶元大5A購03,0,0,0,---,---,---, ---,,,5.75,100,0.00,0,
707242,家登元大5A購02,0,0,0,---,---,---, ---,,,3.34,200,3.44,10,
707243,湧德元大5A購02,"145,000",2,"40,600",0.28,0.28,0.28,0.28,-,0.02,0.27,499,0.28,10,
707244,湧德元大5A購03,"10,000",1,"1,400",0.14,0.14,0.14,0.14,-,0.02,0.13,516,0.14,10,
707245,順達元大64購02,"21,000",2,"23,490",1.11,1.14,1.11,1.14,-,0.11,0.75,13,0.00,0,
707246,鈊象元大61購01,"538,000",15,"638,510",1.20,1.22,1.17,1.20,-,0.01,1.20,25,1.21,10,
707247,新盛力元大5A購01,"9,000",1,"22,950",2.55,2.55,2.55,2.55,-,0.31,2.62,25,2.72,10,
707248,萬泰科元大5A購01,"137,000",5,"122,080",0.85,0.90,0.83,0.90,-,0.05,0.83,499,0.84,10,
707249,台星科國票5B購01,0,0,0,---,---,---, ---,,,0.93,25,0.96,10,
707250,台燿國票5B購04,0,0,0,---,---,---, ---,,,0.00,0,6.35,10,
707251,順達國票5B購02,"241,000",3,"307,170",1.28,1.39,1.27,1.27,-,0.15,1.26,25,1.27,10,
707252,新盛力國票5A購01,0,0,0,---,---,---, ---,,,3.03,25,3.13,10,
707253,新盛力國票5B購01,0,0,0,---,---,---, ---,,,3.21,25,3.27,10,
707255,宏捷科國泰5B購01,"49,000",5,"35,140",0.72,0.72,0.68,0.68,-,0.06,0.64,499,0.65,100,
707256,宏捷科國泰5B購02,0,0,0,---,---,---, ---,,,0.50,499,0.51,100,
707257,台特化永豐5C購01,0,0,0,---,---,---, ---,,,0.70,499,0.71,10,
707258,東捷永豐64購01,0,0,0,---,---,---, ---,,,4.17,499,4.27,10,
707259,凌陽創永豐5A購01,0,0,0,---,---,---, ---,,,0.91,10,0.97,10,
707260,勤凱永豐5C購03,"9,000",1,"9,090",1.01,1.01,1.01,1.01,-,0.06,0.97,10,0.99,10,
707261,新盛力永豐5B購01,0,0,0,---,---,---, ---,,,0.00,0,0.00,0,
707262,新盛力永豐5C購01,0,0,0,---,---,---, ---,,,2.93,3,0.00,0,
707263,萬泰科永豐64購01,0,0,0,---,---,---, ---,,,1.12,10,1.13,10,
707264,台燿統一64購02,"12,000",4,"24,540",2.13,2.13,1.99,1.99,-,0.46,1.89,11,0.00,0,
707265,宏捷科統一74購01,0,0,0,---,---,---, ---,,,0.44,10,0.45,10,
707266,東捷統一64購02,0,0,0,---,---,---, ---,,,1.77,10,1.87,10,
707267,東捷統一66購01,0,0,0,---,---,---, ---,,,1.85,10,1.95,10,
707268,華景電統一63購01,"542,000",5,"290,670",0.56,0.56,0.53,0.53,-,0.07,0.55,10,0.56,10,
707269,勤凱統一74購01,"7,000",2,"5,670",0.81,0.81,0.81,0.81,-,0.05,0.81,10,0.82,10,
707270,新盛力統一64購01,0,0,0,---,---,---, ---,,,1.23,10,1.33,10,
707271,新盛力統一68購01,0,0,0,---,---,---, ---,,,0.00,0,0.00,0,
707272,新盛力統一74購01,0,0,0,---,---,---, ---,,,1.08,10,1.18,10,
707273,新盛力統一74購02,"98,000",4,"100,960",1.00,1.07,1.00,1.07,-,0.0,1.01,10,1.02,10,
707274,群翊統一64購02,"470,000",5,"272,600",0.58,0.58,0.58,0.58,-,0.01,0.57,10,0.58,10,
707275,鉅橡統一66購01,0,0,0,---,---,---, ---,,,0.67,10,0.68,10,
707276,頎邦統一74購01,"9,000",2,"13,240",1.48,1.48,1.46,1.46,-,0.03,1.35,2,1.70,1,
707277,廣閎科統一74購02,0,0,0,---,---,---, ---,,,1.03,10,1.04,10,
707278,德微統一64購01,0,0,0,---,---,---, ---,,,1.27,10,1.37,10,
707279,久元凱基61購01,"13,000",4,"11,860",0.91,0.96,0.89,0.96,+,0.03,0.93,10,0.94,10,
707280,中美晶凱基5A購02,0,0,0,---,---,---, ---,,,10.30,117,11.30,10,
707281,台星科凱基5A購01,"66,000",2,"38,120",0.62,0.62,0.57,0.57,-,0.09,0.68,10,0.72,10,
707282,台燿凱基5A購02,"3,000",1,"14,280",4.76,4.76,4.76,4.76,-,2.04,4.42,5,4.68,10,
707283,均豪凱基5B購01,"14,000",2,"5,140",0.36,0.37,0.36,0.37,+,0.02,0.36,100,0.37,10,
707284,宏觀凱基64購01,"13,000",2,"7,410",0.57,0.57,0.57,0.57,-,0.01,0.56,10,0.57,10,
707285,旺矽凱基5A購04,"156,000",13,"354,200",2.31,2.31,2.15,2.18,-,0.26,2.19,100,2.29,10,
707286,順達凱基64購01,"317,000",5,"492,030",1.49,1.64,1.49,1.54,-,0.05,1.56,10,1.66,10,
707287,廣閎科凱基5A購03,"15,000",2,"57,000",3.80,3.80,3.80,3.80,-,0.2,3.80,5,0.00,0,
707288,鑫聯凱基5B購01,0,0,0,---,---,---, ---,,,1.95,10,1.96,10,
707289,台燿兆豐5C購01,"1,000",1,"2,750",2.75,2.75,2.75,2.75,-,0.42,2.42,20,2.56,10,
707290,均豪兆豐5C購01,"1,298,000",16,"629,840",0.47,0.52,0.44,0.49,+,0.02,0.48,10,0.49,10,
707291,雙鴻兆豐5C購01,"10,000",1,"5,800",0.58,0.58,0.58,0.58,-,0.01,0.58,10,0.59,10,
707292,台星科元大5A購01,0,0,0,---,---,---, ---,,,0.56,10,0.65,10,
707293,台星科元大5A購02,"166,000",5,"193,320",1.09,1.22,1.09,1.15,-,0.06,1.15,499,1.20,10,
707294,台燿元大5A購05,0,0,0,---,---,---, ---,,,0.00,0,4.01,10,
707295,台燿元大5A購06,0,0,0,---,---,---, ---,,,0.00,0,3.51,10,
707296,台燿元大5A購07,"43,000",6,"133,760",3.14,3.14,3.11,3.11,-,0.91,2.76,9,3.04,10,
707297,台燿元大5A購08,0,0,0,---,---,---, ---,,,0.00,0,2.60,10,
707298,台燿元大5A購09,"47,000",5,"85,730",1.95,1.95,1.55,1.55,-,0.77,1.59,10,1.85,10,
707299,台燿元大61購06,"728,000",108,"1,171,090",1.78,1.78,1.55,1.56,-,0.54,1.55,2,1.78,67,
707300,旺矽元大5A購02,"15,000",4,"53,780",3.26,6.80,3.23,6.80,+,1.81,3.46,1,0.00,0,
707301,旺矽元大61購01,0,0,0,---,---,---, ---,,,2.84,1,0.00,0,
707302,信驊元大5B購01,0,0,0,---,---,---, ---,,,2.12,25,3.68,1,
707303,華景電元大5A購03,0,0,0,---,---,---, ---,,,0.38,499,0.48,10,
707304,陽程元大63購01,"164,000",14,"282,680",1.60,1.88,1.60,1.84,+,0.11,1.81,450,1.83,10,
707305,頎邦元大63購06,0,0,0,---,---,---, ---,,,0.00,0,3.45,10,
707306,台燿永豐5C購03,"102,000",17,"385,420",4.16,4.16,3.63,3.63,-,0.92,3.50,10,3.63,10,
707307,台燿永豐64購02,"12,000",2,"38,340",3.22,3.22,3.19,3.19,-,0.69,0.00,0,3.19,10,
707308,台燿永豐67購01,"3,000",2,"11,070",3.69,3.69,3.69,3.69,-,0.89,3.63,1,3.69,10,
707309,巨漢永豐5C購01,"29,000",2,"41,440",1.46,1.46,1.37,1.37,-,0.15,1.40,499,1.42,10,
707310,安葆永豐5C購01,0,0,0,---,---,---, ---,,,0.13,10,0.14,10,
707311,均豪永豐5C購01,0,0,0,---,---,---, ---,,,0.62,10,0.64,10,
707312,良維永豐5C購01,"5,000",1,"9,750",1.95,1.95,1.95,1.95,-,0.25,2.04,499,2.07,10,
707313,旺矽永豐5A購03,"20,000",1,"48,000",2.40,2.40,2.40,2.40,-,0.44,2.46,10,0.00,0,
707314,旺矽永豐61購03,"3,000",1,"8,340",2.78,2.78,2.78,2.78,-,0.24,2.71,10,2.81,10,
707315,旺矽永豐64購02,"10,000",1,"33,000",3.30,3.30,3.30,3.30,-,0.37,3.33,10,3.43,10,
707316,長科*永豐5A購01,0,0,0,---,---,---, ---,,,2.16,4,0.00,0,
707317,信驊永豐5A購03,"16,000",4,"21,630",1.33,1.44,1.33,1.34,-,0.11,0.55,10,1.80,20,
707318,前鼎永豐61購01,0,0,0,---,---,---, ---,,,0.99,10,0.00,0,
707319,翔名永豐5B購01,0,0,0,---,---,---, ---,,,2.23,499,0.00,0,
707320,翔名永豐5B購02,"151,000",4,"206,950",1.27,1.45,1.27,1.41,+,0.06,1.42,10,1.44,10,
707321,鉅橡永豐5B購01,0,0,0,---,---,---, ---,,,0.64,10,0.67,10,
707322,廣閎科永豐5A購01,"28,000",2,"60,480",2.24,2.24,2.08,2.08,-,0.23,1.09,9,0.00,0,
707323,均豪國泰61購01,"54,000",2,"63,720",1.16,1.20,1.16,1.20,-,0.15,1.24,499,1.27,100,
707324,精材國泰5B購02,0,0,0,---,---,---, ---,,,15.70,163,0.00,0,
707325,台燿富邦5A購02,0,0,0,---,---,---, ---,,,0.00,0,2.02,10,
707326,台燿富邦64購01,"32,000",7,"49,270",1.60,1.60,1.50,1.50,-,0.27,1.45,15,1.49,10,
707327,旺矽富邦5C購01,0,0,0,---,---,---, ---,,,1.58,2,1.67,10,
707328,旺矽富邦64購01,"10,000",1,"18,000",1.80,1.80,1.80,1.80,-,0.12,1.80,36,1.82,10,
707329,群翊富邦62購01,"561,000",7,"447,480",0.76,0.82,0.76,0.81,-,0.02,0.79,10,0.80,28,
707330,台燿國票5B購05,"63,000",15,"261,300",4.61,4.61,4.01,4.01,-,0.99,3.61,3,3.97,10,
707331,台燿統一63購01,0,0,0,---,---,---, ---,,,1.80,1,1.81,10,
707332,台燿統一64購03,"41,000",6,"55,410",1.49,1.49,1.30,1.30,-,0.19,0.00,0,1.30,10,
707333,台燿統一64購04,"3,000",1,"6,180",2.06,2.06,2.06,2.06,-,0.55,2.06,2,0.00,0,
707334,台燿統一66購02,"185,000",42,"277,970",1.61,1.61,1.43,1.43,-,0.27,1.43,4,1.55,10,
707335,台燿統一74購02,"141,000",8,"199,160",1.48,1.48,1.34,1.34,-,0.26,1.32,40,1.34,10,
707336,台燿統一74購03,"119,000",11,"135,120",1.19,1.19,1.11,1.19,-,0.05,0.00,0,1.19,181,
707337,巨漢統一63購02,"207,000",8,"148,880",0.72,0.74,0.71,0.74,-,0.02,0.71,10,0.72,10,
707338,巨漢統一74購01,"153,000",2,"85,680",0.56,0.56,0.56,0.56,-,0.01,0.56,10,0.57,10,
707339,均豪統一64購01,"322,000",5,"151,510",0.45,0.49,0.45,0.49,+,0.01,0.47,10,0.48,10,
707340,旺矽統一63購06,"40,000",4,"73,200",1.84,1.84,1.81,1.81,-,0.05,1.79,25,0.00,0,
707341,旺矽統一64購01,"97,000",16,"172,800",1.83,1.87,1.71,1.72,-,0.18,1.71,10,1.72,2,
707342,東捷統一74購01,"57,000",5,"51,640",0.90,0.93,0.90,0.91,-,0.05,0.89,20,0.91,10,
707343,前鼎統一64購01,"214,000",2,"199,810",0.93,0.94,0.93,0.94,-,0.03,0.92,10,0.93,10,
707344,翔名統一74購02,"376,000",22,"558,890",1.46,1.53,1.39,1.53,+,0.03,1.52,10,1.53,10,
707345,華景電統一74購02,"10,000",2,"7,000",0.70,0.70,0.70,0.70,-,0.02,0.69,10,0.70,10,
707346,順達統一64購01,"20,000",1,"17,800",0.89,0.89,0.89,0.89,+,0.02,0.85,10,0.86,10,
707347,勤凱統一74購02,"15,000",1,"14,100",0.94,0.94,0.94,0.94,-,0.04,0.92,100,0.93,10,
707348,新盛力統一63購01,0,0,0,---,---,---, ---,,,1.78,10,1.79,10,
707349,新盛力統一64購02,0,0,0,---,---,---, ---,,,1.69,10,1.79,10,
707350,新盛力統一74購03,0,0,0,---,---,---, ---,,,1.55,65,1.56,10,
707351,鉅橡統一64購02,"4,000",1,"2,080",0.52,0.52,0.52,0.52,-,0.02,0.50,10,0.51,10,
707352,頎邦統一74購02,"24,000",5,"37,310",1.55,1.59,1.54,1.58,-,0.04,1.53,3,1.55,10,
707353,頎邦統一74購03,"34,000",7,"55,100",1.60,1.67,1.58,1.58,-,0.09,1.58,26,0.00,0,
707354,廣閎科統一64購02,"17,000",1,"26,350",1.55,1.55,1.55,1.55,-,0.08,1.52,10,1.53,10,
707355,廣閎科統一67購01,0,0,0,---,---,---, ---,,,0.95,10,0.96,10,
707356,廣閎科統一74購03,0,0,0,---,---,---, ---,,,1.49,68,1.50,10,
707357,勤凱台新5A購01,"2,000",1,"3,820",1.91,1.91,1.91,1.91,-,0.12,1.76,25,1.86,10,
707358,頎邦台新5A購01,0,0,0,---,---,---, ---,,,9.30,25,9.80,10,
707359,元太凱基5A購02,0,0,0,---,---,---, ---,,,3.05,100,3.08,10,
707360,宏捷科凱基5A購01,"1,000",1,810,0.81,0.81,0.81,0.81,-,0.11,0.79,100,0.80,10,
707361,宜特凱基61購01,0,0,0,---,---,---, ---,,,1.36,10,1.38,10,
707362,信紘科凱基5A購01,0,0,0,---,---,---, ---,,,1.06,10,1.12,10,
707363,威聯通凱基5A購01,0,0,0,---,---,---, ---,,,0.33,10,0.35,10,
707364,頎邦凱基63購01,"12,000",2,"56,330",4.74,4.74,4.63,4.63,-,0.28,4.55,100,4.65,10,
707365,精材凱基5A購02,0,0,0,---,---,---, ---,,,18.10,20,19.10,10,
707366,衛司特凱基5B購01,0,0,0,---,---,---, ---,,,0.45,10,0.46,10,
707367,璟德凱基5A購01,"1,000",1,490,0.49,0.49,0.49,0.49,-,0.07,0.48,10,0.58,10,
707368,鴻呈凱基5A購01,0,0,0,---,---,---, ---,,,0.55,10,0.58,10,
707369,鈊象中信5C購02,"10,000",2,"2,500",0.24,0.26,0.24,0.26,+,0.01,0.24,10,0.25,10,
707370,立碁永豐5C購01,0,0,0,---,---,---, ---,,,0.27,499,0.28,10,
707371,前鼎永豐61購02,"54,000",4,"38,140",0.72,0.72,0.69,0.70,-,0.07,0.48,20,0.00,0,
707372,群翊永豐5B購01,"30,000",4,"20,700",0.67,0.71,0.67,0.71,+,0.01,0.68,10,0.70,10,
707373,聖暉*永豐5C購01,0,0,0,---,---,---, ---,,,3.74,499,3.84,10,
707374,頎邦永豐61購01,"89,000",19,"231,000",2.70,2.70,2.47,2.47,-,0.25,2.49,10,2.58,10,
707375,環球晶永豐5C購01,0,0,0,---,---,---, ---,,,9.55,499,0.00,0,
707376,譜瑞永豐5C購01,"3,000",1,"4,470",1.49,1.49,1.49,1.49,-,0.11,1.53,10,1.54,10,
707377,天品國票5A購01,"15,000",2,"3,000",0.20,0.20,0.20,0.20,-,0.03,0.22,25,0.23,10,
707378,泓格國票5A購01,"46,000",9,"175,790",3.31,4.70,3.31,4.70,+,1.2,4.55,5,0.00,0,
707379,前鼎國票5B購02,0,0,0,---,---,---, ---,,,0.91,25,0.98,10,
707380,群翊國票5B購02,0,0,0,---,---,---, ---,,,1.04,25,1.06,10,
707381,頎邦國票5B購04,"2,000",2,"7,300",3.65,3.65,3.65,3.65,-,0.35,3.44,25,3.54,10,
707382,廣閎科國票5B購03,0,0,0,---,---,---, ---,,,2.09,25,2.19,10,
707383,衛司特國票5B購02,0,0,0,---,---,---, ---,,,0.30,25,0.31,10,
707384,中美晶群益5A購01,0,0,0,---,---,---, ---,,,17.50,1,20.30,10,
707385,立敦群益5A購01,0,0,0,---,---,---, ---,,,8.95,50,9.45,10,
707387,前鼎群益5A購01,0,0,0,---,---,---, ---,,,0.00,0,0.00,0,
707388,湧德群益5B購02,0,0,0,---,---,---, ---,,,0.30,25,0.31,10,
707389,順達群益5A購03,0,0,0,---,---,---, ---,,,1.54,499,1.64,10,
707390,群翊群益61購01,"100,000",1,"97,000",0.97,0.97,0.97,0.97,-,0.06,0.51,19,0.00,0,
707392,頎邦群益5A購02,0,0,0,---,---,---, ---,,,4.98,10,5.40,10,
707393,頎邦群益5B購02,0,0,0,---,---,---, ---,,,4.96,10,5.30,10,
707394,廣閎科群益5B購01,0,0,0,---,---,---, ---,,,3.81,1,3.88,10,
707395,譜瑞群益5B購01,0,0,0,---,---,---, ---,,,2.32,10,0.00,0,
707396,千附精元大5A購01,0,0,0,---,---,---, ---,,,0.00,0,0.00,0,
707397,天品元大61購01,"1,424,000",11,"581,090",0.40,0.45,0.39,0.45,+,0.03,0.43,499,0.44,10,
707398,東捷元大5A購02,0,0,0,---,---,---, ---,,,1.74,400,1.84,10,
707399,勤凱元大5A購03,"1,000",1,"1,160",1.16,1.16,1.16,1.16,-,0.08,0.99,25,1.09,10,
707400,群翊元大5A購02,0,0,0,---,---,---, ---,,,1.54,25,0.00,0,
707401,頎邦元大5B購01,0,0,0,---,---,---, ---,,,3.05,250,0.00,0,
707402,頎邦元大5C購02,"12,000",1,"38,640",3.22,3.22,3.22,3.22,+,0.1,3.08,250,3.18,10,
707403,廣閎科元大5A購02,0,0,0,---,---,---, ---,,,2.01,350,0.00,0,
707404,衛司特元大5A購01,0,0,0,---,---,---, ---,,,0.40,499,0.41,10,
707405,群翊國泰5B購02,"7,000",2,"15,050",2.15,2.15,2.15,2.15,-,0.12,2.19,10,2.23,10,
707406,久元統一64購02,"15,000",1,"8,700",0.58,0.58,0.58,0.58,-,0.07,0.61,10,0.63,10,
707407,巨漢統一74購02,"234,000",6,"203,980",0.87,0.88,0.87,0.87,-,0.04,0.88,100,0.89,10,
707408,安葆統一74購01,"1,000",1,470,0.47,0.47,0.47,0.47,-,0.01,0.46,100,0.47,10,
707409,均豪統一63購02,"892,000",13,"457,430",0.50,0.54,0.48,0.52,-,0.01,0.50,10,0.51,10,
707410,均豪統一74購01,"41,000",2,"20,480",0.48,0.50,0.48,0.50,-,0.01,0.49,10,0.50,10,
707411,宜特統一74購01,"70,000",3,"39,200",0.56,0.56,0.56,0.56,-,0.0,0.55,10,0.56,10,
707412,東捷統一63購02,0,0,0,---,---,---, ---,,,1.69,10,1.79,10,
707413,東捷統一74購02,"287,000",12,"331,250",1.17,1.17,1.13,1.13,-,0.13,1.13,10,1.14,10,
707414,前鼎統一74購01,"2,000",1,"1,320",0.66,0.66,0.66,0.66,-,0.03,0.64,10,0.65,10,
707415,宣德統一74購01,0,0,0,---,---,---, ---,,,0.39,10,0.40,10,
707416,順達統一64購02,"8,000",1,"6,320",0.79,0.79,0.79,0.79,-,0.02,0.81,10,0.83,10,
707417,萬泰科統一74購02,0,0,0,---,---,---, ---,,,0.86,10,0.87,10,
707418,群翊統一74購03,"21,000",1,"14,700",0.70,0.70,0.70,0.70,-,0.02,0.70,10,0.71,10,
707419,鈺太統一74購01,0,0,0,---,---,---, ---,,,0.49,10,0.50,10,
707420,宏觀富邦5C購01,0,0,0,---,---,---, ---,,,0.29,10,0.30,28,
707421,頎邦富邦5C購02,0,0,0,---,---,---, ---,,,2.38,10,2.42,10,
707422,頎邦富邦61購02,"16,000",5,"38,510",2.50,2.50,2.38,2.38,-,0.21,2.34,10,2.38,10,
707423,廣閎科富邦5B購01,"2,000",1,"3,240",1.62,1.62,1.62,1.62,-,0.17,1.64,10,1.74,10,
707424,環球晶兆豐5C購01,0,0,0,---,---,---, ---,,,0.00,0,0.00,0,
707425,譜瑞兆豐64購01,"4,000",1,"5,600",1.40,1.40,1.40,1.40,-,0.14,1.53,20,1.54,10,
707426,千附精永豐5B購01,"14,000",4,"43,880",3.21,3.21,2.77,2.77,-,0.45,2.60,1,2.77,10,
707427,大車隊永豐5B購01,0,0,0,---,---,---, ---,,,0.35,10,0.36,10,
707428,兆利永豐5A購01,"30,000",2,"3,900",0.13,0.13,0.13,0.13,+,0.01,0.12,10,0.22,10,
707429,沛亨永豐61購01,"300,000",2,"218,000",0.73,0.73,0.72,0.72,+,0.01,0.38,26,0.00,0,
707430,宜特永豐61購01,0,0,0,---,---,---, ---,,,0.50,10,0.51,10,
707431,朋億*永豐5B購01,"10,000",1,"34,900",3.49,3.49,3.49,3.49,+,0.24,3.23,10,3.33,10,
707433,華景電永豐5B購01,0,0,0,---,---,---, ---,,,0.62,10,0.63,10,
707434,陽程永豐5B購01,"20,000",1,"39,800",1.99,1.99,1.99,1.99,+,0.14,1.94,10,1.99,10,
707435,萬泰科永豐5C購02,0,0,0,---,---,---, ---,,,1.37,10,1.38,10,
707436,群翊永豐5C購01,0,0,0,---,---,---, ---,,,0.59,10,0.60,10,
707437,穩得永豐5C購01,0,0,0,---,---,---, ---,,,0.32,10,0.33,10,
707438,元太群益5A購01,0,0,0,---,---,---, ---,,,0.92,10,2.63,10,
707439,台星科群益61購01,0,0,0,---,---,---, ---,,,0.50,10,1.26,10,
707440,立碁群益5A購01,0,0,0,---,---,---, ---,,,0.10,499,0.20,10,
707441,宜特群益5C購01,0,0,0,---,---,---, ---,,,0.25,10,0.00,0,
707442,湧德群益61購02,"29,000",1,"11,890",0.41,0.41,0.41,0.41,-,0.04,0.40,25,0.41,10,
707443,勤凱群益5B購02,0,0,0,---,---,---, ---,,,0.35,27,0.84,10,
707444,新應材群益5A購02,"3,000",1,"1,770",0.59,0.59,0.59,0.59,+,0.04,0.51,499,0.61,10,
707445,群翊群益64購01,"4,000",1,"3,320",0.83,0.83,0.83,0.83,-,0.03,0.45,22,0.00,0,
707447,巨漢國泰5B購01,0,0,0,---,---,---, ---,,,0.94,499,0.95,100,
707448,正淩國泰5B購01,0,0,0,---,---,---, ---,,,0.85,100,0.00,0,
707449,立碁國泰5B購01,0,0,0,---,---,---, ---,,,0.59,499,0.60,100,
707450,陽程國泰5B購01,0,0,0,---,---,---, ---,,,3.17,499,0.00,0,
707451,順達國泰5B購01,0,0,0,---,---,---, ---,,,1.77,10,1.87,10,
707452,穩得國泰5B購02,"36,000",4,"15,840",0.44,0.44,0.44,0.44,-,0.04,0.43,499,0.44,100,
707453,千附統一64購01,"228,000",36,"343,540",1.47,1.62,1.31,1.31,-,0.18,1.31,5,1.41,10,
707454,千附精統一74購01,"211,000",6,"244,170",1.20,1.20,1.00,1.00,-,0.18,1.00,1,1.06,10,
707455,台星科統一74購01,"38,000",2,"30,020",0.77,0.81,0.77,0.81,+,0.01,0.79,10,0.80,10,
707456,巨漢統一64購01,"92,000",5,"50,360",0.52,0.56,0.52,0.56,-,0.01,0.52,10,0.53,10,
707457,巨漢統一67購01,"19,000",1,"9,120",0.48,0.48,0.48,0.48,-,0.01,0.48,10,0.49,10,
707458,正淩統一74購01,0,0,0,---,---,---, ---,,,0.52,10,0.53,10,
707459,立敦統一74購01,"5,000",1,"7,950",1.59,1.59,1.59,1.59,+,0.18,1.52,10,1.54,10,
707460,兆利統一64購02,0,0,0,---,---,---, ---,,,0.24,10,0.25,10,
707461,金山電統一74購01,"5,000",1,"14,550",2.91,2.91,2.91,2.91,-,0.3,0.00,0,2.91,10,
707462,信昌電統一64購02,0,0,0,---,---,---, ---,,,5.40,10,5.45,10,
707463,美琪瑪統一63購01,0,0,0,---,---,---, ---,,,0.66,10,0.67,10,
707464,美琪瑪統一64購02,0,0,0,---,---,---, ---,,,0.47,10,0.48,10,
707465,湧德統一64購01,"50,000",2,"16,990",0.33,0.34,0.33,0.34,-,0.01,0.33,10,0.34,10,
707466,湧德統一64購02,"424,000",6,"133,930",0.31,0.32,0.31,0.32,-,0.01,0.31,10,0.32,10,
707467,陽程統一66購01,"1,156,000",21,"1,274,430",1.05,1.24,1.05,1.19,+,0.11,1.19,10,1.20,10,
707468,陽程統一74購02,"161,000",6,"145,780",0.88,0.91,0.88,0.91,+,0.06,0.90,10,0.92,10,
707469,陽程統一74購03,"252,000",15,"275,390",1.02,1.13,1.02,1.12,+,0.06,1.11,91,1.12,10,
707470,順達統一74購01,"2,000",1,"1,600",0.80,0.80,0.80,0.80,+,0.01,0.80,10,0.81,10,
707471,新應材統一67購01,"460,000",5,"223,810",0.48,0.50,0.48,0.48,-,0.0,0.47,10,0.48,10,
707472,聖暉*統一63購01,0,0,0,---,---,---, ---,,,2.11,10,2.17,10,
707473,鉅橡統一64購03,0,0,0,---,---,---, ---,,,0.44,10,0.45,10,
707474,蜜望實統一74購01,"78,000",10,"92,770",1.23,1.24,1.11,1.11,-,0.06,1.11,10,1.16,10,
707475,天品凱基61購01,"10,000",1,"6,200",0.62,0.62,0.62,0.62,-,0.01,0.66,10,0.67,10,
707476,台星科凱基5A購02,0,0,0,---,---,---, ---,,,0.97,10,1.07,10,
707477,立敦凱基5A購02,0,0,0,---,---,---, ---,,,10.00,10,11.00,10,
707478,立碁凱基5A購01,0,0,0,---,---,---, ---,,,0.23,10,0.24,10,
707479,宜特凱基5A購01,"10,000",1,"5,000",0.50,0.50,0.50,0.50,-,0.04,0.50,10,0.51,10,
707480,美琪瑪凱基5A購02,0,0,0,---,---,---, ---,,,0.50,10,0.51,10,
707481,湧德凱基5B購02,0,0,0,---,---,---, ---,,,0.32,100,0.33,10,
707482,順達凱基5C購01,"195,000",4,"527,400",2.61,2.87,2.61,2.78,+,0.04,2.67,10,2.77,10,
707483,勤凱凱基5A購01,"26,000",2,"19,040",0.74,0.74,0.73,0.73,-,0.18,0.72,10,0.73,10,
707484,萬泰科凱基5A購01,"15,000",1,"8,250",0.55,0.55,0.55,0.55,-,0.06,0.55,11,0.57,10,
707485,群翊凱基61購01,"340,000",12,"259,400",0.71,0.79,0.71,0.77,-,0.01,0.33,30,0.00,0,
707487,巨漢元大5A購01,"338,000",11,"370,110",1.16,1.16,1.07,1.10,-,0.2,1.13,499,1.14,10,
707488,巨漢元大5A購02,"1,005,000",19,"1,323,490",1.33,1.40,1.27,1.34,-,0.11,1.32,499,1.33,10,
707489,巨漢元大5A購03,"448,000",12,"366,670",0.85,0.90,0.79,0.90,-,0.03,0.84,499,0.85,10,
707490,巨漢元大5A購04,"559,000",8,"207,330",0.38,0.38,0.36,0.37,-,0.07,0.38,499,0.39,10,
707491,均豪元大5A購02,0,0,0,---,---,---, ---,,,0.24,499,0.34,10,
707492,均豪元大5C購01,"10,000",1,"3,000",0.30,0.30,0.30,0.30,-,0.02,0.30,489,0.40,10,
707493,宏觀元大61購01,"44,000",2,"5,920",0.13,0.15,0.13,0.15,-,0.0,0.14,499,0.15,10,
707494,沛亨元大5A購01,"50,000",1,"82,500",1.65,1.65,1.65,1.65,-,0.07,1.55,450,1.59,10,
707495,沛亨元大5A購02,0,0,0,---,---,---, ---,,,0.83,499,0.93,10,
707496,沛亨元大5A購03,0,0,0,---,---,---, ---,,,0.64,499,0.74,10,
707497,沛亨元大5A購04,0,0,0,---,---,---, ---,,,0.34,499,0.44,10,
707498,矽科元大5A購01,"5,000",1,"1,950",0.39,0.39,0.39,0.39,+,0.05,0.02,499,0.77,10,
707499,矽科元大61購01,0,0,0,---,---,---, ---,,,0.16,62,0.48,5,
707500,美琪瑪元大5A購02,"1,000",1,600,0.60,0.60,0.60,0.60,-,0.0,0.58,5,0.65,10,
707501,健亞元大5A購01,0,0,0,---,---,---, ---,,,0.24,499,0.00,0,
707503,華景電元大5A購04,"5,000",1,"6,800",1.36,1.36,1.36,1.36,-,0.14,1.39,499,1.40,10,
707504,新應材元大5A購04,"345,000",15,"401,760",1.13,1.25,1.10,1.20,+,0.01,1.13,25,1.15,10,
707505,新應材元大5A購05,"16,000",3,"19,090",1.21,1.21,1.15,1.15,+,0.09,1.03,25,1.13,10,
707506,新應材元大5C購01,"3,000",1,"3,120",1.04,1.04,1.04,1.04,+,0.05,0.95,25,1.05,10,
707507,新應材元大61購04,"129,000",2,"90,300",0.70,0.70,0.70,0.70,+,0.04,0.67,25,0.77,10,
707508,群翊元大5A購06,"115,000",3,"23,250",0.20,0.23,0.20,0.21,-,0.02,0.20,25,0.21,10,
707509,巨漢國票5A購01,"1,746,000",20,"1,328,710",0.72,0.80,0.69,0.80,-,0.05,0.74,25,0.75,10,
707510,巨漢國票5B購01,0,0,0,---,---,---, ---,,,0.76,25,0.77,10,
707511,沛亨國票5B購02,0,0,0,---,---,---, ---,,,0.49,25,0.57,10,
707512,東捷國票5A購02,"1,000",1,"3,150",3.15,3.15,3.15,3.15,-,0.37,3.15,25,3.20,10,
707513,矽科國票5B購03,"22,000",2,"11,160",0.50,0.58,0.50,0.58,+,0.03,0.56,25,0.58,10,
707514,萬泰科國票5B購01,"30,000",1,"54,300",1.81,1.81,1.81,1.81,-,0.12,1.75,25,1.76,10,
707515,榮田國票5A購01,"6,000",3,"3,460",0.56,0.62,0.56,0.62,-,0.0,0.58,25,0.60,10,
707516,久元富邦61購01,0,0,0,---,---,---, ---,,,1.31,10,1.32,28,
707517,宏捷科富邦5C購02,"229,000",4,"88,910",0.39,0.39,0.37,0.37,-,0.06,0.37,10,0.38,28,
707518,宏捷科富邦61購01,0,0,0,---,---,---, ---,,,0.34,10,0.35,28,
707519,家登富邦5C購01,0,0,0,---,---,---, ---,,,1.64,10,1.69,10,
707520,湧德富邦5C購01,0,0,0,---,---,---, ---,,,0.17,12,0.27,28,
707521,新應材富邦61購02,0,0,0,---,---,---, ---,,,0.44,10,0.49,28,
707522,萬泰科富邦5B購01,"5,000",2,"3,820",0.76,0.77,0.76,0.77,-,0.06,0.76,10,0.77,28,
707523,雙鴻富邦5C購07,0,0,0,---,---,---, ---,,,0.64,10,0.65,28,
707524,雙鴻富邦5C購08,"10,000",1,"4,800",0.48,0.48,0.48,0.48,-,0.02,0.50,10,0.51,28,
707525,譜瑞富邦5C購02,0,0,0,---,---,---, ---,,,1.18,10,0.00,0,
707526,千附精凱基5A購01,"23,000",5,"99,890",4.65,4.65,3.70,3.78,-,1.0,3.00,5,3.55,10,
707527,元太凱基61購01,"25,000",3,"44,100",1.78,1.78,1.74,1.78,-,0.19,1.77,100,1.80,10,
707528,均豪凱基5A購01,"229,000",6,"113,270",0.49,0.51,0.49,0.51,-,0.01,0.48,100,0.50,10,
707529,宏觀凱基61購01,"10,000",1,"4,000",0.40,0.40,0.40,0.40,-,0.01,0.40,10,0.41,10,
707530,宜特凱基5A購02,"14,000",2,"3,300",0.25,0.25,0.23,0.23,-,0.03,0.23,10,0.24,30,
707531,前鼎凱基5B購02,"26,000",2,"34,840",1.34,1.34,1.34,1.34,-,0.11,1.30,10,1.40,10,
707532,健亞凱基5A購02,0,0,0,---,---,---, ---,,,0.20,10,0.21,10,
707533,華景電凱基5A購03,0,0,0,---,---,---, ---,,,0.81,10,0.82,10,
707534,陽程凱基63購01,"49,000",14,"124,170",2.49,2.61,2.49,2.51,+,0.15,2.49,100,2.51,10,
707535,新應材凱基61購02,"1,443,000",115,"1,039,850",0.69,0.77,0.68,0.70,-,0.02,0.68,100,0.70,10,
707536,萬泰科凱基5B購01,"46,000",2,"104,900",2.28,2.29,2.28,2.29,-,0.05,2.31,10,2.32,10,
707537,新應材兆豐5C購01,"18,000",3,"17,010",1.03,1.03,0.52,0.52,-,0.01,0.51,20,0.52,7,
707538,弘塑國票5B購01,"6,000",2,"3,390",0.56,0.57,0.56,0.57,-,0.02,0.59,25,0.60,10,
707539,宜特國票5B購02,"25,000",1,"7,750",0.31,0.31,0.31,0.31,-,0.0,0.31,25,0.32,10,
707541,前鼎國票5B購03,"1,000",1,660,0.66,0.66,0.66,0.66,-,0.07,0.60,25,0.64,10,
707542,陽程國票5A購01,"222,000",9,"518,550",2.14,2.68,2.08,2.65,+,0.18,2.61,25,2.65,10,
707543,新應材國票5A購04,0,0,0,---,---,---, ---,,,0.00,0,1.75,5,
707544,弘塑永豐5B購03,"165,000",4,"65,590",0.39,0.43,0.39,0.40,+,0.01,0.39,10,0.41,10,
707545,弘塑永豐5C購04,"211,000",12,"86,330",0.40,0.42,0.37,0.40,+,0.01,0.40,10,0.41,10,
707546,弘塑永豐61購02,"241,000",3,"241,650",0.99,1.03,0.96,1.03,+,0.11,0.98,10,0.99,10,
707547,弘塑永豐64購01,"132,000",4,"85,680",0.65,0.68,0.60,0.67,+,0.03,0.65,10,0.66,10,
707548,新應材永豐5B購02,"17,000",3,"12,740",0.72,0.76,0.72,0.75,+,0.11,0.59,10,0.69,10,
707549,新應材永豐5B購03,"50,000",5,"22,500",0.45,0.45,0.45,0.45,-,0.0,0.35,10,0.45,10,
707550,新應材永豐64購01,0,0,0,---,---,---, ---,,,0.60,5,0.67,10,
707551,精材永豐5C購01,0,0,0,---,---,---, ---,,,7.35,499,0.00,0,
707552,台星科台新5A購01,"5,000",3,"5,050",0.94,1.14,0.94,1.14,+,0.03,1.09,25,1.14,10,
707553,弘塑台新5A購01,0,0,0,---,---,---, ---,,,0.83,25,0.93,10,
707554,弘塑台新5A購02,"71,000",4,"49,160",0.65,0.76,0.65,0.72,+,0.05,0.69,25,0.70,4,
707555,安葆台新5A購01,0,0,0,---,---,---, ---,,,0.11,25,0.21,10,
707556,前鼎台新5A購01,"54,000",8,"51,510",0.97,1.00,0.93,0.97,-,0.11,0.97,24,0.98,10,
707557,威聯通台新5A購01,"7,000",1,"5,110",0.73,0.73,0.73,0.73,-,0.0,0.72,25,0.76,10,
707558,新應材台新5A購01,0,0,0,---,---,---, ---,,,1.22,25,1.32,10,
707559,新應材台新5A購02,"250,000",3,"295,700",1.19,1.19,1.13,1.13,-,0.82,1.10,25,1.11,10,
707560,群翊台新5A購01,"200,000",1,"230,000",1.15,1.15,1.15,1.15,-,0.04,1.12,25,1.22,10,
707561,群翊台新5A購02,0,0,0,---,---,---, ---,,,0.51,25,0.52,10,
707562,力致群益5B購01,0,0,0,---,---,---, ---,,,0.19,52,0.00,0,
707563,千附精群益5A購01,"20,000",3,"86,870",4.66,4.66,4.00,4.03,-,0.64,2.91,33,3.74,10,
707564,弘塑群益5A購04,0,0,0,---,---,---, ---,,,0.83,499,0.93,10,
707565,弘塑群益5C購01,"90,000",1,"99,000",1.10,1.10,1.10,1.10,+,0.1,0.49,20,0.00,0,
707566,萬泰科群益5A購02,"313,000",3,"363,660",1.16,1.22,1.16,1.17,-,0.16,1.16,10,1.26,10,
707567,鑫聯群益5C購01,0,0,0,---,---,---, ---,,,0.00,0,0.00,0,
707568,弘塑國泰61購01,"8,000",1,"10,560",1.32,1.32,1.32,1.32,+,0.07,1.28,499,1.31,100,
707569,弘塑國泰61購02,"144,000",4,"152,540",1.04,1.11,1.02,1.09,+,0.02,1.05,499,1.08,100,
707570,環球晶國泰5B購01,0,0,0,---,---,---, ---,,,15.50,10,16.10,10,
707571,環球晶國泰5B購02,0,0,0,---,---,---, ---,,,17.20,10,17.80,10,
707572,弘塑富邦5C購02,"2,285,000",42,"1,910,300",0.80,0.89,0.75,0.84,+,0.04,0.85,10,0.86,28,
707573,弘塑富邦64購01,"767,000",16,"440,690",0.56,0.60,0.54,0.57,+,0.02,0.55,20,0.84,5,
707574,前鼎富邦5C購01,"296,000",10,"197,290",0.68,0.69,0.65,0.65,-,0.08,0.65,10,0.66,28,
707575,力致統一74購01,"14,000",1,"6,440",0.46,0.46,0.46,0.46,-,0.01,0.45,10,0.46,10,
707576,中美晶統一64購01,"35,000",4,"108,150",3.11,3.11,3.07,3.07,-,0.33,2.94,10,2.95,10,
707577,元太統一64購01,"340,000",14,"357,480",1.02,1.08,1.02,1.03,-,0.08,1.01,10,1.02,10,
707578,元太統一74購01,"143,000",12,"182,150",1.27,1.29,1.25,1.26,-,0.06,1.25,15,1.26,10,
707579,弘塑統一62購02,"21,000",3,"11,780",0.56,0.58,0.56,0.58,+,0.03,0.52,10,0.57,20,
707580,弘塑統一64購01,"643,000",15,"395,140",0.62,0.64,0.59,0.63,+,0.02,0.62,10,0.63,10,
707581,弘塑統一64購02,0,0,0,---,---,---, ---,,,0.51,10,0.61,10,
707582,弘塑統一64購03,"462,000",9,"319,400",0.66,0.71,0.66,0.69,-,0.01,0.39,25,0.00,0,
707583,立敦統一64購01,"1,000",1,"2,350",2.35,2.35,2.35,2.35,+,0.4,2.14,10,2.24,10,
707584,兆利統一74購01,0,0,0,---,---,---, ---,,,0.33,10,0.34,10,
707585,宜特統一63購01,"55,000",1,"18,150",0.33,0.33,0.33,0.33,-,0.0,0.33,1,0.40,10,
707586,宜特統一64購01,0,0,0,---,---,---, ---,,,0.44,10,0.45,10,
707587,金山電統一63購01,0,0,0,---,---,---, ---,,,0.00,0,0.00,0,
707588,金山電統一64購02,0,0,0,---,---,---, ---,,,0.00,0,0.00,0,
707589,前鼎統一63購02,"12,000",2,"7,340",0.63,0.63,0.61,0.61,-,0.05,0.62,10,0.00,0,
707590,美琪瑪統一74購01,0,0,0,---,---,---, ---,,,0.54,10,0.55,10,
707591,陽程統一63購01,0,0,0,---,---,---, ---,,,1.50,10,1.60,10,
707592,陽程統一64購03,"444,000",16,"563,860",1.22,1.42,1.20,1.40,+,0.05,1.37,10,1.38,10,
707593,意德士統一62購01,"4,000",1,"1,920",0.48,0.48,0.48,0.48,-,0.01,0.47,10,0.48,10,
707594,意德士統一64購01,0,0,0,---,---,---, ---,,,0.62,10,0.64,10,
707595,意德士統一74購01,0,0,0,---,---,---, ---,,,0.57,10,0.59,10,
707596,臺慶科統一64購01,"33,000",2,"49,910",1.52,1.52,1.47,1.47,-,0.07,1.39,10,1.40,10,
707597,蜜望實統一63購02,"43,000",8,"114,240",2.55,2.71,2.47,2.60,+,0.13,2.40,2,2.49,10,
707598,蜜望實統一64購01,"14,000",3,"29,860",2.14,2.14,2.04,2.04,-,0.03,1.89,10,1.99,10,
707599,蜜望實統一74購02,0,0,0,---,---,---, ---,,,1.33,76,1.34,10,
707600,環球晶統一63購03,"13,000",2,"72,050",5.60,5.60,5.35,5.35,-,0.65,5.30,13,5.35,7,
707601,弘塑元大5A購02,0,0,0,---,---,---, ---,,,0.80,499,0.90,10,
707602,弘塑元大61購01,"5,000",2,"4,230",0.84,0.87,0.84,0.87,+,0.02,0.78,499,0.88,10,
707603,立碁元大5C購01,0,0,0,---,---,---, ---,,,0.13,499,0.14,10,
707604,宜特元大5A購02,0,0,0,---,---,---, ---,,,0.49,499,0.59,10,
707605,宜特元大5C購02,0,0,0,---,---,---, ---,,,0.47,499,0.57,10,
707606,前鼎元大5A購03,0,0,0,---,---,---, ---,,,0.57,25,0.67,10,
707607,前鼎元大5B購01,0,0,0,---,---,---, ---,,,1.69,400,1.71,10,
707608,前鼎元大5C購02,0,0,0,---,---,---, ---,,,1.08,499,1.18,10,
707609,前鼎元大61購01,0,0,0,---,---,---, ---,,,0.63,25,0.73,10,
707610,勤凱元大5A購04,0,0,0,---,---,---, ---,,,0.78,25,0.88,10,
707611,勤凱元大5A購05,"10,000",1,"6,800",0.68,0.68,0.68,0.68,-,0.03,0.64,25,0.65,10,
707612,勤凱元大5A購06,0,0,0,---,---,---, ---,,,1.38,499,1.40,10,
707613,雙鴻元大5A購07,0,0,0,---,---,---, ---,,,0.50,25,0.51,10,
707614,雙鴻元大61購13,"540,000",6,"306,200",0.56,0.58,0.56,0.57,+,0.03,0.57,25,0.58,10,
707615,穩得元大5A購02,0,0,0,---,---,---, ---,,,0.13,499,0.23,10,
707616,鑫聯元大5A購02,"127,000",5,"97,990",0.71,0.81,0.71,0.81,-,0.06,0.78,10,0.79,10,
707617,九豪永豐5C購01,"46,000",6,"99,990",2.17,2.89,2.14,2.89,-,0.0,0.00,0,2.06,10,
707618,天品永豐5B購01,"130,000",5,"59,980",0.45,0.49,0.45,0.49,+,0.01,0.48,499,0.49,10,
707619,立敦永豐5A購01,"50,000",7,"173,160",3.19,3.71,3.19,3.71,+,0.74,3.45,10,3.51,10,
707620,宜特永豐5B購02,0,0,0,---,---,---, ---,,,0.29,10,0.30,10,
707621,美琪瑪永豐5C購01,0,0,0,---,---,---, ---,,,0.61,499,0.62,10,
707622,鈊象永豐5C購01,0,0,0,---,---,---, ---,,,0.63,10,0.65,10,
707623,精材永豐61購01,0,0,0,---,---,---, ---,,,8.90,10,9.50,1,
707624,蜜望實永豐5C購01,"47,000",12,"140,350",2.98,3.04,2.74,2.74,-,0.06,0.00,0,0.00,0,
707625,環球晶永豐5C購02,0,0,0,---,---,---, ---,,,9.30,10,0.00,0,
707626,九豪凱基5A購03,0,0,0,---,---,---, ---,,,3.01,10,3.08,10,
707627,力致凱基5B購01,0,0,0,---,---,---, ---,,,0.39,10,0.40,10,
707628,宏捷科凱基5B購01,"42,000",3,"46,560",1.15,1.15,1.09,1.15,-,0.12,1.07,100,1.09,10,
707629,長科*凱基5A購01,0,0,0,---,---,---, ---,,,2.86,3,0.00,0,
707631,群翊凱基5A購01,"10,000",1,"2,600",0.26,0.26,0.26,0.26,-,0.0,0.23,10,0.24,30,
707632,精材凱基5A購03,"101,000",4,"1,467,000",15.00,15.00,14.50,14.50,-,0.9,14.70,20,15.70,10,
707633,蜜望實凱基5A購01,"19,000",6,"83,700",4.23,4.58,3.97,4.58,+,0.53,3.91,10,4.01,10,
707634,環球晶凱基5B購01,0,0,0,---,---,---, ---,,,19.00,10,20.00,10,
707635,穩得凱基5A購01,0,0,0,---,---,---, ---,,,0.19,10,0.20,10,
707636,九豪台新5A購01,0,0,0,---,---,---, ---,,,3.37,25,3.47,10,
707637,九豪台新5A購02,0,0,0,---,---,---, ---,,,2.56,25,2.66,10,
707638,九豪台新5A購03,"1,000",1,"1,980",1.98,1.98,1.98,1.98,-,0.25,1.88,25,1.98,9,
707639,中美晶台新5A購01,0,0,0,---,---,---, ---,,,9.45,25,9.60,10,
707640,中美晶台新5B購01,"10,000",2,"97,500",9.75,9.75,9.75,9.75,-,0.85,9.30,25,9.45,10,
707641,宜特台新5B購01,0,0,0,---,---,---, ---,,,0.58,25,0.68,10,
707642,宜特台新61購01,0,0,0,---,---,---, ---,,,0.72,25,0.73,10,
707643,茂迪台新5A購01,"432,000",8,"219,700",0.52,0.52,0.50,0.50,-,0.01,0.50,25,0.51,10,
707644,博磊台新5A購01,0,0,0,---,---,---, ---,,,2.07,25,2.12,10,
707645,博磊台新5A購02,"8,000",1,"18,640",2.33,2.33,2.33,2.33,-,0.1,2.19,25,2.29,10,
707646,博磊台新5A購03,0,0,0,---,---,---, ---,,,1.79,25,1.84,10,
707647,環球晶台新5A購01,0,0,0,---,---,---, ---,,,34.80,25,35.80,10,
707648,環球晶台新5A購02,0,0,0,---,---,---, ---,,,30.70,25,31.70,10,
707649,譜瑞台新5A購01,0,0,0,---,---,---, ---,,,2.38,25,0.00,0,
707650,聖暉*兆豐5C購01,"107,000",5,"295,470",2.65,2.82,2.65,2.79,+,0.5,2.68,10,2.69,10,
707651,九豪元大5A購02,"2,000",1,"4,740",2.37,2.37,2.37,2.37,-,0.03,2.15,300,2.25,10,
707652,九豪元大5A購03,0,0,0,---,---,---, ---,,,1.92,350,2.02,10,
707653,力致元大5A購01,0,0,0,---,---,---, ---,,,0.46,25,0.47,10,
707654,安葆元大5A購01,0,0,0,---,---,---, ---,,,0.07,499,0.17,10,
707655,系統電元大5A購02,0,0,0,---,---,---, ---,,,1.07,25,1.17,10,
707656,宜特元大5A購03,0,0,0,---,---,---, ---,,,0.98,499,1.08,10,
707657,宜特元大5B購01,0,0,0,---,---,---, ---,,,0.87,499,0.97,10,
707658,宜特元大5C購03,0,0,0,---,---,---, ---,,,0.84,499,0.94,10,
707659,宜特元大61購01,0,0,0,---,---,---, ---,,,0.78,5,0.86,10,
707660,宜特元大63購02,0,0,0,---,---,---, ---,,,0.60,25,0.63,10,
707661,朋億*元大5A購01,"118,000",22,"418,190",3.53,3.71,3.27,3.48,-,0.12,3.32,200,3.42,10,
707664,博磊元大5A購02,0,0,0,---,---,---, ---,,,1.08,25,1.18,10,
707665,意德士元大5A購01,0,0,0,---,---,---, ---,,,0.43,499,0.46,10,
707666,新盛力元大5A購02,"4,000",1,"11,040",2.76,2.76,2.76,2.76,-,0.29,2.80,25,2.90,10,
707667,鉅橡元大5A購01,0,0,0,---,---,---, ---,,,0.32,499,0.33,10,
707668,蜜望實元大5A購01,0,0,0,---,---,---, ---,,,3.78,25,3.88,10,
707669,蜜望實元大5A購02,"285,000",29,"738,100",2.63,2.63,2.44,2.44,+,0.13,2.34,25,2.44,5,
707670,九豪群益5A購03,"10,000",1,"19,800",1.98,1.98,1.98,1.98,+,0.03,1.83,10,1.93,10,
707671,元太群益5A購02,0,0,0,---,---,---, ---,,,0.00,0,0.00,0,
707672,美琪瑪群益5A購02,"2,000",1,"2,380",1.19,1.19,1.19,1.19,+,0.04,1.08,10,1.18,10,
707673,蜜望實群益5A購01,0,0,0,---,---,---, ---,,,3.85,100,3.95,10,
707674,優群群益5A購01,"20,000",1,"12,400",0.62,0.62,0.62,0.62,-,0.09,0.60,10,0.65,20,
707676,加高國票5B購01,"197,000",17,"275,520",1.34,1.45,1.28,1.34,+,0.21,1.31,25,1.33,10,
707677,艾訊國票5B購01,"143,000",7,"215,890",1.50,1.63,1.48,1.61,+,0.07,1.55,25,1.58,10,
707678,均豪國票5A購02,"138,000",4,"54,510",0.39,0.45,0.37,0.45,+,0.03,0.42,25,0.43,10,
707679,宜特國票5B購03,0,0,0,---,---,---, ---,,,0.29,25,0.30,10,
707680,博磊國票5B購01,0,0,0,---,---,---, ---,,,1.12,5,1.50,100,
707681,漢達國票5B購01,"141,000",14,"138,060",0.95,1.06,0.91,0.97,+,0.07,0.97,40,0.98,10,
707682,蜜望實國票5A購02,0,0,0,---,---,---, ---,,,4.16,25,4.26,10,
707683,九豪富邦5C購01,"1,000",1,"1,190",1.19,1.19,1.19,1.19,-,0.08,1.19,10,1.23,10,
707684,宜特富邦61購01,"94,000",6,"26,730",0.29,0.29,0.28,0.29,-,0.01,0.29,10,0.30,28,
707685,九豪統一64購01,0,0,0,---,---,---, ---,,,1.07,10,1.11,10,
707686,九豪統一64購02,0,0,0,---,---,---, ---,,,0.86,10,0.96,10,
707687,九豪統一74購01,"143,000",11,"142,360",1.00,1.01,0.96,0.96,-,0.04,0.95,10,0.96,10,
707688,千附統一74購01,"261,000",16,"478,370",1.80,1.90,1.76,1.89,+,0.29,1.65,10,1.66,10,
707689,千附精統一74購02,"92,000",12,"152,390",1.78,1.78,1.46,1.46,-,0.32,1.46,25,1.52,10,
707690,台星科統一74購02,0,0,0,---,---,---, ---,,,0.50,100,0.51,10,
707691,兆利統一74購02,0,0,0,---,---,---, ---,,,0.40,10,0.41,10,
707692,兆利統一74購03,0,0,0,---,---,---, ---,,,0.52,10,0.53,10,
707693,宏觀統一74購01,0,0,0,---,---,---, ---,,,0.35,100,0.36,10,
707694,系統電統一64購02,0,0,0,---,---,---, ---,,,0.57,10,0.58,10,
707695,宜特統一64購02,0,0,0,---,---,---, ---,,,0.45,10,0.46,10,
707696,宜特統一65購02,"3,000",1,"1,050",0.35,0.35,0.35,0.35,-,0.0,0.34,10,0.35,10,
707697,宜特統一74購02,"60,000",3,"35,100",0.59,0.59,0.58,0.59,-,0.01,0.60,10,0.61,10,
707698,茂迪統一67購02,0,0,0,---,---,---, ---,,,0.53,10,0.54,10,
707699,意德士統一65購01,0,0,0,---,---,---, ---,,,0.45,10,0.46,10,
707700,意德士統一74購02,0,0,0,---,---,---, ---,,,1.00,10,1.01,10,
707701,萬泰科統一74購03,"2,000",1,"1,820",0.91,0.91,0.91,0.91,+,0.02,0.90,10,0.91,10,
707702,臺慶科統一66購01,0,0,0,---,---,---, ---,,,1.18,6,1.23,10,
707703,優群統一66購01,0,0,0,---,---,---, ---,,,0.55,10,0.56,10,
707704,環球晶統一64購03,"1,000",1,"4,900",4.90,4.90,4.90,4.90,-,0.2,4.41,10,4.42,10,
707705,環球晶統一74購01,"254,000",42,"871,420",3.55,3.75,3.30,3.30,-,0.58,3.30,91,0.00,0,
707706,力致台新5A購01,0,0,0,---,---,---, ---,,,0.38,25,0.48,10,
707707,力致台新5A購02,0,0,0,---,---,---, ---,,,0.35,25,0.36,10,
707708,久元台新5A購01,0,0,0,---,---,---, ---,,,0.74,25,0.78,1,
707709,美琪瑪台新5A購01,0,0,0,---,---,---, ---,,,0.61,25,0.62,10,
707710,千附精國票5B購02,"411,000",24,"433,250",1.37,1.38,0.95,0.96,-,0.5,0.96,59,1.12,10,
707711,千附精國票5B購03,"96,000",16,"179,020",2.11,2.11,1.43,1.69,-,0.65,1.45,1,1.69,9,
707712,方土昶國票5B購01,"104,000",8,"131,080",1.33,1.33,1.23,1.24,-,0.18,1.24,25,1.25,10,
707713,立碁國票5B購01,0,0,0,---,---,---, ---,,,0.24,25,0.25,10,
707714,邑昇國票5B購01,"44,000",13,"7,890",0.22,0.29,0.15,0.16,+,0.01,0.15,35,0.25,10,
707715,欣銓國票5B購02,"21,000",3,"36,720",1.42,1.78,1.42,1.78,+,0.29,1.67,25,1.71,10,
707716,信紘科國票5A購01,0,0,0,---,---,---, ---,,,0.67,25,0.70,10,
707717,信紘科國票5B購01,"15,000",1,"9,450",0.63,0.63,0.63,0.63,+,0.03,0.59,25,0.61,10,
707718,家登國票5A購01,"85,000",11,"187,100",2.23,2.61,1.98,2.61,-,0.07,2.31,25,2.34,10,
707719,能率亞國票5B購01,0,0,0,---,---,---, ---,,,2.13,25,2.23,10,
707720,華容國票5B購01,0,0,0,---,---,---, ---,,,7.20,25,7.70,10,
707721,群聯國票5B購01,"741,000",28,"1,270,830",1.68,1.73,1.65,1.66,-,0.35,1.66,25,1.68,10,
707722,蜜望實國票5B購01,0,0,0,---,---,---, ---,,,2.41,1,0.00,0,
707723,穩得國票5A購02,0,0,0,---,---,---, ---,,,0.30,25,0.31,10,
707724,千附精元大5A購02,"24,000",5,"57,230",2.79,2.79,1.93,2.35,-,0.81,2.01,33,2.35,10,
707725,千附精元大5A購03,"144,000",9,"456,120",3.23,3.23,2.16,2.16,-,1.28,2.15,66,2.59,10,
707726,千附精元大5A購04,"6,000",4,"10,540",1.83,1.83,1.72,1.73,-,0.24,0.94,99,1.45,10,
707727,千附精元大5A購05,"11,000",2,"31,840",2.96,2.96,2.60,2.60,-,0.7,2.20,100,2.52,10,
707728,千附精元大5A購06,0,0,0,---,---,---, ---,,,0.00,0,2.34,10,
707729,欣銓元大5A購02,"87,000",13,"194,090",2.01,2.40,1.94,2.26,+,0.18,2.30,25,2.40,10,
707730,欣銓元大63購03,0,0,0,---,---,---, ---,,,1.86,25,1.96,10,
707731,美琪瑪元大5A購03,"10,000",1,"4,700",0.47,0.47,0.47,0.47,+,0.01,0.34,499,0.44,10,
707732,華容元大5A購01,0,0,0,---,---,---, ---,,,9.75,100,0.00,0,
707733,群翊元大5A購07,"188,000",7,"147,110",0.82,0.82,0.76,0.82,-,0.03,0.79,27,0.80,10,
707734,群聯元大5A購01,"21,000",6,"41,910",2.14,2.14,1.56,1.99,-,0.15,1.72,3,2.13,5,
707735,群聯元大5A購02,"425,000",60,"430,610",1.15,1.15,0.95,1.02,-,0.19,1.00,5,1.03,10,
707736,鈺太元大61購01,"351,000",2,"171,990",0.49,0.49,0.49,0.49,-,0.01,0.47,499,0.48,10,
707737,蜜望實元大5A購03,0,0,0,---,---,---, ---,,,4.92,150,0.00,0,
707738,蜜望實元大5A購04,0,0,0,---,---,---, ---,,,1.96,25,0.00,0,
707739,蜜望實元大5A購05,0,0,0,---,---,---, ---,,,2.15,25,2.77,3,
707740,千附精凱基5A購02,0,0,0,---,---,---, ---,,,2.18,66,0.00,0,
707741,方土昶凱基5A購01,"5,000",1,"11,450",2.29,2.29,2.29,2.29,-,0.24,2.10,100,2.12,10,
707742,欣銓凱基5A購01,"42,000",8,"126,560",2.78,3.15,2.78,3.08,+,0.51,3.03,10,3.13,10,
707743,欣銓凱基5A購02,"44,000",15,"130,800",2.73,3.05,2.73,3.05,+,0.39,3.20,10,3.25,10,
707744,信紘科凱基5A購02,"7,000",1,"4,760",0.68,0.68,0.68,0.68,-,0.0,0.72,10,0.73,7,
707745,華容凱基5A購01,0,0,0,---,---,---, ---,,,11.20,10,0.00,0,
707746,萬泰科凱基5A購02,"163,000",7,"337,020",2.06,2.21,2.00,2.10,-,0.32,2.09,10,2.11,10,
707747,群聯凱基5A購01,0,0,0,---,---,---, ---,,,2.59,2,4.10,59,
707748,群聯凱基5A購02,0,0,0,---,---,---, ---,,,2.03,2,0.00,0,
707749,蜜望實凱基5A購02,"1,000",1,"5,500",5.50,5.50,5.50,5.50,+,0.05,0.00,0,5.10,1,
707750,千附精永豐5C購01,"180,000",9,"178,140",1.32,1.32,0.82,0.82,-,0.5,0.86,98,1.08,10,
707751,方土昶永豐5A購01,"2,000",1,"3,980",1.99,1.99,1.99,1.99,-,0.15,1.90,10,1.96,10,
707752,世禾永豐5B購01,"971,000",44,"1,045,220",1.01,1.20,0.86,0.86,-,0.14,0.86,10,0.87,10,
707753,立碁永豐61購01,0,0,0,---,---,---, ---,,,0.15,10,0.16,10,
707754,欣銓永豐5A購01,"87,000",5,"156,670",1.78,1.99,1.78,1.99,+,0.33,0.87,10,2.56,1,
707755,欣銓永豐5C購01,"437,000",27,"843,510",1.76,2.20,1.69,2.07,+,0.26,1.47,34,0.00,0,
707756,新盛力永豐5A購01,0,0,0,---,---,---, ---,,,0.00,0,0.00,0,
707757,群聯永豐61購01,"934,000",45,"854,470",1.00,1.00,0.89,0.92,-,0.12,0.90,39,0.92,7,
707758,群聯永豐64購01,"1,432,000",58,"1,545,480",1.16,1.16,1.06,1.07,-,0.15,1.07,56,1.08,10,
707759,蜜望實永豐61購01,"81,000",15,"130,060",1.65,1.75,1.49,1.49,-,0.09,1.14,8,1.79,10,
707760,信昌電國泰5B購01,0,0,0,---,---,---, ---,,,0.00,0,9.70,10,
707761,信紘科國泰5B購01,0,0,0,---,---,---, ---,,,0.87,10,0.97,10,
707762,群翊國泰5C購01,"124,000",4,"134,630",1.04,1.14,1.04,1.14,-,0.0,1.09,10,1.10,10,
707763,群聯群益5B購01,"5,000",1,"9,900",1.98,1.98,1.98,1.98,-,0.46,1.98,5,2.09,10,
707764,群聯群益61購01,"555,000",17,"1,099,370",1.96,2.05,1.95,1.97,-,0.33,1.98,10,2.08,10,
707765,群聯群益64購01,"636,000",26,"1,379,260",2.16,2.20,2.16,2.16,-,0.84,0.00,0,2.21,10,
707766,蜜望實國泰5B購01,0,0,0,---,---,---, ---,,,3.70,10,3.76,10,
707767,精材兆豐5C購01,"12,000",3,"81,000",8.40,8.40,6.60,6.60,-,0.4,6.30,20,6.35,10,
707768,力旺永豐5A購01,0,0,0,---,---,---, ---,,,0.09,30,0.10,10,
707769,力旺永豐5B購01,"2,000",1,340,0.17,0.17,0.17,0.17,-,0.03,0.19,10,0.20,10,
707770,力旺永豐5C購01,"85,000",2,"15,100",0.16,0.18,0.16,0.18,-,0.0,0.17,10,0.18,75,
707771,台半永豐5C購01,0,0,0,---,---,---, ---,,,0.00,0,0.00,0,
707772,巨有永豐5C購01,"10,000",1,"10,700",1.07,1.07,1.07,1.07,+,0.05,0.96,10,1.06,10,
707773,立端永豐5A購01,"104,000",3,"35,400",0.33,0.35,0.33,0.35,-,0.02,0.30,10,0.00,0,
707774,宏捷科永豐5C購02,0,0,0,---,---,---, ---,,,0.43,10,0.44,10,
707775,亞通永豐5A購01,"1,216,000",26,"812,020",0.75,0.75,0.62,0.62,-,0.06,0.60,1,0.69,10,
707776,旺矽永豐5B購02,"3,000",3,"8,040",2.46,3.12,2.46,3.12,+,0.69,1.57,10,3.10,20,
707777,信昌電永豐5C購01,0,0,0,---,---,---, ---,,,7.00,3,0.00,0,
707778,信驊永豐5B購04,"24,000",5,"37,220",1.49,1.72,1.49,1.72,+,0.11,1.53,2,3.00,2,
707779,華景電永豐5C購02,0,0,0,---,---,---, ---,,,0.46,10,0.47,10,
707780,精測永豐61購02,"154,000",7,"34,560",0.23,0.23,0.22,0.22,-,0.03,0.21,22,0.22,10,
707781,臺慶科永豐5B購01,"20,000",1,"33,200",1.66,1.66,1.66,1.66,-,0.17,1.64,499,1.68,10,
707782,聰泰永豐5A購01,"10,000",1,"4,600",0.46,0.46,0.46,0.46,-,0.05,0.45,10,0.46,10,
707783,力旺凱基5A購03,"1,129,000",3,"69,650",0.07,0.07,0.06,0.06,-,0.04,0.07,121,0.10,26,
707784,力旺凱基5A購04,"10,000",1,800,0.08,0.08,0.08,0.08,-,0.0,0.09,30,0.81,30,
707785,力旺凱基5B購02,0,0,0,---,---,---, ---,,,0.16,60,0.22,122,
707786,力旺凱基5C購01,"394,000",14,"79,320",0.19,0.22,0.19,0.22,-,0.09,0.21,100,0.22,9,
707787,力旺凱基61購01,"201,000",6,"81,410",0.42,0.42,0.40,0.40,-,0.05,0.29,50,0.40,19,
707788,立碁凱基5B購01,0,0,0,---,---,---, ---,,,0.10,10,0.11,10,
707789,宏捷科凱基5A購02,"8,000",1,"1,920",0.24,0.24,0.24,0.24,-,0.07,0.23,100,0.24,10,
707790,旺矽凱基5A購05,"10,000",1,"20,700",2.07,2.07,2.07,2.07,-,0.16,0.98,10,0.00,0,
707791,旺矽凱基5B購02,"10,000",1,"17,900",1.79,1.79,1.79,1.79,-,0.08,1.79,10,0.00,0,
707792,旺矽凱基5C購02,"19,000",7,"37,600",2.20,2.20,1.75,1.75,-,0.3,1.75,5,2.20,8,
707793,信昌電凱基5A購02,0,0,0,---,---,---, ---,,,10.60,1,10.70,1,
707794,信昌電凱基5A購03,"40,000",1,"366,000",9.15,9.15,9.15,9.15,-,1.15,0.00,0,8.85,10,
707795,信驊凱基5A購04,"246,000",25,"435,170",1.81,1.88,1.72,1.84,+,0.04,1.83,9,1.84,9,
707796,信驊凱基5B購03,"60,000",7,"109,080",1.81,1.91,1.77,1.77,-,0.13,1.76,100,1.83,10,
707797,信驊凱基5C購02,0,0,0,---,---,---, ---,,,1.74,100,2.30,2,
707798,信驊凱基61購04,"3,000",3,"7,410",2.47,2.47,2.47,2.47,-,0.02,2.08,1,2.47,1,
707799,家登凱基5A購01,"182,000",40,"358,370",1.93,2.32,1.79,2.23,-,0.29,2.13,15,2.88,34,
707800,華景電凱基5A購04,0,0,0,---,---,---, ---,,,0.58,10,0.59,30,
707801,群翊凱基5A購02,"28,000",1,"11,760",0.42,0.42,0.42,0.42,-,0.05,0.43,10,0.44,30,
707802,精測凱基5A購01,0,0,0,---,---,---, ---,,,0.14,100,0.00,0,
707803,精測凱基5A購02,"100,000",1,"23,000",0.23,0.23,0.23,0.23,-,0.05,0.21,100,0.22,30,
707804,精測凱基5A購03,0,0,0,---,---,---, ---,,,0.21,100,0.53,10,
707805,力領台新5A購01,0,0,0,---,---,---, ---,,,1.19,25,1.29,10,
707806,世界台新5A購01,"12,000",2,"56,400",4.70,4.70,4.70,4.70,+,0.31,4.51,25,4.59,10,
707807,宏捷科台新5A購01,0,0,0,---,---,---, ---,,,0.46,25,0.56,10,
707808,宏捷科台新5A購02,"11,000",1,"6,270",0.57,0.57,0.57,0.57,-,0.04,0.48,25,0.49,10,
707809,宏捷科台新61購01,"111,000",3,"77,410",0.72,0.72,0.69,0.69,-,0.04,0.64,25,0.65,10,
707810,旺矽台新5A購01,"10,000",1,"22,100",2.21,2.21,2.21,2.21,-,0.15,2.08,25,0.00,0,
707811,旺矽台新5A購02,"10,000",1,"16,600",1.66,1.66,1.66,1.66,-,0.0,1.41,25,0.00,0,
707812,信驊台新5A購01,0,0,0,---,---,---, ---,,,2.34,25,2.44,10,
707813,信驊台新5A購02,"83,000",15,"125,410",1.53,1.63,1.42,1.48,-,0.05,1.50,1,1.56,10,
707814,群翊台新5A購03,0,0,0,---,---,---, ---,,,0.28,25,0.29,10,
707815,璟德台新5A購01,0,0,0,---,---,---, ---,,,0.93,25,1.03,10,
707816,力旺元大5A購04,"3,000",3,"2,240",0.72,0.80,0.72,0.80,+,0.2,0.17,499,0.80,17,
707817,力旺元大5A購05,0,0,0,---,---,---, ---,,,0.08,499,0.19,24,
707818,力旺元大5B購01,0,0,0,---,---,---, ---,,,0.20,2,0.26,2,
707819,均豪元大5A購03,"10,000",1,"3,600",0.36,0.36,0.36,0.36,-,0.07,0.38,499,0.48,10,
707820,旺矽元大5A購04,"263,000",34,"349,200",1.32,1.39,1.23,1.30,-,0.13,1.28,5,1.87,10,
707821,旺矽元大5B購02,0,0,0,---,---,---, ---,,,1.87,1,0.00,0,
707822,旺矽元大61購02,"22,000",4,"29,090",1.24,1.34,1.24,1.34,-,0.06,1.34,6,1.38,5,
707823,長科*元大5A購01,0,0,0,---,---,---, ---,,,2.35,20,3.20,2,
707824,信昌電元大5A購03,"29,000",2,"212,900",7.45,7.45,7.10,7.10,-,0.75,6.70,100,0.00,0,
707825,信昌電元大5A購04,0,0,0,---,---,---, ---,,,0.00,0,0.00,0,
707827,信昌電元大5A購06,0,0,0,---,---,---, ---,,,12.20,50,0.00,0,
707828,信驊元大5A購02,0,0,0,---,---,---, ---,,,1.29,5,1.67,5,
707829,信驊元大63購01,0,0,0,---,---,---, ---,,,3.80,1,4.14,2,
707830,美琪瑪元大5A購04,0,0,0,---,---,---, ---,,,0.43,499,0.53,10,
707831,華景電元大5A購05,0,0,0,---,---,---, ---,,,0.46,499,0.47,10,
707832,新盛力元大61購01,0,0,0,---,---,---, ---,,,2.85,25,0.00,0,
707833,群翊元大61購01,"925,000",16,"585,430",0.63,0.69,0.62,0.67,-,0.0,0.64,25,0.65,10,
707834,精測元大5B購02,0,0,0,---,---,---, ---,,,0.01,499,0.00,0,
707835,精測元大63購04,0,0,0,---,---,---, ---,,,0.00,0,1.15,6,
707836,穩得元大5A購03,0,0,0,---,---,---, ---,,,0.16,499,0.26,10,
707837,中光電國泰5B購01,0,0,0,---,---,---, ---,,,2.24,10,2.30,10,
707838,立碁國泰5B購02,0,0,0,---,---,---, ---,,,0.27,100,0.29,100,
707839,旺矽國泰5B購01,"641,000",50,"1,020,360",1.61,1.73,1.48,1.64,-,0.1,1.60,10,1.65,10,
707840,旺矽國泰5B購02,0,0,0,---,---,---, ---,,,1.39,1,1.49,1,
707841,信昌電國泰5B購02,0,0,0,---,---,---, ---,,,5.55,10,5.85,10,
707842,新盛力國泰5B購01,0,0,0,---,---,---, ---,,,2.66,499,2.72,10,
707843,旺矽統一64購02,"907,000",27,"1,370,270",1.57,1.67,1.47,1.57,-,0.07,1.56,10,1.57,4,
707844,群聯統一64購01,"112,000",13,"120,510",1.04,1.12,1.04,1.05,-,0.2,1.04,35,1.07,10,
707845,精測統一64購03,"485,000",10,"142,090",0.31,0.31,0.29,0.29,-,0.04,0.28,10,0.29,10,
707846,力旺富邦5C購01,"130,000",4,"28,600",0.22,0.22,0.22,0.22,-,0.0,0.21,10,0.22,28,
707847,良維富邦62購01,"35,000",1,"27,300",0.78,0.78,0.78,0.78,-,0.09,0.80,10,0.81,28,
707848,旺矽富邦64購02,"30,000",6,"51,010",1.75,1.75,1.68,1.68,-,0.1,1.67,8,1.75,25,
707849,欣銓富邦5A購01,"7,000",2,"8,120",1.13,1.20,1.13,1.20,+,0.14,1.13,10,1.19,10,
707850,欣銓富邦64購01,"13,000",2,"14,110",1.07,1.09,1.07,1.09,+,0.12,1.06,20,1.07,28,
707851,信紘科富邦62購01,0,0,0,---,---,---, ---,,,0.57,10,0.59,28,
707852,信驊富邦61購01,"233,000",29,"447,990",1.86,2.06,1.84,1.90,-,0.11,1.91,10,1.99,28,
707853,華電網富邦62購01,"10,000",1,"1,500",0.15,0.15,0.15,0.15,-,0.0,0.15,10,0.16,28,
707854,順達富邦62購01,"207,000",3,"235,810",1.05,1.14,1.05,1.14,-,0.01,1.07,10,1.08,28,
707855,新盛力富邦5C購01,0,0,0,---,---,---, ---,,,2.13,10,2.18,10,
707856,新盛力富邦61購01,"10,000",1,"17,900",1.79,1.79,1.79,1.79,-,0.17,1.83,10,1.92,10,
707857,群翊富邦5B購01,0,0,0,---,---,---, ---,,,0.27,10,0.28,28,
707858,群聯富邦5C購01,"850,000",91,"894,000",1.15,1.15,1.03,1.04,-,0.16,1.03,102,1.04,10,
707859,群聯富邦61購01,"1,385,000",82,"1,782,870",1.32,1.32,1.25,1.27,-,0.2,1.26,11,1.27,23,
707860,精測富邦61購01,0,0,0,---,---,---, ---,,,0.22,10,0.23,28,
707861,M31凱基5A購02,"6,000",1,"1,200",0.20,0.20,0.20,0.20,-,0.02,0.18,10,0.20,30,
707862,M31凱基5A購03,"246,000",3,"39,360",0.16,0.16,0.16,0.16,-,0.02,0.15,10,0.16,30,
707863,宏觀凱基61購02,0,0,0,---,---,---, ---,,,0.23,10,0.24,10,
707864,良維凱基5B購03,0,0,0,---,---,---, ---,,,0.54,100,0.55,10,
707865,家登凱基5A購02,0,0,0,---,---,---, ---,,,1.16,100,1.26,10,
707866,華景電凱基5C購01,0,0,0,---,---,---, ---,,,0.59,10,0.60,50,
707867,新盛力凱基5A購03,0,0,0,---,---,---, ---,,,3.73,10,3.82,10,
707868,聖暉*凱基5A購02,"55,000",7,"207,990",3.57,3.97,3.57,3.91,+,1.16,3.87,100,3.97,10,
707869,鏵友益凱基5A購01,0,0,0,---,---,---, ---,,,0.43,10,0.44,10,
707870,環球晶兆豐5C購02,0,0,0,---,---,---, ---,,,0.00,0,0.00,0,
707871,M31元大5A購01,0,0,0,---,---,---, ---,,,0.34,499,0.44,10,
707872,M31元大5A購02,"329,000",6,"222,210",0.66,0.69,0.64,0.69,-,0.0,0.60,499,0.63,10,
707873,M31元大61購01,0,0,0,---,---,---, ---,,,0.32,57,0.37,10,
707874,M31元大63購01,0,0,0,---,---,---, ---,,,0.29,10,0.38,10,
707875,久元元大5A購02,0,0,0,---,---,---, ---,,,1.16,499,1.18,10,
707876,千附元大5A購01,"870,000",43,"1,457,130",1.79,1.94,1.42,1.45,-,0.22,1.45,440,1.55,10,
707877,加高元大5A購01,"12,000",3,"13,890",1.24,1.24,1.15,1.15,+,0.27,1.00,499,1.10,10,
707878,台嘉碩元大5A購02,"65,000",5,"59,040",0.93,0.93,0.86,0.86,+,0.08,0.84,499,0.85,10,
707879,立敦元大5A購01,"16,000",4,"65,260",4.20,4.20,3.92,3.98,+,0.69,3.93,250,4.03,10,
707880,立碁元大5A購02,0,0,0,---,---,---, ---,,,0.00,0,0.00,0,
707881,立碁元大63購01,0,0,0,---,---,---, ---,,,0.23,499,0.24,10,
707882,宏觀元大5C購01,"126,000",4,"47,160",0.37,0.38,0.37,0.37,-,0.03,0.02,499,0.00,0,
707883,欣銓元大5A購03,"5,000",2,"10,810",2.17,2.17,2.16,2.16,+,0.48,2.01,25,2.11,10,
707884,家登元大61購01,0,0,0,---,---,---, ---,,,2.14,300,2.24,10,
707885,華電網元大5A購02,0,0,0,---,---,---, ---,,,0.10,499,0.11,10,
707886,鈺太元大5A購01,0,0,0,---,---,---, ---,,,0.68,499,0.70,10,
707887,鏵友益元大5A購01,"84,000",6,"20,450",0.26,0.27,0.24,0.26,-,0.02,0.26,499,0.27,10,
707888,元債20群益5A購01,0,0,0,---,---,---, ---,,,0.54,25,0.55,10,
707889,世界群益5A購02,0,0,0,---,---,---, ---,,,3.30,399,3.40,10,
707890,宏觀群益5A購01,0,0,0,---,---,---, ---,,,0.03,30,0.00,0,
707891,欣銓群益5A購01,"1,000",1,"2,590",2.59,2.59,2.59,2.59,+,0.36,1.12,8,0.00,0,
707892,翔名群益5A購01,"50,000",7,"112,950",2.10,2.53,2.10,2.43,+,0.09,2.43,10,2.53,10,
707893,環球晶群益5A購04,0,0,0,---,---,---, ---,,,6.65,10,0.00,0,
707894,M31富邦5C購01,"6,000",4,"1,550",0.28,0.28,0.25,0.25,-,0.03,0.24,14,0.25,28,
707895,元太富邦61購01,"343,000",11,"437,860",1.28,1.30,1.26,1.30,-,0.09,1.29,10,1.30,28,
707896,台星科富邦61購01,"488,000",9,"270,010",0.51,0.56,0.50,0.56,-,0.01,0.54,10,0.56,28,
707897,均豪富邦62購01,"1,140,000",19,"395,970",0.32,0.36,0.32,0.33,-,0.02,0.34,10,0.35,28,
707898,宏捷科富邦5C購03,"77,000",1,"27,720",0.36,0.36,0.36,0.36,-,0.04,0.35,10,0.36,28,
707899,宏捷科富邦61購02,"19,000",3,"4,110",0.23,0.23,0.21,0.21,-,0.03,0.20,40,0.21,28,
707900,華景電富邦61購01,"50,000",1,"13,000",0.26,0.26,0.26,0.26,-,0.02,0.26,10,0.27,28,
707901,鈊象富邦61購01,0,0,0,---,---,---, ---,,,0.52,10,0.53,28,
707902,萬泰科富邦62購01,"23,000",3,"23,070",0.99,1.03,0.98,1.03,-,0.01,0.98,10,0.99,28,
707903,欣銓群益5A購02,"519,000",16,"661,910",1.12,1.35,1.12,1.25,+,0.18,1.25,4,1.36,10,
707904,新盛力群益5A購01,"5,000",1,"11,750",2.35,2.35,2.35,2.35,-,0.0,2.12,199,2.22,10,
707906,久元元大5A購03,0,0,0,---,---,---, ---,,,1.23,499,1.33,10,
707907,方土昶元大5A購01,0,0,0,---,---,---, ---,,,1.71,400,1.81,10,
707908,世界元大5A購03,0,0,0,---,---,---, ---,,,1.87,25,1.97,10,
707909,尼克森元大5A購01,0,0,0,---,---,---, ---,,,4.15,200,0.00,0,
707910,立碁元大5A購03,0,0,0,---,---,---, ---,,,0.02,499,0.12,10,
707911,兆利元大5A購01,0,0,0,---,---,---, ---,,,0.06,499,0.09,10,
707912,均華元大5A購01,"31,000",4,"6,510",0.21,0.21,0.21,0.21,+,0.05,0.14,499,0.20,2,
707913,均華元大5A購02,"5,000",1,750,0.15,0.15,0.15,0.15,+,0.05,0.09,499,0.15,100,
707914,均豪元大5A購04,"621,000",11,"399,240",0.65,0.69,0.62,0.69,+,0.03,0.66,499,0.67,10,
707915,沛亨元大5A購05,"10,000",1,"3,800",0.38,0.38,0.38,0.38,-,0.03,0.29,10,0.37,10,
707916,邑昇元大5A購01,"85,000",5,"35,840",0.70,0.70,0.40,0.41,+,0.11,0.29,8,0.00,0,
707917,信紘科元大5A購02,0,0,0,---,---,---, ---,,,0.82,499,0.85,10,
707918,家登元大5A購03,"30,000",1,"31,500",1.05,1.05,1.05,1.05,+,0.12,0.92,499,1.02,10,
707919,家登元大5A購04,0,0,0,---,---,---, ---,,,1.15,499,1.25,10,
707920,華景電元大5A購06,"223,000",8,"120,270",0.57,0.57,0.53,0.54,-,0.09,0.56,499,0.57,10,
707921,華景電元大63購01,0,0,0,---,---,---, ---,,,0.27,499,0.28,10,
707922,新盛力元大5A購03,0,0,0,---,---,---, ---,,,2.75,25,2.85,10,
707923,德微元大5A購01,0,0,0,---,---,---, ---,,,2.33,300,0.00,0,
707924,久元凱基5A購01,"1,000",1,470,0.47,0.47,0.47,0.47,-,0.01,0.49,10,0.50,10,
707925,合晶凱基5A購01,"1,000",1,"46,300",46.30,46.30,46.30,46.30,+,7.8,45.80,100,0.00,0,
707926,均華凱基5A購01,"60,000",3,"8,400",0.14,0.14,0.14,0.14,+,0.04,0.12,100,0.13,10,
707927,系微凱基5A購03,0,0,0,---,---,---, ---,,,0.22,10,0.23,50,
707928,欣銓凱基63購01,0,0,0,---,---,---, ---,,,1.49,10,1.51,10,
707929,家登凱基5A購03,"110,000",2,"130,000",1.10,1.19,1.10,1.19,+,0.14,1.17,100,1.27,10,
707930,鈺太凱基61購01,0,0,0,---,---,---, ---,,,0.64,10,0.65,10,
707931,環球晶凱基5A購01,0,0,0,---,---,---, ---,,,13.20,10,14.20,10,
707932,世禾富邦5C購02,"528,000",17,"257,280",0.50,0.54,0.43,0.43,-,0.05,0.42,10,0.43,28,
707933,均華富邦61購01,"73,000",6,"17,340",0.23,0.30,0.22,0.30,+,0.06,0.26,10,0.27,10,
707934,沛亨富邦5B購01,0,0,0,---,---,---, ---,,,0.32,10,0.33,28,
707935,欣銓富邦5B購01,"500,000",25,"332,050",0.57,0.75,0.55,0.71,+,0.11,0.68,10,0.69,28,
707936,中美晶兆豐64購01,"23,000",5,"142,400",6.55,6.55,5.85,5.85,-,0.8,5.85,5,7.90,5,
707937,順達兆豐5C購02,"326,000",9,"243,670",0.69,0.78,0.69,0.73,-,0.0,0.77,10,0.78,10,
707938,世界群益5A購03,"33,000",4,"112,590",3.34,3.53,3.34,3.47,+,0.05,1.39,17,0.00,0,
707939,合晶群益5B購01,0,0,0,---,---,---, ---,,,0.00,0,26.50,10,
707940,良維群益5A購01,"6,000",1,"3,060",0.51,0.51,0.51,0.51,-,0.09,0.51,10,0.61,10,
707941,原相群益5A購01,"5,000",2,"2,100",0.50,0.50,0.40,0.40,-,0.23,0.40,499,0.50,10,
707942,創惟群益5B購01,"33,000",3,"17,620",0.53,0.54,0.52,0.54,-,0.06,0.52,10,0.62,10,
707943,富喬群益5A購03,0,0,0,---,---,---, ---,,,0.09,10,0.00,0,
707944,富喬群益5A購04,"30,000",1,"6,300",0.21,0.21,0.21,0.21,-,0.03,0.09,100,0.23,30,
707945,聖暉*群益5B購01,"37,000",6,"118,040",3.03,3.42,3.03,3.11,-,0.04,3.11,399,3.21,10,
707946,德微群益5A購01,0,0,0,---,---,---, ---,,,0.00,0,8.05,10,
707947,雙鴻群益5B購06,0,0,0,---,---,---, ---,,,0.12,10,0.00,0,
707948,久元凱基5A購02,"40,000",4,"38,600",0.95,1.01,0.95,1.01,+,0.01,1.00,10,1.01,10,
707949,千附凱基5A購01,"1,433,000",50,"2,072,920",1.60,2.50,1.15,1.17,-,0.4,1.17,107,1.18,10,
707950,世界凱基5A購02,"120,000",10,"251,100",2.09,2.18,1.98,2.00,+,0.02,2.02,100,2.04,10,
707951,兆利凱基5A購01,0,0,0,---,---,---, ---,,,0.06,10,0.15,40,
707952,艾訊凱基5B購01,0,0,0,---,---,---, ---,,,1.74,10,1.77,10,
707953,均豪凱基5A購02,"2,000",2,400,0.20,0.20,0.20,0.20,-,0.08,0.23,100,0.00,0,
707954,沛亨凱基5A購02,0,0,0,---,---,---, ---,,,0.19,10,0.20,50,
707955,家登凱基5A購04,0,0,0,---,---,---, ---,,,0.73,100,0.83,10,
707956,勤凱凱基5A購02,0,0,0,---,---,---, ---,,,0.90,100,0.91,10,
707957,新盛力凱基5B購01,"210,000",7,"462,170",2.10,2.34,2.10,2.18,-,0.16,2.15,10,2.17,10,
707958,鉅橡凱基5A購03,0,0,0,---,---,---, ---,,,0.22,10,0.23,10,
707959,雙鴻凱基5A購07,0,0,0,---,---,---, ---,,,0.17,100,0.18,50,
707960,雙鴻凱基61購02,0,0,0,---,---,---, ---,,,0.32,100,0.33,50,
707961,中美晶富邦5A購01,0,0,0,---,---,---, ---,,,4.44,30,4.54,10,
707962,長科*富邦62購01,0,0,0,---,---,---, ---,,,1.35,10,1.44,28,
707963,家登富邦61購01,"716,000",15,"556,320",0.81,0.88,0.70,0.83,-,0.12,0.81,10,0.82,28,
707964,富喬富邦61購01,"565,000",7,"119,300",0.21,0.22,0.21,0.22,-,0.01,0.20,60,0.21,28,
707965,聖暉*富邦5C購01,"424,000",27,"906,480",2.08,2.23,2.06,2.13,+,0.15,2.10,30,2.13,10,
707966,鉅橡富邦5B購01,0,0,0,---,---,---, ---,,,0.19,10,0.20,28,
707967,鈺太富邦5A購01,0,0,0,---,---,---, ---,,,0.25,30,0.26,28,
707968,優群富邦61購01,0,0,0,---,---,---, ---,,,0.52,10,0.55,28,
707969,環球晶富邦5B購01,0,0,0,---,---,---, ---,,,36.60,10,37.60,10,
707970,雙鴻富邦5C購09,"1,000",1,300,0.30,0.30,0.30,0.30,-,0.0,0.31,10,0.32,28,
707971,巨有元大5A購01,0,0,0,---,---,---, ---,,,0.67,2,0.74,10,
707972,富喬元大5C購02,"231,000",11,"49,320",0.22,0.22,0.21,0.22,-,0.01,0.21,529,0.22,9,
707973,華義元大5A購01,0,0,0,---,---,---, ---,,,0.32,499,0.36,10,
707974,環球晶元大5A購01,"2,000",2,"12,850",6.20,6.65,6.20,6.65,-,0.35,5.80,25,6.65,3,
707975,雙鴻兆豐5C購02,0,0,0,---,---,---, ---,,,0.25,10,0.26,10,
707976,世界兆豐5C購01,0,0,0,---,---,---, ---,,,1.95,10,1.96,10,
707977,富喬國票5A購02,0,0,0,---,---,---, ---,,,0.22,25,0.23,10,
707978,富喬國票5B購02,"16,000",2,"4,480",0.28,0.28,0.28,0.28,-,0.02,0.26,25,0.27,10,
707979,華義國票5B購01,0,0,0,---,---,---, ---,,,0.18,25,0.19,10,
707980,華義國票5B購02,"65,000",3,"12,900",0.20,0.20,0.18,0.18,-,0.07,0.15,25,0.16,10,
707981,新盛力國票5A購02,"196,000",5,"325,120",1.66,1.77,1.62,1.77,+,0.04,1.60,25,1.62,10,
707982,雙鴻凱基5A購08,0,0,0,---,---,---, ---,,,0.14,100,0.15,50,
707983,良維凱基5A購04,"60,000",1,"30,600",0.51,0.51,0.51,0.51,-,0.01,0.45,100,0.46,10,
707984,聖暉*凱基5C購01,"41,000",6,"114,460",2.67,2.95,2.67,2.84,+,0.31,2.81,100,2.86,10,
707985,德微凱基5A購02,0,0,0,---,---,---, ---,,,2.11,100,2.21,10,
707986,環球晶凱基5A購02,0,0,0,---,---,---, ---,,,12.00,20,13.00,10,
707987,雙鴻凱基5C購06,0,0,0,---,---,---, ---,,,0.51,100,0.52,30,
707988,譜瑞群益5A購01,0,0,0,---,---,---, ---,,,1.17,100,1.27,10,
707989,系統電國泰5B購01,0,0,0,---,---,---, ---,,,0.95,499,0.96,100,
707990,新盛力國泰5B購02,0,0,0,---,---,---, ---,,,2.28,499,2.34,100,
707991,群聯國泰5B購01,"97,000",5,"174,070",1.88,1.88,1.75,1.75,-,0.38,1.75,499,1.85,100,
707992,群聯國泰5B購02,"9,000",1,"13,320",1.48,1.48,1.48,1.48,-,0.32,1.48,1,1.54,100,
707993,立碁元大5A購04,0,0,0,---,---,---, ---,,,0.11,499,0.12,10,
707994,系微元大5C購01,"80,000",8,"32,600",0.41,0.41,0.39,0.39,-,0.01,0.30,499,0.40,10,
707995,德微元大5A購02,"1,000",1,"1,350",1.35,1.35,1.35,1.35,-,0.83,1.35,2,2.18,5,
707996,立碁永豐5B購02,0,0,0,---,---,---, ---,,,0.17,10,0.18,10,
707997,新盛力永豐61購01,"106,000",3,"167,020",1.62,1.62,1.51,1.51,-,0.09,0.96,10,0.00,0,
707998,群聯永豐5C購01,"373,000",11,"378,600",1.05,1.05,1.00,1.05,-,0.11,1.01,10,1.03,10,
707999,聖暉*永豐5C購02,"12,000",1,"13,800",1.15,1.15,1.15,1.15,+,0.02,1.16,10,1.20,10,
708000,德微永豐5B購01,0,0,0,---,---,---, ---,,,0.00,0,2.31,4,
708001,雙鴻永豐5C購04,0,0,0,---,---,---, ---,,,0.43,10,0.44,10,
708002,雙鴻永豐61購03,0,0,0,---,---,---, ---,,,0.38,10,0.39,10,
708003,立碁國票5B購02,0,0,0,---,---,---, ---,,,0.26,25,0.27,10,
708004,兆利國票5B購01,"100,000",1,"20,000",0.20,0.20,0.20,0.20,-,0.0,0.19,25,0.20,10,
708005,系微國票5B購01,0,0,0,---,---,---, ---,,,0.32,25,0.33,10,
708006,良維國票5B購01,"200,000",2,"78,000",0.39,0.39,0.39,0.39,-,0.01,0.36,25,0.37,10,
708007,凌陽創國票5B購01,0,0,0,---,---,---, ---,,,0.44,25,0.45,10,
708008,群聯國票5B購03,"1,277,000",11,"1,508,960",1.20,1.23,1.16,1.17,-,0.25,1.17,25,1.18,10,
708009,聖暉*國票5B購01,"83,000",3,"153,020",1.88,1.95,1.82,1.95,+,0.12,1.88,25,1.91,10,
708010,鉅橡國票5B購02,0,0,0,---,---,---, ---,,,0.37,25,0.38,10,
708011,矽科台新5A購01,"143,000",3,"130,350",0.79,1.01,0.79,1.01,+,0.19,0.89,25,0.90,10,
708012,捷創台新5A購01,0,0,0,---,---,---, ---,,,0.56,25,0.59,10,
708013,富強鑫台新5A購01,0,0,0,---,---,---, ---,,,0.66,25,0.76,10,
708014,崴寶台新5A購01,"5,000",2,"2,000",0.38,0.48,0.38,0.48,+,0.02,0.37,200,0.46,10,
708015,群聯台新5A購01,"83,000",8,"618,350",7.45,7.45,7.45,7.45,-,2.1,0.00,0,7.45,131,
708016,群聯台新5A購02,"105,000",3,"329,820",3.26,3.26,3.14,3.14,-,0.78,3.11,25,3.21,10,
708017,群聯台新5A購03,"591,000",28,"1,355,740",2.32,2.37,2.22,2.24,-,0.53,2.26,25,2.30,2,
708018,穩得台新5A購01,"50,000",1,"18,000",0.36,0.36,0.36,0.36,-,0.04,0.34,25,0.44,10,
708019,良維凱基5B購04,0,0,0,---,---,---, ---,,,0.23,100,0.00,0,
708020,東捷凱基5A購03,"31,000",2,"73,910",2.51,2.51,2.38,2.38,-,0.26,2.38,100,2.40,10,
708021,群聯凱基5B購01,0,0,0,---,---,---, ---,,,1.50,10,0.00,0,
708022,精材凱基5C購01,"1,000",1,"6,000",6.00,6.00,6.00,6.00,-,0.7,6.15,50,6.65,10,
708023,譜瑞凱基5A購01,0,0,0,---,---,---, ---,,,0.33,10,1.92,100,
708024,三聯國票5A購01,0,0,0,---,---,---, ---,,,0.37,25,0.40,10,
708025,大綜國票5A購01,"36,000",4,"47,680",1.36,1.36,1.28,1.28,-,0.25,1.18,25,1.28,4,
708026,太景*國票5B購01,0,0,0,---,---,---, ---,,,0.26,25,0.27,10,
708027,良維國票5B購02,"201,000",2,"78,390",0.39,0.39,0.39,0.39,-,0.03,0.38,25,0.39,10,
708028,朋程國票5A購01,"400,000",1,"472,000",1.18,1.18,1.18,1.18,-,0.1,1.18,10,1.76,21,
708029,崴寶國票5B購01,0,0,0,---,---,---, ---,,,0.29,25,0.31,10,
708030,群翊國票5B購03,0,0,0,---,---,---, ---,,,0.56,25,0.58,10,
708031,群聯國票5B購04,"304,000",10,"405,880",1.33,1.36,1.31,1.32,-,0.23,1.31,25,1.32,10,
708032,環球晶國票5A購02,0,0,0,---,---,---, ---,,,0.00,0,9.35,10,
708033,譜瑞國票5B購01,"100,000",1,"62,000",0.62,0.62,0.62,0.62,-,0.05,0.62,25,0.63,10,
708034,久元永豐5C購01,0,0,0,---,---,---, ---,,,0.46,10,0.48,10,
708035,良維永豐5C購02,0,0,0,---,---,---, ---,,,0.49,499,0.50,10,
708036,精材永豐5C購02,0,0,0,---,---,---, ---,,,5.25,10,0.00,0,
708037,雙鴻永豐5B購03,0,0,0,---,---,---, ---,,,0.27,499,0.28,10,
708038,雙鴻永豐63購02,0,0,0,---,---,---, ---,,,0.38,10,0.39,10,
708039,力致國泰5C購01,"136,000",6,"87,050",0.64,0.65,0.64,0.65,-,0.06,0.64,499,0.67,100,
708040,良維元大5A購04,"44,000",5,"16,060",0.35,0.37,0.35,0.37,-,0.03,0.36,499,0.37,10,
708041,良維元大63購01,"293,000",8,"148,180",0.51,0.51,0.48,0.50,-,0.04,0.50,535,0.51,10,
708042,新盛力元大5A購04,0,0,0,---,---,---, ---,,,1.38,25,1.48,10,
708043,良維富邦61購01,"50,000",2,"15,400",0.30,0.31,0.30,0.31,-,0.02,0.30,15,0.31,10,
708044,新盛力富邦61購02,"687,000",16,"724,920",1.06,1.14,1.02,1.07,-,0.04,1.03,10,1.05,28,
708045,兆利群益5A購01,0,0,0,---,---,---, ---,,,0.00,0,0.00,0,
708046,系統電群益5B購01,"3,000",1,"3,060",1.02,1.02,1.02,1.02,-,0.01,0.96,499,1.06,10,
708047,良維群益5B購03,0,0,0,---,---,---, ---,,,0.44,10,0.54,10,
708048,臺慶科群益5A購01,0,0,0,---,---,---, ---,,,1.60,6,2.61,10,
708049,雙鴻群益5A購07,0,0,0,---,---,---, ---,,,0.16,499,0.26,10,
708050,中美晶台新5B購02,"1,000",1,"6,450",6.45,6.45,6.45,6.45,-,0.6,6.00,25,6.50,10,
708051,兆利台新5A購01,0,0,0,---,---,---, ---,,,0.53,25,0.54,10,
708052,兆利台新5A購02,0,0,0,---,---,---, ---,,,0.18,25,0.19,10,
708053,環球晶台新5A購03,0,0,0,---,---,---, ---,,,13.00,25,14.00,10,
708054,環球晶台新5A購04,0,0,0,---,---,---, ---,,,10.60,25,11.60,10,
708055,群聯元大5A購03,"29,000",5,"34,320",1.15,1.26,1.13,1.13,-,0.25,1.14,499,1.24,10,
708056,環球晶元大5A購02,0,0,0,---,---,---, ---,,,7.75,25,0.00,0,
708057,環球晶元大5A購03,"10,000",1,"80,500",8.05,8.05,8.05,8.05,-,1.05,7.40,2,10.80,2,
708058,環球晶元大5A購04,"79,000",4,"488,400",6.35,6.35,6.05,6.05,-,0.7,5.70,25,6.30,3,
708059,世界凱基5A購03,"58,000",4,"120,860",2.08,2.18,2.07,2.18,+,0.12,2.05,100,2.08,10,
708060,系統電凱基5A購03,0,0,0,---,---,---, ---,,,0.41,100,0.42,30,
708061,欣銓凱基5A購03,"439,000",26,"466,790",0.93,1.22,0.90,1.17,+,0.17,1.16,100,1.18,10,
708062,順達凱基5A購04,0,0,0,---,---,---, ---,,,0.91,10,0.00,0,
708063,群聯凱基5B購02,"110,000",14,"74,060",0.66,0.68,0.66,0.66,-,0.14,0.66,100,0.67,10,
708064,群聯兆豐64購01,"250,000",22,"469,450",1.93,1.94,1.85,1.88,-,0.26,1.87,21,1.90,10,
708065,中美晶群益5C購01,"2,000",1,"10,400",5.20,5.20,5.20,5.20,-,0.25,4.68,25,4.78,10,
708066,群聯群益5B購02,"498,000",19,"442,980",0.90,0.91,0.88,0.88,-,0.17,0.89,1,0.98,10,
708067,群聯群益5C購01,"293,000",14,"419,520",1.47,1.48,1.41,1.46,-,0.22,1.43,10,1.53,10,
708068,精材群益5A購05,"15,000",4,"84,650",5.85,5.85,5.45,5.75,+,0.3,5.10,100,5.75,2,
708069,精材群益5A購06,"63,000",9,"376,200",6.25,6.25,5.30,5.65,-,0.65,5.55,5,5.80,10,
708070,雙鴻群益5B購07,0,0,0,---,---,---, ---,,,0.05,37,0.50,300,
708071,凡甲國票5B購01,0,0,0,---,---,---, ---,,,0.84,25,0.86,10,
708072,久元國票5B購01,"3,000",3,"2,080",0.70,0.70,0.69,0.69,-,0.03,0.74,25,0.75,10,
708073,中美晶國票5B購01,"7,000",3,"31,280",4.44,4.52,4.44,4.48,-,0.38,4.09,25,4.19,10,
708074,欣銓國票5C購01,"10,000",2,"12,700",1.25,1.35,1.25,1.35,+,0.2,1.34,25,1.36,10,
708075,萬泰科國票5B購02,0,0,0,---,---,---, ---,,,1.05,25,1.06,10,
708076,群聯國票5B購05,"282,000",19,"448,900",1.59,1.62,1.55,1.55,-,0.33,1.55,25,1.57,10,
708077,精材國票5B購01,"120,000",17,"464,480",4.00,4.07,3.49,3.66,-,0.19,3.56,25,3.66,5,
708078,鑫聯國票5B購01,0,0,0,---,---,---, ---,,,0.66,25,0.67,10,
708079,鴻呈國泰5C購01,0,0,0,---,---,---, ---,,,1.02,499,1.04,100,
708080,譜瑞國泰5B購01,0,0,0,---,---,---, ---,,,1.26,499,0.00,0,
708081,久元富邦61購02,0,0,0,---,---,---, ---,,,0.99,10,1.00,28,
708082,系統電富邦61購01,0,0,0,---,---,---, ---,,,0.61,10,0.71,10,
708083,家登富邦5C購02,"672,000",28,"751,840",1.11,1.20,1.01,1.20,-,0.04,1.10,10,1.12,28,
708084,群聯富邦5C購02,"200,000",7,"217,900",1.08,1.13,1.07,1.09,-,0.14,1.06,10,1.07,28,
708085,群聯富邦61購02,"1,173,000",22,"1,114,520",0.94,0.97,0.93,0.95,-,0.14,0.94,10,0.95,28,
708086,譜瑞富邦5C購03,"20,000",2,"14,200",0.71,0.71,0.71,0.71,-,0.0,0.61,10,0.71,28,
708087,譜瑞富邦61購01,"1,000",1,520,0.52,0.52,0.52,0.52,-,0.04,0.55,3,0.64,10,
708088,群聯永豐5C購02,"371,000",4,"258,230",0.73,0.73,0.69,0.69,-,0.15,0.70,10,0.71,13,
708089,群聯永豐64購02,"110,000",13,"116,620",1.06,1.07,1.05,1.05,-,0.12,1.05,10,1.06,10,
708090,精材永豐5B購02,"143,000",12,"511,770",3.92,3.98,3.18,3.98,+,0.03,2.79,3,3.99,25,
708091,中美晶凱基61購02,"1,000",1,"5,350",5.35,5.35,5.35,5.35,-,1.25,5.40,499,5.90,10,
708092,矽科凱基5B購01,"200,000",11,"80,000",0.38,0.42,0.38,0.42,+,0.02,0.41,10,0.42,10,
708093,群聯凱基61購01,"105,000",8,"73,570",0.69,0.72,0.69,0.70,-,0.14,0.70,18,0.00,0,
708094,精材凱基5B購02,"66,000",6,"291,650",4.53,4.63,3.92,3.92,-,0.42,4.13,100,4.20,10,
708095,環球晶凱基5B購02,"10,000",2,"87,750",9.00,9.00,8.55,8.55,-,1.45,0.00,0,8.60,10,
708096,譜瑞凱基5B購01,"2,000",1,"1,320",0.66,0.66,0.66,0.66,-,0.03,0.64,10,0.66,10,
708097,久元國票5C購01,0,0,0,---,---,---, ---,,,0.51,25,0.52,10,
708098,台星科國票5C購01,0,0,0,---,---,---, ---,,,0.80,25,0.82,10,
708099,正淩國票5C購01,0,0,0,---,---,---, ---,,,0.37,25,0.38,10,
708100,亞信國票5C購01,0,0,0,---,---,---, ---,,,0.46,25,0.47,10,
708101,佳邦國票5C購01,"45,000",3,"40,500",0.92,0.92,0.88,0.88,-,0.13,0.85,25,0.86,10,
708102,金山電國票5C購01,0,0,0,---,---,---, ---,,,7.60,25,8.10,10,
708103,原相國票5B購01,"365,000",6,"227,500",0.63,0.63,0.60,0.61,-,0.1,0.58,25,0.60,10,
708104,原相國票5C購01,"560,000",9,"308,710",0.59,0.59,0.54,0.55,-,0.09,0.53,25,0.55,10,
708105,家登國票5B購01,"317,000",13,"298,310",0.84,1.00,0.84,0.99,-,0.14,0.93,25,0.94,10,
708106,新潤國票5C購01,"40,000",1,"23,200",0.58,0.58,0.58,0.58,-,0.0,0.59,25,0.60,10,
708107,群聯國票61購01,"116,000",3,"100,980",0.88,0.88,0.87,0.87,-,0.12,0.85,25,0.86,10,
708108,精華國票5C購01,"141,000",6,"44,920",0.32,0.32,0.31,0.31,-,0.02,0.31,35,0.32,10,
708109,磐儀國票5C購01,"79,000",9,"43,840",0.54,0.58,0.54,0.56,+,0.1,0.51,25,0.52,10,
708110,世界台新5B購01,"12,000",1,"33,360",2.78,2.78,2.78,2.78,+,0.18,2.60,25,2.70,10,
708111,矽科台新5B購01,"74,000",1,"64,380",0.87,0.87,0.87,0.87,+,0.11,0.76,25,0.77,10,
708112,家登台新5B購01,"23,000",2,"40,420",1.74,1.76,1.74,1.76,-,0.23,1.89,25,1.90,10,
708113,家登台新5B購02,"10,000",1,"16,000",1.60,1.60,1.60,1.60,-,0.04,1.46,35,1.56,10,
708114,家登台新62購01,"21,000",7,"27,390",1.31,1.54,1.27,1.54,+,0.18,1.37,25,1.47,10,
708115,勤凱台新5B購01,"27,000",1,"51,030",1.89,1.89,1.89,1.89,-,0.22,1.86,25,1.88,10,
708116,群聯台新5B購01,"60,000",3,"69,200",1.13,1.17,1.13,1.15,-,0.21,1.14,25,1.16,10,
708117,群聯台新5B購02,"2,256,000",40,"1,797,100",0.78,0.85,0.77,0.77,-,0.22,0.78,25,0.81,10,
708118,世界群益5B購05,"22,000",4,"102,790",4.68,4.69,4.47,4.47,-,0.18,2.79,3,0.00,0,
708119,欣銓群益5B購01,"58,000",9,"207,960",3.32,4.25,3.32,4.06,+,0.59,2.31,4,5.60,1,
708120,家登群益5B購01,"496,000",11,"521,770",0.98,1.14,0.94,1.14,-,0.06,1.05,100,1.08,100,
708121,家登群益61購01,"85,000",3,"71,470",0.79,0.90,0.79,0.90,-,0.08,0.90,100,0.93,100,
708122,世界永豐65購01,"322,000",18,"408,790",1.25,1.33,1.23,1.23,-,0.02,1.24,10,1.26,10,
708123,台特化永豐62購01,0,0,0,---,---,---, ---,,,0.58,499,0.59,10,
708124,高鋒永豐5C購01,0,0,0,---,---,---, ---,,,0.33,10,0.38,10,
708125,群聯永豐65購01,"71,000",4,"71,560",0.98,1.02,0.98,1.01,-,0.11,0.99,10,1.00,10,
708126,群聯中信62購01,"270,000",17,"179,900",0.67,0.68,0.64,0.67,-,0.1,0.65,10,0.66,10,
708127,凡甲國泰61購01,0,0,0,---,---,---, ---,,,1.67,499,1.77,100,
708128,東捷國泰61購01,0,0,0,---,---,---, ---,,,4.18,499,4.24,10,
708129,欣銓國泰5C購01,"349,000",27,"716,940",1.80,2.28,1.75,2.13,+,0.3,2.09,499,2.12,100,
708130,群聯國泰61購01,0,0,0,---,---,---, ---,,,1.83,499,1.93,100,
708131,中美晶富邦61購01,0,0,0,---,---,---, ---,,,3.88,30,3.92,10,
708132,環球晶富邦5C購02,0,0,0,---,---,---, ---,,,0.00,0,3.33,10,
708133,中美晶元大5B購02,0,0,0,---,---,---, ---,,,5.00,150,0.00,0,
708134,中美晶元大5B購03,0,0,0,---,---,---, ---,,,4.37,150,0.00,0,
708135,世界元大5B購02,0,0,0,---,---,---, ---,,,1.85,25,1.95,10,
708136,世界元大5B購03,"221,000",19,"525,320",2.40,2.44,2.28,2.38,-,0.06,2.33,25,2.37,10,
708137,均豪元大5B購01,0,0,0,---,---,---, ---,,,0.50,499,0.60,10,
708138,群聯元大5B購01,"76,000",3,"111,000",1.50,1.50,1.45,1.45,-,0.37,1.45,450,0.00,0,
708139,群聯元大5B購02,0,0,0,---,---,---, ---,,,0.00,0,2.10,1,
708140,群聯元大64購01,"10,000",2,"10,900",1.09,1.09,1.09,1.09,-,0.12,1.05,10,1.10,10,
708141,精材元大5B購03,0,0,0,---,---,---, ---,,,6.25,100,0.00,0,
708142,精材元大5B購04,0,0,0,---,---,---, ---,,,6.05,100,0.00,0,
708143,精材元大5B購05,"2,000",1,"12,100",6.05,6.05,6.05,6.05,+,0.35,5.65,150,0.00,0,
708144,雙鴻元大61購14,0,0,0,---,---,---, ---,,,0.27,499,0.00,0,
708145,大學光凱基5B購01,"5,000",2,"2,900",0.58,0.58,0.58,0.58,-,0.0,0.58,10,0.59,10,
708146,世界凱基5B購01,"48,000",8,"91,980",1.91,1.95,1.83,1.83,+,0.02,1.79,100,1.81,10,
708147,正淩凱基5C購01,0,0,0,---,---,---, ---,,,0.22,10,0.23,10,
708148,欣銓凱基61購01,"14,000",3,"21,000",1.54,1.54,1.49,1.49,+,0.23,1.48,10,1.49,10,
708149,原相凱基5B購02,"30,000",2,"19,100",0.63,0.65,0.63,0.65,-,0.1,0.63,10,0.00,0,
708150,家登凱基5B購01,"406,000",9,"290,840",0.70,0.77,0.64,0.77,-,0.08,0.75,100,0.85,10,
708151,群翊凱基61購02,0,0,0,---,---,---, ---,,,0.37,100,0.38,50,
708152,群聯凱基63購01,"36,000",6,"27,910",0.86,0.86,0.77,0.77,-,0.12,0.77,2,1.19,50,
708153,鈺太凱基5B購01,0,0,0,---,---,---, ---,,,0.40,10,0.41,10,
708154,安葆台新5B購01,"105,000",1,"13,650",0.13,0.13,0.13,0.13,+,0.01,0.10,25,0.11,10,
708155,家碩台新5B購01,0,0,0,---,---,---, ---,,,0.76,25,0.78,10,
708156,家碩台新5B購02,0,0,0,---,---,---, ---,,,0.44,25,0.46,10,
708157,鉅橡台新5B購01,"27,000",2,"16,030",0.61,0.61,0.57,0.57,-,0.09,0.56,25,0.57,10,
708158,華景電國泰5C購01,"61,000",7,"61,430",1.01,1.03,0.97,1.03,-,0.04,1.00,499,1.01,100,
708159,世界富邦5B購01,"1,238,000",51,"1,422,370",1.12,1.20,1.07,1.11,-,0.02,1.10,10,1.11,28,
708160,系微富邦63購01,0,0,0,---,---,---, ---,,,0.39,10,0.40,28,
708161,茂迪富邦63購02,"81,000",5,"53,610",0.66,0.67,0.66,0.67,+,0.01,0.64,10,0.65,28,
708162,原相富邦5B購01,"438,000",15,"166,290",0.38,0.40,0.37,0.37,-,0.09,0.37,30,0.38,28,
708163,萬泰科富邦5B購02,0,0,0,---,---,---, ---,,,0.54,10,0.55,28,
708164,群聯富邦62購01,"656,000",8,"517,700",0.79,0.80,0.77,0.77,-,0.13,0.77,10,0.78,28,
708165,群聯富邦62購02,"923,000",21,"572,860",0.72,0.72,0.61,0.62,-,0.11,0.61,10,0.62,28,
708166,凡甲永豐5C購01,0,0,0,---,---,---, ---,,,0.50,10,0.51,10,
708167,東捷永豐64購02,"2,085,000",32,"3,664,590",1.81,1.81,1.71,1.75,-,0.11,1.73,10,1.75,10,
708168,東捷永豐67購01,"147,000",6,"259,870",1.79,1.81,1.75,1.75,-,0.09,1.74,10,1.75,12,
708169,華景電永豐61購02,0,0,0,---,---,---, ---,,,0.50,10,0.51,10,
708170,璟德永豐61購01,"16,000",8,"7,010",0.42,0.44,0.42,0.43,-,0.01,0.41,10,0.42,10,
708171,家登中信5B購01,"24,000",3,"15,100",0.59,0.70,0.55,0.70,+,0.08,0.59,10,0.62,10,
708172,譜瑞中信5B購01,"145,000",6,"87,700",0.59,0.62,0.59,0.60,-,0.03,0.60,10,0.61,10,
708173,欣銓兆豐61購01,"146,000",8,"180,110",1.04,1.28,1.04,1.27,+,0.16,1.31,10,1.32,10,
708174,凡甲國票5C購01,0,0,0,---,---,---, ---,,,0.60,25,0.61,10,
708175,安葆國票5C購01,0,0,0,---,---,---, ---,,,0.09,25,0.10,10,
708176,東捷國票5C購01,"1,633,000",14,"3,518,060",2.20,2.26,2.14,2.15,-,0.16,2.15,25,2.17,10,
708177,華景電國票5C購01,0,0,0,---,---,---, ---,,,0.53,25,0.55,10,
708178,群翊國票5C購01,0,0,0,---,---,---, ---,,,0.44,25,0.45,10,
708179,群聯國票66購01,"168,000",8,"149,310",0.89,0.89,0.88,0.88,-,0.12,0.87,25,0.88,10,
708180,東捷群益5B購02,"2,000",1,"2,580",1.29,1.29,1.29,1.29,-,0.13,1.26,2,1.35,10,
708181,東捷群益5B購03,"785,000",37,"1,543,910",2.01,2.08,1.90,1.97,-,0.21,1.15,43,3.13,1,
708182,華景電群益5B購01,"67,000",1,"40,200",0.60,0.60,0.60,0.60,-,0.07,0.26,38,0.67,10,
708183,群聯群益61購03,"990,000",15,"629,450",0.65,0.66,0.62,0.63,-,0.11,0.63,10,0.73,10,
708184,久元元大64購01,0,0,0,---,---,---, ---,,,0.71,499,0.72,10,
708185,正淩元大5B購01,0,0,0,---,---,---, ---,,,0.11,499,0.21,10,
708186,東捷元大5B購01,"15,000",1,"42,750",2.85,2.85,2.85,2.85,-,0.39,2.73,250,2.83,10,
708187,東捷元大5B購02,0,0,0,---,---,---, ---,,,3.29,250,3.39,10,
708188,東捷元大5B購03,0,0,0,---,---,---, ---,,,3.11,250,3.21,10,
708189,東捷元大5B購04,"1,000",1,"2,500",2.50,2.50,2.50,2.50,-,0.0,0.00,0,2.50,4,
708190,家登元大5B購02,0,0,0,---,---,---, ---,,,1.38,499,1.48,10,
708191,順達元大64購03,"202,000",2,"363,880",1.80,1.94,1.80,1.94,-,0.01,1.86,10,0.00,0,
708192,萬泰科元大5B購01,"303,000",4,"215,160",0.72,0.74,0.68,0.74,-,0.08,0.71,499,0.72,10,
708193,群翊元大5B購01,"344,000",7,"271,260",0.79,0.82,0.75,0.79,-,0.04,0.78,25,0.79,9,
708194,群聯元大5B購03,"340,000",12,"244,690",0.70,1.03,0.70,1.03,+,0.06,0.73,10,1.03,19,
708195,群聯元大64購02,0,0,0,---,---,---, ---,,,0.00,0,1.40,30,
708196,鈺太元大5B購01,"25,000",2,"18,370",0.75,0.75,0.73,0.73,-,0.07,0.77,499,0.79,10,
708197,精材元大5B購07,0,0,0,---,---,---, ---,,,7.00,100,0.00,0,
708198,精材元大61購06,"1,000",1,"5,850",5.85,5.85,5.85,5.85,-,0.4,5.75,150,6.85,1,
708199,環球晶元大5B購01,0,0,0,---,---,---, ---,,,8.00,25,0.00,0,
708201,凡甲凱基5B購01,0,0,0,---,---,---, ---,,,0.47,10,0.48,30,
708202,久元凱基5B購01,0,0,0,---,---,---, ---,,,0.75,10,0.76,10,
708203,台特化凱基5B購01,0,0,0,---,---,---, ---,,,0.44,100,0.45,30,
708204,安葆凱基5C購01,0,0,0,---,---,---, ---,,,0.11,10,0.12,10,
708205,家登凱基5B購02,0,0,0,---,---,---, ---,,,0.75,100,0.85,10,
708206,華景電凱基5B購01,"200,000",5,"87,400",0.43,0.44,0.43,0.44,-,0.06,0.44,100,0.45,30,
708207,順達凱基63購01,"66,000",1,"119,460",1.81,1.81,1.81,1.81,-,0.04,1.77,10,1.87,10,
708208,萬泰科凱基5C購01,0,0,0,---,---,---, ---,,,0.95,10,0.96,10,
708209,群聯凱基64購01,"10,000",1,"7,400",0.74,0.74,0.74,0.74,-,0.1,0.76,2,1.26,19,
708210,環球晶凱基5B購03,"4,000",1,"35,600",8.90,8.90,8.90,8.90,-,2.1,8.95,100,9.45,10,
708211,穩得凱基5B購01,"34,000",6,"11,560",0.34,0.34,0.34,0.34,-,0.03,0.32,100,0.34,10,
708212,鑫聯凱基5C購01,0,0,0,---,---,---, ---,,,0.64,10,0.65,30,
708213,台特化台新5B購01,0,0,0,---,---,---, ---,,,0.87,25,0.89,10,
708214,台特化台新5B購02,"17,000",1,"11,390",0.67,0.67,0.67,0.67,-,0.05,0.63,25,0.65,10,
708215,系微台新5B購01,0,0,0,---,---,---, ---,,,0.47,25,0.57,10,
708216,欣銓台新5B購01,0,0,0,---,---,---, ---,,,2.34,25,2.44,10,
708217,欣銓台新5B購02,"402,000",41,"972,180",2.01,2.65,1.97,2.45,+,0.36,2.48,25,2.49,10,
708218,湧德台新5B購01,"35,000",2,"23,930",0.71,0.71,0.67,0.67,-,0.1,0.68,25,0.69,10,
708219,華景電台新5B購01,0,0,0,---,---,---, ---,,,0.83,25,0.93,10,
708220,鈊象台新5B購01,0,0,0,---,---,---, ---,,,1.66,25,1.67,10,
708221,萬泰科台新5B購01,0,0,0,---,---,---, ---,,,1.76,25,1.86,10,
708222,萬泰科台新5B購02,"110,000",3,"182,220",1.67,1.67,1.63,1.63,-,0.21,1.66,25,1.67,10,
708223,精材台新5B購01,0,0,0,---,---,---, ---,,,8.90,25,9.40,10,
708224,精材台新5B購02,0,0,0,---,---,---, ---,,,9.55,25,10.10,10,
708225,璟德中信5B購01,"280,000",25,"57,900",0.21,0.22,0.20,0.21,-,0.01,0.19,10,0.20,10,
708226,安葆國泰5C購01,0,0,0,---,---,---, ---,,,0.21,499,0.27,10,
708227,群翊國泰5C購02,"3,000",1,"1,770",0.59,0.59,0.59,0.59,-,0.05,0.60,10,0.61,10,
708228,凡甲富邦61購01,"30,000",3,"15,700",0.54,0.54,0.51,0.51,-,0.03,0.54,10,0.55,28,
708229,中光電富邦62購01,"196,000",15,"545,920",3.20,3.20,2.63,2.63,-,0.37,2.59,10,2.66,10,
708230,均豪富邦5B購01,"60,000",2,"16,000",0.25,0.27,0.25,0.27,-,0.03,0.27,10,0.28,28,
708231,捷創富邦62購01,"41,000",2,"23,390",0.57,0.59,0.57,0.59,-,0.03,0.57,10,0.60,28,
708232,世界永豐5C購01,"26,000",2,"44,470",1.71,1.72,1.71,1.72,+,0.01,1.68,10,1.71,10,
708233,家登永豐61購01,"185,000",5,"114,500",0.60,0.72,0.60,0.72,-,0.01,0.66,10,0.67,10,
708234,家碩永豐5B購01,0,0,0,---,---,---, ---,,,0.19,10,0.20,10,
708235,群聯永豐65購02,"837,000",30,"553,480",0.72,0.72,0.64,0.65,-,0.07,0.64,220,0.73,10,
708236,鉅橡永豐5C購01,0,0,0,---,---,---, ---,,,0.22,10,0.23,10,
708237,環球晶兆豐61購01,"1,000",1,"6,600",6.60,6.60,6.60,6.60,-,0.8,6.10,10,6.15,10,
708238,艾訊國票63購01,"33,000",4,"41,690",1.25,1.35,1.25,1.35,+,0.06,1.28,25,1.29,10,
708239,美琪瑪國票5C購01,"4,000",2,"2,340",0.63,0.63,0.57,0.57,-,0.03,0.57,25,0.59,10,
708240,晶宏國票5C購01,"7,000",2,"9,680",1.40,1.40,1.34,1.34,-,0.14,1.33,25,1.35,10,
708241,翔名國票5C購01,"579,000",60,"1,169,480",1.96,2.27,1.78,2.15,+,0.09,2.15,11,2.16,10,
708242,聰泰國票5C購01,0,0,0,---,---,---, ---,,,0.51,25,0.52,10,
708243,寶雅國票5C購01,"100,000",2,"119,500",1.21,1.21,1.18,1.18,-,0.17,1.16,25,1.18,10,
708244,久元群益61購01,0,0,0,---,---,---, ---,,,0.64,10,0.74,10,
708245,方土昶群益5B購01,0,0,0,---,---,---, ---,,,1.24,27,2.00,10,
708246,世界群益5B購06,"111,000",11,"442,410",3.98,4.07,3.88,4.01,-,0.02,3.91,1,0.00,0,
708247,艾訊群益5B購01,0,0,0,---,---,---, ---,,,1.57,299,1.67,10,
708248,家登群益5B購02,"105,000",4,"87,700",0.74,0.84,0.74,0.84,+,0.12,0.81,100,0.84,100,
708249,陽程群益5B購01,"617,000",16,"1,624,500",2.31,2.85,2.27,2.76,+,0.33,2.76,25,2.82,10,
708250,群聯群益5B購03,"1,518,000",70,"879,350",0.56,0.62,0.55,0.62,-,0.1,0.62,1,0.66,10,
708252,凡甲元大5B購01,"26,000",4,"12,430",0.48,0.48,0.47,0.48,+,0.02,0.48,499,0.49,10,
708253,均豪元大5B購02,0,0,0,---,---,---, ---,,,0.30,499,0.40,10,
708254,均豪元大65購01,0,0,0,---,---,---, ---,,,0.43,499,0.53,10,
708255,家登元大5B購03,0,0,0,---,---,---, ---,,,1.42,499,2.51,5,
708256,群聯元大5B購04,0,0,0,---,---,---, ---,,,0.95,499,1.05,10,
708257,群聯元大5B購05,"79,000",7,"46,370",0.59,0.60,0.58,0.60,-,0.15,0.58,20,0.67,10,
708258,群聯元大64購03,"10,000",1,"9,700",0.97,0.97,0.97,0.97,-,0.1,0.89,12,0.96,10,
708259,精材元大5B購08,"2,000",1,"11,600",5.80,5.80,5.80,5.80,+,0.2,5.10,150,0.00,0,
708260,精材元大5B購09,0,0,0,---,---,---, ---,,,7.60,100,0.00,0,
708261,精材元大5B購10,0,0,0,---,---,---, ---,,,7.80,100,0.00,0,
708262,璟德元大5B購01,0,0,0,---,---,---, ---,,,0.29,1,0.38,10,
708263,環球晶元大5B購03,"2,000",2,"27,900",13.90,14.00,13.90,14.00,-,2.3,13.20,10,0.00,0,
708264,環球晶元大5B購04,"1,000",1,"6,000",6.00,6.00,6.00,6.00,-,1.05,5.60,25,0.00,0,
708265,大中元大5B購01,"4,000",1,"13,360",3.34,3.34,3.34,3.34,-,1.03,3.07,200,0.00,0,
708266,威剛元大5B購04,0,0,0,---,---,---, ---,,,0.56,499,0.57,10,
708267,威剛元大5B購05,"502,000",11,"298,430",0.59,0.60,0.59,0.60,-,0.06,0.60,494,0.61,10,
708268,威剛元大64購01,"95,000",6,"63,500",0.67,0.67,0.66,0.66,-,0.05,0.66,499,0.67,10,
708269,陽程元大61購03,"530,000",22,"813,450",1.36,1.62,1.36,1.58,+,0.15,1.56,499,1.58,10,
708270,群聯元大5B購06,"91,000",11,"40,810",0.44,0.45,0.44,0.44,-,0.11,0.44,499,0.45,10,
708271,鉅橡元大5B購01,"100,000",1,"34,000",0.34,0.34,0.34,0.34,-,0.02,0.32,499,0.33,10,
708272,鉅橡元大5B購02,0,0,0,---,---,---, ---,,,0.13,499,0.14,10,
708273,安葆國泰5C購02,0,0,0,---,---,---, ---,,,0.29,499,0.30,100,
708274,勤凱國泰5C購01,0,0,0,---,---,---, ---,,,1.16,499,1.17,100,
708275,雷科國泰5C購01,0,0,0,---,---,---, ---,,,10.60,10,11.20,10,
708276,久元凱基64購01,0,0,0,---,---,---, ---,,,0.94,10,0.95,10,
708277,均豪凱基65購01,0,0,0,---,---,---, ---,,,0.47,100,0.48,10,
708278,金山電凱基5B購01,0,0,0,---,---,---, ---,,,0.00,0,16.00,5,
708279,威剛凱基5B購03,"265,000",7,"109,160",0.42,0.43,0.41,0.43,-,0.05,0.42,100,0.43,30,
708280,群聯凱基64購02,"485,000",38,"325,400",0.68,0.68,0.66,0.66,-,0.11,0.66,100,0.67,10,
708281,精材凱基5B購03,"10,000",1,"61,500",6.15,6.15,6.15,6.15,-,0.0,5.95,50,6.45,10,
708282,寶雅凱基5B購01,0,0,0,---,---,---, ---,,,0.98,10,1.02,10,
708283,鉅橡台新5B購02,0,0,0,---,---,---, ---,,,0.23,25,0.24,10,
708284,鉅橡台新5B購03,0,0,0,---,---,---, ---,,,0.10,25,0.11,10,
708285,系微兆豐65購01,"11,000",1,"9,460",0.86,0.86,0.86,0.86,-,0.05,0.83,20,0.84,20,
708286,群聯兆豐65購01,"111,000",14,"153,750",1.35,1.48,1.35,1.37,-,0.25,1.37,9,1.45,10,
708287,凡甲國票5C購02,0,0,0,---,---,---, ---,,,0.38,25,0.39,10,
708288,久元國票5C購02,0,0,0,---,---,---, ---,,,0.41,25,0.42,10,
708289,方土昶國票5C購01,"266,000",5,"329,190",1.23,1.24,1.21,1.22,-,0.19,1.20,25,1.23,10,
708290,世界國票5C購02,"1,000",1,"1,440",1.44,1.44,1.44,1.44,+,0.08,1.33,25,1.38,10,
708291,宏捷科國票5C購01,0,0,0,---,---,---, ---,,,0.39,25,0.40,10,
708292,威剛國票5C購01,"157,000",4,"129,330",0.82,0.85,0.82,0.85,-,0.06,0.83,25,0.84,10,
708293,耕興國票5C購01,0,0,0,---,---,---, ---,,,0.40,25,0.41,10,
708294,港建*國票5B購01,"36,000",4,"21,410",0.59,0.60,0.58,0.58,-,0.03,0.58,22,0.59,10,
708295,華宏國票5C購01,0,0,0,---,---,---, ---,,,0.21,25,0.22,10,
708296,鉅橡國票5C購01,0,0,0,---,---,---, ---,,,0.24,25,0.25,10,
708297,廣穎國票5C購01,0,0,0,---,---,---, ---,,,3.15,25,3.25,10,
708298,久元永豐5C購02,0,0,0,---,---,---, ---,,,0.52,10,0.54,10,
708299,台星科永豐61購01,"43,000",5,"24,440",0.52,0.62,0.52,0.62,+,0.04,0.59,10,0.61,10,
708300,合晶永豐5B購01,0,0,0,---,---,---, ---,,,20.00,10,26.00,10,
708301,均豪永豐5C購02,"5,000",1,"1,250",0.25,0.25,0.25,0.25,-,0.01,0.25,5,0.27,10,
708302,欣銓永豐61購01,"770,000",22,"895,120",1.06,1.35,1.02,1.27,+,0.18,1.26,10,1.27,10,
708303,威剛永豐5B購01,"146,000",5,"68,620",0.47,0.47,0.47,0.47,-,0.03,0.46,10,0.47,10,
708304,威剛永豐5C購02,"10,000",1,"6,400",0.64,0.64,0.64,0.64,-,0.03,0.62,10,0.63,10,
708305,威剛永豐61購01,0,0,0,---,---,---, ---,,,0.85,10,0.86,10,
708306,威剛永豐65購01,0,0,0,---,---,---, ---,,,1.46,10,1.47,10,
708307,威剛永豐68購01,0,0,0,---,---,---, ---,,,1.43,10,1.44,10,
708308,鉅橡永豐61購01,0,0,0,---,---,---, ---,,,0.23,10,0.24,10,
708309,廣穎永豐65購01,"5,000",2,"7,920",1.60,1.60,1.58,1.58,-,0.23,1.58,10,1.61,10,
708310,凡甲群益5B購01,0,0,0,---,---,---, ---,,,0.00,0,0.00,0,
708311,台特化群益5C購01,0,0,0,---,---,---, ---,,,0.39,10,0.49,10,
708312,正淩群益63購01,"73,000",2,"80,930",1.10,1.11,1.10,1.11,-,0.05,1.09,20,0.00,0,
708313,均豪群益5B購01,"108,000",4,"45,810",0.42,0.44,0.41,0.44,+,0.02,0.15,10,0.00,0,
708314,宏捷科群益5B購01,0,0,0,---,---,---, ---,,,0.04,10,0.00,0,
708315,岳豐群益65購01,"24,000",1,"25,920",1.08,1.08,1.08,1.08,+,0.01,1.07,25,1.10,10,
708316,威剛群益5B購02,"5,000",1,"3,000",0.60,0.60,0.60,0.60,-,0.07,0.61,10,0.71,10,
708317,威剛群益5C購01,0,0,0,---,---,---, ---,,,0.90,10,1.00,10,
708318,威剛群益61購01,0,0,0,---,---,---, ---,,,0.92,10,1.02,10,
708319,茂綸群益5B購01,"5,000",1,"6,050",1.21,1.21,1.21,1.21,-,0.18,0.49,10,1.31,10,
708320,廣穎群益5B購01,0,0,0,---,---,---, ---,,,4.90,10,5.00,10,
708322,寶雅群益61購01,"156,000",9,"127,750",0.85,0.86,0.79,0.79,-,0.16,0.44,22,1.59,1,
708323,凡甲凱基5B購02,0,0,0,---,---,---, ---,,,0.24,10,0.25,50,
708324,久元凱基5C購01,"60,000",6,"16,200",0.27,0.27,0.27,0.27,-,0.02,0.28,10,0.29,10,
708325,大中凱基5B購01,0,0,0,---,---,---, ---,,,2.90,10,3.00,10,
708326,方土昶凱基5C購01,0,0,0,---,---,---, ---,,,1.54,100,1.55,10,
708327,台特化凱基5B購02,0,0,0,---,---,---, ---,,,0.32,10,0.33,30,
708328,合晶凱基5B購01,0,0,0,---,---,---, ---,,,0.00,0,20.00,10,
708329,艾訊凱基5B購02,0,0,0,---,---,---, ---,,,1.08,10,1.10,10,
708330,良維凱基5B購05,"80,000",2,"35,600",0.45,0.45,0.43,0.43,-,0.07,0.43,100,0.44,10,
708331,威剛凱基5B購04,"24,000",3,"9,160",0.38,0.39,0.38,0.38,-,0.06,0.38,100,0.39,50,
708332,家登凱基5B購03,"1,000",1,410,0.41,0.41,0.41,0.41,-,0.01,0.37,100,0.45,3,
708333,耕興凱基5B購01,"10,000",1,"3,400",0.34,0.34,0.34,0.34,-,0.01,0.14,81,0.34,57,
708334,港建*凱基5B購01,0,0,0,---,---,---, ---,,,0.23,100,0.24,10,
708335,群聯凱基61購02,"1,875,000",20,"1,214,760",0.66,0.67,0.63,0.64,-,0.13,0.64,100,0.65,10,
708336,廣穎凱基5B購01,0,0,0,---,---,---, ---,,,4.43,10,4.53,10,
708337,環球晶凱基5C購02,"3,000",1,"17,850",5.95,5.95,5.95,5.95,-,0.3,5.45,50,5.95,10,
708338,合晶台新5B購01,0,0,0,---,---,---, ---,,,34.70,25,35.70,10,
708339,合晶台新5B購02,0,0,0,---,---,---, ---,,,42.40,25,43.40,10,
708340,合晶台新5B購03,0,0,0,---,---,---, ---,,,48.30,25,49.30,10,
708341,安葆台新5B購02,0,0,0,---,---,---, ---,,,0.32,25,0.33,10,
708342,艾訊台新5B購01,"21,000",3,"48,490",2.25,2.44,2.25,2.44,+,0.08,2.34,25,2.44,10,
708343,艾訊台新5B購02,"9,000",3,"22,600",2.41,2.59,2.41,2.59,+,0.19,2.44,25,2.54,10,
708344,良維台新5B購01,"12,000",2,"15,100",1.24,1.35,1.24,1.35,-,0.07,1.29,25,1.30,10,
708345,良維台新5B購02,0,0,0,---,---,---, ---,,,0.84,25,0.94,10,
708346,良維台新5B購03,0,0,0,---,---,---, ---,,,0.82,25,0.83,10,
708347,湧德台新5B購02,0,0,0,---,---,---, ---,,,0.79,25,0.80,10,
708348,湧德台新5B購03,0,0,0,---,---,---, ---,,,0.55,25,0.65,10,
708349,順達台新5B購01,"13,000",2,"38,710",3.02,3.02,2.91,2.91,-,0.07,2.77,25,2.81,10,
708350,順達台新5B購02,"26,000",7,"82,170",2.85,3.20,2.85,3.00,-,0.01,2.94,25,2.97,10,
708351,鈊象台新5B購02,"4,000",1,"7,960",1.99,1.99,1.99,1.99,-,0.06,1.99,25,2.00,10,
708352,萬泰科台新5B購03,"725,000",7,"1,100,130",1.45,1.57,1.43,1.45,-,0.2,1.45,25,1.46,10,
708353,群聯台新5B購03,"10,000",3,"7,470",0.74,0.75,0.74,0.75,-,0.15,0.75,25,0.76,10,
708354,群聯台新5B購04,"20,000",2,"14,600",0.74,0.74,0.72,0.72,-,0.14,0.71,25,0.72,10,
708355,精材台新5B購03,"1,000",1,"13,400",13.40,13.40,13.40,13.40,-,0.8,13.10,25,14.10,10,
708356,臺慶科台新5B購01,0,0,0,---,---,---, ---,,,4.35,25,4.42,10,
708357,璟德台新5B購01,0,0,0,---,---,---, ---,,,0.43,25,0.53,10,
708358,台星科兆豐61購01,0,0,0,---,---,---, ---,,,0.58,10,0.59,10,
708359,均豪兆豐61購01,"1,198,000",9,"421,340",0.35,0.38,0.33,0.38,-,0.0,0.35,10,0.36,10,
708360,欣銓群益5B購02,"10,000",1,"8,300",0.83,0.83,0.83,0.83,+,0.08,0.31,32,0.00,0,
708361,精材群益5B購01,"1,000",1,"6,600",6.60,6.60,6.60,6.60,+,0.85,6.80,50,7.00,1,
708362,環球晶群益5B購02,0,0,0,---,---,---, ---,,,1.48,10,0.00,0,
708363,環球晶群益5B購03,"10,000",1,"88,500",8.85,8.85,8.85,8.85,-,0.0,7.05,10,0.00,0,
708364,凡甲元大5B購02,0,0,0,---,---,---, ---,,,1.13,499,1.14,10,
708365,凡甲元大5B購03,"113,000",3,"135,780",1.13,1.22,1.13,1.22,+,0.01,1.21,499,1.23,10,
708366,凡甲元大65購01,"30,000",2,"29,850",0.97,1.02,0.97,1.02,+,0.01,1.02,499,1.03,10,
708367,久元元大5B購01,"229,000",5,"78,860",0.34,0.38,0.34,0.38,+,0.02,0.36,499,0.37,10,
708368,久元元大61購02,"99,000",1,"31,680",0.32,0.32,0.32,0.32,-,0.01,0.32,499,0.33,10,
708369,久元元大65購01,0,0,0,---,---,---, ---,,,0.41,499,0.42,10,
708370,台星科元大5B購02,"240,000",5,"254,720",1.05,1.07,1.05,1.06,+,0.01,1.03,499,1.06,10,
708371,台星科元大65購01,0,0,0,---,---,---, ---,,,1.01,499,1.11,10,
708372,沛亨元大5B購01,"310,000",3,"312,200",1.00,1.01,1.00,1.01,-,0.05,0.96,499,0.98,10,
708373,欣銓元大5B購01,0,0,0,---,---,---, ---,,,1.20,35,1.30,10,
708374,欣銓元大64購01,0,0,0,---,---,---, ---,,,0.97,25,1.07,10,
708376,威剛元大5B購06,"52,000",1,"22,360",0.43,0.43,0.43,0.43,-,0.04,0.44,499,0.45,10,
708377,威剛元大5B購07,"155,000",15,"102,280",0.69,0.69,0.65,0.66,-,0.07,0.65,699,0.66,10,
708378,原相元大5B購01,"50,000",1,"30,000",0.60,0.60,0.60,0.60,-,0.15,0.60,25,0.61,10,
708379,家登元大5B購04,0,0,0,---,---,---, ---,,,0.60,499,0.00,0,
708380,家登元大64購01,0,0,0,---,---,---, ---,,,0.62,499,0.95,9,
708381,陽程元大61購04,0,0,0,---,---,---, ---,,,1.26,499,1.36,10,
708382,群聯元大5B購07,"106,000",4,"98,780",0.94,0.94,0.93,0.93,-,0.32,0.92,499,0.93,10,
708383,群聯元大61購05,"35,000",1,"34,300",0.98,0.98,0.98,0.98,-,0.22,1.00,10,1.08,10,
708384,凡甲國泰5C購01,0,0,0,---,---,---, ---,,,1.17,499,1.18,100,
708385,合晶國泰61購01,0,0,0,---,---,---, ---,,,21.40,499,22.00,10,
708386,合晶國泰62購01,0,0,0,---,---,---, ---,,,24.70,100,25.30,10,
708387,均豪國泰62購01,"239,000",7,"279,310",1.15,1.22,1.15,1.19,-,0.04,1.17,499,1.18,100,
708388,良維國泰5C購01,0,0,0,---,---,---, ---,,,0.91,499,0.93,100,
708389,家登國泰5C購01,"236,000",6,"157,470",0.67,0.74,0.64,0.74,-,0.12,0.73,499,0.74,100,
708390,家登國泰5C購02,"80,000",2,"51,800",0.58,0.67,0.58,0.67,-,0.04,0.61,499,0.62,100,
708391,力領台新5B購01,"6,000",2,"6,360",1.02,1.08,1.02,1.08,+,0.02,1.06,25,1.08,10,
708392,正淩台新5B購01,0,0,0,---,---,---, ---,,,0.30,25,0.40,10,
708393,合晶台新5B購04,"21,000",3,"592,100",28.90,29.10,27.40,27.40,-,5.1,27.40,25,28.00,10,
708394,新盛力台新5B購01,0,0,0,---,---,---, ---,,,3.89,25,3.97,10,
708395,新盛力台新62購01,0,0,0,---,---,---, ---,,,2.72,25,2.82,10,
708396,群聯台新5B購05,"173,000",7,"187,790",1.11,1.13,1.07,1.07,-,0.21,1.08,25,1.09,10,
708397,群聯台新5B購06,"115,000",2,"64,250",0.57,0.57,0.55,0.55,-,0.12,0.55,25,0.56,10,
708398,聖暉*台新5B購02,0,0,0,---,---,---, ---,,,2.54,25,2.64,10,
708399,優群台新5B購01,0,0,0,---,---,---, ---,,,0.44,25,0.54,10,
708400,久元凱基5B購02,"5,000",1,"1,150",0.23,0.23,0.23,0.23,-,0.0,0.22,10,0.23,10,
708401,中美晶凱基61購03,"1,000",1,"4,810",4.81,4.81,4.81,4.81,-,0.17,4.46,50,4.56,10,
708402,世禾凱基5B購01,"292,000",14,"340,040",1.17,1.33,1.02,1.02,-,0.14,0.92,100,0.94,10,
708403,世界凱基5C購03,"50,000",7,"64,550",1.27,1.34,1.24,1.32,+,0.11,1.22,100,1.23,10,
708404,尼克森凱基5B購01,0,0,0,---,---,---, ---,,,2.97,10,3.04,10,
708405,亞信凱基5B購01,0,0,0,---,---,---, ---,,,0.66,10,0.68,10,
708406,欣銓凱基5B購01,"132,000",4,"78,680",0.55,0.74,0.55,0.74,+,0.15,0.72,10,0.73,30,
708407,信立凱基5B購02,0,0,0,---,---,---, ---,,,0.44,10,0.45,10,
708408,威剛凱基5C購01,"20,000",1,"9,000",0.45,0.45,0.45,0.45,-,0.1,0.32,102,0.45,179,
708409,智通*凱基5B購01,"40,000",6,"97,240",2.35,2.49,2.35,2.49,+,0.06,2.48,100,2.55,10,
708410,群聯凱基64購03,"215,000",12,"113,850",0.55,0.55,0.52,0.52,-,0.11,0.52,100,0.53,10,
708411,優群凱基5B購01,0,0,0,---,---,---, ---,,,0.49,10,0.52,10,
708412,環球晶兆豐61購02,"3,000",3,"13,620",4.76,4.76,4.10,4.10,-,0.84,4.09,10,4.10,9,
708413,FH中5G元大5B購01,"73,000",5,"261,190",3.51,3.58,3.51,3.57,-,0.38,3.50,1,3.54,25,
708414,FH中5G元大5C購01,0,0,0,---,---,---, ---,,,5.45,50,5.75,10,
708415,世界元大64購03,"1,000",1,"1,020",1.02,1.02,1.02,1.02,-,0.01,1.05,30,1.15,10,
708416,世界元大65購01,"50,000",1,"45,500",0.91,0.91,0.91,0.91,-,0.0,0.89,25,0.99,10,
708417,合晶元大5B購01,0,0,0,---,---,---, ---,,,11.10,10,14.80,5,
708418,順達元大64購04,"12,000",4,"33,130",2.75,2.84,2.72,2.72,-,0.28,2.20,4,0.00,0,
708419,新盛力元大64購01,0,0,0,---,---,---, ---,,,2.35,25,2.45,10,
708420,萬泰科元大5B購02,"2,000",1,"3,160",1.58,1.58,1.58,1.58,-,0.12,1.55,450,1.56,10,
708421,鈺太元大5B購02,"248,000",6,"91,380",0.33,0.38,0.33,0.37,+,0.02,0.33,499,0.34,10,
708422,鈺太元大65購01,"606,000",3,"305,820",0.48,0.51,0.48,0.50,+,0.01,0.48,499,0.49,10,
708423,精材元大5B購11,0,0,0,---,---,---, ---,,,7.40,100,0.00,0,
708424,環球晶元大5B購05,"11,000",2,"46,900",4.30,4.30,4.26,4.26,-,0.6,4.08,1,0.00,0,
708425,世界國票5C購03,"191,000",14,"174,890",0.87,0.95,0.87,0.87,-,0.0,0.86,25,0.87,10,
708426,台半國票5C購01,0,0,0,---,---,---, ---,,,2.70,1,2.75,10,
708427,朋億*國票5C購01,"121,000",9,"340,040",2.69,2.83,2.64,2.83,-,0.01,2.74,25,2.77,10,
708428,群聯國票61購02,"16,000",2,"8,420",0.53,0.53,0.52,0.52,-,0.09,0.51,25,0.52,10,
708429,雷科國票5B購01,"2,000",2,"13,700",7.30,7.30,6.40,6.40,-,0.85,6.50,25,9.00,1,
708430,久元富邦61購03,"221,000",4,"59,670",0.27,0.27,0.27,0.27,+,0.01,0.26,110,0.27,28,
708431,久元富邦62購01,"1,000",1,300,0.30,0.30,0.30,0.30,+,0.01,0.29,10,0.30,28,
708432,合晶富邦62購01,0,0,0,---,---,---, ---,,,0.00,0,9.60,10,
708433,家登富邦61購02,"1,587,000",43,"936,700",0.60,0.66,0.54,0.60,-,0.09,0.59,10,0.60,28,
708434,家登富邦62購01,"166,000",4,"92,950",0.56,0.58,0.53,0.58,-,0.02,0.56,10,0.57,28,
708435,鈊象富邦61購02,0,0,0,---,---,---, ---,,,0.75,35,0.85,28,
708436,新盛力富邦61購03,"20,000",2,"26,400",1.32,1.32,1.32,1.32,-,0.02,1.27,10,1.32,10,
708437,群聯富邦62購03,"177,000",4,"99,180",0.57,0.57,0.55,0.56,-,0.08,0.54,10,0.55,28,
708438,環球晶富邦5C購03,0,0,0,---,---,---, ---,,,2.72,10,2.82,10,
708439,世界群益5B購07,"996,000",34,"1,433,940",1.40,1.53,1.31,1.39,-,0.03,0.68,73,0.00,0,
708440,立碁群益5C購01,"16,000",2,"6,250",0.37,0.40,0.37,0.40,-,0.04,0.36,3,0.00,0,
708441,合晶群益5B購02,0,0,0,---,---,---, ---,,,0.00,0,17.50,10,
708442,艾訊群益5B購02,"81,000",8,"80,930",0.98,1.10,0.97,1.03,+,0.01,0.46,21,1.09,1,
708443,家登群益61購02,"14,000",6,"8,320",0.58,0.72,0.55,0.72,-,0.06,0.64,100,0.67,100,
708444,新盛力群益5B購01,0,0,0,---,---,---, ---,,,0.66,15,0.00,0,
708445,群聯群益5B購04,"424,000",10,"184,730",0.44,0.44,0.42,0.43,-,0.09,0.42,10,0.52,10,
708446,環球晶群益5C購02,0,0,0,---,---,---, ---,,,0.00,0,7.50,10,
708447,久元凱基63購01,0,0,0,---,---,---, ---,,,0.33,10,0.34,10,
708448,世界凱基65購01,"566,000",10,"447,050",0.78,0.82,0.76,0.76,-,0.02,0.76,100,0.77,10,
708449,台半凱基5C購01,"8,000",4,"28,820",3.73,3.73,3.52,3.52,-,0.43,3.48,100,3.52,10,
708450,合晶凱基5B購02,0,0,0,---,---,---, ---,,,0.00,0,12.90,10,
708451,合晶凱基61購01,"1,000",1,"10,800",10.80,10.80,10.80,10.80,+,0.3,9.25,20,9.75,10,
708452,欣銓凱基64購01,"10,000",1,"6,700",0.67,0.67,0.67,0.67,+,0.09,0.67,100,0.68,30,
708453,金山電凱基5B購02,"78,000",1,"275,340",3.53,3.53,3.53,3.53,-,0.37,3.28,100,3.38,10,
708454,威剛凱基5B購06,"200,000",1,"80,000",0.40,0.40,0.40,0.40,-,0.05,0.40,100,0.41,50,
708455,胡連凱基5B購01,0,0,0,---,---,---, ---,,,0.55,10,0.59,10,
708456,家登凱基5B購04,"20,000",2,"7,750",0.40,0.40,0.35,0.35,-,0.16,0.40,100,0.50,10,
708457,新盛力凱基5B購02,0,0,0,---,---,---, ---,,,1.81,10,0.00,0,
708458,群聯凱基5B購03,"125,000",4,"48,000",0.38,0.39,0.38,0.38,-,0.13,0.37,110,0.38,30,
708459,鈺太凱基5B購02,0,0,0,---,---,---, ---,,,0.19,10,0.20,10,
708460,營邦凱基5B購01,"17,000",4,"3,220",0.19,0.19,0.18,0.18,-,0.02,0.17,150,0.18,9,
708461,營邦凱基5B購02,0,0,0,---,---,---, ---,,,0.26,100,0.27,50,
708462,營邦凱基5B購03,"42,000",4,"11,280",0.29,0.29,0.25,0.29,-,0.0,0.25,172,0.26,10,
708463,環球晶凱基5B購04,"73,000",13,"281,260",3.89,4.45,3.74,4.10,-,0.39,3.25,2,4.22,1,
708464,環球晶凱基5B購05,"3,000",1,"11,520",3.84,3.84,3.84,3.84,-,0.54,0.00,0,0.00,0,
708465,久元台新5B購01,"5,000",1,"1,450",0.29,0.29,0.29,0.29,+,0.01,0.28,25,0.29,10,
708466,久元台新5B購02,0,0,0,---,---,---, ---,,,0.14,25,0.15,10,
708467,世界台新5B購02,"1,000",1,860,0.86,0.86,0.86,0.86,+,0.04,0.82,25,0.92,10,
708468,華景電台新5B購02,"7,000",1,"5,740",0.82,0.82,0.82,0.82,-,0.08,0.79,25,0.80,10,
708469,華景電台新5B購03,"12,000",2,"7,020",0.59,0.59,0.57,0.57,-,0.07,0.57,25,0.58,10,
708470,環球晶台新5B購01,0,0,0,---,---,---, ---,,,10.90,25,11.90,10,
708471,環球晶台新5B購02,"24,000",11,"232,900",9.35,11.50,8.65,11.50,-,0.1,8.75,25,9.25,10,
708472,環球晶台新62購01,"8,000",1,"21,680",2.71,2.71,2.71,2.71,-,0.3,2.71,1,3.29,14,
708473,環球晶台新62購02,"77,000",35,"220,660",2.90,3.00,2.70,2.70,-,0.6,2.70,2,2.89,1,
708474,久元元大5B購02,0,0,0,---,---,---, ---,,,0.23,499,0.24,10,
708475,久元元大5B購03,0,0,0,---,---,---, ---,,,0.10,499,0.11,10,
708476,久元元大5B購04,0,0,0,---,---,---, ---,,,0.26,499,0.27,10,
708477,久元元大5B購05,0,0,0,---,---,---, ---,,,0.25,499,0.26,10,
708478,久元元大5B購06,"1,000",1,150,0.15,0.15,0.15,0.15,+,0.03,0.07,499,0.17,10,
708479,世禾元大5B購01,"133,000",6,"84,870",0.72,0.72,0.54,0.54,-,0.1,0.53,499,0.00,0,
708480,世界元大64購04,0,0,0,---,---,---, ---,,,1.06,25,1.16,10,
708481,合晶元大5B購02,0,0,0,---,---,---, ---,,,0.00,0,0.00,0,
708482,合晶元大5B購03,0,0,0,---,---,---, ---,,,0.00,0,11.70,10,
708483,合晶元大5B購04,0,0,0,---,---,---, ---,,,0.00,0,0.00,0,
708484,合晶元大5B購05,"4,000",2,"46,000",11.00,12.00,11.00,12.00,+,1.0,11.60,1,12.80,1,
708485,合晶元大64購01,"1,000",1,"8,000",8.00,8.00,8.00,8.00,-,0.4,0.00,0,7.55,10,
708486,合晶元大65購01,"26,000",18,"191,350",7.10,8.00,6.65,6.65,-,0.8,0.00,0,6.65,7,
708487,金山電元大5B購02,0,0,0,---,---,---, ---,,,3.97,150,0.00,0,
708488,金山電元大5B購03,0,0,0,---,---,---, ---,,,0.00,0,0.00,0,
708489,金山電元大5B購04,0,0,0,---,---,---, ---,,,0.00,0,3.28,4,
708490,群聯元大5B購08,"156,000",5,"60,040",0.38,0.40,0.37,0.40,-,0.11,0.40,17,0.93,2,
708491,群聯元大5B購09,"844,000",12,"266,060",0.33,0.33,0.31,0.31,-,0.16,0.31,499,0.32,10,
708492,營邦元大5B購01,"14,000",1,"5,040",0.36,0.36,0.36,0.36,-,0.03,0.36,499,0.37,10,
708493,營邦元大5B購02,0,0,0,---,---,---, ---,,,0.25,499,0.37,2,
708494,環球晶元大5B購06,"48,000",9,"236,970",4.87,5.20,4.60,4.64,-,0.71,4.64,19,4.74,10,
708495,環球晶元大5B購07,0,0,0,---,---,---, ---,,,5.70,25,6.55,2,
708496,環球晶元大5B購08,"5,000",1,"26,250",5.25,5.25,5.25,5.25,-,1.0,5.25,25,0.00,0,
708497,環球晶元大5B購09,"10,000",4,"28,530",2.79,3.00,2.79,3.00,+,0.02,2.51,1,3.00,7,
708498,環球晶元大61購02,"60,000",5,"168,380",2.68,2.93,2.68,2.86,-,0.44,2.85,1,0.00,0,
708499,環球晶元大64購01,"32,000",20,"89,310",2.70,2.96,2.69,2.85,-,0.15,2.80,5,2.85,1,
708500,譜瑞元大61購02,0,0,0,---,---,---, ---,,,1.12,499,1.13,10,
708501,威剛兆豐65購01,"117,000",5,"184,010",1.57,1.61,1.57,1.59,-,0.1,1.60,10,1.61,10,
708502,金山電國泰61購01,0,0,0,---,---,---, ---,,,5.45,10,5.75,10,
708503,群聯國泰62購01,"204,000",2,"181,560",0.90,0.90,0.88,0.88,-,0.14,0.88,499,0.89,100,
708504,群聯國泰63購01,"30,000",5,"35,000",1.19,1.19,1.14,1.18,-,0.14,1.15,504,1.16,100,
708505,群聯國泰63購02,"309,000",7,"293,720",0.95,0.96,0.94,0.94,-,0.15,0.92,499,0.93,100,
708506,雷科國泰5C購02,0,0,0,---,---,---, ---,,,12.40,10,13.00,10,
708507,環球晶國泰61購01,0,0,0,---,---,---, ---,,,5.65,10,5.95,10,
708508,環球晶國泰61購02,0,0,0,---,---,---, ---,,,6.55,10,6.85,10,
708509,久元國票5B購02,0,0,0,---,---,---, ---,,,0.16,25,0.17,10,
708510,久元國票5C購03,0,0,0,---,---,---, ---,,,0.23,25,0.24,10,
708511,久元國票5C購04,0,0,0,---,---,---, ---,,,0.23,25,0.24,10,
708512,合晶國票5B購01,"8,000",3,"85,700",10.60,11.20,10.60,11.20,+,0.2,9.75,25,0.00,0,
708513,合晶國票5C購01,"38,000",13,"373,800",11.10,11.10,9.35,9.35,-,1.75,0.00,0,9.35,2,
708514,金山電國票5C購02,"93,000",24,"242,340",2.65,2.79,2.45,2.47,-,0.29,2.47,27,2.51,10,
708515,環球晶國票5B購01,"20,000",4,"80,300",4.39,4.39,3.87,3.87,-,1.13,3.90,25,4.50,5,
708516,環球晶國票5C購01,"126,000",27,"658,890",5.20,5.50,4.80,4.80,-,0.9,4.80,7,4.88,10,
708517,世界富邦5B購02,"379,000",31,"170,600",0.45,0.48,0.43,0.43,-,0.02,0.43,10,0.44,28,
708518,精材富邦5B購01,0,0,0,---,---,---, ---,,,4.38,30,4.44,10,
708519,營邦富邦61購01,"418,000",10,"119,170",0.24,0.29,0.24,0.29,-,0.01,0.27,60,0.28,28,
708520,環球晶富邦5B購02,"15,000",3,"38,850",2.68,2.68,2.41,2.41,-,0.22,2.18,10,2.25,10,
708521,環球晶富邦61購01,"246,000",52,"607,250",2.31,2.74,2.31,2.44,-,0.31,2.41,1,2.58,3,
708522,中美晶群益5C購02,"164,000",14,"862,300",5.85,6.20,5.00,5.00,-,1.4,5.10,25,5.35,10,
708523,世界群益5B購08,"3,081,000",24,"2,668,280",0.88,0.93,0.83,0.85,-,0.02,0.78,20,0.85,2,
708524,朋程群益5B購01,"38,000",3,"50,030",1.35,1.35,1.25,1.25,-,0.15,1.25,499,1.30,4,
708525,金山電群益5B購01,0,0,0,---,---,---, ---,,,4.02,100,0.00,0,
708526,新盛力群益5B購02,0,0,0,---,---,---, ---,,,2.23,499,2.33,10,
708527,精材群益5B購02,"10,000",2,"121,500",12.80,12.80,11.50,11.50,-,1.9,12.00,25,12.70,10,
708528,臺慶科群益5B購01,0,0,0,---,---,---, ---,,,0.00,0,2.06,10,
708529,德微群益5B購01,"11,000",2,"37,890",3.44,3.49,3.44,3.49,-,0.14,1.41,7,0.00,0,
708530,營邦群益5B購01,"5,000",1,"1,750",0.35,0.35,0.35,0.35,-,0.04,0.18,420,0.43,10,
708531,營邦群益5B購02,"36,000",8,"10,930",0.29,0.32,0.29,0.30,-,0.05,0.29,10,0.32,190,
708532,環球晶群益5B購04,0,0,0,---,---,---, ---,,,0.56,100,0.00,0,
708533,譜瑞群益5C購02,"30,000",3,"31,500",1.02,1.08,1.02,1.05,-,0.07,1.05,100,1.07,100,
708534,中美晶凱基5B購02,"50,000",5,"248,300",5.20,5.20,4.94,4.94,+,0.24,4.57,50,4.67,10,
708535,世禾凱基5B購02,"568,000",15,"456,520",0.81,0.85,0.68,0.68,+,0.09,0.62,100,0.63,10,
708536,立碁凱基5C購01,0,0,0,---,---,---, ---,,,0.30,100,0.31,10,
708537,朋程凱基5B購01,0,0,0,---,---,---, ---,,,1.28,100,1.38,10,
708538,倚強凱基5B購01,"4,000",1,"4,560",1.14,1.14,1.14,1.14,-,0.16,1.09,10,1.10,10,
708539,原相凱基5B購03,0,0,0,---,---,---, ---,,,0.24,10,0.26,30,
708540,精材凱基5B購04,"4,000",1,"20,600",5.15,5.15,5.15,5.15,-,0.0,4.91,100,5.00,10,
708541,臺慶科凱基5B購01,0,0,0,---,---,---, ---,,,1.52,10,1.55,10,
708542,譜瑞凱基61購01,"280,000",6,"179,300",0.65,0.65,0.64,0.64,-,0.03,0.31,161,0.93,50,
708543,群聯永豐65購03,"601,000",13,"286,280",0.47,0.48,0.47,0.47,-,0.06,0.47,10,0.48,10,
708544,精材永豐63購01,"68,000",22,"230,030",3.32,3.58,3.24,3.24,-,0.26,3.20,1,0.00,0,
708545,世界兆豐61購01,"163,000",3,"153,820",0.97,0.97,0.94,0.94,-,0.03,0.94,10,0.95,10,
708546,譜瑞兆豐65購01,"1,000",1,"1,060",1.06,1.06,1.06,1.06,-,0.03,1.03,10,1.04,10,
708547,群聯群益67購01,"567,000",33,"326,670",0.60,0.60,0.56,0.56,-,0.08,0.57,10,0.67,10,
708548,精材群益5B購03,"1,000",1,"10,100",10.10,10.10,10.10,10.10,-,0.9,9.75,25,10.40,10,
708549,廣穎群益61購01,0,0,0,---,---,---, ---,,,0.00,0,0.00,0,
708550,世界元大63購03,"102,000",3,"141,900",1.39,1.45,1.39,1.45,+,0.03,1.42,25,1.52,12,
708551,新盛力元大61購02,0,0,0,---,---,---, ---,,,2.76,25,2.86,10,
708552,群聯元大5C購01,0,0,0,---,---,---, ---,,,0.71,12,1.40,10,
708553,譜瑞元大5B購01,0,0,0,---,---,---, ---,,,1.06,499,1.07,10,
708554,譜瑞元大5B購02,"10,000",1,"10,200",1.02,1.02,1.02,1.02,-,0.07,1.06,499,1.07,10,
708555,中美晶國泰61購01,0,0,0,---,---,---, ---,,,7.20,499,7.50,100,
708556,台半國泰5C購01,0,0,0,---,---,---, ---,,,3.94,499,4.00,10,
708557,欣銓國泰5C購02,"200,000",12,"313,540",1.44,1.82,1.42,1.82,+,0.35,1.69,10,1.71,10,
708558,立碁富邦5B購01,0,0,0,---,---,---, ---,,,0.12,30,0.13,28,
708559,欣銓富邦5B購02,"624,000",28,"300,870",0.43,0.55,0.43,0.52,+,0.08,0.51,10,0.52,27,
708560,威剛富邦5B購01,"20,000",1,"7,800",0.39,0.39,0.39,0.39,-,0.05,0.39,40,0.40,28,
708561,順達富邦5C購02,"203,000",3,"243,220",1.20,1.23,1.19,1.23,+,0.08,1.11,30,1.12,28,
708562,群聯富邦62購04,"628,000",20,"251,750",0.40,0.41,0.40,0.41,-,0.04,0.39,10,0.40,28,
708563,中美晶國票5C購01,"35,000",6,"115,610",3.44,3.44,3.20,3.23,-,0.46,2.99,25,3.09,10,
708564,台特化國票5C購01,0,0,0,---,---,---, ---,,,0.33,25,0.34,10,
708565,尼克森國票5B購01,"29,000",8,"77,220",2.54,2.79,2.54,2.72,+,0.17,2.68,25,2.73,10,
708566,立敦國票5B購01,"3,000",1,"11,100",3.70,3.70,3.70,3.70,+,0.3,3.95,25,4.05,10,
708567,美琪瑪國票5C購02,0,0,0,---,---,---, ---,,,0.34,25,0.35,10,
708568,宸曜國票5B購01,"42,000",2,"21,860",0.53,0.53,0.52,0.52,-,0.08,0.53,25,0.54,10,
708569,新盛力國票5C購01,0,0,0,---,---,---, ---,,,2.11,25,2.13,10,
708570,新漢國票5B購01,0,0,0,---,---,---, ---,,,0.62,25,0.63,10,
708571,群聯國票5C購01,"40,000",3,"17,000",0.42,0.43,0.42,0.42,-,0.07,0.41,25,0.42,10,
708572,世界凱基5B購03,"50,000",6,"60,130",1.17,1.23,1.16,1.23,+,0.1,1.14,100,1.16,10,
708573,家登凱基5B購05,"539,000",5,"180,860",0.26,0.34,0.26,0.30,-,0.08,0.31,50,0.37,499,
708574,創惟凱基5B購01,"430,000",12,"263,970",0.67,0.67,0.60,0.62,-,0.1,0.61,15,0.63,30,
708575,華宏凱基5B購01,0,0,0,---,---,---, ---,,,0.17,10,0.18,10,
708576,閎康凱基5B購02,0,0,0,---,---,---, ---,,,0.30,100,0.31,50,
708577,閎康凱基5B購03,"95,000",2,"19,950",0.21,0.21,0.21,0.21,-,0.0,0.20,100,0.21,50,
708578,閎康凱基5B購04,0,0,0,---,---,---, ---,,,0.39,100,0.40,50,
708579,群聯凱基5B購04,0,0,0,---,---,---, ---,,,0.40,10,0.70,20,
708580,群聯凱基5C購01,"120,000",2,"33,900",0.29,0.29,0.28,0.28,-,0.09,0.28,100,0.29,50,
708581,群聯凱基61購03,"65,000",5,"27,050",0.40,0.43,0.40,0.41,-,0.11,0.41,100,0.42,30,
708582,榮剛凱基5B購01,"98,000",11,"78,980",0.73,0.82,0.73,0.77,+,0.02,0.76,10,0.77,10,
708583,精材凱基5B購05,"181,000",19,"668,260",3.85,3.91,3.49,3.49,-,0.29,3.52,100,3.62,10,
708584,廣穎凱基5B購02,"3,000",1,"5,790",1.93,1.93,1.93,1.93,-,0.51,1.93,100,1.95,10,
708585,譜瑞凱基5B購02,"833,000",4,"234,240",0.28,0.29,0.28,0.28,-,0.03,0.28,100,0.29,50,
708586,美琪瑪富邦5B購01,0,0,0,---,---,---, ---,,,0.20,10,0.21,28,
708587,閎康富邦62購01,"25,000",1,"7,750",0.31,0.31,0.31,0.31,-,0.02,0.33,10,0.34,28,
708588,群聯富邦62購05,"272,000",7,"85,740",0.28,0.33,0.28,0.32,-,0.02,0.32,3,0.33,28,
708589,宏捷科兆豐65購01,"480,000",5,"331,800",0.71,0.71,0.66,0.66,-,0.07,0.66,10,0.67,10,
708590,群聯兆豐65購02,"325,000",30,"234,160",0.72,0.74,0.71,0.72,-,0.1,0.71,20,0.72,20,
708591,精材兆豐61購01,"212,000",13,"558,270",2.71,2.71,2.45,2.45,-,0.41,2.49,10,2.50,10,
708592,元太元大5B購02,"139,000",9,"167,500",1.19,1.24,1.18,1.18,-,0.12,1.17,499,1.18,10,
708593,世禾元大5B購02,"1,001,000",64,"874,800",0.85,0.96,0.73,0.73,-,0.09,0.73,498,1.38,3,
708594,欣銓元大5B購02,"449,000",20,"681,030",1.36,1.71,1.36,1.66,+,0.21,1.63,25,1.65,10,
708595,順達元大5B購03,0,0,0,---,---,---, ---,,,0.34,29,0.00,0,
708596,新盛力元大61購03,0,0,0,---,---,---, ---,,,1.97,25,0.00,0,
708597,群聯元大5B購10,"45,000",5,"32,170",0.72,0.72,0.71,0.71,-,0.13,0.70,499,0.71,10,
708598,群聯元大5B購11,"496,000",7,"153,760",0.31,0.31,0.31,0.31,-,0.07,0.31,499,0.32,10,
708599,群聯元大5B購12,"234,000",4,"95,980",0.41,0.42,0.41,0.42,-,0.07,0.40,499,0.41,10,
708600,群聯元大5B購13,0,0,0,---,---,---, ---,,,0.45,499,0.46,10,
708601,群聯元大5B購14,"21,000",2,"10,060",0.48,0.48,0.46,0.46,-,0.14,0.46,499,0.47,10,
708602,群聯元大5C購02,0,0,0,---,---,---, ---,,,0.39,499,0.40,10,
708603,群聯元大61購06,"9,000",1,"5,400",0.60,0.60,0.60,0.60,-,0.13,0.59,499,0.60,10,
708604,群聯元大63購03,"948,000",15,"303,810",0.32,0.33,0.31,0.31,-,0.06,0.31,509,0.32,10,
708605,精材元大61購07,"126,000",16,"621,090",5.20,5.35,4.79,4.82,-,0.58,4.90,150,4.92,10,
708606,譜瑞元大5B購03,0,0,0,---,---,---, ---,,,0.49,499,0.50,10,
708607,中美晶永豐65購01,"15,000",7,"34,300",2.31,2.31,2.27,2.27,-,0.22,2.20,5,2.24,10,
708608,台半永豐63購01,0,0,0,---,---,---, ---,,,1.51,10,1.99,16,
708609,茂達永豐61購01,0,0,0,---,---,---, ---,,,1.03,10,1.13,10,
708610,新盛力永豐63購01,"268,000",3,"312,960",1.12,1.17,1.12,1.17,-,0.04,1.14,10,1.15,10,
708611,群聯永豐5C購03,"892,000",10,"223,570",0.51,0.51,0.25,0.25,-,0.05,0.24,10,0.25,10,
708612,群聯永豐5C購04,"36,000",3,"10,640",0.30,0.30,0.29,0.29,-,0.04,0.28,10,0.29,10,
708613,精材永豐64購01,"417,000",20,"1,005,680",2.47,2.55,2.37,2.37,-,0.29,1.91,5,2.90,1,
708614,德微永豐63購01,0,0,0,---,---,---, ---,,,0.00,0,1.48,10,
708615,元太群益5B購03,"34,000",2,"32,040",0.94,0.98,0.94,0.98,-,0.03,0.88,10,0.98,8,
708616,方土昶群益5B購02,"60,000",4,"65,700",1.09,1.12,1.09,1.09,-,0.17,1.09,10,1.19,10,
708617,台半群益5B購01,0,0,0,---,---,---, ---,,,0.94,10,1.91,10,
708618,家登群益5B購03,"3,351,000",31,"905,110",0.25,0.33,0.24,0.30,-,0.05,0.29,199,0.31,100,
708619,閎康群益61購01,0,0,0,---,---,---, ---,,,0.02,10,0.00,0,
708620,陽程群益5B購02,"877,000",22,"1,562,360",1.48,1.86,1.48,1.85,+,0.26,1.81,25,1.85,9,
708621,順達群益5B購03,"498,000",2,"622,580",1.25,1.26,1.25,1.26,-,0.16,0.58,17,0.00,0,
708622,新盛力群益5B購03,"47,000",3,"49,750",1.07,1.08,1.05,1.05,-,0.07,0.49,20,0.00,0,
708623,群聯群益5B購05,0,0,0,---,---,---, ---,,,0.36,10,0.46,10,
708624,群聯群益61購04,"923,000",10,"282,840",0.31,0.32,0.30,0.32,-,0.04,0.31,10,0.41,10,
708625,榮剛群益5B購01,0,0,0,---,---,---, ---,,,0.04,10,0.37,10,
708626,精材群益5B購04,"3,000",1,"28,950",9.65,9.65,9.65,9.65,+,0.05,9.40,50,9.90,10,
708627,廣穎群益5B購02,"50,000",2,"122,760",2.46,2.46,2.44,2.44,+,0.05,1.52,6,0.00,0,
708628,譜瑞群益5B購02,"170,000",1,"90,100",0.53,0.53,0.53,0.53,-,0.01,0.51,100,0.52,100,
708629,元太凱基5B購04,"256,000",15,"152,300",0.60,0.62,0.56,0.58,-,0.08,0.57,100,0.58,10,
708630,元太凱基5B購05,"322,000",12,"223,700",0.68,0.71,0.66,0.68,-,0.07,0.66,100,0.67,10,
708631,閎康凱基61購02,0,0,0,---,---,---, ---,,,0.16,100,0.17,50,
708632,順達凱基5B購03,"159,000",3,"188,200",1.14,1.28,1.14,1.28,+,0.04,1.15,10,1.25,10,
708633,新盛力凱基61購01,"97,000",6,"96,550",1.01,1.05,0.96,1.05,-,0.0,0.99,10,1.00,10,
708634,譜瑞凱基5B購03,"112,000",3,"57,980",0.49,0.52,0.49,0.50,-,0.03,0.50,100,0.51,50,
708635,譜瑞凱基5B購04,"239,000",3,"86,050",0.37,0.37,0.36,0.36,-,0.01,0.35,100,0.36,50,
708636,中美晶元大63購02,"315,000",20,"1,452,690",5.05,5.05,4.45,4.45,-,0.65,4.47,150,4.57,10,
708637,沛亨元大5B購02,0,0,0,---,---,---, ---,,,0.20,499,0.30,10,
708638,威剛元大5B購08,0,0,0,---,---,---, ---,,,0.88,499,0.89,10,
708639,閎康元大5B購01,0,0,0,---,---,---, ---,,,0.14,499,0.15,10,
708640,順達元大5B購04,"3,000",1,"6,630",2.21,2.21,2.21,2.21,+,0.01,0.84,11,2.36,5,
708641,精材元大5B購12,0,0,0,---,---,---, ---,,,5.80,100,6.30,10,
708642,優群元大5B購01,0,0,0,---,---,---, ---,,,0.56,499,0.57,10,
708643,譜瑞元大5B購04,"593,000",4,"398,270",0.65,0.68,0.64,0.67,-,0.04,0.66,499,0.67,10,
708644,譜瑞元大5B購05,"499,000",9,"223,410",0.43,0.46,0.43,0.46,-,0.02,0.45,499,0.46,10,
708645,譜瑞元大5B購06,"365,000",6,"281,020",0.74,0.78,0.72,0.77,-,0.04,0.76,499,0.77,10,
708646,譜瑞元大5B購07,0,0,0,---,---,---, ---,,,0.37,499,0.38,10,
708647,台特化永豐61購01,0,0,0,---,---,---, ---,,,0.48,10,0.49,10,
708648,沛亨永豐5C購01,0,0,0,---,---,---, ---,,,0.17,58,0.00,0,
708649,金益鼎永豐5C購01,"58,000",1,"42,340",0.73,0.73,0.73,0.73,+,0.02,0.33,30,0.00,0,
708650,廣穎永豐61購01,"298,000",14,"279,610",0.98,0.98,0.92,0.92,-,0.13,0.92,10,0.93,10,
708651,中美晶富邦5B購01,"39,000",12,"117,260",3.27,3.27,2.90,2.90,-,0.46,2.73,30,2.83,10,
708652,元太富邦62購01,"1,386,000",7,"434,730",0.32,0.32,0.31,0.31,-,0.04,0.31,10,0.32,28,
708653,元太富邦62購02,"218,000",10,"160,900",0.72,0.74,0.69,0.71,-,0.06,0.71,10,0.72,28,
708654,系統電富邦5B購01,0,0,0,---,---,---, ---,,,0.22,10,0.23,28,
708655,新盛力富邦62購01,"463,000",20,"456,690",0.97,1.02,0.91,0.93,-,0.07,0.93,10,0.94,28,
708656,元太群益5B購04,0,0,0,---,---,---, ---,,,0.79,10,0.89,10,
708657,閎康群益5B購04,"60,000",2,"10,400",0.17,0.18,0.17,0.18,-,0.01,0.01,10,0.40,15,
708658,廣穎群益61購02,"184,000",4,"250,620",1.36,1.39,1.35,1.36,-,0.2,1.00,50,2.17,19,
708659,元太群益5B購05,0,0,0,---,---,---, ---,,,0.53,10,0.63,10,
708660,臺慶科群益5B購02,0,0,0,---,---,---, ---,,,0.57,17,1.09,10,
708661,元太元大5B購03,0,0,0,---,---,---, ---,,,0.36,499,0.37,10,
708662,元太元大5B購04,"50,000",1,"22,500",0.45,0.45,0.45,0.45,-,0.07,0.42,499,0.43,10,
708663,元太元大5B購05,0,0,0,---,---,---, ---,,,0.61,499,0.62,10,
708664,元太元大5B購06,0,0,0,---,---,---, ---,,,0.39,499,0.40,10,
708665,元太元大5B購07,"45,000",2,"33,000",0.72,0.74,0.72,0.74,-,0.07,0.69,499,0.70,10,
708666,元太元大5B購08,"53,000",4,"13,520",0.27,0.28,0.25,0.27,-,0.03,0.25,500,0.26,10,
708667,元太元大5B購09,"120,000",3,"38,900",0.32,0.33,0.32,0.32,-,0.04,0.30,499,0.31,10,
708668,元太元大5B購10,"210,000",6,"166,840",0.78,0.80,0.78,0.78,-,0.07,0.76,499,0.77,10,
708669,博盛元大5B購01,"70,000",3,"94,800",1.38,1.38,1.29,1.29,-,0.09,1.29,30,0.00,0,
708670,陽程元大63購02,"916,000",31,"996,140",0.98,1.17,0.97,1.14,+,0.07,1.13,499,1.14,10,
708671,新盛力元大5B購03,0,0,0,---,---,---, ---,,,1.10,25,1.20,10,
708672,元太永豐5C購01,0,0,0,---,---,---, ---,,,0.58,10,0.59,10,
708673,元太永豐61購01,0,0,0,---,---,---, ---,,,0.47,10,0.48,10,
708674,威剛永豐67購01,"1,000",1,930,0.93,0.93,0.93,0.93,-,0.05,0.92,10,0.93,10,
708675,智通*永豐61購01,"48,000",7,"95,350",1.95,2.01,1.95,2.01,+,0.06,2.04,10,2.13,10,
708676,閎康永豐61購01,0,0,0,---,---,---, ---,,,0.36,499,0.37,10,
708677,新漢永豐5C購01,0,0,0,---,---,---, ---,,,0.60,10,0.61,10,
708678,臺慶科永豐5C購01,"4,000",3,"3,680",0.96,0.96,0.90,0.90,-,0.09,0.87,10,0.88,10,
708679,凡甲凱基5C購01,0,0,0,---,---,---, ---,,,0.29,100,0.30,50,
708680,中美晶凱基5B購03,0,0,0,---,---,---, ---,,,3.85,499,3.95,10,
708681,元太凱基5B購06,"108,000",2,"35,440",0.32,0.33,0.32,0.33,-,0.04,0.31,100,0.32,30,
708682,威剛凱基5B購07,"98,000",8,"59,120",0.60,0.61,0.59,0.59,-,0.09,0.59,95,0.60,50,
708683,美琪瑪凱基5C購01,0,0,0,---,---,---, ---,,,0.42,10,0.43,10,
708684,陽程凱基5B購01,"221,000",9,"155,830",0.58,0.78,0.58,0.77,+,0.11,0.76,100,0.77,10,
708685,新盛力凱基5B購03,"472,000",18,"417,590",0.93,0.93,0.82,0.88,-,0.06,0.89,10,0.90,10,
708686,新盛力凱基61購02,"133,000",7,"139,500",1.05,1.06,1.00,1.00,-,0.11,1.06,10,1.07,10,
708687,精材凱基61購03,0,0,0,---,---,---, ---,,,3.17,100,3.27,10,
708688,凡甲台新5B購01,0,0,0,---,---,---, ---,,,0.85,25,0.86,10,
708689,凡甲台新5B購02,0,0,0,---,---,---, ---,,,0.55,25,0.56,10,
708690,凡甲台新5B購03,0,0,0,---,---,---, ---,,,0.41,25,0.42,10,
708691,中美晶台新5B購03,0,0,0,---,---,---, ---,,,7.35,25,7.50,10,
708692,元太台新5B購01,"13,000",2,"9,610",0.73,0.77,0.73,0.77,-,0.05,0.71,25,0.72,10,
708693,方土昶台新5B購01,0,0,0,---,---,---, ---,,,1.94,25,1.95,10,
708694,台特化台新5B購03,0,0,0,---,---,---, ---,,,0.88,25,0.90,10,
708695,閎康台新5B購01,0,0,0,---,---,---, ---,,,0.47,25,0.48,10,
708696,閎康台新5B購02,0,0,0,---,---,---, ---,,,0.31,25,0.32,10,
708697,閎康台新5B購03,0,0,0,---,---,---, ---,,,0.21,25,0.22,10,
708698,順達台新5B購03,"16,000",5,"34,850",2.07,2.23,2.06,2.06,-,0.0,2.04,25,2.05,10,
708699,臺慶科台新5B購02,"26,000",1,"80,600",3.10,3.10,3.10,3.10,-,0.48,3.10,25,3.12,10,
708700,凡甲國泰61購02,"86,000",1,"102,340",1.19,1.19,1.19,1.19,-,0.01,1.18,499,1.19,100,
708701,元太國泰5C購01,"70,000",2,"63,100",0.93,0.93,0.89,0.89,-,0.09,0.88,499,0.89,100,
708702,元太國泰5C購02,"30,000",2,"20,800",0.69,0.70,0.69,0.70,-,0.08,0.70,499,0.71,100,
708703,元太國泰5C購03,0,0,0,---,---,---, ---,,,0.54,499,0.55,100,
708704,台半富邦62購01,"158,000",16,"169,410",1.12,1.12,1.04,1.04,-,0.09,0.99,10,1.01,28,
708705,華景電富邦5B購01,0,0,0,---,---,---, ---,,,0.34,10,0.35,28,
708706,新盛力富邦61購04,"1,267,000",26,"1,014,320",0.82,0.87,0.76,0.82,-,0.02,0.79,10,0.80,28,
708707,德微富邦63購01,0,0,0,---,---,---, ---,,,1.28,10,1.38,10,
708708,雙鴻富邦61購01,"12,000",4,"5,610",0.48,0.48,0.45,0.46,+,0.01,0.46,10,0.47,28,
708709,元太國票5C購01,0,0,0,---,---,---, ---,,,0.43,25,0.44,10,
708710,元太國票5C購02,"41,000",2,"16,780",0.38,0.41,0.38,0.41,-,0.03,0.39,25,0.40,10,
708711,光頡國票5B購01,0,0,0,---,---,---, ---,,,4.92,25,5.10,10,
708712,光頡國票5B購02,"10,000",1,"58,500",5.85,5.85,5.85,5.85,-,0.75,5.75,25,5.85,10,
708713,朋程國票5B購01,"10,000",1,"10,800",1.08,1.08,1.08,1.08,-,0.11,0.96,25,0.00,0,
708714,閎康國票5C購01,0,0,0,---,---,---, ---,,,0.24,25,0.25,10,
708715,新盛力國票5B購02,"658,000",9,"715,860",1.08,1.17,1.07,1.07,-,0.09,1.06,25,1.07,10,
708716,中美晶台新5B購04,"3,000",3,"76,500",25.90,26.30,24.30,24.30,-,5.2,23.50,25,24.50,10,
708717,台半台新5B購01,0,0,0,---,---,---, ---,,,4.65,25,4.75,10,
708718,台半台新5B購02,"12,000",1,"54,240",4.52,4.52,4.52,4.52,-,0.43,4.26,25,4.32,10,
708719,台半台新5B購03,0,0,0,---,---,---, ---,,,2.62,25,2.72,10,
708720,光頡凱基5B購01,"7,000",2,"24,080",3.44,3.44,3.44,3.44,-,0.01,3.23,10,3.31,10,
708721,陽程凱基61購01,"348,000",10,"250,220",0.63,0.80,0.63,0.79,+,0.07,0.77,100,0.78,10,
708722,陽程凱基63購02,"366,000",18,"233,670",0.57,0.72,0.57,0.70,+,0.1,0.68,100,0.69,10,
708723,勤凱凱基5B購01,"30,000",3,"13,300",0.44,0.45,0.44,0.45,-,0.03,0.42,100,0.43,30,
708724,臺慶科凱基5B購02,"20,000",1,"14,800",0.74,0.74,0.74,0.74,-,0.38,0.66,10,0.74,20,
708725,擎亞凱基5B購02,0,0,0,---,---,---, ---,,,2.63,10,4.49,1,
708726,擎亞凱基5B購03,0,0,0,---,---,---, ---,,,2.63,10,2.73,10,
708727,台半元大63購02,0,0,0,---,---,---, ---,,,3.00,200,3.05,5,
708728,威剛元大5B購09,0,0,0,---,---,---, ---,,,0.78,499,0.79,10,
708729,博盛元大5B購02,0,0,0,---,---,---, ---,,,0.90,25,0.91,10,
708730,閎康元大5B購02,"577,000",6,"240,560",0.41,0.42,0.40,0.42,-,0.03,0.41,21,0.42,10,
708731,陽程元大5B購01,"1,996,000",32,"1,524,340",0.65,0.82,0.65,0.78,+,0.09,0.77,499,0.79,10,
708732,陽程元大5B購02,"2,154,000",18,"1,213,710",0.48,0.62,0.48,0.60,+,0.07,0.59,499,0.60,10,
708733,陽程元大65購02,"714,000",9,"358,190",0.44,0.53,0.44,0.52,+,0.02,0.51,499,0.52,10,
708734,勤凱元大5B購01,"52,000",1,"62,400",1.20,1.20,1.20,1.20,-,0.07,1.19,25,1.20,10,
708735,勤凱元大5B購02,0,0,0,---,---,---, ---,,,1.12,25,1.13,10,
708736,勤凱元大5B購03,0,0,0,---,---,---, ---,,,0.66,25,0.76,10,
708737,群翊元大5B購02,"194,000",4,"135,400",0.70,0.70,0.69,0.70,-,0.08,0.73,25,0.74,10,
708738,德微元大5B購01,0,0,0,---,---,---, ---,,,2.60,250,0.00,0,
708739,德微元大5B購02,0,0,0,---,---,---, ---,,,0.99,499,1.30,1,
708740,擎亞元大5B購03,0,0,0,---,---,---, ---,,,1.52,72,0.00,0,
708741,擎亞元大5B購04,0,0,0,---,---,---, ---,,,1.27,7,0.00,0,
708742,尼克森永豐5C購01,"105,000",2,"111,100",1.02,1.06,1.02,1.06,-,0.02,1.14,10,1.15,10,
708743,光頡永豐61購01,0,0,0,---,---,---, ---,,,0.00,0,4.42,1,
708744,翔名永豐5C購01,0,0,0,---,---,---, ---,,,1.26,10,1.28,10,
708745,陽程永豐5B購02,"985,000",18,"362,090",0.30,0.41,0.30,0.38,+,0.05,0.38,10,0.39,20,
708746,精材永豐61購02,"29,000",2,"81,450",2.80,2.85,2.80,2.85,+,0.05,2.07,4,0.00,0,
708747,臺慶科永豐65購01,0,0,0,---,---,---, ---,,,0.90,10,0.91,10,
708748,擎亞永豐5C購01,"26,000",5,"62,030",2.15,2.56,2.15,2.53,+,0.07,2.23,10,2.33,10,
708749,擎亞永豐61購01,0,0,0,---,---,---, ---,,,1.84,10,1.94,10,
708750,雙鴻永豐65購01,0,0,0,---,---,---, ---,,,0.77,10,0.78,10,
708751,精材富邦5B購02,"37,000",5,"106,570",2.87,2.95,2.73,2.93,-,0.02,2.70,30,2.75,10,
708752,博盛國泰5C購01,"195,000",3,"173,350",0.88,0.93,0.88,0.91,-,0.05,0.86,499,0.88,100,
708753,擎亞國泰61購01,0,0,0,---,---,---, ---,,,3.67,10,0.00,0,
708754,凡甲群益5B購02,0,0,0,---,---,---, ---,,,0.13,40,0.00,0,
708755,中美晶群益5B購03,"16,000",3,"131,950",8.20,8.30,8.20,8.25,-,1.6,8.20,25,8.50,10,
708756,正淩群益5B購01,0,0,0,---,---,---, ---,,,0.19,10,0.00,0,
708757,威剛群益61購02,"1,000",1,"1,400",1.40,1.40,1.40,1.40,+,0.06,1.21,10,1.31,10,
708758,陽程群益5B購03,"319,000",9,"163,110",0.44,0.58,0.44,0.54,+,0.06,0.54,25,0.57,10,
708759,聖暉*群益5B購02,"30,000",3,"46,800",1.54,1.64,1.50,1.64,+,0.13,0.74,13,0.00,0,
708760,精材群益5B購06,0,0,0,---,---,---, ---,,,0.00,0,4.47,10,
708761,擎亞群益5B購02,"1,000",1,"1,950",1.95,1.95,1.95,1.95,+,0.02,1.21,8,0.00,0,
708762,大中國票5B購01,"10,000",1,"18,900",1.89,1.89,1.89,1.89,-,0.15,1.74,25,1.75,10,
708763,世界國票5C購04,"31,000",2,"28,210",0.91,0.91,0.91,0.91,-,0.03,0.91,25,0.92,10,
708764,立端國票5C購01,"20,000",1,"9,800",0.49,0.49,0.49,0.49,-,0.01,0.46,25,0.47,10,
708765,均豪國票5B購01,"15,000",1,"7,050",0.47,0.47,0.47,0.47,+,0.06,0.45,25,0.46,10,
708766,沛亨國票5C購01,0,0,0,---,---,---, ---,,,0.52,25,0.53,10,
708767,威剛國票5C購03,0,0,0,---,---,---, ---,,,0.70,25,0.71,10,
708768,原相國票5B購02,0,0,0,---,---,---, ---,,,0.29,25,0.30,10,
708769,家碩國票5C購01,0,0,0,---,---,---, ---,,,0.42,25,0.44,10,
708770,博盛國票5B購02,"197,000",6,"102,120",0.54,0.54,0.50,0.50,-,0.07,0.50,25,0.51,10,
708771,博盛國票5C購01,"205,000",2,"143,700",0.74,0.74,0.70,0.70,-,0.07,0.70,25,0.71,10,
708772,博盛國票5C購02,"441,000",13,"319,880",0.71,0.73,0.69,0.69,-,0.07,0.67,25,0.69,10,
708773,陽程國票5B購01,"32,000",3,"21,090",0.66,0.69,0.63,0.69,+,0.09,0.68,25,0.69,10,
708774,新鉅科國票5C購01,"3,000",1,"2,070",0.69,0.69,0.69,0.69,-,0.01,0.69,25,0.70,10,
708775,聖暉*國票5C購01,"321,000",13,"455,750",1.42,1.46,1.38,1.42,+,0.04,1.42,25,1.43,10,
708776,榮剛國票5C購01,"120,000",3,"72,000",0.59,0.61,0.59,0.61,-,0.0,0.59,25,0.60,10,
708777,精材國票5C購02,"245,000",10,"610,640",2.53,2.84,2.40,2.52,-,0.46,2.54,25,2.57,10,
708778,臺慶科國票5C購02,"46,000",5,"40,580",0.91,0.91,0.87,0.87,-,0.06,0.81,25,0.84,10,
708779,廣閎科國票5C購01,"9,000",3,"17,420",1.94,1.94,1.93,1.93,-,0.03,1.78,25,1.86,10,
708780,擎亞國票5B購01,"44,000",6,"123,090",2.65,3.02,2.65,2.78,-,0.1,2.62,25,2.72,10,
708781,FH中5G凱基5B購01,"109,000",12,"211,300",1.86,1.98,1.81,1.93,-,0.25,1.84,3,1.90,10,
708782,世界凱基64購01,"78,000",3,"89,900",1.17,1.17,1.15,1.15,+,0.04,1.12,100,1.13,10,
708783,正淩凱基5B購02,0,0,0,---,---,---, ---,,,0.21,10,0.22,10,
708784,光頡凱基5B購02,0,0,0,---,---,---, ---,,,2.60,10,2.70,10,
708785,均豪凱基5B購02,"56,000",2,"16,240",0.29,0.29,0.29,0.29,-,0.04,0.31,100,0.32,10,
708786,沛亨凱基5B購02,"615,000",4,"267,450",0.43,0.46,0.43,0.46,-,0.04,0.44,10,0.45,50,
708787,群翊凱基5B購01,"10,000",1,"7,100",0.71,0.71,0.71,0.71,+,0.05,0.68,100,0.69,50,
708788,聖暉*凱基5B購04,"78,000",5,"92,330",1.15,1.32,1.13,1.28,+,0.16,1.18,100,1.28,37,
708789,精材凱基5B購06,"138,000",16,"331,760",2.49,2.52,2.18,2.20,-,0.21,2.29,100,2.30,10,
708790,精材凱基5B購07,"40,000",5,"82,690",2.22,2.22,1.92,2.22,-,0.04,2.05,100,2.15,10,
708791,精材凱基5C購02,"36,000",3,"87,520",2.27,2.44,2.27,2.44,+,0.01,2.32,100,2.33,10,
708792,精材凱基61購04,"117,000",7,"243,120",2.23,2.23,2.06,2.10,-,0.15,2.00,100,2.10,10,
708793,德微凱基5B購01,0,0,0,---,---,---, ---,,,2.07,100,2.17,10,
708794,世界中信5B購02,"2,136,000",48,"1,298,690",0.60,0.66,0.57,0.60,-,0.01,0.59,10,0.60,10,
708795,正淩永豐61購01,"66,000",1,"27,720",0.42,0.42,0.42,0.42,+,0.02,0.38,499,0.39,10,
708796,茂綸永豐61購01,"140,000",4,"68,700",0.50,0.50,0.49,0.49,-,0.03,0.49,10,0.50,10,
708797,神準永豐5C購01,"174,000",6,"136,440",0.79,0.79,0.77,0.77,-,0.06,0.77,10,0.79,10,
708798,精材永豐65購01,"501,000",10,"848,890",1.74,1.77,1.61,1.68,-,0.07,1.67,10,1.74,10,
708799,台半元大5B購01,0,0,0,---,---,---, ---,,,2.23,300,0.00,0,
708800,光頡元大5B購01,"2,000",1,"5,160",2.58,2.58,2.58,2.58,-,0.42,2.25,300,0.00,0,
708801,光頡元大5B購03,0,0,0,---,---,---, ---,,,0.00,0,2.85,10,
708802,聖暉*元大5B購03,0,0,0,---,---,---, ---,,,1.25,499,1.35,10,
708803,聖暉*元大5B購04,"266,000",8,"441,300",1.62,1.71,1.62,1.71,+,0.22,1.69,450,1.71,10,
708804,雷科元大5B購01,0,0,0,---,---,---, ---,,,0.00,0,8.25,1,
708805,精材元大5B購13,"69,000",15,"230,750",3.23,3.52,3.16,3.19,-,0.16,3.19,200,3.29,10,
708806,精材元大5B購14,0,0,0,---,---,---, ---,,,3.19,200,3.29,10,
708807,精材元大5B購15,0,0,0,---,---,---, ---,,,3.54,200,3.64,10,
708808,精材元大5B購16,0,0,0,---,---,---, ---,,,3.02,250,3.12,10,
708809,精材元大5B購17,0,0,0,---,---,---, ---,,,3.43,200,3.53,10,
708810,精材元大63購03,"31,000",5,"61,090",1.99,2.00,1.92,1.92,+,0.05,1.79,400,1.89,10,
708811,臺慶科元大63購01,"4,000",1,"3,360",0.84,0.84,0.84,0.84,-,0.07,0.72,499,0.82,10,
708812,世界台新5B購04,"1,914,000",103,"5,082,240",2.69,2.82,2.45,2.50,-,0.08,2.57,25,2.59,10,
708813,光頡台新5B購01,"4,000",1,"18,000",4.50,4.50,4.50,4.50,-,0.13,4.09,25,4.14,10,
708814,欣銓台新5B購03,"325,000",14,"426,460",1.17,1.48,1.17,1.41,+,0.14,1.43,25,1.44,10,
708815,欣銓台新5B購04,"729,000",28,"955,830",1.16,1.47,1.16,1.37,+,0.23,1.38,25,1.39,10,
708816,倚強台新5B購01,"6,000",2,"3,380",0.57,0.57,0.53,0.53,-,0.07,0.53,25,0.54,10,
708817,聖暉*台新5B購03,0,0,0,---,---,---, ---,,,1.45,25,1.55,10,
708818,榮剛台新5B購01,"31,000",4,"39,130",1.22,1.30,1.22,1.30,+,0.1,1.21,25,1.22,10,
708819,精材台新5B購04,"221,000",12,"1,072,920",5.10,5.10,4.56,5.00,-,0.25,4.74,25,4.84,10,
708820,精材台新5B購05,"35,000",4,"156,990",4.45,4.51,4.45,4.51,+,0.08,4.16,25,4.26,10,
708821,精材台新5C購01,"98,000",17,"388,810",4.36,4.36,3.81,3.93,-,0.39,3.88,25,3.98,10,
708822,臺慶科台新5B購03,0,0,0,---,---,---, ---,,,1.64,25,1.74,10,
708823,臺慶科台新5B購04,0,0,0,---,---,---, ---,,,1.41,25,1.51,10,
708824,伍豐國票5C購01,"64,000",8,"31,560",0.49,0.51,0.49,0.49,-,0.04,0.48,25,0.49,10,
708825,光頡國票5B購03,0,0,0,---,---,---, ---,,,0.00,0,3.82,10,
708826,翔名國票5C購02,"95,000",11,"119,190",1.17,1.32,1.10,1.29,+,0.07,1.28,25,1.29,10,
708827,聖暉*兆豐61購01,"202,000",4,"259,450",1.28,1.29,1.20,1.25,+,0.05,1.24,10,1.25,9,
708828,立敦群益5B購01,"396,000",20,"767,720",1.86,2.05,1.86,1.87,+,0.23,0.94,53,0.00,0,
708829,光頡群益5B購01,0,0,0,---,---,---, ---,,,0.00,0,3.53,10,
708830,金益鼎群益5B購01,"11,000",2,"3,740",0.34,0.34,0.34,0.34,-,0.02,0.12,10,0.00,0,
708831,茂綸群益5C購01,"234,000",3,"100,620",0.43,0.43,0.43,0.43,-,0.04,0.42,25,0.52,10,
708832,翔名群益5B購01,"345,000",16,"346,880",0.98,1.18,0.92,1.13,+,0.06,0.87,11,1.68,25,
708833,精材群益5B購07,"526,000",16,"2,221,870",4.55,4.55,3.80,3.98,-,0.97,3.98,3,3.99,10,
708834,千如國泰5C購01,"10,000",1,"43,800",4.38,4.38,4.38,4.38,+,0.13,4.00,10,4.10,10,
708835,聖暉*國泰5C購01,"83,000",7,"153,580",1.83,2.00,1.80,1.80,+,0.11,1.88,499,1.93,100,
708836,精材國泰5C購01,"5,000",2,"20,330",4.11,4.11,3.89,3.89,-,0.24,3.89,499,3.95,100,
708837,精材國泰5C購02,"8,000",3,"32,630",4.08,4.25,3.99,4.25,+,0.24,3.90,360,4.00,100,
708838,臺慶科國泰5C購01,"2,000",1,"3,760",1.88,1.88,1.88,1.88,-,0.36,1.85,10,1.95,10,
708839,萬泰科富邦63購01,"105,000",2,"52,600",0.52,0.52,0.50,0.50,-,0.06,0.51,10,0.52,28,
708840,中美晶元大5B購04,0,0,0,---,---,---, ---,,,4.39,150,0.00,0,
708841,台半元大5B購02,0,0,0,---,---,---, ---,,,0.00,0,3.65,3,
708842,光頡元大5B購04,0,0,0,---,---,---, ---,,,2.14,300,0.00,0,
708843,威剛元大5B購10,"92,000",16,"174,390",1.88,1.91,1.88,1.90,-,0.12,1.90,350,1.91,10,
708844,威剛元大5B購11,"13,000",3,"12,260",0.94,0.96,0.94,0.94,-,0.07,0.95,499,0.96,10,
708845,翔名元大5B購01,"1,289,000",21,"1,499,840",1.11,1.26,1.02,1.24,+,0.05,1.23,499,1.25,10,
708846,順達元大5B購05,"94,000",10,"250,360",2.62,2.75,2.58,2.58,-,0.18,1.45,6,0.00,0,
708847,新盛力元大5B購04,"264,000",9,"538,460",2.01,2.14,1.98,1.98,-,0.1,1.99,25,2.00,10,
708848,群翊元大5B購03,"201,000",9,"173,270",0.92,0.92,0.85,0.85,-,0.1,0.89,25,0.90,10,
708849,擎亞元大5B購05,"3,000",1,"4,740",1.58,1.58,1.58,1.58,-,0.0,1.13,102,2.29,10,
708850,擎亞元大5B購06,0,0,0,---,---,---, ---,,,1.28,7,2.28,5,
708851,久元凱基5B購03,0,0,0,---,---,---, ---,,,0.39,10,0.40,10,
708852,台半凱基5B購01,0,0,0,---,---,---, ---,,,1.93,100,2.03,10,
708853,立碁凱基5C購02,"18,000",1,"8,460",0.47,0.47,0.47,0.47,-,0.0,0.49,10,0.50,10,
708854,光頡凱基5B購03,0,0,0,---,---,---, ---,,,0.00,0,2.85,1,
708855,光頡凱基5B購04,0,0,0,---,---,---, ---,,,1.58,10,1.63,10,
708856,茂綸凱基5C購01,0,0,0,---,---,---, ---,,,0.67,10,0.70,10,
708857,翔名凱基5B購01,"190,000",6,"185,950",0.94,0.99,0.94,0.99,+,0.05,0.98,100,0.99,10,
708858,德微凱基5B購02,0,0,0,---,---,---, ---,,,1.28,100,1.38,10,
708859,立敦台新5B購01,0,0,0,---,---,---, ---,,,4.74,25,4.84,10,
708860,立敦台新5B購02,0,0,0,---,---,---, ---,,,3.77,25,3.87,10,
708861,沛亨台新5B購01,0,0,0,---,---,---, ---,,,0.89,25,0.99,10,
708862,沛亨台新5B購02,"12,000",1,"12,000",1.00,1.00,1.00,1.00,-,0.07,0.95,25,0.98,10,
708863,沛亨台新5B購03,0,0,0,---,---,---, ---,,,0.54,25,0.56,10,
708864,捷創台新5B購01,0,0,0,---,---,---, ---,,,0.52,25,0.54,10,
708865,新盛力台新5B購02,0,0,0,---,---,---, ---,,,1.55,25,1.57,10,
708866,新盛力台新5B購03,"12,000",2,"24,360",1.97,2.09,1.97,2.09,-,0.0,1.96,25,1.97,10,
708867,新盛力台新5C購01,"10,000",1,"27,100",2.71,2.71,2.71,2.71,-,0.04,2.60,25,2.70,10,
708868,新盛力台新62購02,"3,000",2,"6,480",2.14,2.20,2.14,2.20,-,0.08,2.10,25,2.20,10,
708869,中美晶中信5B購01,"79,000",10,"279,520",3.88,3.88,3.30,3.30,-,0.64,3.30,10,3.33,10,
708870,光頡中信5B購01,"343,000",30,"408,620",1.26,1.30,1.08,1.11,-,0.14,1.11,30,1.13,10,
708871,威剛中信65購01,0,0,0,---,---,---, ---,,,0.51,10,0.52,10,
708872,台半永豐61購01,0,0,0,---,---,---, ---,,,0.00,0,0.00,0,
708873,光頡永豐64購01,0,0,0,---,---,---, ---,,,1.92,10,0.00,0,
708874,雅特力永豐5B購01,"70,000",16,"262,860",3.74,3.81,3.63,3.79,-,0.01,3.70,1,4.72,4,
708875,千如國票5C購01,"119,000",14,"163,000",1.37,1.39,1.28,1.28,-,0.04,1.25,25,1.27,10,
708876,台半國票5C購02,0,0,0,---,---,---, ---,,,1.66,25,1.73,10,
708877,台星科國票5C購02,0,0,0,---,---,---, ---,,,0.70,25,0.72,10,
708878,光頡國票5C購01,"1,000",1,"2,640",2.64,2.64,2.64,2.64,-,1.11,2.64,1,0.00,0,
708879,均豪國票5B購02,"48,000",4,"25,210",0.50,0.53,0.50,0.52,-,0.05,0.52,25,0.53,10,
708880,亞通國票5B購01,"220,000",6,"189,900",0.88,0.88,0.83,0.83,-,0.03,0.80,25,0.82,10,
708881,金益鼎國票5C購01,0,0,0,---,---,---, ---,,,0.39,25,0.40,10,
708882,能率國票5C購01,"6,000",1,"4,800",0.80,0.80,0.80,0.80,-,0.05,0.76,25,0.77,10,
708883,晶焱國票5B購01,"24,000",2,"13,440",0.56,0.56,0.56,0.56,-,0.14,0.56,21,0.66,10,
708884,智通*國票5B購02,0,0,0,---,---,---, ---,,,1.15,25,1.19,10,
708885,翔名國票5C購03,"78,000",6,"72,040",0.85,1.01,0.84,1.01,+,0.05,1.00,25,1.01,10,
708886,雅特力國票5C購01,"258,000",35,"966,960",3.76,3.90,3.50,3.69,+,0.07,3.69,25,3.79,10,
708887,萬泰科國票5C購01,0,0,0,---,---,---, ---,,,0.73,25,0.74,10,
708888,雷科國票5B購02,"67,000",10,"251,960",3.67,3.77,3.67,3.74,+,0.28,3.11,25,3.19,10,
708889,德微國票5C購01,"348,000",10,"666,490",1.87,2.00,1.81,1.92,-,0.11,1.90,25,1.91,10,
708890,擎亞國票5B購02,"30,000",3,"65,600",2.11,2.27,2.11,2.18,-,0.09,2.07,25,2.17,10,
708891,久元群益61購02,0,0,0,---,---,---, ---,,,0.39,10,0.49,10,
708892,世界群益62購02,"712,000",17,"771,740",1.06,1.13,1.04,1.04,-,0.02,0.95,10,0.00,0,
708893,立碁群益5B購01,0,0,0,---,---,---, ---,,,0.45,499,0.55,10,
708894,光頡群益5B購02,"69,000",1,"161,460",2.34,2.34,2.34,2.34,-,0.9,2.34,1,0.00,0,
708895,均豪群益5B購02,"175,000",6,"188,850",1.08,1.12,1.01,1.12,-,0.06,0.47,10,0.00,0,
708896,擎亞群益5C購01,"4,000",1,"4,880",1.22,1.22,1.22,1.22,-,0.15,0.82,12,1.95,2,
708897,雷科國泰61購01,0,0,0,---,---,---, ---,,,5.70,10,6.00,10,
708898,寶雅富邦61購01,"269,000",13,"436,050",1.64,1.65,1.59,1.59,-,0.26,1.58,10,1.60,28,
708899,凡甲統一65購01,0,0,0,---,---,---, ---,,,0.39,10,0.40,10,
708900,久元統一65購01,"5,000",1,"1,550",0.31,0.31,0.31,0.31,-,0.0,0.31,10,0.32,10,
708901,久元統一65購02,0,0,0,---,---,---, ---,,,0.43,10,0.44,10,
708902,大中統一63購01,"108,000",3,"144,300",1.28,1.34,1.28,1.34,-,0.09,1.23,10,1.29,10,
708903,大中統一65購01,0,0,0,---,---,---, ---,,,1.13,10,1.16,10,
708904,世界統一64購02,"2,234,000",80,"2,108,740",0.90,0.99,0.90,0.94,+,0.01,0.93,10,0.94,10,
708905,世界統一65購01,"615,000",14,"499,640",0.80,0.83,0.78,0.78,-,0.02,0.79,10,0.80,10,
708906,世界統一65購02,"209,000",5,"150,210",0.71,0.73,0.69,0.69,-,0.0,0.70,10,0.71,10,
708907,尼克森統一63購01,"11,000",2,"11,660",0.96,1.07,0.96,1.07,+,0.09,1.03,10,1.04,10,
708908,立敦統一63購01,"2,000",1,"3,360",1.68,1.68,1.68,1.68,+,0.29,1.55,10,1.65,10,
708909,立敦統一65購01,"30,000",3,"42,910",1.43,1.45,1.36,1.36,+,0.11,1.36,10,1.38,10,
708910,立敦統一65購02,"137,000",2,"201,040",1.42,1.47,1.42,1.47,+,0.24,1.38,10,1.40,10,
708911,立敦統一66購01,"183,000",8,"129,330",0.66,0.79,0.66,0.74,+,0.08,0.71,10,0.72,10,
708912,光頡統一63購01,"2,000",2,"4,860",2.43,2.43,2.43,2.43,-,0.44,0.00,0,0.00,0,
708913,光頡統一65購01,"283,000",13,"346,260",1.25,1.37,1.14,1.14,-,0.12,1.13,10,1.36,10,
708914,光頡統一65購02,"570,000",12,"430,000",0.76,0.76,0.70,0.72,-,0.1,0.70,10,0.71,10,
708915,安葆統一75購01,0,0,0,---,---,---, ---,,,0.00,0,0.81,10,
708916,艾訊統一65購01,"957,000",7,"409,070",0.42,0.44,0.42,0.42,-,0.0,0.42,10,0.43,10,
708917,邑錡統一65購01,"265,000",22,"197,660",0.79,0.79,0.73,0.73,-,0.09,0.73,10,0.74,10,
708918,亞通統一65購01,"2,000",2,"1,330",0.68,0.68,0.65,0.65,-,0.01,0.63,10,0.64,10,
708919,欣銓統一63購01,"1,000",1,780,0.78,0.78,0.78,0.78,+,0.09,0.75,10,0.78,10,
708920,欣銓統一65購02,"171,000",5,"105,530",0.60,0.68,0.60,0.68,+,0.06,0.66,10,0.67,10,
708921,欣銓統一67購01,"578,000",23,"689,810",1.09,1.26,1.08,1.25,+,0.15,1.23,10,1.24,10,
708922,欣銓統一69購01,"1,000",1,900,0.90,0.90,0.90,0.90,+,0.07,0.89,10,0.90,10,
708923,威剛統一64購02,"1,526,000",11,"845,050",0.55,0.56,0.55,0.55,-,0.07,0.55,20,0.56,10,
708924,威剛統一65購01,"52,000",4,"27,040",0.52,0.52,0.52,0.52,-,0.03,0.52,10,0.53,10,
708925,威剛統一65購02,"38,000",6,"26,820",0.70,0.72,0.70,0.72,-,0.03,0.70,10,0.71,10,
708926,威剛統一65購03,"20,000",2,"11,400",0.57,0.57,0.57,0.57,-,0.03,0.56,10,0.57,10,
708927,威剛統一69購01,"45,000",6,"22,070",0.49,0.50,0.48,0.49,-,0.03,0.48,102,0.49,10,
708928,茂達統一64購01,"5,000",1,"4,450",0.89,0.89,0.89,0.89,-,0.07,0.91,10,0.94,10,
708929,茂綸統一63購01,"310,000",4,"152,020",0.50,0.50,0.49,0.49,-,0.06,0.49,12,0.51,10,
708930,翔名統一63購01,"1,673,000",36,"1,464,670",0.84,0.95,0.79,0.92,+,0.05,0.91,10,0.92,10,
708931,翔名統一65購01,"1,389,000",24,"1,037,680",0.71,0.79,0.69,0.79,+,0.03,0.78,10,0.79,10,
708932,閎康統一65購01,0,0,0,---,---,---, ---,,,0.39,10,0.40,10,
708933,閎康統一65購02,0,0,0,---,---,---, ---,,,0.49,10,0.50,10,
708934,順達統一65購02,"40,000",3,"32,780",0.83,0.83,0.80,0.80,-,0.06,0.82,10,0.83,10,
708935,新盛力統一69購01,"81,000",3,"57,530",0.69,0.73,0.69,0.73,+,0.01,0.68,10,0.69,10,
708936,聖暉*統一63購02,0,0,0,---,---,---, ---,,,1.02,10,1.06,10,
708937,臺慶科統一63購01,"97,000",4,"93,670",1.01,1.01,0.95,0.95,-,0.12,0.93,10,0.94,10,
708938,臺慶科統一65購01,"3,000",1,"2,100",0.70,0.70,0.70,0.70,-,0.08,0.70,10,0.71,10,
708939,擎亞統一67購01,"200,000",4,"165,040",0.80,0.87,0.78,0.87,+,0.02,0.70,2,1.00,100,
708940,中美晶凱基5B購04,0,0,0,---,---,---, ---,,,5.00,499,5.50,10,
708941,世界凱基63購01,"400,000",12,"527,090",1.25,1.35,1.25,1.28,-,0.0,1.27,79,1.28,10,
708942,台半凱基61購01,0,0,0,---,---,---, ---,,,1.76,100,1.81,10,
708943,台星科凱基5C購01,"69,000",3,"45,520",0.68,0.75,0.65,0.75,+,0.04,0.73,10,0.76,10,
708944,均豪凱基5B購03,"36,000",2,"19,800",0.55,0.55,0.55,0.55,-,0.02,0.58,100,0.59,10,
708945,威剛凱基5B購08,"213,000",5,"165,470",0.78,0.78,0.77,0.78,-,0.07,0.78,125,0.79,50,
708946,德微凱基5C購01,0,0,0,---,---,---, ---,,,1.20,100,1.30,10,
708947,擎亞凱基5B購04,0,0,0,---,---,---, ---,,,1.74,10,2.33,2,
708948,順達台新61購01,0,0,0,---,---,---, ---,,,2.90,25,3.00,10,
708949,鈊象台新5B購04,0,0,0,---,---,---, ---,,,1.43,25,1.53,10,
708950,優群台新5B購02,"5,000",1,"4,100",0.82,0.82,0.82,0.82,-,0.09,0.81,25,0.82,10,
708951,中美晶元大5B購05,"26,000",6,"114,430",4.71,4.71,4.20,4.20,-,0.49,4.06,150,4.16,10,
708952,台半元大5B購03,"8,000",1,"10,800",1.35,1.35,1.35,1.35,-,0.27,1.33,450,0.00,0,
708953,均豪元大5B購03,0,0,0,---,---,---, ---,,,0.37,499,0.47,10,
708954,威剛元大5B購12,"3,000",1,"3,690",1.23,1.23,1.23,1.23,-,0.08,1.23,499,1.24,10,
708955,威剛元大5B購13,0,0,0,---,---,---, ---,,,1.04,499,1.05,10,
708956,順達元大5B購06,"362,000",19,"1,225,670",3.33,3.55,3.25,3.25,-,0.3,2.24,4,0.00,0,
708957,新盛力元大5B購05,0,0,0,---,---,---, ---,,,1.20,25,1.30,10,
708958,雷科元大5B購02,0,0,0,---,---,---, ---,,,2.96,3,5.85,20,
708959,雷科元大5B購03,"8,000",3,"36,890",4.66,4.66,4.54,4.61,+,0.31,3.80,2,0.00,0,
708960,雷科元大5B購04,0,0,0,---,---,---, ---,,,0.00,0,5.55,1,
708961,擎亞元大5B購07,0,0,0,---,---,---, ---,,,1.08,11,0.00,0,
708962,點序元大5B購01,0,0,0,---,---,---, ---,,,0.18,499,0.19,10,
708963,台半永豐5C購02,0,0,0,---,---,---, ---,,,1.30,10,1.40,10,
708964,凌陽創永豐61購01,"62,000",2,"36,060",0.59,0.59,0.58,0.58,-,0.04,0.56,10,0.58,10,
708965,萬泰科永豐61購01,0,0,0,---,---,---, ---,,,0.74,10,0.75,10,
708966,久元群益5B購01,"50,000",1,"11,000",0.22,0.22,0.22,0.22,-,0.01,0.24,10,0.34,10,
708967,均豪群益5B購03,"96,000",2,"65,320",0.67,0.69,0.67,0.69,-,0.04,0.23,10,0.00,0,
708968,佳邦群益5B購01,"14,000",1,"10,500",0.75,0.75,0.75,0.75,-,0.12,0.02,10,0.83,10,
708969,朋程群益5B購02,0,0,0,---,---,---, ---,,,0.74,20,0.78,10,
708970,欣銓群益5B購03,"84,000",6,"101,000",1.18,1.46,1.18,1.36,+,0.19,0.59,10,1.50,2,
708971,鈊象群益5B購03,"51,000",6,"49,780",0.99,0.99,0.97,0.98,-,0.0,0.26,10,0.00,0,
708972,鈺太群益5B購01,0,0,0,---,---,---, ---,,,0.21,10,0.31,10,
708973,德微群益5B購03,"308,000",9,"499,640",1.60,1.66,1.60,1.61,-,0.14,0.87,11,0.00,0,
708974,雙鴻群益5B購08,0,0,0,---,---,---, ---,,,0.31,10,0.00,0,
708975,久元統一65購03,0,0,0,---,---,---, ---,,,0.32,10,0.33,10,
708976,久元統一65購04,0,0,0,---,---,---, ---,,,0.35,10,0.36,10,
708977,台半統一63購01,0,0,0,---,---,---, ---,,,1.14,10,1.24,10,
708978,台半統一65購01,"462,000",7,"324,550",0.72,0.72,0.68,0.70,-,0.04,0.66,10,0.67,10,
708979,台半統一69購01,"224,000",5,"150,520",0.68,0.68,0.65,0.65,-,0.04,0.64,11,0.65,10,
708980,台星科統一65購01,"50,000",1,"29,500",0.59,0.59,0.59,0.59,-,0.0,0.59,10,0.60,10,
708981,立敦統一65購03,"278,000",11,"316,220",1.11,1.22,1.11,1.20,+,0.15,1.16,10,1.17,10,
708982,沛亨統一69購01,0,0,0,---,---,---, ---,,,0.47,10,0.48,10,
708983,良維統一5B購01,0,0,0,---,---,---, ---,,,0.38,10,0.39,10,
708984,欣銓統一65購03,"43,000",1,"29,670",0.69,0.69,0.69,0.69,+,0.07,0.70,10,0.71,10,
708985,金益鼎統一65購02,"34,000",2,"15,980",0.47,0.47,0.47,0.47,-,0.0,0.46,10,0.47,10,
708986,威剛統一5B購02,"3,000",1,"1,290",0.43,0.43,0.43,0.43,-,0.03,0.44,10,0.45,10,
708987,威剛統一65購04,"107,000",3,"81,320",0.76,0.76,0.76,0.76,-,0.03,0.76,10,0.77,10,
708988,茂達統一65購01,"230,000",5,"206,600",0.88,0.91,0.87,0.90,-,0.04,0.90,10,0.91,10,
708989,茂綸統一65購01,"121,000",2,"60,500",0.50,0.50,0.50,0.50,-,0.01,0.49,10,0.50,10,
708990,閎康統一63購02,0,0,0,---,---,---, ---,,,0.34,10,0.35,10,
708991,聖暉*統一65購02,"702,000",22,"836,570",1.16,1.24,1.13,1.17,+,0.02,1.18,10,1.19,10,
708992,德微統一63購02,"285,000",26,"218,200",0.70,0.80,0.70,0.76,-,0.05,0.74,10,0.75,10,
708993,德微統一75購01,"784,000",9,"615,060",0.79,0.81,0.75,0.81,+,0.01,0.78,10,0.79,10,
708994,擎亞統一63購01,0,0,0,---,---,---, ---,,,1.15,10,1.22,10,
708995,擎亞統一65購01,0,0,0,---,---,---, ---,,,0.85,10,0.86,10,
708996,擎亞統一66購01,0,0,0,---,---,---, ---,,,0.99,10,1.00,10,
708997,鑫科統一69購01,0,0,0,---,---,---, ---,,,0.43,10,0.44,10,
708998,台半國票5C購03,0,0,0,---,---,---, ---,,,1.25,25,1.31,10,
708999,安葆國票5C購02,0,0,0,---,---,---, ---,,,0.37,25,0.38,10,
709000,欣銓國票5C購02,"2,000",2,"2,510",1.24,1.27,1.24,1.27,+,0.17,1.26,25,1.28,10,
709001,泓格國票5B購01,"299,000",17,"271,520",0.80,1.30,0.80,1.30,+,0.51,1.06,10,1.30,10,
709002,泓格國票5C購01,0,0,0,---,---,---, ---,,,1.19,25,1.49,5,
709003,雷科國票5B購04,"100,000",9,"438,850",4.38,4.53,4.28,4.53,+,0.23,3.79,25,3.89,10,
709004,漢達國票5C購01,0,0,0,---,---,---, ---,,,0.83,25,0.84,10,
709005,德微國票5C購02,"321,000",7,"468,320",1.41,1.48,1.41,1.45,-,0.06,1.43,25,1.44,10,
709006,大中台新5B購01,0,0,0,---,---,---, ---,,,2.79,25,2.81,10,
709007,元債20台新5B購01,0,0,0,---,---,---, ---,,,2.24,25,2.25,10,
709008,立敦台新5B購03,"28,000",2,"144,440",4.83,5.75,4.83,5.75,+,1.35,5.25,25,5.75,10,
709009,佳邦台新5B購01,"5,000",2,"7,400",1.52,1.52,1.42,1.42,-,0.04,1.37,25,1.38,10,
709010,博大台新5B購01,"1,000",1,"1,190",1.19,1.19,1.19,1.19,-,0.01,1.24,25,1.34,10,
709011,立敦凱基5B購01,"65,000",7,"135,110",1.93,2.20,1.93,2.06,+,0.41,1.99,100,2.03,10,
709012,安葆凱基5C購02,0,0,0,---,---,---, ---,,,0.46,10,0.47,10,
709013,佳邦凱基5C購01,"23,000",4,"31,440",1.41,1.42,1.35,1.35,-,0.14,1.30,10,1.31,30,
709014,朋程凱基5B購02,0,0,0,---,---,---, ---,,,0.86,100,0.96,10,
709015,威剛凱基5C購02,"9,000",1,"7,110",0.79,0.79,0.79,0.79,-,0.08,0.78,100,0.79,50,
709016,茂達凱基5B購01,0,0,0,---,---,---, ---,,,0.99,10,1.09,10,
709017,鈊象凱基5B購02,0,0,0,---,---,---, ---,,,1.03,100,1.04,10,
709018,鈺太凱基5B購03,0,0,0,---,---,---, ---,,,0.28,10,0.29,10,
709019,臺慶科凱基63購01,0,0,0,---,---,---, ---,,,0.83,100,0.84,10,
709020,德微凱基5B購03,"8,000",3,"6,310",0.73,0.82,0.73,0.82,+,0.05,0.72,100,0.82,5,
709021,擎亞凱基5B購05,0,0,0,---,---,---, ---,,,1.90,10,2.00,10,
709022,雙鴻凱基61購03,"11,000",2,"7,710",0.69,0.71,0.69,0.71,+,0.02,0.70,100,0.71,30,
709023,中美晶群益5B購04,0,0,0,---,---,---, ---,,,8.70,25,9.05,10,
709024,世界群益61購01,"384,000",17,"455,480",1.14,1.21,1.13,1.13,+,0.01,0.86,11,0.00,0,
709025,台半群益5B購02,0,0,0,---,---,---, ---,,,0.00,0,2.02,10,
709026,台半群益5B購03,"90,000",2,"245,500",2.79,2.79,2.72,2.72,-,0.34,2.69,100,2.74,100,
709027,均豪群益5B購04,0,0,0,---,---,---, ---,,,0.93,499,1.03,10,
709028,威剛群益5B購03,"9,000",1,"12,690",1.41,1.41,1.41,1.41,-,0.19,1.44,10,1.54,10,
709029,茂達群益5B購01,0,0,0,---,---,---, ---,,,1.21,9,1.76,10,
709030,智通*群益5B購01,"801,000",41,"1,290,800",1.97,1.97,1.52,1.72,-,0.25,1.05,47,1.76,10,
709031,華宏群益5B購01,0,0,0,---,---,---, ---,,,0.38,25,0.41,10,
709032,新盛力群益61購01,"102,000",6,"240,520",2.35,2.45,2.24,2.38,-,0.1,2.13,6,3.30,5,
709033,擎亞群益65購01,"12,000",2,"17,340",1.45,1.45,1.42,1.42,-,0.01,1.00,10,1.86,20,
709034,台半元大5B購04,0,0,0,---,---,---, ---,,,2.70,250,2.80,10,
709035,正淩元大5B購02,"531,000",3,"251,180",0.46,0.52,0.46,0.52,+,0.05,0.47,25,0.48,10,
709036,金益鼎元大5B購01,"155,000",4,"48,100",0.31,0.32,0.31,0.31,-,0.0,0.31,499,0.32,10,
709037,威剛元大5B購14,"60,000",2,"349,000",5.80,5.90,5.80,5.90,-,0.35,5.90,100,5.95,10,
709038,原相元大5B購02,0,0,0,---,---,---, ---,,,0.34,25,0.35,10,
709039,順達元大5B購07,"25,000",6,"327,400",12.60,13.40,12.60,13.40,-,0.6,9.65,1,0.00,0,
709040,雷科元大5B購05,0,0,0,---,---,---, ---,,,3.75,2,0.00,0,
709041,德微元大5B購03,0,0,0,---,---,---, ---,,,1.44,499,1.54,10,
709042,擎亞元大5B購08,0,0,0,---,---,---, ---,,,1.28,7,0.00,0,
709043,寶雅元大5B購01,"104,000",8,"160,540",1.63,1.63,1.48,1.51,-,0.2,1.41,450,1.46,10,
709044,威剛國泰5C購01,0,0,0,---,---,---, ---,,,1.78,499,1.79,100,
709045,威剛國泰5C購02,"4,000",3,"6,270",1.57,1.57,1.56,1.56,-,0.11,1.56,499,1.57,100,
709046,威剛國泰5C購03,"1,000",1,"1,360",1.36,1.36,1.36,1.36,-,0.1,1.35,499,1.36,100,
709047,擎亞國泰62購01,0,0,0,---,---,---, ---,,,3.51,10,3.56,10,
709048,久元富邦61購04,0,0,0,---,---,---, ---,,,0.32,10,0.33,28,
709049,台半富邦62購02,"5,000",1,"5,400",1.08,1.08,1.08,1.08,-,0.07,1.05,5,1.08,5,
709050,閎康富邦61購01,0,0,0,---,---,---, ---,,,0.41,10,0.42,28,
709051,新盛力富邦61購05,"238,000",24,"383,820",1.61,1.67,1.55,1.58,-,0.09,1.57,10,1.58,10,
709052,擎亞富邦5C購01,0,0,0,---,---,---, ---,,,1.47,10,1.57,10,
709053,久元統一65購05,0,0,0,---,---,---, ---,,,0.34,100,0.35,10,
709054,正淩統一65購02,0,0,0,---,---,---, ---,,,0.27,10,0.28,10,
709055,正淩統一69購01,0,0,0,---,---,---, ---,,,0.51,10,0.52,10,
709056,立敦統一65購04,"2,000",1,"2,200",1.10,1.10,1.10,1.10,+,0.15,1.08,10,1.09,10,
709057,沛亨統一65購01,0,0,0,---,---,---, ---,,,0.42,10,0.44,10,
709058,朋程統一63購01,0,0,0,---,---,---, ---,,,0.72,20,0.73,10,
709059,欣銓統一5B購01,"46,000",2,"34,960",0.76,0.76,0.76,0.76,+,0.04,0.84,10,0.85,10,
709060,欣銓統一65購04,"335,000",8,"219,320",0.63,0.73,0.62,0.71,+,0.07,0.72,10,0.73,10,
709061,茂達統一65購02,0,0,0,---,---,---, ---,,,0.71,10,0.72,10,
709062,凌陽創統一63購01,"199,000",3,"89,090",0.45,0.45,0.44,0.44,-,0.04,0.43,10,0.44,10,
709063,閎康統一65購03,0,0,0,---,---,---, ---,,,0.46,10,0.47,10,
709064,新漢統一61購01,0,0,0,---,---,---, ---,,,0.44,10,0.45,10,
709065,德微統一5B購01,"539,000",15,"340,940",0.63,0.67,0.61,0.63,-,0.04,0.62,10,0.63,10,
709066,德微統一65購01,0,0,0,---,---,---, ---,,,0.90,2,0.96,7,
709067,德微統一65購02,"352,000",2,"226,640",0.64,0.66,0.64,0.66,+,0.02,0.62,10,0.63,10,
709068,擎亞統一63購02,0,0,0,---,---,---, ---,,,0.96,10,0.98,10,
709069,擎亞統一65購02,"50,000",1,"47,500",0.95,0.95,0.95,0.95,-,0.1,0.95,10,0.96,10,
709070,鑫科統一64購01,"810,000",4,"384,750",0.46,0.49,0.46,0.49,-,0.01,0.46,10,0.47,10,
709071,立敦永豐61購01,"38,000",7,"79,210",1.94,2.48,1.94,2.21,+,0.33,2.07,10,2.09,10,
709072,佳邦永豐63購01,"9,000",2,"11,570",1.29,1.29,1.25,1.25,+,0.04,1.19,10,1.20,10,
709073,威剛永豐5B購02,"4,000",1,"2,960",0.74,0.74,0.74,0.74,-,0.05,0.72,10,0.73,10,
709074,威剛永豐61購02,0,0,0,---,---,---, ---,,,0.95,10,0.96,10,
709075,原相永豐5C購01,"1,001,000",15,"623,650",0.65,0.65,0.60,0.62,-,0.11,0.62,10,0.65,10,
709076,德微永豐5C購01,0,0,0,---,---,---, ---,,,1.01,10,1.11,10,
709077,擎亞永豐64購01,0,0,0,---,---,---, ---,,,1.52,499,1.62,10,
709078,元債20國票5B購02,0,0,0,---,---,---, ---,,,1.89,25,1.90,10,
709079,台半國票61購01,"20,000",3,"23,250",1.19,1.19,1.08,1.08,-,0.22,1.08,5,1.11,10,
709080,佳邦國票5C購02,"1,000",1,810,0.81,0.81,0.81,0.81,+,0.06,0.74,25,0.75,10,
709081,茂達國票5C購01,"392,000",22,"363,870",0.93,1.00,0.88,0.98,-,0.07,0.96,25,1.00,10,
709082,博大國票5C購01,"20,000",2,"13,400",0.68,0.68,0.66,0.66,-,0.02,0.65,25,0.67,10,
709083,晶宏國票5C購02,0,0,0,---,---,---, ---,,,0.75,25,0.77,10,
709084,華容國票5C購01,0,0,0,---,---,---, ---,,,5.25,25,5.70,10,
709085,雷科國票5B購05,0,0,0,---,---,---, ---,,,4.57,25,4.67,10,
709086,德微國票5C購03,"396,000",12,"407,210",0.99,1.07,0.97,1.02,-,0.07,1.02,25,1.03,10,
709087,點序國票5B購01,0,0,0,---,---,---, ---,,,0.26,25,0.27,10,
709088,點序國票5C購01,0,0,0,---,---,---, ---,,,0.20,25,0.21,10,
709089,世紀*元大5B購01,"1,054,000",17,"893,390",0.88,0.88,0.82,0.82,-,0.13,0.81,499,0.82,10,
709090,台特化元大5B購02,"56,000",4,"58,240",1.08,1.08,1.03,1.03,-,0.1,1.03,499,1.05,10,
709091,博智元大5B購02,0,0,0,---,---,---, ---,,,0.49,499,0.50,10,
709092,智通*元大5B購01,"244,000",31,"465,280",2.55,2.77,1.78,2.02,-,0.18,1.91,400,2.01,10,
709093,鈊象元大5B購02,"70,000",3,"95,900",1.37,1.37,1.37,1.37,-,0.07,1.38,25,1.39,10,
709094,群聯元大5B購15,"111,000",17,"451,150",4.00,4.18,3.96,4.03,-,0.64,4.00,150,4.04,10,
709095,群聯元大5B購16,"40,000",2,"35,200",0.88,0.88,0.88,0.88,-,0.14,0.86,499,0.87,10,
709096,廣穎元大5B購01,0,0,0,---,---,---, ---,,,1.77,350,1.79,10,
709097,雙鴻元大5B購03,"61,000",9,"310,280",5.00,5.10,4.82,4.96,+,0.02,4.92,25,4.95,10,
709098,尼克森國票5B購02,"31,000",7,"56,760",1.70,1.94,1.65,1.94,+,0.15,1.88,25,1.89,10,
709099,朋程國票5B購02,"360,000",3,"537,900",1.49,1.52,1.49,1.52,-,0.03,1.38,25,1.44,10,
709100,晶宏國票5C購03,"4,000",2,"2,320",0.58,0.58,0.58,0.58,-,0.06,0.57,25,0.58,10,
709101,華容國票5C購02,"57,000",10,"246,190",4.31,4.52,4.17,4.17,+,0.36,3.92,25,4.02,10,
709102,群聯國票61購03,"25,000",2,"15,000",0.60,0.60,0.60,0.60,-,0.1,0.59,25,0.60,10,
709103,雷科國票5C購01,"717,000",75,"2,001,680",2.98,3.10,2.56,2.64,-,0.37,2.60,25,2.64,5,
709104,臺慶科國票5C購03,"1,000",1,600,0.60,0.60,0.60,0.60,-,0.06,0.59,25,0.60,10,
709105,廣穎國票5C購02,"20,000",1,"34,200",1.71,1.71,1.71,1.71,-,0.22,1.69,25,1.71,10,
709106,優群國票5B購01,0,0,0,---,---,---, ---,,,0.26,25,0.27,10,
709107,擎亞國票5C購01,"12,000",2,"20,840",1.57,1.77,1.57,1.77,+,0.01,1.62,25,1.68,10,
709108,鑫聯國票5C購02,0,0,0,---,---,---, ---,,,0.62,25,0.63,10,
709109,中美晶凱基63購01,"28,000",5,"105,160",3.77,3.81,3.71,3.81,-,0.19,3.43,100,3.53,10,
709110,均豪凱基5C購01,"19,000",1,"10,070",0.53,0.53,0.53,0.53,+,0.01,0.51,100,0.53,10,
709111,凌陽創凱基5B購01,"80,000",8,"44,700",0.57,0.57,0.55,0.55,-,0.05,0.53,10,0.55,10,
709112,博智凱基5B購01,0,0,0,---,---,---, ---,,,0.24,10,0.25,50,
709113,博智凱基5B購02,"2,000",1,800,0.40,0.40,0.40,0.40,-,0.07,0.39,100,0.40,50,
709114,博智凱基5B購03,"120,000",12,"33,600",0.28,0.29,0.27,0.27,-,0.03,0.25,20,0.26,10,
709115,群聯凱基5B購05,"61,000",3,"30,500",0.50,0.50,0.50,0.50,-,0.13,0.49,100,0.50,30,
709116,群聯凱基5B購06,"10,000",1,"5,600",0.56,0.56,0.56,0.56,-,0.15,0.55,100,0.56,10,
709117,群聯凱基5B購07,"290,000",2,"191,200",0.66,0.66,0.65,0.65,-,0.12,0.63,100,0.64,10,
709118,雙鴻凱基5B購02,0,0,0,---,---,---, ---,,,0.55,100,0.56,50,
709119,中光電台新5B購01,"14,000",1,"59,360",4.24,4.24,4.24,4.24,-,0.73,4.13,25,4.23,10,
709120,中美晶台新61購01,"6,000",1,"42,300",7.05,7.05,7.05,7.05,+,0.05,7.05,25,7.15,10,
709121,原相台新5B購01,"64,000",2,"54,500",0.86,0.86,0.85,0.85,-,0.13,0.83,25,0.84,10,
709122,博盛台新5B購01,0,0,0,---,---,---, ---,,,0.81,25,0.91,10,
709123,博智台新5B購01,0,0,0,---,---,---, ---,,,0.72,25,0.73,10,
709124,博智台新5B購02,0,0,0,---,---,---, ---,,,0.49,25,0.50,10,
709125,博智台新5B購03,0,0,0,---,---,---, ---,,,0.42,25,0.43,10,
709126,順達台新5B購04,"120,000",16,"487,350",3.81,4.39,3.81,3.99,-,0.09,4.04,25,4.07,10,
709127,群聯台新5B購09,"50,000",2,"61,100",1.23,1.23,1.19,1.19,-,0.44,1.20,25,1.21,10,
709128,群聯台新5B購10,"1,033,000",6,"721,790",0.71,0.71,0.69,0.69,-,0.11,0.69,25,0.70,10,
709129,群聯台新5B購11,0,0,0,---,---,---, ---,,,0.64,25,0.65,10,
709130,雷科台新5B購01,0,0,0,---,---,---, ---,,,3.84,25,3.94,10,
709131,雷科台新5B購02,"682,000",96,"2,892,350",4.34,4.46,3.66,3.68,-,0.64,3.65,25,3.75,10,
709132,廣穎台新5B購01,0,0,0,---,---,---, ---,,,2.18,25,2.21,10,
709133,聯合台新5B購01,0,0,0,---,---,---, ---,,,1.01,25,1.02,10,
709134,鑫科台新5B購01,0,0,0,---,---,---, ---,,,0.93,25,0.94,10,
709135,台特化富邦5C購02,0,0,0,---,---,---, ---,,,0.46,10,0.47,28,
709136,博智富邦61購02,"28,000",3,"10,820",0.38,0.39,0.38,0.39,-,0.01,0.36,10,0.37,28,
709137,群聯富邦61購03,0,0,0,---,---,---, ---,,,0.49,10,0.50,28,
709138,群聯富邦61購04,0,0,0,---,---,---, ---,,,0.48,10,0.49,28,
709139,安勤永豐5C購01,"35,000",4,"43,430",1.24,1.27,1.23,1.23,-,0.04,1.21,10,1.23,10,
709140,朋程永豐5C購01,"275,000",8,"202,300",0.76,0.77,0.72,0.72,-,0.03,0.72,10,0.73,10,
709141,博智永豐5C購02,0,0,0,---,---,---, ---,,,0.45,499,0.46,10,
709142,群聯永豐5C購05,"130,000",4,"55,800",0.42,0.46,0.42,0.46,-,0.01,0.45,10,0.46,10,
709143,群聯永豐63購01,"13,000",2,"12,480",0.96,0.96,0.96,0.96,-,0.17,0.96,10,0.97,10,
709144,群聯永豐64購03,"10,000",1,"9,300",0.93,0.93,0.93,0.93,-,0.03,0.93,10,0.94,10,
709145,群聯永豐65購04,"50,000",1,"26,000",0.52,0.52,0.52,0.52,-,0.09,0.52,10,0.53,10,
709146,漢科永豐5C購01,"242,000",12,"190,440",0.74,0.84,0.74,0.80,+,0.04,0.79,10,0.81,10,
709147,中美晶統一66購01,"914,000",55,"1,357,140",1.54,1.57,1.41,1.42,-,0.19,1.42,2,1.51,2,
709148,正淩統一65購03,"153,000",2,"61,200",0.40,0.40,0.40,0.40,-,0.0,0.39,10,0.40,10,
709149,沛亨統一63購01,0,0,0,---,---,---, ---,,,0.34,10,0.35,10,
709150,沛亨統一64購01,0,0,0,---,---,---, ---,,,0.37,10,0.38,10,
709151,沛亨統一65購02,0,0,0,---,---,---, ---,,,0.37,10,0.38,10,
709152,佳邦統一63購01,"137,000",5,"101,960",0.77,0.77,0.72,0.72,-,0.06,0.70,10,0.71,10,
709153,佳邦統一65購01,"8,000",2,"4,000",0.50,0.50,0.50,0.50,-,0.04,0.48,10,0.49,10,
709154,朋程統一65購01,"3,000",3,"2,000",0.66,0.69,0.65,0.65,-,0.04,0.65,10,0.66,10,
709155,欣銓統一63購02,"485,000",6,"276,260",0.56,0.62,0.56,0.62,+,0.05,0.63,10,0.64,10,
709156,茂達統一65購03,"18,000",3,"11,960",0.64,0.68,0.64,0.68,-,0.03,0.68,10,0.69,10,
709157,茂達統一69購01,0,0,0,---,---,---, ---,,,0.76,10,0.77,10,
709158,茂綸統一65購02,"199,000",3,"114,500",0.58,0.58,0.56,0.56,-,0.03,0.57,10,0.58,10,
709159,茂綸統一65購03,"142,000",3,"73,840",0.52,0.52,0.52,0.52,-,0.02,0.51,10,0.52,10,
709160,神準統一66購01,0,0,0,---,---,---, ---,,,0.67,10,0.68,10,
709161,博智統一63購02,"168,000",1,"57,120",0.34,0.34,0.34,0.34,-,0.03,0.33,10,0.34,10,
709162,博智統一65購01,0,0,0,---,---,---, ---,,,0.45,10,0.46,10,
709163,閎康統一65購04,0,0,0,---,---,---, ---,,,0.40,10,0.41,10,
709164,萬泰科統一75購01,0,0,0,---,---,---, ---,,,0.57,10,0.58,10,
709165,群聯統一5B購02,"100,000",2,"33,000",0.33,0.33,0.33,0.33,-,0.08,0.33,10,0.34,10,
709166,群聯統一63購01,"113,000",13,"46,070",0.41,0.41,0.40,0.40,-,0.06,0.39,11,0.40,10,
709167,群聯統一63購02,"600,000",8,"205,600",0.35,0.35,0.34,0.34,-,0.05,0.34,10,0.35,10,
709168,群聯統一65購01,"146,000",10,"51,200",0.35,0.36,0.35,0.35,-,0.05,0.34,14,0.35,10,
709169,群聯統一65購02,0,0,0,---,---,---, ---,,,0.61,10,0.62,10,
709170,群聯統一69購01,"31,000",4,"30,900",0.99,1.00,0.99,1.00,-,0.07,0.99,10,1.00,10,
709171,群聯統一69購02,"325,000",6,"202,700",0.63,0.63,0.62,0.62,-,0.06,0.60,10,0.61,10,
709172,群聯統一6B購01,0,0,0,---,---,---, ---,,,1.03,10,1.04,10,
709173,群聯統一75購01,"194,000",11,"222,690",1.17,1.17,1.13,1.13,-,0.09,1.12,39,1.13,10,
709174,聖暉*統一65購03,"1,232,000",26,"1,483,390",1.19,1.27,1.15,1.22,+,0.09,1.21,10,1.22,10,
709175,鈺太統一69購01,0,0,0,---,---,---, ---,,,0.45,10,0.46,10,
709176,臺慶科統一65購02,"1,000",1,530,0.53,0.53,0.53,0.53,-,0.03,0.50,10,0.51,10,
709177,臺慶科統一65購03,0,0,0,---,---,---, ---,,,0.73,10,0.74,10,
709178,臺慶科統一69購01,0,0,0,---,---,---, ---,,,0.70,10,0.71,10,
709179,廣穎統一65購01,"10,000",1,"8,300",0.83,0.83,0.83,0.83,-,0.04,0.80,10,0.81,10,
709180,廣穎統一69購01,0,0,0,---,---,---, ---,,,0.87,10,0.88,10,
709181,擎亞統一65購03,0,0,0,---,---,---, ---,,,0.00,0,1.10,50,
709182,擎亞統一65購04,"183,000",11,"200,230",1.07,1.22,1.04,1.05,-,0.13,1.09,10,1.10,10,
709183,鑫科統一69購02,0,0,0,---,---,---, ---,,,0.52,10,0.53,10,
709184,鑫聯統一69購01,0,0,0,---,---,---, ---,,,0.45,10,0.46,10,
709185,群聯中信63購01,0,0,0,---,---,---, ---,,,0.49,10,0.50,10,
709186,倚強群益5B購01,0,0,0,---,---,---, ---,,,0.55,10,0.65,10,
709187,原相群益5B購01,0,0,0,---,---,---, ---,,,0.38,499,0.48,10,
709188,博智群益5B購02,"40,000",2,"31,800",0.81,0.81,0.78,0.78,-,0.09,0.77,10,0.87,10,
709189,博智群益5B購03,0,0,0,---,---,---, ---,,,0.42,10,0.52,10,
709190,華容群益5B購01,"1,000",1,"8,650",8.65,8.65,8.65,8.65,+,0.55,8.05,50,0.00,0,
709191,新盛力群益61購02,"319,000",7,"648,890",1.94,2.08,1.87,2.03,-,0.05,1.88,10,2.14,10,
709192,群聯群益5B購07,"945,000",14,"1,354,860",1.48,1.48,1.42,1.42,-,0.31,1.43,10,1.53,10,
709193,臺慶科群益5B購03,0,0,0,---,---,---, ---,,,0.60,499,0.70,10,
709194,優群群益5B購01,0,0,0,---,---,---, ---,,,0.14,10,0.00,0,
709195,擎亞群益62購01,"1,000",1,"1,360",1.36,1.36,1.36,1.36,-,0.15,1.33,2,0.00,0,
709196,寶雅群益5B購01,"1,147,000",4,"2,270,060",1.98,1.98,1.97,1.97,-,0.19,0.86,10,0.00,0,
709197,鑫科群益5B購02,"20,000",1,"14,400",0.72,0.72,0.72,0.72,-,0.01,0.67,30,0.77,10,
709198,久元永豐5B購01,0,0,0,---,---,---, ---,,,0.18,2,0.19,10,
709199,威聯通永豐61購01,0,0,0,---,---,---, ---,,,0.18,55,0.00,0,
709200,富喬永豐61購02,0,0,0,---,---,---, ---,,,0.49,10,0.50,10,
709201,富喬永豐66購01,"5,000",1,"3,450",0.69,0.69,0.69,0.69,-,0.02,0.67,10,0.68,10,
709202,富喬永豐68購01,0,0,0,---,---,---, ---,,,0.62,10,0.63,10,
709203,順達永豐64購01,"1,180,000",16,"1,677,200",1.43,1.45,1.38,1.45,-,0.07,1.01,9,0.00,0,
709204,順達永豐67購01,0,0,0,---,---,---, ---,,,0.87,11,0.00,0,
709205,鈊象永豐63購01,"15,000",1,"15,300",1.02,1.02,1.02,1.02,-,0.03,1.05,10,1.08,10,
709206,新盛力永豐5C購02,"543,000",10,"446,490",0.80,0.90,0.79,0.81,-,0.06,0.83,10,0.84,10,
709207,擎亞永豐63購01,"73,000",3,"84,050",1.11,1.26,1.11,1.15,-,0.09,1.15,10,1.25,10,
709208,沛亨凱基5B購03,"2,430,000",20,"813,340",0.33,0.35,0.32,0.33,-,0.05,0.33,20,0.34,30,
709209,佳邦凱基5B購01,0,0,0,---,---,---, ---,,,0.41,10,0.42,50,
709210,富喬凱基5B購02,0,0,0,---,---,---, ---,,,0.43,499,0.44,10,
709211,富喬凱基61購02,"100,000",2,"61,000",0.61,0.61,0.61,0.61,-,0.02,0.59,100,0.60,10,
709212,富喬凱基61購03,"210,000",3,"125,800",0.60,0.60,0.59,0.59,-,0.04,0.58,100,0.59,10,
709213,勤凱凱基5B購02,"15,000",2,"6,200",0.40,0.42,0.40,0.42,-,0.04,0.39,100,0.40,50,
709214,勤凱凱基5B購03,"428,000",4,"183,710",0.45,0.45,0.41,0.42,-,0.06,0.41,100,0.42,30,
709215,勤凱凱基5B購04,"6,000",2,"3,940",0.66,0.66,0.65,0.65,-,0.04,0.63,100,0.64,30,
709216,群聯凱基61購04,0,0,0,---,---,---, ---,,,0.50,100,0.51,30,
709217,臺慶科凱基5B購03,"191,000",12,"87,080",0.49,0.50,0.44,0.44,-,0.09,0.44,100,0.45,31,
709218,擎亞凱基61購01,"15,000",2,"23,600",1.51,1.70,1.51,1.70,+,0.05,1.55,10,1.65,10,
709219,中光電台新5B購02,"2,000",1,"6,480",3.24,3.24,3.24,3.24,-,0.69,3.14,25,3.24,8,
709220,台星科台新5B購01,"35,000",3,"35,480",0.91,1.02,0.91,1.02,+,0.01,0.97,25,1.00,10,
709221,台星科台新5B購02,"32,000",2,"33,550",1.04,1.07,1.04,1.07,+,0.05,1.02,25,1.05,10,
709222,立碁台新62購01,0,0,0,---,---,---, ---,,,0.54,25,0.55,10,
709223,沛亨台新5B購04,0,0,0,---,---,---, ---,,,0.30,25,0.31,10,
709224,佳邦台新5B購02,"67,000",7,"97,530",1.49,1.49,1.38,1.38,-,0.2,1.34,25,1.35,10,
709225,佳邦台新5B購03,0,0,0,---,---,---, ---,,,0.84,25,0.94,10,
709226,順達台新5B購05,"15,000",2,"60,150",4.19,4.19,3.92,3.92,-,0.03,3.87,25,3.89,10,
709227,勤凱台新5B購02,0,0,0,---,---,---, ---,,,0.70,25,0.71,10,
709228,勤凱台新5B購03,0,0,0,---,---,---, ---,,,0.52,25,0.62,10,
709229,擎亞台新5B購01,0,0,0,---,---,---, ---,,,1.83,5,0.00,0,
709230,擎亞台新5B購02,0,0,0,---,---,---, ---,,,1.79,5,0.00,0,
709231,雙鴻台新5B購01,0,0,0,---,---,---, ---,,,1.17,25,1.18,10,
709232,雙鴻台新5B購02,0,0,0,---,---,---, ---,,,0.85,25,0.86,10,
709233,雙鴻台新5B購03,0,0,0,---,---,---, ---,,,0.43,25,0.44,10,
709234,台半國泰5C購02,0,0,0,---,---,---, ---,,,1.64,70,1.70,10,
709235,良維國泰5C購02,0,0,0,---,---,---, ---,,,1.25,499,1.28,100,
709236,富喬國泰5C購01,"8,000",2,"7,790",0.98,0.98,0.97,0.97,-,0.07,0.95,499,0.96,100,
709237,順達國泰5C購01,"98,000",6,"137,930",1.39,1.52,1.38,1.43,-,0.02,1.40,10,1.50,10,
709238,群聯國泰5C購01,"53,000",3,"42,100",0.80,0.80,0.79,0.79,-,0.13,0.78,499,0.79,100,
709239,群聯國泰5C購02,0,0,0,---,---,---, ---,,,0.93,499,0.94,100,
709240,威剛富邦5B購02,0,0,0,---,---,---, ---,,,0.65,30,0.66,28,
709241,富喬富邦5B購02,0,0,0,---,---,---, ---,,,0.29,10,0.30,28,
709242,群聯富邦62購06,"12,000",3,"5,360",0.45,0.45,0.44,0.44,-,0.06,0.43,10,0.44,28,
709243,均豪元大5B購04,"92,000",5,"364,360",4.21,4.44,3.82,4.44,+,0.16,4.14,200,4.24,10,
709244,欣銓元大5B購03,"300,000",7,"363,040",1.13,1.38,1.13,1.38,+,0.16,1.35,25,1.37,10,
709245,威剛元大5B購15,"176,000",5,"436,070",2.47,2.49,2.46,2.49,-,0.25,2.50,300,2.51,10,
709246,原相元大5B購03,"401,000",2,"288,720",0.72,0.72,0.72,0.72,-,0.1,0.70,25,0.71,10,
709247,博智元大5B購03,"143,000",3,"83,110",0.61,0.61,0.57,0.57,-,0.06,0.57,499,0.58,10,
709248,富喬元大5B購03,"5,000",1,"4,950",0.99,0.99,0.99,0.99,-,0.07,0.96,499,0.97,10,
709249,富喬元大5B購04,0,0,0,---,---,---, ---,,,0.40,499,0.41,10,
709250,富喬元大5B購05,0,0,0,---,---,---, ---,,,0.46,499,0.47,10,
709251,勤凱元大5B購04,0,0,0,---,---,---, ---,,,0.57,25,0.67,10,
709252,新盛力元大5B購06,"100,000",10,"158,000",1.58,1.58,1.58,1.58,-,0.1,1.56,25,1.66,10,
709253,新盛力元大5B購07,"176,000",13,"321,340",1.81,1.92,1.75,1.86,-,0.08,1.78,25,1.79,10,
709254,群聯元大5B購17,"12,000",3,"47,540",4.01,4.01,3.93,3.93,-,1.01,3.95,150,3.99,10,
709255,群聯元大5B購18,0,0,0,---,---,---, ---,,,0.69,499,0.70,10,
709256,臺慶科元大5B購01,0,0,0,---,---,---, ---,,,0.70,499,0.80,10,
709257,擎亞元大5B購09,0,0,0,---,---,---, ---,,,0.97,112,1.50,5,
709258,中美晶群益5B購05,"56,000",6,"976,500",17.50,17.90,16.30,16.30,-,3.3,16.40,25,17.10,10,
709259,均豪群益5B購05,"750,000",19,"976,160",1.27,1.38,1.22,1.37,-,0.09,1.35,2,0.00,0,
709260,富喬群益5B購02,0,0,0,---,---,---, ---,,,0.24,41,0.00,0,
709261,勤凱群益5B購03,0,0,0,---,---,---, ---,,,0.37,25,0.40,10,
709262,新盛力群益63購01,"198,000",3,"259,390",1.28,1.33,1.28,1.32,-,0.05,0.74,13,0.00,0,
709263,萬泰科群益5C購01,0,0,0,---,---,---, ---,,,0.61,10,0.71,10,
709264,群聯群益5B購08,"221,000",5,"478,550",2.17,2.19,2.11,2.19,-,0.3,2.14,10,2.24,10,
709265,擎亞群益5B購03,0,0,0,---,---,---, ---,,,0.00,0,0.00,0,
709266,雙鴻群益5B購09,"281,000",4,"196,400",0.71,0.73,0.68,0.68,+,0.01,0.29,10,0.00,0,
709267,方土昶永豐5C購01,"82,000",9,"54,740",0.69,0.69,0.65,0.65,-,0.09,0.64,10,0.65,10,
709268,茂達永豐63購01,"150,000",3,"124,400",0.82,0.89,0.82,0.89,-,0.03,0.87,10,0.88,10,
709269,精確永豐5B購01,"77,000",3,"44,830",0.67,0.67,0.58,0.66,+,0.06,0.58,25,0.66,9,
709270,優群永豐5C購01,0,0,0,---,---,---, ---,,,0.42,499,0.43,10,
709271,中美晶凱基5B購05,"54,000",9,"176,700",3.28,3.36,3.22,3.30,-,0.31,2.98,34,3.08,10,
709272,台半凱基5B購02,0,0,0,---,---,---, ---,,,0.99,100,1.09,10,
709273,立碁凱基5B購02,0,0,0,---,---,---, ---,,,0.13,10,0.14,10,
709274,均豪凱基5B購04,"39,000",4,"16,000",0.40,0.43,0.40,0.42,+,0.01,0.41,100,0.42,10,
709275,沛亨凱基5C購01,0,0,0,---,---,---, ---,,,0.36,10,0.37,50,
709276,原相凱基5B購04,0,0,0,---,---,---, ---,,,0.36,10,0.37,30,
709277,華容凱基5B購01,"3,000",1,"9,900",3.30,3.30,3.30,3.30,+,0.3,3.13,10,3.14,10,
709278,華容凱基5C購01,"6,000",2,"23,160",3.89,3.89,3.80,3.80,+,0.95,3.30,100,3.36,10,
709279,萬泰科凱基5B購02,0,0,0,---,---,---, ---,,,0.43,10,0.44,10,
709280,精材凱基5B購09,"245,000",7,"455,500",2.07,2.07,1.81,2.02,+,0.02,1.87,100,1.88,10,
709281,大中台新5B購02,0,0,0,---,---,---, ---,,,1.91,25,2.01,10,
709282,立碁台新5B購01,0,0,0,---,---,---, ---,,,0.40,25,0.41,10,
709283,立碁台新5B購02,0,0,0,---,---,---, ---,,,0.27,25,0.28,10,
709284,艾訊台新5B購03,0,0,0,---,---,---, ---,,,1.20,25,1.21,10,
709285,艾訊台新5B購04,"60,000",4,"66,750",1.10,1.15,1.10,1.15,-,0.0,1.12,25,1.15,10,
709286,佳邦台新5B購04,0,0,0,---,---,---, ---,,,0.48,10,0.52,10,
709287,南俊台新5B購01,0,0,0,---,---,---, ---,,,1.10,25,1.19,3,
709288,南俊台新5B購02,0,0,0,---,---,---, ---,,,1.04,25,1.14,10,
709289,順達台新5B購06,"411,000",3,"756,260",1.83,1.96,1.83,1.84,-,0.11,1.86,25,1.87,10,
709290,勤凱台新5B購04,"113,000",1,"50,850",0.45,0.45,0.45,0.45,-,0.07,0.45,25,0.46,10,
709291,臺慶科台新5B購06,"43,000",9,"58,170",1.48,1.48,1.30,1.30,-,0.17,1.30,25,1.31,10,
709292,臺慶科台新5B購07,"74,000",1,"105,080",1.42,1.42,1.42,1.42,-,0.27,1.39,25,1.40,10,
709293,群聯兆豐65購03,"111,000",18,"60,960",0.57,0.58,0.50,0.50,-,0.14,0.50,3,0.57,10,
709294,中美晶元大5B購06,"50,000",9,"126,880",2.53,2.66,2.38,2.43,-,0.42,2.33,250,2.43,9,
709295,方土昶元大5B購01,0,0,0,---,---,---, ---,,,1.19,499,1.20,10,
709296,世界元大5B購04,"522,000",14,"931,160",1.76,1.83,1.70,1.83,+,0.05,1.73,25,1.78,10,
709297,台半元大5B購05,"3,000",1,"3,150",1.05,1.05,1.05,1.05,-,0.23,0.99,499,1.30,5,
709298,倚強元大5B購01,"20,000",1,"11,600",0.58,0.58,0.58,0.58,-,0.03,0.53,25,0.54,10,
709299,華容元大5B購01,"1,000",1,"7,000",7.00,7.00,7.00,7.00,+,1.4,6.20,3,7.30,1,
709300,群聯元大61購07,"556,000",8,"335,760",0.61,0.61,0.60,0.60,-,0.07,0.59,499,0.60,10,
709301,聖暉*元大5B購05,"220,000",16,"571,090",2.50,2.74,2.47,2.69,+,0.3,2.60,300,2.64,10,
709302,臺慶科元大5B購02,"1,000",1,770,0.77,0.77,0.77,0.77,-,0.07,0.69,1,0.75,10,
709303,優群元大5B購02,0,0,0,---,---,---, ---,,,0.37,499,0.38,10,
709304,鑫科元大5B購02,"32,000",3,"34,310",1.08,1.09,1.06,1.06,-,0.04,1.04,499,1.05,10,
709305,鑫科元大5B購03,"65,000",2,"46,150",0.71,0.71,0.71,0.71,-,0.06,0.73,499,0.74,10,
709306,久元群益65購01,0,0,0,---,---,---, ---,,,0.37,10,0.47,10,
709307,中美晶群益5B購06,"59,000",13,"469,600",8.00,8.40,7.40,7.55,-,1.55,7.40,25,7.70,10,
709308,世界群益5C購02,"338,000",13,"411,070",1.23,1.26,1.18,1.22,+,0.01,0.70,71,1.82,29,
709309,南俊群益5B購01,"12,000",3,"10,200",0.85,0.85,0.85,0.85,-,0.08,0.80,100,0.83,100,
709310,茂達群益5B購02,0,0,0,---,---,---, ---,,,0.86,25,0.87,10,
709311,富喬群益5B購03,"141,000",2,"81,780",0.58,0.58,0.58,0.58,-,0.07,0.29,34,0.00,0,
709312,群聯群益5B購09,"2,516,000",29,"1,404,480",0.56,0.58,0.55,0.56,-,0.15,0.55,10,0.65,10,
709313,精材群益5B購09,"8,000",7,"30,760",3.88,4.06,3.68,3.86,-,0.34,3.80,100,3.89,100,
709314,雙鴻群益5B購10,0,0,0,---,---,---, ---,,,0.14,10,1.29,30,
709315,沛亨永豐65購01,0,0,0,---,---,---, ---,,,0.36,5,0.00,0,
709316,長科*永豐61購01,0,0,0,---,---,---, ---,,,1.24,8,0.00,0,
709317,順達永豐64購02,0,0,0,---,---,---, ---,,,0.46,21,0.00,0,
709318,群聯永豐5C購06,"430,000",8,"205,900",0.47,0.48,0.47,0.48,-,0.07,0.46,10,0.47,10,
709319,群聯永豐5C購07,0,0,0,---,---,---, ---,,,0.38,10,0.39,10,
709320,群聯永豐65購05,"69,000",1,"34,500",0.50,0.50,0.50,0.50,-,0.08,0.49,10,0.50,10,
709321,沛亨元大5B購03,"50,000",1,"22,000",0.44,0.44,0.44,0.44,-,0.04,0.44,499,0.45,10,
709322,沛亨元大5B購04,"399,000",4,"312,770",0.75,0.79,0.75,0.79,-,0.04,0.75,499,0.77,10,
709323,沛亨元大5B購05,"160,000",2,"92,750",0.57,0.58,0.57,0.58,-,0.04,0.55,499,0.57,10,
709324,良維元大5B購02,"10,000",1,"5,100",0.51,0.51,0.51,0.51,-,0.03,0.48,499,0.49,10,
709325,佳邦元大5B購01,0,0,0,---,---,---, ---,,,0.23,2,0.29,10,
709326,朋程元大5B購01,0,0,0,---,---,---, ---,,,0.40,499,0.50,10,
709327,茂達元大5B購01,0,0,0,---,---,---, ---,,,1.20,25,0.00,0,
709328,富喬元大61購03,"24,000",2,"16,400",0.70,0.70,0.68,0.68,-,0.05,0.68,499,0.69,10,
709329,群聯元大61購08,0,0,0,---,---,---, ---,,,0.68,499,0.69,10,
709330,良維富邦5C購02,0,0,0,---,---,---, ---,,,0.32,10,0.33,28,
709331,朋程富邦61購01,0,0,0,---,---,---, ---,,,0.45,10,0.46,28,
709332,順達富邦61購01,"600,000",17,"331,670",0.53,0.60,0.53,0.55,-,0.01,0.54,10,0.55,28,
709333,大中群益5B購01,"11,000",4,"16,690",1.46,2.09,1.46,2.09,-,0.01,0.00,0,2.05,8,
709334,大中群益5B購02,"16,000",2,"23,040",1.45,1.45,1.37,1.37,-,0.2,0.79,12,1.39,2,
709335,均豪群益5B購06,"138,000",4,"95,000",0.70,0.70,0.68,0.68,-,0.09,0.35,142,0.00,0,
709336,宏捷科群益5B購02,"20,000",2,"5,100",0.25,0.26,0.25,0.26,-,0.1,0.02,10,0.00,0,
709337,良維群益5B購04,0,0,0,---,---,---, ---,,,0.56,10,0.66,10,
709338,佳邦群益5B購02,0,0,0,---,---,---, ---,,,0.29,100,0.30,100,
709339,佳邦群益5B購03,0,0,0,---,---,---, ---,,,0.26,100,0.27,100,
709340,朋程群益5B購03,0,0,0,---,---,---, ---,,,0.52,499,0.55,21,
709341,長科*群益5B購01,0,0,0,---,---,---, ---,,,1.49,6,2.56,10,
709342,順達群益5B購04,"11,000",2,"9,670",0.88,0.88,0.87,0.87,-,0.03,0.39,25,1.20,4,
709343,群翊群益5B購02,0,0,0,---,---,---, ---,,,0.00,0,0.00,0,
709344,漢科群益5B購01,"1,014,000",32,"1,160,750",1.08,1.21,1.04,1.13,+,0.01,0.56,89,0.00,0,
709345,精材群益5B購10,"119,000",3,"649,350",6.15,6.15,5.40,5.40,-,0.5,5.60,100,5.85,100,
709346,台半凱基5B購03,0,0,0,---,---,---, ---,,,0.62,100,0.72,10,
709347,沛亨凱基5B購04,0,0,0,---,---,---, ---,,,0.27,10,0.28,50,
709348,朋程凱基5B購03,0,0,0,---,---,---, ---,,,0.46,100,0.47,10,
709349,順達凱基5B購04,"20,000",2,"10,400",0.53,0.53,0.51,0.51,-,0.03,0.49,10,0.59,10,
709350,群聯凱基5B購09,"2,000",1,940,0.47,0.47,0.47,0.47,-,0.13,0.45,100,0.46,30,
709351,聖暉*凱基5B購05,"278,000",12,"478,340",1.65,1.81,1.61,1.70,+,0.03,1.71,59,1.72,10,
709352,優群凱基5B購02,0,0,0,---,---,---, ---,,,0.23,10,0.24,30,
709353,大中台新5B購03,"7,000",1,"11,270",1.61,1.61,1.61,1.61,-,0.26,1.48,25,1.58,10,
709354,台半台新5B購04,"56,000",7,"79,500",1.42,1.42,1.40,1.40,-,0.35,1.40,25,1.50,10,
709355,台半台新5B購05,"51,000",6,"59,880",1.25,1.25,1.11,1.11,-,0.89,1.11,25,1.14,10,
709356,金益鼎台新5B購01,0,0,0,---,---,---, ---,,,0.38,25,0.48,10,
709357,博盛台新5B購02,"147,000",4,"138,840",0.93,0.96,0.92,0.94,-,0.04,0.87,25,0.88,10,
709358,順達台新5B購07,0,0,0,---,---,---, ---,,,0.99,25,1.09,10,
709359,勤凱台新5B購05,0,0,0,---,---,---, ---,,,0.19,25,0.20,10,
709360,群翊台新5B購01,0,0,0,---,---,---, ---,,,0.42,25,0.43,10,
709361,穩得台新5B購01,"2,000",2,950,0.49,0.49,0.46,0.46,-,0.04,0.45,25,0.46,10,
709362,台半凱基5B購04,"13,000",8,"9,210",0.72,0.72,0.67,0.67,-,0.43,0.67,100,0.77,10,
709363,台特化凱基5B購03,0,0,0,---,---,---, ---,,,0.43,100,0.44,30,
709364,宏捷科凱基5B購02,"30,000",1,"4,200",0.14,0.14,0.14,0.14,-,0.03,0.13,100,0.14,30,
709365,長科*凱基5B購01,"121,000",3,"162,700",1.36,1.39,1.34,1.39,-,0.41,0.86,11,0.00,0,
709366,富喬凱基62購01,0,0,0,---,---,---, ---,,,0.47,100,0.48,10,
709367,萊德光凱基5B購01,"424,000",31,"119,050",0.29,0.38,0.23,0.38,+,0.05,0.22,100,0.38,2,
709368,萊德光凱基5B購02,"265,000",22,"101,900",0.40,0.42,0.36,0.36,-,0.09,0.32,101,0.33,10,
709369,順達凱基5B購05,"200,000",1,"102,000",0.51,0.51,0.51,0.51,+,0.04,0.44,10,0.51,10,
709370,勤凱凱基5B購05,0,0,0,---,---,---, ---,,,0.17,100,0.18,50,
709371,群翊凱基62購01,0,0,0,---,---,---, ---,,,0.47,100,0.48,50,
709372,聖暉*凱基5B購06,"42,000",3,"45,460",1.07,1.19,1.07,1.15,+,0.06,1.15,100,1.17,10,
709373,漢科凱基5B購01,"695,000",23,"455,690",0.63,0.70,0.61,0.65,-,0.03,0.65,13,0.66,10,
709374,廣穎凱基5B購03,0,0,0,---,---,---, ---,,,0.85,100,0.86,10,
709375,雙鴻凱基5B購03,0,0,0,---,---,---, ---,,,0.47,100,0.48,50,
709376,系統電台新5B購01,0,0,0,---,---,---, ---,,,0.51,25,0.52,10,
709377,華容台新5B購01,0,0,0,---,---,---, ---,,,6.10,25,6.60,10,
709378,鈺太台新5B購01,0,0,0,---,---,---, ---,,,0.36,25,0.37,10,
709379,鈺太台新5B購02,0,0,0,---,---,---, ---,,,0.62,25,0.63,10,
709380,鈺太台新5B購03,0,0,0,---,---,---, ---,,,0.61,25,0.62,10,
709381,精材台新5B購07,0,0,0,---,---,---, ---,,,4.51,25,4.61,10,
709382,廣穎台新5B購02,0,0,0,---,---,---, ---,,,1.52,25,1.53,10,
709383,點序台新5B購01,0,0,0,---,---,---, ---,,,0.31,25,0.32,10,
709384,點序台新62購01,0,0,0,---,---,---, ---,,,0.53,25,0.54,10,
709385,佳邦元大5B購02,0,0,0,---,---,---, ---,,,0.31,499,0.41,10,
709386,長科*元大5B購01,0,0,0,---,---,---, ---,,,1.16,8,0.00,0,
709387,順達元大5B購08,"200,000",2,"222,000",1.11,1.11,1.11,1.11,-,0.09,0.31,32,0.00,0,
709388,順達元大62購01,"1,001,000",12,"971,640",0.96,1.01,0.93,0.97,-,0.07,0.41,24,0.00,0,
709389,群聯元大5B購19,0,0,0,---,---,---, ---,,,0.61,499,0.62,10,
709390,群聯元大63購04,"350,000",7,"164,800",0.48,0.48,0.46,0.47,-,0.08,0.46,499,0.48,10,
709391,聖暉*元大5B購06,"247,000",11,"328,300",1.29,1.41,1.26,1.38,+,0.16,1.33,499,1.35,10,
709392,佳邦富邦5B購01,0,0,0,---,---,---, ---,,,0.24,10,0.25,28,
709393,精材富邦5B購03,"17,000",7,"37,270",2.42,2.42,2.07,2.12,-,0.31,2.12,30,2.17,10,
709394,台半群益62購01,0,0,0,---,---,---, ---,,,0.71,499,0.00,0,
709395,聖暉*群益5B購03,"565,000",17,"959,380",1.61,1.76,1.55,1.68,+,0.08,1.18,42,0.00,0,
709396,優群群益62購01,0,0,0,---,---,---, ---,,,0.27,13,0.00,0,
709397,佳邦國泰5C購01,0,0,0,---,---,---, ---,,,0.84,499,0.90,10,
709398,威聯通國泰5C購01,0,0,0,---,---,---, ---,,,0.75,10,0.84,25,
709399,勤凱國泰5C購02,0,0,0,---,---,---, ---,,,0.56,200,0.57,100,
709400,台半永豐63購02,0,0,0,---,---,---, ---,,,0.00,0,1.56,10,
709401,台特化永豐63購01,"14,000",2,"9,620",0.69,0.69,0.68,0.68,-,0.02,0.67,499,0.68,10,
709402,佳邦永豐5C購01,0,0,0,---,---,---, ---,,,0.38,499,0.39,10,
709403,萊德光永豐5C購01,"378,000",5,"156,960",0.41,0.44,0.40,0.40,-,0.09,0.36,10,0.37,10,
709404,勤凱永豐5C購04,0,0,0,---,---,---, ---,,,0.26,10,0.27,10,
709405,群聯永豐5B購01,"34,000",2,"10,500",0.31,0.31,0.30,0.30,-,0.02,0.30,10,0.31,10,
709406,鏵友益永豐5C購02,0,0,0,---,---,---, ---,,,0.50,10,0.51,10,
709407,久元元大5C購01,0,0,0,---,---,---, ---,,,0.44,499,0.45,10,
709408,中美晶元大5C購03,"41,000",8,"185,940",4.61,4.66,4.04,4.04,-,0.58,3.95,150,4.05,10,
709409,世界元大5C購02,"177,000",13,"406,340",2.26,2.37,2.22,2.35,-,0.01,2.25,25,2.29,10,
709410,台半元大5C購02,"2,000",1,"1,160",0.58,0.58,0.58,0.58,-,0.04,0.52,499,1.12,10,
709411,良維元大5C購02,"16,000",3,"6,660",0.41,0.43,0.41,0.41,-,0.05,0.41,499,0.42,10,
709412,佳邦元大5C購02,0,0,0,---,---,---, ---,,,0.17,499,0.27,12,
709413,富喬元大5C購03,"164,000",5,"84,140",0.53,0.53,0.51,0.51,-,0.04,0.51,499,0.52,10,
709414,順達元大5C購02,"264,000",5,"399,260",1.45,1.58,1.45,1.58,-,0.01,1.59,2,0.00,0,
709415,勤凱元大5C購01,0,0,0,---,---,---, ---,,,0.48,499,0.49,10,
709416,群聯元大5C購03,"16,000",2,"48,840",3.04,3.06,3.04,3.06,-,0.46,3.00,250,3.02,10,
709417,精材元大5C購01,"2,000",1,"6,560",3.28,3.28,3.28,3.28,+,0.13,2.97,250,3.07,10,
709418,中美晶永豐64購01,"21,000",4,"42,440",2.00,2.03,1.99,2.03,-,0.1,1.90,10,1.92,10,
709419,長科*永豐61購02,"13,000",2,"22,140",1.68,1.74,1.68,1.74,-,0.19,1.01,9,0.00,0,
709420,晶焱永豐61購01,0,0,0,---,---,---, ---,,,0.33,10,0.34,10,
709421,華容永豐64購01,"12,000",2,"60,780",4.89,5.10,4.89,5.10,+,0.97,4.80,10,4.82,10,
709422,臺慶科永豐66購01,"10,000",1,"5,800",0.58,0.58,0.58,0.58,-,0.02,0.54,10,0.55,10,
709423,廣穎永豐61購02,"5,000",2,"3,370",0.69,0.69,0.65,0.65,-,0.11,0.64,10,0.65,10,
709424,台半凱基5C購02,0,0,0,---,---,---, ---,,,0.40,100,0.50,10,
709425,巨漢凱基5C購01,"203,000",3,"121,730",0.59,0.61,0.59,0.61,-,0.03,0.58,100,0.59,50,
709426,良維凱基5C購03,0,0,0,---,---,---, ---,,,0.21,100,0.22,10,
709427,佳邦凱基5C購02,0,0,0,---,---,---, ---,,,0.29,10,0.30,50,
709428,佳邦凱基5C購03,"1,000",1,300,0.30,0.30,0.30,0.30,-,0.05,0.29,10,0.30,50,
709429,威剛凱基64購01,"6,000",1,"4,440",0.74,0.74,0.74,0.74,-,0.06,0.75,100,0.76,50,
709430,順達凱基5C購02,"457,000",6,"254,010",0.55,0.59,0.55,0.57,-,0.0,0.55,10,0.65,10,
709431,勤凱凱基5C購01,0,0,0,---,---,---, ---,,,0.24,100,0.25,50,
709432,勤凱凱基5C購02,"4,000",1,800,0.20,0.20,0.20,0.20,-,0.02,0.20,100,0.21,50,
709433,勤凱凱基62購01,"20,000",1,"5,600",0.28,0.28,0.28,0.28,-,0.01,0.26,100,0.27,50,
709434,群聯凱基66購01,"591,000",7,"274,370",0.45,0.47,0.45,0.46,-,0.07,0.46,100,0.47,50,
709435,廣穎凱基5C購01,0,0,0,---,---,---, ---,,,0.66,100,0.67,10,
709436,巨漢台新5C購01,"387,000",20,"422,710",1.11,1.11,1.09,1.09,-,0.1,1.09,159,0.00,0,
709437,巨漢台新5C購02,"22,000",2,"25,200",1.16,1.16,1.08,1.08,-,0.23,1.13,25,1.14,10,
709438,湧德台新61購01,"53,000",3,"59,360",1.12,1.12,1.12,1.12,-,0.09,1.11,25,1.12,10,
709439,華容台新5C購01,"2,000",1,"10,900",5.45,5.45,5.45,5.45,+,0.1,5.35,25,5.85,10,
709440,華容台新5C購02,0,0,0,---,---,---, ---,,,5.20,25,5.70,10,
709441,鈊象台新5C購01,0,0,0,---,---,---, ---,,,1.63,25,1.64,10,
709442,鑫聯台新5C購01,0,0,0,---,---,---, ---,,,0.90,25,0.91,10,
709443,台半群益5C購01,0,0,0,---,---,---, ---,,,0.75,20,0.00,0,
709444,台特化群益5C購02,"26,000",1,"45,240",1.74,1.74,1.74,1.74,-,0.16,1.76,10,1.86,10,
709445,立敦群益5C購01,"515,000",16,"316,370",0.55,0.80,0.55,0.60,+,0.09,0.41,24,0.80,10,
709446,勤凱群益5C購01,"37,000",9,"6,900",0.19,0.19,0.18,0.19,-,0.01,0.18,25,0.19,12,
709447,廣穎群益5C購01,0,0,0,---,---,---, ---,,,0.48,20,0.00,0,
709448,雙鴻群益5C購01,0,0,0,---,---,---, ---,,,0.53,10,0.00,0,
709449,聖暉*國泰61購01,"15,000",3,"24,300",1.62,1.62,1.62,1.62,+,0.11,1.62,499,1.64,100,
709450,雙鴻國泰61購02,"100,000",3,"79,500",0.82,0.82,0.77,0.77,-,0.01,0.78,499,0.79,100,
709451,久元富邦66購01,0,0,0,---,---,---, ---,,,0.33,10,0.34,28,
709452,台半富邦64購01,"1,909,000",25,"1,004,380",0.56,0.57,0.50,0.50,-,0.09,0.50,10,0.51,28,
709453,台半富邦66購01,"796,000",23,"439,670",0.59,0.59,0.53,0.53,-,0.08,0.53,10,0.54,48,
709454,宏捷科富邦66購01,0,0,0,---,---,---, ---,,,0.56,10,0.57,28,
709455,宏捷科富邦66購02,"212,000",3,"72,860",0.34,0.35,0.34,0.34,-,0.04,0.34,10,0.35,28,
709456,長科*富邦63購01,"112,000",13,"143,350",1.35,1.35,1.20,1.26,-,0.14,1.23,10,1.24,28,
709457,威剛富邦62購01,0,0,0,---,---,---, ---,,,0.61,30,0.62,28,
709458,富喬富邦66購01,0,0,0,---,---,---, ---,,,0.50,10,0.51,28,
709459,智通*富邦64購01,"183,000",27,"312,560",1.67,1.77,1.67,1.76,+,0.09,1.74,10,1.76,9,
709460,智通*富邦66購01,"670,000",28,"714,860",1.05,1.09,1.03,1.08,+,0.03,1.08,10,1.09,28,
709461,閎康富邦66購01,"152,000",2,"77,490",0.50,0.51,0.50,0.51,-,0.01,0.50,10,0.51,28,
709462,鈊象富邦66購01,"5,000",2,"4,540",0.90,0.92,0.90,0.92,-,0.0,0.91,10,0.92,28,
709463,群聯富邦64購01,0,0,0,---,---,---, ---,,,0.51,10,0.52,28,
709464,雙鴻富邦64購01,0,0,0,---,---,---, ---,,,0.89,10,0.90,28,
709465,台半國票61購02,"4,000",2,"1,860",0.47,0.47,0.46,0.46,-,0.06,0.41,225,0.44,10,
709466,台半國票61購03,"445,000",3,"216,950",0.51,0.51,0.46,0.46,-,0.07,0.45,25,0.47,10,
709467,佳邦國票61購01,"400,000",3,"102,700",0.27,0.27,0.25,0.25,-,0.0,0.24,25,0.25,10,
709468,佳邦國票61購02,"6,000",4,"1,330",0.23,0.23,0.22,0.22,-,0.03,0.20,25,0.21,10,
709469,萊德光國票61購01,"244,000",6,"80,790",0.37,0.49,0.32,0.32,-,0.07,0.28,25,0.31,10,
709470,順達國票61購01,"14,000",1,"10,220",0.73,0.73,0.73,0.73,+,0.04,0.66,25,0.67,10,
709471,中美晶群益62購02,"158,000",37,"373,670",2.42,2.47,2.13,2.22,-,0.38,2.12,100,2.22,100,
709472,台星科群益62購01,0,0,0,---,---,---, ---,,,0.51,499,0.62,10,
709473,威剛群益62購01,0,0,0,---,---,---, ---,,,0.00,0,0.76,10,
709474,茂綸群益62購01,"108,000",2,"129,600",1.20,1.20,1.20,1.20,-,0.0,1.17,25,1.21,10,
709475,振曜群益5C購01,"317,000",13,"312,360",0.98,1.00,0.93,1.00,-,0.03,0.97,1,0.00,0,
709476,創惟群益5C購01,"2,000",2,"1,970",1.00,1.00,0.97,0.97,-,0.21,0.87,499,0.97,10,
709477,群聯群益5C購02,0,0,0,---,---,---, ---,,,0.68,10,0.78,10,
709478,鈊象國泰61購01,"501,000",13,"670,300",1.36,1.40,1.32,1.38,-,0.02,1.37,10,1.38,10,
709479,臺慶科國泰61購01,0,0,0,---,---,---, ---,,,0.97,10,1.00,10,
709480,朋程永豐5C購02,0,0,0,---,---,---, ---,,,0.34,10,0.35,10,
709481,欣銓永豐64購01,"349,000",9,"311,360",0.86,1.05,0.86,1.01,+,0.1,1.00,10,1.01,10,
709482,達航永豐61購01,"7,000",2,"2,240",0.32,0.32,0.32,0.32,-,0.04,0.30,10,0.31,10,
709483,達航永豐64購01,"26,000",2,"11,740",0.47,0.47,0.44,0.44,-,0.04,0.44,10,0.45,10,
709484,立敦富邦66購01,"147,000",12,"106,400",0.70,0.75,0.70,0.75,+,0.07,0.74,10,0.75,28,
709485,宏觀富邦66購01,0,0,0,---,---,---, ---,,,0.20,10,0.21,28,
709486,順達富邦61購02,"205,000",3,"169,420",0.82,0.83,0.82,0.83,+,0.01,0.79,10,0.80,28,
709487,漢科富邦66購01,"2,867,000",55,"2,454,000",0.82,0.87,0.80,0.84,-,0.02,0.83,13,0.84,28,
709488,廣明富邦66購01,0,0,0,---,---,---, ---,,,0.56,10,0.57,28,
709489,璟德富邦66購01,"140,000",2,"40,600",0.29,0.29,0.29,0.29,-,0.01,0.28,11,0.29,28,
709490,久元凱基5C購02,0,0,0,---,---,---, ---,,,0.17,10,0.18,10,
709491,中美晶凱基5C購02,"413,000",42,"1,121,940",2.83,2.83,2.50,2.50,-,0.72,2.49,10,2.50,5,
709492,立敦凱基5C購01,"59,000",7,"45,560",0.70,0.82,0.70,0.78,+,0.18,0.73,100,0.75,10,
709493,良維凱基64購01,"137,000",4,"36,270",0.26,0.29,0.26,0.27,-,0.02,0.26,110,0.27,10,
709494,朋程凱基61購01,"50,000",1,"20,500",0.41,0.41,0.41,0.41,-,0.04,0.39,100,0.40,30,
709495,能率亞凱基5C購01,0,0,0,---,---,---, ---,,,0.79,10,0.80,10,
709496,富喬凱基5C購01,0,0,0,---,---,---, ---,,,0.34,499,0.35,10,
709497,華容凱基5C購02,"2,000",1,"5,780",2.89,2.89,2.89,2.89,+,0.13,2.75,100,2.85,10,
709498,群聯凱基5C購02,0,0,0,---,---,---, ---,,,0.25,100,0.26,50,
709499,廣穎凱基61購01,"106,000",3,"51,970",0.52,0.52,0.49,0.49,-,0.12,0.49,100,0.50,10,
709500,中美晶台新63購01,"151,000",27,"603,550",4.24,4.24,3.68,3.68,-,0.65,3.68,25,3.70,10,
709501,立敦台新5C購01,"325,000",14,"538,570",1.45,1.75,1.45,1.63,+,0.29,1.59,25,1.61,10,
709502,宏觀台新5C購01,0,0,0,---,---,---, ---,,,0.38,25,0.39,10,
709503,南俊台新5C購01,"379,000",7,"321,550",0.88,0.95,0.84,0.87,-,0.1,0.84,25,0.86,10,
709504,聖暉*台新5C購01,"45,000",5,"107,110",2.27,2.46,2.27,2.38,+,0.09,2.33,25,2.38,10,
709505,精材台新5C購02,"25,000",1,"125,000",5.00,5.00,5.00,5.00,-,0.0,4.77,25,4.82,10,
709506,精材台新5C購03,"134,000",9,"597,100",4.90,4.90,4.38,4.48,-,0.27,4.51,25,4.54,10,
709507,璟德台新5C購01,0,0,0,---,---,---, ---,,,0.41,25,0.42,10,
709508,久元元大5C購02,0,0,0,---,---,---, ---,,,0.17,499,0.18,10,
709509,宏觀元大5C購02,0,0,0,---,---,---, ---,,,0.00,0,0.00,0,
709510,朋程元大5C購01,0,0,0,---,---,---, ---,,,0.50,539,0.60,10,
709511,長科*元大5C購01,"60,000",3,"97,550",1.70,1.70,1.61,1.61,-,0.28,1.10,5,0.00,0,
709512,富喬元大61購04,0,0,0,---,---,---, ---,,,0.49,499,0.50,10,
709513,晶焱元大5C購01,"55,000",2,"17,450",0.31,0.39,0.31,0.39,-,0.05,0.30,499,0.39,3,
709514,順達元大5C購03,"836,000",13,"694,070",0.83,0.91,0.81,0.85,-,0.04,0.83,50,0.00,0,
709515,順達元大64購05,"216,000",5,"343,890",1.51,1.63,1.51,1.63,-,0.04,0.00,0,0.00,0,
709516,群聯元大61購09,0,0,0,---,---,---, ---,,,0.60,499,0.61,10,
709517,臺慶科元大5C購01,0,0,0,---,---,---, ---,,,0.33,499,0.43,10,
709518,中美晶富邦62購01,"70,000",10,"152,540",2.24,2.25,2.03,2.03,-,0.35,1.92,30,2.02,10,
709519,世界凱基5C購04,"1,002,000",35,"767,770",0.76,0.80,0.72,0.73,-,0.02,0.73,100,0.00,0,
709520,世紀*凱基5C購01,"12,000",1,"8,760",0.73,0.73,0.73,0.73,-,0.07,0.70,100,0.71,30,
709521,台半凱基61購02,0,0,0,---,---,---, ---,,,0.56,100,0.66,10,
709522,立端凱基61購01,0,0,0,---,---,---, ---,,,0.51,10,0.52,10,
709523,宏觀凱基61購03,0,0,0,---,---,---, ---,,,0.13,10,0.14,10,
709524,系統電凱基5C購02,0,0,0,---,---,---, ---,,,0.28,100,0.29,50,
709525,宜特凱基61購02,0,0,0,---,---,---, ---,,,0.59,100,0.60,10,
709526,長科*凱基5C購01,"42,000",6,"25,640",0.60,0.64,0.60,0.64,-,0.14,0.51,19,1.18,1,
709527,宸曜凱基5C購01,0,0,0,---,---,---, ---,,,0.37,10,0.38,10,
709528,順達凱基64購02,"12,000",3,"10,640",0.84,0.90,0.84,0.89,+,0.01,0.85,10,0.95,10,
709529,群聯凱基5C購03,"510,000",4,"128,500",0.26,0.26,0.25,0.25,-,0.06,0.24,120,0.25,50,
709530,大綜台新5C購01,0,0,0,---,---,---, ---,,,1.12,8,2.13,14,
709531,系統電台新5C購01,0,0,0,---,---,---, ---,,,0.49,25,0.50,10,
709532,萊德光台新5C購01,"316,000",23,"157,290",0.53,0.55,0.46,0.49,-,0.09,0.41,25,0.42,10,
709533,廣運台新5C購01,0,0,0,---,---,---, ---,,,0.37,25,0.38,10,
709534,台半永豐61購02,"150,000",2,"108,030",0.74,0.74,0.71,0.71,-,0.06,0.67,10,0.68,10,
709535,安葆永豐63購01,0,0,0,---,---,---, ---,,,0.47,499,0.48,10,
709536,良維永豐5C購03,0,0,0,---,---,---, ---,,,0.24,499,0.25,10,
709537,雙鴻永豐64購02,"5,000",1,"2,750",0.55,0.55,0.55,0.55,-,0.0,0.55,10,0.56,10,
709538,久元元大5C購03,0,0,0,---,---,---, ---,,,0.39,499,0.40,10,
709539,中美晶元大5C購04,"130,000",10,"369,830",3.00,3.00,2.79,2.79,-,0.21,2.62,250,2.72,10,
709540,世界元大5C購03,"242,000",15,"450,750",1.88,1.96,1.78,1.80,-,0.05,1.82,25,1.86,10,
709541,世界元大64購05,0,0,0,---,---,---, ---,,,1.25,25,1.35,10,
709542,台半元大5C購03,"3,000",1,"2,940",0.98,0.98,0.98,0.98,-,0.13,0.97,499,1.07,10,
709543,台半元大5C購04,0,0,0,---,---,---, ---,,,0.67,499,0.77,10,
709544,台半元大66購02,0,0,0,---,---,---, ---,,,1.33,1,1.37,10,
709545,良維元大5C購03,"8,000",3,"1,540",0.19,0.21,0.19,0.21,-,0.01,0.19,499,0.20,10,
709546,欣銓元大5C購01,"210,000",11,"156,320",0.68,0.80,0.66,0.80,+,0.1,0.79,25,0.80,10,
709547,長科*元大5C購02,"27,000",3,"47,100",1.74,1.79,1.74,1.79,-,0.22,1.06,9,0.00,0,
709548,長科*元大5C購03,"140,000",8,"253,900",1.86,1.87,1.79,1.81,-,0.25,1.29,38,0.00,0,
709549,長科*元大66購01,"201,000",9,"250,690",1.21,1.26,1.21,1.23,-,0.11,1.00,10,1.47,2,
709550,富喬元大61購05,0,0,0,---,---,---, ---,,,0.37,499,0.38,10,
709551,順達元大5C購04,"920,000",6,"748,840",0.79,0.87,0.78,0.87,+,0.03,0.34,29,0.00,0,
709552,順達元大64購06,"101,000",8,"129,970",1.22,1.35,1.22,1.26,-,0.11,0.95,10,1.29,50,
709553,群聯元大61購10,"104,000",2,"59,280",0.57,0.57,0.57,0.57,-,0.13,0.57,499,0.58,10,
709554,聖暉*元大5C購04,"479,000",13,"623,610",1.26,1.34,1.25,1.34,+,0.08,1.31,499,1.33,10,
709555,方土昶群益5C購01,"14,000",3,"7,950",0.59,0.59,0.56,0.56,-,0.08,0.55,10,0.65,10,
709556,世界群益5C購03,"598,000",20,"911,840",1.47,1.58,1.40,1.58,+,0.1,1.02,49,0.00,0,
709557,台半群益5C購02,0,0,0,---,---,---, ---,,,0.86,499,0.00,0,
709558,台半群益61購01,"10,000",1,"11,900",1.19,1.19,1.19,1.19,-,0.15,1.14,100,1.18,100,
709559,系微群益5C購01,0,0,0,---,---,---, ---,,,0.48,10,0.58,10,
709560,長科*群益61購01,"131,000",7,"133,380",0.94,1.03,0.94,1.02,-,0.16,0.59,16,0.00,0,
709561,南俊群益5C購01,"61,000",5,"52,560",0.87,0.87,0.85,0.86,-,0.09,0.84,100,0.87,100,
709562,富喬群益5C購02,"20,000",1,"17,000",0.85,0.85,0.85,0.85,-,0.16,0.38,26,0.00,0,
709563,群聯群益5C購03,0,0,0,---,---,---, ---,,,0.45,10,0.55,10,
709564,臺慶科群益5C購01,"30,000",3,"17,100",0.58,0.58,0.56,0.57,-,0.03,0.49,10,0.59,10,
709565,廣運群益5C購01,0,0,0,---,---,---, ---,,,0.49,10,0.59,10,
709566,雙鴻群益5C購02,0,0,0,---,---,---, ---,,,0.00,0,0.00,0,
709567,方土昶凱基5C購02,"10,000",1,"4,100",0.41,0.41,0.41,0.41,-,0.02,0.38,100,0.39,10,
709568,威剛凱基61購01,0,0,0,---,---,---, ---,,,0.36,100,0.37,50,
709569,雅特力凱基5C購01,"21,000",7,"73,860",3.53,3.60,3.38,3.50,+,0.21,3.46,10,3.56,10,
709570,聰泰凱基5C購01,0,0,0,---,---,---, ---,,,0.45,100,0.46,10,
709571,雙鴻凱基5C購07,0,0,0,---,---,---, ---,,,0.24,100,0.25,50,
709572,雙鴻凱基5C購08,0,0,0,---,---,---, ---,,,0.22,100,0.23,50,
709573,能率台新5C購01,0,0,0,---,---,---, ---,,,1.04,25,1.05,10,
709574,良維富邦61購02,0,0,0,---,---,---, ---,,,0.24,10,0.25,28,
709575,群聯富邦63購01,0,0,0,---,---,---, ---,,,0.33,10,0.34,28,
709576,雙鴻富邦62購01,"10,000",1,"3,900",0.39,0.39,0.39,0.39,+,0.02,0.37,10,0.38,28,
709577,達航國票61購01,"150,000",1,"42,000",0.28,0.28,0.28,0.28,-,0.01,0.26,25,0.27,10,
709578,久元元大5C購04,0,0,0,---,---,---, ---,,,0.40,499,0.41,10,
709579,中美晶元大5C購05,0,0,0,---,---,---, ---,,,3.83,150,0.00,0,
709580,世界元大5C購04,"257,000",11,"444,170",1.71,1.80,1.66,1.76,+,0.01,1.71,25,1.76,10,
709581,世界元大64購06,"144,000",6,"138,390",0.97,1.01,0.94,1.01,+,0.04,0.95,25,0.99,10,
709582,台半元大5C購05,0,0,0,---,---,---, ---,,,0.67,3,0.76,10,
709583,台半元大66購03,0,0,0,---,---,---, ---,,,1.38,499,1.48,10,
709584,宏觀元大5C購03,"50,000",1,"24,500",0.49,0.49,0.49,0.49,-,0.05,0.07,142,0.00,0,
709585,威剛元大5C購01,0,0,0,---,---,---, ---,,,0.41,499,0.42,10,
709586,富喬元大64購01,"167,000",2,"85,170",0.51,0.51,0.51,0.51,-,0.03,0.51,499,0.52,10,
709587,順達元大5C購05,"137,000",10,"281,420",1.92,2.14,1.92,2.14,-,0.08,1.20,8,0.00,0,
709588,群聯元大61購11,"646,000",3,"225,140",0.40,0.40,0.33,0.34,-,0.05,0.33,499,0.34,10,
709589,群聯元大64購04,"1,535,000",9,"629,900",0.41,0.42,0.41,0.41,-,0.1,0.40,499,0.42,10,
709590,精材元大5C購02,0,0,0,---,---,---, ---,,,5.15,150,0.00,0,
709591,威剛群益5C購03,"11,000",1,"10,010",0.91,0.91,0.91,0.91,-,0.17,0.93,10,1.03,10,
709592,群聯群益5C購04,"209,000",3,"296,750",1.42,1.43,1.40,1.40,-,0.36,1.38,10,1.48,10,
709593,桓達永豐61購01,0,0,0,---,---,---, ---,,,0.28,10,0.30,10,
709594,宏觀國票61購01,0,0,0,---,---,---, ---,,,0.33,25,0.34,10,
709595,富喬國票5C購03,0,0,0,---,---,---, ---,,,0.59,25,0.60,10,
709596,群聯國票61購04,"400,000",1,"216,000",0.54,0.54,0.54,0.54,-,0.11,0.53,25,0.54,10,
709597,精確國票61購01,0,0,0,---,---,---, ---,,,0.59,25,0.60,10,
709598,磐亞國票61購01,"674,000",70,"2,292,680",3.09,3.48,3.09,3.47,+,0.42,3.15,7,3.52,101,
709599,雙鴻國票61購01,0,0,0,---,---,---, ---,,,0.42,25,0.43,10,
709600,中美晶元大5C購06,0,0,0,---,---,---, ---,,,4.25,150,4.35,10,
709601,世界元大5C購05,"245,000",10,"414,760",1.71,1.74,1.63,1.74,+,0.03,1.66,25,1.70,10,
709602,世界元大64購07,"593,000",25,"920,100",1.52,1.58,1.49,1.50,-,0.01,1.51,25,1.55,10,
709603,世界元大66購02,"145,000",11,"133,200",0.92,0.94,0.90,0.92,+,0.01,0.91,25,0.95,10,
709604,系統電元大5C購03,0,0,0,---,---,---, ---,,,0.26,499,0.27,10,
709605,威剛元大5C購02,0,0,0,---,---,---, ---,,,1.37,499,1.38,10,
709606,威剛元大61購02,"10,000",1,"11,200",1.12,1.12,1.12,1.12,-,0.11,1.14,499,1.15,10,
709607,群聯元大5C購04,"137,000",5,"98,370",0.70,0.73,0.70,0.71,-,0.11,0.70,499,0.71,10,
709608,群聯元大5C購05,0,0,0,---,---,---, ---,,,0.61,499,0.62,10,
709609,群聯元大61購12,"103,000",7,"43,210",0.41,0.43,0.41,0.43,-,0.06,0.41,499,0.42,10,
709610,群聯元大64購05,0,0,0,---,---,---, ---,,,0.47,499,0.48,10,
709611,磐亞元大5C購01,"5,000",3,"38,250",7.95,8.10,7.40,8.10,+,1.5,7.20,25,8.10,9,
709612,系統電富邦61購02,0,0,0,---,---,---, ---,,,0.20,10,0.21,28,
709613,大綜永豐61購01,0,0,0,---,---,---, ---,,,1.08,10,1.18,10,
709614,磐亞永豐61購01,"32,000",5,"137,810",4.23,4.68,4.23,4.68,+,0.86,4.40,10,0.00,0,
709615,方土昶凱基5C購03,0,0,0,---,---,---, ---,,,0.49,100,0.50,10,
709616,華電網凱基5C購01,0,0,0,---,---,---, ---,,,0.32,10,0.33,10,
709617,磐亞凱基5C購01,"25,000",3,"122,600",4.88,5.00,4.88,5.00,+,0.65,5.10,10,0.00,0,
709618,雙鴻凱基61購04,0,0,0,---,---,---, ---,,,0.20,100,0.21,50,
709619,大綜台新5C購02,0,0,0,---,---,---, ---,,,0.77,12,2.41,8,
709620,系統電台新61購01,0,0,0,---,---,---, ---,,,0.48,25,0.49,10,
709621,良維台新5C購01,0,0,0,---,---,---, ---,,,0.57,25,0.58,10,
709622,順達台新5C購02,0,0,0,---,---,---, ---,,,1.30,25,1.31,10,
709623,精材台新62購01,"163,000",14,"629,850",4.08,4.08,3.67,3.73,-,0.47,3.82,25,3.83,10,
709624,雙鴻台新5C購01,0,0,0,---,---,---, ---,,,0.48,25,0.49,10,
709625,力致群益5C購01,0,0,0,---,---,---, ---,,,0.00,0,0.00,0,
709626,威剛群益5C購04,"309,000",1,"231,750",0.75,0.75,0.75,0.75,-,0.04,0.76,10,0.86,10,
709627,群聯群益5C購05,0,0,0,---,---,---, ---,,,0.83,12,1.27,10,
709628,雙鴻群益62購01,"50,000",1,"14,000",0.28,0.28,0.28,0.28,-,0.05,0.12,1,0.00,0,
709629,方土昶永豐63購01,"32,000",3,"17,480",0.55,0.55,0.54,0.54,-,0.06,0.53,10,0.55,10,
709630,系微永豐61購01,0,0,0,---,---,---, ---,,,0.60,10,0.61,10,
709631,宜特永豐5C購03,0,0,0,---,---,---, ---,,,1.14,499,1.15,10,
709632,家登永豐5C購01,"157,000",6,"112,120",0.65,0.75,0.64,0.75,-,0.06,0.73,499,0.74,10,
709633,鈊象永豐64購01,0,0,0,---,---,---, ---,,,0.77,10,0.78,10,
709634,群聯永豐5C購08,0,0,0,---,---,---, ---,,,0.77,10,0.78,10,
709635,雙鴻群益5C購03,"1,507,000",4,"1,205,200",0.76,0.80,0.76,0.80,+,0.01,0.32,10,0.00,0,
709636,大綜國票5C購01,"30,000",3,"21,100",0.70,0.71,0.70,0.70,-,0.12,0.67,25,0.73,10,
709637,台特化國票61購01,0,0,0,---,---,---, ---,,,0.92,25,0.94,10,
709638,光聚晶國票61購01,"201,000",5,"104,510",0.51,0.52,0.51,0.52,+,0.02,0.51,25,0.52,10,
709639,系統電國票61購01,0,0,0,---,---,---, ---,,,0.40,25,0.41,10,
709640,家登國票5C購01,"49,000",6,"51,590",1.06,1.07,1.02,1.03,-,0.21,1.11,25,1.12,10,
709641,海韻電國票61購01,0,0,0,---,---,---, ---,,,0.49,25,0.50,10,
709642,鈊象國票61購01,0,0,0,---,---,---, ---,,,0.65,25,0.66,10,
709643,聖暉*國票61購01,"31,000",6,"40,230",1.24,1.35,1.24,1.28,+,0.15,1.27,25,1.28,5,
709644,大綜凱基5C購01,"8,000",2,"2,840",0.37,0.37,0.33,0.33,-,0.12,0.34,10,0.40,1,
709645,伍豐凱基5C購01,"51,000",2,"10,720",0.21,0.22,0.21,0.22,-,0.02,0.21,10,0.22,10,
709646,系統電凱基5C購03,0,0,0,---,---,---, ---,,,0.11,100,0.12,30,
709647,朋億*凱基5C購01,"165,000",10,"278,350",1.67,1.72,1.67,1.71,-,0.02,1.66,100,1.68,10,
709648,威剛凱基5C購03,"116,000",8,"49,830",0.58,0.58,0.42,0.43,-,0.03,0.42,105,0.43,10,
709649,茂訊凱基5C購01,"48,000",3,"38,820",0.80,0.83,0.80,0.83,-,0.01,0.80,100,0.81,10,
709650,富喬凱基5C購02,"15,000",1,"7,050",0.47,0.47,0.47,0.47,-,0.03,0.46,100,0.47,10,
709651,晶焱凱基5C購01,0,0,0,---,---,---, ---,,,0.54,10,0.55,10,
709652,雅特力凱基5C購02,"1,150,000",45,"2,309,350",2.40,2.40,1.83,2.05,-,0.19,2.04,10,2.09,10,
709653,群聯凱基5C購04,"306,000",8,"86,280",0.29,0.29,0.28,0.28,-,0.05,0.27,100,0.28,50,
709654,精確凱基5C購01,"30,000",1,"16,200",0.54,0.54,0.54,0.54,-,0.04,0.55,10,0.56,10,
709655,大綜台新5C購03,"44,000",1,"33,880",0.77,0.77,0.77,0.77,-,0.08,0.51,19,0.88,30,
709656,大綜台新5C購04,"1,000",1,"1,300",1.30,1.30,1.30,1.30,+,0.21,0.41,24,1.30,9,
709657,方土昶台新5C購01,"12,000",1,"9,240",0.77,0.77,0.77,0.77,-,0.09,0.73,25,0.74,10,
709658,富喬台新5C購01,"68,000",2,"46,450",0.68,0.69,0.68,0.69,-,0.03,0.66,25,0.67,10,
709659,富喬台新5C購02,"97,000",9,"94,140",0.98,0.98,0.96,0.96,-,0.1,0.94,25,0.95,10,
709660,晶焱台新5C購01,"20,000",1,"15,400",0.77,0.77,0.77,0.77,-,0.07,0.77,25,0.80,10,
709661,晶焱台新5C購02,0,0,0,---,---,---, ---,,,0.54,25,0.55,10,
709662,晶焱台新5C購03,0,0,0,---,---,---, ---,,,0.39,25,0.41,10,
709663,群聯台新5C購01,0,0,0,---,---,---, ---,,,0.51,25,0.52,10,
709664,大綜元大5C購01,0,0,0,---,---,---, ---,,,0.40,25,0.50,10,
709665,中美晶元大5C購07,"20,000",2,"80,400",4.02,4.02,4.02,4.02,-,0.38,3.80,150,3.90,10,
709666,台半元大5C購06,0,0,0,---,---,---, ---,,,0.69,499,0.79,10,
709667,系統電元大5C購04,0,0,0,---,---,---, ---,,,0.35,499,0.36,10,
709668,威剛元大61購03,"10,000",1,"6,200",0.62,0.62,0.62,0.62,-,0.05,0.62,499,0.63,10,
709669,家登元大5C購04,"1,881,000",25,"1,346,630",0.70,0.83,0.66,0.76,-,0.05,0.76,10,0.77,10,
709670,群聯元大5C購06,"180,000",1,"104,400",0.58,0.58,0.58,0.58,-,0.09,0.57,499,0.58,10,
709671,群聯元大5C購07,0,0,0,---,---,---, ---,,,0.73,499,0.74,10,
709672,群聯元大5C購08,"501,000",3,"215,380",0.42,0.43,0.42,0.42,-,0.08,0.41,499,0.42,10,
709673,群聯元大66購05,"560,000",6,"341,720",0.61,0.62,0.60,0.61,-,0.07,0.61,499,0.62,10,
709674,聖暉*元大5C購05,"574,000",11,"663,420",1.12,1.20,1.12,1.16,+,0.01,1.17,499,1.19,10,
709675,聖暉*元大5C購06,"1,027,000",22,"1,057,580",1.00,1.07,0.96,1.05,+,0.06,1.03,499,1.04,10,
709676,家登富邦63購01,"82,000",9,"48,180",0.61,0.61,0.58,0.58,-,0.07,0.61,10,0.62,28,
709677,正德群益5C購01,"6,000",1,"5,400",0.90,0.90,0.90,0.90,+,0.01,0.88,25,0.89,10,
709678,威剛群益5C購05,0,0,0,---,---,---, ---,,,0.75,10,0.85,10,
709679,家登群益5C購01,"122,000",2,"149,980",1.09,1.26,1.09,1.26,-,0.18,1.22,100,1.23,100,
709680,富喬群益5C購03,0,0,0,---,---,---, ---,,,0.39,27,0.00,0,
709681,華容群益5C購01,0,0,0,---,---,---, ---,,,3.90,1,0.00,0,
709682,群聯群益5C購06,"85,000",4,"171,830",2.04,2.04,2.01,2.01,-,0.29,1.99,10,2.09,10,
709683,聖暉*群益5C購02,"331,000",17,"532,440",1.51,1.67,1.45,1.60,+,0.15,0.77,12,0.00,0,
709684,立端永豐64購01,"285,000",7,"173,250",0.61,0.63,0.60,0.60,-,0.06,0.59,10,0.60,10,
709685,威剛永豐6C購01,"2,000",1,"2,000",1.00,1.00,1.00,1.00,-,0.03,1.00,10,1.01,10,
709686,建榮永豐61購01,0,0,0,---,---,---, ---,,,0.55,10,0.56,10,
709687,茂訊永豐5C購01,0,0,0,---,---,---, ---,,,0.64,499,0.65,10,
709688,雅特力永豐61購01,"132,000",20,"320,430",2.43,2.58,2.29,2.48,-,0.1,2.45,10,2.46,10,
709689,群聯永豐5C購09,0,0,0,---,---,---, ---,,,0.64,10,0.65,10,
709690,綠界*永豐61購01,"5,000",1,"4,000",0.80,0.80,0.80,0.80,-,0.0,0.78,10,0.79,10,
709691,聰泰永豐61購01,0,0,0,---,---,---, ---,,,0.74,499,0.76,10,
709692,立敦國票5C購01,"36,000",4,"58,200",1.48,1.71,1.48,1.71,+,0.35,1.57,25,1.58,10,
709693,立敦國票5C購02,"673,000",5,"1,136,460",1.64,1.70,1.63,1.63,+,0.21,1.62,25,1.63,10,
709694,伍豐國票61購01,0,0,0,---,---,---, ---,,,0.41,25,0.42,10,
709695,光焱國票61購01,"110,000",2,"57,000",0.50,0.52,0.50,0.52,+,0.02,0.50,25,0.52,10,
709696,安勤國票61購01,"319,000",18,"321,650",1.00,1.04,0.99,1.01,-,0.0,0.98,35,0.99,10,
709697,系統電國票61購02,0,0,0,---,---,---, ---,,,0.52,25,0.53,10,
709698,邑昇國票61購01,"20,000",2,"8,900",0.47,0.47,0.42,0.42,+,0.04,0.38,25,0.39,10,
709699,信音國票5C購01,0,0,0,---,---,---, ---,,,0.51,25,0.52,10,
709700,建榮國票5C購01,"8,000",1,"2,480",0.31,0.31,0.31,0.31,-,0.02,0.30,25,0.31,10,
709701,博士旺國票5C購01,"18,000",5,"4,290",0.24,0.24,0.23,0.24,-,0.01,0.24,25,0.25,10,
709702,博智國票5C購01,0,0,0,---,---,---, ---,,,0.62,25,0.63,10,
709703,博智國票5C購02,0,0,0,---,---,---, ---,,,0.58,25,0.59,10,
709704,晶焱國票5C購01,0,0,0,---,---,---, ---,,,0.50,25,0.51,10,
709705,雅特力國票61購01,"183,000",10,"302,890",1.68,1.74,1.61,1.70,-,0.22,1.69,25,1.70,10,
709706,雅特力國票61購02,"234,000",19,"329,660",1.46,1.59,1.36,1.46,+,0.08,1.43,25,1.45,10,
709707,意德士國票61購01,0,0,0,---,---,---, ---,,,0.46,25,0.48,10,
709708,聚和國票61購01,"100,000",1,"96,000",0.96,0.96,0.96,0.96,-,0.04,0.92,25,0.93,10,
709709,臺慶科國票61購02,"10,000",1,"5,600",0.56,0.56,0.56,0.56,-,0.19,0.55,25,0.56,10,
709710,廣閎科國票61購01,0,0,0,---,---,---, ---,,,1.64,25,1.66,10,
709711,騰雲國票61購01,"2,000",1,"1,740",0.87,0.87,0.87,0.87,+,0.18,0.84,25,0.00,0,
709712,威剛國泰61購01,0,0,0,---,---,---, ---,,,1.36,499,1.37,100,
709713,湧德國泰61購01,"20,000",1,"9,200",0.46,0.46,0.46,0.46,-,0.03,0.46,499,0.47,100,
709714,光焱台新5C購01,0,0,0,---,---,---, ---,,,0.92,25,0.93,10,
709715,兆利台新5C購01,0,0,0,---,---,---, ---,,,0.69,25,0.70,10,
709716,兆利台新5C購02,0,0,0,---,---,---, ---,,,0.52,25,0.53,10,
709717,雅特力台新5C購01,"1,615,000",76,"4,252,230",2.78,2.88,2.44,2.72,-,0.28,2.72,15,2.74,15,
709718,雅特力台新5C購02,"970,000",38,"2,187,300",2.30,2.45,2.15,2.25,-,0.57,2.30,25,2.31,10,
709719,鈊象台新5C購02,"4,000",1,"5,640",1.41,1.41,1.41,1.41,-,0.04,1.41,25,1.42,10,
709720,雙鴻台新5C購02,"51,000",3,"50,150",0.99,0.99,0.94,0.98,+,0.01,0.96,25,0.97,10,
709721,雙鴻台新5C購03,0,0,0,---,---,---, ---,,,0.58,25,0.59,10,
709722,穩得台新5C購01,0,0,0,---,---,---, ---,,,0.53,25,0.54,10,
709723,中美晶元大5C購08,0,0,0,---,---,---, ---,,,4.36,150,0.00,0,
709724,中美晶元大5C購09,"1,000",1,"2,810",2.81,2.81,2.81,2.81,-,0.31,2.72,250,3.12,8,
709725,方土昶元大5C購01,"29,000",1,"37,120",1.28,1.28,1.28,1.28,-,0.11,1.23,499,1.24,10,
709726,系統電元大5C購05,0,0,0,---,---,---, ---,,,0.56,499,0.57,10,
709727,系統電元大5C購06,0,0,0,---,---,---, ---,,,0.68,499,0.69,10,
709728,信音元大5C購01,"200,000",1,"134,000",0.67,0.67,0.67,0.67,-,0.05,0.67,499,0.68,10,
709729,威剛元大61購04,0,0,0,---,---,---, ---,,,1.36,499,1.37,10,
709730,富喬元大64購02,0,0,0,---,---,---, ---,,,0.84,499,0.85,10,
709731,順達元大5C購06,"269,000",20,"561,190",2.04,2.18,1.98,2.02,-,0.09,1.31,7,0.00,0,
709732,鈊象元大5C購05,"2,000",1,"3,020",1.51,1.51,1.51,1.51,-,0.05,1.52,25,1.53,10,
709733,群聯元大5C購09,"357,000",5,"292,600",0.82,0.82,0.81,0.82,-,0.16,0.80,499,0.81,10,
709734,群聯元大5C購10,"431,000",8,"271,740",0.63,0.64,0.62,0.64,-,0.09,0.63,499,0.64,10,
709735,群聯元大5C購11,"2,000",2,920,0.46,0.46,0.46,0.46,-,0.06,0.45,499,0.46,10,
709736,群聯元大66購06,"1,280,000",8,"867,900",0.68,0.69,0.67,0.67,-,0.08,0.67,499,0.68,10,
709737,精材元大5C購03,0,0,0,---,---,---, ---,,,4.88,150,0.00,0,
709738,精材元大64購01,0,0,0,---,---,---, ---,,,4.56,150,4.66,10,
709739,精材元大66購04,"40,000",8,"169,200",4.57,4.57,4.10,4.10,-,0.36,4.12,200,4.22,10,
709740,順達凱基5C購03,"87,000",7,"55,090",0.62,0.69,0.61,0.69,+,0.02,0.62,10,0.72,10,
709741,群聯凱基5C購05,"4,000",1,"1,520",0.38,0.38,0.38,0.38,-,0.05,0.36,100,0.37,50,
709742,聖暉*凱基5C購02,"42,000",4,"37,330",0.84,0.90,0.84,0.90,+,0.07,0.88,100,0.89,10,
709743,精材凱基61購05,"137,000",15,"278,180",2.04,2.04,1.85,1.86,-,0.2,1.86,100,1.96,10,
709744,臺慶科凱基5C購02,0,0,0,---,---,---, ---,,,0.28,100,0.29,50,
709745,宜鼎元大5C購05,"670,000",5,"476,800",0.73,0.73,0.71,0.71,-,0.1,0.71,499,0.72,10,
709746,宜鼎元大61購04,"250,000",10,"135,690",0.56,0.56,0.54,0.54,-,0.07,0.54,499,0.55,10,
709747,廣閎科元大5C購01,0,0,0,---,---,---, ---,,,1.21,499,2.12,6,
709748,宜鼎群益5C購01,"987,000",9,"474,260",0.49,0.49,0.48,0.48,-,0.09,0.47,106,0.48,100,
709749,宜鼎群益5C購02,"147,000",3,"55,860",0.39,0.39,0.37,0.38,-,0.08,0.38,100,0.39,100,
709750,宜鼎群益5C購03,"105,000",3,"48,250",0.46,0.46,0.45,0.46,-,0.1,0.46,100,0.47,100,
709751,方土昶國票61購01,"14,000",2,"14,720",1.05,1.07,1.05,1.07,-,0.08,1.01,25,1.02,10,
709752,加高國票61購01,"225,000",7,"189,130",0.85,0.86,0.80,0.84,+,0.13,0.82,25,0.83,10,
709753,宜鼎國票61購01,"20,000",3,"14,200",0.71,0.71,0.71,0.71,-,0.14,0.71,25,0.72,10,
709754,威聯通國票61購01,0,0,0,---,---,---, ---,,,0.49,25,0.51,10,
709755,凱崴國票61購01,"280,000",10,"186,700",0.70,0.70,0.64,0.64,-,0.08,0.64,25,0.65,10,
709756,港建*國票61購01,"1,000",1,600,0.60,0.60,0.60,0.60,+,0.02,0.57,25,0.58,10,
709757,華容國票61購01,0,0,0,---,---,---, ---,,,3.26,25,3.36,10,
709758,萊德光國票61購02,"97,000",4,"64,870",0.71,0.71,0.63,0.63,-,0.13,0.60,25,0.65,10,
709759,萊德光國票61購03,"1,285,000",10,"693,740",0.51,0.56,0.48,0.48,-,0.1,0.46,25,0.50,10,
709760,宜特國泰61購01,0,0,0,---,---,---, ---,,,0.96,499,0.97,100,
709761,宜鼎國泰61購02,0,0,0,---,---,---, ---,,,0.84,6,0.00,0,
709762,宜鼎國泰61購03,"60,000",1,"53,400",0.89,0.89,0.89,0.89,-,0.15,0.88,499,0.89,100,
709763,宜鼎國泰61購04,"1,000",1,950,0.95,0.95,0.95,0.95,-,0.15,0.93,499,0.00,0,
709764,台半富邦62購03,"366,000",10,"261,100",0.75,0.75,0.70,0.71,-,0.04,0.68,10,0.69,28,
709765,台半富邦63購01,"318,000",10,"218,660",0.72,0.72,0.68,0.68,-,0.05,0.66,10,0.67,28,
709766,宜特富邦62購01,"37,000",2,"19,610",0.53,0.53,0.53,0.53,-,0.0,0.53,10,0.54,28,
709767,宜鼎富邦5C購04,"403,000",4,"141,710",0.37,0.37,0.34,0.34,-,0.06,0.34,10,0.35,28,
709768,朋程富邦62購01,0,0,0,---,---,---, ---,,,0.61,10,0.62,28,
709769,朋程富邦63購01,"38,000",4,"23,000",0.61,0.61,0.60,0.60,-,0.01,0.57,10,0.58,28,
709770,家登富邦62購02,"162,000",8,"106,740",0.68,0.68,0.64,0.64,-,0.08,0.68,10,0.69,28,
709771,家登富邦62購03,"214,000",6,"144,510",0.69,0.70,0.65,0.70,-,0.03,0.69,10,0.70,28,
709772,鈊象富邦62購01,0,0,0,---,---,---, ---,,,0.63,10,0.64,28,
709773,鈊象富邦63購01,0,0,0,---,---,---, ---,,,0.46,10,0.47,28,
709774,雙鴻富邦63購01,"10,000",2,"5,000",0.50,0.50,0.50,0.50,-,0.0,0.50,10,0.51,28,
709775,系統電凱基5C購04,0,0,0,---,---,---, ---,,,0.34,100,0.35,50,
709776,威剛凱基5C購04,"230,000",7,"162,250",0.70,0.71,0.70,0.71,-,0.05,0.71,100,0.72,50,
709777,家登凱基5C購03,"102,000",3,"77,620",0.79,0.80,0.76,0.76,-,0.09,0.75,120,0.85,10,
709778,博智凱基5C購03,0,0,0,---,---,---, ---,,,0.45,100,0.46,50,
709779,富喬凱基5C購03,"110,000",4,"64,750",0.60,0.60,0.57,0.57,-,0.04,0.57,100,0.58,10,
709780,勤凱凱基5C購03,0,0,0,---,---,---, ---,,,0.23,100,0.24,50,
709781,群聯凱基61購05,"60,000",4,"27,630",0.46,0.47,0.46,0.47,-,0.05,0.45,100,0.46,50,
709782,廣閎科凱基61購01,"11,000",2,"13,510",1.21,1.23,1.21,1.23,-,0.18,1.23,100,1.24,10,
709783,宜鼎台新5C購01,"2,436,000",17,"1,803,050",0.73,0.76,0.73,0.74,-,0.14,0.74,25,0.75,10,
709784,宜鼎台新5C購02,"786,000",8,"660,810",0.88,0.88,0.83,0.83,-,0.19,0.83,25,0.84,10,
709785,宜鼎台新5C購03,"273,000",6,"195,360",0.74,0.75,0.68,0.70,-,0.12,0.70,25,0.71,10,
709786,宜鼎中信5C購02,"44,000",3,"10,520",0.24,0.24,0.23,0.24,-,0.05,0.23,10,0.24,10,
709787,宜鼎永豐64購01,"135,000",3,"70,470",0.54,0.54,0.51,0.51,-,0.07,0.52,10,0.53,10,
709788,宜鼎永豐65購01,"27,000",4,"11,880",0.44,0.44,0.44,0.44,-,0.05,0.43,30,0.44,10,
709789,宇峻國泰61購01,0,0,0,---,---,---, ---,,,1.63,499,1.66,100,
709790,華景電國泰61購01,"45,000",2,"35,550",0.79,0.79,0.79,0.79,-,0.06,0.80,499,0.81,100,
709791,群聯國泰61購02,"35,000",2,"44,850",1.28,1.29,1.28,1.29,-,0.18,1.26,499,1.27,100,
709792,漢達國泰61購01,"88,000",14,"255,860",2.81,3.14,2.80,2.93,+,0.28,2.83,10,2.93,8,
709793,世界凱基5C購05,"298,000",8,"344,140",1.22,1.22,1.13,1.22,+,0.07,1.13,89,1.14,10,
709794,宜鼎凱基5C購03,0,0,0,---,---,---, ---,,,0.26,100,0.27,30,
709795,宜鼎凱基5C購04,"95,000",1,"30,400",0.32,0.32,0.32,0.32,-,0.05,0.32,100,0.33,30,
709796,宜鼎凱基5C購05,"480,000",3,"189,200",0.40,0.40,0.39,0.39,-,0.06,0.39,100,0.40,30,
709797,威聯通凱基61購01,0,0,0,---,---,---, ---,,,0.29,10,0.30,10,
709798,凱崴凱基61購01,0,0,0,---,---,---, ---,,,0.48,10,0.49,10,
709799,華景電凱基5C購02,"32,000",4,"9,620",0.28,0.31,0.28,0.31,-,0.02,0.30,100,0.31,50,
709800,順達凱基61購01,"61,000",1,"40,260",0.66,0.66,0.66,0.66,+,0.03,0.62,10,0.72,10,
709801,璟德凱基5C購01,"168,000",11,"52,220",0.30,0.32,0.30,0.30,-,0.01,0.29,10,0.30,50,
709802,立敦台新5C購02,"137,000",5,"200,830",1.39,1.59,1.39,1.51,+,0.23,1.51,25,1.53,10,
709803,宏捷科台新5C購01,"81,000",2,"68,800",0.86,0.86,0.84,0.84,-,0.08,0.78,25,0.79,10,
709804,宜鼎台新5C購04,"884,000",9,"845,290",0.99,1.01,0.94,0.95,-,0.18,0.95,25,0.96,10,
709805,宜鼎台新61購01,"93,000",3,"110,830",1.23,1.23,1.16,1.16,-,0.21,1.16,25,1.18,10,
709806,東浦台新5C購01,"33,000",4,"88,400",2.61,2.82,2.60,2.70,+,0.07,2.66,25,2.70,10,
709807,家登台新5C購01,"888,000",25,"1,233,960",1.29,1.58,1.25,1.45,-,0.23,1.41,25,1.42,10,
709808,順達台新61購02,"35,000",4,"94,990",2.67,2.93,2.62,2.90,+,0.07,2.71,25,2.73,10,
709809,新漢台新5C購01,"2,086,000",9,"2,981,780",1.43,1.44,1.40,1.41,-,0.09,1.41,10,0.00,0,
709810,廣閎科台新5C購01,0,0,0,---,---,---, ---,,,2.68,25,2.78,10,
709811,富喬中信5C購03,0,0,0,---,---,---, ---,,,0.27,10,0.29,10,
709812,創惟永豐5C購01,"157,000",5,"88,100",0.57,0.57,0.56,0.57,-,0.11,0.56,10,0.57,10,
709813,華容永豐61購01,0,0,0,---,---,---, ---,,,3.33,1,3.98,27,
709814,群聯永豐64購04,0,0,0,---,---,---, ---,,,0.89,499,0.90,10,
709815,群聯永豐64購05,0,0,0,---,---,---, ---,,,0.54,499,0.55,10,
709816,宜鼎元大5C購06,"231,000",4,"95,650",0.43,0.43,0.40,0.42,-,0.05,0.41,509,0.42,10,
709817,宜鼎元大5C購07,"465,000",4,"276,350",0.60,0.60,0.59,0.59,-,0.08,0.59,499,0.60,10,
709818,宜鼎元大5C購08,"180,000",1,"95,400",0.53,0.53,0.53,0.53,-,0.08,0.53,499,0.54,10,
709819,威剛元大5C購03,"25,000",1,"39,750",1.59,1.59,1.59,1.59,-,0.17,1.61,450,1.62,10,
709820,群聯元大5C購12,0,0,0,---,---,---, ---,,,0.71,499,0.72,10,
709821,群聯元大5C購13,0,0,0,---,---,---, ---,,,0.90,499,0.91,10,
709822,群聯元大5C購14,"233,000",9,"229,340",0.99,0.99,0.98,0.99,-,0.17,0.96,499,0.97,10,
709823,群聯元大61購13,"71,000",5,"56,800",0.80,0.81,0.79,0.79,-,0.11,0.78,499,0.79,10,
709824,廣閎科元大5C購02,0,0,0,---,---,---, ---,,,2.26,300,0.00,0,
709825,雙鴻元大61購15,0,0,0,---,---,---, ---,,,0.42,499,0.43,10,
709826,力領國票61購01,"8,000",3,"4,740",0.63,0.63,0.48,0.48,-,0.02,0.49,25,0.51,10,
709827,加高國票61購02,"134,000",3,"68,870",0.52,0.52,0.51,0.51,+,0.08,0.49,25,0.50,10,
709828,立端國票61購01,0,0,0,---,---,---, ---,,,0.59,25,0.60,10,
709829,邑錡國票5C購01,"248,000",5,"386,750",1.61,1.61,1.50,1.50,-,0.3,1.49,25,1.59,10,
709830,佳邦國票61購03,0,0,0,---,---,---, ---,,,0.65,25,0.66,10,
709831,宜鼎國票61購02,0,0,0,---,---,---, ---,,,0.53,25,0.54,10,
709832,東浦國票61購01,0,0,0,---,---,---, ---,,,1.35,25,1.36,10,
709833,杰力國票61購01,"150,000",6,"114,700",0.74,0.80,0.74,0.77,+,0.02,0.75,25,0.77,10,
709834,金益鼎國票61購02,0,0,0,---,---,---, ---,,,0.45,25,0.46,10,
709835,長聖國票61購01,"107,000",5,"88,750",0.84,0.84,0.82,0.82,-,0.08,0.79,25,0.81,10,
709836,胡連國票61購01,0,0,0,---,---,---, ---,,,0.77,25,0.78,10,
709837,韋僑國票61購01,0,0,0,---,---,---, ---,,,0.45,25,0.47,10,
709838,宸曜國票5C購01,0,0,0,---,---,---, ---,,,0.53,25,0.54,10,
709839,能率亞國票61購01,"421,000",7,"452,310",0.94,1.14,0.94,1.10,+,0.12,1.08,25,1.09,10,
709840,凱崴國票61購02,"50,000",1,"23,000",0.46,0.46,0.46,0.46,-,0.06,0.46,25,0.47,10,
709841,湧德國票5C購01,"3,000",1,"1,650",0.55,0.55,0.55,0.55,-,0.03,0.54,25,0.55,10,
709842,湧德國票5C購02,"22,000",2,"11,880",0.54,0.54,0.54,0.54,-,0.04,0.54,25,0.55,10,
709843,華容國票61購02,"293,000",50,"809,940",2.55,2.95,2.55,2.58,+,0.11,2.58,25,2.59,10,
709844,華景電國票61購01,0,0,0,---,---,---, ---,,,0.58,25,0.59,10,
709845,華電網國票5C購02,"13,000",1,"10,140",0.78,0.78,0.78,0.78,+,0.02,0.75,25,0.76,10,
709846,華電網國票5C購03,0,0,0,---,---,---, ---,,,0.73,25,0.74,10,
709847,廣閎科國票61購02,0,0,0,---,---,---, ---,,,1.29,25,1.30,10,
709848,騰雲國票61購02,"2,000",1,"1,500",0.75,0.75,0.75,0.75,+,0.16,0.72,25,0.00,0,
709849,系統電群益5C購01,0,0,0,---,---,---, ---,,,0.61,10,0.71,10,
709850,宜鼎群益5C購04,0,0,0,---,---,---, ---,,,0.36,100,0.37,100,
709851,威剛群益5C購06,0,0,0,---,---,---, ---,,,0.00,0,1.00,10,
709852,群聯群益5C購07,"109,000",11,"342,440",3.12,3.17,3.10,3.13,-,0.39,3.08,10,3.18,10,
709853,兆利富邦62購01,"1,000",1,260,0.26,0.26,0.26,0.26,-,0.01,0.25,10,0.26,28,
709854,智通*富邦62購01,"220,000",24,"235,240",1.07,1.08,1.06,1.08,+,0.02,1.10,10,1.14,10,
709855,湧德富邦62購01,"76,000",2,"35,350",0.46,0.47,0.46,0.47,-,0.02,0.46,10,0.47,28,
709856,閎康富邦62購02,"20,000",3,"11,160",0.56,0.56,0.55,0.55,-,0.03,0.56,10,0.57,28,
709857,聖暉*富邦5C購02,"810,000",34,"1,058,520",1.23,1.35,1.23,1.30,+,0.07,1.26,30,1.27,28,
709858,廣閎科富邦5C購01,0,0,0,---,---,---, ---,,,0.99,1,1.08,10,
709859,方土昶國票61購02,0,0,0,---,---,---, ---,,,0.84,25,0.85,10,
709860,台嘉碩國票5C購01,"35,000",2,"32,700",0.94,0.94,0.90,0.90,+,0.08,0.90,25,0.91,10,
709861,台嘉碩國票5C購02,"445,000",32,"341,690",0.77,0.98,0.73,0.73,+,0.06,0.72,25,0.73,10,
709862,永信建國票61購01,"105,000",3,"80,440",0.73,0.78,0.73,0.78,+,0.06,0.73,25,0.74,10,
709863,兆利國票61購01,0,0,0,---,---,---, ---,,,0.60,25,0.62,10,
709864,系統電國票61購03,0,0,0,---,---,---, ---,,,0.48,25,0.49,10,
709865,朋程國票5C購01,0,0,0,---,---,---, ---,,,1.21,25,1.23,10,
709866,東浦國票61購02,"2,000",1,"3,080",1.54,1.54,1.54,1.54,+,0.1,1.46,25,1.47,10,
709867,順達國票61購02,"30,000",2,"36,400",1.19,1.26,1.19,1.26,-,0.04,1.18,25,1.19,10,
709868,緯軟國票61購01,"67,000",2,"57,650",0.85,0.92,0.85,0.92,+,0.04,0.88,25,0.89,10,
709869,華容群益5C購02,0,0,0,---,---,---, ---,,,3.27,399,4.30,1,
709870,廣閎科群益5C購01,0,0,0,---,---,---, ---,,,1.36,7,2.23,10,
709871,順達中信5C購01,"19,000",1,"11,970",0.63,0.63,0.63,0.63,-,0.01,0.62,10,0.63,10,
709872,聖暉*中信5C購01,"765,000",19,"621,750",0.79,0.86,0.78,0.83,+,0.04,0.81,10,0.82,10,
709873,世紀*永豐5C購01,"1,010,000",13,"1,353,900",1.34,1.39,1.34,1.39,-,0.09,1.31,10,1.32,10,
709874,博智永豐5C購03,"43,000",5,"36,310",0.81,0.87,0.81,0.82,-,0.06,0.81,10,0.82,10,
709875,中美晶元大5C購10,"10,000",1,"48,800",4.88,4.88,4.88,4.88,+,0.74,4.49,150,4.59,10,
709876,宏觀元大5C購04,0,0,0,---,---,---, ---,,,0.00,0,0.00,0,
709877,良維元大5C購04,0,0,0,---,---,---, ---,,,0.55,499,0.56,10,
709878,博智元大5C購03,"167,000",7,"144,620",0.91,0.91,0.84,0.85,-,0.03,0.81,499,0.82,10,
709879,華容元大5C購01,"10,000",2,"39,250",4.04,4.04,3.81,3.81,+,0.39,3.53,200,3.63,10,
709880,順達元大5C購07,"697,000",13,"789,850",1.10,1.20,1.10,1.12,-,0.02,0.51,19,0.00,0,
709881,精材元大5C購04,"19,000",1,"76,380",4.02,4.02,4.02,4.02,-,0.06,4.00,200,0.00,0,
709882,臺慶科元大5C購02,0,0,0,---,---,---, ---,,,0.49,499,0.59,10,
709883,系統電凱基5C購05,0,0,0,---,---,---, ---,,,0.23,100,0.24,50,
709884,佳邦凱基5C購04,0,0,0,---,---,---, ---,,,0.46,10,0.47,50,
709885,泓格凱基5C購01,"130,000",4,"93,000",0.67,0.92,0.67,0.92,+,0.27,0.93,499,0.00,0,
709886,金益鼎凱基5C購01,0,0,0,---,---,---, ---,,,0.29,10,0.30,10,
709887,茂迪凱基61購01,0,0,0,---,---,---, ---,,,0.36,10,0.37,10,
709888,創惟凱基61購01,"100,000",1,"67,000",0.67,0.67,0.67,0.67,-,0.07,0.65,10,0.66,50,
709889,湧德凱基61購01,"56,000",2,"30,430",0.55,0.55,0.54,0.54,-,0.06,0.54,100,0.56,10,
709890,華容凱基61購01,"36,000",21,"71,680",1.73,2.14,1.69,1.81,+,0.26,1.68,1,2.14,1,
709891,群聯凱基5C購06,0,0,0,---,---,---, ---,,,0.66,100,0.67,30,
709892,臺慶科凱基61購01,0,0,0,---,---,---, ---,,,0.42,100,0.43,50,
709893,廣閎科凱基5C購01,"10,000",1,"12,500",1.25,1.25,1.25,1.25,-,0.15,1.22,100,1.23,10,
709894,雙鴻凱基5C購09,0,0,0,---,---,---, ---,,,0.34,100,0.35,50,
709895,騰雲凱基61購01,"53,000",8,"21,380",0.43,0.54,0.40,0.54,+,0.15,0.51,100,0.00,0,
709896,中美晶統一66購02,"464,000",28,"949,890",2.11,2.13,1.90,1.90,-,0.28,1.90,2,1.98,9,
709897,立敦統一63購02,"336,000",13,"228,570",0.64,0.78,0.64,0.75,+,0.12,0.71,10,0.72,10,
709898,立敦統一64購02,"152,000",3,"104,080",0.67,0.71,0.67,0.71,+,0.07,0.70,10,0.71,10,
709899,立敦統一64購03,"212,000",7,"151,700",0.69,0.77,0.69,0.76,+,0.1,0.74,10,0.75,10,
709900,佳邦統一64購01,"5,000",1,"2,450",0.49,0.49,0.49,0.49,-,0.0,0.47,10,0.48,10,
709901,佳邦統一66購01,0,0,0,---,---,---, ---,,,0.47,10,0.48,10,
709902,宜鼎統一64購01,"54,000",3,"21,060",0.39,0.39,0.39,0.39,-,0.03,0.38,10,0.39,10,
709903,宜鼎統一64購02,0,0,0,---,---,---, ---,,,0.36,10,0.37,10,
709904,宜鼎統一64購03,0,0,0,---,---,---, ---,,,0.38,10,0.39,10,
709905,宜鼎統一64購04,"1,007,000",7,"282,260",0.29,0.29,0.28,0.28,-,0.03,0.27,10,0.00,0,
709906,宜鼎統一66購03,"1,187,000",15,"549,960",0.48,0.48,0.45,0.46,-,0.07,0.46,10,0.47,10,
709907,宜鼎統一66購04,"49,000",2,"26,430",0.54,0.54,0.53,0.53,-,0.05,0.52,10,0.53,10,
709908,威剛統一6A購01,0,0,0,---,---,---, ---,,,0.78,10,0.79,10,
709909,建榮統一66購01,"20,000",2,"7,500",0.37,0.38,0.37,0.38,-,0.02,0.37,10,0.38,10,
709910,建榮統一6A購03,0,0,0,---,---,---, ---,,,0.44,10,0.45,10,
709911,家登統一66購01,0,0,0,---,---,---, ---,,,0.61,10,0.64,10,
709912,凱崴統一66購01,"25,000",1,"11,750",0.47,0.47,0.47,0.47,-,0.02,0.45,10,0.46,10,
709913,博智統一6C購01,0,0,0,---,---,---, ---,,,0.53,10,0.54,10,
709914,富喬統一64購02,0,0,0,---,---,---, ---,,,0.54,10,0.55,10,
709915,富喬統一64購03,0,0,0,---,---,---, ---,,,0.49,10,0.50,10,
709916,富喬統一66購01,0,0,0,---,---,---, ---,,,0.60,10,0.61,10,
709917,群聯統一64購02,0,0,0,---,---,---, ---,,,0.59,10,0.60,10,
709918,精材統一66購01,"1,183,000",66,"2,136,160",1.94,1.94,1.67,1.71,-,0.24,1.75,10,1.76,10,
709919,精材統一6C購01,"201,000",10,"275,710",1.40,1.40,1.33,1.37,-,0.02,1.33,10,1.34,10,
709920,臺慶科統一64購02,"5,000",1,"1,950",0.39,0.39,0.39,0.39,-,0.04,0.37,10,0.38,10,
709921,臺慶科統一66購02,"111,000",2,"38,740",0.35,0.35,0.34,0.34,-,0.02,0.33,10,0.34,10,
709922,臺慶科統一66購03,0,0,0,---,---,---, ---,,,0.34,10,0.35,10,
709923,臺慶科統一6A購02,0,0,0,---,---,---, ---,,,0.40,10,0.41,10,
709924,廣閎科統一66購01,0,0,0,---,---,---, ---,,,0.77,10,0.78,10,
709925,廣運統一66購01,0,0,0,---,---,---, ---,,,0.46,10,0.47,10,
709926,廣運統一6C購01,0,0,0,---,---,---, ---,,,0.50,10,0.51,10,
709927,優群統一66購02,"11,000",1,"5,610",0.51,0.51,0.51,0.51,-,0.02,0.50,10,0.51,10,
709928,雙鴻統一64購01,0,0,0,---,---,---, ---,,,0.35,10,0.36,10,
709929,雙鴻統一65購02,"10,000",2,"4,800",0.48,0.48,0.48,0.48,+,0.02,0.47,10,0.48,10,
709930,宏觀國泰61購01,"19,000",1,"16,910",0.89,0.89,0.89,0.89,-,0.05,0.86,499,0.88,100,
709931,金益鼎國泰61購01,"285,000",7,"306,200",1.07,1.09,1.06,1.06,-,0.03,1.05,10,1.06,10,
709932,立敦台新5C購03,"371,000",17,"399,100",0.92,1.15,0.92,1.05,+,0.21,1.01,25,1.02,10,
709933,威剛台新5C購01,"393,000",12,"517,140",1.32,1.33,1.30,1.31,-,0.1,1.31,25,1.32,10,
709934,威剛台新5C購02,"12,000",6,"25,910",2.16,2.18,2.14,2.17,-,0.18,2.17,25,2.18,10,
709935,威剛台新5C購03,0,0,0,---,---,---, ---,,,4.63,25,4.65,10,
709936,威剛台新61購01,"73,000",5,"108,690",1.49,1.50,1.47,1.50,-,0.11,1.50,25,1.52,10,
709937,威剛台新62購01,"72,000",5,"188,120",2.63,2.63,2.61,2.61,-,0.19,2.62,25,2.63,10,
709938,威剛台新63購01,"27,000",1,"30,780",1.14,1.14,1.14,1.14,-,0.1,1.14,25,1.15,10,
709939,威剛台新66購01,"101,000",4,"130,150",1.28,1.31,1.28,1.31,-,0.06,1.29,25,1.30,10,
709940,茂迪台新5C購01,"171,000",2,"128,250",0.75,0.75,0.75,0.75,+,0.01,0.73,25,0.74,10,
709941,凱崴台新5C購01,0,0,0,---,---,---, ---,,,0.53,25,0.54,10,
709942,華容台新5C購03,"47,000",14,"181,510",3.95,4.11,3.63,3.70,+,0.42,3.55,35,3.65,10,
709943,威剛富邦5C購01,0,0,0,---,---,---, ---,,,0.82,30,0.83,28,
709944,宜鼎永豐61購01,"30,000",2,"27,150",0.94,0.94,0.89,0.89,-,0.12,0.90,10,0.91,10,
709945,胡連永豐61購01,"60,000",1,"38,400",0.64,0.64,0.64,0.64,-,0.03,0.63,10,0.64,10,
709946,艾訊國票61購01,"3,000",1,"2,250",0.75,0.75,0.75,0.75,+,0.05,0.71,25,0.72,10,
709947,良維國票61購01,0,0,0,---,---,---, ---,,,0.59,25,0.60,10,
709948,朋億*國票61購01,"47,000",7,"77,680",1.59,1.70,1.59,1.61,-,0.04,1.60,25,1.61,10,
709949,東浦國票61購03,0,0,0,---,---,---, ---,,,1.07,25,1.08,10,
709950,茂迪國票61購01,0,0,0,---,---,---, ---,,,0.59,25,0.60,10,
709951,凱崴國票61購03,0,0,0,---,---,---, ---,,,0.40,25,0.41,10,
709952,寶雅國票61購01,"71,000",7,"97,520",1.44,1.44,1.35,1.36,-,0.12,1.31,25,1.33,10,
709953,台半群益62購02,"10,000",1,"14,300",1.43,1.43,1.43,1.43,-,0.14,1.37,100,1.41,100,
709954,中美晶凱基5C購03,"4,000",1,"12,760",3.19,3.19,3.19,3.19,-,0.05,2.82,499,2.92,10,
709955,宏觀凱基5C購01,0,0,0,---,---,---, ---,,,0.42,10,0.44,10,
709956,良維凱基5C購04,"3,000",1,"1,560",0.52,0.52,0.52,0.52,-,0.03,0.51,499,0.52,10,
709957,朋程凱基5C購01,"32,000",4,"27,720",0.87,0.88,0.85,0.86,-,0.05,0.83,100,0.84,10,
709958,博智凱基5C購04,0,0,0,---,---,---, ---,,,0.59,100,0.60,50,
709959,群ESG凱基61購01,0,0,0,---,---,---, ---,,,0.89,100,0.90,50,
709960,精材凱基5C購03,0,0,0,---,---,---, ---,,,2.54,100,2.64,10,
709961,緯軟凱基5C購01,"19,000",1,"11,780",0.62,0.62,0.62,0.62,-,0.03,0.65,10,0.67,10,
709962,世界統一6A購01,"34,000",7,"23,010",0.68,0.68,0.67,0.67,-,0.0,0.66,40,0.67,10,
709963,正基統一66購01,0,0,0,---,---,---, ---,,,0.43,10,0.44,10,
709964,立敦統一68購01,"610,000",5,"392,370",0.63,0.66,0.63,0.66,+,0.06,0.64,10,0.65,10,
709965,宏觀統一6A購01,0,0,0,---,---,---, ---,,,0.48,10,0.49,10,
709966,家登統一6A購01,"90,000",3,"51,800",0.58,0.58,0.57,0.57,-,0.04,0.58,10,0.59,10,
709967,富喬統一66購02,0,0,0,---,---,---, ---,,,0.65,10,0.66,10,
709968,晶焱統一6A購01,0,0,0,---,---,---, ---,,,0.50,10,0.51,10,
709969,順達統一6A購01,0,0,0,---,---,---, ---,,,0.68,10,0.69,10,
709970,群聯統一63購03,"265,000",5,"129,650",0.49,0.49,0.48,0.48,-,0.08,0.48,10,0.49,10,
709971,群聯國泰61購03,"140,000",35,"228,030",1.64,1.66,1.59,1.60,-,0.25,1.60,499,1.61,100,
709972,富喬台新5C購04,"22,000",2,"41,620",1.90,1.90,1.81,1.81,-,0.21,1.78,25,1.88,10,
709973,世界富邦61購02,"1,257,000",40,"1,159,840",0.92,0.94,0.86,0.90,-,0.01,0.89,10,0.90,28,
709974,立碁富邦5C購01,"78,000",2,"40,740",0.49,0.55,0.49,0.55,-,0.05,0.52,30,0.53,28,
709975,良維富邦61購03,0,0,0,---,---,---, ---,,,0.50,10,0.51,28,
709976,世界元大5C購06,0,0,0,---,---,---, ---,,,1.53,25,1.63,10,
709977,宜鼎元大5C購09,"506,000",7,"357,280",0.73,0.73,0.70,0.70,-,0.09,0.70,499,0.71,10,
709978,順達元大5C購08,"6,000",2,"11,140",1.83,1.91,1.83,1.91,-,0.15,1.21,8,0.00,0,
709979,臺慶科元大5C購03,0,0,0,---,---,---, ---,,,1.00,499,1.10,10,
709980,雙鴻元大5C購06,0,0,0,---,---,---, ---,,,0.49,499,0.50,10,
709981,家登永豐5C購02,"341,000",12,"341,650",0.98,1.14,0.92,1.14,-,0.0,1.05,10,1.06,10,
709982,漢達永豐61購01,"40,000",3,"60,000",1.47,1.53,1.47,1.53,+,0.15,1.51,10,1.53,10,
709983,宜鼎元大5C購10,"327,000",3,"215,690",0.68,0.68,0.65,0.65,-,0.1,0.65,499,0.66,10,
709984,千附國票61購01,"101,000",21,"252,510",2.61,2.86,2.37,2.37,-,0.02,2.28,25,2.35,10,
709985,世禾國票61購01,"468,000",21,"651,860",1.35,1.53,1.25,1.25,-,0.08,1.22,25,1.24,10,
709986,台特化國票61購02,0,0,0,---,---,---, ---,,,0.74,25,0.75,10,
709987,伯特光國票61購01,"2,000",1,780,0.39,0.39,0.39,0.39,-,0.03,0.39,25,0.40,10,
709988,岱稜國票61購01,"542,000",34,"345,950",0.70,0.70,0.59,0.59,-,0.14,0.59,5,0.60,10,
709989,昇佳電國票61購01,"823,000",67,"1,049,040",1.15,1.42,1.10,1.36,+,0.14,1.35,25,1.37,10,
709990,朋億*國票61購02,"41,000",4,"52,510",1.31,1.31,1.24,1.24,+,0.02,1.24,25,1.26,10,
709991,欣銓國票61購02,"26,000",1,"25,480",0.98,0.98,0.98,0.98,+,0.06,1.04,25,1.05,10,
709992,信音國票61購01,0,0,0,---,---,---, ---,,,0.60,25,0.61,10,
709993,茂綸國票61購01,"27,000",1,"19,440",0.72,0.72,0.72,0.72,-,0.04,0.70,25,0.72,10,
709994,新普國票61購01,"2,000",1,"1,440",0.72,0.72,0.72,0.72,+,0.01,0.71,25,0.73,10,
709995,聖暉*國票61購02,"16,000",1,"16,640",1.04,1.04,1.04,1.04,+,0.02,1.03,25,1.04,10,
709996,精材國票61購01,0,0,0,---,---,---, ---,,,2.87,25,2.97,10,
709997,綠界*國票61購01,0,0,0,---,---,---, ---,,,0.51,25,0.52,10,
709998,中美晶群益5C購03,"20,000",4,"65,170",3.39,3.42,3.22,3.22,-,0.07,3.16,25,3.24,10,
709999,順達群益5C購02,"48,000",1,"90,240",1.88,1.88,1.88,1.88,-,0.14,1.13,8,0.00,0,
710000,精材群益5C購02,"57,000",4,"342,100",6.25,6.25,5.35,6.10,-,0.0,5.70,25,6.00,10,
710001,加高國泰61購01,"1,000",1,970,0.97,0.97,0.97,0.97,+,0.09,0.96,499,0.97,100,
710002,宜鼎國泰61購05,"570,000",11,"582,790",1.09,1.09,1.01,1.03,-,0.15,1.02,499,1.03,85,
710003,宜鼎國泰61購06,0,0,0,---,---,---, ---,,,0.94,499,0.95,100,
710004,信音國泰61購01,0,0,0,---,---,---, ---,,,0.91,499,0.92,100,
710005,臺慶科國泰61購02,0,0,0,---,---,---, ---,,,0.96,499,0.97,100,
710006,中美晶凱基5C購04,0,0,0,---,---,---, ---,,,2.06,499,2.16,10,
710007,台半凱基61購03,"449,000",9,"300,550",0.67,0.70,0.65,0.65,-,0.09,0.65,100,0.75,10,
710008,宜鼎凱基5C購06,0,0,0,---,---,---, ---,,,0.50,100,0.51,30,
710009,順達凱基5C購04,"328,000",4,"249,520",0.78,0.78,0.75,0.75,-,0.01,0.75,10,0.85,10,
710010,群聯凱基5C購07,0,0,0,---,---,---, ---,,,0.37,100,0.38,30,
710011,臺慶科凱基5C購04,"39,000",1,"14,820",0.38,0.38,0.38,0.38,-,0.03,0.34,100,0.35,50,
710012,雙鴻凱基5C購10,0,0,0,---,---,---, ---,,,0.45,100,0.46,50,
710013,大中統一6A購01,"15,000",1,"12,750",0.85,0.85,0.85,0.85,-,0.06,0.84,10,0.85,10,
710014,中美晶統一64購02,"1,528,000",15,"3,443,180",2.50,2.50,2.20,2.20,-,0.35,2.16,10,2.17,10,
710015,朋億*統一63購01,"26,000",2,"21,600",0.81,0.84,0.81,0.84,+,0.01,0.80,10,0.81,10,
710016,朋億*統一68購01,"51,000",3,"44,200",0.86,0.87,0.86,0.87,+,0.02,0.85,10,0.86,10,
710017,宣德統一66購01,0,0,0,---,---,---, ---,,,0.48,10,0.49,10,
710018,建榮統一63購01,0,0,0,---,---,---, ---,,,0.41,10,0.42,10,
710019,凱崴統一63購01,"10,000",2,"3,450",0.35,0.35,0.34,0.34,-,0.04,0.34,10,0.35,15,
710020,凱崴統一65購01,0,0,0,---,---,---, ---,,,0.40,10,0.41,10,
710021,博智統一62購03,0,0,0,---,---,---, ---,,,0.45,10,0.46,10,
710022,富喬統一63購01,"476,000",9,"326,200",0.69,0.70,0.67,0.68,-,0.06,0.67,10,0.68,10,
710023,富喬統一65購03,0,0,0,---,---,---, ---,,,0.64,10,0.65,10,
710024,富喬統一6C購02,0,0,0,---,---,---, ---,,,0.54,10,0.55,10,
710025,聖暉*統一6A購03,"27,000",2,"18,510",0.68,0.71,0.68,0.71,+,0.1,0.68,10,0.69,10,
710026,精材統一63購01,"45,000",3,"99,080",2.25,2.25,2.14,2.15,+,0.04,2.04,10,2.06,10,
710027,雙鴻統一63購02,0,0,0,---,---,---, ---,,,0.45,10,0.46,10,
710028,穩得統一68購01,0,0,0,---,---,---, ---,,,0.52,10,0.53,10,
710029,佳邦富邦5C購01,0,0,0,---,---,---, ---,,,0.46,10,0.47,28,
710030,宜鼎富邦63購02,0,0,0,---,---,---, ---,,,0.37,10,0.38,28,
710031,富喬富邦63購01,0,0,0,---,---,---, ---,,,0.49,10,0.50,28,
710032,群聯富邦62購07,0,0,0,---,---,---, ---,,,0.77,10,0.78,28,
710033,群聯富邦62購08,"20,000",2,"14,200",0.71,0.71,0.71,0.71,-,0.1,0.70,10,0.71,28,
710034,中美晶台新5C購01,0,0,0,---,---,---, ---,,,4.34,25,4.42,10,
710035,台半台新5C購01,"23,000",3,"25,070",1.11,1.11,1.07,1.09,-,0.04,1.01,25,1.02,10,
710036,台半台新5C購02,0,0,0,---,---,---, ---,,,1.00,25,1.02,10,
710037,廣閎科台新5C購02,"4,000",1,"11,760",2.94,2.94,2.94,2.94,-,0.11,2.94,25,2.96,10,
710038,良維永豐5C購04,0,0,0,---,---,---, ---,,,0.61,10,0.62,10,
710039,朋億*永豐61購01,0,0,0,---,---,---, ---,,,1.26,10,1.36,10,
710040,華景電永豐63購01,"79,000",1,"41,080",0.52,0.52,0.52,0.52,-,0.05,0.53,499,0.54,10,
710041,群聯永豐5C購10,0,0,0,---,---,---, ---,,,1.09,499,1.10,10,
710042,群聯永豐5C購11,"33,000",1,"27,720",0.84,0.84,0.84,0.84,-,0.21,0.82,499,0.83,10,
710043,群聯永豐5C購12,0,0,0,---,---,---, ---,,,0.46,10,0.47,10,
710044,臺慶科永豐5C購02,"55,000",1,"37,400",0.68,0.68,0.68,0.68,-,0.02,0.62,10,0.63,10,
710045,力致國票61購01,0,0,0,---,---,---, ---,,,0.71,25,0.73,10,
710046,千附國票61購02,"135,000",27,"277,410",2.02,2.20,1.80,1.80,-,0.4,1.81,25,1.82,10,
710047,中美晶國票61購02,"23,000",3,"70,440",3.08,3.08,3.03,3.03,+,0.14,2.86,25,2.90,10,
710048,加高國票61購03,"167,000",7,"66,780",0.39,0.43,0.39,0.40,+,0.05,0.39,25,0.40,10,
710049,宏碁資國票61購01,"1,922,000",19,"1,090,200",0.55,0.62,0.55,0.62,+,0.06,0.60,25,0.61,10,
710050,朋億*國票61購03,0,0,0,---,---,---, ---,,,1.01,25,1.02,10,
710051,美琪瑪國票61購01,0,0,0,---,---,---, ---,,,0.42,25,0.43,10,
710052,高鋒國票61購01,"1,000",1,560,0.56,0.56,0.56,0.56,-,0.03,0.56,25,0.57,10,
710053,博士旺國票5C購02,0,0,0,---,---,---, ---,,,0.51,25,0.52,10,
710054,閎康國票61購02,0,0,0,---,---,---, ---,,,0.79,25,0.81,10,
710055,聖暉*國票61購03,"45,000",2,"33,900",0.74,0.76,0.74,0.76,+,0.01,0.75,25,0.76,10,
710056,臺慶科國票61購03,0,0,0,---,---,---, ---,,,0.44,25,0.45,10,
710057,廣閎科國票61購03,0,0,0,---,---,---, ---,,,1.00,25,1.01,10,
710058,廣運國票61購01,0,0,0,---,---,---, ---,,,0.88,25,0.89,10,
710059,營邦國票5C購01,0,0,0,---,---,---, ---,,,0.91,25,0.92,10,
710060,營邦國票5C購02,"473,000",5,"445,620",0.95,0.96,0.94,0.96,-,0.02,0.92,25,0.93,10,
710061,鴻呈國票61購01,"30,000",1,"18,600",0.62,0.62,0.62,0.62,+,0.03,0.58,25,0.59,10,
710062,中美晶凱基61購04,"301,000",13,"524,690",1.80,1.82,1.69,1.69,-,0.28,1.67,60,1.68,10,
710063,威剛凱基5C購06,0,0,0,---,---,---, ---,,,0.50,100,0.51,50,
710064,宣德凱基5C購01,0,0,0,---,---,---, ---,,,0.29,10,0.30,10,
710065,精材凱基5C購04,"4,000",1,"9,320",2.33,2.33,2.33,2.33,-,0.11,2.33,100,2.35,10,
710066,臺慶科凱基5C購05,0,0,0,---,---,---, ---,,,0.25,100,0.26,50,
710067,廣閎科凱基5C購02,"104,000",14,"94,950",0.90,0.95,0.89,0.94,-,0.02,0.91,100,0.92,10,
710068,營邦凱基5C購01,"607,000",4,"358,140",0.59,0.62,0.58,0.62,-,0.03,0.59,100,0.60,50,
710069,營邦凱基5C購02,"65,000",3,"38,500",0.60,0.60,0.59,0.59,-,0.02,0.58,100,0.00,0,
710070,營邦凱基5C購03,"255,000",3,"129,050",0.50,0.51,0.50,0.51,-,0.04,0.49,100,0.50,50,
710071,中美晶群益5C購04,"125,000",11,"431,620",3.48,3.56,3.30,3.30,-,0.55,3.18,100,3.24,100,
710072,兆利群益5C購01,0,0,0,---,---,---, ---,,,0.82,499,0.92,10,
710073,營邦群益5C購01,0,0,0,---,---,---, ---,,,0.43,27,0.94,10,
710074,營邦群益5C購02,0,0,0,---,---,---, ---,,,0.84,10,0.94,10,
710075,世界元大5C購07,"230,000",12,"415,440",1.77,1.88,1.76,1.84,+,0.07,1.79,25,1.84,10,
710076,世界元大63購04,"360,000",15,"364,100",0.99,1.02,0.98,1.02,-,0.01,0.98,25,1.02,10,
710077,宜鼎元大5C購11,0,0,0,---,---,---, ---,,,0.45,499,0.46,10,
710078,威剛元大61購05,0,0,0,---,---,---, ---,,,0.84,499,0.85,10,
710079,廣閎科元大5C購03,"169,000",21,"163,170",1.02,1.02,0.94,1.01,-,0.03,0.95,10,0.99,10,
710080,營邦元大5C購01,"352,000",8,"379,240",1.08,1.09,1.05,1.09,-,0.06,1.06,499,1.07,10,
710081,凱崴國泰61購01,"10,000",1,"7,200",0.72,0.72,0.72,0.72,-,0.02,0.66,499,0.68,100,
710082,廣閎科國泰61購01,0,0,0,---,---,---, ---,,,1.61,499,1.63,100,
710083,營邦國泰61購01,"105,000",7,"157,480",1.48,1.53,1.46,1.46,-,0.11,1.45,499,1.46,95,
710084,營邦富邦62購01,"179,000",2,"114,560",0.64,0.64,0.64,0.64,-,0.02,0.63,10,0.64,28,
710085,營邦富邦63購01,0,0,0,---,---,---, ---,,,0.60,10,0.61,28,
710086,中美晶統一66購03,"2,238,000",105,"3,358,800",1.51,1.57,1.36,1.38,-,0.27,1.37,10,1.38,10,
710087,台特化統一6C購02,"22,000",1,"14,520",0.66,0.66,0.66,0.66,-,0.01,0.65,10,0.66,10,
710088,朋程統一65購02,0,0,0,---,---,---, ---,,,0.60,10,0.61,10,
710089,朋億*統一66購01,"142,000",4,"127,700",0.92,0.93,0.89,0.91,-,0.03,0.90,10,0.91,10,
710090,威剛統一63購01,0,0,0,---,---,---, ---,,,0.46,10,0.47,10,
710091,威剛統一65購05,0,0,0,---,---,---, ---,,,0.63,10,0.64,10,
710092,美琪瑪統一6A購01,0,0,0,---,---,---, ---,,,0.42,10,0.43,10,
710093,華景電統一64購03,0,0,0,---,---,---, ---,,,0.46,10,0.47,10,
710094,群聯統一66購01,0,0,0,---,---,---, ---,,,0.49,10,0.50,10,
710095,聖暉*統一66購01,"627,000",15,"443,860",0.69,0.74,0.68,0.71,+,0.06,0.70,10,0.71,10,
710096,博智國泰61購01,"13,000",2,"14,040",1.08,1.08,1.08,1.08,-,0.14,1.10,499,1.11,100,
710097,營邦統一66購01,"80,000",3,"47,100",0.58,0.59,0.58,0.59,-,0.02,0.59,10,0.60,10,
710098,營邦統一66購02,0,0,0,---,---,---, ---,,,0.67,10,0.68,10,
710099,營邦統一66購03,0,0,0,---,---,---, ---,,,0.48,10,0.49,10,
710100,營邦統一6C購01,0,0,0,---,---,---, ---,,,0.59,10,0.60,10,
710101,中美晶台新5C購02,"192,000",15,"670,370",3.72,3.72,3.20,3.20,-,0.66,3.20,25,3.22,10,
710102,中美晶台新5C購03,"56,000",16,"902,400",16.70,16.70,15.00,15.00,-,2.8,14.90,25,0.00,0,
710103,東浦台新5C購02,"74,000",13,"123,400",1.61,1.70,1.61,1.65,+,0.04,1.59,25,1.61,10,
710104,東浦台新5C購03,"3,000",1,"3,450",1.15,1.15,1.15,1.15,+,0.07,1.09,25,1.11,10,
710105,勤凱台新5C購01,0,0,0,---,---,---, ---,,,0.46,25,0.47,10,
710106,聖暉*台新5C購02,"49,000",5,"82,890",1.65,1.81,1.61,1.69,+,0.05,1.69,25,1.73,10,
710107,聖暉*台新5C購03,0,0,0,---,---,---, ---,,,1.92,25,1.96,10,
710108,聖暉*台新5C購04,"32,000",4,"62,740",1.91,2.08,1.91,2.08,+,0.15,1.96,25,2.01,10,
710109,廣閎科台新5C購03,0,0,0,---,---,---, ---,,,2.23,25,2.24,10,
710110,銳澤台新5C購01,0,0,0,---,---,---, ---,,,0.89,25,0.99,10,
710111,騰雲台新5C購01,"13,000",3,"17,900",1.30,1.68,1.30,1.61,+,0.32,1.63,25,1.69,10,
710112,中美晶凱基61購05,"102,000",6,"173,410",1.71,1.71,1.66,1.68,-,0.2,1.59,10,1.67,10,
710113,世界凱基5C購06,"440,000",6,"368,710",0.81,0.88,0.80,0.80,-,0.03,0.80,100,0.81,10,
710114,宜鼎凱基5C購07,"17,000",2,"5,710",0.34,0.34,0.33,0.33,-,0.05,0.32,100,0.33,30,
710115,朋億*凱基61購01,"100,000",10,"71,300",0.71,0.72,0.71,0.71,+,0.03,0.69,100,0.70,10,
710116,威剛凱基5C購07,0,0,0,---,---,---, ---,,,0.48,100,0.49,50,
710117,威剛凱基5C購08,0,0,0,---,---,---, ---,,,0.52,100,0.53,50,
710118,宜鼎元大5C購12,"54,000",3,"22,730",0.42,0.43,0.42,0.43,-,0.06,0.42,509,0.43,10,
710119,朋億*元大5C購01,"55,000",5,"48,020",0.86,0.93,0.85,0.88,-,0.02,0.86,499,0.87,10,
710120,東浦元大5C購01,"39,000",5,"31,640",0.81,0.84,0.80,0.81,-,0.01,0.81,499,0.83,10,
710121,威剛元大5C購04,"36,000",3,"54,980",1.52,1.53,1.52,1.53,-,0.18,1.53,450,1.54,10,
710122,安碁台新5C購01,"3,000",1,"3,150",1.05,1.05,1.05,1.05,-,0.02,1.06,25,1.07,10,
710123,臺慶科台新5C購01,"50,000",2,"29,190",0.60,0.60,0.57,0.57,-,0.07,0.55,25,0.56,10,
710124,中美晶國票61購03,"240,000",8,"615,590",2.65,2.65,2.53,2.58,+,0.21,2.34,25,2.35,10,
710125,宏捷科國票61購01,0,0,0,---,---,---, ---,,,0.59,25,0.60,10,
710126,朋億*國票61購04,"100,000",1,"90,000",0.90,0.90,0.90,0.90,-,0.01,0.89,25,0.90,10,
710127,東浦國票61購04,0,0,0,---,---,---, ---,,,0.90,25,0.91,10,
710128,宣德國票61購01,0,0,0,---,---,---, ---,,,0.41,27,0.42,10,
710129,能率亞國票61購02,0,0,0,---,---,---, ---,,,0.89,25,0.90,10,
710130,宏捷科中信5C購01,0,0,0,---,---,---, ---,,,0.25,499,0.26,10,
710131,博智中信5C購01,0,0,0,---,---,---, ---,,,0.39,499,0.40,10,
710132,中美晶永豐5C購02,"16,000",10,"49,070",3.17,3.17,2.91,2.94,-,0.07,2.77,10,2.85,11,
710133,中美晶永豐5C購03,"3,000",2,"8,830",2.95,2.95,2.93,2.93,+,0.43,2.67,10,2.69,10,
710134,世界永豐66購01,"130,000",7,"151,400",1.13,1.21,1.13,1.21,+,0.05,1.16,10,1.17,10,
710135,亞通永豐64購01,"2,000",1,"1,860",0.93,0.93,0.93,0.93,+,0.01,0.86,10,0.96,10,
710136,宣德永豐61購01,0,0,0,---,---,---, ---,,,0.49,10,0.50,10,
710137,博智永豐61購01,0,0,0,---,---,---, ---,,,0.58,499,0.59,10,
710138,中美晶富邦5C購01,"176,000",23,"432,560",2.54,2.54,2.42,2.42,-,0.27,2.26,30,2.31,10,
710139,順達富邦62購02,"4,000",1,"2,920",0.73,0.73,0.73,0.73,+,0.02,0.66,10,0.67,28,
710140,聖暉*富邦5C購03,"1,057,000",32,"1,011,370",0.90,1.00,0.88,0.93,+,0.03,0.93,30,0.94,28,
710141,中美晶中信5C購01,"1,581,000",67,"2,210,850",1.50,1.50,1.30,1.30,-,0.27,1.30,1,1.39,10,
710142,宏捷科凱基5C購02,0,0,0,---,---,---, ---,,,0.41,100,0.42,10,
710143,富喬凱基5C購05,0,0,0,---,---,---, ---,,,0.52,499,0.53,10,
710144,群聯凱基5C購08,0,0,0,---,---,---, ---,,,0.76,100,0.77,10,
710145,廣閎科凱基5C購03,"60,000",6,"44,900",0.73,0.78,0.73,0.77,-,0.02,0.75,100,0.76,10,
710146,中美晶台新5C購04,"1,612,000",55,"5,045,960",3.52,3.52,2.96,2.99,-,0.59,2.98,25,3.44,20,
710147,台半台新5C購03,0,0,0,---,---,---, ---,,,0.91,25,1.01,10,
710148,均豪台新5C購01,"72,000",6,"123,120",1.71,1.77,1.63,1.77,+,0.01,1.71,27,1.73,10,
710149,均豪台新5C購02,"36,000",4,"46,970",1.33,1.33,1.26,1.26,-,0.17,1.33,25,1.35,10,
710150,均豪台新5C購03,"102,000",8,"109,250",1.06,1.12,1.03,1.12,+,0.08,1.06,25,1.08,10,
710151,宜鼎台新5C購06,"23,000",1,"27,600",1.20,1.20,1.20,1.20,-,0.18,1.15,25,1.16,10,
710152,凱崴台新5C購02,0,0,0,---,---,---, ---,,,0.78,25,0.79,10,
710153,廣閎科台新5C購04,0,0,0,---,---,---, ---,,,1.93,25,1.94,10,
710154,台半元大5C購07,0,0,0,---,---,---, ---,,,0.97,499,1.07,10,
710155,宜鼎元大5C購13,"82,000",3,"61,900",0.77,0.77,0.75,0.75,-,0.1,0.75,499,0.76,10,
710156,威剛元大5C購05,"25,000",1,"41,750",1.67,1.67,1.67,1.67,-,0.08,1.66,450,1.67,10,
710157,臺慶科元大5C購04,0,0,0,---,---,---, ---,,,0.46,499,0.56,10,
710158,台半國泰61購01,0,0,0,---,---,---, ---,,,1.36,499,1.42,10,
710159,博智國泰61購02,0,0,0,---,---,---, ---,,,0.94,499,0.95,100,
710160,順達國泰61購01,0,0,0,---,---,---, ---,,,1.45,10,1.55,10,
710161,台半富邦62購04,"72,000",7,"44,460",0.64,0.64,0.58,0.58,-,0.07,0.57,10,0.58,28,
710162,台半富邦63購02,"163,000",13,"88,960",0.56,0.56,0.52,0.52,-,0.05,0.50,10,0.51,28,
710163,朋程富邦62購02,"1,000",1,680,0.68,0.68,0.68,0.68,-,0.02,0.67,10,0.68,28,
710164,朋程富邦63購02,0,0,0,---,---,---, ---,,,0.60,10,0.61,28,
710165,鈊象富邦62購02,"14,000",1,"10,360",0.74,0.74,0.74,0.74,-,0.0,0.73,10,0.74,28,
710166,營邦富邦62購02,"50,000",1,"36,000",0.72,0.72,0.72,0.72,-,0.01,0.70,10,0.71,28,
710167,兆利永豐64購01,0,0,0,---,---,---, ---,,,0.55,499,0.56,10,
710168,宜鼎永豐63購01,"1,241,000",14,"790,830",0.65,0.65,0.63,0.63,-,0.06,0.62,499,0.63,10,
710169,精確永豐61購01,"8,000",1,"4,800",0.60,0.60,0.60,0.60,-,0.04,0.61,10,0.63,10,
710170,雙鴻永豐66購01,0,0,0,---,---,---, ---,,,0.66,499,0.67,10,
710171,廣閎科國票61購04,0,0,0,---,---,---, ---,,,0.88,25,0.89,10,
710172,台半群益5C購04,"160,000",4,"143,500",0.92,0.92,0.89,0.89,-,0.13,0.87,100,0.90,100,
710173,宏捷科群益5C購02,"232,000",3,"119,640",0.52,0.52,0.50,0.50,-,0.08,0.04,10,0.00,0,
710174,臺慶科群益5C購02,0,0,0,---,---,---, ---,,,1.29,10,1.39,10,
710175,台半凱基5C購04,"61,000",5,"31,240",0.54,0.54,0.50,0.50,-,0.07,0.49,100,0.50,10,
710176,尼克森凱基5C購01,"550,000",13,"338,310",0.58,0.68,0.58,0.63,+,0.01,0.64,100,0.65,50,
710177,宏捷科凱基5C購03,0,0,0,---,---,---, ---,,,0.22,100,0.23,30,
710178,朋程凱基5C購02,"237,000",5,"92,070",0.40,0.40,0.38,0.38,-,0.04,0.38,100,0.39,30,
710179,茂達凱基5C購01,"30,000",1,"17,700",0.59,0.59,0.59,0.59,-,0.03,0.58,100,0.59,50,
710180,臺慶科凱基5C購06,0,0,0,---,---,---, ---,,,0.22,100,0.23,50,
710181,廣閎科凱基5C購04,"41,000",5,"25,250",0.62,0.65,0.61,0.65,-,0.01,0.62,100,0.63,10,
710182,大中台新5C購01,"1,000",1,"1,520",1.52,1.52,1.52,1.52,-,0.11,1.38,25,1.39,10,
710183,台半台新5C購04,0,0,0,---,---,---, ---,,,0.70,25,0.80,10,
710184,宜鼎台新61購02,"67,000",3,"62,570",0.95,0.95,0.90,0.90,-,0.18,0.89,25,0.90,10,
710185,晶焱台新5C購04,0,0,0,---,---,---, ---,,,0.62,25,0.63,10,
710186,晶焱台新5C購05,0,0,0,---,---,---, ---,,,0.52,25,0.53,10,
710187,廣閎科台新61購01,0,0,0,---,---,---, ---,,,1.41,25,1.42,10,
710188,中美晶元大5C購11,"111,000",18,"314,110",3.02,3.02,2.60,2.73,-,0.81,2.62,250,2.72,10,
710189,台半元大5C購08,0,0,0,---,---,---, ---,,,0.61,499,0.71,10,
710190,宜鼎元大5C購14,"571,000",6,"320,160",0.58,0.58,0.55,0.56,-,0.09,0.56,499,0.57,10,
710191,威剛元大5C購06,"60,000",1,"91,800",1.53,1.53,1.53,1.53,-,0.16,1.55,450,1.56,10,
710192,群聯中信64購01,"13,000",1,"3,900",0.30,0.30,0.30,0.30,-,0.04,0.28,499,0.29,10,
710193,雙鴻中信66購01,"3,000",1,"1,260",0.42,0.42,0.42,0.42,-,0.0,0.42,10,0.43,10,
710194,雙鴻中信66購02,"48,000",2,"30,240",0.63,0.63,0.63,0.63,+,0.02,0.60,499,0.61,10,
710195,大中永豐64購01,"4,000",2,"3,520",0.90,0.90,0.86,0.86,-,0.1,0.84,10,0.85,10,
710196,台半永豐64購01,"23,000",3,"15,480",0.68,0.68,0.67,0.67,-,0.04,0.63,499,0.64,10,
710197,尼克森永豐64購01,"5,000",1,"4,050",0.81,0.81,0.81,0.81,-,0.01,0.84,10,0.85,10,
710198,信紘科永豐64購01,"15,000",2,"10,420",0.70,0.70,0.69,0.69,-,0.0,0.69,10,0.70,10,
710199,家登永豐64購01,"484,000",10,"454,790",0.94,1.07,0.88,1.07,-,0.0,0.99,10,1.00,10,
710200,富喬永豐5C購02,0,0,0,---,---,---, ---,,,0.66,10,0.67,10,
710201,鈊象永豐61購01,0,0,0,---,---,---, ---,,,0.72,10,0.73,10,
710202,鴻呈永豐61購01,"157,000",1,"108,330",0.69,0.69,0.69,0.69,+,0.02,0.69,499,0.71,10,
710203,世禾國票61購02,"120,000",5,"133,590",1.10,1.16,1.10,1.11,+,0.09,0.99,25,1.01,10,
710204,世紀*國票61購01,"838,000",12,"856,540",1.05,1.05,1.01,1.01,-,0.09,0.99,25,1.00,10,
710205,亞泰國票61購01,0,0,0,---,---,---, ---,,,0.56,25,0.57,10,
710206,矽科國票61購01,0,0,0,---,---,---, ---,,,0.67,25,0.69,10,
710207,茂迪國票61購02,0,0,0,---,---,---, ---,,,0.67,25,0.68,10,
710208,茂達國票61購01,"710,000",3,"526,600",0.76,0.76,0.73,0.73,-,0.11,0.79,25,0.81,10,
710209,崧騰國票61購01,0,0,0,---,---,---, ---,,,0.61,25,0.62,10,
710210,統振國票61購01,0,0,0,---,---,---, ---,,,0.62,25,0.63,10,
710211,博盛國票61購01,"20,000",1,"10,400",0.52,0.52,0.52,0.52,-,0.04,0.50,25,0.52,10,
710212,閎康國票61購03,0,0,0,---,---,---, ---,,,0.69,25,0.71,10,
710213,萬泰科國票61購01,0,0,0,---,---,---, ---,,,0.85,25,0.86,10,
710214,漢達國票61購01,"2,000",1,"1,540",0.77,0.77,0.77,0.77,+,0.03,0.79,25,0.80,10,
710215,臺慶科國票61購04,"1,000",1,420,0.42,0.42,0.42,0.42,-,0.03,0.38,25,0.39,10,
710216,廣閎科國票61購05,0,0,0,---,---,---, ---,,,0.73,25,0.74,10,
710217,聰泰國票61購01,0,0,0,---,---,---, ---,,,0.54,25,0.56,10,
710218,能率亞國泰61購01,0,0,0,---,---,---, ---,,,1.85,499,1.86,100,
710219,能率國泰61購01,"65,000",3,"142,650",2.19,2.23,2.17,2.23,-,0.05,2.16,10,2.26,10,
710220,廣閎科國泰61購02,0,0,0,---,---,---, ---,,,1.18,499,1.19,100,
710221,凡甲富邦63購01,"40,000",3,"23,100",0.58,0.58,0.57,0.57,-,0.01,0.59,30,0.60,28,
710222,立碁富邦5C購02,"78,000",1,"45,240",0.58,0.58,0.58,0.58,-,0.04,0.55,30,0.56,28,
710223,智通*富邦62購02,"663,000",38,"808,960",1.21,1.25,1.18,1.25,+,0.06,1.24,10,1.25,28,
710224,宜鼎群益5C購05,"51,000",1,"22,440",0.44,0.44,0.44,0.44,-,0.09,0.44,100,0.45,100,
710225,威剛群益5C購07,0,0,0,---,---,---, ---,,,0.71,10,0.81,10,
710226,威剛群益62購02,0,0,0,---,---,---, ---,,,0.80,10,0.90,10,
710227,宣德群益5C購01,0,0,0,---,---,---, ---,,,0.50,25,0.51,10,
710228,家登群益63購01,"90,000",3,"115,340",1.23,1.39,1.23,1.39,-,0.12,1.31,100,1.32,100,
710229,凱崴群益5C購01,0,0,0,---,---,---, ---,,,0.77,10,0.87,10,
710230,博智群益5C購01,"694,000",11,"861,740",1.23,1.31,1.16,1.16,-,0.23,1.16,10,1.26,10,
710231,富喬群益5C購04,"32,000",2,"44,900",1.40,1.42,1.40,1.42,-,0.08,0.75,13,0.00,0,
710232,群聯群益5C購08,0,0,0,---,---,---, ---,,,0.69,27,1.15,10,
710233,群聯群益5C購09,0,0,0,---,---,---, ---,,,0.56,10,0.66,10,
710234,群聯群益61購05,0,0,0,---,---,---, ---,,,0.00,0,1.15,10,
710235,雙鴻群益62購02,"285,000",5,"625,640",2.22,2.25,2.12,2.14,-,0.05,1.17,42,0.00,0,
710236,威剛中信66購01,"10,000",1,"4,900",0.49,0.49,0.49,0.49,-,0.08,0.48,499,0.49,10,
710237,富喬中信66購01,0,0,0,---,---,---, ---,,,0.42,10,0.43,10,
710238,大中永豐5C購01,0,0,0,---,---,---, ---,,,0.49,10,0.50,10,
710239,中光電永豐61購01,"120,000",9,"255,510",2.12,2.50,1.99,1.99,-,0.33,1.95,10,1.96,10,
710240,世界永豐5C購02,"10,000",1,"7,900",0.79,0.79,0.79,0.79,-,0.01,0.78,10,0.79,10,
710241,台半永豐61購03,"143,000",5,"71,790",0.50,0.51,0.50,0.51,-,0.04,0.48,10,0.49,10,
710242,宜鼎永豐61購02,"18,000",1,"8,100",0.45,0.45,0.45,0.45,-,0.07,0.45,499,0.46,10,
710243,原相永豐61購01,0,0,0,---,---,---, ---,,,0.65,10,0.66,10,
710244,達航永豐63購01,0,0,0,---,---,---, ---,,,0.61,10,0.63,10,
710245,漢達永豐64購01,"11,000",1,"10,010",0.91,0.91,0.91,0.91,+,0.07,0.89,499,0.90,10,
710246,台半元大5C購09,0,0,0,---,---,---, ---,,,0.75,499,0.85,10,
710247,台半元大63購03,0,0,0,---,---,---, ---,,,0.67,499,0.77,10,
710248,宏捷科元大5C購04,"16,000",2,"8,960",0.56,0.56,0.56,0.56,-,0.07,0.52,499,0.53,10,
710249,佳邦元大5C購01,"48,000",6,"31,070",0.66,0.66,0.63,0.63,-,0.07,0.60,499,0.61,10,
710250,朋程元大5C購02,"39,000",4,"31,110",0.80,0.80,0.79,0.79,-,0.03,0.77,499,0.78,10,
710251,欣銓元大5C購02,"685,000",16,"886,330",1.25,1.39,1.25,1.37,+,0.19,1.36,25,1.37,10,
710252,欣銓元大5C購03,"449,000",14,"428,570",0.89,1.08,0.89,1.08,+,0.18,1.03,10,1.04,10,
710253,家登元大5C購05,"1,598,000",34,"1,764,960",1.07,1.24,0.99,1.19,-,0.03,1.12,499,1.14,10,
710254,家登元大66購01,"918,000",21,"984,540",1.09,1.18,1.03,1.15,-,0.1,1.14,499,1.15,10,
710255,臺慶科元大5C購05,0,0,0,---,---,---, ---,,,0.48,499,0.58,10,
710256,台半國票61購04,"55,000",8,"22,100",0.42,0.42,0.38,0.38,-,0.06,0.38,15,0.39,10,
710257,台半國票61購05,"191,000",12,"62,740",0.33,0.57,0.31,0.32,-,0.04,0.31,25,0.32,10,
710258,青雲國票5C購01,"468,000",14,"280,600",0.55,0.63,0.55,0.60,+,0.02,0.59,45,0.60,10,
710259,大中台新61購01,0,0,0,---,---,---, ---,,,1.43,25,1.44,10,
710260,台半台新5C購05,0,0,0,---,---,---, ---,,,0.61,25,0.71,10,
710261,晶焱台新5C購06,0,0,0,---,---,---, ---,,,0.40,25,0.41,10,
710262,漢達台新5C購01,0,0,0,---,---,---, ---,,,1.52,25,1.53,10,
710263,臺慶科台新5C購03,"123,000",7,"65,390",0.55,0.55,0.51,0.51,-,0.04,0.48,25,0.49,10,
710264,世界凱基5C購07,"1,000",1,570,0.57,0.57,0.57,0.57,+,0.02,0.54,100,0.55,30,
710265,台半凱基5C購05,"54,000",4,"21,620",0.40,0.41,0.40,0.40,-,0.05,0.38,100,0.39,10,
710266,朋程凱基5C購03,"32,000",3,"7,670",0.24,0.24,0.23,0.24,-,0.01,0.22,100,0.23,50,
710267,富喬凱基63購01,0,0,0,---,---,---, ---,,,0.38,499,0.39,10,
710268,群聯凱基5C購09,"110,000",2,"46,300",0.43,0.43,0.41,0.41,-,0.09,0.41,100,0.42,30,
710269,漢達凱基5C購01,"34,000",4,"26,740",0.75,0.84,0.75,0.84,+,0.12,0.78,10,0.79,10,
710270,精材凱基63購01,"2,308,000",68,"2,606,740",1.24,1.24,1.06,1.09,-,0.2,1.10,100,1.11,10,
710271,世界國泰61購01,"3,251,000",44,"4,647,910",1.41,1.48,1.38,1.40,-,0.02,1.39,499,1.41,100,
710272,穩得國泰61購01,0,0,0,---,---,---, ---,,,1.28,499,1.29,100,
710273,中光電富邦62購02,"733,000",36,"964,320",1.25,1.38,1.21,1.21,-,0.12,1.16,10,1.17,28,
710274,台半富邦63購03,"290,000",6,"119,100",0.43,0.43,0.41,0.41,-,0.03,0.39,10,0.40,28,
710275,朋程富邦63購03,"37,000",3,"13,520",0.37,0.37,0.36,0.36,-,0.01,0.34,10,0.35,28,
710276,FH中5G群益5C購01,"78,000",5,"49,960",0.63,0.67,0.60,0.67,-,0.06,0.63,100,0.73,10,
710277,大中群益5C購01,"85,000",8,"57,500",0.67,0.69,0.67,0.67,-,0.08,0.62,25,0.63,10,
710278,中光電群益5C購01,"24,000",5,"72,830",2.80,3.35,2.78,3.25,+,0.12,1.75,5,3.36,4,
710279,中光電群益5C購02,"733,000",18,"1,230,890",1.60,1.83,1.51,1.51,-,0.28,1.02,9,1.90,3,
710280,世界群益5C購04,"136,000",7,"214,640",1.51,1.63,1.51,1.61,+,0.1,0.74,13,0.00,0,
710281,台半群益62購03,0,0,0,---,---,---, ---,,,0.80,100,0.81,100,
710282,尼克森群益61購01,"30,000",5,"33,670",1.09,1.15,1.09,1.15,+,0.08,1.10,10,1.13,3,
710283,宏捷科群益5C購03,"23,000",1,"13,800",0.60,0.60,0.60,0.60,-,0.11,0.03,10,0.00,0,
710284,朋程群益5C購01,0,0,0,---,---,---, ---,,,0.13,10,0.00,0,
710285,茂達群益5C購01,0,0,0,---,---,---, ---,,,0.82,100,0.83,100,
710286,榮剛群益61購01,"32,000",5,"32,590",1.01,1.06,1.01,1.06,+,0.05,1.01,10,1.11,10,
710287,精材群益61購01,"29,000",5,"64,290",2.21,2.26,2.18,2.22,-,0.38,2.22,100,2.28,100,
710288,世界元大5C購08,"4,325,000",30,"3,110,580",0.70,0.80,0.70,0.80,+,0.08,0.80,5,1.08,2,
710289,朋程元大5C購03,"35,000",1,"15,750",0.45,0.45,0.45,0.45,-,0.01,0.43,499,0.44,10,
710290,博盛元大5C購01,0,0,0,---,---,---, ---,,,0.84,25,0.85,10,
710291,世界台新5C購01,"5,750,000",104,"7,257,340",1.29,1.34,1.19,1.23,-,0.02,1.24,25,1.25,10,
710292,萬泰科台新5C購01,"7,000",1,"5,460",0.78,0.78,0.78,0.78,-,0.08,0.78,25,0.79,10,
710293,大中國票5C購01,0,0,0,---,---,---, ---,,,0.74,25,0.75,10,
710294,天品國票5C購01,"207,000",2,"145,330",0.67,0.71,0.67,0.71,-,0.03,0.71,25,0.72,10,
710295,世界國票61購02,"32,000",1,"32,320",1.01,1.01,1.01,1.01,+,0.01,0.99,25,1.00,10,
710296,立碁國票61購01,0,0,0,---,---,---, ---,,,0.87,25,0.88,10,
710297,亞通國票5C購01,"505,000",4,"546,500",1.10,1.10,1.05,1.05,-,0.04,1.03,25,1.04,10,
710298,朋程國票5C購02,0,0,0,---,---,---, ---,,,0.59,25,0.60,10,
710299,杰力國票61購02,"368,000",8,"167,620",0.43,0.47,0.43,0.46,+,0.01,0.45,25,0.46,8,
710300,博盛國票61購02,0,0,0,---,---,---, ---,,,0.44,25,0.45,10,
710301,晶宏國票61購01,0,0,0,---,---,---, ---,,,0.59,25,0.60,10,
710302,漢達國票63購01,"3,000",3,"2,110",0.68,0.73,0.68,0.73,+,0.09,0.68,25,0.69,10,
710303,寶雅國票61購02,"6,000",4,"6,500",1.07,1.11,1.07,1.09,-,0.13,1.02,25,1.04,10,
710304,大中凱基5C購01,"1,000",1,500,0.50,0.50,0.50,0.50,+,0.16,0.34,1,0.36,10,
710305,中光電凱基5C購01,"5,000",1,"5,250",1.05,1.05,1.05,1.05,+,0.03,0.84,100,0.94,10,
710306,中光電凱基5C購02,"20,000",2,"19,400",1.02,1.02,0.92,0.92,-,0.04,0.82,100,1.09,5,
710307,世界凱基63購02,0,0,0,---,---,---, ---,,,0.54,100,0.55,30,
710308,宏捷科凱基5C購04,0,0,0,---,---,---, ---,,,0.22,100,0.23,30,
710309,欣銓凱基5C購01,"29,000",4,"21,630",0.74,0.79,0.74,0.79,+,0.17,0.72,100,0.73,30,
710310,青雲凱基5C購01,"130,000",7,"55,800",0.41,0.44,0.41,0.43,+,0.07,0.43,50,0.45,2,
710311,威剛凱基61購02,"230,000",2,"135,700",0.59,0.59,0.59,0.59,-,0.04,0.59,100,0.60,50,
710312,茂達凱基5C購02,"7,000",4,"2,890",0.40,0.42,0.40,0.42,-,0.02,0.41,100,0.51,10,
710313,家登凱基5C購04,0,0,0,---,---,---, ---,,,0.48,100,0.58,10,
710314,家登凱基5C購05,0,0,0,---,---,---, ---,,,0.43,100,0.53,10,
710315,臺慶科凱基5C購07,"24,000",1,"7,920",0.33,0.33,0.33,0.33,-,0.01,0.30,100,0.31,50,
710316,聖暉*群益5C購03,"981,000",17,"1,008,990",0.98,1.07,0.97,1.01,+,0.08,0.57,17,0.00,0,
710317,台嘉碩國泰61購01,"2,000",2,"4,790",2.37,2.42,2.37,2.42,+,0.36,2.24,499,2.25,100,
710318,宜鼎國泰62購01,0,0,0,---,---,---, ---,,,0.80,499,0.81,100,
710319,朋程國泰61購01,0,0,0,---,---,---, ---,,,1.33,499,1.34,100,
710320,原相國泰61購01,"71,000",3,"75,870",1.07,1.07,1.06,1.06,-,0.1,1.03,10,1.04,10,
710321,博盛國泰61購01,"34,000",3,"28,220",0.83,0.83,0.83,0.83,-,0.04,0.80,499,0.81,100,
710322,世界富邦5C購04,"275,000",7,"197,540",0.67,0.73,0.67,0.73,+,0.02,0.67,10,0.68,28,
710323,宜鼎富邦5C購05,"112,000",2,"39,800",0.36,0.36,0.35,0.35,-,0.06,0.35,10,0.36,28,
710324,信紘科永豐5C購01,"102,000",2,"58,140",0.57,0.57,0.57,0.57,+,0.01,0.55,499,0.56,10,
710325,順達永豐5C購02,0,0,0,---,---,---, ---,,,0.43,21,0.00,0,
710326,順達永豐5C購03,"43,000",4,"67,330",1.54,1.64,1.54,1.64,+,0.11,0.78,12,0.00,0,
710327,順達永豐5C購04,"130,000",4,"136,720",1.04,1.12,1.04,1.12,+,0.08,0.48,20,0.00,0,
710328,群聯永豐64購06,0,0,0,---,---,---, ---,,,0.47,499,0.48,10,
710329,群聯永豐66購01,"20,000",1,"12,600",0.63,0.63,0.63,0.63,-,0.04,0.62,499,0.63,10,
710330,鴻呈永豐5C購01,"171,000",2,"112,860",0.66,0.66,0.66,0.66,+,0.02,0.66,499,0.68,10,
710331,中光電台新5C購01,"2,451,000",48,"3,750,350",1.43,1.70,1.33,1.33,-,0.27,1.32,25,0.00,0,
710332,中光電台新5C購02,"672,000",37,"1,022,600",1.56,1.75,1.37,1.37,-,0.31,1.37,24,1.38,10,
710333,亞信台新5C購01,0,0,0,---,---,---, ---,,,0.84,25,0.85,10,
710334,精材台新61購01,"45,000",4,"159,310",3.62,3.63,3.50,3.63,+,0.07,3.39,25,3.40,10,
710335,精材台新61購02,0,0,0,---,---,---, ---,,,3.09,25,3.10,10,
710336,亞通凱基5C購01,"10,000",1,"8,000",0.80,0.80,0.80,0.80,-,0.0,0.73,10,0.74,10,
710337,朋程凱基5C購04,0,0,0,---,---,---, ---,,,0.50,100,0.51,30,
710338,聖暉*凱基5C購03,"37,000",2,"26,000",0.72,0.72,0.70,0.70,+,0.05,0.74,100,0.76,10,
710339,宜鼎元大5C購15,"20,000",1,"18,000",0.90,0.90,0.90,0.90,-,0.12,0.88,499,0.89,10,
710340,富喬元大65購01,"99,000",5,"87,420",0.89,0.89,0.88,0.88,-,0.04,0.87,499,0.88,10,
710341,漢達元大5C購01,"59,000",5,"35,900",0.60,0.62,0.60,0.60,+,0.03,0.60,499,0.61,10,
710342,精材元大5C購05,"42,000",3,"114,110",2.83,2.83,2.71,2.71,-,0.19,2.77,250,2.87,10,
710343,臺慶科元大5C購06,"19,000",9,"8,700",0.46,0.47,0.43,0.43,-,0.06,0.42,499,0.43,10,
710344,宜特永豐64購01,"13,000",1,"9,750",0.75,0.75,0.75,0.75,-,0.03,0.77,499,0.78,10,
710345,朋程永豐5C購03,0,0,0,---,---,---, ---,,,0.76,10,0.77,10,
710346,朋程永豐5C購04,0,0,0,---,---,---, ---,,,0.40,499,0.41,10,
710347,威剛永豐64購02,0,0,0,---,---,---, ---,,,0.77,499,0.78,10,
710348,威剛永豐66購01,0,0,0,---,---,---, ---,,,1.31,499,1.32,10,
710349,富喬永豐5C購03,0,0,0,---,---,---, ---,,,0.58,499,0.59,10,
710350,漢達永豐5C購01,"210,000",8,"142,200",0.65,0.69,0.65,0.69,+,0.05,0.68,499,0.69,10,
710351,雙鴻永豐63購03,0,0,0,---,---,---, ---,,,0.61,499,0.62,10,
710352,寶雅永豐5C購01,"23,000",6,"21,920",1.01,1.01,0.90,0.90,-,0.17,0.89,499,0.92,10,
710353,鏵友益永豐64購01,"114,000",2,"114,790",0.96,1.01,0.96,1.01,-,0.01,0.99,499,1.00,10,
710354,精材中信64購01,"153,000",13,"155,750",1.07,1.07,0.98,1.03,-,0.06,0.97,10,0.98,10,
710355,大世科國票61購01,0,0,0,---,---,---, ---,,,0.60,25,0.62,10,
710356,元山國票61購01,0,0,0,---,---,---, ---,,,0.55,25,0.56,10,
710357,世界國票61購03,"40,000",1,"34,800",0.87,0.87,0.87,0.87,+,0.05,0.81,25,0.82,10,
710358,安葆國票61購01,0,0,0,---,---,---, ---,,,0.55,25,0.56,10,
710359,亞信國票61購01,"7,000",1,"4,480",0.64,0.64,0.64,0.64,-,0.01,0.64,25,0.65,10,
710360,明安國票61購01,"15,000",1,"9,900",0.66,0.66,0.66,0.66,-,0.01,0.67,25,0.68,10,
710361,桓達國票61購01,0,0,0,---,---,---, ---,,,0.55,25,0.56,10,
710362,神準國票61購01,"1,000",1,720,0.72,0.72,0.72,0.72,-,0.05,0.71,25,0.73,10,
710363,晶焱國票5C購02,0,0,0,---,---,---, ---,,,0.56,25,0.57,10,
710364,智擎國票61購01,"439,000",10,"353,680",0.82,0.82,0.78,0.78,-,0.05,0.79,25,0.80,10,
710365,聖暉*國票61購04,"14,000",1,"10,360",0.74,0.74,0.74,0.74,+,0.04,0.75,25,0.76,10,
710366,漢達國票65購01,"30,000",2,"21,500",0.69,0.73,0.69,0.73,+,0.07,0.69,25,0.70,10,
710367,精材國票61購02,0,0,0,---,---,---, ---,,,2.05,25,2.07,10,
710368,鈊象群益5C購01,"10,000",1,"17,500",1.75,1.75,1.75,1.75,-,0.02,0.01,499,0.00,0,
710369,富喬國泰61購01,"70,000",1,"56,700",0.81,0.81,0.81,0.81,-,0.05,0.79,499,0.80,100,
710370,漢達國泰61購02,0,0,0,---,---,---, ---,,,1.41,10,1.51,10,
710371,世界凱基5C購08,"29,000",2,"19,470",0.71,0.71,0.67,0.67,-,0.03,0.68,100,0.69,10,
710372,宜鼎凱基5C購08,"24,000",2,"18,720",0.78,0.78,0.78,0.78,-,0.13,0.78,100,0.79,10,
710373,群聯凱基5C購10,0,0,0,---,---,---, ---,,,0.72,100,0.73,10,
710374,群聯凱基61購06,"251,000",3,"181,220",0.71,0.73,0.71,0.72,-,0.15,0.70,100,0.71,30,
710375,精材凱基5C購05,"253,000",24,"534,910",2.23,2.27,2.00,2.08,-,0.59,2.11,100,2.12,10,
710376,世界台新5C購03,"456,000",18,"420,180",0.94,0.96,0.88,0.96,+,0.06,0.90,25,0.91,10,
710377,巨有台新5C購01,0,0,0,---,---,---, ---,,,1.17,25,1.18,10,
710378,巨有台新5C購02,"23,000",1,"20,470",0.89,0.89,0.89,0.89,-,0.05,0.89,25,0.90,10,
710379,東浦台新5C購04,"167,000",6,"104,290",0.62,0.67,0.62,0.65,-,0.0,0.63,25,0.64,10,
710380,東浦台新5C購05,"95,000",4,"63,990",0.65,0.70,0.65,0.70,+,0.04,0.66,25,0.67,10,
710381,杰力台新5C購01,"35,000",3,"22,710",0.62,0.66,0.62,0.66,+,0.03,0.64,25,0.65,10,
710382,青雲台新5C購01,"76,000",4,"36,880",0.43,0.49,0.43,0.49,+,0.02,0.47,75,0.48,10,
710383,能率亞台新5C購01,"1,000",1,750,0.75,0.75,0.75,0.75,+,0.07,0.76,25,0.77,10,
710384,中光電元大5C購01,"36,000",4,"143,510",4.15,4.15,3.93,3.96,-,0.62,3.71,25,3.81,10,
710385,宜鼎元大5C購16,"239,000",3,"186,090",0.79,0.79,0.77,0.77,-,0.14,0.78,499,0.79,10,
710386,富喬元大65購02,0,0,0,---,---,---, ---,,,0.78,499,0.79,10,
710387,精材元大5C購06,"147,000",11,"406,800",2.70,2.99,2.60,2.98,-,0.12,2.70,250,2.80,10,
710388,精材元大5C購07,"205,000",19,"503,060",2.55,2.55,2.30,2.44,-,0.07,2.37,300,2.47,10,
710389,精材元大61購08,"10,000",2,"28,650",2.99,2.99,2.74,2.74,-,0.11,2.70,250,2.80,10,
710390,精材元大61購09,"5,000",1,"11,900",2.38,2.38,2.38,2.38,+,0.09,2.19,350,2.29,10,
710391,精材元大63購04,"36,000",9,"68,120",1.79,2.01,1.79,1.89,-,0.28,1.89,395,1.99,10,
710392,世界中信63購01,"60,000",3,"25,900",0.44,0.44,0.42,0.43,+,0.02,0.40,10,0.41,10,
710393,久元永豐5C購03,0,0,0,---,---,---, ---,,,0.90,499,0.91,10,
710394,久元永豐5C購04,"24,000",1,"15,360",0.64,0.64,0.64,0.64,-,0.36,0.64,499,0.65,10,
710395,世禾永豐5C購01,"944,000",47,"1,950,650",2.01,2.25,1.84,1.84,-,0.18,1.80,10,1.81,10,
710396,世界永豐5C購03,"230,000",5,"106,360",0.48,0.48,0.46,0.46,-,0.01,0.46,10,0.47,10,
710397,巨有永豐5C購02,"21,000",1,"11,550",0.55,0.55,0.55,0.55,-,0.05,0.57,499,0.58,10,
710398,安勤永豐63購01,"553,000",25,"608,960",1.08,1.14,1.07,1.09,-,0.01,1.07,10,1.09,10,
710399,均豪永豐5C購03,"46,000",5,"78,710",1.65,1.73,1.63,1.73,-,0.11,1.70,10,1.80,10,
710400,均豪永豐5C購04,"54,000",5,"85,730",1.59,1.61,1.52,1.61,+,0.06,1.59,499,1.61,10,
710401,宏觀永豐5C購02,0,0,0,---,---,---, ---,,,0.95,499,0.98,10,
710402,宏觀永豐5C購03,0,0,0,---,---,---, ---,,,0.57,499,0.59,10,
710403,晶焱永豐5C購01,0,0,0,---,---,---, ---,,,0.54,10,0.55,10,
710404,晶焱永豐5C購02,0,0,0,---,---,---, ---,,,0.54,499,0.55,10,
710405,智通*永豐63購01,"198,000",6,"215,170",1.09,1.10,1.06,1.10,+,0.01,1.11,10,1.12,10,
710406,湧德永豐5C購01,0,0,0,---,---,---, ---,,,0.93,499,0.94,10,
710407,湧德永豐5C購02,"28,000",1,"24,080",0.86,0.86,0.86,0.86,-,0.07,0.85,499,0.86,10,
710408,聖暉*永豐5C購03,"92,000",3,"90,720",0.97,1.01,0.97,1.01,+,0.04,0.98,10,1.00,10,
710409,聖暉*永豐5C購04,"264,000",10,"240,300",0.90,0.94,0.89,0.93,+,0.14,0.91,10,0.93,10,
710410,精材永豐5C購03,"75,000",4,"179,430",2.44,2.52,2.19,2.52,+,0.08,2.33,499,2.35,10,
710411,精材永豐5C購04,"44,000",5,"117,720",2.66,2.73,2.60,2.60,-,0.3,2.59,10,2.62,10,
710412,精材永豐63購02,"6,000",2,"23,060",3.82,3.89,3.82,3.89,+,0.08,2.62,4,0.00,0,
710413,優群永豐5C購02,0,0,0,---,---,---, ---,,,0.49,499,0.50,10,
710414,雙鴻永豐5C購05,0,0,0,---,---,---, ---,,,0.58,499,0.59,10,
710415,世界國票61購04,0,0,0,---,---,---, ---,,,0.58,25,0.59,10,
710416,巨有國票5C購01,0,0,0,---,---,---, ---,,,0.87,25,0.88,10,
710417,巨有國票5C購02,0,0,0,---,---,---, ---,,,0.62,25,0.63,10,
710418,宇峻國票61購01,0,0,0,---,---,---, ---,,,0.62,25,0.63,10,
710419,安勤國票61購02,"189,000",5,"166,970",0.86,0.90,0.86,0.90,+,0.03,0.84,25,0.85,10,
710420,青雲國票5C購02,"747,000",34,"264,500",0.49,0.49,0.31,0.36,+,0.01,0.36,90,0.37,10,
710421,能率國票61購01,0,0,0,---,---,---, ---,,,1.11,25,1.12,10,
710422,精材國票61購03,"45,000",5,"88,950",2.02,2.02,1.94,1.95,-,0.25,1.94,25,1.96,10,
710423,鑫科國票5C購01,0,0,0,---,---,---, ---,,,0.77,25,0.78,10,
710424,巨有群益5C購01,0,0,0,---,---,---, ---,,,0.55,8,1.13,10,
710425,智通*群益5C購01,"641,000",23,"702,950",1.07,1.14,1.05,1.10,-,0.06,1.18,499,1.23,20,
710426,智通*群益63購01,"523,000",15,"2,052,110",3.74,3.99,3.73,3.95,+,0.43,2.11,4,0.00,0,
710427,東浦國泰61購01,"26,000",2,"58,040",2.19,2.24,2.19,2.24,+,0.01,2.20,499,2.21,100,
710428,杰力國泰61購01,"287,000",8,"220,580",0.74,0.80,0.74,0.76,-,0.01,0.75,499,0.76,100,
710429,精材國泰61購01,"7,000",3,"26,760",3.88,3.88,3.68,3.68,-,0.42,3.68,499,3.71,100,
710430,威剛富邦5C購02,0,0,0,---,---,---, ---,,,0.56,30,0.57,28,
710431,精材富邦5C購01,"772,000",37,"1,076,650",1.59,1.59,1.30,1.39,-,0.33,1.38,30,1.39,28,
710432,安勤凱基62購01,"238,000",5,"201,010",0.88,0.88,0.82,0.82,-,0.03,0.81,100,0.00,0,
710433,系微凱基5C購01,"6,000",1,"4,200",0.70,0.70,0.70,0.70,-,0.09,0.70,10,0.71,10,
710434,宜鼎凱基5C購09,"92,000",9,"72,560",0.82,0.82,0.76,0.78,-,0.12,0.78,100,0.79,10,
710435,能率凱基62購01,"8,000",5,"5,500",0.70,0.70,0.67,0.67,-,0.05,0.66,10,0.67,10,
710436,富喬凱基63購02,0,0,0,---,---,---, ---,,,0.79,499,0.80,10,
710437,智通*凱基5C購01,"832,000",37,"1,028,940",1.21,1.33,1.18,1.29,+,0.05,1.27,100,1.29,10,
710438,群聯凱基5C購11,"154,000",6,"149,570",0.96,0.99,0.96,0.96,-,0.16,0.96,100,0.97,10,
710439,群聯凱基5C購12,"18,000",1,"20,160",1.12,1.12,1.12,1.12,-,0.2,1.12,100,1.13,10,
710440,鑫科凱基5C購01,0,0,0,---,---,---, ---,,,1.44,10,1.45,10,
710441,中美晶元大5C購12,0,0,0,---,---,---, ---,,,3.70,150,3.80,10,
710442,世界元大66購03,"581,000",5,"573,930",1.00,1.06,0.98,0.98,+,0.05,0.99,25,1.03,10,
710443,宜鼎元大5C購17,"100,000",8,"120,390",1.23,1.24,1.17,1.21,-,0.16,1.20,499,1.22,10,
710444,能率亞元大5C購01,"113,000",7,"160,740",1.26,1.54,1.26,1.53,+,0.17,1.50,499,1.51,10,
710445,富喬元大5C購04,"158,000",4,"96,200",0.62,0.62,0.60,0.60,-,0.05,0.60,499,0.61,10,
710446,智通*元大5C購01,"406,000",13,"671,940",1.64,1.77,1.61,1.77,+,0.17,1.70,450,1.77,10,
710447,智通*元大5C購02,"470,000",29,"662,660",1.38,1.44,1.33,1.42,+,0.11,1.42,499,1.49,10,
710448,智通*元大63購01,"1,171,000",30,"1,439,500",1.19,1.26,1.18,1.26,+,0.07,1.25,499,1.31,10,
710449,五福國票64購01,0,0,0,---,---,---, ---,,,0.56,25,0.57,10,
710450,璟德國票64購01,0,0,0,---,---,---, ---,,,0.81,25,0.82,10,
710451,磐儀國票64購01,"18,000",3,"12,630",0.68,0.73,0.68,0.73,+,0.01,0.68,40,0.69,10,
710452,中光電國票61購01,"10,000",1,"12,900",1.29,1.29,1.29,1.29,-,0.16,1.20,25,1.21,10,
710453,宜鼎國票62購01,0,0,0,---,---,---, ---,,,0.66,25,0.67,10,
710454,竹陞國票64購01,0,0,0,---,---,---, ---,,,1.12,25,0.00,0,
710455,崴寶國票64購01,0,0,0,---,---,---, ---,,,0.87,25,0.90,10,
710456,富強鑫國票62購01,"20,000",1,"21,600",1.08,1.08,1.08,1.08,-,0.02,1.07,25,1.09,10,
710457,千附國票64購01,"410,000",36,"675,490",1.60,1.75,1.46,1.46,-,0.04,1.46,25,1.47,10,
710458,智通*國票61購01,"131,000",11,"160,300",1.22,1.27,1.19,1.25,+,0.08,1.25,25,1.26,10,
710459,智通*國票61購02,"173,000",8,"233,080",1.31,1.37,1.28,1.34,+,0.07,1.36,25,1.37,10,
710460,久元永豐5C購05,"29,000",1,"29,000",1.00,1.00,1.00,1.00,-,0.19,1.00,499,1.01,10,
710461,久元永豐63購01,"24,000",1,"20,880",0.87,0.87,0.87,0.87,-,0.21,0.86,499,0.87,10,
710462,久元永豐66購01,0,0,0,---,---,---, ---,,,2.63,499,2.65,10,
710463,中光電永豐5C購01,"130,000",6,"210,280",1.53,1.66,1.53,1.66,+,0.16,1.30,10,1.31,10,
710464,系統電永豐5C購02,0,0,0,---,---,---, ---,,,0.78,10,0.79,10,
710465,營邦永豐5C購01,0,0,0,---,---,---, ---,,,1.10,499,1.11,10,
710466,營邦永豐5C購02,"39,000",1,"33,540",0.86,0.86,0.86,0.86,-,0.06,0.86,499,0.87,10,
710467,宏觀台新5C購02,"129,000",3,"110,940",0.86,0.86,0.86,0.86,-,0.03,0.85,25,0.87,10,
710468,聖暉*台新5C購06,"201,000",6,"182,810",0.84,0.93,0.84,0.91,+,0.13,0.86,25,0.88,10,
710469,聖暉*台新5C購07,"347,000",10,"341,100",0.92,1.02,0.90,0.96,+,0.1,0.94,25,0.96,10,
710470,能率國泰63購01,"300,000",1,"546,000",1.82,1.82,1.82,1.82,-,0.11,1.79,10,1.89,10,
710471,久元富邦63購01,"262,000",4,"135,330",0.49,0.52,0.49,0.51,-,0.01,0.50,10,0.51,28,
710472,原相富邦5C購01,0,0,0,---,---,---, ---,,,0.60,30,0.61,28,
710473,達航富邦62購01,"100,000",2,"37,000",0.37,0.37,0.37,0.37,-,0.02,0.37,10,0.38,28,
710474,營邦富邦63購02,"9,000",3,"6,590",0.73,0.74,0.73,0.73,-,0.02,0.71,10,0.72,28,
710475,營邦富邦63購03,"7,000",2,"4,370",0.62,0.63,0.62,0.63,-,0.01,0.60,10,0.61,28,
710476,巨有群益5C購02,"50,000",1,"40,500",0.81,0.81,0.81,0.81,-,0.04,0.81,25,0.82,10,
710477,世界元大61購01,"2,892,000",49,"3,294,730",1.11,1.16,1.08,1.15,+,0.01,1.15,10,0.00,0,
710478,世界元大66購04,"122,000",3,"122,870",1.03,1.03,1.00,1.03,+,0.01,1.00,25,1.03,10,
710479,世界元大67購01,"618,000",8,"566,630",0.90,0.97,0.90,0.91,-,0.02,0.92,25,0.95,10,
710480,巨有元大61購01,"170,000",2,"84,800",0.48,0.50,0.48,0.50,-,0.01,0.49,499,0.50,10,
710481,宜鼎元大61購05,"2,254,000",20,"2,508,400",1.17,1.17,1.09,1.12,-,0.13,1.11,499,1.12,10,
710482,富喬元大61購06,"288,000",7,"209,310",0.75,0.75,0.72,0.72,-,0.05,0.72,499,0.73,10,
710483,富喬元大62購01,"137,000",6,"88,180",0.66,0.66,0.64,0.64,-,0.04,0.64,499,0.65,10,
710484,富喬元大62購02,0,0,0,---,---,---, ---,,,0.73,499,0.74,10,
710485,臺慶科元大61購01,"213,000",7,"226,460",1.10,1.10,1.05,1.05,-,0.08,0.97,499,0.98,10,
710486,千附精台新61購01,"1,023,000",28,"1,722,500",1.84,1.84,1.49,1.50,-,0.46,1.33,99,1.50,10,
710487,元太台新61購01,"102,000",1,"120,360",1.18,1.18,1.18,1.18,-,0.06,1.12,25,1.13,10,
710488,竹陞台新61購01,"244,000",5,"340,330",1.21,1.56,1.21,1.56,+,0.36,1.56,25,1.74,10,
710489,譜瑞台新61購01,"50,000",5,"112,050",2.23,2.32,2.15,2.32,-,0.01,2.25,25,2.26,10,
710490,譜瑞台新61購02,"56,000",5,"130,020",2.33,2.42,2.22,2.42,-,0.01,2.33,25,2.35,10,
710491,千附精凱基61購01,"126,000",9,"223,470",1.83,1.84,1.73,1.73,-,0.28,0.98,99,1.50,10,
710492,千附精凱基61購02,"3,000",3,"7,790",2.67,2.67,2.49,2.49,-,0.19,0.00,0,2.46,9,
710493,中光電凱基61購01,"48,000",3,"138,850",2.87,2.97,2.74,2.74,-,0.21,2.48,100,2.49,10,
710494,元太凱基61購02,0,0,0,---,---,---, ---,,,0.62,100,0.63,10,
710495,元太凱基61購03,0,0,0,---,---,---, ---,,,0.74,100,0.75,10,
710496,元太凱基61購04,0,0,0,---,---,---, ---,,,0.71,100,0.72,10,
710497,元太凱基61購05,0,0,0,---,---,---, ---,,,0.85,100,0.86,10,
710498,元太凱基61購06,0,0,0,---,---,---, ---,,,0.76,100,0.77,10,
710499,世紀*凱基61購01,"213,000",3,"248,650",1.17,1.17,1.12,1.12,-,0.16,1.11,100,1.12,10,
710500,竹陞凱基61購01,"1,707,000",37,"2,477,020",1.18,1.53,1.18,1.51,+,0.29,1.34,3,1.50,49,
710501,原相凱基61購01,"78,000",4,"57,790",0.77,0.77,0.73,0.73,-,0.14,0.71,10,0.72,10,
710502,譜瑞凱基61購02,"75,000",8,"100,750",1.35,1.37,1.30,1.37,-,0.02,1.35,100,1.36,10,
710503,譜瑞凱基61購03,0,0,0,---,---,---, ---,,,1.37,100,1.38,10,
710504,譜瑞凱基61購04,0,0,0,---,---,---, ---,,,1.38,10,1.39,10,
710505,譜瑞凱基61購05,"101,000",4,"157,460",1.56,1.60,1.49,1.60,-,0.0,1.56,10,1.57,10,
710506,千附精群益61購01,"442,000",22,"807,390",1.98,2.04,1.55,1.55,-,0.59,1.48,20,2.16,14,
710507,譜瑞群益61購01,"24,000",1,"45,600",1.90,1.90,1.90,1.90,-,0.1,1.90,100,1.91,100,
710508,91APP*國票62購01,0,0,0,---,---,---, ---,,,0.61,25,0.62,10,
710509,千附精國票62購01,"21,000",7,"37,800",1.80,1.80,1.80,1.80,-,0.63,0.00,0,1.80,105,
710510,世紀*國票62購01,"2,000",1,"1,620",0.81,0.81,0.81,0.81,-,0.05,0.78,25,0.79,10,
710511,竹陞國票62購01,"833,000",4,"764,740",0.81,0.99,0.80,0.99,+,0.21,1.00,25,1.10,3,
710512,宜鼎國票62購02,"19,000",1,"11,970",0.63,0.63,0.63,0.63,-,0.08,0.62,25,0.63,10,
710513,長佳智國票62購01,"50,000",1,"38,500",0.77,0.77,0.77,0.77,-,0.06,0.75,25,0.76,10,
710514,長聖國票62購01,"28,000",1,"22,120",0.79,0.79,0.79,0.79,-,0.04,0.74,25,0.75,10,
710515,威剛國票62購02,"30,000",2,"26,400",0.88,0.88,0.88,0.88,-,0.08,0.87,45,0.89,10,
710516,建榮國票61購01,0,0,0,---,---,---, ---,,,0.45,25,0.46,10,
710517,昱展國票62購01,"50,000",1,"33,000",0.66,0.66,0.66,0.66,-,0.03,0.66,25,0.67,10,
710518,茂迪國票62購01,"14,000",1,"9,800",0.70,0.70,0.70,0.70,+,0.03,0.66,25,0.67,10,
710519,訊聯國票62購01,0,0,0,---,---,---, ---,,,0.66,25,0.68,10,
710520,博士旺國票61購01,"989,000",10,"586,500",0.60,0.60,0.59,0.59,-,0.01,0.58,25,0.60,10,
710521,精星國票62購01,"15,000",1,"8,850",0.59,0.59,0.59,0.59,-,0.04,0.56,25,0.57,10,
710522,雙鴻國票62購01,0,0,0,---,---,---, ---,,,0.66,25,0.67,10,
710523,譜瑞國票62購01,0,0,0,---,---,---, ---,,,1.09,25,1.10,10,
710524,元太中信61購01,"97,000",2,"38,430",0.39,0.40,0.39,0.40,-,0.03,0.38,499,0.39,10,
710525,久元永豐64購01,"99,000",1,"96,030",0.97,0.97,0.97,0.97,+,0.02,0.95,10,0.96,10,
710526,大江永豐61購01,0,0,0,---,---,---, ---,,,0.75,499,0.77,10,
710527,元太永豐61購02,"16,000",2,"12,200",0.80,0.80,0.76,0.76,-,0.12,0.75,499,0.76,10,
710528,元太永豐61購03,"234,000",2,"215,280",0.92,0.92,0.92,0.92,-,0.08,0.86,499,0.88,10,
710529,邑錡永豐64購01,"36,000",3,"55,020",1.57,1.57,1.52,1.52,-,0.19,1.48,10,1.51,10,
710530,威剛永豐61購04,0,0,0,---,---,---, ---,,,0.83,499,0.84,10,
710531,威剛永豐61購05,0,0,0,---,---,---, ---,,,0.90,10,0.91,10,
710532,鈊象永豐65購01,0,0,0,---,---,---, ---,,,0.93,10,0.94,10,
710533,勤凱永豐65購01,"18,000",1,"10,440",0.58,0.58,0.58,0.58,-,0.05,0.57,10,0.58,10,
710534,新普永豐61購01,"6,000",1,"9,840",1.64,1.64,1.64,1.64,+,0.03,1.55,5,0.00,0,
710535,譜瑞永豐61購01,"50,000",1,"47,500",0.95,0.95,0.95,0.95,-,0.05,0.96,10,0.97,10,
710536,譜瑞永豐61購02,0,0,0,---,---,---, ---,,,0.80,10,0.81,10,
710537,譜瑞永豐61購03,"100,000",2,"63,000",0.63,0.63,0.63,0.63,-,0.04,0.64,499,0.65,10,
710538,譜瑞永豐61購04,0,0,0,---,---,---, ---,,,1.40,499,1.41,10,
710539,譜瑞永豐64購01,"62,000",3,"88,680",1.44,1.44,1.42,1.44,-,0.05,1.46,499,1.47,10,
710540,譜瑞永豐64購02,"68,000",1,"89,760",1.32,1.32,1.32,1.32,-,0.01,1.30,499,1.31,10,
710541,譜瑞永豐67購01,"20,000",1,"34,800",1.74,1.74,1.74,1.74,-,0.06,1.77,10,1.78,10,
710542,久元國泰62購01,0,0,0,---,---,---, ---,,,1.42,499,1.43,100,
710543,久元國泰62購02,0,0,0,---,---,---, ---,,,1.22,499,1.23,100,
710544,中光電國泰62購01,"859,000",15,"2,302,090",2.52,2.98,2.40,2.40,-,0.39,2.36,10,2.37,10,
710545,巨有國泰62購01,"359,000",23,"319,700",0.88,0.95,0.84,0.91,-,0.05,0.89,499,0.90,100,
710546,竹陞國泰62購01,"70,000",9,"173,330",2.14,2.61,2.14,2.54,+,0.39,2.63,499,2.92,2,
710547,青雲國泰62購01,"161,000",4,"107,180",0.67,0.75,0.64,0.75,+,0.07,0.71,10,0.81,30,
710548,青雲國泰62購02,"342,000",5,"215,460",0.65,0.65,0.61,0.64,+,0.05,0.61,10,0.71,10,
710549,智通*國泰62購01,"412,000",29,"959,580",2.27,2.42,2.20,2.40,+,0.14,2.38,499,2.40,100,
710550,元太富邦64購01,0,0,0,---,---,---, ---,,,0.45,10,0.46,28,
710551,安勤富邦62購01,"1,048,000",39,"859,680",0.81,0.85,0.81,0.81,-,0.02,0.79,10,0.80,28,
710552,譜瑞富邦63購01,"1,208,000",18,"880,890",0.72,0.75,0.70,0.74,-,0.02,0.73,10,0.74,28,
710553,譜瑞富邦64購01,"1,444,000",23,"1,223,830",0.84,0.87,0.82,0.85,-,0.03,0.84,10,0.85,28,
710554,宜鼎中信61購02,"99,000",6,"44,660",0.45,0.46,0.45,0.45,-,0.05,0.43,499,0.44,10,
710555,中光電永豐61購02,"352,000",10,"475,660",1.37,1.57,1.28,1.28,-,0.19,1.20,10,1.21,10,
710556,竹陞永豐61購01,"144,000",5,"260,160",1.58,1.86,1.58,1.86,+,0.21,1.96,499,0.00,0,
710557,竹陞永豐64購01,"128,000",4,"221,640",1.56,1.75,1.52,1.75,+,0.13,1.93,10,0.00,0,
710558,竹陞永豐65購01,"138,000",9,"159,610",1.08,1.23,1.08,1.23,+,0.12,1.30,499,0.00,0,
710559,均豪永豐64購01,"102,000",5,"100,760",0.98,1.02,0.97,1.02,-,0.05,1.01,499,1.02,10,
710560,宏捷科永豐61購01,"100,000",2,"86,160",0.90,0.90,0.86,0.86,-,0.08,0.80,499,0.81,10,
710561,宜鼎永豐61購03,"97,000",3,"87,200",0.91,0.91,0.87,0.87,-,0.11,0.87,499,0.88,10,
710562,宜鼎永豐64購02,"132,000",3,"110,500",0.85,0.85,0.82,0.82,-,0.08,0.82,499,0.83,10,
710563,威剛永豐61購06,0,0,0,---,---,---, ---,,,0.82,499,0.83,10,
710564,威剛永豐61購07,0,0,0,---,---,---, ---,,,0.69,499,0.70,10,
710565,茂達永豐61購02,"30,000",3,"24,400",0.78,0.85,0.78,0.85,-,0.01,0.83,10,0.84,10,
710566,家登永豐61購02,"249,000",8,"395,130",1.44,1.68,1.36,1.68,-,0.04,1.57,10,1.59,10,
710567,富喬永豐61購03,0,0,0,---,---,---, ---,,,0.33,499,0.34,10,
710568,富喬永豐66購02,"155,000",1,"83,700",0.54,0.54,0.54,0.54,-,0.04,0.53,499,0.54,10,
710569,群翊永豐61購01,"135,000",3,"147,510",1.09,1.10,1.07,1.10,-,0.0,1.06,499,1.16,10,
710570,群聯永豐61購02,0,0,0,---,---,---, ---,,,0.50,499,0.51,10,
710571,群聯永豐61購03,"7,000",1,"3,430",0.49,0.49,0.49,0.49,-,0.09,0.48,499,0.49,10,
710572,群聯永豐65購06,0,0,0,---,---,---, ---,,,0.58,499,0.59,10,
710573,雙鴻永豐61購05,0,0,0,---,---,---, ---,,,0.69,499,0.70,10,
710574,雙鴻永豐66購02,0,0,0,---,---,---, ---,,,0.87,499,0.88,10,
710575,雙鴻永豐67購01,0,0,0,---,---,---, ---,,,1.02,10,1.03,10,
710576,中光電元大61購01,0,0,0,---,---,---, ---,,,1.55,25,1.65,10,
710577,中光電元大61購02,"53,000",16,"99,470",1.80,2.14,1.70,1.70,-,0.14,1.65,1,1.70,4,
710578,中光電元大61購03,"1,000",1,"1,990",1.99,1.99,1.99,1.99,-,0.04,1.80,25,1.90,10,
710579,世界元大64購08,"480,000",5,"392,400",0.81,0.82,0.78,0.82,-,0.0,0.79,25,0.82,10,
710580,世界元大66購05,"314,000",5,"153,880",0.50,0.50,0.49,0.49,-,0.0,0.48,649,0.50,10,
710581,均豪元大61購01,"273,000",6,"172,290",0.65,0.65,0.61,0.62,+,0.01,0.61,499,0.62,10,
710582,宏捷科元大67購01,0,0,0,---,---,---, ---,,,1.03,499,1.04,10,
710583,佳邦元大61購01,"17,000",1,"7,820",0.46,0.46,0.46,0.46,-,0.05,0.44,499,0.45,10,
710584,欣銓元大61購01,"975,000",20,"1,250,650",1.22,1.43,1.22,1.43,+,0.17,1.40,25,1.42,10,
710585,原相元大61購01,0,0,0,---,---,---, ---,,,1.00,25,1.01,10,
710586,富喬元大64購03,0,0,0,---,---,---, ---,,,0.45,499,0.46,10,
710587,富喬元大65購03,0,0,0,---,---,---, ---,,,0.51,499,0.52,10,
710588,群聯元大64購06,"337,000",11,"410,550",1.19,1.23,1.19,1.22,-,0.12,1.20,499,1.21,10,
710589,臺慶科元大61購02,"48,000",1,"41,760",0.87,0.87,0.87,0.87,-,0.04,0.80,499,0.81,10,
710590,中美晶群益64購01,"1,491,000",24,"2,711,400",1.92,1.95,1.75,1.75,-,0.52,1.75,23,1.80,10,
710591,竹陞群益61購01,"129,000",5,"101,210",0.78,1.01,0.78,1.01,+,0.2,1.01,10,1.20,1,
710592,均豪群益61購01,"660,000",20,"986,330",1.47,1.63,1.45,1.61,+,0.11,0.72,13,0.00,0,
710593,佳邦群益61購01,0,0,0,---,---,---, ---,,,0.75,13,1.40,10,
710594,宜特群益61購01,"52,000",4,"126,100",2.43,2.43,2.41,2.42,-,0.01,1.35,37,0.00,0,
710595,青雲群益62購01,"446,000",32,"1,036,220",2.21,2.38,2.21,2.36,+,0.12,0.00,0,2.87,1,
710596,臺慶科群益61購01,0,0,0,---,---,---, ---,,,0.48,10,0.58,10,
710597,中美晶國泰63購01,"31,000",5,"112,360",3.81,3.90,3.55,3.55,-,0.69,3.52,499,3.56,100,
710598,家登國泰62購01,"306,000",28,"336,930",1.08,1.20,1.07,1.18,-,0.12,1.18,494,1.19,100,
710599,凡甲富邦63購02,"16,000",2,"11,620",0.70,0.73,0.70,0.73,+,0.02,0.72,10,0.73,28,
710600,中光電富邦63購01,"401,000",23,"400,590",0.95,1.09,0.94,1.03,+,0.02,0.89,10,0.90,28,
710601,宏觀富邦63購01,0,0,0,---,---,---, ---,,,0.82,10,0.83,28,
710602,茂達富邦63購01,0,0,0,---,---,---, ---,,,0.70,10,0.71,28,
710603,耕興富邦63購01,"27,000",3,"18,630",0.68,0.70,0.68,0.70,-,0.01,0.70,10,0.71,28,
710604,湧德富邦63購01,"42,000",5,"29,870",0.72,0.72,0.71,0.71,-,0.02,0.70,10,0.71,28,
710605,中光電凱基61購02,"55,000",2,"67,600",1.18,1.36,1.18,1.36,+,0.06,1.08,100,1.09,30,
710606,巨有凱基61購01,0,0,0,---,---,---, ---,,,0.50,100,0.51,30,
710607,宜鼎凱基61購01,"22,000",1,"14,960",0.68,0.68,0.68,0.68,-,0.07,0.64,100,0.65,10,
710608,富喬凱基61購04,0,0,0,---,---,---, ---,,,0.41,499,0.42,10,
710609,臺慶科凱基61購02,"12,000",1,"4,920",0.41,0.41,0.41,0.41,-,0.04,0.37,100,0.38,30,
710610,雙鴻凱基64購01,"100,000",2,"117,000",1.20,1.20,1.14,1.14,-,0.0,1.15,100,1.16,30,
710611,中美晶台新61購02,0,0,0,---,---,---, ---,,,3.33,25,3.38,10,
710612,宜特台新61購02,"6,000",2,"7,860",1.28,1.34,1.28,1.34,-,0.01,1.32,25,1.33,10,
710613,宜鼎台新61購03,"584,000",9,"552,970",0.98,0.99,0.93,0.93,-,0.14,0.93,25,0.94,10,
710614,原相台新61購01,0,0,0,---,---,---, ---,,,1.16,25,1.17,10,
710615,原相台新61購02,0,0,0,---,---,---, ---,,,0.92,25,0.93,10,
710616,原相台新61購03,0,0,0,---,---,---, ---,,,0.77,25,0.78,10,
710617,鈊象台新61購01,"4,000",1,"5,160",1.29,1.29,1.29,1.29,-,0.03,1.29,25,1.30,10,
710618,群聯台新61購01,0,0,0,---,---,---, ---,,,1.34,25,1.35,10,
710619,九暘元大61購01,0,0,0,---,---,---, ---,,,0.67,499,0.68,10,
710620,中光電元大61購04,"6,000",1,"7,440",1.24,1.24,1.24,1.24,-,0.16,1.21,20,1.28,10,
710621,台嘉碩元大61購01,0,0,0,---,---,---, ---,,,0.96,499,0.97,10,
710622,安可元大61購01,"593,000",27,"583,130",0.94,1.11,0.92,1.09,+,0.1,1.08,499,1.09,10,
710623,竹陞元大61購01,"249,000",1,"199,200",0.80,0.80,0.80,0.80,-,0.01,1.02,125,0.00,0,
710624,宜鼎元大61購06,"2,497,000",16,"2,464,110",1.02,1.02,0.97,0.99,-,0.12,0.99,499,1.00,10,
710625,松上元大61購01,"110,000",7,"104,500",0.95,0.95,0.95,0.95,-,0.06,0.94,499,0.96,10,
710626,品安元大61購01,"342,000",5,"209,140",0.61,0.63,0.61,0.63,-,0.08,0.61,499,0.63,10,
710627,茂達元大61購01,0,0,0,---,---,---, ---,,,1.04,499,1.14,10,
710628,晟田元大61購01,"167,000",22,"646,110",3.92,4.27,3.64,3.75,-,0.12,3.60,200,3.70,10,
710629,堡達元大61購01,0,0,0,---,---,---, ---,,,0.72,499,0.73,10,
710630,富喬元大61購08,"155,000",5,"82,080",0.54,0.54,0.52,0.52,-,0.06,0.53,499,0.54,10,
710631,富喬元大64購04,0,0,0,---,---,---, ---,,,0.44,499,0.45,10,
710632,碩禾元大61購03,"56,000",2,"40,990",0.71,0.74,0.71,0.74,-,0.0,0.73,499,0.74,10,
710633,臺慶科元大64購01,0,0,0,---,---,---, ---,,,0.90,499,0.91,10,
710634,臺慶科元大67購01,"235,000",3,"176,150",0.75,0.75,0.74,0.74,-,0.03,0.70,499,0.71,10,
710635,寶雅元大61購01,"472,000",7,"600,660",1.30,1.33,1.23,1.25,-,0.18,1.22,499,1.25,10,
710636,川寶國票65購01,0,0,0,---,---,---, ---,,,0.50,25,0.51,10,
710637,中美晶國票61購04,"66,000",7,"102,860",1.61,1.61,1.49,1.49,-,0.14,1.41,25,1.42,10,
710638,中裕國票65購01,"167,000",4,"127,300",0.80,0.80,0.76,0.77,-,0.01,0.79,25,0.81,10,
710639,日揚國票65購01,"14,000",1,"9,660",0.69,0.69,0.69,0.69,+,0.1,0.64,25,0.65,10,
710640,安可國票61購01,"1,000",1,770,0.77,0.77,0.77,0.77,+,0.09,0.76,25,0.77,10,
710641,金雨國票65購01,0,0,0,---,---,---, ---,,,0.62,25,0.63,10,
710642,品安國票65購01,0,0,0,---,---,---, ---,,,0.53,25,0.54,10,
710643,威潤國票65購01,"20,000",2,"13,200",0.66,0.66,0.66,0.66,-,0.06,0.65,25,0.66,10,
710644,茂達國票65購01,"31,000",4,"30,390",0.96,1.03,0.96,1.03,-,0.03,1.00,25,1.01,10,
710645,泰藝國票61購01,"294,000",6,"236,440",0.80,0.81,0.79,0.79,-,0.03,0.78,25,0.80,10,
710646,晟田國票61購01,"327,000",41,"753,130",2.25,2.41,2.16,2.18,-,0.09,2.14,25,2.15,10,
710647,崇越電國票65購01,0,0,0,---,---,---, ---,,,0.61,25,0.62,10,
710648,富強鑫國票65購01,0,0,0,---,---,---, ---,,,0.80,25,0.81,10,
710649,瑞耘國票65購01,0,0,0,---,---,---, ---,,,0.53,25,0.54,10,
710650,精拓科國票65購01,0,0,0,---,---,---, ---,,,0.63,25,0.64,10,
710651,廣積國票65購01,"48,000",9,"52,070",1.08,1.13,1.05,1.07,-,0.03,1.08,25,1.09,10,
710652,璟德國票65購01,0,0,0,---,---,---, ---,,,0.84,25,0.85,10,
710653,中光電群益61購01,0,0,0,---,---,---, ---,,,0.66,15,1.00,10,
710654,中美晶群益63購01,"225,000",17,"536,590",2.38,2.43,2.21,2.21,-,0.4,2.21,100,2.23,100,
710655,世紀*群益62購01,0,0,0,---,---,---, ---,,,0.88,10,0.98,10,
710656,台嘉碩群益61購01,"35,000",1,"50,400",1.44,1.44,1.44,1.44,+,0.15,1.30,10,1.40,10,
710657,台嘉碩群益61購02,0,0,0,---,---,---, ---,,,0.98,10,1.08,10,
710658,巨漢群益61購01,"53,000",4,"78,930",1.46,1.53,1.44,1.44,-,0.14,1.44,25,1.45,10,
710659,宜鼎群益61購01,"161,000",2,"170,700",1.10,1.10,1.06,1.06,-,0.17,1.07,100,1.08,100,
710660,東浦群益61購01,0,0,0,---,---,---, ---,,,1.29,10,1.39,10,
710661,東浦群益61購02,0,0,0,---,---,---, ---,,,1.32,10,1.42,10,
710662,國眾群益64購01,0,0,0,---,---,---, ---,,,0.54,18,1.00,10,
710663,堡達群益61購01,0,0,0,---,---,---, ---,,,0.46,499,0.56,10,
710664,晶宏群益61購01,0,0,0,---,---,---, ---,,,0.71,10,0.81,10,
710665,陽程群益61購01,"780,000",14,"879,770",0.97,1.19,0.97,1.19,+,0.19,1.16,25,1.17,10,
710666,九暘凱基61購01,"80,000",1,"44,800",0.56,0.56,0.56,0.56,-,0.05,0.54,100,0.55,10,
710667,川寶凱基61購01,"94,000",7,"60,960",0.66,0.66,0.63,0.63,-,0.09,0.61,10,0.63,10,
710668,中美晶凱基61購06,"23,000",7,"80,720",3.59,3.59,3.48,3.50,-,0.37,3.19,499,3.21,10,
710669,日揚凱基61購01,"235,000",2,"191,750",0.81,0.85,0.81,0.85,+,0.02,0.81,10,0.83,10,
710670,世界凱基66購01,"88,000",9,"85,840",0.98,1.02,0.95,1.02,+,0.05,0.96,100,0.97,10,
710671,加高凱基61購01,0,0,0,---,---,---, ---,,,0.62,10,0.63,10,
710672,加高凱基61購02,"2,000",1,"1,480",0.74,0.74,0.74,0.74,+,0.12,0.69,100,0.70,10,
710673,台嘉碩凱基61購01,"60,000",1,"37,200",0.62,0.62,0.62,0.62,+,0.1,0.56,100,0.57,10,
710674,台嘉碩凱基61購02,"10,000",1,"5,600",0.56,0.56,0.56,0.56,+,0.03,0.56,90,0.57,10,
710675,全宇昕凱基61購01,0,0,0,---,---,---, ---,,,0.63,100,0.65,10,
710676,邑錡凱基61購01,"243,000",15,"314,830",1.33,1.38,1.24,1.24,-,0.34,1.21,100,1.23,10,
710677,奇鈦科凱基61購01,"78,000",10,"75,730",0.98,1.05,0.91,1.05,+,0.1,0.90,10,1.00,10,
710678,東浦凱基61購01,0,0,0,---,---,---, ---,,,1.60,10,1.62,10,
710679,杰力凱基61購01,0,0,0,---,---,---, ---,,,0.73,10,0.75,10,
710680,茂達凱基61購01,0,0,0,---,---,---, ---,,,0.75,10,0.76,30,
710681,泰藝凱基61購01,0,0,0,---,---,---, ---,,,0.40,10,0.41,10,
710682,高僑凱基61購01,"31,000",4,"21,690",0.69,0.70,0.69,0.70,-,0.06,0.66,10,0.67,10,
710683,崇越電凱基61購01,0,0,0,---,---,---, ---,,,0.83,10,0.85,10,
710684,堡達凱基61購01,0,0,0,---,---,---, ---,,,0.60,100,0.61,10,
710685,晶宏凱基61購01,0,0,0,---,---,---, ---,,,0.67,10,0.69,10,
710686,越峰凱基61購01,0,0,0,---,---,---, ---,,,0.49,10,0.50,10,
710687,陽程凱基61購02,"1,088,000",14,"1,176,320",0.96,1.16,0.96,1.11,+,0.12,1.11,100,1.12,10,
710688,碩禾凱基61購01,"125,000",3,"101,800",0.82,0.86,0.81,0.86,+,0.02,0.85,10,0.86,10,
710689,中光電台新61購01,"87,000",5,"130,230",1.54,1.63,1.45,1.45,-,0.27,1.42,25,1.43,10,
710690,中光電台新61購02,"42,000",2,"57,600",1.38,1.38,1.37,1.37,-,0.17,1.27,25,1.28,10,
710691,中美晶台新61購03,"46,000",5,"98,190",2.23,2.23,2.04,2.04,+,0.04,2.02,25,2.04,5,
710692,中美晶台新63購02,"281,000",30,"633,270",2.36,2.36,2.12,2.12,-,0.3,2.07,25,2.08,10,
710693,世界台新61購01,"164,000",12,"141,140",0.87,0.89,0.81,0.89,+,0.06,0.84,25,0.85,10,
710694,台嘉碩台新61購01,"16,000",2,"15,520",0.97,0.97,0.97,0.97,+,0.16,0.86,25,0.87,10,
710695,台嘉碩台新61購02,"333,000",13,"250,550",0.73,0.81,0.73,0.81,+,0.16,0.70,25,0.71,10,
710696,巨漢台新61購01,"1,674,000",21,"2,275,160",1.36,1.41,1.30,1.37,-,0.09,1.35,524,1.36,10,
710697,巨漢台新61購02,"154,000",7,"191,000",1.28,1.28,1.21,1.25,-,0.1,1.26,25,1.27,10,
710698,全宇昕台新61購01,"70,000",8,"51,000",0.72,0.76,0.70,0.75,-,0.01,0.69,25,0.71,10,
710699,欣銓台新61購01,"54,000",3,"53,860",0.95,1.13,0.95,1.13,+,0.11,1.14,25,1.15,10,
710700,欣銓台新61購02,"119,000",8,"141,590",1.07,1.32,1.07,1.32,+,0.17,1.29,25,1.30,10,
710701,威剛台新61購02,0,0,0,---,---,---, ---,,,0.95,25,0.96,10,
710702,家登台新61購01,"86,000",4,"73,780",0.87,0.94,0.80,0.94,-,0.14,0.91,25,0.92,10,
710703,家登台新64購01,"22,000",2,"20,040",0.87,0.96,0.87,0.96,-,0.03,0.93,25,0.94,10,
710704,威剛中信61購01,0,0,0,---,---,---, ---,,,0.48,499,0.49,10,
710705,九暘永豐61購01,"14,000",1,"6,860",0.49,0.49,0.49,0.49,-,0.03,0.47,10,0.48,10,
710706,久禾光永豐61購01,0,0,0,---,---,---, ---,,,0.60,499,0.61,10,
710707,川寶永豐61購01,"30,000",3,"15,900",0.54,0.54,0.52,0.52,-,0.06,0.49,10,0.51,10,
710708,加高永豐61購01,0,0,0,---,---,---, ---,,,0.70,499,0.71,10,
710709,台嘉碩永豐61購01,0,0,0,---,---,---, ---,,,0.65,499,0.66,10,
710710,巨漢永豐61購01,"108,000",3,"137,780",1.26,1.31,1.26,1.31,-,0.03,1.25,10,1.27,10,
710711,立盈永豐61購01,0,0,0,---,---,---, ---,,,0.74,10,0.81,10,
710712,全宇昕永豐61購01,"66,000",1,"25,080",0.38,0.38,0.38,0.38,-,0.01,0.35,10,0.36,10,
710713,利機永豐61購01,0,0,0,---,---,---, ---,,,1.11,10,1.16,10,
710714,良維永豐61購01,0,0,0,---,---,---, ---,,,0.61,499,0.62,10,
710715,奇鈦科永豐61購01,"524,000",23,"476,200",0.85,0.94,0.81,0.82,-,0.07,0.79,3,0.00,0,
710716,奇鈦科永豐61購02,"857,000",31,"790,550",0.91,0.98,0.83,0.84,-,0.04,0.73,13,0.00,0,
710717,東浦永豐61購01,"104,000",2,"95,720",0.92,0.93,0.92,0.93,-,0.03,0.96,499,0.97,10,
710718,杰力永豐61購01,"102,000",5,"57,720",0.54,0.58,0.54,0.58,+,0.01,0.57,10,0.58,10,
710719,欣銓永豐64購02,"92,000",6,"78,980",0.83,0.96,0.82,0.96,+,0.11,0.94,499,0.95,10,
710720,信音永豐61購01,0,0,0,---,---,---, ---,,,0.74,499,0.75,10,
710721,泰藝永豐61購01,0,0,0,---,---,---, ---,,,0.67,10,0.68,10,
710722,泰藝永豐61購02,0,0,0,---,---,---, ---,,,0.52,499,0.53,10,
710723,崇越電永豐61購01,"200,000",2,"153,000",0.77,0.77,0.76,0.76,-,0.0,0.75,10,0.77,10,
710724,崇越電永豐61購02,0,0,0,---,---,---, ---,,,0.84,499,0.85,10,
710725,堡達永豐61購01,0,0,0,---,---,---, ---,,,0.53,499,0.54,10,
710726,堡達永豐64購01,0,0,0,---,---,---, ---,,,0.63,10,0.64,10,
710727,晶宏永豐61購01,"150,000",1,"108,000",0.72,0.72,0.72,0.72,-,0.06,0.70,10,0.71,10,
710728,華洋永豐61購01,0,0,0,---,---,---, ---,,,0.61,10,0.66,10,
710729,越峰永豐61購01,0,0,0,---,---,---, ---,,,0.55,10,0.56,10,
710730,陽程永豐61購01,"347,000",4,"309,650",0.88,0.95,0.87,0.95,+,0.06,0.96,499,0.99,10,
710731,碩禾永豐61購01,"77,000",3,"52,880",0.70,0.70,0.68,0.68,+,0.01,0.67,10,0.69,10,
710732,精星永豐61購01,"200,000",1,"218,000",1.09,1.09,1.09,1.09,-,0.11,1.07,10,1.08,10,
710733,寬魚永豐61購01,"110,000",2,"63,700",0.58,0.58,0.57,0.57,-,0.03,0.55,10,0.56,10,
710734,寬魚永豐61購02,"50,000",1,"39,500",0.79,0.79,0.79,0.79,-,0.02,0.74,499,0.75,10,
710735,威剛國泰62購01,"21,000",1,"36,330",1.73,1.73,1.73,1.73,-,0.2,1.72,499,1.73,100,
710736,立碁富邦61購01,"327,000",3,"194,660",0.60,0.60,0.59,0.59,-,0.08,0.63,30,0.64,28,
710737,均豪富邦61購02,"624,000",13,"258,130",0.40,0.44,0.39,0.44,-,0.01,0.43,10,0.44,28,
710738,中光電國票61購02,"405,000",4,"829,090",1.86,2.05,1.79,1.79,-,0.15,1.74,25,1.75,10,
710739,中美晶國票65購01,"74,000",8,"182,770",2.55,2.55,2.39,2.43,-,0.13,2.24,25,2.25,10,
710740,竹陞國票65購01,"14,000",2,"14,120",0.97,1.06,0.97,1.06,+,0.04,1.16,25,0.00,0,
710741,松上國票61購01,"15,000",3,"8,300",0.56,0.56,0.55,0.55,-,0.03,0.55,25,0.56,10,
710742,欣銓國票61購03,0,0,0,---,---,---, ---,,,1.11,25,1.12,10,
710743,青雲國票61購01,"1,429,000",29,"1,819,650",1.19,1.33,1.15,1.27,+,0.04,1.26,25,1.27,9,
710744,盈正國票65購01,0,0,0,---,---,---, ---,,,0.50,25,0.51,10,
710745,茂達國票65購02,0,0,0,---,---,---, ---,,,0.83,25,0.84,10,
710746,家登國票61購01,0,0,0,---,---,---, ---,,,1.09,25,1.10,10,
710747,堡達國票61購01,0,0,0,---,---,---, ---,,,0.56,25,0.57,10,
710748,翔名國票65購01,"9,000",2,"10,430",1.12,1.17,1.12,1.17,-,0.0,1.20,25,1.21,10,
710749,華洋國票65購01,"31,000",1,"18,910",0.61,0.61,0.61,0.61,-,0.04,0.62,25,0.63,10,
710750,勤凱國票61購01,0,0,0,---,---,---, ---,,,0.77,25,0.78,10,
710751,頎邦國票65購01,"452,000",7,"449,560",1.03,1.03,0.99,0.99,-,0.06,0.97,25,0.98,10,
710752,璟德國票61購01,"47,000",4,"38,860",0.83,0.83,0.80,0.80,-,0.03,0.78,25,0.79,10,
710753,擎邦國票61購01,"494,000",6,"312,370",0.64,0.64,0.63,0.63,-,0.03,0.62,25,0.63,10,
710754,耀穎國票65購01,"4,000",4,"1,830",0.46,0.46,0.45,0.46,-,0.0,0.45,27,0.47,10,
710755,大中元大61購01,0,0,0,---,---,---, ---,,,1.01,499,1.11,10,
710756,大中元大67購01,0,0,0,---,---,---, ---,,,0.79,499,0.89,10,
710757,加高元大61購01,0,0,0,---,---,---, ---,,,0.91,499,0.92,10,
710758,佳邦元大61購02,"1,012,000",11,"658,130",0.67,0.67,0.64,0.65,-,0.05,0.61,499,0.62,10,
710759,茂達元大61購02,0,0,0,---,---,---, ---,,,0.76,499,0.86,10,
710760,泰藝元大61購01,0,0,0,---,---,---, ---,,,0.89,499,0.90,10,
710761,華景電元大64購01,"147,000",6,"162,650",1.12,1.12,1.10,1.11,-,0.13,1.15,499,1.16,10,
710762,聖暉*元大61購02,"1,840,000",19,"1,351,490",0.70,0.78,0.69,0.73,+,0.08,0.73,499,0.74,10,
710763,頎邦元大61購01,"979,000",25,"1,188,680",1.22,1.24,1.17,1.17,-,0.08,1.17,499,1.18,10,
710764,璟德元大61購02,"30,000",1,"14,700",0.49,0.49,0.49,0.49,-,0.05,0.50,499,0.51,10,
710765,大中凱基61購01,0,0,0,---,---,---, ---,,,0.86,100,0.87,30,
710766,竹陞凱基61購02,"314,000",29,"254,600",0.67,0.91,0.67,0.91,+,0.23,0.91,99,0.00,0,
710767,宜特凱基61購03,0,0,0,---,---,---, ---,,,0.64,10,0.65,10,
710768,欣銓凱基61購02,"43,000",3,"55,920",1.04,1.32,1.04,1.32,+,0.18,1.26,10,1.27,10,
710769,茂達凱基61購02,"5,000",1,"4,050",0.81,0.81,0.81,0.81,-,0.03,0.78,10,0.79,30,
710770,富喬凱基61購05,"190,000",2,"114,000",0.60,0.60,0.60,0.60,-,0.03,0.57,100,0.58,10,
710771,聖暉*凱基61購02,"10,000",1,"7,800",0.78,0.78,0.78,0.78,+,0.09,0.80,100,0.82,10,
710772,璟德凱基64購01,0,0,0,---,---,---, ---,,,0.83,10,0.84,30,
710773,中美晶永豐61購01,0,0,0,---,---,---, ---,,,1.92,499,1.96,10,
710774,中美晶永豐61購02,"409,000",25,"689,370",1.72,1.77,1.56,1.56,-,0.39,1.56,10,1.57,10,
710775,元太永豐61購04,"350,000",3,"270,900",0.77,0.79,0.77,0.79,-,0.07,0.73,499,0.74,10,
710776,台嘉碩永豐61購02,0,0,0,---,---,---, ---,,,0.59,499,0.60,10,
710777,竹陞永豐63購01,"85,000",6,"82,990",0.93,0.99,0.93,0.99,+,0.08,1.18,499,0.00,0,
710778,宜鼎永豐66購01,"97,000",3,"112,570",1.18,1.18,1.13,1.13,-,0.13,1.14,10,1.15,10,
710779,昇佳電永豐61購01,"193,000",17,"255,630",1.15,1.42,1.12,1.39,+,0.15,1.38,10,1.39,10,
710780,茂達永豐64購01,0,0,0,---,---,---, ---,,,0.56,499,0.57,10,
710781,能率亞永豐61購01,"13,000",3,"13,670",1.04,1.09,1.04,1.09,+,0.14,1.05,499,1.06,10,
710782,高僑永豐61購01,0,0,0,---,---,---, ---,,,0.54,499,0.55,10,
710783,閎康永豐61購02,"60,000",1,"47,400",0.79,0.79,0.79,0.79,-,0.02,0.79,499,0.80,10,
710784,新漢永豐61購01,0,0,0,---,---,---, ---,,,0.97,499,0.98,10,
710785,頎邦永豐61購02,"129,000",6,"123,180",0.95,0.96,0.89,0.89,-,0.19,0.89,10,0.90,10,
710786,頎邦永豐64購01,"160,000",8,"199,880",1.24,1.27,1.21,1.21,-,0.08,1.21,10,1.22,10,
710787,璟德永豐61購02,0,0,0,---,---,---, ---,,,0.62,10,0.63,10,
710788,寶雅永豐61購01,0,0,0,---,---,---, ---,,,0.66,499,0.67,10,
710789,大中台新61購02,0,0,0,---,---,---, ---,,,0.60,25,0.61,10,
710790,巨有台新61購01,0,0,0,---,---,---, ---,,,0.38,25,0.39,10,
710791,立碁台新61購01,"100,000",2,"80,000",0.80,0.80,0.80,0.80,-,0.09,0.85,25,0.86,10,
710792,竹陞台新61購02,"462,000",9,"589,260",1.07,1.50,1.07,1.47,+,0.32,1.46,25,0.00,0,
710793,宜鼎台新61購04,"64,000",7,"37,270",0.60,0.60,0.57,0.57,-,0.11,0.57,25,0.58,10,
710794,晟田台新61購01,"1,761,000",77,"3,034,950",1.67,1.88,1.62,1.63,-,0.11,1.63,4,1.64,10,
710795,新漢台新61購01,0,0,0,---,---,---, ---,,,0.77,25,0.78,10,
710796,新漢台新64購01,"1,000",1,970,0.97,0.97,0.97,0.97,-,0.08,0.97,25,0.98,10,
710797,群聯台新61購02,"48,000",9,"95,620",1.99,2.01,1.94,2.00,-,0.23,1.96,25,1.97,10,
710798,中美晶富邦61購02,"467,000",35,"779,730",1.86,1.86,1.56,1.62,-,0.27,1.57,30,1.58,28,
710799,欣銓富邦61購01,"337,000",6,"188,420",0.53,0.60,0.53,0.60,+,0.09,0.58,10,0.59,28,
710800,陽程富邦61購01,"918,000",30,"801,680",0.80,0.98,0.77,0.95,+,0.02,0.95,30,0.96,28,
710801,頎邦富邦63購01,"850,000",22,"588,250",0.69,0.71,0.67,0.67,-,0.04,0.66,10,0.67,28,
710802,頎邦富邦64購01,"20,000",5,"13,550",0.68,0.68,0.66,0.68,-,0.06,0.65,10,0.66,28,
710803,久元群益63購01,0,0,0,---,---,---, ---,,,0.59,10,0.69,10,
710804,大中群益61購01,0,0,0,---,---,---, ---,,,0.45,25,0.46,10,
710805,中美晶群益61購01,"35,000",4,"273,400",8.00,8.00,7.70,7.85,-,0.4,7.20,100,7.45,100,
710806,世界群益61購02,"1,564,000",53,"3,304,440",2.00,2.20,2.00,2.04,-,0.06,1.20,41,0.00,0,
710807,台特化群益61購01,"23,000",2,"37,350",1.65,1.65,1.62,1.62,-,0.06,1.59,10,1.69,10,
710808,均豪群益61購02,"485,000",15,"963,050",1.95,2.06,1.89,2.03,+,0.03,1.09,45,0.00,0,
710809,良維群益61購03,0,0,0,---,---,---, ---,,,1.78,10,1.88,10,
710810,杰力群益61購01,"7,000",2,"5,700",0.81,0.82,0.81,0.82,-,0.01,0.71,14,0.00,0,
710811,威剛群益61購04,0,0,0,---,---,---, ---,,,1.01,10,1.11,10,
710812,茂達群益61購01,0,0,0,---,---,---, ---,,,0.59,100,0.60,100,
710813,能率群益61購01,0,0,0,---,---,---, ---,,,1.07,10,1.17,10,
710814,翔名群益61購01,"717,000",15,"960,880",1.19,1.39,1.19,1.37,+,0.07,0.00,0,0.00,0,
710815,鈊象群益64購01,0,0,0,---,---,---, ---,,,0.00,0,0.00,0,
710816,群聯群益67購02,"569,000",18,"1,022,720",1.81,1.82,1.77,1.78,-,0.22,1.78,27,1.88,10,
710817,頎邦群益61購01,"271,000",9,"271,210",1.01,1.02,0.99,0.99,-,0.21,0.95,10,1.05,10,
710818,頎邦群益61購02,0,0,0,---,---,---, ---,,,0.83,10,0.93,10,
710819,雙鴻群益61購01,"74,000",3,"121,680",1.72,1.72,1.61,1.70,+,0.02,0.86,58,0.00,0,
710820,中光電凱基61購03,"65,000",2,"79,210",1.25,1.25,1.13,1.13,-,0.14,1.06,100,1.07,30,
710821,世紀*凱基61購02,"10,000",1,"5,700",0.57,0.57,0.57,0.57,-,0.04,0.52,100,0.53,30,
710822,良維凱基61購02,"10,000",2,"17,750",1.78,1.78,1.77,1.77,-,0.1,1.70,10,1.72,10,
710823,昇佳電凱基61購01,"20,000",6,"32,280",1.57,1.67,1.57,1.67,+,0.26,1.65,10,1.66,10,
710824,家登凱基61購01,"130,000",7,"161,880",1.17,1.28,1.16,1.28,-,0.19,1.26,80,1.36,10,
710825,翔名凱基61購01,"118,000",6,"94,450",0.82,0.93,0.76,0.93,+,0.02,0.45,22,0.00,0,
710826,頎邦凱基61購01,0,0,0,---,---,---, ---,,,0.91,100,0.92,10,
710827,精材凱基61購06,"152,000",10,"419,510",2.92,2.92,2.65,2.65,-,0.16,2.67,100,2.68,10,
710828,竹陞台新61購03,"306,000",5,"321,190",1.02,1.16,1.02,1.16,+,0.25,1.16,24,0.00,0,
710829,朋程台新61購01,0,0,0,---,---,---, ---,,,0.75,25,0.76,10,
710830,朋程台新62購01,0,0,0,---,---,---, ---,,,0.88,25,0.89,10,
710831,朋程台新63購01,"13,000",1,"32,890",2.53,2.53,2.53,2.53,-,0.05,2.45,25,2.46,10,
710832,朋程台新64購01,0,0,0,---,---,---, ---,,,1.21,25,1.22,10,
710833,博大台新61購01,0,0,0,---,---,---, ---,,,1.05,25,1.06,10,
710834,群聯台新61購03,0,0,0,---,---,---, ---,,,1.30,25,1.31,10,
710835,群聯台新67購01,0,0,0,---,---,---, ---,,,0.71,25,0.72,10,
710836,群聯台新67購02,0,0,0,---,---,---, ---,,,0.59,25,0.60,10,
710837,頎邦台新61購01,"1,230,000",37,"1,480,210",1.19,1.23,1.15,1.15,-,0.2,1.15,25,1.16,10,
710838,頎邦台新61購02,"230,000",22,"295,660",1.28,1.31,1.26,1.31,-,0.05,1.21,25,1.22,10,
710839,驊訊台新61購01,"40,000",3,"30,700",0.79,0.79,0.75,0.75,-,0.07,0.75,25,0.76,10,
710840,驊訊台新61購02,0,0,0,---,---,---, ---,,,0.50,25,0.51,10,
710841,力致永豐61購01,0,0,0,---,---,---, ---,,,0.56,499,0.59,10,
710842,中美晶永豐65購02,"134,000",13,"347,780",2.69,2.69,2.51,2.53,-,0.25,2.38,10,2.39,10,
710843,世紀*永豐61購01,"13,000",1,"6,760",0.52,0.52,0.52,0.52,-,0.04,0.49,10,0.50,10,
710844,神準永豐65購01,0,0,0,---,---,---, ---,,,1.02,499,1.03,10,
710845,翔名永豐61購01,0,0,0,---,---,---, ---,,,1.17,499,1.18,10,
710846,翔名永豐65購01,0,0,0,---,---,---, ---,,,1.07,499,1.08,10,
710847,榮剛永豐61購01,"119,000",6,"141,730",1.18,1.22,1.18,1.18,+,0.05,1.18,499,1.19,10,
710848,榮剛永豐61購02,"115,000",6,"112,250",0.95,0.99,0.95,0.96,+,0.02,0.96,10,0.97,10,
710849,九暘國票65購01,0,0,0,---,---,---, ---,,,0.44,25,0.45,10,
710850,大中國票61購01,"290,000",4,"223,300",0.77,0.78,0.76,0.78,-,0.03,0.70,25,0.71,10,
710851,中菲行國票65購01,0,0,0,---,---,---, ---,,,0.61,25,0.62,10,
710852,友威科國票65購01,"128,000",6,"74,620",0.57,0.60,0.57,0.58,-,0.01,0.57,27,0.58,10,
710853,全宇昕國票65購01,"33,000",2,"14,520",0.44,0.44,0.44,0.44,-,0.03,0.43,25,0.44,10,
710854,竹陞國票66購01,"24,000",2,"18,680",0.67,0.80,0.67,0.80,+,0.11,0.81,25,0.00,0,
710855,邑錡國票61購01,"201,000",8,"153,260",0.78,0.82,0.73,0.73,-,0.15,0.72,25,0.73,10,
710856,邑錡國票63購01,0,0,0,---,---,---, ---,,,0.98,25,0.99,10,
710857,尚凡*國票65購01,0,0,0,---,---,---, ---,,,0.58,25,0.59,10,
710858,易發國票65購01,0,0,0,---,---,---, ---,,,0.54,25,0.55,10,
710859,昇佳電國票65購01,"98,000",13,"73,950",0.65,0.80,0.65,0.77,+,0.07,0.78,25,0.79,10,
710860,佶優國票61購01,"6,000",1,"4,500",0.75,0.75,0.75,0.75,-,0.02,0.73,25,0.74,10,
710861,佶優國票63購01,0,0,0,---,---,---, ---,,,0.66,25,0.67,10,
710862,茂訊國票65購01,0,0,0,---,---,---, ---,,,0.69,25,0.70,10,
710863,原相國票61購01,0,0,0,---,---,---, ---,,,0.79,25,0.80,10,
710864,振曜國票65購01,"78,000",1,"46,800",0.60,0.60,0.60,0.60,-,0.02,0.61,25,0.62,10,
710865,泰詠國票65購01,0,0,0,---,---,---, ---,,,0.61,25,0.62,10,
710866,健喬國票65購01,"601,000",12,"448,460",0.76,0.76,0.73,0.74,-,0.03,0.73,25,0.74,10,
710867,國眾國票65購01,"5,000",1,"2,500",0.50,0.50,0.50,0.50,+,0.03,0.48,25,0.49,10,
710868,博大國票65購01,0,0,0,---,---,---, ---,,,0.70,25,0.71,10,
710869,普萊德國票65購01,0,0,0,---,---,---, ---,,,0.52,25,0.53,10,
710870,晶宏國票65購01,0,0,0,---,---,---, ---,,,0.68,25,0.69,10,
710871,越峰國票65購01,0,0,0,---,---,---, ---,,,0.50,25,0.51,10,
710872,萬泰科國票61購02,0,0,0,---,---,---, ---,,,1.05,25,1.06,10,
710873,碩禾國票65購01,0,0,0,---,---,---, ---,,,0.48,25,0.49,10,
710874,聚和國票61購02,0,0,0,---,---,---, ---,,,1.02,25,1.03,10,
710875,鐿鈦國票65購01,"66,000",3,"43,560",0.66,0.66,0.66,0.66,-,0.02,0.65,25,0.66,10,
710876,竹陞國泰63購01,"93,000",2,"108,450",1.13,1.19,1.13,1.19,+,0.12,0.65,15,0.00,0,
710877,青雲國泰62購03,"235,000",7,"311,080",1.36,1.46,1.29,1.46,+,0.09,1.41,10,1.51,10,
710878,茂達國泰62購01,"5,000",1,"4,350",0.87,0.87,0.87,0.87,-,0.03,0.86,499,0.87,95,
710879,精材國泰62購01,"30,000",1,"102,600",3.42,3.42,3.42,3.42,-,0.08,3.30,499,3.35,100,
710880,大中富邦61購01,"4,000",4,"1,560",0.40,0.40,0.38,0.38,-,0.04,0.37,11,0.38,28,
710881,宜鼎富邦61購02,0,0,0,---,---,---, ---,,,0.42,10,0.43,28,
710882,中光電群益61購02,0,0,0,---,---,---, ---,,,0.00,0,0.00,0,
710883,宜鼎群益61購02,"60,000",3,"53,400",0.89,0.89,0.89,0.89,-,0.2,0.88,100,0.89,100,
710884,宜鼎群益61購03,"408,000",4,"305,500",0.76,0.76,0.74,0.75,-,0.12,0.75,100,0.76,100,
710885,威剛群益61購05,0,0,0,---,---,---, ---,,,0.87,10,0.97,10,
710886,建榮群益62購01,0,0,0,---,---,---, ---,,,0.59,25,0.60,10,
710887,群聯群益67購03,"20,000",1,"58,000",2.90,2.90,2.90,2.90,-,0.38,2.86,10,2.96,10,
710888,精材群益64購01,0,0,0,---,---,---, ---,,,1.34,25,1.40,10,
710889,精剛群益61購01,"44,000",2,"46,190",1.03,1.06,1.03,1.06,-,0.01,1.03,10,1.13,10,
710890,精剛群益61購02,0,0,0,---,---,---, ---,,,1.19,10,1.29,10,
710891,聚和群益61購01,0,0,0,---,---,---, ---,,,1.02,25,1.04,10,
710892,雙鴻群益61購02,"54,000",3,"122,890",2.31,2.31,2.26,2.27,+,0.12,1.05,10,0.00,0,
710893,中美晶元大64購01,0,0,0,---,---,---, ---,,,2.38,250,2.48,10,
710894,中美晶元大66購04,"24,000",4,"54,170",2.26,2.26,2.25,2.25,+,0.02,1.99,350,2.05,10,
710895,台嘉碩元大61購02,0,0,0,---,---,---, ---,,,1.44,499,1.46,10,
710896,均豪元大61購02,"1,850,000",23,"1,334,890",0.70,0.76,0.67,0.72,-,0.06,0.71,499,0.72,10,
710897,宜特元大65購01,"23,000",2,"29,730",1.31,1.31,1.29,1.29,-,0.01,1.29,499,1.31,10,
710898,宜特元大67購02,"285,000",6,"343,390",1.19,1.22,1.19,1.20,-,0.02,1.21,10,1.22,10,
710899,欣銓元大61購02,"702,000",13,"775,850",1.05,1.27,1.04,1.27,+,0.17,1.24,25,1.25,10,
710900,家登元大61購02,"306,000",5,"430,080",1.30,1.50,1.26,1.42,-,0.22,1.40,10,1.42,10,
710901,能率元大61購02,0,0,0,---,---,---, ---,,,1.23,499,1.24,10,
710902,臺慶科元大64購02,"53,000",1,"59,890",1.13,1.13,1.13,1.13,-,0.03,1.06,499,1.07,10,
710903,鑫科元大61購01,"150,000",3,"166,500",1.10,1.12,1.10,1.12,+,0.02,1.05,499,1.06,10,
710904,太普高國票65購01,"7,000",2,"4,010",0.57,0.58,0.57,0.58,+,0.02,0.55,25,0.56,10,
710905,安碁國票61購01,0,0,0,---,---,---, ---,,,0.80,25,0.82,10,
710906,利機國票61購01,0,0,0,---,---,---, ---,,,0.85,25,0.86,10,
710907,杰力國票65購01,0,0,0,---,---,---, ---,,,0.51,25,0.52,10,
710908,倉和國票65購01,"831,000",18,"903,510",1.10,1.13,1.06,1.09,-,0.04,1.08,25,1.09,10,
710909,晟田國票61購02,"1,171,000",32,"2,117,960",1.72,1.89,1.63,1.63,-,0.13,1.63,90,1.64,10,
710910,創泓國票61購01,"198,000",19,"536,860",2.65,2.97,2.58,2.61,-,0.2,2.59,25,2.60,10,
710911,博大國票61購01,0,0,0,---,---,---, ---,,,0.54,25,0.55,10,
710912,新普國票65購01,0,0,0,---,---,---, ---,,,0.63,25,0.64,10,
710913,聖暉*國票65購01,0,0,0,---,---,---, ---,,,0.66,25,0.67,10,
710914,類比科國票61購01,0,0,0,---,---,---, ---,,,0.55,25,0.56,10,
710915,寶雅國票61購03,0,0,0,---,---,---, ---,,,0.76,25,0.78,10,
710916,驊訊國票61購01,0,0,0,---,---,---, ---,,,0.68,25,0.69,10,
710917,大中凱基61購02,0,0,0,---,---,---, ---,,,0.42,100,0.43,50,
710918,中美晶凱基66購01,"177,000",15,"434,920",2.47,2.52,2.33,2.33,-,0.44,2.29,44,2.31,10,
710919,台嘉碩凱基61購03,0,0,0,---,---,---, ---,,,0.74,100,0.75,10,
710920,宏觀凱基61購04,0,0,0,---,---,---, ---,,,0.97,10,1.01,10,
710921,宜鼎凱基61購02,"9,000",1,"8,550",0.95,0.95,0.95,0.95,-,0.15,0.95,100,0.96,10,
710922,欣銓凱基61購03,"89,000",5,"63,490",0.71,0.82,0.71,0.75,+,0.13,0.75,10,0.76,30,
710923,威剛凱基61購03,0,0,0,---,---,---, ---,,,1.36,100,1.37,30,
710924,茂達凱基61購03,"133,000",3,"64,220",0.48,0.50,0.48,0.50,-,0.03,0.49,100,0.50,50,
710925,博大凱基61購01,0,0,0,---,---,---, ---,,,0.71,100,0.72,10,
710926,群聯凱基61購07,"80,000",3,"116,390",1.45,1.46,1.45,1.46,-,0.18,1.41,100,1.42,10,
710927,雙鴻凱基61購05,0,0,0,---,---,---, ---,,,1.36,100,1.37,10,
710928,大中群益61購02,0,0,0,---,---,---, ---,,,0.60,25,0.61,10,
710929,中光電群益61購03,"1,000",1,600,0.60,0.60,0.60,0.60,-,0.05,0.29,2,0.00,0,
710930,欣銓群益61購01,0,0,0,---,---,---, ---,,,0.00,0,0.00,0,
710931,茂達群益61購02,0,0,0,---,---,---, ---,,,0.55,100,0.56,100,
710932,家登群益61購04,"189,000",12,"396,600",1.81,2.24,1.81,2.24,+,0.02,2.04,100,2.05,100,
710933,新普群益61購01,0,0,0,---,---,---, ---,,,0.00,0,0.00,0,
710934,新普群益61購02,0,0,0,---,---,---, ---,,,0.00,0,0.00,0,
710935,精材群益64購02,"50,000",1,"79,000",1.58,1.58,1.58,1.58,+,0.29,1.53,25,1.58,10,
710936,中美晶國泰64購01,"194,000",16,"623,290",3.25,3.28,3.00,3.00,-,0.38,3.00,499,3.01,100,
710937,中光電富邦64購01,"460,000",8,"288,600",0.57,0.65,0.57,0.63,-,0.0,0.53,10,0.54,28,
710938,威剛富邦64購01,0,0,0,---,---,---, ---,,,0.53,30,0.54,28,
710939,茂達富邦63購02,"30,000",1,"17,400",0.58,0.58,0.58,0.58,-,0.02,0.57,10,0.58,28,
710940,華電網富邦63購01,0,0,0,---,---,---, ---,,,0.51,10,0.52,28,
710941,萬泰科富邦63購02,0,0,0,---,---,---, ---,,,0.48,10,0.49,28,
710942,群聯中信67購01,"83,000",2,"41,500",0.50,0.50,0.50,0.50,-,0.05,0.48,499,0.49,10,
710943,中光電永豐61購03,"304,000",5,"171,190",0.54,0.60,0.52,0.52,-,0.08,0.49,10,0.50,10,
710944,艾訊永豐61購01,"75,000",3,"49,370",0.65,0.67,0.65,0.67,+,0.04,0.61,499,0.62,10,
710945,杰力永豐64購01,"25,000",2,"17,110",0.67,0.69,0.67,0.69,-,0.03,0.71,499,0.73,10,
710946,長聖永豐61購01,"191,000",14,"142,260",0.76,0.78,0.72,0.72,-,0.11,0.71,10,0.72,10,
710947,威剛永豐61購08,0,0,0,---,---,---, ---,,,0.78,499,0.79,10,
710948,威剛永豐64購03,0,0,0,---,---,---, ---,,,0.96,499,0.97,10,
710949,茂達永豐65購01,"10,000",1,"5,400",0.54,0.54,0.54,0.54,-,0.04,0.53,10,0.54,10,
710950,倉和永豐61購01,"25,000",5,"40,850",1.62,1.68,1.57,1.57,-,0.12,1.52,5,0.00,0,
710951,倉和永豐64購01,"310,000",11,"646,410",2.16,2.21,2.06,2.08,-,0.1,0.00,0,0.00,0,
710952,宸曜永豐61購01,0,0,0,---,---,---, ---,,,0.59,499,0.60,10,
710953,宸曜永豐67購01,0,0,0,---,---,---, ---,,,1.09,499,1.10,10,
710954,耕興永豐61購01,"10,000",1,"8,500",0.85,0.85,0.85,0.85,-,0.02,0.85,499,0.86,10,
710955,博大永豐61購01,0,0,0,---,---,---, ---,,,0.51,499,0.52,10,
710956,智通*永豐64購01,"490,000",18,"565,020",1.16,1.20,1.11,1.20,+,0.14,1.17,10,1.20,10,
710957,新普永豐61購02,0,0,0,---,---,---, ---,,,0.48,499,0.49,10,
710958,精剛永豐61購01,"73,000",4,"58,490",0.80,0.83,0.80,0.80,+,0.01,0.78,10,0.79,10,
710959,磐儀永豐61購01,0,0,0,---,---,---, ---,,,0.88,10,0.90,10,
710960,中光電元大61購05,"234,000",13,"169,700",0.80,0.80,0.65,0.65,-,0.2,0.60,499,0.61,10,
710961,中美晶元大64購02,"1,000",1,"2,350",2.35,2.35,2.35,2.35,+,0.18,2.24,300,2.34,10,
710962,中美晶元大66購05,"1,000",1,"2,000",2.00,2.00,2.00,2.00,+,0.16,1.85,350,1.95,10,
710963,世紀*元大61購01,"32,000",12,"36,710",1.17,1.17,1.10,1.10,-,0.13,1.09,499,1.10,10,
710964,宜鼎元大61購07,"20,000",2,"17,500",0.90,0.90,0.85,0.85,-,0.16,0.87,499,0.88,10,
710965,晟田元大61購02,"444,000",30,"1,091,600",2.38,2.67,2.29,2.29,-,0.0,2.31,300,2.33,10,
710966,創惟元大61購01,0,0,0,---,---,---, ---,,,1.17,499,1.18,10,
710967,晶焱元大61購01,0,0,0,---,---,---, ---,,,0.94,499,0.95,10,
710968,翔名元大61購01,"429,000",13,"521,290",1.16,1.32,1.06,1.28,+,0.07,1.26,499,1.27,10,
710969,群聯元大64購07,"49,000",3,"60,800",1.24,1.26,1.23,1.23,-,0.25,1.23,499,1.24,10,
710970,頎邦元大61購02,"659,000",9,"687,340",1.05,1.06,1.01,1.05,-,0.0,1.00,499,1.01,10,
710971,譜瑞元大61購03,"118,000",7,"134,080",1.11,1.15,1.11,1.14,-,0.05,1.13,499,1.14,10,
710972,譜瑞元大65購03,"58,000",3,"63,060",1.08,1.11,1.08,1.11,-,0.01,1.08,499,1.09,10,
710973,久元台新61購01,0,0,0,---,---,---, ---,,,1.30,25,1.32,10,
710974,久元台新61購02,0,0,0,---,---,---, ---,,,0.86,25,0.87,10,
710975,大中台新61購03,0,0,0,---,---,---, ---,,,0.50,25,0.51,10,
710976,大中台新61購04,"20,000",1,"8,000",0.40,0.40,0.40,0.40,-,0.07,0.39,25,0.40,10,
710977,中光電台新61購04,"133,000",13,"136,260",1.01,1.06,1.01,1.02,-,0.12,0.93,25,0.94,10,
710978,杰力台新61購01,"23,000",1,"13,570",0.59,0.59,0.59,0.59,+,0.03,0.56,25,0.58,10,
710979,宸曜台新61購01,"40,000",1,"50,400",1.26,1.26,1.26,1.26,-,0.11,1.24,25,1.26,10,
710980,博大台新61購02,"150,000",3,"114,500",0.77,0.77,0.76,0.76,-,0.08,0.78,25,0.79,10,
710981,博大台新61購03,"12,000",2,"7,920",0.66,0.66,0.66,0.66,-,0.05,0.66,25,0.67,10,
710982,精材台新61購03,"131,000",5,"242,270",1.85,1.87,1.83,1.85,+,0.05,1.71,25,1.72,10,
710983,立敦凱基61購01,0,0,0,---,---,---, ---,,,1.05,100,1.07,10,
710984,均豪凱基61購01,0,0,0,---,---,---, ---,,,1.39,100,1.41,10,
710985,家登凱基61購02,"184,000",11,"302,920",1.69,1.91,1.59,1.91,-,0.17,1.82,55,1.92,10,
710986,振曜凱基61購01,"31,000",4,"27,940",0.90,0.94,0.90,0.94,-,0.01,0.92,100,0.94,10,
710987,華景電凱基64購01,0,0,0,---,---,---, ---,,,1.03,100,1.04,30,
710988,新普凱基61購01,"7,000",1,"4,830",0.69,0.69,0.69,0.69,+,0.01,0.68,100,0.69,50,
710989,頎邦凱基61購02,0,0,0,---,---,---, ---,,,1.01,100,1.02,10,
710990,精材凱基61購07,0,0,0,---,---,---, ---,,,4.20,100,4.27,10,
710991,營邦凱基61購01,"40,000",1,"33,200",0.83,0.83,0.83,0.83,-,0.07,0.83,100,0.84,50,
710992,譜瑞凱基61購06,0,0,0,---,---,---, ---,,,1.54,10,1.56,10,
710993,寶雅凱基61購01,0,0,0,---,---,---, ---,,,0.96,10,1.00,10,
710994,欣銓台新61購03,"51,000",4,"52,540",0.88,1.11,0.88,1.11,+,0.16,1.07,25,1.08,10,
710995,群聯台新61購04,"13,000",1,"11,960",0.92,0.92,0.92,0.92,-,0.21,0.90,25,0.91,10,
710996,大江國票65購01,"57,000",2,"45,290",0.79,0.80,0.79,0.80,+,0.02,0.78,25,0.79,10,
710997,大學光國票61購01,"51,000",2,"44,880",0.88,0.88,0.88,0.88,+,0.03,0.85,25,0.86,10,
710998,佰研國票65購01,"1,000",1,640,0.64,0.64,0.64,0.64,-,0.01,0.63,25,0.64,10,
710999,宜特國票61購01,0,0,0,---,---,---, ---,,,1.28,25,1.29,10,
711000,長聖國票65購01,"38,000",2,"28,480",0.76,0.76,0.72,0.72,-,0.08,0.71,25,0.73,10,
711001,能率國票61購02,0,0,0,---,---,---, ---,,,1.35,25,1.36,10,
711002,廣積國票66購01,"15,000",3,"14,920",0.98,1.00,0.98,1.00,+,0.03,0.96,25,0.97,10,
711003,陽程群益61購02,"99,000",1,"90,090",0.91,0.91,0.91,0.91,+,0.04,0.93,25,0.94,10,
711004,系統電國泰62購01,0,0,0,---,---,---, ---,,,1.42,499,1.43,100,
711005,宜鼎國泰62購02,0,0,0,---,---,---, ---,,,1.21,499,1.22,100,
711006,大中元大61購02,"138,000",1,"122,820",0.89,0.89,0.89,0.89,-,0.17,0.85,499,0.95,10,
711007,大中元大66購01,0,0,0,---,---,---, ---,,,0.89,499,0.99,10,
711008,尼克森元大61購01,"17,000",1,"12,410",0.73,0.73,0.73,0.73,+,0.01,0.74,499,0.75,10,
711009,巨有元大61購02,0,0,0,---,---,---, ---,,,0.89,10,0.90,10,
711010,立敦元大61購01,"86,000",3,"231,850",2.71,2.71,2.59,2.59,+,0.39,2.55,350,2.59,10,
711011,立敦元大67購01,0,0,0,---,---,---, ---,,,0.76,499,0.77,10,
711012,宜鼎元大61購08,"5,004,000",25,"3,651,930",0.74,0.74,0.72,0.73,-,0.09,0.73,499,0.74,10,
711013,宜鼎元大61購09,"1,623,000",11,"1,899,810",1.19,1.19,1.13,1.14,-,0.14,1.14,499,1.15,10,
711014,昇佳電元大61購01,"1,380,000",30,"2,019,510",1.23,1.62,1.18,1.61,+,0.25,1.60,20,1.62,10,
711015,朋程元大61購01,0,0,0,---,---,---, ---,,,0.92,10,0.93,10,
711016,青雲元大61購01,"1,892,000",68,"2,904,070",1.43,1.60,1.39,1.58,+,0.09,1.52,25,1.56,10,
711017,美琪瑪元大61購01,"18,000",2,"24,280",1.42,1.42,1.34,1.34,-,0.03,1.32,499,1.33,10,
711018,茂達元大61購03,"1,301,000",4,"1,209,930",0.93,0.93,0.93,0.93,-,0.02,0.92,499,1.02,10,
711019,原相元大61購02,0,0,0,---,---,---, ---,,,0.42,25,0.43,10,
711020,家登元大61購03,"432,000",15,"616,610",1.38,1.55,1.32,1.46,-,0.13,1.44,499,1.46,10,
711021,智通*元大61購01,"1,174,000",17,"1,074,170",0.90,1.00,0.89,1.00,+,0.1,0.94,499,1.00,9,
711022,群聯元大64購08,0,0,0,---,---,---, ---,,,0.72,10,0.73,10,
711023,譜瑞元大61購04,0,0,0,---,---,---, ---,,,1.98,350,2.00,10,
711024,中美晶統一65購01,"665,000",30,"644,570",1.01,1.02,0.90,0.91,-,0.11,0.89,10,0.90,10,
711025,均豪統一65購01,"52,000",2,"29,440",0.54,0.58,0.54,0.58,+,0.01,0.56,10,0.57,10,
711026,朋程統一65購03,0,0,0,---,---,---, ---,,,0.49,10,0.50,10,
711027,茂訊統一67購01,0,0,0,---,---,---, ---,,,0.57,10,0.58,10,
711028,群聯統一67購01,0,0,0,---,---,---, ---,,,0.58,10,0.59,10,
711029,精材統一67購01,"567,000",15,"628,610",1.15,1.15,1.04,1.10,-,0.04,1.06,10,1.07,10,
711030,營邦統一67購01,0,0,0,---,---,---, ---,,,0.61,10,0.62,10,
711031,中光電永豐61購04,"123,000",16,"153,200",1.16,1.32,1.10,1.10,-,0.15,1.06,10,1.07,10,
711032,中光電永豐61購05,"92,000",6,"89,870",0.92,1.10,0.88,0.88,-,0.13,0.85,10,0.86,10,
711033,立敦永豐61購02,"30,000",1,"21,600",0.72,0.72,0.72,0.72,+,0.12,0.72,499,0.73,10,
711034,立敦永豐64購01,"132,000",6,"120,560",0.86,0.94,0.86,0.94,+,0.13,0.92,499,0.93,10,
711035,立敦永豐64購02,0,0,0,---,---,---, ---,,,0.94,499,0.95,10,
711036,宜鼎永豐63購02,0,0,0,---,---,---, ---,,,0.80,499,0.81,10,
711037,長聖永豐61購02,"8,000",1,"4,480",0.56,0.56,0.56,0.56,-,0.05,0.51,499,0.52,10,
711038,原相永豐61購02,"170,000",1,"91,800",0.54,0.54,0.54,0.54,-,0.07,0.52,499,0.53,10,
711039,群聯永豐64購07,"35,000",2,"38,320",1.10,1.10,1.08,1.08,-,0.26,1.08,499,1.09,10,
711040,群聯永豐64購08,"72,000",3,"65,580",0.92,0.93,0.90,0.93,-,0.09,0.90,499,0.91,10,
711041,群聯永豐67購01,0,0,0,---,---,---, ---,,,0.62,499,0.63,10,
711042,廣積永豐61購01,"10,000",1,"10,100",1.01,1.01,1.01,1.01,-,0.0,0.98,499,1.00,10,
711043,宜鼎中信61購03,0,0,0,---,---,---, ---,,,0.46,10,0.47,10,
711044,群聯中信61購01,"530,000",3,"233,510",0.44,0.45,0.44,0.45,-,0.08,0.43,499,0.44,10,
711045,大中凱基61購03,0,0,0,---,---,---, ---,,,0.68,100,0.69,30,
711046,台特化凱基61購01,"58,000",2,"101,000",1.78,1.78,1.70,1.70,-,0.1,1.71,100,1.73,10,
711047,巨有凱基61購02,"60,000",5,"52,800",0.85,0.91,0.85,0.88,-,0.04,0.87,100,0.88,10,
711048,宜特凱基61購04,0,0,0,---,---,---, ---,,,1.51,10,1.53,10,
711049,宜鼎凱基61購03,"92,000",4,"106,200",1.14,1.17,1.14,1.15,-,0.16,1.15,100,1.17,10,
711050,茂達凱基61購04,0,0,0,---,---,---, ---,,,1.06,100,1.07,30,
711051,原相凱基61購02,0,0,0,---,---,---, ---,,,0.92,10,0.93,10,
711052,智通*凱基61購01,"238,000",12,"288,970",1.21,1.30,1.17,1.30,+,0.3,1.25,100,1.27,10,
711053,順達凱基61購02,0,0,0,---,---,---, ---,,,1.18,10,1.28,10,
711054,鈊象凱基61購03,0,0,0,---,---,---, ---,,,1.39,100,1.41,10,
711055,群聯凱基64購04,"13,000",2,"26,960",2.08,2.08,2.06,2.06,-,0.28,2.06,100,2.08,10,
711056,精材凱基61購08,"11,000",1,"29,920",2.72,2.72,2.72,2.72,+,0.01,2.58,100,2.59,10,
711057,廣積凱基65購01,"3,000",1,"3,330",1.11,1.11,1.11,1.11,+,0.02,1.07,100,1.08,10,
711058,昱展台新61購01,0,0,0,---,---,---, ---,,,0.75,25,0.77,10,
711059,富喬台新61購01,"107,000",4,"101,570",0.95,0.96,0.94,0.94,-,0.05,0.92,25,0.93,10,
711060,艾訊群益61購01,0,0,0,---,---,---, ---,,,0.00,0,0.00,0,
711061,家登群益61購05,"5,000",1,"5,000",1.00,1.00,1.00,1.00,+,0.08,0.99,100,1.00,100,
711062,順達群益61購01,0,0,0,---,---,---, ---,,,0.00,0,0.00,0,
711063,群聯群益61購06,"3,000",1,"12,540",4.18,4.18,4.18,4.18,-,0.43,4.10,10,4.20,10,
711064,精材群益61購02,"21,000",5,"108,240",5.40,5.40,4.87,5.35,+,0.15,4.92,100,4.96,100,
711065,大樹國票65購01,"1,588,000",6,"1,368,930",0.83,0.87,0.83,0.86,+,0.02,0.84,25,0.85,10,
711066,公準國票65購01,0,0,0,---,---,---, ---,,,0.74,30,0.00,0,
711067,加百裕國票61購01,0,0,0,---,---,---, ---,,,0.89,25,0.90,10,
711068,尼克森國票61購01,0,0,0,---,---,---, ---,,,0.83,25,0.84,10,
711069,正基國票65購01,0,0,0,---,---,---, ---,,,0.72,25,0.73,10,
711070,艾訊國票61購02,0,0,0,---,---,---, ---,,,0.94,25,0.95,10,
711071,宜鼎國票65購02,0,0,0,---,---,---, ---,,,1.21,25,1.22,10,
711072,高僑國票65購01,0,0,0,---,---,---, ---,,,0.62,25,0.63,10,
711073,智崴國票65購01,"70,000",1,"45,500",0.65,0.65,0.65,0.65,-,0.0,0.63,25,0.64,10,
711074,僑威國票65購01,"40,000",2,"27,600",0.69,0.69,0.69,0.69,-,0.0,0.67,25,0.68,10,
711075,廣明國票65購01,0,0,0,---,---,---, ---,,,0.68,25,0.69,10,
711076,撼訊國票65購01,0,0,0,---,---,---, ---,,,0.70,25,0.71,10,
711077,中美晶元大61購03,"50,000",9,"104,890",2.13,2.15,1.93,1.93,-,0.33,1.93,5,1.98,10,
711078,台嘉碩元大61購03,"80,000",1,"118,400",1.48,1.48,1.48,1.48,+,0.18,1.40,499,1.41,10,
711079,宜鼎元大61購10,"2,122,000",9,"2,225,540",1.07,1.07,1.03,1.05,-,0.14,1.05,499,1.06,10,
711080,智通*元大61購02,"2,030,000",31,"2,427,700",1.10,1.25,1.10,1.25,+,0.25,1.18,524,1.24,10,
711081,群聯元大61購14,"621,000",12,"696,440",1.15,1.15,1.11,1.12,-,0.16,1.12,499,1.13,10,
711082,臺慶科元大61購03,"51,000",3,"23,960",0.47,0.47,0.46,0.46,-,0.03,0.45,500,0.46,10,
711083,世界國泰62購01,"463,000",23,"801,880",1.67,1.78,1.65,1.77,+,0.09,1.66,499,1.68,100,
711084,博大國泰62購01,"9,000",2,"9,120",1.00,1.02,1.00,1.02,-,0.05,1.01,250,1.02,100,
711085,陽程國泰62購01,"272,000",19,"610,290",2.17,2.33,2.17,2.27,+,0.09,2.25,509,2.27,80,
711086,群聯國泰62購03,"18,000",1,"27,720",1.54,1.54,1.54,1.54,-,0.4,1.51,499,1.52,100,
711087,精材國泰62購02,"93,000",8,"340,760",3.61,3.75,3.41,3.72,+,0.02,3.46,499,3.49,100,
711088,中美晶富邦61購03,"265,000",28,"369,880",1.41,1.43,1.34,1.34,-,0.11,1.29,30,1.30,10,
711089,立碁富邦64購01,0,0,0,---,---,---, ---,,,0.57,30,0.58,28,
711090,翔名富邦61購01,"807,000",20,"638,670",0.73,0.83,0.67,0.80,+,0.04,0.80,30,0.81,28,
711091,陽程富邦61購02,"175,000",14,"120,820",0.62,0.74,0.60,0.74,+,0.05,0.71,30,0.72,28,
711092,精材富邦61購01,"76,000",6,"114,320",1.49,1.52,1.48,1.50,+,0.02,1.40,30,1.41,28,
711093,精材中信61購02,0,0,0,---,---,---, ---,,,0.86,499,0.87,10,
711094,千附永豐61購01,"86,000",21,"271,640",3.15,3.27,2.79,2.79,-,0.09,1.99,5,0.00,0,
711095,千附永豐61購02,"78,000",13,"196,720",2.50,2.71,2.20,2.20,+,0.02,2.16,10,2.18,10,
711096,立端永豐61購01,"11,000",2,"9,350",0.85,0.85,0.85,0.85,-,0.03,0.80,10,0.81,10,
711097,松瑞藥永豐61購01,"99,000",6,"109,090",1.08,1.15,1.08,1.12,+,0.07,1.11,499,1.12,7,
711098,磐儀永豐61購02,"41,000",5,"38,120",0.93,0.96,0.89,0.89,+,0.08,0.87,499,0.89,5,
711099,千附精統一67購01,"246,000",14,"182,380",0.78,0.78,0.60,0.60,-,0.23,0.61,100,0.00,0,
711100,大中統一65購02,"459,000",2,"201,870",0.43,0.44,0.43,0.44,-,0.05,0.43,10,0.44,10,
711101,大中統一6C購01,0,0,0,---,---,---, ---,,,0.51,10,0.52,10,
711102,中裕統一69購01,0,0,0,---,---,---, ---,,,0.57,10,0.58,10,
711103,世界統一67購01,0,0,0,---,---,---, ---,,,0.74,10,0.75,10,
711104,台嘉碩統一67購01,"20,000",5,"13,280",0.65,0.68,0.65,0.68,+,0.08,0.62,10,0.63,10,
711105,台嘉碩統一6C購01,"102,000",2,"64,280",0.63,0.64,0.63,0.64,+,0.07,0.60,10,0.61,10,
711106,尼克森統一65購01,"7,000",1,"3,710",0.53,0.53,0.53,0.53,+,0.02,0.52,10,0.53,10,
711107,巨有統一6C購01,0,0,0,---,---,---, ---,,,0.54,10,0.55,10,
711108,朋程統一65購04,0,0,0,---,---,---, ---,,,0.51,10,0.52,10,
711109,杰力統一6C購01,0,0,0,---,---,---, ---,,,0.49,10,0.50,10,
711110,青雲統一69購01,"2,011,000",5,"1,452,760",0.71,0.73,0.71,0.73,+,0.09,0.71,10,0.72,10,
711111,青雲統一6C購01,"160,000",1,"97,600",0.61,0.61,0.61,0.61,+,0.01,0.61,10,0.62,10,
711112,泰藝統一6C購01,0,0,0,---,---,---, ---,,,0.60,10,0.61,10,
711113,健喬統一69購01,"10,000",2,"6,500",0.65,0.65,0.65,0.65,-,0.0,0.64,10,0.65,10,
711114,堡達統一6C購01,0,0,0,---,---,---, ---,,,0.48,10,0.49,10,
711115,智通*統一67購01,"114,000",4,"91,880",0.76,0.82,0.76,0.81,+,0.04,0.81,10,0.82,10,
711116,陽程統一6C購01,0,0,0,---,---,---, ---,,,0.71,10,0.72,10,
711117,順達統一65購03,0,0,0,---,---,---, ---,,,0.64,10,0.65,10,
711118,頎邦統一65購01,"402,000",4,"249,240",0.62,0.62,0.62,0.62,-,0.08,0.61,10,0.62,10,
711119,頎邦統一67購02,"75,000",6,"49,250",0.65,0.66,0.65,0.65,-,0.02,0.63,10,0.64,10,
711120,頎邦統一67購03,0,0,0,---,---,---, ---,,,0.61,10,0.62,10,
711121,頎邦統一6C購01,"21,000",2,"14,700",0.70,0.70,0.70,0.70,-,0.02,0.68,10,0.69,10,
711122,精材統一65購02,"201,000",7,"222,490",1.20,1.20,1.04,1.04,-,0.07,1.07,10,1.08,10,
711123,精材統一67購02,"180,000",16,"147,350",0.89,0.89,0.79,0.80,-,0.06,0.81,13,0.82,10,
711124,中美晶凱基64購01,0,0,0,---,---,---, ---,,,2.11,499,2.12,10,
711125,家登凱基67購01,0,0,0,---,---,---, ---,,,1.30,100,1.40,10,
711126,陽程凱基61購03,0,0,0,---,---,---, ---,,,1.06,100,1.07,10,
711127,順達凱基61購03,0,0,0,---,---,---, ---,,,1.22,10,1.32,10,
711128,群聯凱基61購08,0,0,0,---,---,---, ---,,,1.71,100,1.73,10,
711129,群聯凱基61購09,0,0,0,---,---,---, ---,,,1.61,100,1.62,10,
711130,頎邦凱基61購03,0,0,0,---,---,---, ---,,,0.82,100,0.83,10,
711131,精材凱基61購09,"83,000",3,"116,380",1.58,1.58,1.40,1.40,-,0.44,1.47,100,1.48,10,
711132,臺慶科凱基61購03,"28,000",9,"20,630",0.76,0.76,0.70,0.70,-,0.21,0.69,103,0.70,30,
711133,宜鼎台新62購01,0,0,0,---,---,---, ---,,,0.92,25,0.93,10,
711134,茂達台新61購01,0,0,0,---,---,---, ---,,,0.81,25,0.82,10,
711135,茂達台新61購02,0,0,0,---,---,---, ---,,,1.09,25,1.10,10,
711136,群聯台新67購03,"2,000",2,"3,420",1.70,1.72,1.70,1.72,-,0.18,1.69,25,1.70,10,
711137,群聯台新67購04,"20,000",1,"28,800",1.44,1.44,1.44,1.44,-,0.16,1.41,25,1.42,10,
711138,頎邦台新61購04,0,0,0,---,---,---, ---,,,1.56,25,1.57,10,
711139,頎邦台新61購05,"20,000",1,"32,800",1.64,1.64,1.64,1.64,-,0.05,1.53,25,1.54,10,
711140,精材台新61購04,0,0,0,---,---,---, ---,,,1.70,25,1.71,10,
711141,精材台新61購05,"10,000",1,"17,400",1.74,1.74,1.74,1.74,-,0.13,1.78,25,1.79,10,
711142,精材台新62購02,0,0,0,---,---,---, ---,,,1.71,25,1.72,10,
711143,力麒國票65購01,"27,000",1,"18,630",0.69,0.69,0.69,0.69,+,0.02,0.67,25,0.68,10,
711144,天良國票61購01,"337,000",21,"585,190",1.78,1.78,1.66,1.77,+,0.16,1.72,25,1.77,10,
711145,巨漢國票61購01,0,0,0,---,---,---, ---,,,1.55,25,1.56,10,
711146,協禧國票65購01,0,0,0,---,---,---, ---,,,0.58,25,0.59,10,
711147,奇鈦科國票65購01,0,0,0,---,---,---, ---,,,0.86,25,0.87,10,
711148,陽程國票61購01,0,0,0,---,---,---, ---,,,1.30,25,1.31,10,
711149,陽程國票61購02,"12,000",1,"14,880",1.24,1.24,1.24,1.24,+,0.05,1.34,25,1.35,10,
711150,順達國票65購01,"42,000",6,"60,670",1.38,1.50,1.38,1.49,+,0.06,1.39,25,1.40,10,
711151,精材國票61購04,"100,000",10,"209,950",2.09,2.13,1.94,1.96,-,0.1,1.95,25,1.97,10,
711152,精材國票65購01,"59,000",3,"114,200",2.00,2.00,1.93,1.93,-,0.07,1.91,25,1.93,10,
711153,營邦國票61購01,0,0,0,---,---,---, ---,,,1.25,25,1.26,10,
711154,千附群益61購01,0,0,0,---,---,---, ---,,,2.68,10,0.00,0,
711155,千附群益61購02,"87,000",9,"222,030",2.60,2.69,2.24,2.24,-,0.04,2.25,10,2.35,10,
711156,台特化群益61購02,"10,000",1,"18,700",1.87,1.87,1.87,1.87,+,0.01,1.83,10,1.93,10,
711157,青雲群益61購01,"797,000",15,"709,810",0.82,0.90,0.82,0.87,+,0.03,0.55,18,0.00,0,
711158,青雲群益61購02,"19,000",5,"25,320",1.30,1.35,1.30,1.35,+,0.14,0.00,0,0.00,0,
711159,威剛群益61購06,0,0,0,---,---,---, ---,,,2.12,499,2.22,10,
711160,鈊象群益61購02,0,0,0,---,---,---, ---,,,0.25,40,0.00,0,
711161,新漢群益61購01,0,0,0,---,---,---, ---,,,0.97,10,1.07,10,
711162,群聯群益61購07,0,0,0,---,---,---, ---,,,2.57,10,2.67,10,
711163,精材群益63購03,0,0,0,---,---,---, ---,,,2.85,100,2.87,100,
711164,中光電元大61購06,"1,437,000",8,"1,195,880",0.83,0.86,0.80,0.80,+,0.02,0.72,25,0.73,10,
711165,中光電元大61購07,"572,000",9,"491,200",0.81,0.93,0.81,0.81,-,0.07,0.75,25,0.76,10,
711166,中美晶元大61購04,"792,000",35,"929,550",1.25,1.25,1.10,1.11,-,0.05,1.10,579,1.11,10,
711167,宜鼎元大63購02,"10,000",1,"11,900",1.19,1.19,1.19,1.19,-,0.15,1.19,499,1.20,10,
711168,茂達元大61購04,0,0,0,---,---,---, ---,,,1.00,499,1.10,10,
711169,智通*元大61購03,"883,000",10,"1,073,030",1.21,1.23,1.18,1.23,+,0.02,1.26,499,1.32,10,
711170,翔名元大61購02,"179,000",2,"176,630",0.97,1.09,0.97,1.09,-,0.0,1.12,10,1.13,10,
711171,順達元大61購01,"6,763,000",28,"8,019,260",1.14,1.23,1.10,1.18,+,0.02,0.61,16,0.00,0,
711172,群聯元大61購15,0,0,0,---,---,---, ---,,,1.02,10,1.03,10,
711173,頎邦元大61購03,"136,000",2,"159,040",1.17,1.17,1.16,1.16,-,0.03,1.11,499,1.12,10,
711174,精材元大61購10,"1,400,000",26,"1,395,130",1.02,1.06,0.93,0.98,-,0.12,0.98,499,0.99,10,
711175,精材元大61購11,"66,000",12,"128,170",1.93,2.05,1.77,1.85,-,0.13,1.87,400,1.88,10,
711176,精材元大63購05,"96,000",6,"122,480",1.30,1.35,1.23,1.23,-,0.06,1.24,499,1.25,10,
711177,營邦元大61購01,0,0,0,---,---,---, ---,,,0.98,499,0.99,10,
711178,九暘統一63購01,0,0,0,---,---,---, ---,,,0.45,10,0.46,10,
711179,九暘統一6C購01,0,0,0,---,---,---, ---,,,0.52,10,0.53,10,
711180,千附精統一67購02,0,0,0,---,---,---, ---,,,0.00,0,0.00,0,
711181,千附精統一67購03,"56,000",6,"38,800",0.74,0.75,0.68,0.68,-,0.1,0.00,0,0.66,10,
711182,大中統一65購03,0,0,0,---,---,---, ---,,,0.48,10,0.49,10,
711183,中光電統一65購01,"143,000",3,"102,970",0.69,0.73,0.69,0.73,+,0.05,0.59,10,0.60,10,
711184,中光電統一6C購01,"5,000",1,"3,100",0.62,0.62,0.62,0.62,+,0.02,0.54,10,0.55,10,
711185,中美晶統一65購02,"60,000",2,"72,400",1.26,1.26,1.10,1.10,+,0.06,1.11,10,1.12,10,
711186,中美晶統一67購01,0,0,0,---,---,---, ---,,,0.94,10,0.95,10,
711187,中美晶統一6C購01,"291,000",9,"280,560",0.97,0.98,0.92,0.92,+,0.04,0.92,10,0.93,10,
711188,台嘉碩統一65購01,0,0,0,---,---,---, ---,,,0.62,10,0.63,10,
711189,立敦統一67購01,0,0,0,---,---,---, ---,,,0.71,10,0.72,10,
711190,安勤統一67購01,0,0,0,---,---,---, ---,,,0.57,10,0.58,10,
711191,系統電統一6C購01,0,0,0,---,---,---, ---,,,0.61,10,0.62,10,
711192,亞通統一67購01,0,0,0,---,---,---, ---,,,0.61,10,0.62,10,
711193,宜鼎統一67購01,0,0,0,---,---,---, ---,,,0.70,10,0.71,10,
711194,昇佳電統一67購01,"202,000",11,"144,670",0.69,0.77,0.69,0.75,+,0.05,0.75,10,0.76,10,
711195,杰力統一65購01,"64,000",1,"35,200",0.55,0.55,0.55,0.55,+,0.01,0.54,10,0.55,10,
711196,青雲統一69購02,"2,495,000",5,"1,666,660",0.66,0.67,0.66,0.67,+,0.03,0.65,10,0.66,10,
711197,茂達統一69購02,0,0,0,---,---,---, ---,,,0.52,10,0.53,10,
711198,神準統一67購01,0,0,0,---,---,---, ---,,,0.55,10,0.56,10,
711199,堡達統一65購01,0,0,0,---,---,---, ---,,,0.61,10,0.62,10,
711200,翔名統一6C購01,0,0,0,---,---,---, ---,,,0.64,10,0.65,10,
711201,順達統一67購01,0,0,0,---,---,---, ---,,,0.65,10,0.66,10,
711202,順達統一67購02,0,0,0,---,---,---, ---,,,0.58,10,0.59,10,
711203,順達統一67購03,0,0,0,---,---,---, ---,,,0.47,10,0.48,10,
711204,順達統一6C購01,0,0,0,---,---,---, ---,,,0.69,10,0.70,10,
711205,群聯統一65購03,0,0,0,---,---,---, ---,,,0.59,10,0.60,10,
711206,頎邦統一65購02,"5,000",1,"3,250",0.65,0.65,0.65,0.65,-,0.04,0.65,10,0.66,10,
711207,頎邦統一67購04,0,0,0,---,---,---, ---,,,0.62,10,0.63,10,
711208,頎邦統一68購01,0,0,0,---,---,---, ---,,,0.55,10,0.56,10,
711209,碩禾統一67購01,0,0,0,---,---,---, ---,,,0.51,10,0.52,10,
711210,精材統一65購03,0,0,0,---,---,---, ---,,,0.85,10,0.86,10,
711211,精材統一6C購02,0,0,0,---,---,---, ---,,,0.91,10,0.92,10,
711212,大樹永豐61購01,"126,000",4,"104,580",0.83,0.83,0.83,0.83,+,0.02,0.81,499,0.82,10,
711213,中美晶永豐61購03,"3,000",1,"7,440",2.48,2.48,2.48,2.48,-,0.07,2.30,499,2.31,10,
711214,宜鼎永豐67購01,0,0,0,---,---,---, ---,,,0.98,499,0.99,10,
711215,智通*永豐65購01,"11,000",4,"11,380",1.02,1.06,1.01,1.06,+,0.04,1.06,499,1.07,10,
711216,順達永豐61購02,0,0,0,---,---,---, ---,,,0.00,0,0.00,0,
711217,頎邦永豐65購01,"60,000",4,"58,300",0.97,0.99,0.95,0.97,-,0.03,0.93,10,0.94,10,
711218,精材永豐61購03,"28,000",4,"28,850",0.95,1.06,0.95,0.95,-,0.17,0.99,499,1.01,10,
711219,精材永豐61購04,"27,000",5,"44,750",2.05,2.05,1.58,1.73,-,0.32,1.62,499,1.63,10,
711220,精材永豐64購02,"10,000",2,"12,550",1.29,1.29,1.22,1.22,-,0.07,1.24,499,1.26,10,
711221,營邦永豐64購01,0,0,0,---,---,---, ---,,,0.83,499,0.84,10,
711222,廣積國泰62購01,"24,000",5,"66,040",2.69,2.81,2.64,2.64,-,0.04,2.63,499,2.64,98,
711223,營邦國泰62購01,0,0,0,---,---,---, ---,,,1.84,499,1.85,100,
711224,久元富邦63購02,0,0,0,---,---,---, ---,,,0.72,10,0.73,28,
711225,元太富邦63購01,0,0,0,---,---,---, ---,,,0.61,10,0.62,28,
711226,元太富邦63購02,0,0,0,---,---,---, ---,,,0.59,10,0.60,28,
711227,立敦富邦63購01,0,0,0,---,---,---, ---,,,0.79,10,0.80,28,
711228,宜特富邦63購01,"5,000",1,"3,700",0.74,0.74,0.74,0.74,-,0.05,0.72,10,0.73,28,
711229,智通*富邦64購02,"42,000",6,"36,640",0.84,0.88,0.84,0.88,-,0.03,0.88,10,0.89,28,
711230,順達富邦63購01,"40,000",2,"23,200",0.58,0.58,0.58,0.58,-,0.02,0.57,10,0.58,28,
711231,鈊象富邦63購02,0,0,0,---,---,---, ---,,,0.68,10,0.69,28,
711232,中美晶台新61購04,0,0,0,---,---,---, ---,,,1.47,25,1.48,10,
711233,宜鼎台新63購01,0,0,0,---,---,---, ---,,,1.21,25,1.22,10,
711234,宜鼎台新64購01,0,0,0,---,---,---, ---,,,1.61,25,1.62,10,
711235,千附群益61購03,0,0,0,---,---,---, ---,,,2.07,10,2.17,10,
711236,陽程群益63購01,0,0,0,---,---,---, ---,,,1.14,25,1.15,10,
711237,順達群益61購02,0,0,0,---,---,---, ---,,,0.00,0,0.00,0,
711238,璟德群益61購01,0,0,0,---,---,---, ---,,,1.17,25,1.21,10,
711239,千附凱基61購01,0,0,0,---,---,---, ---,,,1.79,100,1.89,10,
711240,中美晶凱基61購07,"1,000",1,"1,800",1.80,1.80,1.80,1.80,+,0.05,1.63,100,1.68,10,
711241,宜鼎凱基64購01,"2,000",1,"2,000",1.00,1.00,1.00,1.00,-,0.29,0.87,100,0.88,10,
711242,青雲凱基61購01,"490,000",9,"681,200",1.31,1.42,1.29,1.41,+,0.14,1.40,100,1.41,10,
711243,威剛凱基61購04,0,0,0,---,---,---, ---,,,1.59,100,1.60,10,
711244,智通*凱基61購02,"260,000",5,"424,060",1.60,1.73,1.60,1.73,+,0.32,1.72,100,1.77,10,
711245,順達凱基61購04,0,0,0,---,---,---, ---,,,0.94,10,1.04,10,
711246,新漢凱基61購01,0,0,0,---,---,---, ---,,,0.92,10,1.02,10,
711247,營邦凱基61購02,0,0,0,---,---,---, ---,,,1.15,100,1.16,10,
711248,雙鴻凱基61購06,0,0,0,---,---,---, ---,,,1.80,100,1.81,10,
711249,M31國票61購01,0,0,0,---,---,---, ---,,,1.34,25,1.38,10,
711250,千附國票61購03,0,0,0,---,---,---, ---,,,1.32,25,1.33,10,
711251,中美晶國票65購02,"2,000",1,"3,400",1.70,1.70,1.70,1.70,+,0.16,1.58,25,1.59,10,
711252,巨有國票61購01,0,0,0,---,---,---, ---,,,1.19,25,1.20,10,
711253,倉和國票66購01,0,0,0,---,---,---, ---,,,0.90,25,0.91,10,
711254,博智國票61購01,0,0,0,---,---,---, ---,,,1.26,25,1.27,10,
711255,晶呈國票65購01,0,0,0,---,---,---, ---,,,0.84,25,0.85,10,
711256,千附元大61購01,0,0,0,---,---,---, ---,,,1.74,400,1.75,10,
711257,中光電元大61購08,"20,000",2,"12,000",0.60,0.60,0.60,0.60,-,0.21,0.59,499,0.60,10,
711258,中光電元大61購09,"820,000",4,"598,600",0.73,0.73,0.73,0.73,-,0.11,0.62,499,0.63,10,
711259,中光電元大63購01,"2,000",1,"1,200",0.60,0.60,0.60,0.60,-,0.19,0.57,499,0.58,10,
711260,立敦元大61購02,0,0,0,---,---,---, ---,,,0.72,499,0.73,10,
711261,宜鼎元大63購03,0,0,0,---,---,---, ---,,,1.10,499,1.11,10,
711262,朋程元大61購02,"250,000",1,"267,500",1.07,1.07,1.07,1.07,-,0.09,1.01,499,1.03,10,
711263,家登元大61購04,"735,000",5,"897,480",1.13,1.35,1.13,1.35,-,0.06,1.24,499,1.25,10,
711264,家登元大61購05,0,0,0,---,---,---, ---,,,1.46,450,1.48,10,
711265,凱崴元大61購01,0,0,0,---,---,---, ---,,,1.59,499,1.60,10,
711266,群聯元大61購16,"2,116,000",19,"2,944,810",1.39,1.40,1.39,1.39,-,0.23,1.38,450,1.40,10,
711267,臺慶科元大61購04,0,0,0,---,---,---, ---,,,1.43,450,1.44,10,
711268,營邦元大61購02,0,0,0,---,---,---, ---,,,1.25,499,1.26,10,
711269,中美晶國泰62購01,0,0,0,---,---,---, ---,,,2.75,499,2.76,100,
711270,世界富邦61購03,"20,000",2,"16,330",0.82,0.82,0.81,0.81,+,0.07,0.77,10,0.78,10,
711271,博智富邦63購01,0,0,0,---,---,---, ---,,,0.61,10,0.62,10,
711272,富喬富邦61購02,0,0,0,---,---,---, ---,,,0.55,10,0.56,10,
711273,千附精永豐64購01,0,0,0,---,---,---, ---,,,0.84,3,1.42,10,
711274,大中永豐61購01,0,0,0,---,---,---, ---,,,1.20,499,1.21,10,
711275,世界永豐61購02,0,0,0,---,---,---, ---,,,1.20,499,1.23,10,
711276,家登永豐61購03,0,0,0,---,---,---, ---,,,1.07,499,1.08,10,
711277,璟德永豐67購01,0,0,0,---,---,---, ---,,,1.03,499,1.04,10,
711278,九暘統一67購01,0,0,0,---,---,---, ---,,,0.57,10,0.58,10,
711279,千附統一6C購01,"14,000",2,"9,720",0.70,0.70,0.68,0.68,-,0.04,0.63,10,0.64,10,
711280,中光電統一65購02,0,0,0,---,---,---, ---,,,0.57,10,0.58,10,
711281,安勤統一67購02,"2,000",1,"1,400",0.70,0.70,0.70,0.70,+,0.03,0.65,70,0.66,10,
711282,青雲統一67購01,0,0,0,---,---,---, ---,,,1.01,10,1.02,10,
711283,倉和統一6C購01,0,0,0,---,---,---, ---,,,0.68,10,0.69,10,
711284,神準統一67購02,0,0,0,---,---,---, ---,,,0.60,10,0.61,10,
711285,翔名統一67購01,0,0,0,---,---,---, ---,,,0.64,10,0.65,10,
711286,順達統一65購04,"10,000",1,"6,700",0.67,0.67,0.67,0.67,-,0.0,0.63,10,0.64,10,
72124U,宏捷科群益58售01,0,0,0,---,---,---, ---,,,0.08,499,0.18,10,
722353,先進光統一57購01,0,0,0,---,---,---, ---,,,0.00,0,0.00,0,
722354,系統電統一57購01,0,0,0,---,---,---, ---,,,0.12,10,0.22,10,
722429,雷科統一57購01,0,0,0,---,---,---, ---,,,0.00,0,1.64,1,
722527,晟德統一57購01,0,0,0,---,---,---, ---,,,0.00,0,0.01,10,
722572,晟德統一58購01,0,0,0,---,---,---, ---,,,0.01,10,0.11,10,
722675,先進光統一58購01,0,0,0,---,---,---, ---,,,0.00,0,0.10,10,
722722,新復興統一58購01,0,0,0,---,---,---, ---,,,0.00,0,0.06,5,
722723,新復興統一58購02,0,0,0,---,---,---, ---,,,0.00,0,0.40,70,
722726,精材統一58購01,"1,425,000",27,"611,990",0.45,0.45,0.30,0.34,-,0.08,0.33,10,0.44,94,
722728,廣運統一58購01,"1,000",1,230,0.23,0.23,0.23,0.23,+,0.07,0.00,0,0.16,90,
722731,雙鴻統一58購01,0,0,0,---,---,---, ---,,,0.10,10,0.11,10,
722865,宏捷科統一58購01,0,0,0,---,---,---, ---,,,0.04,10,0.05,10,
722880,廣運統一58購02,0,0,0,---,---,---, ---,,,0.00,0,0.00,0,
722881,廣運統一58購03,0,0,0,---,---,---, ---,,,0.00,0,0.00,0,
722884,雙鴻統一58購02,0,0,0,---,---,---, ---,,,0.00,0,0.45,9,
722944,安國統一58購01,0,0,0,---,---,---, ---,,,0.00,0,0.00,0,
723132,旺矽統一58購01,0,0,0,---,---,---, ---,,,0.00,0,12.60,3,
723195,昱展統一58購01,0,0,0,---,---,---, ---,,,0.00,0,0.00,0,
72325U,環球晶國票57售02,0,0,0,---,---,---, ---,,,0.00,0,0.01,36,
723287,巨有統一58購01,0,0,0,---,---,---, ---,,,0.00,0,0.30,28,
723288,巨有統一58購02,0,0,0,---,---,---, ---,,,0.03,10,0.13,10,
723289,巨有統一58購03,0,0,0,---,---,---, ---,,,0.01,10,0.11,10,
72328U,環球晶群益59售01,0,0,0,---,---,---, ---,,,0.01,2,0.00,0,
723290,波若威統一58購01,0,0,0,---,---,---, ---,,,6.10,10,0.00,0,
723292,神盾統一58購01,"1,000",1,600,0.60,0.60,0.60,0.60,+,0.05,0.00,0,0.50,20,
723411,巨有統一58購04,"30,000",1,300,0.01,0.01,0.01,0.01,-,0.01,0.01,10,0.02,10,
723422,先進光元富58購01,0,0,0,---,---,---, ---,,,0.17,54,0.54,10,
723425,雙鴻元富58購01,0,0,0,---,---,---, ---,,,0.00,0,0.00,0,
723454,原相統一58購01,0,0,0,---,---,---, ---,,,0.03,10,0.13,10,
723457,翔名統一58購01,"59,000",2,"55,450",0.92,0.95,0.92,0.95,+,0.06,0.90,10,1.00,10,
72348U,良維群益59售01,0,0,0,---,---,---, ---,,,0.03,10,0.10,10,
723511,旺矽統一58購02,0,0,0,---,---,---, ---,,,10.20,10,10.30,10,
723516,翔名統一58購02,0,0,0,---,---,---, ---,,,0.77,10,0.78,10,
723681,雷科元富58購01,"16,000",9,"38,090",2.38,2.78,2.30,2.30,-,0.04,2.30,1,2.76,3,
72375U,大宇資群益58售01,0,0,0,---,---,---, ---,,,0.36,499,0.00,0,
723779,宏捷科元富59購01,0,0,0,---,---,---, ---,,,0.21,25,0.31,10,
72377U,旺矽群益58售01,"5,000",5,50,0.01,0.01,0.01,0.01,-,0.0,0.00,0,0.02,274,
723780,廣運元富59購01,0,0,0,---,---,---, ---,,,0.02,5,0.03,359,
72378U,原相群益58售01,0,0,0,---,---,---, ---,,,0.01,499,0.00,0,
72379U,振曜群益58售01,0,0,0,---,---,---, ---,,,0.07,499,0.00,0,
72382U,鴻呈群益58售01,0,0,0,---,---,---, ---,,,0.09,499,0.00,0,
72383U,雙鴻群益58售01,0,0,0,---,---,---, ---,,,0.00,0,0.40,11,
72386U,雙鴻中信58售01,0,0,0,---,---,---, ---,,,0.07,10,0.17,10,
72400U,博智群益5A售02,0,0,0,---,---,---, ---,,,0.22,10,0.32,10,
724017,家登統一59購01,0,0,0,---,---,---, ---,,,0.05,10,0.14,10,
724019,湧德統一59購01,0,0,0,---,---,---, ---,,,0.18,10,0.19,10,
724023,新復興統一59購01,0,0,0,---,---,---, ---,,,0.00,0,0.00,0,
724061,波若威統一59購01,0,0,0,---,---,---, ---,,,0.00,0,0.00,0,
724062,波若威統一59購02,0,0,0,---,---,---, ---,,,0.00,0,0.00,0,
724063,波若威統一59購03,0,0,0,---,---,---, ---,,,0.00,0,8.35,5,
724064,振曜統一59購01,0,0,0,---,---,---, ---,,,0.01,10,0.10,40,
724128,能率統一59購01,"1,000",1,310,0.31,0.31,0.31,0.31,-,0.0,0.30,10,0.31,10,
724130,擎亞統一59購01,0,0,0,---,---,---, ---,,,0.00,0,0.00,0,
72414U,振曜群益5A售01,"60,000",1,"129,000",2.15,2.15,2.15,2.15,-,0.13,0.92,1,0.00,0,
724240,力致統一59購01,0,0,0,---,---,---, ---,,,0.00,0,0.16,50,
724241,力致統一59購02,0,0,0,---,---,---, ---,,,0.00,0,0.00,0,
724242,前鼎統一59購01,0,0,0,---,---,---, ---,,,0.29,10,0.39,10,
724243,華星光統一59購01,0,0,0,---,---,---, ---,,,0.00,0,0.00,0,
724244,華星光統一59購02,0,0,0,---,---,---, ---,,,0.00,0,0.00,0,
724372,正基統一59購01,0,0,0,---,---,---, ---,,,0.00,0,0.00,0,
724374,聰泰統一59購01,0,0,0,---,---,---, ---,,,0.04,10,0.13,10,
724431,原相統一59購01,0,0,0,---,---,---, ---,,,0.04,10,0.14,10,
724436,波若威元富59購01,0,0,0,---,---,---, ---,,,8.10,25,8.60,10,
724478,千附精統一59購01,"1,000",1,710,0.71,0.71,0.71,0.71,-,0.1,0.00,0,0.70,10,
724481,正基統一59購02,"1,000",1,850,0.85,0.85,0.85,0.85,-,0.0,0.00,0,0.85,149,
724668,昇達科統一59購01,0,0,0,---,---,---, ---,,,0.00,0,9.60,10,
724669,昇達科統一59購02,0,0,0,---,---,---, ---,,,3.23,4,0.00,0,
724670,神盾統一59購01,0,0,0,---,---,---, ---,,,0.00,0,0.18,102,
724756,晶宏統一57購01,0,0,0,---,---,---, ---,,,0.00,0,0.05,99,
72479U,擎亞群益5B售01,0,0,0,---,---,---, ---,,,0.00,0,0.35,20,
72485U,信驊群益5B售01,"91,000",13,910,0.01,0.01,0.01,0.01,-,0.01,0.01,413,0.02,633,
724979,鈊象統一5A購01,0,0,0,---,---,---, ---,,,0.04,10,0.10,58,
72501U,雙鴻中信5B售02,0,0,0,---,---,---, ---,,,0.87,10,0.97,10,
725048,原相統一5A購01,0,0,0,---,---,---, ---,,,0.02,10,0.12,10,
72523U,新應材群益5B售01,0,0,0,---,---,---, ---,,,0.00,0,0.00,0,
72526U,建榮國票57售02,0,0,0,---,---,---, ---,,,0.00,0,0.00,0,
72535U,信驊國票58售01,0,0,0,---,---,---, ---,,,0.00,0,0.01,754,
72543U,威剛凱基57售03,0,0,0,---,---,---, ---,,,0.00,0,0.01,23,
725632,訊聯統一58購01,0,0,0,---,---,---, ---,,,0.04,10,0.10,10,
72566U,精測國泰58售01,0,0,0,---,---,---, ---,,,0.00,0,0.00,0,
72572U,精測群益62售01,0,0,0,---,---,---, ---,,,0.15,499,0.25,10,
725744,新復興統一5A購01,0,0,0,---,---,---, ---,,,0.06,100,0.10,10,
72577U,力旺國票58售02,0,0,0,---,---,---, ---,,,0.01,25,0.00,0,
72579U,力旺群益58售01,0,0,0,---,---,---, ---,,,0.00,0,0.00,0,
72580U,精測群益58售02,0,0,0,---,---,---, ---,,,0.00,0,0.01,50,
72587U,華電網國票5A售01,0,0,0,---,---,---, ---,,,0.56,25,0.57,10,
725881,鈊象元富5A購01,"11,000",2,300,0.02,0.10,0.02,0.10,-,0.0,0.02,25,0.10,50,
72597U,昇達科群益58售02,0,0,0,---,---,---, ---,,,0.00,0,0.01,5,
72600U,昇達科國票59售01,"204,000",4,"2,560",0.01,0.03,0.01,0.02,-,0.01,0.01,476,0.02,20,
72602U,宏捷科凱基58售01,"12,000",2,"1,800",0.15,0.15,0.15,0.15,+,0.03,0.15,10,0.16,10,
726037,元債20元富5A購01,0,0,0,---,---,---, ---,,,0.20,25,0.21,10,
726070,元債20元富5A購02,0,0,0,---,---,---, ---,,,0.12,25,0.13,10,
72609U,富喬國票58售02,0,0,0,---,---,---, ---,,,0.23,25,0.24,10,
72610U,富喬國票5C售02,"13,000",2,"9,720",0.74,0.75,0.74,0.75,+,0.04,0.74,25,0.75,10,
726119,華星光統一5B購01,0,0,0,---,---,---, ---,,,0.00,0,0.00,0,
72614U,富喬中信5C售02,0,0,0,---,---,---, ---,,,0.16,10,0.24,5,
726194,元債20元富5B購01,0,0,0,---,---,---, ---,,,0.46,25,0.47,10,
72622U,精測群益62售02,"10,000",1,"3,400",0.34,0.34,0.34,0.34,+,0.03,0.35,499,0.45,10,
72629U,櫃200群益5B售02,"742,000",2,"103,880",0.14,0.14,0.14,0.14,+,0.01,0.15,499,0.17,499,
72631U,巨漢國票57售01,0,0,0,---,---,---, ---,,,0.00,0,0.00,0,
72632U,凱崴國票57售03,0,0,0,---,---,---, ---,,,0.00,0,0.04,24,
72633U,群翊國票57售02,0,0,0,---,---,---, ---,,,0.00,0,0.00,0,
72637U,力旺群益58售03,0,0,0,---,---,---, ---,,,0.02,499,0.10,50,
72638U,譜瑞群益5C售01,0,0,0,---,---,---, ---,,,0.58,100,0.60,100,
72641U,新應材國泰57售03,0,0,0,---,---,---, ---,,,0.00,0,0.00,0,
72645U,雙鴻群益57售03,0,0,0,---,---,---, ---,,,0.03,499,0.00,0,
72650U,雙鴻群益59售01,0,0,0,---,---,---, ---,,,0.00,0,0.00,0,
72651U,穩懋群益58售01,0,0,0,---,---,---, ---,,,0.01,2,0.29,40,
72653U,雙鴻凱基57售04,0,0,0,---,---,---, ---,,,0.13,10,0.23,10,
72661U,信驊國票58售04,0,0,0,---,---,---, ---,,,0.00,0,0.00,0,
72662U,信驊群益59售01,0,0,0,---,---,---, ---,,,0.00,0,0.00,0,
72665U,信驊永豐59售01,0,0,0,---,---,---, ---,,,0.00,0,0.03,1,
72667U,富喬凱基59售01,"50,000",1,"34,000",0.68,0.68,0.68,0.68,+,0.04,0.68,10,0.69,30,
72669U,威剛國票58售03,0,0,0,---,---,---, ---,,,0.00,0,0.01,41,
72671U,東捷群益59售02,0,0,0,---,---,---, ---,,,0.00,0,0.00,0,
72674U,信驊永豐58售01,0,0,0,---,---,---, ---,,,0.00,0,0.01,280,
72675U,東捷凱基59售01,0,0,0,---,---,---, ---,,,0.00,0,0.10,10,
72680U,點序國票58售02,0,0,0,---,---,---, ---,,,1.45,25,1.52,10,
72682U,弘塑國票58售03,0,0,0,---,---,---, ---,,,0.00,0,0.60,10,
72688U,信驊凱基58售03,0,0,0,---,---,---, ---,,,0.00,0,0.05,29,
72690U,信驊群益59售02,0,0,0,---,---,---, ---,,,0.00,0,0.07,5,
72691U,信驊群益5B售03,0,0,0,---,---,---, ---,,,0.02,499,0.05,200,
726924,金麗科統一5B購01,0,0,0,---,---,---, ---,,,0.16,10,0.17,10,
726925,金麗科統一5B購02,0,0,0,---,---,---, ---,,,0.17,10,0.18,10,
726926,金麗科統一5B購03,0,0,0,---,---,---, ---,,,0.15,10,0.24,10,
726927,金麗科統一5B購04,0,0,0,---,---,---, ---,,,0.20,2,0.30,6,
72692U,信驊群益61售02,"99,000",12,"9,160",0.09,0.10,0.09,0.09,-,0.02,0.09,26,0.10,39,
72693U,穩懋群益59售02,"43,000",3,"6,060",0.14,0.15,0.14,0.15,+,0.04,0.04,25,0.00,0,
72697U,穩懋凱基59售04,"100,000",1,"7,000",0.07,0.07,0.07,0.07,-,0.02,0.07,100,0.10,32,
72698U,佳邦群益57售02,0,0,0,---,---,---, ---,,,0.01,499,0.00,0,
72699U,穩懋元大57售11,0,0,0,---,---,---, ---,,,0.00,0,0.02,299,
72700U,博智凱基59售03,0,0,0,---,---,---, ---,,,0.01,10,0.11,10,
72701U,旺矽群益57售05,0,0,0,---,---,---, ---,,,0.00,0,0.01,67,
72702U,良維凱基57售06,0,0,0,---,---,---, ---,,,0.00,0,0.10,10,
72703U,家登凱基57售03,0,0,0,---,---,---, ---,,,0.00,0,0.10,10,
72704U,點序群益61售01,"20,000",1,"47,600",2.38,2.38,2.38,2.38,+,0.15,2.35,10,2.45,10,
72705U,力旺凱基57售05,0,0,0,---,---,---, ---,,,0.00,0,0.01,32,
72706U,精測元大57售02,0,0,0,---,---,---, ---,,,0.00,0,0.00,0,
72707U,精測國票58售02,"2,000",1,360,0.18,0.18,0.18,0.18,+,0.03,0.19,25,0.20,10,
72708U,精測凱基57售04,0,0,0,---,---,---, ---,,,0.00,0,0.03,10,
727095,高鋒統一5A購01,0,0,0,---,---,---, ---,,,0.01,10,0.11,10,
72709U,力旺群益57售03,0,0,0,---,---,---, ---,,,0.00,0,0.00,0,
72710U,家登群益57售06,0,0,0,---,---,---, ---,,,0.00,0,0.00,0,
72711U,中光電凱基57售04,0,0,0,---,---,---, ---,,,0.22,10,0.32,10,
72712U,中光電群益57售02,0,0,0,---,---,---, ---,,,0.02,499,0.10,22,
72713U,世界群益5B售01,0,0,0,---,---,---, ---,,,0.06,998,0.00,0,
72714U,世界元大58售04,0,0,0,---,---,---, ---,,,0.00,0,0.00,0,
72715U,點序群益58售01,0,0,0,---,---,---, ---,,,2.48,10,0.00,0,
72716U,宜鼎凱基58售06,0,0,0,---,---,---, ---,,,0.00,0,0.10,18,
72717U,信驊凱基58售04,0,0,0,---,---,---, ---,,,0.00,0,0.02,163,
72718U,信驊凱基59售01,0,0,0,---,---,---, ---,,,0.02,100,0.08,50,
72719U,信驊元大58售02,0,0,0,---,---,---, ---,,,0.00,0,0.13,1100,
72720U,信驊元大58售03,0,0,0,---,---,---, ---,,,0.00,0,0.01,192,
72721U,信驊國票59售01,"9,000",8,"28,080",9.00,9.00,1.44,1.44,-,5.56,0.00,0,1.44,6,
72722U,信驊國票59售02,0,0,0,---,---,---, ---,,,0.00,0,0.02,30,
72723U,信驊國票59售03,0,0,0,---,---,---, ---,,,0.01,25,0.05,10,
72724U,信驊國票5B售01,"2,010,000",57,"120,900",0.06,0.07,0.06,0.06,-,0.02,0.06,25,0.07,1079,
72725U,萬潤國票59售01,0,0,0,---,---,---, ---,,,0.00,0,0.02,755,
72726U,擎亞國票59售01,0,0,0,---,---,---, ---,,,0.02,25,0.12,10,
72727U,萬潤凱基59售02,0,0,0,---,---,---, ---,,,0.01,3,0.08,25,
72729U,精材國票59售01,0,0,0,---,---,---, ---,,,0.00,0,0.12,1,
72730U,穩懋國票59售01,"1,000",1,50,0.05,0.05,0.05,0.05,+,0.01,0.02,125,0.05,105,
72731U,精材凱基59售01,0,0,0,---,---,---, ---,,,0.00,0,0.10,10,
72732U,印能國票59售02,0,0,0,---,---,---, ---,,,0.00,0,0.08,100,
72733U,中探針群益62售01,"480,000",7,"46,000",0.10,0.10,0.09,0.10,+,0.01,0.09,110,0.10,76,
72734U,萬潤群益58售02,0,0,0,---,---,---, ---,,,0.00,0,0.00,0,
72735U,世界群益5A售01,"20,000",1,"8,000",0.40,0.40,0.40,0.40,-,0.05,0.01,499,0.00,0,
72736U,精材群益5A售04,0,0,0,---,---,---, ---,,,0.01,10,0.11,10,
72737U,雙鴻群益5A售04,0,0,0,---,---,---, ---,,,1.46,6,0.00,0,
72738U,世界國票59售03,0,0,0,---,---,---, ---,,,0.01,25,0.05,10,
72740U,精測國票59售01,"16,000",3,"15,980",0.98,1.01,0.98,0.98,+,0.11,0.98,25,1.00,10,
72741U,精測國票59售02,"32,000",5,"41,930",1.33,1.34,1.29,1.34,+,0.19,1.32,25,1.34,10,
72742U,精測國票59售03,"1,000",1,"1,450",1.45,1.45,1.45,1.45,+,0.11,1.40,25,1.47,10,
72743U,精測國票59售04,0,0,0,---,---,---, ---,,,1.01,25,1.11,10,
72744U,雙鴻元大58售13,0,0,0,---,---,---, ---,,,0.48,25,0.58,10,
72745U,世界凱基58售04,0,0,0,---,---,---, ---,,,0.00,0,0.02,10,
72746U,新應材凱基58售07,0,0,0,---,---,---, ---,,,0.32,10,0.33,10,
72747U,閎康群益5A售02,0,0,0,---,---,---, ---,,,0.00,0,0.00,0,
72748U,精測群益5A售02,"2,000",2,"3,190",1.59,1.60,1.59,1.60,+,0.02,1.09,9,0.00,0,
72749U,精測群益62售04,"72,000",4,"91,050",1.27,1.28,1.25,1.25,+,0.05,1.28,4,1.30,1,
72750U,均華凱基58售03,0,0,0,---,---,---, ---,,,0.00,0,0.04,25,
72751U,雙鴻凱基58售03,0,0,0,---,---,---, ---,,,0.03,43,0.07,20,
72752U,台燿元富58售01,0,0,0,---,---,---, ---,,,0.00,0,0.00,0,
72753U,茂迪國票59售03,0,0,0,---,---,---, ---,,,0.13,25,0.14,10,
72754U,博智群益62售02,0,0,0,---,---,---, ---,,,0.27,10,0.37,10,
72755U,新應材群益58售04,0,0,0,---,---,---, ---,,,0.00,0,0.00,0,
72756U,博智凱基58售04,0,0,0,---,---,---, ---,,,0.01,10,0.10,5,
72757U,力旺凱基58售03,0,0,0,---,---,---, ---,,,0.06,100,0.14,12,
72758U,力旺凱基58售04,0,0,0,---,---,---, ---,,,0.03,100,0.13,10,
72759U,茂迪凱基59售01,0,0,0,---,---,---, ---,,,0.39,10,0.40,10,
72760U,力旺元富58售03,0,0,0,---,---,---, ---,,,0.12,25,0.13,10,
72761U,新應材元富58售04,0,0,0,---,---,---, ---,,,0.51,25,0.52,10,
72762U,力旺國票58售04,0,0,0,---,---,---, ---,,,0.01,25,0.07,10,
72763U,譜瑞國票59售02,0,0,0,---,---,---, ---,,,0.17,25,0.18,10,
72764U,力旺群益58售04,0,0,0,---,---,---, ---,,,0.01,10,0.11,10,
72765U,譜瑞凱基58售02,0,0,0,---,---,---, ---,,,0.19,100,0.20,10,
72766U,富喬群益5A售02,0,0,0,---,---,---, ---,,,0.69,10,0.79,10,
72767U,富喬永豐58售03,0,0,0,---,---,---, ---,,,0.57,499,0.67,10,
72768U,鑫聯國票59售04,0,0,0,---,---,---, ---,,,0.22,25,0.23,10,
72769U,穩懋元富58售03,0,0,0,---,---,---, ---,,,0.18,25,0.19,10,
72770U,信驊凱基59售02,"1,000",1,50,0.05,0.05,0.05,0.05,+,0.01,0.03,540,0.05,299,
72771U,信驊國票59售05,"106,000",3,"4,440",0.05,0.05,0.04,0.04,-,0.01,0.03,465,0.05,110,
72772U,穩懋群益63售01,"158,000",10,"71,660",0.45,0.50,0.44,0.47,+,0.05,0.44,23,0.50,5,
72773U,信驊元大59售01,0,0,0,---,---,---, ---,,,0.00,0,0.03,1,
72774U,信驊永豐5A售01,0,0,0,---,---,---, ---,,,0.07,10,0.11,10,
72775U,信驊元富59售02,0,0,0,---,---,---, ---,,,0.04,30,0.10,10,
72776U,信驊元富59售03,0,0,0,---,---,---, ---,,,0.02,25,0.10,10,
72777U,環球晶凱基59售07,0,0,0,---,---,---, ---,,,0.01,2,0.10,10,
72778U,穩懋凱基59售12,"1,005,000",10,"210,030",0.19,0.22,0.19,0.20,+,0.03,0.21,125,0.22,50,
72779U,穩懋元大59售08,0,0,0,---,---,---, ---,,,0.58,25,0.68,10,
72780U,旺矽凱基59售02,0,0,0,---,---,---, ---,,,0.00,0,0.01,599,
72781U,系統電國票5A售01,"22,000",2,"20,160",0.92,0.92,0.88,0.88,+,0.02,0.87,25,0.88,10,
72782U,環球晶群益62售01,0,0,0,---,---,---, ---,,,0.10,110,0.28,1,
72783U,旺矽群益59售04,0,0,0,---,---,---, ---,,,0.00,0,0.10,10,
72784U,新復興國票59售02,0,0,0,---,---,---, ---,,,2.02,25,2.12,10,
72785U,旺矽富邦5A售02,0,0,0,---,---,---, ---,,,0.00,0,0.05,499,
72786U,宜特群益59售01,0,0,0,---,---,---, ---,,,0.06,11,0.00,0,
72787U,神盾群益59售01,0,0,0,---,---,---, ---,,,0.22,25,0.24,10,
72788U,能率群益59售02,"20,000",1,"3,000",0.15,0.15,0.15,0.15,-,0.01,0.15,25,0.17,10,
72789U,能率群益59售03,0,0,0,---,---,---, ---,,,0.71,25,0.73,10,
72790U,閎康群益63售01,0,0,0,---,---,---, ---,,,0.07,10,0.00,0,
72791U,榮剛群益63售01,0,0,0,---,---,---, ---,,,1.70,25,1.73,10,
72792U,台特化凱基59售04,0,0,0,---,---,---, ---,,,1.40,10,1.42,10,
72793U,宜特凱基59售01,0,0,0,---,---,---, ---,,,0.15,10,0.16,50,
72794U,雙鴻凱基5A售02,"16,000",2,"28,040",1.74,1.76,1.74,1.76,-,0.02,1.75,100,1.76,30,
72795U,神盾群益61售01,0,0,0,---,---,---, ---,,,0.67,25,0.68,10,
72796U,雙鴻群益59售04,0,0,0,---,---,---, ---,,,0.88,499,0.98,10,
72797U,台特化國票5A售02,"39,000",2,"35,490",0.91,0.91,0.91,0.91,+,0.05,0.88,25,0.90,10,
72798U,宏觀國票5A售01,"10,000",1,"5,300",0.53,0.53,0.53,0.53,+,0.03,0.52,25,0.53,10,
72799U,雙鴻國票5A售01,"140,000",4,"73,050",0.51,0.53,0.51,0.52,-,0.04,0.51,25,0.52,10,
728003,金麗科統一5C購01,0,0,0,---,---,---, ---,,,0.09,10,0.18,5,
72800U,信驊永豐5B售01,0,0,0,---,---,---, ---,,,0.21,10,0.25,10,
72801U,世界元富59售02,0,0,0,---,---,---, ---,,,0.06,25,0.10,10,
72802U,雙鴻元大59售10,"5,000",1,"4,250",0.85,0.85,0.85,0.85,-,0.0,0.81,25,0.82,10,
72803U,世界群益59售02,0,0,0,---,---,---, ---,,,0.00,0,0.00,0,
72804U,旺矽群益59售07,0,0,0,---,---,---, ---,,,0.01,499,0.10,1,
72805U,雙鴻群益59售07,"130,000",2,"105,610",0.81,0.82,0.81,0.82,-,0.03,0.34,10,0.00,0,
72806U,雙鴻凱基59售12,0,0,0,---,---,---, ---,,,0.95,10,0.96,30,
72807U,新應材國泰5A售01,0,0,0,---,---,---, ---,,,1.59,499,1.65,10,
728086,能率統一58購01,0,0,0,---,---,---, ---,,,0.12,10,0.21,10,
72808U,新應材國票5A售03,"20,000",3,"28,800",1.44,1.44,1.44,1.44,+,0.02,1.43,25,1.44,10,
72809U,萬泰科國票5A售02,0,0,0,---,---,---, ---,,,0.02,25,0.05,13,
72810U,鑫聯國票5A售02,0,0,0,---,---,---, ---,,,0.43,25,0.44,10,
72811U,台燿中信59售03,0,0,0,---,---,---, ---,,,0.00,0,0.08,50,
72812U,茂迪國票5A售03,0,0,0,---,---,---, ---,,,0.97,25,0.99,10,
72813U,宜鼎群益5B售03,"32,000",4,"14,060",0.43,0.45,0.43,0.45,+,0.04,0.44,100,0.46,100,
72814U,精測群益5B售02,"77,000",5,"73,850",0.95,0.97,0.93,0.97,+,0.09,0.93,3,0.00,0,
72815U,精測元富59售09,"41,000",3,"74,230",1.80,1.83,1.80,1.82,+,0.2,1.83,25,1.85,10,
72816U,精測元富59售10,"2,000",1,"4,240",2.12,2.12,2.12,2.12,+,0.12,2.08,25,2.18,10,
72817U,雙鴻台新59售03,"20,000",2,"21,900",1.10,1.10,1.09,1.09,-,0.03,1.09,25,1.10,10,
72818U,信驊永豐5C售01,"10,000",1,"1,900",0.19,0.19,0.19,0.19,-,0.01,0.19,40,0.20,10,
72819U,鑫科國票59售02,0,0,0,---,---,---, ---,,,0.65,25,0.66,10,
72820U,鑫聯國票5A售03,0,0,0,---,---,---, ---,,,0.25,25,0.26,10,
72821U,信驊元大59售04,"110,000",2,"38,700",0.35,0.37,0.35,0.37,-,0.02,0.36,25,0.44,10,
72822U,信驊元大59售05,"8,000",2,"1,730",0.22,0.22,0.21,0.21,-,0.0,0.19,499,0.27,10,
72823U,弘塑凱基59售05,"10,000",1,200,0.02,0.02,0.02,0.02,-,0.03,0.02,340,0.04,20,
72824U,亞泰國票59售03,"30,000",3,"6,400",0.23,0.23,0.20,0.21,-,0.0,0.21,35,0.22,10,
72825U,頎邦元富59售03,0,0,0,---,---,---, ---,,,0.01,2,0.10,10,
728264,元債20永豐61購01,0,0,0,---,---,---, ---,,,0.15,10,0.22,10,
72826U,頎邦元富59售06,0,0,0,---,---,---, ---,,,0.01,100,0.04,38,
72827U,元太群益5B售02,0,0,0,---,---,---, ---,,,0.22,100,0.32,10,
72828U,台燿群益5B售01,0,0,0,---,---,---, ---,,,0.03,150,3.55,10,
72829U,宏捷科群益5C售01,"245,000",4,"188,650",0.77,0.77,0.77,0.77,+,0.07,0.46,21,0.00,0,
72830U,元太凱基5B售03,"4,000",2,"1,920",0.48,0.48,0.48,0.48,+,0.07,0.46,100,0.47,30,
72831U,台燿凱基59售05,0,0,0,---,---,---, ---,,,0.01,100,0.02,497,
72832U,閎康國票5A售04,0,0,0,---,---,---, ---,,,0.43,25,0.44,10,
72833U,台燿元富59售04,0,0,0,---,---,---, ---,,,0.01,125,0.05,20,
72834U,台燿中信59售08,"1,241,000",7,"13,010",0.01,0.02,0.01,0.01,-,0.0,0.01,10,0.02,7,
72835U,東捷群益59售03,0,0,0,---,---,---, ---,,,0.02,36,0.26,17,
72836U,東捷群益5B售01,"860,000",6,"429,400",0.50,0.52,0.49,0.50,+,0.03,0.31,32,0.00,0,
72837U,鈊象群益59售04,0,0,0,---,---,---, ---,,,0.56,10,0.66,10,
72838U,鈊象群益5B售02,0,0,0,---,---,---, ---,,,0.14,10,0.24,10,
72839U,台燿元大59售25,"70,000",5,"25,400",0.37,0.38,0.35,0.38,+,0.09,0.37,624,0.00,0,
72840U,世界群益5B售04,0,0,0,---,---,---, ---,,,0.02,37,0.00,0,
72841U,神盾群益5C售01,0,0,0,---,---,---, ---,,,0.80,25,0.81,10,
72842U,鈊象群益63售01,0,0,0,---,---,---, ---,,,1.30,10,1.40,10,
72843U,精材群益63售01,"34,000",4,"7,280",0.22,0.22,0.20,0.22,+,0.01,0.21,10,0.28,40,
72844U,雙鴻群益59售15,0,0,0,---,---,---, ---,,,0.16,62,0.00,0,
72845U,雙鴻凱基5A售04,"150,000",2,"123,000",0.82,0.82,0.82,0.82,-,0.01,0.81,10,0.82,30,
72846U,鈊象凱基5A售02,0,0,0,---,---,---, ---,,,0.45,10,0.46,30,
72847U,印能國票5A售04,"44,000",3,"15,040",0.41,0.41,0.32,0.32,-,0.19,0.32,25,0.33,10,
72848U,雙鴻群益5A售06,0,0,0,---,---,---, ---,,,0.01,499,0.00,0,
72849U,印能凱基5A售04,"1,240,000",16,"117,600",0.09,0.11,0.08,0.08,-,0.03,0.08,100,0.09,50,
72850U,印能國票5A售05,"88,000",6,"42,360",0.61,0.61,0.46,0.47,-,0.08,0.47,25,0.48,10,
728516,系微統一5C購01,"10,000",1,600,0.06,0.06,0.06,0.06,-,0.0,0.06,190,0.00,0,
72851U,矽科國票5B售02,"20,000",1,"4,400",0.22,0.22,0.22,0.22,-,0.03,0.22,25,0.23,10,
728520,金麗科統一5C購02,0,0,0,---,---,---, ---,,,0.14,10,0.15,10,
72852U,旺矽元大5A售03,"467,000",6,"304,650",0.64,0.66,0.64,0.65,+,0.03,0.65,41,0.00,0,
72853U,信驊元大5A售01,"380,000",65,"520,470",1.35,1.46,1.26,1.33,-,0.06,1.33,12,1.34,10,
72854U,信驊永豐61售01,"5,000",2,"1,600",0.32,0.32,0.32,0.32,-,0.01,0.31,5,0.32,10,
72855U,信驊富邦5C售02,"34,000",9,"47,070",1.41,1.41,1.34,1.38,-,0.0,1.36,10,1.38,28,
72856U,頎邦凱基5A售03,"98,000",6,"9,470",0.09,0.10,0.09,0.10,-,0.0,0.09,20,0.10,50,
72857U,雙鴻元大5A售06,"38,000",3,"46,360",1.22,1.22,1.22,1.22,-,0.0,1.19,25,1.20,10,
72858U,巨漢國票5A售02,"1,000",1,690,0.69,0.69,0.69,0.69,+,0.02,0.69,25,0.70,10,
72859U,弘塑國票5B售02,"41,000",10,"15,390",0.39,0.39,0.37,0.39,-,0.02,0.38,25,0.39,10,
72860U,弘塑元大5A售03,0,0,0,---,---,---, ---,,,0.86,499,0.96,10,
72861U,華電網凱基5A售01,0,0,0,---,---,---, ---,,,1.17,10,1.18,10,
72862U,群聯國票5B售02,"105,000",2,"32,550",0.31,0.31,0.31,0.31,+,0.05,0.31,25,0.32,15,
72863U,蜜望實國票5A售03,"10,000",1,"1,500",0.15,0.15,0.15,0.15,-,0.0,0.17,20,0.24,130,
72864U,群聯凱基5A售03,"64,000",4,"38,910",0.60,0.61,0.60,0.61,+,0.14,0.60,100,0.61,30,
72865U,信驊永豐5B售03,"15,000",1,"5,550",0.37,0.37,0.37,0.37,-,0.01,0.36,11,0.38,10,
72866U,旺矽凱基5A售06,"37,000",10,"25,900",0.74,0.74,0.62,0.62,+,0.02,0.59,100,0.68,100,
72867U,旺矽富邦61售01,"71,000",7,"46,980",0.74,0.74,0.64,0.68,+,0.05,0.66,100,0.68,3,
72868U,富喬群益5C售01,"11,000",2,"14,860",1.35,1.36,1.35,1.36,+,0.05,1.37,10,1.47,10,
72869U,立碁國票5B售03,0,0,0,---,---,---, ---,,,1.45,25,1.46,10,
72870U,群聯國票5B售06,0,0,0,---,---,---, ---,,,0.57,25,0.58,10,
72871U,群聯群益61售02,"163,000",9,"154,790",0.95,0.95,0.94,0.95,-,0.0,0.95,10,1.05,10,
72872U,聖暉*台新5B售01,"60,000",1,"28,200",0.47,0.47,0.47,0.47,-,0.01,0.46,25,0.47,10,
72873U,威剛國票5C售02,0,0,0,---,---,---, ---,,,1.14,25,1.15,10,
72874U,威剛群益5C售02,"300,000",5,"265,500",0.89,0.89,0.88,0.88,-,0.01,0.62,16,0.89,150,
72875U,威剛凱基5B售05,"25,000",1,"15,750",0.63,0.63,0.63,0.63,+,0.06,0.62,100,0.63,50,
728767,均豪統一59購01,0,0,0,---,---,---, ---,,,0.11,10,0.16,10,
728768,均豪統一59購02,0,0,0,---,---,---, ---,,,0.04,10,0.13,40,
72876U,合晶台新5B售05,"48,000",10,"29,530",0.30,0.88,0.30,0.35,+,0.05,0.35,34,1.00,1,
72877U,群聯台新5B售07,"2,000",2,"2,760",1.37,1.39,1.37,1.39,+,0.18,1.39,25,1.40,10,
72878U,群聯台新5B售08,"455,000",16,"905,210",1.98,2.01,1.97,2.01,+,0.14,1.99,25,2.00,10,
72879U,世界凱基5B售02,"25,000",3,"8,100",0.31,0.34,0.31,0.34,-,0.0,0.33,100,0.34,30,
72880U,良維國票5C售02,0,0,0,---,---,---, ---,,,0.93,25,0.94,10,
72881U,鈊象台新5B售03,0,0,0,---,---,---, ---,,,1.13,25,1.14,10,
72882U,環球晶台新5B售03,"631,000",42,"182,020",0.30,0.34,0.24,0.30,-,0.02,0.28,50,0.31,5,
72883U,環球晶國票5B售02,"67,000",17,"27,330",0.40,0.48,0.37,0.48,+,0.02,0.46,5,0.48,7,
72884U,鈊象群益61售01,0,0,0,---,---,---, ---,,,0.49,10,0.59,10,
72885U,中美晶群益5B售02,"1,665,000",19,"315,650",0.19,0.22,0.18,0.22,+,0.05,0.21,100,0.22,99,
72886U,群聯群益5B售06,"280,000",11,"403,470",1.45,1.46,1.43,1.46,+,0.11,1.44,10,1.54,10,
72887U,精材群益5B售05,"325,000",6,"31,250",0.09,0.10,0.09,0.10,-,0.0,0.09,310,0.11,130,
72888U,德微群益5B售02,0,0,0,---,---,---, ---,,,0.65,100,0.75,10,
72889U,新盛力群益5B售04,"10,000",4,"7,320",0.72,0.76,0.72,0.76,+,0.03,0.48,20,0.00,0,
72890U,廣穎群益5B售03,"70,000",2,"28,700",0.41,0.41,0.41,0.41,+,0.03,0.41,100,0.43,100,
72891U,世界台新5B售03,0,0,0,---,---,---, ---,,,1.23,25,1.24,10,
728920,元債20元富61購01,0,0,0,---,---,---, ---,,,1.69,25,1.79,10,
72892U,台特化台新5B售04,0,0,0,---,---,---, ---,,,3.25,25,3.28,10,
72893U,威剛中信64售01,"10,000",2,"7,500",0.75,0.75,0.75,0.75,+,0.02,0.74,10,0.75,10,
72894U,世界群益62售01,"3,000",3,"2,140",0.74,0.74,0.70,0.70,-,0.05,0.65,1,0.76,1,
72895U,台特化群益5B售01,0,0,0,---,---,---, ---,,,0.00,0,0.00,0,
728967,驊訊統一61購01,0,0,0,---,---,---, ---,,,0.07,10,0.16,10,
72896U,精材凱基5B售08,"293,000",38,"116,610",0.35,0.43,0.35,0.40,+,0.01,0.40,95,0.41,60,
72897U,精材群益5B售08,"250,000",2,"71,600",0.29,0.29,0.26,0.26,+,0.02,0.27,10,0.37,10,
72898U,雷科國票5B售03,"464,000",35,"174,280",0.39,0.45,0.36,0.44,+,0.04,0.43,25,0.44,24,
72899U,立敦台新5B售04,"21,000",8,"19,490",1.05,1.05,0.83,0.89,-,0.26,0.95,25,0.96,10,
72900U,德微國票5C售04,"10,000",1,"7,900",0.79,0.79,0.79,0.79,+,0.03,0.78,25,0.80,10,
72901U,德微國票5C售05,"13,000",2,"11,770",0.91,0.91,0.89,0.89,-,0.0,0.90,25,0.91,10,
72902U,擎亞國票5B售03,"60,000",5,"32,350",0.55,0.55,0.48,0.55,+,0.06,0.42,23,0.55,5,
72903U,群聯凱基5B售08,"40,000",5,"53,890",1.30,1.35,1.30,1.35,+,0.09,1.34,100,1.35,30,
72904U,欣銓台新5B售05,"20,000",10,"27,430",1.55,1.55,1.30,1.38,-,0.17,1.38,25,1.39,10,
72905U,臺慶科台新5B售05,"120,000",3,"164,500",1.32,1.43,1.32,1.43,+,0.1,1.42,25,0.00,0,
72906U,博智群益5B售04,0,0,0,---,---,---, ---,,,2.92,10,3.02,10,
72907U,群聯富邦61售05,"30,000",9,"24,430",0.82,0.82,0.81,0.82,+,0.03,0.81,10,0.82,28,
72908U,威剛群益65售01,"2,000",2,"4,730",2.37,2.37,2.36,2.36,+,0.06,1.87,5,0.00,0,
72909U,威剛凱基65售01,"4,000",1,"3,200",0.80,0.80,0.80,0.80,+,0.04,0.78,100,0.79,50,
72910U,精材台新5B售06,"666,000",35,"214,830",0.32,0.35,0.29,0.34,+,0.02,0.32,25,0.39,3,
72911U,威剛元大5B售16,"60,000",1,"66,000",1.10,1.10,1.10,1.10,+,0.03,1.08,499,1.09,200,
72912U,良維群益61售02,"110,000",2,"197,300",1.79,1.81,1.79,1.81,+,0.1,1.81,10,1.91,10,
72913U,威剛群益5B售04,0,0,0,---,---,---, ---,,,0.00,0,0.00,0,
72914U,威剛群益5B售05,0,0,0,---,---,---, ---,,,0.80,12,0.00,0,
72915U,威剛群益61售03,0,0,0,---,---,---, ---,,,1.33,7,0.00,0,
72916U,中美晶凱基5B售06,"825,000",61,"452,900",0.51,0.58,0.50,0.58,+,0.01,0.56,100,0.57,30,
729170,M31統一59購01,0,0,0,---,---,---, ---,,,0.05,100,0.00,0,
729171,M31統一61購01,0,0,0,---,---,---, ---,,,0.06,10,0.16,10,
729172,M31統一61購02,0,0,0,---,---,---, ---,,,0.09,10,0.19,10,
72917U,威剛凱基5B售09,0,0,0,---,---,---, ---,,,1.04,100,1.05,50,
729185,華星光統一59購03,0,0,0,---,---,---, ---,,,0.00,0,0.00,0,
729186,華星光統一61購01,"4,000",3,"8,080",2.02,2.02,2.02,2.02,-,0.28,2.02,1,2.40,6,
729187,華星光統一61購02,"40,000",9,"56,470",1.45,1.45,1.39,1.41,-,0.34,1.40,61,1.80,10,
72918U,威剛永豐61售03,0,0,0,---,---,---, ---,,,0.86,499,0.87,10,
72919U,順達台新5C售01,"50,000",10,"43,110",0.88,0.90,0.84,0.87,-,0.01,0.86,25,0.87,10,
72920U,佳邦群益5C售01,"20,000",1,"38,200",1.91,1.91,1.91,1.91,+,0.16,1.91,10,2.01,10,
72921U,富喬台新5C售03,"61,000",7,"81,790",1.34,1.35,1.32,1.34,+,0.05,1.33,25,1.34,10,
72922U,威剛凱基5C售05,0,0,0,---,---,---, ---,,,0.79,100,0.80,50,
72923U,宜鼎台新5C售05,"68,000",7,"226,650",3.27,3.38,3.27,3.35,+,0.23,3.33,25,3.35,10,
72924U,台半群益5C售03,"32,000",4,"30,700",0.94,0.96,0.94,0.96,+,0.05,0.95,101,0.98,100,
72925U,台半凱基5C售03,"515,000",6,"437,600",0.85,0.85,0.84,0.85,+,0.06,0.85,100,0.86,10,
72926U,臺慶科凱基5C售03,0,0,0,---,---,---, ---,,,1.46,10,1.47,30,
72927U,聖暉*台新5C售05,0,0,0,---,---,---, ---,,,1.57,1,1.58,10,
72928U,富喬凱基5C售04,"10,000",2,"9,900",0.99,0.99,0.99,0.99,+,0.04,0.99,100,1.00,50,
72929U,臺慶科台新5C售02,"50,000",1,"100,000",2.00,2.00,2.00,2.00,+,0.03,2.05,25,2.06,10,
72930U,威剛群益5C售08,0,0,0,---,---,---, ---,,,0.00,0,0.00,0,
729313,旺矽統一59購01,0,0,0,---,---,---, ---,,,9.85,10,10.70,10,
729314,神盾統一57購02,0,0,0,---,---,---, ---,,,0.00,0,0.01,110,
72931U,群聯群益5C售10,"149,000",5,"463,810",3.13,3.13,3.09,3.13,+,0.27,3.11,10,3.21,10,
72932U,威剛國泰61售02,0,0,0,---,---,---, ---,,,1.93,499,1.94,100,
72933U,世界群益66售01,"6,000",1,"15,420",2.57,2.57,2.57,2.57,-,0.06,2.14,4,0.00,0,
72934U,精材群益66售01,"46,000",8,"65,330",1.38,1.48,1.38,1.46,+,0.04,1.44,10,1.52,10,
72935U,世界台新5C售02,0,0,0,---,---,---, ---,,,2.15,25,2.16,10,
72936U,宜鼎凱基5C售10,"191,000",9,"419,150",2.17,2.22,2.17,2.21,+,0.12,2.20,100,2.21,10,
72937U,元太國票62售01,"25,000",2,"38,750",1.55,1.55,1.55,1.55,+,0.06,1.54,25,1.55,10,
72938U,世界國票62售01,"112,000",4,"127,880",1.16,1.16,1.12,1.16,+,0.01,1.15,25,1.16,10,
72939U,威剛國票62售01,0,0,0,---,---,---, ---,,,1.17,25,1.18,10,
72940U,臺慶科國票62售01,0,0,0,---,---,---, ---,,,1.44,25,1.45,10,
72941U,雙鴻永豐61售04,"3,180,000",16,"4,502,350",1.41,1.44,1.40,1.44,-,0.03,1.42,10,1.43,10,
729426,群ESG元大58購01,0,0,0,---,---,---, ---,,,0.00,0,0.05,50,
72942U,家登群益61售03,"355,000",36,"497,400",1.29,1.43,1.28,1.35,+,0.17,1.24,10,1.34,10,
72943U,頎邦國票61售01,"38,000",3,"50,660",1.36,1.36,1.32,1.34,+,0.08,1.38,25,1.39,10,
72944U,中光電台新61售03,"218,000",20,"305,090",1.47,1.49,1.35,1.49,+,0.06,1.52,25,1.53,10,
72945U,頎邦台新61售03,"250,000",7,"462,830",1.84,1.89,1.84,1.84,+,0.47,1.90,25,1.91,10,
72946U,世界群益61售03,"19,000",3,"21,560",1.16,1.16,1.12,1.14,-,0.13,0.00,0,0.00,0,
72947U,台星科群益61售02,0,0,0,---,---,---, ---,,,0.62,25,0.63,10,
72948U,精材群益63售02,"32,000",4,"53,600",1.62,1.71,1.62,1.70,+,0.03,1.70,10,1.80,10,
72949U,威剛元大61售06,"27,000",3,"58,320",2.16,2.17,2.15,2.15,+,0.05,2.15,350,2.16,200,
72950U,精材凱基63售02,"9,000",7,"14,020",1.50,1.65,1.50,1.59,+,0.04,1.57,100,1.58,50,
72951U,中光電台新61售05,"18,000",4,"32,310",1.79,1.82,1.79,1.82,+,0.03,1.85,25,1.86,10,
729528,立敦統一58購01,0,0,0,---,---,---, ---,,,2.79,10,2.89,10,
72952U,精材國票61售05,"30,000",8,"41,010",1.34,1.41,1.34,1.41,+,0.03,1.39,25,1.40,10,
729532,欣銓統一58購01,0,0,0,---,---,---, ---,,,0.00,0,0.00,0,
729535,智擎統一58購01,0,0,0,---,---,---, ---,,,0.00,0,0.01,10,
729536,聖暉*統一58購01,"5,000",1,"15,250",3.05,3.05,3.05,3.05,+,0.2,3.10,10,3.20,10,
72953U,精材國票65售02,0,0,0,---,---,---, ---,,,1.55,25,1.56,10,
72954U,群聯中信61售02,"2,000",2,"2,420",1.21,1.21,1.21,1.21,+,0.09,1.19,499,1.20,100,
729711,萬潤統一58購01,"1,000",1,"2,720",2.72,2.72,2.72,2.72,+,0.05,2.64,10,2.65,10,
729714,騰雲統一58購01,"26,000",3,"7,740",0.24,0.30,0.24,0.30,+,0.16,0.28,5,0.30,175,
729791,台燿統一58購01,0,0,0,---,---,---, ---,,,0.00,0,0.00,0,
729794,正基統一58購01,0,0,0,---,---,---, ---,,,0.00,0,0.01,10,
729799,金益鼎統一58購01,0,0,0,---,---,---, ---,,,0.46,10,0.56,10,
729803,智擎統一58購02,0,0,0,---,---,---, ---,,,0.00,0,0.01,25,
729804,僑威統一5A購01,0,0,0,---,---,---, ---,,,0.01,10,0.09,11,
729808,騰雲統一5A購01,"9,000",2,"4,900",0.54,0.55,0.54,0.55,+,0.05,0.57,10,0.67,10,
729872,友輝統一58購01,0,0,0,---,---,---, ---,,,0.00,0,0.00,0,
729879,艾訊統一58購01,0,0,0,---,---,---, ---,,,0.01,10,0.06,23,
729884,新復興統一58購03,0,0,0,---,---,---, ---,,,0.00,0,0.01,80,
729887,廣明統一58購01,0,0,0,---,---,---, ---,,,0.00,0,0.00,0,
729890,廣積統一59購01,"50,000",1,"3,000",0.06,0.06,0.06,0.06,-,0.03,0.06,10,0.09,1,
729895,耀勝統一58購01,0,0,0,---,---,---, ---,,,0.00,0,0.00,0,
729960,友輝統一58購02,0,0,0,---,---,---, ---,,,0.00,0,0.01,10,
729961,亞泰統一58購01,0,0,0,---,---,---, ---,,,0.00,0,0.00,0,
729964,欣銓統一58購02,0,0,0,---,---,---, ---,,,3.31,10,0.00,0,
729966,昱展統一58購02,0,0,0,---,---,---, ---,,,0.01,10,0.11,10,
729967,昱展統一58購03,0,0,0,---,---,---, ---,,,0.01,10,0.02,10,
729971,振曜統一58購01,0,0,0,---,---,---, ---,,,0.00,0,0.00,0,
729973,新漢統一58購01,"1,000",1,10,0.01,0.01,0.01,0.01,-,0.09,0.01,509,0.10,1,
730046,富喬統一58購01,0,0,0,---,---,---, ---,,,2.48,10,2.58,10,
730048,新漢統一58購02,0,0,0,---,---,---, ---,,,0.02,10,0.10,10,
730051,綠界*統一58購01,0,0,0,---,---,---, ---,,,0.00,0,0.01,10,
730052,綠界*統一58購02,0,0,0,---,---,---, ---,,,0.00,0,0.00,0,
730135,安勤統一58購01,"3,000",1,"1,050",0.35,0.35,0.35,0.35,+,0.05,0.27,10,0.37,10,
730146,訊聯統一58購02,0,0,0,---,---,---, ---,,,0.03,10,0.09,1,
730152,智通*統一58購01,0,0,0,---,---,---, ---,,,1.85,10,1.95,10,
730157,綠界*統一5A購01,"1,000",1,80,0.08,0.08,0.08,0.08,+,0.04,0.03,10,0.08,31,
730160,耀勝統一58購02,0,0,0,---,---,---, ---,,,0.00,0,0.00,0,
730161,鑫科統一58購01,0,0,0,---,---,---, ---,,,0.24,10,0.33,10,
730235,神準統一58購01,0,0,0,---,---,---, ---,,,0.00,0,0.15,267,
730238,群聯統一58購01,"2,000",1,"15,800",7.90,7.90,7.90,7.90,-,0.5,7.80,3,8.20,1,
730240,精測統一58購01,0,0,0,---,---,---, ---,,,2.95,10,3.05,10,
730317,鴻呈統一58購01,0,0,0,---,---,---, ---,,,0.00,0,0.00,0,
730399,M31統一58購01,0,0,0,---,---,---, ---,,,0.03,1,0.10,100,
730400,M31統一58購02,0,0,0,---,---,---, ---,,,0.00,0,0.00,0,
730401,M31統一62購01,0,0,0,---,---,---, ---,,,0.06,10,0.14,10,
730402,M31統一62購02,"1,342,000",4,"134,100",0.10,0.10,0.09,0.09,-,0.01,0.09,489,0.00,0,
730403,M31統一62購03,0,0,0,---,---,---, ---,,,0.06,10,0.13,10,
730493,昇達科統一5C購01,"5,000",4,"25,100",5.00,5.10,5.00,5.10,+,0.44,5.00,2,5.10,4,
730543,美琪瑪統一58購01,0,0,0,---,---,---, ---,,,0.07,10,0.47,2,
730635,鈦昇統一58購01,"99,000",17,"125,730",1.44,1.46,1.23,1.46,-,0.02,1.24,12,1.46,9,
730636,萬潤統一58購02,"22,000",6,"54,370",2.53,2.53,2.33,2.40,-,0.08,2.45,10,2.99,1,
730722,元太統一58購01,0,0,0,---,---,---, ---,,,0.00,0,0.02,15,
730732,威剛統一58購01,0,0,0,---,---,---, ---,,,0.00,0,0.00,0,
730733,原相統一5B購01,0,0,0,---,---,---, ---,,,0.02,10,0.03,10,
730735,泰茂統一58購01,0,0,0,---,---,---, ---,,,0.00,0,0.00,0,
730737,磐儀統一58購01,0,0,0,---,---,---, ---,,,0.09,10,0.22,40,
731063,元債20元大59購01,0,0,0,---,---,---, ---,,,0.00,0,0.05,101,
731093,僑威統一59購01,0,0,0,---,---,---, ---,,,0.00,0,0.00,0,
731162,兆利統一59購01,0,0,0,---,---,---, ---,,,0.00,0,0.21,146,
731240,金麗科元富61購01,"7,000",1,"8,470",1.21,1.21,1.21,1.21,-,0.0,0.00,0,0.00,0,
731248,萬潤元富59購01,0,0,0,---,---,---, ---,,,7.30,25,7.80,10,
731264,順達統一59購01,0,0,0,---,---,---, ---,,,2.67,10,2.77,10,
731265,順達統一5B購01,0,0,0,---,---,---, ---,,,2.47,10,2.57,10,
731277,元債20凱基59購01,0,0,0,---,---,---, ---,,,0.00,0,0.10,10,
731332,大綜統一59購01,"10,000",1,"3,000",0.30,0.30,0.30,0.30,+,0.22,0.23,10,0.32,2,
731493,亞信統一59購01,0,0,0,---,---,---, ---,,,0.03,10,0.13,10,
731495,英濟統一5B購01,0,0,0,---,---,---, ---,,,0.16,5,0.27,70,
731555,順達統一59購02,0,0,0,---,---,---, ---,,,1.70,10,1.71,10,
731584,群聯統一5B購01,"7,000",3,"41,800",6.00,6.00,5.80,5.80,-,0.35,5.80,1,6.10,10,
731670,信紘科統一59購01,0,0,0,---,---,---, ---,,,0.32,10,0.41,10,
731671,茂綸統一59購01,0,0,0,---,---,---, ---,,,0.23,10,0.33,10,
731730,順達統一59購03,0,0,0,---,---,---, ---,,,1.60,10,1.64,10,
731874,茂訊統一59購01,0,0,0,---,---,---, ---,,,0.00,0,0.95,5,
731875,富喬統一57購01,0,0,0,---,---,---, ---,,,2.22,10,2.32,10,
731877,鈊象統一59購01,0,0,0,---,---,---, ---,,,0.09,10,0.10,10,
731945,千附精統一59購02,0,0,0,---,---,---, ---,,,0.82,1,0.91,10,
731949,茂綸統一59購02,0,0,0,---,---,---, ---,,,0.09,10,0.14,10,
732049,系統電統一59購01,0,0,0,---,---,---, ---,,,0.20,10,0.30,10,
732050,信立統一59購01,0,0,0,---,---,---, ---,,,0.00,0,0.00,0,
732051,高鋒統一59購01,"1,000",1,30,0.03,0.03,0.03,0.03,-,0.0,0.02,10,0.03,10,
732054,博智統一59購01,0,0,0,---,---,---, ---,,,1.55,10,1.65,10,
732055,鈊象統一57購01,0,0,0,---,---,---, ---,,,0.00,0,0.00,0,
732069,金山電統一59購01,0,0,0,---,---,---, ---,,,0.00,0,0.00,0,
732167,精剛統一59購01,0,0,0,---,---,---, ---,,,0.02,10,0.10,10,
732269,M31統一63購01,0,0,0,---,---,---, ---,,,0.19,10,0.20,10,
732271,千附統一59購01,"146,000",19,"140,480",0.97,1.09,0.86,0.87,-,0.17,0.87,10,0.88,10,
732272,千附統一5B購01,"435,000",9,"311,390",0.73,0.82,0.61,0.61,-,0.03,0.58,10,0.68,10,
732275,萬泰科統一59購01,"1,000",1,"1,220",1.22,1.22,1.22,1.22,-,0.04,1.21,10,1.22,10,
732277,精剛統一59購02,0,0,0,---,---,---, ---,,,0.01,10,0.10,10,
732332,M31統一63購02,"15,000",3,"3,250",0.22,0.22,0.21,0.21,-,0.01,0.19,11,0.21,10,
732334,茂訊統一57購01,0,0,0,---,---,---, ---,,,0.00,0,0.00,0,
732545,晟德統一5A購01,0,0,0,---,---,---, ---,,,0.36,10,0.45,8,
732586,印能統一5A購01,0,0,0,---,---,---, ---,,,0.00,0,3.35,2,
732653,光焱統一5A購01,0,0,0,---,---,---, ---,,,1.38,10,1.39,10,
733025,華星光統一5B購02,0,0,0,---,---,---, ---,,,0.00,0,0.00,0,
733133,振曜群益59購01,"100,000",1,"13,000",0.13,0.13,0.13,0.13,-,0.0,0.12,100,0.20,115,
733178,華星光統一59購04,0,0,0,---,---,---, ---,,,0.00,0,0.00,0,
733248,宇峻統一5B購01,0,0,0,---,---,---, ---,,,0.05,10,0.14,60,
733332,大宇資統一5B購01,0,0,0,---,---,---, ---,,,0.03,10,0.13,10,
733411,美琪瑪統一61購01,0,0,0,---,---,---, ---,,,0.68,10,0.70,10,
733460,先進光統一5B購01,"39,000",12,"35,720",0.85,1.09,0.83,1.00,+,0.06,0.92,1,1.00,21,
733461,先進光統一65購01,"1,044,000",76,"528,630",0.50,0.60,0.48,0.49,-,0.03,0.48,15,0.49,10,
733462,系統電統一57購02,0,0,0,---,---,---, ---,,,0.69,10,0.79,10,
733465,神盾統一57購03,0,0,0,---,---,---, ---,,,0.13,10,0.21,10,
733467,新應材統一5B購01,0,0,0,---,---,---, ---,,,0.00,0,0.00,0,
733468,群聯統一57購01,0,0,0,---,---,---, ---,,,0.00,0,8.40,21,
733470,營邦統一58購01,0,0,0,---,---,---, ---,,,0.84,10,0.94,10,
733471,營邦統一5B購01,"1,000",1,"1,200",1.20,1.20,1.20,1.20,+,0.04,1.15,41,1.22,10,
733520,世禾統一57購01,0,0,0,---,---,---, ---,,,0.90,10,0.95,10,
733533,新應材統一58購01,0,0,0,---,---,---, ---,,,0.45,10,0.55,10,
733560,大學光統一5B購01,"20,000",1,"1,000",0.05,0.05,0.05,0.05,-,0.04,0.05,10,0.11,10,
733563,弘塑統一5B購01,0,0,0,---,---,---, ---,,,1.96,10,2.06,10,
733647,南俊統一57購01,0,0,0,---,---,---, ---,,,0.00,0,0.00,0,
733653,創惟統一5B購01,"5,000",5,100,0.02,0.02,0.02,0.02,-,0.0,0.01,575,0.02,5,
733654,創惟統一65購01,"25,000",1,"4,000",0.16,0.16,0.16,0.16,-,0.07,0.16,10,0.21,10,
733655,創惟統一65購02,0,0,0,---,---,---, ---,,,0.12,11,0.17,10,
733656,創惟統一65購03,"460,000",4,"47,500",0.11,0.11,0.10,0.10,-,0.01,0.10,10,0.11,10,
733695,高端統一5B購01,0,0,0,---,---,---, ---,,,0.44,30,0.54,10,
733696,高端統一65購01,"314,000",7,"172,240",0.57,0.57,0.54,0.55,-,0.01,0.55,10,0.56,10,
733701,創惟統一58購01,0,0,0,---,---,---, ---,,,0.00,0,0.01,10,
733702,創惟統一5C購01,0,0,0,---,---,---, ---,,,0.02,10,0.03,10,
733756,台特化統一58購01,"600,000",3,"144,000",0.24,0.24,0.24,0.24,-,0.0,0.23,10,0.33,10,
733760,高端統一65購02,0,0,0,---,---,---, ---,,,0.33,10,0.47,1,
733800,華星光統一5B購03,0,0,0,---,---,---, ---,,,1.64,10,1.65,10,
733849,印能統一57購02,0,0,0,---,---,---, ---,,,0.00,0,0.00,0,
733850,均華統一57購01,0,0,0,---,---,---, ---,,,2.17,10,2.27,10,
733958,新應材統一5C購01,"1,000",1,450,0.45,0.45,0.45,0.45,-,0.0,0.44,10,0.45,9,
733959,新應材統一5C購02,0,0,0,---,---,---, ---,,,0.90,10,1.00,10,
733983,富喬統一5C購01,0,0,0,---,---,---, ---,,,2.08,10,2.18,10,
734209,華星光統一66購01,0,0,0,---,---,---, ---,,,2.40,1,2.90,1,
734284,竹陞統一5C購01,0,0,0,---,---,---, ---,,,6.90,10,0.00,0,
734285,良維統一5A購01,0,0,0,---,---,---, ---,,,2.97,10,3.07,10,
734287,鈦昇統一59購01,"20,000",5,"72,540",3.60,3.78,3.50,3.78,-,0.0,3.64,10,3.76,15,
734294,耀勝統一59購01,0,0,0,---,---,---, ---,,,0.01,10,0.02,10,
734351,竹陞統一58購01,0,0,0,---,---,---, ---,,,8.30,10,0.00,0,
734352,竹陞統一5C購02,0,0,0,---,---,---, ---,,,7.55,10,0.00,0,
734355,南俊統一5C購01,0,0,0,---,---,---, ---,,,0.00,0,0.00,0,
734508,台燿統一5C購01,0,0,0,---,---,---, ---,,,0.00,0,0.00,0,
734514,協易機統一58購01,"100,000",1,"7,000",0.07,0.07,0.07,0.07,-,0.04,0.07,10,0.17,10,
734519,建榮統一5C購01,0,0,0,---,---,---, ---,,,0.95,10,1.00,10,
734521,智通*統一5C購01,0,0,0,---,---,---, ---,,,1.53,10,1.63,10,
734535,台燿永豐59購01,0,0,0,---,---,---, ---,,,0.00,0,0.00,0,
734608,兆利統一58購01,0,0,0,---,---,---, ---,,,0.00,0,0.00,0,
734707,智通*統一5C購02,0,0,0,---,---,---, ---,,,1.27,10,1.33,10,
734708,新漢統一5C購01,0,0,0,---,---,---, ---,,,0.13,10,0.18,10,
734710,雙鴻統一62購01,0,0,0,---,---,---, ---,,,0.41,10,0.46,10,
734781,兆利統一58購02,0,0,0,---,---,---, ---,,,0.01,10,0.11,10,
734782,宇峻統一5C購01,"50,000",1,"12,000",0.24,0.24,0.24,0.24,-,0.01,0.25,10,0.27,10,
734783,均華統一5C購01,0,0,0,---,---,---, ---,,,0.00,0,2.19,5,
734785,萬潤統一5C購01,"25,000",4,"74,660",2.95,3.05,2.95,3.02,-,0.11,3.00,33,3.30,49,
734873,前鼎統一5C購01,0,0,0,---,---,---, ---,,,1.27,10,1.37,10,
734874,威剛統一5C購01,0,0,0,---,---,---, ---,,,6.00,10,6.50,10,
734994,新應材統一62購01,"11,000",2,"5,280",0.48,0.48,0.48,0.48,-,0.0,0.41,5,0.57,100,
735028,新應材元富63購01,"1,000",1,"1,250",1.25,1.25,1.25,1.25,-,0.1,1.27,25,1.37,10,
735029,新應材元富64購01,"1,000",1,"2,920",2.92,2.92,2.92,2.92,-,0.1,2.97,25,3.07,10,
735122,新應材凱基57購01,0,0,0,---,---,---, ---,,,0.41,100,1.35,10,
735271,波若威統一62購01,0,0,0,---,---,---, ---,,,5.70,10,6.10,10,
735304,華景電統一5A購01,0,0,0,---,---,---, ---,,,0.74,10,0.84,10,
735306,順達統一5C購01,0,0,0,---,---,---, ---,,,0.88,11,1.47,10,
735307,廣運統一58購04,0,0,0,---,---,---, ---,,,0.04,10,0.14,10,
735512,華星光統一61購03,"30,000",1,"48,900",1.63,1.63,1.63,1.63,-,0.22,1.57,10,1.58,10,
735556,百德統一59購01,0,0,0,---,---,---, ---,,,0.01,10,0.11,10,
735557,波若威統一63購01,0,0,0,---,---,---, ---,,,0.00,0,9.05,10,
735647,久禾光統一61購01,0,0,0,---,---,---, ---,,,0.12,18,0.15,4,
735648,久禾光統一63購01,0,0,0,---,---,---, ---,,,0.17,10,0.19,10,
735650,台特化統一59購01,0,0,0,---,---,---, ---,,,0.51,10,0.61,10,
735654,信紘科統一5A購01,0,0,0,---,---,---, ---,,,0.33,10,0.43,10,
735658,彩富統一5B購01,"112,000",5,"65,460",0.54,0.63,0.54,0.57,-,0.09,0.53,10,0.63,10,
735659,彩富統一61購01,"25,000",2,"9,300",0.38,0.38,0.37,0.37,-,0.03,0.35,10,0.40,10,
735660,彩富統一63購01,"127,000",8,"43,060",0.32,0.35,0.32,0.33,-,0.05,0.32,10,0.37,10,
735661,富喬統一5A購01,0,0,0,---,---,---, ---,,,0.00,0,0.00,0,
735665,意德士統一61購01,0,0,0,---,---,---, ---,,,0.69,10,0.70,10,
735724,久禾光統一61購02,0,0,0,---,---,---, ---,,,0.12,100,0.13,10,
735848,生合統一63購01,0,0,0,---,---,---, ---,,,0.06,10,0.10,10,
735849,均華統一63購01,"72,000",10,"52,080",0.62,0.77,0.62,0.77,+,0.14,0.71,10,0.73,10,
735852,宏觀統一61購01,0,0,0,---,---,---, ---,,,0.29,10,0.34,10,
735853,旺矽統一61購01,0,0,0,---,---,---, ---,,,9.45,10,9.95,10,
735855,南俊統一61購01,0,0,0,---,---,---, ---,,,3.89,1,4.48,1,
735923,創惟統一59購01,0,0,0,---,---,---, ---,,,0.00,0,0.00,0,
735925,雙鴻統一59購01,0,0,0,---,---,---, ---,,,0.00,0,0.00,0,
736081,均華統一63購02,"166,000",17,"98,000",0.53,0.64,0.53,0.64,+,0.11,0.59,10,0.61,10,
736082,均豪統一61購01,0,0,0,---,---,---, ---,,,0.47,10,0.57,10,
736084,昇達科統一59購03,0,0,0,---,---,---, ---,,,8.70,10,10.40,1,
736086,創惟統一59購02,0,0,0,---,---,---, ---,,,0.02,10,0.12,10,
736153,台燿統一61購01,0,0,0,---,---,---, ---,,,0.00,0,9.85,10,
736154,立碁統一61購01,"154,000",3,"60,020",0.39,0.41,0.38,0.41,-,0.03,0.40,10,0.41,10,
736156,均華統一5C購02,"354,000",12,"219,370",0.51,0.67,0.51,0.64,+,0.09,0.61,10,0.62,10,
736157,旺矽統一59購02,0,0,0,---,---,---, ---,,,0.00,0,0.00,0,
736158,金居統一59購01,0,0,0,---,---,---, ---,,,0.00,0,0.00,0,
736159,金居統一59購02,0,0,0,---,---,---, ---,,,0.00,0,0.00,0,
736160,金居統一62購01,"10,000",2,"101,000",10.10,10.10,10.10,10.10,+,0.1,9.50,5,10.20,3,
736161,閎康統一59購01,0,0,0,---,---,---, ---,,,1.04,110,1.14,10,
736242,宜特統一59購01,0,0,0,---,---,---, ---,,,0.38,10,0.46,2,
736243,宜特統一61購01,0,0,0,---,---,---, ---,,,0.47,10,0.52,10,
736244,金居統一61購01,0,0,0,---,---,---, ---,,,0.00,0,12.70,1,
736249,家登統一61購01,0,0,0,---,---,---, ---,,,0.66,10,0.76,10,
736346,立碁統一59購01,0,0,0,---,---,---, ---,,,0.40,10,0.50,10,
736348,安國統一57購02,0,0,0,---,---,---, ---,,,0.00,0,0.02,155,
736349,安國統一63購01,"51,000",9,"31,820",0.51,0.74,0.51,0.52,-,0.13,0.52,11,0.62,10,
736350,安國統一65購01,"174,000",5,"40,240",0.28,0.28,0.19,0.19,-,0.07,0.18,65,0.19,28,
736351,安國統一66購01,"40,000",27,"12,000",0.32,0.32,0.24,0.24,+,0.02,0.22,10,0.00,0,
736352,安國統一67購01,0,0,0,---,---,---, ---,,,0.14,998,0.00,0,
736353,安國統一67購02,0,0,0,---,---,---, ---,,,0.00,0,0.30,35,
736354,安國統一67購03,"81,000",9,"21,970",0.27,0.28,0.27,0.27,+,0.01,0.26,25,0.27,10,
736360,閎康統一5B購01,"10,000",1,"6,800",0.68,0.68,0.68,0.68,-,0.02,0.58,10,0.68,10,
736403,富喬凱基57購01,0,0,0,---,---,---, ---,,,2.17,100,2.27,10,
736411,旺矽群益57購02,0,0,0,---,---,---, ---,,,22.60,10,0.00,0,
736421,波若威永豐57購01,0,0,0,---,---,---, ---,,,20.00,499,0.00,0,
736427,M31統一61購03,"10,000",1,"1,300",0.13,0.13,0.13,0.13,-,0.0,0.13,40,0.19,37,
736428,立碁統一59購02,0,0,0,---,---,---, ---,,,0.10,100,0.11,10,
736429,宏捷科統一57購03,0,0,0,---,---,---, ---,,,0.54,10,0.55,10,
736430,宏捷科統一59購01,0,0,0,---,---,---, ---,,,0.83,10,0.93,10,
736431,宏捷科統一61購01,"20,000",1,"14,600",0.73,0.73,0.73,0.73,-,0.03,0.70,20,0.73,10,
736432,東捷統一57購01,0,0,0,---,---,---, ---,,,0.00,0,5.25,1,
736433,波若威統一59購04,0,0,0,---,---,---, ---,,,0.00,0,0.00,0,
736434,信紘科統一59購02,0,0,0,---,---,---, ---,,,0.16,10,0.17,10,
736435,泰茂統一57購01,0,0,0,---,---,---, ---,,,0.00,0,0.00,0,
736436,晶呈統一59購01,0,0,0,---,---,---, ---,,,2.34,4,3.18,5,
736437,智通*統一57購02,0,0,0,---,---,---, ---,,,1.03,10,1.04,10,
736439,順達統一59購04,0,0,0,---,---,---, ---,,,1.80,66,1.90,66,
736442,環球晶統一57購03,"4,000",1,"43,600",10.90,10.90,10.90,10.90,-,1.3,10.70,10,11.00,2,
736443,雙鴻統一62購02,0,0,0,---,---,---, ---,,,0.00,0,0.59,20,
736444,穩懋統一61購01,0,0,0,---,---,---, ---,,,5.70,10,6.20,10,
736474,中美晶統一5A購01,"255,000",9,"504,900",2.05,2.05,1.76,1.76,-,0.29,1.75,3,2.20,5,
736475,立碁統一59購03,0,0,0,---,---,---, ---,,,0.61,10,0.71,10,
736476,系微統一5B購01,"5,000",1,"1,450",0.29,0.29,0.29,0.29,-,0.0,0.24,10,0.28,10,
736477,神盾統一5A購01,0,0,0,---,---,---, ---,,,0.07,10,0.10,10,
736478,新盛力統一67購01,"20,000",2,"57,600",2.83,2.93,2.83,2.93,-,0.06,2.43,2,3.28,14,
736479,漢磊統一61購01,"157,000",21,"218,940",1.57,1.57,1.31,1.35,-,0.22,1.37,5,1.57,1,
736480,廣運統一61購01,0,0,0,---,---,---, ---,,,0.10,10,0.20,10,
736506,雍智元大57購01,0,0,0,---,---,---, ---,,,0.00,0,13.50,3,
736518,元債20元富57購01,0,0,0,---,---,---, ---,,,2.98,25,3.07,10,
736524,新盛力元富57購01,"7,000",1,"36,400",5.20,5.20,5.20,5.20,-,0.0,4.91,25,5.05,10,
736584,宏捷科統一57購04,0,0,0,---,---,---, ---,,,0.73,10,0.83,10,
736585,振曜統一59購02,0,0,0,---,---,---, ---,,,0.12,10,0.20,10,
736586,神盾統一5C購01,0,0,0,---,---,---, ---,,,0.07,10,0.17,10,
736587,漢磊統一58購01,"10,000",3,"21,200",2.12,2.22,2.02,2.02,-,0.34,2.01,10,2.02,8,
736593,旺矽群益57購03,0,0,0,---,---,---, ---,,,31.60,10,0.00,0,
736604,元債20凱基67購01,0,0,0,---,---,---, ---,,,2.69,100,2.79,10,
736735,力旺統一57購01,0,0,0,---,---,---, ---,,,0.27,10,0.28,10,
736736,力旺統一61購01,"2,000",1,"1,300",0.65,0.65,0.65,0.65,-,0.0,0.63,10,0.73,10,
736737,千附精統一57購01,0,0,0,---,---,---, ---,,,0.00,0,2.42,10,
736738,山富統一57購01,0,0,0,---,---,---, ---,,,0.00,0,0.01,10,
736739,安國統一57購03,0,0,0,---,---,---, ---,,,0.00,0,0.14,50,
736740,安國統一59購01,"2,000",2,700,0.35,0.35,0.35,0.35,+,0.1,0.00,0,0.35,7,
736741,安國統一61購01,"15,000",2,"1,670",0.10,0.27,0.10,0.27,+,0.1,0.11,10,0.28,192,
736742,信立統一57購03,0,0,0,---,---,---, ---,,,0.00,0,0.00,0,
736743,神盾統一57購05,0,0,0,---,---,---, ---,,,0.00,0,0.01,10,
736750,力旺元大57購01,0,0,0,---,---,---, ---,,,0.24,499,0.31,10,
736792,萬潤永豐57購01,0,0,0,---,---,---, ---,,,26.00,499,0.00,0,
736795,華星光兆豐57購01,0,0,0,---,---,---, ---,,,6.05,10,6.10,10,
736833,大樹統一57購01,0,0,0,---,---,---, ---,,,0.00,0,0.01,441,
736834,中光電統一59購01,"19,000",2,"16,150",0.85,0.85,0.85,0.85,+,0.05,0.66,4,0.00,0,
736883,華星光統一57購01,0,0,0,---,---,---, ---,,,2.15,10,2.16,10,
736884,穩懋統一57購03,0,0,0,---,---,---, ---,,,11.30,10,11.40,10,
736930,中光電統一57購03,0,0,0,---,---,---, ---,,,0.19,10,0.20,10,
736931,台燿統一57購02,0,0,0,---,---,---, ---,,,0.00,0,10.50,10,
736932,台燿統一57購03,0,0,0,---,---,---, ---,,,0.00,0,0.00,0,
736933,系統電統一59購02,0,0,0,---,---,---, ---,,,1.00,10,1.10,10,
736934,金居統一5B購01,"13,000",7,"93,900",7.25,7.60,7.10,7.10,-,0.5,7.05,11,7.10,6,
736935,前鼎統一5B購01,0,0,0,---,---,---, ---,,,1.49,10,1.50,10,
736936,建榮統一57購01,0,0,0,---,---,---, ---,,,1.25,10,1.35,10,
736937,常珵統一57購01,0,0,0,---,---,---, ---,,,0.00,0,0.01,410,
736938,晶呈統一5B購01,0,0,0,---,---,---, ---,,,3.55,10,3.56,10,
736994,中光電統一57購04,"10,000",1,"3,000",0.30,0.30,0.30,0.30,-,0.02,0.18,10,0.40,6,
736995,南俊統一57購03,0,0,0,---,---,---, ---,,,5.30,10,5.80,10,
736997,華景電統一59購01,0,0,0,---,---,---, ---,,,1.01,10,1.02,10,
737015,中美晶國票59購01,0,0,0,---,---,---, ---,,,10.00,25,0.00,0,
737051,茂訊國票58購01,0,0,0,---,---,---, ---,,,0.02,25,0.03,10,
737078,神盾元大58購01,0,0,0,---,---,---, ---,,,0.00,0,0.12,12,
737086,良維統一62購01,0,0,0,---,---,---, ---,,,1.66,10,1.76,10,
737088,富喬統一5A購02,0,0,0,---,---,---, ---,,,1.63,5,2.08,50,
737106,IET群益58購01,0,0,0,---,---,---, ---,,,5.75,10,0.00,0,
737121,神盾凱基58購01,0,0,0,---,---,---, ---,,,0.00,0,0.10,10,
737127,波若威元大58購01,0,0,0,---,---,---, ---,,,12.10,10,0.00,0,
737147,富喬永豐58購01,0,0,0,---,---,---, ---,,,0.00,0,0.00,0,
737150,世禾統一58購01,0,0,0,---,---,---, ---,,,0.44,10,0.49,10,
737152,正基統一58購02,0,0,0,---,---,---, ---,,,0.00,0,0.01,10,
737153,正基統一5A購01,0,0,0,---,---,---, ---,,,0.04,10,0.14,10,
737154,印能統一58購01,0,0,0,---,---,---, ---,,,3.31,10,3.32,10,
737155,合騏統一58購01,0,0,0,---,---,---, ---,,,0.00,0,0.01,10,
737156,宏捷科統一58購02,0,0,0,---,---,---, ---,,,0.72,10,0.82,10,
737157,旺矽統一58購03,0,0,0,---,---,---, ---,,,9.55,10,9.60,10,
737158,南俊統一58購01,0,0,0,---,---,---, ---,,,4.90,10,4.98,10,
737159,茂綸統一58購01,0,0,0,---,---,---, ---,,,0.36,10,0.44,10,
737161,富喬統一5A購03,0,0,0,---,---,---, ---,,,1.43,10,1.44,10,
737162,華星光統一58購01,0,0,0,---,---,---, ---,,,0.00,0,0.00,0,
737163,新應材統一59購01,0,0,0,---,---,---, ---,,,0.67,10,0.77,10,
737164,精材統一58購02,"31,000",3,"109,980",3.78,3.78,3.47,3.47,-,0.01,3.51,10,3.52,10,
737165,環球晶統一58購01,0,0,0,---,---,---, ---,,,8.55,10,8.60,10,
737166,穩懋統一58購01,0,0,0,---,---,---, ---,,,0.00,0,0.00,0,
737184,新應材第一58購01,0,0,0,---,---,---, ---,,,9.35,10,9.45,10,
737186,富喬兆豐58購01,0,0,0,---,---,---, ---,,,3.69,20,3.70,10,
737196,智通*國票58購01,0,0,0,---,---,---, ---,,,5.25,25,5.75,10,
737197,智通*國票59購01,"52,000",15,"249,400",4.93,5.05,4.65,5.05,+,0.14,5.00,25,5.25,1,
737198,智通*國票5B購01,"42,000",11,"189,490",4.60,4.78,4.37,4.78,+,0.08,4.68,25,4.78,9,
737223,台燿群益58購01,0,0,0,---,---,---, ---,,,0.00,0,0.00,0,
737255,晶呈元富58購01,0,0,0,---,---,---, ---,,,54.50,25,59.50,10,
737276,台燿群益58購02,0,0,0,---,---,---, ---,,,0.00,0,0.00,0,
737286,元債20元大58購01,0,0,0,---,---,---, ---,,,0.04,250,0.14,50,
737292,雍智元大58購01,0,0,0,---,---,---, ---,,,7.90,1,8.05,10,
737295,環球晶元大58購01,"10,000",1,"455,000",45.50,45.50,45.50,45.50,-,6.0,45.50,10,0.00,0,
737299,信驊第一58購01,0,0,0,---,---,---, ---,,,26.70,10,27.70,10,
737319,大宇資統一58購01,0,0,0,---,---,---, ---,,,0.00,0,0.01,10,
737320,元太統一58購02,0,0,0,---,---,---, ---,,,0.00,0,0.00,0,
737321,立碁統一5C購01,0,0,0,---,---,---, ---,,,0.25,10,0.26,10,
737322,合晶統一58購01,"5,000",2,"147,500",29.50,29.50,29.50,29.50,-,0.4,27.00,10,27.10,10,
737323,合騏統一58購02,0,0,0,---,---,---, ---,,,0.00,0,0.03,6,
737325,系微統一58購01,0,0,0,---,---,---, ---,,,0.10,10,0.11,10,
737328,美琪瑪統一58購02,0,0,0,---,---,---, ---,,,0.07,10,0.08,10,
737330,創惟統一58購02,0,0,0,---,---,---, ---,,,0.00,0,0.01,10,
737331,晶呈統一58購01,0,0,0,---,---,---, ---,,,4.51,10,4.61,10,
737332,華星光統一58購02,0,0,0,---,---,---, ---,,,0.00,0,0.00,0,
737334,萬泰科統一58購01,0,0,0,---,---,---, ---,,,1.05,10,1.15,10,
737335,廣明統一58購02,0,0,0,---,---,---, ---,,,0.00,0,0.01,10,
737336,雙鴻統一58購03,0,0,0,---,---,---, ---,,,0.00,0,0.00,0,
737337,穩懋統一58購02,0,0,0,---,---,---, ---,,,0.00,0,16.70,1,
737404,環球晶元大58購02,0,0,0,---,---,---, ---,,,0.00,0,56.50,19,
737487,環球晶元大58購03,0,0,0,---,---,---, ---,,,0.00,0,49.80,10,
737510,新應材第一58購02,0,0,0,---,---,---, ---,,,1.18,8,0.00,0,
737517,宏捷科國票58購01,0,0,0,---,---,---, ---,,,0.00,0,0.00,0,
737675,建榮國票58購01,0,0,0,---,---,---, ---,,,1.00,25,1.04,10,
737701,譜瑞兆豐58購01,0,0,0,---,---,---, ---,,,0.05,20,0.06,10,
737795,鈦昇國票58購01,"1,000",1,"14,300",14.30,14.30,14.30,14.30,-,0.5,14.20,25,0.00,0,
737800,漢磊國票58購01,0,0,0,---,---,---, ---,,,4.64,25,6.05,18,
737801,漢磊國票5B購01,0,0,0,---,---,---, ---,,,5.10,5,7.20,2,
737846,台燿群益58購03,0,0,0,---,---,---, ---,,,0.00,0,0.00,0,
737870,廣明兆豐58購01,0,0,0,---,---,---, ---,,,0.02,20,0.03,10,
737913,博智群益58購01,0,0,0,---,---,---, ---,,,3.75,10,3.85,10,
737914,晶呈群益58購01,0,0,0,---,---,---, ---,,,4.67,10,0.00,0,
737927,中光電統一58購01,0,0,0,---,---,---, ---,,,0.02,10,0.03,10,
737929,台燿統一5A購01,0,0,0,---,---,---, ---,,,0.00,0,5.05,10,
737930,晶呈統一5C購01,0,0,0,---,---,---, ---,,,1.82,1,1.89,10,
737931,萬泰科統一59購02,0,0,0,---,---,---, ---,,,0.66,10,0.76,10,
737933,譜瑞統一5B購01,"10,000",1,400,0.04,0.04,0.04,0.04,-,0.02,0.04,5,0.00,0,
738020,中光電兆豐58購01,0,0,0,---,---,---, ---,,,0.19,20,0.20,10,
738051,台特化第一58購01,0,0,0,---,---,---, ---,,,0.56,17,0.00,0,
738060,精測國票58購01,0,0,0,---,---,---, ---,,,8.95,25,9.45,10,
738072,良維國票58購01,0,0,0,---,---,---, ---,,,7.95,25,8.45,10,
738079,中光電第一58購01,0,0,0,---,---,---, ---,,,0.22,10,0.00,0,
738080,精測第一58購01,0,0,0,---,---,---, ---,,,80.00,10,80.50,10,
738082,台燿凱基58購01,0,0,0,---,---,---, ---,,,0.00,0,0.00,0,
738093,譜瑞凱基57購01,0,0,0,---,---,---, ---,,,0.00,0,0.02,10,
738123,中光電元富58購01,0,0,0,---,---,---, ---,,,0.09,25,0.00,0,
738128,聯合元富58購01,0,0,0,---,---,---, ---,,,0.02,25,0.10,10,
738130,大綜統一58購01,"10,000",1,"3,000",0.30,0.30,0.30,0.30,-,0.07,0.25,10,0.45,1,
738131,中光電統一5B購01,"20,000",2,"1,000",0.05,0.05,0.05,0.05,-,0.07,0.05,10,0.10,35,
738132,中美晶統一58購01,"851,000",14,"4,568,100",5.55,5.55,5.30,5.30,-,0.5,5.05,110,5.10,10,
738133,元太統一58購03,0,0,0,---,---,---, ---,,,0.00,0,0.05,44,
738134,台燿統一58購02,0,0,0,---,---,---, ---,,,0.00,0,0.00,0,
738135,台燿統一5C購02,0,0,0,---,---,---, ---,,,0.00,0,6.65,10,
738136,亞信統一58購01,0,0,0,---,---,---, ---,,,0.41,10,0.51,10,
738137,亞信統一5B購01,0,0,0,---,---,---, ---,,,0.29,100,0.30,10,
738138,亞信統一64購01,0,0,0,---,---,---, ---,,,0.29,10,0.39,10,
738139,信紘科統一58購01,"20,000",1,"2,000",0.10,0.10,0.10,0.10,-,0.01,0.11,10,0.16,10,
738140,美琪瑪統一64購01,0,0,0,---,---,---, ---,,,0.35,10,0.36,10,
738141,順達統一57購03,0,0,0,---,---,---, ---,,,0.46,10,0.56,10,
738142,順達統一58購01,0,0,0,---,---,---, ---,,,0.42,10,0.52,10,
738143,順達統一58購02,"30,000",1,"3,300",0.11,0.11,0.11,0.11,-,0.03,0.13,10,0.14,10,
738144,順達統一5B購02,"5,000",1,"2,050",0.41,0.41,0.41,0.41,-,0.01,0.32,10,0.33,10,
738145,順達統一5C購02,0,0,0,---,---,---, ---,,,0.67,10,0.69,10,
738146,萬潤統一58購03,0,0,0,---,---,---, ---,,,0.00,0,0.00,0,
738147,群翊統一58購01,0,0,0,---,---,---, ---,,,1.25,10,1.35,10,
738148,漢科統一58購01,0,0,0,---,---,---, ---,,,0.25,100,0.26,10,
738149,漢科統一58購02,0,0,0,---,---,---, ---,,,0.26,10,0.36,10,
738150,漢科統一5B購01,0,0,0,---,---,---, ---,,,0.30,10,0.40,42,
738151,漢科統一5C購01,"167,000",19,"59,610",0.35,0.37,0.34,0.36,+,0.02,0.35,10,0.36,10,
738152,精測統一5B購01,0,0,0,---,---,---, ---,,,2.14,10,2.24,10,
738153,精測統一64購01,"3,000",1,"4,770",1.59,1.59,1.59,1.59,-,0.11,1.50,20,1.55,10,
738154,廣明統一64購01,0,0,0,---,---,---, ---,,,0.10,20,0.19,10,
738155,擎亞統一5B購01,0,0,0,---,---,---, ---,,,6.10,10,6.60,10,
738156,譜瑞統一5C購01,0,0,0,---,---,---, ---,,,0.23,50,0.32,10,
738157,譜瑞統一64購01,"7,000",1,"2,730",0.39,0.39,0.39,0.39,-,0.0,0.27,19,0.40,11,
738183,凡甲統一5C購01,0,0,0,---,---,---, ---,,,0.80,10,0.90,10,
738184,世禾統一5B購01,"105,000",9,"56,130",0.47,0.56,0.47,0.49,+,0.06,0.39,10,0.44,10,
738185,昇達科統一58購01,0,0,0,---,---,---, ---,,,6.15,10,0.00,0,
738186,昱展統一58購05,0,0,0,---,---,---, ---,,,0.00,0,0.01,10,
738187,昱展統一64購01,0,0,0,---,---,---, ---,,,0.13,10,0.23,10,
738188,美琪瑪統一58購03,0,0,0,---,---,---, ---,,,0.05,10,0.06,10,
738189,能率統一58購02,"151,000",3,"15,100",0.10,0.10,0.10,0.10,-,0.01,0.11,10,0.12,10,
738190,順達統一5A購01,"53,000",3,"34,030",0.64,0.69,0.64,0.67,-,0.03,0.69,10,0.70,10,
738191,聖暉*統一5A購02,0,0,0,---,---,---, ---,,,0.86,10,0.96,10,
738192,聖暉*統一64購01,0,0,0,---,---,---, ---,,,0.83,10,0.93,10,
738193,廣明統一58購03,0,0,0,---,---,---, ---,,,0.01,10,0.02,10,
738194,環球晶統一58購02,"3,000",1,"26,850",8.95,8.95,8.95,8.95,-,0.7,8.40,10,8.45,10,
738195,環球晶統一58購03,0,0,0,---,---,---, ---,,,9.65,10,9.70,10,
738196,聯合統一58購01,0,0,0,---,---,---, ---,,,0.06,10,0.10,10,
738197,譜瑞統一58購01,"5,000",1,100,0.02,0.02,0.02,0.02,-,0.01,0.01,20,0.02,10,
738198,譜瑞統一58購02,0,0,0,---,---,---, ---,,,0.02,10,0.00,0,
738202,順達元富58購01,0,0,0,---,---,---, ---,,,0.66,25,0.76,10,
738226,台燿凱基58購02,0,0,0,---,---,---, ---,,,0.00,0,0.00,0,
738269,廣明國票58購01,0,0,0,---,---,---, ---,,,0.00,0,0.00,0,
738281,M31統一5B購01,0,0,0,---,---,---, ---,,,0.17,10,0.18,10,
738282,M31統一5C購01,"10,000",1,"1,100",0.11,0.11,0.11,0.11,-,0.01,0.11,9,0.00,0,
738283,凡甲統一58購01,0,0,0,---,---,---, ---,,,0.41,100,0.42,10,
738284,千附精統一59購03,0,0,0,---,---,---, ---,,,0.00,0,0.00,0,
738285,旺矽統一63購01,0,0,0,---,---,---, ---,,,4.43,10,4.53,10,
738286,信紘科統一64購01,"1,000",1,330,0.33,0.33,0.33,0.33,-,0.02,0.34,10,0.35,10,
738287,意德士統一58購01,0,0,0,---,---,---, ---,,,0.34,10,0.44,10,
738288,新應材統一64購01,"30,000",12,"13,160",0.53,0.53,0.42,0.42,-,0.02,0.36,30,0.51,1,
738289,聖暉*統一58購02,"10,000",1,"7,100",0.71,0.71,0.71,0.71,+,0.03,0.74,10,0.75,10,
738291,環球晶統一64購01,"16,000",5,"90,000",5.65,5.65,5.60,5.60,-,0.4,5.60,4,0.00,0,
738292,聯合統一58購02,0,0,0,---,---,---, ---,,,0.03,10,0.05,10,
738293,聯合統一58購03,0,0,0,---,---,---, ---,,,0.06,10,0.07,10,
738296,廣明中信58購01,0,0,0,---,---,---, ---,,,0.00,0,0.03,10,
738299,元債20元富58購01,0,0,0,---,---,---, ---,,,0.57,25,0.67,10,
738360,台燿元大57購01,0,0,0,---,---,---, ---,,,0.00,0,0.00,0,
738367,新應材元大57購01,0,0,0,---,---,---, ---,,,0.02,499,0.25,10,
738373,雙鴻元大58購01,0,0,0,---,---,---, ---,,,0.49,25,0.59,10,
738427,台燿元大57購02,0,0,0,---,---,---, ---,,,0.00,0,0.00,0,
738437,環球晶元大57購01,0,0,0,---,---,---, ---,,,38.40,10,0.00,0,
738439,雙鴻元大58購02,0,0,0,---,---,---, ---,,,1.56,25,0.00,0,
738442,寬宏第一59購01,0,0,0,---,---,---, ---,,,0.01,10,0.11,10,
738465,宜鼎兆豐59購01,0,0,0,---,---,---, ---,,,0.00,0,0.00,0,
738491,廣運永豐59購01,0,0,0,---,---,---, ---,,,0.02,112,0.03,10,
738496,台燿元大58購01,0,0,0,---,---,---, ---,,,0.00,0,12.80,2,
738497,台燿元大59購01,0,0,0,---,---,---, ---,,,0.00,0,12.60,10,
738503,勤凱元大59購01,"30,000",3,"25,500",0.85,0.85,0.85,0.85,-,0.1,0.80,50,0.85,10,
738556,廣明元大58購01,0,0,0,---,---,---, ---,,,0.00,0,0.10,170,
738557,譜瑞元大59購01,0,0,0,---,---,---, ---,,,0.04,499,0.40,18,
738567,精測國票5B購01,0,0,0,---,---,---, ---,,,7.45,25,7.95,10,
738577,旺矽元大58購01,0,0,0,---,---,---, ---,,,0.00,0,0.00,0,
738587,廣明元大58購02,0,0,0,---,---,---, ---,,,0.00,0,0.10,35,
738588,譜瑞元大59購02,"38,000",2,"5,930",0.16,0.16,0.15,0.15,-,0.04,0.17,499,0.20,25,
738605,譜瑞凱基59購01,0,0,0,---,---,---, ---,,,0.06,100,0.16,10,
738619,精測群益59購01,0,0,0,---,---,---, ---,,,4.82,100,4.92,10,
738651,世禾統一59購01,"110,000",7,"81,880",0.69,0.78,0.69,0.74,+,0.24,0.48,10,0.49,10,
738653,兆利統一59購02,0,0,0,---,---,---, ---,,,0.01,10,0.11,31,
738654,旺矽統一59購03,0,0,0,---,---,---, ---,,,0.00,0,0.00,0,
738655,旺矽統一59購04,0,0,0,---,---,---, ---,,,0.00,0,0.00,0,
738656,信紘科統一58購02,0,0,0,---,---,---, ---,,,0.01,10,0.03,20,
738658,順達統一59購05,0,0,0,---,---,---, ---,,,0.40,10,0.98,30,
738659,漢科統一58購03,"562,000",8,"72,190",0.16,0.18,0.12,0.13,-,0.06,0.13,10,0.17,10,
738660,精測統一58購02,0,0,0,---,---,---, ---,,,0.00,0,0.00,0,
738661,廣明統一59購01,0,0,0,---,---,---, ---,,,0.00,0,0.00,0,
738663,雙鴻統一59購02,0,0,0,---,---,---, ---,,,1.14,10,1.24,10,
738674,旺矽國票58購01,0,0,0,---,---,---, ---,,,33.50,25,0.00,0,
738675,振曜國票59購01,0,0,0,---,---,---, ---,,,0.03,100,0.10,1,
738686,旺矽元大58購02,0,0,0,---,---,---, ---,,,0.00,0,0.00,0,
738690,群聯元大59購01,0,0,0,---,---,---, ---,,,34.30,10,0.00,0,
738696,譜瑞元大58購01,0,0,0,---,---,---, ---,,,0.01,499,0.88,3,
738708,譜瑞群益58購01,0,0,0,---,---,---, ---,,,0.02,100,0.00,0,
738720,群聯凱基59購01,0,0,0,---,---,---, ---,,,36.70,100,37.70,10,
738726,宏捷科國票5B購01,"19,000",5,"10,340",0.58,0.58,0.53,0.56,-,0.08,0.53,25,0.54,10,
738736,M31統一5C購02,0,0,0,---,---,---, ---,,,0.11,10,0.12,10,
738737,M31統一62購04,0,0,0,---,---,---, ---,,,0.15,10,0.16,10,
738739,弘塑統一59購01,0,0,0,---,---,---, ---,,,2.28,10,2.29,10,
738740,生合統一59購01,0,0,0,---,---,---, ---,,,0.00,0,0.00,0,
738741,生合統一63購02,0,0,0,---,---,---, ---,,,0.05,10,0.06,10,
738742,安勤統一59購01,"310,000",19,"177,640",0.56,0.59,0.54,0.55,-,0.03,0.52,10,0.53,10,
738743,宏觀統一5C購01,0,0,0,---,---,---, ---,,,0.24,41,0.00,0,
738744,良維統一59購01,0,0,0,---,---,---, ---,,,0.00,0,0.00,0,
738745,旺矽統一59購05,0,0,0,---,---,---, ---,,,4.20,10,4.21,10,
738746,朋程統一5C購01,"34,000",1,"9,860",0.29,0.29,0.29,0.29,-,0.01,0.27,12,0.28,10,
738747,長佳智統一5C購01,0,0,0,---,---,---, ---,,,0.14,10,0.19,10,
738748,信紘科統一5C購01,0,0,0,---,---,---, ---,,,0.17,10,0.22,10,
738749,前鼎統一59購02,0,0,0,---,---,---, ---,,,1.37,10,1.38,10,
738750,威剛統一59購01,0,0,0,---,---,---, ---,,,6.10,10,6.15,10,
738751,茂訊統一59購02,0,0,0,---,---,---, ---,,,0.45,10,0.46,10,
738752,振曜統一58購02,0,0,0,---,---,---, ---,,,0.00,0,0.00,0,
738753,神準統一59購01,"10,000",1,200,0.02,0.02,0.02,0.02,-,0.01,0.02,40,0.10,20,
738754,晶焱統一5C購01,0,0,0,---,---,---, ---,,,0.27,10,0.31,10,
738755,智擎統一59購01,0,0,0,---,---,---, ---,,,0.06,10,0.07,10,
738756,湧德統一59購02,"132,000",3,"41,320",0.35,0.35,0.31,0.31,-,0.05,0.30,10,0.31,10,
738757,順達統一5C購03,0,0,0,---,---,---, ---,,,0.48,10,0.50,10,
738758,萬泰科統一5C購01,"19,000",1,"14,440",0.76,0.76,0.76,0.76,-,0.05,0.76,10,0.77,10,
738759,群翊統一59購01,"61,000",1,"32,940",0.54,0.54,0.54,0.54,-,0.03,0.52,10,0.53,10,
738760,群翊統一5C購01,0,0,0,---,---,---, ---,,,0.50,10,0.52,10,
738761,寬宏統一59購01,0,0,0,---,---,---, ---,,,0.00,0,0.00,0,
738762,寬宏統一65購01,0,0,0,---,---,---, ---,,,0.13,10,0.18,60,
738763,廣明統一58購04,0,0,0,---,---,---, ---,,,0.00,0,0.00,0,
738764,廣明統一5C購01,0,0,0,---,---,---, ---,,,0.04,10,0.14,10,
738765,緯軟統一59購01,"8,000",1,"1,760",0.22,0.22,0.22,0.22,-,0.0,0.22,10,0.23,10,
738766,優群統一58購01,0,0,0,---,---,---, ---,,,0.02,10,0.03,10,
738767,耀勝統一5C購01,0,0,0,---,---,---, ---,,,0.17,10,0.19,10,
738776,群聯元大59購02,0,0,0,---,---,---, ---,,,44.20,10,0.00,0,
738781,信驊元富59購01,0,0,0,---,---,---, ---,,,17.70,25,18.70,10,
738802,精測群益5C購01,0,0,0,---,---,---, ---,,,3.89,100,3.99,10,
738806,台半統一58購01,0,0,0,---,---,---, ---,,,0.00,0,0.00,0,
738807,台半統一59購01,0,0,0,---,---,---, ---,,,0.00,0,0.00,0,
738808,朋程統一59購01,0,0,0,---,---,---, ---,,,0.27,10,0.00,0,
738853,國債20群益58購01,"8,000",1,640,0.08,0.08,0.08,0.08,+,0.01,0.07,25,0.08,10,
738870,群聯凱基59購02,0,0,0,---,---,---, ---,,,45.00,2,45.50,10,
738874,精測凱基59購01,0,0,0,---,---,---, ---,,,0.00,0,0.00,0,
738880,雍智元大58購02,0,0,0,---,---,---, ---,,,0.00,0,9.40,3,
738898,精測元富59購01,0,0,0,---,---,---, ---,,,8.25,25,8.75,10,
738899,精測元富59購02,0,0,0,---,---,---, ---,,,7.50,25,8.00,10,
738929,中光電富邦59購01,0,0,0,---,---,---, ---,,,0.00,0,0.10,10,
738931,M31統一5C購03,0,0,0,---,---,---, ---,,,0.16,10,0.17,10,
738932,中光電統一59購02,0,0,0,---,---,---, ---,,,0.01,10,0.10,10,
738933,世禾統一5C購01,"15,000",2,"6,650",0.46,0.46,0.41,0.41,-,0.03,0.40,10,0.43,10,
738934,台半統一5C購01,0,0,0,---,---,---, ---,,,1.54,10,1.64,10,
738938,永信建統一5C購01,0,0,0,---,---,---, ---,,,0.05,10,0.00,0,
738939,良維統一59購02,0,0,0,---,---,---, ---,,,0.00,0,0.00,0,
738940,旺矽統一65購01,0,0,0,---,---,---, ---,,,0.00,0,0.00,0,
738941,昇達科統一59購04,"12,000",3,"65,400",5.45,5.45,5.45,5.45,+,0.76,5.45,10,0.00,0,
738942,威剛統一59購02,0,0,0,---,---,---, ---,,,8.40,10,8.80,10,
738943,湧德統一5C購01,"2,000",1,660,0.33,0.33,0.33,0.33,-,0.01,0.23,10,0.33,10,
738944,順達統一5C購04,"20,000",1,"6,400",0.32,0.32,0.32,0.32,-,0.0,0.27,5,0.31,10,
738945,鈊象統一59購02,0,0,0,---,---,---, ---,,,0.13,10,0.15,10,
738946,群翊統一59購02,0,0,0,---,---,---, ---,,,0.77,10,0.87,10,
738947,精測統一65購01,0,0,0,---,---,---, ---,,,1.20,30,1.27,10,
738949,台燿凱基58購03,0,0,0,---,---,---, ---,,,0.00,0,0.00,0,
738954,旺矽凱基58購01,0,0,0,---,---,---, ---,,,21.20,100,22.20,10,
738963,雙鴻凱基59購01,0,0,0,---,---,---, ---,,,2.44,100,0.00,0,
739002,台燿富邦59購01,0,0,0,---,---,---, ---,,,0.00,0,18.00,10,
739045,M31元大59購01,0,0,0,---,---,---, ---,,,0.12,499,0.00,0,
739053,旺矽元大59購01,0,0,0,---,---,---, ---,,,0.00,0,0.00,0,
739057,智通*元大59購01,"1,358,000",54,"217,870",0.16,0.23,0.13,0.23,+,0.08,0.22,124,0.23,92,
739063,系統電富邦59購01,0,0,0,---,---,---, ---,,,0.00,0,0.09,22,
739071,旺矽國票5A購01,0,0,0,---,---,---, ---,,,24.00,25,0.00,0,
739073,威剛國票59購01,0,0,0,---,---,---, ---,,,20.30,25,21.30,10,
739105,智通*元富59購01,"25,000",4,"6,150",0.23,0.27,0.23,0.27,+,0.02,0.26,25,0.36,10,
739106,湧德元富59購01,0,0,0,---,---,---, ---,,,0.65,25,0.67,10,
739116,元債20永豐59購01,0,0,0,---,---,---, ---,,,0.86,499,0.96,10,
739122,中光電元大58購01,0,0,0,---,---,---, ---,,,0.00,0,0.10,10,
739123,中光電元大59購01,0,0,0,---,---,---, ---,,,0.01,499,0.11,10,
739131,宜鼎元大59購01,0,0,0,---,---,---, ---,,,22.10,50,0.00,0,
739161,中光電國票59購01,0,0,0,---,---,---, ---,,,0.02,25,0.00,0,
739209,宜鼎凱基58購01,0,0,0,---,---,---, ---,,,22.10,100,23.10,10,
739217,雙鴻凱基59購02,0,0,0,---,---,---, ---,,,0.59,200,0.00,0,
739284,威剛國票5B購01,0,0,0,---,---,---, ---,,,21.40,25,22.40,10,
739303,中美晶凱基59購01,"1,000",1,"12,000",12.00,12.00,12.00,12.00,-,0.4,10.60,499,11.60,10,
739372,力旺統一5C購01,"42,000",5,"18,900",0.45,0.45,0.45,0.45,-,0.02,0.38,3,0.45,8,
739373,生合統一5C購01,0,0,0,---,---,---, ---,,,0.06,20,0.10,10,
739374,合晶統一59購01,0,0,0,---,---,---, ---,,,0.00,0,0.00,0,
739375,合晶統一5C購01,0,0,0,---,---,---, ---,,,6.95,5,8.15,4,
739376,均豪統一5B購01,0,0,0,---,---,---, ---,,,0.24,10,0.25,10,
739378,宜鼎統一5C購01,0,0,0,---,---,---, ---,,,10.70,10,11.70,10,
739379,宜鼎統一5C購02,0,0,0,---,---,---, ---,,,9.75,10,10.50,10,
739380,欣銓統一64購01,0,0,0,---,---,---, ---,,,2.23,10,2.33,10,
739381,信驊統一5C購01,0,0,0,---,---,---, ---,,,0.00,0,0.00,0,
739382,威剛統一5C購02,0,0,0,---,---,---, ---,,,3.22,10,3.32,10,
739383,威剛統一64購01,0,0,0,---,---,---, ---,,,3.05,10,3.15,10,
739384,鈊象統一5C購01,"10,000",1,"1,200",0.12,0.12,0.12,0.12,-,0.02,0.12,10,0.13,10,
739385,萬泰科統一64購01,"20,000",2,"22,600",1.12,1.14,1.12,1.14,-,0.0,1.10,10,1.11,10,
739386,群翊統一5C購02,0,0,0,---,---,---, ---,,,0.67,10,0.69,10,
739387,精材統一5C購01,"25,000",6,"64,390",2.73,2.73,2.48,2.50,-,0.05,2.46,3,2.55,10,
739388,德微統一5C購01,0,0,0,---,---,---, ---,,,0.00,0,0.00,0,
739389,優群統一59購01,0,0,0,---,---,---, ---,,,0.10,10,0.16,10,
739398,廣明凱基57購01,0,0,0,---,---,---, ---,,,0.00,0,0.10,10,
739399,德微凱基57購01,0,0,0,---,---,---, ---,,,5.85,20,6.35,10,
739404,中光電元大58購02,0,0,0,---,---,---, ---,,,0.01,499,0.11,10,
739419,永信建國票59購01,0,0,0,---,---,---, ---,,,0.01,25,0.02,160,
739424,威剛國票57購01,0,0,0,---,---,---, ---,,,15.50,25,16.50,10,
739425,泰茂國票5A購01,0,0,0,---,---,---, ---,,,0.01,15,0.04,72,
739433,威剛兆豐59購01,0,0,0,---,---,---, ---,,,14.70,10,14.80,10,
739436,環球晶富邦57購01,0,0,0,---,---,---, ---,,,0.00,0,0.00,0,
739440,中光電統一57購06,0,0,0,---,---,---, ---,,,0.00,0,0.00,0,
739441,中光電統一5B購02,0,0,0,---,---,---, ---,,,0.12,10,0.22,10,
739442,中美晶統一5C購01,"313,000",6,"453,960",1.51,1.52,1.38,1.38,-,0.17,1.33,3,1.75,5,
739443,永信建統一5C購02,0,0,0,---,---,---, ---,,,0.03,10,0.10,10,
739444,合晶統一59購02,0,0,0,---,---,---, ---,,,14.00,10,14.10,10,
739445,合晶統一59購03,0,0,0,---,---,---, ---,,,13.30,10,13.40,10,
739446,宜鼎統一5C購03,0,0,0,---,---,---, ---,,,3.70,10,3.80,10,
739447,朋程統一5C購02,0,0,0,---,---,---, ---,,,0.39,20,0.46,10,
739448,長佳智統一59購01,0,0,0,---,---,---, ---,,,0.03,100,0.05,10,
739450,威剛統一57購01,0,0,0,---,---,---, ---,,,6.55,10,6.60,10,
739451,威剛統一59購03,0,0,0,---,---,---, ---,,,4.65,10,4.66,10,
739452,茂達統一59購01,"257,000",7,"153,590",0.62,0.63,0.55,0.63,-,0.05,0.64,100,0.65,10,
739453,振曜統一5C購01,0,0,0,---,---,---, ---,,,0.00,0,0.50,10,
739454,能率統一5B購01,0,0,0,---,---,---, ---,,,0.13,10,0.22,10,
739455,鈊象統一59購03,0,0,0,---,---,---, ---,,,0.06,10,0.07,10,
739456,精測統一59購02,0,0,0,---,---,---, ---,,,1.82,10,1.83,10,
739457,營邦統一59購01,0,0,0,---,---,---, ---,,,1.62,50,0.00,0,
739458,環球晶統一59購01,"2,000",1,"16,400",8.20,8.20,8.20,8.20,-,1.3,8.15,10,8.20,8,
739459,環球晶統一59購02,0,0,0,---,---,---, ---,,,7.35,10,7.40,10,
739460,環球晶統一64購02,"31,000",12,"122,370",4.10,4.10,3.85,3.85,-,0.45,3.81,2,5.00,5,
739476,雙鴻元富57購01,0,0,0,---,---,---, ---,,,0.00,0,0.00,0,
739478,大宇資群益59購01,0,0,0,---,---,---, ---,,,0.01,100,0.00,0,
739481,中美晶群益57購01,0,0,0,---,---,---, ---,,,0.00,0,0.00,0,
739493,雙鴻群益57購02,0,0,0,---,---,---, ---,,,0.00,0,0.00,0,
739504,泰茂凱基57購01,0,0,0,---,---,---, ---,,,0.00,0,0.10,10,
739518,合晶統一57購01,"20,000",2,"325,500",16.50,16.50,16.20,16.20,-,1.4,0.00,0,0.00,0,
739519,系微統一5C購02,0,0,0,---,---,---, ---,,,0.16,10,0.20,10,
739520,旺矽統一5B購01,0,0,0,---,---,---, ---,,,0.00,0,0.00,0,
739521,茂迪統一59購01,0,0,0,---,---,---, ---,,,0.29,34,0.89,39,
739522,廣運統一5C購01,0,0,0,---,---,---, ---,,,0.07,10,0.11,10,
739523,擎亞統一5C購01,0,0,0,---,---,---, ---,,,0.00,0,0.00,0,
739545,臺慶科國票57購01,0,0,0,---,---,---, ---,,,4.15,25,0.00,0,
739549,聯合國票5A購01,"1,000",1,40,0.04,0.04,0.04,0.04,+,0.01,0.03,25,0.04,10,
739569,中美晶元富57購01,"57,000",7,"978,200",17.30,17.70,16.70,16.70,-,2.2,15.60,25,16.60,10,
739581,均華兆豐59購01,"1,000",1,"2,230",2.23,2.23,2.23,2.23,+,0.33,2.20,20,2.21,10,
739593,廣明凱基57購02,0,0,0,---,---,---, ---,,,0.00,0,0.10,10,
739595,威剛第一57購01,0,0,0,---,---,---, ---,,,16.40,10,17.40,10,
739597,IET國票57購01,0,0,0,---,---,---, ---,,,12.70,25,13.70,10,
739598,中美晶國票59購02,"8,000",2,"57,300",7.20,7.20,7.10,7.10,+,1.2,5.95,25,0.00,0,
739620,系微元大57購01,0,0,0,---,---,---, ---,,,0.00,0,0.50,25,
739621,良維元大57購03,0,0,0,---,---,---, ---,,,0.00,0,0.00,0,
739634,中光電富邦59購02,0,0,0,---,---,---, ---,,,0.06,10,0.16,10,
739639,大宇資統一5C購01,0,0,0,---,---,---, ---,,,0.16,10,0.20,1,
739640,中光電統一59購03,0,0,0,---,---,---, ---,,,0.04,10,0.13,10,
739641,台燿統一64購01,0,0,0,---,---,---, ---,,,0.00,0,6.95,10,
739642,弘塑統一5C購01,0,0,0,---,---,---, ---,,,0.96,10,1.58,1,
739643,合晶統一5B購01,0,0,0,---,---,---, ---,,,10.40,10,0.00,0,
739644,合晶統一5C購02,"33,000",6,"216,600",6.10,6.70,6.10,6.30,-,0.55,0.00,0,6.95,50,
739645,均豪統一5C購01,0,0,0,---,---,---, ---,,,0.14,10,0.00,0,
739646,昇佳電統一5C購01,"5,000",2,"1,850",0.37,0.37,0.37,0.37,+,0.06,0.28,10,0.37,12,
739647,昇佳電統一5C購02,"22,000",3,"3,950",0.17,0.32,0.17,0.32,+,0.06,0.24,10,0.30,10,
739648,創惟統一5C購02,0,0,0,---,---,---, ---,,,0.15,10,0.20,10,
739649,新漢統一64購01,0,0,0,---,---,---, ---,,,0.17,10,0.00,0,
739650,萬泰科統一5C購02,0,0,0,---,---,---, ---,,,1.24,10,1.30,10,
739651,德微統一5C購02,0,0,0,---,---,---, ---,,,1.25,20,1.32,10,
739652,耀勝統一5C購02,0,0,0,---,---,---, ---,,,0.14,10,0.15,10,
739687,弘塑元富57購01,0,0,0,---,---,---, ---,,,7.70,25,8.20,10,
739688,弘塑元富57購02,0,0,0,---,---,---, ---,,,5.90,25,6.40,10,
739696,鈊象元富59購01,0,0,0,---,---,---, ---,,,0.23,25,0.33,10,
739704,環球晶國票57購01,0,0,0,---,---,---, ---,,,0.00,0,19.70,10,
739709,環球晶富邦59購01,0,0,0,---,---,---, ---,,,10.40,10,11.40,10,
739710,中美晶群益57購02,0,0,0,---,---,---, ---,,,0.00,0,7.25,10,
739715,台半元富59購01,0,0,0,---,---,---, ---,,,5.30,25,5.80,10,
739716,台半元富59購02,0,0,0,---,---,---, ---,,,4.09,100,4.18,10,
739718,精測元富59購03,0,0,0,---,---,---, ---,,,4.57,25,4.67,10,
739720,德微元富57購01,0,0,0,---,---,---, ---,,,4.46,25,4.56,10,
739723,環球晶元富59購01,0,0,0,---,---,---, ---,,,14.90,25,15.90,10,
739724,環球晶元富59購02,0,0,0,---,---,---, ---,,,18.60,25,19.60,10,
739742,威剛凱基59購01,0,0,0,---,---,---, ---,,,20.40,10,21.40,10,
739747,臺慶科凱基57購01,0,0,0,---,---,---, ---,,,3.55,10,3.65,10,
739750,環球晶凱基59購01,0,0,0,---,---,---, ---,,,18.10,10,19.10,10,
739751,環球晶凱基59購02,0,0,0,---,---,---, ---,,,12.40,20,13.40,10,
739752,中光電元大57購01,0,0,0,---,---,---, ---,,,0.00,0,0.01,100,
739758,系微元大57購02,0,0,0,---,---,---, ---,,,0.00,0,0.00,0,
739806,合晶永豐58購01,0,0,0,---,---,---, ---,,,0.00,0,0.00,0,
739825,雙鴻元富59購01,0,0,0,---,---,---, ---,,,0.20,25,0.30,10,
739826,世界群益59購01,0,0,0,---,---,---, ---,,,3.60,100,0.00,0,
739829,佳邦群益57購01,0,0,0,---,---,---, ---,,,0.01,499,0.00,0,
739836,順達群益57購01,0,0,0,---,---,---, ---,,,0.04,499,0.00,0,
739837,雍智群益57購01,0,0,0,---,---,---, ---,,,0.00,0,22.20,10,
739841,世界國票5C購01,0,0,0,---,---,---, ---,,,3.25,10,4.71,2,
739842,威剛國票5A購01,0,0,0,---,---,---, ---,,,12.10,25,13.10,10,
739845,精測國票57購01,0,0,0,---,---,---, ---,,,1.09,25,1.15,10,
739850,中光電元大58購03,0,0,0,---,---,---, ---,,,0.00,0,0.10,10,
739856,系微元大59購01,"1,000",1,100,0.10,0.10,0.10,0.10,-,0.11,0.10,499,0.20,15,
739858,昇達科元大59購01,0,0,0,---,---,---, ---,,,5.55,50,0.00,0,
739887,威剛中信57購01,0,0,0,---,---,---, ---,,,9.95,10,0.00,0,
739903,威剛凱基57購01,0,0,0,---,---,---, ---,,,18.10,10,19.10,10,
739913,旺矽國票5B購01,0,0,0,---,---,---, ---,,,18.50,25,0.00,0,
739924,中光電凱基57購01,0,0,0,---,---,---, ---,,,0.00,0,0.10,10,
739968,威剛群益57購01,0,0,0,---,---,---, ---,,,0.00,0,20.70,10,
739986,廣明國票5B購01,"9,000",9,270,0.03,0.03,0.03,0.03,-,0.01,0.02,25,0.00,0,
7402,邑錡,"1,799,727","1,861","234,670,993",133.00,135.00,127.50,127.50,-,8.0,127.00,33,127.50,2,
7547,碩網,"7,206",12,"395,082",54.50,55.00,54.50,54.80,-,0.0,54.80,3,55.40,1,
7556,意德士,"52,340",94,"12,178,053",233.00,236.50,230.00,232.50,-,2.5,232.00,7,236.00,1,
7584,樂意,"1,058",14,"30,108",28.45,28.45,28.45,28.45,+,0.65,26.60,1,27.45,1,
7642,昶瑞機電,"200,152",224,"16,723,962",83.10,86.10,80.60,84.20,+,2.1,84.20,1,84.50,1,
7703,銳澤,"39,815",102,"7,810,938",199.50,199.50,194.50,196.00,-,3.5,196.00,10,196.50,1,
7704,明遠精密,"36,233",43,"2,032,674",56.10,57.00,55.20,55.40,-,1.4,55.30,2,56.30,8,
7708,全家餐飲,"22,084",27,"2,069,051",94.00,94.10,93.40,93.40,-,0.7,93.50,1,94.20,1,
7709,榮田,"40,925",76,"2,898,835",71.10,72.10,70.00,71.20,-,1.6,71.50,1,71.80,1,
7712,博盛半導體,"298,471",367,"48,428,153",163.00,165.00,160.00,160.50,-,4.5,160.00,13,160.50,3,
7713,威力德生醫,"6,054",8,"428,712",71.00,71.20,70.40,70.70,-,0.0,70.20,3,71.00,5,
7714,創泓科技,"1,622,492","2,656","337,132,054",208.50,215.50,199.00,201.50,-,6.0,201.00,16,201.50,1,
7715,裕山,"60,300",60,"2,195,065",36.50,36.60,36.15,36.35,-,0.65,36.30,19,36.35,1,
7716,昱臺國際,"7,000",7,"169,750",24.70,24.80,24.00,24.00,-,1.0,23.85,1,24.55,1,
7717,萊德光電-KY,"406,549","1,186","208,725,095",536.00,544.00,481.00,485.00,-,47.0,485.00,1,489.00,1,
7718,友鋮,"5,000",5,"236,450",47.20,47.45,47.20,47.35,+,0.1,47.30,1,47.35,2,
7723,築間,"39,913",53,"832,836",20.75,21.10,20.55,20.95,-,0.1,20.90,1,21.00,1,
7728,光焱科技,"11,319",58,"7,735,878",674.00,688.00,674.00,688.00,+,14.0,685.00,1,688.00,1,
7734,印能科技,"695,903","2,700","2,157,084,850",3000.00,3270.00,2885.00,3160.00,+,115.0,3155.00,2,3165.00,6,
7738,東聯互動,"6,119",18,"1,024,971",167.00,168.00,167.00,168.00,+,1.0,168.50,1,169.50,1,
7743,金利食安,"19,025",18,"394,575",21.00,21.60,20.00,21.00,-,0.0,20.10,1,21.00,8,
7744,崴寶,"11,650",40,"5,285,435",459.00,459.00,450.00,453.00,-,6.5,448.50,1,456.00,3,
7747,昕奇雲端,"5,080",8,"582,095",115.00,115.50,113.00,115.50,+,1.5,113.00,1,114.00,2,
7751,竑騰,"211,896",844,"263,779,830",1210.00,1290.00,1200.00,1240.00,+,30.0,1240.00,1,1250.00,4,
7753,星亞,"17,305",19,"707,340",40.90,41.00,40.60,40.80,-,0.6,40.80,1,41.05,1,
7757,金色三麥,"10,397",24,"969,641",94.20,94.20,92.80,92.90,-,1.0,92.80,1,92.90,1,
7767,仁大資訊,"121,794",107,"5,687,459",46.55,47.20,46.00,46.00,-,0.5,45.85,4,46.85,1,
7770,君曜,"17,111",16,"700,643",41.95,42.20,40.50,41.75,-,0.2,40.60,3,41.80,1,
7772,耀穎,"86,962",190,"9,123,795",104.50,106.00,103.00,104.00,-,0.5,104.00,1,104.50,1,
7777,能率亞洲,"3,739,766","2,766","154,400,232",39.75,42.65,38.85,41.80,+,1.8,41.75,5,41.80,26,
7782,光速火箭,"2,033",3,"54,466",26.25,27.35,26.25,27.35,+,1.1,26.25,1,26.75,1,
7792,安葆,"51,782",200,"11,938,896",234.50,236.00,226.50,226.50,-,8.0,227.00,1,227.50,1,
7794,宏碁智新,"31,020",32,"935,348",30.05,30.90,29.85,29.85,-,0.75,29.80,3,30.50,5,
7805,威聯通,"18,894",172,"11,792,662",619.00,627.00,619.00,623.00,-,5.0,623.00,1,631.00,1,
7810,捷創科技,"39,971",79,"7,873,332",199.00,200.00,194.00,198.00,-,3.5,198.00,4,200.00,3,
7811,民盛,"2,130",5,"154,003",72.60,72.60,72.00,72.00,-,0.0,71.50,1,72.60,1,
7814,海昌生技,"755,063",618,"23,019,871",32.00,32.15,29.30,30.45,+,2.0,30.45,9,30.50,3,
7819,精誠金融,"39,719",42,"1,495,742",37.50,38.25,37.35,37.65,-,0.0,37.60,10,37.90,1,
7820,立盈,"8,616",22,"988,719",113.00,117.00,113.00,115.00,-,1.0,114.00,1,116.00,2,
7828,創新服務,"561,637","2,791","1,192,459,540",1970.00,2210.00,1945.00,2160.00,+,145.0,2150.00,3,2170.00,6,
7839,達人網,"12,003",12,"531,126",44.50,44.50,43.00,44.50,-,0.0,43.10,1,44.95,1,
7842,天能綠電,596,14,"56,462",---,---,---, ---,,,95.50,1,96.80,2,
8024,佑華,"280,526",157,"4,760,510",16.75,17.45,16.70,17.10,-,0.1,17.10,31,17.25,9,
8027,鈦昇,"453,593",767,"109,061,879",238.50,244.00,238.50,239.00,-,5.0,238.50,7,239.00,4,
8032,光菱,"46,621",69,"1,826,659",39.20,39.70,38.90,39.00,-,0.0,38.85,15,39.20,2,
8034,榮群,"151,862",124,"3,037,966",20.35,20.35,19.85,19.85,-,0.25,19.85,6,19.95,11,
8038,長園科,"289,867",283,"11,379,556",38.55,40.00,37.95,39.35,+,0.8,39.35,1,39.80,1,
8040,九暘,"530,530",546,"44,193,038",83.90,84.50,82.30,82.50,-,3.1,82.50,2,82.60,1,
8042,金山電,"4,325,346","4,131","632,183,811",145.00,152.50,141.50,143.50,-,8.0,143.50,26,144.00,16,
8043,蜜望實,"11,583,400","10,461","1,811,219,483",152.00,162.00,151.50,153.00,-,1.5,152.50,5,153.00,8,
8044,網家,"259,714",224,"7,062,897",27.40,27.55,26.90,27.05,-,0.6,27.05,1,27.10,5,
8047,星雲,"30,577",16,"1,300,039",43.00,43.25,42.15,43.25,+,0.5,42.20,4,43.65,1,
8048,德勝,"228,690",211,"13,671,722",59.60,60.90,59.10,59.10,-,1.6,59.10,2,59.80,11,
8049,晶采,"100,276",98,"2,646,411",26.50,26.55,26.20,26.40,-,0.15,26.40,1,26.45,2,
8050,廣積,"2,314,237","1,567","141,955,044",61.30,62.50,60.00,61.10,-,0.0,61.10,4,61.30,3,
8054,安國,"1,316,383","1,290","127,007,784",95.00,98.20,93.90,95.90,+,0.6,95.90,2,96.00,4,
8059,凱碩,"244,035",157,"4,083,638",16.70,17.15,16.55,16.60,-,0.3,16.60,14,16.70,2,
8064,東捷,"3,429,438","3,515","439,471,586",126.00,131.00,126.00,127.50,-,3.5,127.00,70,127.50,13,
8066,來思達,"11,818",45,"174,633",14.75,14.80,14.75,14.80,+,0.05,14.75,2,14.90,1,
8067,志旭,"2,288",4,"30,193",13.25,13.25,13.15,13.15,-,0.2,12.70,2,13.15,7,
8068,全達,"582,184",389,"11,400,256",19.80,20.00,19.30,19.35,-,0.25,19.35,13,19.40,1,
8069,元太,"5,896,615","5,391","1,090,930,432",186.00,188.50,182.00,184.00,-,4.5,184.00,180,184.50,35,
8071,能率網通,"1,308,701","1,044","35,438,428",27.50,27.90,26.45,27.00,-,0.65,27.00,15,27.05,16,
8074,鉅橡,"437,217",505,"26,502,606",60.90,61.80,59.80,60.00,-,1.5,59.90,4,60.00,7,
8076,伍豐,"719,613",450,"17,210,322",24.10,24.10,23.75,24.05,-,0.05,23.90,6,24.05,12,
8077,洛碁,"1,035",3,"47,118",45.50,45.50,45.50,45.50,-,1.35,46.00,1,47.00,1,
8080,泰霖,"11,111",11,"304,863",27.40,27.50,27.35,27.35,+,0.05,27.35,4,27.90,1,
8083,瑞穎,"60,035",62,"9,398,494",156.50,157.50,155.00,157.50,+,1.0,156.50,1,158.00,2,
8084,巨虹,"489,782",89,"22,233,141",45.35,46.55,44.10,46.00,+,1.0,45.85,4,46.10,1,
8085,福華,"98,466",107,"1,116,682",11.35,11.45,11.30,11.30,-,0.0,11.30,6,11.45,6,
8086,宏捷科,"1,571,589","1,434","201,562,488",131.00,131.50,126.50,127.00,-,5.0,126.50,76,127.00,1,
8087,麗升能源,"18,210",25,"527,799",29.00,29.15,28.75,29.15,-,0.3,29.10,1,29.15,1,
8088,品安,"756,355",731,"38,105,348",50.90,50.90,49.90,50.30,-,1.6,50.30,1,50.40,4,
8089,康全電訊,"139,791",130,"2,735,326",19.60,20.05,19.20,19.30,-,0.3,19.30,1,19.40,1,
8091,翔名,"1,923,540","2,147","541,524,275",278.00,294.00,268.00,288.00,+,4.5,288.00,7,288.50,19,
8092,建暐,"67,119",65,"922,927",13.65,13.95,13.50,13.95,+,0.25,13.95,2,14.00,13,
8093,保銳,"20,771",30,"409,276",20.00,20.00,19.15,19.50,-,0.8,19.50,2,20.00,2,
8096,擎亞,"2,035,425","1,493","292,529,411",140.00,150.00,140.00,142.00,-,4.0,141.50,46,142.00,21,
8097,常珵,"8,100",29,"445,901",55.80,56.00,54.40,54.40,-,1.1,54.30,1,54.50,5,
8099,大世科,"190,899",97,"11,115,647",58.00,59.30,57.50,58.30,-,0.3,57.80,1,58.30,3,
8102,傑霖科技,"51,233",52,"3,824,475",76.40,76.40,72.70,75.90,+,1.6,75.20,1,75.90,1,
8107,大億金茂,"30,878",35,"376,397",12.20,12.40,12.05,12.05,-,0.1,12.10,1,12.15,4,
8109,博大,"355,057",327,"48,606,332",136.50,139.50,135.00,136.50,-,1.5,136.50,24,137.00,1,
8111,立碁,"923,507",745,"45,289,048",49.10,50.30,47.95,49.50,-,1.0,49.50,15,49.60,2,
8121,越峰,"1,133,673",889,"45,076,360",40.10,40.45,39.20,39.45,-,0.65,39.40,3,39.50,13,
8147,正淩,"163,448",161,"23,175,817",141.50,145.00,139.50,140.50,-,1.0,140.50,2,141.00,1,
8155,博智,"1,220,629","1,245","404,347,080",331.00,345.00,327.00,327.50,-,10.0,327.50,1,328.50,1,
8171,天宇,"105,167",66,"2,149,842",20.50,20.75,20.10,20.50,-,0.0,20.40,7,20.60,9,
8176,智捷,"98,984",133,"997,998",10.10,10.20,10.00,10.20,+,0.1,10.10,6,10.20,8,
8182,加高,"3,957,324","3,456","188,146,180",44.80,48.95,44.80,47.05,+,2.25,47.05,38,47.15,2,
8183,精星,"720,595",532,"23,350,762",33.35,33.35,31.90,32.05,-,1.3,32.05,11,32.10,7,
8227,巨有科技,"455,301",614,"74,457,752",164.50,166.50,160.00,163.00,-,3.0,163.00,11,163.50,1,
8234,新漢,"574,079",543,"38,794,620",68.70,68.70,67.00,67.20,-,1.5,67.20,1,67.40,5,
8240,華宏,"166,584",204,"7,803,129",47.50,47.55,46.30,46.30,-,1.0,46.30,1,46.70,1,
8255,朋程,"798,083","1,195","132,638,710",170.00,170.00,164.00,164.50,-,7.0,164.50,11,165.00,3,
8272,全景軟體,"12,424",36,"822,867",66.70,66.90,65.50,66.90,-,0.6,65.70,3,66.70,1,
8277,商丞,"63,416",51,"540,591",9.20,9.20,8.40,8.41,-,0.12,8.41,10,8.53,6,
8279,生展,"7,297",22,"638,291",87.00,88.20,87.00,88.20,+,0.2,87.70,1,88.20,4,
8284,三竹,"37,253",33,"2,364,484",63.00,64.50,62.40,62.40,-,0.4,62.30,4,62.70,1,
8289,泰藝,"2,276,288","1,915","122,723,309",52.70,55.60,52.10,52.40,-,0.3,52.40,9,52.50,1,
8291,尚茂,"28,476",32,"773,492",26.30,27.35,26.30,27.35,+,2.45,27.35,149,0.00,0,
8299,群聯,"5,632,950","33,662","11,179,592,195",2035.00,2040.00,1960.00,1980.00,-,125.0,1975.00,37,1980.00,37,
8342,益張,"9,219",7,"839,019",91.00,91.30,91.00,91.30,+,0.4,90.00,1,91.40,1,
8349,恒耀,"42,801",45,"1,705,284",39.75,40.00,39.75,39.90,-,0.1,39.90,1,40.00,32,
8349A,恒耀甲特,"2,000",2,"90,300",45.15,45.15,45.15,45.15,+,0.05,45.10,4,45.45,1,
8354,冠好,"67,821",108,"1,121,967",16.70,16.70,16.35,16.35,-,0.35,16.35,12,16.45,1,
8358,金居,"4,525,035","11,438","2,021,738,597",460.00,461.00,438.00,439.00,-,23.5,439.00,22,439.50,3,
8383,千附,"18,383,453","15,070","1,682,668,942",89.80,95.00,85.80,87.10,-,2.7,87.10,34,87.20,14,
8390,金益鼎,"369,176",391,"37,846,484",103.00,104.00,101.50,102.50,+,0.5,102.50,5,103.00,11,
8401,白紗科,"5,070",7,"116,106",22.90,22.95,22.85,22.95,-,0.0,22.90,10,23.00,3,
8403,盛弘,"124,186",147,"2,416,771",19.35,19.55,19.35,19.50,-,0.0,19.45,1,19.50,5,
8409,商之器,"15,942",21,"304,040",19.20,19.25,18.85,19.25,+,0.05,18.85,1,19.25,2,
8410,森田,"27,000",13,"876,000",33.00,33.00,32.30,32.75,+,0.05,32.70,1,32.75,1,
8415,大國鋼,"518,595",423,"18,827,623",36.60,36.60,35.90,36.10,-,0.5,36.05,5,36.10,1,
8416,實威,"24,838",41,"4,189,190",169.50,169.50,168.00,169.00,-,1.0,168.50,3,170.00,5,
8421,旭源,"733,517",534,"12,220,192",17.00,17.30,16.15,16.50,-,0.25,16.20,1,16.50,48,
8423,保綠-KY,"2,707",25,"47,779",17.70,17.70,17.70,17.70,+,0.1,17.60,4,17.70,1,
8424,惠普,"13,459",19,"922,535",68.60,68.70,68.50,68.70,-,0.1,68.60,17,68.80,1,
8426,紅木-KY,"69,051",50,"1,375,172",20.05,20.30,19.35,20.00,+,0.1,20.00,3,20.20,1,
8431,匯鑽科,"189,229",204,"9,019,626",47.50,48.35,46.85,48.05,-,0.05,48.05,1,48.30,11,
8432,東生華,"22,206",23,"1,121,993",50.70,50.70,50.20,50.70,+,0.5,50.50,1,50.80,1,
8433,弘帆,"20,236",25,"1,114,987",55.00,55.50,54.70,55.50,+,0.2,55.40,1,55.50,1,
8435,鉅邁,"21,853",47,"1,159,004",53.20,53.20,52.80,53.10,-,0.0,53.00,2,53.10,1,
8436,大江,"786,727",662,"91,815,715",117.00,117.50,115.50,115.50,-,0.0,115.50,35,116.00,8,
8437,大地-KY,"11,886",39,"119,432",10.25,10.45,9.89,9.99,+,0.04,9.94,1,9.99,1,
8440,綠電,"75,514",81,"1,568,388",20.80,20.95,20.65,20.75,-,0.2,20.70,22,20.75,4,
8444,綠河-KY,"3,000",3,"15,900",5.04,5.75,5.04,5.75,+,0.25,5.13,2,5.79,1,
8446,華研,"25,585",58,"2,234,791",88.30,88.30,87.00,87.00,-,0.1,86.90,1,87.00,1,
8450,霹靂,"18,885",61,"286,247",15.00,15.45,15.00,15.25,+,0.15,15.15,1,15.20,8,
8455,大拓-KY,"10,093",17,"259,411",24.15,27.30,24.15,27.00,+,1.55,25.20,1,26.95,1,
8472,夠麻吉,"50,111",78,"3,991,270",78.80,82.60,78.00,79.00,-,2.5,79.00,1,81.60,1,
8477,創業家,"15,060",12,"237,710",15.70,16.10,15.70,15.80,-,0.3,15.80,4,16.00,6,
8489,三貝德,"229,972",217,"5,502,019",23.05,24.60,23.05,24.15,+,1.1,24.05,1,24.15,2,
8905,裕國,263,194,"7,717",---,---,---, ---,,,29.05,4,29.65,1,
8906,花王,"7,000",5,"188,750",27.00,27.00,26.85,27.00,-,0.0,26.90,1,26.95,1,
8908,欣雄,"27,320",72,"1,074,288",39.25,39.40,39.25,39.40,+,0.35,39.35,1,39.40,9,
8916,光隆,"130,864",134,"5,599,633",42.80,42.95,42.65,42.65,-,0.15,42.65,4,42.75,49,
8917,欣泰,"20,128",32,"1,059,956",52.00,53.00,52.00,53.00,-,0.0,52.40,1,53.00,3,
8921,沈氏,1,1,17,---,---,---, ---,,,17.15,1,17.80,1,
8923,時報,"2,000",2,"37,400",18.75,18.75,18.65,18.65,-,0.1,18.65,1,19.20,1,
8924,大田,"53,780",142,"3,032,605",56.20,56.70,56.00,56.40,-,0.0,56.20,3,56.50,2,
8927,北基,"125,058",114,"2,631,510",21.05,21.15,20.85,21.05,-,0.0,20.95,1,21.05,8,
8928,鉅明,"33,020",31,"765,766",23.15,23.35,23.00,23.25,+,0.1,23.20,6,23.25,1,
8929,富堡,"17,949",57,"255,201",14.15,14.40,14.15,14.40,-,0.0,14.20,2,14.40,2,
8930,青鋼,"101,916",82,"3,227,104",31.95,32.00,31.05,31.85,+,0.05,31.50,1,31.85,16,
8931,大汽電,"65,026",22,"2,756,651",42.50,42.50,42.30,42.35,-,0.0,42.30,1,42.35,1,
8932,智通*,"12,549,221","6,262","1,599,941,588",124.50,130.00,124.50,129.50,+,3.0,129.00,92,129.50,25,
8933,愛地雅,"693,646",228,"3,296,192",4.36,4.81,4.35,4.81,+,0.43,4.81,210,0.00,0,
8935,邦泰,"387,147",375,"7,946,080",20.85,21.00,20.25,20.35,-,0.75,20.35,1,20.50,2,
8936,國統,"1,244,689",922,"68,630,685",55.20,55.60,54.80,54.80,-,0.1,54.80,3,55.10,38,
8937,合騏*,"92,428",78,"2,348,172",24.90,26.40,24.40,25.25,+,0.3,25.20,2,25.25,1,
8938,明安,"120,943",109,"6,678,466",54.80,55.50,54.80,55.20,+,0.5,55.00,5,55.20,1,
8941,關中,"6,007",7,"260,691",42.40,43.60,42.40,43.60,-,0.05,43.30,1,43.65,3,
8942,森鉅,"163,170",119,"6,550,604",40.25,40.35,39.85,39.85,-,0.4,39.85,10,39.90,1,
9949,琉園,"68,221",117,"1,715,526",25.75,25.75,24.95,24.95,-,0.8,24.90,1,24.95,3,
9950,萬國通,"50,634",25,"536,748",10.75,10.75,10.55,10.70,+,0.1,10.55,12,10.70,9,
9951,皇田,"28,758",40,"1,536,171",53.30,53.60,53.30,53.50,+,0.1,53.50,1,53.70,1,
9960,邁達康,"23,395",22,"779,725",33.30,33.60,33.30,33.60,+,0.3,32.65,1,33.10,1,
9962,有益,"19,942",22,"197,085",9.97,9.97,9.69,9.89,+,0.02,9.85,1,9.89,5,
管理股票,,,,,,,,,,,,,,,
代號,名稱,成交股數,成交筆數,成交金額(元),開盤,最高,最低,收盤,,,最後買價,最後買量(千股),最後賣價,最後賣量(千股),
註：ETF證券代號第六碼為K、C者，表示該ETF以外幣交易，其一交易單位(張)應為100受益權或其整倍數，請詳其公開說明書。,,,,,,,,,,,,,,,
